Frame,root_translateX,root_translateY,root_translateZ,root_rotateX,root_rotateY,root_rotateZ,left_hip_pitch_joint_dof,left_hip_roll_joint_dof,left_hip_yaw_joint_dof,left_knee_joint_dof,left_ankle_pitch_joint_dof,left_ankle_roll_joint_dof,right_hip_pitch_joint_dof,right_hip_roll_joint_dof,right_hip_yaw_joint_dof,right_knee_joint_dof,right_ankle_pitch_joint_dof,right_ankle_roll_joint_dof,waist_yaw_joint_dof,waist_roll_joint_dof,waist_pitch_joint_dof,left_shoulder_pitch_joint_dof,left_shoulder_roll_joint_dof,left_shoulder_yaw_joint_dof,left_elbow_joint_dof,left_wrist_roll_joint_dof,left_wrist_pitch_joint_dof,left_wrist_yaw_joint_dof,right_shoulder_pitch_joint_dof,right_shoulder_roll_joint_dof,right_shoulder_yaw_joint_dof,right_elbow_joint_dof,right_wrist_roll_joint_dof,right_wrist_pitch_joint_dof,right_wrist_yaw_joint_dof
0,-2.4331417083740234,0.08282480388879776,78.74195098876953,-0.1507073519664039,-2.6406643155817657,-1.3407008680579737,4.712764,8.317955,16.190086,8.971362,-9.15259,-5.9755464,2.8459606,-6.4934177,-11.075859,10.219693,-8.937096,4.005846,-3.911556,0.03420194,9.968653,1.6013186,20.376608,-32.554535,49.810814,21.254818,-1.9640304,-1.4461064,-1.0505457,-19.164915,35.837936,51.231644,-10.179931,5.400924,-2.3741143
1,-2.4464800357818604,0.08114843815565109,78.75188446044922,-0.14576771115201123,-2.5992847012534765,-1.2898380636428164,4.6173654,8.307013,16.125523,8.99122,-9.113297,-5.943897,2.7923875,-6.511945,-11.14636,10.222672,-8.896762,4.0041723,-3.9302506,0.01629934,9.982051,1.5902383,20.421152,-32.49665,49.74889,21.157135,-1.964434,-1.3686427,-1.0506492,-19.19841,35.84004,51.174255,-10.011269,5.352967,-2.4822407
2,-2.467069149017334,0.07769838720560074,78.76228332519531,-0.1392777120901469,-2.5594862754780534,-1.242524507517453,4.526137,8.294984,16.06431,9.010932,-9.075368,-5.911644,2.7407308,-6.5306587,-11.213143,10.2261505,-8.858858,4.0033364,-3.937743,-0.00058188144,9.980122,1.5470275,20.434547,-32.46212,49.74678,21.051281,-1.9671514,-1.2882133,-1.063297,-19.208948,35.84211,51.161427,-9.85353,5.302883,-2.594264
3,-2.4942522048950195,0.07352211326360703,78.77330780029297,-0.13313159019834556,-2.5162987252714655,-1.1888394523152481,4.4282646,8.28179,15.997385,9.02711,-9.032581,-5.8808713,2.6867645,-6.5495634,-11.287084,10.224748,-8.813763,4.0028157,-3.9518976,-0.016864568,9.977759,1.5020751,20.446514,-32.42054,49.742893,20.958403,-1.9671757,-1.1988363,-1.0770152,-19.218868,35.842445,51.146034,-9.677081,5.251289,-2.7057445
4,-2.5277397632598877,0.06731589138507843,78.78336334228516,-0.12926896401117927,-2.464180990463379,-1.1185081999051696,4.3097806,8.267836,15.914965,9.043494,-8.983065,-5.85332,2.6206841,-6.5697603,-11.379038,10.225193,-8.758428,4.0022364,-4.004097,-0.033341397,9.994835,1.4815167,20.475374,-32.31571,49.687244,20.914494,-1.9658506,-1.0995792,-1.1032286,-19.243267,35.849113,51.098515,-9.453668,5.1952267,-2.8093765
5,-2.5664515495300293,0.0626605898141861,78.7908706665039,-0.13006337629504888,-2.4004081857004897,-1.0318395821576454,4.1699033,8.255648,15.817131,9.054707,-8.925154,-5.829443,2.5427358,-6.5875,-11.491649,10.219207,-8.684121,3.9981918,-4.0409536,-0.043931436,9.993981,1.4134295,20.48935,-32.249794,49.68242,20.898108,-1.9572066,-0.9561493,-1.1150773,-19.254875,35.820805,51.06174,-9.158335,5.124357,-2.9198358
6,-2.6062231063842773,0.06026775389909744,78.79141235351562,-0.1488846858710429,-2.3270594254616235,-0.9294031684157606,3.9601297,8.275227,15.694845,9.175605,-8.920088,-5.809939,2.4605231,-6.5873995,-11.625724,10.1977215,-8.5904,3.9913583,-4.091918,-0.036998533,10.001204,1.3469648,20.5085,-32.161274,49.657673,20.923483,-1.9447347,-0.7931657,-1.1225816,-19.271778,35.77007,51.003242,-8.8218775,5.0449095,-3.0272357
7,-2.65132999420166,0.05997923016548157,78.77670288085938,-0.16029631159092855,-2.231693417756268,-0.8144408005578518,3.5301037,8.336766,15.534834,9.702632,-9.119394,-5.7923107,2.1279192,-6.6469846,-11.743119,10.65787,-8.743132,3.9936166,-4.140092,-0.036228713,9.988333,1.2585363,20.525938,-32.079086,49.64265,20.953672,-1.926673,-0.6265146,-1.1268524,-19.287397,35.706398,50.940052,-8.477037,4.9691963,-3.123687
8,-2.6991355419158936,0.0579802542924881,78.76087188720703,-0.18070664689559449,-2.135018474093292,-0.6820669056768726,3.0512838,8.413293,15.351998,10.308734,-9.348367,-5.7781944,1.802555,-6.6986756,-11.87444,11.099423,-8.888432,4.006752,-4.190356,-0.025471825,9.972828,1.1393133,20.534575,-32.010918,49.646313,20.960382,-1.9001974,-0.4732178,-1.1419257,-19.294645,35.646904,50.889626,-8.159805,4.9108043,-3.2017813
9,-2.7573835849761963,0.05379417538642883,78.74444580078125,-0.2056621387741988,-2.0375547648132244,-0.5316637559275866,2.5250652,8.499935,15.147758,10.994609,-9.61008,-5.7719893,1.4747527,-6.7491174,-12.0164995,11.545837,-9.042012,4.0401917,-4.242732,-0.011639953,9.984827,1.0034536,20.55177,-31.906141,49.622215,20.991753,-1.8641323,-0.35647523,-1.1575336,-19.30876,35.551563,50.80647,-7.902283,4.8741245,-3.234287
10,-2.819761037826538,0.05520355701446533,78.72718048095703,-0.2351174921428628,-1.939006392306835,-0.36501486808132194,1.9630159,8.593242,14.924976,11.734571,-9.894079,-5.772122,1.1476356,-6.797496,-12.170458,11.988635,-9.19816,4.088069,-4.2974377,0.0064043743,9.994409,0.84578556,20.566994,-31.812206,49.607212,21.01801,-1.8145555,-0.24767964,-1.1779336,-19.319914,35.46158,50.72719,-7.650945,4.8538346,-3.2474234
11,-2.890906810760498,0.0527668334543705,78.70787048339844,-0.2760352582162,-1.8374569755415173,-0.18367941465462423,1.3419116,8.704898,14.677195,12.570013,-10.212612,-5.769368,0.80167365,-6.8409123,-12.337066,12.462811,-9.366375,4.1341753,-4.3591123,0.03741066,10.008293,0.6674996,20.578602,-31.721327,49.594776,21.010523,-1.7680757,-0.1465489,-1.2101914,-19.327442,35.37411,50.65065,-7.4249315,4.842597,-3.2552443
12,-2.9698843955993652,0.05334209278225899,78.68412017822266,-0.33599280438105933,-1.732547344476783,0.01103348758377416,0.6451835,8.845423,14.398122,13.530021,-10.573465,-5.7546577,0.42787984,-6.8740563,-12.518361,12.983972,-9.548126,4.1621304,-4.43057,0.08800907,10.056135,0.47832,20.606287,-31.596521,49.544476,20.956738,-1.7467532,-0.06519228,-1.2542694,-19.346828,35.25142,50.546688,-7.2655606,4.8303704,-3.259312
13,-3.0553359985351562,0.05943189561367035,78.6543960571289,-0.4164772544526238,-1.615123491803437,0.22015608432924444,-0.14616914,9.0174465,14.081413,14.631256,-10.983506,-5.7163982,0.015231858,-6.8958764,-12.716265,13.55437,-9.738711,4.1650887,-4.520168,0.16219129,10.101906,0.27904367,20.635948,-31.47947,49.48314,20.790804,-1.7470137,0.018074112,-1.3180236,-19.368456,35.145245,50.44777,-7.1492014,4.8232665,-3.274782
14,-3.1453325748443604,0.06325674802064896,78.61913299560547,-0.5131338930828725,-1.4888191257683896,0.4436626324982074,-1.0171542,9.213023,13.730814,15.851565,-11.435106,-5.662097,-0.42827106,-6.9096637,-12.928951,14.166628,-9.939219,4.152457,-4.6233854,0.25536838,10.146516,0.056494392,20.656424,-31.367092,49.430733,20.546747,-1.7621416,0.09987637,-1.405085,-19.383799,35.047855,50.36563,-7.0724716,4.822605,-3.2939527
15,-3.244474172592163,0.06633031368255615,78.57102966308594,-0.6251642036382417,-1.369961140834671,0.6785538812332629,-1.9340776,9.425543,13.355117,17.160456,-11.913936,-5.6112413,-0.8905464,-6.91891,-13.151869,14.833001,-10.165412,4.1325874,-4.73435,0.3624732,10.242191,-0.15637925,20.720335,-31.217596,49.304043,20.29919,-1.7955282,0.15126248,-1.4830456,-19.435478,34.92275,50.214146,-7.0335803,4.8196197,-3.3089092
16,-3.3583037853240967,0.0733436718583107,78.50991821289062,-0.7519359723712351,-1.2742021224387061,0.921865742375975,-2.8621988,9.649163,12.964248,18.524185,-12.404884,-5.5838656,-1.3599085,-6.9263687,-13.380436,15.565517,-10.432556,4.1137023,-4.8408275,0.48751667,10.353255,-0.43572325,20.747185,-31.095076,49.2552,20.08577,-1.8406531,0.18996303,-1.59346,-19.457283,34.817764,50.111816,-6.985252,4.804482,-3.3526456
17,-3.4811291694641113,0.08201523125171661,78.43534851074219,-0.9036328584464324,-1.1997533525036408,1.1802605759832512,-3.8245373,9.894733,12.546962,19.98092,-12.912904,-5.5999646,-1.8350824,-6.92105,-13.623193,16.36047,-10.742553,4.0916085,-4.946595,0.63744783,10.5266,-0.72274184,20.80408,-30.93442,49.153084,19.935106,-1.912574,0.17600995,-1.6899496,-19.506954,34.67701,49.942944,-6.932788,4.7688694,-3.3906896
18,-3.608973979949951,0.09149369597434998,78.3488998413086,-1.0770198777249707,-1.139247387235133,1.4529955763292848,-4.826822,10.158756,12.102477,21.526047,-13.442893,-5.643913,-2.3209743,-6.905344,-13.8787565,17.210896,-11.088528,4.0632157,-5.054042,0.8094261,10.739515,-1.0213355,20.885513,-30.767893,49.01679,19.798195,-2.004826,0.12797706,-1.775773,-19.582859,34.528797,49.72508,-6.870759,4.720896,-3.432168
19,-3.7440426349639893,0.10259737074375153,78.2501449584961,-1.253209991812359,-1.1014577882097614,1.726150201750216,-5.8258,10.420182,11.653836,23.102049,-13.98708,-5.6854734,-2.8232524,-6.9032,-14.129223,18.1442,-11.476738,4.0399494,-5.159228,0.98280036,10.989622,-1.3601556,20.970133,-30.613928,48.902287,19.685928,-2.0977974,0.07474697,-1.8791677,-19.662977,34.388992,49.503326,-6.8400373,4.6741247,-3.5058088
20,-3.8815934658050537,0.11989312618970871,78.14256286621094,-1.4140993448244499,-1.0948250812738367,1.9863718555396785,-6.7729635,10.6572485,11.225498,24.64129,-14.536561,-5.693467,-3.343179,-6.936153,-14.357216,19.178389,-11.910566,4.0329595,-5.2584677,1.1351613,11.28226,-1.7441114,21.066639,-30.491018,48.822163,19.600313,-2.171147,0.041797627,-2.0117292,-19.750261,34.276333,49.286655,-6.872516,4.6431737,-3.6384487
21,-4.0273356437683105,0.13988755643367767,78.0213851928711,-1.5662007966373128,-1.127344880945214,2.2373575861681947,-7.659775,10.874804,10.814667,26.141577,-15.089634,-5.6573997,-3.8677053,-6.9962034,-14.570529,20.307602,-12.3894615,4.0481935,-5.3536196,1.2716504,11.625602,-2.165203,21.181126,-30.40575,48.74252,19.582283,-2.2027566,0.023198312,-2.1746328,-19.846783,34.21093,49.079987,-7.005663,4.630613,-3.8575885
22,-4.18294095993042,0.15895210206508636,77.8897933959961,-1.717383224297203,-1.1920504442710012,2.4843165890615024,-8.509059,11.08033,10.412242,27.630486,-15.648622,-5.597911,-4.400942,-7.0745063,-14.7747345,21.526691,-12.911956,4.078355,-5.4471993,1.4000529,12.0157995,-2.616728,21.31549,-30.345951,48.657753,19.617155,-2.20909,0.008013289,-2.361761,-19.953485,34.17857,48.8741,-7.212138,4.6297565,-4.1413736
23,-4.3413472175598145,0.1800205111503601,77.75052642822266,-1.8510370070623732,-1.27571152605294,2.715693116194152,-9.315278,11.256617,10.034961,29.078077,-16.207981,-5.5312686,-4.9635,-7.1884217,-14.949395,22.838663,-13.475247,4.115435,-5.535052,1.5038853,12.440167,-3.1082244,21.47132,-30.30636,48.623863,19.619349,-2.2278137,0.014308082,-2.5680358,-20.06889,34.14426,48.64938,-7.4281673,4.641767,-4.442791
24,-4.506841659545898,0.19803199172019958,77.59347534179688,-1.9493995690593908,-1.3650596627319584,2.9197196831111696,-10.081097,11.389635,9.6979265,30.471333,-16.765982,-5.4714494,-5.5748115,-7.3551707,-15.073921,24.24489,-14.075096,4.1523633,-5.6114707,1.5656914,12.885255,-3.6511102,21.649988,-30.284142,48.69962,19.50231,-2.296628,0.06061538,-2.789349,-20.19077,34.071022,48.389427,-7.591353,4.666561,-4.714968
25,-4.669495105743408,0.2207232415676117,77.42381286621094,-2.000268439003252,-1.4662601065622256,3.0895305334176757,-10.79047,11.468534,9.409956,31.796602,-17.323994,-5.412251,-6.246843,-7.588431,-15.134139,25.78044,-14.721702,4.1937895,-5.669532,1.5741452,13.355104,-4.2437587,21.853344,-30.299318,48.900284,19.241867,-2.4635735,0.19919586,-3.026586,-20.318676,33.967075,48.10456,-7.702738,4.689131,-4.9794846
26,-4.842368125915527,0.24475674331188202,77.23558807373047,-2.0147075750635746,-1.5834236834136992,3.2326371043692674,-11.450151,11.505265,9.16204,33.07049,-17.884172,-5.348008,-6.9610543,-7.872111,-15.143861,27.420168,-15.408651,4.243553,-5.7121906,1.5396516,13.853647,-4.8818054,22.081709,-30.35074,49.193798,18.883202,-2.6969252,0.40315562,-3.2812357,-20.45295,33.844368,47.799362,-7.790801,4.7141666,-5.2497144
27,-5.019329071044922,0.27198904752731323,77.0311508178711,-2.0093894531795526,-1.7003116882680427,3.358834617288757,-12.090754,11.520004,8.944214,34.312874,-18.446398,-5.292198,-7.700449,-8.180998,-15.122791,29.093824,-16.110819,4.2940183,-5.747556,1.4779787,14.368144,-5.571804,22.332949,-30.400091,49.566166,18.447685,-2.9139912,0.5723264,-3.549818,-20.590864,33.67307,47.446686,-7.8312564,4.7699823,-5.4672256
28,-5.195616245269775,0.30539360642433167,76.80974578857422,-2.0008287267870952,-1.80076067387069,3.477820033050906,-12.74409,11.532744,8.745868,35.54582,-19.011784,-5.258468,-8.444215,-8.490297,-15.09157,30.722866,-16.80248,4.337184,-5.7840276,1.404178,14.884962,-6.3225126,22.603996,-30.409794,50.00638,17.955372,-3.0304673,0.60834473,-3.8308637,-20.729038,33.423607,47.023228,-7.800296,4.8848023,-5.573771
29,-5.3752217292785645,0.33633744716644287,76.57784271240234,-1.9764994691296636,-1.893307573918517,3.592713995420246,-13.395559,11.527705,8.571956,36.762325,-19.591831,-5.2529325,-9.193557,-8.81943,-15.044356,32.32957,-17.50026,4.370285,-5.8158965,1.3037652,15.411947,-7.1506476,22.88994,-30.36715,50.55185,17.323658,-3.0259526,0.47258615,-4.116306,-20.865963,33.068825,46.526382,-7.652507,5.089604,-5.517215
30,-5.560032844543457,0.36687955260276794,76.33653259277344,-1.9323786756150205,-1.9822640820922404,3.6980490350735793,-14.036729,11.502841,8.4259405,37.95768,-20.183914,-5.266119,-9.955057,-9.170591,-14.973682,33.936607,-18.207731,4.399851,-5.8398733,1.1750762,15.951211,-8.050657,23.189491,-30.294407,51.200813,16.572754,-2.9414828,0.22402996,-4.4091625,-21.002125,32.62982,45.97074,-7.4153695,5.362015,-5.3418903
31,-5.746225357055664,0.39819395542144775,76.09172821044922,-1.8985833524843365,-2.0455038008621846,3.7910666103544495,-14.708294,11.4976,8.294424,39.155567,-20.76688,-5.2895494,-10.722226,-9.496686,-14.898469,35.478504,-18.884418,4.4298267,-5.8703322,1.051681,16.480923,-8.998005,23.508074,-30.206411,51.883392,15.873275,-2.7850704,-0.08847039,-4.726739,-21.13721,32.1519,45.36025,-7.171951,5.6494813,-5.134251
32,-5.935778617858887,0.43288707733154297,75.84532165527344,-1.9054020542674572,-2.0603609376895005,3.8690232636667043,-15.448364,11.550015,8.163997,40.37393,-21.316723,-5.316124,-11.488783,-9.7528515,-14.837967,36.88917,-19.48965,4.462374,-5.9238334,0.9648861,16.979544,-9.961562,23.856066,-30.114555,52.521896,15.39662,-2.567294,-0.41804552,-5.089555,-21.270971,31.682674,44.701687,-7.0053616,5.8981686,-4.9799094
33,-6.119264125823975,0.4675496816635132,75.60623168945312,-1.9634662386304444,-2.00777188309432,3.9453137736310167,-16.29605,11.669615,8.018592,41.637177,-21.828722,-5.3485756,-12.261733,-9.933541,-14.812149,38.152374,-20.023249,4.497919,-6.011455,0.9210277,17.432547,-10.945997,24.242277,-30.028658,53.11652,15.242114,-2.2199864,-0.8069181,-5.501779,-21.401627,31.229036,44.00929,-6.91542,6.1104903,-4.879666
34,-6.312102794647217,0.5003242492675781,75.3725357055664,-2.0558689452724974,-1.904000200857472,4.016522479104662,-17.219954,11.834799,7.868666,42.926113,-22.313805,-5.391618,-13.044501,-10.064556,-14.806125,39.308563,-20.50611,4.5336204,-6.1247635,0.9001238,17.855906,-11.954206,24.669714,-29.937523,53.68801,15.300717,-1.7632511,-1.2639719,-5.9546657,-21.528725,30.768934,43.277336,-6.865423,6.3088784,-4.795181
35,-6.501624584197998,0.5318629741668701,75.14534759521484,-2.1712210809066192,-1.7800962974105403,4.054605857383503,-18.153173,12.037509,7.739666,44.19339,-22.770765,-5.4409666,-13.824864,-10.148282,-14.786833,40.3771,-20.928865,4.5661306,-6.2525096,0.89490837,18.27477,-12.950061,25.139856,-29.81821,54.186794,15.432544,-1.3412231,-1.6935923,-6.4464674,-21.65359,30.307228,42.47699,-6.881546,6.4689164,-4.751874
36,-6.694911956787109,0.5715522170066833,74.92681121826172,-2.298953020894078,-1.6671622962820243,4.031667627724059,-19.03011,12.271608,7.6568995,45.39441,-23.199741,-5.4905457,-14.593145,-10.18589,-14.721396,41.38054,-21.283852,4.5927396,-6.3853564,0.8986199,18.713116,-13.898222,25.654385,-29.6475,54.566135,15.494073,-1.0962851,-1.9983952,-6.9798155,-21.77904,29.852549,41.58193,-6.989244,6.5665298,-4.775063
37,-6.898132801055908,0.6149752736091614,74.71519470214844,-2.452483941421925,-1.5743430416531434,3.9600135427256586,-19.85317,12.549611,7.5990305,46.54069,-23.598824,-5.5465045,-15.335599,-10.167861,-14.626667,42.323624,-21.569384,4.6076765,-6.5372415,0.9240052,19.180534,-14.800971,26.220066,-29.444391,54.871468,15.465393,-1.1188585,-2.1546624,-7.559147,-21.905378,29.408352,40.614117,-7.1793995,6.5753307,-4.88851
38,-7.102636337280273,0.6694852709770203,74.51058959960938,-2.6323441156860783,-1.4849198980470255,3.8479664132583804,-20.650465,12.871368,7.560293,47.648006,-23.968264,-5.609017,-16.06167,-10.097449,-14.513009,43.195747,-21.789534,4.613857,-6.709735,0.96835524,19.663464,-15.669607,26.839645,-29.212843,55.102673,15.414688,-1.3153961,-2.2151492,-8.183237,-22.032206,28.971718,39.576645,-7.443017,6.5157714,-5.0725403
39,-7.305826187133789,0.7341339588165283,74.31510162353516,-2.808303922441177,-1.391626873428947,3.661431054995225,-21.393581,13.214427,7.5908012,48.67539,-24.310118,-5.660942,-16.792814,-9.9914875,-14.337335,43.990036,-21.942207,4.6222906,-6.8753567,1.0036964,20.148912,-16.485428,27.506155,-28.9079,55.152355,15.328803,-1.5511574,-2.1957362,-8.847709,-22.16287,28.545984,38.41562,-7.805519,6.434154,-5.287321
40,-7.515687465667725,0.8159700036048889,74.12938690185547,-2.9505173654329546,-1.287331099478033,3.36651532285212,-22.05339,13.557533,7.741214,49.581696,-24.626005,-5.6840787,-17.549465,-9.865799,-14.057014,44.698807,-22.025171,4.6444926,-7.008042,1.0052049,20.622791,-17.233385,28.208448,-28.484673,54.920662,15.193833,-1.6917268,-2.11129,-9.545648,-22.302967,28.136463,37.072968,-8.290504,6.377339,-5.492821
41,-7.725729942321777,0.9196767807006836,73.96083068847656,-3.049206394853561,-1.188829398809869,2.956641470760618,-22.605375,13.895404,8.024164,50.366978,-24.926348,-5.6788864,-18.326994,-9.732356,-13.655985,45.346916,-22.055834,4.676394,-7.102936,0.96522605,21.09585,-17.91556,28.942587,-27.934319,54.402756,15.007593,-1.6913947,-1.9426769,-10.25885,-22.45385,27.715315,35.52503,-8.93293,6.35555,-5.662629
42,-7.939365386962891,1.039596676826477,73.81613159179688,-3.1215238804020964,-1.0939039819356964,2.449331277071218,-23.069414,14.242387,8.41341,51.050232,-25.206808,-5.65143,-19.11603,-9.577367,-13.159212,45.928932,-22.028881,4.714494,-7.1728654,0.9015529,21.56707,-18.544313,29.709269,-27.281937,53.656147,14.777091,-1.6256502,-1.688721,-10.992899,-22.616682,27.291578,33.802,-9.709171,6.346284,-5.8224134
43,-8.15830135345459,1.1769620180130005,73.69244384765625,-3.1790139021920067,-0.966743089381487,1.8465455554994734,-23.485107,14.607882,8.900258,51.62273,-25.449127,-5.5915184,-19.928589,-9.37763,-12.585413,46.389885,-21.907902,4.772304,-7.2194667,0.8294104,22.00419,-19.116722,30.501785,-26.527704,52.675495,14.505043,-1.5415353,-1.3904967,-11.77501,-22.798664,26.92801,31.92348,-10.553744,6.347534,-6.0093107
44,-8.385605812072754,1.335955262184143,73.59520721435547,-3.2340629265080345,-0.7717561233054613,1.1502493494941592,-23.891207,15.001675,9.475647,52.074764,-25.634373,-5.4891844,-20.775383,-9.111109,-11.953226,46.673286,-21.65592,4.8644457,-7.247445,0.76596874,22.375227,-19.630419,31.310572,-25.671494,51.4588,14.192723,-1.4861076,-1.08856,-12.631359,-23.010258,26.691446,29.905487,-11.39959,6.3584013,-6.260658
45,-8.607037544250488,1.5145069360733032,73.5348129272461,-3.2900246062614618,-0.4818803885193715,0.35304837469576195,-24.31376,15.428731,10.143466,52.40286,-25.762344,-5.333357,-21.695206,-8.778085,-11.250208,46.788048,-21.264458,4.9438996,-7.2549334,0.71878386,22.648623,-20.07983,32.134205,-24.707924,49.98884,13.8121,-1.488302,-0.77208006,-13.55309,-23.260473,26.6045,27.704844,-12.267453,6.3799753,-6.623136
46,-8.818658828735352,1.7099037170410156,73.50743865966797,-3.343701738621717,-0.12225202143746429,-0.5434251361570812,-24.723927,15.884488,10.9076805,52.614086,-25.843216,-5.1312766,-22.66477,-8.389727,-10.47135,46.75343,-20.751856,5.0223265,-7.242367,0.6835604,22.84796,-20.461826,32.9738,-23.633366,48.273006,13.373666,-1.5179366,-0.4261956,-14.520563,-23.55063,26.634352,25.312696,-13.176475,6.416814,-7.062622
47,-9.02875804901123,1.9258668422698975,73.50997924804688,-3.3985537011905085,0.2634159161119976,-1.523647785972897,-25.078386,16.362,11.758186,52.712883,-25.872242,-4.9027753,-23.603617,-7.9447203,-9.643787,46.53105,-20.125847,5.202369,-7.215614,0.6597455,23.02353,-20.78366,33.819317,-22.452164,46.35077,12.935995,-1.5326185,-0.08414627,-15.542033,-23.876211,26.761993,22.795305,-14.059555,6.4702773,-7.4959545
48,-9.250317573547363,2.163429021835327,73.54197692871094,-3.455930527826542,0.6314735915279528,-2.572303859326768,-25.333279,16.85402,12.686688,52.702637,-25.84455,-4.667013,-24.432362,-7.4437833,-8.790976,46.084602,-19.399399,5.585657,-7.1800575,0.6463562,23.22305,-21.060213,34.65111,-21.16955,44.272182,12.559932,-1.489094,0.22305626,-16.631247,-24.228554,26.969452,20.227438,-14.850493,6.5381923,-7.8414555
49,-9.465373992919922,2.4218928813934326,73.60449981689453,-3.523189836244231,0.9740190854579845,-3.693880295550744,-25.472727,17.365906,13.698503,52.575066,-25.754482,-4.4292235,-25.15004,-6.8752217,-7.8859286,45.423153,-18.578758,6.057165,-7.1364264,0.6566143,23.452179,-21.303375,35.44861,-19.783272,42.036602,12.238096,-1.3617167,0.5016671,-17.79327,-24.60244,27.264536,17.585485,-15.5360365,6.63633,-8.093165
50,-9.674468040466309,2.6921393871307373,73.6956787109375,-3.5979489333107475,1.312194720484048,-4.893640083084476,-25.517742,17.89524,14.799994,52.332874,-25.607786,-4.1802216,-25.785458,-6.2544303,-6.9180427,44.55772,-17.664227,6.6084433,-7.077817,0.6922393,23.680357,-21.526148,36.204674,-18.303307,39.65317,11.948042,-1.1772003,0.76931685,-19.01858,-24.99531,27.654526,14.849765,-16.149035,6.757335,-8.290866
51,-9.870930671691895,2.9839212894439697,73.81465911865234,-3.6653120589702155,1.6456236501064911,-6.156650028889257,-25.480186,18.42045,15.983212,51.995052,-25.413895,-3.9174476,-26.302813,-5.6226573,-5.9290223,43.446873,-16.668896,7.499386,-6.99656,0.73280454,23.901726,-21.755898,36.922085,-16.759693,37.189545,11.724126,-0.9700977,1.0120628,-20.298498,-25.400257,28.117653,12.09901,-16.69712,6.8638725,-8.422752
52,-10.068437576293945,3.2876298427581787,73.95115661621094,-3.708842333310024,1.9740215808421968,-7.4675382534645,-25.372654,18.91947,17.2398,51.581383,-25.182825,-3.6379793,-26.6653,-5.0178266,-4.954778,42.04458,-15.616629,8.989292,-6.8841157,0.7541929,24.111837,-22.01467,37.60935,-15.181061,34.704002,11.602547,-0.7747763,1.214563,-21.627886,-25.8083,28.631025,9.417228,-17.18939,6.91798,-8.477657
53,-10.266061782836914,3.604783773422241,74.10913848876953,-3.725285946187983,2.296334984628579,-8.835998182078706,-25.176353,19.384737,18.58635,51.070168,-24.90687,-3.3327343,-26.827827,-4.404796,-3.9190881,40.235462,-14.488511,11.322596,-6.7350197,0.74763983,24.314507,-22.28782,38.26429,-13.538912,32.15338,11.675395,-0.5736767,1.3482864,-23.01303,-26.211344,29.19697,6.808754,-17.63316,6.9102793,-8.433424
54,-10.44807243347168,3.934720516204834,74.2802963256836,-3.716748548263316,2.6108087752466846,-10.26286700289763,-24.884302,19.814243,20.027569,50.457256,-24.584444,-3.006009,-26.804314,-3.7992694,-2.8084047,38.058067,-13.328648,14.29113,-6.5568876,0.71998745,24.511002,-22.575262,38.885574,-11.832132,29.525604,11.897956,-0.3562934,1.4303055,-24.45673,-26.604418,29.830166,4.24141,-18.024492,6.8581324,-8.306163
55,-10.638298988342285,4.228259086608887,74.46456909179688,-4.045537985779402,2.9356227103782233,-11.856336676814703,-24.72597,20.732155,21.312376,50.051086,-24.320368,-2.8023925,-26.506903,-2.7009292,-2.1759117,35.283463,-11.976618,15.000033,-6.167719,1.0333881,24.627596,-23.181387,39.366737,-10.35752,27.202158,12.130381,-0.16803284,1.5527344,-25.991947,-26.868084,30.491203,1.9340247,-18.392004,6.757088,-8.132018
56,-10.829607963562012,4.510134696960449,74.65576934814453,-4.421940082791172,3.248430356595345,-13.474526694195893,-24.578253,21.722134,22.57619,49.698616,-24.061798,-2.6377416,-26.086664,-1.656484,-1.8263346,32.374454,-10.644306,15.000033,-5.8520947,1.3697326,24.849472,-23.451218,40.032486,-8.61077,24.544308,12.128573,-0.055552825,1.6631367,-27.552952,-27.264704,31.265053,-0.51570857,-18.616585,6.62783,-7.9806094
57,-11.022926330566406,4.783701419830322,74.844970703125,-4.724767672239164,3.5488549057712557,-15.085551296561636,-24.371681,22.619593,23.90449,49.30686,-23.777931,-2.4748688,-25.513926,-0.71789896,-1.4987336,29.184778,-9.277652,15.000033,-5.4900274,1.6375803,25.036188,-23.91014,40.713413,-7.0660477,22.070677,11.838667,-0.03797316,1.8434746,-29.124575,-27.625036,32.053234,-2.8701155,-18.764915,6.4533362,-7.837377
58,-11.202520370483398,5.04088830947876,75.02545166015625,-4.953520094019054,3.830485003121358,-16.696629739473522,-24.08765,23.423637,25.30728,48.86803,-23.46667,-2.3087363,-24.748087,0.12831213,-1.1617658,25.658308,-7.864125,15.000033,-5.1035514,1.8308424,25.212334,-24.466738,41.417686,-5.6244016,19.670582,11.369901,-0.09034373,2.0583625,-30.725002,-27.949207,32.8783,-5.148627,-18.83893,6.2350445,-7.6844816
59,-11.373713493347168,5.30101203918457,75.1902847290039,-5.063279819201959,4.094324595624967,-18.27751734755653,-23.73006,24.059082,26.79214,48.38129,-23.128593,-2.1243553,-24.039091,0.58427215,-1.1277194,22.484842,-6.626593,15.000033,-4.7156854,1.9095342,25.392426,-25.10837,42.155266,-4.266321,17.36106,10.810764,-0.18982866,2.3083112,-32.355423,-28.237307,33.712162,-7.3404226,-18.845066,5.97987,-7.529302
60,-11.547566413879395,5.5965657234191895,75.3546142578125,-5.069929561515607,4.364000056384834,-19.831990590710422,-23.348528,24.53348,28.342358,47.86707,-22.767996,-1.9189112,-23.70603,0.44800004,-1.8119684,20.405285,-5.7473283,15.000033,-4.3109465,1.8988736,25.573233,-25.835041,42.930904,-2.986557,15.167061,10.248101,-0.31272885,2.598269,-33.996662,-28.490246,34.510223,-9.449254,-18.801157,5.69331,-7.3777533
61,-11.72705364227295,5.9301605224609375,75.51791381835938,-5.004958541359262,4.668115874855932,-21.406290095166334,-22.947418,24.877686,30.006382,47.28484,-22.407837,-1.6775047,-23.921745,-0.4055484,-3.6318204,19.744156,-5.3323364,15.000033,-3.8573875,1.8452541,25.736446,-26.648035,43.754604,-1.7847267,13.091488,9.634679,-0.4812425,2.9522316,-35.662586,-28.711512,35.274338,-11.48239,-18.716682,5.3574004,-7.226249
62,-11.910308837890625,6.286299228668213,75.68046569824219,-4.895125784229649,4.987696863854879,-22.986781208915176,-22.52119,25.119223,31.738737,46.645344,-22.043308,-1.4172004,-24.493526,-1.8034097,-6.3247805,20.181238,-5.3584914,15.000033,-3.3714845,1.7675912,25.900135,-27.522057,44.62913,-0.6516196,11.097052,8.945772,-0.70132005,3.3574533,-37.353218,-28.9029,36.021328,-13.4500265,-18.580051,4.9744473,-7.074006
63,-12.085078239440918,6.645351409912109,75.83609771728516,-4.764388699622315,5.280342545167917,-24.4936354423154,-22.11824,25.285683,33.375946,46.04758,-21.634348,-1.1832036,-25.206135,-3.4962096,-9.296066,21.479843,-5.7913365,15.000033,-2.9067998,1.668755,26.10557,-28.443817,45.541412,0.420836,9.176302,8.302902,-0.9228094,3.7679949,-39.048767,-29.06674,36.73132,-15.341159,-18.366842,4.5831876,-6.928089
64,-12.261536598205566,6.987212657928467,75.985595703125,-4.627008571736043,5.521229923372401,-25.869342677384097,-21.801931,25.416855,34.779003,45.599766,-21.141247,-1.0150384,-25.887632,-5.217724,-11.955879,23.312181,-6.4537063,15.000033,-2.4891906,1.5472865,26.375353,-29.419481,46.46897,1.4271535,7.332762,7.830335,-1.0927998,4.141119,-40.70771,-29.203682,37.378094,-17.155813,-18.07441,4.222757,-6.795331
65,-12.445048332214355,7.316403865814209,76.12398529052734,-4.447654252484402,5.693306028506392,-27.110007613168154,-21.523613,25.480484,36.001934,45.27669,-20.563477,-0.89034706,-26.520102,-7.0863204,-14.354747,25.697859,-7.360923,15.000033,-2.1146524,1.3752081,26.727766,-30.51068,47.40137,2.3559198,5.5920515,7.587112,-1.1662425,4.4558563,-42.347874,-29.317688,37.96003,-18.887257,-17.67602,3.902036,-6.6662483
66,-12.630240440368652,7.645075798034668,76.2552719116211,-4.183728900099853,5.788394461866774,-28.210292225984627,-21.235205,25.409513,37.090282,45.016563,-19.915438,-0.78658664,-27.087004,-9.291922,-16.676895,28.70072,-8.610625,15.000033,-1.7964805,1.126396,27.168245,-31.707914,48.34074,3.1994624,3.9493244,7.5055876,-1.1795815,4.7385015,-43.989273,-29.413654,38.484535,-20.53021,-17.177002,3.601958,-6.5376554
67,-12.818540573120117,7.9601593017578125,76.375732421875,-3.859563512335986,5.833994572928121,-29.1574509894285,-21.04389,25.246584,37.917072,44.890728,-19.176662,-0.73934096,-27.548136,-11.569235,-18.560183,32.00029,-9.965011,15.000033,-1.5472108,0.8188326,27.661266,-32.93731,49.282654,3.9498723,2.3873475,7.51582,-1.2011317,5.0197415,-45.603733,-29.494087,38.943375,-22.071226,-16.62511,3.3191648,-6.424869
68,-13.03421688079834,8.234138488769531,76.48676300048828,-3.6745621693446426,5.93267787357204,-30.07559865797421,-21.202393,25.341375,38.336365,45.12366,-18.361498,-0.8255058,-27.965347,-13.282608,-19.812185,35.091778,-11.002086,13.979956,-1.2412603,0.6257277,28.10502,-34.185577,50.213524,4.5702395,0.9221024,7.551479,-1.2998927,5.330005,-47.099133,-29.546745,39.32993,-23.53341,-16.138659,3.0511336,-6.348802
69,-13.284972190856934,8.473357200622559,76.5809326171875,-3.647199940184977,6.124794786665813,-30.99601691557624,-21.788647,25.765244,38.36434,45.806965,-17.410599,-1.0752895,-28.531261,-14.318097,-20.283915,38.09078,-11.5788965,11.870642,-0.8639168,0.55348116,28.448051,-35.43194,51.129417,5.081448,-0.46025196,7.6105814,-1.4868629,5.675711,-48.57075,-29.580439,39.640614,-24.839695,-15.632376,2.7920532,-6.3098803
70,-13.543693542480469,8.689767837524414,76.66060638427734,-3.5719181716160264,6.331406261536109,-31.78988549953724,-22.595638,26.1526,38.09331,46.7109,-16.311571,-1.4061908,-29.239597,-15.172534,-20.017239,41.32428,-11.926399,9.953969,-0.5469319,0.40315476,28.80025,-36.9197,52.006886,5.390321,-1.593659,7.787115,-1.7287216,6.0382886,-49.999813,-29.588268,39.885056,-26.052216,-15.128052,2.5456936,-6.3038125
71,-13.806984901428223,8.884584426879883,76.71430969238281,-3.4751426898475004,6.550355132484775,-32.46900778706479,-23.590872,26.464647,37.462498,47.702972,-15.169296,-1.7743386,-29.955887,-15.832727,-19.28383,44.54101,-12.111676,8.413218,-0.25316516,0.2415828,29.115913,-38.364998,52.85587,5.5796347,-2.6676354,7.9799128,-2.0222437,6.432192,-51.360203,-29.578112,40.05864,-27.139473,-14.659415,2.3157709,-6.3088756
72,-14.070226669311523,9.058443069458008,76.73918151855469,-3.386758279419859,6.781410217846509,-33.04691374285637,-24.744017,26.659435,36.41391,48.647057,-14.088065,-2.1506462,-30.546919,-16.297739,-18.347128,47.528076,-12.239332,7.436198,0.00067434565,0.09687425,29.391724,-39.74685,53.677032,5.6603374,-3.6418698,8.170518,-2.3697453,6.8574967,-52.640045,-29.55394,40.18143,-28.132303,-14.263058,2.1078603,-6.314393
73,-14.336931228637695,9.218070030212402,76.7353515625,-3.327321646174591,7.028468316729361,-33.51427681302812,-26.095076,26.752495,34.922886,49.588398,-13.052346,-2.5195527,-31.014027,-16.446222,-17.111845,50.25379,-12.31254,7.257458,0.1830558,-0.03559875,29.635735,-41.167538,54.44807,5.578137,-4.4487348,8.444743,-2.7866902,7.3464932,-53.847466,-29.514893,40.25554,-29.055128,-13.949195,1.9296982,-6.3207273
74,-14.600234985351562,9.354927062988281,76.70127868652344,-3.2860254249124874,7.305573851708326,-33.873285333644475,-27.660507,26.733513,33.022305,50.56541,-12.017923,-2.9299676,-31.43927,-16.266006,-15.51495,52.867214,-12.297151,7.758875,0.3243296,-0.14473972,29.793802,-42.550682,55.17099,5.3569183,-5.152956,8.756837,-3.2671196,7.890481,-54.960426,-29.463907,40.276165,-29.866032,-13.70027,1.7745559,-6.33293
75,-14.865009307861328,9.482487678527832,76.63243103027344,-3.241346566312538,7.630166192363806,-34.153195124782066,-29.367113,26.518547,30.750366,51.43738,-11.0515,-3.4503965,-31.809149,-15.958398,-13.853271,55.4284,-12.262364,8.57882,0.4356629,-0.25294912,29.793802,-43.96084,55.82875,4.929128,-5.6129513,9.060643,-3.7826948,8.430982,-55.951042,-29.391829,40.262,-30.56097,-13.478777,1.6246089,-6.3557086
76,-15.123997688293457,9.603975296020508,76.5251235961914,-3.167989743012903,7.954368576061436,-34.37744375864224,-31.055048,26.030313,28.153048,52.074738,-10.236568,-4.1433167,-32.045322,-15.75543,-12.40506,57.98598,-12.261318,9.336135,0.540984,-0.36895114,29.793802,-45.405075,56.435017,4.396127,-5.853095,9.273192,-4.2985163,8.893614,-56.920307,-29.313057,40.20133,-31.14543,-13.278704,1.4741524,-6.3742046
77,-15.382795333862305,9.719111442565918,76.38104248046875,-3.06481064181278,8.28822945031872,-34.539880362150164,-32.736298,25.217886,25.118475,52.464123,-9.561869,-5.0232825,-32.150936,-15.697323,-11.2041235,60.550014,-12.311261,9.99718,0.62068146,-0.50521207,29.793802,-46.85733,56.99407,3.7791524,-5.878007,9.395232,-4.8823085,9.31492,-57.869568,-29.238188,40.093708,-31.639835,-13.097214,1.3149178,-6.393746
78,-15.644513130187988,9.818846702575684,76.20138549804688,-2.941227635747376,8.629399401964863,-34.63090983138068,-34.390053,24.108826,21.702583,52.683582,-9.024862,-6.0601945,-32.135628,-15.674592,-10.113473,63.099007,-12.391644,10.741743,0.6727114,-0.65009046,29.793802,-48.298164,57.509464,3.087971,-5.729244,9.447408,-5.5261965,9.708671,-58.791355,-29.174461,39.938923,-32.045094,-12.947213,1.1562872,-6.414724
79,-15.895674705505371,9.914713859558105,75.98270416259766,-2.788521261986404,8.95995921606427,-34.67184455001567,-35.873,22.779604,18.201597,52.74586,-8.71895,-7.2216587,-31.995228,-15.716624,-9.139494,65.616615,-12.463787,11.486515,0.7082246,-0.80651075,29.793802,-49.748478,57.976963,2.3273685,-5.3780756,9.418244,-6.0909514,9.967586,-59.685223,-29.126585,39.749016,-32.368137,-12.79768,1.0098033,-6.434078
80,-16.14202117919922,10.00770378112793,75.72224426269531,-2.599105201393739,9.260580811721866,-34.684265263076625,-37.07617,21.336712,14.893017,52.66306,-8.726711,-8.46339,-31.72477,-15.854022,-8.286849,68.08263,-12.483407,12.145353,0.7484074,-0.9665441,29.793802,-51.207447,58.396496,1.514766,-4.8134203,9.27541,-6.437505,9.982904,-60.5509,-29.099182,39.53835,-32.60512,-12.62456,0.88740975,-6.447446
81,-16.38967514038086,10.098970413208008,75.42203521728516,-2.363935939295647,9.52436628942809,-34.654028798563736,-37.99243,19.706572,11.606891,52.374184,-9.06694,-9.836616,-31.301533,-16.186184,-7.6274586,70.525604,-12.449327,12.66625,0.7785642,-1.1374447,29.793802,-52.67538,58.7631,0.6415789,-3.9701416,8.895564,-6.552627,9.711508,-61.38247,-29.094173,39.298492,-32.75687,-12.429114,0.79582804,-6.431908
82,-16.63262176513672,10.188499450683594,75.07938385009766,-2.0921169125956824,9.759844812287811,-34.57832918102206,-38.651672,17.922363,8.288895,51.91149,-9.716489,-11.30431,-30.732073,-16.675768,-7.129826,72.938194,-12.372936,13.094221,0.7983422,-1.3153348,29.793802,-54.146004,59.07287,-0.2944002,-2.8764985,8.333408,-6.499302,9.214568,-62.181416,-29.114117,39.0271,-32.823704,-12.221096,0.7275391,-6.3970942
83,-16.869340896606445,10.264500617980957,74.69429779052734,-1.8049560765038728,9.973302519493195,-34.49396449764657,-39.075703,16.261646,5.3535147,51.395554,-10.659893,-12.693715,-30.057158,-17.143337,-6.6504726,75.24743,-12.229818,13.489661,0.84706736,-1.4751873,29.793802,-55.60245,59.332157,-1.2565777,-1.669819,7.8219175,-6.2539845,8.541313,-62.95402,-29.163536,38.745476,-32.81665,-11.989838,0.6733835,-6.3891487
84,-17.098392486572266,10.324824333190918,74.27474975585938,-1.5236792891985624,10.174383150753387,-34.43652002988984,-39.341896,14.984205,3.1924908,50.93255,-11.853638,-13.850137,-29.3213,-17.399864,-6.051513,77.38461,-11.999378,13.924603,0.9545809,-1.5976285,29.793802,-57.020428,59.550415,-2.1980622,-0.4886402,7.602533,-5.7988987,7.739864,-63.71038,-29.246586,38.478806,-32.74838,-11.72098,0.62342256,-6.455241
85,-17.333242416381836,10.375654220581055,73.82027435302734,-1.2567220782225943,10.344053084641775,-34.415348473221826,-39.350727,14.19231,2.0147634,50.31517,-13.441471,-14.792285,-28.499481,-17.406898,-5.306296,79.39267,-11.642654,14.423274,1.1274616,-1.6748677,29.793802,-58.404644,59.71852,-3.1075711,0.7480856,7.6131306,-4.967922,6.636102,-64.41865,-29.359795,38.234562,-32.63472,-11.407703,0.5841608,-6.6170335
86,-17.566499710083008,10.425531387329102,73.33544158935547,-0.9026120415056997,10.498227414462821,-34.36780499976757,-39.1507,13.6291,1.6992561,49.484093,-15.318285,-15.000033,-27.607504,-17.349665,-4.4328175,81.31676,-11.19701,14.998508,1.3062966,-1.7917067,29.793802,-59.748135,59.837154,-3.984042,2.0648274,7.787789,-3.8309102,5.262272,-65.103935,-29.504688,38.00191,-32.4603,-11.054053,0.5577543,-6.845298
87,-17.813196182250977,10.457505226135254,72.82926177978516,-0.5623041510376984,10.678892333414677,-34.33532505563186,-39.119793,13.272184,1.7145793,48.920086,-17.152712,-15.000033,-26.680046,-17.243093,-3.7290406,83.02951,-10.72373,15.000033,1.5281472,-1.8702786,29.793802,-61.014153,59.936497,-4.8124285,3.2391522,8.340789,-2.7341654,3.9691951,-65.81599,-29.688725,37.780384,-32.214027,-10.6831875,0.52630055,-7.116931
88,-18.092233657836914,10.488845825195312,72.31612396240234,-0.3148385155870654,10.924968800107163,-34.345611277746364,-39.620686,13.099397,1.6445227,49.13023,-18.639063,-15.000033,-25.778112,-16.882164,-3.0826466,84.41241,-10.286815,15.000033,1.8236117,-1.839112,29.793802,-62.15758,60.07081,-5.572963,4.0424266,9.441724,-2.0261002,3.10649,-66.59953,-29.923594,37.56777,-31.89525,-10.314256,0.47220942,-7.4094434
89,-18.372983932495117,10.501214027404785,71.77274322509766,-0.14325637950341583,11.262227636965413,-34.392107281887256,-40.85091,13.12659,1.4989316,50.417786,-19.636496,-15.000033,-24.964287,-16.209785,-2.4240122,85.55206,-9.792799,15.000033,2.1823258,-1.7222315,29.793802,-63.168358,60.294456,-6.272787,4.402657,11.60927,-1.7739924,2.8112245,-67.48917,-30.215376,37.381233,-31.503334,-9.92335,0.38019776,-7.772088
90,-18.681241989135742,10.509183883666992,71.21700286865234,-0.031480679224698216,11.661255248555463,-34.46708405748919,-42.58346,13.366978,1.4284966,52.458862,-20.331453,-15.000033,-24.192533,-15.272833,-1.7491423,86.47868,-9.247619,15.000033,2.5824554,-1.5501592,29.793802,-64.05604,60.6187,-6.913596,4.4361305,14.561275,-1.7888408,2.8905144,-68.43483,-30.559542,37.2146,-31.071503,-9.502895,0.26017034,-8.202859
91,-19.035362243652344,10.533892631530762,70.65744018554688,0.11697146763868523,12.068636261032182,-34.520668335006846,-44.45766,13.610802,1.3957297,54.716755,-20.858788,-15.000033,-23.373295,-14.291711,-1.0800434,87.04623,-8.903172,15.000033,2.9706917,-1.4177502,29.793802,-64.80256,61.026623,-7.47795,4.198574,17.243515,-2.026038,3.209449,-69.34096,-30.949284,37.037605,-30.635698,-9.10515,0.13372563,-8.603683
92,-19.38361167907715,10.55184268951416,70.07278442382812,0.40501390450215197,12.435563029648637,-34.50063737864449,-46.123184,13.655581,1.403329,56.67826,-21.365057,-15.000033,-22.425724,-13.49712,-0.41993028,87.11043,-9.006862,15.000033,3.2966452,-1.4214709,29.793802,-65.38779,61.4783,-7.9432063,3.743395,18.621206,-2.4619858,3.620692,-70.0995,-31.374083,36.821198,-30.231241,-8.799227,0.025071433,-8.878397
93,-19.714380264282227,10.56367301940918,69.47349548339844,0.8938641201551386,12.749123895709324,-34.33349068864347,-47.51933,13.400252,1.4779718,58.23086,-21.845783,-15.000033,-21.326302,-12.88101,0.29567617,86.53971,-9.457052,15.000033,3.5151892,-1.5907202,29.793802,-65.836716,61.959007,-8.297714,2.9474595,18.377268,-3.1285396,4.0831885,-70.7287,-31.835964,36.534195,-29.842041,-8.644002,-0.025184318,-8.93244
94,-20.027109146118164,10.574934959411621,68.87329864501953,1.5279613316519776,13.03443943263004,-34.0666825506722,-48.821968,12.975692,1.6424865,59.648857,-22.241076,-15.000033,-20.127169,-12.367931,1.072871,85.45275,-10.173677,15.000033,3.6728082,-1.8700688,29.793802,-66.1519,62.476673,-8.555458,1.8272138,17.088522,-4.0402207,4.653937,-71.27296,-32.340908,36.207058,-29.444244,-8.596261,-0.03834072,-8.839657
95,-20.321611404418945,10.582366943359375,68.28005981445312,2.234319660853097,13.303866655755792,-33.82986807133139,-50.036972,12.5357485,1.9085386,61.003464,-22.615301,-15.000033,-18.871908,-12.07938,1.8154014,84.07614,-11.431605,15.000033,3.8382967,-2.2389367,29.793802,-66.26445,63.00239,-8.714586,0.6572608,15.1048155,-5.1720176,5.318543,-71.687584,-32.8798,35.898235,-29.058199,-8.54691,-0.08346521,-8.754391
96,-20.593584060668945,10.573163032531738,67.67687225341797,2.933476162067899,13.570185238979464,-33.75136571749855,-51.172115,12.232273,2.2654905,62.36851,-23.03343,-15.000033,-17.608551,-12.114222,2.4142377,82.62807,-13.507944,15.000033,4.091877,-2.655716,29.793802,-66.11359,63.488354,-8.773545,-0.2835846,12.770189,-6.4950557,6.0713906,-71.9338,-33.432133,35.66894,-28.679174,-8.398802,-0.22868091,-8.828015
97,-20.8516845703125,10.556204795837402,67.07591247558594,3.626774861561672,13.802450076315502,-33.86164902311624,-52.19402,12.084397,2.7093432,63.777912,-23.51954,-15.000033,-16.201117,-12.552661,2.7857833,80.953606,-16.803804,15.000033,4.4664893,-3.1160257,29.793802,-65.66592,63.895752,-8.742444,-0.9411395,9.551153,-8.298779,7.001109,-72.02043,-33.983723,35.544914,-28.266748,-8.088505,-0.5463775,-9.138827
98,-21.0963077545166,10.527456283569336,66.47804260253906,4.320271390626386,14.006662253855579,-34.101582391269304,-53.11549,12.045806,3.2080653,65.19865,-24.043104,-15.000033,-14.685632,-13.277145,2.9589515,78.97708,-21.047375,15.000033,4.923057,-3.5999446,29.793802,-64.96697,64.22124,-8.618663,-1.432086,5.4921527,-10.552111,7.985072,-72.00044,-34.53783,35.497314,-27.792149,-7.668671,-0.98322266,-9.584001
99,-21.313234329223633,10.48572826385498,65.89247131347656,4.944588819289678,14.256624435719568,-34.4608693152559,-54.01361,12.159575,3.706951,66.594864,-24.582489,-15.000033,-13.368976,-14.091819,3.0081477,77.03996,-25.511019,15.000033,5.4479756,-4.0486445,29.793802,-64.08388,64.45975,-8.388735,-1.7393746,1.8071868,-12.682051,8.815698,-71.86278,-35.083874,35.501587,-27.279736,-7.2592664,-1.4192011,-10.051327
100,-21.510719299316406,10.440293312072754,65.32536315917969,5.453308822700851,14.618010410573987,-34.92463885332222,-54.9547,12.4455,4.17819,67.92565,-25.114182,-15.000033,-12.542905,-14.853142,3.0340009,75.50754,-29.498528,15.000033,6.0089936,-4.4242477,29.793802,-63.06204,64.613686,-8.014341,-1.8498563,-0.29186538,-14.06235,9.4338455,-71.641785,-35.61889,35.524765,-26.733576,-6.9268007,-1.7313001,-10.422478
101,-21.684309005737305,10.402857780456543,64.78782653808594,5.8347903208348395,15.144240805255796,-35.53276561058862,-56.00019,12.94344,4.6446886,69.20314,-25.64273,-15.000033,-12.378113,-15.582736,3.09981,74.52798,-33.004982,15.000033,6.6457787,-4.7228603,29.793802,-61.902,64.676216,-7.4052444,-1.7907598,-0.1350352,-14.427128,9.958669,-71.402695,-36.15035,35.578316,-26.11187,-6.6850286,-1.9255338,-10.721931
102,-21.838674545288086,10.377911567687988,64.30125427246094,6.110488099468731,15.787530768641853,-36.279560524399216,-57.09999,13.624912,5.1078835,70.44198,-26.178432,-15.000033,-12.683657,-16.341318,3.1389208,73.89281,-36.362392,15.000033,7.356027,-4.9648666,29.793802,-60.53786,64.63829,-6.5665503,-1.5902797,1.4997274,-14.099546,10.442459,-71.119446,-36.67984,35.67401,-25.422045,-6.4912386,-2.0532799,-10.995546
103,-21.966711044311523,10.344727516174316,63.85916519165039,6.305620944621069,16.45937370679618,-37.07687704165122,-58.147167,14.388896,5.5328436,71.59428,-26.699453,-15.000033,-13.199145,-17.092968,3.0745673,73.44556,-39.407303,15.000033,8.047582,-5.1709666,29.793802,-58.954002,64.503784,-5.640263,-1.222653,3.6485686,-13.340223,10.779491,-70.670494,-37.1895,35.773327,-24.743124,-6.3410134,-2.0578792,-11.159622
104,-22.072586059570312,10.29062271118164,63.454925537109375,6.451741074508619,17.070464071466514,-37.83428211114699,-59.034763,15.132449,5.890699,72.610855,-27.181953,-15.000033,-13.657209,-17.80341,2.833201,73.03159,-41.965298,15.000033,8.629236,-5.367049,29.793802,-57.194958,64.28887,-4.8245544,-0.6253652,5.3635616,-12.431737,10.894883,-69.928986,-37.649162,35.827568,-24.152325,-6.2322273,-1.8825872,-11.126884
105,-22.149423599243164,10.206835746765137,63.108489990234375,6.56395868061162,17.60983764004867,-38.5466392802017,-59.748013,15.8429575,6.192453,73.48243,-27.616411,-15.000033,-13.995509,-18.532164,2.3129473,72.58247,-44.01785,15.000033,9.10597,-5.5645494,29.793802,-55.313652,64.01508,-4.208706,0.2898766,6.6571627,-11.307858,10.762164,-68.880806,-38.035046,35.804314,-23.622551,-6.1371512,-1.4068098,-10.738749
106,-22.19814682006836,10.092103958129883,62.82052230834961,6.632562139956916,18.11730728613254,-39.25397676400997,-60.33856,16.561012,6.4575863,74.23275,-28.013088,-15.000033,-14.334198,-19.289865,1.583327,72.19276,-45.65823,15.000033,9.511393,-5.76921,29.793802,-53.3605,63.692085,-3.7618954,1.5121217,7.947858,-9.876549,10.415235,-67.58768,-38.33893,35.724724,-23.119364,-6.0773053,-0.6965097,-10.08116
107,-22.236295700073242,9.948101997375488,62.58501434326172,6.616244264869314,18.582488441723658,-39.94424721482386,-60.818657,17.290602,6.6338205,74.87046,-28.381414,-15.000033,-14.681355,-19.914818,0.8259726,71.946655,-46.868603,14.974079,9.811928,-5.9534087,29.793802,-51.38563,63.32551,-3.4991317,2.9700112,8.911653,-8.387894,9.927168,-66.05524,-38.557007,35.631794,-22.69387,-6.120618,0.024032155,-9.430806
108,-22.244823455810547,9.774347305297852,62.41603088378906,6.506450756419906,18.992323027444474,-40.59735684450756,-61.18257,18.014755,6.699653,75.38946,-28.727436,-15.000033,-15.059002,-20.234207,0.24999806,71.93764,-47.64155,14.630426,9.970057,-6.1231465,29.793802,-49.456093,62.91623,-3.4543607,4.60617,9.22776,-7.080734,9.395389,-64.27889,-38.688545,35.56667,-22.398952,-6.3227215,0.52915025,-9.064173
109,-22.231508255004883,9.568424224853516,62.301177978515625,6.310889334072407,19.326114347834782,-41.219897621281845,-61.394886,18.728163,6.6671166,75.77756,-29.054605,-15.000033,-15.480833,-20.260818,-0.051964268,72.21628,-47.957615,14.105173,9.986714,-6.2909894,29.793802,-47.571198,62.47155,-3.6684113,6.5334644,8.4724,-5.948304,8.822644,-62.211697,-38.719852,35.555313,-22.227057,-6.7558618,0.7708835,-9.132407
110,-22.191343307495117,9.344035148620605,62.24302673339844,6.049497662096136,19.59167873019197,-41.815540667482864,-61.462402,19.429094,6.560786,76.037224,-29.355352,-15.000033,-15.937995,-20.091244,-0.18612656,72.73318,-47.839256,13.416432,9.874506,-6.463929,29.793802,-45.72289,62.00293,-4.12967,8.760354,6.9377356,-4.8643627,8.20443,-59.89053,-38.643806,35.592827,-22.138973,-7.368597,0.8686873,-9.46058
111,-22.131166458129883,9.094650268554688,62.23774719238281,5.7683261751079,19.81635442224927,-42.34933823229576,-61.418648,20.075644,6.4202995,76.1681,-29.627344,-15.000033,-16.4263,-19.817976,-0.23946999,73.44177,-47.3507,12.598701,9.613022,-6.661447,29.793802,-43.953896,61.515453,-4.7901464,11.064638,5.359875,-3.8964303,7.6125836,-57.411705,-38.478615,35.662125,-22.158253,-8.024727,0.84643924,-9.841106
112,-22.050111770629883,8.8147554397583,62.28164291381836,5.5114486756954975,20.030543985513376,-42.78597720176378,-61.29934,20.625751,6.282873,76.17174,-29.867233,-15.000033,-16.943838,-19.529224,-0.3018683,74.293,-46.54549,11.692736,9.188282,-6.903222,29.793802,-42.29801,61.003628,-5.5970206,13.213131,4.474661,-3.1325278,7.0892954,-54.85032,-38.2602,35.735367,-22.33172,-8.583293,0.7214388,-10.069374
113,-21.944467544555664,8.496037483215332,62.36798095703125,5.282332394006888,20.239532271719934,-43.10810582184405,-61.092926,21.063791,6.1548114,76.01598,-30.06292,-15.000033,-17.477386,-19.196665,-0.35384178,75.273,-45.4025,10.664414,8.589929,-7.1989856,29.793802,-40.71401,60.469498,-6.565489,15.253623,4.605103,-2.5979393,6.610728,-52.14273,-38.015896,35.78876,-22.77877,-9.115807,0.4699346,-10.072372
114,-21.81020736694336,8.146377563476562,62.482566833496094,5.061808685332974,20.4307895212934,-43.33670758433296,-60.788845,21.41173,6.0188117,75.712776,-30.219921,-15.000033,-18.041441,-18.80765,-0.37577623,76.411285,-43.89604,9.506755,7.8442855,-7.5362563,29.793802,-39.20061,59.91538,-7.71927,17.265152,5.3123703,-2.2586112,6.1463966,-49.23882,-37.754566,35.83915,-23.48578,-9.651085,0.088965096,-9.973583
115,-21.647476196289062,7.776498794555664,62.6260871887207,4.8590847925868195,20.60891716641075,-43.4928484794315,-60.419285,21.685833,5.8793654,75.319534,-30.35662,-15.000033,-18.671253,-18.468805,-0.46055925,77.716644,-42.073563,8.31046,6.998602,-7.8920536,29.793802,-37.83093,59.32649,-9.007561,19.044193,6.180333,-2.1207442,5.7192435,-46.233204,-37.487118,35.915165,-24.29296,-9.982641,-0.37583748,-9.859618
116,-21.46908950805664,7.392682075500488,62.783958435058594,4.682626666945254,20.77852778236249,-43.597696163978505,-60.02062,21.903254,5.7386446,74.90067,-30.489494,-15.000033,-19.402386,-18.286165,-0.6936733,79.19946,-39.976444,7.1621847,6.0928774,-8.23833,29.793802,-36.648426,58.673786,-10.351163,20.374598,6.798618,-2.183993,5.353923,-43.208866,-37.225636,36.04151,-25.04733,-9.913738,-0.87619346,-9.814582
117,-21.275089263916016,6.988801002502441,62.94541931152344,4.55935943918162,20.94508350993966,-43.60488562713412,-59.598526,22.011211,5.5887094,74.43713,-30.604965,-15.000033,-20.253355,-18.292168,-1.1054568,80.908905,-37.52939,6.0299253,5.0967484,-8.576908,29.793802,-35.59978,57.93771,-11.746232,21.22509,7.096881,-2.5530713,5.067033,-40.140495,-36.9877,36.23595,-25.779879,-9.242743,-1.4322947,-9.855196
118,-21.06285285949707,6.571228981018066,63.11650085449219,4.475594648909488,21.106969815864318,-43.51915808246374,-59.136124,22.0207,5.430561,73.905495,-30.695906,-15.000033,-21.206156,-18.443756,-1.6574439,82.81846,-34.717632,4.895226,4.0140996,-8.902468,29.793802,-34.669247,57.110645,-13.222199,21.697453,7.2859364,-3.191459,4.845315,-37.021145,-36.7786,36.48544,-26.526648,-8.099442,-2.060557,-9.932579
119,-20.819610595703125,6.138397216796875,63.289154052734375,4.379220184021581,21.254817802630953,-43.438584444158096,-58.63053,22.040014,5.2770267,73.36496,-30.802233,-15.000033,-22.228275,-18.720798,-2.3164825,84.81219,-31.686035,3.8582516,2.917625,-9.183468,29.793802,-33.92734,56.1771,-14.721309,21.77498,7.3811727,-3.8834174,4.666487,-33.84451,-36.590218,36.759823,-27.23208,-6.8633227,-2.703495,-10.031232
120,-20.56961441040039,5.704951763153076,63.46158981323242,4.218331127786165,21.37859090755413,-43.46155390975462,-58.079494,22.179432,5.1442165,72.873024,-30.957558,-15.000033,-23.289608,-19.09541,-3.0372572,86.78763,-28.578852,3.0119262,1.8744444,-9.385096,29.793802,-33.410652,55.121468,-16.157793,21.418905,7.3938994,-4.4138775,4.506747,-30.703388,-36.406536,37.04134,-27.751934,-5.8748884,-3.302664,-10.142644
121,-20.29779052734375,5.2689032554626465,63.63295364379883,3.973688522264455,21.47228449585392,-43.59488019399644,-57.489166,22.457092,5.0159397,72.44085,-31.169529,-15.000033,-24.384499,-19.506937,-3.7855527,88.74661,-25.333902,2.3991823,0.8712397,-9.491701,29.793802,-33.0397,53.913086,-17.463314,20.528488,7.2775455,-4.7239704,4.3698664,-27.600063,-36.217625,37.359047,-28.083261,-5.1201925,-3.8550332,-10.287365
122,-20.019515991210938,4.835053443908691,63.79692077636719,3.6735621862011256,21.53907037495355,-43.79233392550662,-56.855938,22.817934,4.8901505,72.038376,-31.422571,-15.000033,-25.524538,-19.965511,-4.5725803,90.730675,-21.895233,1.9821229,-0.12567283,-9.515114,29.793802,-32.77627,52.546318,-18.661564,19.142975,7.0492373,-4.9288397,4.268037,-24.532522,-36.025143,37.718456,-28.237984,-4.448866,-4.3867908,-10.463315
123,-19.735065460205078,4.387325763702393,63.948734283447266,3.3426484620247123,21.583996900184918,-44.07069234398106,-56.16899,23.261549,4.8074384,71.66538,-31.707542,-15.000033,-26.706047,-20.554377,-5.415744,92.70586,-18.435953,1.7057344,-1.1094257,-9.49632,29.793802,-32.76245,51.037518,-19.796278,17.489204,6.83458,-5.0749383,4.185073,-21.535353,-35.82533,38.057117,-28.166986,-4.017722,-4.8810806,-10.638576
124,-19.443754196166992,3.9357080459594727,64.08496856689453,3.009544985786745,21.609189548338293,-44.443422361996475,-55.415848,23.778725,4.806378,71.32621,-32.02484,-15.000033,-27.919426,-21.377085,-6.3323164,94.65173,-15.138318,1.4898612,-2.063379,-9.475135,29.793802,-33.109196,49.42363,-20.903486,15.753496,6.7405043,-5.2089605,4.1043735,-18.61889,-35.612362,38.2936,-27.830015,-3.991146,-5.319294,-10.780989
125,-19.137372970581055,3.4733505249023438,64.20629119873047,2.678676120786919,21.60277983955532,-44.92785878841209,-54.56917,24.380493,4.911551,71.02765,-32.384212,-15.000033,-29.110945,-22.645557,-7.4580913,96.5857,-11.806456,1.4061029,-2.9872034,-9.4840975,29.793802,-33.789154,47.702457,-21.93241,13.868466,6.7658734,-5.3339505,4.0051622,-15.753153,-35.3707,38.398857,-27.225826,-4.54952,-5.680333,-10.85798
126,-18.839187622070312,3.0084869861602783,64.31486511230469,2.3501059408127043,21.55810265873779,-45.50098194047109,-53.62783,25.047832,5.108167,70.76455,-32.78463,-15.000033,-30.274303,-24.26623,-8.713791,98.53182,-8.433552,1.4318826,-3.8993037,-9.512275,29.793802,-34.704746,45.86528,-22.836823,11.734406,6.870272,-5.427687,3.9049535,-12.930691,-35.096344,38.39545,-26.37285,-5.563622,-5.9771,-10.897252
127,-18.53105354309082,2.5411455631256104,64.41267395019531,2.039705990650437,21.494761426578254,-46.12929510274997,-52.606354,25.739985,5.3888373,70.50296,-33.20315,-15.000033,-31.48916,-25.882837,-9.805843,100.44718,-5.4789443,1.3572886,-4.817991,-9.547459,29.793802,-36.03659,43.959095,-23.726446,9.635245,7.032036,-5.500293,3.8310752,-10.220095,-34.806053,38.288895,-25.27924,-6.7160344,-6.2426844,-10.960343
128,-18.221830368041992,2.0562098026275635,64.5003662109375,1.743959917845474,21.44410347457838,-46.795055925329926,-51.538303,26.439224,5.734469,70.21021,-33.616707,-15.000033,-32.87817,-27.108025,-10.451295,102.266754,-3.391535,1.011616,-5.7224073,-9.573088,29.793802,-37.76011,42.034763,-24.622095,7.672114,7.298897,-5.556727,3.8188329,-7.641563,-34.524784,38.04819,-23.996204,-7.6860185,-6.5121465,-11.107856
129,-17.922182083129883,1.5527392625808716,64.5807113647461,1.4359861171382822,21.42728219285845,-47.516953034963024,-50.465836,27.176477,6.1243343,69.9056,-34.02345,-15.000033,-34.535755,-27.808208,-10.546739,104.00995,-2.3872516,0.14320663,-6.609848,-9.580796,29.793802,-39.896915,40.10675,-25.512236,5.7579117,7.744512,-5.578936,3.8742435,-5.1742067,-34.25506,37.635017,-22.461445,-8.369896,-6.8051095,-11.405539
130,-17.622791290283203,1.0452404022216797,64.65774536132812,1.1105022532367128,21.433838523067497,-48.31067534147687,-49.373383,27.967218,6.5704427,69.59891,-34.431873,-15.000033,-36.412624,-28.163042,-10.29025,105.69048,-2.176288,-1.0839108,-7.4768085,-9.576448,29.793802,-42.375454,38.16739,-26.332253,3.803745,8.328055,-5.5671096,3.9821866,-2.7820241,-33.9927,37.05073,-20.723438,-8.94274,-7.0994253,-11.807563
131,-17.31778907775879,0.5085912942886353,64.73234558105469,0.7874929729013652,21.45638098213007,-49.16141940993132,-48.21913,28.78152,7.098304,69.24711,-34.829357,-15.000033,-38.438976,-28.23117,-9.837315,107.2316,-2.4442832,-2.1806211,-8.292104,-9.553181,29.793802,-45.191643,36.26095,-27.10875,2.019121,8.825052,-5.556674,4.133511,-0.46231323,-33.76636,36.323677,-19.014994,-9.501062,-7.368955,-12.211915
132,-17.019315719604492,-0.05002634599804878,64.80711364746094,0.4923596506786467,21.491642438417163,-50.05138126949598,-46.96191,29.57815,7.734646,68.805275,-35.20844,-15.000033,-40.54281,-28.094229,-9.33019,108.55984,-2.8933535,-2.6544242,-9.047404,-9.529801,29.793802,-48.288136,34.44486,-27.848734,0.57419926,9.030726,-5.5821056,4.322647,1.7960632,-33.62368,35.496815,-17.601053,-10.132277,-7.59011,-12.519931
133,-16.729944229125977,-0.6324077248573303,64.8795394897461,0.2341538484114678,21.55763653645502,-50.99051367104349,-45.613194,30.367586,8.507634,68.28099,-35.55917,-15.000033,-42.7767,-27.619745,-8.681636,109.69316,-3.6263945,-2.2473242,-9.757632,-9.533129,29.793802,-51.692142,32.75711,-28.557259,-0.5936195,8.81057,-5.6672106,4.5571003,4.023088,-33.596264,34.516724,-16.545408,-10.993813,-7.714719,-12.741394
134,-16.442909240722656,-1.2451173067092896,64.95113372802734,0.007116457340349452,21.6554514222393,-51.98005713373221,-44.180996,31.137848,9.402049,67.69151,-35.899715,-15.000033,-45.146652,-26.822758,-7.866503,110.66796,-4.7632127,-1.260825,-10.447096,-9.562148,29.793802,-55.35364,31.201572,-29.19964,-1.6236552,8.284138,-5.7902927,4.840634,6.246251,-33.690426,33.38001,-15.780459,-11.97626,-7.770862,-12.921258
135,-16.162500381469727,-1.879046082496643,65.03040313720703,-0.18719699837157078,21.757732260133036,-52.98716257113458,-42.62543,31.8562,10.412993,66.99868,-36.20359,-15.000033,-47.49935,-26.099697,-7.1536045,111.441826,-6.087802,-0.14852323,-11.114483,-9.589759,29.793802,-59.125954,29.791435,-29.750177,-2.453214,7.6079125,-5.920069,5.1583533,8.476421,-33.915554,32.199318,-15.370194,-12.763833,-7.8523545,-13.016621
136,-15.86644172668457,-2.544188976287842,65.11846923828125,-0.3542551938560892,21.839465616266132,-53.98546062288623,-40.91404,32.495476,11.52605,66.16573,-36.445473,-15.000033,-49.719997,-25.816534,-6.768775,111.962494,-7.3388844,0.6677125,-11.759668,-9.590262,29.793802,-62.86875,28.552181,-30.18995,-3.0163777,6.944032,-6.0229654,5.4960585,10.702098,-34.28499,31.098885,-15.360799,-13.04249,-8.053651,-12.985124
137,-15.560690879821777,-3.233584403991699,65.218994140625,-0.4908663825120264,21.87947100599206,-54.97504730869365,-39.033974,33.043,12.732384,65.21849,-36.644417,-15.000033,-51.8163,-26.171728,-6.776159,112.23772,-8.430363,1.0495054,-12.406172,-9.589165,29.793802,-66.66084,27.521189,-30.516901,-3.2781525,6.298703,-6.088067,5.782375,12.884714,-34.826427,30.134161,-15.7852955,-12.522463,-8.440785,-12.738742
138,-15.242605209350586,-3.9534010887145996,65.33361053466797,-0.5980045434215638,21.897989810239892,-55.96933361523401,-37.008736,33.5066,14.036132,64.16362,-36.802074,-15.000033,-53.85193,-26.934092,-7.0321026,112.284134,-9.488726,1.2355745,-13.075805,-9.598613,29.793802,-70.51844,26.721148,-30.75602,-3.3324962,5.5997224,-6.134984,6.0532002,15.0317,-35.550125,29.247692,-16.608467,-11.427464,-8.941015,-12.314788
139,-14.924484252929688,-4.716235160827637,65.45614624023438,-0.6946324429418717,21.931380564717735,-56.9669371953614,-34.85962,33.89034,15.435246,62.935974,-36.875065,-15.000033,-55.803425,-27.804647,-7.4448137,112.04768,-10.556202,1.3910675,-13.740402,-9.558384,29.793802,-74.22135,26.161715,-30.94555,-3.3077493,4.876509,-6.173449,6.4527693,17.210169,-36.427673,28.375946,-17.759972,-10.221738,-9.446986,-11.86339
140,-14.600520133972168,-5.531296253204346,65.59430694580078,-0.7978645725801673,22.01377288999362,-57.966683148610116,-32.60299,34.196964,16.934334,61.46858,-36.816048,-15.000033,-57.64706,-28.49661,-7.9211826,111.47518,-11.677113,1.6740623,-14.373683,-9.413908,29.793802,-77.57859,25.841219,-31.124222,-3.2854738,4.161288,-6.2167034,7.1217318,19.451204,-37.402935,27.46922,-19.128351,-9.380471,-9.866502,-11.546741
141,-14.275935173034668,-6.396129608154297,65.74775695800781,-0.920820637847619,22.1528250597215,-58.96934716945498,-30.255934,34.44659,18.547518,59.78081,-36.663445,-15.000033,-59.384674,-28.99461,-8.481387,110.529755,-12.942387,2.0689683,-14.93731,-9.153629,29.793802,-80.674194,25.781834,-31.363903,-3.217741,3.4197764,-6.284215,8.208275,21.747078,-38.446888,26.545862,-20.693077,-9.009709,-10.215162,-11.447763
142,-13.950462341308594,-7.333288192749023,65.92176055908203,-1.0534620587594035,22.326212458790415,-59.97728071562833,-27.801031,34.613853,20.264185,57.89001,-36.426235,-15.000033,-61.012928,-29.438879,-9.162747,109.24252,-14.304851,2.5121756,-15.486832,-8.828614,29.793802,-83.628044,25.985434,-31.663855,-3.0215619,2.658924,-6.374996,9.603677,23.98765,-39.55449,25.674643,-22.413065,-8.876696,-10.535388,-11.4651
143,-13.605831146240234,-8.318554878234863,66.11394500732422,-1.1807930477041688,22.519545217380372,-60.989894840433394,-25.204895,34.636036,22.047987,55.725388,-36.007072,-15.000033,-62.497997,-29.791702,-9.897507,107.664764,-15.6058445,3.07528,-16.04435,-8.440703,29.793802,-86.236206,26.437061,-31.959532,-2.830075,1.929308,-6.465251,11.052781,26.163082,-40.674034,24.793825,-24.19085,-8.948758,-10.785425,-11.502629
144,-13.255765914916992,-9.357659339904785,66.32498168945312,-1.28736078953229,22.718404239959604,-62.00662422458428,-22.436892,34.442562,23.84866,53.209488,-35.324345,-15.000033,-63.806286,-30.01773,-10.61908,105.851494,-16.688877,3.824437,-16.621128,-7.9930935,29.793802,-88.30276,27.107672,-32.185986,-2.7434793,1.2867384,-6.5200295,12.29748,28.251122,-41.72592,23.846796,-25.910553,-9.200817,-10.923098,-11.460025
145,-12.896750450134277,-10.463465690612793,66.55876922607422,-1.360225822020493,22.931069645929067,-63.02081410225557,-19.430946,33.972286,25.71975,50.161755,-34.410404,-15.000033,-64.953835,-30.082935,-11.290817,103.73631,-17.498821,4.8899403,-17.194315,-7.477536,29.793802,-89.86059,27.985107,-32.384037,-2.6982222,0.708066,-6.571735,13.397195,30.25075,-42.649967,22.798777,-27.527906,-9.807894,-10.917966,-11.281291
146,-12.535972595214844,-11.628766059875488,66.80355834960938,-1.4156805296782402,23.159936549694066,-64.03588745635551,-16.237938,33.250732,27.625341,46.640347,-33.289066,-15.000033,-65.94066,-30.030468,-11.956871,101.31348,-18.13567,6.181578,-17.74531,-6.9027696,29.793802,-91.03045,29.061129,-32.60304,-2.6065474,0.1766283,-6.6198683,14.444881,32.09707,-43.429405,21.728981,-29.023056,-10.742468,-10.803256,-11.017711
147,-12.170761108398438,-12.843905448913574,67.0526123046875,-1.4826091297941,23.38217452164311,-65.06803700367277,-12.9992695,32.36124,29.396166,42.934303,-31.84136,-15.000033,-66.71395,-29.926582,-12.677948,98.72985,-18.670273,7.443321,-18.283524,-6.2947288,29.793802,-91.72898,30.304134,-32.77315,-2.5409608,-0.23724052,-6.566692,15.232979,33.67218,-44.05255,20.758732,-30.31901,-11.679142,-10.629654,-10.731639
148,-11.802462577819824,-14.10409927368164,67.31086730957031,-1.5865200115051814,23.57569792900031,-66.13384717583808,-9.844631,31.408552,30.893982,39.342644,-29.935293,-15.000033,-67.226425,-29.819374,-13.5130205,96.13322,-19.16201,8.441002,-18.806059,-5.6763773,29.793802,-91.88169,31.66578,-32.815376,-2.568971,-0.46144333,-6.310117,15.554329,34.854572,-44.519886,19.996292,-31.34318,-12.284614,-10.442974,-10.484473
149,-11.4271879196167,-15.41304874420166,67.5714111328125,-1.6995496099674323,23.741983073366722,-67.22797771203935,-6.685278,30.277418,32.044575,35.63732,-27.441063,-15.000033,-67.50231,-29.719114,-14.434483,93.50697,-19.616692,9.170939,-19.293348,-5.049958,29.793802,-91.47792,33.11703,-32.656998,-2.6941721,-0.4064478,-5.7425075,15.196586,35.68094,-44.82381,19.401527,-32.13071,-12.431488,-10.220025,-10.230835
150,-11.066704750061035,-16.769685745239258,67.82659912109375,-1.8236994245856566,23.89046473596528,-68.34962917302279,-3.4774222,28.97073,32.923676,31.722569,-24.44245,-15.000033,-67.55359,-29.576544,-15.444498,90.791374,-20.004282,9.742743,-19.72143,-4.388463,29.793802,-90.52977,34.643612,-32.313686,-2.8827868,-0.11283609,-4.9436975,14.3179865,36.195217,-44.969013,18.929142,-32.705513,-12.312097,-9.945325,-9.951546
151,-10.748849868774414,-18.15691566467285,68.07676696777344,-2.0211913665357635,24.011512402169583,-69.51902115422791,-0.43340975,27.80984,33.67548,28.191475,-21.14014,-15.000033,-67.324776,-29.3376,-16.604103,88.06916,-20.319157,10.14625,-20.084696,-3.676738,29.793802,-89.022,36.214134,-31.839481,-3.1247652,0.28564253,-4.0944333,13.267938,36.353024,-44.984074,18.665258,-33.043274,-12.097863,-9.67338,-9.756452
152,-10.485943794250488,-19.582815170288086,68.31668853759766,-2.3430672226692755,24.10016885371293,-70.75605299945444,2.1873288,27.136135,34.46263,25.775253,-17.819191,-15.000033,-66.78117,-28.944288,-17.95497,85.42722,-20.555222,10.375995,-20.38758,-2.9223795,29.752798,-86.94149,37.7867,-31.315077,-3.3742275,0.6480272,-3.371906,12.402182,36.074387,-44.90618,18.74704,-33.077744,-11.947114,-9.456828,-9.768384
153,-10.250587463378906,-21.036474227905273,68.54927062988281,-2.7777084668524146,24.260833881239687,-72.06616973919033,4.2325287,27.037436,35.39754,24.652988,-14.248085,-15.000033,-66.02783,-28.424196,-19.565481,82.850914,-20.698532,10.28828,-20.676996,-2.1324599,29.304993,-83.932014,39.31155,-30.747017,-3.6479812,1.0324519,-2.8121128,11.783752,35.330143,-44.749603,19.364828,-32.62944,-11.838234,-9.311243,-10.055967
154,-10.044052124023438,-22.51170539855957,68.78684997558594,-3.343450841902619,24.351047416052356,-73.44929733361003,5.946844,27.456537,36.355404,24.62319,-10.522177,-15.000033,-64.91433,-27.723864,-21.422926,80.304794,-20.780481,9.959121,-20.852417,-1.2855507,28.986713,-80.49146,40.79692,-30.103033,-3.891097,1.456193,-2.3077679,11.2233715,34.244167,-44.484394,20.174335,-32.023342,-11.717491,-9.215241,-10.589345
155,-9.882399559020996,-24.01175880432129,69.02141571044922,-4.050786428200239,24.294950704743002,-74.91719113178682,7.3596234,28.418447,37.192062,25.77895,-7.276047,-15.000033,-63.432484,-26.706537,-23.330214,77.80789,-20.776527,9.675224,-20.888584,-0.3946506,28.877342,-76.727066,42.235725,-29.364727,-4.0661535,1.8080919,-1.8775284,10.748627,32.86863,-44.110603,21.106894,-31.301502,-11.610596,-9.148084,-11.221085
156,-9.768305778503418,-25.54252815246582,69.23527526855469,-4.898444275323112,24.031825381408144,-76.46112870755513,8.531764,29.858591,37.733738,28.06554,-5.092231,-15.000033,-61.602783,-25.270603,-25.067194,75.37366,-20.645847,9.709141,-20.838896,0.50156486,29.054369,-72.59274,43.579086,-28.459614,-4.2000065,2.1179662,-1.5342236,10.395715,31.142714,-43.655346,22.179924,-30.454668,-11.535466,-9.084489,-11.808759
157,-9.7191801071167,-27.102800369262695,69.42405700683594,-6.03269039783343,23.495166641251103,-78.14443564744404,9.561451,32.037914,38.022636,31.634302,-4.0295467,-15.000033,-59.28252,-23.175348,-26.69489,72.87713,-20.120737,10.42058,-20.628569,1.5047206,29.622116,-68.15537,44.814114,-27.447876,-4.218696,2.2035484,-1.3456057,10.25892,29.106634,-43.12126,23.368567,-29.505527,-11.47734,-9.013856,-12.414565
158,-9.72223949432373,-28.671831130981445,69.57521057128906,-7.388877011533058,22.90659275872349,-79.94151357023054,10.256638,34.72118,37.93018,36.15498,-3.6564207,-15.000033,-56.767567,-20.512608,-28.18711,70.2595,-19.22902,11.53624,-20.388062,2.567383,29.793802,-62.985973,45.85639,-26.472221,-3.9637196,2.1248786,-1.3144145,10.31826,26.718847,-42.477627,25.070333,-28.07315,-11.329531,-8.937469,-13.065501
159,-9.733460426330566,-30.241209030151367,69.68260192871094,-8.692232167458057,22.30793927398828,-81.67117669168942,10.600683,37.16463,37.18095,40.845505,-3.7315474,-14.880234,-54.275208,-17.725187,-29.314713,67.71293,-18.458752,12.397625,-20.177353,3.5452857,29.793802,-57.65411,46.66495,-25.58365,-3.3627462,2.0659704,-1.2862612,10.372673,24.147396,-41.673996,26.959124,-26.459074,-11.142701,-8.877436,-13.648031
160,-9.681304931640625,-31.73912239074707,69.81041717529297,-8.824476753737084,21.981345501928953,-82.83695318668552,10.316636,37.97034,36.647823,44.90404,-4.130417,-10.322394,-52.53765,-16.181326,-29.247452,65.87888,-18.37729,12.488139,-20.254932,3.7955022,29.793802,-52.7398,47.322266,-24.619703,-2.671329,2.202045,-1.0982125,10.209584,21.596231,-40.71005,28.413332,-25.178911,-11.058458,-8.8649645,-14.026309
161,-9.635055541992188,-33.20429611206055,69.88894653320312,-8.573895498989154,21.698463563852286,-83.7748279190971,9.579244,37.788086,34.95195,48.75506,-5.159329,-7.5907865,-50.95428,-15.145116,-28.623787,64.661705,-19.260729,11.077438,-20.421078,3.7824492,29.793802,-47.947926,47.806126,-23.622414,-1.7916255,2.4998605,-0.70034355,9.688426,19.05056,-39.604897,29.661499,-23.974018,-11.020405,-8.8985,-14.059462
162,-9.594122886657715,-34.648929595947266,69.93543243408203,-8.207072079280954,21.384468685853236,-84.62359429088093,8.423511,37.004105,32.358337,52.815815,-6.78256,-6.062599,-49.339752,-14.240847,-27.639494,63.868073,-20.789713,8.629056,-20.55281,3.6743782,29.793802,-43.15898,48.08729,-22.696848,-0.7028342,2.8994966,-0.18281923,8.943103,16.488293,-38.354996,30.807837,-22.749903,-10.995061,-8.966886,-13.853146
163,-9.571160316467285,-36.08184051513672,69.92594146728516,-7.7875658421201654,21.05825596642095,-85.4266430439202,6.9593244,35.865044,29.443544,57.09603,-8.525115,-5.3337336,-47.73448,-13.442439,-26.51943,63.32882,-22.674618,6.075506,-20.589064,3.4996676,29.793802,-38.68649,48.159897,-22.039265,0.75424284,3.4724176,0.34880364,8.212101,13.888699,-36.975376,31.869144,-21.586523,-10.980574,-9.060151,-13.580221
164,-9.56326961517334,-37.513275146484375,69.87017059326172,-7.383141089185185,20.732943986596528,-86.22410285942645,5.3463726,34.715508,26.788328,61.537365,-9.895701,-4.967226,-46.138996,-12.756138,-25.532488,62.82904,-24.624838,4.360197,-20.429916,3.3308866,29.793802,-34.65848,48.05855,-21.762356,2.5498157,4.292445,0.79684395,7.739929,11.280948,-35.492504,32.798435,-20.578178,-10.97499,-9.166659,-13.4141
165,-9.568608283996582,-38.93769836425781,69.77436828613281,-6.948643436689881,20.39310939858903,-86.970492790551,3.652102,33.60395,24.508904,66.223595,-10.750921,-5.061765,-44.46903,-12.3055,-24.809994,62.291737,-26.772413,3.8392112,-20.10418,3.147934,29.793802,-31.105827,47.81379,-21.905811,4.7338967,5.516944,1.1601211,7.519746,8.704427,-33.91659,33.589687,-19.765953,-11.010303,-9.308075,-13.40853
166,-9.590544700622559,-40.32902526855469,69.64762115478516,-6.466305584501996,20.035547770537615,-87.66196446817052,1.8208658,32.356167,22.368048,71.2015,-11.45588,-5.8091,-42.738102,-12.084277,-24.218792,61.81385,-29.1957,4.002477,-19.639254,2.9408653,29.793802,-27.960493,47.442204,-22.423674,7.286417,7.060259,1.4875094,7.4462614,6.1371098,-32.25528,34.235287,-19.093533,-11.077908,-9.480917,-13.468528
167,-9.60342788696289,-41.66810989379883,69.50314331054688,-6.043792747836666,19.695888361565846,-88.4005264113114,-0.16383515,31.05535,20.365107,76.27195,-12.20795,-6.8652825,-41.08288,-11.923256,-23.653194,61.427147,-31.524546,4.489442,-18.983067,2.783536,29.793802,-25.177399,46.97068,-23.242764,10.108082,8.627948,1.7675682,7.6228747,3.4683938,-30.546766,34.74558,-18.517447,-11.111185,-9.634911,-13.54583
168,-9.59109115600586,-42.94157791137695,69.33183288574219,-5.789919564066945,19.40936148445561,-89.28606410333936,-2.3231668,29.796684,18.483223,81.2136,-13.154081,-7.8633547,-39.640522,-11.625013,-22.9822,61.169758,-33.40155,4.916436,-18.09794,2.7512145,29.793802,-22.672941,46.429764,-24.255468,13.082963,9.919812,1.9935063,8.157073,0.59455925,-28.848139,35.14683,-18.014542,-11.037703,-9.719803,-13.59519
169,-9.548548698425293,-44.2068977355957,69.15933990478516,-5.758163247483735,19.18834554363945,-90.37933093309913,-4.701118,28.546093,16.648184,86.09512,-14.347068,-8.70606,-38.522213,-11.118269,-22.161516,61.1615,-34.70437,5.198851,-16.9819,2.8795035,29.793802,-20.429768,45.838493,-25.51695,16.354439,10.806541,2.1642983,9.267132,-2.57272,-27.198444,35.54017,-17.631922,-10.729276,-9.712213,-13.629624
170,-9.481820106506348,-45.47542953491211,68.99109649658203,-5.880523823076017,19.00796015432507,-91.61215101705805,-7.249712,27.26675,14.910268,91.00075,-15.713092,-9.577927,-37.62337,-10.51231,-21.26518,61.351616,-35.63683,5.5247345,-15.682995,3.1370587,29.793802,-18.402237,45.2105,-26.98177,19.880917,11.455314,2.2953637,10.840758,-5.9522805,-25.60678,35.9086,-17.410616,-10.247174,-9.641431,-13.674911
171,-9.402127265930176,-46.75951385498047,68.8475570678711,-6.086120785753093,18.84736153194021,-92.8916663045325,-9.870797,26.098356,13.394327,95.698425,-17.170275,-10.494352,-36.75801,-9.85708,-20.32277,61.521847,-36.34168,5.904058,-14.26159,3.4853451,29.793802,-16.42007,44.56696,-28.348537,23.23768,12.009825,2.3959496,12.489171,-9.424945,-24.091482,36.142475,-17.313953,-9.798829,-9.535005,-13.7051115
172,-9.328408241271973,-48.07167053222656,68.74140167236328,-6.306857219767345,18.692779334325156,-94.12758644630006,-12.496868,25.227184,12.189,99.945786,-18.618713,-11.430067,-35.746418,-9.201049,-19.36566,61.449127,-36.957077,6.3478527,-12.801899,3.864591,29.793802,-14.281897,43.935215,-29.28123,25.97367,12.606648,2.473224,13.818271,-12.905487,-22.68691,36.175636,-17.292185,-9.589977,-9.418394,-13.693005
173,-9.24016284942627,-49.42494201660156,68.6637191772461,-6.603176505866819,18.552528166280798,-95.35224300532744,-15.172998,24.77872,11.242662,103.740456,-20.027142,-12.410467,-34.580696,-8.45641,-18.377363,61.084564,-37.467598,6.861025,-11.331259,4.2867403,29.793802,-11.85605,43.31733,-29.65136,28.003855,13.109278,2.508354,14.584962,-16.47571,-21.421703,36.097404,-17.374277,-9.727479,-9.294776,-13.642299
174,-9.138690948486328,-50.815277099609375,68.60194396972656,-6.9937234650904045,18.431681697189166,-96.600568183138,-17.958553,24.70246,10.421554,107.19836,-21.424526,-13.408956,-33.34752,-7.6188765,-17.349894,60.54077,-37.814003,7.428572,-9.840358,4.7581067,29.793802,-9.184437,42.712734,-29.578184,29.475458,13.49544,2.4938557,15.037584,-20.161339,-20.302532,35.991074,-17.616177,-10.075362,-9.150351,-13.572963
175,-9.031654357910156,-52.23809051513672,68.56083679199219,-7.34527279593077,18.322444782567935,-97.78369147521836,-20.830471,24.94887,9.76519,110.23777,-22.775381,-14.192008,-32.01316,-6.8685308,-16.331842,59.832394,-38.070072,8.034206,-8.36895,5.189758,29.793802,-6.3173227,42.144463,-29.099445,30.285036,14.061097,2.460502,15.519521,-23.82106,-19.336222,35.79598,-17.983147,-10.4653635,-8.984898,-13.475338
176,-8.93803882598877,-53.69380569458008,68.54923248291016,-7.523133383207311,18.22542590321986,-98.8140535533057,-23.776285,25.464489,9.310235,112.759415,-24.022999,-14.533468,-30.551336,-6.3865623,-15.374801,58.970585,-38.310818,8.662734,-6.962765,5.4811363,29.793802,-3.2663848,41.652397,-28.234943,30.301819,15.096092,2.4522486,16.37132,-27.311636,-18.531918,35.46455,-18.43874,-10.73893,-8.797524,-13.338082
177,-8.864421844482422,-55.18190383911133,68.55973815917969,-7.444795036170285,18.16839282359272,-99.6370736405768,-26.8886,26.293598,9.066538,114.74212,-25.142574,-14.340104,-28.979511,-6.2851686,-14.509538,57.990967,-38.62014,9.314792,-5.6588326,5.5331206,29.793802,0.12889954,41.26035,-26.883007,29.23897,16.932747,2.5306232,17.825478,-30.672466,-17.90003,34.97222,-19.012985,-10.845326,-8.547146,-13.103259
178,-8.804834365844727,-56.70741653442383,68.5932388305664,-7.199597093443056,18.154604411653878,-100.31921022596431,-30.184141,27.453094,8.959962,116.223,-26.130194,-13.735231,-27.31672,-6.4425216,-13.706221,56.87741,-38.93849,9.990565,-4.4173245,5.3879867,29.793802,3.9450614,40.94898,-25.0502,27.126495,19.312021,2.709845,19.627846,-33.93021,-17.438799,34.38669,-19.742945,-10.882492,-8.247515,-12.796309
179,-8.755287170410156,-58.25532150268555,68.64625549316406,-6.909476914863563,18.143503311501718,-100.95508717378183,-33.525196,28.840275,8.923797,117.18623,-26.970852,-12.834032,-25.53883,-6.691505,-12.92085,55.56686,-39.12404,10.677279,-3.1741683,5.151955,29.793802,8.027979,40.67881,-22.905302,24.350794,21.642477,2.9349296,21.398504,-37.018032,-17.15506,33.762917,-20.529951,-10.825547,-7.9819064,-12.520586
180,-8.691883087158203,-59.83321762084961,68.71553802490234,-6.696302506704069,18.09137715187292,-101.63601696175905,-36.77129,30.358173,8.899378,117.61801,-27.653511,-11.751722,-23.616726,-6.8678412,-12.10343,53.990887,-39.032356,11.3662615,-1.8218334,4.9671297,29.793802,12.087837,40.401764,-20.687,21.389502,23.335714,3.0869503,22.779713,-39.74223,-17.041529,33.152298,-21.349043,-10.760268,-7.8313894,-12.388243
181,-8.614177703857422,-61.441314697265625,68.81006622314453,-6.604029438493703,17.968579417767696,-102.38207464484083,-39.948666,32.14185,8.899005,117.509766,-28.187506,-10.375431,-21.491697,-6.916336,-11.243557,52.063896,-38.680084,12.078578,-0.3163292,4.8921742,29.793802,16.071833,40.072205,-18.416716,18.274454,24.161177,3.1364365,23.723982,-42.12696,-17.11279,32.484287,-22.178236,-10.642689,-7.8075643,-12.362928
182,-8.52745246887207,-63.09053421020508,68.93093872070312,-6.551991268983596,17.79767265849884,-103.14518124643146,-43.095192,34.15901,8.988787,116.86181,-28.613739,-8.704129,-19.189142,-6.9480877,-10.348893,49.848324,-38.131367,12.812455,1.316119,4.850171,29.793802,20.028337,39.654076,-16.051178,14.864285,24.460058,3.1031501,24.422129,-44.225002,-17.384748,31.74638,-23.052055,-10.470453,-7.8699374,-12.406147
183,-8.43609619140625,-64.77842712402344,69.0848159790039,-6.477305671284974,17.611994056775124,-103.90955900192873,-46.07985,36.073,9.186062,115.677986,-28.939537,-7.0320797,-16.805723,-7.0459332,-9.398934,47.495415,-37.306183,13.530213,3.0433939,4.780469,29.793802,23.786148,39.132244,-13.705144,11.428646,24.518085,2.9209373,24.891794,-45.988434,-17.856112,31.061152,-23.962894,-10.308874,-8.023616,-12.614844
184,-8.349806785583496,-66.51913452148438,69.27005004882812,-6.325198755875208,17.448059164542414,-104.65882991884068,-48.762512,37.570507,9.497471,113.962166,-29.141127,-5.6531386,-14.44392,-7.282058,-8.383853,45.157673,-36.12169,14.197517,4.827224,4.6310296,29.793802,27.167683,38.512897,-11.488624,8.251595,24.630404,2.5315206,25.150305,-47.370655,-18.515251,30.549458,-24.888836,-10.223244,-8.273785,-13.083669
185,-8.259078025817871,-68.30541229248047,69.48055267333984,-6.126431529133378,17.335258860303686,-105.44786183723984,-51.134235,38.759205,9.969946,111.668686,-29.256134,-4.497892,-12.107617,-7.6177163,-7.246497,42.729836,-34.549118,14.858352,6.7380867,4.451284,29.644136,30.090752,37.821526,-9.479941,5.5058265,24.841389,1.8341908,25.098173,-48.351185,-19.348198,30.263542,-25.675299,-10.259234,-8.723872,-14.011264
186,-8.174436569213867,-70.13328552246094,69.71074676513672,-6.021536237253826,17.422669409613402,-106.3114654551404,-53.545048,39.834366,10.442228,108.83567,-29.248816,-3.4897563,-9.944488,-7.7942753,-5.969172,40.111805,-32.568962,15.000033,8.859203,4.4151425,28.680475,32.57398,37.096565,-7.923042,3.4360094,25.016115,0.8817422,24.6872,-48.649155,-20.316063,30.219135,-26.127546,-10.330468,-9.367444,-15.317748
187,-8.095667839050293,-72.00452423095703,69.96479034423828,-5.858482564643543,17.541702584663316,-107.08638027953012,-55.660084,40.450394,10.956381,105.54254,-29.050196,-2.863154,-7.8455024,-8.093752,-4.7371645,37.616898,-30.259714,15.000033,10.938954,4.311894,27.71519,34.69299,36.358303,-6.496627,1.6080226,25.14667,-0.11653139,24.214674,-48.62875,-21.415,30.303257,-26.56697,-10.414725,-9.972483,-16.607588
188,-8.010658264160156,-73.90711212158203,70.23619079589844,-5.528811220866246,17.69298290153086,-107.64498516471713,-57.39464,40.321682,11.489827,101.867905,-28.540556,-2.8282201,-5.918493,-8.6899395,-3.7225404,35.563953,-27.667711,15.000033,12.835954,4.0597878,26.839422,36.37619,35.641006,-5.280779,0.05532701,25.235506,-0.9613804,23.89533,-48.22614,-22.592882,30.464275,-27.120062,-10.470877,-10.342904,-17.511223
189,-7.930263996124268,-75.84425354003906,70.52352142333984,-4.966556072106328,17.913993013233608,-107.97039820532939,-58.74131,39.276016,11.992719,97.68433,-27.590069,-3.5452552,-4.2149444,-9.671505,-2.915816,34.010296,-24.752792,15.000033,14.536462,3.591706,26.026825,37.65813,34.97858,-4.225932,-1.1849145,25.315937,-1.655559,23.793522,-47.434998,-23.823189,30.717472,-27.749804,-10.427396,-10.414361,-17.914402
190,-7.841336727142334,-77.82811737060547,70.82237243652344,-4.232109226693021,18.18408078654373,-108.12326077075896,-59.70017,37.539165,12.473536,92.97139,-26.313446,-4.814754,-2.6876702,-10.933484,-2.2549374,32.836506,-21.525692,15.000033,16.095554,2.9479914,25.270334,38.62325,34.394436,-3.241792,-2.1837711,25.37501,-2.2864587,23.787825,-46.289776,-25.099136,31.059246,-28.392471,-10.33779,-10.297357,-18.012568
191,-7.757894039154053,-79.84901428222656,71.14031982421875,-3.4416425416281196,18.416518521202708,-108.10428434473715,-60.2774,35.456383,12.87885,87.98465,-24.930489,-6.3658185,-1.2969716,-12.276145,-1.812029,32.087234,-18.09518,15.000033,17.477728,2.2567964,24.660885,39.25423,33.905704,-2.3684592,-3.0381622,25.344843,-2.7792575,23.818426,-44.84953,-26.390944,31.391588,-29.070114,-10.296092,-10.06251,-17.891495
192,-7.669191837310791,-81.8954849243164,71.47093200683594,-2.706772179703108,18.52637164138901,-107.91349627227852,-60.48212,33.34414,13.218917,82.98631,-23.641413,-7.9187956,0.000913348,-13.511418,-1.6597013,31.79725,-14.554801,15.000033,18.645128,1.6509998,24.271168,39.52902,33.524006,-1.6579767,-3.835866,25.155167,-3.0580664,23.827957,-43.217293,-27.657434,31.62516,-29.756111,-10.379976,-9.781721,-17.63301
193,-7.58503532409668,-83.95158386230469,71.79763793945312,-2.01823983334225,18.480917755288058,-107.4873241221649,-60.27736,31.078516,13.426672,77.790375,-22.453878,-9.541445,1.3077801,-14.673768,-1.9404001,31.870989,-10.641585,15.000033,19.549107,1.1650658,24.124294,39.407787,33.26682,-1.146954,-4.5315676,24.760717,-3.0164452,23.844671,-41.358192,-28.865013,31.757307,-30.439362,-10.635362,-9.424909,-17.1329
194,-7.501739978790283,-86.01792907714844,72.11991882324219,-1.3143706597919058,18.315753181088386,-106.85120725315653,-59.654385,28.562008,13.513616,72.29444,-21.266315,-11.306273,2.5716286,-15.856451,-2.543122,32.339706,-6.392325,15.000033,20.223566,0.72975606,24.167866,38.9208,33.141884,-0.792625,-5.0977335,24.196644,-2.722117,23.890797,-39.26427,-30.001875,31.83022,-31.085125,-11.02232,-8.976202,-16.38044
195,-7.415679931640625,-88.08464813232422,72.42786407470703,-0.6349495233670925,18.06021691310665,-106.14108510807417,-58.711914,26.120369,13.637217,66.91861,-20.07104,-12.978121,3.6240137,-16.962927,-3.1926515,33.36397,-2.3229263,14.800249,20.753801,0.32666555,24.352943,38.144115,33.132767,-0.53250694,-5.642452,23.515026,-2.3602595,23.896524,-37.038025,-31.057014,31.834085,-31.667896,-11.508955,-8.527939,-15.600619
196,-7.332444190979004,-90.13362884521484,72.69500732421875,-0.2005931099588212,17.76872255243394,-105.5279417807086,-57.725998,24.184542,13.761826,62.181828,-18.852722,-14.391954,4.3295226,-17.724478,-3.79729,34.944805,1.1357689,13.767766,21.24865,0.08349999,24.556658,37.154316,33.208023,-0.30256948,-6.270164,22.773197,-2.1152747,23.786478,-34.80732,-32.01994,31.771555,-32.14823,-12.049426,-8.168311,-15.019237
197,-7.2282819747924805,-92.1622314453125,72.93514251708984,0.18611395816391016,17.514833558684817,-104.91681830244258,-56.649483,22.611397,14.320081,58.03134,-17.472874,-15.000033,4.578169,-18.56052,-4.598742,37.25851,3.9230392,12.131543,21.613535,-0.17989706,24.788494,35.936092,33.339592,-0.08193061,-6.9818697,21.89476,-2.037857,23.469597,-32.574406,-32.871124,31.662512,-32.494762,-12.671831,-7.91787,-14.67972
198,-7.125293254852295,-94.17782592773438,73.15120697021484,0.4887831790972487,17.23760132580371,-104.30706718294134,-55.438797,21.273561,15.134489,54.308014,-15.978657,-15.000033,4.5339108,-19.496696,-5.6276007,40.139606,6.2633634,9.9024935,21.853285,-0.40032214,25.088812,34.479774,33.514126,0.10718217,-7.7362595,20.88905,-2.0244884,23.00599,-30.325731,-33.594875,31.543898,-32.69979,-13.385506,-7.7290688,-14.466089
199,-7.018082618713379,-96.17525482177734,73.33432006835938,0.7077900518257094,16.88284708037033,-103.72876314226164,-54.13637,20.121365,15.954351,51.164337,-14.56151,-15.000033,4.3312283,-20.211021,-6.2726645,43.35785,8.029696,7.526546,21.963718,-0.55995476,25.467058,32.8723,33.725407,0.2697701,-8.57794,19.943607,-2.0322511,22.54234,-28.147696,-34.18977,31.438679,-32.77928,-14.116546,-7.581152,-14.369127
200,-6.905582427978516,-98.13475799560547,73.4594497680664,0.8714772654616098,16.421508649578477,-103.17318078551479,-52.803493,19.078442,16.647951,48.748756,-13.409922,-15.000033,4.042895,-20.253645,-5.868205,46.721306,9.182903,5.6575427,21.908726,-0.66422987,25.917479,31.182697,33.97532,0.40589973,-9.539495,19.24324,-2.0261478,22.225409,-26.118467,-34.666656,31.361103,-32.761173,-14.788397,-7.453111,-14.379884
201,-6.789409160614014,-100.05736541748047,73.54069519042969,0.9556327239770577,15.85594582490271,-102.63529298022918,-51.482533,18.192156,17.310963,47.21585,-12.506714,-15.000033,3.5938456,-18.95453,-3.710591,50.355755,9.638671,4.760901,21.674557,-0.6900842,26.434843,29.388678,34.26687,0.47454706,-10.619375,18.931452,-2.0079324,22.136633,-24.259602,-35.02699,31.326818,-32.619087,-15.402711,-7.3409495,-14.573133
202,-6.669092178344727,-101.96508026123047,73.58012390136719,0.9216516488350777,15.203976006013862,-102.10945311998832,-50.18121,17.518171,17.9541,46.527103,-11.800452,-15.000033,3.0334675,-16.35724,-0.35264114,54.409065,9.4554,4.7121034,21.276043,-0.613583,26.99904,27.45935,34.594025,0.47490987,-11.798289,18.880266,-1.9966017,22.185116,-22.520626,-35.26973,31.331097,-32.35165,-15.995156,-7.250833,-14.927441
203,-6.553819179534912,-103.84329223632812,73.54196166992188,0.7883042276825454,14.459298996592818,-101.58988543862768,-48.879944,16.993422,18.32631,46.505592,-11.420534,-15.000033,2.5695918,-13.126747,3.0159574,58.70178,8.839318,5.257753,20.721884,-0.45233053,27.592852,25.416454,34.95413,0.46202177,-13.056437,18.862804,-1.986985,22.25643,-20.877241,-35.41348,31.348665,-32.026516,-16.532034,-7.1795554,-15.292159
204,-6.447215557098389,-105.70843505859375,73.4234619140625,0.585763844196618,13.62335297357578,-101.08354347341972,-47.550842,16.54211,18.187607,46.942745,-11.486936,-15.000033,2.2390842,-10.193839,5.319911,62.997776,8.065783,5.943901,20.04067,-0.23947123,28.20059,23.291039,35.346054,0.48878753,-14.389073,18.6585,-1.9743359,22.235851,-19.280058,-35.490513,31.334858,-31.733948,-16.97921,-7.1274595,-15.519307
205,-6.36318826675415,-107.55513000488281,73.23999786376953,0.2335086471163507,12.63728169809575,-100.62313647857943,-46.218826,16.215857,17.202055,47.98996,-11.961176,-15.000033,2.0309124,-7.692272,6.394665,67.2901,7.194057,6.652136,19.271713,0.10980315,28.849567,21.060904,35.776733,0.52946687,-15.8272295,18.18762,-1.9447911,22.08031,-17.671871,-35.517616,31.235512,-31.522636,-17.310637,-7.0907664,-15.593336
206,-6.266470432281494,-109.38538360595703,72.99658203125,-0.1339722099032423,11.573286149347547,-100.09226478593514,-44.88701,15.832881,15.883802,49.55423,-12.678489,-13.878981,1.8035792,-5.3846664,6.7375035,71.74538,6.012175,7.577099,18.316946,0.4757885,29.527569,18.684605,36.249027,0.5275288,-17.345526,17.574364,-1.9033461,21.857824,-16.04194,-35.505043,31.053476,-31.38108,-17.544886,-7.0720525,-15.589385
207,-6.105275630950928,-111.17676544189453,72.70321655273438,-0.08731828228254841,10.722890957724653,-99.24932891535082,-43.554134,14.900767,15.284257,50.993465,-13.587641,-10.155452,1.2039154,-3.9050238,6.411288,76.347885,4.4778633,8.63896,16.977493,0.475462,29.793802,15.978975,36.75415,0.22547206,-18.478785,16.896606,-1.8763809,21.615423,-14.357292,-35.443985,30.942316,-31.100647,-17.668346,-7.083156,-15.516319
208,-5.931058883666992,-113.00148010253906,72.36186981201172,0.00951541279961485,9.988400334995253,-98.46854898374201,-42.157406,14.032187,14.975349,52.425606,-15.133248,-7.442439,0.23323944,-3.0997581,5.6286273,80.86882,2.8073065,9.378008,15.619605,0.35630104,29.793802,12.982017,37.271008,-0.25472692,-19.281515,16.258003,-1.8943751,21.407156,-12.688726,-35.362,30.876589,-30.779648,-17.731297,-7.1335025,-15.355409
209,-5.735390663146973,-114.8131103515625,72.00994873046875,0.2304851835079496,9.297559825154886,-97.73979381041923,-40.544117,13.238945,15.083886,53.90775,-17.747873,-6.098904,-0.9841463,-3.3243086,4.3325496,85.37536,0.994185,9.7046385,14.212187,0.03517513,29.793802,9.772575,37.773487,-0.7392146,-20.018211,15.596742,-1.9867239,21.240181,-11.033999,-35.31458,30.769768,-30.618387,-17.74488,-7.240156,-15.08073
210,-5.528441905975342,-116.59149169921875,71.6606674194336,0.5621078224288805,8.629352858490694,-97.02991851266977,-38.756382,12.482031,15.409693,55.510662,-21.209827,-5.5188317,-2.3510792,-4.4915276,2.5776243,89.90726,-0.9912692,9.703398,12.721796,-0.45762563,29.793802,6.337813,38.251724,-1.2534893,-20.70261,14.899956,-2.135664,21.085289,-9.35231,-35.325993,30.596066,-30.645306,-17.68822,-7.3888836,-14.713279
211,-5.306941032409668,-118.36009216308594,71.30732727050781,0.913587838853669,8.048881717420453,-96.37132649283375,-36.92047,11.774689,15.755687,56.99934,-24.790276,-5.3958583,-3.9313035,-6.1597457,0.6855381,94.25459,-3.072481,9.398256,11.211156,-1.0544481,29.793802,2.7139442,38.719105,-1.7673836,-21.293903,14.349255,-2.3018894,20.941013,-7.6927023,-35.40773,30.342447,-30.871855,-17.597395,-7.5420704,-14.293487
212,-5.04311466217041,-120.05479431152344,71.01319122314453,1.188705703967984,7.624352630054783,-95.79813382639817,-35.172226,11.105822,15.946569,58.1403,-27.759874,-5.396987,-5.8498154,-7.8536105,-1.0663496,98.193405,-5.1553125,8.821091,9.744466,-1.6757191,29.793802,-1.0378772,39.20088,-2.2445085,-21.77997,14.122159,-2.4431832,20.807032,-6.1182613,-35.561405,30.00401,-31.284494,-17.51027,-7.6640353,-13.8596735
213,-4.788334369659424,-121.74322509765625,70.78527069091797,1.393972336330448,7.434074830550913,-95.28699031887305,-33.63524,10.407365,15.935435,58.88275,-29.922462,-5.5403013,-8.284812,-9.60197,-2.6319962,101.776924,-7.2916408,7.9345584,8.314674,-2.335826,29.793802,-5.062313,39.714344,-2.666249,-22.156044,14.405056,-2.5711052,20.624506,-4.623344,-35.791622,29.528671,-31.929668,-17.449934,-7.754853,-13.424092
214,-4.599617958068848,-123.4643325805664,70.63101196289062,1.5740766310809606,7.422887176783778,-94.82510434503439,-32.21104,9.714805,15.85781,59.35655,-31.663769,-5.9534454,-11.116937,-11.603444,-4.1093345,105.086464,-9.509663,6.7467833,6.9015293,-3.0499167,29.793802,-9.350831,40.2528,-3.081236,-22.445084,15.046756,-2.700322,20.421013,-3.1446304,-36.101154,28.9113,-32.82525,-17.387018,-7.8323073,-12.966948
215,-4.456985950469971,-125.20655059814453,70.54397583007812,1.681468302778781,7.461769834180492,-94.4666535584218,-30.707384,9.141968,15.805798,59.591526,-33.13648,-6.4516788,-14.09446,-13.593376,-5.4757366,107.9217,-11.650397,5.3980484,5.539889,-3.7304523,29.793802,-13.616956,40.80651,-3.5432036,-22.648851,15.715254,-2.7904587,20.318665,-1.6864232,-36.478886,28.243364,-33.885914,-17.287766,-7.8867908,-12.477161
216,-4.331153869628906,-126.96753692626953,70.51952362060547,1.6661148037780376,7.422538716101969,-94.26867840079746,-28.929852,8.795246,15.866407,59.611504,-34.49185,-6.8522334,-16.987532,-15.302985,-6.738791,110.07297,-13.532961,4.039456,4.2475777,-4.301211,29.793802,-17.62319,41.373962,-4.098642,-22.705282,16.071934,-2.7994273,20.429228,-0.30395845,-36.90259,27.655704,-34.986866,-17.12344,-7.906334,-11.943897
217,-4.197497844696045,-128.76492309570312,70.54280853271484,1.4863902018465016,7.248796769929153,-94.29108575686462,-26.747429,8.761954,16.134686,59.387535,-35.836086,-7.078181,-19.82667,-16.678236,-7.944636,111.5057,-15.126119,2.5874126,3.0380352,-4.7449155,29.793802,-21.288708,41.97035,-4.738496,-22.617794,16.08317,-2.675789,20.820942,0.9193668,-37.35467,27.243088,-36.035084,-16.847673,-7.8915396,-11.3589325
218,-4.052425384521484,-130.589111328125,70.60638427734375,1.1731050650733574,7.01303443944515,-94.48780906971278,-24.279142,8.946098,16.557585,58.915684,-37.069134,-7.231847,-22.726696,-17.820597,-9.143076,112.30554,-16.49838,1.0219017,1.8793168,-5.106478,29.793802,-24.687721,42.60606,-5.407456,-22.457998,15.908916,-2.4550865,21.415243,1.9711474,-37.827473,26.964098,-37.056004,-16.49856,-7.844379,-10.725761
219,-3.9055521488189697,-132.43960571289062,70.70986938476562,0.7853436019179031,6.781133280386798,-94.75851610644655,-21.706087,9.186126,16.991867,58.25761,-38.029636,-7.402385,-25.588,-18.712763,-10.374644,112.4511,-17.602486,-0.42509243,0.7247587,-5.4017925,29.793802,-27.793848,43.27126,-6.073934,-22.27354,15.520074,-2.227349,22.101345,2.897578,-38.31264,26.741669,-38.089367,-16.17001,-7.7557364,-10.052535
220,-3.7580132484436035,-134.31671142578125,70.8512191772461,0.38125379341373555,6.6212067418449205,-95.0042577416585,-19.21621,9.341335,17.28007,57.47407,-38.559124,-7.6846957,-28.311089,-19.35168,-11.655779,111.919975,-18.380642,-1.5162135,-0.46186483,-5.6322203,29.793802,-30.521717,43.94852,-6.681534,-22.165056,14.901072,-2.0830305,22.764328,3.7681527,-38.80308,26.477356,-39.185307,-15.958786,-7.619102,-9.345326
221,-3.6155686378479004,-136.21583557128906,71.03746795654297,-0.03993986931934955,6.554110854975875,-95.2100597576419,-16.836306,9.401935,17.36457,56.548977,-38.655052,-8.109788,-30.92272,-19.776821,-13.03957,110.66859,-18.727125,-2.1687076,-1.6957469,-5.7723775,29.793802,-32.906067,44.653873,-7.239096,-22.09345,13.862122,-2.0777276,23.412771,4.588645,-39.30832,26.133556,-40.35971,-15.91958,-7.408898,-8.583954
222,-3.4683446884155273,-138.145263671875,71.26568603515625,-0.5098856646140529,6.543736422624958,-95.42624550216654,-14.475577,9.453608,17.326063,55.46572,-38.395252,-8.628021,-33.438374,-19.966368,-14.538959,108.704254,-18.696838,-2.4996629,-2.9458337,-5.810313,29.793802,-34.984993,45.40235,-7.7704735,-22.01019,12.478424,-2.162775,24.088158,5.3473234,-39.832863,25.75065,-41.58434,-15.995936,-7.1396747,-7.7716346
223,-3.3264410495758057,-140.10169982910156,71.5372085571289,-1.0049148056216242,6.6743261555005615,-95.65453156927663,-12.270473,9.494413,17.208494,54.29147,-37.729015,-9.208128,-35.882965,-19.855566,-16.069324,106.10017,-18.454449,-2.5889368,-4.277951,-5.7915,29.344936,-36.57405,46.134914,-8.354977,-21.753992,11.125207,-2.2799335,24.740753,5.958072,-40.32353,25.655066,-42.523693,-16.052355,-6.8586874,-6.97657
224,-3.197132110595703,-142.0891571044922,71.84610748291016,-1.5045375974478115,6.844874445629658,-95.89507434198316,-10.132707,9.517373,17.05328,53.07405,-36.624943,-9.831003,-38.059418,-19.370968,-17.527466,102.90078,-18.193302,-2.5094988,-5.5929613,-5.717462,28.835678,-37.65162,46.81353,-8.806448,-21.612177,10.237814,-2.3340423,25.269672,6.4663906,-40.75126,25.647224,-43.355614,-16.079033,-6.6250353,-6.1970916
225,-3.080230474472046,-144.11215209960938,72.19165802001953,-2.0048798506728294,7.068384565724908,-96.13630181663318,-8.039708,9.494738,16.832918,51.749172,-35.066647,-10.541536,-39.98861,-18.54923,-18.889915,99.05912,-18.069723,-2.4755242,-6.858613,-5.5480103,28.308712,-38.14672,47.444187,-9.077233,-21.695257,9.932171,-2.2803829,25.657194,6.917659,-41.120953,25.638327,-44.127007,-16.043709,-6.4379773,-5.3692
226,-2.9653820991516113,-146.17835998535156,72.56967163085938,-2.507029253439222,7.347783729165913,-96.3799096099938,-5.990845,9.420632,16.52216,50.30951,-33.08179,-11.333941,-41.701023,-17.430428,-20.165842,94.55207,-17.973843,-2.392895,-8.104752,-5.294268,27.755068,-38.15975,48.029266,-9.21946,-21.878237,10.016677,-2.1609073,25.941093,7.283644,-41.442245,25.655714,-44.83696,-15.990484,-6.2733784,-4.4977283
227,-2.8555006980895996,-148.28273010253906,72.97418975830078,-2.993992977302549,7.6088865620720325,-96.64187861012354,-3.9799314,9.309477,16.169043,48.880436,-30.68504,-12.114016,-43.088577,-15.985907,-21.275326,89.458046,-17.686382,-1.9095682,-9.296411,-4.9986043,27.250372,-37.722984,48.55677,-9.190508,-22.16702,10.355786,-2.011688,26.11112,7.567967,-41.7131,25.716534,-45.47833,-15.983704,-6.148152,-3.7102354
228,-2.755737781524658,-150.4197540283203,73.39596557617188,-3.447432486155569,7.776515185108357,-96.93739663105443,-2.0040336,9.175446,15.826977,47.594227,-27.880219,-12.7934065,-44.052532,-14.201687,-22.12684,83.83599,-16.981295,-0.69300425,-10.414537,-4.7168307,26.870304,-36.88063,48.99853,-8.949381,-22.548903,10.835958,-1.8722235,26.155758,7.751437,-41.927055,25.860222,-46.03871,-16.092375,-6.0813813,-3.1332355
229,-2.6650824546813965,-152.5835723876953,73.82046508789062,-3.899969230892148,7.835269115875575,-97.28324167495,-0.04884375,9.037132,15.4796295,46.42805,-24.439726,-13.41743,-44.511044,-12.023371,-22.70629,77.4881,-15.781981,1.3887204,-11.448256,-4.4245462,26.637909,-35.55961,49.326725,-8.4407425,-23.051392,11.566318,-1.7502103,26.042778,7.8162646,-42.075798,26.10293,-46.496567,-16.358335,-6.0963817,-2.8051546
230,-2.57865571975708,-154.7685546875,74.24285125732422,-4.33172508146396,7.81734091381841,-97.65714708615532,1.8810993,8.852626,15.089779,45.329685,-20.428253,-14.032096,-44.501797,-9.547395,-22.963224,70.37795,-14.241155,4.0559916,-12.416244,-4.1267033,26.510082,-33.773994,49.531937,-7.7064652,-23.654224,12.575649,-1.631331,25.781118,7.763521,-42.159,26.429743,-46.855255,-16.736927,-6.17696,-2.656389
231,-2.5009562969207764,-156.98020935058594,74.6592788696289,-4.647391433561693,7.718505199249571,-98.01557820067994,3.7626858,8.555861,14.698806,44.3824,-16.28151,-14.544484,-44.0941,-6.9806237,-22.755238,62.78259,-12.468341,7.0303535,-13.330335,-3.9200337,26.457058,-31.716078,49.615776,-6.873643,-24.273466,13.621669,-1.5220153,25.424519,7.631772,-42.18141,26.815989,-47.142525,-17.172329,-6.283033,-2.6520755
232,-2.444103717803955,-159.2138214111328,75.05644226074219,-4.753249751270527,7.535264096077499,-98.31559056923828,5.5765853,8.094855,14.366798,43.66483,-12.424009,-14.840544,-43.345123,-4.5304217,-21.96623,54.981983,-10.559981,10.0512295,-14.192136,-3.8944674,26.442226,-29.578224,49.591125,-6.0792065,-24.831993,14.45465,-1.4236573,25.030378,7.47671,-42.14938,27.220104,-47.393543,-17.604607,-6.3748684,-2.7559824
233,-2.4026830196380615,-161.4528350830078,75.4156265258789,-4.579971252354287,7.222522906413767,-98.5309781659527,7.3818774,7.3964505,14.087634,43.107063,-8.650795,-14.82978,-42.069653,-2.0934696,-20.337639,46.559975,-8.265308,13.449233,-15.0245695,-4.139973,26.496449,-27.397436,49.44326,-5.3827634,-25.28691,15.006107,-1.3407613,24.637074,7.3468833,-42.06151,27.637257,-47.631615,-18.076628,-6.4615912,-3.0418346
234,-2.406336545944214,-163.68458557128906,75.71427154541016,-4.340036202859422,6.800424387049823,-98.81628799794848,9.1285715,6.734967,13.916884,42.840206,-4.9053144,-14.657315,-39.95415,0.50632465,-18.36222,36.94398,-5.4253874,15.000033,-15.670581,-4.469282,26.62551,-25.104864,49.17042,-4.758708,-25.687138,15.403376,-1.2703571,24.205048,7.2676754,-41.913124,28.045242,-47.863827,-18.599052,-6.5533853,-3.5009878
235,-2.4328815937042236,-165.9229278564453,75.93879699707031,-3.8821201636555864,6.251953192992183,-99.00998308228105,10.877701,5.952835,13.811266,42.8171,-1.5988573,-14.331219,-37.075596,2.6593492,-15.990452,26.8522,-2.4732237,15.000033,-16.267359,-5.0089517,26.802853,-22.843765,48.80373,-4.2505026,-25.98163,15.730446,-1.197415,23.68694,7.2017555,-41.713394,28.428911,-48.10207,-19.070492,-6.617706,-3.9708831
236,-2.4350128173828125,-168.18179321289062,76.07304382324219,-2.9856615728716283,5.599590114092427,-98.94516347091862,12.662003,4.812116,13.728633,42.930542,0.88959014,-13.80844,-33.979397,3.5682383,-13.342558,17.779161,-0.122585684,15.000033,-16.962137,-5.932161,26.938564,-20.71213,48.39259,-3.8784373,-26.160364,16.058641,-1.1046163,23.043726,7.112258,-41.47746,28.761051,-48.357025,-19.379578,-6.627299,-4.290145
237,-2.4256269931793213,-170.4315185546875,76.13539123535156,-1.7291278529909908,4.921884996586448,-98.69944444981546,14.416585,3.4702766,13.779978,43.2446,2.2555866,-13.0199175,-30.974445,3.3181143,-10.701509,9.908824,1.4574995,15.000033,-17.713633,-7.1604085,26.961533,-18.850187,47.957573,-3.7038727,-26.09409,16.354021,-0.9842414,22.24572,6.998813,-41.216114,29.061787,-48.65469,-19.43913,-6.581252,-4.4224076
238,-2.4134581089019775,-172.64923095703125,76.14407348632812,-0.4250232719911394,4.273194127204577,-98.44298055351777,16.00472,2.2772617,13.999003,43.94242,2.677926,-12.036565,-29.805237,2.2568917,-8.2962265,6.4787683,0.6584459,15.000033,-18.34229,-8.416171,26.951277,-17.149996,47.637142,-3.7009804,-25.900726,16.501575,-0.8198318,21.396702,7.014339,-41.021416,29.236586,-49.161816,-19.2958,-6.498577,-4.485204
239,-2.4072046279907227,-174.81109619140625,76.0982894897461,0.8790204148691878,3.684524157068182,-98.25110706371484,17.302702,1.2005185,14.298965,45.11217,2.4951384,-11.040422,-30.056284,0.8135078,-6.397471,6.4878063,-1.5774175,15.000033,-18.827415,-9.619898,26.882914,-15.522169,47.28712,-3.751191,-25.627823,16.681824,-0.64773774,20.481878,6.9246454,-40.81031,29.38228,-49.65823,-19.111443,-6.376704,-4.4715114
240,-2.3884127140045166,-176.92404174804688,76.05435943603516,1.7766291041530913,3.234737930245891,-98.29157805080611,18.081194,0.60653555,14.683803,47.043648,1.9350672,-10.301718,-30.147285,-0.2102103,-5.3960996,6.5144386,-3.0664,15.000033,-19.004406,-10.376078,26.866955,-14.006909,46.95016,-3.8338246,-25.278128,16.962172,-0.47252586,19.592535,6.64712,-40.603355,29.494555,-50.125275,-19.019745,-6.213166,-4.4221015
241,-2.361558437347412,-178.978759765625,76.00897979736328,2.2870078016481985,2.968498414063942,-98.60427023032784,18.27708,0.4400261,15.230124,49.84597,0.9391042,-9.916558,-29.979795,-0.921992,-5.764221,6.4333873,-3.601809,15.000033,-18.844261,-10.696732,26.872852,-12.6104965,46.616314,-3.9104548,-24.84728,17.413477,-0.26723626,18.630678,6.1290913,-40.3882,29.576363,-50.543602,-19.03714,-5.9949293,-4.2607903
242,-2.3262147903442383,-180.99246215820312,75.94458770751953,2.5982423079004904,2.828348872019938,-99.09199261281321,18.043112,0.5379362,15.920274,53.35426,-0.5837694,-9.729216,-29.630732,-1.5702797,-7.1388183,6.4582844,-3.5781837,15.000033,-18.454655,-10.718453,26.83375,-11.315884,46.083267,-3.9945881,-24.278522,18.08654,-0.07206164,17.520178,5.2209544,-40.013763,29.73909,-50.66565,-19.1373,-5.72127,-3.943823
243,-2.276219606399536,-182.98492431640625,75.84913635253906,2.667402963463217,2.7895818650600623,-99.6717617995912,17.44745,0.9561496,16.61563,57.33016,-2.3649688,-9.603123,-29.133614,-1.974653,-8.650339,6.541246,-3.1810644,15.000033,-17.862846,-10.503359,26.866034,-10.145995,45.736523,-4.1626806,-23.628021,18.676321,0.10529239,16.605556,4.313277,-39.75213,29.810146,-50.947773,-19.251802,-5.439612,-3.7289343
244,-2.2136378288269043,-184.97991943359375,75.71150207519531,2.4974441190967847,2.808939560089401,-100.25170399599975,16.577648,1.6801083,17.172346,61.508915,-4.110713,-9.398813,-28.568438,-1.9868997,-9.417813,6.708261,-2.5602014,15.000033,-17.219868,-9.994634,26.905392,-9.0408,45.241333,-4.4108834,-22.811152,19.301556,0.15226616,15.952144,3.056229,-39.35265,30.003315,-50.87537,-19.424345,-5.206175,-3.664436
245,-2.120920181274414,-186.97943115234375,75.53771209716797,1.973505616321496,2.922243724259715,-100.85965910458589,15.3714285,2.8013732,17.590714,65.99218,-5.7909913,-9.070431,-27.931927,-1.3495535,-9.071784,6.8888655,-1.4430752,15.000033,-16.498257,-9.092854,26.954662,-8.049199,44.690224,-4.805013,-21.785164,19.852608,0.06512098,15.748392,1.4760008,-38.85448,30.330526,-50.499,-19.71458,-5.016962,-3.8450701
246,-2.056408405303955,-188.928955078125,75.36228942871094,1.1148229454648104,3.088118878838516,-101.53428724526918,13.88894,4.283125,17.875656,70.84176,-7.5472913,-8.759715,-27.238932,-0.071279995,-8.119131,7.231282,0.15853406,14.001725,-15.635814,-7.8736305,27.083984,-7.090042,44.245075,-5.2541013,-20.693754,20.28528,-0.094897866,15.903151,-0.20416446,-38.39883,30.646835,-50.12818,-20.071135,-4.848065,-4.2178726
247,-2.032470464706421,-190.80540466308594,75.1800537109375,0.09125265872268493,3.1983555065040465,-102.17701078147331,12.314435,5.9341297,17.92449,75.74319,-9.328313,-8.577891,-28.763868,1.1863327,-7.1244254,12.653794,-0.71735495,12.345952,-14.735833,-6.5218997,27.299786,-6.139014,43.8693,-5.7098145,-19.542597,20.698246,-0.2976658,16.188908,-1.9573462,-37.976112,30.950106,-49.755157,-20.356709,-4.7091193,-4.70926
248,-1.9999126195907593,-192.72027587890625,74.89908599853516,-0.854832779775861,3.16945434872114,-102.67269286712217,10.794267,7.4922013,17.692045,80.3742,-11.068461,-8.578437,-29.889364,2.2455623,-6.5352483,17.61871,-1.5844822,10.838325,-13.910739,-5.277975,27.591476,-5.1823287,43.53626,-6.130799,-18.335123,21.182596,-0.51300836,16.385847,-3.7559123,-37.58307,31.233091,-49.375317,-20.432045,-4.6129427,-5.25106
249,-1.964839220046997,-194.63992309570312,74.55154418945312,-1.722682694609201,2.958245456146324,-103.00094010559515,9.375144,8.953184,17.16308,84.7921,-12.782008,-8.868535,-30.976395,2.9130068,-6.3974094,23.028801,-2.8510692,9.440012,-13.17814,-4.1431384,28.005505,-4.251759,43.24129,-6.529137,-17.018082,21.826757,-0.78483075,16.497936,-5.650633,-37.219475,31.511202,-48.972454,-20.22326,-4.5566154,-5.8682947
250,-1.9291505813598633,-196.5248260498047,74.17308807373047,-2.5227729095931277,2.6042510907481264,-103.17963565199067,7.9921284,10.298312,16.390575,89.0998,-14.482814,-9.364375,-32.032455,3.281895,-6.4161863,28.911282,-4.392729,8.091404,-12.524778,-3.091845,28.524239,-3.3350446,42.980755,-6.913354,-15.61239,22.570326,-1.1142617,16.618427,-7.648676,-36.880653,31.791052,-48.539898,-19.818161,-4.5398917,-6.5844026
251,-1.9056802988052368,-198.373291015625,73.80001068115234,-3.215204013291782,2.20053835660657,-103.23865261907525,6.5414147,11.483807,15.463406,93.14622,-16.165255,-9.8825865,-32.796967,3.4031181,-6.485549,34.50224,-6.1681542,6.7529626,-11.931724,-2.1453333,29.054619,-2.3605878,42.727516,-7.2358065,-14.2262125,23.276445,-1.411146,16.660109,-9.662885,-36.557796,32.049698,-48.09334,-19.321323,-4.5814157,-7.3299017
252,-1.877640962600708,-200.22869873046875,73.44427490234375,-3.8003928890404732,1.8528486360257497,-103.2263821448954,4.8872046,12.530013,14.447251,96.78983,-17.813437,-10.24008,-33.08421,3.4206195,-6.5412035,39.140472,-8.172761,5.417399,-11.362402,-1.2824154,29.49896,-1.2498419,42.440105,-7.4437823,-12.979447,23.81411,-1.5878913,16.528154,-11.607099,-36.243446,32.266644,-47.64764,-18.843256,-4.6962996,-8.03353
253,-1.8303807973861694,-202.1308135986328,73.10858154296875,-4.353124280506535,1.6015336345777769,-103.17130652729821,2.913159,13.468392,13.254972,100.0944,-19.470793,-10.340496,-32.93183,3.44974,-6.636499,42.820557,-10.618007,3.9319394,-10.80968,-0.41685688,29.793802,-0.057624154,42.066742,-7.582686,-11.704096,24.154793,-1.5996854,16.14632,-13.553208,-35.927143,32.490856,-47.11689,-18.336521,-4.936135,-8.709808
254,-1.7822719812393188,-204.05435180664062,72.79353332519531,-4.899636964264575,1.4555825500453399,-103.06854083272022,0.6037359,14.333332,11.855177,103.14868,-21.123543,-10.314349,-32.54187,3.486529,-6.786219,45.94431,-13.470278,2.3544512,-10.267826,0.5002647,29.793802,1.1350684,41.58538,-7.783182,-10.235013,24.369823,-1.5146075,15.562431,-15.484202,-35.589302,32.77571,-46.412575,-17.750044,-5.281427,-9.394455
255,-1.7567675113677979,-205.9600830078125,72.52105712890625,-5.385483448371995,1.3503449353407562,-102.91041355666594,-1.8870451,15.188109,10.447041,105.81104,-22.658308,-10.238474,-31.856853,3.5149136,-6.919184,48.50842,-16.396948,1.0055714,-9.701105,1.3926657,29.793802,2.420349,41.033405,-7.8714547,-9.026091,24.522028,-1.3935602,14.89719,-17.337381,-35.247047,32.97566,-45.735943,-17.25308,-5.6270165,-10.011041
256,-1.746625304222107,-207.87014770507812,72.30809020996094,-5.732292830544317,1.2878189365973454,-102.6969464962422,-4.490691,16.10178,9.249908,107.94028,-23.952723,-10.163738,-30.887077,3.4551713,-6.9652185,50.504658,-19.068956,0.20853356,-9.085355,2.1688528,29.793802,3.8805363,40.46683,-7.810417,-8.35062,24.62344,-1.301814,14.271127,-18.979044,-34.915493,33.048485,-45.183453,-16.965994,-5.863266,-10.519199
257,-1.7572423219680786,-209.7919464111328,72.14756774902344,-5.9206723451909795,1.283021905812809,-102.37155228697206,-7.314064,17.151152,8.240034,109.55118,-24.94738,-10.128568,-29.586735,3.2228277,-6.9652987,51.86561,-21.516172,0.1871358,-8.437956,2.799212,29.793802,5.5518575,39.926926,-7.587288,-8.316489,24.6702,-1.2153271,13.608413,-20.33983,-34.60285,32.940998,-44.82993,-17.033232,-5.9157286,-10.882229
258,-1.7815725803375244,-211.7248077392578,72.03471374511719,-5.997977759923555,1.3333209167090034,-101.96219900004792,-10.39651,18.297098,7.313638,110.70023,-25.693645,-10.081298,-27.990007,2.8400862,-6.974523,52.654026,-23.89047,0.7252473,-7.7528167,3.312187,29.793802,7.4151006,39.41751,-7.217961,-8.797555,24.6302,-1.1072179,12.88802,-21.485268,-34.318604,32.684525,-44.638832,-17.339933,-5.8530445,-11.135159
259,-1.808532476425171,-213.66830444335938,71.97395324707031,-5.979916420848491,1.4592314973079406,-101.59500175192767,-13.614466,19.454004,6.5859156,111.31659,-26.23833,-9.93387,-26.26612,2.3633633,-6.9411592,53.032436,-26.045431,1.4913335,-6.9482446,3.7354405,29.570425,9.352663,38.9171,-6.889492,-9.499091,24.458755,-1.0426953,12.305112,-22.395313,-34.049984,32.413345,-44.44163,-17.61587,-5.7829556,-11.364044
260,-1.8171086311340332,-215.6188201904297,71.96651458740234,-5.890065391190776,1.6250993947419725,-101.39360361316947,-16.750225,20.558636,6.1847534,111.32814,-26.647844,-9.614747,-24.518126,1.879066,-6.7904463,53.158752,-27.8457,2.1463368,-5.96474,4.079259,29.145031,11.314405,38.40213,-6.63352,-10.311284,24.138044,-1.0823361,12.063742,-23.149794,-33.796135,32.218224,-44.146023,-17.61805,-5.812596,-11.632061
261,-1.797782301902771,-217.5828399658203,72.0190200805664,-5.704577303717771,1.793802577433543,-101.42315639868607,-19.718065,21.666603,6.251923,110.68028,-26.967585,-9.044434,-22.680622,1.3949184,-6.4827595,52.95993,-29.337683,2.6254244,-4.759418,4.288909,28.66395,13.441855,37.849346,-6.322521,-11.472335,23.592173,-1.2838855,12.35151,-23.812473,-33.576263,32.093857,-43.80305,-17.222683,-6.007985,-11.953686
262,-1.7682218551635742,-219.57431030273438,72.13301849365234,-5.416727557108709,1.9819025031389481,-101.60757102421148,-22.570875,22.804096,6.739774,109.4141,-27.182943,-8.299598,-20.724833,0.8602116,-6.0578833,52.39561,-30.57042,3.109215,-3.3841488,4.3678083,28.1237,15.72545,37.248856,-5.962494,-12.988803,22.870798,-1.6116216,13.009636,-24.3502,-33.39691,32.0061,-43.452682,-16.583168,-6.301313,-12.292548
263,-1.7216721773147583,-221.57791137695312,72.29561614990234,-5.078275291640116,2.1871698153875374,-101.85175396212233,-25.233032,23.870264,7.48857,107.60167,-27.27505,-7.5496306,-18.742514,0.29018998,-5.542019,51.664295,-31.425959,3.6129453,-1.9544154,4.379168,27.553562,18.007105,36.614983,-5.5964613,-14.628173,22.15539,-1.9793371,13.729644,-24.755724,-33.26028,31.953314,-43.111732,-15.89933,-6.597005,-12.618854
264,-1.6618162393569946,-223.59716796875,72.51570892333984,-4.742560929258348,2.407115460256167,-102.05980980131578,-27.64905,24.760582,8.320344,105.30996,-27.210573,-6.957393,-16.8215,-0.2935498,-4.95857,50.963234,-31.786692,4.143519,-0.5827937,4.387983,26.975853,20.1291,35.97836,-5.259052,-16.155743,21.616533,-2.288145,14.207138,-25.015942,-33.16298,31.93142,-42.79736,-15.374625,-6.797041,-12.906393
265,-1.5885146856307983,-225.63052368164062,72.78620910644531,-4.4046186170221535,2.645085716645653,-102.23967551721375,-29.793764,25.498295,9.287958,102.507744,-26.984531,-6.5442014,-14.942995,-0.8807391,-4.2484756,50.260574,-31.634647,4.7278748,0.74954945,4.387855,26.383186,22.108587,35.363247,-4.941589,-17.577948,21.29845,-2.5013113,14.368829,-25.110899,-33.104366,31.945122,-42.5202,-15.049687,-6.8755,-13.175402
266,-1.5037909746170044,-227.69046020507812,73.10030364990234,-4.039270550254507,2.904314646496218,-102.42846167149253,-31.662077,26.117306,10.482815,99.1732,-26.63608,-6.2434163,-13.083631,-1.4892665,-3.4114797,49.490444,-31.03342,5.345812,2.0937903,4.3413515,25.76954,24.013817,34.7721,-4.6301956,-19.002573,21.096766,-2.6675146,14.379941,-25.039494,-33.085773,31.979862,-42.27943,-14.819059,-6.883451,-13.431544
267,-1.4128808975219727,-229.76849365234375,73.44646453857422,-3.6740193769189813,3.1801001602419112,-102.57320483697134,-33.264233,26.519817,11.765627,95.38047,-26.17528,-6.0640836,-11.308588,-2.1216831,-2.559231,48.780727,-29.990051,5.925246,3.383664,4.2746797,25.152235,25.769619,34.20591,-4.337675,-20.347513,20.958178,-2.809857,14.295718,-24.81916,-33.10346,32.00552,-42.074215,-14.668539,-6.8363485,-13.627814
268,-1.3131020069122314,-231.854248046875,73.81910705566406,-3.337081802230976,3.46551217957127,-102.62297775400941,-34.626472,26.61668,12.949921,91.18799,-25.598799,-6.039379,-9.676197,-2.7703006,-1.8051937,48.258293,-28.509703,6.394719,4.553945,4.219131,24.545275,27.295948,33.66718,-4.0768423,-21.524408,20.83162,-2.9515266,14.171069,-24.472609,-33.15058,31.992847,-41.8958,-14.5831175,-6.7495975,-13.716357
269,-1.198033094406128,-233.95962524414062,74.2186279296875,-3.0356454339870824,3.794856397447681,-102.571158584714,-35.796783,26.371151,13.999975,86.51082,-24.900488,-6.1547728,-8.225973,-3.4079363,-1.1212137,47.944473,-26.443657,6.772369,5.6017914,4.1852922,23.911436,28.592148,33.1574,-3.8264062,-22.49896,20.74679,-3.1162608,13.984585,-23.986893,-33.224205,31.939636,-41.745987,-14.578685,-6.5981503,-13.652703
270,-1.072090744972229,-236.0961151123047,74.64249420166016,-2.7579583365439033,4.158242494194806,-102.44256841637649,-36.743576,25.836235,14.983944,81.32808,-24.079948,-6.4024024,-6.9084663,-4.0238442,-0.46115696,47.77264,-23.838839,7.0872602,6.5561857,4.1601653,23.25419,29.704987,32.680523,-3.5719583,-23.32518,20.717134,-3.2857573,13.720002,-23.36188,-33.323895,31.860987,-41.621414,-14.657146,-6.3831844,-13.4719515
271,-0.9311263561248779,-238.2559814453125,75.06510925292969,-2.505293581929549,4.48057408763444,-102.2340776068799,-37.390484,25.061321,15.8713,75.77826,-23.137062,-6.8029284,-5.6482143,-4.635407,0.07774,47.741447,-20.98961,7.285652,7.399654,4.1455746,22.6485,30.628014,32.247826,-3.331711,-24.054466,20.665716,-3.416365,13.438604,-22.628853,-33.44325,31.755003,-41.51897,-14.789701,-6.1599083,-13.245396
272,-0.7798875570297241,-240.43247985839844,75.48358154296875,-2.273994102154375,4.6862282927569385,-101.94670943871967,-37.66629,24.095839,16.63486,69.98077,-22.049461,-7.3735313,-4.3672185,-5.269668,0.39187968,47.83546,-18.173721,7.3044677,8.12121,4.141818,22.169447,31.352024,31.875887,-3.1271873,-24.735033,20.515602,-3.4637303,13.203275,-21.810926,-33.571632,31.61722,-41.44054,-14.951811,-5.983724,-13.043613
273,-0.6268517971038818,-242.6339111328125,75.8895492553711,-2.051622695957864,4.742372712886613,-101.54477451682807,-37.499523,22.85111,17.216059,63.716503,-20.754776,-8.095114,-3.0186512,-5.96098,0.40891394,47.999077,-15.191982,7.125025,8.698102,4.1495295,21.85202,31.85905,31.573805,-2.9793465,-25.326326,20.187061,-3.4005644,13.054749,-20.881182,-33.700085,31.424343,-41.367332,-15.177783,-5.8758197,-12.855193
274,-0.48499348759651184,-244.84019470214844,76.27118682861328,-1.8502089371499484,4.687853026721427,-101.04603901122886,-36.92512,21.348444,17.614687,56.92805,-19.250845,-8.943058,-1.6408163,-6.6785913,0.18049635,48.246452,-11.966167,6.780924,9.152288,4.1795654,21.651417,32.16526,31.34671,-2.864,-25.82507,19.737675,-3.2531183,12.956231,-19.831802,-33.82535,31.180588,-41.305065,-15.47054,-5.805889,-12.6505
275,-0.35412949323654175,-247.05514526367188,76.61741638183594,-1.7035743024190468,4.555158787368077,-100.53027017745765,-36.046623,19.802992,17.895334,49.98026,-17.606022,-9.9298525,-0.2841369,-7.365146,-0.21481349,48.666862,-8.963461,6.266567,9.5352745,4.245039,21.523169,32.31885,31.206177,-2.7302568,-26.335056,19.293203,-3.0576541,12.852976,-18.733421,-33.94544,30.922728,-41.27241,-15.746993,-5.7507763,-12.471697
276,-0.22324150800704956,-249.2764434814453,76.90970611572266,-1.6440804218742184,4.378213720059301,-100.07730944786397,-34.98723,18.42674,18.135946,43.257442,-15.884671,-11.07597,0.9984499,-7.9740353,-0.68889564,49.34927,-6.6614804,5.5612855,9.899318,4.3546643,21.423151,32.372757,31.165152,-2.5254836,-26.96589,18.978205,-2.8501892,12.689036,-17.652292,-34.057602,30.689943,-41.29456,-15.929675,-5.686409,-12.361263
277,-0.09737695008516312,-251.5076446533203,77.12250518798828,-1.7108664234021729,4.127195177383224,-99.6996468795362,-33.656,17.229958,18.327414,36.54709,-13.917003,-12.581788,2.2559102,-8.494296,-1.2455678,50.286114,-5.185715,4.48792,10.26711,4.5472484,21.361156,32.345795,31.243011,-2.2212434,-27.75885,18.850616,-2.6181197,12.36974,-16.562744,-34.156506,30.484146,-41.382587,-16.001156,-5.600268,-12.337238
278,0.024358078837394714,-253.73849487304688,77.26155853271484,-1.9142933307766297,3.7775628974503817,-99.37909615053908,-31.962706,16.164005,18.416906,29.598892,-11.662198,-14.363749,3.5227263,-8.934811,-1.9067695,51.42459,-4.291474,3.076,10.632444,4.842542,21.362816,32.229256,31.442118,-1.8442775,-28.669853,18.828823,-2.3484955,11.953561,-15.4394455,-34.239594,30.28298,-41.523537,-16.00252,-5.507015,-12.372511
279,0.16592523455619812,-255.94375610351562,77.31684875488281,-2.109832189821578,3.420782151539618,-99.05127940038355,-30.05025,15.024071,18.54399,22.594711,-9.278332,-15.000033,4.665933,-9.442145,-2.6190562,52.866684,-3.9567049,1.6834528,10.908384,5.1008883,21.387825,32.03572,31.738798,-1.4269135,-29.678953,18.830528,-2.0774398,11.61167,-14.355873,-34.312515,30.096472,-41.696762,-15.942484,-5.422383,-12.440156
280,0.3098292946815491,-258.1231994628906,77.29981231689453,-2.3984713416630723,3.063190627208379,-98.83094592956452,-28.191368,14.178076,18.662258,16.327402,-7.21011,-15.000033,5.6418,-9.835378,-3.2621415,54.590508,-4.058466,0.57216275,11.166698,5.412342,21.429571,31.765701,32.092785,-0.9981834,-30.751825,18.778555,-1.8426565,11.511457,-13.400545,-34.38362,29.945898,-41.873207,-15.827398,-5.3616314,-12.516657
281,0.46185529232025146,-260.2720031738281,77.23150634765625,-2.8081689061321202,2.758074118043105,-98.75624053304556,-26.629995,13.824635,18.807837,11.266909,-5.764212,-15.000033,6.390817,-10.111432,-3.8718662,56.669327,-4.787668,-0.14380908,11.417246,5.783286,21.435059,31.409222,32.48164,-0.5563937,-31.886292,18.68044,-1.6570617,11.732165,-12.642833,-34.45611,29.88345,-42.040623,-15.597042,-5.314724,-12.626792
282,0.6140362024307251,-262.4000244140625,77.11602783203125,-3.243151406716801,2.5172218823875445,-98.74916785961065,-25.393885,13.763506,19.008106,7.33491,-4.850231,-15.000033,6.906632,-10.401642,-4.4636683,59.131985,-6.155354,-0.6085285,11.596817,6.12452,21.406363,30.946257,32.90234,-0.086540155,-33.07043,18.578945,-1.5054529,12.165424,-12.052538,-34.525524,29.906252,-42.192623,-15.268732,-5.2786217,-12.778572
283,0.7755842804908752,-264.4914855957031,76.96951293945312,-3.5848001981558695,2.3204896483454442,-98.73165446999437,-25.67732,14.188631,18.980917,7.1913033,-5.7135105,-15.000033,7.1805167,-10.74949,-4.9236217,61.892376,-7.754292,-0.949735,11.651954,6.3395405,21.393488,30.337875,33.343693,0.3950182,-34.231796,18.454374,-1.3846909,12.6986065,-11.568972,-34.58411,29.950382,-42.31173,-14.966832,-5.279242,-12.926416
284,0.9360865950584412,-266.54473876953125,76.7979965209961,-3.761914160395277,2.127945474148274,-98.64811944806553,-25.721693,14.391218,19.132032,7.1319413,-6.240229,-15.000033,7.2298555,-11.122306,-5.1509223,64.82928,-9.147271,-1.311404,11.549418,6.383133,21.453531,29.549026,33.791817,0.8675784,-35.303833,18.289793,-1.2909508,13.218935,-11.123161,-34.625473,29.94851,-42.387676,-14.815819,-5.3411994,-13.0224
285,1.0926457643508911,-268.58050537109375,76.59461975097656,-3.768849427545991,1.9215479991183086,-98.50507600997345,-25.476315,14.366479,19.627337,7.1410074,-6.592195,-15.000033,7.0356264,-11.416968,-5.0446067,67.99438,-10.18595,-1.7038989,11.284322,6.257922,21.607153,28.564562,34.237503,1.3183053,-36.285595,18.040016,-1.2352531,13.754257,-10.739494,-34.6475,29.898277,-42.41189,-14.891989,-5.495736,-13.046457
286,1.2529644966125488,-270.603515625,76.35769653320312,-3.6198098883248186,1.7364620328315035,-98.31585038229672,-24.991804,14.16142,20.41452,7.229602,-6.7956357,-15.000033,6.5921817,-11.669025,-4.709811,71.42244,-11.10464,-2.0359333,10.860962,5.9619107,21.811878,27.391853,34.682854,1.7519857,-37.19351,17.734718,-1.219129,14.34258,-10.448536,-34.648457,29.83535,-42.381504,-15.11523,-5.7213054,-13.027374
287,1.3984012603759766,-272.6160888671875,76.10318756103516,-3.3003607504749075,1.591417072610621,-98.05409003646345,-24.332333,13.74923,21.148956,7.422988,-6.485825,-15.000033,5.962538,-12.01713,-4.3434606,74.946205,-12.030385,-2.3036256,10.279413,5.4703574,22.037176,26.036549,35.13479,2.1732633,-37.989624,17.468231,-1.2212908,14.887846,-10.193849,-34.62563,29.750643,-42.29091,-15.37177,-5.96248,-12.987333
288,1.577394962310791,-274.53009033203125,75.9145736694336,-2.8361662453491716,1.4813421657010448,-97.71487543305038,-24.909475,13.66573,21.132061,10.759263,-6.8790836,-15.000033,5.2266836,-12.571655,-4.11685,78.39781,-13.091183,-2.5232716,9.564545,4.8035054,22.261393,24.509134,35.604813,2.5818226,-38.646217,17.332077,-1.2170022,15.294749,-9.909111,-34.5803,29.629704,-42.143715,-15.547362,-6.163455,-12.944525
289,1.7831298112869263,-276.4075622558594,75.68946075439453,-2.0747262892949614,1.446219737051078,-97.13330019269719,-26.484629,13.188057,20.093163,16.388891,-6.6377954,-12.69565,4.4141903,-13.549603,-4.092177,81.86135,-14.385638,-2.5669005,8.5563,3.8287647,22.459383,22.797033,36.09291,2.9800951,-39.190624,17.330658,-1.1924068,15.502363,-9.598485,-34.52096,29.4637,-41.943577,-15.591908,-6.310387,-12.896999
290,1.9654523134231567,-278.3126220703125,75.36827087402344,-1.3392446203513322,1.3328330591008506,-96.52498143154847,-28.25177,12.629094,18.63436,22.93709,-5.3874393,-9.386221,3.609778,-14.49585,-4.1207957,85.31472,-15.778558,-2.5563436,7.4536076,2.8790157,22.702097,20.928434,36.59485,3.3551588,-39.654938,17.418674,-1.158035,15.575069,-9.257764,-34.45963,29.251915,-41.71423,-15.56878,-6.4304104,-12.8300495
291,2.1142525672912598,-280.23974609375,74.95381164550781,-0.7628587423982487,1.0969443037789866,-96.02182640765736,-29.635687,12.164598,17.374453,29.18458,-4.0720124,-6.2220435,2.80137,-15.259733,-4.16065,88.62048,-17.192549,-2.5979857,6.412214,2.0883522,23.008799,18.961332,37.117966,3.6731884,-40.008415,17.60926,-1.1231301,15.607835,-8.797964,-34.405445,28.98644,-41.495377,-15.536572,-6.529153,-12.7420225
292,2.267333984375,-282.1330871582031,74.50748443603516,-0.2821098001399221,0.7888654551975559,-95.65091557208576,-30.274395,11.79171,16.704226,34.24844,-3.9447043,-3.8943076,1.889712,-15.92108,-4.1802516,91.67875,-18.576887,-2.7356951,5.49786,1.3864355,23.349264,16.911692,37.679825,3.8868184,-40.191204,17.914156,-1.0981561,15.697435,-8.135491,-34.3601,28.652096,-41.32,-15.555925,-6.6142335,-12.636903
293,2.4241223335266113,-284.0086669921875,74.09059143066406,0.22613802775684808,0.4409551682621522,-95.36596648351964,-30.28281,11.490089,16.611427,38.45839,-5.976439,-2.5237646,0.8121845,-16.635302,-4.1424503,94.58775,-19.9854,-3.0011985,4.7027392,0.64398974,23.717155,14.673122,38.312447,3.9489005,-40.157383,18.379522,-1.1052084,15.878569,-7.2038703,-34.318745,28.194984,-41.191048,-15.643915,-6.7160525,-12.538255
294,2.5548202991485596,-285.897216796875,73.7216796875,0.7871557158122261,0.07264006047768949,-95.11921910408566,-29.962942,11.194144,16.770235,42.42088,-9.518329,-1.6973635,-0.41818154,-17.426548,-4.080978,97.38227,-21.429626,-3.3404133,3.9823027,-0.16755326,24.090462,12.164254,39.01961,3.8140628,-39.882454,18.974031,-1.1272346,16.109865,-6.028878,-34.278286,27.601967,-41.10858,-15.766883,-6.8238773,-12.440721
295,2.6752636432647705,-287.7956237792969,73.42018127441406,1.3220433806605651,-0.2842618652398885,-94.93919145123746,-29.316366,10.896269,17.03347,45.890053,-13.538519,-1.256436,-1.8040488,-18.188631,-4.0566673,99.87141,-22.799517,-3.6737533,3.3339968,-0.96417314,24.423517,9.466747,39.75944,3.4710717,-39.35517,19.59385,-1.1173512,16.367132,-4.6835914,-34.237286,26.938019,-41.102623,-15.908179,-6.8831644,-12.306647
296,2.8168230056762695,-289.69384765625,73.18255615234375,1.7416944493563222,-0.6029906840083258,-94.85728422298303,-28.313215,10.593921,17.292158,48.55105,-16.955507,-1.0434865,-3.352567,-18.814579,-4.1360188,101.8697,-23.980453,-3.927143,2.7276285,-1.653461,24.688452,6.7561955,40.46265,2.9856145,-38.62859,20.147955,-1.0343268,16.613098,-3.2810206,-34.19552,26.305862,-41.183006,-16.051773,-6.8381248,-12.096994
297,2.97725248336792,-291.5882568359375,73.02835083007812,2.047398799125194,-0.8967408823846745,-94.90035204421294,-26.822472,10.277563,17.591309,50.19367,-19.580715,-1.1299375,-5.0971746,-19.375332,-4.339251,103.358315,-24.951462,-4.103174,2.1315067,-2.2323895,24.930061,4.125684,41.072685,2.4471405,-37.726105,20.761696,-0.8654011,16.844877,-1.8740467,-34.14803,25.76839,-41.32428,-16.246101,-6.6155977,-11.789456
298,3.1341731548309326,-293.4980773925781,72.94469451904297,2.2816263860233645,-1.171298315405706,-95.04466382220006,-24.902529,9.969167,17.999222,51.044243,-21.96625,-1.5545759,-7.0333953,-19.911137,-4.634264,104.42014,-25.754673,-4.241797,1.5153501,-2.7441137,25.162043,1.5944881,41.572605,1.9090214,-36.705074,21.453247,-0.642768,17.055511,-0.47563183,-34.090786,25.326008,-41.486534,-16.486628,-6.263716,-11.407557
299,3.2913033962249756,-295.4144287109375,72.90262603759766,2.4194085286044373,-1.391462695272874,-95.24514122130132,-22.786777,9.706784,18.439426,51.40243,-24.120516,-2.1161225,-9.1094265,-20.268063,-5.024645,105.022514,-26.36849,-4.326925,0.8476525,-3.1597652,25.317307,-0.73520356,41.964596,1.4156111,-35.68214,21.974428,-0.3978495,17.198599,0.86109126,-34.02983,24.99116,-41.656,-16.679548,-5.9073176,-10.980908
300,3.4506444931030273,-297.33685302734375,72.89704895019531,2.4325663995132216,-1.5230723864534153,-95.45667192524257,-20.708572,9.529706,18.824116,51.570477,-26.051891,-2.6182604,-11.270142,-20.29369,-5.519535,105.12953,-26.772558,-4.339044,0.10463751,-3.4504883,25.32887,-2.782479,42.265923,0.9957254,-34.761944,22.073715,-0.16373992,17.232725,2.1002448,-33.977814,24.764275,-41.831593,-16.728409,-5.668899,-10.54262
301,3.6170477867126465,-299.2721862792969,72.93214416503906,2.2774529003821935,-1.5488314619704162,-95.71249537656107,-18.65365,9.4928665,19.167063,51.50578,-27.851261,-3.0377238,-13.582819,-19.94113,-6.1435823,104.74027,-26.950188,-4.3135853,-0.70665085,-3.5717733,25.156181,-4.5376835,42.485813,0.6783799,-33.919655,21.53322,0.080600984,17.090649,3.244987,-33.945423,24.649208,-42.02759,-16.608896,-5.585472,-10.062378
302,3.77659273147583,-301.20172119140625,73.0047378540039,1.9809799461030697,-1.4939309679998598,-96.01932108686681,-16.518494,9.56757,19.506414,51.087414,-29.481916,-3.4824553,-16.033428,-19.30709,-6.90409,103.85492,-26.914244,-4.2371902,-1.5805928,-3.5470676,24.854431,-6.011319,42.631557,0.46757066,-33.136383,20.53938,0.34391558,16.8165,4.320182,-33.938328,24.63897,-42.251614,-16.370787,-5.586213,-9.538208
303,3.9244401454925537,-303.1290588378906,73.12271118164062,1.6238805761937576,-1.3860503316249428,-96.29357359468487,-14.398638,9.666249,19.781328,50.495804,-30.76485,-3.945394,-18.448565,-18.46135,-7.7729864,102.43818,-26.694132,-4.0186195,-2.5330546,-3.4477787,24.497986,-7.2230954,42.730026,0.31710926,-32.471832,19.43534,0.5743298,16.53719,5.344608,-33.960747,24.70176,-42.50764,-16.02578,-5.63134,-9.048059
304,4.047574043273926,-305.05657958984375,73.29714965820312,1.2851565952843467,-1.25022084649294,-96.45209843822522,-12.38975,9.699077,19.922724,49.91143,-31.529617,-4.406492,-20.665083,-17.47522,-8.702385,100.45952,-26.325846,-3.5728326,-3.5704875,-3.348901,24.15621,-8.202192,42.81621,0.16529118,-31.98391,18.55732,0.71696967,16.380846,6.3444123,-34.015095,24.798616,-42.805996,-15.583881,-5.683207,-8.669107
305,4.149697780609131,-306.9902038574219,73.52622985839844,0.9660532040797256,-1.0748288679367108,-96.43621855952246,-10.497374,9.62832,19.879501,49.29541,-31.752028,-4.8337855,-22.681068,-16.350698,-9.712908,97.8717,-25.84909,-2.9019406,-4.7340326,-3.253884,23.828478,-8.96811,42.91904,-0.024250207,-31.685331,17.936579,0.763415,16.41423,7.3365636,-34.106594,24.926855,-43.170868,-14.959648,-5.7494116,-8.43959
306,4.231961250305176,-308.94232177734375,73.80154418945312,0.6364809289288159,-0.8510940157202586,-96.30204254409043,-8.676693,9.505547,19.69054,48.58236,-31.52208,-5.2386494,-24.567408,-15.091975,-10.781463,94.69341,-25.266914,-2.0586727,-5.9936304,-3.132939,23.486422,-9.522434,43.04342,-0.23339635,-31.53793,17.39871,0.74382895,16.567772,8.328811,-34.234737,25.087011,-43.60914,-14.172176,-5.8456674,-8.312412
307,4.301329612731934,-310.908203125,74.12606811523438,0.3206341153177843,-0.6067375360044267,-96.138507263975,-6.949533,9.369,19.413868,47.91584,-30.842308,-5.6552444,-26.27592,-13.753125,-11.780864,90.99437,-24.554537,-1.0292625,-7.251881,-3.0105162,23.152359,-9.872298,43.181023,-0.44122127,-31.509071,16.972996,0.65732473,16.759682,9.322489,-34.38945,25.253212,-44.090137,-13.393799,-5.9480953,-8.235827
308,4.361757755279541,-312.8892822265625,74.4856185913086,0.04327002107643037,-0.37081259307834386,-96.03472037459537,-5.3384457,9.25496,19.111135,47.441032,-29.715702,-6.1218033,-27.749077,-12.366072,-12.603673,86.836395,-23.681438,0.19801727,-8.410228,-2.9081883,22.844532,-10.025751,43.31598,-0.62923354,-31.567598,16.693869,0.5038836,16.906588,10.313737,-34.55554,25.399443,-44.573288,-12.797672,-6.0330215,-8.1570835
309,4.405458450317383,-314.88763427734375,74.86647033691406,-0.19385443184727824,-0.12631348559352004,-96.00587485141354,-3.8533356,9.149424,18.770323,47.161034,-28.060324,-6.6995745,-29.005589,-10.8292675,-13.174287,82.13835,-22.593477,1.7157167,-9.452171,-2.8210804,22.54523,-9.977028,43.44271,-0.802321,-31.714043,16.62293,0.25027657,17.013372,11.293662,-34.7248,25.537971,-45.03856,-12.413755,-6.105324,-8.094909
310,4.432397842407227,-316.9040222167969,75.2673110961914,-0.4009386506720636,0.13318568355914118,-96.00543702191591,-2.4795926,9.0206785,18.356892,47.00633,-25.905165,-7.35999,-30.034649,-9.168185,-13.537068,76.869,-21.337215,3.4609132,-10.430033,-2.7414846,22.246403,-9.721051,43.563667,-0.9664484,-31.961964,16.730978,-0.09232088,17.112574,12.249991,-34.89536,25.68458,-45.48716,-12.1581335,-6.175453,-8.063357
311,4.435153961181641,-318.9361572265625,75.68001556396484,-0.5650238692343084,0.36352516594067974,-96.0297165794181,-1.1999824,8.875863,17.902765,47.002853,-23.410358,-8.011379,-30.735388,-7.5660186,-13.785257,71.147766,-20.000418,5.2366195,-11.347777,-2.6867151,21.978695,-9.285653,43.673782,-1.1103586,-32.28151,16.914902,-0.45758584,17.160973,13.175833,-35.06176,25.815956,-45.91886,-12.033311,-6.2262383,-8.003575
312,4.432617664337158,-320.97601318359375,76.08644104003906,-0.6760547077853184,0.5208296402528977,-96.07640339991603,0.0038492687,8.728706,17.448746,47.175323,-20.72676,-8.562289,-31.01728,-6.1794043,-14.034802,65.07879,-18.643532,6.8666515,-12.205275,-2.673218,21.77227,-8.6901865,43.76271,-1.22218,-32.65007,17.07452,-0.7804312,17.11299,14.071742,-35.218025,25.902567,-46.33386,-12.043972,-6.240602,-7.855185
313,4.424154758453369,-323.0354919433594,76.48424530029297,-0.7543412510726366,0.5943800733089661,-96.16476042297563,1.1243762,8.61375,17.02755,47.518867,-17.58844,-9.085379,-30.767914,-4.958399,-14.408391,58.401268,-17.194805,8.396496,-12.992512,-2.6847034,21.64873,-7.896593,43.819153,-1.2963846,-33.093876,17.204613,-1.0564704,16.970554,14.957398,-35.35503,25.924181,-46.726894,-12.254432,-6.2225976,-7.5859194
314,4.415350914001465,-325.11700439453125,76.86300659179688,-0.7828389629634908,0.6034222103845653,-96.28377903272043,2.162216,8.474098,16.602644,48.00346,-13.998548,-9.631642,-30.023075,-3.80995,-14.8149395,51.04075,-15.577055,9.910209,-13.715292,-2.736285,21.582722,-6.9124346,43.84315,-1.3455579,-33.609814,17.356493,-1.3183385,16.749287,15.830539,-35.472008,25.896622,-47.096657,-12.645497,-6.180751,-7.230162
315,4.404214859008789,-327.2142639160156,77.20500183105469,-0.6925209434807118,0.5476286076635349,-96.38487255001219,3.152934,8.206829,16.13526,48.615685,-10.503109,-10.0524435,-28.926208,-2.8210783,-15.078259,43.38991,-13.833705,11.303912,-14.395159,-2.893957,21.535482,-5.830148,43.845123,-1.3864578,-34.136154,17.511522,-1.5558745,16.424677,16.65904,-35.581993,25.8367,-47.455795,-13.089036,-6.1035237,-6.828028
316,4.39019775390625,-329.32318115234375,77.49584197998047,-0.4149010164872665,0.4251112071437813,-96.42036614573618,4.135534,7.736636,15.613008,49.353924,-7.65055,-10.160344,-27.643682,-2.108858,-15.036709,35.899353,-12.032553,12.470934,-15.052973,-3.2232966,21.469769,-4.7333646,43.840076,-1.4320011,-34.61898,17.648544,-1.7576073,15.9747715,17.42337,-35.706703,25.75447,-47.8326,-13.455164,-5.9772487,-6.421645
317,4.37241268157959,-331.4404296875,77.71546173095703,0.1514029387870613,0.19387639790083439,-96.37027771614093,5.1329513,6.875395,14.866715,50.205658,-5.515672,-9.695898,-26.082962,-1.7225122,-14.56804,28.347883,-10.051976,13.520941,-15.715105,-3.8295844,21.386621,-3.5985374,43.834877,-1.465951,-35.076077,17.751635,-1.9153297,15.333853,18.178127,-35.862873,25.633474,-48.267708,-13.735255,-5.776114,-6.0002203
318,4.351593017578125,-333.5644226074219,77.86067962646484,1.0438061112017372,-0.16724200883541546,-96.23078748927658,6.1800046,5.617931,13.98613,51.120205,-3.7739697,-8.777699,-24.144346,-1.7412325,-13.786234,20.539232,-7.863343,14.493739,-16.396778,-4.760803,21.29898,-2.373946,43.83212,-1.4754051,-35.547623,17.829067,-2.0358856,14.53434,18.956799,-36.055603,25.457525,-48.78472,-13.987451,-5.5135484,-5.5531154
319,4.32437801361084,-335.6893615722656,77.91947937011719,2.161528318730348,-0.6118330505604216,-96.01301303961144,7.2853575,4.2873945,13.34003,52.119358,-2.4350493,-7.764368,-22.060286,-2.1929338,-12.956044,13.046665,-5.7019844,15.000033,-17.071321,-5.9202695,21.192146,-1.1224889,43.843185,-1.4852265,-35.993877,17.893,-2.129186,13.702044,19.70206,-36.288715,25.240501,-49.373623,-14.181799,-5.2331476,-5.123311
320,4.295426845550537,-337.7993469238281,77.90873718261719,3.252133830627815,-1.0425584165529584,-95.75677719874574,8.375045,3.3914444,13.2743225,53.30271,-1.580667,-7.0302486,-20.488422,-2.967938,-12.37417,7.254161,-4.2275763,15.000033,-17.679943,-7.041305,21.062092,0.052072614,43.876827,-1.5409783,-36.339745,17.954563,-2.2042944,12.971759,20.322887,-36.56084,25.00372,-49.996067,-14.28577,-4.979349,-4.756323
321,4.265025615692139,-339.88519287109375,77.85035705566406,4.114692958122355,-1.3548176810698005,-95.49220851970374,9.409024,3.3843303,14.114885,54.775925,-1.4066263,-6.7787175,-21.30208,-4.2913055,-12.098263,7.0200744,-5.4931498,14.962358,-18.17936,-7.882504,20.886196,1.0727422,43.9359,-1.6870719,-36.550037,17.994135,-2.2439353,12.349853,20.762207,-36.87056,24.749794,-50.625835,-14.269671,-4.729574,-4.4338727
322,4.210070610046387,-341.9354553222656,77.75335693359375,4.714314337593625,-1.5624359165755706,-95.29242295602015,10.366861,4.2023606,15.610822,56.625202,-1.9311687,-6.800127,-22.078377,-5.3070164,-12.073861,6.9081926,-6.69785,13.941194,-18.511145,-8.438071,20.671448,1.982979,43.993446,-1.9095492,-36.62285,18.038391,-2.2546082,11.756056,20.904518,-37.08625,24.560934,-51.08539,-14.18719,-4.4709682,-4.10999
323,4.148935317993164,-343.9517822265625,77.6199722290039,5.116933758422847,-1.730276025788094,-95.13584649052147,11.178729,5.4395375,17.203289,58.805233,-2.893137,-6.7724595,-22.708326,-6.026961,-12.200709,6.839975,-7.7686415,12.879658,-18.682156,-8.772252,20.511305,2.7669625,44.077133,-2.2095883,-36.540382,18.097582,-2.261849,11.27872,20.977848,-37.374916,24.314028,-51.593884,-14.037774,-4.2660437,-3.8845785
324,4.093303680419922,-345.9333801269531,77.447998046875,5.416157646269719,-1.9291047927585352,-95.01177115434588,11.740901,6.6367216,18.338604,61.250004,-4.0361376,-6.4001083,-23.093088,-6.4905796,-12.336533,6.7817817,-8.585086,12.235947,-18.734829,-9.016094,20.432215,3.50687,44.142475,-2.5231235,-36.292896,18.241009,-2.3110578,10.9409485,20.813038,-37.62092,24.116625,-51.93215,-13.887509,-4.1796737,-3.7813778
325,4.032668113708496,-347.88909912109375,77.2269515991211,5.772887340803839,-2.2028414011017254,-94.87844889800701,12.024456,7.5087714,18.87048,63.959717,-5.386938,-5.458938,-23.197783,-6.9459257,-12.545624,6.7902684,-9.355289,12.347238,-18.662317,-9.311281,20.42929,4.0901227,44.224976,-2.9496944,-35.812878,18.458572,-2.429311,10.819616,20.728865,-38.015114,23.815002,-52.41224,-13.7161875,-4.2559047,-3.8940768
326,3.963881254196167,-349.8226318359375,76.96561431884766,6.095367554702442,-2.50025172215037,-94.75480033408029,12.067733,8.315705,19.076948,66.93941,-7.049405,-4.1844225,-23.053175,-7.3560724,-12.866253,6.826873,-10.013351,12.85262,-18.48636,-9.574844,20.467184,4.6535892,44.278233,-3.3849533,-35.198242,18.761454,-2.6022854,10.8334,20.42999,-38.38124,23.54824,-52.75173,-13.533508,-4.461839,-4.122921
327,3.9226014614105225,-351.7584228515625,76.66204833984375,6.150514202631392,-2.745396188056716,-94.71578397075943,11.842562,9.32735,19.068184,70.0965,-8.852051,-2.9650002,-22.716757,-7.414901,-13.071911,6.8406954,-10.0807495,13.13599,-18.141546,-9.5502615,20.596083,5.1298943,44.30413,-3.8490129,-34.420097,19.1137,-2.7592556,10.93852,19.942064,-38.76289,23.296926,-53.003155,-13.320183,-4.7027774,-4.443104
328,3.916699171066284,-353.698486328125,76.33251190185547,5.7727134550114565,-2.8667650750323705,-94.83004317089026,11.348212,10.747367,18.980888,73.30568,-10.595458,-2.1619594,-22.312317,-6.886339,-12.884612,6.9107194,-9.155181,12.606938,-17.596958,-9.072345,20.835196,5.590629,44.294113,-4.2579174,-33.547653,19.493658,-2.8386917,11.058359,19.102074,-39.065945,23.129965,-53.030376,-13.076077,-4.8944845,-4.774266
329,3.9350430965423584,-355.5984191894531,76.01433563232422,4.745871454786948,-2.819068796886863,-95.1507255447078,10.546872,12.781964,18.789297,76.639435,-12.242541,-1.970704,-21.827675,-5.4232545,-12.108215,6.969706,-6.540661,11.041717,-16.78542,-7.8317995,21.213367,5.746159,44.180855,-4.817554,-32.362507,19.925219,-2.810594,11.287415,18.2245,-39.634872,22.906172,-53.17938,-12.7370205,-4.994516,-5.3037453
330,3.9091854095458984,-357.37908935546875,75.76078033447266,3.2895809977467447,-2.709824885619752,-95.59408275292313,9.522019,15.152779,18.39982,80.071396,-13.850454,-2.1766484,-21.223892,-3.2962906,-10.995296,7.0472255,-2.5420408,9.002317,-15.829953,-6.1404977,21.713615,5.962544,43.98565,-5.270261,-31.144646,20.432045,-2.7269824,11.568505,16.993982,-40.147964,22.77185,-53.123703,-12.371215,-5.07718,-5.885066
331,3.8876235485076904,-359.153076171875,75.44938659667969,1.8138284463509065,-2.6738156655494207,-96.0283463086281,8.422496,17.446669,17.860853,83.38182,-15.394874,-2.5257618,-23.142117,-1.5756601,-9.8571615,12.896236,-1.2613415,6.9571643,-14.877717,-4.4422307,22.258133,6.2148604,43.728237,-5.6498036,-29.836279,20.94503,-2.6072347,11.777122,15.546196,-40.628952,22.704527,-52.955322,-11.992361,-5.1369157,-6.432874
332,3.9040169715881348,-360.978759765625,75.02388000488281,0.654859305502461,-2.7886168093519106,-96.3505310100852,7.329719,19.358818,17.263134,86.40151,-16.872486,-2.7554345,-24.807426,-0.27615345,-9.195947,18.646984,-0.79820025,5.0321155,-14.038638,-3.0904474,22.80237,6.5485115,43.418903,-5.9260664,-28.45833,21.39559,-2.478612,11.782532,13.998254,-41.092403,22.660252,-52.76534,-11.611089,-5.1767545,-6.8454924
333,3.9238698482513428,-362.7750244140625,74.53668975830078,-0.18664123196342666,-3.075846920467256,-96.57308593003374,6.2453585,20.91706,16.605686,89.2155,-18.3123,-2.8449488,-26.424688,0.39575952,-8.9661045,24.933947,-1.6980097,2.7149613,-13.303375,-2.0897608,23.382093,6.968032,43.06083,-6.063138,-26.996374,21.800476,-2.3523417,11.501415,12.298761,-41.557125,22.626999,-52.55593,-11.165337,-5.169513,-7.0373163
334,3.9292209148406982,-364.51715087890625,74.06342315673828,-0.8286631348632079,-3.488446031781972,-96.7266028493408,5.114738,22.219946,15.871298,91.88694,-19.71299,-2.8950474,-28.002932,0.6056712,-8.883075,31.75794,-3.4449708,-0.062535115,-12.638078,-1.304783,24.01692,7.460344,42.653305,-6.074824,-25.458233,22.177452,-2.2157223,11.024193,10.413773,-42.02723,22.635492,-52.30771,-10.659966,-5.1216364,-7.0954113
335,3.9406180381774902,-366.2610778808594,73.6308822631836,-1.3292343281784413,-3.9219255220420743,-96.80783872613158,3.83845,23.333525,15.119219,94.289154,-21.052816,-2.8779757,-29.171347,0.54232246,-8.810137,38.04392,-5.629747,-2.6686006,-12.034819,-0.65170485,24.638134,8.022352,42.188396,-6.021857,-23.87691,22.468164,-2.060375,10.484891,8.44264,-42.483448,22.709913,-52.03154,-10.210986,-5.0880594,-7.1682105
336,3.9680116176605225,-368.0316467285156,73.24849700927734,-1.7699030464119223,-4.264228329977755,-96.82547957938803,2.3018699,24.355606,14.396764,96.2981,-22.3075,-2.7710848,-29.667646,0.4990924,-8.72217,42.899498,-7.862497,-4.386979,-11.46112,-0.022863457,25.170403,8.626733,41.656094,-5.9868374,-22.265615,22.617764,-1.8750697,10.016792,6.4940934,-42.892456,22.855017,-51.732063,-9.936323,-5.1253333,-7.3966455
337,3.976787567138672,-369.8035583496094,72.92662048339844,-2.2281080947155134,-4.464508411969427,-96.81625072377314,0.39012796,25.392883,13.6598015,97.9477,-23.527805,-2.516924,-29.445778,0.6290362,-8.719344,46.167698,-10.311439,-4.8325152,-10.87447,0.6600253,25.596367,9.211812,41.033543,-6.0255556,-20.470146,22.547523,-1.6013279,9.655717,4.52567,-43.230465,23.104355,-51.342224,-9.905481,-5.3058343,-7.8677177
338,3.9817566871643066,-371.562255859375,72.6615982055664,-2.6932270530290165,-4.569587554911965,-96.78768338953498,-1.8498594,26.42503,12.882829,99.29592,-24.703161,-2.1524396,-28.74873,0.8186695,-8.846892,48.501175,-13.196629,-4.4563966,-10.266225,1.3816025,25.941343,9.765075,40.315395,-6.1185455,-18.495193,22.320335,-1.2622192,9.329595,2.4869497,-43.48652,23.444702,-50.850006,-10.051002,-5.577268,-8.482598
339,3.992339611053467,-373.314208984375,72.47858428955078,-3.101487952231921,-4.620764458691961,-96.69371612549546,-4.2839003,27.347696,12.150133,100.25474,-25.716526,-1.7811168,-27.743448,0.9617263,-9.056096,50.227257,-16.16108,-3.7529848,-9.658911,2.0812323,26.19775,10.339164,39.53525,-6.2359576,-16.5926,22.087627,-0.9656917,9.0133705,0.4958636,-43.65059,23.790209,-50.35075,-10.284873,-5.811242,-9.096343
340,3.998767852783203,-375.0733947753906,72.36882019042969,-3.392534219987352,-4.662291532449805,-96.48497678555489,-6.764072,28.066208,11.546881,100.73924,-26.45336,-1.5242546,-26.572746,0.95796365,-9.248668,51.633286,-18.818651,-3.1905694,-9.073791,2.6921587,26.3656,10.990778,38.7513,-6.3519063,-15.03036,21.989075,-0.8155496,8.686794,-1.305382,-43.71916,24.040424,-49.958294,-10.519354,-5.8840027,-9.558794
341,4.002004623413086,-376.83990478515625,72.31267547607422,-3.545111078532668,-4.72798901722059,-96.05284413320467,-9.31232,28.583933,11.078109,100.734856,-26.855486,-1.3950183,-25.156439,0.7178207,-9.433816,52.69442,-21.12419,-2.8202772,-8.559168,3.1797936,26.474152,11.681846,38.00058,-6.4962525,-13.804047,22.09693,-0.858934,8.315047,-2.819605,-43.68072,24.093243,-49.731655,-10.808678,-5.7087655,-9.797186
342,3.9998254776000977,-378.5987243652344,72.31375122070312,-3.5909412783969588,-4.790855492402412,-95.45657964426891,-11.960757,28.932602,10.740411,100.27547,-26.98988,-1.3419691,-23.446095,0.30213317,-9.651867,53.283306,-23.261564,-2.4143286,-8.066897,3.569528,26.522474,12.389708,37.29252,-6.6902156,-12.801055,22.30195,-1.0287318,7.928834,-4.098939,-43.53684,23.984175,-49.61983,-11.174233,-5.3730054,-9.891781
343,3.998852252960205,-380.3460693359375,72.36072540283203,-3.5469925901632666,-4.804329828650432,-94.89840989318549,-14.558334,29.08638,10.631776,99.355576,-26.945267,-1.3743722,-21.633163,-0.16002637,-9.804674,53.53328,-25.171747,-1.9982985,-7.4920444,3.8787158,26.468187,13.214981,36.643948,-6.8726707,-12.137518,22.466866,-1.2592857,7.6041183,-5.2760553,-43.31842,23.849323,-49.540287,-11.463541,-5.0171022,-9.927973
344,4.024148464202881,-382.0957336425781,72.44549560546875,-3.433621913593756,-4.719472353527569,-94.57967530886773,-16.959114,29.040249,10.831937,97.97164,-26.813185,-1.5020726,-19.914185,-0.545183,-9.783594,53.579872,-26.799025,-1.5964352,-6.74232,4.123006,26.275236,14.29116,36.069187,-6.9550495,-11.962198,22.451231,-1.4852629,7.41373,-6.4874105,-43.068623,23.833654,-49.428238,-11.518058,-4.779586,-10.005704
345,4.063633918762207,-383.8498229980469,72.5748062133789,-3.221223895668127,-4.511913646472592,-94.57602338075941,-19.140705,28.773102,11.404551,96.0847,-26.628843,-1.7219287,-18.309786,-0.84200484,-9.521762,53.359165,-28.17514,-1.2187928,-5.77628,4.2709885,25.924772,15.754741,35.570526,-6.8761168,-12.482256,22.189701,-1.7145512,7.409924,-7.7833714,-42.814167,23.984148,-49.299755,-11.218396,-4.703916,-10.170316
346,4.113041877746582,-385.6092224121094,72.74674987792969,-2.911835565819744,-4.209674874754711,-94.77194215168296,-21.15328,28.329252,12.291073,93.69979,-26.35473,-2.0381045,-16.734606,-1.1265321,-9.078156,52.835297,-29.313696,-0.8378008,-4.6655383,4.317215,25.456861,17.546005,35.13526,-6.6661515,-13.60847,21.75773,-1.9777678,7.5365252,-9.083667,-42.55519,24.23228,-49.207825,-10.671688,-4.7141705,-10.38051
347,4.16486120223999,-387.3777770996094,72.96385192871094,-2.5733689527070602,-3.84053525723374,-95.08211281485261,-22.978954,27.806143,13.359481,90.88323,-25.964066,-2.4747658,-15.22556,-1.4041642,-8.52712,52.183,-30.131876,-0.43030864,-3.4802065,4.3179555,24.918165,19.486444,34.749496,-6.3861756,-15.032438,21.230476,-2.2418532,7.7050405,-10.32528,-42.294827,24.535925,-49.14105,-10.051497,-4.769683,-10.603385
348,4.229290008544922,-389.1438903808594,73.22008514404297,-2.2683548284709385,-3.433273706997262,-95.42152057115678,-24.59496,27.28052,14.486803,87.69078,-25.432184,-3.056699,-13.816334,-1.6751827,-7.9420495,51.584423,-30.549135,0.015858142,-2.2898166,4.33103,24.348032,21.389017,34.401276,-6.096176,-16.433657,20.685389,-2.471033,7.8294163,-11.445802,-42.039085,24.8556,-49.08299,-9.534085,-4.8273015,-10.805537
349,4.30098819732666,-390.9202575683594,73.51737976074219,-2.002467080862231,-2.947365434581878,-95.820953079074,-26.017834,26.779911,15.726048,84.08425,-24.721712,-3.8830647,-12.529939,-1.9041536,-7.2826033,50.99868,-30.544724,0.5245372,-1.0594803,4.3701663,23.706087,23.252823,34.08846,-5.813877,-17.798796,20.088848,-2.6597404,7.9381614,-12.429298,-41.79511,25.179802,-49.05889,-9.143159,-4.8771524,-10.988384
350,4.3856730461120605,-392.7118835449219,73.84835052490234,-1.7496277078494924,-2.381590700904745,-96.30722628854978,-27.248884,26.254343,17.10401,80.03607,-23.859762,-4.91106,-11.346891,-2.098945,-6.5204716,50.36459,-30.164423,1.0750123,0.23926578,4.4012976,22.987274,25.141064,33.809082,-5.522308,-19.25884,19.420467,-2.825844,8.061047,-13.283061,-41.570133,25.512884,-49.084866,-8.794325,-4.9410143,-11.16502
351,4.4776482582092285,-394.5085144042969,74.20124053955078,-1.5151609047967638,-1.8248702717937109,-96.78978891260809,-28.24695,25.644411,18.465212,75.616486,-22.906551,-5.954492,-10.231224,-2.316393,-5.749204,49.829273,-29.432482,1.6019846,1.5238374,4.4223485,22.279732,26.963678,33.55304,-5.220297,-20.709589,18.780317,-2.9650455,8.115179,-13.987872,-41.369743,25.83458,-49.128853,-8.492351,-5.0212164,-11.322063
352,4.5850911140441895,-396.32220458984375,74.57150268554688,-1.298996645458588,-1.3672020911213865,-97.1788050879293,-28.968357,24.888544,19.66293,70.890144,-21.923025,-6.824736,-9.143182,-2.6117435,-5.0665474,49.539024,-28.376045,2.0419981,2.7097478,4.443236,21.669666,28.629032,33.308445,-4.9063344,-22.044695,18.272337,-3.070105,8.0182085,-14.530297,-41.20138,26.125473,-49.153927,-8.239594,-5.119885,-11.444323
353,4.709529399871826,-398.13702392578125,74.95663452148438,-1.086819072211969,-1.0148986416487824,-97.43981114843288,-29.399155,23.923077,20.693644,65.745674,-20.8935,-7.378915,-8.04817,-2.9956646,-4.4811916,49.477215,-26.931967,2.4403102,3.7755797,4.467532,21.163727,30.129396,33.065586,-4.5659795,-23.236134,17.948807,-3.1504035,7.697581,-14.890619,-41.076073,26.376984,-49.16163,-8.009419,-5.262447,-11.519773
354,4.839146137237549,-399.9710693359375,75.34845733642578,-0.8871656365563608,-0.7278263105365702,-97.62468009807128,-29.553223,22.78039,21.623234,60.163185,-19.7897,-7.7468257,-6.9649587,-3.4217112,-3.948331,49.57686,-25.109251,2.8168101,4.761877,4.5053244,20.723188,31.513245,32.82467,-4.1958885,-24.343626,17.75185,-3.2044415,7.212893,-15.085334,-41.00165,26.599098,-49.170525,-7.8032813,-5.4396825,-11.561082
355,4.986300945281982,-401.81378173828125,75.74137878417969,-0.7221708813863175,-0.5267828109583965,-97.77508296193781,-29.424536,21.539316,22.41107,54.32007,-18.634174,-8.149872,-5.927861,-3.8619745,-3.4894562,49.894432,-23.031881,3.073001,5.679671,4.5765142,20.365276,32.77935,32.594486,-3.8047485,-25.39832,17.620714,-3.211748,6.681583,-15.125438,-40.977814,26.803734,-49.20008,-7.687087,-5.597058,-11.589367
356,5.144864082336426,-403.68170166015625,76.13150787353516,-0.6190143515280266,-0.4336873479369804,-97.93368355230263,-29.009602,20.286602,23.010841,48.378307,-17.44008,-8.805464,-4.9744635,-4.293,-3.1317418,50.48739,-20.815754,3.1042182,6.542253,4.701662,20.106415,33.927376,32.389336,-3.4004943,-26.430008,17.49305,-3.151025,6.2225575,-15.024694,-40.99751,26.99995,-49.26259,-7.7246566,-5.6810126,-11.625603
357,5.319334030151367,-405.5560607910156,76.49669647216797,-0.5895670637318599,-0.4881839519099394,-98.10202242746686,-28.183292,18.956982,23.403366,42.047527,-16.113152,-9.853012,-4.0904737,-4.7066007,-2.8700032,51.389465,-18.344301,2.789098,7.360611,4.8999,19.974318,34.973923,32.217274,-2.9895332,-27.416203,17.379961,-3.02556,5.8780956,-14.75069,-41.058624,27.183327,-49.352386,-7.9920874,-5.6729445,-11.676522
358,5.483708381652832,-407.4462890625,76.82989501953125,-0.6391432123438304,-0.678738583813921,-98.27335835839327,-26.922312,17.551054,23.60101,35.202778,-14.607238,-11.137902,-3.2415075,-5.0891447,-2.7158852,52.532806,-15.572702,2.221694,8.140051,5.183076,19.955881,35.93001,32.08127,-2.55493,-28.36751,17.3034,-2.8433533,5.5841794,-14.298207,-41.162903,27.343792,-49.47355,-8.438388,-5.6024537,-11.728506
359,5.64402437210083,-409.34454345703125,77.11521911621094,-0.7990569927240042,-0.953741603436526,-98.47979076218257,-25.39019,16.268452,23.618439,28.296455,-13.00665,-12.450213,-2.4374087,-5.409581,-2.7110467,53.825455,-12.729137,1.5934752,8.88566,5.5643,20.006237,36.789692,31.989737,-2.0666664,-29.358896,17.214525,-2.5887327,5.2999983,-13.745975,-41.305725,27.4858,-49.627003,-8.925924,-5.489101,-11.769697
360,5.798760890960693,-411.25531005859375,77.34349060058594,-1.0924614751359718,-1.2576502228814463,-98.74900843225997,-23.81086,15.314475,23.489069,21.91504,-11.451171,-13.599241,-1.6996982,-5.6453695,-2.8768575,55.201,-10.067765,1.0742283,9.598786,6.0488257,20.076916,37.55157,31.952368,-1.4950488,-30.469654,17.06396,-2.245264,4.9858046,-13.173854,-41.475266,27.618277,-49.807377,-9.319909,-5.352659,-11.788714
361,5.947003364562988,-413.1599426269531,77.5184326171875,-1.5623689609144453,-1.5979324874575032,-99.0959854658535,-22.23851,14.772665,23.141945,16.172737,-9.981283,-14.63552,-1.0414385,-5.7571397,-3.1957383,56.69944,-7.5300665,0.69778,10.2954645,6.672454,20.163233,38.237415,31.976864,-0.8091026,-31.743433,16.8475,-1.7623278,4.5729914,-12.579416,-41.661945,27.7482,-50.02599,-9.614644,-5.1661177,-11.776837
362,6.096489906311035,-415.0574645996094,77.63387298583984,-2.146036774054538,-1.978920588114161,-99.45657465039879,-20.485628,14.345392,22.60968,10.479952,-8.364268,-15.000033,-0.47951806,-5.849166,-3.6696448,58.391132,-5.058356,0.35910845,10.928763,7.3841887,20.2707,38.869583,32.06278,-0.020281851,-33.15228,16.586134,-1.1614558,4.1059537,-11.933487,-41.8629,27.873087,-50.270355,-9.872382,-4.9297867,-11.737484
363,6.255701065063477,-416.9382019042969,77.69664764404297,-2.741487757244082,-2.3605963540741266,-99.80522215159988,-19.673637,14.404238,21.835129,7.3714037,-7.890131,-15.000033,-0.021560723,-6.059265,-4.3089576,60.224964,-2.893873,-0.030737603,11.46321,8.0722685,20.384888,39.41155,32.206917,0.8296813,-34.63418,16.267874,-0.53621805,3.713834,-11.2810955,-42.07149,27.995209,-50.505196,-10.067991,-4.706116,-11.681704
364,6.402758598327637,-418.7911071777344,77.70899200439453,-3.225623647469179,-2.6904804403505187,-100.12135284617743,-19.917242,14.862598,21.067244,7.109454,-8.650701,-15.000033,0.3143001,-6.5441628,-5.122206,62.149857,-1.2771934,-0.5598429,11.866061,8.601929,20.490278,39.79668,32.406418,1.6913869,-36.098484,15.878833,0.017522711,3.524732,-10.688402,-42.274494,28.12482,-50.675922,-10.174168,-4.5577154,-11.623359
365,6.540156841278076,-420.6166687011719,77.68819427490234,-3.5576594811191358,-2.9098318291859773,-100.39309821974588,-20.026224,15.230013,20.769348,6.997801,-9.256884,-15.000033,0.49967405,-7.4775047,-6.252362,64.19231,-0.2897746,-1.2851552,12.111912,8.915342,20.539848,40.0048,32.667862,2.5605578,-37.536533,15.364011,0.49487883,3.5732503,-10.217669,-42.459454,28.307549,-50.72956,-10.10724,-4.5316725,-11.574832
366,6.67109489440918,-422.42315673828125,77.62803649902344,-3.7486446832069453,-3.0382367735620024,-100.61775749217746,-19.986887,15.505999,20.819038,6.980037,-9.695275,-15.000033,0.54961497,-8.835616,-7.6332355,66.39862,0.15974833,-2.1738224,12.204473,9.025354,20.552563,40.04383,32.994514,3.4535854,-38.957493,14.744629,0.93617344,3.793535,-9.854083,-42.614765,28.545666,-50.671146,-9.910573,-4.5848837,-11.5269575
367,6.799617290496826,-424.20965576171875,77.5342025756836,-3.7526018947912823,-3.1289580645422563,-100.76909944239463,-19.758938,15.565736,21.039738,7.000897,-9.859396,-15.000033,0.4981398,-10.45158,-8.967598,68.73327,0.101619,-3.124355,12.13389,8.906098,20.602299,39.896095,33.37632,4.348761,-40.302876,14.12388,1.3132087,4.1595306,-9.542562,-42.72923,28.78286,-50.53453,-9.747804,-4.6443996,-11.457475
368,6.907217025756836,-425.978271484375,77.39630126953125,-3.566750578771069,-3.23655138109521,-100.82818169739856,-19.342783,15.339228,21.221725,7.081659,-9.66791,-15.000033,0.35491255,-12.076044,-9.969243,71.13799,-0.39396676,-4.008362,11.898649,8.57304,20.751274,39.53999,33.798767,5.2202477,-41.50973,13.608398,1.5990682,4.6408763,-9.214097,-42.79484,28.958614,-50.366722,-9.785849,-4.6374516,-11.3434
369,6.993917942047119,-427.7321472167969,77.21783447265625,-3.1336914997722785,-3.3797144112679915,-100.7893308628729,-18.689404,14.70539,21.352716,7.206334,-9.147796,-15.000033,0.09409892,-13.655964,-10.515292,73.66007,-1.4729829,-4.792496,11.4795885,7.975152,21.039242,38.95696,34.256256,6.0528345,-42.583317,13.221826,1.7710198,5.310042,-8.883483,-42.805584,29.075516,-50.162613,-10.09726,-4.540549,-11.18054
370,7.064378261566162,-429.4727783203125,77.00193786621094,-2.490691899168909,-3.540232317149351,-100.67787724516707,-17.83015,13.7421255,21.511446,7.400004,-8.333645,-15.000033,-0.28965956,-15.243564,-10.741016,76.29415,-3.0921278,-5.4859605,10.8967495,7.138078,21.41862,38.1719,34.752747,6.861397,-43.553677,12.915004,1.8465561,6.150798,-8.582956,-42.75994,29.167934,-49.897514,-10.584862,-4.3933797,-10.976515
371,7.198986530303955,-431.1314697265625,76.847412109375,-1.7363139489713322,-3.7142968541836203,-100.51221421946848,-17.489513,12.856235,21.47766,9.080111,-7.8524723,-14.916167,-0.77414274,-16.772827,-10.753129,78.92096,-4.890295,-6.003399,10.195844,6.161704,21.827984,37.229717,35.28857,7.66583,-44.40461,12.685866,1.863188,6.9987507,-8.2770605,-42.66432,29.221487,-49.58064,-11.1547,-4.223253,-10.728046
372,7.352105617523193,-432.78094482421875,76.65647888183594,-0.9543270415170864,-3.8816275943156575,-100.26940013799296,-18.455376,12.328667,20.99597,13.694574,-8.336535,-13.657209,-1.3474451,-18.233675,-10.680923,81.44385,-6.5166545,-6.254233,9.386373,5.1378818,22.199905,36.17879,35.863285,8.484638,-45.12783,12.530374,1.8598578,7.689489,-7.9148126,-42.53795,29.212353,-49.23729,-11.711324,-4.055825,-10.430194
373,7.488531112670898,-434.44970703125,76.37234497070312,-0.24050748727083565,-4.087193546234524,-99.9582807007045,-19.69642,11.947119,20.23744,19.073439,-7.938345,-11.270863,-1.9449596,-19.504128,-10.55444,83.85828,-7.854572,-6.1732216,8.463596,4.16287,22.548449,35.01172,36.481007,9.338983,-45.753193,12.430908,1.8238691,8.185409,-7.505411,-42.401863,29.122665,-48.894333,-12.261072,-3.8653145,-10.052829
374,7.615325450897217,-436.1121520996094,76.01005554199219,0.32056137400606594,-4.368302773789297,-99.63122570124511,-21.070864,11.79246,19.352728,25.041782,-6.801199,-8.121219,-2.5394018,-20.446152,-10.371622,86.18077,-9.08102,-5.868409,7.4703245,3.3334637,22.907106,33.72179,37.141747,10.200372,-46.29374,12.393964,1.7455461,8.571601,-7.027572,-42.271122,28.945343,-48.57226,-12.839197,-3.6495483,-9.606464
375,7.731867790222168,-437.7512512207031,75.60081481933594,0.716462659984738,-4.682313681757112,-99.3544965093327,-22.158707,11.794181,18.658226,30.605967,-5.71722,-5.048328,-3.1925492,-21.092117,-10.19166,88.3319,-10.282071,-5.5419993,6.506934,2.669094,23.248983,32.30865,37.838943,10.995447,-46.678375,12.459228,1.6658183,8.8652115,-6.383718,-42.15108,28.674047,-48.28869,-13.40158,-3.469185,-9.15808
376,7.850649833679199,-439.384521484375,75.18251037597656,1.0292731310434267,-4.957793454311154,-99.16103146431806,-22.69996,11.789564,18.302853,35.106026,-5.705918,-2.8702676,-4.0107346,-21.58397,-10.033024,90.25859,-11.545993,-5.366636,5.6400847,2.0951083,23.535635,30.745937,38.565887,11.64948,-46.811203,12.665466,1.6244601,9.08141,-5.501027,-42.038204,28.31096,-48.041187,-13.89914,-3.3836944,-8.777303
377,7.957311153411865,-441.0196838378906,74.78056335449219,1.3344693164996482,-5.1364277493725545,-99.02856155729226,-22.807682,11.702779,18.241678,38.763058,-7.578857,-1.8737795,-5.109742,-21.984236,-9.815057,92.0297,-12.949101,-5.3920445,4.8618793,1.531701,23.733892,28.987625,39.33514,12.15858,-46.691467,13.054375,1.6126508,9.246135,-4.3231955,-41.92413,27.83083,-47.833363,-14.318577,-3.4559698,-8.502098
378,8.043696403503418,-442.65423583984375,74.43020629882812,1.647612360124191,-5.24088865934862,-98.91928583378832,-22.710157,11.566278,18.326708,42.097927,-10.808324,-1.5665895,-6.4476132,-22.295403,-9.538015,93.66783,-14.428485,-5.5025954,4.121738,0.9651459,23.857359,26.989105,40.154762,12.5135355,-46.316216,13.592314,1.6155876,9.344523,-2.8993003,-41.80575,27.231527,-47.660236,-14.684727,-3.6379387,-8.293084
379,8.123673439025879,-444.29864501953125,74.14824676513672,1.9462609759551899,-5.324121348563397,-98.84505683450209,-22.351366,11.386378,18.50051,44.984653,-14.446102,-1.6176143,-7.8801775,-22.56947,-9.335508,95.03202,-15.858951,-5.629048,3.4235315,0.43264008,23.93762,24.7724,40.993458,12.642947,-45.62297,14.215778,1.6642091,9.332144,-1.3120171,-41.68225,26.558989,-47.511677,-15.007721,-3.8213887,-8.105262
380,8.212908744812012,-445.93701171875,73.94412231445312,2.200061297861137,-5.443504779053657,-98.82268585738835,-21.638142,11.166432,18.700516,47.216366,-17.49488,-1.704738,-9.2612095,-22.857204,-9.34388,95.98333,-17.11693,-5.708175,2.762192,-0.022394622,24.016384,22.38607,41.795273,12.503675,-44.564926,14.8665495,1.7857136,9.155934,0.33881494,-41.553204,25.88345,-47.374615,-15.300651,-3.8977022,-7.8941207
381,8.309806823730469,-447.566650390625,73.81295776367188,2.411426894727065,-5.644211824514441,-98.8694393100303,-20.421999,10.8860035,18.940552,48.6022,-19.762074,-1.8203008,-10.535692,-23.237337,-9.617642,96.49118,-18.180782,-5.717728,2.1332142,-0.40371197,24.151098,19.822304,42.500614,12.108364,-43.08693,15.635745,1.9536355,8.738369,2.0262394,-41.41361,25.241312,-47.228096,-15.569294,-3.8028066,-7.656475
382,8.411317825317383,-449.1951904296875,73.74168395996094,2.590928398445142,-5.886774786634765,-98.97247438436844,-18.790594,10.563884,19.253675,49.296,-21.75211,-2.1065884,-11.783149,-23.667076,-10.083188,96.624825,-19.108711,-5.6938553,1.5086029,-0.7371013,24.318972,17.133045,43.084232,11.533831,-41.280346,16.53086,2.1504493,8.112829,3.749684,-41.257545,24.639385,-47.063274,-15.806585,-3.6052344,-7.4141154
383,8.494776725769043,-450.8304443359375,73.71807861328125,2.716568221078499,-6.103023344119385,-99.10538498490749,-16.977478,10.245524,19.58797,49.555603,-23.49098,-2.4768188,-13.044675,-24.010542,-10.689195,96.38555,-19.89973,-5.6568627,0.8519238,-1.0152593,24.444225,14.51186,43.546688,10.867557,-39.356163,17.37078,2.4209397,7.3934155,5.4420953,-41.08613,24.104582,-46.88775,-16.003935,-3.3956647,-7.157569
384,8.56594467163086,-452.4635314941406,73.74140930175781,2.768061885452929,-6.224942922629418,-99.24099689759493,-15.219283,9.978078,19.890276,49.645008,-25.006405,-2.8455238,-14.366776,-24.131542,-11.382971,95.77455,-20.55247,-5.629028,0.13253966,-1.2267364,24.448038,12.149872,43.90744,10.189372,-37.523357,17.974878,2.8195534,6.6977835,7.0492544,-40.90392,23.652458,-46.71123,-16.152185,-3.26394,-6.8792596
385,8.630873680114746,-454.0926513671875,73.81309509277344,2.725475334516026,-6.230256917031496,-99.3968918494921,-13.490179,9.779917,20.193037,49.47966,-26.360035,-3.2045918,-15.797595,-24.028566,-12.191497,94.80193,-21.093275,-5.6752553,-0.6513081,-1.3530887,24.296684,10.053546,44.173595,9.523036,-35.76455,18.319462,3.472814,5.933115,8.556657,-40.712437,23.301699,-46.523335,-16.247719,-3.2381766,-6.5707893
386,8.688353538513184,-455.7134094238281,73.9303970336914,2.6052986239798286,-6.157365470984284,-99.57850159031396,-11.692832,9.628521,20.509308,48.970276,-27.51661,-3.6015096,-17.28656,-23.759348,-13.139979,93.45109,-21.515894,-5.7537394,-1.4918394,-1.4058461,24.043211,8.189271,44.3413,8.872016,-34.02715,18.49755,4.3188715,5.077813,9.984068,-40.510193,23.048206,-46.320698,-16.297495,-3.267805,-6.2394676
387,8.730512619018555,-457.3332214355469,74.08565521240234,2.435755747998305,-6.0290756365367875,-99.74027745024847,-9.950235,9.508658,20.758467,48.37145,-28.361588,-4.029781,-18.739742,-23.287235,-14.163476,91.6914,-21.771759,-5.734397,-2.4028935,-1.4139655,23.73759,6.600438,44.43369,8.244283,-32.3961,18.492401,5.1376386,4.358639,11.332982,-40.304344,22.862572,-46.127514,-16.306276,-3.324289,-5.899059
388,8.7522554397583,-458.9465637207031,74.28181457519531,2.243782674045545,-5.868109103023212,-99.83637523587221,-8.389621,9.406529,20.857128,47.946453,-28.785305,-4.47514,-20.072126,-22.586838,-15.181319,89.48901,-21.812613,-5.4921064,-3.38942,-1.4077325,23.428795,5.327963,44.486706,7.637284,-30.959822,18.268915,5.712704,4.012216,12.628336,-40.104378,22.701141,-45.98397,-16.277107,-3.379241,-5.566913
389,8.761841773986816,-460.5594177246094,74.52914428710938,2.0205495634489288,-5.659638693349264,-99.83650681521051,-7.024544,9.309533,20.766346,47.679306,-28.774858,-4.912053,-21.283709,-21.668343,-16.227318,86.80955,-21.633266,-5.0345163,-4.4781613,-1.3796203,23.110477,4.3793836,44.529896,7.019452,-29.70486,17.65607,6.0077853,4.22316,13.889025,-39.920105,22.555468,-45.9303,-16.183172,-3.4267406,-5.2421217
390,8.740201950073242,-462.173095703125,74.82270050048828,1.761026896689313,-5.3985373127706575,-99.77121935435075,-5.7953196,9.229192,20.531248,47.463776,-28.387707,-5.349396,-22.413965,-20.560663,-17.303381,83.66829,-21.267536,-4.4240403,-5.643277,-1.316538,22.764652,3.7052464,44.571564,6.3783455,-28.576288,16.705875,6.12944,4.8375735,15.132374,-39.752983,22.424673,-45.95745,-16.0271,-3.4805095,-4.9211235
391,8.707406044006348,-463.7886047363281,75.15349578857422,1.49801069608253,-5.121874613153482,-99.68435574477456,-4.7116647,9.181505,20.194965,47.417667,-27.61958,-5.8208485,-23.439058,-19.27312,-18.271658,80.1013,-20.728931,-3.6292384,-6.813157,-1.2434763,22.420406,3.2455518,44.61443,5.7339582,-27.591665,15.717499,6.077429,5.577866,16.377048,-39.598362,22.279705,-46.032314,-15.858126,-3.5424166,-4.614559
392,8.66532039642334,-465.4156188964844,75.50807189941406,1.2690825446439085,-4.867330810669374,-99.61919024628428,-3.781955,9.174873,19.80188,47.657795,-26.4668,-6.3646126,-24.329857,-17.815514,-18.998932,76.143074,-20.032219,-2.6262462,-7.9185104,-1.1880512,22.106007,2.9522934,44.655968,5.11409,-26.775444,14.993179,5.865652,6.164992,17.639624,-39.448265,22.091497,-46.121754,-15.727022,-3.6158533,-4.3320584
393,8.60076904296875,-467.0443420410156,75.87417602539062,1.0665464894227847,-4.622404744572985,-99.57250816026419,-3.0507603,9.210026,19.34499,48.255116,-24.824295,-7.0455956,-25.083555,-16.131952,-19.446455,71.706024,-19.148844,-1.3688296,-8.962887,-1.1406484,21.816221,2.855714,44.697727,4.5243216,-26.146996,14.553887,5.4275208,6.5924206,18.930185,-39.29439,21.852365,-46.22548,-15.65915,-3.7108278,-4.080374
394,8.519497871398926,-468.6832275390625,76.24911499023438,0.8814714825347605,-4.375777945966694,-99.52254984250415,-2.4940228,9.247224,18.797575,49.1175,-22.72793,-7.8477197,-25.6871,-14.2729025,-19.652689,66.77601,-18.1007,0.08030938,-9.979578,-1.0985059,21.539078,2.9679205,44.744587,3.951616,-25.686985,14.264197,4.7832417,6.981697,20.233877,-39.135105,21.580467,-46.352104,-15.625131,-3.823894,-3.850143
395,8.421270370483398,-470.3333740234375,76.63014221191406,0.750203006120773,-4.166827407799125,-99.48402537382891,-2.0106492,9.230707,18.179659,50.108215,-20.380919,-8.693118,-26.092981,-12.38997,-19.608513,61.488052,-16.962059,1.5894264,-10.944341,-1.101046,21.288664,3.2253964,44.794247,3.4002059,-25.382036,14.187531,4.0891013,7.25298,21.532728,-38.97487,21.281101,-46.482906,-15.592848,-3.9370894,-3.6267376
396,8.31190013885498,-471.9906311035156,77.00057220458984,0.7052077141180014,-4.034341753767815,-99.47306757780056,-1.5022507,9.118767,17.517212,51.097553,-17.979998,-9.494216,-26.25735,-10.60952,-19.31759,55.96868,-15.784745,3.047014,-11.831725,-1.1854925,21.079666,3.5599446,44.839592,2.8738732,-25.213324,14.384487,3.5003717,7.3283043,22.813217,-38.82414,20.953108,-46.605724,-15.529945,-4.0321674,-3.3956232
397,8.198396682739258,-473.66162109375,77.3541488647461,0.7489361136940051,-3.9984987125931575,-99.50879003172052,-0.94745326,8.926321,16.847998,52.063267,-15.373906,-10.355853,-26.099068,-8.851341,-18.757841,50.011406,-14.515861,4.45602,-12.627439,-1.3569818,20.9345,3.991254,44.870674,2.3873205,-25.209824,14.996962,3.057703,7.141897,24.109587,-38.68581,20.568401,-46.72515,-15.409848,-4.1273,-3.1316848
398,8.08382511138916,-475.3501281738281,77.67552947998047,0.8815898572676071,-4.039330640340336,-99.57120450553559,-0.39036515,8.618831,16.137188,53.05249,-12.519891,-11.31729,-25.602999,-7.119903,-17.91222,43.551064,-13.114879,5.841776,-13.354376,-1.6140058,20.83669,4.5461707,44.887142,1.9373825,-25.373728,15.950764,2.6727877,6.754111,25.42821,-38.563004,20.12416,-46.85556,-15.2545185,-4.2237277,-2.8496404
399,7.965151786804199,-477.0520324707031,77.95111846923828,1.1337171521485658,-4.137007683832075,-99.61884134308687,0.17287196,8.114262,15.32833,54.048695,-9.765785,-12.160179,-24.841093,-5.6282983,-16.826826,36.929035,-11.635251,7.1680136,-14.040174,-1.9827852,20.741726,5.1733785,44.89716,1.5013494,-25.656004,16.979187,2.3091867,6.276644,26.729479,-38.47032,19.65194,-47.01689,-15.107116,-4.2778945,-2.598142
400,7.856308460235596,-478.77496337890625,78.16761779785156,1.5332692766156841,-4.273462570477457,-99.61207634813356,0.7513153,7.3656096,14.392849,55.045067,-7.4539924,-12.631261,-23.92039,-4.5543227,-15.579471,30.521048,-10.132342,8.437329,-14.711123,-2.4859333,20.605799,5.8169236,44.91349,1.0532056,-26.004059,17.813704,1.9381253,5.820186,27.979229,-38.42897,19.179884,-47.23111,-15.010058,-4.2459517,-2.4285424
401,7.748180389404297,-480.5157165527344,78.32136535644531,2.169902362473879,-4.470347922544363,-99.53684922031404,1.3452533,6.1677465,13.141177,56.017067,-5.627353,-12.4536705,-22.812958,-3.9275143,-14.092689,24.19266,-8.508981,9.803691,-15.385598,-3.2103329,20.41514,6.4969664,44.944103,0.5933016,-26.441639,18.414394,1.5513442,5.384519,29.230394,-38.45689,18.690327,-47.5333,-14.956606,-4.094528,-2.379069
402,7.6411051750183105,-482.2598571777344,78.40441131591797,3.074757795679173,-4.757192773982397,-99.39591370291805,2.000693,4.543744,11.691402,56.9477,-4.0641427,-11.790212,-21.452818,-3.739037,-12.372642,17.771942,-6.7328033,11.272346,-16.07004,-4.197245,20.190998,7.2436457,44.99123,0.14042532,-26.995468,18.907612,1.1664792,4.9198537,30.521929,-38.55912,18.153572,-47.942177,-14.924939,-3.853487,-2.4205377
403,7.527393817901611,-484.0075988769531,78.40656280517578,4.141726933014026,-5.115059395292699,-99.19013673680496,2.7593646,2.881281,10.462606,57.87848,-2.7384202,-11.014265,-19.938745,-3.988706,-10.679838,11.59405,-4.9489694,12.660307,-16.759382,-5.348641,19.944769,8.005315,45.057594,-0.30844778,-27.610704,19.27299,0.80053055,4.461485,31.78748,-38.731983,17.590649,-48.448017,-14.935656,-3.5741947,-2.5039887
404,7.415453910827637,-485.7457580566406,78.35438537597656,5.145548148892027,-5.485000784364086,-98.95160412429263,3.5845587,1.728756,9.840022,58.913425,-1.6964765,-10.513352,-18.93869,-4.5608363,-9.277493,7.118816,-3.871782,13.77495,-17.411077,-6.435325,19.694702,8.705825,45.142864,-0.77321273,-28.213415,19.492996,0.47184354,4.048039,32.91831,-38.966267,17.035736,-49.00378,-15.007808,-3.3089254,-2.5782523
405,7.3037309646606445,-487.4814453125,78.26004028320312,5.927841435634551,-5.799654336978243,-98.70336004838435,4.424419,1.3827283,9.937231,60.105053,-0.9358939,-10.551495,-19.711367,-5.400918,-8.179583,6.875451,-4.836805,14.6092615,-17.995537,-7.2831407,19.43097,9.310107,45.25155,-1.2831372,-28.804552,19.517418,0.2051334,3.6813078,33.860977,-39.257618,16.503075,-49.576427,-15.188578,-3.0314462,-2.6242354
406,7.175813674926758,-489.1921081542969,78.12158203125,6.500494740586843,-6.068085999546726,-98.47069214644581,5.247443,1.7168382,10.52167,61.484833,-0.5041138,-10.852628,-20.375826,-6.052514,-7.3947945,6.7075224,-5.649271,15.000033,-18.52019,-7.9383116,19.160868,9.954339,45.343945,-1.733147,-29.466774,19.412758,-0.024746893,3.3057477,34.409782,-39.481396,16.13402,-49.956055,-15.510565,-2.7306385,-2.6248696
407,7.024995803833008,-490.87567138671875,77.93878173828125,6.902605832203918,-6.321511111535955,-98.27989424459362,6.029236,2.6331491,11.466572,63.10873,-0.5330845,-10.981036,-20.903446,-6.4800305,-6.81532,6.628061,-6.2873025,15.000033,-18.901043,-8.412484,18.932281,10.470497,45.447716,-2.2394643,-30.038675,19.237661,-0.2447967,2.9705923,34.840088,-39.73097,15.758591,-50.347164,-15.838462,-2.478896,-2.6297433
408,6.880541801452637,-492.53326416015625,77.712890625,7.145938840405089,-6.595973298385979,-98.14118119261937,6.7530255,4.0549197,12.622571,65.019394,-1.1694745,-10.523159,-21.196146,-6.704745,-6.391425,6.55735,-6.699298,15.000033,-19.113222,-8.705249,18.791142,10.777288,45.5676,-2.8516395,-30.394241,19.06738,-0.48513263,2.721939,35.241543,-40.07015,15.327995,-50.80006,-16.054882,-2.342159,-2.6928098
409,6.75019645690918,-494.1505432128906,77.44755554199219,7.330356988959202,-6.879879213877682,-98.06252270423064,7.4849877,6.043704,14.2050705,67.2235,-2.690917,-9.249902,-21.293251,-6.952674,-6.1799603,6.6102295,-7.0080037,15.000033,-19.176485,-8.949865,18.694603,11.030646,45.644157,-3.4149091,-30.636152,18.948338,-0.81677455,2.4852102,35.37041,-40.352455,14.991775,-51.117252,-16.243103,-2.3499525,-2.7486472
410,6.614508628845215,-495.7564697265625,77.1368408203125,7.34511229236203,-7.160576805761507,-98.04930129832097,8.278157,8.692393,16.133553,69.71322,-5.04175,-7.5051045,-21.163055,-7.0892982,-6.202088,6.6777825,-7.177137,14.618974,-19.055983,-9.000688,18.655699,11.073638,45.712944,-4.091132,-30.676441,18.806622,-1.1877067,2.3071206,35.41918,-40.70712,14.632629,-51.45979,-16.379286,-2.4544754,-2.8475208
411,6.492537498474121,-497.3548889160156,76.77722930908203,7.108242971743534,-7.445969507766735,-98.1044651683434,9.048127,11.698331,17.91718,72.39631,-7.763435,-5.6605473,-20.807394,-6.870507,-6.2125278,6.660797,-7.033011,13.663457,-18.760557,-8.737475,18.70835,10.789287,45.75664,-5.0016,-30.403223,18.66823,-1.5020479,2.2608454,35.59654,-41.292744,14.143329,-51.979214,-16.353498,-2.6187224,-3.0729635
412,6.384932994842529,-498.96331787109375,76.3673324584961,6.839638234545025,-7.747149404040963,-98.18864288863438,9.673142,14.434412,19.193836,75.070335,-10.261562,-3.9070754,-20.39554,-6.526337,-5.8945026,6.7858496,-6.5146937,13.079922,-18.437658,-8.405465,18.824667,10.553515,45.688828,-5.8315916,-30.071306,18.638561,-1.7058704,2.2982178,35.648415,-41.998024,13.680478,-52.489605,-16.173584,-2.829933,-3.363602
413,6.321038246154785,-500.5759582519531,75.91008758544922,6.484506925221515,-8.134922722491671,-98.28971915157241,10.147125,16.897945,19.857529,77.761444,-12.4227705,-2.1712873,-19.731907,-5.906052,-5.1868973,6.85689,-5.5576725,13.544443,-18.0934,-8.0269575,19.099024,10.4915905,45.52091,-6.4792986,-29.788946,18.771088,-1.7754102,2.4301057,35.33571,-42.645153,13.386726,-52.79223,-15.895832,-3.1302638,-3.6483326
414,6.274859428405762,-502.1819152832031,75.40839385986328,6.040075848960479,-8.586101080636848,-98.41295141339783,10.487312,19.266825,20.124842,80.514,-14.502924,-0.35184506,-18.84873,-5.0165863,-4.235917,6.9306803,-4.2890625,14.714943,-17.681757,-7.572962,19.487663,10.448964,45.277935,-7.07147,-29.44322,19.018711,-1.748275,2.651708,34.75557,-43.270996,13.206097,-52.954304,-15.528956,-3.5179465,-3.94354
415,6.177397727966309,-503.7092590332031,74.93635559082031,5.3367208269667925,-8.987795223279427,-98.58618322006558,10.5522585,21.742691,20.014616,83.31895,-16.499548,1.2858928,-17.931032,-3.6724432,-3.2672672,7.0431857,-2.5864015,15.000033,-17.173817,-6.8325953,19.937918,10.374364,44.96825,-7.636102,-28.977226,19.328997,-1.6605399,2.889402,33.959827,-43.886093,13.1121645,-52.99732,-15.078501,-3.9357843,-4.2471466
416,6.046666622161865,-505.14990234375,74.5247573852539,4.405781360559226,-9.238705917889536,-98.76066481107867,10.204138,24.271461,19.575792,86.09548,-18.361273,2.5891287,-18.935553,-2.2720523,-2.3699546,11.008478,-2.1743393,14.568075,-16.630606,-5.788586,20.33773,10.247287,44.59141,-8.176836,-28.35452,19.656946,-1.5514778,3.0652125,32.961773,-44.48875,13.097057,-52.91505,-14.552716,-4.327648,-4.551136
417,5.939993858337402,-506.6195983886719,74.0525131225586,3.1047701642833507,-9.321718681118869,-98.96361687592061,9.388681,27.036856,18.693176,88.96189,-20.04184,3.4268174,-21.4226,-0.49904218,-1.7266192,17.786688,-1.5603659,10.9343815,-16.016726,-4.29957,20.685135,10.058916,44.164318,-8.681206,-27.612482,19.978252,-1.4193159,3.1217206,31.82357,-45.074318,13.118072,-52.787197,-13.944214,-4.6789656,-4.8408647
418,5.8931121826171875,-508.11871337890625,73.47868347167969,1.8526063278182683,-9.380219517216144,-99.10763823648229,8.250584,29.513187,17.407938,91.79176,-21.497953,4.0530696,-24.431877,1.1121991,-1.4242257,25.610888,-0.10529743,5.4640484,-15.420078,-2.83673,20.978142,9.868276,43.706192,-9.128954,-26.794031,20.315027,-1.2462921,3.1070364,30.617859,-45.641132,13.168509,-52.678528,-13.262368,-5.019209,-5.123104
419,5.838845252990723,-509.5362548828125,72.88338470458984,0.8619560233875054,-9.491423301523211,-99.18321626879282,6.9158125,31.41741,15.885351,94.370346,-22.780617,4.549355,-27.104246,2.2379293,-1.5534109,32.866016,1.3956292,-0.043162104,-14.870135,-1.6604187,21.267576,9.751601,43.21062,-9.509236,-25.870514,20.695068,-1.0491933,3.1001048,29.241875,-46.19456,13.31269,-52.453888,-12.487691,-5.358713,-5.419193
420,5.798033714294434,-510.92108154296875,72.29706573486328,0.1344830331084885,-9.66826921402414,-99.24373337179526,5.461063,32.73842,14.287756,96.5439,-23.964655,4.9263425,-28.831657,2.970118,-1.8525835,38.47801,1.7928332,-3.6967194,-14.349131,-0.7829547,21.608425,9.767537,42.642307,-9.815155,-24.788902,21.150057,-0.84583616,3.18171,27.622278,-46.7366,13.648713,-52.008366,-11.656751,-5.7084165,-5.7580385
421,5.760075092315674,-512.2867431640625,71.77332305908203,-0.45879225895843795,-9.852041354197016,-99.37410832553492,3.7990723,33.557713,12.550946,98.367355,-25.09993,5.1197577,-29.64862,3.5660622,-2.1191587,42.602997,0.1596539,-4.6436677,-13.82285,-0.054394834,22.013502,9.964678,41.93918,-9.986263,-23.500181,21.746096,-0.6688822,3.4160335,25.890305,-47.26492,14.261055,-51.464832,-10.740632,-6.1668835,-6.2329407
422,5.750072479248047,-513.6398315429688,71.3466796875,-1.0050536397847194,-10.009829421712135,-99.56839673817545,1.8984802,34.00143,10.658109,99.94288,-26.149305,5.107466,-30.03274,4.056643,-2.4053009,46.141445,-2.9961739,-4.0481462,-13.246688,0.638352,22.46048,10.238764,41.09923,-10.071001,-22.005344,22.472315,-0.5021005,3.7315187,23.259748,-47.815323,15.152825,-50.235996,-9.341012,-6.695377,-6.7833524
423,5.751431941986084,-514.9683227539062,70.984619140625,-1.428576900004509,-10.200617152477443,-99.73489309512793,-0.0747271,34.13543,8.84433,101.1993,-27.070223,4.9837885,-30.105328,4.3164988,-2.6801016,49.330036,-6.715201,-2.8911219,-12.743964,1.2272879,22.912502,10.609767,40.141926,-10.094835,-20.369667,23.20332,-0.2930851,4.024899,20.762297,-48.307117,16.223398,-49.13482,-8.323045,-7.106462,-7.307804
424,5.740395545959473,-516.2742919921875,70.70361328125,-1.6424807652034457,-10.487842114966416,-99.77353247743204,-1.9591602,34.0267,7.3242145,102.05663,-27.81438,4.8401036,-29.925611,4.2899127,-2.8304207,52.262947,-9.973141,-2.1173077,-12.315176,1.6114588,23.368902,10.945307,39.14517,-10.222941,-18.620413,23.829338,0.013620739,4.1923876,18.351917,-48.68195,17.311863,-48.045387,-7.9011545,-7.2017922,-7.631876
425,5.711010456085205,-517.576416015625,70.5018310546875,-1.5329018940160803,-10.962895844007386,-99.6439446389449,-3.6462262,33.5686,6.1732507,102.44029,-28.354008,4.680418,-29.35953,3.9161932,-2.729691,54.873302,-12.583994,-1.8733065,-11.9398365,1.6415823,23.901318,11.150585,38.155247,-10.571368,-16.592512,24.29599,0.5520626,4.260741,16.219763,-48.873287,18.343018,-47.025208,-8.404863,-6.7861023,-7.6626225
426,5.660099029541016,-518.86376953125,70.34614562988281,-1.1714898418158237,-11.571313450847857,-99.40326233576579,-5.2206974,32.780487,5.298807,102.409744,-28.716251,4.470045,-28.387913,3.2712781,-2.495657,57.086647,-15.044606,-1.6870203,-11.540013,1.392959,24.498606,11.227602,37.19047,-11.127917,-14.294216,24.660065,1.2630726,4.2821174,14.165101,-48.867165,19.3406,-45.907814,-9.506979,-6.01345,-7.4521723
427,5.600919723510742,-520.1412963867188,70.211669921875,-0.748917160342693,-12.159048368334181,-99.09574638800954,-6.8234944,31.917698,4.647375,102.08207,-28.936825,4.2427635,-27.235025,2.5539143,-2.2820156,58.957283,-17.345459,-1.5377426,-11.117995,1.0833236,25.014994,11.310422,36.284496,-11.771862,-12.055128,24.95771,1.9092134,4.2054143,12.460478,-48.686638,20.265007,-44.982563,-10.938065,-5.2094007,-7.094245
428,5.543729305267334,-521.4166870117188,70.09417724609375,-0.4505622439847574,-12.567523765446547,-98.76295402728924,-8.607874,31.233545,4.1524353,101.571945,-29.052433,4.0312366,-26.149292,1.9402349,-2.21241,60.55832,-19.483065,-1.4026501,-10.636381,0.9383858,25.326828,11.49019,35.492992,-12.409123,-10.221254,25.21996,2.2551184,3.9802353,10.579345,-48.41017,21.147964,-43.931065,-11.990433,-4.6917295,-6.7035108
429,5.487874507904053,-522.6983032226562,70.00764465332031,-0.34311156197467757,-12.754088684821363,-98.34352443224182,-10.699464,30.8239,3.7591548,100.92002,-29.057344,3.837553,-25.161303,1.4233322,-2.331292,61.866005,-21.47367,-1.274969,-10.187594,1.0221548,25.38281,11.873897,34.840103,-12.947009,-8.919603,25.40115,2.1501048,3.474794,9.051129,-48.05774,21.903646,-43.18004,-12.93665,-4.5553017,-6.2910547
430,5.441238880157471,-523.9720458984375,69.94744110107422,-0.3185366642273378,-12.80291974870029,-97.84023857458651,-12.983359,30.541197,3.516952,100.05049,-28.936016,3.6410375,-24.164766,0.90858066,-2.5431514,62.874386,-23.316952,-1.161215,-9.746043,1.2049512,25.271296,12.404289,34.33241,-13.445271,-8.001334,25.47728,1.7516348,2.758137,7.730861,-47.642414,22.544514,-42.58847,-13.865048,-4.630239,-5.8195934
431,5.409508228302002,-525.218505859375,69.91213989257812,-0.30955861217290004,-12.745455304772277,-97.38845817270837,-15.264972,30.28503,3.5030649,98.910324,-28.715923,3.4439418,-23.205883,0.4298625,-2.7407756,63.680656,-24.982908,-1.0504446,-9.231184,1.4082355,25.04342,13.084415,33.96119,-13.907748,-7.451761,25.496357,1.2798988,2.0801613,6.5184627,-47.200558,23.160044,-42.15165,-14.575259,-4.8236675,-5.400912
432,5.388107776641846,-526.4464721679688,69.90692138671875,-0.250378607616153,-12.613161913701706,-97.1223802585884,-17.354023,29.969158,3.7827194,97.45059,-28.427114,3.2439485,-22.333311,0.026509007,-2.8262918,64.382034,-26.44206,-0.9404723,-8.577826,1.556676,24.753109,13.938293,33.705692,-14.318992,-7.268749,25.51749,0.95059097,1.6903898,5.299415,-46.781544,23.852104,-41.86434,-14.860104,-5.0350513,-5.151108
433,5.377272605895996,-527.6677856445312,69.93502807617188,-0.11670830556529983,-12.364638569250767,-97.12723786308163,-19.248726,29.625374,4.426912,95.65008,-28.121958,3.0694273,-21.613287,-0.27345365,-2.7644522,64.97862,-27.68659,-0.85734993,-7.7535033,1.642601,24.369177,15.044995,33.55975,-14.662039,-7.580233,25.595285,0.8216029,1.7022939,4.0271716,-46.431995,24.688879,-41.799934,-14.57991,-5.251374,-5.1420274
434,5.3798508644104,-528.8951416015625,70.00376892089844,0.04974447638453858,-11.997976583650019,-97.31423710411659,-21.03302,29.308577,5.366752,93.53459,-27.780125,2.9062655,-21.0083,-0.49665707,-2.6055589,65.43114,-28.73383,-0.7937833,-6.8227153,1.7030905,23.885578,16.394636,33.51372,-14.924026,-8.367717,25.68961,0.7719097,1.9614817,2.752656,-46.162117,25.618326,-41.95738,-13.853161,-5.5141573,-5.315191
435,5.370851039886475,-530.1187744140625,70.10929870605469,0.2260164874122656,-11.603257422017961,-97.55705726675156,-22.648497,28.964731,6.458234,91.12485,-27.323471,2.693656,-20.409534,-0.6836193,-2.386266,65.77502,-29.591387,-0.7022212,-5.8598742,1.7377981,23.391949,17.86465,33.530266,-15.105563,-9.394136,25.729826,0.7473385,2.3181324,1.5851921,-45.955547,26.54253,-42.263775,-12.905794,-5.8062034,-5.5827537
436,5.373691082000732,-531.3314819335938,70.2483139038086,0.3844013898950123,-11.271734522300738,-97.7294721056041,-24.036818,28.52719,7.5614715,88.44031,-26.672783,2.3712409,-19.705439,-0.87630236,-2.1458986,66.04501,-30.26736,-0.53635955,-4.9321017,1.7541482,22.970596,19.30364,33.560253,-15.223804,-10.390072,25.65482,0.6947147,2.6232102,0.6149538,-45.785736,27.363111,-42.616543,-11.961308,-6.108831,-5.849497
437,5.38178014755249,-532.5311889648438,70.4100570678711,0.525983345091429,-11.026170286958303,-97.83510909887447,-25.184519,27.96621,8.641801,85.45722,-25.784449,1.9068005,-18.880825,-1.0596143,-1.8545218,66.25162,-30.722265,-0.26620197,-4.0200944,1.7659817,22.644657,20.657337,33.575447,-15.3041,-11.280019,25.441994,0.58167714,2.890625,-0.15632986,-45.647633,28.080294,-42.995544,-10.951032,-6.456653,-6.115808
438,5.392739772796631,-533.7344360351562,70.59959411621094,0.6580094787061436,-10.817835418986862,-97.9281130680135,-26.128633,27.318764,9.756019,82.17116,-24.714006,1.3396454,-17.990107,-1.2200303,-1.5068674,66.374725,-30.964802,0.07494952,-3.0972664,1.7780701,22.360964,21.971151,33.572468,-15.353359,-12.161461,25.14386,0.44074193,3.1798117,-0.78531027,-45.550167,28.741701,-43.427914,-9.799867,-6.8499975,-6.410925
439,5.403663635253906,-534.94970703125,70.816162109375,0.7804206577384883,-10.63157421283271,-97.95972847891042,-26.88292,26.60395,10.91094,78.62737,-23.529942,0.71382535,-17.025309,-1.4015653,-1.1812053,66.40365,-31.076136,0.43884778,-2.2174644,1.7842559,22.08721,23.241505,33.5434,-15.361395,-13.022983,24.812716,0.31832522,3.410401,-1.2508669,-45.484608,29.318298,-43.88915,-8.737177,-7.212846,-6.6869025
440,5.411501407623291,-536.1657104492188,71.05101013183594,0.887695942815059,-10.45249831831012,-97.88116099990765,-27.458353,25.833647,12.123136,74.86288,-22.29314,0.069972195,-15.97635,-1.6462395,-0.9572956,66.323296,-31.134903,0.7782144,-1.429987,1.7766013,21.790022,24.4553,33.48075,-15.324528,-13.844846,24.501371,0.26278284,3.502904,-1.5309952,-45.433132,29.774576,-44.348473,-7.991758,-7.4661393,-6.8965387
441,5.426764488220215,-537.393798828125,71.2935791015625,0.9907617279211289,-10.266449673120356,-97.65401994546271,-27.867064,24.996128,13.436757,70.82049,-20.995321,-0.5566176,-14.823155,-1.9852272,-0.86654246,66.08745,-31.182503,1.0882466,-0.75625944,1.7357455,21.44714,25.602396,33.37829,-15.2390375,-14.6057,24.185307,0.31309357,3.4181435,-1.6100342,-45.381992,30.094969,-44.79575,-7.631666,-7.586813,-7.0359387
442,5.427239418029785,-538.6322631835938,71.54681396484375,1.0868609961358053,-10.085540314391807,-97.31265111439947,-28.09752,24.062847,14.832761,66.482254,-19.601809,-1.2045836,-13.573486,-2.3839955,-0.8677759,65.71611,-31.170013,1.3916817,-0.1687353,1.6688613,21.078882,26.690561,33.236767,-15.107623,-15.315495,23.852858,0.4370432,3.204836,-1.5226249,-45.330357,30.310152,-45.22828,-7.5330186,-7.6145754,-7.1259885
443,5.447074890136719,-539.8828735351562,71.8089828491211,1.1590591506229322,-9.934196610263008,-96.91813349599465,-28.133759,23.028439,16.22529,61.93874,-18.12859,-1.9387723,-12.262301,-2.7840095,-0.93163615,65.29609,-31.039694,1.6823555,0.35666758,1.6077452,20.715208,27.7381,33.062492,-14.934797,-16.005508,23.573872,0.5767637,2.9158325,-1.3164105,-45.279602,30.457079,-45.627472,-7.642959,-7.563601,-7.1595235
444,5.47996711730957,-541.1463623046875,72.0711441040039,1.1876761737114885,-9.836543146523148,-96.53234368222805,-27.963945,21.908651,17.515144,57.280773,-16.59974,-2.811701,-10.9235935,-3.1268475,-1.0250413,64.91525,-30.735746,1.9542894,0.8456086,1.5849532,20.385668,28.76544,32.864643,-14.723851,-16.7099,23.41654,0.6728642,2.6034083,-1.0492196,-45.232384,30.570118,-45.969532,-7.8990407,-7.448743,-7.128815
445,5.521446704864502,-542.4147338867188,72.32426452636719,1.1714688053065605,-9.80603108213577,-96.1277698194526,-27.547506,20.67853,18.705654,52.396515,-14.940617,-3.7925162,-9.497913,-3.422671,-1.17651,64.51508,-30.276308,2.2198565,1.2755673,1.596669,20.101177,29.788273,32.64523,-14.460212,-17.442501,23.427776,0.72175145,2.2455206,-0.6956986,-45.186554,30.629118,-46.266834,-8.344208,-7.244473,-7.0042233
446,5.5767083168029785,-543.6934814453125,72.57428741455078,1.113445217015184,-9.828521718948156,-95.6866542799398,-26.909534,19.354322,19.806465,47.252514,-13.15937,-4.848932,-7.9889364,-3.6829817,-1.391514,64.079285,-29.682068,2.4768033,1.6431673,1.6340715,19.846432,30.79994,32.40383,-14.142361,-18.192677,23.559107,0.74974364,1.8263052,-0.23523939,-45.140167,30.625381,-46.52997,-8.995108,-6.954601,-6.7967505
447,5.624932289123535,-544.9758911132812,72.80874633789062,1.002709655689999,-9.887604235147288,-95.28970652425981,-26.121843,18.030375,20.74011,42.03835,-11.40056,-6.020618,-6.52246,-3.8537884,-1.5933396,63.74797,-28.893301,2.697889,2.006543,1.7229794,19.612013,31.789164,32.147327,-13.793004,-18.959326,23.73442,0.7420365,1.4072013,0.25399795,-45.096935,30.611845,-46.72249,-9.74146,-6.6374483,-6.561759
448,5.695222854614258,-546.26611328125,73.02682495117188,0.8249783340489335,-9.967858198328328,-95.01807063304602,-25.24766,16.80589,21.44449,36.951485,-9.808113,-7.3507113,-5.226627,-3.8824983,-1.7030133,63.66449,-27.851778,2.8557913,2.422583,1.8899077,19.388098,32.749706,31.88461,-13.431927,-19.745075,23.87586,0.68556947,1.0501386,0.7009943,-45.061882,30.647017,-46.81315,-10.480718,-6.3489933,-6.358004
449,5.768039703369141,-547.5612182617188,73.22344207763672,0.5435307188624613,-10.081067422112625,-94.90266939551974,-24.219341,15.692716,21.894272,31.883509,-8.413934,-9.007322,-4.1048923,-3.7136602,-1.7018727,63.84159,-26.49964,2.9466956,2.921458,2.1781993,19.175264,33.681797,31.619535,-13.061881,-20.550457,23.996578,0.5662158,0.7812945,1.1095748,-45.03753,30.736462,-46.77452,-11.228526,-6.101418,-6.1908855
450,5.851806163787842,-548.8552856445312,73.39020538330078,0.1514935055602449,-10.240450784015467,-94.90825406162682,-22.973349,14.693,22.135935,26.699612,-7.117603,-10.896204,-3.0875375,-3.3572373,-1.6273961,64.200195,-24.873232,2.979693,3.4786215,2.5923767,18.982353,34.59809,31.350515,-12.669761,-21.385258,24.123825,0.39541996,0.5656511,1.5187922,-45.023438,30.850597,-46.63857,-12.028437,-5.8653646,-6.032739
451,5.945863246917725,-550.1492309570312,73.52473449707031,-0.3318037415071936,-10.432639830321294,-95.01474829866704,-21.60548,13.885237,22.231888,21.627485,-5.876293,-12.68891,-2.1954367,-2.8627336,-1.4889044,64.74611,-23.053116,2.9472432,4.066944,3.0991762,18.808863,35.51617,31.07808,-12.250802,-22.269365,24.201921,0.19979739,0.37267426,1.8910615,-45.02201,30.997097,-46.44522,-12.806601,-5.6321473,-5.894179
452,6.044752597808838,-551.4273681640625,73.62744903564453,-0.8620107297777881,-10.6363239392823,-95.19420116126363,-20.266901,13.316557,22.246174,16.994247,-4.671095,-14.080768,-1.459046,-2.3034852,-1.2998238,65.493835,-21.125395,2.8466103,4.649264,3.644855,18.650763,36.452103,30.802471,-11.79903,-23.22144,24.173862,0.006741824,0.17109501,2.1935081,-45.03357,31.189774,-46.23798,-13.496647,-5.3922386,-5.7887697
453,6.154356479644775,-552.7033081054688,73.70782470703125,-1.3523175788161572,-10.811742461138898,-95.46488368347846,-19.1921,13.014456,22.147047,13.560048,-3.6844501,-14.773268,-1.0990437,-1.7925822,-1.0164657,66.703735,-19.00696,2.6449857,5.172451,4.1119013,18.493221,37.38762,30.527248,-11.282304,-24.267393,23.942518,-0.18815915,-0.042186353,2.3369846,-45.05516,31.483932,-45.973076,-14.0179205,-5.138997,-5.7558594
