Frame,root_translateX,root_translateY,root_translateZ,root_rotateX,root_rotateY,root_rotateZ,left_hip_pitch_joint_dof,left_hip_roll_joint_dof,left_hip_yaw_joint_dof,left_knee_joint_dof,left_ankle_pitch_joint_dof,left_ankle_roll_joint_dof,right_hip_pitch_joint_dof,right_hip_roll_joint_dof,right_hip_yaw_joint_dof,right_knee_joint_dof,right_ankle_pitch_joint_dof,right_ankle_roll_joint_dof,waist_yaw_joint_dof,waist_roll_joint_dof,waist_pitch_joint_dof,left_shoulder_pitch_joint_dof,left_shoulder_roll_joint_dof,left_shoulder_yaw_joint_dof,left_elbow_joint_dof,left_wrist_roll_joint_dof,left_wrist_pitch_joint_dof,left_wrist_yaw_joint_dof,right_shoulder_pitch_joint_dof,right_shoulder_roll_joint_dof,right_shoulder_yaw_joint_dof,right_elbow_joint_dof,right_wrist_roll_joint_dof,right_wrist_pitch_joint_dof,right_wrist_yaw_joint_dof
0,-0.23122532665729523,2.270737648010254,78.76130676269531,-0.6492765682031144,-1.8189308740565593,-87.67112180082138,4.5454435,8.303144,18.610886,7.244216,-8.853701,-7.2458715,2.5983796,-5.183856,-12.385598,8.799087,-8.246473,3.9409788,-3.716637,0.86339635,9.23166,-4.0287704,19.93666,-41.178226,52.85123,21.104797,-5.4918084,-2.0247183,-4.5905123,-17.81988,40.45323,54.876064,-10.139993,4.3614845,-2.9241738
1,-0.24198052287101746,2.285773754119873,78.7662353515625,-0.6565508970589666,-1.8180303750955082,-87.70453075663129,4.515047,8.338609,18.637747,7.2741785,-8.811339,-7.247523,2.5610185,-5.1550193,-12.358884,8.808843,-8.220662,3.9129736,-3.6471975,0.9051904,9.2977085,-3.98412,19.958557,-41.035866,52.57761,21.10773,-5.624215,-1.8147844,-4.6327863,-17.83208,40.42701,54.867294,-10.161229,4.3838162,-2.9379091
2,-0.2557148039340973,2.30539870262146,78.77279663085938,-0.6624274910861867,-1.8160354380134696,-87.73785754239152,4.4848685,8.371544,18.664976,7.304216,-8.7727585,-7.2466493,2.5249093,-5.128622,-12.330912,8.815945,-8.19577,3.8878903,-3.606316,0.9445052,9.364258,-3.9178069,19.99098,-40.858135,52.29525,21.126455,-5.762908,-1.6109126,-4.6934114,-17.846302,40.43102,54.87056,-10.173914,4.404512,-2.953806
3,-0.27557241916656494,2.335141897201538,78.77921295166016,-0.6713927904665927,-1.8161291290448869,-87.77132510288824,4.453327,8.409126,18.691578,7.336194,-8.727708,-7.250787,2.486765,-5.0976524,-12.305222,8.826892,-8.167896,3.8568766,-3.550309,0.9879015,9.434098,-3.858532,20.018269,-40.68844,52.00255,21.133198,-5.89352,-1.4009668,-4.751029,-17.855032,40.420547,54.869076,-10.196173,4.42788,-2.9658468
4,-0.30055081844329834,2.3749349117279053,78.78488159179688,-0.6884405058781732,-1.8217290698824664,-87.80482188660598,4.4173303,8.460862,18.716026,7.3748837,-8.667289,-7.2675915,2.4465935,-5.052573,-12.286216,8.84074,-8.1284275,3.8109155,-3.485389,1.0438427,9.523362,-3.7819536,20.051117,-40.486393,51.64297,21.128077,-6.0062537,-1.1831412,-4.8183627,-17.861969,40.400913,54.84863,-10.238266,4.458411,-2.965523
5,-0.32954534888267517,2.4181787967681885,78.7920150756836,-0.7153754128104012,-1.8380804765602081,-87.83927126642538,4.3811855,8.53055,18.736816,7.4233866,-8.59454,-7.301839,2.409474,-4.9893293,-12.275772,8.857972,-8.075433,3.743766,-3.4096441,1.1146057,9.638361,-3.6924064,20.09505,-40.261753,51.20803,21.115612,-6.0945687,-0.93936217,-4.8956156,-17.86715,40.36318,54.809113,-10.29719,4.4984202,-2.9389062
6,-0.35521870851516724,2.4647302627563477,78.80159759521484,-0.7532374885560975,-1.8619046303732367,-87.87403423241794,4.344499,8.616074,18.754921,7.4788084,-8.512393,-7.348404,2.3732786,-4.9109235,-12.272027,8.880486,-8.014328,3.6613808,-3.3255188,1.1972138,9.773265,-3.588287,20.154861,-40.02039,50.708126,21.096178,-6.1651926,-0.67870474,-4.979316,-17.8705,40.310005,54.75374,-10.370105,4.544937,-2.8938015
7,-0.3859809935092926,2.5195865631103516,78.80982208251953,-0.8066646182664308,-1.8803126527140395,-87.90346579629079,4.133059,8.778833,18.743067,7.8908215,-8.597576,-7.402877,2.3341427,-4.809983,-12.27876,8.885974,-7.935298,3.5718668,-3.204905,1.304012,9.901937,-3.505949,20.187784,-39.7996,50.206596,21.037014,-6.2250633,-0.42609987,-5.0452175,-17.870853,40.227955,54.67804,-10.467924,4.594752,-2.8575566
8,-0.4257422983646393,2.5811853408813477,78.8165283203125,-0.8798750926421389,-1.8836565183041714,-87.92523436764095,3.7195616,9.028087,18.697535,8.693369,-8.861182,-7.459117,2.2876127,-4.6822042,-12.29602,8.861856,-7.8343196,3.4835184,-3.1227367,1.4291341,10.047842,-3.3231764,20.281046,-39.447525,49.553192,20.954332,-6.2886424,-0.24145843,-5.141465,-17.87285,40.19049,54.56759,-10.601774,4.6451354,-2.850322
9,-0.4652178883552551,2.6447603702545166,78.82283020019531,-0.9658829461433841,-1.8730257014926066,-87.94124007426655,3.2603629,9.30178,18.64772,9.542691,-9.120039,-7.5121045,2.2354975,-4.534147,-12.320121,8.805573,-7.7070527,3.3999355,-3.0118012,1.5710908,10.185615,-3.1195338,20.375618,-39.06715,48.837666,20.811197,-6.345754,-0.1229946,-5.2182755,-17.872818,40.13342,54.415398,-10.795687,4.7036276,-2.8848536
10,-0.5078529119491577,2.72334361076355,78.8305435180664,-1.0636286959157186,-1.8531109820414793,-87.95318550886918,2.7518535,9.603063,18.590294,10.459387,-9.391559,-7.5657406,2.1671448,-4.369349,-12.34916,8.75045,-7.571409,3.3153284,-2.888405,1.7313782,10.324307,-2.8910935,20.468346,-38.639713,48.060066,20.630377,-6.3959875,-0.052957892,-5.290368,-17.871685,40.06666,54.231277,-11.039004,4.7693615,-2.9453855
11,-0.5559806227684021,2.8010482788085938,78.83739471435547,-1.1571116061336033,-1.8259590063918096,-87.96580999601873,2.2348287,9.901907,18.532394,11.363881,-9.63421,-7.620739,2.0916111,-4.203824,-12.377968,8.681661,-7.425143,3.2300937,-2.7508473,1.8922423,10.465561,-2.6354206,20.56925,-38.185387,47.240696,20.404724,-6.4512634,-0.0074224425,-5.3665185,-17.871828,40.024822,54.02633,-11.279964,4.826193,-3.0260322
12,-0.6107184290885925,2.8878276348114014,78.84405517578125,-1.2319966307298365,-1.793238356401019,-87.98398932431647,1.742965,10.17068,18.480658,12.19091,-9.816123,-7.6781344,1.9988616,-4.058548,-12.3992,8.622969,-7.286694,3.1441612,-2.5856621,2.0381587,10.60817,-2.367657,20.674688,-37.740852,46.421284,20.125116,-6.523361,0.040191934,-5.444609,-17.875973,40.027805,53.807343,-11.470969,4.857699,-3.1205251
13,-0.6676259636878967,2.9787614345550537,78.85122680664062,-1.2892373402704091,-1.7548260491736443,-88.0119281313876,1.2787726,10.41276,18.442272,12.93984,-9.940944,-7.7392373,1.8879083,-3.9304364,-12.410915,8.573413,-7.1567984,3.0570636,-2.387405,2.1712809,10.750522,-2.0811648,20.785992,-37.302406,45.581196,19.791706,-6.608787,0.08466808,-5.521549,-17.887167,40.08261,53.568638,-11.59871,4.8627563,-3.2421155
14,-0.7320353984832764,3.0714597702026367,78.86103057861328,-1.3351446137270413,-1.7101329366650673,-88.0459729472075,0.823469,10.639648,18.411968,13.646763,-10.025351,-7.8032594,1.7623168,-3.8121102,-12.417008,8.525611,-7.0285816,2.9689167,-2.1332104,2.3042223,10.8835945,-1.8212029,20.86543,-36.900192,44.770657,19.40374,-6.70258,0.123708956,-5.5786424,-17.900763,40.14382,53.31025,-11.696538,4.8482924,-3.3885198
15,-0.7943465113639832,3.170255184173584,78.87423706054688,-1.3572803867298648,-1.6596699483671085,-88.07936624840275,0.3835327,10.832616,18.37954,14.291452,-10.051838,-7.8679934,1.6176453,-3.720067,-12.418627,8.495639,-6.9097643,2.8813615,-1.9136322,2.4134066,11.036411,-1.4791039,20.998564,-36.427376,43.89095,18.974667,-6.8188443,0.15503454,-5.671459,-17.93036,40.300205,53.033543,-11.752239,4.813803,-3.5327168
16,-0.8683881759643555,3.2731196880340576,78.8945083618164,-1.3460285277670447,-1.6041819538295787,-88.1051397182868,-0.03499937,10.973762,18.33464,14.854833,-10.003187,-7.9310737,1.4536643,-3.6685193,-12.417856,8.489712,-6.8019423,2.7956765,-1.6635144,2.4937437,11.194697,-1.1674689,21.134384,-36.011635,43.097366,18.478584,-6.9651628,0.21253924,-5.7597156,-17.966316,40.46156,52.74906,-11.79839,4.7538767,-3.644452
17,-0.945460319519043,3.3833935260772705,78.91809844970703,-1.2991152793006968,-1.5459245543215174,-88.12759575246695,-0.4304626,11.059832,18.279135,15.340044,-9.874236,-7.989838,1.2681487,-3.6623106,-12.408393,8.515531,-6.704271,2.7137682,-1.396088,2.5434117,11.36358,-0.871984,21.272171,-35.639736,42.384747,17.868639,-7.1665688,0.31005353,-5.8592324,-18.010798,40.657997,52.46664,-11.82212,4.6598434,-3.7240486
18,-1.0211284160614014,3.496553659439087,78.947021484375,-1.2210785243571296,-1.4837796900396742,-88.14817902976107,-0.8073587,11.100593,18.217426,15.757435,-9.674545,-8.046168,1.0666502,-3.692286,-12.391892,8.557856,-6.610606,2.6349223,-1.1096241,2.569284,11.540806,-0.5846325,21.411943,-35.29861,41.728718,17.16561,-7.4113507,0.43243834,-5.963802,-18.06392,40.88925,52.176094,-11.821197,4.5362635,-3.7841153
19,-1.1034585237503052,3.612806558609009,78.97529602050781,-1.11600867509568,-1.4125678291506814,-88.15616835513404,-1.1696522,11.096303,18.143322,16.098665,-9.413956,-8.105007,0.8384405,-3.757931,-12.379741,8.634962,-6.5398874,2.5573459,-0.8148322,2.5717368,11.719761,-0.31111386,21.5521,-34.97118,41.14413,16.47821,-7.657428,0.55229336,-6.073025,-18.124693,41.1386,51.87985,-11.813553,4.4000597,-3.8160653
20,-1.1942466497421265,3.7371580600738525,79.00875091552734,-0.9860864301049747,-1.3275840140072088,-88.14053730816183,-1.5219303,11.047601,18.050266,16.358065,-9.099387,-8.171764,0.5971804,-3.853473,-12.385142,8.714397,-6.4836683,2.4785714,-0.52176076,2.5518677,11.893966,-0.058849387,21.689503,-34.641872,40.647614,15.914359,-7.8616667,0.6443117,-6.1819024,-18.18963,41.386192,51.575417,-11.819391,4.2685184,-3.811331
21,-1.2897664308547974,3.8656697273254395,79.04330444335938,-0.826169990007678,-1.2334092300702,-88.1020020342011,-1.8679798,10.95102,17.933235,16.550142,-8.727681,-8.2515955,0.34016305,-3.9868562,-12.406203,8.8102255,-6.452954,2.398491,-0.22780702,2.503676,12.068117,0.16768155,21.822044,-34.324303,40.256176,15.471296,-8.038682,0.7259709,-6.2976136,-18.25764,41.649452,51.275238,-11.828658,4.132474,-3.7764068
22,-1.3884317874908447,3.9950544834136963,79.08008575439453,-0.6377968261216415,-1.1307858836247353,-88.04507626888696,-2.204488,10.807125,17.797243,16.673132,-8.296467,-8.341122,0.06610254,-4.157607,-12.436786,8.924599,-6.4435496,2.3176827,0.071238786,2.4288425,12.242725,0.37123302,21.948797,-34.021797,39.961227,15.102439,-8.202416,0.80423737,-6.4196844,-18.328241,41.9315,50.97802,-11.836218,3.987401,-3.7132158
23,-1.4939466714859009,4.121695041656494,79.11766052246094,-0.42966007453471794,-1.0090714803693936,-87.96445365897237,-2.525232,10.623434,17.650257,16.69453,-7.8146152,-8.433629,-0.2270164,-4.351349,-12.484508,9.044393,-6.4450245,2.235767,0.36722165,2.338621,12.403956,0.55629575,22.067928,-33.702866,39.74209,14.850409,-8.307867,0.83994776,-6.5391164,-18.39955,42.192593,50.671043,-11.868207,3.8562374,-3.607138
24,-1.603890061378479,4.250775337219238,79.15254211425781,-0.21231266487964537,-0.8577611883631594,-87.8548615497824,-2.827761,10.406042,17.500118,16.590103,-7.2954936,-8.522745,-0.5455236,-4.5579143,-12.554267,9.164323,-6.4511304,2.1508882,0.6701848,2.2439976,12.528073,0.691359,22.152437,-33.366837,39.625374,14.75563,-8.3093605,0.80024636,-6.6471934,-18.455267,42.373585,50.36657,-11.957211,3.7610047,-3.4441903
25,-1.7165706157684326,4.382201194763184,79.19181823730469,0.01639204443555558,-0.6726349674826281,-87.71630597602542,-3.1200557,10.158425,17.356052,16.367445,-6.738051,-8.581875,-0.8955573,-4.778065,-12.643358,9.286076,-6.464732,2.058391,0.93034303,2.1340625,12.63531,0.8588083,22.258791,-32.935993,39.51281,14.869789,-8.171872,0.6432196,-6.7604403,-18.527287,42.547295,50.02508,-12.099226,3.7084413,-3.221281
26,-1.8365329504013062,4.507567882537842,79.22731018066406,0.2592775653429334,-0.4601904789672585,-87.55067756838864,-3.400207,9.880062,17.210611,16.032495,-6.135655,-8.623889,-1.2716218,-5.015119,-12.750072,9.409538,-6.487127,1.9599624,1.1995122,2.0110004,12.716527,0.98948485,22.352947,-32.497345,39.488712,15.149981,-7.9265194,0.40672365,-6.8615494,-18.594433,42.66804,49.67547,-12.296647,3.6836267,-2.945017
27,-1.9663591384887695,4.626646041870117,79.2653579711914,0.5023356614886808,-0.22564248819376304,-87.3549803276979,-3.642562,9.575458,17.045685,15.540903,-5.484265,-8.700665,-1.6597027,-5.2548513,-12.883775,9.519772,-6.5054092,1.8632516,1.4538442,1.8906276,12.773839,1.1124421,22.434046,-32.010475,39.5124,15.525386,-7.633179,0.12823553,-6.956736,-18.65822,42.716522,49.307747,-12.520007,3.686116,-2.6169345
28,-2.0925722122192383,4.746678352355957,79.30294036865234,0.727951395150652,0.02576827929953875,-87.12654628215516,-3.822112,9.250725,16.841087,14.851068,-4.7818427,-8.863595,-2.0430799,-5.4812937,-13.054723,9.597249,-6.5038996,1.7757291,1.6813837,1.7896901,12.807562,1.247519,22.50129,-31.450333,39.549362,15.92213,-7.350063,-0.15176576,-7.0451,-18.722195,42.658157,48.910965,-12.744619,3.7151186,-2.237442
29,-2.2167909145355225,4.864445686340332,79.34037780761719,0.9375000437925156,0.3054908460062584,-86.86447820414706,-3.9411068,8.90233,16.602844,13.941173,-4.021435,-9.087104,-2.4312456,-5.695221,-13.265215,9.635329,-6.474986,1.7019851,1.8861737,1.7096779,12.807064,1.3916245,22.54951,-30.812973,39.62231,16.359835,-7.059912,-0.46343523,-7.1236663,-18.786232,42.47909,48.485905,-13.012569,3.799014,-1.7533212
30,-2.342043876647949,4.978892803192139,79.37387084960938,1.1325006948430076,0.6113237543999276,-86.57028902261665,-4.009025,8.538537,16.33276,12.83888,-3.2069573,-9.355491,-2.8240461,-5.89862,-13.5105715,9.639006,-6.425515,1.6354737,2.0728164,1.6476871,12.774743,1.5351427,22.577696,-30.113338,39.742195,16.865034,-6.7440386,-0.8152686,-7.1937075,-18.84931,42.19851,48.0387,-13.321921,3.9271238,-1.1812185
31,-2.465287446975708,5.086634159088135,79.40552520751953,1.2993913891574151,0.9166061411102022,-86.24435500067985,-3.9951222,8.179876,16.0055,11.544185,-2.3448052,-9.735521,-3.1862793,-6.073809,-13.795205,9.598453,-6.3566713,1.5698624,2.2227163,1.6170523,12.736487,1.7012403,22.59649,-29.340227,39.839954,17.37579,-6.45675,-1.1359372,-7.255766,-18.926207,41.83673,47.54605,-13.579345,4.0434084,-0.62568164
32,-2.583995819091797,5.2057318687438965,79.42981719970703,1.4218679451028517,1.1949789842524456,-85.887376153551,-3.8695445,7.84718,15.594416,10.060253,-1.4421568,-10.2945,-3.48316,-6.199268,-14.12423,9.503497,-6.2698736,1.4974096,2.3412955,1.6336234,12.708852,1.8821827,22.60874,-28.521727,39.87801,17.820477,-6.2481613,-1.3457766,-7.3029795,-19.013332,41.388527,47.002518,-13.69715,4.092849,-0.19305004
33,-2.707913875579834,5.318722724914551,79.44786834716797,1.4822501558828658,1.444682636971672,-85.49062974613256,-3.5814576,7.539912,15.088634,8.256131,-0.42582455,-11.111229,-3.6938016,-6.2496133,-14.516832,9.320679,-6.152631,1.4163421,2.4165154,1.7149682,12.695874,2.091631,22.620268,-27.639517,39.857845,18.212212,-6.145654,-1.4166461,-7.325223,-19.117954,40.837852,46.394978,-13.641789,4.0535145,0.115542606
34,-2.8289783000946045,5.4293107986450195,79.45797729492188,1.4793752691730973,1.6774774078240242,-85.05587814716515,-3.3505363,7.3193064,14.468401,6.59131,0.46152583,-12.131767,-3.824332,-6.2206807,-14.9723835,9.032373,-5.9922757,1.3279002,2.4560306,1.8624812,12.686975,2.3258245,22.630634,-26.697771,39.794888,18.573868,-6.114701,-1.3909723,-7.322634,-19.238008,40.183487,45.728622,-13.464802,3.9590971,0.348583
35,-2.9415194988250732,5.538569927215576,79.4578628540039,1.4348614556082724,1.8882553879871435,-84.60028161896139,-3.7746706,7.321713,13.676705,6.427714,0.48759502,-13.221633,-3.904749,-6.1429896,-15.460064,8.7018385,-5.815942,1.2318729,2.468716,2.0543427,12.687294,2.5808308,22.64224,-25.715479,39.64046,18.856,-6.1144743,-1.3022047,-7.313673,-19.376038,39.47128,45.006733,-13.196437,3.840785,0.47466993
36,-3.052555561065674,5.645285129547119,79.4491195678711,1.3796139493962973,2.0717018311599475,-84.14192809067038,-4.145747,7.3386607,12.833967,6.2956033,0.4182547,-14.241799,-3.9573119,-6.055104,-15.945858,8.374824,-5.64071,1.1287498,2.4653504,2.2576704,12.703207,2.8534286,22.658327,-24.710674,39.344257,19.011097,-6.104712,-1.1840409,-7.3158016,-19.533041,38.745667,44.23091,-12.867937,3.7285314,0.4615762
37,-3.149380922317505,5.7615861892700195,79.4328842163086,1.3260989791354034,2.2272102771252533,-83.6744861273372,-4.50776,7.3157434,11.836473,6.233525,0.22966537,-15.000033,-4.028953,-5.9973574,-16.421968,8.15703,-5.520201,1.0305417,2.4356654,2.4614563,12.739202,3.157698,22.677862,-23.651928,38.88469,19.006233,-6.0787444,-1.0430299,-7.333493,-19.711592,38.012672,43.394035,-12.444242,3.6199598,0.26415446
38,-3.2304060459136963,5.880270481109619,79.41240692138672,1.3034666203037621,2.3722705511069857,-83.15950908627461,-4.8732533,7.1507835,10.715399,6.183624,-0.035931297,-15.000033,-4.18573,-6.035866,-16.913292,8.164988,-5.5137124,0.95398325,2.345269,2.6459358,12.779345,3.4950674,22.697836,-22.538012,38.28532,18.872469,-6.0567536,-0.8623071,-7.356817,-19.914593,37.25315,42.495136,-11.923155,3.499415,-0.086964816
39,-3.3064019680023193,5.99957799911499,79.40740966796875,1.2909164390713295,2.493157997657462,-82.647205577853,-5.1496906,7.0056434,9.7008705,6.156784,-0.3846687,-15.000033,-4.3211184,-6.083532,-17.39722,8.182248,-5.510958,0.8700159,2.2466662,2.8169503,12.833824,3.8314419,22.725595,-21.434586,37.57383,18.660496,-6.0405774,-0.640441,-7.3807244,-20.137,36.47032,41.544533,-11.385548,3.377904,-0.513518
40,-3.3878743648529053,6.127106666564941,79.40982818603516,1.3038183082550183,2.604309381157298,-82.13689213859466,-5.3050523,6.924766,9.023505,6.1516066,-0.80727226,-15.000033,-4.4476714,-6.1533427,-17.875643,8.199199,-5.5029006,0.7766514,2.1465364,2.9535067,12.885631,4.135713,22.772535,-20.410048,36.772907,18.417723,-6.0311713,-0.37526447,-7.407239,-20.37093,35.667686,40.5638,-10.912524,3.26757,-0.9379641
41,-3.4853920936584473,6.247383117675781,79.41697692871094,1.3397254024688268,2.71096295760855,-81.62540329753965,-5.334064,6.93316,8.742609,6.167518,-1.3759917,-15.000033,-4.5696716,-6.240958,-18.353168,8.210619,-5.4842405,0.6706033,2.0425227,3.0538173,12.92921,4.4118433,22.847773,-19.474636,35.86913,18.114222,-6.0305696,-0.030971294,-7.441045,-20.609682,34.83621,39.554226,-10.485608,3.164881,-1.3676065
42,-3.5996150970458984,6.368183135986328,79.42912292480469,1.389300792579986,2.809608569324357,-81.10947633859737,-5.2596617,7.0130625,8.737098,6.1969347,-2.0619154,-15.000033,-4.675958,-6.3370724,-18.833353,8.204559,-5.4515696,0.5535385,1.9299505,3.126683,12.968766,4.675839,22.954353,-18.595745,34.85044,17.734617,-6.0385385,0.37872317,-7.4828415,-20.851446,33.9759,38.514393,-10.076664,3.064394,-1.8351667
43,-3.709569215774536,6.493134021759033,79.45100402832031,1.4577507438706552,2.9021563730924593,-80.58785816802605,-5.094468,7.1473546,8.967878,6.230605,-2.7061632,-15.000033,-4.777423,-6.453296,-19.314325,8.20287,-5.4186006,0.43114355,1.8116386,3.1695895,13.00175,4.9182363,23.093334,-17.7744,33.7382,17.352406,-6.0516047,0.7808628,-7.524067,-21.094202,33.10172,37.454357,-9.753595,2.9792075,-2.3023705
44,-3.8223934173583984,6.6166839599609375,79.47748565673828,1.550849431452691,2.989822319458679,-80.06041762317348,-4.850995,7.317329,9.394371,6.2608624,-3.1508079,-15.000033,-4.893932,-6.6055975,-19.791676,8.248759,-5.4100056,0.30946016,1.6924766,3.180176,13.025805,5.124019,23.264397,-17.015112,32.559574,17.039587,-6.064287,1.1034222,-7.556904,-21.33549,32.227768,36.385445,-9.583447,2.923919,-2.731047
45,-3.943392753601074,6.738889217376709,79.50791931152344,1.6734977544087504,3.073257712125039,-79.52221575807646,-4.5182376,7.524631,10.038962,6.2866645,-3.3404088,-15.000033,-5.015283,-6.7959905,-20.270264,8.322434,-5.415218,0.18359996,1.5718406,3.1524534,13.037362,5.28993,23.469393,-16.325256,31.3123,16.818249,-6.075513,1.3340906,-7.5789275,-21.571125,31.346516,35.30605,-9.620209,2.9122055,-3.1210346
46,-4.0672526359558105,6.854636192321777,79.5448989868164,1.8232388609266241,3.1480106075274072,-78.97941592238088,-4.0871067,7.7699075,10.915396,6.3177867,-3.3704565,-15.000033,-5.132449,-7.017215,-20.745436,8.411409,-5.427312,0.052299928,1.4514365,3.0868561,13.040947,5.4227533,23.710096,-15.700734,29.986605,16.647936,-6.086381,1.509114,-7.598395,-21.79972,30.45492,34.21776,-9.816771,2.9356623,-3.4901097
47,-4.187303066253662,6.970229148864746,79.58563232421875,1.9923697838893097,3.20771527209045,-78.44779585931371,-3.5698848,8.033981,11.968406,6.3590403,-3.3102784,-15.000033,-5.250348,-7.265564,-21.201477,8.535775,-5.459373,-0.07335786,1.33961,2.9935508,13.047244,5.525833,23.982885,-15.127553,28.594196,16.510185,-6.093896,1.6293188,-7.622071,-22.023573,29.57335,33.13183,-10.086853,2.9761956,-3.8268063
48,-4.307255268096924,7.089747428894043,79.619873046875,2.1706296515576167,3.2464305906106024,-77.94371991937761,-3.0036824,8.307367,13.141085,6.466256,-3.2574651,-14.993171,-5.373481,-7.538797,-21.62211,8.711786,-5.5194316,-0.17788091,1.2441016,2.8858411,13.06738,5.598945,24.280813,-14.591484,27.151413,16.387814,-6.095686,1.6963003,-7.6573143,-22.247004,28.723764,32.058937,-10.344472,3.0145931,-4.1205854
49,-4.406727313995361,7.209489345550537,79.64825439453125,2.3877147496776137,3.283226864252322,-77.43383024933534,-2.3909907,8.485725,14.451334,6.56361,-3.1619582,-14.389722,-5.569232,-7.909368,-22.019463,9.049807,-5.6598616,-0.24287677,1.1303182,2.749936,13.078456,5.6506233,24.596527,-14.089065,25.645945,16.301493,-6.0886483,1.6883762,-7.700718,-22.476084,27.90322,30.99046,-10.601702,3.0547705,-4.355939
50,-4.500444412231445,7.338544845581055,79.67808532714844,2.6125356913307676,3.301030993024564,-76.94618206947216,-1.6902498,8.685006,15.938208,6.67505,-3.0219584,-13.781289,-5.757467,-8.294968,-22.388096,9.40761,-5.812387,-0.29403976,1.0275704,2.6066287,13.0960455,5.6772842,24.92995,-13.626651,24.076942,16.255869,-6.074941,1.6119547,-7.7487373,-22.711523,27.104433,29.919737,-10.89098,3.104636,-4.5430183
51,-4.587698459625244,7.460113048553467,79.70458984375,2.8345962161899867,3.3089549548410093,-76.46663083930363,-0.9416314,8.898015,17.479486,6.7994857,-2.8631988,-13.168292,-5.940813,-8.684414,-22.747095,9.778072,-5.9727325,-0.33665296,0.9253856,2.4631815,13.116022,5.6652203,25.281216,-13.2089205,22.475737,16.203188,-6.0581756,1.5124818,-7.8097115,-22.9545,26.343386,28.866037,-11.159294,3.1492448,-4.705657
52,-4.669748783111572,7.579382419586182,79.73070526123047,3.0391930783004195,3.3168284806828767,-75.97951718889439,-0.5756711,9.25567,18.886175,7.790677,-3.1619163,-12.55697,-6.097008,-9.051125,-23.122725,10.096214,-6.106321,-0.37690926,0.8111514,2.3318093,13.133791,5.6052275,25.649218,-12.838309,20.869286,16.097778,-6.0418663,1.4351014,-7.892992,-23.205809,25.637526,27.849995,-11.352134,3.1734145,-4.868168
53,-4.760247230529785,7.7050089836120605,79.75251007080078,3.2281048189717234,3.325618581366629,-75.4829894363157,-0.4758179,9.7533455,20.19075,9.421326,-3.7783282,-11.930408,-6.242803,-9.403484,-23.5161,10.400617,-6.233623,-0.4135004,0.6828436,2.2111208,13.146887,5.4945593,26.035547,-12.523702,19.262768,15.910128,-6.035537,1.390176,-7.999045,-23.466139,24.991785,26.870857,-11.453184,3.1711025,-5.033048
54,-4.84041690826416,7.825433254241943,79.7701416015625,3.3972025120743963,3.3307884934139715,-74.98333414757967,-0.33238488,10.308787,21.485373,11.050675,-4.3684616,-11.292348,-6.3707967,-9.7343445,-23.92217,10.68237,-6.350868,-0.4460613,0.54549646,2.1068816,13.157367,5.3408847,26.440254,-12.262107,17.639034,15.670313,-6.0337534,1.3537922,-8.121766,-23.735634,24.39653,25.917961,-11.491698,3.1510012,-5.188371
55,-4.916906356811523,7.947434425354004,79.78459167480469,3.5295722750381953,3.3354641249244517,-74.47710671015905,-0.16263428,10.915488,22.6863,12.647814,-4.959018,-10.683443,-6.462388,-10.016081,-24.350224,10.893775,-6.4342346,-0.4808647,0.39613664,2.035714,13.165563,5.144119,26.858496,-12.038151,16.001423,15.422167,-6.020131,1.3213139,-8.264476,-24.014751,23.84973,25.00456,-11.483374,3.1178687,-5.3377905
56,-4.988165855407715,8.063093185424805,79.79167938232422,3.619147371303274,3.3436205779586254,-73.96114908398849,0.023879059,11.547003,23.71445,14.153818,-5.5607886,-10.144366,-6.5349298,-10.248346,-24.79932,11.0645895,-6.498817,-0.5218538,0.2313457,2.004269,13.17097,4.90411,27.28252,-11.834851,14.3540325,15.211266,-5.9784513,1.2881176,-8.430299,-24.303154,23.350687,24.142624,-11.443702,3.0780764,-5.485209
57,-5.059526443481445,8.186989784240723,79.79641723632812,3.6615416614368415,3.3564219836169444,-73.4347082329929,0.21881564,12.201142,24.544123,15.569218,-6.194897,-9.702331,-6.579335,-10.42056,-25.271826,11.171319,-6.5328407,-0.57417834,0.046658933,2.018348,13.171632,4.620172,27.708954,-11.650923,12.692773,15.063201,-5.894083,1.2526664,-8.630284,-24.602413,22.916958,23.341545,-11.34852,3.0287747,-5.6444864
58,-5.128025054931641,8.316442489624023,79.79268646240234,3.6687210304387614,3.372818953075186,-72.8996039292712,0.427753,12.872019,25.222433,16.90496,-6.840442,-9.331591,-6.6024036,-10.548865,-25.76333,11.230585,-6.544193,-0.63281184,-0.15639864,2.0669787,13.167728,4.2915497,28.137503,-11.493163,11.019612,14.951947,-5.779745,1.2176867,-8.863053,-24.91262,22.546469,22.596312,-11.19807,2.9679406,-5.8100057
59,-5.187572002410889,8.441812515258789,79.78794860839844,3.6747214170792177,3.3940964122717348,-72.35700347987805,0.64968276,13.512516,25.78412,18.14179,-7.450195,-8.991513,-6.6941643,-10.7158,-26.24807,11.44419,-6.6352277,-0.68329114,-0.37066874,2.1154213,13.160035,3.9158087,28.565002,-11.358465,9.350658,14.846421,-5.6602383,1.1852682,-9.111831,-25.229698,22.207647,21.898949,-11.047372,2.9028382,-5.956453
60,-5.244598388671875,8.56672191619873,79.7803726196289,3.6763625209817694,3.4188816580042145,-71.80621697941514,0.872238,14.122945,26.249208,19.287764,-7.99016,-8.649707,-6.7724357,-10.880054,-26.74549,11.62899,-6.710698,-0.719807,-0.59148437,2.1678329,13.152104,3.4849584,28.985897,-11.246537,7.707343,14.715117,-5.560413,1.1593016,-9.363145,-25.548037,21.868547,21.246439,-10.95123,2.840402,-6.0587635
61,-5.295210838317871,8.692249298095703,79.77252960205078,3.6741137413045744,3.447190679338972,-71.2438879694323,1.0790888,14.69936,26.589201,20.368572,-8.457744,-8.277672,-6.8350472,-11.04269,-27.259262,11.783637,-6.770947,-0.7365211,-0.81868166,2.2242274,13.138917,2.9951046,29.39693,-11.154855,6.094068,14.551936,-5.4909863,1.1317772,-9.617185,-25.866129,21.525612,20.643435,-10.932701,2.7828875,-6.097601
62,-5.344541549682617,8.8163423538208,79.76587677001953,3.6655624754169827,3.4794420848975864,-70.67120509992493,1.2740166,15.242422,26.804573,21.37812,-8.869191,-7.9023156,-6.889128,-11.20273,-27.786572,11.922335,-6.823178,-0.73900473,-1.0540113,2.2877207,13.11995,2.4458055,29.797928,-11.087693,4.5048246,14.374653,-5.4376154,1.1045588,-9.88031,-26.18381,21.193354,20.093245,-10.961287,2.7265573,-6.0909605
63,-5.394728660583496,8.94275188446045,79.75680541992188,3.6593319688774453,3.515772175751978,-70.0949204636267,1.477524,15.741649,26.964315,22.27536,-9.217708,-7.570233,-6.951943,-11.375089,-28.315804,12.074601,-6.8784447,-0.73463947,-1.2948308,2.348548,13.102592,1.8355244,30.188656,-11.053866,2.946583,14.187963,-5.3872457,1.0961086,-10.156494,-26.498817,20.869728,19.59829,-11.011195,2.6691241,-6.0693865
64,-5.441195011138916,9.077363014221191,79.74986267089844,3.665486955725603,3.5560947896768265,-69.52194724602282,1.7155142,16.184172,27.139467,23.010069,-9.497326,-7.327185,-7.0426116,-11.577749,-28.834505,12.275528,-6.9506426,-0.73080033,-1.5367769,2.3964736,13.094418,1.1600261,30.5687,-11.064855,1.4276643,13.996155,-5.326987,1.1251734,-10.444666,-26.805416,20.549366,19.157211,-11.056469,2.6084898,-6.0636644
65,-5.483633995056152,9.213288307189941,79.74263000488281,3.6877002839633968,3.601149504882783,-68.95632586369142,1.9914404,16.563633,27.342838,23.57895,-9.70617,-7.1999745,-7.1645284,-11.815351,-29.33856,12.527717,-7.0408216,-0.7287868,-1.7766666,2.425927,13.092335,0.41898715,30.938004,-11.124203,-0.05408687,13.785852,-5.2573,1.2093436,-10.749607,-27.10082,20.235558,18.778732,-11.117987,2.5482285,-6.082288
66,-5.52577018737793,9.348505020141602,79.73535919189453,3.7238638667641246,3.6504422609210976,-68.39338854305716,2.2894561,16.883162,27.540247,24.011105,-9.851645,-7.1592636,-7.314245,-12.086214,-29.832281,12.83037,-7.149256,-0.7242916,-2.0172563,2.4390924,13.09263,-0.38801295,31.296356,-11.227616,-1.500065,13.559487,-5.1840854,1.3347995,-11.072795,-27.384163,19.929874,18.464907,-11.201205,2.4879599,-6.1091113
67,-5.565488815307617,9.492497444152832,79.72694396972656,3.768951682483672,3.7020231627221603,-67.82703368190322,2.5967798,17.157938,27.728405,24.331604,-9.946185,-7.1676054,-7.4714046,-12.377045,-30.323835,13.144939,-7.2575526,-0.7178124,-2.2639952,2.4413435,13.100677,-1.2631699,31.642977,-11.374313,-2.900974,13.345666,-5.1024427,1.4736454,-11.411459,-27.653412,19.625383,18.208145,-11.260638,2.4192479,-6.13737
68,-5.60239315032959,9.631816864013672,79.71939086914062,3.8208053314841326,3.7540840923999093,-67.25138841127422,2.8988578,17.401752,27.903275,24.569162,-10.003894,-7.1869254,-7.641681,-12.692146,-30.814772,13.494189,-7.3753695,-0.70886093,-2.5220854,2.4339676,13.120698,-2.206807,31.976713,-11.564076,-4.2480392,13.174611,-5.006793,1.5981044,-11.762778,-27.90748,19.315104,18.00196,-11.252987,2.3336852,-6.159925
69,-5.639191627502441,9.779577255249023,79.71068572998047,3.879665042959592,3.8045216255032335,-66.66390809524111,3.198159,17.610662,28.049273,24.710733,-10.015319,-7.215111,-7.8083196,-13.023998,-31.307909,13.848498,-7.488381,-0.69893414,-2.7933042,2.4167354,13.152501,-3.2189863,32.29577,-11.796331,-5.5511813,13.063585,-4.8779225,1.703417,-12.118724,-28.143343,18.988983,17.843117,-11.152689,2.2205532,-6.1660676
70,-5.678422927856445,9.937308311462402,79.70511627197266,3.947723439895381,3.8546551335514394,-66.06817966732287,3.4981558,17.780178,28.172783,24.751862,-9.979863,-7.2691326,-7.9806204,-13.378563,-31.799412,14.223488,-7.6047525,-0.6875511,-3.0745776,2.3864696,13.192759,-4.3025346,32.59951,-12.0737295,-6.8081737,12.993287,-4.724462,1.8036053,-12.48777,-28.361267,18.654726,17.741255,-10.987952,2.0870123,-6.1621394
71,-5.7129225730896,10.092413902282715,79.70128631591797,4.024045357994247,3.9074987903123093,-65.4667102732332,3.7914774,17.922686,28.303385,24.721987,-9.918752,-7.339728,-8.170446,-13.759986,-32.289272,14.632405,-7.727994,-0.6718356,-3.3633313,2.3443778,13.243841,-5.4592805,32.886883,-12.399596,-7.9975567,12.938873,-4.583077,1.8991483,-12.876283,-28.562702,18.325626,17.692432,-10.796602,1.9514402,-6.1671286
72,-5.745263576507568,10.247902870178223,79.6944351196289,4.107486259564363,3.9661529269141225,-64.86250394206252,4.071384,18.050617,28.470966,24.649607,-9.852274,-7.4175806,-8.38814,-14.170908,-32.776802,15.085266,-7.8600607,-0.6488643,-3.6572745,2.292198,13.308322,-6.693328,33.156693,-12.777872,-9.095124,12.874981,-4.490444,1.9905286,-13.295384,-28.750557,18.01727,17.696533,-10.614468,1.8320221,-6.2003
73,-5.782712459564209,10.418992042541504,79.68193054199219,4.194513354856434,4.0306681071318815,-64.24934092725948,4.3309407,18.168299,28.665602,24.53564,-9.7636595,-7.504003,-8.623625,-14.603289,-33.273296,15.565191,-7.9954677,-0.6216247,-3.9603353,2.233447,13.387679,-8.011173,33.40371,-13.209691,-10.097053,12.779598,-4.4585094,2.0754204,-13.734024,-28.924778,17.722378,17.738548,-10.449547,1.7419249,-6.2663207
74,-5.812025547027588,10.602158546447754,79.67420196533203,4.287278062277907,4.099372399558222,-63.62776826931851,4.5738792,18.2703,28.876184,24.370792,-9.651589,-7.602323,-8.875064,-15.059134,-33.774876,16.073568,-8.13502,-0.59014744,-4.277818,2.1674905,13.478344,-9.403844,33.6177,-13.687482,-11.013986,12.676378,-4.468109,2.1517122,-14.20129,-29.079693,17.445248,17.833876,-10.285034,1.6687196,-6.356559
75,-5.846403121948242,10.78687572479248,79.66248321533203,4.391088395974608,4.172907710018199,-63.010602589231915,4.8120337,18.354807,29.131588,24.161068,-9.555211,-7.706843,-9.164092,-15.553879,-34.25936,16.645855,-8.290067,-0.54713625,-4.588502,2.0861542,13.583197,-10.884222,33.817497,-14.232721,-11.837977,12.588502,-4.505593,2.2312922,-14.696815,-29.231474,17.185184,17.982567,-10.111991,1.5914725,-6.4646955
76,-5.879461288452148,10.983795166015625,79.64205932617188,4.510246632628056,4.251724987856876,-62.410435208247954,5.055682,18.421043,29.460123,23.91648,-9.51576,-7.8119054,-9.5164385,-16.104925,-34.703747,17.32808,-8.477977,-0.4858438,-4.9216075,1.9911774,13.694136,-12.399876,33.978954,-14.794452,-12.575362,12.567411,-4.56443,2.3013413,-15.314287,-29.359379,17.020103,18.273863,-9.933783,1.4907428,-6.5955276
77,-5.906581878662109,11.187347412109375,79.61383819580078,4.642926692979775,4.333996569006624,-61.8259124649708,5.3062215,18.474073,29.871141,23.637194,-9.512554,-7.901977,-9.915089,-16.700138,-35.116726,18.088974,-8.687861,-0.39994252,-5.214891,1.8715106,13.822912,-14.022839,34.15093,-15.474723,-13.2148485,12.586096,-4.637248,2.3982015,-15.910804,-29.504902,16.850813,18.588905,-9.733481,1.3504704,-6.7584887
78,-5.937003135681152,11.404993057250977,79.5763931274414,4.785479800464168,4.4196464900991685,-61.25176733585351,5.5606894,18.513327,30.349049,23.313688,-9.534269,-7.9852686,-10.352054,-17.332432,-35.505974,18.91406,-8.913693,-0.2952611,-5.5687895,1.7464893,13.960608,-15.6164,34.269814,-16.111956,-13.810972,12.669199,-4.742348,2.467363,-16.659319,-29.611542,16.811644,19.068586,-9.532242,1.1865386,-6.9630866
79,-5.972026824951172,11.636054039001465,79.52656555175781,4.940008034543054,4.512493432423746,-60.69373538487639,5.8123527,18.535368,30.881958,22.961834,-9.635271,-8.092753,-10.865815,-18.022947,-35.845592,19.869137,-9.1768,-0.18280187,-5.8463964,1.5930012,14.1199045,-17.397173,34.40821,-16.924923,-14.266493,12.756892,-4.851911,2.5806417,-17.371698,-29.750673,16.723223,19.531578,-9.306722,1.017422,-7.1449547
80,-6.003705024719238,11.8775053024292,79.46202087402344,5.105195337405265,4.615935346752685,-60.157849195231854,6.0554833,18.539255,31.458214,22.59489,-9.87086,-8.256861,-11.48762,-18.784163,-36.11285,21.000925,-9.491891,-0.07311507,-6.1641235,1.4340594,14.305339,-19.167593,34.51806,-17.68186,-14.686077,12.889075,-4.975957,2.665071,-18.290882,-29.872032,16.755445,20.13985,-9.080657,0.86761856,-7.2723575
81,-6.038757801055908,12.135146141052246,79.37525939941406,5.297948604822689,4.732838578828458,-59.64243332262185,6.3114467,18.489487,32.095936,22.150429,-10.256613,-8.500497,-12.239025,-19.643063,-36.296597,22.346886,-9.877123,0.047250703,-6.457086,1.2365712,14.516403,-21.036156,34.62314,-18.51191,-15.016378,13.054784,-5.101608,2.7599027,-19.303785,-30.005135,16.831484,20.815733,-8.799006,0.7329649,-7.339627
82,-6.088395118713379,12.414315223693848,79.26878356933594,5.5066630385818955,4.860777410365912,-59.14477335597001,6.5743456,18.402988,32.794476,21.6406,-10.7575865,-8.808287,-13.096804,-20.571785,-36.41077,23.863049,-10.31639,0.18112946,-6.756541,1.0184429,14.753412,-22.947824,34.709446,-19.363672,-15.287586,13.259445,-5.2376704,2.8497355,-20.43479,-30.13659,16.982464,21.58124,-8.48048,0.60559595,-7.3685093
83,-6.12962532043457,12.708520889282227,79.13809204101562,5.692217384236987,4.995732536223264,-58.66854700086331,6.7966404,18.356068,33.515896,21.195627,-11.358139,-9.153765,-14.037184,-21.510582,-36.46412,25.501707,-10.779411,0.30370983,-7.050828,0.8225797,15.021615,-24.930473,34.78662,-20.248592,-15.4812765,13.465901,-5.3865542,2.9453232,-21.703636,-30.269972,17.186966,22.422842,-8.197382,0.49834707,-7.3405285
84,-6.173422336578369,13.0153226852417,78.98186492919922,5.819234570276158,5.134040897093609,-58.218080768337394,6.9290504,18.42664,34.22221,20.956606,-12.049088,-9.505304,-15.037789,-22.405882,-36.464783,27.21856,-11.236857,0.38975477,-7.334898,0.68875307,15.331557,-26.99326,34.86985,-21.160501,-15.596611,13.635732,-5.55184,3.052861,-23.12601,-30.405819,17.423483,23.31653,-8.026095,0.42418984,-7.2370462
85,-6.226278305053711,13.342012405395508,78.78974151611328,5.894421366145187,5.2674705506332105,-57.79957239649985,7.004919,18.602959,34.94192,20.89744,-12.8716345,-9.86962,-16.089685,-23.275417,-36.44009,29.029505,-11.716253,0.4322499,-7.5901814,0.6036383,15.702315,-29.161194,34.970238,-22.13432,-15.648721,13.774154,-5.713567,3.1818457,-24.676292,-30.56048,17.669222,24.242193,-7.96487,0.39315373,-7.0106363
86,-6.283244609832764,13.680256843566895,78.56881713867188,5.9342485272998955,5.401296598059701,-57.41004142735877,7.0359344,18.856165,35.68616,20.970232,-13.821362,-10.259301,-17.21325,-24.13846,-36.37182,30.955112,-12.22511,0.449061,-7.871171,0.5580346,16.123508,-31.336203,35.06995,-23.073872,-15.682259,13.907492,-5.8855104,3.2964702,-26.435892,-30.691303,18.00514,25.278818,-7.9921217,0.39601204,-6.6899233
87,-6.356110572814941,14.027164459228516,78.31682586669922,5.921216733796237,5.552067360506361,-57.040784996035185,6.9328527,19.244394,36.38651,21.309868,-14.8298235,-10.643069,-18.438398,-24.953781,-36.19504,32.977634,-12.708444,0.45060778,-8.096895,0.54846704,16.586102,-33.673958,35.205654,-24.144255,-15.608139,13.951929,-6.083515,3.4717276,-28.24529,-30.855804,18.30764,26.256292,-8.094335,0.4149302,-6.3483863
88,-6.43095588684082,14.378786087036133,78.03471374511719,5.837915184713979,5.7359562070876216,-56.68416113285198,6.61058,19.824663,36.9725,22.043112,-15.8323555,-10.98383,-19.794737,-25.679203,-35.845062,35.07737,-13.113236,0.44608927,-8.3126745,0.6094191,17.075188,-36.09557,35.370277,-25.236464,-15.450289,13.873082,-6.3544087,3.6737592,-30.171993,-31.031143,18.617676,27.191607,-8.300318,0.43216085,-6.068254
89,-6.519046306610107,14.74749755859375,77.71599578857422,5.6555077309937385,5.963641727075404,-56.35656161650491,6.0494466,20.63592,37.41322,23.213137,-16.82071,-11.283518,-21.30773,-26.282047,-35.318745,37.284203,-13.415278,0.42121086,-8.50058,0.76802695,17.596489,-38.615402,35.574715,-26.386879,-15.223701,13.665884,-6.713403,3.951969,-32.209297,-31.22481,18.930155,28.054937,-8.682888,0.44294575,-5.8444805
90,-6.613784313201904,15.128451347351074,77.36860656738281,5.3927224564185705,6.224980680611392,-56.0584353953769,5.3014846,21.63433,37.74392,24.734121,-17.82335,-11.553147,-22.963646,-26.790104,-34.642357,39.608547,-13.652614,0.37517843,-8.667349,1.003411,18.162489,-41.23003,35.818775,-27.59304,-14.947689,13.345648,-7.1402073,4.2892046,-34.359985,-31.438082,19.250324,28.862274,-9.207691,0.45580593,-5.642171
91,-6.725902080535889,15.514309883117676,76.98351287841797,5.102873280848251,6.504180039099759,-55.75752328369924,4.3958764,22.745766,37.993046,26.519512,-18.819794,-11.7685585,-24.734207,-27.244177,-33.794685,41.9985,-13.86292,0.33968705,-8.8274765,1.2523648,18.766018,-43.94982,36.099228,-28.854649,-14.599334,12.895971,-7.608803,4.621195,-36.580666,-31.671183,19.547863,29.601833,-9.724193,0.47626325,-5.4993978
92,-6.851789951324463,15.906852722167969,76.55618286132812,4.839338464458351,6.7854936125502405,-55.4209633336106,3.358349,23.899769,38.189396,28.490553,-19.794294,-11.905331,-26.592941,-27.679281,-32.753883,44.397892,-14.080262,0.35230535,-8.99353,1.4515649,19.399086,-46.784542,36.409428,-30.17505,-14.155709,12.302038,-8.092688,4.8838444,-38.830025,-31.925333,19.79332,30.263876,-10.080788,0.5113829,-5.453897
93,-6.997467517852783,16.301982879638672,76.09162139892578,4.608884234469494,7.07291098419379,-55.06183592055167,2.1807,25.100845,38.33587,30.695353,-20.757732,-11.929122,-28.586329,-28.078306,-31.471523,46.833057,-14.267929,0.4027888,-9.152635,1.5942951,20.066814,-49.759262,36.746468,-31.576174,-13.599801,11.519605,-8.666699,5.1027946,-41.12553,-32.200798,19.993435,30.836401,-10.229477,0.5692611,-5.5413632
94,-7.157318115234375,16.70391845703125,75.57962799072266,4.384241972833311,7.372505560453906,-54.69079158475666,0.85577273,26.368979,38.408424,33.130943,-21.702852,-11.86633,-30.713634,-28.404789,-29.975729,49.317055,-14.4202,0.48964328,-9.304892,1.7143817,20.772102,-52.872593,37.105988,-33.058205,-12.952292,10.558517,-9.319323,5.2920446,-43.477528,-32.497856,20.158907,31.322987,-10.257437,0.64535636,-5.7332573
95,-7.333542346954346,17.10347557067871,75.02952575683594,4.168936111072186,7.671202012629665,-54.27092429822934,-0.60305524,27.66916,38.394886,35.67674,-22.59696,-11.778853,-32.876366,-28.668358,-28.357826,51.770153,-14.616927,0.6657292,-9.485285,1.8071222,21.501705,-56.07431,37.474094,-34.587532,-12.249998,9.500739,-9.891792,5.374075,-45.8688,-32.82417,20.2935,31.766304,-10.203076,0.7268002,-5.970978
96,-7.51273250579834,17.50055503845215,74.43013763427734,3.9677402626341083,7.956119785855661,-53.764828585919645,-2.188566,28.970798,38.283447,38.225857,-23.414997,-11.727577,-34.97649,-28.88985,-26.70752,54.11772,-14.943347,0.978471,-9.720579,1.8711208,22.240408,-59.35578,37.835754,-36.13985,-11.498032,8.403595,-10.223485,5.275128,-48.26088,-33.19141,20.39161,32.192806,-10.1140995,0.80130017,-6.1959624
97,-7.709214210510254,17.893301010131836,73.78350830078125,3.7856986696227355,8.228896364738437,-53.17152680666941,-3.904807,30.297495,38.157284,40.798946,-24.16264,-11.521668,-37.043797,-29.045862,-24.943518,56.362972,-15.371415,1.4555504,-10.000711,1.9065284,22.986992,-62.739647,38.18059,-37.727974,-10.691819,7.1956406,-10.255821,4.9734755,-50.6632,-33.603085,20.442698,32.58993,-9.988878,0.87538385,-6.4007144
98,-7.924030780792236,18.283382415771484,73.08489990234375,3.618662448435825,8.49505526309002,-52.507838940042255,-5.7612653,31.651587,37.9821,43.43025,-24.844769,-11.198869,-39.10334,-29.12373,-23.064682,58.541294,-15.883997,2.0689318,-10.313066,1.9197065,23.747934,-66.22527,38.49964,-39.362793,-9.833253,5.877412,-10.072088,4.517239,-53.109688,-34.06267,20.474993,32.96148,-9.799347,0.9519121,-6.6139827
99,-8.15792179107666,18.66982650756836,72.3366470336914,3.4625880124039967,8.746790503604048,-51.76283271579026,-7.77652,32.970093,37.57116,46.067493,-25.45555,-11.162934,-41.057964,-29.192009,-21.271957,60.636852,-16.57969,2.7696154,-10.67543,1.9186684,24.520432,-69.75962,38.779537,-41.010834,-8.944624,4.625049,-9.724532,3.941173,-55.57176,-34.581703,20.525253,33.332058,-9.56351,1.0139146,-6.8317895
100,-8.395373344421387,19.052078247070312,71.54330444335938,3.3170353511148374,8.976140202787528,-50.925168510441125,-9.982685,34.179996,36.74063,48.67857,-26.00509,-11.82104,-42.81788,-29.341234,-19.755762,62.630886,-17.55296,3.499416,-11.102798,1.9088962,25.30048,-73.28971,39.00697,-42.634026,-8.042532,3.6162055,-9.270379,3.2747486,-58.00564,-35.177387,20.623446,33.711548,-9.303843,1.0450951,-7.049691
101,-8.648374557495117,19.422061920166016,70.70361328125,3.1869042820593108,9.189064007592227,-49.96049851197293,-12.428854,35.229412,35.41769,51.22706,-26.462881,-13.663586,-44.304302,-29.571278,-18.526777,64.39473,-18.929007,4.3423944,-11.609544,1.893317,26.074871,-76.84662,39.169155,-44.221886,-7.0617065,2.7217956,-8.64783,2.3757577,-60.47152,-35.865887,20.798292,34.124104,-9.003783,1.0606685,-7.242397
102,-8.920637130737305,19.8131103515625,69.84859466552734,3.332214783086926,9.512347664919712,-48.68529644337048,-15.377017,35.644466,33.710506,53.657528,-26.83414,-15.000033,-45.85023,-30.223845,-17.319828,66.04697,-20.604773,5.334161,-12.339816,1.690558,26.676842,-80.44037,39.259556,-45.78638,-6.0190306,1.9229565,-7.848043,1.2824779,-62.918335,-36.647354,21.007998,34.503075,-8.679461,1.0646902,-7.4230533
103,-9.200607299804688,20.225038528442383,68.96355438232422,3.7792517600790947,9.939628168504791,-47.12744336800782,-18.759628,35.44246,31.824152,56.133533,-27.263033,-15.000033,-47.63691,-31.42205,-16.118298,67.83369,-22.344755,6.269814,-13.284875,1.2835734,27.104961,-84.002945,39.277824,-47.32651,-5.0354767,1.5506788,-7.02871,0.28562862,-65.35251,-37.529427,21.302006,34.90515,-8.294884,1.0187511,-7.6376095
104,-9.480607986450195,20.611356735229492,68.01971435546875,4.081386005008258,10.237706180873934,-45.69772787420155,-22.090603,35.499367,29.845165,58.99634,-27.935658,-15.000033,-49.358826,-32.6466,-15.231062,69.889206,-23.948734,6.8445163,-14.1083765,0.98204756,27.682055,-87.47676,39.228462,-48.83135,-4.22256,1.9111238,-6.359701,-0.3369579,-67.779915,-38.51791,21.734158,35.380962,-7.8190055,0.8826518,-7.9267817
105,-9.766471862792969,20.976882934570312,67.03480529785156,4.181615422270789,10.37498515406418,-44.41672164396015,-25.437977,35.85141,27.532785,62.33072,-28.887663,-15.000033,-50.966583,-33.94095,-14.815426,72.336006,-25.417114,6.90813,-14.783774,0.8220926,28.451689,-90.90075,39.12124,-50.36198,-3.5656984,3.2853892,-5.856777,-0.46281865,-70.23141,-39.621483,22.333681,35.93061,-7.2324734,0.6350604,-8.295815
106,-10.052599906921387,21.327518463134766,66.01814270019531,4.173463677955159,10.40737405850325,-43.19862456828175,-28.886631,36.248974,24.86488,65.963234,-30.004442,-15.000033,-52.480854,-35.362537,-14.74343,75.038376,-26.843348,6.619061,-15.370884,0.734674,29.34011,-94.28675,38.957493,-51.889763,-3.0271397,5.429878,-5.4370933,-0.26261094,-72.716324,-40.839138,23.094458,36.525017,-6.551611,0.2974672,-8.717448
107,-10.334169387817383,21.660037994384766,64.96414947509766,4.152448565116946,10.52343704050627,-42.07568320850318,-32.425606,36.577095,22.182678,69.623634,-31.131313,-15.000033,-54.198997,-36.79011,-14.657283,77.82716,-28.123789,6.1969204,-15.820082,0.7014818,29.793802,-97.11899,38.701794,-53.242996,-2.7468266,7.868258,-5.149409,0.13841312,-74.866,-42.10487,24.056892,37.17897,-5.783736,-0.1144916,-9.191601
108,-10.623191833496094,22.00345802307129,63.90573501586914,4.175962286510133,10.754401222374666,-41.0857622279941,-35.87279,36.82309,19.833984,73.07884,-32.15322,-15.000033,-56.22845,-38.07961,-14.246765,80.540695,-29.182364,5.873426,-16.126312,0.6555495,29.793802,-99.345024,38.324398,-54.294353,-2.7113793,10.145994,-5.0257716,0.5791558,-76.67209,-43.346703,25.214012,37.92694,-4.9597516,-0.5735576,-9.739865
109,-10.919463157653809,22.360048294067383,62.841976165771484,4.231201292314767,10.97129732654702,-40.26534619124442,-39.048508,37.07375,17.90688,76.33213,-33.074337,-15.000033,-58.488647,-39.18829,-13.434552,83.20319,-29.970646,5.711349,-16.275404,0.5369946,29.793802,-101.456985,37.86447,-55.149097,-2.8227663,12.416338,-5.116962,1.0949887,-78.452034,-44.58616,26.50602,38.784286,-4.1676955,-1.0811628,-10.395078
110,-11.208195686340332,22.694982528686523,61.76927185058594,4.282650702835274,11.162057631244531,-39.589176404127834,-42.055176,37.3525,16.192934,79.4935,-33.947956,-15.000033,-60.912964,-40.177895,-12.399221,85.88398,-30.550655,5.5818677,-16.280088,0.38063744,29.793802,-103.44887,37.346584,-55.8559,-3.0717657,14.840766,-5.36739,1.7558315,-80.192055,-45.83551,27.937773,39.71043,-3.373715,-1.6484491,-11.141832
111,-11.490813255310059,23.000734329223633,60.69465255737305,4.303337191329691,11.34486258056982,-39.007340441009205,-44.946976,37.635902,14.570109,82.5188,-34.774902,-15.000033,-63.364937,-41.044853,-11.29171,88.495384,-31.042501,5.451179,-16.188246,0.21809594,29.793802,-105.139175,36.769737,-56.28851,-3.4736469,16.9433,-5.648378,2.3871894,-81.811806,-47.08372,29.446136,40.642647,-2.5007489,-2.247399,-11.906519
112,-11.75070858001709,23.279949188232422,59.629905700683594,4.266288529308358,11.537918764640784,-38.46984078676221,-47.775417,37.895046,12.927532,85.36733,-35.55968,-15.000033,-65.7008,-41.796726,-10.266297,90.952354,-31.56627,5.288557,-16.056387,0.07519639,29.793802,-106.36292,36.118244,-56.330708,-4.0108185,18.241138,-5.855482,2.790718,-83.23866,-48.312836,30.962315,41.547092,-1.4735397,-2.8513467,-12.6171875
113,-11.980935096740723,23.540504455566406,58.58378601074219,4.134913921036742,11.748810873165434,-38.001769133447816,-50.539696,38.180477,11.246643,88.0235,-36.319695,-15.000033,-67.8556,-42.404488,-9.398542,93.22337,-32.149235,5.075182,-15.887919,-0.03180482,29.793802,-107.11827,35.37816,-55.9308,-4.637433,18.395443,-6.0193443,2.8411806,-84.48827,-49.525944,32.50992,42.462982,-0.27887917,-3.484134,-13.275938
114,-12.198630332946777,23.77407455444336,57.56102752685547,3.9296335436343273,11.968855174756769,-37.61780298429995,-53.22852,38.50491,9.576158,90.520485,-37.05125,-15.000033,-69.89584,-42.885235,-8.616114,95.36341,-32.730362,4.829787,-15.662275,-0.11586112,29.793802,-107.52181,34.54954,-55.194244,-5.332433,17.727499,-6.1941175,2.647995,-85.60165,-50.730885,34.10909,43.41736,1.0443038,-4.1536074,-13.909713
115,-12.410683631896973,23.984825134277344,56.5660285949707,3.7116932252188657,12.188847589057188,-37.25162572226189,-55.8595,38.775208,7.922855,92.881996,-37.726955,-15.000033,-71.87261,-43.322323,-7.838936,97.40866,-33.293255,4.5896864,-15.41406,-0.21174371,29.793802,-107.59676,33.63495,-54.254147,-6.099712,16.739056,-6.317047,2.3614726,-86.5432,-51.915783,35.679337,44.372147,2.505741,-4.80905,-14.483636
116,-12.618234634399414,24.17514991760254,55.58912658691406,3.539913322280853,12.396980241001389,-36.84100004799137,-58.437977,38.893925,6.315603,95.13444,-38.32291,-15.000033,-73.84329,-43.785004,-6.992663,99.39753,-33.82489,4.3785796,-15.177151,-0.36381796,29.793802,-107.3563,32.639343,-53.242348,-6.9435797,15.93445,-6.328706,2.1392713,-87.26759,-53.05688,37.121952,45.29373,4.104123,-5.39849,-14.965273
117,-12.826858520507812,24.343891143798828,54.63428497314453,3.4288865701723035,12.588079724221389,-36.3802891261381,-60.94876,38.85193,4.7607045,97.27561,-38.819324,-15.000033,-75.824936,-44.273983,-6.0581884,101.33381,-34.3212,4.1999335,-14.976968,-0.6138705,29.793802,-106.7113,31.55203,-52.105953,-7.90126,15.287013,-6.179331,1.9857438,-87.75413,-54.138317,38.428406,46.21164,5.9366074,-5.9094267,-15.348916
118,-13.022747993469238,24.497350692749023,53.70222473144531,3.3509580598197912,12.766473653167658,-35.897768941565324,-63.381706,38.707233,3.2453864,99.298706,-39.23038,-15.000033,-77.79245,-44.758926,-5.070548,103.2024,-34.790398,4.038317,-14.807652,-0.9471646,29.793802,-105.70935,30.366886,-50.835083,-8.933977,14.581107,-5.9103127,1.8344617,-88.03961,-55.158375,39.63272,47.163918,7.9683757,-6.369033,-15.650784
119,-13.210036277770996,24.638748168945312,52.788333892822266,3.3010201710048457,12.932787494374528,-35.38404727129117,-65.73667,38.459934,1.7858951,101.21984,-39.58398,-15.000033,-79.74287,-45.255814,-4.035584,105.00856,-35.236023,3.886907,-14.654982,-1.3290986,29.793802,-104.55383,29.110893,-49.61365,-9.937638,14.040602,-5.6058025,1.7349367,-88.14715,-56.1154,40.685524,48.12856,10.005845,-6.7808847,-15.877439
120,-13.3881196975708,24.76844024658203,51.90426254272461,3.273891732527436,13.088243065707893,-34.82954334223586,-68.01403,38.11054,0.3985718,103.05264,-39.9057,-15.000033,-81.67522,-45.780666,-2.9591694,106.75886,-35.662487,3.73955,-14.506385,-1.7287991,29.793802,-103.432434,27.839287,-48.614975,-10.830491,13.886479,-5.3502502,1.7319695,-88.0744,-57.00816,41.51032,49.070683,11.848523,-7.147389,-16.037605
121,-13.563376426696777,24.887605667114258,51.04094314575195,3.28366817119458,13.23240293604649,-34.2081398614344,-70.21412,37.63352,-0.90619826,104.7909,-40.188065,-15.000033,-83.608604,-46.36037,-1.8224896,108.45383,-36.069324,3.5981486,-14.391177,-2.1575837,29.793802,-102.31583,26.604305,-47.85666,-11.693819,14.216322,-5.1427383,1.8890958,-87.78523,-57.831707,42.025955,49.99609,13.474515,-7.4560614,-16.08444
122,-13.73011302947998,24.99099349975586,50.196285247802734,3.3303688594580843,13.362910494824401,-33.53247846640587,-72.32428,37.042522,-2.132515,106.430595,-40.42268,-15.000033,-85.55118,-46.974987,-0.61722565,110.09168,-36.45083,3.4671063,-14.3227005,-2.637042,29.793802,-101.09541,25.433844,-47.24885,-12.589632,14.8905735,-4.9422493,2.1637797,-87.270164,-58.58293,42.263184,50.916138,14.977004,-7.7008576,-16.034197
123,-13.877588272094727,25.08997344970703,49.380184173583984,3.3864414835577565,13.479551933082005,-32.85097509344053,-74.33672,36.402954,-3.289151,107.99442,-40.623775,-15.000033,-87.473946,-47.575634,0.6215952,111.67001,-36.81145,3.3411472,-14.259965,-3.1394887,29.793802,-99.8272,24.353716,-46.784077,-13.421813,15.774987,-4.771876,2.4379795,-86.57433,-59.264004,42.326878,51.807106,16.327826,-7.89701,-15.990767
124,-14.012603759765625,25.18359375,48.585716247558594,3.4237305247870005,13.584150496959664,-32.212057853036235,-76.24777,35.777008,-4.386989,109.49641,-40.812263,-15.000033,-89.34497,-48.11528,1.8560139,113.187416,-37.149174,3.216986,-14.161258,-3.6334975,29.793802,-98.567444,23.385271,-46.451405,-14.090519,16.73769,-4.660238,2.596509,-85.74749,-59.878742,42.32935,52.642902,17.496925,-8.062869,-16.058218
125,-14.127119064331055,25.270038604736328,47.81619644165039,3.4384377249879146,13.688109591337064,-31.602981585371527,-78.07523,35.157017,-5.4298306,110.92839,-40.986523,-15.000033,-91.16108,-48.607044,3.080998,114.641945,-37.46387,3.100393,-14.038503,-4.0965247,29.793802,-97.29515,22.550884,-46.244793,-14.611377,17.865519,-4.6502028,2.5953915,-84.78707,-60.423416,42.23734,53.43425,18.443005,-8.2003975,-16.285515
126,-14.226144790649414,25.339771270751953,47.07085037231445,3.44498541307327,13.787178150450993,-31.00628482220147,-79.81783,34.52321,-6.413844,112.28501,-41.13674,-15.000033,-92.93667,-49.071346,4.3138094,116.035576,-37.75355,2.9939113,-13.915218,-4.5432825,29.793802,-95.965164,21.865011,-46.160164,-15.0568285,19.182972,-4.7183094,2.5061495,-83.68132,-60.891674,42.0259,54.197186,19.194466,-8.302446,-16.611792
127,-14.309686660766602,25.401063919067383,46.35087966918945,3.4415842816549373,13.860000348115225,-30.463620064688783,-81.45378,33.92244,-7.345635,113.59148,-41.271877,-15.000033,-94.654236,-49.46723,5.535899,117.37387,-38.016777,2.8870537,-13.765142,-4.992971,29.793802,-94.60416,21.32595,-46.18431,-15.399724,20.464918,-4.7964425,2.3860564,-82.48333,-61.284695,41.840855,54.92115,19.83014,-8.377551,-16.976267
128,-14.389642715454102,25.452953338623047,45.651771545410156,3.424992031154098,13.885655400296733,-30.016620082644234,-82.96449,33.40078,-8.236246,114.871956,-41.40381,-15.000033,-96.29094,-49.756607,6.723445,118.66159,-38.252216,2.769512,-13.557489,-5.4553246,29.793802,-93.24044,20.920801,-46.29268,-15.609953,21.490269,-4.81417,2.2867815,-81.26985,-61.60618,41.854015,55.610847,20.435286,-8.43443,-17.31841
129,-14.462566375732422,25.50506591796875,44.97071075439453,3.3895060756319193,13.844031075509944,-29.712372669082868,-84.32991,33.008823,-9.100151,116.14363,-41.538876,-15.000033,-97.82322,-49.90095,7.856942,119.90228,-38.451035,2.6334078,-13.247108,-5.938825,29.793802,-91.87296,20.642344,-46.499317,-15.618544,22.179262,-4.755559,2.2359421,-80.05631,-61.851997,42.13993,56.280537,20.999193,-8.4668665,-17.65262
130,-14.539401054382324,25.575176239013672,44.29596710205078,3.336984960686234,13.751390762603641,-29.51620281048141,-85.57615,32.71367,-9.938706,117.38816,-41.669735,-15.000033,-99.254745,-49.936108,8.939353,121.094086,-38.615273,2.4882114,-12.865289,-6.423374,29.793802,-90.482506,20.488224,-46.79913,-15.455739,22.657515,-4.656712,2.2001386,-78.845436,-62.015568,42.6441,56.949493,21.494297,-8.473165,-18.002102
131,-14.596776962280273,25.628576278686523,43.66533660888672,3.2759549096125107,13.641625748236663,-29.346621157668928,-86.751144,32.437214,-10.741032,118.58325,-41.786407,-15.000033,-100.60869,-49.93928,9.985021,122.23352,-38.760162,2.3479388,-12.492092,-6.8798904,29.793802,-89.08401,20.445116,-47.13924,-15.232203,23.012531,-4.523566,2.136746,-77.68957,-62.10313,43.33646,57.62278,21.978725,-8.468729,-18.318848
132,-14.650331497192383,25.6646671295166,43.066646575927734,3.215071753767764,13.548223892071233,-29.122906692742426,-87.8994,32.100666,-11.49475,119.70343,-41.876987,-15.000033,-101.91512,-49.98553,11.015614,123.31608,-38.900677,2.2279944,-12.200045,-7.2794523,29.793802,-87.701126,20.491302,-47.464706,-15.055135,23.333696,-4.3637624,2.0010521,-76.63885,-62.13097,44.18546,58.303146,22.513027,-8.468907,-18.553738
133,-14.693851470947266,25.71059226989746,42.498443603515625,3.145537351482314,13.469910095512759,-28.825510079483468,-89.036545,31.685518,-12.215944,120.74664,-41.935486,-15.000033,-103.15894,-50.095245,12.025569,124.34081,-39.042538,2.1442747,-11.985082,-7.603893,29.793802,-86.33479,20.606367,-47.77647,-14.916936,23.639383,-4.1379952,1.7547399,-75.66211,-62.122,45.238384,58.984467,23.175133,-8.48711,-18.68511
134,-14.71751594543457,25.740293502807617,41.95526123046875,3.0656633933590003,13.393107778951036,-28.497019845451682,-90.13827,31.232393,-12.906601,121.72769,-41.972763,-15.000033,-104.33723,-50.232864,13.0091,125.31084,-39.177734,2.0818436,-11.799232,-7.865368,29.793802,-84.98769,20.776869,-48.09806,-14.759616,23.8875,-3.8576694,1.4293604,-74.73,-62.08871,46.482098,59.656216,23.916077,-8.509973,-18.738878
135,-14.746753692626953,25.780424118041992,41.431087493896484,2.9950401224418157,13.331861805832856,-28.15143262766492,-91.19168,30.76065,-13.537093,122.637184,-41.98349,-15.000033,-105.48967,-50.37383,13.986329,126.223366,-39.29463,2.0234818,-11.648643,-8.091505,29.793802,-83.69381,20.991938,-48.413746,-14.599426,24.078703,-3.606463,1.0849156,-73.874664,-62.031925,47.772408,60.30455,24.606812,-8.513101,-18.737755
136,-14.773346900939941,25.827083587646484,40.93736267089844,2.9548997156958796,13.299511047999188,-27.802169813878386,-92.17857,30.281792,-14.074359,123.473274,-41.97929,-15.000033,-106.6657,-50.500427,14.980644,127.08005,-39.387104,1.9378358,-11.541688,-8.317511,29.793802,-82.48931,21.244291,-48.71309,-14.454281,24.213236,-3.4669323,0.78200215,-73.11519,-61.946472,48.947365,60.910355,25.111807,-8.472999,-18.706387
137,-14.789705276489258,25.865629196166992,40.48749923706055,2.953062323422641,13.310050112862587,-27.440813445380282,-93.11068,29.790064,-14.515061,124.22297,-41.94687,-15.000033,-107.88891,-50.61104,16.00473,127.87623,-39.44537,1.827036,-11.485289,-8.55405,29.793802,-81.39133,21.52879,-48.997894,-14.29447,24.280096,-3.4955072,0.518017,-72.4279,-61.834866,49.966137,61.45465,25.34625,-8.371262,-18.63249
138,-14.803481101989746,25.894155502319336,40.07147979736328,2.9790086678851417,13.352450244151173,-27.064150390789212,-93.994095,29.282488,-14.879435,124.8925,-41.88807,-15.000033,-109.133064,-50.71393,17.044771,128.61583,-39.476097,1.7003585,-11.467798,-8.78912,29.793802,-80.387405,21.840689,-49.279762,-14.112275,24.284504,-3.6356125,0.26757178,-71.778854,-61.704784,50.879375,61.939835,25.393082,-8.225208,-18.50959
139,-14.816641807556152,25.919384002685547,39.68693923950195,3.024211900891517,13.402932306811428,-26.69347522614235,-94.81168,28.787453,-15.176111,125.49939,-41.815243,-15.000033,-110.35895,-50.793484,18.076405,129.29973,-39.488247,1.5550933,-11.475489,-9.0271435,29.793802,-79.47555,22.17576,-49.564213,-13.943997,24.249191,-3.800471,0.057049584,-71.18766,-61.55435,51.675144,62.378597,25.368816,-8.064734,-18.370693
140,-14.831146240234375,25.945598602294922,39.3299560546875,3.080254044701187,13.43744804433472,-26.35047257535933,-95.54723,28.332674,-15.414522,126.05984,-41.740105,-15.000033,-111.52415,-50.833286,19.074276,129.93416,-39.491356,1.3884537,-11.496978,-9.275614,29.793802,-78.653595,22.530783,-49.859097,-13.824786,24.19777,-3.9027054,-0.08705743,-70.66627,-61.375107,52.33164,62.784508,25.38719,-7.9195704,-18.250763
141,-14.846545219421387,25.98020362854004,39.00461959838867,3.1537334121589597,13.442209251660522,-26.04071147479882,-96.186424,27.92814,-15.587812,126.57811,-41.66298,-15.000033,-112.632,-50.824886,20.055164,130.52066,-39.484028,1.195195,-11.528591,-9.546175,29.793802,-77.93471,22.906063,-50.182884,-13.7504225,24.144947,-3.9216976,-0.13654697,-70.224106,-61.15753,52.837936,63.178646,25.425327,-7.7909956,-18.125162
142,-14.863967895507812,26.010835647583008,38.69733810424805,3.2467014979411437,13.43139317188354,-25.752551862100827,-96.744804,27.559668,-15.699226,127.04758,-41.578445,-15.000033,-113.698654,-50.77635,21.023344,131.05676,-39.46069,0.978343,-11.580279,-9.836501,29.793802,-77.321175,23.302027,-50.528694,-13.700837,24.076746,-3.9028702,-0.113107204,-69.85057,-60.89763,53.201973,63.553158,25.43872,-7.6663275,-17.987898
143,-14.881856918334961,26.04456901550293,38.426475524902344,3.343187318875128,13.424142600884673,-25.48197468538803,-97.247,27.220467,-15.77066,127.460655,-41.48908,-15.000033,-114.70118,-50.71209,21.935669,131.5382,-39.42754,0.7489142,-11.658056,-10.133188,29.793802,-76.79036,23.715733,-50.867813,-13.68364,23.975609,-3.8605072,-0.06390966,-69.543335,-60.596043,53.44487,63.882626,25.509861,-7.555068,-17.901907
144,-14.893942832946777,26.080406188964844,38.191524505615234,3.4270873702063205,13.439410961723313,-25.22492476564253,-97.71824,26.902872,-15.824202,127.81327,-41.397533,-15.000033,-115.618744,-50.65816,22.751083,131.95926,-39.389973,0.5183297,-11.766479,-10.420128,29.793802,-76.32223,24.141287,-51.170033,-13.702755,23.823238,-3.8094199,-0.03636669,-69.297676,-60.257427,53.58695,64.14162,25.722069,-7.4666734,-17.930107
145,-14.905956268310547,26.11020851135254,37.98735809326172,3.4931936411922693,13.480579561712508,-24.985178733007267,-98.166595,26.609224,-15.8706,128.10353,-41.30126,-15.000033,-116.441086,-50.6141,23.452133,132.3191,-39.34708,0.28043056,-11.900536,-10.689487,29.793802,-75.93051,24.575026,-51.437126,-13.766266,23.584602,-3.7394395,-0.03666395,-69.12127,-59.884247,53.611942,64.333336,26.13909,-7.409979,-18.12004
146,-14.918891906738281,26.137495040893555,37.81880569458008,3.550429234723313,13.53828034288082,-24.763231198969354,-98.57973,26.342287,-15.899425,128.33443,-41.19941,-15.000033,-117.18117,-50.572758,24.06238,132.61858,-39.29618,0.032938078,-12.057173,-10.949249,29.793802,-75.622444,25.01529,-51.682945,-13.864413,23.28094,-3.647703,-0.04165845,-69.00841,-59.478157,53.511974,64.46641,26.702948,-7.3813186,-18.429028
147,-14.925559997558594,26.165836334228516,37.68485641479492,3.603313925603049,13.613653736380071,-24.550490961211807,-98.955536,26.09596,-15.90266,128.50818,-41.09377,-15.000033,-117.84531,-50.542534,24.597824,132.85898,-39.240055,-0.2037825,-12.240966,-11.204738,29.793802,-75.366615,25.457506,-51.89265,-13.986522,22.97705,-3.55997,-0.055317566,-68.93754,-59.04597,53.32548,64.52347,27.315805,-7.370407,-18.783297
148,-14.932605743408203,26.19619369506836,37.57796859741211,3.6581883733593434,13.707867520720006,-24.337668527898252,-99.28509,25.856098,-15.867047,128.63332,-41.002865,-15.000033,-118.463806,-50.538937,25.085993,133.04414,-39.184345,-0.42773718,-12.455891,-11.458168,29.793802,-75.13145,25.894936,-52.049637,-14.121476,22.738201,-3.5021753,-0.0823882,-68.89125,-58.59792,53.095894,64.488075,27.882225,-7.364056,-19.108349
149,-14.935117721557617,26.2257137298584,37.50253677368164,3.713808206891138,13.826724920541647,-24.117546292381274,-99.580414,25.620092,-15.796161,128.70197,-40.91417,-15.000033,-119.02246,-50.563354,25.518179,133.17084,-39.12899,-0.6280488,-12.705345,-11.700803,29.793802,-74.91501,26.320444,-52.149487,-14.26758,22.581831,-3.4812717,-0.13285175,-68.87774,-58.14296,52.820457,64.35315,28.441498,-7.3587456,-19.40075
150,-14.927480697631836,26.252248764038086,37.46064376831055,3.767315575297596,13.968784705772155,-23.896774973630265,-99.84272,25.39215,-15.696129,128.7154,-40.828754,-15.000033,-119.52226,-50.61458,25.888214,133.23752,-39.07155,-0.8149932,-12.980283,-11.927934,29.793802,-74.73518,26.729362,-52.20103,-14.4271145,22.473248,-3.4840765,-0.20170355,-68.89636,-57.68697,52.47855,64.12274,29.024588,-7.361621,-19.694023
151,-14.915082931518555,26.27800750732422,37.44833755493164,3.81914190437199,14.123933502911626,-23.687562044223558,-100.06095,25.18874,-15.568104,128.6834,-40.747437,-15.000033,-119.94806,-50.67993,26.1911,133.24957,-39.011093,-0.97483784,-13.26406,-12.145856,29.793802,-74.585464,27.118761,-52.206284,-14.597281,22.400286,-3.506393,-0.27138385,-68.914536,-57.23513,52.086555,63.79602,29.522566,-7.371297,-19.969248
152,-14.900371551513672,26.308143615722656,37.45988464355469,3.868556980290969,14.28213434666759,-23.50278571193253,-100.22455,25.025677,-15.413878,128.61441,-40.670666,-15.000033,-120.28827,-50.752712,26.425085,133.20897,-38.945297,-1.0933354,-13.540814,-12.360002,29.793802,-74.45797,27.48748,-52.165207,-14.777144,22.350471,-3.5440469,-0.3245007,-68.90108,-56.790806,51.66293,63.374516,29.828264,-7.384516,-20.207653
153,-14.878143310546875,26.344181060791016,37.499603271484375,3.918434253610837,14.443441716637198,-23.342031134833924,-100.33127,24.907671,-15.225862,128.5068,-40.595886,-15.000033,-120.542175,-50.830444,26.590715,133.11327,-38.875088,-1.1654767,-13.811979,-12.572935,29.793802,-74.36128,27.83479,-52.07558,-14.96689,22.346224,-3.6159365,-0.35334367,-68.85629,-56.35546,51.208607,62.845394,29.901497,-7.4084325,-20.393734
154,-14.850968360900879,26.370929718017578,37.57280731201172,3.9671140606806627,14.612844099917487,-23.200008172977995,-100.38781,24.825632,-15.007079,128.3565,-40.52379,-15.000033,-120.71285,-50.91945,26.686455,132.9628,-38.801445,-1.1988623,-14.081187,-12.777879,29.793802,-74.296165,28.158796,-51.938774,-15.167884,22.385391,-3.7179701,-0.36803728,-68.79287,-55.931095,50.715714,62.20936,29.804161,-7.439243,-20.5416
155,-14.820894241333008,26.391613006591797,37.67315673828125,4.007986719893228,14.787672868916015,-23.0813055944244,-100.39824,24.77566,-14.775,128.17372,-40.45897,-15.000033,-120.796234,-51.02039,26.70729,132.76134,-38.7193,-1.1970532,-14.336002,-12.965612,29.793802,-74.24285,28.456703,-51.760136,-15.377321,22.417746,-3.8113875,-0.37781328,-68.698875,-55.52103,50.188965,61.488667,29.580814,-7.456714,-20.676517
156,-14.786248207092285,26.412620544433594,37.80381774902344,4.034752903463664,14.964889548078364,-22.99079600439252,-100.367035,24.753601,-14.54732,127.96443,-40.40539,-15.000033,-120.78487,-51.12981,26.645771,132.51662,-38.624985,-1.1644436,-14.563805,-13.126963,29.793802,-74.182495,28.725004,-51.544518,-15.593102,22.393503,-3.8576612,-0.39211023,-68.56256,-55.129593,49.635216,60.704082,29.278332,-7.44078,-20.823484
157,-14.741129875183105,26.430627822875977,37.95774459838867,4.046520090215982,15.145619300269747,-22.92898457950294,-100.29314,24.761826,-14.322049,127.7327,-40.36469,-15.000033,-120.67513,-51.249977,26.501013,132.22662,-38.514793,-1.0941064,-14.762041,-13.258532,29.793802,-74.11296,28.958553,-51.29485,-15.820068,22.316002,-3.8350952,-0.399278,-68.37664,-54.75998,49.056965,59.846306,28.866974,-7.3805075,-21.002949
158,-14.690213203430176,26.456436157226562,38.13467788696289,4.045515436820062,15.331302675837346,-22.89381231535352,-100.17597,24.801508,-14.092088,127.47286,-40.333935,-15.000033,-120.46881,-51.379227,26.274378,131.89075,-38.391823,-0.98615324,-14.9337845,-13.36249,29.793802,-74.04606,29.153322,-51.009693,-16.051052,22.206358,-3.7684503,-0.39856845,-68.144295,-54.414215,48.449,58.90324,28.337412,-7.2863975,-21.196915
159,-14.633016586303711,26.479080200195312,38.338043212890625,4.030135341430014,15.51978699130374,-22.885325933264102,-100.020195,24.865763,-13.866424,127.18425,-40.311977,-15.000033,-120.171,-51.518475,25.96341,131.5095,-38.261738,-0.8554937,-15.075029,-13.436444,29.793802,-73.981255,29.308655,-50.687046,-16.278997,22.04156,-3.6884632,-0.41591522,-67.86597,-54.09497,47.80039,57.892174,27.764355,-7.1708446,-21.372864
160,-14.571331024169922,26.50538444519043,38.55931854248047,3.998547513113578,15.708778064522518,-22.903581497818763,-99.829155,24.947823,-13.652891,126.86817,-40.299675,-15.000033,-119.784134,-51.666534,25.563583,131.0848,-38.13125,-0.7176528,-15.181881,-13.479073,29.793802,-73.91779,29.426615,-50.32507,-16.493206,21.798662,-3.6257994,-0.4769468,-67.544235,-53.80563,47.10246,56.82826,27.223215,-7.0472856,-21.498306
161,-14.506776809692383,26.528709411621094,38.799503326416016,3.949411267497212,15.899058446715399,-22.953643853528362,-99.599815,25.048473,-13.457105,126.5216,-40.29812,-15.000033,-119.30065,-51.824127,25.065058,130.61531,-38.00053,-0.5694831,-15.250208,-13.491293,29.793802,-73.85801,29.508602,-49.922832,-16.691534,21.44341,-3.5870447,-0.60169023,-67.163185,-53.546726,46.349514,55.69353,26.763992,-6.9241576,-21.56033
162,-14.441593170166016,26.54497528076172,39.069759368896484,3.883686830971079,16.091611687806527,-23.033755886926826,-99.330284,25.17124,-13.270942,126.14625,-40.307713,-15.000033,-118.71887,-51.986656,24.469423,130.09889,-37.86615,-0.40498176,-15.282855,-13.473763,29.793802,-73.8016,29.554066,-49.482338,-16.881643,20.997402,-3.5553215,-0.7710826,-66.72222,-53.318325,45.54448,54.479103,26.33787,-6.7935457,-21.577183
163,-14.370086669921875,26.563915252685547,39.359745025634766,3.803936334305836,16.284187596844518,-23.13418121050005,-99.0301,25.313408,-13.085324,125.74356,-40.32376,-15.000033,-118.05778,-52.15455,23.799232,129.54489,-37.73093,-0.23491415,-15.287617,-13.424532,29.793802,-73.74284,29.563124,-49.004078,-17.06724,20.520552,-3.5264332,-0.9528015,-66.23998,-53.123272,44.68322,53.209526,25.866144,-6.6408167,-21.565712
164,-14.291487693786621,26.586929321289062,39.66637420654297,3.7129086008451737,16.475055423355993,-23.24490800453247,-98.709496,25.471987,-12.8911915,125.31616,-40.34145,-15.000033,-117.33427,-52.323624,23.073252,128.95871,-37.595856,-0.06940808,-15.271544,-13.337764,29.793802,-73.673134,29.536848,-48.48534,-17.25654,20.072622,-3.4971375,-1.1147555,-65.73619,-52.971138,43.767193,51.910618,25.274586,-6.4533515,-21.539967
165,-14.211316108703613,26.616657257080078,39.98561096191406,3.6103452801844087,16.66541138254838,-23.362343738872386,-98.36789,25.647009,-12.680927,124.86333,-40.36115,-15.000033,-116.54617,-52.500103,22.292065,128.33932,-37.46594,0.09378548,-15.237388,-13.218213,29.793802,-73.599304,29.474556,-47.93023,-17.447098,19.640928,-3.472948,-1.263386,-65.19911,-52.857635,42.77276,50.56438,24.537125,-6.212905,-21.470146
166,-14.132174491882324,26.63975715637207,40.32270812988281,3.495398808572199,16.855953122020463,-23.491863191399563,-97.99973,25.839643,-12.458441,124.38368,-40.385548,-15.000033,-115.68616,-52.679188,21.445326,127.68213,-37.338142,0.2583491,-15.1813755,-13.061348,29.793802,-73.520195,29.376915,-47.332844,-17.642351,19.202917,-3.4539363,-1.4110113,-64.62365,-52.79076,41.71543,49.155468,23.70289,-5.9309354,-21.357199
167,-14.049415588378906,26.660219192504883,40.67768478393555,3.370100927311138,17.043691702452698,-23.637222290912746,-97.6065,26.049608,-12.231222,123.88207,-40.413685,-15.000033,-114.7668,-52.850353,20.543026,126.99975,-37.20625,0.41576502,-15.099128,-12.8754015,29.793802,-73.43527,29.242037,-46.704067,-17.830923,18.805504,-3.4267228,-1.5314106,-63.995537,-52.767986,40.58572,47.704952,22.776495,-5.637294,-21.263567
168,-13.965408325195312,26.68228530883789,41.04145812988281,3.2358038011045194,17.225424757678205,-23.802637995903204,-97.18929,26.2769,-12.007748,123.360176,-40.444885,-15.000033,-113.799324,-53.001923,19.593828,126.30049,-37.06311,0.5580737,-14.986658,-12.668072,29.793802,-73.34547,29.066668,-46.05376,-17.998749,18.495716,-3.3785279,-1.5986574,-63.30883,-52.783848,39.382233,46.239506,21.76602,-5.3608165,-21.252365
169,-13.87941837310791,26.702796936035156,41.41691207885742,3.0901758521636338,17.40272186877694,-23.993509467889595,-96.74792,26.528088,-11.7904415,122.81927,-40.480957,-15.000033,-112.77956,-53.129124,18.587564,125.58422,-36.90578,0.67755294,-14.837472,-12.438289,29.793802,-73.23967,28.84502,-45.365818,-18.147001,18.32605,-3.310526,-1.6047186,-62.55147,-52.83234,38.095566,44.758503,20.61477,-5.114321,-21.352577
170,-13.789127349853516,26.728755950927734,41.79718017578125,2.9336210461704497,17.57621782396786,-24.206245583863808,-96.28037,26.801712,-11.571923,122.25868,-40.522797,-15.000033,-111.70546,-53.234337,17.52459,124.8464,-36.73814,0.78009826,-14.655632,-12.185459,29.793802,-73.12798,28.574211,-44.643414,-18.273407,18.259493,-3.2288206,-1.5642059,-61.726624,-52.909805,36.72597,43.249893,19.340033,-4.877494,-21.524786
171,-13.704628944396973,26.745662689208984,42.19794845581055,2.7716623200719206,17.740831464990702,-24.43124908913344,-95.78513,27.08495,-11.3471575,121.675934,-40.56591,-15.000033,-110.59198,-53.32355,16.431805,124.091225,-36.564354,0.87791497,-14.452248,-11.916317,29.793802,-73.03847,28.257679,-43.92421,-18.366766,18.20858,-3.1265543,-1.4863201,-60.850937,-53.01255,35.283867,41.72569,18.057816,-4.628454,-21.73113
172,-13.616482734680176,26.768577575683594,42.60599136352539,2.6106544056188103,17.891334627389398,-24.658367002262057,-95.26073,27.364328,-11.110997,121.072075,-40.60639,-15.000033,-109.451485,-53.396893,15.332172,123.32057,-36.388126,0.9823731,-14.2407675,-11.638506,29.793802,-72.99776,27.904015,-43.243656,-18.41699,18.084616,-2.998751,-1.3791002,-59.943596,-53.13684,33.78227,40.2009,16.886211,-4.3482857,-21.933279
173,-13.521170616149902,26.791250228881836,43.02112579345703,2.448697985998215,18.02963525405938,-24.8877048255186,-94.707825,27.637508,-10.865141,120.44393,-40.64516,-15.000033,-108.28334,-53.457233,14.220996,122.52995,-36.21083,1.093577,-14.023706,-11.35077,29.793802,-72.99906,27.521955,-42.598843,-18.430302,17.823381,-2.8341057,-1.2228599,-59.00658,-53.278152,32.206657,38.67182,15.829904,-4.0145884,-22.12317
174,-13.43056583404541,26.814281463623047,43.44118881225586,2.284616105809166,18.156848964409082,-25.123769460237927,-94.12479,27.910576,-10.609835,119.79161,-40.683773,-15.000033,-107.08401,-53.50192,13.092093,121.72115,-36.031193,1.2060639,-13.799891,-11.055331,29.793802,-73.032524,27.115639,-41.97213,-18.41192,17.483847,-2.639223,-1.0190856,-58.031803,-53.432377,30.55777,37.13087,14.83935,-3.643515,-22.318384
175,-13.342830657958984,26.83473014831543,43.860755920410156,2.123547755471624,18.267761547133315,-25.363103672956637,-93.51031,28.18188,-10.342914,119.12133,-40.718742,-15.000033,-105.86273,-53.52571,11.9636755,120.899124,-35.84668,1.3225642,-13.567893,-10.75588,29.793802,-73.09971,26.688972,-41.375626,-18.371088,17.166723,-2.435173,-0.8086507,-57.02305,-53.59411,28.864809,35.59945,13.939265,-3.2758617,-22.521643
176,-13.252273559570312,26.86096954345703,44.28740692138672,1.9717109223404616,18.35531662358167,-25.602371319449013,-92.85895,28.450191,-10.059521,118.44024,-40.74759,-15.000033,-104.63021,-53.52529,10.858782,120.06871,-35.65447,1.4468013,-13.339741,-10.467943,29.793802,-73.21819,26.244509,-40.822945,-18.291443,16.972162,-2.2418077,-0.63408744,-55.997917,-53.762028,27.18057,34.092873,13.173088,-2.9538026,-22.737665
177,-13.162281036376953,26.882713317871094,44.71843719482422,1.830404460468711,18.42015818471813,-25.84328405152419,-92.16958,28.713875,-9.760016,117.74458,-40.769054,-15.000033,-103.39,-53.49692,9.779478,119.22835,-35.45091,1.5739552,-13.113103,-10.185169,29.793802,-73.38378,25.780563,-40.306667,-18.183693,16.893871,-2.053832,-0.5143261,-54.963173,-53.929604,25.513252,32.62819,12.629506,-2.7083013,-22.987059
178,-13.074745178222656,26.907747268676758,45.15550231933594,1.6938206118010055,18.460917875224105,-26.08687567867064,-91.44219,28.9731,-9.449997,117.033646,-40.7858,-15.000033,-102.12867,-53.446598,8.712152,118.374,-35.240685,1.703723,-12.866818,-9.905543,29.793802,-73.547745,25.31555,-39.826977,-18.101727,16.891855,-1.8629956,-0.43120924,-53.894028,-54.10371,23.8321,31.201166,12.272211,-2.515102,-23.266905
179,-12.985010147094727,26.937559127807617,45.5949592590332,1.5680021769141141,18.485855103594602,-26.328843811652423,-90.68499,29.230862,-9.118315,116.311424,-40.79674,-15.000033,-100.870255,-53.37377,7.674233,117.51248,-35.027058,1.843338,-12.653471,-9.624997,29.793802,-73.79305,24.825968,-39.376602,-17.930914,17.010061,-1.6867839,-0.34873283,-52.858463,-54.257244,22.168966,29.816147,11.8885565,-2.3216386,-23.53716
180,-12.891371726989746,26.966047286987305,46.042789459228516,1.4440400338407402,18.48197555527324,-26.56469472086794,-89.897255,29.487188,-8.776679,115.58786,-40.803497,-15.000033,-99.58827,-53.28931,6.656084,116.64861,-34.821968,2.0044022,-12.4146805,-9.35267,29.793802,-74.025566,24.352535,-38.987522,-17.784754,17.290644,-1.5403645,-0.2647582,-51.801598,-54.406593,20.485426,28.4881,11.317007,-2.0888321,-23.769318
181,-12.800361633300781,26.99203872680664,46.487735748291016,1.334294754477318,18.44679050553753,-26.791034229829883,-89.063095,29.742577,-8.404351,114.85588,-40.80582,-15.000033,-98.29578,-53.188103,5.6807947,115.77729,-34.624485,2.1963794,-12.21398,-9.09583,29.793802,-74.306915,23.88425,-38.64221,-17.572334,17.832434,-1.4374057,-0.15534253,-50.78597,-54.532917,18.82582,27.216652,10.454515,-1.7896094,-23.946114
182,-12.706110000610352,27.017412185668945,46.928070068359375,1.2353981977132282,18.377380772293215,-27.0109071687381,-88.18085,29.994415,-8.009047,114.11647,-40.804455,-15.000033,-96.984634,-53.07307,4.74099,114.89836,-34.433258,2.4123476,-12.041863,-8.869432,29.793802,-74.619995,23.430458,-38.344578,-17.313864,18.583975,-1.3648602,-0.04134701,-49.790134,-54.643,17.191956,25.992655,9.437704,-1.4557701,-24.08869
183,-12.615513801574707,27.04032325744629,47.368736267089844,1.1368710719266055,18.302052329100203,-27.22989762721125,-87.29481,30.243647,-7.610671,113.37462,-40.795876,-15.000033,-95.67854,-52.94297,3.8141456,114.019325,-34.244366,2.6292784,-11.880669,-8.638377,29.793802,-74.962296,22.989208,-38.08527,-17.026121,19.367554,-1.3006496,0.072949514,-48.84571,-54.728184,15.581965,24.833464,8.35158,-1.1115967,-24.197174
184,-12.52114200592041,27.05746078491211,47.80188751220703,1.028072059051088,18.239418408179333,-27.453247413066975,-86.439095,30.492111,-7.2302117,112.63569,-40.780273,-15.000033,-94.39109,-52.798447,2.878571,113.14455,-34.054367,2.827063,-11.727481,-8.407971,29.793802,-75.34345,22.566069,-37.870373,-16.696407,20.008636,-1.2225367,0.17618929,-47.938683,-54.798244,13.995048,23.701237,7.3336267,-0.7839041,-24.278694
185,-12.425169944763184,27.07129669189453,48.234107971191406,0.9024526539899941,18.206186933015022,-27.68460633343124,-85.64027,30.742088,-6.8790326,111.90037,-40.751335,-15.000033,-93.13464,-52.63763,1.9226255,112.273506,-33.86079,2.9970682,-11.580116,-8.169231,29.793802,-75.778206,22.164904,-37.706284,-16.325848,20.509876,-1.1218187,0.2786379,-47.06945,-54.862133,12.4149475,22.58988,6.3307605,-0.4581577,-24.326286
186,-12.320367813110352,27.079275131225586,48.66584396362305,0.7669633229195982,18.18755904998003,-27.920395281680282,-84.87396,30.993177,-6.5445123,111.16621,-40.711315,-15.000033,-91.900925,-52.46093,0.9628386,111.40527,-33.665955,3.1513698,-11.444166,-7.9276276,29.793802,-76.25576,21.785639,-37.58955,-15.918341,20.94869,-1.0111989,0.38229355,-46.230923,-54.922638,10.844189,21.501451,5.309262,-0.12835778,-24.337957
187,-12.24263858795166,27.10641860961914,49.06200408935547,0.6299520476542587,18.1593530233761,-28.155289991190596,-84.10394,31.243362,-6.2135572,110.431595,-40.668156,-15.000033,-90.674,-52.276077,0.015205461,110.54026,-33.4723,3.299532,-11.316071,-7.689162,29.793802,-76.73925,21.42803,-37.503662,-15.484421,21.256304,-0.9023007,0.46605244,-45.4098,-54.977375,9.303925,20.433886,4.4143133,0.16682743,-24.331005
188,-12.144368171691895,27.112977981567383,49.48755645751953,0.5012076219703039,18.096648670789463,-28.3840035028276,-83.29257,31.489677,-5.870983,109.69463,-40.628445,-15.000033,-89.44148,-52.08541,-0.89861304,109.683624,-33.279797,3.453996,-11.200151,-7.4635367,29.793802,-77.19569,21.090054,-37.43166,-15.024429,21.369013,-0.8066155,0.50976455,-44.606182,-55.02078,7.827585,19.389223,3.793025,0.38936573,-24.3272
189,-12.051091194152832,27.117612838745117,49.90354919433594,0.38174974007545387,17.985636736877723,-28.60516955440245,-82.41953,31.731186,-5.5133367,108.954315,-40.60064,-15.000033,-88.181145,-51.895443,-1.7835158,108.83509,-33.09467,3.6164756,-11.100176,-7.253408,29.793802,-77.61328,20.770527,-37.36505,-14.531813,21.155191,-0.72763973,0.48220184,-43.841507,-55.04909,6.441696,18.388098,3.5813856,0.50932527,-24.326054
190,-11.962037086486816,27.12466049194336,50.317073822021484,0.267841076122008,17.840892801992943,-28.82132063661796,-81.50675,31.96792,-5.1485724,108.21014,-40.57745,-15.000033,-86.907326,-51.699657,-2.64422,107.990944,-32.912632,3.7838793,-11.018258,-7.0565906,29.793802,-78.0108,20.471474,-37.313625,-14.004618,20.68881,-0.65860605,0.4033993,-43.125484,-55.064404,5.137935,17.43425,3.668271,0.5528278,-24.325092
191,-11.87026309967041,27.12712860107422,50.72434997558594,0.1593975023441701,17.681596052290274,-29.033459132220273,-80.5817,32.198963,-4.7807083,107.4684,-40.549458,-15.000033,-85.6456,-51.496857,-3.4797652,107.15695,-32.73016,3.9489675,-10.949399,-6.869674,29.793802,-78.39932,20.195925,-37.287724,-13.452018,20.211681,-0.5972851,0.32956943,-42.450752,-55.068565,3.8980827,16.517134,3.8192768,0.56595147,-24.340971
192,-11.782943725585938,27.123794555664062,51.12610626220703,0.056350090018963135,17.527057465662768,-29.242661491045105,-79.672035,32.423992,-4.413645,106.73011,-40.502876,-15.000033,-84.421936,-51.28405,-4.288932,106.333305,-32.54489,4.10553,-10.888127,-6.6902137,29.793802,-78.789696,19.94744,-37.29832,-12.887119,19.964674,-0.54279464,0.31647655,-41.808884,-55.06326,2.702655,15.623734,3.800703,0.59467953,-24.389011
193,-11.699296951293945,27.116512298583984,51.524375915527344,-0.04367515498369666,17.381988248696718,-29.449740768751113,-78.78844,32.64384,-4.05312,105.99744,-40.43196,-15.000033,-83.23881,-51.061966,-5.0771446,105.517235,-32.35417,4.2552648,-10.831801,-6.515789,29.793802,-79.19193,19.729399,-37.358826,-12.29687,19.986088,-0.5071644,0.3997547,-41.19632,-55.050117,1.5449119,14.754786,3.5265515,0.6496664,-24.487991
194,-11.617932319641113,27.10465431213379,51.914451599121094,-0.13998033343725524,17.23638928555552,-29.653907155511742,-77.916855,32.85891,-3.6967316,105.26942,-40.342224,-15.000033,-82.08455,-50.83253,-5.842423,104.71015,-32.16012,4.4008617,-10.784061,-6.3496485,29.793802,-79.59593,19.542734,-37.461727,-11.683119,20.15488,-0.48655003,0.54279304,-40.60999,-55.030884,0.42994595,13.908795,3.1300101,0.7076811,-24.623686
195,-11.534669876098633,27.094135284423828,52.299163818359375,-0.22786051629704043,17.088219507240662,-29.854050533843143,-77.04421,33.067287,-3.3337922,104.54283,-40.244717,-15.000033,-80.960594,-50.59774,-6.5760775,103.91181,-31.965782,4.5375004,-10.747544,-6.1932025,29.793802,-79.98059,19.385607,-37.58277,-11.08116,20.473103,-0.45717368,0.69234324,-40.050156,-55.00468,-0.64151007,13.079227,2.7023602,0.7638844,-24.761526
196,-11.459404945373535,27.080615997314453,52.674110412597656,-0.3020046382083641,16.93506779028876,-30.048735463419057,-76.15779,33.266953,-2.9540431,103.815506,-40.1531,-15.000033,-79.87049,-50.361786,-7.2674227,103.12605,-31.775415,4.660306,-10.724415,-6.048283,29.793802,-80.32684,19.254234,-37.698917,-10.521556,20.943419,-0.39566338,0.79452974,-39.51823,-54.969326,-1.6681943,12.260696,2.3340147,0.8124963,-24.867582
197,-11.38116455078125,27.070941925048828,53.04222869873047,-0.357657351440867,16.77663142360497,-30.23459481641816,-75.254654,33.453003,-2.5522363,103.08677,-40.06905,-15.000033,-78.82086,-50.12967,-7.906844,102.3558,-31.58957,4.76314,-10.718344,-5.9184823,29.793802,-80.63687,19.146168,-37.81072,-10.001708,21.681192,-0.27536118,0.84325904,-39.01888,-54.923378,-2.6484127,11.458437,2.0090477,0.8587874,-24.938232
198,-11.298041343688965,27.046504974365234,53.41131591796875,-0.39860689302685365,16.61386484607614,-30.413669795057103,-74.34174,33.627094,-2.1358316,102.35791,-39.987564,-15.000033,-77.80701,-49.899853,-8.503215,101.59942,-31.406567,4.8502765,-10.726651,-5.802739,29.793802,-80.920425,19.0612,-37.929447,-9.505149,22.647326,-0.11621848,0.8617244,-38.548763,-54.868298,-3.5837398,10.673818,1.691631,0.90298396,-24.990717
199,-11.21487808227539,27.017742156982422,53.776859283447266,-0.4335245902125888,16.44709224156773,-30.59180807957355,-73.42069,33.796856,-1.7121209,101.62668,-39.903233,-15.000033,-76.81232,-49.665405,-9.074701,100.85016,-31.224768,4.9337564,-10.743095,-5.695221,29.793802,-81.17109,18.997364,-38.047318,-9.041873,23.614761,0.034906466,0.84195036,-38.103905,-54.80708,-4.4745593,9.897244,1.4403602,0.9313049,-25.021858
200,-11.13287353515625,26.98408317565918,54.137664794921875,-0.4711910058901056,16.276376475991597,-30.77506826798797,-72.493225,33.97036,-1.2892505,100.88935,-39.81272,-15.000033,-75.81883,-49.41884,-9.641324,100.10014,-31.043957,5.024789,-10.760066,-5.588948,29.793802,-81.38263,18.952839,-38.155636,-8.623945,24.355328,0.1310668,0.77834785,-37.6718,-54.74422,-5.326812,9.116112,1.3168209,0.92996097,-25.029243
201,-11.050263404846191,26.950857162475586,54.49674606323242,-0.5164437986485042,16.09908783124904,-30.966443938054415,-71.55775,34.152508,-0.8720317,100.14748,-39.717113,-15.000033,-74.81887,-49.154987,-10.208011,99.348816,-30.863512,5.1316304,-10.775192,-5.481382,29.793802,-81.55014,18.925438,-38.25035,-8.245088,24.828287,0.15561697,0.64703447,-37.248196,-54.683746,-6.136884,8.325104,1.3978635,0.8834247,-25.002218
202,-10.969856262207031,26.915124893188477,54.8535041809082,-0.5639002971715913,15.915931814210898,-31.16228808995756,-70.61449,34.3377,-0.45582923,99.4018,-39.616104,-15.000033,-73.823,-48.878723,-10.764418,98.59982,-30.68447,5.2462564,-10.791138,-5.374402,29.793802,-81.67887,18.914106,-38.335644,-7.90266,25.149084,0.13436556,0.4601614,-36.835674,-54.628277,-6.906682,7.5317936,1.6326933,0.80218285,-24.945473
203,-10.8950777053833,26.87622833251953,55.20918273925781,-0.6059901353644483,15.733010359080929,-31.358275485955005,-69.66602,34.51857,-0.03131656,98.650215,-39.5094,-15.000033,-72.84459,-48.597942,-11.302922,97.85182,-30.504925,5.357098,-10.8080015,-5.267028,29.793802,-81.77585,18.917793,-38.41604,-7.6110234,25.323917,0.085183606,0.26754785,-36.437378,-54.579,-7.6464076,6.7415924,1.8884102,0.7148165,-24.879591
204,-10.818520545959473,26.8314151763916,55.56040573120117,-0.6351957471221735,15.556580778231108,-31.55046910639121,-68.715645,34.687782,0.41006547,97.89049,-39.391293,-15.000033,-71.897705,-48.320312,-11.815287,97.10473,-30.323166,5.452973,-10.8271055,-5.159174,29.793802,-81.849144,18.934683,-38.496616,-7.3793683,25.36116,0.026251027,0.118877836,-36.054638,-54.53603,-8.367672,5.9577794,2.0320287,0.6487267,-24.824764
205,-10.73991870880127,26.787033081054688,55.91228103637695,-0.6491527619500183,15.391671671152075,-31.7362694364723,-67.76909,34.841385,0.8700362,97.122215,-39.2631,-15.000033,-70.98892,-48.050926,-12.300779,96.35857,-30.138765,5.526755,-10.849022,-5.050373,29.793802,-81.90607,18.964336,-38.58459,-7.2096195,25.196083,-0.048656303,0.025615968,-35.677216,-54.50193,-9.084337,5.170606,2.0164099,0.6120023,-24.781973
206,-10.66325569152832,26.734966278076172,56.26417541503906,-0.652155514592865,15.234126295613931,-31.918436299133337,-66.823784,34.983387,1.3437742,96.34689,-39.12528,-15.000033,-70.11036,-47.787003,-12.759051,95.61346,-29.951296,5.5903263,-10.871335,-4.940406,29.793802,-81.9419,19.00567,-38.676144,-7.0959077,24.846487,-0.14464177,-0.03804185,-35.299885,-54.477936,-9.793772,4.3768125,1.9169314,0.5895126,-24.740927
207,-10.586204528808594,26.684051513671875,56.61722946166992,-0.6463410382856709,15.076515769115323,-32.100999136951195,-65.869545,35.118053,1.83059,95.56361,-38.977642,-15.000033,-69.25017,-47.521828,-13.193402,94.8684,-29.761133,5.652371,-10.891377,-4.8282695,29.793802,-81.94544,19.054777,-38.758747,-7.0390844,24.445404,-0.24240239,-0.07868243,-34.938194,-54.45876,-10.478012,3.5979056,1.7826883,0.57404095,-24.706894
208,-10.512898445129395,26.626373291015625,56.965576171875,-0.6336838934015647,14.910630966024389,-32.2880057592358,-64.896126,35.24951,2.3299332,94.77316,-38.82019,-15.000033,-68.39802,-47.247787,-13.605233,94.12257,-29.568214,5.7216163,-10.907662,-4.716795,29.793802,-81.90865,19.107294,-38.82172,-7.0342097,24.125645,-0.32278207,-0.10293615,-34.603653,-54.436646,-11.120279,2.8471584,1.6639376,0.55837953,-24.686022
209,-10.4391508102417,26.566659927368164,57.31527328491211,-0.6132159718070834,14.734471689737232,-32.48030261120012,-63.90077,35.3781,2.8416224,93.97689,-38.64864,-15.000033,-67.5489,-46.96422,-13.995432,93.37437,-29.373877,5.8027883,-10.919707,-4.609961,29.793802,-81.82977,19.15968,-38.864548,-7.087715,23.91889,-0.38113093,-0.10609376,-34.307316,-54.40609,-11.711211,2.1305165,1.5473516,0.5445632,-24.692106
210,-10.366599082946777,26.501741409301758,57.66847610473633,-0.5853581800423924,14.551517109374025,-32.677290826981164,-62.888252,35.499954,3.370825,93.1752,-38.468105,-15.000033,-66.70968,-46.67152,-14.362091,92.626015,-29.177057,5.890434,-10.928251,-4.5076475,29.793802,-81.71628,19.21091,-38.894142,-7.192069,23.75701,-0.42787018,-0.08699948,-34.04314,-54.366844,-12.258092,1.4426363,1.4116405,0.5349288,-24.71901
211,-10.295000076293945,26.433000564575195,58.01551818847656,-0.5532441686745445,14.362661504717844,-32.87828761280438,-61.860657,35.615894,3.9149678,92.364815,-38.279804,-15.000033,-65.87593,-46.374073,-14.715203,91.876686,-28.979322,5.9749303,-10.935004,-4.408676,29.793802,-81.57737,19.260715,-38.91231,-7.3213263,23.623703,-0.46675265,-0.05765879,-33.80108,-54.320957,-12.768482,0.78061277,1.292498,0.5224441,-24.740902
212,-10.229351043701172,26.361486434936523,58.36016082763672,-0.518983188602731,14.16916814573032,-33.081969731188885,-60.820248,35.72674,4.4700894,91.54196,-38.08928,-15.000033,-65.045654,-46.076046,-15.062553,91.126015,-28.781757,6.0470247,-10.941157,-4.309458,29.793802,-81.41955,19.308939,-38.918816,-7.4552503,23.502146,-0.50112647,-0.03002991,-33.578346,-54.270607,-13.246071,0.15210532,1.2235339,0.4996623,-24.73224
213,-10.160543441772461,26.288768768310547,58.706390380859375,-0.4837423625867978,13.971883681959877,-33.28795658046254,-59.767418,35.831833,5.037534,90.70293,-37.898117,-15.000033,-64.218254,-45.778717,-15.408535,90.37342,-28.583893,6.102819,-10.946777,-4.2075176,29.793802,-81.24249,19.355389,-38.914017,-7.5941215,23.400316,-0.5337825,0.0049183723,-33.36945,-54.21818,-13.696312,-0.4471183,1.2415459,0.46484947,-24.682243
214,-10.09570598602295,26.212072372436523,59.052364349365234,-0.4454214864873317,13.770231583898804,-33.49654289054793,-58.70147,35.93032,5.616607,89.85033,-37.7022,-15.000033,-63.39496,-45.480698,-15.748533,89.619354,-28.385551,6.1477866,-10.950144,-4.10409,29.793802,-81.0431,19.399206,-38.89743,-7.7485085,23.322891,-0.5622686,0.04955872,-33.17764,-54.164352,-14.116852,-1.0179411,1.3191564,0.42190483,-24.60541
215,-10.031135559082031,26.133596420288086,59.39726257324219,-0.4027847684586453,13.562484025839243,-33.70840158700467,-57.62153,36.021873,6.2039676,88.99023,-37.499798,-15.000033,-62.576576,-45.18023,-16.07562,88.86516,-28.187458,6.1868925,-10.952001,-4.0040593,29.793802,-80.8246,19.439936,-38.868427,-7.9112277,23.248829,-0.58239126,0.081972875,-32.99792,-54.109314,-14.506491,-1.5601285,1.4000342,0.37224677,-24.515636
216,-9.968880653381348,26.051755905151367,59.740234375,-0.35460927723044705,13.347211673273605,-33.924036519186416,-56.527122,36.106808,6.7962575,88.128685,-37.28808,-15.000033,-61.764454,-44.876225,-16.383286,88.11341,-27.991608,6.2244368,-10.952734,-3.9117293,29.793802,-80.59059,19.477543,-38.82694,-8.072992,23.156837,-0.5899513,0.080190085,-32.8247,-54.05259,-14.86477,-2.0735257,1.4276843,0.31699735,-24.426727
217,-9.903014183044434,25.96576499938965,60.07903289794922,-0.299390122295078,13.1202197346691,-34.14756435537097,-55.410057,36.186577,7.3952894,87.268135,-37.068146,-15.000033,-60.957817,-44.566044,-16.666166,87.36351,-27.797518,6.261582,-10.951175,-3.831175,29.793802,-80.33458,19.510859,-38.770958,-8.233391,23.019802,-0.5774067,0.029634282,-32.659187,-53.993988,-15.18659,-2.550049,1.3887937,0.24953102,-24.331406
218,-9.842875480651855,25.880924224853516,60.41736602783203,-0.23822710122226323,12.883736543924876,-34.377452669313335,-54.273956,36.260437,8.001801,86.405914,-36.840183,-15.000033,-60.155773,-44.251514,-16.929247,86.6149,-27.6048,6.295975,-10.94683,-3.7588637,29.793802,-80.05786,19.53959,-38.701817,-8.397591,22.855682,-0.5489594,-0.05508696,-32.504326,-53.933846,-15.47355,-2.9920976,1.3122557,0.171381,-24.226305
219,-9.783390045166016,25.786880493164062,60.75593185424805,-0.17334998736039406,12.645306433145013,-34.60600238464003,-53.133785,36.325195,8.612432,85.538,-36.603146,-15.000033,-59.35956,-43.93759,-17.181068,85.868706,-27.414095,6.3272967,-10.944324,-3.6890366,29.793802,-79.77416,19.564484,-38.62219,-8.561704,22.71301,-0.51802415,-0.15160769,-32.35424,-53.87206,-15.736453,-3.415133,1.2057581,0.095714934,-24.130306
220,-9.719111442565918,25.69239044189453,61.094581604003906,-0.10759189454266416,12.412382751697429,-34.825487905636486,-52.004833,36.37807,9.222942,84.66083,-36.35328,-15.000033,-58.569458,-43.62948,-17.43088,85.12622,-27.226336,6.355376,-10.949717,-3.6149125,29.793802,-79.49679,19.584688,-38.533516,-8.723995,22.641592,-0.498249,-0.23783465,-32.216373,-53.81265,-15.975581,-3.8270936,1.0766732,0.035802428,-24.063519
221,-9.660449981689453,25.592910766601562,61.42649841308594,-0.0376526149628978,12.185553114776388,-35.0341103921499,-50.888897,36.417023,9.836662,83.77585,-36.088684,-15.000033,-57.791668,-43.330082,-17.67286,84.39015,-27.040688,6.379056,-10.95873,-3.5432675,29.793802,-79.22903,19.602854,-38.437813,-8.887749,22.678282,-0.4961416,-0.3267379,-32.058884,-53.744175,-16.217892,-4.248284,0.90711385,-0.006378186,-24.041494
222,-9.604575157165527,25.485986709594727,61.75737380981445,0.03642060465979752,11.961928235251339,-35.23616845445293,-49.78041,36.444786,10.453556,82.883606,-35.808754,-15.000033,-57.021763,-43.037697,-17.909002,83.65842,-26.858095,6.397227,-10.973863,-3.4756105,29.787666,-78.96155,19.615042,-38.33213,-9.045356,22.790623,-0.5041791,-0.42418057,-31.910942,-53.67223,-16.431576,-4.651515,0.6981969,-0.03755646,-24.05258
223,-9.551576614379883,25.377666473388672,62.08344650268555,0.11883396567551464,11.815577150441554,-35.4342847318609,-48.753716,36.45548,11.079711,81.974266,-35.508648,-15.000033,-56.3496,-42.74754,-18.130775,82.92177,-26.664005,6.405581,-11.026944,-3.4001806,29.497889,-78.478195,19.60992,-38.219112,-9.200157,22.908026,-0.52939403,-0.48298934,-31.795778,-53.58489,-16.424389,-4.9112043,0.46912196,-0.065302536,-24.071152
224,-9.496838569641113,25.27056312561035,62.404380798339844,0.1915293438475024,11.68142080696736,-35.62794839639442,-47.74423,36.459274,11.690995,81.04966,-35.20447,-15.000033,-55.675724,-42.4525,-18.366262,82.180016,-26.472845,6.4158072,-11.093526,-3.3023272,29.190243,-77.97858,19.601616,-38.103973,-9.35708,22.974924,-0.5481158,-0.48227638,-31.722477,-53.50572,-16.357796,-5.142835,0.26936924,-0.0811768,-24.062403
225,-9.44161319732666,25.157928466796875,62.7242431640625,0.24858923764919785,11.568589822067382,-35.81064905446637,-46.771477,36.454117,12.272761,80.10842,-34.900875,-15.000033,-55.00282,-42.154327,-18.626556,81.4336,-26.28375,6.4302053,-11.184228,-3.1871977,28.858788,-77.46963,19.596027,-37.98907,-9.516577,22.986237,-0.5602241,-0.41257954,-31.661121,-53.39971,-16.255054,-5.3852463,0.09710253,-0.086228624,-24.029963
226,-9.381802558898926,25.038745880126953,63.041770935058594,0.2946913682153125,11.471589533948693,-35.984191807030776,-45.826225,36.440216,12.832788,79.15198,-34.594204,-15.000033,-54.33296,-41.854305,-18.902596,80.68588,-26.09602,6.4467688,-11.284974,-3.0509562,28.516392,-76.95042,19.595703,-37.873337,-9.695197,22.968359,-0.56818193,-0.28924593,-31.593048,-53.29042,-16.142134,-5.641711,-0.05357429,-0.07969743,-23.982418
227,-9.32581901550293,24.914154052734375,63.36185836791992,0.3405158205917322,11.374282244049155,-36.16133672802904,-44.873123,36.4237,13.397009,78.184326,-34.275555,-15.000033,-53.660423,-41.54761,-19.1751,79.93126,-25.914076,6.4619207,-11.383911,-2.9071724,28.17183,-76.41284,19.602385,-37.76539,-9.876803,22.909834,-0.570183,-0.12472919,-31.514515,-53.173023,-16.012583,-5.9001646,-0.1935366,-0.06093991,-23.896545
228,-9.266721725463867,24.781829833984375,63.67860412597656,0.3969459434797638,11.260482722214846,-36.354987426519614,-43.87373,36.408134,13.9932995,77.2037,-33.940594,-15.000033,-52.982597,-41.23066,-19.422117,79.1704,-25.73824,6.472291,-11.468747,-2.7714727,27.834152,-75.85094,19.618519,-37.67644,-10.043812,22.798832,-0.56423,0.06938961,-31.421803,-53.04055,-15.861301,-6.151628,-0.33576876,-0.029935576,-23.748516
229,-9.206137657165527,24.64336395263672,63.99554443359375,0.4628415716708848,11.130719286917367,-36.565751030696006,-42.83508,36.39735,14.618509,76.22248,-33.584473,-15.000033,-52.299694,-40.90263,-19.64652,78.40376,-25.569153,6.4733257,-11.540733,-2.6448524,27.503988,-75.26777,19.646006,-37.612904,-10.197858,22.589916,-0.545584,0.32398632,-31.315525,-52.888405,-15.6888685,-6.3969574,-0.4779319,0.010440996,-23.540482
230,-9.14886474609375,24.499303817749023,64.31470489501953,0.5338366374385332,10.991970299232468,-36.78787615053943,-41.771286,36.387226,15.26192,75.23634,-33.21082,-15.000033,-51.613216,-40.565742,-19.85643,77.63214,-25.405714,6.468253,-11.606641,-2.5225785,27.177301,-74.66471,19.685904,-37.568417,-10.346084,22.303791,-0.5178418,0.63427436,-31.197317,-52.714436,-15.497041,-6.642286,-0.618651,0.06042454,-23.282063
231,-9.084712982177734,24.346668243408203,64.63748168945312,0.6164472718486523,10.83841753840371,-37.024553511954856,-40.65807,36.369053,15.938261,74.227005,-32.824436,-15.000033,-50.920998,-40.220066,-20.039314,76.8523,-25.248056,6.464816,-11.662786,-2.4134011,26.85515,-74.03277,19.740599,-37.536514,-10.47697,22.025084,-0.49016753,0.9346849,-31.053385,-52.516125,-15.287487,-6.8931403,-0.7690977,0.12521817,-22.960539
232,-9.026588439941406,24.186641693115234,64.96224975585938,0.7173479944673266,10.664083251963858,-37.279242870748234,-39.474354,36.333973,16.659895,73.18032,-32.427574,-15.000033,-50.224033,-39.86661,-20.180382,76.06671,-25.094458,6.470585,-11.705604,-2.3241372,26.539398,-73.360176,19.812454,-37.508827,-10.585223,21.840307,-0.47025284,1.159713,-30.87674,-52.288944,-15.058989,-7.1506834,-0.94248044,0.20961118,-22.563549
233,-8.965856552124023,24.0184268951416,65.28746795654297,0.8409644948991015,10.464905703505762,-37.548405930976045,-38.214397,36.271683,17.4266,72.09304,-32.02528,-15.000033,-49.51908,-39.509422,-20.273094,75.27533,-24.948357,6.4937086,-11.739957,-2.2623682,26.233816,-72.65083,19.904596,-37.487663,-10.669241,21.778593,-0.46270537,1.2987384,-30.6702,-52.030872,-14.822267,-7.418991,-1.1650692,0.33211562,-22.050247
234,-8.906119346618652,23.839778900146484,65.61293029785156,0.9834667466564312,10.244951019106225,-37.831749416511286,-36.891315,36.185703,18.230743,70.97289,-31.614252,-15.000033,-48.806393,-39.147594,-20.326168,74.47797,-24.808998,6.5279164,-11.767066,-2.2239497,25.93696,-71.90602,20.018671,-37.475685,-10.735751,21.79106,-0.46139282,1.3844962,-30.432142,-51.740997,-14.576607,-7.701142,-1.4246083,0.48264393,-21.438786
235,-8.844452857971191,23.649667739868164,65.94269561767578,1.138901571143277,10.011121796916555,-38.1382763193612,-35.50813,36.08579,19.076775,69.816864,-31.185358,-15.000033,-48.09024,-38.774414,-20.348417,73.673225,-24.670847,6.5595865,-11.779374,-2.2008927,25.64133,-71.11263,20.154684,-37.465847,-10.786202,21.847164,-0.4574701,1.4165429,-30.15021,-51.416946,-14.299519,-7.993529,-1.6761308,0.6241243,-20.806025
236,-8.780232429504395,23.45161247253418,66.27931213378906,1.3012789258417818,9.770165208624535,-38.47665420526901,-34.066906,35.9814,19.970667,68.621826,-30.728971,-15.000033,-47.374386,-38.382786,-20.349112,72.85885,-24.527298,6.574968,-11.770741,-2.1868577,25.33812,-70.25714,20.31239,-37.451862,-10.821069,21.915602,-0.44224468,1.3940755,-29.813463,-51.057022,-13.964865,-8.295234,-1.8739629,0.72100097,-20.229723
237,-8.716856956481934,23.24494743347168,66.61936950683594,1.4747534181849467,9.522929144841287,-38.85072262447188,-32.555054,35.872894,20.933079,67.380775,-30.249874,-15.000033,-46.66509,-37.973858,-20.323444,72.03589,-24.375824,6.5702434,-11.738648,-2.185903,25.024221,-69.336334,20.492,-37.43045,-10.836316,21.998985,-0.4093459,1.3028221,-29.417624,-50.660305,-13.556557,-8.608632,-1.9994806,0.76528347,-19.729086
238,-8.65212631225586,23.02135467529297,66.95955657958984,1.6612073616746226,9.266681000524056,-39.255322097643436,-30.97657,35.748165,21.952856,66.09693,-29.752869,-15.000033,-45.958435,-37.550556,-20.26796,71.205025,-24.219635,6.5531206,-11.690592,-2.2021587,24.703896,-68.35416,20.694456,-37.404274,-10.833814,22.110918,-0.36475313,1.147901,-28.974344,-50.228245,-13.082916,-8.929933,-2.080427,0.7766721,-19.26428
239,-8.589710235595703,22.784311294555664,67.30598449707031,1.851670436853463,9.002321090693318,-39.68546418220095,-29.356745,35.607094,22.99575,64.77988,-29.216639,-15.000033,-45.241726,-37.110615,-20.196825,70.36136,-24.06159,6.5262504,-11.632228,-2.2246802,24.380768,-67.30712,20.92049,-37.37359,-10.824473,22.23496,-0.3190525,0.95767516,-28.500372,-49.7612,-12.555674,-9.246127,-2.1405337,0.7621788,-18.82601
240,-8.523407936096191,22.54016876220703,67.65821838378906,2.037160158030762,8.730935548532962,-40.136436512870915,-27.722176,35.442352,24.01803,63.4408,-28.635986,-15.000033,-44.5049,-36.649685,-20.119133,69.50034,-23.90279,6.494982,-11.569167,-2.2431066,24.059155,-66.19167,21.170435,-37.33855,-10.819567,22.356237,-0.28263605,0.7605671,-28.015985,-49.25939,-11.984479,-9.540383,-2.2045226,0.728264,-18.404064
241,-8.460311889648438,22.28667640686035,68.01229095458984,2.2195792281580196,8.450423322904022,-40.615823034763785,-26.048159,35.248367,25.035763,62.04697,-28.023077,-15.000033,-43.74821,-36.16232,-20.026693,68.619095,-23.745243,6.457319,-11.494169,-2.2548554,23.737736,-64.99808,21.444513,-37.29931,-10.809138,22.45218,-0.2578602,0.558262,-27.518192,-48.72035,-11.3704605,-9.809518,-2.2700472,0.65633386,-17.985
242,-8.400450706481934,22.020305633544922,68.36611938476562,2.402957988478547,8.161244866826525,-41.123317406027866,-24.333298,35.02605,26.059423,60.60361,-27.378006,-15.000033,-42.976643,-35.65249,-19.91642,67.72031,-23.587276,6.4127517,-11.407687,-2.2674384,23.416275,-63.72898,21.742516,-37.254383,-10.796092,22.537642,-0.23908292,0.33810124,-26.998695,-48.14421,-10.708198,-10.064136,-2.328543,0.54973024,-17.576979
243,-8.3427152633667,21.74014663696289,68.7188949584961,2.5815807591174598,7.867584965729217,-41.641851546562926,-22.636335,34.788673,27.043755,59.17675,-26.66584,-15.000033,-42.185738,-35.13082,-19.808191,66.80897,-23.427185,6.3636174,-11.325307,-2.2827685,23.099176,-62.401096,22.065,-37.199005,-10.79846,22.650028,-0.22529551,0.106175,-26.456377,-47.536266,-10.004195,-10.311779,-2.391701,0.4481049,-17.204674
244,-8.282126426696777,21.448017120361328,69.0770034790039,2.7497081170355613,7.573316002095178,-42.15406931949492,-21.015182,34.552444,27.943415,57.83365,-25.855215,-15.000033,-41.37197,-34.607628,-19.721525,65.89088,-23.263731,6.312365,-11.262653,-2.3012102,22.791388,-61.029766,22.412111,-37.12837,-10.839455,22.828217,-0.2157411,-0.13136089,-25.893097,-46.904972,-9.263812,-10.559791,-2.4701843,0.3912743,-16.892382
245,-8.224166870117188,21.151329040527344,69.43439483642578,2.907590767534067,7.2758135840567455,-42.66175624883166,-19.455431,34.32555,28.779085,56.562656,-24.918707,-15.000033,-40.532494,-34.08388,-19.656189,64.96381,-23.093348,6.262257,-11.219162,-2.3199825,22.494282,-59.608627,22.785002,-37.036686,-10.927763,23.097576,-0.2135605,-0.383281,-25.30884,-46.255478,-8.468814,-10.810811,-2.55925,0.3974874,-16.680353
246,-8.178704261779785,20.848825454711914,69.78780364990234,3.0578322854558415,6.973620690545608,-43.172444263593064,-17.936733,34.098915,29.558208,55.338985,-23.887945,-15.000033,-39.669918,-33.553516,-19.601793,64.02544,-22.917229,6.211948,-11.190136,-2.3373866,22.20637,-58.125103,23.18362,-36.922653,-11.056986,23.434746,-0.21909334,-0.6492939,-24.711815,-45.590153,-7.6139297,-11.054964,-2.6545494,0.44353446,-16.545414
247,-8.137898445129395,20.53746795654297,70.14066314697266,3.1959464675551654,6.672470510141048,-43.67699461254957,-16.50274,33.89425,30.247656,54.213673,-22.780539,-15.000033,-38.788166,-33.016445,-19.568003,63.0804,-22.742502,6.15448,-11.1778555,-2.353909,21.927658,-56.59594,23.607052,-36.792038,-11.222174,23.794823,-0.22710876,-0.91037077,-24.105736,-44.915752,-6.7339334,-11.283207,-2.767409,0.50645226,-16.414303
248,-8.104389190673828,20.2142391204834,70.49015045166016,3.317077621289419,6.378227878544961,-44.165957726159505,-15.194535,33.732624,30.814247,53.235443,-21.618397,-15.000033,-37.889633,-32.47209,-19.565107,62.13043,-22.574581,6.0833235,-11.18329,-2.367583,21.660162,-55.037216,24.051058,-36.65176,-11.416336,24.137875,-0.23169395,-1.1469777,-23.488552,-44.239624,-5.871368,-11.492651,-2.9059002,0.56304,-16.213806
249,-8.07764720916748,19.878469467163086,70.83721923828125,3.417836023770594,6.094142325165364,-44.63071474949397,-14.038587,33.62283,31.222662,52.426693,-20.390043,-15.000033,-36.96996,-31.921307,-19.604567,61.172863,-22.413906,5.9986386,-11.209869,-2.3720648,21.40328,-53.448444,24.510931,-36.503902,-11.649534,24.487066,-0.22782807,-1.3544427,-22.848396,-43.5645,-5.038747,-11.694031,-3.0645905,0.6183464,-15.920425
250,-8.059639930725098,19.53815460205078,71.1772689819336,3.4990958408721795,5.816114281287643,-45.0784166549095,-13.006649,33.563137,31.5005,51.76224,-19.095682,-15.000033,-36.029343,-31.361164,-19.677794,60.206482,-22.257362,5.9037395,-11.247695,-2.3650448,21.157854,-51.836803,24.98536,-36.34796,-11.910631,24.844225,-0.22021732,-1.5434676,-22.178057,-42.89043,-4.224743,-11.891467,-3.2384763,0.68053323,-15.5742445
251,-8.053947448730469,19.190303802490234,71.50852966308594,3.563596269598267,5.538876753343988,-45.52398106548987,-12.057464,33.56052,31.711006,51.22296,-17.768661,-15.000033,-35.076313,-30.78406,-19.765774,59.23332,-22.10395,5.7965264,-11.290365,-2.353251,20.931343,-50.188522,25.466215,-36.181496,-12.195306,25.176878,-0.21546857,-1.7151781,-21.500174,-42.21998,-3.4226098,-12.068306,-3.4353714,0.73107165,-15.196969
252,-8.05056095123291,18.83465576171875,71.83648681640625,3.613421607955195,5.2573894744723715,-45.98245647004843,-11.149091,33.618484,31.917603,50.78564,-16.444881,-15.000033,-34.11958,-30.183315,-19.849329,58.256947,-21.953592,5.6750445,-11.305557,-2.3375418,20.722292,-48.57486,25.95756,-36.014996,-12.446407,25.37529,-0.22284602,-1.8751111,-20.808596,-41.558853,-2.6513212,-12.210726,-3.6618938,0.75121707,-14.810849
253,-8.05925178527832,18.47370147705078,72.1615219116211,3.65666075487019,4.975068377578541,-46.447955477432096,-10.281716,33.728172,32.12864,50.439575,-15.101707,-15.000033,-33.16248,-29.567286,-19.927237,57.275215,-21.806824,5.5381894,-11.318307,-2.3285987,20.534702,-46.902683,26.44365,-35.83451,-12.714881,25.488619,-0.24200125,-2.0186372,-20.12184,-40.90382,-1.9002885,-12.310178,-3.9290836,0.73117113,-14.396778
254,-8.06933307647705,18.10828971862793,72.47531127929688,3.68774286845194,4.692517472665365,-46.91633187786002,-9.473912,33.894943,32.310654,50.200714,-13.734257,-15.000033,-32.19887,-28.93323,-20.008625,56.285793,-21.663189,5.3877587,-11.315204,-2.3169756,20.36102,-45.23689,26.92597,-35.65167,-12.961534,25.499954,-0.27066165,-2.14834,-19.420029,-40.254704,-1.1794852,-12.373191,-4.2292624,0.6813859,-13.952309
255,-8.087191581726074,17.73749542236328,72.77980041503906,3.690652876005486,4.400678414418313,-47.40472925291892,-8.707907,34.137478,32.46593,50.081734,-12.402754,-15.000033,-31.223553,-28.25957,-20.087477,55.290398,-21.519238,5.225783,-11.2920265,-2.2906313,20.218239,-43.558895,27.398115,-35.465267,-13.2075615,25.480772,-0.3039259,-2.2624257,-18.719608,-39.618397,-0.47024158,-12.418145,-4.5355225,0.61562896,-13.521761
256,-8.109131813049316,17.363977432250977,73.07412719726562,3.6491918283118583,4.09031016217449,-47.930184181870544,-7.9672112,34.475403,32.595573,50.0973,-11.169462,-15.000033,-30.231697,-27.52479,-20.157299,54.290634,-21.371021,5.0536466,-11.224025,-2.2297974,20.113352,-41.95027,27.865717,-35.286644,-13.408205,25.417692,-0.34030068,-2.3641088,-18.020397,-39.00855,0.23175977,-12.459427,-4.820329,0.5486487,-13.151793
257,-8.133835792541504,16.991477966308594,73.35822296142578,3.5601992500317134,3.75601164603284,-48.50122068395452,-7.2372746,34.92146,32.707428,50.25387,-10.043177,-15.000033,-29.215647,-26.717781,-20.21293,53.27687,-21.21633,4.868016,-11.111124,-2.1298158,20.055567,-40.372063,28.326498,-35.111107,-13.589891,25.3117,-0.3762637,-2.456767,-17.33065,-38.43333,0.9334772,-12.496435,-5.073065,0.477851,-12.8417845
258,-8.155953407287598,16.61671257019043,73.62962341308594,3.4297276172998368,3.4028906628445617,-49.10744127759708,-6.529115,35.462784,32.792534,50.53993,-8.997745,-15.000033,-28.179947,-25.848671,-20.256102,52.250072,-21.05363,4.6685147,-10.961211,-1.993596,20.03781,-38.813965,28.778345,-34.935287,-13.756764,25.155993,-0.41428187,-2.5386574,-16.64869,-37.893734,1.6302818,-12.519022,-5.3044124,0.3988883,-12.573405
259,-8.189041137695312,16.243806838989258,73.88529968261719,3.2574876183897414,3.037292920206153,-49.73641085153861,-5.8626385,36.079132,32.82902,50.939835,-8.040645,-15.000033,-27.132847,-24.927202,-20.292818,51.215054,-20.88309,4.460253,-10.787184,-1.8194432,20.05483,-37.275345,29.2166,-34.755028,-13.915273,25.02522,-0.45807493,-2.599018,-15.985869,-37.391136,2.3285184,-12.531284,-5.5166073,0.32456684,-12.364399
260,-8.221282005310059,15.879048347473145,74.12995910644531,3.0435371060771335,2.665964574137352,-50.375129335253256,-5.2563806,36.750954,32.809566,51.43553,-7.1771693,-14.9453,-26.084295,-23.96445,-20.328783,50.178726,-20.704285,4.2485657,-10.600951,-1.6042528,20.100334,-35.76356,29.635912,-34.567158,-14.066439,24.989347,-0.51173985,-2.6277063,-15.354083,-36.92648,3.0341296,-12.531819,-5.711411,0.26788455,-12.233257
261,-8.252598762512207,15.532075881958008,74.368408203125,2.872615996905648,2.3230611997110486,-50.96130045992614,-4.718694,37.45236,33.11774,52.024063,-6.380579,-13.44299,-25.0978,-23.092741,-20.33805,49.16362,-20.504574,4.0603733,-10.451908,-1.4115641,20.133005,-34.281895,30.032162,-34.374252,-14.204363,25.07464,-0.58622617,-2.6073873,-14.754572,-36.501728,3.7533967,-12.5223,-5.892955,0.23479943,-12.219274
262,-8.279914855957031,15.204901695251465,74.59830474853516,2.8820175695135855,2.0663895318611907,-51.41650112657448,-4.3497605,37.975445,33.49652,52.658867,-5.6460476,-11.674108,-24.287432,-22.509884,-20.273083,48.275127,-20.331795,3.9249523,-10.422131,-1.3753388,20.058086,-32.83397,30.405375,-34.183228,-14.323009,25.24221,-0.67756057,-2.548926,-14.173945,-36.114037,4.476247,-12.505934,-6.058589,0.21818939,-12.304688
263,-8.305383682250977,14.887091636657715,74.81464385986328,2.883303558068788,1.8217856626870008,-51.8716527734506,-4.018849,38.528347,33.89559,53.34728,-5.077215,-9.743925,-23.506418,-21.931414,-20.19665,47.408455,-20.161055,3.7903633,-10.383302,-1.325466,19.983654,-31.423742,30.753847,-33.99452,-14.423596,25.46338,-0.76505524,-2.4840508,-13.618492,-35.7609,5.1913195,-12.475188,-6.2006755,0.21130207,-12.415549
264,-8.337775230407715,14.576005935668945,75.0155029296875,2.8872528416424514,1.6032193418669023,-52.32777659143603,-3.7226634,39.050285,34.291176,54.02548,-4.739432,-7.6669426,-22.778906,-21.36895,-20.098063,46.573467,-19.997414,3.6554265,-10.330939,-1.2667413,19.891153,-30.05682,31.07709,-33.81185,-14.507615,25.710917,-0.8296658,-2.4448986,-13.081729,-35.437675,5.8811593,-12.431712,-6.312486,0.20706789,-12.480635
265,-8.366839408874512,14.27470874786377,75.20758056640625,2.8935556115896484,1.416361628040229,-52.77945317044071,-3.441041,39.628193,34.815388,54.763783,-4.670848,-5.10793,-22.10932,-20.825201,-19.983736,45.771717,-19.842937,3.5148559,-10.264112,-1.1983962,19.773623,-28.742722,31.374462,-33.649273,-14.572874,26.019455,-0.85683,-2.430128,-12.553621,-35.141827,6.534175,-12.381391,-6.3836174,0.20906967,-12.485625
266,-8.392592430114746,13.973861694335938,75.38813018798828,2.899519916373191,1.2538077270586314,-53.226913862257945,-3.1836724,40.246864,35.428833,55.567566,-4.845987,-2.1774054,-21.485195,-20.297209,-19.857347,44.997578,-19.69435,3.3712137,-10.182725,-1.1215513,19.639591,-27.484152,31.644835,-33.50693,-14.611858,26.38912,-0.85966223,-2.425971,-12.031073,-34.8731,7.154382,-12.328337,-6.422044,0.21908559,-12.465446
267,-8.415943145751953,13.68354606628418,75.55254364013672,2.9124739445128784,1.1111407425695705,-53.67887088471006,-3.0151455,40.68008,35.81623,56.275234,-5.182361,0.41799042,-20.910223,-19.790407,-19.704283,44.25892,-19.55211,3.234755,-10.087096,-1.0434133,19.494127,-26.266222,31.887302,-33.362957,-14.631166,26.744814,-0.86085886,-2.4459946,-11.523994,-34.628223,7.7507277,-12.265706,-6.4464087,0.22710599,-12.424391
268,-8.436330795288086,13.396384239196777,75.70933532714844,2.9382015884488073,0.9836415250700349,-54.14504246552058,-3.0054286,40.701584,35.652966,56.715954,-5.5451226,1.9622364,-20.386412,-19.308722,-19.510908,43.56148,-19.415903,3.1154623,-9.979594,-0.9705602,19.343592,-25.064165,32.101135,-33.19201,-14.643283,27.01598,-0.8832483,-2.5032628,-11.044052,-34.40118,8.335506,-12.187049,-6.4767437,0.22315232,-12.367018
269,-8.448915481567383,13.127788543701172,75.85194396972656,2.9808913034048232,0.8725017443694231,-54.63249633373468,-3.1715355,40.18104,34.777805,56.7938,-5.9096255,2.0235837,-19.92433,-18.856699,-19.266531,42.916473,-19.288395,3.0191195,-9.859795,-0.9089179,19.185846,-23.866179,32.285755,-32.979103,-14.656366,27.16874,-0.9353236,-2.626594,-10.603389,-34.18835,8.909441,-12.080559,-6.5154448,0.19823587,-12.27188
270,-8.462199211120605,12.869562149047852,75.98678588867188,3.035531491132828,0.7784501187722862,-55.13516880658078,-3.4532568,39.26051,33.409508,56.62049,-6.32824,1.0653508,-19.517078,-18.430466,-18.982939,42.317562,-19.169216,2.9385946,-9.729019,-0.8547327,19.018642,-22.684383,32.44218,-32.739082,-14.661746,27.245674,-1.0043132,-2.8010728,-10.197274,-33.989407,9.471241,-11.950231,-6.554625,0.16080637,-12.143885
271,-8.469292640686035,12.613640785217285,76.1116943359375,3.092833050332197,0.6960692469274115,-55.6435526537666,-3.8080368,38.128334,31.79069,56.343575,-6.773621,-0.28606328,-19.14567,-18.021257,-18.67805,41.75468,-19.057886,2.8639424,-9.591861,-0.79971886,18.848738,-21.527613,32.572475,-32.49156,-14.650574,27.292013,-1.0809807,-2.9738967,-9.818331,-33.80275,10.031315,-11.804754,-6.5984793,0.123548895,-12.027574
272,-8.474506378173828,12.363147735595703,76.22643280029297,3.144718513849638,0.6205582600225635,-56.147279757792795,-4.218227,36.96114,30.130531,56.09803,-7.184286,-1.4197747,-18.791431,-17.621128,-18.369572,41.214596,-18.952122,2.7855697,-9.454014,-0.7371802,18.680529,-20.408348,32.68038,-32.2566,-14.607903,27.351255,-1.1563321,-3.0923846,-9.463086,-33.62732,10.602707,-11.6492195,-6.652075,0.09970974,-11.96708
273,-8.474539756774902,12.120720863342285,76.33386993408203,3.19327919324292,0.5534145275052018,-56.64688709756124,-4.7311378,35.720657,28.345066,55.904625,-7.54869,-2.2293103,-18.46068,-17.234463,-18.05391,40.704624,-18.85361,2.700919,-9.316852,-0.6685673,18.512297,-19.327473,32.768906,-32.03632,-14.532962,27.430218,-1.2363553,-3.135944,-9.136054,-33.46256,11.192587,-11.483222,-6.72866,0.09670782,-11.988504
274,-8.474555969238281,11.885457038879395,76.43486022949219,3.2410717899307606,0.49526976031904146,-57.14733514912838,-5.314652,34.334667,26.389002,55.699776,-7.907801,-3.0192888,-18.158115,-16.86266,-17.72505,40.227413,-18.762653,2.6146247,-9.177984,-0.5971126,18.343235,-18.279402,32.83952,-31.820436,-14.431455,27.50545,-1.3227842,-3.134837,-8.839612,-33.308147,11.793897,-11.302673,-6.822071,0.106242076,-12.063105
275,-8.471139907836914,11.65557861328125,76.52954864501953,3.281005438557262,0.44181142966844333,-57.64401485624496,-5.874651,32.923737,24.480658,55.484863,-8.242239,-3.8139112,-17.867094,-16.494934,-17.395144,39.767384,-18.676067,2.5283902,-9.038562,-0.5177581,18.179262,-17.254837,32.892643,-31.607502,-14.315794,27.582138,-1.4005449,-3.1117914,-8.561813,-33.161278,12.396196,-11.113861,-6.9083734,0.11805309,-12.153941
276,-8.468374252319336,11.435126304626465,76.62362670898438,3.306273197217767,0.3895791977367416,-58.131663987421895,-6.3380775,31.613853,22.819538,55.25486,-8.525629,-4.640645,-17.57094,-16.121256,-17.0769,39.307087,-18.590122,2.4443436,-8.899236,-0.42530683,18.025068,-16.24803,32.928055,-31.398235,-14.19617,27.66434,-1.4531083,-3.0904975,-8.289017,-33.017178,12.987584,-10.923966,-6.964071,0.12139785,-12.223801
277,-8.466628074645996,11.213749885559082,76.7085189819336,3.3144695665789476,0.33934653163284567,-58.60532803736452,-6.716212,30.417358,21.407051,55.000187,-8.714819,-5.5474257,-17.267094,-15.739965,-16.775948,38.844128,-18.505398,2.3644176,-8.760945,-0.31806707,17.879496,-15.2592125,32.94533,-31.198553,-14.075642,27.763672,-1.4676281,-3.0680833,-8.015407,-32.872715,13.56698,-10.736299,-6.9744134,0.115576774,-12.278785
278,-8.458681106567383,10.993522644042969,76.78949737548828,3.309574777105853,0.2930328269431092,-59.0683223185524,-7.055045,29.277182,20.13587,54.721607,-8.833445,-6.5116405,-16.964617,-15.356551,-16.48499,38.386665,-18.423006,2.2872446,-8.622768,-0.19977388,17.738966,-14.294313,32.94501,-31.009132,-13.945224,27.8744,-1.455211,-3.0352814,-7.7494936,-32.727695,14.139185,-10.544625,-6.9561496,0.10532918,-12.332498
279,-8.449859619140625,10.78016185760498,76.86502075195312,3.295039593080433,0.2488630873469677,-59.52781374644353,-7.346608,28.218075,19.032557,54.421833,-8.945759,-7.4542828,-16.664942,-14.971682,-16.19688,37.933197,-18.33993,2.2106793,-8.483145,-0.07397282,17.604727,-13.35393,32.927814,-30.822012,-13.79715,27.975056,-1.437165,-3.0048425,-7.496976,-32.581455,14.701863,-10.343953,-6.9346766,0.08809091,-12.359116
280,-8.440518379211426,10.563519477844238,76.93856811523438,3.27407824886743,0.20510971504688222,-59.99143848612747,-7.586086,27.267168,18.123089,54.107162,-9.1128025,-8.293977,-16.370201,-14.586051,-15.904244,37.48526,-18.254593,2.1323261,-8.340428,0.055741686,17.478306,-12.438085,32.894836,-30.629002,-13.624207,28.043919,-1.4347548,-2.9894578,-7.264765,-32.43351,15.252435,-10.128048,-6.93434,0.061564587,-12.332612
281,-8.431232452392578,10.354302406311035,77.00749969482422,3.244985026610085,0.1608214549811382,-60.461958619874956,-7.776202,26.436956,17.421282,53.78033,-9.333072,-9.02104,-16.079351,-14.196421,-15.606448,37.040802,-18.16527,2.0522125,-8.19276,0.19234079,17.361662,-11.547179,32.8473,-30.423935,-13.430276,28.049082,-1.4540159,-3.001333,-7.0524087,-32.282944,15.786397,-9.901149,-6.943932,0.023921775,-12.226022
282,-8.41488265991211,10.151396751403809,77.07334899902344,3.2072272544334712,0.11729789409310964,-60.934945100238224,-7.930295,25.712152,16.900661,53.43175,-9.568484,-9.676103,-15.7924795,-13.80386,-15.30701,36.60052,-18.073301,1.9717208,-8.04253,0.3358747,17.253029,-10.678526,32.786263,-30.21126,-13.219923,28.010702,-1.483408,-3.030882,-6.8594613,-32.129818,16.30704,-9.662696,-6.9555573,-0.023112819,-12.059792
283,-8.403071403503418,9.955400466918945,77.13652038574219,3.1650301124322815,0.07621943611344041,-61.406625518096035,-8.060196,25.078955,16.528618,53.057224,-9.826454,-10.251092,-15.511388,-13.414265,-15.005249,36.166103,-17.980467,1.8905256,-7.8946557,0.48017466,17.149818,-9.828123,32.712402,-29.998209,-12.987591,27.984924,-1.5179366,-3.0577064,-6.683396,-31.973818,16.822006,-9.408927,-7.001623,-0.076839775,-11.879441
284,-8.386552810668945,9.763471603393555,77.19762420654297,3.123092580657364,0.03926865867076716,-61.87326145428523,-8.17415,24.522568,16.274435,52.64909,-10.113253,-10.738169,-15.239059,-13.03414,-14.70055,35.74036,-17.888554,1.8083887,-7.7540402,0.6188108,17.048975,-8.993376,32.62622,-29.792734,-12.726269,28.027676,-1.5527153,-3.061467,-6.5248766,-31.814808,17.339863,-9.132771,-7.1139073,-0.13473977,-11.730455
285,-8.37159252166748,9.570225715637207,77.25423431396484,3.082097546514567,0.006209679709492947,-62.33616970128925,-8.268446,24.052782,16.160385,52.205334,-10.436144,-11.134879,-14.976471,-12.663422,-14.390996,35.3247,-17.797617,1.7237192,-7.6222687,0.74933475,16.951912,-8.169256,32.527702,-29.59197,-12.436168,28.181667,-1.5877614,-3.0329533,-6.3893538,-31.652714,17.864952,-8.831665,-7.3051267,-0.19904532,-11.6187525
286,-8.349331855773926,9.38601303100586,77.31169128417969,3.040062527109185,-0.023334128142933577,-62.796352307874095,-8.343511,23.669334,16.189438,51.727165,-10.783819,-11.449035,-14.722978,-12.299837,-14.077528,34.91872,-17.707537,1.6376892,-7.4975467,0.8755029,16.859484,-7.356697,32.416862,-29.392204,-12.122039,28.408403,-1.6251324,-2.9841714,-6.275656,-31.486494,18.392746,-8.508894,-7.5562363,-0.27024102,-11.522868
287,-8.324573516845703,9.202567100524902,77.36986541748047,2.9977471719384656,-0.04830287704296629,-63.249761097239514,-8.410974,23.343386,16.304869,51.213013,-11.135916,-11.68787,-14.475885,-11.945549,-13.764215,34.51786,-17.617525,1.5538658,-7.379054,0.9986523,16.767132,-6.56535,32.294712,-29.200891,-11.779592,28.6407,-1.6630031,-2.9268186,-6.175494,-31.316149,18.918316,-8.164302,-7.853981,-0.3435044,-11.446272
288,-8.301310539245605,9.025849342346191,77.42493438720703,2.9554814514924725,-0.06759308119333443,-63.692539218764466,-8.481789,23.046322,16.4497,50.661823,-11.473527,-11.85757,-14.233765,-11.602811,-13.455001,34.120937,-17.528646,1.4757776,-7.265242,1.1214066,16.670933,-5.8029428,32.16217,-29.025864,-11.40689,28.812843,-1.6996273,-2.8724024,-6.0772448,-31.14087,19.43468,-7.800868,-8.18361,-0.41394964,-11.392819
289,-8.273916244506836,8.846315383911133,77.47411346435547,2.9170731562195527,-0.08162547024284243,-64.12313608832356,-8.552007,22.783081,16.643118,50.075,-11.799391,-11.949385,-13.996399,-11.276563,-13.14899,33.72806,-17.441439,1.4054688,-7.1544585,1.2402812,16.570879,-5.0734468,32.020245,-28.870197,-11.003682,28.906439,-1.7321063,-2.8215654,-5.977513,-30.9599,19.940838,-7.421284,-8.565657,-0.48059198,-11.378616
290,-8.24238395690918,8.675692558288574,77.52286529541016,2.881476646379448,-0.09058304136749966,-64.54377875443618,-8.617958,22.560625,16.903288,49.452618,-12.120863,-11.967394,-13.765957,-10.964458,-12.844545,33.342583,-17.35647,1.3408097,-7.0473185,1.3552475,16.468775,-4.373264,31.869596,-28.73052,-10.570684,28.956238,-1.7620953,-2.7688851,-5.8815203,-30.772907,20.438578,-7.0238814,-8.999301,-0.5457053,-11.39677
291,-8.20960521697998,8.501030921936035,77.57272338867188,2.841374177875118,-0.09321462316016871,-64.95592806519365,-8.689437,22.35483,17.173634,48.7885,-12.424972,-11.934572,-13.540043,-10.657641,-12.545122,32.95698,-17.270168,1.2791582,-6.94529,1.4725195,16.363138,-3.6978579,31.710432,-28.604633,-10.107105,28.977615,-1.7946757,-2.716832,-5.7894807,-30.581112,20.926226,-6.605781,-9.441347,-0.6089201,-11.415262
292,-8.174880981445312,8.340375900268555,77.61799621582031,2.7894994356578726,-0.08861083788959428,-65.36113326202236,-8.776221,22.143934,17.398394,48.077923,-12.700158,-11.871777,-13.317401,-10.347587,-12.254646,32.566914,-17.180714,1.2179153,-6.849349,1.5999918,16.253153,-3.044613,31.54261,-28.491251,-9.61209,28.984701,-1.8349539,-2.6679137,-5.6990943,-30.385542,21.400248,-6.1671953,-9.846912,-0.67050916,-11.40261
293,-8.142139434814453,8.176030158996582,77.66006469726562,2.7214940619589103,-0.07667946671976501,-65.75290955802595,-8.883845,21.940992,17.588821,47.33044,-12.949918,-11.7418,-13.090831,-10.031686,-11.981352,32.161316,-17.083708,1.1529021,-6.7631545,1.7418318,16.138922,-2.4147139,31.365597,-28.392086,-9.081597,28.940443,-1.891875,-2.6147573,-5.6094036,-30.18866,21.859596,-5.7120295,-10.1982765,-0.73057276,-11.347774
294,-8.094560623168945,8.012003898620605,77.70406341552734,2.642420583648574,-0.05814287208472611,-66.13279707705222,-9.004786,21.750353,17.768465,46.54571,-13.181491,-11.547938,-12.865083,-9.715412,-11.721253,31.749958,-16.984386,1.087151,-6.6846294,1.8942623,16.021278,-1.8097147,31.179474,-28.30749,-8.517259,28.850887,-1.9603695,-2.558967,-5.518113,-29.990993,22.304516,-5.242849,-10.520467,-0.78927547,-11.26876
295,-8.043034553527832,7.852268218994141,77.74746704101562,2.5573745878226846,-0.03288556938807062,-66.51401793078588,-9.133433,21.53628,17.890072,45.701088,-13.378359,-11.373352,-12.647182,-9.397908,-11.458055,31.337744,-16.880392,1.0269358,-6.6057477,2.0520499,15.899721,-1.2266731,30.985582,-28.23328,-7.926412,28.794853,-2.0242865,-2.5160205,-5.4261274,-29.79066,22.735369,-4.7525578,-10.832811,-0.8469959,-11.176644
296,-7.99184513092041,7.691845417022705,77.78618621826172,2.47111144888643,-0.0009734421250184066,-66.91013776521713,-9.262211,21.266119,17.908495,44.773113,-13.524724,-11.298418,-12.445161,-9.078547,-11.176178,30.933231,-16.772118,0.9787588,-6.519471,2.2090952,15.773525,-0.6626024,30.786512,-28.164501,-7.315996,28.849909,-2.0672715,-2.5011885,-5.33598,-29.584713,23.153742,-4.231493,-11.156576,-0.904254,-11.081934
297,-7.937549591064453,7.53531551361084,77.82254028320312,2.388574770048459,0.03537311747701549,-67.33035161906834,-9.378668,20.930065,17.824326,43.743603,-13.616346,-11.335568,-12.262927,-8.759422,-10.862856,30.54392,-16.659979,0.94662064,-6.421352,2.360015,15.644901,-0.110367544,30.584728,-28.096626,-6.6959925,29.056877,-2.0771341,-2.5230393,-5.2531343,-29.370016,23.562862,-3.6699212,-11.487082,-0.97315335,-10.987228
298,-7.878357887268066,7.379909515380859,77.85640716552734,2.3054332318956643,0.076565488242713,-67.76582458077179,-9.487043,20.550226,17.65901,42.62735,-13.661792,-11.4411745,-12.0967865,-8.44041,-10.529766,30.167479,-16.546364,0.92643696,-6.317389,2.5078504,15.513592,0.4300174,30.381613,-28.030336,-6.0627537,29.366701,-2.065246,-2.571785,-5.178143,-29.1458,23.963392,-3.0712485,-11.81805,-1.0497323,-10.886574
299,-7.825746536254883,7.228070259094238,77.88607025146484,2.212492638781994,0.12666959931385374,-68.20314085000454,-9.605236,20.141466,17.393599,41.449272,-13.659846,-11.611286,-11.937611,-8.114793,-10.196891,29.784431,-16.425505,0.91091037,-6.215012,2.6607509,15.376015,0.9517293,30.177721,-27.969057,-5.406654,29.723572,-2.05029,-2.6348798,-5.1047807,-28.912258,24.351187,-2.4493597,-12.164959,-1.1101573,-10.7784395
300,-7.771841526031494,7.075671672821045,77.91267395019531,2.1001562388756323,0.18965470236334747,-68.62912408033657,-9.750841,19.719687,17.011257,40.235558,-13.611442,-11.841492,-11.779282,-7.777202,-9.884499,29.381495,-16.29541,0.8934768,-6.121138,2.8262925,15.227839,1.4463854,29.97317,-27.917313,-4.7150545,30.071463,-2.050816,-2.6997416,-5.028404,-28.671934,24.722061,-1.8155361,-12.544158,-1.1306645,-10.660513
301,-7.715260028839111,6.922937393188477,77.93648529052734,1.9583568095386312,0.26680261827690155,-69.04156950706303,-9.927094,19.286379,16.48872,38.976166,-13.509904,-12.152737,-11.616238,-7.4167476,-9.600837,28.945883,-16.152378,0.8706921,-6.0359054,3.015058,15.069012,1.9147764,29.767506,-27.87398,-3.9884653,30.442057,-2.0698273,-2.7719822,-4.943345,-28.425814,25.070234,-1.1760379,-12.986626,-1.0958499,-10.526675
302,-7.653408527374268,6.771577835083008,77.9598159790039,1.7938796731897324,0.3553241545310145,-69.4473795941126,-10.119408,18.83824,15.84062,37.660683,-13.358106,-12.536452,-11.450604,-7.0383863,-9.334066,28.483171,-15.996046,0.8463033,-5.9548492,3.221002,14.901884,2.3596916,29.560766,-27.838161,-3.2318969,30.849825,-2.0982592,-2.855148,-4.8517623,-28.174402,25.398134,-0.52551144,-13.474981,-1.0217963,-10.379196
303,-7.587356090545654,6.620659828186035,77.97944641113281,1.6228702101703862,0.4530988510028697,-69.84731248449101,-10.319452,18.382074,15.108844,36.315884,-13.172418,-12.94501,-11.295294,-6.662034,-9.07399,28.022692,-15.838207,0.8247914,-5.878046,3.428273,14.726795,2.775517,29.353891,-27.81419,-2.4408813,31.212498,-2.1360471,-2.9331987,-4.758433,-27.919228,25.71338,0.13783549,-13.950436,-0.93172,-10.229223
304,-7.51503324508667,6.474745273590088,78.00082397460938,1.4614519820257839,0.5583210921987007,-70.24140477603338,-10.518865,17.921152,14.334234,34.96384,-12.9638815,-13.33305,-11.152621,-6.305367,-8.811086,27.571583,-15.676707,0.81011766,-5.805832,3.6204052,14.543938,3.1582408,29.148193,-27.805817,-1.6118917,31.449059,-2.1827013,-2.990339,-4.669596,-27.6634,26.023417,0.8172843,-14.353965,-0.84850115,-10.087948
305,-7.4446120262146,6.326471328735352,78.021484375,1.311996448817682,0.6785743066376392,-70.62817944417722,-10.731544,17.447609,13.498833,33.60225,-12.717497,-13.697112,-11.035758,-5.9725904,-8.544612,27.136982,-15.515542,0.8041492,-5.7383847,3.7961638,14.348062,3.502322,28.944666,-27.816189,-0.7371116,31.511486,-2.2449899,-3.0204086,-4.5852027,-27.408854,26.329569,1.5033244,-14.670691,-0.7739212,-9.961893
306,-7.372515678405762,6.182475566864014,78.0431900024414,1.1656593326978655,0.8120902156749472,-71.00844309644822,-10.951459,16.962486,12.590437,32.217308,-12.431061,-14.058641,-10.937147,-5.653342,-8.279384,26.709105,-15.350553,0.8039813,-5.6753535,3.9639313,14.141809,3.8125272,28.743723,-27.841639,0.17757162,31.451626,-2.320526,-3.032893,-4.501704,-27.156538,26.627335,2.1954973,-14.931147,-0.69665897,-9.843887
307,-7.295673370361328,6.041383266448975,78.0638427734375,1.022015934724345,0.94334551634687,-71.38529813781241,-11.149072,16.483513,11.659236,30.826193,-12.139979,-14.411901,-10.836638,-5.345147,-8.014039,26.285275,-15.186249,0.8071119,-5.616159,4.123865,13.938775,4.1004066,28.545485,-27.876675,1.1125644,31.337515,-2.3950539,-3.0353305,-4.4138103,-26.905361,26.914974,2.902019,-15.143531,-0.61935234,-9.726585
308,-7.222293853759766,5.903825759887695,78.08000183105469,0.8806722403980216,1.0568274834871811,-71.76194902325835,-11.297455,16.027983,10.755227,29.44746,-11.879947,-14.751519,-10.713544,-5.0456195,-7.7471623,25.862185,-15.026725,0.81108373,-5.5611815,4.2749615,13.751305,4.377281,28.350412,-27.915186,2.0506392,31.237083,-2.4542856,-3.0350628,-4.318593,-26.654493,27.192022,3.6351008,-15.318162,-0.54482174,-9.601918
309,-7.143601894378662,5.750335216522217,78.0983657836914,0.7487774954989921,1.1510507435356045,-72.12593211891526,-11.403007,15.581626,9.863336,28.076836,-11.679979,-15.000033,-10.56522,-4.767755,-7.4865794,25.445877,-14.879339,0.8150601,-5.5211325,4.4101734,13.580262,4.646624,28.158709,-27.955156,2.9840407,31.157034,-2.4830532,-3.039812,-4.2093625,-26.40243,27.458101,4.3918433,-15.439857,-0.4795101,-9.474089
310,-7.05862283706665,5.615379810333252,78.11338806152344,0.6506037126208741,1.2387378043120059,-72.46877430971703,-11.471231,15.085718,8.979458,26.674112,-11.495131,-15.000033,-10.429129,-4.5481043,-7.2274294,25.083853,-14.76475,0.82996434,-5.502881,4.5085425,13.412467,4.9032316,27.970783,-27.998919,3.923066,31.0652,-2.4927628,-3.0437171,-4.0917864,-26.148996,27.71461,5.1703258,-15.509599,-0.41984347,-9.3451605
311,-6.96572208404541,5.473571300506592,78.12944793701172,0.5600424411526262,1.315008790549487,-72.82146687793673,-11.481456,14.597065,8.141464,25.2601,-11.280062,-15.000033,-10.28472,-4.3401856,-6.9541936,24.72806,-14.651071,0.8523238,-5.4812984,4.5947413,13.255015,5.1458964,27.787428,-28.046999,4.8747907,30.96979,-2.509009,-3.0338068,-3.9764767,-25.894493,27.962894,5.9785275,-15.561107,-0.35361385,-9.204759
312,-6.862309455871582,5.333215713500977,78.14553833007812,0.4885382404694908,1.3835304919620832,-73.19839670543124,-11.412737,14.100874,7.405995,23.816511,-10.967685,-15.000033,-10.157101,-4.156474,-6.6480265,24.410625,-14.5484,0.8920772,-5.446448,4.659254,13.103382,5.3738985,27.609701,-28.099197,5.8460345,30.879526,-2.5574746,-2.996861,-3.8743541,-25.64018,28.204111,6.825274,-15.628591,-0.2688627,-9.042298
313,-6.760808944702148,5.197145938873291,78.15974426269531,0.44208268167245746,1.4454672935640658,-73.60468497582855,-11.248814,13.590693,6.793918,22.305914,-10.525908,-15.000033,-10.052588,-4.002983,-6.3010507,24.138134,-14.457923,0.9528662,-5.3951664,4.6985607,12.956367,5.586822,27.439219,-28.158699,6.8405066,30.80318,-2.6532283,-2.9232848,-3.78436,-25.38531,28.434845,7.708283,-15.719198,-0.14948574,-8.844835
314,-6.6595234870910645,5.059297561645508,78.17205810546875,0.4091223920162154,1.4980618195029027,-74.03314337589964,-11.00573,13.082061,6.26759,20.747347,-9.99502,-15.000033,-9.955539,-3.8670552,-5.9254284,23.891575,-14.373869,1.028049,-5.33224,4.721172,12.817384,5.786905,27.276516,-28.223589,7.8521695,30.733828,-2.7796211,-2.8220441,-3.7024844,-25.130814,28.655186,8.625805,-15.8162775,-0.0064054206,-8.62069
315,-6.544327735900879,4.92708158493042,78.18455505371094,0.375092558573711,1.5389059923053408,-74.47966071570457,-10.69754,12.593257,5.797037,19.1784,-9.409837,-15.000033,-9.854206,-3.731289,-5.5320997,23.65543,-14.29064,1.1115764,-5.259398,4.7398314,12.6913595,5.9779706,27.119947,-28.286512,8.869425,30.656633,-2.9151309,-2.7083166,-3.6269417,-24.878265,28.869528,9.574795,-15.915156,0.13218538,-8.392482
316,-6.422607421875,4.798390865325928,78.19536590576172,0.3267220829663859,1.566129836286947,-74.939417030321,-10.334145,12.140918,5.355309,17.628658,-8.801588,-15.000033,-9.739023,-3.5810604,-5.1313643,23.417955,-14.205046,1.1980475,-5.179187,4.765065,12.58179,6.1644416,26.966387,-28.339342,9.88234,30.558043,-3.0384157,-2.5974805,-3.5585132,-24.630594,29.083538,10.555215,-16.011013,0.23827353,-8.182925
317,-6.303983211517334,4.661255836486816,78.20515441894531,0.26679774773692005,1.5817891888629183,-75.41331451180179,-9.898942,11.713368,4.949051,16.051275,-8.1455,-15.000033,-9.614273,-3.4196975,-4.721579,23.182638,-14.118031,1.2894578,-5.091096,4.7945414,12.487911,6.345534,26.812836,-28.378534,10.896022,30.431862,-3.1495688,-2.4890666,-3.4952514,-24.390425,29.296469,11.56708,-16.100737,0.31247765,-7.986637
318,-6.185918807983398,4.537322521209717,78.21341705322266,0.19711709375326122,1.5865116603493692,-75.90276829107405,-9.392233,11.313391,4.5853553,14.4403715,-7.435491,-15.000033,-9.4824705,-3.2490284,-4.300384,22.952345,-14.030192,1.3870052,-4.9949465,4.829516,12.408168,6.519285,26.658232,-28.408478,11.914846,30.287758,-3.2584372,-2.3767498,-3.4346192,-24.158598,29.505928,12.606635,-16.186546,0.36736566,-7.795485
319,-6.059247970581055,4.410111427307129,78.21695709228516,0.11066569919888772,1.5774528308537215,-76.40209643872419,-8.870904,10.969995,4.24,12.9308195,-6.7527127,-15.000033,-9.331523,-3.060829,-3.8753753,22.710407,-13.934424,1.4855342,-4.8957243,4.8767447,12.342432,6.6833887,26.503452,-28.434015,12.931429,30.13347,-3.3583412,-2.266995,-3.3816686,-23.93695,29.716625,13.674908,-16.271385,0.39280912,-7.628225
320,-5.928382873535156,4.2863078117370605,78.2162857055664,0.008541281919755174,1.5528342905922463,-76.90473345244219,-8.401934,10.701245,3.8941407,11.676172,-6.1833224,-15.000033,-9.153879,-2.8560088,-3.4516065,22.446213,-13.82589,1.5811769,-4.799063,4.9349756,12.289533,6.8365407,26.350542,-28.459095,13.93691,29.976128,-3.4427435,-2.1660604,-3.3390355,-23.726685,29.932909,14.769329,-16.358347,0.37890962,-7.5042915
321,-5.801547527313232,4.158542633056641,78.2176742553711,-0.09205914641719717,1.5080204947752316,-77.4071558481626,-7.9761972,10.467063,3.5207725,10.654038,-5.708977,-15.000033,-8.955464,-2.6561573,-3.0234468,22.182514,-13.715872,1.6781039,-4.7102323,4.987511,12.254943,6.9784274,26.201168,-28.482584,14.92895,29.821615,-3.5046415,-2.0744488,-3.3118896,-23.529373,30.157671,15.901135,-16.489504,0.29752338,-7.4424033
322,-5.676802158355713,4.032905101776123,78.21514892578125,-0.1866629194336168,1.4475265197267946,-77.9115421420296,-7.5850325,10.257407,3.1430352,9.834674,-5.310578,-15.000033,-8.744461,-2.466693,-2.587826,21.925402,-13.606919,1.7785829,-4.626355,5.029939,12.235569,7.1101565,26.055761,-28.502428,15.910766,29.664122,-3.5495656,-1.989086,-3.2948806,-23.34484,30.38739,17.063622,-16.648746,0.16274041,-7.4286156
323,-5.552073001861572,3.91129732131958,78.2202377319336,-0.28604134030159256,1.3838733518662651,-78.41868309444214,-7.294849,10.123027,2.8241537,9.356135,-5.0633855,-15.000033,-8.520004,-2.2726872,-2.1513147,21.645155,-13.484776,1.8775862,-4.5412064,5.071248,12.215544,7.231777,25.915056,-28.521404,16.88322,29.49403,-3.5894299,-1.91035,-3.2789671,-23.171463,30.617496,18.233118,-16.752552,0.027522065,-7.432414
324,-5.424896240234375,3.787152051925659,78.22965240478516,-0.40149514973160483,1.3289861508092107,-78.93000918994724,-7.156961,10.113485,2.632161,9.3263445,-5.0235767,-15.000033,-8.281224,-2.0588975,-1.7200605,21.312393,-13.334798,1.9698762,-4.448162,5.1206264,12.1787815,7.342074,25.780157,-28.54304,17.848341,29.300901,-3.63616,-1.8387035,-3.2566493,-23.006971,30.843367,19.388374,-16.717663,-0.055356164,-7.4227204
325,-5.309754371643066,3.663710594177246,78.24243927001953,-0.5409350992378982,1.2834797065932875,-79.45582266104368,-7.2756023,10.275096,2.5798252,10.008178,-5.292641,-15.000033,-8.019042,-1.8098878,-1.2892059,20.900946,-13.142191,2.0481112,-4.334084,5.1821384,12.122611,7.4370513,25.652754,-28.570723,18.811747,29.079136,-3.698351,-1.7712384,-3.2262573,-22.848299,31.069063,20.526527,-16.507454,-0.06146116,-7.4021516
326,-5.197079181671143,3.5392653942108154,78.25728607177734,-0.7033232269395591,1.2385844864729483,-79.99475324174158,-7.5649967,10.574547,2.634749,11.214042,-5.7789254,-15.000033,-7.728845,-1.5300432,-0.85703063,20.421576,-12.912412,2.115721,-4.204222,5.256154,12.057424,7.5203557,25.533484,-28.601416,19.768284,28.834845,-3.7671378,-1.7092313,-3.1945214,-22.694715,31.295492,21.66179,-16.171535,-0.022412604,-7.383255
327,-5.084792613983154,3.4053525924682617,78.26380157470703,-0.884088413228233,1.1928811274833309,-80.52923843223198,-7.851287,10.943016,2.7858622,12.50007,-6.3256636,-15.000033,-7.419925,-1.2374839,-0.43394056,19.906507,-12.664438,2.1842935,-4.0795302,5.344671,11.987213,7.601324,25.42068,-28.62933,20.706018,28.57509,-3.830133,-1.6588116,-3.1631835,-22.547482,31.51226,22.793743,-15.755652,0.030637626,-7.349723
328,-4.970726013183594,3.277094602584839,78.25782012939453,-1.062852390791245,1.148712673212502,-81.0383658280602,-8.000879,11.294928,3.0274847,13.497588,-6.8121314,-15.000033,-7.114172,-0.96793634,-0.028137352,19.406343,-12.426808,2.2683764,-3.9825752,5.434064,11.911506,7.6877327,25.311832,-28.649616,21.613672,28.307692,-3.872944,-1.6267445,-3.1333992,-22.409515,31.708942,23.921638,-15.305686,0.06689773,-7.2854276
329,-4.84373140335083,3.148434638977051,78.24980926513672,-1.235840121981365,1.1085013659955578,-81.51380936422959,-7.9811764,11.623501,3.4071293,14.138687,-7.2472467,-15.000033,-6.8149853,-0.7308887,0.35574108,18.92751,-12.20521,2.3756065,-3.9233792,5.5221486,11.827435,7.778764,25.20526,-28.66847,22.492912,28.023026,-3.8887825,-1.6023225,-3.104332,-22.283657,31.88662,25.040947,-14.82327,0.086939394,-7.1734776
330,-4.7059783935546875,3.0223143100738525,78.24524688720703,-1.408462924605669,1.0710432257755154,-81.96708011089626,-7.8703704,11.965582,3.9146237,14.62989,-7.6953883,-15.000033,-6.5167246,-0.5126648,0.7238373,18.454811,-11.989921,2.4977622,-3.888117,5.611582,11.735537,7.868718,25.100428,-28.687332,23.35072,27.72154,-3.885866,-1.5859512,-3.0744326,-22.170904,32.048775,26.152184,-14.286886,0.104477584,-7.0269146
331,-4.5571608543396,2.8994147777557373,78.25081634521484,-1.5633240438130624,1.0367317384431194,-82.40459645449893,-7.709943,12.284861,4.46369,15.022341,-8.121669,-15.000033,-6.232016,-0.32795855,1.0848525,18.007502,-11.789361,2.628126,-3.8658729,5.6848717,11.638209,7.9549627,24.996473,-28.694326,24.187435,27.425226,-3.8748078,-1.5996635,-3.0403504,-22.069586,32.18893,27.254839,-13.706592,0.1108288,-6.8737926
332,-4.408101558685303,2.777404546737671,78.2562255859375,-1.6848276600543937,1.0058926900677656,-82.83321687348533,-7.543007,12.547257,4.9666805,15.369592,-8.491513,-15.000033,-5.977298,-0.18909965,1.4470522,17.61378,-11.612842,2.759603,-3.8455875,5.7267513,11.538226,8.037658,24.892582,-28.677094,24.997839,27.156418,-3.8636146,-1.6669961,-2.9999452,-21.97535,32.301086,28.35074,-13.09165,0.09583671,-6.742129
333,-4.263017177581787,2.6563239097595215,78.25825500488281,-1.7580910346334808,0.9858220614748379,-83.25304381887189,-7.3734465,12.725774,5.4042234,15.652551,-8.7789755,-14.965342,-5.765342,-0.11414502,1.8127018,17.284134,-11.468934,2.8966217,-3.8300352,5.7202864,11.427232,8.116451,24.788006,-28.63098,25.78463,26.932955,-3.8559024,-1.7966998,-2.9638288,-21.886784,32.40205,29.454178,-12.47041,0.053670652,-6.6377015
334,-4.1001105308532715,2.538102149963379,78.26561737060547,-1.7413806759241706,0.9858018171219408,-83.63712941648808,-7.16162,12.720445,5.821306,15.7644205,-8.955174,-14.486629,-5.647099,-0.16553007,2.1731694,17.117048,-11.412214,3.060329,-3.846133,5.630384,11.293781,8.1922245,24.6817,-28.5616,26.549173,26.739384,-3.8461053,-1.9754598,-2.9323688,-21.803267,32.490917,30.56159,-11.828842,-0.008375259,-6.5456657
335,-3.9358630180358887,2.4213109016418457,78.27607727050781,-1.7067704488688422,0.9843405176393971,-84.00807014956729,-6.9421043,12.6821165,6.225414,15.848215,-9.106398,-14.034243,-5.5460362,-0.24366882,2.5272558,16.99166,-11.374028,3.2223778,-3.8685157,5.5251775,11.163568,8.264586,24.574495,-28.473692,27.290998,26.54852,-3.8301902,-2.1928573,-2.891424,-21.721178,32.534798,31.66167,-11.11636,-0.08622008,-6.463834
336,-3.7751197814941406,2.3036844730377197,78.28585815429688,-1.6694131092868918,0.9697229756654001,-84.36427189127905,-6.7181854,12.633691,6.6265917,15.941678,-9.262831,-13.63112,-5.4470468,-0.32812673,2.8718438,16.9032,-11.34899,3.3751004,-3.8921452,5.4222765,11.050113,8.332704,24.467953,-28.373648,28.009502,26.332767,-3.8035977,-2.4378724,-2.8269446,-21.636105,32.499027,32.744083,-10.2830105,-0.17554091,-6.389416
337,-3.6100282669067383,2.189969062805176,78.29610443115234,-1.629657655556446,0.939143560428735,-84.7051261805364,-6.494007,12.577141,7.0279603,16.061907,-9.431505,-13.28116,-5.3517694,-0.41685677,3.2095742,16.86079,-11.339324,3.5158472,-3.9165783,5.321343,10.955822,8.398412,24.36313,-28.25595,28.699135,26.102629,-3.761102,-2.7231605,-2.737703,-21.544374,32.373978,33.81589,-9.291549,-0.28634852,-6.3019357
338,-3.447849988937378,2.079794406890869,78.30781555175781,-1.5804913060345729,0.8989746570154592,-85.03149819663925,-6.265914,12.502449,7.423473,16.184855,-9.597628,-12.973539,-5.2674704,-0.5191257,3.5409014,16.864649,-11.346509,3.6491501,-3.9434142,5.2135935,10.873249,8.461597,24.26057,-28.120777,29.361677,25.866604,-3.7057023,-3.0490541,-2.6316972,-21.444817,32.17764,34.8832,-8.177552,-0.41707385,-6.2080483
339,-3.2794508934020996,1.9717458486557007,78.3180923461914,-1.5263952575935957,0.8510679037523287,-85.34390006695578,-6.0219555,12.41354,7.8106523,16.280552,-9.755088,-12.708974,-5.184613,-0.6316683,3.8589854,16.89083,-11.362496,3.7786443,-3.9704905,5.104249,10.801071,8.51655,24.161741,-27.983553,30.009554,25.592773,-3.6452298,-3.3859758,-2.5076313,-21.337704,31.915771,35.933212,-7.001075,-0.5470354,-6.145987
340,-3.1147284507751465,1.8649524450302124,78.32759857177734,-1.4713730958286053,0.7972302054282507,-85.64307657982896,-5.7516856,12.313979,8.186909,16.320942,-9.897698,-12.488349,-5.0963864,-0.75141674,4.1571035,16.921549,-11.382757,3.907874,-3.9941027,4.9986525,10.738167,8.556752,24.068645,-27.860924,30.654512,25.249416,-3.5873373,-3.70451,-2.3619628,-21.224714,31.592386,36.950626,-5.822694,-0.6574818,-6.154903
341,-2.9453964233398438,1.764710783958435,78.33761596679688,-1.418534737648337,0.7351960571930819,-85.9243948433961,-5.451239,12.204195,8.54572,16.299215,-10.025395,-12.33059,-4.995667,-0.87663865,4.4274645,16.950523,-11.405619,4.034374,-4.0158024,4.90143,10.688983,8.579245,23.981922,-27.7541,31.300505,24.807737,-3.5333245,-4.0077586,-2.184907,-21.104242,31.187721,37.933666,-4.571488,-0.75600755,-6.2464848
342,-2.7812442779541016,1.6604615449905396,78.3462905883789,-1.364617701638935,0.6650299054345278,-86.18899738154174,-5.1243863,12.081407,8.890758,16.224138,-10.139217,-12.229182,-4.888346,-1.0095131,4.675516,16.988354,-11.434053,4.1574373,-4.035509,4.808266,10.652429,8.587267,23.901802,-27.656368,31.94049,24.291079,-3.478223,-4.30755,-1.9809381,-20.975857,30.705166,38.889706,-3.2453158,-0.852287,-6.3993096
343,-2.6179726123809814,1.5625046491622925,78.35348510742188,-1.3054903310435293,0.5920940635905463,-86.4461597909999,-4.781703,11.944459,9.23291,16.110666,-10.237568,-12.145795,-4.785396,-1.1519381,4.914292,17.038235,-11.467078,4.282945,-4.047646,4.712875,10.620711,8.584258,23.829622,-27.572487,32.568096,23.74418,-3.4215915,-4.5873556,-1.7657821,-20.843336,30.184483,39.811314,-2.0046415,-0.93062687,-6.604762
344,-2.4477431774139404,1.4626816511154175,78.36203002929688,-1.2367743931179302,0.5217717504010375,-86.70527783590194,-4.4295816,11.791717,9.583986,15.965323,-10.319464,-12.042642,-4.6976414,-1.3055689,5.1568646,17.10373,-11.5043745,4.416779,-4.0473857,4.609043,10.586525,8.574906,23.766958,-27.505804,33.17511,23.211948,-3.3635564,-4.8309326,-1.552688,-20.71317,29.664679,40.687813,-1.0108703,-0.9733532,-6.855314
345,-2.2875938415527344,1.369032859802246,78.37145233154297,-1.1510756181274375,0.452891674923478,-86.96525842152215,-4.0578356,11.613002,9.948863,15.769596,-10.376508,-11.911765,-4.622099,-1.4779204,5.4154115,17.182066,-11.549499,4.5680037,-4.0357094,4.4912734,10.551224,8.558341,23.715572,-27.460388,33.759396,22.69429,-3.3012886,-5.0379806,-1.3345217,-20.588886,29.13485,41.505474,-0.3390277,-0.97138935,-7.178121
346,-2.1187896728515625,1.2790000438690186,78.3802261352539,-1.0533698470399913,0.3837170647124735,-87.22233079944904,-3.6664538,11.411268,10.320457,15.524027,-10.411142,-11.77237,-4.555533,-1.6652515,5.679999,17.274925,-11.60304,4.7309957,-4.014233,4.36474,10.5191,8.533958,23.675648,-27.433104,34.321827,22.170708,-3.2365894,-5.2160764,-1.1040151,-20.470722,28.579853,42.266632,0.10860207,-0.9347296,-7.5685673
347,-1.9541091918945312,1.194025993347168,78.388427734375,-0.955866595621578,0.31831920708136063,-87.4819271236772,-3.2780175,11.205983,10.692699,15.267197,-10.439329,-11.627825,-4.502657,-1.8530183,5.930455,17.380898,-11.654496,4.8895483,-3.9799001,4.239199,10.487381,8.5078535,23.645607,-27.41429,34.859524,21.656265,-3.1771054,-5.3609986,-0.87860566,-20.36195,28.036123,42.989292,0.43348405,-0.8727022,-7.972469
348,-1.7842341661453247,1.1059720516204834,78.39547729492188,-0.8712906259398491,0.2608581638820034,-87.74914023544574,-2.9131956,11.016249,11.060409,15.035269,-10.476178,-11.481527,-4.4703236,-2.0266693,6.1469235,17.50298,-11.695261,5.027556,-3.9321644,4.124779,10.453577,8.487256,23.622362,-27.392027,35.369293,21.166204,-3.1311238,-5.468994,-0.67658484,-20.26691,27.543346,43.690434,0.73774314,-0.79521954,-8.335603
349,-1.6179018020629883,1.0248595476150513,78.40188598632812,-0.8042988847084702,0.21401416218238,-88.0280060744053,-2.5790238,10.848779,11.424372,14.839248,-10.526254,-11.333031,-4.4673657,-2.1780713,6.3386416,17.64943,-11.721256,5.13656,-3.8699982,4.0270057,10.416184,8.47438,23.603392,-27.362057,35.847878,20.696283,-3.1022441,-5.537985,-0.5016093,-20.188797,27.10351,44.371548,1.0033087,-0.6926416,-8.66485
350,-1.4542934894561768,0.9478410482406616,78.41128540039062,-0.7487109653515871,0.1751006018357934,-88.3148905144597,-2.2644627,10.693286,11.787011,14.661596,-10.582765,-11.181141,-4.487554,-2.3161423,6.511539,17.815979,-11.73756,5.2268705,-3.8030286,3.9420319,10.379785,8.47519,23.589333,-27.319382,36.288776,20.242895,-3.0873785,-5.5721464,-0.34479284,-20.136118,26.709805,45.016003,1.1975249,-0.5616434,-8.9821205
351,-1.2926409244537354,0.8669053316116333,78.42269897460938,-0.697626850261541,0.13966347123088718,-88.60341456869426,-1.9605681,10.5437565,12.145526,14.490078,-10.640595,-11.028354,-4.51482,-2.4524486,6.6407394,17.985537,-11.747578,5.3105493,-3.7342572,3.8627112,10.344855,8.485907,23.578869,-27.268196,36.703426,19.821625,-3.0833268,-5.574046,-0.20633806,-20.105076,26.373497,45.63225,1.391233,-0.4238237,-9.256829
352,-1.127260446548462,0.794741153717041,78.43342590332031,-0.6493038986756257,0.10326662768991611,-88.88740145819297,-1.6581672,10.393848,12.49717,14.311978,-10.694354,-10.877028,-4.533128,-2.5988407,6.701293,18.140982,-11.755007,5.3994775,-3.645126,3.781648,10.311083,8.476785,23.568026,-27.235466,37.122826,19.448332,-3.0862148,-5.544749,-0.073778585,-20.083107,26.072405,46.226704,1.6405412,-0.30213532,-9.454823
353,-0.9688870906829834,0.7215996384620667,78.44239044189453,-0.6002304117653218,0.06564060047108566,-89.16931217013138,-1.3559518,10.241925,12.84468,14.12601,-10.74438,-10.724392,-4.5411873,-2.7581975,6.686754,18.28073,-11.761439,5.499339,-3.5689287,3.6946409,10.278355,8.491024,23.56092,-27.1825,37.518036,19.134161,-3.1031044,-5.480836,0.02130744,-20.080458,25.872229,46.81249,2.0173593,-0.20224105,-9.575879
354,-0.8119165897369385,0.6532323956489563,78.45321655273438,-0.553651526502394,0.028817041711183138,-89.45125286269673,-1.0592854,10.091823,13.188058,13.940058,-10.793762,-10.570411,-4.54719,-2.9242697,6.6103816,18.414713,-11.765594,5.602856,-3.4679527,3.609064,10.249751,8.4853325,23.551685,-27.143919,37.912464,18.870907,-3.1336265,-5.3825493,0.11390658,-20.096092,25.701624,47.363266,2.4491634,-0.11194014,-9.626893
355,-0.6539103388786316,0.5892974138259888,78.46002197265625,-0.5127779343741827,-0.008123586297172695,-89.72574147525042,-0.76749134,9.944866,13.521389,13.751741,-10.840106,-10.421214,-4.546805,-3.095526,6.476365,18.536919,-11.763185,5.7023706,-3.3776202,3.525865,10.221834,8.491711,23.54409,-27.093851,38.28904,18.641123,-3.1649027,-5.261832,0.18320581,-20.124718,25.597212,47.905277,2.8780978,-0.02542138,-9.620916
356,-0.4992052912712097,0.5241743922233582,78.46632385253906,-0.47906754394032136,-0.04602216305999566,-89.98532810917872,-0.4821964,9.803279,13.83832,13.561436,-10.881464,-10.282852,-4.536079,-3.2698126,6.288784,18.642818,-11.750765,5.7902846,-3.2890608,3.458763,10.203579,8.488671,23.52868,-27.044128,38.65631,18.433891,-3.185436,-5.1324124,0.2732579,-20.192587,25.511747,48.394657,3.220016,0.06597677,-9.553272
357,-0.3439578115940094,0.4651804566383362,78.47537994384766,-0.4522668268454681,-0.08516061153595196,-90.2264045234981,-0.20250396,9.665385,14.137088,13.364656,-10.914834,-10.157373,-4.513356,-3.4508727,6.0329165,18.730925,-11.726868,5.8610377,-3.2108855,3.3999887,10.188099,8.481959,23.509956,-26.99363,39.016323,18.248783,-3.1892037,-4.983926,0.35606176,-20.273977,25.459805,48.875763,3.4642475,0.15954539,-9.408868
358,-0.20073051750659943,0.40196990966796875,78.48380279541016,-0.43356434151622,-0.12511941399385154,-90.45340948042455,0.07084186,9.53119,14.421062,13.16412,-10.942202,-10.041122,-4.4812403,-3.6382132,5.711708,18.805235,-11.694327,5.9199185,-3.1364112,3.3463652,10.174436,8.469984,23.489243,-26.944134,39.370712,18.092236,-3.1833286,-4.813622,0.4270071,-20.361835,25.443817,49.350513,3.6452453,0.25287035,-9.19278
359,-0.051669664680957794,0.3424856662750244,78.49282836914062,-0.42059325365585454,-0.16609199971450808,-90.67128425426365,0.33765215,9.404351,14.692248,12.966853,-10.968545,-9.931654,-4.440216,-3.8237894,5.3559046,18.865856,-11.653684,5.975736,-3.064066,3.3002338,10.163986,8.45358,23.464396,-26.890007,39.72159,17.956463,-3.1737201,-4.6436944,0.4951406,-20.461626,25.45907,49.80229,3.7575536,0.349687,-8.946474
360,0.09657470881938934,0.28489062190055847,78.50157165527344,-0.41490807418274056,-0.20820372546171795,-90.88486481811657,0.5993653,9.288094,14.953103,12.775797,-10.997393,-9.826733,-4.3930907,-3.999747,4.996415,18.917044,-11.608071,6.0370893,-2.9917777,3.2604756,10.156475,8.434549,23.436281,-26.82638,40.07163,17.833893,-3.1659343,-4.4961987,0.5609085,-20.566162,25.501915,50.22761,3.793665,0.45226303,-8.713036
361,0.2378832995891571,0.22647541761398315,78.51060485839844,-0.41795296547658334,-0.252865207728708,-91.09733348520705,0.85293496,9.186732,15.204424,12.604549,-11.034902,-9.727087,-4.338613,-4.163328,4.6400905,18.956923,-11.5543585,6.105824,-2.918469,3.2285721,10.152883,8.414509,23.404327,-26.751049,40.424812,17.721495,-3.1646328,-4.3742003,0.62121993,-20.6744,25.580526,50.630173,3.7305658,0.5596098,-8.495173
362,0.3733879327774048,0.1700858175754547,78.5215072631836,-0.430479820117249,-0.2997455676585458,-91.305511476905,1.1006558,9.097191,15.44536,12.443099,-11.075973,-9.633574,-4.277389,-4.3186855,4.270901,18.986835,-11.493365,6.1774592,-2.8459723,3.2032037,10.152156,8.392499,23.368523,-26.666418,40.779694,17.624392,-3.165539,-4.266763,0.67240316,-20.786787,25.694876,51.016026,3.5781672,0.66986686,-8.273137
363,0.5050132274627686,0.11837902665138245,78.53067779541016,-0.44712014784664306,-0.34604506231383564,-91.50458411781847,1.3374927,9.015593,15.673223,12.292741,-11.118591,-9.543943,-4.209401,-4.4691014,3.8853204,19.003666,-11.428503,6.251201,-2.7764697,3.1817892,10.152308,8.366281,23.329966,-26.574022,41.128967,17.54517,-3.1608136,-4.175103,0.7226999,-20.900066,25.827879,51.376034,3.380366,0.7845815,-8.05533
364,0.6328555941581726,0.06699496507644653,78.53800964355469,-0.4643963774925864,-0.3891072893870112,-91.68983544607985,1.560774,8.937229,15.886015,12.148638,-11.157108,-9.455972,-4.135418,-4.6178746,3.479924,19.005962,-11.363577,6.3261533,-2.7114272,3.1603005,10.150669,8.334459,23.290895,-26.475645,41.465214,17.487762,-3.1424437,-4.1003385,0.7787793,-21.009851,25.961617,51.7043,3.1798556,0.9054855,-7.8505917
365,0.753641664981842,0.014475923962891102,78.54492950439453,-0.4845212867150235,-0.4267876017170835,-91.86062876953523,1.7654711,8.86535,16.081942,12.015684,-11.192827,-9.3697,-4.0569305,-4.7629714,3.0510828,18.992598,-11.295683,6.407394,-2.648758,3.1401718,10.1451435,8.295285,23.253363,-26.371712,41.784992,17.460207,-3.102104,-4.0488377,0.84022427,-21.113764,26.098387,52.00059,2.9660392,1.0366969,-7.663027
366,0.8711824417114258,-0.03886038810014725,78.55233001708984,-0.5096352297542955,-0.4610203660636862,-92.0192075386868,1.9551637,8.801257,16.262793,11.892979,-11.226912,-9.286144,-3.973175,-4.9035034,2.6015906,18.964615,-11.223835,6.493392,-2.5879781,3.1211119,10.137174,8.251137,23.218231,-26.261364,42.091652,17.45789,-3.0459948,-4.0181713,0.9015689,-21.211824,26.245058,52.27176,2.7223072,1.1755521,-7.48762
367,0.9804730415344238,-0.08516872674226761,78.56016540527344,-0.5323248561066619,-0.49518778085366316,-92.1655649967459,2.1362872,8.737731,16.430857,11.775884,-11.258773,-9.204409,-3.8817239,-5.044713,2.1373775,18.924849,-11.155506,6.5736403,-2.5329807,3.0972903,10.130157,8.204854,23.185947,-26.146288,42.388012,17.463074,-2.9874358,-3.995834,0.965171,-21.301075,26.389967,52.518578,2.4834292,1.3143276,-7.3191543
368,1.0881915092468262,-0.12724515795707703,78.56590270996094,-0.5491232810203482,-0.5326517895208862,-92.2995144719044,2.3129616,8.668041,16.587793,11.664889,-11.290198,-9.123558,-3.7796788,-5.192153,1.664399,18.874653,-11.097223,6.6377325,-2.487031,3.061591,10.126431,8.157438,23.157337,-26.029469,42.679707,17.457249,-2.9396992,-3.9690764,1.0298305,-21.379158,26.52092,52.747204,2.2826624,1.445262,-7.153117
369,1.1863206624984741,-0.173543319106102,78.57036590576172,-0.5592805609449192,-0.5734947190212049,-92.41997545179446,2.4834883,8.5938,16.733145,11.562588,-11.3214245,-9.04148,-3.6687553,-5.3458896,1.1716955,18.819584,-11.04875,6.6764326,-2.4518752,3.0138686,10.126589,8.109608,23.132996,-25.909561,42.96872,17.435774,-2.9080904,-3.9369738,1.0924941,-21.444128,26.63967,52.96208,2.138766,1.565758,-6.9855866
370,1.2806774377822876,-0.22039662301540375,78.57393646240234,-0.564035657510202,-0.6162646355856974,-92.52751972788134,2.6463335,8.51777,16.866213,11.469237,-11.352475,-8.959344,-3.548258,-5.5034285,0.66003114,18.754936,-11.005826,6.697568,-2.420778,2.9544427,10.127787,8.056539,23.116606,-25.79244,43.25505,17.405714,-2.8844342,-3.9051027,1.1520827,-21.488556,26.746202,53.1676,2.0277584,1.6797053,-6.8211126
371,1.3727977275848389,-0.25904321670532227,78.57682037353516,-0.5635070046246884,-0.6616068289290348,-92.62393054465333,2.8082328,8.434251,16.988945,11.374607,-11.38054,-8.881007,-3.4166663,-5.665882,0.15319353,18.677076,-10.975494,6.7161202,-2.3978539,2.8834188,10.131499,8.0053215,23.104374,-25.671387,43.52969,17.374239,-2.8632336,-3.871777,1.2152424,-21.521027,26.839998,53.350475,1.9257652,1.7903719,-6.665778
372,1.4597336053848267,-0.29684433341026306,78.57870483398438,-0.5498425145883374,-0.710301063880284,-92.71138879299961,2.9770815,8.337748,17.103321,11.266314,-11.401729,-8.810474,-3.2729537,-5.8342476,-0.3250022,18.58309,-10.964782,6.747038,-2.3607428,2.797,10.133942,7.93709,23.09998,-25.576385,43.80224,17.338377,-2.8368251,-3.8318849,1.3000939,-21.53351,26.889872,53.504856,1.7989345,1.8994044,-6.526527
373,1.5353903770446777,-0.3379897475242615,78.57643127441406,-0.5208670729865599,-0.7618109809621301,-92.7853385663649,3.1545017,8.223203,17.205927,11.137192,-11.411966,-8.751392,-3.1112888,-6.0159574,-0.7932813,18.464193,-10.977492,6.7971954,-2.354655,2.6940732,10.14158,7.8945446,23.09497,-25.444603,44.043465,17.321207,-2.8048594,-3.7896705,1.3863361,-21.542833,26.936434,53.623394,1.6410236,2.0143728,-6.405337
374,1.609668493270874,-0.3779926896095276,78.57218170166016,-0.4803895837810163,-0.8159007332375795,-92.84632781216426,3.3361688,8.09513,17.296782,10.995387,-11.414447,-8.700832,-2.9345653,-6.207663,-1.2562338,18.325712,-11.009812,6.8578453,-2.3400145,2.5774798,10.147916,7.8342924,23.093899,-25.334806,44.28632,17.302416,-2.7684333,-3.7401376,1.5000066,-21.539764,26.939474,53.70267,1.4600327,2.1313355,-6.2978573
375,1.6800141334533691,-0.4155203700065613,78.56572723388672,-0.43304337897066186,-0.8736196901412262,-92.90408120384585,3.5209703,7.961729,17.383204,10.85197,-11.416131,-8.65244,-2.7520087,-6.3947177,-1.6691716,18.178837,-11.053194,6.9204326,-2.3205657,2.4542391,10.1568775,7.767779,23.095285,-25.237589,44.51881,17.274006,-2.7332644,-3.6885602,1.623131,-21.529982,26.927889,53.757618,1.2911713,2.2394786,-6.201601
376,1.748774766921997,-0.45361328125,78.55585479736328,-0.384074705208001,-0.9365065261992039,-92.96810440326189,3.7089236,7.8302984,17.472486,10.71611,-11.423391,-8.59983,-2.5734353,-6.5634794,-1.9871267,18.035913,-11.100581,6.976179,-2.3063424,2.325014,10.175506,7.7176123,23.103308,-25.126753,44.717808,17.236013,-2.7052798,-3.6435766,1.7177432,-21.500622,26.930676,53.82534,1.1601824,2.3264906,-6.114726
377,1.8126331567764282,-0.48949262499809265,78.54428100585938,-0.3316994726187839,-1.0032718145166288,-93.0395714698818,3.89567,7.7014146,17.564474,10.59434,-11.440769,-8.539494,-2.4050763,-6.7118716,-2.1928186,17.902088,-11.155769,7.016429,-2.2761185,2.1958764,10.196124,7.6554437,23.117025,-25.049189,44.90425,17.157362,-2.6835747,-3.6011467,1.8123994,-21.466228,26.934778,53.885536,1.0856874,2.3900006,-6.0399284
378,1.8763290643692017,-0.5272341966629028,78.53041076660156,-0.2755147622348959,-1.0737793210420632,-93.1139324412621,4.0824156,7.5714445,17.655722,10.48076,-11.463836,-8.47531,-2.241573,-6.847502,-2.31176,17.771017,-11.221119,7.0475106,-2.237492,2.065671,10.222172,7.586238,23.13255,-24.98976,45.07539,17.054047,-2.6667755,-3.5607746,1.9143254,-21.43407,26.933027,53.92173,1.0492715,2.4371,-5.975713
379,1.931897521018982,-0.5629783272743225,78.5177230834961,-0.21579370930693564,-1.1503300330765975,-93.19208821413939,4.2777267,7.442316,17.749727,10.364518,-11.485549,-8.412205,-2.0745854,-6.970945,-2.3626862,17.63512,-11.286429,7.083172,-2.1933675,1.9338672,10.255875,7.521436,23.152042,-24.93266,45.22595,16.951115,-2.6546056,-3.519458,2.011014,-21.395437,26.932577,53.947784,1.0383339,2.470406,-5.9173326
380,1.9826117753982544,-0.5966596603393555,78.50688171386719,-0.15918282330239922,-1.2351029447943995,-93.27490589341623,4.486676,7.316306,17.849731,10.241463,-11.501777,-8.355158,-1.8976717,-7.0828385,-2.3641014,17.490202,-11.342374,7.137399,-2.1460598,1.7891469,10.295603,7.4761796,23.18846,-24.86183,45.350864,16.872171,-2.6466413,-3.474666,2.0754702,-21.320845,26.945066,54.000687,1.0377858,2.4916625,-5.864684
381,2.034365653991699,-0.6306552886962891,78.49430084228516,-0.0991984593187198,-1.3294569831122436,-93.36655861520619,4.7188187,7.188298,17.961843,10.09763,-11.505179,-8.305058,-1.7066839,-7.183533,-2.293346,17.325644,-11.385447,7.223063,-2.084587,1.6491792,10.3466,7.4289255,23.212446,-24.786394,45.468258,16.838388,-2.6451898,-3.421508,2.1511562,-21.262182,26.949472,54.02067,1.0673002,2.5018308,-5.8066707
382,2.082711696624756,-0.6624288558959961,78.48096466064453,-0.03582767393163535,-1.4319342312601422,-93.4652938679084,4.965003,7.059864,18.082554,9.947404,-11.504308,-8.258462,-1.508887,-7.2735295,-2.1492448,17.151667,-11.423106,7.3299155,-2.0168176,1.505654,10.405748,7.3885813,23.23433,-24.701939,45.570583,16.833622,-2.6495569,-3.363846,2.2168612,-21.19539,26.955833,54.035744,1.1243391,2.4986155,-5.7503996
383,2.125176191329956,-0.6998810172080994,78.46792602539062,0.019750728293076076,-1.5404524646925875,-93.56309365447545,5.2169185,6.940457,18.200773,9.797705,-11.502072,-8.216744,-1.3017792,-7.3509693,-1.9847944,16.969166,-11.450094,7.437598,-1.9491504,1.366914,10.469761,7.3497324,23.254078,-24.618582,45.666832,16.826965,-2.6566124,-3.3017364,2.2681434,-21.11991,26.980303,54.05427,1.1818788,2.489008,-5.7019997
384,2.167149782180786,-0.7340306043624878,78.45856475830078,0.06159549066645339,-1.6527388860303087,-93.6515493165253,5.461569,6.841417,18.305923,9.666526,-11.507541,-8.1793585,-1.08645,-7.4144473,-1.852259,16.786608,-11.465134,7.525642,-1.8872298,1.2448047,10.537681,7.3054194,23.268976,-24.546968,45.76542,16.78727,-2.663661,-3.2355456,2.3117704,-21.045649,27.034998,54.06826,1.2135257,2.4809499,-5.6655526
385,2.207987070083618,-0.7672457695007324,78.45149993896484,0.08621889464101487,-1.7722849644009104,-93.72939053495554,5.6970196,6.768728,18.395443,9.564514,-11.526291,-8.145646,-0.85740185,-7.461315,-1.7622724,16.603296,-11.466841,7.5877914,-1.8297476,1.1456703,10.614894,7.248431,23.277994,-24.496815,45.869545,16.69084,-2.6711087,-3.1596544,2.3546574,-20.9834,27.126087,54.065434,1.2221764,2.472027,-5.6489954
386,2.2461984157562256,-0.7990178465843201,78.4465560913086,0.098652787398416,-1.8992198898571406,-93.8007739493517,5.931196,6.714805,18.47552,9.478801,-11.552433,-8.116058,-0.61571836,-7.4934225,-1.6878167,16.416014,-11.456766,7.635212,-1.7837766,1.0561187,10.696589,7.194294,23.284449,-24.447966,45.972042,16.56272,-2.6800313,-3.0762296,2.3703632,-20.904972,27.259647,54.08151,1.2167823,2.4579718,-5.6516633
387,2.278693199157715,-0.8291578888893127,78.4394302368164,0.10150871659692956,-2.0257420202237313,-93.8654018208391,6.1571193,6.6743817,18.547167,9.40513,-11.582116,-8.090276,-0.3728843,-7.514325,-1.624893,16.230158,-11.437331,7.673194,-1.7268163,0.9864148,10.784035,7.1261973,23.284143,-24.419239,46.073055,16.430576,-2.6895242,-2.99604,2.4163024,-20.860207,27.385143,54.044666,1.1883748,2.4514012,-5.6465178
388,2.311893939971924,-0.8613149523735046,78.43598175048828,0.09802965663156893,-2.144548938742254,-93.92293469220625,6.377221,6.6384854,18.612514,9.320638,-11.60212,-8.067996,-0.13474143,-7.528426,-1.570218,16.039608,-11.407012,7.7072515,-1.6933575,0.91736424,10.857539,7.083022,23.274965,-24.359602,46.165585,16.340382,-2.6979659,-2.9303012,2.4222205,-20.795238,27.542355,54.043926,1.1295037,2.4572027,-5.628389
389,2.347233533859253,-0.8940597772598267,78.43496704101562,0.08914570409452711,-2.253736139765915,-93.97147685230152,6.589684,6.608325,18.669907,9.224225,-11.611821,-8.050075,0.09246963,-7.5336666,-1.5245764,15.854512,-11.364373,7.736331,-1.6691712,0.8551543,10.918989,7.047048,23.253674,-24.281057,46.26032,16.305681,-2.7051601,-2.886246,2.4119637,-20.721085,27.701656,54.055298,1.0223846,2.4822187,-5.588898
390,2.377624034881592,-0.927592933177948,78.43622589111328,0.07113605566021226,-2.357199104848536,-94.01164839615657,6.793641,6.5877767,18.718939,9.12724,-11.617488,-8.036006,0.3165539,-7.528624,-1.4895732,15.667818,-11.308601,7.7584414,-1.6461241,0.8052859,10.976167,7.011517,23.224087,-24.199575,46.352955,16.301409,-2.7116544,-2.8566153,2.4057078,-20.656494,27.85932,54.04988,0.8777066,2.5218139,-5.5335217
391,2.4053032398223877,-0.9620659947395325,78.43692016601562,0.05101551316266026,-2.4560351511165837,-94.04764274389659,6.992324,6.571154,18.764095,9.0270605,-11.618384,-8.024557,0.5338368,-7.519412,-1.4601641,15.486396,-11.249474,7.7775183,-1.628333,0.76083493,11.025033,6.978849,23.183708,-24.117687,46.44615,16.309662,-2.71732,-2.828749,2.3889663,-20.592361,28.031128,54.04669,0.71620643,2.566127,-5.468774
392,2.4321136474609375,-0.9948171377182007,78.43695068359375,0.03365177255075353,-2.5508896460059067,-94.08347121332177,7.185435,6.553585,18.808826,8.928343,-11.617546,-8.014075,0.7427186,-7.511945,-1.431775,15.312511,-11.1953125,7.797446,-1.6079887,0.7177592,11.064598,6.942759,23.135183,-24.053465,46.541317,16.306286,-2.7216098,-2.7900965,2.3693354,-20.531254,28.213835,54.03932,0.5552955,2.6063073,-5.3979053
393,2.4544107913970947,-1.028307318687439,78.43668365478516,0.019409308984382718,-2.6409953094510543,-94.12308906658883,7.3735843,6.534875,18.857904,8.830302,-11.614127,-8.0030775,0.93899155,-7.5061297,-1.400925,15.149899,-11.146845,7.8193827,-1.5760394,0.6756695,11.095357,6.905871,23.082603,-24.00782,46.632492,16.286083,-2.7236576,-2.7345448,2.3555512,-20.479431,28.406855,54.015514,0.399915,2.6422167,-5.316754
394,2.4752259254455566,-1.0592187643051147,78.43663787841797,0.007260575361538755,-2.726198150881456,-94.16345970129086,7.556247,6.517114,18.90808,8.731358,-11.6067505,-7.99331,1.12584,-7.4993067,-1.3709893,14.9944105,-11.099385,7.841287,-1.5399392,0.63685495,11.117524,6.8701625,23.023157,-23.971899,46.721203,16.260815,-2.724015,-2.6699703,2.3413124,-20.433556,28.612837,53.981777,0.24071327,2.6779873,-5.225048
395,2.496351957321167,-1.090485692024231,78.4358139038086,-0.0042924584570398425,-2.8084280853258052,-94.1980997510038,7.7341557,6.498474,18.952314,8.631086,-11.597353,-7.9832892,1.3074065,-7.4942293,-1.3466868,14.845905,-11.056608,7.8623676,-1.5078638,0.60013956,11.134119,6.8319554,22.9592,-23.954865,46.80649,16.231157,-2.724404,-2.6057327,2.3263192,-20.392683,28.821465,53.93969,0.07485752,2.7112315,-5.1298323
396,2.514777421951294,-1.12356698513031,78.43543243408203,-0.012664891583862872,-2.8894236140936425,-94.22010599571674,7.907883,6.4767447,18.984005,8.528949,-11.587717,-7.971555,1.489682,-7.493896,-1.3330802,14.700875,-11.020618,7.8818054,-1.4867111,0.5637878,11.148949,6.7865186,22.897282,-23.969282,46.88559,16.193602,-2.7266064,-2.5520525,2.311728,-20.356756,29.020683,53.888077,-0.10066262,2.7397869,-5.037565
397,2.5314643383026123,-1.1533070802688599,78.4351806640625,-0.01691389288722961,-2.970362453186079,-94.22907955116253,8.078059,6.4511347,19.001709,8.426244,-11.580518,-7.9554677,1.6720192,-7.499605,-1.3297598,14.564085,-10.996136,7.9001303,-1.4766172,0.5258688,11.164084,6.737799,22.844097,-24.020199,46.952,16.136642,-2.7305896,-2.5107696,2.3009768,-20.32664,29.206823,53.8219,-0.2923801,2.7610695,-4.945342
398,2.547485828399658,-1.1855788230895996,78.43114471435547,-0.01963156767709405,-3.0500545885816543,-94.22807213927378,8.242259,6.4233212,19.008884,8.3270035,-11.576356,-7.936583,1.8522044,-7.5099573,-1.3346211,14.435179,-10.980781,7.9174833,-1.4745146,0.486316,11.17796,6.688349,22.798677,-24.10057,47.00559,16.063847,-2.7356153,-2.4775271,2.2917747,-20.300781,29.386086,53.742893,-0.49716908,2.7767346,-4.8511286
399,2.5564167499542236,-1.21787428855896,78.4298095703125,-0.02034032277148105,-3.1268915570417293,-94.21636273608863,8.400905,6.3946037,19.005589,8.225416,-11.568876,-7.919713,2.0292754,-7.5223565,-1.3497316,14.311967,-10.969795,7.931927,-1.4781919,0.44582877,11.19281,6.6398163,22.763351,-24.200403,47.037235,15.9975195,-2.7422488,-2.4554987,2.2864048,-20.279808,29.553564,53.646667,-0.70469743,2.791368,-4.760697
400,2.563849925994873,-1.2470557689666748,78.42831420898438,-0.021443043412438897,-3.199053791114417,-94.19324825569386,8.54637,6.368813,18.991278,8.131767,-11.559993,-7.9097733,2.199023,-7.534641,-1.3766267,14.198992,-10.962742,7.9415364,-1.4950992,0.4084428,11.193465,6.576707,22.710285,-24.31688,47.083935,15.961446,-2.750181,-2.438168,2.26047,-20.24599,29.732153,53.577084,-0.89643955,2.8085868,-4.688612
401,2.569828510284424,-1.2740415334701538,78.4262466430664,-0.02340168486806244,-3.2652762371917077,-94.15667281333656,8.676607,6.3459854,18.964243,8.04669,-11.54918,-7.9091454,2.359781,-7.547153,-1.4181261,14.098909,-10.960532,7.9446144,-1.5170487,0.37274352,11.188237,6.5002103,22.65064,-24.447289,47.125584,15.9676,-2.761084,-2.4335787,2.2278345,-20.203415,29.898222,53.509445,-1.0784557,2.8319573,-4.631838
402,2.5724306106567383,-1.301118016242981,78.42545318603516,-0.02586347600099424,-3.326809556638047,-94.10766643228418,8.793809,6.3248734,18.92534,7.968256,-11.536969,-7.9148927,2.5121317,-7.5609097,-1.4724404,14.012145,-10.965107,7.9426284,-1.542938,0.33428162,11.187354,6.434617,22.614325,-24.590443,47.12148,15.99524,-2.774348,-2.4462585,2.2076218,-20.173576,30.04862,53.406025,-1.2525445,2.859536,-4.582096
403,2.572822332382202,-1.326467514038086,78.42192077636719,-0.027889789988407902,-3.3855290886153404,-94.049970392085,8.900922,6.3065104,18.877308,7.898859,-11.526063,-7.9235597,2.6616724,-7.573945,-1.5348821,13.928844,-10.970674,7.9382606,-1.5738024,0.29664603,11.181951,6.3599944,22.57637,-24.753712,47.117825,16.03497,-2.7879374,-2.4636815,2.18061,-20.137293,30.194017,53.31126,-1.4224864,2.8854225,-4.5427656
404,2.5743296146392822,-1.354081392288208,78.41878509521484,-0.03061701132532692,-3.44367404016589,-93.98760517379795,9.00239,6.2915397,18.823395,7.8347816,-11.514561,-7.9319854,2.8126478,-7.584712,-1.6006819,13.841195,-10.972615,7.9343767,-1.6058388,0.26020008,11.176037,6.274373,22.537624,-24.936676,47.12119,16.075502,-2.800279,-2.4810698,2.1455657,-20.093685,30.330658,53.2323,-1.5938823,2.9042053,-4.5109124
405,2.5713438987731934,-1.3772817850112915,78.41790771484375,-0.03480192987558573,-3.501484729941321,-93.92137755452765,9.096915,6.280647,18.763733,7.7804313,-11.504599,-7.939841,2.9653351,-7.592228,-1.6677727,13.748853,-10.96951,7.931481,-1.6443546,0.2244844,11.180432,6.199203,22.515383,-25.12907,47.09528,16.113264,-2.8120663,-2.5021548,2.1125965,-20.063206,30.461386,53.140778,-1.7681347,2.9141066,-4.482384
406,2.5646793842315674,-1.399327278137207,78.41451263427734,-0.03886115668340204,-3.5581147339842807,-93.849362351191,9.183299,6.2733073,18.696913,7.735092,-11.495626,-7.948667,3.1173491,-7.597944,-1.7394915,13.655728,-10.963881,7.928891,-1.6758331,0.19029494,11.173874,6.0931993,22.482758,-25.36672,47.101254,16.149557,-2.8222907,-2.5185466,2.0661561,-20.010935,30.581713,53.086823,-1.9453447,2.9160771,-4.466446
407,2.5573503971099854,-1.4209336042404175,78.4136734008789,-0.044013554974617744,-3.6133746641709723,-93.77086779587724,9.263362,6.268574,18.623175,7.6940274,-11.485936,-7.957934,3.2717655,-7.6021223,-1.8175026,13.556977,-10.956141,7.925121,-1.7226064,0.15540308,11.17963,6.0085754,22.46689,-25.586634,47.06888,16.19705,-2.8330095,-2.5467691,2.0250947,-19.978022,30.696444,53.004337,-2.1158082,2.9178026,-4.4523444
408,2.550628900527954,-1.4412381649017334,78.41228485107422,-0.05040776464048736,-3.6670305731085246,-93.6851874317339,9.332535,6.267579,18.541924,7.6671762,-11.482024,-7.967059,3.426322,-7.605287,-1.903174,13.457484,-10.95181,7.918949,-1.7546623,0.11935092,11.17441,5.889845,22.442831,-25.839123,47.07774,16.245863,-2.8406281,-2.574874,1.9868065,-19.918776,30.781107,52.943886,-2.2806737,2.9212475,-4.4479065
409,2.537294626235962,-1.460867166519165,78.41236877441406,-0.05541434849606593,-3.718178163500746,-93.58790307681845,9.391992,6.2702117,18.4495,7.645061,-11.4769945,-7.976011,3.5861351,-7.6066284,-2.0017638,13.346898,-10.947441,7.908908,-1.8078076,0.08247943,11.179883,5.7897854,22.430342,-26.058798,47.060043,16.31617,-2.8476098,-2.6206253,1.9567895,-19.875862,30.851215,52.85125,-2.4257243,2.9311585,-4.4482393
410,2.5256009101867676,-1.4787250757217407,78.40892791748047,-0.06263591133958239,-3.767510366487017,-93.4814037870673,9.441504,6.276302,18.347641,7.6317234,-11.473629,-7.985054,3.7495005,-7.6061954,-2.1102502,13.228659,-10.942796,7.8962274,-1.8520646,0.044238523,11.179943,5.664663,22.41702,-26.304085,47.066902,16.391598,-2.852066,-2.6707733,1.9320049,-19.816586,30.889446,52.768173,-2.5638294,2.942318,-4.4582705
