Frame,root_translateX,root_translateY,root_translateZ,root_rotateX,root_rotateY,root_rotateZ,left_hip_pitch_joint_dof,left_hip_roll_joint_dof,left_hip_yaw_joint_dof,left_knee_joint_dof,left_ankle_pitch_joint_dof,left_ankle_roll_joint_dof,right_hip_pitch_joint_dof,right_hip_roll_joint_dof,right_hip_yaw_joint_dof,right_knee_joint_dof,right_ankle_pitch_joint_dof,right_ankle_roll_joint_dof,waist_yaw_joint_dof,waist_roll_joint_dof,waist_pitch_joint_dof,left_shoulder_pitch_joint_dof,left_shoulder_roll_joint_dof,left_shoulder_yaw_joint_dof,left_elbow_joint_dof,left_wrist_roll_joint_dof,left_wrist_pitch_joint_dof,left_wrist_yaw_joint_dof,right_shoulder_pitch_joint_dof,right_shoulder_roll_joint_dof,right_shoulder_yaw_joint_dof,right_elbow_joint_dof,right_wrist_roll_joint_dof,right_wrist_pitch_joint_dof,right_wrist_yaw_joint_dof
0,0.2032715082168579,2.271646022796631,78.75608825683594,0.7521777657116496,-1.8226976462701154,-92.30836951407372,2.7599425,5.044533,12.392752,8.445053,-8.054064,-3.9416323,4.3916636,-8.463381,-18.597437,7.611746,-9.05471,7.24813,0.6692872,-1.5118439,9.186896,-1.9747734,19.8399,-37.164444,53.627434,9.825601,4.3563943,3.1942267,-6.533608,-17.72907,44.456966,54.08811,-21.307404,-5.487815,2.4981835
1,0.21374601125717163,2.286689043045044,78.76075744628906,0.7613428668312083,-1.8217705709437144,-92.27532849806646,2.723844,5.013563,12.366755,8.45216,-8.026846,-3.9135027,4.3587084,-8.501785,-18.62323,7.6476164,-9.015609,7.2499814,0.5999133,-1.5605323,9.249845,-2.0095475,19.860558,-37.136414,53.611217,9.846758,4.379646,3.2080617,-6.5005527,-17.74777,44.31678,53.82525,-21.31873,-5.618982,2.2855427
2,0.2272423356771469,2.306321144104004,78.76716613769531,0.7683739072251077,-1.8198267518895008,-92.24232328075477,2.688049,4.986094,12.339263,8.459018,-8.001969,-3.8884223,4.329464,-8.535597,-18.650011,7.6752768,-8.9756565,7.249116,0.5479731,-1.6064085,9.310049,-2.0593295,19.87863,-37.127857,53.612225,9.860977,4.4002295,3.2241414,-6.4597144,-17.768187,44.16036,53.5694,-21.339907,-5.7559648,2.076678
3,0.2466261386871338,2.336102247238159,78.77312469482422,0.7801028254321037,-1.8199394647998128,-92.20934515270947,2.651736,4.952055,12.31459,8.466292,-7.972156,-3.8573256,4.294556,-8.577229,-18.675179,7.714463,-8.934323,7.253436,0.5017656,-1.6586108,9.378869,-2.1193955,19.897625,-37.126827,53.60699,9.879982,4.423929,3.2356563,-6.4047775,-17.796951,43.978355,53.278866,-21.360052,-5.886408,1.8658174
4,0.2712000012397766,2.375913619995117,78.77840423583984,0.7996794041055318,-1.8255234976386008,-92.17633448772624,2.6132271,4.9041095,12.296488,8.4770155,-7.9312253,-3.8112125,4.256832,-8.632292,-18.698387,7.7568054,-8.875795,7.2704773,0.43442592,-1.7228699,9.463266,-2.1794896,19.911888,-37.10399,53.58142,9.921332,4.454367,3.2358952,-6.345268,-17.827599,43.785,52.933582,-21.361713,-5.9978976,1.6443133
5,0.2994149625301361,2.4192285537719727,78.78484344482422,0.8308262119416511,-1.841830098933962,-92.14258839624814,2.5771437,4.836548,12.287255,8.492058,-7.8770614,-3.7439966,4.217602,-8.707358,-18.717323,7.8113265,-8.805967,7.3049784,0.35140395,-1.8052641,9.570381,-2.2463512,19.922606,-37.058235,53.538532,9.980418,4.494175,3.2103062,-6.2829394,-17.861914,43.57792,52.525845,-21.355553,-6.084679,1.3950427
6,0.32481181621551514,2.465794324874878,78.79415130615234,0.8704881475508223,-1.8656154780095453,-92.10827186117197,2.5417557,4.7561827,12.284138,8.51286,-7.815086,-3.6615546,4.1768613,-8.79617,-18.73384,7.8751616,-8.728146,7.3517103,0.27169654,-1.8983473,9.700704,-2.3259876,19.935295,-37.00815,53.47708,10.0521,4.540903,3.1655858,-6.194741,-17.922327,43.335484,52.03698,-21.349274,-6.1545863,1.1315163
7,0.3556760847568512,2.520719528198242,78.80191040039062,0.9277963562983299,-1.8826744204084642,-92.0803398398898,2.5043988,4.650117,12.293095,8.511883,-7.7328014,-3.5711694,3.9337137,-8.973684,-18.714302,8.352774,-8.84735,7.407255,0.17023893,-2.0139918,9.829659,-2.3972726,19.943542,-36.93862,53.393684,10.150022,4.5904226,3.128978,-6.1041174,-17.979546,43.08752,51.51109,-21.309586,-6.2145724,0.8811908
8,0.39546769857406616,2.582365036010742,78.80778503417969,1.0068309152835553,-1.884062087837013,-92.06029433698245,2.4609463,4.514596,12.313164,8.477227,-7.6264896,-3.4816823,3.496652,-9.236677,-18.660954,9.200428,-9.1338215,7.464825,0.07533092,-2.1532886,9.9599,-2.4742687,19.9549,-36.88984,53.273586,10.280416,4.6404104,3.1250641,-5.9570394,-18.074244,42.771496,50.883915,-21.22572,-6.274956,0.6869793
9,0.43496546149253845,2.646021842956543,78.81334686279297,1.097971028340161,-1.8719944919742104,-92.04555710547156,2.4077299,4.360537,12.338647,8.419934,-7.4990587,-3.396649,3.023822,-9.51996,-18.604933,10.073983,-9.404958,7.518884,-0.04275244,-2.3106816,10.083012,-2.5373163,19.962593,-36.822998,53.116047,10.473259,4.6978354,3.1627686,-5.793404,-18.16075,42.411846,50.205204,-21.091528,-6.3308053,0.55941933
10,0.47764548659324646,2.724599838256836,78.82037353515625,1.2001407051254251,-1.8510258474986092,-92.03463155291044,2.3464675,4.1888013,12.369847,8.347492,-7.354272,-3.3113067,2.5134735,-9.826084,-18.543198,10.99043,-9.675693,7.5734115,-0.1616084,-2.4835706,10.210226,-2.6037545,19.970078,-36.76059,52.925686,10.710749,4.76238,3.227724,-5.5878863,-18.265728,41.988792,49.43809,-20.921246,-6.380174,0.48248023
11,0.525812029838562,2.802323579788208,78.82664489746094,1.2972030218082347,-1.8230619956372682,-92.0227476236239,2.273644,4.018297,12.400021,8.271255,-7.204258,-3.2254531,1.9963572,-10.128265,-18.481548,11.890968,-9.915682,7.629143,-0.30153328,-2.6565695,10.338503,-2.6697083,19.978165,-36.715096,52.713646,10.947334,4.8178678,3.312715,-5.3645964,-18.375614,41.54904,48.63887,-20.704277,-6.434362,0.42772356
12,0.5805957913398743,2.8890950679779053,78.83283996582031,1.3745791351328747,-1.7898127015165348,-92.00512608382911,2.1826038,3.8696494,12.42225,8.207653,-7.0632653,-3.139139,1.5060703,-10.39867,-18.426786,12.711357,-10.093684,7.6870255,-0.4684044,-2.8130171,10.468814,-2.740283,19.990774,-36.715633,52.489815,11.133991,4.8481636,3.4109392,-5.129002,-18.49141,41.118885,47.839664,-20.433262,-6.505464,0.3698531
13,0.6375462412834167,2.980004072189331,78.83961486816406,1.4339158174579236,-1.751099699192366,-91.9777035148654,2.0740163,3.7385764,12.434959,8.152711,-6.9307785,-3.051684,1.0443975,-10.6416855,-18.385834,13.452443,-10.214125,7.748515,-0.6685975,-2.9562066,10.59962,-2.8101869,20.010818,-36.76789,52.245518,11.2562475,4.8522797,3.535081,-4.874713,-18.614271,40.694958,47.019684,-20.10935,-6.590204,0.31410447
14,0.7020515203475952,3.0726547241210938,78.84904479980469,1.481149815475428,-1.706182784326795,-91.94411127914717,1.9497924,3.6184406,12.441803,8.101812,-6.8010917,-2.963326,0.59267277,-10.868416,-18.353437,14.149518,-10.29315,7.8128386,-0.8959685,-3.0927587,10.73189,-2.8771832,20.03913,-36.858215,51.974823,11.3404455,4.8378415,3.6837158,-4.599083,-18.744709,40.263615,46.167343,-19.735933,-6.68425,0.27068198
15,0.764326274394989,3.1714181900024414,78.86205291748047,1.504979135563206,-1.655683359492958,-91.9112231101943,1.8072157,3.5240917,12.4444275,8.067335,-6.6799746,-2.8754845,0.15621331,-11.061536,-18.318895,14.785003,-10.314636,7.877768,-1.1410257,-3.212337,10.869689,-2.9490979,20.076246,-36.98387,51.690723,11.397132,4.801887,3.828676,-4.316565,-18.882303,39.84101,45.332603,-19.308523,-6.798612,0.22140838
16,0.8383452892303467,3.2742507457733154,78.88211059570312,1.495038072852596,-1.6002393077282384,-91.88599645268647,1.6447263,3.4709358,12.444756,8.05879,-6.5709915,-2.789653,-0.25933355,-11.202548,-18.27211,15.340548,-10.261715,7.9410114,-1.3951142,-3.303465,11.01697,-3.0319295,20.122091,-37.139175,51.40537,11.439843,4.741466,3.9415731,-4.043315,-19.025362,39.44547,44.568085,-18.822174,-6.94466,0.14788973
17,0.915406346321106,3.384493350982666,78.9056396484375,1.4496013493550002,-1.5420763806253333,-91.8641484021582,1.4607165,3.4629602,12.436642,8.082375,-6.472463,-2.707469,-0.65461344,-11.28957,-18.214289,15.824079,-10.130298,7.9999356,-1.6635993,-3.3646684,11.17719,-3.127967,20.177725,-37.33265,51.12141,11.459765,4.647436,4.021875,-3.7804472,-19.17295,39.089806,43.87849,-18.22312,-7.1462116,0.032528523
18,0.9910603165626526,3.4976322650909424,78.93445587158203,1.372853759761895,-1.4801311415102754,-91.84418483364429,1.2572206,3.4922247,12.421408,8.130095,-6.382086,-2.6283817,-1.0280685,-11.329966,-18.15116,16.232933,-9.927508,8.056408,-1.9500532,-3.401645,11.347488,-3.2309997,20.243343,-37.561874,50.83007,11.455063,4.524039,4.0820208,-3.5219972,-19.32414,38.763447,43.24101,-17.531498,-7.391522,-0.10941798
19,1.0734127759933472,3.613837718963623,78.96273803710938,1.269016525000879,-1.40920129336043,-91.83692287723558,1.0343624,3.5555992,12.411267,8.197091,-6.3061333,-2.5505075,-1.3886949,-11.325861,-18.075344,16.569849,-9.664321,8.11543,-2.2440894,-3.4154553,11.521268,-3.338403,20.317106,-37.809364,50.53149,11.444052,4.388357,4.1138268,-3.2751143,-19.477034,38.450047,42.671856,-16.854689,-7.638301,-0.24828337
20,1.164223313331604,3.738178014755249,78.9963150024414,1.1402871794063956,-1.3245240296181213,-91.85334302135446,0.7947711,3.6497066,12.41861,8.274649,-6.2493386,-2.4714081,-1.7398444,-11.277309,-17.98059,16.826042,-9.3478,8.182266,-2.5354314,-3.4064941,11.691805,-3.4471347,20.395641,-38.05583,50.226566,11.447262,4.2573376,4.10916,-3.04678,-19.628109,38.133186,42.187187,-16.299948,-7.843109,-0.35620132
21,1.2597728967666626,3.866689682006836,79.03097534179688,0.981544299175264,-1.230693361034321,-91.89269623047218,0.5393916,3.7816706,12.441901,8.368518,-6.217823,-2.3910694,-2.0851753,-11.180911,-17.861944,17.0163,-8.97502,8.262202,-2.8269627,-3.3691988,11.864198,-3.562978,20.477362,-38.318092,49.925114,11.454835,4.122068,4.0742297,-2.8411114,-19.774815,37.826538,41.804123,-15.8646965,-8.020421,-0.45067614
22,1.358465313911438,3.996091604232788,79.06797790527344,0.7942432239501175,-1.128432345953222,-91.95048233922043,0.26659942,3.9511976,12.475442,8.482256,-6.2084045,-2.310524,-2.42176,-11.0372305,-17.72434,17.138891,-8.543322,8.35175,-3.1229904,-3.3052058,12.0386505,-3.6862285,20.561718,-38.599476,49.627277,11.4614525,3.977917,4.0110555,-2.6560178,-19.916052,37.533756,41.515423,-15.502664,-8.184342,-0.5398488
23,1.4640042781829834,4.122769832611084,79.10572814941406,0.5873239293204217,-1.007131823644562,-92.0321159331642,-0.024286008,4.1433244,12.525997,8.599594,-6.209085,-2.228393,-2.7438881,-10.854284,-17.575512,17.162754,-8.062411,8.444333,-3.415507,-3.2251568,12.200668,-3.807885,20.646793,-38.86094,49.32086,11.492413,3.8478448,3.9053915,-2.4884849,-20.050024,37.223858,41.301067,-15.2551365,-8.289744,-0.58355504
24,1.573339819908142,4.251868724822998,79.1423110961914,0.37438760917128383,-0.8561924493114548,-92.14298715705459,-0.3398648,4.344863,12.5996475,8.715334,-6.213348,-2.1431925,-3.044916,-10.639629,-17.423325,17.05419,-7.5408154,8.533421,-3.6966195,-3.1395364,12.335566,-3.9188097,20.730211,-39.0625,48.994514,11.574079,3.7548847,3.7431169,-2.336393,-20.17537,36.866146,41.142635,-15.163797,-8.29125,-0.54197913
25,1.6852753162384033,4.3833513259887695,79.183837890625,0.15059153210314624,-0.6715756804804404,-92.2829452560563,-0.6865891,4.5594893,12.693052,8.832794,-6.2252088,-2.0503907,-3.3359928,-10.395303,-17.276964,16.828047,-6.9811177,8.592519,-3.9699683,-3.0420728,12.441019,-4.0209475,20.809757,-39.21521,48.65405,11.723786,3.702592,3.5219455,-2.2073855,-20.291113,36.46761,41.05296,-15.271431,-8.152318,-0.38716957
26,1.8045815229415894,4.5087971687316895,79.22147369384766,-0.08795969361447091,-0.4596532658175916,-92.45001020357091,-1.0572644,4.7911005,12.8044,8.947807,-6.243657,-1.9516827,-3.6150742,-10.1196575,-17.12948,16.490221,-6.376862,8.634377,-4.2377567,-2.9295747,12.5237875,-4.1193147,20.8847,-39.33316,48.30626,11.924733,3.6787264,3.2490656,-2.099027,-20.396406,36.039883,41.03769,-15.546273,-7.9059305,-0.14591673
27,1.9338594675064087,4.628015041351318,79.26143646240234,-0.32773541034429304,-0.22555203700574683,-92.6470351424975,-1.4463143,5.028005,12.941962,9.062525,-6.264804,-1.854859,-3.8590314,-9.8174305,-16.96253,16.001312,-5.726479,8.710916,-4.4895973,-2.8175435,12.582752,-4.2110796,20.956072,-39.38078,47.940662,12.151818,3.6822777,2.9247482,-1.9972341,-20.49116,35.561077,41.068798,-15.9159565,-7.6114078,0.13968292
28,2.059619426727295,4.748195648193359,79.30084228515625,-0.5517968326092939,0.025432298480224547,-92.87674569199407,-1.8285762,5.2527843,13.116509,9.139651,-6.2633,-1.7675072,-4.0398774,-9.493061,-16.757229,15.314052,-5.025183,8.873554,-4.7152715,-2.7222981,12.617818,-4.2898326,21.02661,-39.32008,47.541557,12.381117,3.7126524,2.5484345,-1.8851432,-20.57481,35.008854,41.112854,-16.307219,-7.32687,0.42690736
29,2.1835474967956543,4.866154670715332,79.33988952636719,-0.7617180301389646,0.30480451790393703,-93.13998946661756,-2.2166603,5.4673014,13.329391,9.180142,-6.236317,-1.6936959,-4.162295,-9.143424,-16.518522,14.411195,-4.2680674,9.096326,-4.916903,-2.644385,12.619332,-4.3534975,21.098328,-39.13959,47.108475,12.654936,3.7982326,2.0677063,-1.7623347,-20.644554,34.376144,41.18791,-16.738356,-7.035264,0.7470766
30,2.30863094329834,4.980801105499268,79.37478637695312,-0.9591393060106339,0.6103566992443062,-93.43527288542373,-2.6104705,5.6737957,13.576992,9.1877985,-6.1891775,-1.6280581,-4.233717,-8.776123,-16.248964,13.3162155,-3.4572341,9.363747,-5.098863,-2.5811558,12.590497,-4.403289,21.172646,-38.858852,46.645153,12.970152,3.9284215,1.4988906,-1.6362616,-20.699232,33.675777,41.30307,-17.23726,-6.7179303,1.1098542
31,2.431833028793335,5.088772296905518,79.4078598022461,-1.130923179841759,0.9154301946697954,-93.76211858210918,-2.9765577,5.855272,13.862519,9.156979,-6.125674,-1.5636598,-4.2246733,-8.411462,-15.922851,12.031741,-2.600354,9.742165,-5.254074,-2.5466554,12.551133,-4.437197,21.252205,-38.485317,46.140816,13.235892,4.0460334,0.94541246,-1.5021331,-20.742247,32.917233,41.410564,-17.739946,-6.4282675,1.4382915
32,2.55047869682312,5.208117961883545,79.43341064453125,-1.2600041233238397,1.1936251690285025,-94.11968774528896,-3.2776034,5.9888673,14.191256,9.071622,-6.043821,-1.4928203,-4.103362,-8.070409,-15.51435,10.557009,-1.7026736,10.299447,-5.3756337,-2.5580027,12.521173,-4.453074,21.341024,-38.026733,45.583107,13.358633,4.0968604,0.51133835,-1.3539176,-20.781242,32.10919,41.458717,-18.181309,-6.2174125,1.6544224
33,2.6744225025177,5.321387767791748,79.45245361328125,-1.3297613698976534,1.4431272451764268,-94.51663174047502,-3.493976,6.0505447,14.58164,8.901212,-5.9328256,-1.4138335,-3.823226,-7.7524233,-15.012195,8.77043,-0.6958377,11.11416,-5.4564285,-2.6318426,12.502298,-4.4387555,21.442068,-37.462337,44.961906,13.305312,4.0587234,0.19717138,-1.183492,-20.821465,31.24117,41.45381,-18.573767,-6.1119757,1.7286947
34,2.7957282066345215,5.432186603546143,79.46305084228516,-1.3378762336553827,1.6756616934206419,-94.95104752129015,-3.6347294,6.0355334,15.033087,8.634383,-5.7833204,-1.3275943,-3.3784869,-7.46165,-14.425451,6.641987,0.43577555,12.131594,-5.5008273,-2.7704427,12.485416,-4.39453,21.557444,-36.794094,44.277996,13.127036,3.9656818,-0.04468986,-0.98960847,-20.863789,30.3122,41.40517,-18.939232,-6.0779033,1.7053849
35,2.9083852767944336,5.541720867156982,79.46324920654297,-1.3024039990693161,1.8861584301954102,-95.40639629414085,-3.7186284,5.9675946,15.517361,8.310416,-5.6099434,-1.2334796,-3.7930403,-7.450638,-13.636948,6.459027,0.47292042,13.21941,-5.5190625,-2.95625,12.475663,-4.338776,21.689669,-36.065483,43.53549,12.8547735,3.848706,-0.18194136,-0.77608466,-20.910284,29.343018,41.264797,-19.228785,-6.0743814,1.6168255
36,3.019442558288574,5.648727893829346,79.45438385009766,-1.2514727547520872,2.069461956846917,-95.86472737684448,-3.7749095,5.8842144,16.0013,7.990534,-5.4381385,-1.1315336,-4.1599836,-7.460989,-12.795166,6.3177104,0.40701738,14.238648,-5.5212483,-3.1590981,12.480005,-4.292531,21.840689,-35.321857,42.73937,12.5191,3.7375498,-0.1814025,-0.5473453,-20.963917,28.353416,40.984337,-19.392723,-6.0614285,1.4958125
37,3.1183700561523438,5.765069484710693,79.4443130493164,-1.2063743008936676,2.2251543707235197,-96.33277120279882,-3.847463,5.8332267,16.476284,7.7732067,-5.318121,-1.0323911,-4.518705,-7.4283075,-11.798828,6.24809,0.22253095,15.000033,-5.4964995,-3.3596854,12.5043,-4.259693,22.013298,-34.569275,41.881527,12.083885,3.6299582,0.001505856,-0.2898156,-21.023943,27.311699,40.54207,-19.398956,-6.032582,1.3479804
38,3.2007369995117188,5.883853435516357,79.42601013183594,-1.1896602750827268,2.3704568091405043,-96.84848831514171,-4.004606,5.876239,16.967215,7.7806873,-5.311435,-0.95623463,-4.88447,-7.25691,-10.677874,6.197087,-0.04185476,15.000033,-5.4109516,-3.544007,12.533696,-4.2291417,22.21047,-33.78808,40.960224,11.547586,3.510334,0.33594033,-0.00029966954,-21.087675,26.215239,39.96005,-19.27999,-6.0078354,1.1570777
39,3.2769293785095215,6.0033488273620605,79.4210433959961,-1.1780952349322398,2.491467871532372,-97.36129366161107,-4.140237,5.9236045,17.451773,7.7980146,-5.3089323,-0.8723589,-5.1600375,-7.110063,-9.662743,6.168324,-0.38964537,15.000033,-5.317695,-3.7203603,12.5787,-4.1975303,22.427044,-32.981632,39.986416,10.991985,3.389597,0.7452685,0.28796014,-21.161383,25.130728,39.264965,-19.084255,-5.989087,0.9232424
40,3.3585171699523926,6.131037712097168,79.423583984375,-1.1912651487137211,2.602574296121883,-97.8720189588564,-4.265014,5.9917517,17.931116,7.810915,-5.298971,-0.7790655,-5.315557,-7.0287333,-8.984729,6.1632915,-0.812173,15.000033,-5.223656,-3.8623967,12.624525,-4.1661253,22.65416,-32.1525,38.97971,10.500525,3.2798052,1.1534412,0.54539424,-21.254139,24.126596,38.47797,-18.85756,-5.9774823,0.6460303
41,3.4561071395874023,6.251405715942383,79.43089294433594,-1.2268953526148534,2.708914534764625,-98.3837939761882,-4.3807745,6.0756016,18.410158,7.8090725,-5.273611,-0.67292154,-5.3442497,-7.037336,-8.703404,6.1795416,-1.381295,15.000033,-5.1264553,-3.967602,12.665417,-4.142226,22.884817,-31.293129,37.94454,10.053863,3.177243,1.5674063,0.77527124,-21.373129,23.213608,37.58697,-18.571514,-5.9749417,0.28872442
42,3.5702922344207764,6.372270584106445,79.44312286376953,-1.2758671708127163,2.8072095277672218,-98.89980596887636,-4.4866595,6.169514,18.891094,7.8027725,-5.2411413,-0.5558224,-5.2691784,-7.1179447,-8.697789,6.2084255,-2.067051,15.000033,-5.0212946,-4.045785,12.704064,-4.12476,23.116741,-30.402939,36.878773,9.624192,3.0767188,2.0193937,0.9923004,-21.521238,22.358986,36.581665,-18.212654,-5.9813433,-0.13553049
43,3.680177688598633,6.4972639083862305,79.46509552001953,-1.3436284670301242,2.89934586926505,-99.42132404220605,-4.5912347,6.28471,19.372337,7.8082213,-5.2119966,-0.43348566,-5.1032615,-7.2531815,-8.9287405,6.241589,-2.711172,15.000033,-4.910674,-4.093648,12.738135,-4.107243,23.347904,-29.498035,35.793682,9.279532,2.990873,2.4726756,1.1865213,-21.699005,21.564407,35.48328,-17.851046,-5.992981,-0.5521383
44,3.792943000793457,6.620804309844971,79.49181365966797,-1.4355347801649427,2.9864106980125404,-99.9486423787212,-4.70545,6.4336443,19.850824,7.8512096,-5.2026443,-0.31170952,-4.859169,-7.424753,-9.355407,6.272353,-3.1564047,15.000033,-4.799176,-4.1090817,12.765369,-4.0820975,23.57586,-28.592516,34.700726,9.088484,2.9341893,2.890712,1.3440404,-21.905657,20.833834,34.31827,-17.557154,-6.0045533,-0.8870087
45,3.9138436317443848,6.742981910705566,79.52249908447266,-1.5563764797178916,3.069110875355814,-100.48667073221146,-4.8229456,6.619399,20.330963,7.9179554,-5.2046223,-0.1856819,-4.525946,-7.6345162,-10.000149,6.299708,-3.3474245,15.000033,-4.6864066,-4.085782,12.782602,-4.0472784,23.796396,-27.679102,33.598434,9.105018,2.9197037,3.274513,1.4610529,-22.142288,20.17477,33.0849,-17.352598,-6.0149646,-1.1274476
46,4.037541389465332,6.858673095703125,79.55972290039062,-1.7041455082031924,3.1430624393754023,-101.02913000143461,-4.9448514,6.83913,20.806597,8.019866,-5.224065,-0.05429093,-4.0941243,-7.882522,-10.8771305,6.3320103,-3.3785815,15.000033,-4.574511,-4.0244236,12.7941475,-4.01016,24.007696,-26.754341,32.487576,9.281181,2.9393263,3.6407573,1.5438969,-22.410172,19.583742,31.773571,-17.198565,-6.0252924,-1.3106694
47,4.156423568725586,6.974462985992432,79.59869384765625,-1.8670390318501966,3.2016656712596383,-101.56034311852996,-5.0575867,7.0783014,21.265417,8.135943,-5.2522964,0.071473055,-3.5757928,-8.153804,-11.929833,6.37393,-3.3191547,15.000033,-4.470955,-3.93978,12.809322,-3.9790845,24.212841,-25.83982,31.381289,9.531729,2.9756968,3.9764428,1.5949727,-22.706427,19.046984,30.397633,-17.076174,-6.0324492,-1.4381776
48,4.275392055511475,7.094162940979004,79.63105773925781,-2.0397628862074995,3.2393652848272185,-102.06419822728981,-5.1767335,7.343642,21.68884,8.306514,-5.310117,0.1761103,-3.0111609,-8.43441,-13.1022005,6.488046,-3.2706776,14.991943,-4.3828974,-3.8408718,12.838448,-3.9613457,24.416824,-24.957466,30.289913,9.771194,3.0102415,4.2692556,1.6165568,-23.025017,18.54874,28.97113,-16.969202,-6.034077,-1.5120022
49,4.374980449676514,7.21372652053833,79.65972137451172,-2.252937523546377,3.2754066219941738,-102.5740315506537,-5.372433,7.7088823,22.08888,8.647571,-5.453034,0.24181846,-2.39898,-8.618659,-14.412385,6.589768,-3.1780808,14.389832,-4.276266,-3.7111545,12.85926,-3.9521275,24.626722,-24.104044,29.203524,10.011702,3.046862,4.503813,1.618519,-23.358847,18.085545,27.480564,-16.897736,-6.027088,-1.5096663
50,4.4687089920043945,7.342583656311035,79.68958282470703,-2.4716583010656668,3.2923639913949794,-103.06178758307848,-5.553435,8.083955,22.46207,8.993026,-5.600215,0.29408506,-1.6985364,-8.826667,-15.898906,6.7043247,-3.0395708,13.783128,-4.180659,-3.576336,12.886621,-3.9469788,24.843487,-23.271477,28.114605,10.285215,3.0933032,4.690968,1.5943519,-23.707806,17.665068,25.927042,-16.865221,-6.0132365,-1.4375724
51,4.555922985076904,7.463970184326172,79.71601104736328,-2.6851107981504847,3.2994419375650175,-103.5416827713006,-5.7213783,8.456637,22.82798,9.333134,-5.7459474,0.3382718,-0.9510423,-9.0516815,-17.43913,6.8346076,-2.8839767,13.172353,-4.085851,-3.443779,12.916147,-3.9550538,25.068428,-22.47548,27.042614,10.53812,3.134698,4.8532925,1.5315446,-24.071352,17.291176,24.34168,-16.825779,-5.9973354,-1.3425325
52,4.637758255004883,7.583239555358887,79.74156188964844,-2.8808829159162337,3.3068520271920687,-104.02929384238061,-5.875704,8.811957,23.208748,9.650698,-5.880645,0.3798754,-0.7933302,-9.491596,-18.808752,8.287591,-3.42629,12.564188,-3.9790118,-3.3230839,12.942014,-3.9866834,25.30286,-21.734215,26.00921,10.71674,3.1565006,5.014026,1.4212011,-24.44851,16.96596,22.750307,-16.734062,-5.9814434,-1.2704296
53,4.728189468383789,7.7087531089782715,79.7626724243164,-3.0586430873374693,3.315056377932428,-104.5265745133055,-6.0112348,9.146562,23.609602,9.935598,-5.9991484,0.41838238,-0.6848359,-10.005427,-20.109451,9.902794,-4.0339246,11.940504,-3.8582478,-3.2140362,12.962772,-4.0433187,25.547762,-21.052788,25.014345,10.803465,3.151965,5.1752725,1.2600756,-24.839727,16.69884,21.159014,-16.560328,-5.976408,-1.2327769
54,4.808271408081055,7.82907247543335,79.7796630859375,-3.2146988623048918,3.319672035393821,-105.02712018679019,-6.1228037,9.4545555,24.02491,10.184438,-6.1010237,0.45328942,-0.53759384,-10.580556,-21.39874,11.527831,-4.6212826,11.305644,-3.7284958,-3.122935,12.979367,-4.118653,25.804,-20.421745,24.047699,10.828219,3.130264,5.3258357,1.0553983,-25.245573,16.486635,19.551283,-16.335384,-5.9759626,-1.2047422
55,4.884673595428467,7.950988292694092,79.79318237304688,-3.335543976841138,3.323934808668132,-105.534149098011,-6.206164,9.718413,24.46015,10.380611,-6.178113,0.49005085,-0.3644612,-11.204812,-22.594563,13.120815,-5.209055,10.699659,-3.5864804,-3.0626996,12.991974,-4.2136674,26.071632,-19.838863,23.118849,10.806944,3.0966332,5.4694786,0.80914515,-25.660955,16.312641,17.927935,-16.102373,-5.9638495,-1.1805054
56,4.955852031707764,8.066567420959473,79.79947662353516,-3.414491807916264,3.3316371632155892,-106.05079414513777,-6.2671466,9.932011,24.916428,10.528211,-6.2322073,0.53283525,-0.17349197,-11.851661,-23.618431,14.619747,-5.8064647,10.163326,-3.4282405,-3.0408351,12.999859,-4.3346653,26.350475,-19.304762,22.24447,10.755159,3.0556836,5.6108737,0.52185905,-26.078772,16.158598,16.293255,-15.907221,-5.9236703,-1.1543428
57,5.027148723602295,8.190369606018066,79.80361938476562,-3.447640079944281,3.3438951724073127,-106.57778978171953,-6.2982883,10.085835,25.395554,10.607021,-6.253065,0.5867396,0.02723668,-12.517967,-24.444529,16.024904,-6.4348764,9.723747,-3.2499747,-3.0619137,13.000393,-4.4927583,26.64287,-18.837217,21.432936,10.64808,3.005958,5.7633433,0.191819,-26.495972,16.024216,14.644171,-15.775355,-5.840419,-1.1242973
58,5.095602035522461,8.319740295410156,79.79910278320312,-3.4491617352543202,3.3599027482131754,-107.11317643432629,-6.3200016,10.205128,25.889967,10.664647,-6.2648115,0.6461384,0.24267392,-13.195924,-25.120914,17.348623,-7.0740595,9.354611,-3.0536535,-3.113017,12.994164,-4.6841106,26.94914,-18.432905,20.677494,10.487073,2.9452572,5.921158,-0.18264689,-26.912676,15.916684,12.983889,-15.680535,-5.7271404,-1.0935787
59,5.155112266540527,8.445006370544434,79.79405212402344,-3.445671592022904,3.3806867820823494,-107.6560612166077,-6.3913774,10.3493185,26.382715,10.833492,-6.33408,0.69834906,0.46935767,-13.848027,-25.679535,18.576475,-7.678492,9.017401,-2.8451393,-3.1672173,12.984978,-4.893742,27.264303,-18.061468,19.970688,10.325528,2.8803155,6.060135,-0.6019782,-27.324778,15.831362,11.325576,-15.590789,-5.6088505,-1.0654098
60,5.212129592895508,8.569835662841797,79.78617858886719,-3.439876264858346,3.4051282266209983,-108.2069174769009,-6.4561,10.495994,26.88611,10.98777,-6.394766,0.7361624,0.6963417,-14.467487,-26.14209,19.713907,-8.213666,8.67766,-2.6284673,-3.2235804,12.975945,-5.1090717,27.581802,-17.692148,19.310722,10.21866,2.8179348,6.156205,-1.0713321,-27.727358,15.765602,9.68922,-15.476027,-5.5105476,-1.0439882
61,5.262732982635498,8.695290565490723,79.7779312133789,-3.4319590951456136,3.433156181613872,-108.76925315958665,-6.510409,10.645322,27.404278,11.123528,-6.4462433,0.7537743,0.9090058,-15.049623,-26.480902,20.783169,-8.67521,8.307403,-2.4042926,-3.2816653,12.962329,-5.3272443,27.898743,-17.31979,18.69938,10.191064,2.7603223,6.1904263,-1.5939157,-28.116528,15.716823,8.078163,-15.329835,-5.4430866,-1.0216204
62,5.3120574951171875,8.81932544708252,79.77094268798828,-3.418487710271682,3.4651796767877077,-109.34188862075021,-6.5574627,10.793245,27.93545,11.246049,-6.49126,0.75699097,1.1083555,-15.597697,-26.69492,21.783403,-9.08163,7.933757,-2.171389,-3.3449845,12.94258,-5.557719,28.215773,-16.95955,18.14358,10.211976,2.7037506,6.1800733,-2.1736183,-28.492382,15.690878,6.4906735,-15.169657,-5.3918943,-0.99994177
63,5.36226749420166,8.945688247680664,79.76153564453125,-3.407929548771927,3.501362933024611,-109.91806107446413,-6.6151323,10.954931,28.46803,11.38566,-6.540858,0.753276,1.3157446,-16.101257,-26.853714,22.67246,-9.425572,7.6032286,-1.932356,-3.4049006,12.92522,-5.802229,28.52968,-16.608955,17.643051,10.254679,2.6460001,6.15545,-2.8109934,-28.85413,15.696083,4.932236,-14.999955,-5.343939,-0.99725556
64,5.408771514892578,9.080251693725586,79.75434875488281,-3.4098224855117167,3.5415919887036047,-110.49073952649705,-6.700617,11.146915,28.990326,11.574001,-6.6075087,0.75007486,1.5575504,-16.548286,-27.028528,23.399817,-9.701672,7.361762,-1.6908466,-3.4513252,12.91778,-6.063006,28.83535,-16.264523,17.199604,10.293214,2.5848114,6.1466994,-3.5077226,-29.200768,15.742549,3.4099631,-14.825937,-5.285943,-1.0323155
65,5.451261043548584,9.21612548828125,79.74702453613281,-3.428074280544288,3.5865976556532413,-111.05598205475629,-6.816199,11.373546,29.49839,11.811318,-6.6909065,0.7486593,1.8361242,-16.9327,-27.231907,23.96432,-9.908122,7.2360444,-1.450332,-3.4788797,12.917776,-6.344491,29.129759,-15.929648,16.821045,10.347254,2.523775,6.162941,-4.2672276,-29.532053,15.834617,1.9243925,-14.633574,-5.218554,-1.1228253
66,5.493452548980713,9.351319313049316,79.73959350585938,-3.4603352133797203,3.6359830216615205,-111.61842489490627,-6.9677863,11.638144,29.994682,12.117443,-6.8018928,0.7447182,2.1359756,-17.257475,-27.42952,24.393927,-10.052242,7.196776,-1.2083093,-3.4896262,12.921335,-6.646785,29.41203,-15.605004,16.508234,10.423756,2.4624095,6.18796,-5.0870285,-29.847307,15.967272,0.47156072,-14.426469,-5.1477504,-1.255085
67,5.533247470855713,9.4952974319458,79.7310562133789,-3.501703521399794,3.687667122171643,-112.18426118022242,-7.127242,11.923274,30.48872,12.436711,-6.9136868,0.7387168,2.4434495,-17.53819,-27.61754,24.715729,-10.147352,7.2065964,-0.958812,-3.4893458,12.933161,-6.967749,29.68085,-15.28446,16.25427,10.477567,2.3927736,6.2139297,-5.9717946,-30.146526,16.13974,-0.9364589,-14.231984,-5.068424,-1.4001703
68,5.570222854614258,9.634612083435059,79.72344970703125,-3.549860501932445,3.739866659012394,-112.75929674534021,-7.294944,12.229873,30.9834,12.779578,-7.029025,0.73031366,2.7472289,-17.787071,-27.79324,24.951311,-10.203896,7.2272663,-0.69699454,-3.479975,12.958531,-7.302913,29.93407,-14.960164,16.050295,10.464365,2.3068538,6.232896,-6.919981,-30.428064,16.350803,-2.2936378,-14.079149,-4.9750395,-1.5298253
69,5.607125759124756,9.78238296508789,79.71471405029297,-3.605350357954307,3.7904939890918934,-113.34618426609153,-7.462016,12.555314,31.479641,13.134752,-7.143549,0.7208575,3.0469666,-18.001335,-27.939787,25.093653,-10.215539,7.2567596,-0.42040163,-3.4604776,12.996776,-7.6481237,30.169067,-14.623883,15.896746,10.358406,2.194236,6.2332296,-7.931789,-30.690262,16.599485,-3.6087837,-13.9850855,-4.848276,-1.6386514
70,5.646477222442627,9.94013500213623,79.70912170410156,-3.6703219368922118,3.8408238129985155,-113.941319886619,-7.636583,12.904969,31.97386,13.514508,-7.2632,0.70986736,3.3468351,-18.175884,-28.063921,25.136713,-10.180964,7.3120193,-0.13275817,-3.4281523,13.044769,-8.0082245,30.385803,-14.281615,15.800011,10.18897,2.061776,6.222066,-9.00956,-30.932638,16.888346,-4.880175,-13.931524,-4.696766,-1.7411784
71,5.681107997894287,10.095266342163086,79.70521545410156,-3.7436255539372203,3.8939850511226393,-114.54208702736038,-7.829629,13.282211,32.466312,13.931087,-7.3914948,0.6945737,3.6395087,-18.323727,-28.195211,25.110376,-10.121705,7.38383,0.16317827,-3.38383,13.104784,-8.391138,30.58647,-13.947064,15.757524,9.993181,1.9274887,6.219255,-10.154903,-31.154028,17.220556,-6.0865393,-13.893376,-4.5572567,-1.8387403
72,5.713593482971191,10.250823974609375,79.69835662841797,-3.8242184378857886,3.952952127306296,-115.14556496305596,-8.052905,13.690922,32.956062,14.397293,-7.5314903,0.6719193,3.9185336,-18.45703,-28.36353,25.041613,-10.056833,7.462824,0.47300306,-3.3292964,13.173376,-8.827286,30.763584,-13.651405,15.791722,9.813485,1.809277,6.2476363,-11.371506,-31.342169,17.592325,-7.1911154,-13.852386,-4.4677844,-1.928336
73,5.751197814941406,10.421964645385742,79.68584442138672,-3.908742342519524,4.017927699975445,-115.7580378106663,-8.293015,14.120883,33.455093,14.888022,-7.673303,0.6449539,4.177012,-18.5799,-28.558954,24.931635,-9.9700365,7.5502963,0.7789309,-3.2679362,13.266083,-9.249292,30.944529,-13.343513,15.824445,9.643273,1.7197294,6.3052015,-12.670371,-31.519365,18.024893,-8.2176285,-13.768383,-4.43742,-2.0190203
74,5.780693054199219,10.605228424072266,79.67816925048828,-3.999163853574344,4.086851258985027,-116.37886900700971,-8.547392,14.5737,33.95961,15.404089,-7.8175397,0.61371434,4.4192667,-18.687178,-28.770163,24.770727,-9.859724,7.649657,1.1512774,-3.1979692,13.354561,-9.818374,31.063095,-13.145681,16.022585,9.493755,1.647801,6.398829,-13.991471,-31.625826,18.42909,-9.150626,-13.703007,-4.455514,-2.0763736
75,5.815255641937256,10.789972305297852,79.66635131835938,-4.10107044620702,4.161095070932743,-116.99524820348445,-8.842729,15.06818,34.44644,15.991784,-7.9814596,0.570896,4.656078,-18.775066,-29.026793,24.5645,-9.764876,7.7549195,1.4364649,-3.1124954,13.478101,-10.245435,31.240648,-12.831665,16.115234,9.308621,1.570339,6.4939036,-15.477213,-31.759653,19.008207,-9.992334,-13.613908,-4.490367,-2.1771536
76,5.84848690032959,10.986922264099121,79.64592742919922,-4.218617024613976,4.24075009731765,-117.5945291509888,-9.202774,15.620939,34.89306,16.69364,-8.180273,0.509685,4.8977795,-18.847187,-29.356354,24.326565,-9.728506,7.8608737,1.7497362,-3.0114627,13.614846,-10.795662,31.407349,-12.616606,16.338821,9.118805,1.4697733,6.609893,-16.981548,-31.861298,19.58253,-10.763413,-13.588475,-4.5470505,-2.2641046
77,5.875765323638916,11.190511703491211,79.61770629882812,-4.350026977100052,4.323713642061256,-118.17817026027896,-9.609455,16.219152,35.308296,17.475946,-8.401967,0.42378283,5.1475263,-18.903774,-29.769194,24.050793,-9.728015,7.9516034,2.0791435,-2.8916664,13.758259,-11.439858,31.558256,-12.490287,16.690372,8.919811,1.3308482,6.769504,-18.521864,-31.93475,20.189466,-11.448763,-13.628036,-4.62459,-2.3495948
78,5.90641975402832,11.408167839050293,79.58024597167969,-4.491767773996063,4.41014436166272,-118.7514780186891,-10.054895,16.855787,35.699833,18.32466,-8.64087,0.31905788,5.3985844,-18.94852,-30.24808,23.737389,-9.752953,8.035465,2.4359536,-2.7541456,13.912105,-12.183684,31.683006,-12.450208,17.163197,8.719707,1.1667842,6.9656076,-20.084936,-31.983162,20.808764,-12.064258,-13.713916,-4.728476,-2.4262164
79,5.941601276397705,11.63924503326416,79.53044128417969,-4.645802512144601,4.503796656890706,-119.30860334639577,-10.577972,17.552473,36.04163,19.306286,-8.918055,0.20646654,5.6484284,-18.976078,-30.782654,23.39357,-9.8578615,8.143502,2.7531676,-2.6000817,14.087059,-12.95235,31.83187,-12.412862,17.667477,8.499058,0.99913794,7.1440988,-21.76439,-32.018482,21.530752,-12.574178,-13.821997,-4.841514,-2.5255132
80,5.973449230194092,11.880668640136719,79.46587371826172,-4.81095956121243,4.6081507280677245,-119.84351043199078,-11.209357,18.32155,36.31135,20.46691,-9.248859,0.096573725,5.889912,-18.983984,-31.361126,23.033424,-10.09659,8.307972,3.0500288,-2.4369164,14.293424,-13.820327,32.009384,-12.410812,18.22706,8.265617,0.8506253,7.258656,-23.529713,-32.035046,22.294094,-12.998032,-13.956026,-4.9623723,-2.6258075
81,6.00863790512085,12.138261795043945,79.37920379638672,-5.004345277351454,4.7259023016495725,-120.357791007572,-11.970717,19.190641,36.49773,21.844816,-9.651193,-0.024104735,6.1446543,-18.93755,-32.001854,22.595789,-10.485482,8.551759,3.3634095,-2.2398574,14.524291,-14.853781,32.18577,-12.513117,18.909641,7.9904895,0.71914643,7.3176765,-25.32583,-32.034924,23.053465,-13.362671,-14.136579,-5.0901895,-2.7114222
82,6.058414459228516,12.4173583984375,79.2728500366211,-5.214360500505565,4.854652447909362,-120.85427373136413,-12.839182,20.131828,36.614273,23.39631,-10.109178,-0.15845662,6.405543,-18.854515,-32.70352,22.095594,-10.99118,8.859536,3.6764703,-2.0218003,14.780069,-16.003227,32.37257,-12.689632,19.681566,7.6754847,0.59563434,7.3382874,-27.176332,-32.01296,23.844814,-13.656496,-14.353876,-5.2268314,-2.7965515
83,6.099772930145264,12.711493492126465,79.14227294921875,-5.401465734692927,4.990328101144877,-121.32938187090333,-13.7883005,21.082851,36.67058,25.066574,-10.588861,-0.28153068,6.626506,-18.81096,-33.427856,21.659164,-11.59567,9.204993,3.9856422,-1.8263861,15.065346,-17.29091,32.566578,-12.922914,20.52828,7.39989,0.49250612,7.302946,-29.093733,-31.980396,24.662722,-13.872414,-14.573168,-5.3764296,-2.8869455
84,6.143672466278076,13.018221855163574,78.98612976074219,-5.5298792246806086,5.129331389128703,-121.77882249954439,-14.796897,21.99028,36.67435,26.814001,-11.062529,-0.36812717,6.7588544,-18.883926,-34.13656,21.424488,-12.288052,9.556538,4.280085,-1.6923859,15.389279,-18.727337,32.774147,-13.185416,21.421837,7.23569,0.42207426,7.1933336,-31.10233,-31.954134,25.513744,-14.001415,-14.752018,-5.541631,-2.994142
85,6.196592330932617,13.344860076904297,78.7940673828125,-5.606075117166745,5.2634129878226865,-122.19639723297136,-15.8550005,22.870754,36.653435,28.651798,-11.55618,-0.41114208,6.8359895,-19.062136,-34.858368,21.366245,-13.110323,9.920892,4.5636134,-1.6128511,15.7683,-20.326506,32.994793,-13.486517,22.376673,7.188994,0.39474514,6.965693,-33.186325,-31.940466,26.392076,-14.078388,-14.904802,-5.7063336,-3.113257
86,6.253618240356445,13.683028221130371,78.57325744628906,-5.646881857993339,5.397888163689209,-122.58507512687568,-16.983526,23.74442,36.589474,30.601944,-12.077987,-0.42850548,6.871001,-19.314238,-35.60528,21.432285,-14.056153,10.310429,4.842803,-1.567575,16.199608,-22.08029,33.224308,-13.840073,23.391407,7.2224984,0.40173495,6.6415334,-35.3227,-31.937605,27.293785,-14.119641,-15.0431185,-5.874004,-3.2436397
87,6.326569557189941,14.029894828796387,78.32135009765625,-5.634125568063815,5.549310771578755,-122.95368457903507,-18.212938,24.57043,36.41772,32.648746,-12.57419,-0.4307176,6.771,-19.703176,-36.30648,21.766146,-15.060712,10.694362,5.129932,-1.5620023,16.660185,-24.00651,33.41785,-14.24326,24.458097,7.3701205,0.42155796,6.3023043,-37.520756,-31.964388,28.203182,-14.091189,-15.112132,-6.081426,-3.3872507
88,6.401414394378662,14.381572723388672,78.03913116455078,-5.549436161890114,5.734071867698575,-123.30996633927113,-19.570927,25.304186,36.075287,34.76785,-12.989405,-0.4264058,6.453257,-20.283237,-36.891773,22.486156,-16.055273,11.035368,5.364488,-1.636493,17.147285,-25.974339,33.692394,-14.617347,25.413406,7.574429,0.4411791,6.0280495,-39.871387,-32.01428,29.218342,-13.947568,-15.043991,-6.350868,-3.6054416
89,6.48947811126709,14.750373840332031,77.72024536132812,-5.364492325838996,5.962810297754385,-123.63745556633647,-21.084538,25.91494,35.558056,36.992847,-13.30138,-0.4016113,5.896569,-21.0945,-37.329357,23.63947,-17.033747,11.335516,5.5738015,-1.812654,17.66511,-28.052814,33.98577,-14.988351,26.291903,7.961946,0.45249495,5.807386,-42.31057,-32.102768,30.268242,-13.742845,-14.849804,-6.7122445,-3.8910036
90,6.584192752838135,15.131460189819336,77.37269592285156,-5.098569943301456,6.22522612632752,-123.93558609308738,-22.739883,26.43081,34.892017,39.333652,-13.547769,-0.3556204,5.153629,-22.090742,-37.65585,25.13835,-18.02355,11.605556,5.7648177,-2.0689464,18.223322,-30.249773,34.29944,-15.373546,27.117657,8.4923,0.46444893,5.610318,-44.828,-32.230293,31.363527,-13.4986725,-14.550925,-7.141603,-4.238687
91,6.6962761878967285,15.517544746398926,76.9874267578125,-4.805277153509492,6.505507857099638,-124.23649344562676,-24.508698,26.892857,34.055748,41.73839,-13.766216,-0.3200156,4.252824,-23.199923,-37.89955,26.900063,-19.006325,11.821309,5.9497814,-2.3426526,18.817648,-32.52004,34.632797,-15.741085,27.878805,9.012073,0.4840102,5.472276,-47.454662,-32.396156,32.50565,-13.1768875,-14.114954,-7.613828,-4.583624
92,6.822171211242676,15.910350799560547,76.56001281738281,-4.538565046538472,6.787879228443628,-124.5729717532012,-26.364712,27.336605,33.02698,44.15107,-13.990852,-0.33238038,3.2190115,-24.351221,-38.089577,28.848112,-19.967571,11.958189,6.14258,-2.5691729,19.444475,-34.824963,34.986237,-16.063726,28.566885,9.366774,0.5189375,5.4275594,-50.180084,-32.593666,33.694324,-12.769399,-13.538894,-8.102656,-4.8624997
93,6.967883586883545,16.305801391601562,76.09540557861328,-4.305086731401788,7.076309346730016,-124.93198028451559,-28.355207,27.74567,31.756987,46.600033,-14.185997,-0.38254318,2.0442352,-25.548708,-38.228336,31.029411,-20.917334,11.982271,6.3289022,-2.7425592,20.108955,-37.178417,35.35887,-16.345139,29.167625,9.509368,0.57772106,5.5112133,-53.04027,-32.821125,34.950684,-12.251157,-12.770357,-8.683394,-5.101818
94,7.127772808074951,16.708148956298828,75.5833740234375,-4.077690736667062,7.3769494664465585,-125.3028868776078,-30.479223,28.082842,30.273146,49.096115,-14.344242,-0.4693913,0.72047555,-26.811386,-38.29102,33.440933,-21.84858,11.9186735,6.5096607,-2.8957644,20.811583,-39.59644,35.751293,-16.599981,29.689379,9.526535,0.6550309,5.696223,-56.0254,-33.07495,36.27327,-11.647721,-11.824844,-9.344205,-5.3154917
95,7.304081916809082,17.108139038085938,75.0333251953125,-3.85981031803407,7.676450731535122,-125.72246947893238,-32.637386,28.358126,28.668863,51.560047,-14.547396,-0.6447973,-0.7375588,-28.10747,-38.268566,35.964916,-22.729956,11.831775,6.718596,-3.0244641,21.539404,-42.04893,36.16959,-16.82487,30.164116,9.4632015,0.7383099,5.9250965,-59.09146,-33.34297,37.631718,-10.991255,-10.779871,-9.926533,-5.422653
96,7.483450412750244,17.505722045898438,74.43396759033203,-3.6565527983504134,7.962148263302737,-126.22815018410812,-34.7338,28.591188,27.030382,53.917454,-14.879088,-0.95691437,-2.3250496,-29.403574,-38.146015,38.494656,-23.536644,11.780378,6.9809213,-3.1258385,22.27714,-44.495975,36.625072,-17.011786,30.618814,9.366096,0.81505615,6.1402364,-62.232273,-33.611675,39.00439,-10.285529,-9.689365,-10.269832,-5.34686
97,7.6802449226379395,17.898975372314453,73.7873306274414,-3.4729081641497355,8.235628363403192,-126.82098575498135,-36.79753,28.75894,25.277302,56.171307,-15.311777,-1.4333241,-4.0446672,-30.724771,-38.00746,41.049572,-24.273392,11.574144,7.2877464,-3.1980946,23.02372,-46.976257,37.123978,-17.16812,31.065512,9.22073,0.8913771,6.3339353,-65.46906,-33.87115,40.402023,-9.525428,-8.480485,-10.316114,-5.067874
98,7.895443439483643,18.28961753845215,73.08872985839844,-3.3043643840484815,8.502384693941643,-127.48410131489402,-38.85431,28.84887,23.408682,58.358192,-15.828886,-2.0457945,-5.906541,-32.072212,-37.81838,43.663994,-24.945406,11.250858,7.6255755,-3.2513285,23.785225,-49.474823,37.665123,-17.293005,31.46548,9.023966,0.9709499,6.53482,-68.79888,-34.11322,41.833195,-8.715643,-7.1552095,-10.148664,-4.6339717
99,8.129801750183105,18.676624298095703,72.34040832519531,-3.147208195194723,8.75459016751854,-128.2283814698392,-40.80693,28.928936,21.624695,60.462395,-16.529057,-2.7456262,-7.9291344,-33.384144,-37.39201,46.286587,-25.547218,11.214606,8.012141,-3.289186,24.558233,-52.01022,38.264355,-17.449352,31.884277,8.771728,1.0358919,6.738879,-72.17686,-34.32571,43.273457,-7.87175,-5.890393,-9.817697,-4.077545
100,8.367799758911133,19.05945587158203,71.54692077636719,-3.000829300964783,8.984202751882401,-129.0652034829095,-42.56469,29.088518,20.116251,62.463955,-17.506453,-3.4746358,-10.144464,-34.58525,-36.544502,48.88331,-26.088337,11.87236,8.460051,-3.318478,25.336836,-54.49207,38.937756,-17.63906,32.29332,8.501448,1.0703394,6.942521,-75.53549,-34.497826,44.682373,-7.024358,-4.870704,-9.378362,-3.4253511
101,8.62145709991455,19.429916381835938,70.70685577392578,-2.8704788131505525,9.19724726692774,-130.02888968671542,-44.048985,29.327171,18.8934,64.23431,-18.886118,-4.3169093,-12.600839,-35.625004,-35.203247,51.418365,-26.538382,13.714884,8.990766,-3.3406894,26.115051,-57.021515,39.7015,-17.913269,32.742474,8.190484,1.0897138,7.119327,-78.96061,-34.61337,46.057915,-6.066234,-3.9369798,-8.770326,-2.537657
102,8.894322395324707,19.82263946533203,69.85152435302734,-3.025983317267743,9.526869874498615,-131.31070784112865,-45.603508,30.002394,17.686153,65.89857,-20.565918,-5.3103886,-15.572255,-36.00983,-33.475975,53.83422,-26.901937,15.000033,9.741279,-3.159237,26.71829,-59.5249,40.557278,-18.217344,33.159004,7.8533244,1.097225,7.2839155,-82.38792,-34.669518,47.40282,-5.070517,-3.1103406,-7.9860473,-1.4536811
103,9.174897193908691,20.23558235168457,68.96569061279297,-3.4725141992609285,9.956615288125422,-132.86707423691857,-47.386127,31.21025,16.494335,67.696236,-22.311499,-6.2455416,-18.969318,-35.796234,-31.571253,56.305317,-27.32771,15.000033,10.696793,-2.7737617,27.165035,-62.01594,41.512463,-18.604406,33.595406,7.4546037,1.055114,7.4803996,-85.80049,-34.66503,48.7265,-4.1228313,-2.7026803,-7.1761413,-0.46022463
104,9.455367088317871,20.623151779174805,68.02117919921875,-3.7731124349038536,10.256444296452194,-134.29561203759528,-49.10167,32.443214,15.617833,69.761215,-23.920322,-6.8210077,-22.315268,-35.84111,-29.572357,59.162746,-27.997046,15.000033,11.53284,-2.499957,27.755507,-64.498985,42.57364,-19.127731,34.101364,6.9632573,0.92375964,7.749138,-89.1278,-34.604435,50.023922,-3.3447223,-3.0390117,-6.5064707,0.16897838
105,9.741761207580566,20.989831924438477,67.03634643554688,-3.8723615189665765,10.394354386236719,-135.57555276094948,-50.69904,33.745197,15.21395,72.21353,-25.391909,-6.8850355,-25.674406,-36.17863,-27.240911,62.485558,-28.942625,15.000033,12.225107,-2.373587,28.532742,-67.01013,43.750446,-19.820005,34.68061,6.3592362,0.67982155,8.094837,-92.413,-34.496574,51.355476,-2.717391,-4.3986545,-5.989802,0.31617934
106,10.028364181518555,21.34189224243164,66.02046966552734,-3.8632468265104656,10.426603455712218,-136.79263906351943,-52.20038,35.174088,15.154558,74.92016,-26.820541,-6.596803,-29.134214,-36.55861,-24.553753,66.10541,-30.0528,15.000033,12.832393,-2.3228357,29.425098,-69.55667,45.04288,-20.676762,35.30003,5.6562543,0.34667853,8.491139,-95.660904,-34.34323,52.690132,-2.2081752,-6.5379076,-5.547702,0.14980264
107,10.3101167678833,21.675701141357422,64.96717834472656,-3.8395335958128007,10.566456692629023,-137.91489184051187,-53.929016,36.60677,15.085107,77.7084,-28.097794,-6.1724997,-32.712727,-36.871418,-21.851187,69.75483,-31.17089,15.000033,13.285772,-2.3463933,29.793802,-71.76064,46.3805,-21.785187,36.017166,4.8521805,-0.06181787,8.943831,-98.28905,-34.105736,53.851177,-1.9837203,-8.978424,-5.241186,-0.21782188
108,10.599346160888672,22.020814895629883,63.90978240966797,-3.850010671619619,10.800256301692949,-138.9026279729626,-55.934082,37.898693,14.70631,80.42059,-29.157349,-5.8482823,-36.183357,-37.109833,-19.470385,73.204956,-32.190987,15.000033,13.575418,-2.3701344,29.793802,-73.70878,47.691204,-23.087578,36.857815,4.02329,-0.51431084,9.470846,-100.39177,-33.760406,54.721085,-2.0159366,-11.261484,-5.0982375,-0.62417364
109,10.895822525024414,22.379005432128906,62.84716033935547,-3.8915166318305605,11.020494397025113,-139.720586711073,-58.1686,39.012493,13.928383,83.081406,-29.946812,-5.6850257,-39.38255,-37.357403,-17.51536,76.45289,-33.10314,15.000033,13.710271,-2.3197124,29.793802,-75.63276,49.000526,-24.53911,37.795914,3.2155683,-1.0169997,10.104984,-102.3907,-33.34479,55.408627,-2.1952977,-13.543116,-5.170963,-1.1080724
110,11.184636116027832,22.715591430664062,61.775634765625,-3.9284810726553148,11.214924414370788,-140.3940595249536,-60.565804,40.009075,12.929177,85.760284,-30.52809,-5.554598,-42.414574,-37.630943,-15.770726,79.610146,-33.97159,15.000033,13.699039,-2.2340481,29.793802,-77.52221,50.32054,-26.141586,38.79461,2.4017906,-1.58012,10.829477,-104.27665,-32.881218,55.95658,-2.5171332,-15.984754,-5.40233,-1.7357086
111,11.467291831970215,23.023025512695312,60.7022819519043,-3.934389119787855,11.40139246922634,-140.97295027431417,-62.990253,40.884506,11.858152,88.37003,-31.021427,-5.4230795,-45.33248,-37.908573,-14.116849,82.63212,-34.79359,15.000033,13.589154,-2.1456382,29.793802,-79.29296,51.638466,-27.825378,39.791428,1.5063306,-2.1739798,11.570014,-105.87565,-32.36674,56.24662,-2.9994512,-18.105814,-5.6677227,-2.3387127
112,11.72717571258545,23.30388641357422,59.638671875,-3.8831448071841073,11.59781787996349,-141.50747979669484,-65.29884,41.645683,10.867724,90.82478,-31.546425,-5.2602587,-48.186806,-38.15956,-12.442971,85.477936,-35.5753,15.000033,13.438201,-2.077485,29.793802,-80.86714,52.9348,-29.514318,40.75087,0.45521668,-2.7701573,12.253543,-107.03041,-31.782604,56.17194,-3.624829,-19.417574,-5.865927,-2.726046
113,11.95743465423584,23.565937042236328,58.5934944152832,-3.738121653194328,11.811567498011026,-141.97219332310124,-67.42808,42.262836,10.032656,93.09413,-32.131195,-5.0464544,-50.97673,-38.43695,-10.732398,88.13131,-36.328842,15.000033,13.250052,-2.0424385,29.793802,-82.253654,54.212105,-31.222612,41.707718,-0.76019096,-3.392097,12.881642,-107.73943,-31.111343,55.682945,-4.3470626,-19.580027,-6.0292525,-2.7790759
114,12.17514705657959,23.800573348999023,57.57097625732422,-3.519335164905795,12.033936000112076,-142.35246610480894,-69.44327,42.7538,9.279182,95.23247,-32.71426,-4.803393,-53.69169,-38.751324,-9.031128,90.62609,-37.05575,15.000033,13.004535,-2.0275915,29.793802,-83.49556,55.47904,-32.972557,42.69096,-2.1023211,-4.048401,13.482076,-108.113686,-30.350067,54.880123,-5.142004,-18.91671,-6.2092776,-2.6025298
115,12.3872709274292,24.011987686157227,56.57559585571289,-3.288116189439058,12.256654008804311,-142.71430241408464,-71.396805,43.195454,8.550425,97.28035,-33.28384,-4.543941,-56.349457,-39.01246,-7.3473783,92.98772,-37.72797,15.000033,12.735184,-2.0003543,29.793802,-84.56018,56.723267,-34.686928,43.668453,-3.5805457,-4.687971,14.020961,-108.169365,-29.49881,53.891365,-6.012751,-17.930693,-6.3400884,-2.3370943
116,12.594930648803711,24.203922271728516,55.5987548828125,-3.111915590556411,12.470752279384259,-143.1282113448059,-73.35426,43.67162,7.7491264,99.27179,-33.821083,-4.308168,-58.955135,-39.124187,-5.6883836,95.23658,-38.314445,15.000033,12.483695,-1.9124576,29.793802,-85.40016,57.92052,-36.26307,44.609818,-5.1943817,-5.2581434,14.4672,-107.9188,-28.561016,52.847675,-6.9613857,-17.127857,-6.3587446,-2.1304905
117,12.803755760192871,24.37538719177246,54.64448928833008,-3.006571984831819,12.67234465579032,-143.60154634440698,-75.33664,44.186047,6.8491,101.21096,-34.321674,-4.1036615,-61.49557,-39.08073,-4.0580955,97.37124,-38.793194,15.000033,12.278333,-1.71934,29.793802,-85.9902,59.05519,-37.68889,45.54227,-7.039593,-5.7445583,14.81416,-107.272514,-27.524483,51.701607,-8.025572,-16.481342,-6.215264,-1.9864229
118,12.999876976013184,24.53166961669922,53.713111877441406,-2.9360288953005096,12.862840957934303,-144.09793885722502,-77.30795,44.69805,5.895911,103.082085,-34.79513,-3.9135022,-63.957855,-38.931423,-2.4685645,99.38802,-39.18762,15.000033,12.105842,-1.4400818,29.793802,-86.36046,60.125744,-38.994934,46.502327,-9.080369,-6.1743994,15.078881,-106.273605,-26.381283,50.443092,-9.164626,-15.774899,-5.9529986,-1.8435754
119,13.187451362609863,24.676015853881836,52.799964904785156,-2.8946137566390044,13.042414802025073,-144.62656752069614,-79.264084,45.223705,4.8970175,104.89052,-35.245705,-3.7299836,-66.34214,-38.677116,-0.9358154,101.30331,-39.524296,15.000033,11.951195,-1.1101531,29.793802,-86.53713,61.130512,-40.133774,47.474186,-11.125166,-6.5560627,15.270327,-105.12112,-25.15764,49.2458,-10.2695055,-15.234364,-5.6540933,-1.7495859
120,13.365877151489258,24.80880355834961,51.916725158691406,-2.876934938548609,13.211671837558502,-145.19686266677675,-81.202934,45.778538,3.858218,106.64266,-35.6776,-3.5476015,-68.648155,-38.318844,0.5233801,103.131325,-39.829453,15.000033,11.800988,-0.7616295,29.793802,-86.518524,62.068077,-41.0284,48.424084,-12.973339,-6.8936396,15.399672,-103.99905,-23.909513,48.27222,-11.255498,-15.082669,-5.400831,-1.7465798
121,13.541516304016113,24.931190490722656,51.05427551269531,-2.89685579156835,13.370275783629745,-145.83455281272452,-83.14405,46.38854,2.7604158,108.33957,-36.089893,-3.3688147,-70.87475,-37.830143,1.8973765,104.86503,-40.09651,15.000033,11.684535,-0.38502997,29.793802,-86.26662,62.933086,-41.59742,49.361324,-14.604088,-7.1753883,15.419994,-102.87646,-22.690023,47.540314,-12.203009,-15.419834,-5.1932807,-1.8967313
122,13.708718299865723,25.037870407104492,50.210506439208984,-2.954249088827843,13.516105117972643,-146.52669216415273,-85.0949,47.035168,1.5972402,109.9788,-36.477818,-3.1961765,-73.01088,-37.22753,3.1892138,106.50053,-40.314774,15.000033,11.6151,0.04195659,29.793802,-85.76309,63.722378,-41.8628,50.2947,-16.107935,-7.3939314,15.346729,-101.64572,-21.527506,46.96725,-13.178486,-16.104954,-4.9897475,-2.1583912
123,13.856681823730469,25.140201568603516,49.39532470703125,-3.0218741962980804,13.648403407679707,-147.22507652000124,-87.02793,47.668613,0.4012524,111.55814,-36.84528,-3.0254803,-75.048065,-36.574833,4.408429,108.06058,-40.499805,15.000033,11.552764,0.49505994,29.793802,-85.05321,64.43939,-41.92675,51.197243,-17.458113,-7.566798,15.283726,-100.36584,-20.448135,46.54469,-14.081403,-17.000593,-4.8154554,-2.4160542
124,13.992164611816406,25.23725128173828,48.601844787597656,-3.0716659977711025,13.768607351551884,-147.88148065243934,-88.9116,48.24192,-0.7906395,113.07577,-37.190186,-2.8536828,-76.98208,-35.93476,5.56682,109.559,-40.673256,15.000033,11.456305,0.9448383,29.793802,-84.18927,65.08977,-41.902725,52.03858,-18.626749,-7.713463,15.335186,-99.09563,-19.473799,46.25747,-14.809151,-17.971302,-4.7005687,-2.5569336
125,14.107181549072266,25.32720947265625,47.833335876464844,-3.0999830869185745,13.888087481810505,-148.5084432626842,-90.74368,48.769432,-1.9746705,114.53012,-37.51213,-2.687012,-78.83025,-35.29979,6.667443,110.987946,-40.833855,15.000033,11.337239,1.3669206,29.793802,-83.17535,65.66988,-41.76354,52.83372,-19.57521,-7.8374925,15.549159,-97.81441,-18.627483,46.098824,-15.3786125,-19.103512,-4.6878343,-2.535675
126,14.206738471984863,25.40048599243164,47.08905792236328,-3.1209877127975894,14.00272669300308,-149.1232630518253,-92.537415,49.26893,-3.1662478,115.92254,-37.808983,-2.5273526,-80.59125,-34.650803,7.7056518,112.341675,-40.971714,15.000033,11.218929,1.774363,29.793802,-81.9992,66.17277,-41.48555,53.60015,-20.331423,-7.9306917,15.864401,-96.47728,-17.923733,46.06711,-15.862832,-20.423016,-4.75356,-2.4233031
127,14.290811538696289,25.465351104736328,46.370182037353516,-3.1327055865504825,14.091416181049693,-149.68457849419693,-94.27698,49.701168,-4.3483315,117.25966,-38.07999,-2.364608,-82.24463,-34.034203,8.689939,113.64593,-41.095997,15.000033,11.074486,2.1885433,29.793802,-80.70904,66.601006,-41.209206,54.3215,-20.969894,-7.999846,16.220873,-95.11081,-17.361149,46.14793,-16.234661,-21.705025,-4.8304286,-2.280861
128,14.37126350402832,25.520938873291016,45.67226028442383,-3.1314234106571135,14.133461156144314,-150.15112683135186,-95.93961,50.028664,-5.4977818,118.544815,-38.322258,-2.189965,-83.77238,-33.496746,9.633128,114.92384,-41.218147,15.000033,10.872072,2.6195471,29.793802,-79.389084,66.96145,-41.1142,54.998013,-21.573051,-8.0518,16.558077,-93.74599,-16.926765,46.317257,-16.463127,-22.727882,-4.8484674,-2.1639025
129,14.444625854492188,25.57680320739746,44.992435455322266,-3.1111122073357973,14.10922448503675,-150.47643019843744,-97.501755,50.214085,-6.5941496,119.7824,-38.52955,-1.9932683,-85.15726,-33.08754,10.551757,116.194405,-41.345245,15.000033,10.565932,3.0726624,29.793802,-78.063385,67.252304,-41.28504,55.64688,-22.131718,-8.080995,16.890575,-92.37973,-16.613111,46.583466,-16.481913,-23.411713,-4.7919583,-2.102003
130,14.521876335144043,25.650798797607422,44.31904983520508,-3.0734124397383686,14.034772977949721,-150.6948287290842,-98.965935,50.2915,-7.6406174,120.96956,-38.701614,-1.7865885,-86.42326,-32.77478,11.445767,117.43813,-41.470036,15.000033,10.187043,3.5247624,29.793802,-76.74377,67.46718,-41.676888,56.292187,-22.620968,-8.086254,17.240667,-90.99452,-16.417667,46.94372,-16.322361,-23.881683,-4.696516,-2.0594072
131,14.579692840576172,25.70807647705078,43.68981170654297,-3.0272331058030626,13.943559188515508,-150.88706269771788,-100.35453,50.33805,-8.65139,122.10365,-38.853977,-1.5846827,-87.61669,-32.480648,12.301601,118.63221,-41.580948,15.000033,9.814739,3.9496417,29.793802,-75.48507,67.61185,-42.262226,56.937798,-23.098738,-8.081163,17.55916,-89.60603,-16.327621,47.345562,-16.094938,-24.226316,-4.567532,-1.9911481
132,14.633758544921875,25.74797821044922,43.09244918823242,-2.9811526732032454,13.868177708098818,-151.13232299281813,-101.69628,50.42794,-9.64515,123.18118,-39.003395,-1.3982176,-88.78005,-32.125416,13.101517,119.753265,-41.66969,15.000033,9.520369,4.3199763,29.793802,-74.338394,67.70161,-43.01102,57.586006,-23.625235,-8.079118,17.795862,-88.23967,-16.322111,47.736767,-15.906188,-24.535513,-4.412175,-1.8506106
133,14.677874565124512,25.797679901123047,42.52558517456055,-2.927118591843709,13.80706982038704,-151.45038047903287,-102.977234,50.58212,-10.618232,124.20137,-39.15495,-1.2448215,-89.92753,-31.690737,13.862496,120.79772,-41.728615,15.000033,9.300868,4.6203504,29.793802,-73.26855,67.759224,-43.964024,58.228214,-24.277245,-8.092147,17.928982,-86.89717,-16.381584,48.11834,-15.747705,-24.82661,-4.1911798,-1.5984875
134,14.702248573303223,25.83104133605957,41.98380661010742,-2.8628385209872236,13.746776842474468,-151.79890965281274,-104.191086,50.761833,-11.563927,125.16609,-39.29864,-1.1138794,-91.03864,-31.221315,14.590177,121.77924,-41.76388,15.000033,9.108518,4.8605294,29.793802,-72.24937,67.79744,-45.1115,58.856804,-25.007456,-8.108528,17.98505,-85.58111,-16.493269,48.513504,-15.563332,-25.057468,-3.9159777,-1.2676598
135,14.732192039489746,25.874832153320312,41.46097946166992,-2.807610939106433,13.701572767516426,-152.16378831486074,-105.38127,50.946518,-12.503627,126.07325,-39.425713,-0.98310304,-92.098274,-30.731785,15.25288,122.69065,-41.777134,15.000033,8.948115,5.063561,29.793802,-71.3203,67.8153,-46.318924,59.464012,-25.687387,-8.105472,17.986792,-84.32105,-16.646946,48.900223,-15.373778,-25.231247,-3.6699865,-0.9190862
136,14.75951862335205,25.924909591674805,40.96862030029297,-2.7818054758663653,13.684954930181457,-152.53140495052267,-106.593254,51.115223,-13.460389,126.92379,-39.52755,-0.82803196,-93.09157,-30.238752,15.8194685,123.52754,-41.77313,15.000033,8.82912,5.262153,29.793802,-70.50259,67.8047,-47.430656,60.034565,-26.183914,-8.06144,17.959187,-83.15029,-16.836073,49.264732,-15.199082,-25.350481,-3.5356908,-0.6139598
137,14.776578903198242,25.966659545898438,40.52001190185547,-2.7934029146906534,13.710490959933644,-152.90957494780633,-107.85196,51.268147,-14.446981,127.713326,-39.59666,-0.64692694,-94.02734,-29.732645,16.28437,124.278465,-41.743404,15.000033,8.758453,5.4688463,29.793802,-69.76147,67.76582,-48.394783,60.547638,-26.410526,-7.959533,17.891468,-82.084145,-17.056385,49.608124,-15.0097,-25.404684,-3.569701,-0.349788
138,14.791074752807617,25.998077392578125,40.1052360534668,-2.8313176653668295,13.767104028284987,-153.3012984774605,-109.12898,51.41279,-15.448786,128.44623,-39.639114,-0.4525855,-94.91491,-29.215698,16.670622,124.947784,-41.684578,15.000033,8.725157,5.6743183,29.793802,-69.05871,67.70592,-49.25449,61.00184,-26.44795,-7.8157263,17.777079,-81.11296,-17.303602,49.94502,-14.794848,-25.39723,-3.7154536,-0.100701004
139,14.804890632629395,26.026073455810547,39.721805572509766,-2.8873463570396036,13.831055901467556,-153.6859589356055,-110.38794,51.534187,-16.443375,129.12334,-39.663643,-0.2394542,-95.73494,-28.710152,16.986143,125.55574,-41.61532,15.000033,8.714877,5.880273,29.793802,-68.415375,67.62302,-50.00094,61.413246,-26.414602,-7.6581016,17.647074,-80.23124,-17.573883,50.27935,-14.595916,-25.35228,-3.8851833,0.10751251
140,14.819947242736816,26.05501937866211,39.365821838378906,-2.952354160592391,13.87894015151395,-154.0420899804315,-111.5873,51.617607,-17.406387,129.75096,-39.680256,-0.005313489,-96.47284,-28.243214,17.241638,126.119064,-41.547955,15.000033,8.715576,6.091237,29.793802,-67.85105,67.50884,-50.620346,61.799065,-26.42537,-7.51462,17.534117,-79.437035,-17.864014,50.619705,-14.448327,-25.292984,-3.993169,0.24817221
141,14.83590030670166,26.092147827148438,39.041465759277344,-3.0320875782603594,13.896891118597308,-154.36408947883572,-112.72375,51.65056,-18.351152,130.33006,-39.686607,0.24959484,-97.11882,-27.829111,17.435184,126.6395,-41.47413,15.000033,8.724301,6.3172674,29.793802,-67.37367,67.35363,-51.1021,62.180862,-26.457157,-7.386103,17.41406,-78.74211,-18.17396,50.98126,-14.349851,-25.2343,-4.017054,0.29375696
142,14.853837966918945,26.12512969970703,38.7350959777832,-3.1289543098593517,13.89902238991523,-154.6633754528585,-113.815414,51.64392,-19.2834,130.85822,-39.678093,0.52401185,-97.68523,-27.451715,17.566902,127.11053,-41.391968,15.000033,8.7502165,6.5578446,29.793802,-66.97247,67.15331,-51.453327,62.54968,-26.46478,-7.261132,17.281355,-78.147514,-18.504284,51.358147,-14.280312,-25.162992,-4.0027866,0.26549804
143,14.872193336486816,26.161020278930664,38.46503448486328,-3.227195050210557,13.904184734318532,-154.9434820789994,-114.8391,51.620117,-20.159885,131.33191,-39.660423,0.8068355,-98.1969,-27.104628,17.658121,127.5258,-41.305096,15.000033,8.80027,6.8020563,29.793802,-66.64233,66.90817,-51.69136,62.87764,-26.53233,-7.14804,17.198225,-77.63314,-18.852156,51.723724,-14.24426,-25.059975,-3.965148,0.21065025
144,14.88467788696289,26.19871711730957,38.23076629638672,-3.311051770755221,13.93110528416193,-155.2080340238259,-115.77185,51.603745,-20.938175,131.74614,-39.639507,1.0862348,-98.67655,-26.779865,17.728802,127.88029,-41.216587,15.000033,8.879402,7.0365124,29.793802,-66.37784,66.62249,-51.834118,63.13669,-26.744528,-7.055489,17.226473,-77.18149,-19.211874,52.049694,-14.243228,-24.905617,-3.9189355,0.17664701
145,14.89709758758545,26.23004913330078,38.027099609375,-3.374750996869496,13.983057272443359,-155.45289274696205,-116.60178,51.595615,-21.60026,132.0994,-39.61428,1.367263,-99.13318,-26.481031,17.79027,128.17178,-41.12295,15.000033,8.982182,7.2519717,29.793802,-66.18765,66.29827,-51.86675,63.3323,-27.166204,-6.991426,17.412632,-76.80486,-19.580055,52.338448,-14.28777,-24.666056,-3.8542397,0.16901556
146,14.9103422164917,26.258575439453125,37.85888671875,-3.427402261074416,14.050742178186363,-155.67781138137323,-117.34206,51.5868,-22.170502,132.3928,-39.581646,1.6519469,-99.55405,-26.209057,17.8322,128.40393,-41.02468,15.000033,9.105636,7.456261,29.793802,-66.06615,65.93694,-51.78196,63.47352,-27.738777,-6.9528313,17.714817,-76.50948,-19.955172,52.600212,-14.36757,-24.36218,-3.768096,0.16483003
147,14.917267799377441,26.287933349609375,37.72504806518555,-3.4746030837338986,14.135390487657657,-155.89183965235972,-118.007385,51.58843,-22.669401,132.62886,-39.545074,1.9247534,-99.93634,-25.957367,17.845741,128.58037,-40.92625,15.000033,9.255793,7.6576595,29.793802,-65.98799,65.54518,-51.6133,63.53997,-28.362474,-6.9307685,18.061285,-76.26587,-20.332834,52.82397,-14.470095,-24.058409,-3.6859136,0.16942695
148,14.924569129943848,26.31890869140625,37.618350982666016,-3.5222287940640404,14.23785760483166,-156.10402620200742,-118.60964,51.608936,-23.114637,132.80824,-39.507168,2.170289,-100.274536,-25.718002,17.820354,128.70493,-40.83415,15.000033,9.437268,7.861058,29.793802,-65.93213,65.133026,-51.399334,63.51245,-28.93945,-6.9132996,18.379515,-76.04284,-20.706804,52.99596,-14.582521,-23.820223,-3.6332054,0.18897183
149,14.927278518676758,26.348833084106445,37.542869567871094,-3.5705183934919473,14.364073277762595,-156.32180624902534,-119.15575,51.656452,-23.509352,132.93094,-39.469875,2.3920226,-100.57511,-25.481802,17.755339,128.77373,-40.748547,15.000033,9.653912,8.058327,29.793802,-65.909775,64.70923,-51.139732,63.38409,-29.509182,-6.89594,18.665379,-75.839714,-21.070406,53.111923,-14.702596,-23.664192,-3.6169631,0.23365751
150,14.91976547241211,26.375511169433594,37.50080871582031,-3.615843657763101,14.512490766509034,-156.53853761258998,-119.63737,51.725395,-23.84253,132.99437,-39.429783,2.5943778,-100.84168,-25.255985,17.658655,128.78691,-40.66635,15.000033,9.896577,8.243424,29.793802,-65.9216,64.27934,-50.81576,63.160854,-30.104145,-6.8856063,18.951736,-75.67337,-21.419426,53.17968,-14.834593,-23.556278,-3.624059,0.29794168
151,14.907470703125,26.401132583618164,37.48820877075195,-3.6590294396262717,14.67296946183,-156.74239714375466,-120.04184,51.80525,-24.110573,133.00407,-39.385937,2.7644477,-101.06318,-25.055077,17.531824,128.7545,-40.588062,15.000033,10.14937,8.423347,29.793802,-65.93012,63.84835,-50.437794,62.841084,-30.614645,-6.8830433,19.221117,-75.53667,-21.751408,53.199455,-14.975484,-23.484583,-3.6501951,0.36396724
152,14.892800331115723,26.430957794189453,37.49933624267578,-3.699762788835675,14.83571022614492,-156.92115683219671,-120.35924,51.88829,-24.312511,132.962,-39.334797,2.8887057,-101.22968,-24.894669,17.377102,128.68488,-40.51365,15.000033,10.397628,8.604597,29.793802,-65.90293,63.419636,-50.02249,62.425186,-30.93339,-6.887464,19.455887,-75.421326,-22.065708,53.172363,-15.124519,-23.437368,-3.6912766,0.4141569
153,14.870564460754395,26.466474533081055,37.5385627746582,-3.7408681989180663,15.000954599596428,-157.075441793493,-120.58885,51.972153,-24.448612,132.86542,-39.27736,2.9623132,-101.33993,-24.781189,17.187614,128.5766,-40.44086,15.000033,10.6430235,8.789156,29.793802,-65.84107,62.994633,-49.57103,61.900547,-31.019787,-6.906448,19.640858,-75.33636,-22.361977,53.09702,-15.282587,-23.437105,-3.7661145,0.4410711
154,14.843326568603516,26.492490768432617,37.61119842529297,-3.7807527618639267,15.173338591424846,-157.21022510869722,-120.73268,52.063164,-24.517582,132.7149,-39.214783,2.9918194,-101.39874,-24.703297,16.965042,128.42511,-40.36988,15.000033,10.888834,8.970277,29.793802,-65.756775,62.57508,-49.074436,61.26824,-30.93483,-6.9351826,19.789337,-75.281746,-22.638716,52.97239,-15.451487,-23.481472,-3.8704412,0.45471036
155,14.813155174255371,26.512285232543945,37.710872650146484,-3.812975889113298,15.350008309817252,-157.32107586339663,-120.78656,52.161217,-24.514027,132.51405,-39.14178,2.9815307,-101.41077,-24.659115,16.727127,128.24074,-40.306046,15.000033,11.123353,9.140222,29.793802,-65.63843,62.164574,-48.5384,60.549725,-30.725464,-6.9529786,19.926336,-75.23921,-22.89372,52.80619,-15.627477,-23.519745,-3.9658237,0.46404687
156,14.778359413146973,26.532203674316406,37.84073257446289,-3.831336021661848,15.527850887091608,-157.40307763714108,-120.74584,52.26509,-24.432493,132.27103,-39.05453,2.9365442,-101.38026,-24.64308,16.49123,128.03009,-40.25296,15.000033,11.334022,9.290076,29.793802,-65.47332,61.76729,-47.967373,59.765327,-30.43689,-6.9390144,20.076828,-75.190956,-23.123835,52.60532,-15.808936,-23.501219,-4.0139675,0.47809172
157,14.733004570007324,26.548931121826172,37.99380111694336,-3.8351715975993987,15.707692142673626,-157.45581349446698,-120.60508,52.374348,-24.270723,131.98381,-38.949314,2.8500795,-101.30418,-24.656368,16.25429,127.79625,-40.21309,15.000033,11.518548,9.41703,29.793802,-65.25423,61.386574,-47.36338,58.905563,-30.040113,-6.8834734,20.261415,-75.13446,-23.324364,52.37236,-16.000895,-23.42958,-3.993009,0.4853959
158,14.681814193725586,26.57330322265625,38.169803619384766,-3.826441090789126,15.891266809761763,-157.48146985790396,-120.36648,52.489548,-24.030125,131.65135,-38.82943,2.722206,-101.18408,-24.702606,16.010395,127.534065,-40.18274,15.000033,11.679865,9.522159,29.793802,-64.98374,61.02439,-46.72062,57.958557,-29.525263,-6.796795,20.462063,-75.08124,-23.491608,52.104298,-16.197111,-23.325684,-3.927657,0.48540443
159,14.624290466308594,26.594341278076172,38.372196197509766,-3.8037659418751963,16.076212317041673,-157.47980770221542,-120.034325,52.610123,-23.708681,131.27425,-38.70072,2.5670907,-101.02351,-24.77306,15.768116,127.2428,-40.161068,15.000033,11.813971,9.603883,29.793802,-64.66356,60.683544,-46.029873,56.941597,-28.967752,-6.6893272,20.645576,-75.03003,-23.625336,51.798855,-16.390862,-23.166979,-3.8489864,0.5034653
160,14.562270164489746,26.618892669677734,38.5924072265625,-3.765450080789326,16.260490306654564,-157.45104642693929,-119.613174,52.73555,-23.304068,130.85452,-38.569225,2.399303,-100.82703,-24.862364,15.535616,126.92406,-40.148346,15.000033,11.917698,9.660157,29.793802,-64.2948,60.36691,-45.28022,55.870174,-28.441082,-6.5726376,20.778526,-74.98104,-23.727835,51.45454,-16.571735,-22.929619,-3.7877994,0.56482804
161,14.49729061126709,26.64027214050293,38.83154296875,-3.7100161538074876,16.444717589601552,-157.3896897547843,-119.09299,52.865,-22.804193,130.39096,-38.43629,2.21668,-100.58973,-24.969187,15.317516,126.57472,-40.147152,15.000033,11.986327,9.6924095,29.793802,-63.86253,60.075035,-44.467777,54.726345,-27.997337,-6.454435,20.847258,-74.93616,-23.800686,51.06988,-16.737432,-22.579126,-3.7509537,0.68879217
162,14.43167781829834,26.654457092285156,39.10066604614258,-3.638297632330655,16.630018942728025,-157.29783914604064,-118.47378,52.995827,-22.211443,129.88101,-38.297916,2.013276,-100.31152,-25.10018,15.106639,126.19644,-40.156837,15.000033,12.022702,9.700725,29.793802,-63.36504,59.80783,-43.593346,53.50013,-27.586403,-6.3268857,20.87127,-74.8939,-23.843401,50.64629,-16.89695,-22.137697,-3.7214408,0.8567932
163,14.359646797180176,26.671287536621094,39.389408111572266,-3.553272077720716,16.814276549314272,-157.1855479897915,-117.77625,53.12792,-21.549728,129.33397,-38.1565,1.800234,-100.001625,-25.248917,14.894359,125.791245,-40.17257,15.000033,12.034601,9.68266,29.793802,-62.822628,59.56831,-42.655235,52.218758,-27.129494,-6.1786275,20.867208,-74.84985,-23.856108,50.18535,-17.053688,-21.665565,-3.6945481,1.0373379
164,14.280498504638672,26.692209243774414,39.694759368896484,-3.4579577101936896,16.995800709886517,-157.06314665902704,-117.01992,53.258842,-20.839973,128.75534,-38.013416,1.5882721,-99.67077,-25.415081,14.672725,125.3613,-40.18973,15.000033,12.029596,9.635478,29.793802,-62.253742,59.361935,-41.65126,50.907642,-26.54933,-5.997975,20.850367,-74.798065,-23.839252,49.68762,-17.212418,-21.223246,-3.6662903,1.1988105
165,14.199787139892578,26.719865798950195,40.01268005371094,-3.3521414955752658,17.176123131861956,-156.9344378376621,-116.202644,53.394154,-20.082506,128.14395,-37.873264,1.3749039,-99.31964,-25.597574,14.434923,124.906204,-40.207245,15.000033,12.010344,9.555377,29.793802,-61.657513,59.194622,-40.575806,49.55039,-25.828,-5.766384,20.790829,-74.73873,-23.793667,49.148964,-17.38009,-20.79799,-3.6431377,1.3484027
166,14.120115280151367,26.740863800048828,40.34845733642578,-3.234679004299543,17.355991622818536,-156.7937029022537,-115.31624,53.52985,-19.265623,127.49487,-37.733353,1.1570529,-98.94167,-25.797903,14.183963,124.42414,-40.228844,15.000033,11.971888,9.443546,29.793802,-61.013844,59.067993,-39.42306,48.128075,-25.006512,-5.4947214,20.689295,-74.67588,-23.718723,48.570084,-17.553772,-20.366722,-3.624584,1.4970335
167,14.036832809448242,26.75919532775879,40.70217514038086,-3.1071002373969256,17.532290605746308,-156.63719341716228,-114.37149,53.65618,-18.396948,126.82023,-37.588284,0.94432515,-98.53832,-26.01585,13.9276705,123.92035,-40.25401,15.000033,11.909374,9.305426,29.793802,-60.31281,58.98026,-38.190445,46.664703,-24.094355,-5.2137127,20.607792,-74.60716,-23.612103,47.959564,-17.723595,-19.9765,-3.597121,1.6192544
168,13.952308654785156,26.779062271118164,41.06467819213867,-2.9703190999827798,17.702026251092096,-156.4604200268067,-113.38068,53.762962,-17.484596,126.128876,-37.43163,0.7459094,-98.11049,-26.249775,13.674116,123.39631,-40.282116,15.000033,11.817756,9.146503,29.793802,-59.547882,58.926025,-36.876312,45.188614,-23.100288,-4.952763,20.609106,-74.53147,-23.470047,47.326084,-17.877216,-19.674261,-3.5478876,1.6898423
169,13.865804672241211,26.79728889465332,41.43886947631836,-2.821761790669972,17.866813188651868,-156.25791954141152,-112.339226,53.845768,-16.518076,125.42064,-37.260574,0.56940985,-97.65845,-26.508059,13.425889,122.853516,-40.3155,15.000033,11.69038,8.9650135,29.793802,-58.70817,58.898945,-35.472145,43.699284,-21.968409,-4.726091,20.722443,-74.43955,-23.28619,46.65456,-18.014889,-19.51209,-3.47762,1.7015444
170,13.775006294250488,26.82093620300293,41.817901611328125,-2.662112075393018,18.027267610146737,-156.03351009370576,-111.245415,53.907333,-15.498326,124.6903,-37.078644,0.4088624,-97.17981,-26.78886,13.175681,122.290924,-40.354576,15.000033,11.531249,8.761003,29.793802,-57.79574,58.89514,-33.977184,42.18383,-20.714817,-4.5123405,20.909052,-74.34016,-23.057293,45.947037,-18.13524,-19.453596,-3.3921545,1.6686999
171,13.690023422241211,26.835477828979492,42.217491149902344,-2.497187653898131,18.178558643673213,-155.79690378756123,-110.11404,53.952377,-14.450738,123.9424,-36.890476,0.25328544,-96.673225,-27.078804,12.918713,121.70663,-40.395462,15.000033,11.352063,8.541606,29.793802,-56.830006,58.911377,-32.405872,40.655216,-19.456,-4.2871666,21.13013,-74.261696,-22.786171,45.239246,-18.22335,-19.410482,-3.2869978,1.5982059
172,13.60142707824707,26.856029510498047,42.62446975708008,-2.333557479282748,18.315687031237612,-155.55857412004653,-108.95982,53.982624,-13.399227,123.17886,-36.699116,0.092145674,-96.13658,-27.364916,12.650118,121.101845,-40.434757,15.000033,11.16503,8.313656,29.793802,-55.831234,58.944317,-30.772701,39.128937,-18.30746,-4.0290675,21.34661,-74.22546,-22.48123,44.56598,-18.27547,-19.295568,-3.1558564,1.4970714
173,13.505702018737793,26.87639617919922,43.03862762451172,-2.169771087790093,18.440994269585403,-155.31842805321526,-107.78211,54.00111,-12.339415,122.39452,-36.50611,-0.07503504,-95.57084,-27.645954,12.371373,120.47265,-40.473095,15.000033,10.974675,8.075612,29.793802,-54.805008,58.98801,-29.06522,37.60225,-17.27249,-3.7151642,21.550344,-74.23128,-22.149765,43.922325,-18.290724,-19.042522,-2.988331,1.3440393
174,13.414705276489258,26.897096633911133,43.45781707763672,-2.0041627723008215,18.55510888016388,-155.07185427507736,-106.57628,54.00397,-11.264518,121.59173,-36.31005,-0.24335065,-94.97458,-27.925976,12.083174,119.81976,-40.511562,15.000033,10.777553,7.8299294,29.793802,-53.742256,59.03826,-27.283947,36.06888,-16.302916,-3.3631823,21.759678,-74.26378,-21.796343,43.292923,-18.279783,-18.712702,-2.7907455,1.1421959
175,13.32662582397461,26.915212631225586,43.87656021118164,-1.8418195178260102,18.652709801591936,-154.8221714741864,-105.351135,53.988365,-10.191138,120.77533,-36.110065,-0.41265947,-94.34541,-28.205042,11.782249,119.14908,-40.548027,15.000033,10.576489,7.5824976,29.793802,-52.65141,59.091385,-25.46538,34.546486,-15.427943,-3.01348,21.976192,-74.33317,-21.423422,42.690327,-18.240238,-18.404104,-2.5837755,0.9334886
176,13.235713958740234,26.93914794921875,44.30241012573242,-1.6872993790267812,18.72777499473519,-154.5724811673661,-104.1162,53.95133,-9.139948,119.94978,-35.902115,-0.5885748,-93.68109,-28.480839,11.465912,118.46801,-40.57841,15.000033,10.37143,7.3383303,29.793802,-51.543964,59.14466,-23.649708,33.05931,-14.677321,-2.7076147,22.204288,-74.440216,-21.034191,42.127693,-18.179659,-18.217321,-2.3872597,0.7622431
177,13.145430564880371,26.958656311035156,44.73272705078125,-1.5406599289987806,18.777233547781222,-154.32106603943146,-102.86742,53.887722,-8.110037,119.11386,-35.683872,-0.766452,-92.97653,-28.75099,11.13541,117.7734,-40.602825,15.000033,10.1533375,7.101093,29.793802,-50.409985,59.202766,-21.843662,31.614023,-14.160497,-2.477252,22.46408,-74.56112,-20.639818,41.605827,-18.130919,-18.146801,-2.1951118,0.6512693
178,13.057454109191895,26.9809627532959,45.16905975341797,-1.4080733860183774,18.813204484496868,-154.06707992072648,-101.62842,53.799427,-7.1100707,118.262726,-35.45405,-0.943421,-92.23649,-29.019249,10.780253,117.06036,-40.621998,15.000033,9.992929,6.8673787,29.793802,-49.34241,59.23771,-20.099173,30.203669,-13.8104725,-2.288735,22.745619,-74.80881,-20.196936,41.0868,-17.935616,-18.146727,-2.0017083,0.558465
179,12.967568397521973,27.0089111328125,45.607913970947266,-1.2706455814802693,18.816558990713855,-153.81480633657415,-100.34768,53.697598,-6.1116247,117.40513,-35.228424,-1.1325916,-91.462105,-29.28225,10.425409,116.34172,-40.63766,15.000033,9.742478,6.6254854,29.793802,-48.191666,59.27983,-18.285545,28.872042,-13.454992,-2.1142406,23.029821,-74.956635,-19.783888,40.64106,-17.894394,-18.26757,-1.8209794,0.5004479
180,12.873627662658691,27.035030364990234,46.055152893066406,-1.1455432800737315,18.8026959844893,-153.56913865456113,-99.07431,53.581112,-5.149277,116.54366,-35.007088,-1.3378997,-90.65947,-29.545433,10.045931,115.6179,-40.64839,15.000033,9.552058,6.3999486,29.793802,-47.088474,59.30812,-16.510893,27.555609,-12.905182,-1.8934692,23.26978,-75.19327,-19.368383,40.22613,-17.736992,-18.551708,-1.6693093,0.41935274
181,12.78242015838623,27.058940887451172,46.49961853027344,-1.0327202246599725,18.75249553474869,-153.33337190762956,-97.784424,53.449265,-4.2286277,115.675064,-34.792282,-1.5756844,-89.80707,-29.808306,9.6394615,114.887436,-40.655746,15.000033,9.390556,6.1997795,29.793802,-46.013775,59.322525,-14.768051,26.291695,-12.083265,-1.6136272,23.463663,-75.46315,-18.959822,39.86122,-17.523565,-19.098688,-1.5599608,0.32385257
182,12.687894821166992,27.082141876220703,46.93943405151367,-0.9293924226384734,18.675570673821472,-153.10408585855993,-96.47931,53.30767,-3.333487,114.79781,-34.589237,-1.8286351,-88.91548,-30.06605,9.211785,114.14919,-40.65882,15.000033,9.2365055,5.9914193,29.793802,-45.00653,59.30527,-13.057702,25.130085,-11.05416,-1.2998992,23.622936,-75.75007,-18.55697,39.531063,-17.300451,-19.850006,-1.481221,0.22225037
183,12.597126007080078,27.103015899658203,47.379634857177734,-0.8269363265906732,18.5889649610161,-152.87620336452278,-95.177025,53.150867,-2.4537823,113.92012,-34.386547,-2.0843997,-88.01539,-30.321524,8.780856,113.40891,-40.655453,15.000033,9.100825,5.7980585,29.793802,-44.046204,59.265556,-11.384514,24.016634,-9.973089,-0.97769177,23.752113,-76.073746,-18.166855,39.245678,-17.027416,-20.635277,-1.410689,0.124200046
184,12.502579689025879,27.118209838867188,47.81237030029297,-0.715189942062196,18.51514681169912,-152.6442731981713,-93.8972,52.980804,-1.5689987,113.04661,-34.181095,-2.321679,-87.14479,-30.575686,8.367037,112.67148,-40.645145,15.000033,8.974977,5.6090083,29.793802,-43.123676,59.21329,-9.739123,22.923346,-8.962384,-0.67023915,23.853714,-76.43749,-17.794582,39.00349,-16.708393,-21.277935,-1.327048,0.03477942
185,12.406521797180176,27.13002586364746,48.244224548339844,-0.587085761613514,18.470798874533468,-152.4046623319956,-92.645615,52.797844,-0.65911347,112.17659,-33.97729,-2.52633,-86.33051,-30.830807,7.982357,111.93764,-40.622326,15.000033,8.855883,5.4147706,29.793802,-42.238533,59.156967,-8.102851,21.845222,-7.9675794,-0.36363503,23.9213,-76.85668,-17.443811,38.811115,-16.345264,-21.780575,-1.221443,-0.05621553
186,12.301610946655273,27.136056900024414,48.67560958862305,-0.4496672351286026,18.44151000498663,-152.1609124703536,-91.41908,52.599537,0.2529781,111.308876,-33.770718,-2.7155156,-85.54839,-31.08627,7.6138196,111.20412,-40.58788,15.000033,8.746125,5.21731,29.793802,-41.385105,59.09847,-6.477272,20.789171,-6.9517508,-0.052613307,23.953295,-77.317345,-17.114473,38.663532,-15.947111,-22.219305,-1.1063137,-0.14970273
187,12.223793983459473,27.161296844482422,49.071468353271484,-0.3109685029877557,18.403128793832025,-151.91838007519337,-90.20057,52.39308,1.1533917,110.44442,-33.565186,-2.897479,-84.76321,-31.340397,7.2494087,110.47074,-40.550606,15.000033,8.643033,5.02156,29.793802,-40.55194,59.035748,-4.885213,19.753328,-6.0607324,0.22633827,23.964712,-77.784706,-16.806065,38.547867,-15.522895,-22.525337,-0.99354905,-0.22571258
188,12.125452995300293,27.16602325439453,49.496768951416016,-0.17994953482187578,18.330943320294356,-151.68230805619115,-88.97395,52.184143,2.0252588,109.587524,-33.36303,-3.0826774,-83.9378,-31.590286,6.875061,109.73465,-40.51626,15.000033,8.551056,4.835651,29.793802,-39.742573,58.96403,-3.3633125,18.740715,-5.4413686,0.43698198,23.974676,-78.22509,-16.515425,38.446728,-15.07291,-22.635069,-0.89505464,-0.2657148
189,12.032096862792969,27.168973922729492,49.912532806396484,-0.058027280155616076,18.210912250719772,-151.45407548995422,-87.72097,51.975136,2.8682032,108.739235,-33.166946,-3.2758563,-83.05222,-31.836197,6.487298,108.99591,-40.49381,15.000033,8.474603,4.663822,29.793802,-38.970642,58.882435,-1.9355505,17.765167,-5.233413,0.551309,23.980423,-78.628395,-16.241467,38.353783,-14.588313,-22.41601,-0.8148536,-0.24034314
190,11.94297981262207,27.174341201782227,50.325904846191406,0.05878750497943656,18.057753028290605,-151.2310739366036,-86.45261,51.761757,3.6911702,107.89438,-32.975307,-3.4714568,-82.12811,-32.07711,6.0938907,108.2538,-40.476223,15.000033,8.413904,4.5025887,29.793802,-38.249516,58.79335,-0.59439,16.834558,-5.323208,0.5937496,23.980722,-79.01196,-15.985889,38.27665,-14.069738,-21.942,-0.7460614,-0.16854918
191,11.851143836975098,27.17519187927246,50.73307800292969,0.17012410157501753,17.89053453107109,-151.0123901744976,-85.196175,51.54226,4.4911003,107.059525,-32.783955,-3.6630106,-81.19189,-32.31173,5.697924,107.51348,-40.453316,15.000033,8.364621,4.3493156,29.793802,-37.573025,58.6983,0.6778778,15.939244,-5.4770765,0.6065316,23.996288,-79.387535,-15.751617,38.226418,-13.524989,-21.456501,-0.6851826,-0.102284655
192,11.763768196105957,27.170307159423828,51.13472366333008,0.27578549807992186,17.728542536220846,-150.79694830310424,-83.97758,51.315002,5.266064,106.23465,-32.590477,-3.8447838,-80.27171,-32.540844,5.3032947,106.776596,-40.411606,15.000033,8.322173,4.202157,29.793802,-36.93189,58.59754,1.9022312,15.067074,-5.461774,0.6320578,24.046797,-79.76512,-15.541946,38.211967,-12.966591,-21.202415,-0.6300983,-0.09309327
193,11.680071830749512,27.1614990234375,51.53288269042969,0.3779185345636503,17.576081245972638,-150.58392990288792,-82.80054,51.078743,6.020176,105.417854,-32.392048,-4.0184917,-79.377335,-32.763077,4.9151616,106.04542,-40.345577,15.000033,8.284518,4.0607724,29.793802,-36.31787,58.49289,3.0877512,14.214168,-5.1929626,0.6794126,24.152493,-80.15624,-15.3605995,38.24937,-12.379465,-21.218607,-0.59248435,-0.17564686
194,11.598626136779785,27.148223876953125,51.922752380371094,0.4761475963159272,17.423662584001097,-150.3740614384143,-81.652145,50.835594,6.7531433,104.6094,-32.190617,-4.186657,-78.495636,-32.980743,4.53168,105.31878,-40.260452,15.000033,8.253751,3.9259336,29.793802,-35.7323,58.38509,4.228298,13.38407,-4.8008676,0.72764915,24.296633,-80.549225,-15.208191,38.328796,-11.768275,-21.382874,-0.5691118,-0.315824
195,11.515271186828613,27.13637924194336,52.30720138549805,0.5656563125438101,17.268960291177876,-150.16848603550685,-80.535095,50.588413,7.4545894,103.810455,-31.989534,-4.344925,-77.61352,-33.191833,4.142278,104.59439,-40.16797,15.000033,8.233673,3.8006065,29.793802,-35.173176,58.273346,5.3233104,12.567889,-4.3781753,0.7737079,24.44347,-80.92408,-15.083117,38.428375,-11.166467,-21.697062,-0.5364745,-0.45982036
196,11.439889907836914,27.121601104736328,52.68189239501953,0.6411738470008387,17.109600731248783,-149.96877200080462,-79.451485,50.3411,8.115153,103.02342,-31.792463,-4.488321,-76.717674,-33.394165,3.7365162,103.86883,-40.081017,15.000033,8.226544,3.686252,29.793802,-34.64168,58.1555,6.371767,11.760307,-4.014959,0.8135074,24.55776,-81.262276,-14.981914,38.527145,-10.605143,-22.162525,-0.4713595,-0.5533761
197,11.361553192138672,27.110692977905273,53.04983139038086,0.6979049699514484,16.945331597000482,-149.7780520885327,-78.40851,50.098446,8.724808,102.251945,-31.600315,-4.6106234,-75.80517,-33.581642,3.3088055,103.14202,-40.001648,15.000033,8.235443,3.586532,29.793802,-34.145596,58.02964,7.370097,10.969063,-3.6940095,0.85201186,24.635916,-81.56522,-14.902029,38.624317,-10.081839,-22.894371,-0.347084,-0.5883683
198,11.278336524963379,27.08509635925293,53.418701171875,0.739614090669159,16.777140585996147,-149.59452307649147,-77.40202,49.859097,9.291922,101.49482,-31.411455,-4.716372,-74.88319,-33.75813,2.8669386,102.41523,-39.924908,15.000033,8.258319,3.5008686,29.793802,-33.68046,57.897297,8.32038,10.1940155,-3.3800993,0.8888107,24.695787,-81.84317,-14.843242,38.73178,-9.579457,-23.854198,-0.1835726,-0.5887742
199,11.19507884979248,27.055177688598633,53.78406524658203,0.7753324980962287,16.605114897474916,-149.41200909827685,-76.41281,49.615658,9.836816,100.74375,-31.224304,-4.8172207,-73.95296,-33.929874,2.4181256,101.685295,-39.844746,15.000033,8.28851,3.4229581,29.793802,-33.237183,57.76146,9.226995,9.423256,-3.1333392,0.91103137,24.733276,-82.089424,-14.803912,38.840683,-9.1089325,-24.81479,-0.028654119,-0.55072737
200,11.1129732131958,27.02041244506836,54.144710540771484,0.813724788650179,16.42950751392352,-149.22451114403873,-75.42609,49.360134,10.376587,99.992325,-31.03781,-4.925192,-73.01715,-34.104588,1.9705272,100.94998,-39.758724,15.000033,8.318255,3.3448706,29.793802,-32.807594,57.626247,10.094001,8.647186,-3.013644,0.90572083,24.744417,-82.29787,-14.781681,38.94338,-8.683011,-25.548786,0.070140705,-0.47305998
201,11.030274391174316,26.986080169677734,54.50360870361328,0.8599318723552145,16.24743743084926,-149.028913078853,-74.43207,49.08768,10.918348,99.23978,-30.85272,-5.047775,-72.07396,-34.288486,1.5293243,100.21032,-39.667614,15.000033,8.345114,3.2646034,29.793802,-32.38344,57.495922,10.920992,7.859017,-3.099166,0.85802084,24.71723,-82.463806,-14.7745075,39.034447,-8.295201,-26.014482,0.09622887,-0.33279538
202,10.949739456176758,26.949289321899414,54.86018753051758,0.9084942480053987,16.059721854796052,-148.82895306876634,-73.44212,48.803074,11.450784,98.48944,-30.668993,-5.1774135,-71.123116,-34.474182,1.0893819,99.46662,-39.57112,15.000033,8.371104,3.1833684,29.793802,-31.969282,57.372665,11.708715,7.0663433,-3.337761,0.779311,24.657305,-82.59274,-14.781331,39.11919,-7.943407,-26.327103,0.07581694,-0.13975257
203,10.874865531921387,26.909351348876953,55.2156867980957,0.9515754526056007,15.872419513011044,-148.62905806618795,-72.4694,48.514484,11.966259,97.74011,-30.485191,-5.3025427,-70.167336,-34.656395,0.6417193,98.716965,-39.468723,15.000033,8.397831,3.1013346,29.793802,-31.568565,57.257576,12.4665165,6.276275,-3.597783,0.6942735,24.587664,-82.69148,-14.800893,39.201332,-7.6403284,-26.494978,0.027105678,0.05627365
204,10.79819393157959,26.86357879638672,55.56669235229492,0.9814497629995794,15.691673604203016,-148.43308340341665,-71.52958,48.228497,12.45387,96.99167,-30.297874,-5.413295,-69.20925,-34.826588,0.17686757,97.959145,-39.35514,15.000033,8.42591,3.0182488,29.793802,-31.182041,57.150497,13.206767,5.492053,-3.7462912,0.628843,24.531172,-82.76821,-14.831778,39.28603,-7.395945,-26.526777,-0.031480674,0.205995
205,10.719517707824707,26.818143844604492,55.918479919433594,0.9963494044091104,15.522419498060945,-148.243757136092,-70.62305,47.95336,12.921191,96.24339,-30.111137,-5.4990716,-68.25538,-34.980236,-0.30576664,97.192986,-39.231155,15.000033,8.455834,2.9338784,29.793802,-30.801676,57.05349,13.94241,4.705613,-3.7353914,0.5903303,24.489496,-82.8296,-14.87363,39.379887,-7.2126083,-26.358229,-0.106086716,0.29652023
206,10.642773628234863,26.765155792236328,56.27021026611328,0.999649042357139,15.360834962238311,-148.0580490836723,-69.75012,47.680435,13.363281,95.49795,-29.920712,-5.5698047,-67.301865,-35.122833,-0.80293787,96.41948,-39.098057,15.000033,8.485714,2.8477285,29.793802,-30.420279,56.96731,14.672125,3.9124281,-3.641098,0.5649448,24.451237,-82.871124,-14.925426,39.47931,-7.084178,-26.006815,-0.20209864,0.35406753
207,10.565689086914062,26.71319007873535,56.623069763183594,0.9946382652037664,15.199126475056184,-147.87200451300887,-68.88946,47.406128,13.796382,94.75243,-29.732782,-5.628568,-66.34085,-35.257698,-1.3116463,95.6391,-38.954926,15.000033,8.512751,2.7593408,29.793802,-30.052998,56.88723,15.37731,3.1325023,-3.5123537,0.54598427,24.420584,-82.88186,-14.983539,39.57215,-7.011236,-25.6051,-0.29986793,0.3877321
208,10.49238109588623,26.654321670532227,56.97090148925781,0.9827584963971254,15.029347805856206,-147.68155904556193,-68.0385,47.122513,14.205179,94.00678,-29.541643,-5.6951284,-65.360466,-35.389378,-1.8325926,94.851166,-38.80199,15.000033,8.535605,2.670952,29.793802,-29.716228,56.806103,16.03733,2.3817778,-3.3981042,0.5268049,24.402693,-82.85421,-15.0435095,39.6477,-6.9884686,-25.285786,-0.38014036,0.4066837
209,10.418618202209473,26.59345817565918,57.3200569152832,0.9629608969475802,14.849423556324217,-147.48595789636877,-67.19267,46.82912,14.589356,93.25928,-29.34797,-5.775082,-64.35835,-35.519043,-2.3654299,94.05802,-38.63559,15.000033,8.553647,2.586639,29.793802,-29.420527,56.71923,16.642504,1.6656715,-3.2853858,0.50909615,24.411709,-82.78611,-15.102148,39.706417,-7.0228324,-25.080196,-0.4379948,0.406824
210,10.346070289611816,26.527812957763672,57.67290115356445,0.9326154169580751,14.663988741041084,-147.28872703283275,-66.36052,46.53116,14.946151,92.51153,-29.151287,-5.8623133,-63.339386,-35.643566,-2.9065387,93.25769,-38.457886,15.000033,8.5704565,2.508952,29.793802,-29.157711,56.62698,17.202772,0.9759325,-3.1539812,0.4951731,24.44178,-82.68628,-15.158738,39.754368,-7.1066866,-24.920418,-0.4840023,0.38580132
211,10.274469375610352,26.458581924438477,58.01962661743164,0.896253048865941,14.47346218223169,-147.08915089023554,-65.536514,46.230705,15.286992,91.763145,-28.953331,-5.9468565,-62.305958,-35.764168,-3.4571755,92.44818,-38.271336,15.000033,8.585955,2.4341967,29.793802,-28.918432,56.530685,17.725641,0.31245556,-3.0387332,0.47873104,24.466541,-82.56238,-15.212905,39.79206,-7.2158237,-24.789513,-0.5220013,0.35519195
212,10.208807945251465,26.38658905029297,58.36396026611328,0.8578540486035042,14.278319473881385,-146.8869081195501,-64.7152,45.929886,15.622733,91.012985,-28.75544,-6.0190163,-61.259445,-35.879536,-4.0185695,91.62591,-38.08244,15.000033,8.600419,2.3586853,29.793802,-28.693712,56.432438,18.217575,-0.32174224,-2.9748158,0.4532402,24.45988,-82.420395,-15.264579,39.818687,-7.328853,-24.670424,-0.55558556,0.3264707
213,10.139983177185059,26.31340980529785,58.70988464355469,0.8187415305956365,14.079486733009873,-146.68226711588568,-63.896355,45.629784,15.957758,90.26084,-28.55729,-6.074723,-60.20084,-35.988792,-4.5923114,90.78751,-37.892773,15.000033,8.613101,2.2790537,29.793802,-28.48436,56.334217,18.680971,-0.9258461,-2.9961305,0.41740417,24.410015,-82.26002,-15.313207,39.83468,-7.4467254,-24.571218,-0.5874513,0.2907915
214,10.075119972229004,26.236225128173828,59.05554962158203,0.776653005774271,13.876253526095073,-146.47493668494653,-63.08141,45.32879,16.28675,89.507126,-28.358541,-6.1198797,-59.129257,-36.091072,-5.177666,89.936,-37.698616,15.000033,8.622587,2.1972892,29.793802,-28.290665,56.23689,19.114956,-1.5029583,-3.0767374,0.37464902,24.332142,-82.07878,-15.358212,39.84085,-7.5792956,-24.49652,-0.6150582,0.24594362
215,10.010522842407227,26.157289505004883,59.400169372558594,0.7304556244827246,13.667059559529262,-146.26435980864326,-62.27122,45.025597,16.603365,88.75348,-28.160198,-6.158977,-58.043995,-36.18766,-5.7710085,89.07736,-37.49814,15.000033,8.629578,2.1177232,29.793802,-28.110039,56.14034,19.517065,-2.050682,-3.1597846,0.32542297,24.24105,-81.87906,-15.399093,39.834785,-7.720091,-24.424921,-0.63442385,0.21339764
216,9.948237419128418,26.074993133544922,59.742767333984375,0.6788358591334102,13.450414618860357,-146.04995785529908,-61.46717,44.718964,16.900742,88.00235,-27.96415,-6.196556,-56.943817,-36.277443,-6.3695855,88.21656,-37.288017,15.000033,8.635469,2.0450282,29.793802,-27.93558,56.043907,19.887028,-2.5700755,-3.1898944,0.26992205,24.151783,-81.664,-15.435657,39.816,-7.8593335,-24.33518,-0.64148915,0.21471263
217,9.882311820983887,25.988584518432617,60.081260681152344,0.620321092698815,13.22213639922259,-145.82756315580667,-60.669533,44.40547,17.171944,87.253204,-27.769032,-6.2345166,-55.82143,-36.360725,-6.9746356,87.357475,-37.070576,15.000033,8.637931,1.982972,29.793802,-27.765802,55.947563,20.22165,-3.0545895,-3.1538348,0.20151493,24.057116,-81.42797,-15.467225,39.783672,-7.9967012,-24.19859,-0.62891364,0.26415813
218,9.822141647338867,25.90326690673828,60.41938018798828,0.5562886952140846,12.984420970626465,-145.59893829419673,-59.873264,44.088993,17.427753,86.504395,-27.57674,-6.268156,-54.680195,-36.439625,-7.587025,86.496025,-36.84327,15.000033,8.636908,1.9284313,29.793802,-27.605007,55.851738,20.522003,-3.5058649,-3.0798302,0.12209712,23.952976,-81.172005,-15.493558,39.73876,-8.137485,-24.033949,-0.60073406,0.3472891
219,9.762598991394043,25.80881690979004,60.757659912109375,0.4884892176324437,12.744876751579094,-145.37157350977077,-59.08442,43.772655,17.670416,85.75856,-27.38571,-6.2994704,-53.53477,-36.50934,-8.203667,85.62925,-36.607845,15.000033,8.637485,1.8756918,29.793802,-27.451933,55.756104,20.795902,-3.9364111,-2.9751532,0.044623587,23.858421,-80.90956,-15.515076,39.683475,-8.27751,-23.891073,-0.57009345,0.44255286
220,9.698272705078125,25.713882446289062,61.096046447753906,0.4196669637908283,12.511154507795954,-145.1531791678168,-58.301582,43.462093,17.911224,85.016045,-27.197515,-6.3275313,-52.400646,-36.566364,-8.8206,84.75301,-36.3594,15.000033,8.6440525,1.8193471,29.793802,-27.300747,55.659378,21.054684,-4.3634377,-2.847616,-0.01784227,23.792522,-80.65386,-15.532908,39.6206,-8.41723,-23.818579,-0.5503462,0.52865654
221,9.639604568481445,25.61397933959961,61.42770767211914,0.3468705953044006,12.282815395432586,-144.94568812688107,-57.529457,43.161007,18.145615,84.28035,-27.012299,-6.3507123,-51.27925,-36.6103,-9.440391,83.869644,-36.095947,15.000033,8.656655,1.7643259,29.793802,-27.148643,55.56077,21.30052,-4.785931,-2.681527,-0.0636862,23.774727,-80.40913,-15.5461855,39.54801,-8.554265,-23.855879,-0.5480889,0.6196755
222,9.58369255065918,25.5067081451416,61.75831985473633,0.26994719515668786,12.056661964768088,-144.7447208768891,-56.765232,42.86602,18.37203,83.54932,-26.829287,-6.3696814,-50.163876,-36.641605,-10.063343,82.979294,-35.818783,15.000033,8.672432,1.7115219,29.793802,-26.996544,55.45969,21.530083,-5.1989503,-2.4778905,-0.09915213,23.789629,-80.16844,-15.553921,39.465244,-8.688188,-23.968111,-0.5555761,0.72073436
223,9.531279563903809,25.398942947387695,62.085289001464844,0.19588206450105314,11.836235395718138,-144.5494493684393,-56.003284,42.571537,18.600391,82.81874,-26.649103,-6.3879647,-49.05788,-36.6638,-10.680563,82.07785,-35.533623,15.000033,8.69232,1.649996,29.793802,-26.838842,55.354828,21.749607,-5.6152673,-2.270707,-0.12267118,23.804525,-79.9287,-15.55856,39.37853,-8.825557,-24.09254,-0.56406605,0.7965198
224,9.476527214050293,25.291419982910156,62.40609359741211,0.12328654534229086,11.697866770055958,-144.35644451090747,-55.328087,42.27328,18.832935,82.0764,-26.458672,-6.397838,-48.04202,-36.673084,-11.294667,81.15509,-35.230656,15.000033,8.740792,1.5728562,29.507727,-26.6952,55.23875,21.759268,-5.917334,-2.0703828,-0.14078227,23.793045,-79.466705,-15.550708,39.299786,-8.9705,-24.157795,-0.58105356,0.79850006
225,9.42123794555664,25.178373336791992,62.725669860839844,0.0659527522356156,11.58534257962423,-144.1742074794673,-54.660397,41.971455,19.088507,81.32959,-26.26928,-6.4118953,-47.067642,-36.67304,-11.879594,80.21571,-34.928364,15.000033,8.816051,1.4740003,29.176832,-26.604305,55.11942,21.687777,-6.1898966,-1.8998386,-0.14772159,23.761078,-78.9774,-15.541379,39.21641,-9.11858,-24.17003,-0.5921574,0.72828156
226,9.361401557922363,25.05882453918457,63.04294967651367,0.019623054535123,11.488564634792196,-144.00115173982454,-53.994957,41.667873,19.360575,80.580666,-26.08099,-6.427853,-46.12089,-36.664734,-12.442707,79.26135,-34.622692,15.000033,8.905266,1.3555497,28.830965,-26.522568,54.998734,21.589039,-6.4651947,-1.7497073,-0.14270937,23.716208,-78.477455,-15.535985,39.13111,-9.280204,-24.155754,-0.59958565,0.60521924
227,9.305370330810547,24.93385887145996,63.36270523071289,-0.026410976528605773,11.391464245194282,-143.82448214480274,-53.327248,41.3576,19.6286,79.82528,-25.898571,-6.4426093,-45.165905,-36.653618,-13.0103,78.29556,-34.30515,15.000033,8.993519,1.2297623,28.48167,-26.438875,54.8722,21.466213,-6.736207,-1.6088547,-0.12508595,23.633596,-77.95952,-15.537153,39.054012,-9.442668,-24.101746,-0.60109985,0.44036108
228,9.246222496032715,24.801176071166992,63.67915725708008,-0.08300181177965439,11.277837707380789,-143.63129008998027,-52.65424,41.037025,19.871178,79.06354,-25.722147,-6.4524775,-44.164936,-36.642963,-13.609976,77.31742,-33.971607,15.000033,9.068728,1.1114279,28.139175,-26.348333,54.732418,21.315485,-6.9956417,-1.4641875,-0.09445842,23.489532,-77.416664,-15.5473585,38.995075,-9.58984,-23.995945,-0.5946312,0.24490482
229,9.185564041137695,24.662338256835938,63.99580383300781,-0.1490970640386062,11.148226163687363,-143.42102565900527,-51.976223,40.705456,20.091043,78.296036,-25.552523,-6.4530706,-43.124325,-36.63863,-14.238712,76.338806,-33.616947,15.000033,9.131794,1.0015688,27.804102,-26.24898,54.574486,21.139107,-7.2463427,-1.3184149,-0.053860776,23.286057,-76.853195,-15.5687275,38.962673,-9.722655,-23.79323,-0.5754395,-0.012803611
230,9.12822437286377,24.517934799194336,64.314697265625,-0.22020939656329877,11.00958896983467,-143.19936646334483,-51.294373,40.364937,20.296535,77.523384,-25.38849,-6.447542,-42.05843,-36.63388,-14.886081,75.354866,-33.244476,15.000033,9.188993,0.8960467,27.472364,-26.140434,54.39628,20.940369,-7.496678,-1.1731342,-0.0030367512,23.03244,-76.269875,-15.60249,38.949696,-9.849125,-23.513914,-0.54699314,-0.32764968
231,9.063982009887695,24.36495018005371,64.63713836669922,-0.30290739375048154,10.856164976254245,-142.9631356707278,-50.607258,40.015602,20.474611,76.7428,-25.230234,-6.443653,-40.9434,-36.62157,-15.566272,74.34869,-32.859932,15.000033,9.236399,0.80235493,27.14578,-26.012218,54.19426,20.719767,-7.748927,-1.0164212,0.06318038,22.716557,-75.657875,-15.650818,38.949867,-9.957977,-23.241686,-0.5186794,-0.6325669
232,9.005763053894043,24.204553604125977,64.96163940429688,-0.4039206166078432,10.681957399799426,-142.70893019715675,-49.91503,39.658623,20.611273,75.95611,-25.075968,-6.4488707,-39.756973,-36.59269,-16.292707,73.30477,-32.464703,15.000033,9.270719,0.7287018,26.825693,-25.85162,53.964073,20.47866,-8.00912,-0.8362502,0.1495793,22.32631,-75.00737,-15.716623,38.956448,-10.041832,-23.060453,-0.49838617,-0.8602443
233,8.944878578186035,24.035980224609375,65.28651428222656,-0.5276709879251077,10.482939603240924,-142.44021799743663,-49.21561,39.297516,20.698328,75.16407,-24.928993,-6.4718633,-38.494473,-36.53609,-17.06349,72.22153,-32.066418,15.000033,9.297293,0.68164474,26.517038,-25.66504,53.70281,20.226261,-8.279241,-0.6047877,0.2748929,21.821411,-74.319984,-15.802362,38.96994,-10.100974,-23.000822,-0.4904318,-0.9998601
234,8.885058403015137,23.856969833374023,65.6117172241211,-0.6702744064449006,10.263135470626729,-142.15744736493457,-48.50748,38.932716,20.747581,74.36608,-24.789572,-6.50518,-37.16796,-36.45878,-17.874138,71.10481,-31.655552,15.000033,9.316169,0.6571293,26.21791,-25.449165,53.40902,19.96335,-8.5626335,-0.33432803,0.42891535,21.21979,-73.59899,-15.909839,38.994495,-10.141201,-23.013456,-0.48877984,-1.0848912
235,8.823222160339355,23.666595458984375,65.9413833618164,-0.8258402150084103,10.029457019590717,-141.85144677655305,-47.79623,38.556007,20.765053,73.55993,-24.650305,-6.5363855,-35.78131,-36.36589,-18.72632,69.95292,-31.22942,15.000033,9.320106,0.6479566,25.92051,-25.189728,53.08023,19.668139,-8.858231,-0.07158951,0.5740345,20.596943,-72.83139,-16.03899,39.02375,-10.163475,-23.068073,-0.48464566,-1.1153462
236,8.758795738220215,23.468332290649414,66.27811431884766,-0.9883582769234515,9.788584768872264,-141.51362765142147,-47.08437,38.16085,20.761606,72.742836,-24.505104,-6.5511775,-34.335564,-36.268085,-19.627563,68.76045,-30.774307,15.000033,9.302202,0.6474937,25.615965,-24.877018,52.714268,19.314306,-9.163567,0.1370198,0.67431355,20.029587,-72.00423,-16.18948,39.05119,-10.168552,-23.133152,-0.46946347,-1.0911038
237,8.695197105407715,23.26146125793457,66.61827087402344,-1.1620330958965248,9.541453959558016,-141.14015798889554,-46.37964,37.748592,20.731308,71.91785,-24.352259,-6.5459695,-32.81894,-36.16734,-20.59772,67.52285,-30.297243,15.000033,9.260088,0.6610778,25.300833,-24.501461,52.31046,18.88825,-9.486038,0.27150428,0.7218159,19.536613,-71.115425,-16.361624,39.07483,-10.150661,-23.210775,-0.43684873,-0.9977657
238,8.630255699157715,23.037630081176758,66.95860290527344,-1.3487532875228028,9.285354667336867,-140.73620354927925,-45.677193,37.32242,20.67181,71.08457,-24.194664,-6.5280685,-31.235767,-36.05125,-21.627056,66.242966,-29.799974,15.000033,9.200799,0.6917773,24.979996,-24.075481,51.869686,18.398752,-9.820281,0.36077878,0.73638904,19.07876,-70.16879,-16.556255,39.09724,-10.112578,-23.314825,-0.3928344,-0.840267
239,8.567533493041992,22.800352096557617,67.30511474609375,-1.5395414674418064,9.021096372118352,-140.3066123252397,-44.965515,36.878902,20.59509,70.23857,-24.034784,-6.5009947,-29.61059,-35.91689,-22.677221,64.930305,-29.268902,15.000033,9.129688,0.72918534,24.656828,-23.618208,51.39277,17.85578,-10.152146,0.42994,0.72476375,18.646826,-69.16162,-16.774054,39.11903,-10.064619,-23.429314,-0.3477649,-0.6472774
240,8.50096321105957,22.555940628051758,67.65741729736328,-1.7252843739162222,8.749791528684627,-139.85615683159253,-44.233337,36.41486,20.51252,69.37542,-23.874693,-6.468522,-27.970442,-35.75954,-23.708511,63.595356,-28.690723,15.000033,9.053114,0.76292866,24.334871,-23.147842,50.88028,17.269114,-10.4665785,0.50327957,0.6934751,18.2312,-68.09034,-17.015245,39.141407,-10.017118,-23.541069,-0.3118779,-0.44743618
241,8.437599182128906,22.30216407775879,68.0116195678711,-1.9080245333989372,8.469349450852663,-139.37733206991203,-43.481537,35.924057,20.414864,68.49141,-23.715246,-6.4303164,-26.29072,-35.57394,-24.735846,62.20662,-28.080387,15.000033,8.96335,0.79062974,24.012663,-22.665657,50.330387,16.637693,-10.756793,0.57942617,0.6239001,17.81791,-66.94591,-17.280052,39.164204,-9.960194,-23.626799,-0.28760052,-0.24287336
242,8.377437591552734,22.035491943359375,68.36553955078125,-2.0916878918793387,8.180181191637404,-138.87028377060489,-42.71455,35.410587,20.299313,67.58939,-23.555243,-6.385272,-24.570166,-35.358585,-25.769382,60.76851,-27.438452,15.000033,8.860773,0.81884354,23.690052,-22.158806,49.742958,15.958415,-11.036671,0.64841425,0.51952094,17.41567,-65.730835,-17.568487,39.185802,-9.896786,-23.70099,-0.269376,-0.02052044
243,8.319402694702148,21.755016326904297,68.71842956542969,-2.2706898476903907,7.886546147336447,-138.3522573130737,-41.928955,34.885567,20.185244,66.67578,-23.393478,-6.3356705,-22.866837,-35.129223,-26.764174,59.346836,-26.729322,15.000033,8.760957,0.849659,23.372217,-21.625937,49.123222,15.238992,-11.313957,0.72214097,0.41974032,17.049362,-64.46204,-17.880941,39.20213,-9.845529,-23.8023,-0.25604022,0.21416746
244,8.258576393127441,21.462568283081055,69.0766372680664,-2.4391147394073336,7.592270673718392,-137.84050437542402,-41.11983,34.35897,20.093487,65.75443,-23.227964,-6.283725,-21.239176,-34.902275,-27.676376,58.00856,-25.91773,15.000033,8.678661,0.8831123,23.064085,-21.06508,48.479725,14.487788,-11.598108,0.8111333,0.36396584,16.74378,-63.15427,-18.217693,39.207306,-9.830522,-23.969488,-0.24660647,0.4557397
245,8.200279235839844,21.16558074951172,69.43408203125,-2.5973953868400477,7.294715300050829,-137.33318487281554,-40.284847,33.83117,20.022068,64.82383,-23.055115,-6.2334,-19.674189,-34.678894,-28.519112,56.74219,-24.987299,15.000033,8.613739,0.9164208,22.767279,-20.478746,47.817764,13.685214,-11.889969,0.9102949,0.37001166,16.539198,-61.802498,-18.579746,39.197384,-9.859493,-24.229021,-0.24435401,0.7135062
246,8.154541015625,20.862775802612305,69.78751373291016,-2.747963605716633,6.992494925999742,-136.82286490592142,-39.427395,33.296864,19.9615,63.88264,-22.877079,-6.1826653,-18.150934,-34.45836,-29.307028,55.52477,-23.960018,15.000033,8.561116,0.9482163,22.479252,-19.872293,47.140343,12.826871,-12.181358,1.0159345,0.4150402,16.412136,-60.395916,-18.967642,39.171833,-9.924232,-24.555737,-0.24956451,0.9868384
247,8.113457679748535,20.551105499267578,70.14038848876953,-2.886421021912044,6.691227930559954,-136.31872234076295,-38.550415,32.755905,19.921635,62.934574,-22.70032,-6.1248074,-16.71175,-34.25942,-30.005005,54.404358,-22.855791,15.000033,8.523755,0.9784363,22.201063,-19.25333,46.454105,11.945869,-12.459925,1.1397166,0.47670203,16.289051,-58.947727,-19.379835,39.134163,-10.023211,-24.907639,-0.25696188,1.2556121
248,8.079690933227539,20.227609634399414,70.4898681640625,-3.007754121970153,6.3967811934411865,-135.83009410695297,-37.656178,32.207474,19.912832,61.980923,-22.53002,-6.05328,-15.398483,-34.102802,-30.579716,53.429848,-21.695751,15.000033,8.500932,1.0041426,21.9337,-18.618317,45.766422,11.086296,-12.721771,1.2904251,0.53267,16.096619,-57.4779,-19.813099,39.092022,-10.147324,-25.240822,-0.26086867,1.4999803
249,8.052721977233887,19.891603469848633,70.83695983886719,-3.108633879714771,6.112332201744376,-135.36575233969526,-36.740795,31.652407,19.946144,61.02001,-22.36714,-5.9682674,-14.238888,-33.99726,-30.994205,52.625393,-20.469912,15.000033,8.498062,1.019207,21.676657,-17.95704,45.079422,10.258951,-12.97715,1.4630445,0.58808076,15.811339,-55.98135,-20.262783,39.044827,-10.309629,-25.581059,-0.25606546,1.715391
250,8.034520149230957,19.55106544494629,71.17698669433594,-3.1899653544074846,5.833810169873039,-134.9183315139413,-35.8039,31.087683,20.01343,60.049156,-22.207764,-5.8729897,-13.202831,-33.94097,-31.277952,51.963238,-19.177053,15.000033,8.507071,1.021936,21.430927,-17.267612,44.393105,9.4488735,-13.227756,1.6523063,0.6507665,15.473166,-54.460945,-20.726671,38.99319,-10.500318,-25.93604,-0.24721359,1.9127173
251,8.028624534606934,19.203004837036133,71.50823211669922,-3.2542990784897694,5.55599146845358,-134.4731205760441,-34.854496,30.505955,20.095518,59.071823,-22.05177,-5.765391,-12.25024,-33.94084,-31.493446,51.425957,-17.852003,15.000033,8.515186,1.0170575,21.201714,-16.563213,43.710407,8.656285,-13.458458,1.8656482,0.7018357,15.104005,-52.923214,-21.200634,38.93611,-10.704271,-26.252596,-0.24170722,2.0930498
252,8.025073051452637,18.84715461730957,71.8361587524414,-3.3041437978308505,5.27387623815258,-134.01503335412482,-33.90176,29.900698,20.17273,58.091686,-21.898932,-5.6435905,-11.338563,-34.001762,-31.704842,50.990482,-16.529045,15.000033,8.506925,1.0089208,20.993992,-15.854516,43.03591,7.8854733,-13.656868,2.1085618,0.7225511,14.725477,-51.380108,-21.679642,38.874863,-10.899524,-26.474115,-0.24694441,2.257779
253,8.033587455749512,18.486000061035156,72.16118621826172,-3.347232683738411,4.990841761605383,-133.54987029080525,-32.948105,29.28009,20.244537,57.105568,-21.749443,-5.5064216,-10.468181,-34.11322,-31.91997,50.64575,-15.1871195,15.000033,8.493156,1.005307,20.805082,-15.150681,42.36797,7.1339574,-13.807615,2.3936853,0.7028388,14.319213,-49.790302,-22.152376,38.804306,-11.1018,-26.605783,-0.26456517,2.404912
254,8.043442726135254,18.12047576904297,72.47491455078125,-3.377624847066442,4.707478761970054,-133.08189837632662,-31.987013,28.640844,20.320452,56.110466,-21.602417,-5.3556533,-9.657036,-34.283092,-32.105747,50.407272,-13.819784,15.000033,8.442682,0.99327606,20.62228,-14.411077,41.707188,6.431598,-13.919605,2.7119417,0.65311754,13.882991,-48.289417,-22.635298,38.739246,-11.235579,-26.562569,-0.2941772,2.5401833
255,8.0610933303833,17.74956703186035,72.77935791015625,-3.3798544488402595,4.4147843709488725,-132.5939245289757,-31.014425,27.962097,20.393593,55.10938,-21.45494,-5.193349,-8.888543,-34.527664,-32.26385,50.288723,-12.488739,15.000033,8.3775625,0.9647437,20.472559,-13.671494,41.058918,5.740518,-14.020358,3.0359187,0.58738375,13.459678,-46.76143,-23.115765,38.670017,-11.383576,-26.5005,-0.3274306,2.6577513
256,8.082883834838867,17.3758487701416,73.07361602783203,-3.3382832254800174,4.103463293071655,-132.06893306097322,-30.02543,27.222656,20.457024,54.10381,-21.30327,-5.0209484,-8.144401,-34.86719,-32.396534,50.30283,-11.254865,15.000033,8.289291,0.9042615,20.367355,-12.950588,40.436066,5.0404515,-14.121586,3.3373547,0.5204044,13.0953455,-45.203438,-23.58269,38.595463,-11.551723,-26.476965,-0.3607834,2.7584896
257,8.107357025146484,17.00319480895996,73.3576889038086,-3.248526021086009,3.7680583014659876,-131.49846059673558,-29.011822,26.41043,20.506502,53.083546,-21.144672,-4.835051,-7.4116445,-35.315422,-32.51042,50.458275,-10.128102,15.000033,8.139366,0.79799205,20.29918,-12.219905,39.849854,4.357214,-14.215985,3.606248,0.44915792,12.790719,-43.758488,-24.050066,38.53256,-11.646824,-26.34408,-0.3963302,2.8529282
258,8.129261016845703,16.628257751464844,73.62902069091797,-3.117461542856763,3.4137098921856386,-130.89284108826308,-27.978708,25.536331,20.543056,52.050026,-20.977867,-4.6353207,-6.7003827,-35.85753,-32.5975,50.741817,-9.081541,15.000033,7.9604588,0.6545402,20.272142,-11.501557,39.300266,3.675117,-14.297321,3.8530037,0.36959383,12.526128,-42.294003,-24.508118,38.465054,-11.755521,-26.193472,-0.43267894,2.9338098
259,8.162127494812012,16.255216598510742,73.88455200195312,-2.944500510017594,3.0467382009270163,-130.26455331609029,-26.933723,24.609741,20.573198,51.007557,-20.80288,-4.4268885,-6.0307045,-36.47511,-32.635418,51.138367,-8.1228,15.000033,7.755548,0.46968305,20.27544,-10.799378,38.789406,2.9942784,-14.365272,4.0799136,0.29430267,12.32065,-40.866447,-24.956278,38.39313,-11.844821,-26.053144,-0.47524294,2.9945126
260,8.194201469421387,15.889805793762207,74.12890625,-2.7292547690517073,2.673674508497831,-129.62609722685227,-25.886114,23.640768,20.602848,49.96311,-20.619745,-4.2148232,-5.4223757,-37.146233,-32.603146,51.62975,-7.256693,15.000033,7.5404243,0.24250773,20.304781,-10.130883,38.31927,2.305132,-14.418059,4.288499,0.2361176,12.19215,-39.459343,-25.388554,38.311474,-11.932332,-26.012432,-0.52731115,3.02551
261,8.225445747375488,15.542078018188477,74.36698150634766,-2.545828302097797,2.324274401071953,-129.0327744681947,-24.891418,22.746656,20.609735,48.934017,-20.413858,-4.023444,-4.875452,-37.863697,-32.90787,52.219276,-6.4597745,13.508068,7.3563457,0.026876543,20.329168,-9.495591,37.892006,1.6021671,-14.458417,4.481939,0.20064409,12.180347,-38.077938,-25.800959,38.22075,-12.010963,-26.094648,-0.59983826,3.0101366
262,8.252564430236816,15.21479606628418,74.5967788696289,-2.554845782450908,2.0672215405987417,-128.57790781749674,-24.082125,22.159824,20.539732,48.038437,-20.236725,-3.8877883,-4.5053706,-38.38641,-33.28631,52.851295,-5.723515,11.739932,7.2980475,-0.01596592,20.24691,-8.883588,37.504776,0.8936335,-14.486539,4.6576695,0.18101497,12.2677765,-36.7266,-26.194006,38.12784,-12.073713,-26.25909,-0.6890211,2.9582498
263,8.277841567993164,14.89690113067627,74.8130111694336,-2.55574355504775,1.8222805222718197,-128.1230225071965,-23.302893,21.577827,20.457993,47.1665,-20.062588,-3.7529607,-4.1739817,-38.939327,-33.684456,53.537598,-5.1531005,9.8105545,7.232935,-0.072663024,20.16382,-8.301313,37.15507,0.19018851,-14.494798,4.809088,0.17120475,12.380321,-35.408073,-26.566202,38.03239,-12.122496,-26.476639,-0.77439076,2.9010606
264,8.310028076171875,14.585748672485352,75.01382446289062,-2.559313467225009,1.6033872376780531,-127.66714134374192,-22.57658,21.012033,20.354563,46.32558,-19.895212,-3.6178255,-3.8769236,-39.461906,-34.079636,54.2136,-4.8138413,7.7341013,7.1573215,-0.13775988,20.062012,-7.744622,36.837173,-0.4922135,-14.483632,4.929934,0.16472788,12.447083,-34.123375,-26.916677,37.93615,-12.162211,-26.7213,-0.8368728,2.8699043
265,8.33889389038086,14.284372329711914,75.20581817626953,-2.5652623050614123,1.4162617103302866,-127.21571422384062,-21.907593,20.46511,20.235836,45.5173,-19.73679,-3.477076,-3.594282,-40.03992,-34.603706,54.94883,-4.7431583,5.1755676,7.0695767,-0.21113689,19.934624,-7.2011476,36.547886,-1.1408986,-14.4611,5.010461,0.165553,12.453415,-32.88322,-27.244438,37.852814,-12.189655,-27.02571,-0.8619517,2.8642688
266,8.364420890808105,13.983471870422363,75.38632202148438,-2.5707644540145487,1.2534918314242431,-126.76844052232653,-21.284407,19.934233,20.105118,44.737583,-19.584639,-3.333298,-3.336834,-40.659763,-35.21644,55.751232,-4.916942,2.2454014,6.9691143,-0.29267666,19.790415,-6.6653485,36.28605,-1.7578014,-14.433137,5.0576816,0.1750419,12.434309,-31.693726,-27.54857,37.7831,-12.195127,-27.388184,-0.8628659,2.870685
267,8.387555122375488,13.693082809448242,75.5506591796875,-2.583446781591497,1.1106455101357433,-126.31666679942359,-20.70994,19.424953,19.948008,43.99305,-19.438732,-3.1967645,-3.1678722,-41.093277,-35.6038,56.45758,-5.252558,-0.34995303,6.857143,-0.3744388,19.634895,-6.1499944,36.047783,-2.3539534,-14.390588,5.091093,0.18225788,12.394331,-30.534971,-27.827806,37.7045,-12.188508,-27.737814,-0.8622741,2.9008105
268,8.40770149230957,13.405821800231934,75.7073974609375,-2.60918783591564,0.9830151829033089,-125.85063743675546,-20.186777,18.941437,19.750633,43.290516,-19.299294,-3.077417,-3.1576803,-41.11369,-35.440323,56.897305,-5.615014,-1.8938316,6.735947,-0.44927782,19.473425,-5.668096,35.827938,-2.9433024,-14.326403,5.1314735,0.17823823,12.3378315,-29.38717,-28.082157,37.5946,-12.176831,-28.003708,-0.8832422,2.9666052
269,8.420013427734375,13.137107849121094,75.84999084472656,-2.652315749892704,0.8717777824001548,-125.36331273589904,-19.725237,18.488472,19.502405,42.640774,-19.168707,-2.9811523,-3.3223267,-40.591423,-34.56614,56.97475,-5.9808626,-1.9552258,6.604444,-0.51138234,19.304256,-5.2312107,35.623444,-3.5260494,-14.229196,5.1809945,0.15413873,12.243463,-28.241457,-28.31164,37.43867,-12.167087,-28.149048,-0.9342086,3.0959024
270,8.433009147644043,12.878735542297363,75.98474884033203,-2.7076562306493885,0.7776678516040259,-124.86061164303632,-19.319136,18.062002,19.21483,42.03866,-19.047243,-2.900727,-3.602647,-39.667713,-33.199127,56.80296,-6.402628,-0.99702775,6.463465,-0.5648604,19.125896,-4.832214,35.433765,-4.099111,-14.104437,5.2316422,0.11732969,12.1163225,-27.107523,-28.517067,37.251217,-12.153201,-28.217607,-1.002245,3.274545
271,8.43982219696045,12.622655868530273,76.10960388183594,-2.7658112230949516,0.695270676399996,-124.35221387277694,-18.94843,17.652838,18.90622,41.472042,-18.933323,-2.8262043,-3.95535,-38.53111,-31.582376,56.52681,-6.851132,0.35412198,6.317824,-0.6178669,18.944742,-4.4645762,35.257996,-4.672855,-13.961063,5.2867374,0.08051195,12.00079,-25.993048,-28.699972,37.05164,-12.126633,-28.256096,-1.0778884,3.4506814
272,8.444768905639648,12.37202262878418,76.22433471679688,-2.8185856202606603,0.6197238474497224,-123.84848580178435,-18.594603,17.252832,18.594185,40.928017,-18.824911,-2.7480152,-4.3637786,-37.36063,-29.923697,56.2827,-7.2652197,1.4874924,6.1733894,-0.67774314,18.765888,-4.1228614,35.094505,-5.2593484,-13.806956,5.35055,0.056537103,11.941633,-24.90892,-28.862917,36.857967,-12.074532,-28.30761,-1.1518753,3.57226
273,8.444549560546875,12.129459381103516,76.33172607421875,-2.8680422125258014,0.5525843014023943,-123.34884507999347,-18.264795,16.866636,18.27498,40.41529,-18.724325,-2.663518,-4.8752947,-36.115368,-28.139294,56.0905,-7.6330066,2.296629,6.0305896,-0.74252236,18.58689,-3.8123398,34.943718,-5.8656588,-13.6400585,5.4361424,0.052455302,11.964842,-23.85949,-29.008743,36.67503,-11.992111,-28.379898,-1.2302588,3.6192868
274,8.444326400756836,11.894075393676758,76.43274688720703,-2.9168021793014396,0.49442930624095577,-122.84831308844711,-17.963024,16.49544,17.942701,39.935196,-18.631191,-2.5773761,-5.4573865,-34.72479,-26.184128,55.887512,-7.996011,3.0861142,5.887681,-0.80920595,18.407696,-3.53394,34.80496,-6.484727,-13.458506,5.5376763,0.060373735,12.041883,-22.834898,-29.13799,36.490593,-11.889349,-28.450329,-1.3147255,3.6211548
275,8.440691947937012,11.664066314697266,76.52737426757812,-2.9576905963074087,0.44095879739502697,-122.35160523173883,-17.672443,16.128338,17.609644,39.471924,-18.54234,-2.4912796,-6.015734,-33.30843,-24.277233,55.674294,-8.334211,3.8799832,5.7458196,-0.8841353,18.233364,-3.2775905,34.674866,-7.10683,-13.266212,5.6311655,0.070533514,12.135499,-21.830528,-29.251314,36.30449,-11.775233,-28.521172,-1.3900812,3.601381
276,8.437700271606445,11.443527221679688,76.62145233154297,-2.983860710465907,0.3887078105337157,-121.86390909499,-17.376749,15.755233,17.288128,39.008263,-18.453943,-2.4074123,-6.4770365,-31.99424,-22.618074,55.445747,-8.620952,4.7058997,5.606328,-0.97248816,18.068373,-3.030944,34.54826,-7.721211,-13.0695095,5.6940346,0.07279008,12.207777,-20.838383,-29.34832,36.11753,-11.658738,-28.598724,-1.441307,3.5829096
277,8.435755729675293,11.222071647644043,76.70632934570312,-2.9929966338678122,0.3384187962702311,-121.39024894047371,-17.07365,15.374666,16.983807,38.54268,-18.367197,-2.3276913,-6.8535914,-30.794582,-21.207233,55.193466,-8.8134575,5.61191,5.469695,-1.0760025,17.911627,-2.7873585,34.4213,-8.325883,-12.872718,5.711114,0.06643017,12.264432,-19.858383,-29.428429,35.935047,-11.546085,-28.693224,-1.4540052,3.564106
278,8.427634239196777,11.001786231994629,76.78732299804688,-2.989065950865711,0.2920382002322905,-120.92727765159029,-16.77111,14.991779,16.689684,38.08086,-18.281876,-2.2507536,-7.1905084,-29.650677,-19.93812,54.91635,-8.934738,6.5751843,5.33436,-1.1904846,17.760143,-2.553053,34.29333,-8.924324,-12.671801,5.699515,0.055942543,12.319313,-18.89778,-29.49175,35.75811,-11.426848,-28.798733,-1.4397571,3.5351381
279,8.41864013671875,10.788359642028809,76.86285400390625,-2.9754900388150665,0.24780429042743068,-120.46781257127657,-16.471504,14.607516,16.398407,37.623615,-18.196226,-2.1743944,-7.4808755,-28.588621,-18.836601,54.619167,-9.049972,7.51689,5.198458,-1.3123815,17.614925,-2.3337204,34.163715,-9.514372,-12.461273,5.685089,0.03878329,12.34692,-17.957706,-29.538897,35.579853,-11.292413,-28.894335,-1.4198718,3.508306
280,8.409133911132812,10.57166862487793,76.93639373779297,-2.9554070807897537,0.20400573578112025,-120.00421789174723,-16.177176,14.222575,16.10256,37.172512,-18.108614,-2.0962439,-7.719363,-27.634602,-17.929262,54.307083,-9.219652,8.355498,5.0602202,-1.4381323,17.477499,-2.1364636,34.03217,-10.093435,-12.23438,5.6929007,0.012612263,12.321711,-17.039967,-29.570934,35.39259,-11.134096,-28.957384,-1.4156419,3.4956682
281,8.399702072143555,10.362396240234375,77.00534057617188,-2.9272770083083133,0.15966013576345933,-119.53376723776924,-15.886592,13.833733,15.801604,36.724567,-18.016768,-2.016336,-7.9083796,-26.802223,-17.229378,53.982162,-9.441942,9.081574,4.9177814,-1.570588,17.349403,-1.9605874,33.898037,-10.656967,-11.995478,5.711971,-0.02404379,12.2164545,-16.144445,-29.58899,35.190422,-10.956208,-28.956572,-1.4332795,3.5088239
282,8.383207321166992,10.159449577331543,77.07120513916016,-2.8904425838595147,0.11609243119970394,-119.06085877644297,-15.599451,13.4417925,15.499162,36.279896,-17.921938,-1.9360127,-8.062047,-26.07556,-16.710575,53.63639,-9.679563,9.735563,4.7733665,-1.7100272,17.229586,-1.8041427,33.76092,-11.207694,-11.745893,5.7340875,-0.06952746,12.051624,-15.268212,-29.59353,34.977432,-10.764336,-28.911434,-1.4610219,3.5383425
283,8.37126350402832,9.963428497314453,77.13439178466797,-2.8491618921681487,0.07497389164212215,-118.5892512531373,-15.318376,13.053038,15.194366,35.841633,-17.826395,-1.8550601,-8.191565,-25.440674,-16.340342,53.264,-9.939115,10.30951,4.6315002,-1.8503135,17.115086,-1.6659018,33.620995,-11.753291,-11.479844,5.7910666,-0.12194295,11.873105,-14.40912,-29.585499,34.76227,-10.550151,-28.879019,-1.4939454,3.5655031
284,8.354643821716309,9.771456718444824,77.1955337524414,-2.8082070237922157,0.037975566764913836,-118.12269091268496,-15.045755,12.673746,14.886757,35.411602,-17.731638,-1.7731159,-8.305269,-24.882795,-16.088013,52.858177,-10.227401,10.7955475,4.4971733,-1.9843823,17.00376,-1.5469772,33.478344,-12.302451,-11.190635,5.913578,-0.17938776,11.727122,-13.562618,-29.564917,34.55188,-10.30874,-28.915314,-1.5269756,3.5709996
285,8.339579582214355,9.578191757202148,77.25218200683594,-2.768185571325574,0.004874608872243819,-117.6598796394,-14.783426,12.304105,14.574257,34.992958,-17.638453,-1.6886672,-8.400116,-24.41272,-15.975084,52.417816,-10.552259,11.191295,4.3720083,-2.1101432,16.897015,-1.4519371,33.333008,-12.859595,-10.876399,6.1148944,-0.24421816,11.619902,-12.724303,-29.531527,34.3436,-10.039714,-29.063293,-1.5602223,3.5464973
286,8.31724739074707,9.393945693969727,77.30976867675781,-2.727135241427474,-0.024681468761481067,-117.19976101107676,-14.529303,11.941433,14.25805,34.582188,-17.545189,-1.6028024,-8.475815,-24.027819,-16.005793,51.942467,-10.901267,11.5043545,4.254083,-2.231375,16.794916,-1.3806565,33.184677,-13.420487,-10.5387945,6.376388,-0.3166041,11.52945,-11.897768,-29.485928,34.134853,-9.744932,-29.28369,-1.5957625,3.5035026
287,8.292434692382812,9.210493087768555,77.36801147460938,-2.6858244129808333,-0.04968509047282257,-116.74648304870857,-14.282118,11.588295,13.941998,34.177933,-17.452791,-1.519193,-8.544064,-23.70125,-16.122526,51.43107,-11.254533,11.742167,4.142732,-2.3495603,16.693932,-1.3230051,33.032413,-13.979434,-10.180651,6.6833806,-0.39156976,11.459506,-11.088444,-29.428299,33.93147,-9.4251375,-29.509766,-1.631805,3.4518168
288,8.269124984741211,9.033770561218262,77.42317962646484,-2.644627263048006,-0.06897908327756161,-116.3038071240847,-14.039465,11.246697,13.630161,33.776745,-17.361073,-1.4412944,-8.615776,-23.404495,-16.26846,50.883186,-11.593594,11.910967,4.0361423,-2.4670098,16.589628,-1.2673379,32.87511,-14.529515,-9.804275,7.0218663,-0.46405306,11.413624,-10.3057375,-29.359482,33.741905,-9.07617,-29.675121,-1.6666154,3.4017382
289,8.241719245910645,8.854218482971191,77.47249603271484,-2.6073157500763333,-0.0830142869470397,-115.87329810577897,-13.801928,10.92166,13.321507,33.380478,-17.271496,-1.3711306,-8.687302,-23.140131,-16.463043,50.29964,-11.920748,12.001777,3.932859,-2.5797355,16.482496,-1.2113813,32.711716,-15.06977,-9.411807,7.411297,-0.5336233,11.408088,-9.552345,-29.279627,33.56856,-8.699441,-29.761002,-1.6972449,3.3533146
290,8.210177421569824,8.683605194091797,77.52139282226562,-2.5728255800223625,-0.09194196772439422,-115.45275015757343,-13.570949,10.610806,13.014582,32.990807,-17.183756,-1.3066739,-8.754463,-22.917841,-16.724329,49.68049,-12.243561,12.018771,3.8331473,-2.688211,16.37359,-1.1588174,32.542076,-15.601827,-9.001855,7.852564,-0.6021892,11.435969,-8.826685,-29.189682,33.409405,-8.292434,-29.803642,-1.7255061,3.3023174
291,8.177393913269043,8.508994102478027,77.57159423828125,-2.5338623271388006,-0.09457226055537162,-115.04078695013273,-13.343863,10.305195,12.712885,32.59991,-17.093971,-1.2452166,-8.827073,-22.71171,-16.99567,49.018734,-12.548114,11.984963,3.7384512,-2.7987084,16.261686,-1.1099594,32.36693,-16.123499,-8.572296,8.301589,-0.6689554,11.464508,-8.124273,-29.089512,33.26219,-7.855984,-29.816906,-1.7563871,3.2512498
292,8.142679214477539,8.348400115966797,77.61707305908203,-2.483091246750251,-0.08993605886565094,-114.63577819380859,-13.120268,9.996363,12.420009,32.204865,-17.001259,-1.1841813,-8.915444,-22.49997,-17.221258,48.311275,-12.824266,11.921169,3.6494966,-2.918918,16.14515,-1.0613675,32.187298,-16.631084,-8.123549,8.7153015,-0.73340166,11.461125,-7.4424553,-28.978893,33.12597,-7.3885098,-29.815659,-1.7950722,3.2029457
293,8.109935760498047,8.184123992919922,77.65937042236328,-2.41627589228779,-0.07797718764314472,-114.24415882286365,-12.892594,9.681852,12.144564,31.794205,-16.901217,-1.1194738,-9.024139,-22.297396,-17.412914,47.566574,-13.075361,11.790025,3.569761,-3.0532157,16.023895,-1.0120319,32.00549,-17.123026,-7.6595173,9.075432,-0.79554015,11.414406,-6.782991,-28.857311,33.00263,-6.885636,-29.762873,-1.8504305,3.149342
294,8.062400817871094,8.020183563232422,77.70364379882812,-2.3383053251606336,-0.059361820573160425,-113.86452426767042,-12.664698,9.36618,11.881802,31.375063,-16.796854,-1.0537149,-9.147735,-22.105751,-17.591784,46.78566,-13.307352,11.595673,3.497378,-3.1976004,15.899064,-0.96080023,31.82215,-17.599953,-7.1816864,9.406701,-0.85580677,11.342926,-6.146323,-28.724577,32.892292,-6.349772,-29.664995,-1.9173586,3.092046
295,8.010887145996094,7.8605265617370605,77.74720001220703,-2.2544636148439356,-0.03408508223521897,-113.48350947965928,-12.446292,9.050315,11.616346,30.959044,-16.690397,-0.99385244,-9.277932,-21.891205,-17.714527,45.944347,-13.50574,11.419872,3.4245965,-3.3469813,15.769823,-0.90842974,31.635376,-18.063015,-6.682546,9.729139,-0.9149187,11.258167,-5.532282,-28.582335,32.791595,-5.785564,-29.599491,-1.979916,3.0484104
296,7.95973539352417,7.700193881988525,77.78612518310547,-2.1694080526928334,-0.0021287455731017757,-113.08758023210524,-12.243045,8.73238,11.33216,30.549147,-16.578634,-0.94590706,-9.40873,-21.620426,-17.733534,45.020447,-13.653702,11.343958,3.3441682,-3.4953685,15.63579,-0.85961294,31.442091,-18.514477,-6.150995,10.062471,-0.97353286,11.171221,-4.9371586,-28.433191,32.69604,-5.200684,-29.644556,-2.0216138,3.0353742
297,7.905478000640869,7.54372501373291,77.8226089477539,-2.0882412060545072,0.03420751278432254,-112.66755952988069,-12.060687,8.415439,11.016625,30.157257,-16.46482,-0.9141855,-9.527516,-21.283386,-17.65066,43.996212,-13.747998,11.379926,3.2519674,-3.6369863,15.4994755,-0.81905633,31.238985,-18.957989,-5.578134,10.402973,-1.0438669,11.084543,-4.3541675,-28.279297,32.60124,-4.6053324,-29.84033,-2.0304248,3.0622926
298,7.846339702606201,7.388376235961914,77.85664367675781,-2.006452412217888,0.0754306888773979,-112.23232826873976,-11.892822,8.098115,10.681216,29.774706,-16.34724,-0.8941375,-9.63845,-20.90205,-17.485653,42.88509,-13.795301,11.484771,3.1535187,-3.7756832,15.360077,-0.7872476,31.025372,-19.39368,-4.9670157,10.744127,-1.121681,10.992094,-3.7848134,-28.122705,32.50874,-3.994074,-30.138735,-2.0176117,3.11859
299,7.793773174285889,7.236597061157227,77.88643646240234,-1.9150345179586568,0.1255477676788858,-111.79525411054288,-11.732559,7.77471,10.346084,29.386852,-16.223248,-0.8789385,-9.759421,-20.492352,-17.220871,41.713253,-13.7962675,11.6539955,3.0563898,-3.9180946,15.214201,-0.7572395,30.80203,-19.816872,-4.3324795,11.102186,-1.1834428,10.892411,-3.2328405,-27.963434,32.42072,-3.360709,-30.483791,-2.0018635,3.190161
300,7.739957332611084,7.084249019622803,77.91316223144531,-1.8043748694004063,0.18854126089211737,-111.36953521889136,-11.572738,7.4393716,10.031371,28.978336,-16.08968,-0.8618452,-9.90798,-20.068047,-16.839367,40.50566,-13.7507715,11.883221,2.9670153,-4.0729084,15.057321,-0.7226912,30.571177,-20.222095,-3.6875262,11.492556,-1.2053273,10.783938,-2.7088754,-27.802065,32.34225,-2.6908371,-30.819496,-2.0017684,3.2634137
301,7.68347692489624,6.931567192077637,77.9370346069336,-1.6644642481371918,0.26569325596437543,-110.9573427173057,-11.408313,7.081337,9.74516,28.53736,-15.943358,-0.8394571,-10.087422,-19.631903,-16.317421,39.252407,-13.652038,12.193543,2.8858104,-4.250151,14.888999,-0.6774924,30.333447,-20.60359,-3.0388372,11.946909,-1.1721102,10.661341,-2.2104304,-27.637922,32.271473,-1.9870468,-31.177296,-2.0204062,3.3445406
302,7.6217451095581055,6.780280113220215,77.96050262451172,-1.5020916875939712,0.35424422195549576,-110.55182843491058,-11.243085,6.706047,9.475666,28.072779,-15.785579,-0.81561315,-10.2830925,-19.180801,-15.670179,37.94379,-13.50384,12.576265,2.8083901,-4.4438934,14.711808,-0.6254938,30.089188,-20.964262,-2.3793886,12.447071,-1.0998038,10.526382,-1.7349784,-27.470903,32.207905,-1.253714,-31.571688,-2.04867,3.4373624
303,7.555826187133789,6.629436492919922,77.98028564453125,-1.3333528743117573,0.4520298645302491,-110.15224551050866,-11.084599,6.3321853,9.212926,27.603159,-15.622244,-0.79448014,-10.486216,-18.721514,-14.938686,36.604897,-13.320746,12.984061,2.734659,-4.6379614,14.526627,-0.5711407,29.84033,-21.311565,-1.7071916,12.934824,-1.0113416,10.388564,-1.2884876,-27.301807,32.15605,-0.48571426,-31.920965,-2.0863845,3.5240886
304,7.483651638031006,6.483598709106445,78.00174713134766,-1.1743651540119853,0.5572805439632686,-109.7584640431141,-10.941569,5.978767,8.947295,27.14874,-15.458649,-0.7803161,-10.689822,-18.25675,-14.164574,35.26101,-13.116324,13.371173,2.6647997,-4.8164306,14.334797,-0.51926106,29.589811,-21.652441,-1.020581,13.350871,-0.9292163,10.257835,-0.87507194,-27.13178,32.11993,0.3203355,-32.144474,-2.1327844,3.5871289
305,7.4134016036987305,6.335402488708496,78.02252197265625,-1.0273451540109537,0.6775742112943195,-109.37206004173579,-10.82326,5.649177,8.678428,26.709074,-15.294334,-0.7747935,-10.906588,-17.778587,-13.329703,33.90721,-12.873755,13.734322,2.599221,-4.9772034,14.130761,-0.47236076,29.340332,-21.988676,-0.32626808,13.679815,-0.85538346,10.140049,-0.5004643,-26.961823,32.102432,1.1730115,-32.1943,-2.194671,3.6193182
306,7.3414788246154785,6.191503047943115,78.04431915283203,-0.8836518803551245,0.811136733860286,-108.99221669059638,-10.722967,5.3334293,8.410949,26.27566,-15.126001,-0.77517486,-11.130611,-17.289074,-12.421869,32.530293,-12.591345,14.09499,2.5378249,-5.1290927,13.917338,-0.4258745,29.092342,-22.3158,0.37358835,13.951679,-0.7785563,10.029284,-0.15881301,-26.791702,32.099712,2.0641932,-32.12168,-2.2696433,3.63106
307,7.264816761016846,6.050504207611084,78.06509399414062,-0.7427975906464678,0.9424422135449649,-108.6158493880171,-10.621327,5.028962,8.143274,25.847534,-14.958976,-0.778846,-11.332789,-16.805357,-11.491209,31.14802,-12.304632,14.447366,2.4805007,-5.273393,13.707056,-0.37441266,28.845102,-22.632586,1.088599,14.176504,-0.70144886,9.918081,0.1594964,-26.622385,32.1068,2.9780931,-31.995647,-2.3436725,3.6317484
308,7.19160795211792,5.913042068481445,78.08138275146484,-0.6043873726118346,1.0560064370756728,-108.23963203426128,-10.497573,4.7333946,7.8739133,25.421005,-14.797175,-0.78338397,-11.485841,-16.344393,-10.588169,29.7785,-12.049222,14.78604,2.427615,-5.409849,13.513066,-0.31496808,28.59709,-22.938738,1.8295856,14.363195,-0.62673604,9.799039,0.46613684,-26.45419,32.11782,3.8952708,-31.88326,-2.4025073,3.6301305
309,7.112494945526123,5.760039806365967,78.09994506835938,-0.48112487435167584,1.151606585061132,-107.8785438162889,-10.355176,4.4681816,7.6102996,25.01281,-14.653586,-0.7898963,-11.59551,-15.881511,-9.700431,28.41129,-11.850785,15.000033,2.3922765,-5.5263343,13.334842,-0.2418464,28.346716,-23.234037,2.5951247,14.4968815,-0.56098974,9.675765,0.7645309,-26.2876,32.13082,4.8088894,-31.791828,-2.4310358,3.6341155
310,7.027696132659912,5.625182628631592,78.11511993408203,-0.38603441796527155,1.2394345022218742,-107.53604640225161,-10.216892,4.252218,7.348695,24.64434,-14.534963,-0.80523854,-11.668831,-15.380652,-8.817457,27.019447,-11.671335,15.000033,2.3766186,-5.611583,13.163136,-0.16006212,28.09379,-23.519917,3.3828664,14.578934,-0.50058997,9.550357,1.0488936,-26.123499,32.148163,5.729787,-31.688873,-2.4405937,3.6372104
311,6.934953689575195,5.4834699630737305,78.13136291503906,-0.2988679315091303,1.3158937811167895,-107.18371920452667,-10.072885,4.048921,7.0730877,24.28762,-14.420325,-0.82825154,-11.684749,-14.886615,-7.9810824,25.617813,-11.462469,15.000033,2.3578026,-5.6845827,13.002102,-0.08018297,27.839098,-23.797426,4.20028,14.643592,-0.43309107,9.413014,1.31857,-25.962648,32.17053,6.6642995,-31.582735,-2.456672,3.6263206
312,6.831679344177246,5.343184471130371,78.14764404296875,-0.23106153008485128,1.3846690880354682,-106.80718316700168,-9.946629,3.8704045,6.764441,23.971315,-14.317979,-0.86869913,-11.6193,-14.384237,-7.2482843,24.18165,-11.155108,15.000033,2.325374,-5.736077,12.847822,-0.013741808,27.584013,-24.067677,5.0580077,14.724446,-0.3477835,9.254553,1.572733,-25.806002,32.198017,7.6189528,-31.482363,-2.5048857,3.5884378
313,6.730310440063477,5.207150459289551,78.16214752197266,-0.18896426141500014,1.4469603418251666,-106.40137388355761,-9.842018,3.7228065,6.415035,23.696764,-14.225775,-0.9301959,-11.464412,-13.8693285,-6.63795,22.6912,-10.7224045,15.000033,2.2764833,-5.7612944,12.698699,0.04169286,27.328548,-24.327335,5.9520106,14.830318,-0.2273847,9.061821,1.810313,-25.655117,32.23389,8.59865,-31.396086,-2.600308,3.5139835
314,6.62914514541626,5.0693039894104,78.17481994628906,-0.16076322081390626,1.499993927042844,-105.97340237647276,-9.744666,3.5932446,6.036846,23.447697,-14.139711,-1.0060772,-11.230715,-13.354581,-6.113746,21.153402,-10.203016,15.000033,2.2157543,-5.7704206,12.558392,0.09084831,27.073032,-24.575975,6.8789783,14.943063,-0.083071515,8.843028,2.033737,-25.510748,32.276165,9.596391,-31.317467,-2.7264287,3.4119475
315,6.514097213745117,4.937065601348877,78.18770599365234,-0.1325317079917073,1.541312014478435,-105.5273491703889,-9.647429,3.4657888,5.640738,23.218319,-14.059857,-1.0907681,-10.925862,-12.858433,-5.6483135,19.592852,-9.621047,15.000033,2.1451583,-5.7751665,12.430871,0.134832,26.819525,-24.818123,7.8373413,15.058435,0.056766447,8.620111,2.2470803,-25.37139,32.317207,10.600805,-31.231516,-2.8616242,3.2972665
316,6.392514705657959,4.8083271980285645,78.1988754272461,-0.09053767007897985,1.569029969673231,-105.06807798704641,-9.534805,3.3241992,5.236757,22.98409,-13.975349,-1.1784205,-10.5716305,-12.398243,-5.2102113,18.06369,-9.0236845,15.000033,2.067238,-5.7864785,12.319154,0.17212792,26.571392,-25.059525,8.82758,15.170358,0.16392511,8.415557,2.4543548,-25.234198,32.349068,11.602004,-31.1243,-2.9846368,3.1851687
317,6.274048328399658,4.671109676361084,78.20909881591797,-0.038069489967001505,1.585241089655551,-104.59461784515238,-9.414282,3.1728327,4.823166,22.755402,-13.891308,-1.2711906,-10.144797,-11.962766,-4.808344,16.50523,-8.377427,15.000033,1.9813566,-5.8023314,12.222706,0.2065069,26.330853,-25.299059,9.847671,15.275755,0.2391777,8.224158,2.6551213,-25.0967,32.367382,12.605161,-30.990326,-3.0955982,3.0751023
318,6.1561760902404785,4.54705286026001,78.21772766113281,0.023355992495989235,1.5904843984758144,-104.10551468724141,-9.2866535,3.0131385,4.3977675,22.53182,-13.806595,-1.3702642,-9.6484585,-11.552896,-4.449253,14.917867,-7.6799026,15.000033,1.8873807,-5.8233385,12.140122,0.23899671,26.098946,-25.534552,10.895377,15.376898,0.29505622,8.037775,2.8477726,-24.957664,32.376915,13.613656,-30.838411,-3.2042084,2.960768
319,6.0296783447265625,4.419692516326904,78.22162628173828,0.10143338085254182,1.5818314192635594,-103.6064273284744,-9.139731,2.8357136,3.9683564,22.296408,-13.713829,-1.4702977,-9.138078,-11.20035,-4.1081567,13.433197,-7.0104265,15.000033,1.7899712,-5.857287,12.070869,0.26620108,25.87745,-25.770077,11.970522,15.477046,0.32138637,7.875139,3.0301275,-24.817905,32.38274,14.6206,-30.676636,-3.3038735,2.8488238
320,5.898959636688232,4.295706748962402,78.22124481201172,0.1961817864486583,1.557473635938792,-103.10385824787699,-8.965997,2.6405673,3.54034,22.03889,-13.60847,-1.5673163,-8.675269,-10.923325,-3.7668047,12.1933975,-6.4486637,15.000033,1.6948133,-5.903701,12.013791,0.2829085,25.668169,-26.010376,13.073023,15.578158,0.30799827,7.755529,3.2005265,-24.679329,32.389053,15.617289,-30.511543,-3.3880067,2.7455504
321,5.772228240966797,4.1677565574646,78.22274780273438,0.29095046943866065,1.5127828633210638,-102.60139098951845,-8.770191,2.4484937,3.108455,21.779383,-13.500286,-1.6652898,-8.262224,-10.681966,-3.395737,11.19967,-5.98968,15.000033,1.6074122,-5.9473357,11.975404,0.28577432,25.47248,-26.258034,14.212115,15.722365,0.22662169,7.698519,3.358797,-24.543734,32.394783,16.601297,-30.349295,-3.4497058,2.6517444
322,5.647538661956787,4.041907787322998,78.22024536132812,0.38062032944134927,1.4523285921710574,-102.09686170159709,-8.560912,2.2657804,2.6694298,21.525019,-13.392545,-1.7667186,-7.8822837,-10.46611,-3.0200262,10.405605,-5.60489,15.000033,1.5251433,-5.9825287,11.952782,0.2786933,25.290358,-26.510218,15.382527,15.893495,0.09137515,7.68984,3.507114,-24.411364,32.397327,17.574636,-30.184443,-3.4943833,2.564018
323,5.522815227508545,3.920048952102661,78.2253646850586,0.47706086651072344,1.38856028137274,-101.58939708055262,-8.337462,2.0761707,2.230133,21.24635,-13.271001,-1.8662673,-7.594125,-10.327393,-2.703967,9.933425,-5.3609724,15.000033,1.4417677,-6.0188293,11.929891,0.27060217,25.119936,-26.762274,16.560352,16.008347,-0.04407791,7.697597,3.6451988,-24.282845,32.399437,18.538225,-30.00662,-3.5339928,2.4826834
324,5.39556884765625,3.7956488132476807,78.23454284667969,0.5916694092196667,1.3335612088835043,-101.07783868064583,-8.097431,1.8643718,1.7968664,20.910498,-13.119233,-1.9587814,-7.4601116,-10.31627,-2.5119674,9.912573,-5.326488,15.000033,1.3505937,-6.0650034,11.890215,0.27009642,24.958157,-27.009302,17.722866,15.984552,-0.12640727,7.689234,3.7720592,-24.159332,32.404327,19.49376,-29.805882,-3.580563,2.4079993
325,5.2802534103393555,3.6718990802764893,78.2468490600586,0.7338381219027765,1.2877678304773896,-100.55165841488895,-7.8312287,1.6132951,1.3650866,20.490446,-12.921958,-2.0366154,-7.5671988,-10.480387,-2.4598844,10.569972,-5.582672,15.000033,1.2384121,-6.1260457,11.8307085,0.2765514,24.802013,-27.255953,18.869535,15.785464,-0.1311397,7.6666546,3.884588,-24.042406,32.415142,20.446535,-29.576862,-3.6426706,2.3368404
326,5.167292594909668,3.547100782394409,78.26087951660156,0.902147424836795,1.242380178118411,-100.01235291827041,-7.5339828,1.3277956,0.9328374,19.996874,-12.684778,-2.1033013,-7.839171,-10.786029,-2.5137334,11.739238,-6.051299,15.000033,1.1105899,-6.2025185,11.761643,0.28383029,24.650982,-27.50308,20.014221,15.460672,-0.09013471,7.6432486,3.984865,-23.932877,32.429295,21.39337,-29.325367,-3.7117538,2.2704291
327,5.0547356605529785,3.412828207015991,78.2665786743164,1.0888540446889814,1.1962446462515088,-99.47742855404843,-7.2177706,1.0295821,0.50944215,19.466614,-12.428713,-2.1709445,-8.113929,-11.161383,-2.6625931,13.000416,-6.585032,15.000033,0.9878083,-6.2932324,11.686609,0.29196465,24.506311,-27.739817,21.155214,15.056401,-0.034551974,7.6035624,4.0835285,-23.829166,32.441067,22.319044,-29.058718,-3.7740755,2.2159462
328,4.940459251403809,3.284205913543701,78.25983428955078,1.2717884442444458,1.1516900791312414,-98.9678205959068,-6.90654,0.7563633,0.10258527,18.954927,-12.184896,-2.2543812,-8.255957,-11.518992,-2.9024503,13.982074,-7.0633903,15.000033,0.89248586,-6.3830113,11.606148,0.30065298,24.370543,-27.955624,22.290031,14.617683,0.005230103,7.532137,4.186063,-23.729216,32.44597,23.216667,-28.784645,-3.8169968,2.1792443
329,4.81335973739624,3.1551830768585205,78.2511215209961,1.446652070408408,1.1111813777827053,-98.49188304042619,-6.605134,0.51816124,-0.28306603,18.47163,-11.959567,-2.3613236,-8.231543,-11.850952,-3.2814202,14.613478,-7.4935784,15.000033,0.834598,-6.468882,11.517478,0.31037375,24.246447,-28.150883,23.417515,14.147759,0.027948428,7.412506,4.2924747,-23.63159,32.449997,24.0865,-28.493643,-3.8330622,2.1498735
330,4.675522327423096,3.0287024974823,78.24589538574219,1.6199715518602,1.0735058104907003,-98.03817141144214,-6.301444,0.30023178,-0.6532851,17.987354,-11.739786,-2.4834945,-8.117625,-12.196567,-3.7884898,15.098525,-7.938741,15.000033,0.8004997,-6.5543737,11.420861,0.3227845,24.135098,-28.329636,24.535189,13.6242075,0.049705394,7.2568774,4.397291,-23.535978,32.45441,24.935345,-28.185848,-3.8304663,2.1282256
331,4.526658058166504,2.905444860458374,78.25086975097656,1.775151778971736,1.038974357372455,-97.60022346178424,-6.0143456,0.11615032,-1.0163971,17.534906,-11.536042,-2.6138241,-7.953834,-12.518132,-4.337803,15.484583,-8.36189,15.000033,0.77964664,-6.6232533,11.320141,0.3406223,24.034178,-28.485779,25.64361,13.056083,0.060592312,7.0935755,4.4992146,-23.44107,32.447117,25.76077,-27.882635,-3.8193665,2.1370506
332,4.377543926239014,2.783095598220825,78.2558364868164,1.8968116913305129,1.0079777112151465,-97.1711754709291,-5.7583284,-0.02182744,-1.3804585,17.138428,-11.357221,-2.7453034,-7.7863955,-12.783226,-4.840671,15.831643,-8.730231,15.000033,0.7615574,-6.6607337,11.218305,0.36432,23.939297,-28.613876,26.748531,12.452967,0.049264647,6.9510736,4.5968647,-23.346598,32.4154,26.560944,-27.60658,-3.808634,2.199821
333,4.232807636260986,2.6615774631500244,78.25743103027344,1.9731948474666579,0.9872468274362519,-96.74987080824417,-5.538558,-0.09980715,-1.7476594,16.793365,-11.205892,-2.8812852,-7.6177487,-12.970695,-5.278025,16.11947,-9.020825,14.986076,0.74781215,-6.6522007,11.108467,0.38305032,23.84902,-28.731337,27.86042,11.841955,0.012053145,6.835247,4.69004,-23.251917,32.35494,27.33741,-27.374685,-3.8015158,2.3259254
334,4.069829940795898,2.543043613433838,78.26467895507812,1.95706414394803,0.9871837383204483,-96.36554027225729,-5.4197206,-0.047788396,-2.1083024,16.625036,-11.14846,-3.0449111,-7.403435,-12.967943,-5.696579,16.22765,-9.195267,14.507587,0.7675268,-6.5569477,10.980079,0.39695716,23.762964,-28.836473,28.978493,11.210923,-0.045518465,6.731398,4.7801895,-23.156174,32.27123,28.091667,-27.172054,-3.7924328,2.5016346
335,3.9055142402648926,2.4259414672851562,78.27507019042969,1.923203624928279,0.9856539788548384,-95.99437887527154,-5.316126,0.030726241,-2.4625177,16.494429,-11.107281,-3.2067082,-7.1833086,-12.931724,-6.1019564,16.31192,-9.347173,14.055527,0.79386795,-6.446639,10.856175,0.42172682,23.677134,-28.89617,30.088768,10.508242,-0.11852856,6.635993,4.866571,-23.059809,32.169205,28.822458,-26.971127,-3.777312,2.715915
336,3.7446930408477783,2.308039903640747,78.28474426269531,1.886504750456848,0.9709931377359545,-95.63796841861175,-5.217259,0.11554797,-2.8072374,16.406553,-11.082645,-3.359688,-6.9588575,-12.886533,-6.503857,16.405952,-9.504249,13.652526,0.82154983,-6.339999,10.749503,0.47343668,23.586159,-28.875463,31.179007,9.683353,-0.20224485,6.545078,4.9477177,-22.964254,32.055298,29.529924,-26.744974,-3.751725,2.9574234
337,3.579533100128174,2.1940529346466064,78.29499053955078,1.8477568475267192,0.940378220549647,-95.29689472005677,-5.1215577,0.20428813,-3.1446435,16.363184,-11.072303,-3.4994035,-6.733916,-12.833004,-6.9062333,16.526222,-9.673236,13.302815,0.8500698,-6.2369576,10.6625,0.55274296,23.485611,-28.764948,32.256977,8.699417,-0.3062699,6.43743,5.0257263,-22.870075,31.924192,30.207859,-26.503996,-3.7102807,3.2388196
338,3.4172825813293457,2.083618640899658,78.30665588378906,1.7996031938020656,0.9001378542762271,-94.97033327121542,-5.0364957,0.3066986,-3.4757617,16.365759,-11.078771,-3.6328874,-6.5046716,-12.761254,-7.302975,16.648752,-9.839463,12.995406,0.8811127,-6.128152,10.587574,0.6506544,23.37443,-28.582466,33.330368,7.5929995,-0.42907217,6.3204036,5.0988393,-22.778303,31.776402,30.860931,-26.256529,-3.6560664,3.560605
339,3.248821973800659,1.9753243923187256,78.31689453125,1.7464028823172442,0.8521661848160789,-94.65769539590302,-4.9540563,0.41927513,-3.7936435,16.393074,-11.095293,-3.762175,-6.260581,-12.675345,-7.6912775,16.745962,-9.997947,12.731116,0.91197276,-6.0178246,10.5233965,0.76904297,23.252981,-28.33375,34.385254,6.4228053,-0.55061364,6.233659,5.1634464,-22.689587,31.627224,31.498556,-25.97104,-3.596792,3.8927014
340,3.084042549133301,1.868288278579712,78.32646179199219,1.6921422884866777,0.798262533535108,-94.35828720299229,-4.8656893,0.53910685,-4.091577,16.423475,-11.115156,-3.8911846,-5.9899673,-12.578566,-8.0689535,16.787918,-10.141691,12.510665,0.9386954,-5.911659,10.46837,0.9122714,23.122849,-28.022278,35.405186,5.2487206,-0.652638,6.2178073,5.212328,-22.605724,31.493652,32.134163,-25.616434,-3.540122,4.2047353
341,2.9146478176116943,1.7678078413009644,78.33660125732422,1.6396680269524504,0.7361623890840676,-94.07668470385047,-4.764962,0.66473675,-4.361912,16.452555,-11.137954,-4.017525,-5.6886187,-12.471004,-8.42963,16.766584,-10.27,12.353007,0.96332,-5.8140535,10.4266405,1.0900705,22.982542,-27.628696,36.389507,3.999809,-0.7423558,6.2828975,5.2425737,-22.52729,31.37649,32.771637,-25.163845,-3.4873195,4.499407
342,2.750439405441284,1.6633398532867432,78.34546661376953,1.5858278006595061,0.6659342614700929,-93.81181653892685,-4.658128,0.7982572,-4.6100984,16.491386,-11.16671,-4.140528,-5.364331,-12.350587,-8.776038,16.699251,-10.386109,12.251502,0.9857017,-5.7210107,10.397719,1.2976593,22.831106,-27.156685,37.344776,2.6735663,-0.82914793,6.4073677,5.2574606,-22.454176,31.269157,33.403385,-24.636034,-3.43367,4.78902
343,2.5871238708496094,1.565161108970642,78.35284423828125,1.5267356303110966,0.5929216948459972,-93.55434145282503,-4.555304,0.94132113,-4.848957,16.541777,-11.199904,-4.265956,-5.0206428,-12.2154875,-9.120534,16.586243,-10.485926,12.168231,0.99990964,-5.6256633,10.373385,1.5180997,22.673058,-26.645569,38.26533,1.4320139,-0.8985505,6.5861444,5.2604313,-22.387527,31.176683,34.023834,-24.078814,-3.3784294,5.057945
344,2.4168643951416016,1.4651161432266235,78.36158752441406,1.4578746393611657,0.522503267449362,-93.29492134965064,-4.4680657,1.0958095,-5.091543,16.608675,-11.237853,-4.399739,-4.6687074,-12.064584,-9.473805,16.443932,-10.569639,12.06506,1.0008085,-5.5208397,10.34649,1.7366396,22.5161,-26.134422,39.14156,0.43662,-0.934587,6.815241,5.255994,-22.328768,31.103033,34.62514,-23.537067,-3.321783,5.2908535
345,2.256688356399536,1.3712438344955444,78.3711166381836,1.3718982815950167,0.45353584486493115,-93.03464068197425,-4.393901,1.2690973,-5.3500595,16.690136,-11.284498,-4.550913,-4.297349,-11.887713,-9.841098,16.25202,-10.628949,11.934127,0.9898276,-5.4022017,10.318633,1.9623166,22.36417,-25.611696,39.958286,-0.23748116,-0.9292881,7.1232295,5.2425594,-22.280415,31.0518,35.206264,-23.011038,-3.2609923,5.4874725
346,2.0878801345825195,1.2809890508651733,78.380126953125,1.273768200719868,0.38425040482297207,-92.77726951169181,-4.3285995,1.4575411,-5.614565,16.78595,-11.339425,-4.713836,-3.9073377,-11.687925,-10.215112,16.01215,-10.666655,11.794698,0.9688055,-5.274541,10.294592,2.2017796,22.21748,-25.063362,40.717537,-0.6895742,-0.8919352,7.50325,5.2215943,-22.24204,31.01976,35.764526,-22.479372,-3.1977549,5.6549854
347,1.9231845140457153,1.1957974433898926,78.38856506347656,1.1757746225562113,0.3187359283193123,-92.51736751144168,-4.2773466,1.6463987,-5.864952,16.895803,-11.392872,-4.8723435,-3.5199695,-11.48443,-10.590144,15.760753,-10.697948,11.650213,0.93469054,-5.147808,10.270356,2.4364507,22.07983,-24.52554,41.43881,-1.018694,-0.83056116,7.899353,5.1979165,-22.21259,30.997026,36.299553,-21.958015,-3.139757,5.7894497
348,1.7532918453216553,1.1075180768966675,78.39582061767578,1.0908232635892257,0.2611537888948481,-92.24985297032211,-4.246196,1.8209456,-6.081207,17.0208,-11.435097,-5.010268,-3.1562812,-11.296581,-10.960135,15.534211,-10.737868,11.503839,0.8869955,-5.031831,10.242476,2.6458976,21.957037,-24.038342,42.1411,-1.3253375,-0.75357705,8.2556925,5.1787477,-22.189756,30.97142,36.808567,-21.462624,-3.0950913,5.8872004
349,1.5869419574737549,1.026160478591919,78.40245056152344,1.0236360810128824,0.21416825838355977,-91.97071934849447,-4.2445083,1.9730035,-6.2726665,17.170404,-11.462698,-5.1192217,-2.8227532,-11.131107,-11.326196,15.34234,-10.790254,11.355346,0.82471263,-4.932271,10.209559,2.8278432,21.852911,-23.60331,42.824055,-1.5917181,-0.6516655,8.579456,5.1670427,-22.171392,30.938675,37.28675,-20.988607,-3.067325,5.946209
350,1.423309326171875,0.9488940238952637,78.41204071044922,0.9678619278485544,0.17508198868635516,-91.68360095825241,-4.266159,2.1116192,-6.445252,17.340578,-11.480871,-5.209466,-2.5089033,-10.977571,-11.690774,15.168907,-10.849161,11.203403,0.75393206,-4.8453636,10.17575,2.9925048,21.773829,-23.209,43.4728,-1.7845981,-0.52221286,8.892898,5.163769,-22.157393,30.89891,37.73205,-20.531477,-3.053289,5.9697914
351,1.261642575263977,0.8677247166633606,78.42362976074219,0.9165824938602491,0.1394054102693968,-91.39484686633566,-4.2945995,2.2484806,-6.574106,17.513264,-11.492477,-5.293128,-2.2050107,-10.8298855,-12.051286,15.000426,-10.908824,11.050625,0.67020094,-4.7631416,10.140894,3.1432328,21.710623,-22.855465,44.09671,-1.9683802,-0.38620993,9.163264,5.1560254,-22.145746,30.863977,38.16422,-20.10683,-3.0493805,5.960365
352,1.0962228775024414,0.795306384563446,78.43450927734375,0.8680178359444483,0.10291292061210655,-91.11062617826023,-4.3142347,2.3949702,-6.6343026,17.672203,-11.501807,-5.381974,-1.9037352,-10.6819,-12.404787,14.827295,-10.965368,10.899274,0.590805,-4.680245,10.110648,3.2742636,21.673788,-22.57191,44.696312,-2.2215898,-0.26378974,9.358536,5.1592402,-22.136673,30.817842,38.575245,-19.733316,-3.0534928,5.9236865
353,0.937777578830719,0.7219238877296448,78.44363403320312,0.8186547024025144,0.06517395163096103,-90.82842653961366,-4.3238025,2.5542862,-6.6195164,17.815838,-11.510359,-5.481837,-1.603076,-10.531947,-12.754076,14.647072,-11.018553,10.746558,0.52092475,-4.5929403,10.082628,3.3731043,21.66444,-22.382278,45.28003,-2.5994859,-0.16084939,9.473181,5.1813645,-22.131666,30.755705,38.96329,-19.419333,-3.0714083,5.8535447
354,0.7807819843292236,0.6532870531082153,78.45464324951172,0.7715428300234455,0.028300659667224757,-90.54621445397748,-4.330034,2.7204869,-6.542857,17.950947,-11.515129,-5.585361,-1.3058248,-10.383022,-13.099711,14.462674,-11.069048,10.592449,0.4369579,-4.5030837,10.0540285,3.452809,21.667614,-22.245209,45.8474,-3.0394635,-0.06691993,9.52217,5.196702,-22.128376,30.700876,39.34544,-19.154228,-3.101996,5.748755
355,0.6226865649223328,0.5891326069831848,78.46162414550781,0.7302154726201684,-0.008875795583392144,-90.2714754527661,-4.3304973,2.8915079,-6.4086113,18.075954,-11.514278,-5.6848965,-1.0148262,-10.237638,-13.435011,14.2786045,-11.117689,10.443154,0.3303959,-4.4218917,10.035553,3.5541081,21.696184,-22.10772,46.360455,-3.451452,0.02524026,9.502079,5.1879888,-22.121027,30.659243,39.72529,-18.928585,-3.134563,5.6250076
356,0.467988520860672,0.5237916707992554,78.46809387207031,0.6956893108799808,-0.04697686805409392,-90.01159167573984,-4.3208947,3.0656712,-6.220963,18.185162,-11.503647,-5.772842,-0.7301528,-10.0971575,-13.754054,14.092321,-11.161366,10.304673,0.243519,-4.3469706,10.016037,3.6335943,21.737263,-22.028107,46.875263,-3.784632,0.118926555,9.43259,5.189802,-22.113443,30.607313,40.09179,-18.72067,-3.15455,5.490247
357,0.31268489360809326,0.4645932912826538,78.4772720336914,0.6682901118653658,-0.0863308085713861,-89.7702302085001,-4.2990584,3.2461884,-5.9649653,18.276163,-11.481373,-5.8436146,-0.45117852,-9.960519,-14.0546665,13.899731,-11.197129,10.179142,0.1652709,-4.2858152,10.003175,3.7196124,21.807577,-21.974058,47.360912,-4.0196905,0.21568504,9.284794,5.1878295,-22.099459,30.55409,40.446003,-18.536304,-3.158321,5.337914
358,0.1693829447031021,0.40118634700775146,78.48587036132812,0.6488096138128074,-0.1264918588195172,-89.54292200194165,-4.2673707,3.4329038,-5.6437154,18.352516,-11.450043,-5.902584,-0.17801383,-9.827073,-14.340711,13.702493,-11.2266245,10.062701,0.091971606,-4.2322884,9.992536,3.7969494,21.89481,-21.956898,47.833366,-4.192657,0.31271967,9.065871,5.17988,-22.080946,30.50128,40.795376,-18.380846,-3.1525903,5.164364
359,0.02025936357676983,0.3415173292160034,78.49500274658203,0.6350231966794717,-0.1676907843696714,-89.32473591856747,-4.226882,3.6179523,-5.2879267,18.415386,-11.410688,-5.9584875,0.08815514,-9.701082,-14.613863,13.509021,-11.255122,9.953124,0.02086003,-4.1850348,9.983799,3.867418,21.989878,-21.971127,48.28924,-4.2949533,0.41215628,8.818992,5.168019,-22.059233,30.443459,41.142105,-18.246578,-3.1428976,4.991477
360,-0.12804634869098663,0.2837335169315338,78.50389099121094,0.6285067582238626,-0.2100331622309881,-89.11084075684212,-4.1794643,3.7933934,-4.928483,18.466942,-11.365361,-6.0199533,0.34656423,-9.586397,-14.876134,13.327501,-11.287409,9.848093,-0.049731903,-4.1441464,9.977702,3.9339383,22.09012,-22.013527,48.719677,-4.321715,0.51646125,8.586594,5.153728,-22.034128,30.375734,41.487877,-18.124878,-3.134996,4.841263
361,-0.269413560628891,0.22513563930988312,78.51303100585938,0.6308177654560209,-0.25495241635401983,-88.89805237591037,-4.1253624,3.9563148,-4.572268,18.50859,-11.312632,-6.0887737,0.60283554,-9.484942,-15.129853,13.152868,-11.324756,9.748406,-0.12117489,-4.111066,9.974855,3.993244,22.195078,-22.091806,49.12897,-4.2493234,0.62417364,8.372078,5.138616,-22.00503,30.296017,41.83694,-18.013107,-3.13362,4.716733
362,-0.4049728512763977,0.16857047379016876,78.52400207519531,0.6425328843775897,-0.3020879393550977,-88.6895386635099,-4.0642366,4.111047,-4.2033243,18.539785,-11.252512,-6.160513,0.84990907,-9.396112,-15.372078,12.995308,-11.368185,9.654498,-0.19181862,-4.084886,9.9743805,4.0430055,22.30508,-22.205713,49.52154,-4.0875897,0.73384976,8.155336,5.1203656,-21.972466,30.207176,42.189167,-17.91606,-3.1344512,4.6070414
363,-0.5366581678390503,0.11669331789016724,78.53324127197266,0.6583547341915801,-0.3486271689567206,-88.49013812512672,-3.9965556,4.2607727,-3.8180287,18.558115,-11.188493,-6.2343464,1.086817,-9.31497,-15.601659,12.847107,-11.412122,9.56472,-0.25946403,-4.062159,9.974794,4.090413,22.416954,-22.338724,49.889153,-3.8812556,0.84739757,7.9437127,5.0988116,-21.936806,30.11028,42.53443,-17.836657,-3.129591,4.5135884
364,-0.6645568609237671,0.06515234708786011,78.5406265258789,0.6748463190000399,-0.39194204343587674,-88.30458155360063,-3.9225287,4.4088335,-3.4128442,18.561127,-11.124038,-6.309436,1.3097719,-9.237093,-15.815995,12.70605,-11.452495,9.4766,-0.32228556,-4.0399213,9.9734335,4.1434603,22.525671,-22.472284,50.224777,-3.6721985,0.9670782,7.7450953,5.0701127,-21.900888,30.00763,42.868374,-17.778381,-3.1111002,4.4373856
365,-0.7853994965553284,0.012488158419728279,78.54757690429688,0.6942345771498076,-0.42987300998550954,-88.13350646449496,-3.843429,4.5530834,-2.9842188,18.54754,-11.056204,-6.3907714,1.5144525,-9.165625,-16.013388,12.575108,-11.489399,9.39024,-0.38291943,-4.018628,9.968486,4.2011027,22.628567,-22.6092,50.528316,-3.4509215,1.096863,7.563923,5.034492,-21.865938,29.89935,43.184677,-17.749626,-3.0706859,4.385325
366,-0.9030135273933411,-0.04097750037908554,78.55503845214844,0.7185606607594582,-0.46433949874458985,-87.9746392223465,-3.7599475,4.692738,-2.5350626,18.520971,-10.985223,-6.476898,1.7048343,-9.10154,-16.195745,12.452823,-11.523845,9.30654,-0.44183308,-3.9983225,9.961085,4.2586875,22.72524,-22.755962,50.806053,-3.1999736,1.2338725,7.3954306,4.993432,-21.832811,29.78491,43.488132,-17.745966,-3.014452,4.354683
367,-1.012346625328064,-0.08740692585706711,78.56291198730469,0.7404153287482368,-0.49875141750840263,-87.82802140075852,-3.6681576,4.833076,-2.071147,18.48113,-10.916923,-6.557278,1.885398,-9.038253,-16.365011,12.338864,-11.557564,9.224646,-0.49601215,-3.9722342,9.954202,4.3157825,22.810719,-22.900492,51.063705,-2.9532092,1.3705983,7.2342677,4.9478583,-21.803822,29.667755,43.78368,-17.748945,-2.9555905,4.3322263
368,-1.1201374530792236,-0.12959244847297668,78.56871795654297,0.7564384475592738,-0.5364612528902214,-87.69380322119608,-3.5662172,4.9795175,-1.5984907,18.431986,-10.859309,-6.6214767,2.062539,-8.968537,-16.523367,12.228548,-11.589407,9.143642,-0.53870225,-3.9360251,9.952223,4.3743563,22.888556,-23.034166,51.299644,-2.7469146,1.5001278,7.074104,4.903035,-21.776817,29.5457,44.072575,-17.742147,-2.9078689,4.305392
369,-1.218312382698059,-0.17598940432071686,78.57320404052734,0.7657851695230141,-0.5775558005746106,-87.57307869934073,-3.4542897,5.1322665,-1.1060292,18.375471,-10.810161,-6.6602864,2.2333515,-8.894222,-16.670101,12.127776,-11.621761,9.061416,-0.5751496,-3.886006,9.953772,4.4306335,22.94609,-23.150824,51.525764,-2.5946717,1.6194271,6.911845,4.853436,-21.756702,29.427004,44.361748,-17.717966,-2.8759253,4.2723227
370,-1.3127617835998535,-0.22293564677238464,78.57681274414062,0.7700082454792524,-0.6205491924122812,-87.46527563188089,-3.3332732,5.288391,-0.59457994,18.3106,-10.767323,-6.6814876,2.3964899,-8.818321,-16.804485,12.035391,-11.653429,8.979154,-0.5972594,-3.8284357,9.959258,4.4824886,22.996168,-23.267391,51.734127,-2.4812772,1.7335807,6.750609,4.806619,-21.738476,29.298096,44.642593,-17.689249,-2.852787,4.240265
371,-1.4049339294433594,-0.26165905594825745,78.57972717285156,0.768674179820262,-0.6661304520599332,-87.36860395659652,-3.2014387,5.4497385,-0.088147104,18.232635,-10.736929,-6.7001777,2.5586686,-8.734622,-16.928577,11.941885,-11.68226,8.900664,-0.63058114,-3.7555058,9.965074,4.5470834,23.019962,-23.348402,51.92285,-2.3687603,1.8432925,6.598924,4.7437735,-21.730188,29.190523,44.923164,-17.652855,-2.830699,4.2046595
372,-1.4919424057006836,-0.2995396554470062,78.58165740966797,0.7540374180253526,-0.7150943253321539,-87.28082175607958,-3.057307,5.617302,0.38958997,18.138397,-10.726193,-6.731253,2.727946,-8.637614,-17.044483,11.834544,-11.70414,8.829883,-0.6503246,-3.6696026,9.974985,4.6162343,23.036207,-23.419218,52.08282,-2.242584,1.9522597,6.4632077,4.690653,-21.723679,29.07178,45.18274,-17.62147,-2.8053539,4.1661987
373,-1.5676699876785278,-0.3407455384731293,78.57942962646484,0.7240475694684531,-0.7668704739420666,-87.20652282337605,-2.8951726,5.7982345,0.8573493,18.01909,-10.73875,-6.78155,2.9053078,-8.522796,-17.148693,11.707249,-11.715445,8.770656,-0.6608922,-3.5678778,9.987234,4.703448,23.04191,-23.460953,52.202904,-2.079548,2.0660784,6.3458915,4.6386704,-21.71943,28.948078,45.429367,-17.600864,-2.772962,4.121973
374,-1.6420272588729858,-0.3807911276817322,78.57522583007812,0.6822767570473112,-0.8212092901416448,-87.1450029455797,-2.7175992,5.989462,1.3195405,17.879229,-10.770339,-6.8424,3.087635,-8.393557,-17.241587,11.566088,-11.718574,8.719777,-0.6759668,-3.4518127,10.000449,4.8174253,23.0358,-23.46439,52.280724,-1.8960961,2.181845,6.2423315,4.5747323,-21.718407,28.839663,45.672035,-17.57965,-2.73647,4.071682
375,-1.7124428749084473,-0.41837891936302185,78.56866455078125,0.6335698765128966,-0.8792820931282764,-87.08698915141721,-2.535112,6.176366,1.7318182,17.733501,-10.814562,-6.905213,3.27195,-8.259343,-17.329523,11.425806,-11.722249,8.671085,-0.6934518,-3.3300543,10.01728,4.9371505,23.02369,-23.455643,52.33685,-1.7260642,2.288582,6.149135,4.507755,-21.719395,28.742302,45.900883,-17.549585,-2.7011535,4.019207
376,-1.7812905311584473,-0.45652249455451965,78.5588150024414,0.5832378178208368,-0.9424582493861773,-87.02249034140969,-2.3558688,6.3453126,2.0489204,17.589453,-10.861288,-6.9612155,3.4596767,-8.127095,-17.420765,11.292301,-11.730906,8.618178,-0.7086584,-3.2035391,10.043798,5.033821,22.995256,-23.45704,52.399357,-1.5923529,2.3751063,6.0642977,4.4501615,-21.724419,28.63351,46.103653,-17.511398,-2.6734636,3.9727852
377,-1.8452236652374268,-0.49245181679725647,78.54731750488281,0.5297412562802086,-1.00952455414597,-86.95058412144422,-2.187655,6.494031,2.2537863,17.456371,-10.916835,-7.001653,3.6469555,-7.9974494,-17.514887,11.1714,-11.749002,8.557828,-0.73751533,-3.077363,10.072427,5.1285686,22.962729,-23.463482,52.45468,-1.5170394,2.4385989,5.9904017,4.3837814,-21.733526,28.55551,46.291763,-17.432978,-2.6523118,3.928328
378,-1.9088506698608398,-0.5302305221557617,78.53339385986328,0.47216545109529795,-1.0803814492370023,-86.87579550418344,-2.0244238,6.6305614,2.3718038,17.326468,-10.982761,-7.032892,3.8342934,-7.8665147,-17.607805,11.058678,-11.772797,8.4932995,-0.7678039,-2.9364548,10.103231,5.196533,22.895655,-23.477585,52.530464,-1.4740506,2.4829488,5.9321465,4.324525,-21.758718,28.483555,46.455322,-17.33194,-2.6354623,3.8874211
379,-1.964423418045044,-0.5660331845283508,78.52069854736328,0.4112900167831054,-1.1572253280992637,-86.79715531168293,-1.8576978,6.754861,2.4217787,17.191528,-11.048523,-7.068674,4.02953,-7.736819,-17.703588,10.944705,-11.796016,8.429943,-0.81195855,-2.803677,10.143348,5.2866535,22.848122,-23.480371,52.562584,-1.4613096,2.5160716,5.8751616,4.2575183,-21.778538,28.42805,46.605923,-17.228085,-2.6234748,3.8435786
380,-2.0151586532592773,-0.5997892022132874,78.50991821289062,0.3533884386428181,-1.2422907117591528,-86.71385418297606,-1.6801413,6.8679485,2.4222157,17.045687,-11.103903,-7.1231146,4.239451,-7.609887,-17.805716,10.82158,-11.812412,8.372584,-0.85980755,-2.6607049,10.18929,5.3468065,22.769672,-23.495682,52.617683,-1.4581978,2.5375566,5.8234577,4.2054,-21.81117,28.360907,46.736176,-17.149937,-2.6154902,3.7958543
381,-2.066887140274048,-0.6338499784469604,78.49734497070312,0.2918280660511734,-1.336967242903335,-86.62158810605003,-1.4895642,6.9704275,2.3500876,16.882315,-11.147501,-7.208985,4.4710593,-7.4812183,-17.919935,10.68129,-11.818079,8.322055,-0.9186067,-2.519068,10.246143,5.407769,22.696943,-23.5076,52.652466,-1.484674,2.5474977,5.7669935,4.15827,-21.83812,28.283783,46.85269,-17.117058,-2.6137445,3.7416604
382,-2.1152117252349854,-0.6657266616821289,78.48404693603516,0.22702372139793803,-1.4397821225581864,-86.52223246082964,-1.2906559,7.0622754,2.2047668,16.706636,-11.184141,-7.316079,4.7205224,-7.3510256,-18.04295,10.5261965,-11.814771,8.276022,-0.9848348,-2.3758178,10.31165,5.4629683,22.621408,-23.519901,52.676525,-1.5397608,2.5445917,5.710814,4.1169643,-21.860914,28.199406,46.954308,-17.113266,-2.6176288,3.6831772
383,-2.157672882080078,-0.7032545804977417,78.47103118896484,0.16983147713355223,-1.5486194265002104,-86.42379325671355,-1.0842223,7.1418915,2.0387373,16.525742,-11.211854,-7.424002,4.9718347,-7.2308774,-18.163223,10.379919,-11.814593,8.2341,-1.0512124,-2.2384038,10.38161,5.5048776,22.539198,-23.549688,52.70228,-1.5950389,2.5354443,5.662483,4.075516,-21.881554,28.116852,47.051884,-17.107431,-2.6243083,3.620119
384,-2.1996307373046875,-0.7374849915504456,78.46167755126953,0.12647476584601622,-1.6612068350953135,-86.33468801048778,-0.86896473,7.207318,1.9046782,16.343452,-11.226822,-7.5122967,5.216955,-7.130689,-18.270477,10.249387,-11.820544,8.1961355,-1.1124166,-2.118343,10.455379,5.5410924,22.463179,-23.608547,52.71901,-1.6254498,2.5278685,5.6261415,4.030044,-21.896027,28.046165,47.149765,-17.068598,-2.6310954,3.552355
385,-2.240453004837036,-0.7707635164260864,78.45462036132812,0.10068908522107534,-1.7810271689636021,-86.25626959259192,-0.6392767,7.2555304,1.8133035,16.159048,-11.2279005,-7.5746264,5.4535704,-7.057041,-18.361904,10.147258,-11.839749,8.162296,-1.166175,-2.019272,10.535737,5.567361,22.391682,-23.70844,52.730816,-1.6321824,2.5184026,5.612064,3.975853,-21.905907,27.992527,47.25278,-16.974274,-2.638394,3.4740472
386,-2.278679847717285,-0.8025944232940674,78.44963073730469,0.08730666077853952,-1.9081740328995322,-86.18428858496186,-0.39774844,7.2887173,1.7373302,15.9719095,-11.217771,-7.6221704,5.6870785,-7.0029345,-18.44356,10.064341,-11.867468,8.132613,-1.2157769,-1.9359496,10.623253,5.5863056,22.324827,-23.838808,52.734203,-1.6268553,2.5050073,5.613765,3.9176435,-21.910353,27.949537,47.354435,-16.84591,-2.6473944,3.38725
387,-2.3111345767974854,-0.832800030708313,78.44251251220703,0.08349395857101742,-2.0350075541203108,-86.11915187793811,-0.15084882,7.310599,1.6734569,15.77748,-11.195365,-7.660362,5.916104,-6.961064,-18.517054,9.985907,-11.894937,8.106779,-1.2601194,-1.8644291,10.709589,5.598119,22.261995,-23.986687,52.731976,-1.5985054,2.4967065,5.614659,3.8607514,-21.908663,27.906675,47.454323,-16.718962,-2.6568568,3.3036773
388,-2.3443822860717773,-0.8650174140930176,78.43900299072266,0.0859915975858581,-2.153994153318776,-86.06101334113782,0.08495862,7.3258734,1.6169026,15.591526,-11.165708,-7.694545,6.136704,-6.924427,-18.584017,9.901942,-11.915561,8.084363,-1.3065338,-1.8040322,10.790863,5.62411,22.217562,-24.124056,52.699986,-1.5362078,2.5035439,5.593837,3.80796,-21.90101,27.86254,47.543976,-16.62527,-2.6651964,3.2357478
389,-2.379758834838867,-0.8978370428085327,78.43791198730469,0.09389796757767416,-2.2633744605351653,-86.01192055243874,0.31377923,7.332212,1.569963,15.402972,-11.12112,-7.7238603,6.3506575,-6.893167,-18.64301,9.803767,-11.9244585,8.06633,-1.3329732,-1.7477949,10.85821,5.619796,22.162573,-24.281235,52.691975,-1.429863,2.5289607,5.5547643,3.773366,-21.882406,27.786148,47.63108,-16.589266,-2.6723154,3.1910837
390,-2.410148859024048,-0.9313908219337463,78.43911743164062,0.11094562486689516,-2.3670687455874244,-85.97118855259035,0.5372177,7.3282514,1.5333483,15.217394,-11.065851,-7.746168,6.5547037,-6.8721485,-18.693392,9.708147,-11.931191,8.052608,-1.3469017,-1.698472,10.915024,5.5896797,22.096167,-24.456331,52.705345,-1.2853914,2.567051,5.5060143,3.743644,-21.849194,27.693214,47.725792,-16.589148,-2.6786826,3.1605823
391,-2.437847375869751,-0.9659119844436646,78.43970489501953,0.13003525983981967,-2.4660843768772933,-85.93465699339966,0.7549613,7.3201013,1.5025147,15.034938,-11.006167,-7.7654295,6.753484,-6.85476,-18.739893,9.609001,-11.932824,8.041059,-1.3724328,-1.6579481,10.969439,5.582768,22.048128,-24.617802,52.681133,-1.1207341,2.6111379,5.4426374,3.7105103,-21.816517,27.619263,47.810196,-16.592764,-2.6838057,3.1333475
392,-2.4646668434143066,-0.998717188835144,78.43972778320312,0.14629131992598451,-2.561159067020352,-85.89831034360851,0.9644901,7.313865,1.4727254,14.859574,-10.95107,-7.7855906,6.9485416,-6.8357577,-18.786392,9.507509,-11.930882,8.029565,-1.3904835,-1.6154213,11.011809,5.5549374,21.994938,-24.806282,52.672318,-0.9588875,2.6504815,5.3760853,3.6807714,-21.770712,27.549835,47.899376,-16.589548,-2.6879554,3.0950909
393,-2.4869632720947266,-1.0322407484054565,78.43946838378906,0.15943380569766022,-2.6515097251757043,-85.85815569163,1.1610692,7.3092446,1.4405032,14.696335,-10.902233,-7.80771,7.1371517,-6.816063,-18.836756,9.409547,-11.927622,8.0185375,-1.4177511,-1.5729113,11.041833,5.523013,21.942755,-25.010136,52.66265,-0.8016085,2.6851437,5.3014126,3.6466148,-21.713495,27.4966,47.996548,-16.573172,-2.6899014,3.0382478
394,-2.5077736377716064,-1.0632104873657227,78.43939208984375,0.1705239819597097,-2.7369156407579402,-85.81726863491362,1.3490595,7.3035884,1.409319,14.538354,-10.853312,-7.829818,7.3224277,-6.7966213,-18.888456,9.306041,-11.917919,8.008759,-1.4588534,-1.5335149,11.067397,5.5086727,21.905584,-25.211271,52.620953,-0.63866097,2.7202642,5.213117,3.6147394,-21.659643,27.462492,48.07876,-16.546913,-2.6897616,2.9737422
395,-2.528911590576172,-1.0945045948028564,78.43853759765625,0.18105529102820234,-2.8193504851440405,-85.7821261841074,1.5302534,7.2996526,1.3836623,14.390571,-10.810873,-7.8511047,7.499063,-6.777589,-18.933666,9.210047,-11.911176,7.998669,-1.4872929,-1.4958562,11.083592,5.4778585,21.867207,-25.42896,52.590023,-0.47124144,2.752367,5.1241956,3.5795028,-21.59051,27.438892,48.16971,-16.519918,-2.6901188,2.908168
396,-2.5473384857177734,-1.1276017427444458,78.43807983398438,0.18840713119941332,-2.900562023239772,-85.7595806977418,1.7111553,7.3004293,1.368554,14.248142,-10.776145,-7.870714,7.672599,-6.7550573,-18.966434,9.109331,-11.902442,7.986879,-1.5100466,-1.4586935,11.10022,5.4569526,21.83629,-25.628613,52.538948,-0.29286602,2.7799177,5.0368524,3.537876,-21.526724,27.451448,48.24846,-16.482996,-2.6922038,2.853796
397,-2.5640227794647217,-1.1573576927185059,78.43782043457031,0.1916354119057582,-2.98173241558823,-85.75005136114751,1.8937306,7.3070664,1.3640089,14.110847,-10.751359,-7.888847,7.843677,-6.7282453,-18.985537,9.005899,-11.895106,7.970726,-1.5231645,-1.4197019,11.119373,5.4435287,21.813152,-25.81196,52.46751,-0.098722816,2.8002052,4.948408,3.4956117,-21.476467,27.501945,48.30775,-16.42418,-2.6963289,2.812678
398,-2.580063819885254,-1.189647912979126,78.43382263183594,0.1933200392960573,-3.0616996804735304,-85.75053396468313,2.0754082,7.3183722,1.3675395,13.978789,-10.73411,-7.9071712,8.011673,-6.6981316,-18.99436,8.900031,-11.887853,7.951691,-1.5209254,-1.3799201,11.131252,5.416596,21.78597,-26.001907,52.405678,0.10667556,2.814255,4.861887,3.447989,-21.416712,27.577087,48.37339,-16.354067,-2.701633,2.7761438
399,-2.5889792442321777,-1.221946358680725,78.43246459960938,0.19304004361738122,-3.138845835604062,-85.76168924172002,2.2525375,7.33179,1.3814759,13.855662,-10.723106,-7.921563,8.171071,-6.668255,-18.992296,8.797712,-11.879967,7.9347577,-1.5205286,-1.3385527,11.151162,5.4105096,21.76957,-26.163359,52.302822,0.31971607,2.8286417,4.7761416,3.4079595,-21.380655,27.675077,48.395496,-16.288916,-2.707391,2.753826
400,-2.5964195728302,-1.2511084079742432,78.43095397949219,0.19322660739628045,-3.2111582002857393,-85.78435971072562,2.4221947,7.344973,1.4073389,13.742684,-10.715959,-7.9311795,8.316985,-6.6412673,-18.979082,8.704023,-11.871355,7.924694,-1.5037595,-1.2995645,11.152532,5.372897,21.740206,-26.346916,52.24107,0.5100953,2.8435047,4.708644,3.3477843,-21.322218,27.790321,48.447376,-16.250278,-2.7168784,2.7363925
401,-2.6023733615875244,-1.2780776023864746,78.4288330078125,0.19441018045788122,-3.2775412985284618,-85.82046102909291,2.5827267,7.3581395,1.4478409,13.643038,-10.713932,-7.934342,8.447887,-6.6173377,-18.953087,8.61828,-11.860386,7.9240127,-1.4865067,-1.2596961,11.161481,5.35289,21.718843,-26.501612,52.137535,0.6941764,2.866835,4.6509767,3.2965753,-21.283535,27.913496,48.44753,-16.251469,-2.7280474,2.739164
402,-2.6050009727478027,-1.3051128387451172,78.4281005859375,0.1961584388330431,-3.3392750741290906,-85.86906036363644,2.7356403,7.3723707,1.5011367,13.555082,-10.717816,-7.93241,8.565594,-6.595126,-18.915096,8.539729,-11.84842,7.9296203,-1.459497,-1.220654,11.154248,5.312844,21.6817,-26.66345,52.060806,0.8666862,2.892475,4.6098046,3.2245834,-21.223976,28.060495,48.470238,-16.278587,-2.7414007,2.7483604
403,-2.6054036617279053,-1.3304173946380615,78.4245834350586,0.19757409052384092,-3.3981854284778548,-85.92636177500177,2.8851395,7.385815,1.5625162,13.471638,-10.7231,-7.92804,8.67478,-6.5752726,-18.868114,8.465926,-11.835071,7.938254,-1.4296128,-1.181546,11.152142,5.2782083,21.649666,-26.809088,51.967564,1.0378336,2.917095,4.574429,3.1554735,-21.178675,28.22069,48.466347,-16.318172,-2.7554173,2.7678428
404,-2.606919765472412,-1.3579779863357544,78.42138671875,0.19973988214403376,-3.4564722497089817,-85.9883570415105,3.0362377,7.396822,1.6273297,13.383804,-10.724997,-7.9240417,8.775848,-6.559614,-18.81482,8.4031,-11.824318,7.9465933,-1.3984853,-1.143478,11.149614,5.2383394,21.612629,-26.946272,51.88623,1.2099478,2.934841,4.546379,3.0777178,-21.132988,28.400763,48.46695,-16.35759,-2.768139,2.7873845
405,-2.6039395332336426,-1.3810951709747314,78.42053985595703,0.20314100685349396,-3.5145811906722253,-86.05419195557748,3.1888027,7.404962,1.6938027,13.291847,-10.721991,-7.9216075,8.871232,-6.5473695,-18.755983,8.347781,-11.814036,7.954319,-1.3531806,-1.1059734,11.173729,5.203105,21.598911,-27.06476,51.769978,1.3956147,2.9440331,4.5141225,3.0301595,-21.11816,28.559393,48.40144,-16.407867,-2.7827537,2.8203495
406,-2.5972867012023926,-1.4031325578689575,78.4170913696289,0.20668930570076163,-3.5710547447702377,-86.12584962320288,3.3400984,7.410898,1.7645878,13.19952,-10.716727,-7.91908,8.95784,-6.5390334,-18.689869,8.301773,-11.804854,7.9630475,-1.3200889,-1.0701257,11.166358,5.1582694,21.565554,-27.203733,51.703648,1.5561337,2.9457273,4.5042553,2.943434,-21.086906,28.80527,48.39279,-16.428509,-2.791869,2.8365047
407,-2.5899553298950195,-1.424665093421936,78.41619873046875,0.21139106234860794,-3.6263567001548997,-86.20403451904001,3.494465,7.415242,1.8417856,13.100366,-10.708667,-7.91536,9.038529,-6.5332317,-18.616777,8.2595215,-11.794747,7.9722357,-1.2831652,-1.0344825,11.168646,5.1112657,21.526829,-27.314362,51.633934,1.7268467,2.9454894,4.496376,2.8519614,-21.05492,29.041996,48.37779,-16.469982,-2.801973,2.8626635
408,-2.583254098892212,-1.4448902606964111,78.41481018066406,0.21736582914056168,-3.680113798662485,-86.28943304332488,3.649686,7.4184713,1.9267178,12.999256,-10.703336,-7.9092407,9.109203,-6.5309887,-18.536295,8.228883,-11.788603,7.9813623,-1.2536814,-0.9971887,11.1629505,5.0617995,21.46345,-27.399164,51.585846,1.8947304,2.9471524,4.4971523,2.7312047,-21.009668,29.295277,48.402187,-16.519857,-2.8100827,2.891284
409,-2.5698978900909424,-1.464418888092041,78.41488647460938,0.22193916748245063,-3.731289736765599,-86.38645016813125,3.8101833,7.419826,2.0246096,12.886913,-10.6979885,-7.8992305,9.170238,-6.5322275,-18.444527,8.203677,-11.782207,7.990281,-1.2111658,-0.95813483,11.16298,5.018136,21.401922,-27.463053,51.52118,2.0450504,2.9543757,4.50434,2.6171653,-20.97416,29.531748,48.4139,-16.586603,-2.8167613,2.9349186
410,-2.558208465576172,-1.4821885824203491,78.41143035888672,0.22882662147689253,-3.780673466991082,-86.49270684193857,3.9756393,7.419243,2.1325986,12.76366,-10.69039,-7.886598,9.222886,-6.536403,-18.343437,8.183732,-11.775489,7.999237,-1.1652923,-0.9178496,11.164419,4.978908,21.336546,-27.506119,51.451355,2.1840525,2.9638433,4.518599,2.497207,-20.944702,29.772305,48.42631,-16.662434,-2.8217223,2.9875007
