Frame,root_translateX,root_translateY,root_translateZ,root_rotateX,root_rotateY,root_rotateZ,left_hip_pitch_joint_dof,left_hip_roll_joint_dof,left_hip_yaw_joint_dof,left_knee_joint_dof,left_ankle_pitch_joint_dof,left_ankle_roll_joint_dof,right_hip_pitch_joint_dof,right_hip_roll_joint_dof,right_hip_yaw_joint_dof,right_knee_joint_dof,right_ankle_pitch_joint_dof,right_ankle_roll_joint_dof,waist_yaw_joint_dof,waist_roll_joint_dof,waist_pitch_joint_dof,left_shoulder_pitch_joint_dof,left_shoulder_roll_joint_dof,left_shoulder_yaw_joint_dof,left_elbow_joint_dof,left_wrist_roll_joint_dof,left_wrist_pitch_joint_dof,left_wrist_yaw_joint_dof,right_shoulder_pitch_joint_dof,right_shoulder_roll_joint_dof,right_shoulder_yaw_joint_dof,right_elbow_joint_dof,right_wrist_roll_joint_dof,right_wrist_pitch_joint_dof,right_wrist_yaw_joint_dof
0,-0.7047246098518372,2.6319637298583984,78.64020538330078,0.37284962675039396,-1.9057723318480404,-88.9122662132978,2.1163366,5.1596885,5.9820495,8.544526,-7.8893147,-5.4136457,3.383964,-7.8579717,-16.296574,7.270543,-7.913952,7.537385,-0.059148706,0.05468747,9.208006,-2.0011508,20.032322,-38.243702,52.988453,10.284673,3.8223755,3.216615,-3.1131968,-19.505985,38.125114,52.623394,-20.81478,-1.9602145,2.1159294
1,-0.7257364988327026,2.6388392448425293,78.64281463623047,0.3692065728968385,-1.8786508461857745,-88.94134749005927,2.0815513,5.19291,6.0022664,8.552193,-7.8735557,-5.427282,3.3340547,-7.825006,-16.261068,7.2742724,-7.904412,7.4963756,-0.08065281,0.08156241,9.220708,-2.0234306,20.040545,-38.231113,52.994457,10.224164,3.7982142,3.1859877,-3.1169765,-19.510939,38.113106,52.587303,-20.817127,-1.9303268,2.090901
2,-0.7472368478775024,2.6455345153808594,78.64550018310547,0.36680067685341744,-1.8525470043726462,-88.97187339035399,2.0495646,5.2254567,6.024177,8.558309,-7.8571596,-5.4399223,3.284224,-7.792752,-16.223269,7.280159,-7.8961463,7.4559803,-0.097693846,0.106637254,9.240481,-2.0474265,20.051323,-38.213802,52.994987,10.167686,3.771641,3.15137,-3.1212423,-19.514803,38.10091,52.55128,-20.83033,-1.8992087,2.0618205
3,-0.7740441560745239,2.651785135269165,78.64823913574219,0.3650837811547639,-1.8247192804953913,-88.99984071927696,2.0148404,5.256571,6.04382,8.562552,-7.8396907,-5.4546957,3.23235,-7.761913,-16.188805,7.2862945,-7.887685,7.4145885,-0.12394514,0.13074966,9.253533,-2.0680044,20.058414,-38.196808,52.998623,10.110024,3.7501488,3.1209385,-3.1245077,-19.51545,38.08104,52.507797,-20.83001,-1.8698566,2.042803
4,-0.8076949715614319,2.661975383758545,78.64927673339844,0.36486298470236067,-1.7929574962395212,-89.02173844024918,1.9752846,5.286126,6.0575843,8.55882,-7.81788,-5.4748116,3.175856,-7.7323294,-16.163054,7.2941985,-7.87987,7.3704143,-0.16094637,0.14835455,9.273302,-2.0879993,20.074358,-38.165215,52.987736,10.06635,3.7373247,3.0877645,-3.1143558,-19.51422,37.997463,52.41415,-20.821249,-1.8506476,2.05994
5,-0.8415223956108093,2.6757733821868896,78.65116882324219,0.3640084505918395,-1.7582298325635572,-89.03613969411698,1.9317211,5.316549,6.063825,8.547464,-7.795378,-5.5036464,3.120456,-7.700393,-16.150803,7.29665,-7.871847,7.3193874,-0.20587443,0.1625228,9.291865,-2.1106646,20.095749,-38.13982,52.97627,10.010831,3.7361436,3.0586715,-3.0821614,-19.510803,37.846745,52.272053,-20.81488,-1.8457414,2.1262503
6,-0.8782866597175598,2.6892452239990234,78.65038299560547,0.37209327669487585,-1.719140538074057,-89.04786984340149,1.8884351,5.338017,6.0692964,8.519924,-7.7666736,-5.5377846,2.9240394,-7.7169566,-16.125353,7.5976415,-8.022034,7.265984,-0.23931079,0.16288212,9.311392,-2.1423125,20.13062,-38.133503,52.95814,9.944077,3.744295,3.030998,-3.0230112,-19.505938,37.62477,52.083557,-20.816782,-1.8521864,2.2299492
7,-0.9113172888755798,2.7032716274261475,78.64752197265625,0.3947759400736865,-1.6728114504039269,-89.05762940973526,1.8400326,5.3435717,6.075438,8.478909,-7.7262163,-5.5715566,2.6072865,-7.781401,-16.083633,8.140005,-8.29447,7.21758,-0.2887173,0.1478202,9.325134,-2.1703324,20.159834,-38.108795,52.93527,9.905835,3.7581577,3.0036206,-2.9599597,-19.501198,37.380245,51.85855,-20.772394,-1.8571441,2.340883
8,-0.9510596394538879,2.723116159439087,78.64230346679688,0.42933622950420164,-1.6176459462101471,-89.06431364902272,1.7807142,5.3374248,6.080073,8.430388,-7.670227,-5.5998683,2.262707,-7.860512,-16.035374,8.712919,-8.570961,7.1798806,-0.32932234,0.11805393,9.338685,-2.2107506,20.194853,-38.087353,52.895885,9.920051,3.777036,2.9723573,-2.8771315,-19.496305,37.077785,51.576347,-20.656368,-1.8529668,2.4365597
9,-0.9950076341629028,2.744845390319824,78.63703918457031,0.4759373228226921,-1.550014632265948,-89.06800553863137,1.7043747,5.3184443,6.0847254,8.378233,-7.5973473,-5.618653,1.885489,-7.955253,-15.979671,9.3159895,-8.854177,7.155384,-0.3551246,0.07074614,9.350755,-2.2669265,20.244232,-38.085724,52.85442,9.958683,3.7968524,2.9424644,-2.7658894,-19.491234,36.707485,51.23363,-20.43713,-1.8344092,2.5061605
10,-1.0425788164138794,2.7718005180358887,78.63121795654297,0.5321809850796078,-1.472558709717277,-89.06813278423944,1.6162134,5.288592,6.088381,8.318532,-7.5096374,-5.6317496,1.4717989,-8.066016,-15.918148,9.966904,-9.1539,7.140027,-0.38696223,0.010464699,9.359736,-2.3277194,20.299196,-38.082054,52.8111,10.020643,3.818867,2.913791,-2.642283,-19.486212,36.29784,50.84436,-20.133589,-1.8060244,2.5626493
11,-1.0947940349578857,2.8080294132232666,78.62699127197266,0.5988534926116826,-1.3916757800940587,-89.06471308962614,1.5232688,5.249493,6.087872,8.251858,-7.412242,-5.6460314,1.0309479,-8.190886,-15.850701,10.662388,-9.467951,7.1318383,-0.42621276,-0.060415108,9.370549,-2.381839,20.353956,-38.04879,52.71925,10.172828,3.851867,2.8740535,-2.5124407,-19.4824,35.855362,50.400696,-19.79938,-1.7748554,2.6197624
12,-1.1410752534866333,2.840606212615967,78.61959075927734,0.6723088320045819,-1.3137896667990676,-89.05773321719946,1.4348216,5.202188,6.080445,8.173878,-7.3077984,-5.668211,0.57094496,-8.328891,-15.776872,11.4013,-9.794891,7.129265,-0.46102732,-0.14399467,9.392043,-2.4200428,20.422318,-37.97654,52.51702,10.471832,3.905458,2.809799,-2.3686752,-19.483644,35.36702,49.87844,-19.493134,-1.7489365,2.693846
13,-1.1877402067184448,2.873711109161377,78.60830688476562,0.7474771142246686,-1.2371875733874422,-89.04598430369484,1.3483756,5.1515846,6.062098,8.084581,-7.1975403,-5.7014184,0.07997138,-8.478142,-15.70332,12.207073,-10.148419,7.126159,-0.5075844,-0.2342,9.422518,-2.4283662,20.498072,-37.826477,52.19674,10.974022,3.993508,2.6975992,-2.2234955,-19.492481,34.84833,49.28599,-19.215755,-1.7338963,2.791128
14,-1.2428141832351685,2.914522886276245,78.58822631835938,0.8136179280323933,-1.157752278030931,-89.02689403974388,1.0966974,5.1289806,6.0153847,8.328221,-7.2603645,-5.7443604,-0.44378555,-8.62358,-15.633488,13.074864,-10.52647,7.12419,-0.5638877,-0.31798366,9.458185,-2.415741,20.583424,-37.621346,51.781853,11.632868,4.1064672,2.5497904,-2.068731,-19.510336,34.29141,48.62221,-18.943579,-1.7243974,2.9039967
15,-1.3021247386932373,2.959094762802124,78.56969451904297,0.8867971340706234,-1.083077736544584,-89.00533080881083,0.8419406,5.100679,5.96469,8.58225,-7.324995,-5.791127,-0.9808548,-8.77767,-15.549321,13.97513,-10.910067,7.1382613,-0.62208855,-0.41055995,9.5050745,-2.3874798,20.681454,-37.394226,51.267185,12.370049,4.2169194,2.4072018,-1.9018208,-19.536942,33.706055,47.877865,-18.678894,-1.7089268,3.0218046
16,-1.363904356956482,3.0087833404541016,78.54681396484375,0.9666718846977229,-1.018591803955322,-88.98273294103173,0.590386,5.0676837,5.9143553,8.847123,-7.3897877,-5.8382487,-1.5173495,-8.936984,-15.438264,14.887749,-11.284455,7.18075,-0.6785691,-0.5109879,9.566082,-2.3467567,20.795624,-37.17696,50.646145,13.107523,4.299139,2.31148,-1.7220956,-19.571592,33.10225,47.047184,-18.42545,-1.6760131,3.133706
17,-1.4296343326568604,3.058699369430542,78.52005004882812,1.0568752859534882,-0.9635697489380035,-88.96163612987044,0.34108904,5.027097,5.8661437,9.126061,-7.455794,-5.8857126,-2.054009,-9.10763,-15.306318,15.812906,-11.652633,7.2506013,-0.73115486,-0.62399626,9.638595,-2.2883148,20.929161,-36.973793,49.910145,13.874611,4.3524055,2.2859898,-1.5287784,-19.614056,32.477245,46.129208,-18.183245,-1.6171988,3.2449389
18,-1.5016242265701294,3.1123318672180176,78.49199676513672,1.1572074846129463,-0.9158068689635559,-88.94064241588308,0.09392763,4.9791446,5.817653,9.412262,-7.5230656,-5.935167,-2.6024852,-9.29039,-15.156029,16.771408,-12.02482,7.342223,-0.78127944,-0.74907297,9.722951,-2.2097838,21.083405,-36.76915,49.059418,14.695856,4.3901167,2.304412,-1.32087,-19.663948,31.82582,45.124023,-17.951357,-1.5401402,3.358658
19,-1.5758826732635498,3.1708900928497314,78.4638671875,1.25902623017259,-0.8781708011407325,-88.91519320551964,-0.15371056,4.9324865,5.7665534,9.714167,-7.592266,-5.98392,-3.1447585,-9.467564,-14.973804,17.729269,-12.382153,7.4617057,-0.83169395,-0.8770405,9.82516,-2.1205454,21.258575,-36.565678,48.103146,15.48482,4.4080243,2.334502,-1.1020042,-19.721483,31.155294,44.032497,-17.731365,-1.4581146,3.4606826
20,-1.652453064918518,3.2321949005126953,78.43370056152344,1.3541923350429157,-0.853515940824541,-88.88058793434874,-0.40520942,4.8954997,5.7089286,10.040632,-7.6661997,-6.0316277,-3.6656036,-9.62063,-14.74635,18.658533,-12.709873,7.6151996,-0.88465333,-0.99810904,9.951186,-2.0285172,21.45332,-36.365158,47.050167,16.156963,4.4010634,2.3444707,-0.87493324,-19.78704,30.472393,42.854473,-17.5248,-1.3843721,3.5371485
21,-1.7391310930252075,3.2991063594818115,78.40367126464844,1.4416938127837406,-0.8445772060143152,-88.83716056402012,-0.6585106,4.8700995,5.6471987,10.392665,-7.746007,-6.0759773,-4.156046,-9.750132,-14.493059,19.551628,-13.002106,7.8167577,-0.9405937,-1.110318,10.10404,-1.9282739,21.666674,-36.163376,45.89227,16.676464,4.3550406,2.3355582,-0.63393605,-19.85938,29.767847,41.58881,-17.333134,-1.3281472,3.5821254
22,-1.8276747465133667,3.369661331176758,78.37406158447266,1.5247731773667932,-0.8489861101081149,-88.78686822729676,-0.91259307,4.8523526,5.581944,10.765186,-7.829607,-6.1181755,-4.6276517,-9.863272,-14.214095,20.426931,-13.2698765,8.058998,-0.9981149,-1.2181389,10.279454,-1.8170226,21.898863,-35.96024,44.627426,17.093424,4.277194,2.3219109,-0.38050637,-19.938557,29.041348,40.236427,-17.154556,-1.2804102,3.6039312
23,-1.9120981693267822,3.444037914276123,78.34065246582031,1.6037478225961093,-0.8621953063059902,-88.72771698312447,-1.1755968,4.842456,5.5072937,11.16363,-7.917829,-6.1617966,-5.0949163,-9.951722,-13.867678,21.294035,-13.520783,8.317202,-1.0570766,-1.3210255,10.472942,-1.7097043,22.14988,-35.765873,43.275547,17.450264,4.193343,2.2907062,-0.12330723,-20.026962,28.311619,38.793526,-16.987799,-1.2267992,3.610317
24,-2.0030205249786377,3.526059150695801,78.31059265136719,1.6780983812583523,-0.8797930555652618,-88.65745223161576,-1.4529567,4.839542,5.4177375,11.5883255,-8.008883,-6.210296,-5.572033,-10.005748,-13.411851,22.161488,-13.761993,8.567288,-1.1172839,-1.4178878,10.680169,-1.6204566,22.41913,-35.58963,41.8554,17.789738,4.129199,2.228666,0.1308016,-20.127663,27.59742,37.25297,-16.83046,-1.1526209,3.6092114
25,-2.107268810272217,3.610581636428833,78.2812271118164,1.749342658508866,-0.9044092518181892,-88.57728114696783,-1.7433542,4.8437104,5.314399,12.04451,-8.10431,-6.2621007,-6.0581055,-10.024357,-12.848471,23.034958,-13.997705,8.806925,-1.1825668,-1.5099858,10.901447,-1.546641,22.707232,-35.435093,40.36025,18.078749,4.0950036,2.124092,0.38769284,-20.242636,26.898926,35.604866,-16.66697,-1.0522983,3.6107275
26,-2.2131192684173584,3.6968436241149902,78.25029754638672,1.815936324927286,-0.936909952218006,-88.48789167369517,-2.0439787,4.8548126,5.199398,12.528321,-8.203391,-6.3160257,-6.545427,-10.008625,-12.196799,23.906393,-14.222454,9.049331,-1.2514497,-1.5970002,11.138654,-1.4812452,23.014585,-35.29663,38.781265,18.309435,4.0761466,1.9860629,0.652749,-20.372868,26.206112,33.849327,-16.503466,-0.93355066,3.6084716
27,-2.319178819656372,3.791316270828247,78.21464538574219,1.8791069212446987,-0.9709629220819515,-88.38608870590556,-2.3616042,4.872079,5.0685654,13.0331955,-8.304132,-6.3763943,-7.0381103,-9.95236,-11.441195,24.765247,-14.430318,9.294701,-1.3157953,-1.6760246,11.389758,-1.4334006,23.339098,-35.170864,37.135376,18.562956,4.0600433,1.8323362,0.917249,-20.519907,25.524008,31.994564,-16.368399,-0.80213016,3.5854332
28,-2.433180093765259,3.8833420276641846,78.17085266113281,1.9380865686606543,-0.999970965476098,-88.26896623522545,-2.7054741,4.8944354,4.917668,13.557325,-8.406453,-6.4478374,-7.53844,-9.848772,-10.566188,25.59785,-14.615379,9.543244,-1.3677852,-1.744808,11.6516,-1.4131534,23.676653,-35.05378,35.442936,18.9215,4.033727,1.6811519,1.1709358,-20.686762,24.85856,30.051052,-16.290922,-0.6640686,3.5250328
29,-2.554140090942383,3.9936044216156006,78.12348175048828,1.9918957896286549,-1.0296552299948112,-88.14549681463038,-3.0726202,4.9255834,4.753487,14.112329,-8.51842,-6.534631,-8.0597105,-9.684497,-9.526422,26.43369,-14.770181,9.791723,-1.3983736,-1.8011656,11.930597,-1.4183682,24.023575,-34.940212,33.69346,19.445831,3.9903026,1.5302471,1.4239866,-20.87539,24.210655,27.99799,-16.297255,-0.52231807,3.4179156
30,-2.6829171180725098,4.103270053863525,78.07927703857422,2.040919020042121,-1.0609250750192891,-88.01412109068875,-3.4551938,4.963682,4.5761886,14.684725,-8.634776,-6.634086,-8.591409,-9.461996,-8.346126,27.266321,-14.899823,10.043727,-1.4137244,-1.8459146,12.225214,-1.4470333,24.378693,-34.834213,31.88536,20.080027,3.9366212,1.3726922,1.6814386,-21.087019,23.576765,25.833006,-16.364508,-0.37262067,3.2754405
31,-2.8150274753570557,4.2177534103393555,78.03395080566406,2.0880207407935556,-1.080537633385832,-87.85581023268378,-3.867693,4.99955,4.3706994,15.264171,-8.742408,-6.739872,-9.107735,-9.202309,-7.1120195,28.043467,-15.017914,10.3074665,-1.4288222,-1.8786342,12.520982,-1.5123861,24.741442,-34.74704,30.051506,20.729315,3.8806443,1.2195832,1.9332896,-21.320496,22.954182,23.585148,-16.448254,-0.2098478,3.1120694
32,-2.9513893127441406,4.335997104644775,77.98839569091797,2.134202383977089,-1.075178308808973,-87.65153884777197,-4.317962,5.023271,4.1224933,15.826176,-8.823355,-6.8455095,-9.584503,-8.93082,-5.909404,28.711979,-15.1373205,10.588945,-1.4587826,-1.8998712,12.803427,-1.6287755,25.111359,-34.691868,28.226532,21.297888,3.8311143,1.0821629,2.165686,-21.5731,22.341322,21.289736,-16.50482,-0.031171057,2.9411192
33,-3.1025991439819336,4.453315734863281,77.944091796875,2.1801741755035215,-1.0446823004570909,-87.40429427048738,-4.812123,5.036331,3.8333995,16.387215,-8.886036,-6.95033,-10.030247,-8.635785,-4.686965,29.28312,-15.263449,10.881827,-1.5046113,-1.9107099,13.065858,-1.7959638,25.489016,-34.677032,26.413538,21.772535,3.788241,0.96775097,2.3845336,-21.845404,21.746891,18.93756,-16.539862,0.16407055,2.747946
34,-3.2536025047302246,4.571125507354736,77.8954086303711,2.224958071266785,-0.9953068126690512,-87.1214102467138,-5.34438,5.0413013,3.509446,16.952925,-8.93482,-7.057368,-10.451079,-8.312073,-3.4235332,29.778313,-15.389733,11.184017,-1.5589371,-1.9108578,13.316634,-2.009497,25.873812,-34.69627,24.598728,22.199682,3.7472148,0.86929005,2.5978427,-22.136925,21.16811,16.51296,-16.57077,0.37360194,2.5312908
35,-3.410083055496216,4.696915149688721,77.84458923339844,2.269639059581804,-0.9231009778135736,-86.79078928330718,-5.902442,5.0295587,3.1427734,17.4761,-8.94671,-7.165483,-10.824639,-8.001454,-2.2467175,30.16055,-15.512129,11.504892,-1.6240636,-1.9011228,13.560916,-2.2746842,26.263025,-34.740925,22.78705,22.574968,3.7149794,0.7748182,2.790643,-22.443789,20.588263,14.0462885,-16.572891,0.59945655,2.3247337
36,-3.571803569793701,4.822950839996338,77.79473876953125,2.3181991638530417,-0.8245164470489768,-86.399992268641,-6.4795227,4.992382,2.7251961,17.922237,-8.899435,-7.273621,-11.133031,-7.7483788,-1.2826115,30.394756,-15.626666,11.852428,-1.7023098,-1.8828453,13.803305,-2.6010914,26.651789,-34.803528,20.993649,22.892948,3.6941767,0.6744484,2.9460719,-22.759207,19.991423,11.570931,-16.522211,0.84318376,2.1612263
37,-3.752750873565674,4.9512715339660645,77.74897003173828,2.3722541028982587,-0.6964013462008075,-85.9415520147453,-7.0861325,4.9286113,2.249811,18.30253,-8.797372,-7.3791933,-11.361613,-7.5513005,-0.49412692,30.433006,-15.723112,12.286503,-1.7983242,-1.8579258,14.038157,-3.004472,27.038712,-34.898697,19.2374,23.084536,3.687714,0.5807846,3.0647495,-23.077583,19.373856,9.080592,-16.399935,1.1146231,2.0570297
38,-3.940377712249756,5.0874924659729,77.70856475830078,2.4301897076595096,-0.5419561260717459,-85.42345568753815,-7.7210264,4.840316,1.7231859,18.629436,-8.649034,-7.483993,-11.527169,-7.397336,0.16465965,30.30678,-15.805328,12.780664,-1.9085349,-1.8269205,14.26273,-3.4793322,27.422497,-35.028687,17.513187,23.175734,3.692952,0.49516565,3.1524127,-23.397413,18.744461,6.568665,-16.225395,1.4090402,1.9906569
39,-4.125711917877197,5.229771137237549,77.66848754882812,2.493490454015434,-0.36679525392410056,-84.85663391557375,-8.355205,4.7254953,1.1570495,18.860231,-8.434669,-7.594331,-11.65919,-7.314443,0.5818224,30.09175,-15.885397,13.2136345,-2.0244222,-1.7880015,14.4852085,-4.0041766,27.797712,-35.16649,15.797157,23.302597,3.7090127,0.38866058,3.1972659,-23.718742,18.10807,4.072643,-16.032352,1.7061012,1.9383662
40,-4.318507194519043,5.378714084625244,77.63117218017578,2.561433310294035,-0.1766512254977681,-84.25195438727835,-8.962347,4.58357,0.56240994,18.958057,-8.138384,-7.716491,-11.788057,-7.3282247,0.64569396,29.865448,-15.976242,13.464839,-2.1388388,-1.7387778,14.712836,-4.558869,28.15688,-35.28371,14.069215,23.601486,3.7339277,0.23212796,3.1839201,-24.043655,17.471853,1.633296,-15.8546915,1.9857229,1.876821
41,-4.517112731933594,5.52738094329834,77.60330200195312,2.6373255741456427,0.020971428086867836,-83.6050617920065,-9.5370455,4.411604,-0.06459031,18.92857,-7.766797,-7.848938,-11.892669,-7.4746556,0.23804232,29.618755,-16.100122,13.507831,-2.257124,-1.6821123,14.949733,-5.146218,28.49514,-35.373325,12.329797,24.157036,3.7742126,0.0065888194,3.1071572,-24.374182,16.839882,-0.74718416,-15.69229,2.2414987,1.81515
42,-4.722052097320557,5.685972213745117,77.5846939086914,2.720741385772251,0.230265425496911,-82.91256389645464,-10.091042,4.2132244,-0.7283722,18.786034,-7.3249965,-7.989952,-11.963232,-7.728749,-0.5516679,29.318928,-16.24232,13.406181,-2.3825898,-1.6159933,15.189911,-5.7776833,28.810755,-35.449184,10.595877,24.881216,3.8252742,-0.2691528,2.9730732,-24.710386,16.211798,-3.0845656,-15.529623,2.484367,1.759861
43,-4.923678874969482,5.850450038909912,77.57587432861328,2.8035640066182315,0.46370447573037155,-82.1874769124416,-10.620463,4.0002227,-1.419811,18.498106,-6.79095,-8.146058,-12.049264,-8.024401,-1.5228311,29.01192,-16.363163,13.173689,-2.5037715,-1.5307348,15.424996,-6.443038,29.100433,-35.512493,8.8704605,25.655998,3.8683975,-0.5675673,2.779247,-25.052963,15.588359,-5.360698,-15.377403,2.719847,1.6849452
44,-5.133050918579102,6.0257415771484375,77.57280731201172,2.8781343617789283,0.7337768034133159,-81.44284450390754,-11.122467,3.786359,-2.13114,18.03506,-6.143851,-8.323908,-12.202676,-8.297671,-2.4744718,28.741364,-16.42181,12.8224945,-2.6103425,-1.4152075,15.647088,-7.129825,29.359966,-35.562443,7.1553564,26.363762,3.8866985,-0.8601408,2.5220613,-25.4019,14.971768,-7.556515,-15.24498,2.95356,1.5637529
45,-5.340989112854004,6.205866813659668,77.5837173461914,2.9382765824050865,1.0502075582602601,-80.6643689682965,-11.611378,3.5808609,-2.8837082,17.388308,-5.3735743,-8.497983,-12.440136,-8.542247,-3.4184012,28.520605,-16.410511,12.270299,-2.7052872,-1.2564893,15.851514,-7.8604145,29.586636,-35.606976,5.466634,26.994131,3.8732412,-1.1472441,2.2038643,-25.754803,14.351569,-9.682974,-15.128155,3.1899269,1.3862569
46,-5.559809684753418,6.386853218078613,77.60944366455078,2.988183436774114,1.4035571855949411,-79.8519071863174,-12.084623,3.3851,-3.6786702,16.578907,-4.496999,-8.674575,-12.732583,-8.790098,-4.441525,28.331207,-16.354012,11.538479,-2.7901924,-1.0602391,16.042664,-8.639441,29.778685,-35.64614,3.8068335,27.601511,3.8380005,-1.4398578,1.8235074,-26.11121,13.730468,-11.740978,-15.024455,3.4244967,1.1680098
47,-5.781209945678711,6.575618743896484,77.64077758789062,3.0348951662047132,1.776907545289078,-79.03920286994696,-12.494454,3.2043555,-4.4765005,15.579334,-3.5125444,-8.908207,-13.06169,-9.032339,-5.4550724,28.157295,-16.253654,10.793198,-2.8549309,-0.84345883,16.226364,-9.420226,29.932827,-35.664078,2.153524,28.169792,3.7915401,-1.7250546,1.3695602,-26.47695,13.134026,-13.696723,-14.946905,3.6503048,0.9212547
48,-6.013937950134277,6.769069194793701,77.68152618408203,3.083075581362269,2.152486314745161,-78.26029298177235,-12.7948065,3.0449033,-5.2391877,14.3650875,-2.4217894,-9.253311,-13.40835,-9.254519,-6.370042,27.979036,-16.10828,10.200193,-2.8916805,-0.61965334,16.408976,-10.157116,30.046011,-35.64255,0.48510787,28.680267,3.7444465,-1.9907495,0.8245139,-26.861465,12.592344,-15.511068,-14.90628,3.8594315,0.65707684
49,-6.239902973175049,6.967745780944824,77.72857666015625,3.138941076820173,2.542632434220528,-77.52387995880214,-12.981429,2.9022996,-5.9567714,12.893181,-1.1761521,-9.677803,-13.78953,-9.45188,-7.1501474,27.780615,-15.890786,9.807813,-2.8923268,-0.3932391,16.58781,-10.849764,30.113964,-35.56869,-1.199179,29.129923,3.6988149,-2.24215,0.17504229,-27.269451,12.120325,-17.178953,-14.905217,4.049088,0.34218073
50,-6.4591498374938965,7.163388252258301,77.7800064086914,3.1895705306439055,2.9476010527098566,-76.81384654037728,-13.066228,2.7967246,-6.657585,11.171167,0.21416053,-10.16896,-14.202073,-9.619091,-7.8506227,27.567871,-15.606848,9.523708,-2.8651326,-0.14460875,16.76233,-11.517015,30.135067,-35.450436,-2.886737,29.528767,3.6497524,-2.4830146,-0.5778779,-27.701824,11.710168,-18.712194,-14.934789,4.2245817,-0.018642217
51,-6.679838180541992,7.365703582763672,77.8271255493164,3.2075022703586797,3.331695118372288,-76.12733124352003,-13.0105,2.768731,-7.360359,9.216502,1.6751668,-10.809684,-14.590634,-9.737164,-8.519972,27.339409,-15.297642,9.302939,-2.8263338,0.14993268,16.944681,-12.139798,30.11182,-35.301937,-4.5840006,29.877909,3.598331,-2.6991324,-1.4240146,-28.162151,11.356767,-20.1092,-14.987612,4.3916264,-0.35720947
52,-6.889735221862793,7.571722507476807,77.86077117919922,3.166797941866869,3.660171166181899,-75.46121259057178,-12.748663,2.8571293,-8.079968,6.9890304,3.165706,-11.682485,-14.903623,-9.790444,-9.205475,27.101103,-15.008027,9.101438,-2.7932851,0.51166594,17.147476,-12.699102,30.050207,-35.13642,-6.3005757,30.175392,3.5456,-2.8763056,-2.353022,-28.655777,11.05563,-21.36895,-15.055941,4.555639,-0.6053854
53,-7.086525917053223,7.7732415199279785,77.88309478759766,3.0308931250031743,3.9143146684218433,-74.820422420946,-13.168307,2.9359217,-8.915816,6.4074135,3.6750212,-12.94997,-15.100415,-9.738159,-9.924827,26.822771,-14.731912,8.921735,-2.7667816,0.97745156,17.389593,-13.164488,29.950928,-34.93774,-8.067478,30.45741,3.4981747,-3.022222,-3.3729756,-29.188013,10.814685,-22.487488,-15.139895,4.7156687,-0.74229044
54,-7.28363561630249,7.968481063842773,77.89024353027344,2.819816137387024,4.114145782855014,-74.20641472423699,-13.71664,3.052427,-9.821671,6.2483664,3.869375,-14.521497,-15.2150135,-9.595914,-10.651059,26.509413,-14.450561,8.782568,-2.7411542,1.5292066,17.6625,-13.550539,29.813683,-34.702366,-9.8772,30.710468,3.4543836,-3.1398532,-4.4968443,-29.758635,10.644512,-23.464272,-15.239003,4.869881,-0.80673313
55,-7.453169822692871,8.16519546508789,77.88280487060547,2.7050998468367045,4.254600225046875,-73.6106468998603,-14.170664,2.9904308,-10.514484,6.153315,3.910176,-15.000033,-15.356804,-9.594759,-11.287208,26.381147,-14.270644,8.710665,-2.7115595,1.9747655,17.941145,-13.934701,29.640137,-34.497055,-11.633612,30.862288,3.4101784,-3.2050776,-5.751333,-30.27151,10.544734,-24.237041,-15.389071,5.0134625,-0.7917341
56,-7.6155877113342285,8.366548538208008,77.87498474121094,2.670248663648688,4.392949058681285,-73.02001591359112,-14.581506,2.87819,-11.001563,6.117971,3.7845488,-15.000033,-15.558255,-9.698158,-11.871108,26.36872,-14.148749,8.652321,-2.719243,2.3915224,18.217499,-14.267198,29.452217,-34.26775,-13.433936,30.837038,3.3406074,-3.205563,-7.0550075,-30.93565,10.504386,-24.954077,-15.48399,5.1702285,-0.78062016
57,-7.794288635253906,8.557257652282715,77.8788833618164,2.7284758232335427,4.54845125000954,-72.42712121394456,-14.919163,2.753981,-11.344329,6.0036683,3.5268528,-15.000033,-15.828495,-9.909382,-12.411747,26.443672,-14.068692,8.586413,-2.7105403,2.6246893,18.42445,-14.640122,29.323572,-34.13577,-15.168506,30.577694,3.2725203,-3.1078773,-8.504255,-31.39287,10.501359,-25.429401,-15.698033,5.300821,-0.6548772
58,-7.95685338973999,8.760514259338379,77.87554931640625,2.753911037493461,4.715834547030472,-71.82664647153557,-15.300983,2.701239,-11.631301,6.0299044,3.0562413,-15.000033,-16.127043,-10.098926,-12.974024,26.562302,-14.014799,8.515417,-2.7621024,2.961523,18.61719,-14.941069,29.14206,-33.958652,-16.957148,30.14568,3.1822708,-2.9467356,-10.031991,-32.04771,10.591825,-25.838041,-15.847956,5.450093,-0.5381642
59,-8.123595237731934,8.963584899902344,77.870849609375,2.83897537948883,4.889689489770669,-71.23843032573845,-15.620442,2.663793,-11.722989,6.038361,2.5409863,-15.000033,-16.469578,-10.354595,-13.48686,26.735966,-13.984968,8.460193,-2.7701657,3.148323,18.7613,-15.293727,29.02811,-33.874924,-18.669891,29.602379,3.0854163,-2.72612,-11.632053,-32.480404,10.679309,-26.064724,-16.098734,5.5687037,-0.3144267
60,-8.29189682006836,9.172260284423828,77.86111450195312,2.9152207195994104,5.076348120533011,-70.66588549991678,-15.924083,2.728477,-11.579071,6.1349087,2.0162332,-15.000033,-16.823326,-10.59221,-13.983466,26.885252,-13.937687,8.417185,-2.8070757,3.3770874,18.874681,-15.632779,28.899847,-33.775993,-20.343845,29.023241,2.9526997,-2.4834518,-13.309098,-32.99291,10.867635,-26.176474,-16.285366,5.7026196,-0.13107902
61,-8.466700553894043,9.379597663879395,77.8549575805664,3.038726492916241,5.275892754341001,-70.128231401215,-16.111738,2.8779106,-11.097713,6.139113,1.5464692,-15.000033,-17.2209,-10.86661,-14.409559,27.051647,-13.887426,8.39194,-2.8227575,3.5543883,18.955032,-15.995245,28.780397,-33.706406,-21.958963,28.393038,2.775155,-2.1963482,-15.045014,-33.49928,11.1124115,-26.164402,-16.430012,5.834923,0.04209162
62,-8.648942947387695,9.589300155639648,77.85433197021484,3.205943936960137,5.487056951189763,-69.61423834141385,-16.197002,3.0963411,-10.335295,6.062552,1.0933734,-15.000033,-17.655712,-11.178674,-14.779786,27.23285,-13.836336,8.380846,-2.8299432,3.6858537,19.002863,-16.351734,28.670975,-33.660404,-23.549263,27.691769,2.5623264,-1.8629088,-16.856491,-33.99637,11.419893,-26.022879,-16.545155,5.969562,0.21412258
63,-8.824601173400879,9.80176830291748,77.85629272460938,3.3510705763558604,5.70417339623106,-69.09883899465817,-16.290361,3.3988576,-9.427382,6.1286206,0.61891407,-15.000033,-18.083925,-11.465713,-15.159758,27.385105,-13.772307,8.383619,-2.876713,3.9032526,19.038164,-16.684374,28.533197,-33.58448,-25.124084,26.968508,2.3249998,-1.5370911,-18.720848,-34.629818,11.826932,-25.81232,-16.598904,6.1322474,0.3351687
64,-9.001527786254883,10.0083589553833,77.86181640625,3.5806004292548477,5.90138599535672,-68.58817436934324,-16.229568,3.663259,-8.381936,6.071945,0.3338326,-15.000033,-18.525995,-11.852662,-15.479524,27.596003,-13.740966,8.430683,-2.8921077,4.0057583,19.079706,-17.067486,28.418554,-33.538754,-26.60691,26.294323,2.0890708,-1.2766134,-20.507923,-35.166817,12.17269,-25.593615,-16.732857,6.291148,0.51436543
65,-9.17631721496582,10.219463348388672,77.86002349853516,3.8004975570073722,6.085638176202087,-68.0733978556823,-16.117378,3.9779613,-7.2162337,6.0990868,0.17157911,-15.000033,-18.955711,-12.240066,-15.801207,27.818825,-13.727527,8.524657,-2.9175215,4.127059,19.120628,-17.46937,28.306559,-33.488995,-28.02358,25.657616,1.8532178,-1.0974209,-22.293787,-35.695473,12.529342,-25.328766,-16.8921,6.485859,0.73218447
66,-9.345878601074219,10.426473617553711,77.855712890625,3.99394857043967,6.260504196353363,-67.55987568506994,-15.960307,4.3698797,-5.9191437,6.2230377,0.075193085,-15.000033,-19.357088,-12.598937,-16.133762,28.009493,-13.706335,8.649269,-2.965121,4.437539,19.20128,-17.82751,28.094069,-33.36836,-29.481697,25.035616,1.5890903,-0.99172807,-24.045914,-36.602425,12.966477,-25.145292,-16.894773,6.7592826,0.839872
67,-9.513323783874512,10.632102966308594,77.8542251586914,4.2270254486823715,6.4214632454044915,-67.050276301317,-15.700593,4.740215,-4.566651,6.3098054,0.059389412,-15.000033,-19.767366,-13.008556,-16.431534,28.244429,-13.706045,8.786421,-2.907345,4.631344,19.273098,-18.349741,27.903578,-33.392223,-30.758745,24.459305,1.345268,-0.9045471,-25.568796,-37.33755,13.189924,-25.01806,-17.034796,6.977741,1.0298744
68,-9.664159774780273,10.832679748535156,77.847900390625,4.535092033887531,6.558789938961363,-66.52691947914091,-15.3721695,4.9481077,-3.2483308,6.40543,0.05677978,-14.368342,-20.219393,-13.541126,-16.674833,28.619808,-13.765569,8.929249,-2.8519163,4.720765,19.33579,-18.908102,27.728456,-33.453632,-31.919176,23.959885,1.1281499,-0.8165197,-27.027344,-37.951393,13.3918495,-24.819895,-17.307016,7.121654,1.1959932
69,-9.807595252990723,11.033601760864258,77.84217834472656,4.852268255376355,6.688601977175624,-65.98674123611099,-15.00401,5.1149454,-2.0252442,6.5157614,0.07425009,-13.6550045,-20.683332,-14.107991,-16.916792,29.05357,-13.843153,9.0501175,-2.8196285,4.7785263,19.379608,-19.47055,27.567146,-33.52816,-32.983253,23.54853,0.93386066,-0.7274307,-28.45537,-38.468918,13.613769,-24.51904,-17.726023,7.163216,1.306905
70,-9.954107284545898,11.227439880371094,77.83180236816406,5.166945366890929,6.809852747377791,-65.43802114039512,-14.584897,5.2738967,-0.84612083,6.6411963,0.13233523,-12.958588,-21.143908,-14.685758,-17.159622,29.511213,-13.926499,9.158563,-2.8056076,4.8196673,19.40902,-20.038431,27.41971,-33.608154,-33.960934,23.20523,0.75606763,-0.6499863,-29.880232,-38.90569,13.858854,-24.1098,-18.258118,7.1344957,1.3828311
71,-10.090229988098145,11.422636985778809,77.80970764160156,5.467796184335373,6.917841532931874,-64.88886383993149,-14.126521,5.4309897,0.26003462,6.7820625,0.21137133,-12.316374,-21.594275,-15.257517,-17.40286,29.987286,-14.019865,9.25073,-2.801043,4.8551292,19.432426,-20.614183,27.28522,-33.689262,-34.862694,22.921577,0.59972084,-0.5834137,-31.276333,-39.268875,14.104267,-23.639782,-18.855099,7.0894494,1.4377319
72,-10.225531578063965,11.619059562683105,77.78119659423828,5.7441794336919285,7.0083170640281365,-64.34703311954648,-14.684544,5.607819,1.1627908,9.138808,-0.8745085,-11.758509,-22.026838,-15.80812,-17.646957,30.473175,-14.125886,9.3231325,-2.7972026,4.892451,19.454361,-21.20706,27.162882,-33.768288,-35.694237,22.685408,0.47018918,-0.5268349,-32.598,-39.563084,14.320305,-23.172485,-19.474434,7.0809474,1.48958
73,-10.360651969909668,11.8114013671875,77.74378967285156,5.988892729196692,7.079385716258538,-63.81068939474145,-15.122416,5.824563,1.9388506,11.3122,-1.8558407,-11.3091955,-22.437002,-16.329756,-17.898531,30.969759,-14.250497,9.373122,-2.7959383,4.9361835,19.475136,-21.820112,27.051796,-33.84689,-36.448727,22.503117,0.37173277,-0.48922032,-33.807377,-39.791943,14.490125,-22.725733,-20.135105,7.1181426,1.5294483
74,-10.49294662475586,12.002799987792969,77.70214080810547,6.200373858701004,7.132502897100406,-63.27901716250959,-15.482447,6.0782104,2.6051936,13.404127,-2.7748508,-10.950727,-22.823689,-16.82205,-18.161608,31.474531,-14.388512,9.401674,-2.7912757,4.9941077,19.4974,-22.456284,26.950224,-33.93348,-37.126,22.376305,0.30120233,-0.46601823,-34.983074,-39.957912,14.638049,-22.219559,-20.841612,7.174537,1.5525311
75,-10.619587898254395,12.188307762145996,77.65460968017578,6.384408230545957,7.170050209198484,-62.75930337732654,-15.766105,6.36435,3.207691,15.401782,-3.6267722,-10.671064,-23.191303,-17.288345,-18.427399,31.985857,-14.532007,9.410382,-2.7843614,5.058454,19.517946,-23.107449,26.856834,-34.020382,-37.735672,22.29203,0.25191626,-0.4391482,-36.085323,-40.066353,14.750887,-21.726841,-21.548286,7.2498493,1.5850534
76,-10.743327140808105,12.373513221740723,77.59793853759766,6.551604610123276,7.195178229509413,-62.25746885470506,-15.963922,6.6764684,3.794502,17.267761,-4.3937235,-10.456593,-23.546352,-17.737843,-18.685005,32.50245,-14.673023,9.401764,-2.7742102,5.1163387,19.534157,-23.766193,26.77102,-34.10384,-38.28559,22.239887,0.21731462,-0.3897727,-37.069893,-40.127552,14.807514,-21.32395,-22.206364,7.342721,1.6538159
77,-10.859806060791016,12.554097175598145,77.54148864746094,6.714753361042527,7.207124237895998,-61.772817282648674,-16.074701,6.9976516,4.3702474,19.007027,-5.0564437,-10.324966,-23.89659,-18.186323,-18.928238,33.036896,-14.814292,9.375658,-2.7395954,5.1658163,19.55496,-24.457088,26.692104,-34.204357,-38.778683,22.217926,0.20968011,-0.3085283,-38.057,-40.14091,14.83239,-20.897333,-22.80155,7.475272,1.7776874
78,-10.979138374328613,12.740129470825195,77.47967529296875,6.873109380857062,7.206141225739467,-61.30116900527104,-16.112997,7.322082,4.916492,20.650364,-5.6373405,-10.275318,-24.241688,-18.635096,-19.159786,33.590748,-14.960602,9.332472,-2.7067678,5.196868,19.567787,-25.163765,26.62054,-34.30467,-39.20018,22.234522,0.22715293,-0.20924841,-38.898403,-40.11298,14.788718,-20.572443,-23.368248,7.640555,1.9406632
79,-11.096071243286133,12.918302536010742,77.41690826416016,7.018832627769151,7.1975601621690215,-60.84240767775467,-16.090355,7.6618805,5.446258,22.192095,-6.1776586,-10.2648325,-24.576344,-19.071262,-19.382084,34.143917,-15.105465,9.275988,-2.6684632,5.221094,19.575186,-25.875,26.554504,-34.399097,-39.570236,22.27977,0.24415937,-0.098828286,-39.64734,-40.049976,14.694164,-20.304987,-23.892359,7.7926803,2.1060421
80,-11.20265007019043,13.092907905578613,77.35295104980469,7.142537223646298,7.186880041794857,-60.39676472198806,-16.018326,8.032201,5.971095,23.628338,-6.719485,-10.250257,-24.895794,-19.480822,-19.597742,34.67806,-15.243552,9.209619,-2.631006,5.2486215,19.575787,-26.56207,26.48968,-34.4743,-39.909943,22.354195,0.234356,0.014478883,-40.30805,-39.957237,14.55999,-20.100372,-24.36281,7.887654,2.2350707
81,-11.302887916564941,13.264618873596191,77.28502655029297,7.2464544394222825,7.175065517764915,-59.969687960541336,-15.8932295,8.432189,6.48627,24.957874,-7.287811,-10.21913,-25.203535,-19.862741,-19.797905,35.194294,-15.375176,9.130961,-2.5994723,5.2735877,19.562635,-27.219332,26.423447,-34.51684,-40.2055,22.463041,0.18790002,0.12968327,-40.774597,-39.841393,14.356883,-20.032389,-24.785643,7.8750157,2.2725844
82,-11.398957252502441,13.43421745300293,77.21728515625,7.337801106074691,7.160809438343467,-59.55795964559438,-15.718076,8.850927,6.9892693,26.195366,-7.859296,-10.1931715,-25.504034,-20.228127,-19.98258,35.70346,-15.503745,9.039864,-2.5384874,5.3061643,19.552048,-27.887827,26.352932,-34.558563,-40.46232,22.598633,0.120458595,0.25358123,-41.283066,-39.693367,14.141959,-19.878223,-25.147942,7.7922816,2.2476585
83,-11.486682891845703,13.604530334472656,77.14654541015625,7.4139868327421,7.144924418315107,-59.14989790120859,-15.505266,9.290576,7.4948993,27.34183,-8.402516,-10.18086,-25.790838,-20.580353,-20.169437,36.198727,-15.62795,8.943281,-2.4926593,5.335569,19.529469,-28.536728,26.278105,-34.585182,-40.68154,22.759443,0.040986408,0.3777065,-41.72521,-39.519283,13.898607,-19.805487,-25.453827,7.7291703,2.2604344
84,-11.57296085357666,13.773763656616211,77.07518768310547,7.472365240487331,7.1284268812341605,-58.7334545986546,-15.268665,9.754993,8.01736,28.401869,-8.886891,-10.190565,-26.058115,-20.922972,-20.376045,36.674587,-15.74692,8.848006,-2.4833233,5.360137,19.492012,-29.149254,26.200533,-34.601166,-40.879967,22.942614,-0.040632885,0.49725237,-42.051647,-39.331356,13.611155,-19.918764,-25.700571,7.774493,2.4095738
85,-11.648578643798828,13.94231128692627,77.00398254394531,7.507017122447649,7.111125022332976,-58.31015474883535,-15.010163,10.26332,8.576214,29.391054,-9.311292,-10.216279,-26.299887,-21.248539,-20.608969,37.124214,-15.860037,8.752397,-2.4977627,5.388529,19.440498,-29.749693,26.1242,-34.605793,-41.0499,23.142721,-0.124645784,0.6079152,-42.281746,-39.135735,13.282264,-20.205908,-25.872696,7.98511,2.7317193
86,-11.722345352172852,14.113229751586914,76.9334716796875,7.52259759530597,7.093419275365286,-57.88427069168118,-14.725989,10.8077,9.158881,30.309124,-9.693073,-10.255231,-26.522436,-21.55994,-20.85778,37.554935,-15.969313,8.6539755,-2.5246413,5.4217887,19.385286,-30.321049,26.04598,-34.61274,-41.211803,23.38478,-0.21457285,0.7172303,-42.50278,-38.930794,12.933751,-20.563051,-25.965197,8.302565,3.1695988
87,-11.792891502380371,14.278924942016602,76.85995483398438,7.53096440418474,7.077064679723986,-57.448323002253055,-14.4186125,11.352027,9.731727,31.130154,-10.025503,-10.320792,-26.734783,-21.87524,-21.11591,37.976803,-16.074574,8.558285,-2.5811315,5.446176,19.317253,-30.863949,25.966595,-34.608513,-41.35067,23.62133,-0.30746928,0.8275927,-42.596725,-38.72311,12.532041,-21.10229,-26.017601,8.643304,3.682323
88,-11.854865074157715,14.451201438903809,76.78748321533203,7.545071852619075,7.0639350279049715,-56.9942558805985,-14.094397,11.858512,10.26081,31.831228,-10.30365,-10.4264,-26.948668,-22.213573,-21.375399,38.404053,-16.177824,8.470979,-2.6603682,5.457361,19.244429,-31.379854,25.884468,-34.606472,-41.48036,23.82045,-0.3989244,0.94730055,-42.681538,-38.521484,12.097454,-21.716906,-26.03365,8.9214525,4.2277627
89,-11.911398887634277,14.627522468566895,76.71338653564453,7.572180971372996,7.052525120417521,-56.51934342157108,-13.750603,12.327232,10.763493,32.414524,-10.535938,-10.568692,-27.165953,-22.585056,-21.632507,38.842045,-16.280312,8.4018345,-2.7670472,5.4500537,19.163792,-31.878061,25.8002,-34.595272,-41.586044,23.958797,-0.49845967,1.0888258,-42.69203,-38.330246,11.590609,-22.498945,-26.028822,9.150586,4.90092
90,-11.959866523742676,14.807364463806152,76.64031219482422,7.6057289878536,7.042564495196671,-56.027558388849904,-13.389876,12.774171,11.24908,32.894413,-10.723799,-10.742501,-27.382025,-22.97954,-21.89106,39.284424,-16.381262,8.345304,-2.8957338,5.4285,19.077192,-32.3544,25.712553,-34.58371,-41.672916,24.066725,-0.6043616,1.2462544,-42.61561,-38.15173,11.01398,-23.44873,-25.989862,9.3649645,5.6885996
91,-12.005834579467773,14.988298416137695,76.5652847290039,7.635822277940886,7.038014700497135,-55.521325021846074,-13.027227,13.184728,11.671649,33.266907,-10.852353,-10.958741,-27.595592,-23.383991,-22.155956,39.72092,-16.476225,8.2842,-3.0376363,5.401534,18.983475,-32.81274,25.62126,-34.57818,-41.75101,24.147844,-0.69808125,1.3917011,-42.48597,-37.99163,10.416138,-24.473,-25.897606,9.513782,6.383931
92,-12.048478126525879,15.168126106262207,76.48959350585938,7.653763742874742,7.042958375234957,-55.003146412826794,-12.679684,13.544599,11.984805,33.530502,-10.909245,-11.228285,-27.80636,-23.786207,-22.431868,40.143692,-16.562376,8.201328,-3.2063468,5.3750467,18.892036,-33.177086,25.512869,-34.61389,-41.878662,24.294662,-0.75972706,1.504309,-42.340652,-37.852486,9.861823,-25.499418,-25.730558,9.547707,6.7772846
93,-12.086386680603027,15.352858543395996,76.41610717773438,7.660364603123517,7.060221412839689,-54.46431817165479,-12.3572445,13.85145,12.17173,33.687595,-10.884472,-11.546681,-28.018173,-24.192646,-22.722174,40.559937,-16.641176,8.078508,-3.3500664,5.3595576,18.75625,-33.687534,25.42219,-34.577484,-41.901703,24.201164,-0.78095835,1.5336882,-42.098988,-37.74877,9.311582,-26.549007,-25.483671,9.432608,6.8176827
94,-12.119096755981445,15.544454574584961,76.34204864501953,7.66157208104424,7.087655138226099,-53.906508931891445,-12.051926,14.110867,12.258244,33.738586,-10.78785,-11.910639,-28.231318,-24.60852,-23.022482,40.971813,-16.71441,7.929388,-3.532735,5.341882,18.627352,-34.06913,25.327827,-34.57638,-42.012047,24.172825,-0.76824653,1.5312431,-41.83994,-37.673527,8.792839,-27.647871,-25.149843,9.203914,6.609867
95,-12.147387504577637,15.736593246459961,76.26942443847656,7.6490134338383715,7.1207504369774295,-53.347288861339756,-11.753844,14.326182,12.258022,33.68114,-10.637008,-12.333278,-28.434769,-25.014147,-23.330627,41.360046,-16.776577,7.7843647,-3.7151775,5.3360057,18.496235,-34.44599,25.234095,-34.574875,-42.110607,24.127514,-0.7486061,1.5191976,-41.56943,-37.62534,8.300096,-28.709862,-24.762596,8.903481,6.196646
96,-12.170541763305664,15.933987617492676,76.19622039794922,7.615025185647972,7.1553232184813895,-52.8043740563997,-11.451173,14.499888,12.186032,33.510544,-10.449271,-12.827747,-28.616503,-25.38941,-23.644909,41.70233,-16.820692,7.6739006,-3.8916576,5.348883,18.374832,-34.810513,25.1433,-34.580338,-42.193153,24.117252,-0.7459168,1.5341063,-41.280888,-37.598907,7.8418055,-29.697777,-24.35666,8.575818,5.6170087
97,-12.187554359436035,16.139047622680664,76.12646484375,7.555243831201868,7.190287984638155,-52.271961828658,-11.148898,14.6357355,12.026132,33.2267,-10.198921,-13.389621,-28.768236,-25.730646,-23.974474,41.99291,-16.848158,7.6083426,-4.068458,5.385074,18.264658,-35.165157,25.0576,-34.59455,-42.2612,24.177032,-0.76788753,1.585892,-41.02432,-37.593193,7.4447546,-30.56558,-23.906893,8.188729,4.791028
98,-12.201985359191895,16.34510040283203,76.0589828491211,7.47445475709854,7.228473774643584,-51.743993600825014,-10.850163,14.7328005,11.775427,32.832523,-9.890401,-14.014432,-28.898088,-26.047728,-24.317806,42.24371,-16.861553,7.570749,-4.252518,5.439273,18.159653,-35.500618,24.978617,-34.609756,-42.323128,24.27731,-0.8011891,1.6550593,-40.768883,-37.606827,7.099271,-31.362553,-23.418371,7.7282615,3.7300522
99,-12.20858383178711,16.5592098236084,75.99256134033203,7.3790013756165,7.271181066686646,-51.23836632823503,-10.538028,14.785383,11.469896,32.321808,-9.582935,-14.713713,-29.021254,-26.3411,-24.656149,42.463337,-16.857288,7.5503597,-4.4285192,5.5051494,18.062685,-35.810646,24.907585,-34.622646,-42.377586,24.361292,-0.8382134,1.7348167,-40.539696,-37.635357,6.784423,-32.051735,-22.93975,7.2661505,2.6097257
100,-12.199860572814941,16.787185668945312,75.93123626708984,7.377614677440041,7.335443158258381,-50.72857419741769,-10.189987,14.625136,11.216987,31.596928,-9.282463,-15.000033,-29.229557,-26.753109,-24.903475,42.72325,-16.845543,7.563516,-4.6173778,5.4842587,17.947931,-36.08982,24.845955,-34.63086,-42.421806,24.372879,-0.87159795,1.8176441,-40.340137,-37.67138,6.473843,-32.612923,-22.518486,6.8793516,1.6029091
101,-12.184001922607422,17.03092384338379,75.87240600585938,7.447866773174572,7.41920150925822,-50.2280884323933,-9.783046,14.270776,10.998644,30.631063,-8.9768095,-15.000033,-29.508451,-27.251204,-25.071188,43.003124,-16.817131,7.602066,-4.8097777,5.3942547,17.81924,-36.331676,24.795437,-34.62967,-42.45854,24.2908,-0.9022968,1.8933281,-40.15907,-37.710648,6.164343,-33.06734,-22.13396,6.585796,0.6924217
102,-12.1568603515625,17.2822322845459,75.8117446899414,7.527957682039214,7.5115120170384,-49.75381760591461,-9.329492,13.825786,10.749501,29.486496,-8.67894,-15.000033,-29.808552,-27.753038,-25.2044,43.266747,-16.768415,7.655789,-4.995355,5.2896147,17.692041,-36.53742,24.758837,-34.61902,-42.489838,24.147211,-0.93305415,1.968838,-40.02686,-37.751312,5.878809,-33.38948,-21.768635,6.346059,-0.19317283
103,-12.127725601196289,17.540889739990234,75.74822998046875,7.585966432763112,7.603269495572363,-49.320499069753026,-8.8609705,13.36833,10.4642,28.25937,-8.464901,-15.000033,-30.105206,-28.213818,-25.32095,43.5018,-16.700434,7.7171288,-5.1585913,5.1982527,17.578943,-36.722992,24.733112,-34.611122,-42.498795,23.965082,-0.9594316,2.0629554,-39.913452,-37.795013,5.5974746,-33.58404,-21.47947,6.156378,-0.96285707
104,-12.097122192382812,17.79702377319336,75.68555450439453,7.591915388848109,7.686375673281236,-48.941548069003964,-8.4169445,12.975948,10.141557,27.057928,-8.412038,-15.000033,-30.37778,-28.592297,-25.436382,43.702026,-16.61682,7.779319,-5.2916136,5.1467,17.491076,-36.896828,24.718607,-34.611675,-42.470066,23.768002,-0.9771906,2.1937802,-39.83538,-37.836662,5.3222704,-33.61166,-21.321823,6.0152316,-1.5264189
105,-12.065017700195312,18.0572509765625,75.62006378173828,7.526538760722002,7.757421484060926,-48.62809809649027,-8.012424,12.673298,9.735203,25.921532,-8.570711,-15.000033,-30.613125,-28.86227,-25.561218,43.860134,-16.516613,7.843267,-5.39189,5.1507416,17.43063,-37.057438,24.715643,-34.62228,-42.39195,23.542946,-0.986681,2.3826494,-39.816532,-37.87138,5.062062,-33.456985,-21.338308,5.947513,-1.8275837
106,-12.02868938446045,18.319107055664062,75.54917907714844,7.410062609238869,7.822318085565206,-48.36969752403966,-7.6296325,12.425303,9.265006,24.797588,-8.888075,-15.000033,-30.826141,-29.052109,-25.686464,43.983356,-16.399807,7.9119616,-5.5209107,5.18457,17.432707,-36.96002,24.676865,-34.771038,-42.428677,23.58911,-0.98301965,2.6427608,-39.88595,-37.89541,4.8436546,-33.16185,-21.475914,5.9503384,-1.9295535
107,-11.988731384277344,18.589500427246094,75.47627258300781,7.268125452670371,7.884946327611161,-48.14533556983821,-7.2671323,12.221914,8.829939,23.673203,-9.292962,-15.000033,-31.032267,-29.19988,-25.80501,44.084198,-16.270697,7.982154,-5.495724,5.244094,17.3622,-37.392075,24.700684,-34.690155,-42.068398,23.0239,-0.9866513,2.847788,-39.830856,-37.932854,4.5281024,-32.702274,-21.708286,5.96907,-1.89781
108,-11.945120811462402,18.868003845214844,75.40098571777344,7.135563013321169,7.951795396751093,-47.93450176479422,-6.910413,12.035317,8.530896,22.499521,-9.699136,-15.000033,-31.255272,-29.351063,-25.900826,44.17952,-16.135479,8.050479,-5.5578957,5.280948,17.36573,-37.44282,24.712664,-34.753685,-41.965332,22.899254,-0.9718618,3.0621505,-39.86851,-37.958164,4.290864,-32.106182,-21.927774,5.9681797,-1.8366504
109,-11.897871017456055,19.149627685546875,75.32728576660156,7.017524791966028,8.022612558785934,-47.734673383181814,-6.5351853,11.852769,8.407047,21.190845,-10.084442,-15.000033,-31.495584,-29.513783,-25.972538,44.267372,-15.994543,8.1257305,-5.5831785,5.300908,17.350122,-37.638557,24.738129,-34.746826,-41.73323,22.647453,-0.94152796,3.217033,-39.907764,-37.977386,4.050803,-31.30133,-22.201221,5.9390287,-1.6847771
110,-11.846577644348145,19.437057495117188,75.25708770751953,6.896160453016595,8.09532422408943,-47.55512785539493,-6.1536875,11.686575,8.40083,19.78347,-10.484961,-15.000033,-31.743853,-29.664766,-26.02852,44.3429,-15.846314,8.206356,-5.6399426,5.319478,17.358656,-37.709965,24.752481,-34.76685,-41.548344,22.539162,-0.89463043,3.357144,-40.03267,-37.983463,3.8769035,-30.294504,-22.534174,5.905958,-1.4311041
111,-11.798686981201172,19.731054306030273,75.18328857421875,6.760993303123977,8.169522151406076,-47.39447925328008,-5.8103914,11.55281,8.462137,18.427242,-10.917744,-15.000033,-31.996746,-29.793085,-26.076574,44.407932,-15.688644,8.2742815,-5.644484,5.339771,17.36255,-37.91431,24.780542,-34.753445,-41.255554,22.323961,-0.85437965,3.4683013,-40.077187,-37.987736,3.661936,-29.193556,-22.836317,5.850283,-1.1863501
112,-11.747901916503906,20.026071548461914,75.10200500488281,6.609305388468693,8.245425695039627,-47.25085299683161,-5.5520134,11.460716,8.545793,17.278961,-11.397888,-15.000033,-32.25714,-29.895918,-26.117266,44.469795,-15.521847,8.312147,-5.6616163,5.3639545,17.400366,-38.012524,24.805288,-34.779457,-41.034157,22.2522,-0.83912575,3.572835,-40.145992,-37.98603,3.490807,-27.99117,-22.996515,5.763552,-1.0806438
113,-11.69769287109375,20.329580307006836,75.01768493652344,6.422136673173892,8.32686456909728,-47.134410401979636,-5.379732,11.438033,8.707583,16.35899,-11.969164,-15.000033,-32.5258,-29.952465,-26.159454,44.528133,-15.343099,8.308496,-5.6452336,5.417255,17.435795,-38.171467,24.830635,-34.777462,-40.748055,22.158855,-0.86433065,3.6481977,-40.20549,-37.979565,3.3565414,-26.637802,-22.970015,5.6300693,-1.1540471
114,-11.647757530212402,20.634124755859375,74.9273452758789,6.213280012074356,8.41268586070221,-47.042490806028916,-5.2742205,11.461256,8.95716,15.595143,-12.610703,-15.000033,-32.80515,-29.977669,-26.194347,44.582386,-15.153983,8.275999,-5.621159,5.4919343,17.477373,-38.307224,24.842327,-34.763134,-40.449562,22.11668,-0.91826,3.6952474,-40.27282,-37.97468,3.279159,-25.13782,-22.816671,5.463846,-1.345846
115,-11.602952003479004,20.946792602539062,74.83998107910156,6.030913400039122,8.493839810642164,-46.953739602729264,-5.2750597,11.466451,9.175152,15.055902,-13.270247,-15.000033,-33.099236,-30.022877,-26.194576,44.636726,-14.958909,8.233979,-5.590276,5.52573,17.543756,-38.461685,24.857285,-34.75677,-40.147038,22.081638,-0.9800356,3.7314038,-40.33843,-37.96571,3.2007368,-23.576855,-22.613375,5.288189,-1.6022017
116,-11.5642671585083,21.262744903564453,74.76631927490234,5.9222627278134885,8.562209512240504,-46.84661558729063,-5.4196734,11.389075,9.238342,14.803073,-13.893261,-15.000033,-33.41226,-30.137596,-26.133167,44.692738,-14.760888,8.201451,-5.5709805,5.460728,17.64267,-38.618576,24.893948,-34.77167,-39.87832,22.035013,-1.031935,3.7717736,-40.3405,-37.940212,3.0875227,-22.086958,-22.449503,5.133258,-1.8880498
117,-11.525066375732422,21.575679779052734,74.71061706542969,5.919513490487089,8.6093316039718,-46.72628459890913,-5.7067633,11.179848,9.086867,14.859781,-14.482189,-15.000033,-33.761784,-30.352875,-25.972584,44.7627,-14.556006,8.19174,-5.601482,5.270023,17.801365,-38.652756,24.92058,-34.82611,-39.737045,22.124006,-1.060013,3.8004174,-40.339348,-37.91615,2.9992826,-20.624748,-22.28153,5.0022693,-2.2366402
118,-11.498943328857422,21.890201568603516,74.64486694335938,5.99222893455128,8.6412346705844,-46.60000887562021,-6.1195083,10.879203,8.794827,15.195531,-15.06364,-15.000033,-34.141533,-30.636683,-25.73427,44.840046,-14.342553,8.192605,-5.5856795,4.993043,17.955292,-38.912495,24.960756,-34.810482,-39.460438,21.993145,-1.0831989,3.7884126,-40.25491,-37.90249,2.876326,-19.144066,-22.09973,4.878874,-2.6538754
119,-11.481344223022461,22.213449478149414,74.58880615234375,6.096819500799445,8.673746824672332,-46.448963110912715,-6.6776743,10.555029,8.4402075,15.797254,-15.621817,-15.000033,-34.525333,-30.947718,-25.476854,44.903625,-14.130965,8.184759,-5.5636163,4.6739817,18.135347,-39.162067,25.045166,-34.810036,-39.238613,21.812622,-1.1219698,3.7975106,-40.05146,-37.88967,2.66971,-17.814371,-21.978777,4.7775354,-3.0733123
120,-11.480048179626465,22.53254508972168,74.54328918457031,6.187208659923774,8.722741360597858,-46.253589779513945,-7.4016747,10.277821,8.098948,16.647402,-16.138466,-15.000033,-34.8856,-31.24388,-25.262808,44.934685,-13.93252,8.148265,-5.61643,4.3876286,18.348768,-39.13087,25.095818,-34.898403,-39.201904,21.827106,-1.206186,3.8712387,-39.84388,-37.873993,2.4712865,-16.667837,-21.992865,4.7252593,-3.457063
121,-11.495258331298828,22.846939086914062,74.50980377197266,6.254134349435886,8.804094261619431,-45.98835966018552,-8.395226,10.072488,7.765693,17.877798,-16.59137,-15.000033,-35.21611,-31.519012,-25.123379,44.913647,-13.748814,8.073253,-5.6006837,4.1195936,18.535872,-39.304585,25.194017,-35.004986,-39.05461,21.5448,-1.3698677,4.013268,-39.355923,-37.843742,2.0326948,-15.827651,-22.27614,4.733171,-3.7712824
122,-11.51047134399414,23.145536422729492,74.47607421875,6.314675582873051,8.906668007580036,-45.66877324699964,-9.611604,9.90242,7.4049115,19.440409,-16.98692,-15.000033,-35.527416,-31.788658,-25.029284,44.85375,-13.574125,7.9705324,-5.6161203,3.86766,18.732115,-39.39894,25.280334,-35.156197,-38.96512,21.269634,-1.5911957,4.207637,-38.804375,-37.804268,1.5469348,-15.141518,-22.738062,4.799638,-4.066303
123,-11.52224063873291,23.438095092773438,74.4423828125,6.361475329239444,9.005070908913876,-45.33901386707411,-10.838471,9.745917,7.0463037,21.031208,-17.351171,-15.000033,-35.815464,-32.044872,-24.952341,44.788113,-13.4104185,7.852144,-5.624259,3.6328135,18.940866,-39.441795,25.355896,-35.33629,-38.905273,20.99755,-1.8125963,4.4112773,-38.144344,-37.757957,0.9973553,-14.668032,-23.194395,4.8718343,-4.3134036
124,-11.522335052490234,23.72358512878418,74.4044418334961,6.393927664576102,9.072549354166238,-45.043957287866995,-11.874906,9.580177,6.725142,22.374338,-17.723022,-15.000033,-36.078854,-32.28438,-24.856142,44.747936,-13.257571,7.7313647,-5.5889273,3.4263396,19.153376,-39.495026,25.430193,-35.473194,-38.826675,20.64943,-1.9814074,4.5673866,-37.372818,-37.724285,0.41254088,-14.422331,-23.458088,4.9014606,-4.498509
125,-11.5106201171875,24.008251190185547,74.36065673828125,6.419823450556703,9.076434538362916,-44.77247128092512,-12.631822,9.380464,6.4317503,23.36262,-18.10795,-15.000033,-36.284763,-32.532703,-24.739998,44.754154,-13.127752,7.604155,-5.5414906,3.246896,19.4096,-39.464153,25.499569,-35.590145,-38.80014,20.29429,-2.0686457,4.6746736,-36.481674,-37.715572,-0.20612906,-14.441207,-23.492971,4.876681,-4.587064
126,-11.491310119628906,24.282638549804688,74.31121063232422,6.440311985270177,9.039224057699366,-44.5088442221789,-13.239488,9.166085,6.1564026,24.177858,-18.497196,-15.000033,-36.448326,-32.785866,-24.614155,44.788597,-13.017007,7.4669743,-5.4848313,3.092532,19.702824,-39.34744,25.557507,-35.710403,-38.830414,19.947775,-2.1078396,4.7589955,-35.47922,-37.731907,-0.8684638,-14.702439,-23.386915,4.8240213,-4.6006665
127,-11.461767196655273,24.55702781677246,74.2586441040039,6.448649619249631,9.015601434371709,-44.29196062265104,-13.794522,8.970977,5.9342217,24.91806,-18.88529,-15.000033,-36.633396,-33.00089,-24.4636,44.815712,-12.8995695,7.3330545,-5.362844,2.9635782,19.973831,-39.243824,25.61579,-35.800747,-38.84986,19.5549,-2.1353993,4.819165,-34.393333,-37.76739,-1.5599059,-15.154152,-23.1348,4.750987,-4.6073527
128,-11.432950973510742,24.823318481445312,74.20563507080078,6.438833899075509,9.06113605472812,-44.16033107432333,-14.395483,8.829443,5.8004403,25.682144,-19.265478,-15.000033,-36.905914,-33.134098,-24.27185,44.802475,-12.750376,7.2155123,-5.1744547,2.8544536,20.187857,-39.06528,25.670977,-35.878517,-38.910736,19.254683,-2.1839457,4.8710957,-33.32628,-37.804058,-2.2077491,-15.724093,-22.729227,4.6658115,-4.6770144
129,-11.39652156829834,25.07852554321289,74.15235137939453,6.408665471377948,9.205998539402382,-44.145399069322444,-15.061222,8.754294,5.78944,26.46626,-19.63043,-15.000033,-37.304085,-33.167156,-24.033113,44.732285,-12.5521555,7.099222,-4.899252,2.7608142,20.31286,-38.808876,25.723875,-35.930935,-39.00708,19.06424,-2.261746,4.9122996,-32.281933,-37.832962,-2.7801132,-16.427023,-22.061152,4.5637283,-4.862561
130,-11.35812759399414,25.328720092773438,74.09981536865234,6.362218274463539,9.415733960383674,-44.21972133708686,-15.746022,8.728646,5.873593,27.23405,-19.987816,-15.000033,-37.78623,-33.12408,-23.755718,44.626217,-12.321985,6.9835677,-4.5932093,2.6776428,20.393099,-38.36023,25.75577,-35.99892,-39.208675,19.083313,-2.3487067,4.9491043,-31.280636,-37.847904,-3.2650971,-17.2679,-21.173195,4.440315,-5.1159244
131,-11.325879096984863,25.564395904541016,74.04615020751953,6.298069980223115,9.646610906970487,-44.33385638634907,-16.432964,8.741373,5.990149,28.003483,-20.341255,-15.000033,-38.288586,-33.024174,-23.456116,44.50129,-12.084951,6.9024224,-4.183524,2.6259158,20.4078,-38.188606,25.831688,-35.931564,-39.21857,18.77024,-2.4492073,4.940168,-30.222189,-37.85776,-3.7917,-18.181463,-20.309639,4.3012624,-5.3499837
132,-11.298571586608887,25.791805267333984,73.98872375488281,6.220263646284116,9.856202638574434,-44.43824163986033,-17.099503,8.774583,6.077606,28.779503,-20.690157,-15.000033,-38.750443,-32.89164,-23.147413,44.373787,-11.866583,6.889355,-3.8421772,2.58852,20.46564,-37.817135,25.922613,-35.88281,-39.35233,18.600662,-2.5495577,4.936998,-29.287836,-37.839527,-4.270682,-19.090286,-19.68604,4.1626334,-5.4858136
133,-11.269457817077637,26.010263442993164,73.93290710449219,6.125993825194142,10.041613252258255,-44.53781190245557,-17.749426,8.834925,6.1335583,29.578054,-21.03716,-15.000033,-39.17155,-32.711136,-22.813456,44.23838,-11.668523,6.963876,-3.5252495,2.572066,20.544712,-37.398506,26.036505,-35.796234,-39.49777,18.414984,-2.6657195,4.9173913,-28.436516,-37.780357,-4.7353387,-19.999796,-19.393702,4.017983,-5.4907966
134,-11.237115859985352,26.21099281311035,73.87237548828125,6.014852460771073,10.222734709460415,-44.65310489722592,-18.389944,8.926895,6.1846433,30.388954,-21.381361,-15.000033,-39.57734,-32.478256,-22.454899,44.089275,-11.479245,7.1046557,-3.2165575,2.569886,20.62647,-36.92677,26.178295,-35.67112,-39.662254,18.22715,-2.7948124,4.882668,-27.646463,-37.67671,-5.177634,-20.946455,-19.30704,3.8640537,-5.410517
135,-11.202781677246094,26.39940643310547,73.81188201904297,5.892016833342698,10.390770489306348,-44.75800400723876,-19.01146,9.034482,6.2174945,31.192226,-21.717665,-15.000033,-39.95088,-32.23023,-22.103514,43.946922,-11.305143,7.2853074,-2.976968,2.5663426,20.728828,-36.30709,26.330116,-35.56157,-39.90459,18.142681,-2.907728,4.852405,-26.983019,-37.53454,-5.557838,-21.868843,-19.3435,3.7193913,-5.281246
136,-11.167922973632812,26.579158782958984,73.75303649902344,5.760090030880283,10.536619465949055,-44.82582926498736,-19.609364,9.143635,6.2182064,31.978384,-22.045162,-15.000033,-40.273933,-32.002537,-21.792614,43.830006,-11.151433,7.4795637,-2.7435956,2.572754,20.807558,-35.934944,26.534481,-35.35948,-39.976624,17.73416,-2.9832332,4.802471,-26.370485,-37.382477,-5.950252,-22.713749,-19.42673,3.600636,-5.1368766
137,-11.133025169372559,26.744014739990234,73.69110870361328,5.618532982262398,10.651303564765,-44.83943797787919,-20.172121,9.246332,6.176384,32.730713,-22.358925,-15.000033,-40.529186,-31.79989,-21.525778,43.738205,-11.022947,7.692906,-2.6365082,2.5801268,20.928001,-35.371582,26.757095,-35.19261,-40.168457,17.41972,-3.007731,4.7824864,-25.9227,-37.220806,-6.265967,-23.480024,-19.583523,3.510148,-4.968408
138,-11.092218399047852,26.90365219116211,73.6275634765625,5.465762967983349,10.742030850923722,-44.816272359051894,-20.707998,9.351346,6.103421,33.463135,-22.661484,-15.000033,-40.732483,-31.605196,-21.285141,43.66453,-10.916603,7.9358044,-2.593759,2.598931,21.059448,-34.79094,27.000961,-35.00161,-40.356186,17.03725,-2.9987662,4.767173,-25.586649,-37.05374,-6.5406456,-24.187374,-19.840475,3.439093,-4.764884
139,-11.046249389648438,27.057811737060547,73.56112670898438,5.310132394935013,10.825236210948132,-44.78116585759048,-21.232271,9.460249,6.0173526,34.191746,-22.960445,-15.000033,-40.916866,-31.427298,-21.072468,43.616474,-10.826088,8.187335,-2.5910764,2.6127167,21.190266,-34.21232,27.263218,-34.79953,-40.54398,16.64225,-2.961626,4.7429733,-25.373446,-36.891556,-6.7726984,-24.81175,-20.081087,3.3957553,-4.5655785
140,-11.002914428710938,27.19992446899414,73.49229431152344,5.159657397999437,10.91723684104884,-44.75918110316558,-21.758183,9.575627,5.9358816,34.927597,-23.259094,-15.000033,-41.116028,-31.274513,-20.8888,43.602528,-10.745211,8.4268465,-2.6017337,2.6069968,21.306389,-33.66593,27.5379,-34.597103,-40.72388,16.280506,-2.901742,4.6948013,-25.29702,-36.749924,-6.958358,-25.327263,-20.188324,3.3901193,-4.4102335
141,-10.960968017578125,27.330190658569336,73.41923522949219,5.017535442243201,11.023043837824893,-44.754202737756756,-22.287811,9.6953945,5.861111,35.668045,-23.557377,-15.000033,-41.336308,-31.153994,-20.739582,43.624924,-10.6848955,8.659688,-2.615817,2.5832667,21.399214,-33.171356,27.822973,-34.380856,-40.87943,15.937773,-2.817317,4.610754,-25.354864,-36.63805,-7.0942655,-25.731821,-20.08389,3.441597,-4.314268
142,-10.9103422164917,27.449909210205078,73.33776092529297,4.878822937982576,11.133749588255888,-44.75383613186413,-22.81473,9.8195505,5.7839828,36.4086,-23.852753,-15.000033,-41.562073,-31.059464,-20.621666,43.68103,-10.645123,8.893287,-2.6525338,2.550357,21.480326,-32.684555,28.112946,-34.158325,-41.033802,15.624878,-2.7063184,4.503379,-25.55047,-36.558144,-7.177282,-26.035477,-19.840698,3.5416536,-4.257691
143,-10.86472225189209,27.561796188354492,73.25205993652344,4.7386396480769,11.243728926664081,-44.75956503461563,-23.339579,9.954341,5.701808,37.160625,-24.148224,-15.000033,-41.789932,-30.978516,-20.527075,43.766785,-10.5995245,9.10975,-2.702779,2.5141,21.553894,-32.247513,28.404179,-33.94292,-41.172398,15.319186,-2.5749183,4.385675,-25.880142,-36.51718,-7.228919,-26.220173,-19.56861,3.658341,-4.2276216
144,-10.824678421020508,27.668031692504883,73.16302490234375,4.5918813588445255,11.34768543301303,-44.77259056086494,-23.865082,10.107338,5.614042,37.93795,-24.445267,-15.000033,-42.02067,-30.898409,-20.444038,43.88475,-10.524447,9.291804,-2.7568471,2.4813693,21.626678,-31.895407,28.691475,-33.75338,-41.287693,15.006987,-2.4292798,4.272017,-26.339989,-36.52403,-7.273143,-26.270512,-19.375408,3.759577,-4.2107916
145,-10.783194541931152,27.765247344970703,73.06879425048828,4.433605321355882,11.446214773473628,-44.79590406656455,-24.399628,10.287405,5.515451,38.75544,-24.741632,-15.000033,-42.25144,-30.81215,-20.378263,44.029762,-10.407048,9.45536,-2.810274,2.456411,21.697094,-31.638268,28.96897,-33.59842,-41.36513,14.676467,-2.2579448,4.155273,-26.942984,-36.58763,-7.316329,-26.171026,-19.260675,3.8287764,-4.1956353
146,-10.741592407226562,27.852174758911133,72.97127532958984,4.2674467537164915,11.541277366264172,-44.82804025112483,-24.93861,10.488825,5.4067974,39.600838,-25.036406,-15.000033,-42.483547,-30.727165,-20.332458,44.204575,-10.262986,9.602919,-2.8630629,2.4403675,21.76251,-31.469437,29.232014,-33.4724,-41.403004,14.334944,-2.062062,4.0310755,-27.681122,-36.709732,-7.351327,-25.933445,-19.172207,3.8865635,-4.1939898
147,-10.702589988708496,27.931013107299805,72.87092590332031,4.100116320249348,11.629675648820765,-44.86418598048557,-25.466242,10.695652,5.2947335,40.44805,-25.33607,-15.000033,-42.71888,-30.652206,-20.29504,44.41273,-10.105484,9.696626,-2.9149394,2.4315336,21.828306,-31.387655,29.476397,-33.377663,-41.42072,14.011368,-1.8668925,3.918215,-28.513325,-36.886845,-7.379258,-25.596142,-19.142025,3.9560337,-4.225416
148,-10.664961814880371,28.00497055053711,72.76325225830078,3.938987988410214,11.708062664315058,-44.89968702635806,-25.96542,10.892356,5.1884236,41.269836,-25.645954,-15.000033,-42.959602,-30.596004,-20.253593,44.65846,-9.948318,9.698938,-2.962934,2.4271393,21.899036,-31.401909,29.699081,-33.3165,-41.432903,13.726412,-1.6978278,3.8346806,-29.392523,-37.11168,-7.4065475,-25.20426,-19.203154,4.0598197,-4.3081656
149,-10.625724792480469,28.073171615600586,72.65374755859375,3.784064368822812,11.776483793146973,-44.934487658497346,-26.434288,11.077513,5.0916367,42.062862,-25.970171,-15.000033,-43.209873,-30.561192,-20.206678,44.944077,-9.762633,9.553522,-3.005807,2.4234123,21.97562,-31.534267,29.898584,-33.301765,-41.424397,13.466732,-1.5602676,3.784753,-30.3294,-37.382042,-7.437331,-24.732124,-19.409279,4.2021184,-4.4515514
150,-10.587029457092285,28.13370132446289,72.5417251586914,3.632514534961455,11.836405871306694,-44.970501085564784,-26.881216,11.258727,5.001765,42.841053,-26.30429,-15.000033,-43.467815,-30.543724,-20.159784,45.26661,-9.551012,9.295998,-3.0428417,2.4218247,22.055319,-31.782248,30.072994,-33.332718,-41.386093,13.226668,-1.4414076,3.7579174,-31.33539,-37.697845,-7.4699955,-24.175705,-19.729244,4.3715234,-4.642841
151,-10.546439170837402,28.183338165283203,72.42584991455078,3.48817669734226,11.887013831216205,-45.00502194225766,-27.3057,11.4320545,4.9148974,43.60595,-26.647322,-15.000033,-43.72422,-30.543447,-20.115139,45.62001,-9.373795,9.024955,-3.0753832,2.42527,22.138071,-32.104614,30.21764,-33.394493,-41.346077,13.051765,-1.3391726,3.7506428,-32.368183,-38.052715,-7.4997625,-23.598728,-20.070799,4.5665965,-4.8662267
152,-10.508654594421387,28.23060417175293,72.3079833984375,3.354674094917739,11.927419428293563,-45.03558284916698,-27.705824,11.593976,4.8269916,44.35651,-26.99658,-15.000033,-43.968243,-30.558556,-20.074339,45.995422,-9.290813,8.839558,-3.102447,2.4363658,22.222029,-32.471333,30.328104,-33.46942,-41.324917,12.977566,-1.2515725,3.7581422,-33.37739,-38.435986,-7.5272565,-23.069733,-20.34256,4.7849016,-5.105508
153,-10.463078498840332,28.270793914794922,72.1860580444336,3.235988435215042,11.951469717623237,-45.06332696446063,-28.070139,11.741456,4.741416,45.087273,-27.35474,-15.000033,-44.19228,-30.592379,-20.03855,46.395065,-9.334674,8.7818775,-3.1204827,2.4477196,22.308699,-32.904953,30.401733,-33.56769,-41.310307,13.05034,-1.1780969,3.7886844,-34.37066,-38.844234,-7.5492973,-22.571182,-20.544392,5.0447493,-5.3675113
154,-10.419377326965332,28.301576614379883,72.06195831298828,3.1291242294194928,11.961644898369583,-45.088997124391895,-28.403677,11.877694,4.6589117,45.801308,-27.722855,-15.000033,-44.402966,-30.643988,-20.006542,46.820454,-9.467667,8.793612,-3.1317542,2.4589906,22.397495,-33.410122,30.436148,-33.696877,-41.296227,13.245483,-1.119583,3.8406835,-35.360413,-39.27657,-7.568089,-22.08698,-20.718393,5.340512,-5.656155
155,-10.375920295715332,28.32264518737793,71.93336486816406,3.027849066415801,11.970084298624768,-45.109226548236,-28.7291,12.008047,4.571965,46.510498,-28.09453,-15.000033,-44.61554,-30.706278,-19.972965,47.27069,-9.647877,8.824169,-3.1409822,2.4806292,22.482407,-33.94828,30.430328,-33.835064,-41.288364,13.478644,-1.0755953,3.8940349,-36.330692,-39.727177,-7.584389,-21.656315,-20.842844,5.6310673,-5.948416
156,-10.32974910736084,28.338886260986328,71.80416870117188,2.9260230135813234,11.988799585797324,-45.12046115370073,-29.06846,12.137229,4.473111,47.225204,-28.463148,-15.000033,-44.84468,-30.77208,-19.932486,47.742764,-9.831953,8.8230915,-3.1556597,2.521261,22.557093,-34.474583,30.385645,-33.959114,-41.298347,13.668113,-1.0463661,3.928745,-37.25641,-40.186653,-7.601655,-21.329607,-20.896511,5.875226,-6.2213955
157,-10.280720710754395,28.347572326660156,71.67413330078125,2.82415932941871,12.019331928282291,-45.11992481471555,-29.423582,12.263185,4.3593445,47.944828,-28.828474,-15.000033,-45.09065,-30.844006,-19.885607,48.23733,-10.01372,8.776974,-3.1888888,2.5771027,22.623062,-34.956833,30.298807,-34.066162,-41.355247,13.843026,-1.0367546,3.934421,-38.14741,-40.648613,-7.6239524,-21.133068,-20.866043,6.073015,-6.443561
158,-10.236261367797852,28.350311279296875,71.54049682617188,2.7238821030663543,12.055805660879166,-45.11031654955928,-29.78467,12.38549,4.2350335,48.666256,-29.19197,-15.000033,-45.346733,-30.923643,-19.834167,48.75472,-10.213642,8.713242,-3.2113678,2.648027,22.668303,-35.530422,30.186275,-34.13555,-41.374218,13.91729,-1.0465832,3.9138267,-38.97452,-41.116608,-7.6730194,-21.043467,-20.771343,6.2405696,-6.6339054
159,-10.18652057647705,28.350833892822266,71.40367889404297,2.6256254913992274,12.099551351329163,-45.09582798464175,-30.154669,12.506548,4.1027555,49.392082,-29.556122,-15.000033,-45.6183,-31.005058,-19.774872,49.293003,-10.430846,8.640725,-3.2932472,2.7174778,22.742132,-35.83158,30.006454,-34.28616,-41.570095,14.245827,-1.0603213,3.919649,-39.839897,-41.572147,-7.6559706,-21.004824,-20.628592,6.3643966,-6.849353
160,-10.13430404663086,28.34595489501953,71.25835418701172,2.5229509730785806,12.1505155995322,-45.08104541274301,-30.541449,12.634676,3.9602225,50.13689,-29.924051,-15.000033,-45.903217,-31.07839,-19.711351,49.84639,-10.662631,8.568353,-3.2770736,2.8208091,22.75146,-36.52866,29.840136,-34.32561,-41.475754,14.078187,-1.0771989,3.904812,-40.52504,-42.035076,-7.689851,-21.004759,-20.485437,6.423303,-7.1375194
161,-10.089865684509277,28.335512161254883,71.10883331298828,2.421139600472613,12.212953009135724,-45.061845315013336,-30.945116,12.763348,3.8072796,50.88997,-30.2917,-15.000033,-46.20792,-31.149216,-19.64034,50.41741,-10.908724,8.492002,-3.305263,2.923603,22.778753,-36.998775,29.652885,-34.416786,-41.532104,14.01861,-1.0843422,3.9322784,-41.192104,-42.48759,-7.6791873,-21.083752,-20.33141,6.4133964,-7.4937143
162,-10.04451847076416,28.31711196899414,70.95391845703125,2.319265084179715,12.285171357400673,-45.0375733758926,-31.36379,12.8923435,3.6430333,51.652134,-30.660324,-15.000033,-46.528854,-31.218853,-19.563292,51.00658,-11.1698065,8.408587,-3.3370833,3.036259,22.796204,-37.44775,29.449787,-34.50188,-41.599384,13.886138,-1.0908442,3.9723077,-41.828804,-42.92919,-7.642778,-21.213007,-20.170937,6.3422,-7.89582
163,-10.00054931640625,28.298625946044922,70.7929916381836,2.213849037112241,12.360810249089559,-45.01856473601899,-31.794987,13.0301075,3.4740472,52.437103,-31.032665,-15.000033,-46.86413,-31.279781,-19.47635,51.6146,-11.449785,8.328729,-3.3622682,3.1586845,22.814232,-37.876575,29.236841,-34.58798,-41.654285,13.719575,-1.1005167,4.0314045,-42.402283,-43.354748,-7.568965,-21.334814,-19.967894,6.2208643,-8.378688
164,-9.955662727355957,28.27780532836914,70.62700653076172,2.101131853039189,12.433555939126022,-45.01460336587834,-32.236553,13.185011,3.3056104,53.26033,-31.413626,-15.000033,-47.211178,-31.32456,-19.37761,52.24165,-11.75142,8.261978,-3.3730392,3.2895489,22.842743,-38.28369,29.02166,-34.679893,-41.675793,13.557891,-1.117207,4.1160274,-42.875713,-43.7572,-7.4487476,-21.39342,-19.683075,6.0594373,-8.977114
165,-9.914274215698242,28.253868103027344,70.45014190673828,1.981094289598706,12.499286805134275,-45.03018616329562,-32.67942,13.358339,3.1384485,54.115803,-31.804043,-15.000033,-47.56351,-31.350359,-19.265152,52.88392,-12.080562,8.214026,-3.3943775,3.4221008,22.90242,-38.55921,28.791311,-34.815758,-41.74712,13.51176,-1.1283593,4.2405996,-43.32957,-44.12634,-7.2304864,-21.371595,-19.31585,5.8515596,-9.7532425
166,-9.874845504760742,28.22794532775879,70.26516723632812,1.853614512092508,12.561842948301157,-45.05919943757585,-33.128506,13.547818,2.9674764,54.999817,-32.202667,-15.000033,-47.92225,-31.360823,-19.142965,53.542538,-12.43331,8.177985,-3.3470564,3.5816412,22.951265,-39.005806,28.584146,-34.890007,-41.695393,13.226461,-1.1410946,4.3725176,-43.784756,-44.461105,-6.9278708,-21.208801,-18.945885,5.5886455,-10.669055
167,-9.839963912963867,28.20119285583496,70.07014465332031,1.7197311506658044,12.62784415892115,-45.097500999327615,-33.59937,13.752694,2.7946725,55.925007,-32.605434,-15.000033,-48.30166,-31.360054,-19.009485,54.225285,-12.804076,8.146291,-3.313341,3.7404299,23.006588,-39.379585,28.399727,-34.957947,-41.634342,12.981602,-1.1741877,4.5288534,-44.112118,-44.760303,-6.59545,-21.002985,-18.50329,5.284466,-11.610275
168,-9.803936958312988,28.173959732055664,69.86217498779297,1.5797299738742288,12.70400319674391,-45.14070464412563,-34.10873,13.973195,2.6207902,56.905273,-33.009384,-15.000033,-48.71468,-31.351393,-18.864164,54.938507,-13.18677,8.111323,-3.2965248,3.9064846,23.090084,-39.589874,28.215887,-35.082344,-41.608467,12.940476,-1.2479763,4.721104,-44.396736,-44.999126,-6.1900434,-20.627834,-18.035267,4.9521875,-12.464984
169,-9.769706726074219,28.146045684814453,69.64299774169922,1.4344493675253893,12.786861871804527,-45.1773883378396,-34.659626,14.202792,2.4358163,57.942623,-33.413376,-15.000033,-49.151592,-31.345877,-18.713451,55.6843,-13.58542,8.091403,-3.2501414,4.0879517,23.163328,-39.898952,28.059517,-35.181843,-41.464314,12.864019,-1.3456,4.914183,-44.54749,-45.18071,-5.763531,-20.096571,-17.50084,4.5401506,-13.243707
170,-9.736621856689453,28.117334365844727,69.41389465332031,1.2838689793910039,12.874856159840574,-45.21346937273795,-35.243717,14.44378,2.2411118,59.029984,-33.819668,-15.000033,-49.61083,-31.338915,-18.554403,56.46106,-14.002379,8.08324,-3.2105758,4.2739563,23.252235,-40.1425,27.925154,-35.302414,-41.321064,12.890389,-1.4609791,5.1298423,-44.611637,-45.29956,-5.289668,-19.440886,-16.90603,4.0580277,-13.989551
171,-9.712544441223145,28.08818817138672,69.16829681396484,1.1222433861651495,12.975867962659008,-45.27120617714461,-35.86174,14.711626,2.0502079,60.168015,-34.22987,-14.982832,-50.1092,-31.306414,-18.38028,57.26247,-14.42639,8.046345,-3.1502986,4.4644237,23.347494,-40.3364,27.811895,-35.422424,-41.10181,12.92507,-1.6425433,5.3781967,-44.595875,-45.344097,-4.77285,-18.627037,-16.374844,3.609022,-14.632194
172,-9.684406280517578,28.0638370513916,68.91062927246094,0.9608454551951552,13.100493487910805,-45.365066863248146,-36.51283,14.991532,1.8883551,61.348988,-34.639767,-14.856187,-50.6795,-31.242561,-18.164158,58.0915,-14.847789,7.945025,-3.058294,4.6410604,23.442364,-40.45925,27.71574,-35.53512,-40.753323,12.917648,-1.9386532,5.673082,-44.513187,-45.296124,-4.212515,-17.623426,-16.02823,3.2997787,-15.10367
173,-9.662321090698242,28.0340633392334,68.63971710205078,0.785711139152192,13.238144453644276,-45.49078949945866,-37.198673,15.32124,1.7586673,62.588245,-35.0558,-14.713555,-51.296124,-31.137533,-17.925335,58.94944,-15.277999,7.7568636,-2.9307768,4.8136415,23.550209,-40.535057,27.637184,-35.65845,-40.28832,12.888457,-2.3723335,5.9989414,-44.33352,-45.143482,-3.5937397,-16.424988,-16.033049,3.1800234,-15.420895
174,-9.641681671142578,28.002914428710938,68.35497283935547,0.5910669266080167,13.386710790486333,-45.646230779177365,-37.92047,15.701928,1.6441349,63.88697,-35.480812,-14.557936,-51.947365,-30.991302,-17.674103,59.83511,-15.720156,7.502743,-2.8004155,4.976404,23.67156,-40.49779,27.569622,-35.80768,-39.749138,12.930817,-2.9135609,6.3575873,-44.007645,-44.88731,-2.935937,-15.109354,-16.263418,3.1894538,-15.606418
175,-9.626112937927246,27.966815948486328,68.05516052246094,0.3853449425702011,13.566589073502396,-45.85521385261622,-38.6771,16.11885,1.5263419,65.22339,-35.90765,-14.436345,-52.66985,-30.794607,-17.39066,60.738205,-16.15251,7.2066517,-2.6011405,5.1340623,23.759258,-40.523502,27.531752,-35.885654,-38.953255,12.76023,-3.5366616,6.7648025,-43.62042,-44.525253,-2.2711742,-13.59736,-16.475262,3.26415,-15.60113
176,-9.611008644104004,27.921375274658203,67.7425537109375,0.1789297144091191,13.798836625176849,-46.14169211809083,-39.46857,16.55447,1.3898177,66.577446,-36.328655,-14.396465,-53.502453,-30.539799,-17.055952,61.652016,-16.55559,6.890335,-2.3873792,5.2602496,23.81988,-40.30983,27.496273,-35.932487,-38.016407,12.589489,-4.2100916,7.2738247,-43.30585,-44.039978,-1.5715839,-11.87773,-16.378172,3.342648,-15.349944
177,-9.592288970947266,27.86948013305664,67.41471862792969,-0.030333638960361495,14.101537857306768,-46.52289552186427,-40.32558,17.012348,1.2302746,67.97118,-36.728046,-14.457778,-54.47964,-30.209976,-16.656418,62.582554,-16.917131,6.529838,-2.1113465,5.3500037,23.817266,-39.990807,27.4637,-35.932343,-36.805622,12.239558,-5.0538144,7.9280343,-43.01467,-43.422,-0.8427514,-9.944557,-15.872437,3.4937766,-14.683649
178,-9.574573516845703,27.810495376586914,67.07335662841797,-0.24768660105817797,14.45870192757452,-46.983324538810756,-41.239807,17.4983,1.0546594,69.407585,-37.113373,-14.5903,-55.565662,-29.810997,-16.212921,63.53139,-17.253284,6.119937,-1.7922204,5.4043355,23.77164,-39.545353,27.431044,-35.9077,-35.378017,11.802079,-6.0450106,8.692439,-42.697826,-42.667854,-0.08298835,-7.83106,-15.120226,3.7300198,-13.683714
179,-9.552925109863281,27.74822998046875,66.71886444091797,-0.47004108606252665,14.839409861711951,-47.49893968115524,-42.151806,18.001078,0.86580735,70.83873,-37.513275,-14.769455,-56.698658,-29.364843,-15.753244,64.49024,-17.584873,5.714083,-1.460669,5.4317975,23.700981,-39.002647,27.398613,-35.79881,-33.7408,11.320391,-6.9458766,9.454323,-42.396053,-41.78492,0.6678697,-5.5443425,-14.249242,3.8999555,-12.6692095
180,-9.528263092041016,27.675512313842773,66.35541534423828,-0.6926894429216163,15.212925506335306,-48.04483212561738,-43.000828,18.509224,0.6679686,72.215195,-37.95648,-14.972349,-57.819664,-28.89594,-15.301247,65.44892,-17.929464,5.3675075,-1.1547526,5.442246,23.629082,-38.349876,27.36443,-35.554295,-31.936802,10.863959,-7.514852,10.110203,-42.167496,-40.786907,1.378658,-3.084372,-13.374565,3.8419256,-11.956112
181,-9.502647399902344,27.595111846923828,65.98304748535156,-0.8678620766112962,15.6066734742809,-48.61435125637234,-43.79472,18.9489,0.50394166,73.50959,-38.435894,-15.000033,-58.999866,-28.433136,-14.789437,66.41645,-18.283562,5.103295,-0.8687871,5.4030886,23.540916,-37.53037,27.324087,-35.16704,-30.011423,10.45145,-7.625741,10.712948,-42.063663,-39.66893,2.0851345,-0.2902594,-12.350563,3.3951914,-11.556464
182,-9.463896751403809,27.499298095703125,65.61011505126953,-1.0266580658856168,16.02282242020053,-49.226877637643376,-44.56008,19.373358,0.34900114,74.76064,-38.945168,-15.000033,-60.2295,-27.94179,-14.245682,67.393364,-18.641548,4.884403,-0.5853161,5.3285356,23.435492,-36.55808,27.27517,-34.666126,-27.93833,10.0393305,-7.427733,11.297884,-42.042526,-38.426086,2.7949052,2.779029,-11.172563,2.6837947,-11.316516
183,-9.417661666870117,27.392518997192383,65.23319244384766,-1.1875096264006486,16.412675413999562,-49.84889678949974,-45.258434,19.800163,0.1972555,75.97504,-39.481247,-15.000033,-61.411995,-27.447607,-13.7295265,68.375885,-19.006607,4.704562,-0.351226,5.2307596,23.3399,-35.553566,27.219252,-34.054546,-25.643642,9.578126,-7.089892,11.738233,-42.051975,-37.083275,3.4265625,5.826778,-10.158589,1.956504,-11.313574
184,-9.367389678955078,27.27128028869629,64.85507202148438,-1.3603925607917748,16.729234097024147,-50.442551135441924,-45.85175,20.2362,0.047365773,77.160034,-40.04071,-15.000033,-62.46247,-26.988352,-13.287822,69.36375,-19.38234,4.558901,-0.20936973,5.123939,23.282536,-34.629887,27.158834,-33.33724,-23.065163,9.026617,-6.779382,11.908706,-42.042953,-35.687035,3.8903356,8.55571,-9.614855,1.4602903,-11.640695
185,-9.312215805053711,27.144115447998047,64.47876739501953,-1.554407615583539,16.977831086985994,-51.01675337585643,-46.33896,20.70198,-0.10053499,78.31024,-40.638153,-15.000033,-63.388214,-26.561459,-12.938255,70.353004,-19.75448,4.446845,-0.13385454,5.0433083,23.282406,-33.77543,27.083134,-32.456,-20.1821,8.304709,-6.424633,11.589559,-42.035046,-34.242577,4.1635027,11.099903,-9.835292,1.2700621,-12.480759
186,-9.249600410461426,27.009117126464844,64.1116943359375,-1.76009420115242,17.177618533931543,-51.58416483530869,-46.73885,21.188395,-0.24756737,79.42648,-41.270203,-15.000033,-64.23146,-26.155954,-12.647925,71.34563,-20.124088,4.372726,-0.10278979,4.97699,23.323654,-32.9354,26.984053,-31.439602,-17.036283,7.4629846,-5.9625983,10.919125,-42.06612,-32.74951,4.288105,13.555853,-10.571055,1.2625922,-13.7406435
187,-9.177006721496582,26.865428924560547,63.75535583496094,-1.9582621579771906,17.302244395053144,-52.11201984533819,-47.03377,21.65723,-0.3936991,80.50973,-41.905724,-15.000033,-64.96118,-25.797056,-12.384348,72.34272,-20.513443,4.341736,-0.15585122,4.884246,23.385767,-32.164986,26.876413,-30.41545,-13.674773,6.6487517,-5.5829597,10.302362,-42.080414,-31.26889,4.252626,15.549358,-11.297645,1.3775626,-15.104901
188,-9.09756088256836,26.725616455078125,63.410400390625,-2.1291511866040462,17.32621763318365,-52.56662364371213,-47.20672,22.070116,-0.53845084,81.56488,-42.518196,-15.000033,-65.54737,-25.50934,-12.114853,73.345985,-20.94527,4.3596897,-0.3169214,4.741324,23.458914,-31.523327,26.788115,-29.50992,-10.171055,5.9973025,-5.492169,10.139913,-41.965725,-29.89924,4.0165515,16.65982,-11.477134,1.5248834,-16.253653
189,-9.008160591125488,26.590776443481445,63.0734977722168,-2.2728106717896512,17.222297383403102,-52.93148997374885,-47.220394,22.429777,-0.6721072,82.585915,-43.127136,-15.000033,-65.95642,-25.301159,-11.83481,74.360664,-21.428854,4.452104,-0.5875318,4.5899706,23.605833,-31.077885,26.72411,-28.816397,-6.289021,5.360616,-5.8433337,10.70822,-41.544743,-28.684402,3.4688237,16.618025,-10.608053,1.6906351,-17.112595
190,-8.910310745239258,26.449562072753906,62.746707916259766,-2.396078896669588,17.011612130070258,-53.22510467166782,-47.09246,22.75352,-0.79723775,83.57314,-43.73854,-15.000033,-66.215385,-25.158358,-11.561555,75.3829,-21.951334,4.6100264,-0.91366166,4.451425,23.82665,-30.796154,26.677675,-28.268044,-2.1005173,4.7297277,-6.5103173,11.735262,-40.833958,-27.631468,2.618796,15.618698,-9.065835,1.8951317,-17.833672
191,-8.812044143676758,26.303720474243164,62.426422119140625,-2.4894299106416504,16.741130059541717,-53.46826729138282,-46.884792,23.023882,-0.9281353,84.536156,-44.304005,-15.000033,-66.38422,-25.066154,-11.288827,76.39497,-22.495361,4.791713,-1.2472903,4.2802196,24.020012,-30.573568,26.676085,-27.731344,1.832979,4.432955,-7.2719917,12.801494,-40.0281,-26.800499,1.6172309,13.952702,-7.6216702,2.100426,-18.438547
192,-8.713401794433594,26.153579711914062,62.11871337890625,-2.54343156166595,16.457931765102103,-53.68239778004955,-46.659374,23.22225,-1.0782812,85.48552,-44.774837,-15.000033,-66.52744,-25.010004,-11.005054,77.38503,-23.039732,4.95594,-1.5538324,4.0401645,24.09528,-30.265175,26.768429,-27.052895,4.896334,4.778015,-7.889466,13.497905,-39.341785,-26.279688,0.6167146,11.91186,-7.0310555,2.2878144,-18.945623
193,-8.619240760803223,26.0015926361084,61.818939208984375,-2.550692302118324,16.15758731670008,-53.84626020564106,-46.434723,23.318481,-1.2774868,86.45671,-45.135864,-15.000033,-66.645775,-25.018248,-10.711132,78.37637,-23.604666,5.097006,-1.8488442,3.7325006,24.060976,-29.700752,26.972496,-26.126316,6.842352,6.143205,-8.272195,13.687561,-38.67694,-26.113003,-0.36248273,9.304936,-7.6091375,2.4887989,-19.306206
194,-8.524981498718262,25.850048065185547,61.53730010986328,-2.5182151120239626,15.820857414718606,-53.9580915737277,-46.17411,23.330242,-1.5047171,87.4324,-45.41147,-15.000033,-66.709274,-25.086653,-10.413853,79.36698,-24.19253,5.2350135,-2.1492789,3.3941138,23.975174,-28.963562,27.293575,-25.026,7.957881,8.2483635,-8.553185,13.599116,-37.955975,-26.295305,-1.3942722,6.0295753,-8.885553,2.7195015,-19.516584
195,-8.432656288146973,25.700183868408203,61.27909469604492,-2.45856320631641,15.472641429224774,-54.067741641689814,-45.85952,23.308987,-1.6995701,88.347565,-45.62375,-15.000033,-66.73418,-25.154108,-10.108198,80.29864,-24.757507,5.3680806,-2.4320564,3.0391066,23.820194,-28.280249,27.779264,-23.872269,8.426147,10.398274,-8.826187,13.374884,-37.442703,-26.849604,-2.4658628,2.5280073,-10.436956,2.9394393,-19.661812
196,-8.34622859954834,25.542835235595703,61.044578552246094,-2.3842039318688255,15.137850369328754,-54.22480122554112,-45.474617,23.307333,-1.8048799,89.136925,-45.78797,-15.000033,-66.73591,-25.1631,-9.7913,81.11527,-25.256927,5.4911003,-2.688164,2.6852882,23.581879,-27.83205,28.509293,-22.772955,8.38184,11.88902,-9.172629,13.156034,-37.422333,-27.814615,-3.5355213,-0.7442483,-11.831353,3.1073847,-19.838928
197,-8.253637313842773,25.38549041748047,60.84870147705078,-2.2911299943458423,14.82127245453247,-54.446303249177284,-45.023804,23.330875,-1.8109379,89.81943,-45.900387,-15.000033,-66.739136,-25.10329,-9.44285,81.82562,-25.683937,5.608262,-2.959306,2.3104355,23.24426,-27.446707,29.560934,-21.742212,7.528259,12.306209,-9.674661,12.880781,-37.9646,-29.233232,-4.551254,-3.8194225,-13.105964,3.170383,-20.019135
198,-8.166054725646973,25.22924041748047,60.69578552246094,-2.174795968517645,14.510218572702378,-54.70490421377871,-44.513203,23.352533,-1.747408,90.418465,-45.95417,-15.000033,-66.729095,-25.00574,-9.070129,82.45309,-26.060396,5.719495,-3.2718325,1.9176027,22.836805,-26.985317,30.954884,-20.683847,5.7702374,12.067021,-10.262852,12.486222,-38.968613,-31.103754,-5.463127,-6.876344,-14.416365,3.1586142,-20.178446
199,-8.081490516662598,25.074840545654297,60.58624267578125,-2.0474636189524955,14.203439522529491,-54.98339661098183,-43.929092,23.375923,-1.6178308,90.87244,-45.961357,-15.000033,-66.66301,-24.876705,-8.7095375,82.96296,-26.385223,5.8132353,-3.5996757,1.5550667,22.401285,-26.677607,32.674152,-19.552216,3.5784624,11.730242,-10.786044,12.122627,-40.5252,-33.385906,-6.1946135,-9.61842,-15.522061,3.1599905,-20.434286
200,-7.99718713760376,24.92197036743164,60.52901077270508,-1.9216561571221658,13.899461721444245,-55.26453109116836,-43.258224,23.404776,-1.4268768,91.12015,-45.933662,-15.000033,-66.49792,-24.72207,-8.397412,83.32017,-26.657019,5.878124,-3.9017901,1.2651476,21.965143,-26.805517,34.676327,-18.338665,1.4975082,11.875204,-11.103677,11.962766,-42.640263,-36.02042,-6.708136,-11.819594,-16.189531,3.2688792,-20.902739
201,-7.911662578582764,24.76507568359375,60.52537536621094,-1.8094437635305187,13.60997261747988,-55.56637822018637,-42.51341,23.463097,-1.1622434,91.1719,-45.887203,-15.000033,-66.25109,-24.52082,-8.138978,83.5226,-26.873491,5.901342,-4.153901,1.0678862,21.485056,-27.500837,36.96073,-17.049963,-0.3772294,13.0072975,-11.109085,12.06357,-45.59361,-39.007896,-6.9244804,-13.321541,-16.34658,3.5525537,-21.705982
202,-7.827159881591797,24.604787826538086,60.582481384277344,-1.7014703456541915,13.331467949742976,-55.890617014632134,-41.695835,23.5385,-0.8260801,91.051674,-45.80892,-15.000033,-65.935715,-24.279634,-7.9155416,83.58701,-27.036562,5.8918076,-4.389825,0.94765943,20.945526,-28.581633,39.532772,-15.726486,-2.2818394,14.714156,-10.901099,12.331858,-49.310688,-42.34882,-6.738455,-14.344416,-16.108044,3.941367,-22.76608
203,-7.748689651489258,24.434829711914062,60.704689025878906,-1.5783437696808973,13.040037590398041,-56.19519766008293,-40.777332,23.577507,-0.4452746,90.720314,-45.673664,-15.000033,-65.504875,-24.043514,-7.725472,83.506546,-27.149624,5.872367,-4.5944185,0.9025738,20.432234,-29.995642,42.322563,-14.481885,-4.0904474,16.206005,-10.651621,12.740501,-53.794346,-45.938957,-5.9292097,-14.754628,-15.649233,4.3245234,-23.903845
204,-7.674434185028076,24.25539779663086,60.88872528076172,-1.4205260831788589,12.712141491382331,-56.438490994105585,-39.73051,23.526802,-0.046908163,90.136826,-45.45352,-15.000033,-64.910934,-23.858822,-7.5689883,83.27386,-27.21796,5.8646274,-4.7470846,0.9082487,20.014992,-31.8053,45.21568,-13.463914,-5.573009,16.720287,-10.541498,13.273778,-58.968803,-49.62286,-4.3408527,-14.491837,-15.159449,4.59828,-24.923187
205,-7.597947120666504,24.069746017456055,61.14599609375,-1.2130996637223714,12.343003966131702,-56.603576397740184,-38.553696,23.352217,0.3645368,89.30156,-45.168583,-15.000033,-64.161896,-23.744715,-7.427168,82.91114,-27.253248,5.878707,-4.807405,0.94431776,19.686169,-34.28741,48.143215,-12.741957,-6.5184307,15.785669,-10.650045,13.915515,-64.95571,-53.314686,-1.9585173,-13.594828,-14.639458,4.7970767,-25.773672
206,-7.521854877471924,23.87067222595215,61.4736328125,-0.9695970326292883,11.945905436832124,-56.715374996940945,-37.261124,23.083454,0.80137944,88.23149,-44.824165,-15.000033,-63.277485,-23.674982,-7.306535,82.41418,-27.249798,5.902414,-4.737663,1.0125147,19.420002,-37.70199,51.082066,-12.492978,-6.87082,13.935737,-10.895591,14.672446,-71.829575,-56.961,1.2524401,-12.211022,-14.024666,4.9497666,-26.545761
207,-7.4475579261779785,23.65386199951172,61.87616729736328,-0.71310235339446,11.524743908276672,-56.79451570720531,-35.846184,22.76185,1.2629029,86.905205,-44.372414,-15.000033,-62.227623,-23.629261,-7.2445207,81.73399,-27.18496,5.924182,-4.4862185,1.0952951,19.224195,-41.79589,53.98194,-12.900423,-6.9332256,11.959934,-11.204632,15.571635,-79.24004,-60.440544,5.2917776,-10.51195,-13.434642,4.9480124,-27.228117
208,-7.361323356628418,23.42107582092285,62.35660934448242,-0.465826378156485,11.083782693683851,-56.861350163484666,-34.30176,22.428358,1.7511041,85.302956,-43.764057,-15.000033,-60.981953,-23.583668,-7.2789555,80.82251,-27.036934,5.932126,-4.0613995,1.1377261,19.096075,-46.42754,56.780464,-14.16283,-6.884865,10.644158,-11.484756,16.652008,-86.70774,-63.592487,10.020203,-8.6932535,-13.025389,4.6821966,-27.797798
209,-7.271341800689697,23.164588928222656,62.918861389160156,-0.20720290042157105,10.63940227550741,-56.916082500116055,-32.635586,22.049812,2.2783287,83.420906,-43.038986,-15.000033,-59.566177,-23.553673,-7.395274,79.69734,-26.853077,5.921716,-3.5043924,1.0547948,18.98496,-51.79731,59.455597,-16.448534,-6.6707053,10.2387495,-11.718337,18.109001,-94.01333,-66.3127,15.238243,-6.871941,-12.828635,4.033646,-28.188528
210,-7.173056125640869,22.881135940551758,63.568084716796875,0.06621057811397324,10.185896964739937,-56.94955324923167,-30.846624,21.611359,2.840087,81.26718,-42.207912,-15.000033,-57.986282,-23.539993,-7.5837116,78.37604,-26.628742,5.901447,-2.9039283,0.80341333,18.86886,-58.036457,61.97807,-19.760298,-6.238451,10.323169,-11.926641,19.872597,-101.071396,-68.55571,20.694056,-5.0811424,-12.8495,3.0841658,-28.415924
211,-7.068944931030273,22.571990966796875,64.30766296386719,0.30651851322185464,9.694396073288006,-56.967126547894885,-28.909891,21.180038,3.4188492,78.833984,-41.179756,-15.000033,-56.17821,-23.50235,-7.887293,76.80231,-26.26254,5.8793616,-2.3805852,0.41281316,18.76052,-64.762825,64.27518,-23.91902,-5.780563,10.68716,-12.061583,21.586256,-107.55001,-70.28842,26.104486,-3.3084729,-13.234871,2.0272176,-28.575869
212,-6.962040901184082,22.243412017822266,65.13521575927734,0.4655787284326759,9.135770122965138,-56.973767016285855,-26.798513,20.823265,4.001943,76.114174,-39.865078,-15.000033,-54.078804,-23.398258,-8.345791,74.92244,-25.653507,5.8623834,-2.030977,-0.04401893,18.67099,-71.5079,66.27442,-28.636894,-5.463077,11.141337,-12.094895,22.877256,-113.19647,-71.5078,31.268253,-1.4582491,-14.138146,1.0598745,-28.760778
213,-6.8342437744140625,21.899015426635742,66.06317138671875,0.5250216573021574,8.490873034973339,-56.97534501317328,-24.488337,20.564312,4.6088977,73.11876,-38.328934,-15.000033,-51.64744,-23.208479,-8.987734,72.74634,-24.865696,5.841196,-1.878807,-0.5051342,18.602169,-78.159935,67.96209,-33.82847,-5.339409,11.682326,-11.996404,23.56313,-118.004105,-72.25298,36.319218,0.7478354,-16.047432,0.07458558,-29.297087
214,-6.69394063949585,21.53544044494629,67.09468078613281,0.5119867980330546,7.778605584692784,-56.965783398938406,-21.993216,20.356785,5.249927,69.84854,-36.592876,-15.000033,-48.926853,-22.941978,-9.781231,70.29523,-23.92532,5.816954,-1.8936884,-0.9433272,18.541946,-84.763306,69.32852,-39.422085,-5.3654294,12.410599,-11.800115,23.860867,-122.20839,-72.565674,41.384697,3.3788397,-18.766087,-0.9386349,-30.0656
215,-6.546393871307373,21.13568878173828,68.22431945800781,0.44708585318688904,7.027288019352527,-56.9317794089214,-19.343493,20.16398,5.899027,66.28162,-34.51007,-15.000033,-45.98166,-22.58701,-10.6703415,67.53468,-22.675562,5.8094916,-2.0408635,-1.323347,18.481718,-91.05657,70.33098,-45.09602,-5.500649,13.308309,-11.587902,23.987272,-125.92532,-72.468376,46.286488,6.238205,-21.387281,-1.6981243,-30.431551
216,-6.3859357833862305,20.719371795654297,69.44292449951172,0.34949896010746456,6.265677804335114,-56.861092025788984,-16.570309,19.951645,6.526058,62.388237,-31.930552,-15.000033,-42.87353,-22.137508,-11.598317,64.42418,-20.96168,5.8326144,-2.2813718,-1.6229377,18.405481,-96.747826,70.94216,-50.499313,-5.673597,14.362733,-11.436516,24.148447,-129.14417,-71.9858,50.739117,9.084445,-22.988516,-2.0012279,-29.699303
217,-6.221669673919678,20.29029655456543,70.7483139038086,0.21531141388461197,5.443164402832704,-56.76506183296045,-13.560938,19.724073,7.153623,58.087513,-28.931765,-15.000033,-39.5126,-21.568048,-12.543251,60.924545,-18.898056,5.88075,-2.572152,-1.841815,18.35065,-101.7676,71.1797,-55.64486,-5.8091555,15.702645,-11.386844,24.395739,-131.80338,-71.14706,54.72108,12.085093,-23.024231,-1.6741858,-27.069881
218,-6.042221546173096,19.8463134765625,72.14173126220703,0.03712312011357944,4.56375542532387,-56.64430431378235,-10.33953,19.482862,7.788099,53.432247,-25.572302,-15.000033,-35.913246,-20.876194,-13.511854,57.0779,-16.531258,5.9427133,-2.911318,-1.9777262,18.315142,-106.17813,71.07189,-60.569775,-5.8661823,17.290709,-11.390392,24.62075,-133.84561,-70.002426,58.328857,15.338921,-22.127186,-0.83683133,-23.079704
219,-5.8489298820495605,19.38389778137207,73.62421417236328,-0.17187176442638727,3.7384573200169817,-56.47344648371975,-7.158649,19.206802,8.357505,48.59812,-21.662712,-15.000033,-32.2963,-20.08937,-14.483248,52.96049,-13.600536,6.0262117,-3.3219244,-2.0193644,18.221935,-109.84423,70.64174,-64.93989,-5.828122,18.872501,-11.387374,24.778103,-135.22704,-68.62908,61.40058,18.468481,-21.098812,0.20411848,-19.034508
220,-5.634758472442627,18.913776397705078,75.17597961425781,-0.39991534136322965,3.0795657304827104,-56.22932536240669,-4.2946076,18.893995,8.768929,43.782887,-17.00269,-15.000033,-28.890291,-19.235344,-15.427191,48.647472,-9.831416,6.144132,-3.8161435,-1.9527655,17.991598,-112.604675,69.93779,-68.39585,-5.7102103,20.194532,-11.323906,24.79989,-135.90398,-67.12658,63.753494,21.058863,-20.656225,1.0110421,-16.212875
221,-5.413029670715332,18.43462371826172,76.80157470703125,-0.6851103458916266,2.598320286422322,-55.9062254187958,-1.7354202,18.630417,8.95663,38.879124,-11.177606,-15.000033,-25.5839,-18.259909,-16.386698,43.877308,-4.84425,6.321048,-4.402592,-1.7509068,17.595932,-114.39986,69.02275,-70.95188,-5.490429,21.158808,-11.261974,24.663448,-135.8743,-65.577095,65.42956,23.026941,-20.920135,1.412042,-15.01381
222,-5.194567680358887,17.95391273498535,78.4872817993164,-1.008644639645889,2.2427869669212037,-55.52344074374695,0.5126494,18.416313,8.898533,34.056686,-4.510178,-15.000033,-22.377295,-17.179087,-17.253216,38.775642,1.0732408,6.567632,-5.0426283,-1.4454299,17.087885,-115.32081,67.95497,-72.782646,-5.1800785,21.898842,-11.210742,24.3884,-135.17664,-64.03416,66.5086,24.518076,-21.485052,1.6336516,-14.731433
223,-4.987758636474609,17.49452018737793,80.21070098876953,-1.275350707847807,2.031689756513493,-55.09875548800877,2.1706715,18.144041,8.574344,29.868576,2.13268,-15.000033,-19.651142,-16.161825,-17.806206,34.002438,7.208442,6.8806434,-5.6802692,-1.1134964,16.495617,-115.54178,66.792145,-73.85785,-4.84861,22.462193,-11.045926,23.9586,-133.86964,-62.552994,66.89152,25.452036,-22.201511,1.7756369,-14.962996
224,-4.775755882263184,17.06343650817871,81.95458984375,-1.404132656405313,1.9864235876164535,-54.64751194753798,3.0774128,17.71398,8.030011,26.628489,8.018312,-15.000033,-17.748549,-15.38705,-17.904417,30.182287,12.894668,7.2515783,-6.299796,-0.84338045,15.848285,-114.94563,65.58385,-73.953674,-4.610514,23.12303,-10.642289,23.359037,-131.98264,-61.186806,66.41493,25.70379,-22.929914,1.9348574,-15.304906
225,-4.540064334869385,16.67232894897461,83.71473693847656,-1.3436352811567616,2.159718693246291,-54.13006007014914,3.2526844,17.05526,7.372768,23.957712,13.6396885,-15.000033,-16.721283,-14.932979,-17.622417,27.167868,18.66651,7.7690616,-6.9388533,-0.67897624,15.068359,-113.30204,64.35111,-72.823784,-4.5964594,24.08247,-9.806882,22.395254,-129.3424,-59.965828,64.79388,24.870678,-23.67349,2.1722376,-15.791393
226,-4.3122124671936035,16.336790084838867,85.49710845947266,-1.1524927955934372,2.544216489343247,-53.559212859060054,2.8092787,16.27881,6.5914335,21.6853,19.260899,-15.000033,-16.45177,-14.730354,-16.924261,24.801691,24.635336,8.506792,-7.564802,-0.55320925,14.1378,-111.108574,63.10631,-70.91864,-4.770074,25.003456,-8.678441,21.113585,-125.99749,-58.89091,62.186012,22.969694,-24.492277,2.462554,-16.5996
227,-4.145986557006836,16.057863235473633,87.29939270019531,-0.8228901810944853,3.0273037573195976,-52.97362950142347,2.0062246,15.385229,5.6426077,19.960106,24.064318,-15.000033,-16.905836,-14.820427,-15.642228,23.607718,29.52038,9.393215,-8.131325,-0.5101356,13.309748,-108.68241,62.131084,-68.63617,-5.34586,25.773483,-7.5643725,19.965092,-122.449234,-58.13669,59.210148,20.406626,-25.176853,2.7787945,-17.574005
228,-4.0472822189331055,15.829374313354492,88.92718505859375,0.06481770830376511,3.288947736817636,-52.21152774363306,1.4152597,13.8322315,4.4003267,18.710592,27.316044,-15.000033,-18.89799,-15.971803,-13.342185,26.587782,30.000067,10.362156,-8.903917,-1.1516299,12.67667,-106.14569,60.86457,-66.21119,-5.6560445,26.446463,-6.9301763,19.107418,-118.454735,-57.264065,55.615173,18.018362,-26.088017,2.943702,-18.370834
229,-3.9751312732696533,15.717350006103516,90.46644592285156,0.24420675057672062,3.854017915387792,-51.679087066568975,0.43861932,12.950503,2.6895437,18.211483,28.369741,-15.000033,-20.046297,-15.82143,-11.179183,27.383457,30.000067,10.877816,-9.430328,-1.0038766,12.123299,-103.61085,59.650013,-63.584618,-6.04029,26.94673,-6.7234716,18.915295,-114.66099,-56.539516,52.181213,15.686051,-26.856506,3.0090144,-19.017807
230,-3.953294038772583,15.731273651123047,91.87522888183594,-0.11045601915029384,4.6957422135264455,-51.31850294263509,-1.1133223,12.538242,0.5873454,18.68933,27.614643,-15.000033,-20.654005,-14.774579,-9.183436,26.566172,30.000067,11.038395,-9.778993,-0.25565466,11.617684,-100.86925,58.47574,-60.50839,-6.6098394,27.357632,-6.7929716,19.107473,-110.68308,-55.943333,48.46144,13.0162,-27.592787,2.9919782,-19.595085
231,-3.9815611839294434,15.831918716430664,93.2718505859375,-0.7032982280353395,5.506491503577801,-51.19225611668832,-2.880564,12.466425,-1.2602174,20.077524,25.973495,-15.000033,-21.31789,-13.48849,-7.425455,25.972572,29.621214,10.98189,-9.872615,0.68373245,11.4271965,-98.18857,57.342945,-57.427128,-7.296351,27.462471,-7.043712,19.56478,-106.52989,-55.43489,44.560833,10.30961,-28.29287,2.9015572,-20.305325
232,-4.089761257171631,15.989648818969727,94.61222839355469,-0.8573651497099251,5.79085123925135,-51.09388885621379,-4.3290195,12.188318,-2.3142211,22.24787,24.444407,-15.000033,-22.851725,-13.05444,-5.817895,28.40667,27.92269,11.014149,-9.887423,0.9979041,11.905448,-95.8372,56.260284,-54.82674,-7.9580965,27.011541,-7.395232,20.158667,-102.33195,-54.943657,40.66079,8.034562,-28.913555,2.7484906,-21.351881
233,-4.283893585205078,16.228391647338867,95.9150390625,-1.1123915410542606,5.683857093423374,-51.33418918023158,-5.747867,12.431152,-2.3684814,25.622768,23.124718,-15.000033,-24.414625,-12.8209715,-5.098698,31.660158,27.06561,10.912396,-9.575398,1.2542565,13.036288,-93.65324,55.248768,-52.656166,-8.560358,25.574446,-7.9621987,21.055412,-97.96258,-54.417965,36.73626,6.2712836,-29.529707,2.3917217,-23.150278
234,-4.509366035461426,16.517648696899414,97.15655517578125,-1.4846194454047894,5.3074463780085965,-51.84886530459592,-7.184314,13.125103,-1.8373415,30.010344,21.58613,-15.000033,-26.124264,-12.755059,-4.9835715,35.773674,26.373299,10.56732,-9.00465,1.542674,14.67962,-91.51552,54.327385,-50.70151,-9.136227,23.408781,-8.77947,22.239973,-93.466446,-53.826794,32.765503,4.9103,-30.143518,1.8780569,-25.47611
235,-4.742656230926514,16.8197021484375,98.34696197509766,-1.9057138988072,4.762333796487503,-52.47436368500915,-8.634236,14.212166,-0.96829134,34.96357,19.774973,-15.000033,-27.926733,-12.820624,-5.093196,40.35855,25.474768,10.051215,-8.291586,1.8551706,16.667141,-89.64353,53.50635,-49.08062,-9.580113,21.342403,-9.586975,23.351599,-89.169266,-53.142784,28.961855,4.0421863,-30.692646,1.4933726,-27.600374
236,-4.961240291595459,17.142114639282227,99.50220489501953,-2.0339972149749195,4.18365280789054,-52.971429458900126,-10.106219,15.555031,0.8605271,39.986412,17.72127,-13.553858,-29.909859,-13.138364,-4.779702,45.165806,23.951418,9.6742115,-7.6333113,1.9043431,18.767223,-88.27777,52.779266,-47.929848,-9.761924,20.183357,-10.07318,24.06755,-85.451416,-52.349068,25.557652,3.8131454,-31.07614,1.5033132,-28.791199
237,-5.20912504196167,17.476821899414062,100.61300659179688,-2.108033636649679,3.487702266120836,-53.410988242846585,-11.560438,17.350723,3.1693058,45.444363,15.1596,-12.013317,-31.861929,-13.212367,-4.059703,50.008343,21.750795,9.435626,-6.952269,1.9065397,21.119356,-87.455,52.143684,-47.293556,-9.667681,20.202934,-10.090174,24.32504,-82.38467,-51.42416,22.526695,4.383679,-31.404821,2.1460252,-28.663727
238,-5.500877380371094,17.829809188842773,101.65449523925781,-2.1597918641376075,2.645956069142869,-53.86632761545456,-12.946818,19.61634,5.8437686,51.496708,12.119891,-10.53232,-33.819126,-13.121447,-3.186792,55.081623,19.06718,9.264359,-6.2309966,1.9006729,23.760317,-87.017296,51.60752,-47.072365,-9.317809,20.94928,-9.805098,24.2982,-79.84459,-50.37139,19.805931,5.7498536,-31.731981,3.2009056,-27.665657
239,-5.8218536376953125,18.18431854248047,102.59568786621094,-2.2099619203826997,1.829828662541684,-54.257268743341754,-14.449073,22.053669,8.280854,57.846664,8.786374,-9.045547,-35.889767,-13.054214,-2.4364054,60.23351,16.092129,9.176632,-5.6146026,1.9012083,26.442926,-86.925865,51.168743,-47.171276,-8.633342,22.13115,-9.358777,24.031197,-78.00966,-49.257027,17.628,7.8621535,-31.80186,4.24367,-26.323849
240,-6.144311428070068,18.535213470458984,103.44439697265625,-2.2839016971551795,1.2117708878768791,-54.500119440777176,-16.338354,24.332575,9.875342,64.19404,5.355024,-7.4957256,-38.192326,-13.255268,-2.0586934,65.31031,13.015123,9.160013,-5.206988,1.9367521,28.929323,-87.1454,50.807026,-47.45896,-7.562602,23.445938,-8.899682,23.56866,-76.83601,-48.14419,16.117804,10.493163,-31.412558,4.8867064,-25.186998
241,-6.4528727531433105,18.867116928100586,104.2006607055664,-2.384168488093977,1.2478290142483526,-54.56312032882621,-19.326832,26.328917,10.353814,70.648994,1.8127003,-5.776578,-41.238613,-13.849298,-2.1384711,70.31688,9.8580885,9.214216,-5.014581,2.0539057,29.793802,-86.62162,50.33778,-47.89355,-6.1292806,25.104832,-8.428461,22.892874,-75.62289,-46.89725,15.55197,13.994324,-30.060265,4.971099,-24.49986
242,-6.749579906463623,19.189985275268555,104.86890411376953,-2.5069796387710164,1.6485073438914182,-54.489106171020744,-23.062757,28.12837,10.025672,77.30297,-1.9195976,-3.98608,-44.726658,-14.740479,-2.522206,75.3304,6.5160766,9.312473,-4.9913363,2.1949735,29.793802,-85.93674,49.714314,-48.569016,-4.1958504,27.190176,-7.9044347,21.951828,-74.74845,-45.511402,15.750163,18.401682,-28.050398,4.7626653,-23.920803
243,-7.041698455810547,19.503650665283203,105.45296478271484,-2.607659900249141,2.1274761365930575,-54.31943311349367,-27.064861,29.666601,9.211642,83.914665,-5.671172,-2.3136864,-48.352062,-15.917106,-3.0155404,80.31093,3.1000528,9.380031,-5.106294,2.2679417,29.793802,-85.74819,49.01687,-49.503723,-1.7581915,29.227514,-7.458363,20.962013,-74.50229,-44.142918,16.46991,23.161158,-26.055769,4.449249,-23.292858
244,-7.3273210525512695,19.800235748291016,105.96025085449219,-2.622810814734548,2.662937248812589,-54.10320029455245,-31.140245,30.929459,8.291618,90.29088,-9.254416,-0.9003942,-52.147465,-17.35744,-3.3949232,85.216354,-0.2305257,9.34333,-5.293179,2.2472363,29.793802,-85.98951,48.299335,-50.65231,1.0275195,30.720749,-7.210089,20.23318,-74.655365,-42.904896,17.62074,27.781725,-24.657671,4.1809173,-22.531723
245,-7.611905574798584,20.099933624267578,106.4076156616211,-2.5151030212421035,3.265727968987369,-53.802996327889744,-35.269478,31.884363,7.3575845,96.4409,-12.658946,0.20979083,-56.140717,-19.21175,-3.691073,90.06099,-3.5206864,9.221501,-5.5537486,2.1240108,29.793802,-86.63537,47.586872,-51.985813,4.11265,31.416126,-7.231119,19.862787,-75.20824,-41.858166,19.22516,32.285038,-24.021856,3.9456058,-21.5112
246,-7.879767417907715,20.386560440063477,106.79534912109375,-2.323075457830622,3.9537893401297555,-53.40108642596639,-39.524334,32.543606,6.310173,102.490524,-15.985973,1.1184607,-60.32672,-21.446957,-3.9346352,94.86262,-6.8387613,9.02511,-5.8853784,1.94426,29.793802,-87.627556,46.888626,-53.457157,7.440713,31.606228,-7.415541,19.695868,-76.15485,-41.02047,21.274832,36.77624,-23.773153,3.676376,-20.30106
247,-8.131085395812988,20.64980125427246,107.12051391601562,-2.103190816996128,4.713363042576739,-52.97647793716231,-43.82427,33.019424,5.2584815,108.39086,-19.20252,1.9173222,-64.698074,-23.70662,-3.9076846,99.54641,-10.041619,8.712569,-6.219554,1.7792697,29.793802,-88.87152,46.227062,-55.00937,10.864324,31.606361,-7.6025825,19.664986,-77.362015,-40.409386,23.70778,40.98038,-23.691149,3.4185905,-19.121233
248,-8.355340003967285,20.899471282958984,107.38084411621094,-1.9148406234797852,5.532788773189452,-52.61363791762883,-48.11566,33.418373,4.2363997,114.07021,-22.254442,2.6422262,-69.26203,-25.598429,-3.4489112,104.02852,-12.970872,8.241799,-6.480735,1.7072656,29.793802,-90.29398,45.632862,-56.6055,14.244292,31.724308,-7.63537,19.708857,-78.72934,-40.045414,26.47562,44.638268,-23.563225,3.2198958,-18.190903
249,-8.56148910522461,21.107444763183594,107.57038879394531,-1.7297016243031889,6.451904741800936,-52.33877790619004,-52.357822,33.97967,3.4687731,119.58023,-25.2231,3.480411,-74.19481,-27.044424,-2.5243168,108.34167,-15.595766,7.3620334,-6.6399193,1.724428,29.793802,-92.01646,45.134872,-58.310646,17.606054,32.008457,-7.480794,19.928116,-80.40288,-39.956383,29.760368,47.69936,-23.365429,3.0987675,-17.496881
250,-8.747462272644043,21.26598358154297,107.68914031982422,-1.5394699472018827,7.472409579667416,-52.10400928207322,-56.568535,34.593044,2.8594942,124.95611,-28.137957,4.34336,-79.461235,-28.15328,-1.26229,112.51525,-17.99091,6.1881156,-6.709325,1.8366061,29.793802,-94.022354,44.729023,-60.109,20.925941,32.287174,-7.215263,20.317307,-82.43524,-40.116993,33.569035,50.27867,-23.186825,3.0096827,-16.933348
251,-8.907059669494629,21.388587951660156,107.73421478271484,-1.4326206751363937,8.524915206940156,-51.886761382985036,-60.799828,34.81731,2.043399,130.08865,-30.836206,4.8729672,-84.72581,-28.859802,0.15012902,116.46111,-20.147375,5.1894984,-6.6901064,2.1181543,29.793802,-96.06782,44.389175,-61.873608,24.05107,32.54641,-6.850659,20.657084,-84.60371,-40.45937,37.579433,52.407528,-23.007328,2.9077597,-16.591114
252,-9.040531158447266,21.48168182373047,107.72359466552734,-1.4905886640246542,9.536282907593273,-51.66491108920219,-65.10045,34.188816,0.76079816,134.85124,-33.117004,4.714582,-89.639046,-29.15686,1.5188019,120.09265,-22.0533,4.834105,-6.6093936,2.6158617,29.793802,-97.93154,44.08671,-63.501343,26.882553,32.78078,-6.401857,20.72792,-86.70174,-40.92172,41.473072,54.16423,-22.815643,2.7522674,-16.571226
253,-9.136919021606445,21.56391143798828,107.64897918701172,-1.7336599767376464,10.522268651345035,-51.387736392590774,-69.58988,32.165817,-1.0823566,139.33267,-34.88137,3.5472615,-94.27105,-28.910536,2.9409847,123.461266,-23.655272,5.4617987,-6.5483904,3.3531744,29.793802,-99.65244,43.80974,-64.94654,29.50094,33.182495,-5.7410374,20.366196,-88.80967,-41.497986,45.346714,55.58475,-22.580635,2.5113971,-17.06537
254,-9.202630043029785,21.62042236328125,107.5276870727539,-2.097170103464286,11.510084982555448,-51.07723592733652,-74.00726,29.095098,-2.9590101,143.58488,-36.342674,1.6463705,-98.725365,-28.193935,4.413305,126.61442,-25.006594,6.773557,-6.490907,4.272701,29.793802,-101.365715,43.558723,-66.300896,31.987371,33.701298,-4.9136457,19.716707,-91.07354,-42.18808,49.360767,56.679688,-22.331251,2.206732,-17.973705
255,-9.234874725341797,21.654178619384766,107.43238830566406,-2.547223415861535,12.431897088661572,-50.836195689351406,-77.98679,25.921469,-4.3774486,147.3909,-37.675617,-0.40835607,-102.719696,-27.377777,5.632836,129.43887,-26.230661,8.259054,-6.3231635,5.2939706,29.793802,-102.990036,43.328365,-67.674,34.262554,33.969284,-4.18716,19.034134,-93.34053,-42.951065,53.24704,57.503994,-22.178745,1.8871542,-18.969923
256,-9.277910232543945,21.652334213256836,107.32846069335938,-3.0807871945566965,13.211951660186447,-50.77823792325655,-81.41876,23.626978,-5.216419,150.5145,-38.87449,-2.03539,-105.99419,-26.87237,6.3223853,131.80554,-27.393707,9.380239,-5.924583,6.3512206,29.793802,-104.448135,43.10702,-69.19132,36.249706,33.6018,-3.8148415,18.585196,-95.43164,-43.73568,56.703762,58.128567,-22.240278,1.6091403,-19.735302
257,-9.332917213439941,21.643722534179688,107.18241882324219,-3.8188785603001363,13.789473462809022,-50.99815921475158,-84.60149,22.375237,-5.833035,153.02574,-39.640297,-3.4229648,-108.49336,-26.683298,6.385392,133.71933,-28.424618,10.288147,-5.1903443,7.526834,29.793802,-105.77652,42.88967,-70.97636,37.9477,32.203705,-3.9789696,18.45778,-97.34414,-44.526237,59.680107,58.560165,-22.599981,1.3728751,-20.1683
258,-9.366507530212402,21.655128479003906,107.02781677246094,-4.746325315913264,14.191979700227314,-51.43949728559131,-87.69031,21.699549,-6.4194946,155.0058,-39.933514,-4.765094,-110.36638,-26.669367,6.001649,135.23413,-29.277447,11.164144,-4.1988697,8.841264,29.793802,-107.026726,42.667667,-72.94803,39.4085,30.067717,-4.507066,18.490356,-99.16452,-45.328693,62.33076,58.82513,-23.192661,1.1574345,-20.456621
259,-9.374353408813477,21.656291961669922,106.88798522949219,-5.665117001598568,14.468917597227646,-51.99458999794646,-90.54692,21.580341,-6.923112,156.22282,-39.91405,-5.5995703,-111.66904,-27.010477,5.3368917,136.27483,-29.999176,11.516623,-3.0926213,10.1358,29.793802,-108.11839,42.41853,-74.9233,40.64306,27.843464,-5.1175213,18.588655,-100.8277,-46.124268,64.65663,59.035767,-23.90389,0.9896043,-20.717888
260,-9.35673713684082,21.643484115600586,106.80075073242188,-6.357322391948968,14.678728289732437,-52.547777425635466,-93.03089,21.986732,-7.3203917,156.43706,-39.707455,-5.511744,-112.465576,-27.860971,4.5780406,136.76952,-30.637962,10.868293,-2.0324833,11.196825,29.793802,-108.94854,42.120316,-76.74675,41.70135,26.183918,-5.523214,18.692476,-102.243416,-46.87307,66.63483,59.298176,-24.610577,0.89702344,-21.06856
261,-9.34760570526123,21.611677169799805,106.75112915039062,-6.777476216662504,14.787196793645313,-53.07639741973263,-95.15392,23.389584,-7.598596,155.50963,-39.47759,-3.844846,-112.67091,-29.574444,3.6286223,136.72438,-31.320015,8.648775,-1.046473,11.971714,29.793802,-109.46924,41.755592,-78.533104,42.675034,25.411158,-5.641603,18.91297,-103.388794,-47.52935,68.22813,59.729115,-25.478811,0.892525,-21.572004
262,-9.298515319824219,21.603591918945312,106.7123031616211,-6.9993383552569535,14.812346474793237,-53.59461445055598,-96.89297,25.708723,-7.588048,153.59259,-39.29332,-0.94389856,-112.28287,-31.933462,2.4310818,136.1934,-32.082092,5.301061,-0.12013505,12.515307,29.793802,-109.754364,41.327457,-80.35398,43.58093,25.131804,-5.6346297,19.250298,-104.30829,-48.07254,69.43391,60.293835,-26.505878,0.96370304,-22.155388
263,-9.232137680053711,21.603700637817383,106.69606018066406,-6.991071412501049,14.91073485506012,-54.033692919589036,-97.99325,28.067204,-7.0197344,150.8866,-39.087692,2.056772,-111.53271,-34.27944,1.1631078,135.13849,-32.790665,1.789525,0.63188165,12.7596855,29.793802,-109.85306,40.873043,-81.995804,44.3682,24.926136,-5.579839,19.495525,-104.999664,-48.504005,70.26117,60.855904,-27.324543,1.0924771,-22.729744
264,-9.145268440246582,21.602798461914062,106.70706176757812,-6.768533137311478,15.213861229887268,-54.36706311242572,-98.36247,29.517849,-5.990425,147.58865,-38.485577,3.9051578,-110.6942,-35.9465,0.14267941,133.49747,-33.143486,-0.8333173,1.1505013,12.688591,29.793802,-109.778435,40.457054,-83.21449,44.948315,24.377918,-5.5555744,19.439556,-105.458855,-48.845566,70.74639,61.282013,-27.56774,1.2490923,-23.209318
265,-9.052472114562988,21.57719612121582,106.7236099243164,-6.306778063811498,15.833251881471062,-54.588982606660494,-97.96663,29.683823,-4.6336417,143.5425,-37.34942,4.0748,-109.85151,-36.919262,-0.5382562,131.15646,-33.17115,-2.5485082,1.4069577,12.254639,29.793802,-109.58783,40.147217,-83.949234,45.24709,23.234917,-5.5489006,18.93007,-105.75561,-49.116386,70.92107,61.531647,-26.837471,1.4150811,-23.634836
266,-8.943111419677734,21.52435302734375,106.73552703857422,-5.6472677758980065,16.679909053505952,-54.72448734815279,-96.79372,29.092783,-2.9861412,138.71416,-35.95678,3.2615454,-108.80749,-37.519497,-1.100527,128.16908,-32.9888,-3.8233168,1.4561511,11.5342865,29.793802,-109.228386,39.9793,-84.28965,45.243942,21.771883,-5.506681,18.111845,-105.88088,-49.327766,70.78614,61.68959,-25.429592,1.5957416,-24.030525
267,-8.834893226623535,21.4424991607666,106.73067474365234,-4.920154994943689,17.5470752543571,-54.823435487204556,-95.01852,28.142193,-1.3101467,133.47556,-34.29834,2.0270243,-107.46536,-37.638504,-1.549084,124.708855,-32.290585,-4.3571258,1.4036876,10.712232,29.793802,-108.519875,39.956875,-84.19902,44.917717,20.367363,-5.453132,17.225767,-105.69632,-49.50116,70.36253,61.803734,-23.993977,1.8028148,-24.288713
268,-8.71455192565918,21.337738037109375,106.69829559326172,-4.238437639722402,18.231213665113902,-54.92973980705965,-92.81955,27.216825,0.22527611,128.17732,-32.29746,0.93401283,-105.77763,-37.175304,-1.8165867,120.94053,-30.74868,-3.86708,1.3436469,9.953007,29.793802,-107.27662,40.0586,-83.63382,44.265762,19.400269,-5.4365783,16.511744,-105.045616,-49.66089,69.64763,61.887848,-23.19325,2.0579305,-24.297766
269,-8.582072257995605,21.207719802856445,106.61782836914062,-3.561280868006217,18.70086976312085,-55.05713578139853,-90.182274,26.19857,1.5614239,122.79647,-29.71577,-0.011696926,-103.75136,-35.771423,-1.6038274,116.77473,-28.189661,-1.7937634,1.3011341,9.241074,29.793802,-105.38243,40.250328,-82.41919,43.15821,19.058504,-5.4734826,16.061905,-103.841194,-49.823532,68.59997,61.875984,-23.353373,2.365398,-24.022108
270,-8.429754257202148,21.03826141357422,106.49423217773438,-2.854343587352691,19.051837946643335,-55.19446839420317,-87.08835,24.920853,2.701373,117.17271,-26.648413,-1.0558424,-101.34383,-33.53878,-0.9230673,112.155,-24.940275,1.5423176,1.2486314,8.525721,29.793802,-102.94341,40.500267,-80.57352,41.58192,19.11179,-5.536113,15.749637,-102.16464,-49.995415,67.24952,61.726444,-24.050291,2.7142727,-23.515217
271,-8.243712425231934,20.827964782714844,106.32735443115234,-2.2294776357486303,19.276927439057555,-55.343413215293175,-83.692986,23.704292,3.6918058,111.427895,-23.43901,-2.0288289,-98.51707,-31.07111,-0.14795132,107.28419,-21.340532,5.12221,1.1864556,7.893235,29.793802,-100.09198,40.783573,-78.35701,39.7401,19.313341,-5.62311,15.483114,-100.05425,-50.17311,65.59433,61.4605,-24.892027,3.106327,-22.80153
272,-8.040252685546875,20.604066848754883,106.10639953613281,-1.7895034459077714,19.366739776832656,-55.50024195345982,-80.132095,22.86945,4.658343,105.67423,-20.397497,-2.7641492,-95.32884,-29.00288,0.30238622,102.34878,-17.55137,7.9239917,1.1068505,7.412822,29.793802,-96.952576,41.08993,-76.053246,37.867046,19.41273,-5.73599,15.168263,-97.51974,-50.343754,63.5769,61.10492,-25.524836,3.552653,-21.911783
273,-7.811167240142822,20.31891441345215,105.82665252685547,-1.574496923383885,19.31912503423738,-55.66172880931962,-76.3878,22.589815,5.727438,99.87864,-17.478914,-3.1008923,-91.82633,-27.425655,0.31787178,97.32876,-13.077638,9.562201,0.9957633,7.097415,29.793802,-93.42722,41.41047,-73.64201,35.967754,19.301037,-5.917973,14.838406,-94.52595,-50.485447,61.19249,60.62145,-25.82347,4.157713,-20.76002
274,-7.5597429275512695,19.992883682250977,105.47148895263672,-1.523419775213477,19.141068341981512,-55.83346002740427,-72.412125,22.640085,6.8837147,93.98981,-14.516474,-3.1889877,-88.02859,-26.00371,0.15592188,92.13959,-7.932191,10.66598,0.8633069,6.9156656,29.793802,-89.43954,41.720943,-70.98032,33.87273,19.127054,-6.1478753,14.533619,-90.98315,-50.561813,58.315105,59.943634,-26.101631,4.887422,-19.365408
275,-7.290383338928223,19.628507614135742,105.03306579589844,-1.5705332721649587,18.83023100312194,-56.01674703730067,-68.2825,22.740646,8.067332,88.07893,-11.612525,-3.3146982,-84.00205,-24.745314,-0.11920351,86.862595,-2.9173357,11.713155,0.7007869,6.790608,29.793802,-85.17138,42.00801,-68.24263,31.671385,19.023014,-6.3460402,14.165574,-87.062706,-50.5568,55.188313,59.120003,-26.206598,5.556986,-17.92302
276,-7.008678436279297,19.218975067138672,104.52141571044922,-1.648116494988671,18.38205495348366,-56.211507159219224,-64.08493,22.62831,9.092663,82.20153,-8.861297,-3.803765,-79.795494,-23.64936,-0.5136589,81.56371,1.1489601,13.097821,0.5109711,6.653671,29.793802,-80.823906,42.270206,-65.60093,29.479563,19.123043,-6.43823,13.636628,-82.89411,-50.46709,51.961987,58.21057,-26.06503,5.9851866,-16.631306
277,-6.716456413269043,18.785072326660156,103.93174743652344,-1.7482324437791334,17.73214845726295,-56.41983341516227,-59.740765,22.227226,9.834084,76.2376,-6.344133,-4.758598,-75.26499,-22.75238,-1.1416042,76.1167,3.8942962,15.000033,0.29559538,6.4752393,29.793802,-76.30008,42.497665,-63.05527,27.363094,19.426264,-6.431082,12.868711,-78.37084,-50.270687,48.607456,57.222626,-25.411974,6.0681386,-15.450942
278,-6.4517974853515625,18.323291778564453,103.26547241210938,-2.102283698653539,16.956629450691945,-56.80258418888064,-55.39699,21.946293,10.165139,70.23083,-3.9820368,-6.0683203,-70.38188,-22.517525,-3.1866813,70.38671,5.9515405,15.000033,0.23188686,6.4436164,29.793802,-71.60336,42.682407,-60.55177,25.252798,19.864532,-6.3680887,11.920365,-73.46212,-49.933468,44.96273,56.104145,-24.437738,5.9370093,-14.310618
279,-6.179616928100586,17.83675765991211,102.53160095214844,-2.5515083616093315,16.13603933966337,-57.23027918511646,-51.12644,21.75302,10.349843,64.35558,-1.6386664,-7.5254874,-65.46697,-22.128447,-5.3814487,64.620605,7.829803,15.000033,0.20614022,6.46658,29.793802,-66.95315,42.84087,-58.16116,23.130949,20.505661,-6.2393966,10.895864,-68.42455,-49.464516,41.240234,54.83146,-23.511797,5.750221,-13.357424
280,-5.896220684051514,17.31183433532715,101.71994018554688,-2.952764918762418,15.361199486997736,-57.58798120526647,-47.04986,21.577898,10.597369,58.77677,0.862001,-8.97071,-60.866413,-21.559488,-7.230334,59.116123,9.984364,15.000033,0.0951376,6.442436,29.793802,-62.595222,43.016235,-55.951546,20.99376,21.397177,-6.034101,9.893123,-63.56153,-48.92653,37.731106,53.403435,-22.938948,5.650942,-12.743774
281,-5.606248378753662,16.77678871154785,100.82284545898438,-3.3313164598603935,14.631247886344767,-57.89432760590145,-43.11643,21.416359,10.956044,53.326504,3.7257583,-10.577303,-56.551754,-20.867697,-8.770465,53.786762,12.593519,15.000033,-0.075477555,6.398341,29.793802,-58.523865,43.25191,-53.927837,18.834175,22.650246,-5.71031,8.80919,-58.698616,-48.35229,34.281967,51.724045,-22.947063,5.639202,-12.563533
282,-5.318367004394531,16.258167266845703,99.837646484375,-3.7067176112240663,13.907312590106129,-58.16764262911081,-39.28309,21.238491,11.304043,47.946125,6.8204894,-12.37367,-52.392944,-20.130453,-10.195689,48.528477,15.388781,15.000033,-0.2727797,6.3372316,29.793802,-54.60821,43.5685,-52.041275,16.630568,24.204472,-5.304172,7.6116776,-53.672607,-47.74477,30.778378,49.728115,-23.300598,5.6439247,-12.704708
283,-5.035436153411865,15.750903129577637,98.77025604248047,-4.009897282307358,13.24724094803467,-58.35723134049643,-35.75072,21.011795,11.552499,42.99216,9.833557,-14.022824,-48.570423,-19.433018,-11.402585,43.63559,18.132267,15.000033,-0.5294041,6.2086687,29.793802,-50.91699,43.984085,-50.24481,14.334862,25.856113,-4.9100037,6.5038934,-48.69635,-47.143097,27.336292,47.45564,-23.80129,5.6973143,-13.012707
284,-4.788054466247559,15.265266418457031,97.61338806152344,-4.176551653989131,12.708543120514703,-58.4164613856526,-32.72781,20.747505,11.72448,38.84502,12.467278,-15.000033,-45.26458,-18.878714,-12.302679,39.418896,20.590878,15.000033,-0.87219495,5.9769974,29.793802,-47.517242,44.515823,-48.48376,11.896136,27.399935,-4.6057425,5.695248,-43.970615,-46.613083,24.043863,44.96539,-24.276554,5.8288608,-13.331316
285,-4.558863639831543,14.810729026794434,96.3811264038086,-4.131467193966683,12.333344726111665,-58.29124944702676,-30.237246,20.428158,11.992085,35.440636,14.778741,-15.000033,-42.562664,-18.62628,-12.849582,35.967564,22.81089,15.000033,-1.3159591,5.5967293,29.793802,-44.425903,45.200943,-46.731358,9.268987,28.99706,-4.384788,5.321608,-39.358353,-46.229916,20.802269,42.15466,-24.761301,6.0553145,-13.692087
286,-4.363156795501709,14.377893447875977,95.07770538330078,-4.006811884185548,12.068032348338056,-58.07173227216994,-28.226038,20.072697,12.034382,32.677795,16.862951,-15.000033,-40.31521,-18.540558,-13.19712,33.122375,24.866468,15.000033,-1.7556896,5.186794,29.793802,-41.574696,46.065704,-45.011887,6.4445148,30.666847,-4.2023597,5.232277,-34.51909,-46.02877,17.4396,38.850594,-25.296896,6.358103,-14.128399
287,-4.196527481079102,13.971546173095703,93.71238708496094,-3.852726297609128,11.8969211502185,-57.810418495944134,-26.723095,19.711622,11.860163,30.717882,18.59726,-15.000033,-38.496758,-18.533218,-13.420026,30.903978,26.55976,15.000033,-2.1363463,4.8250647,29.793802,-38.952885,47.07532,-43.32655,3.4447215,32.016827,-4.0691886,5.2267494,-29.68956,-45.964695,13.982869,35.309593,-25.790033,6.7009788,-14.475974
288,-4.06284761428833,13.615073204040527,92.28398132324219,-3.6942288459890764,11.777117353956887,-57.54380676368948,-25.692717,19.35688,11.492694,29.680077,19.885801,-15.000033,-37.052425,-18.538042,-13.570481,29.330244,27.697079,15.000033,-2.507211,4.494258,29.793802,-36.562603,48.195736,-41.654186,0.41911256,32.651302,-4.0035853,5.1132407,-24.975994,-46.014957,10.505596,31.635122,-26.102367,7.0553675,-14.622705
289,-3.9717555046081543,13.30123233795166,90.79106140136719,-3.464178648173681,11.719408409098193,-57.23507255498783,-25.250357,18.915232,10.86393,29.722656,21.281013,-14.723876,-35.98692,-18.647057,-13.686209,28.380144,28.25664,15.000033,-2.8864496,4.1582737,29.793802,-34.426502,49.395676,-39.982567,-2.5465307,32.276134,-4.0552516,4.8719487,-20.754486,-46.142117,7.1028705,28.195326,-26.26835,7.428274,-14.495797
290,-3.9272897243499756,13.033330917358398,89.23218536376953,-3.164292811738036,11.785688905310682,-56.87669656794041,-25.364754,18.44154,10.153139,30.639572,22.706987,-13.964124,-35.361916,-18.880167,-13.732438,28.011526,28.36801,15.000033,-3.319448,3.7610648,29.463081,-32.471657,50.634872,-38.440884,-5.2788405,31.136057,-4.1908865,4.6199994,-16.763529,-46.3404,3.9121623,24.960907,-26.289537,7.831089,-14.207836
291,-3.9132676124572754,12.826855659484863,87.6048583984375,-2.8672726530349713,11.9241821158182,-56.51275486309464,-25.683023,18.073963,9.631848,32.002003,23.111961,-13.135443,-35.146614,-19.132935,-13.602694,28.29182,28.000711,15.000033,-3.740421,3.386618,28.92611,-30.853954,51.916252,-37.062042,-7.840815,29.705578,-4.316521,4.3307652,-13.163166,-46.625744,0.8681427,22.084826,-26.206161,8.232918,-13.8553095
292,-3.915088176727295,12.679397583007812,85.91580963134766,-2.6277538010442707,12.038816169616185,-56.17606534195092,-25.826694,17.957054,9.62111,33.444065,21.393705,-12.432192,-35.26714,-19.317886,-13.183141,29.309774,27.10714,15.000033,-4.124793,3.079785,28.489431,-29.801846,53.26406,-35.862564,-10.298257,28.47968,-4.3162856,4.0133986,-10.112089,-47.02517,-2.1142094,19.591108,-26.021334,8.6226425,-13.574586
293,-3.931253671646118,12.600628852844238,84.19705963134766,-2.478477866622582,12.104726105676571,-55.87541083234545,-25.631979,18.179352,10.370543,35.016254,16.456846,-11.856679,-35.83437,-19.284166,-12.179797,31.33123,26.032833,15.000033,-4.469775,2.8606055,28.14548,-29.392355,54.70553,-34.923737,-12.655942,27.632614,-4.150151,3.5686085,-7.5332737,-47.59439,-5.118633,17.448442,-25.640575,8.997029,-13.38433
294,-3.955148935317993,12.560754776000977,82.3794174194336,-2.3644777435297004,12.147668509516894,-55.58191260201793,-25.363134,18.59702,11.580957,36.990704,9.05907,-11.365851,-36.789185,-19.06025,-10.752379,34.152996,24.751972,15.000033,-4.7780485,2.6860218,27.892088,-29.622078,56.262585,-34.257236,-14.911391,26.90322,-3.872645,3.034207,-5.307813,-48.379166,-8.245707,15.553851,-25.099257,9.370895,-13.225844
295,-4.003918647766113,12.544713973999023,80.47039031982422,-2.2084570565052846,12.220621316768568,-55.275410330191384,-25.375578,19.040289,12.779871,39.359905,0.89424527,-11.043244,-37.91268,-18.894796,-9.451864,37.232918,22.60804,15.000033,-5.059828,2.4761786,27.730711,-30.46463,57.92364,-33.84915,-17.035437,26.103802,-3.5362163,2.6241934,-3.4820497,-49.366436,-11.424993,13.924118,-24.578289,9.743791,-13.112969
296,-4.090040683746338,12.578797340393066,78.56517791748047,-1.939127635289201,12.365525662481064,-54.93729438802009,-25.95307,19.380846,13.553851,42.024345,-6.344294,-10.9276705,-39.023476,-19.165365,-8.800997,40.164696,18.810013,15.000033,-5.3389664,2.1381633,27.646006,-31.890213,59.657265,-33.688995,-18.964714,25.048937,-3.195612,2.549439,-2.1448774,-50.52245,-14.50441,12.615868,-24.27234,10.11706,-13.069031
297,-4.23171329498291,12.635226249694824,76.67334747314453,-1.477686104833577,12.522417766088386,-54.504605199815366,-27.066015,19.571041,13.876148,44.885605,-12.668097,-11.076445,-39.893093,-20.28458,-9.216121,42.90959,11.950618,15.000033,-5.650442,1.5571728,27.643728,-34.2094,61.48152,-34.016445,-20.583755,23.741434,-2.8512473,2.8753123,-1.3453135,-51.891224,-17.434258,11.717217,-24.32176,10.51402,-13.070756
298,-4.424468040466309,12.685420989990234,74.76791381835938,-0.9317768434939303,12.690424284042397,-54.02685766911973,-28.610405,19.780062,13.975951,48.052143,-18.892706,-11.435441,-40.672157,-22.04775,-10.41152,45.70949,2.7152221,15.000033,-5.9642897,0.83208066,27.717659,-37.45201,63.383907,-34.913506,-21.950537,22.259033,-2.4933968,3.5003676,-1.0509806,-53.512493,-20.235857,11.20576,-24.6057,10.925832,-13.125857
299,-4.701894283294678,12.814510345458984,72.95713806152344,-0.567859004302302,13.02913402226625,-53.703155415281635,-30.729607,20.280394,13.81312,51.643974,-24.536198,-11.901672,-41.79783,-23.827864,-11.898907,48.619984,-6.47968,14.445802,-6.1750746,0.23491685,27.79922,-41.121895,65.26433,-36.062798,-23.206991,20.53841,-2.1724029,4.3704214,-1.3110344,-55.338432,-22.785984,11.022564,-24.952309,11.309694,-13.310058
300,-4.996527194976807,13.04628849029541,71.29190063476562,-0.3913375824641977,13.62381156817963,-53.56591097418515,-33.377552,20.954391,13.403511,55.589314,-29.008335,-12.296795,-43.748573,-25.13182,-12.613859,51.815983,-13.289205,13.880811,-6.3421383,-0.17610651,27.864048,-44.64335,67.007195,-37.031586,-24.436386,18.541752,-1.9457756,5.403494,-2.2360253,-57.29451,-24.913757,11.126774,-25.219025,11.628384,-13.705062
301,-5.2472052574157715,13.312017440795898,69.8231201171875,-0.4318179369874508,14.651885319184276,-53.65904903656548,-36.7695,21.773474,12.671812,59.945377,-32.04528,-12.587,-46.92048,-25.81836,-12.35568,55.418167,-17.004313,13.256603,-6.458815,-0.33489555,27.80105,-47.91642,68.563576,-37.661644,-25.565878,16.051844,-1.8946455,6.7333775,-3.9463913,-59.380356,-26.586096,11.513848,-25.476759,11.909928,-14.410013
302,-5.4045209884643555,13.541647911071777,68.49031066894531,-0.6127323367210064,15.994003455041728,-53.913433109903934,-40.78679,22.636532,11.610872,64.62898,-33.97964,-12.810942,-50.95951,-26.137352,-11.555434,59.32255,-18.95064,12.5799265,-6.5665636,-0.33085057,27.66562,-51.15837,69.94541,-38.10113,-26.531754,13.188866,-2.0224824,8.31016,-6.4201636,-61.62899,-27.800476,12.179938,-25.77914,12.170006,-15.365086
303,-5.553467273712158,13.703055381774902,67.25312805175781,-0.873481191539725,17.320097717230812,-54.256266607364715,-44.948643,23.45305,10.300457,69.42894,-35.111523,-12.944234,-55.169983,-26.199755,-10.491726,63.256783,-19.881771,11.982789,-6.708185,-0.25436777,27.656616,-54.28988,71.14156,-38.373997,-27.393015,10.412056,-2.2251203,9.783113,-9.588275,-63.999893,-28.41421,13.094035,-25.966911,12.347073,-16.410227
304,-5.714905261993408,13.833087921142578,66.09841918945312,-1.145391056896013,18.3035510992587,-54.60853287042773,-48.775948,24.162416,8.845963,74.14071,-35.728558,-13.0088625,-58.881744,-26.153996,-9.399115,66.96534,-20.538092,11.626782,-6.914125,-0.19955803,27.978695,-57.2273,72.139435,-38.48953,-28.222723,8.1814785,-2.3447235,10.807198,-13.387425,-66.422165,-28.280266,14.195048,-25.90178,12.374815,-17.382738
305,-5.876049995422363,14.002102851867676,65.01528930664062,-1.4451524902878752,18.820134442036792,-54.97847027208492,-52.249058,24.789255,7.1952796,78.92466,-35.577076,-12.991433,-61.98957,-25.972511,-8.23524,70.47786,-20.790922,11.6527815,-7.146898,-0.16774175,28.77819,-60.06565,72.92652,-38.41728,-28.998245,6.600758,-2.2570343,11.186752,-17.991924,-68.838196,-27.34756,15.463283,-25.504671,12.199901,-18.19746
306,-6.045308589935303,14.209020614624023,64.01275634765625,-1.7876731325518684,19.096739337058356,-55.395563666071524,-55.622154,25.312927,5.351722,83.80383,-34.590363,-12.93318,-64.86579,-25.602362,-6.940679,73.898094,-20.334335,11.951167,-7.3663774,-0.09940728,29.793802,-62.749943,73.47542,-38.165737,-29.677887,5.4198847,-2.0320163,11.160194,-23.471369,-71.19779,-25.513008,16.886814,-24.86751,11.857265,-18.946909
307,-6.175288677215576,14.414133071899414,63.089359283447266,-2.0668378165399623,19.556283876600858,-55.815644869529265,-59.049763,25.63037,3.5695636,88.33476,-33.293488,-12.93418,-67.84589,-25.189083,-5.637463,77.0439,-19.590528,12.311214,-7.6304865,-0.0264864,29.793802,-64.63796,73.60979,-38.057907,-30.17138,4.546534,-1.8224916,11.079246,-29.739937,-73.34191,-21.83517,18.655657,-24.130775,11.415425,-19.793936
308,-6.28287935256958,14.60110855102539,62.22068786621094,-2.2528555737458738,19.99744507524803,-56.17740965883009,-62.026154,25.738176,1.9913824,92.16734,-32.364147,-13.118713,-70.5432,-24.881142,-4.5126524,79.82326,-19.134611,12.558816,-7.892651,0.06202281,29.793802,-66.282524,73.366714,-37.980316,-30.539988,3.9603586,-1.6897968,11.170764,-36.56412,-75.21417,-17.084433,20.435486,-23.382711,10.9587345,-20.809992
309,-6.382172584533691,14.768436431884766,61.402488708496094,-2.278386302808757,20.43414923902887,-56.42616025384569,-64.493515,25.548597,0.6405955,95.15042,-31.830336,-13.552919,-72.96246,-24.782806,-3.5538235,82.17147,-19.029594,12.664015,-8.136165,0.109669715,29.793802,-67.76465,72.76531,-37.998802,-30.821363,3.741909,-1.6885095,11.5108185,-43.38229,-76.74598,-11.7426405,21.963737,-22.621523,10.497613,-22.065733
310,-6.469710826873779,14.910300254821777,60.62556076049805,-2.192340245770971,20.825373268247628,-56.60032397921104,-66.559,25.141354,-0.5410433,97.531136,-31.414295,-14.153378,-75.13971,-24.801218,-2.6798928,84.168495,-19.025845,12.736932,-8.291476,0.13781528,29.793802,-69.44485,71.83832,-38.240498,-30.887125,3.6819952,-1.7512283,11.913838,-49.91795,-77.88642,-6.182865,23.167727,-21.82596,9.993041,-23.469442
311,-6.5444560050964355,15.030722618103027,59.874385833740234,-2.103760010496175,21.205166837112525,-56.7902263419233,-68.3115,24.768597,-1.5378447,99.51197,-31.2644,-14.782393,-77.10851,-24.811016,-1.9337355,85.887886,-19.147667,12.773656,-8.364633,0.123567,29.793802,-70.323654,70.48715,-38.29683,-31.019194,4.1860175,-1.7797129,12.396991,-55.945824,-78.53415,-0.77173513,24.036793,-21.058014,9.432099,-24.832657
312,-6.592059135437012,15.138420104980469,59.15082550048828,-2.098560566529168,21.582829645307495,-57.057824857962856,-69.82027,24.682737,-2.231296,101.28347,-31.522917,-15.000033,-78.880424,-24.72496,-1.3368329,87.41231,-19.42633,12.777498,-8.257203,0.21391012,29.793802,-71.25113,68.83782,-38.401054,-30.941687,4.36021,-1.7324098,12.735387,-61.232315,-78.7557,4.1569533,24.652943,-20.454727,8.820729,-25.979061
313,-6.633985996246338,15.221396446228027,58.44129943847656,-2.25752496432208,21.946221643751215,-57.483726684258265,-71.03665,25.017994,-2.6904435,102.81262,-32.352936,-15.000033,-80.37635,-24.482466,-0.99177957,88.700676,-19.93771,12.697472,-7.9408927,0.39590824,29.793802,-71.819496,66.905945,-38.45899,-30.789572,4.319216,-1.5518239,13.025073,-65.57177,-78.58096,8.495039,24.991308,-20.028101,8.166925,-27.004272
314,-6.6651611328125,15.276577949523926,57.778865814208984,-2.554173580251926,22.274302398846977,-58.03949863623204,-71.96094,25.649214,-3.040111,104.03919,-33.639984,-15.000033,-81.58132,-24.137957,-0.89567244,89.730934,-20.647,12.53151,-7.4642744,0.6311793,29.793802,-72.06039,64.71964,-38.526123,-30.567513,4.2115555,-1.2861096,13.284754,-69.01523,-78.06973,12.298,25.097475,-19.759378,7.4727616,-27.957294
315,-6.675261974334717,15.319840431213379,57.14836883544922,-2.898940037918441,22.600494694786075,-58.62312692773796,-72.763,26.38906,-3.3203151,105.0924,-35.097824,-15.000033,-82.650536,-23.771626,-0.89903355,90.61322,-21.415009,12.350071,-6.935021,0.8918777,29.793802,-72.17804,62.340965,-38.645954,-30.260618,4.104336,-1.0154942,13.414072,-71.84225,-77.29902,15.57617,25.148165,-19.618279,6.7166553,-28.571775
316,-6.67324161529541,15.366658210754395,56.5378303527832,-3.200847390613053,22.965219946799486,-59.13203124364226,-73.60914,27.049408,-3.5610838,106.10657,-36.44383,-15.000033,-83.74252,-23.45752,-0.85289913,91.45655,-22.102163,12.223652,-6.452519,1.1510422,29.793802,-72.327034,59.846188,-38.807247,-29.887014,4.070575,-0.8195201,13.32166,-74.293465,-76.34002,18.305292,25.281752,-19.555866,5.874087,-28.575785
317,-6.639894962310791,15.424257278442383,55.94566345214844,-3.4460521768971955,23.41767428761511,-59.546584014671254,-74.544334,27.62004,-3.7300959,107.07122,-37.677105,-15.000033,-84.90585,-23.202606,-0.7229674,92.244865,-22.695778,12.194739,-6.0464,1.4285418,29.793802,-72.437515,57.283558,-38.895515,-29.535902,4.0276766,-0.7359075,12.930726,-76.42622,-75.22529,20.426994,25.484522,-19.583958,4.8732796,-27.651907
318,-6.608034610748291,15.460652351379395,55.3954963684082,-3.676530664000677,23.928650000304895,-59.91975201635823,-75.47801,28.189522,-3.8205712,107.92882,-38.924843,-15.000033,-86.061646,-22.974031,-0.57392544,92.93634,-23.262028,12.223449,-5.674255,1.7248013,29.793802,-72.39301,54.679657,-38.90604,-29.259497,3.9641638,-0.71673626,12.3214655,-78.14599,-73.97657,22.012901,25.683306,-19.67206,3.7425861,-26.022577
319,-6.584482669830322,15.485228538513184,54.88606643676758,-3.885508810069805,24.424844290806003,-60.25734640439098,-76.375565,28.71646,-3.8987226,108.73979,-40.091152,-15.000033,-87.17588,-22.779644,-0.42543578,93.599075,-23.779398,12.240797,-5.322078,1.9920679,29.793802,-72.29179,52.072647,-38.96518,-28.987206,4.0354624,-0.71681273,11.640031,-79.48451,-72.634796,23.248543,25.931322,-19.707727,2.6131866,-24.22082
320,-6.561482906341553,15.514545440673828,54.40461730957031,-4.0671701764058215,24.834438631566965,-60.564503061010626,-77.20801,29.158287,-4.034205,109.56864,-41.07953,-15.000033,-88.214,-22.628157,-0.29412332,94.29913,-24.225248,12.183641,-4.9704986,2.1977754,29.793802,-72.20191,49.49736,-39.168316,-28.657824,4.397836,-0.69462,11.036806,-80.4968,-71.242714,24.33778,26.302101,-19.596869,1.6254884,-22.774277
321,-6.540615081787109,15.538817405700684,53.9562873840332,-4.2157968038654445,25.137535093539388,-60.84864133217114,-77.97039,29.504623,-4.246255,110.44197,-41.845642,-15.000033,-89.17389,-22.52973,-0.19304869,95.05949,-24.58852,12.001123,-4.609369,2.3364122,29.793802,-72.08916,46.97275,-39.51258,-28.314686,5.2214184,-0.6488891,10.530198,-81.21849,-69.811935,25.36978,26.843056,-19.234352,0.7890874,-21.743319
322,-6.525327205657959,15.556594848632812,53.52471923828125,-4.334972888566409,25.376296213580794,-61.103898119993914,-78.68104,29.77866,-4.496206,111.322334,-42.445522,-15.000033,-90.07451,-22.47665,-0.11022965,95.841125,-24.882385,11.735579,-4.2547626,2.438969,29.793802,-71.886024,44.50508,-39.917652,-28.008808,6.371516,-0.60654444,10.052727,-81.701195,-68.33871,26.312546,27.522713,-18.69183,0.0470627,-20.866365
323,-6.512493133544922,15.57189655303955,53.11650466918945,-4.433550546544859,25.572520107007016,-61.315489309137995,-79.34778,29.987059,-4.768236,112.17696,-42.934452,-15.000033,-90.91423,-22.455492,-0.024627095,96.61835,-25.11973,11.464672,-3.9228883,2.535067,29.793802,-71.60881,42.10356,-40.347504,-27.688053,7.542248,-0.565691,9.62494,-82.01427,-66.84356,27.171679,28.298927,-18.15808,-0.56245726,-20.188334
324,-6.506345272064209,15.577522277832031,52.73246765136719,-4.520514516122245,25.747703827753302,-61.4689115402668,-79.97794,30.136162,-5.046208,112.97192,-43.36493,-15.000033,-91.69113,-22.448492,0.083842754,97.36467,-25.312105,11.26775,-3.6218545,2.6605365,29.793802,-71.26494,39.776913,-40.764847,-27.319035,8.431797,-0.5179137,9.269015,-82.22722,-65.36305,27.954826,29.129078,-17.816088,-1.0070925,-19.758999
325,-6.505062580108643,15.583491325378418,52.37704086303711,-4.598622980258832,25.90271683449243,-61.54852387980733,-80.59755,30.204847,-5.3523283,113.71827,-43.713135,-15.000033,-92.42351,-22.45855,0.22936536,98.10055,-25.41686,11.173311,-3.3555326,2.8335514,29.793802,-70.867096,37.524097,-41.188587,-26.888428,8.912803,-0.43993616,9.009175,-82.35132,-63.92645,28.705774,30.010965,-17.740595,-1.2260605,-19.7006
326,-6.501755237579346,15.589825630187988,52.05810546875,-4.66267083809522,26.02931346048721,-61.56546883002319,-81.1957,30.197323,-5.684459,114.427734,-43.959633,-15.000033,-93.10888,-22.492777,0.39882848,98.83097,-25.442207,11.13609,-3.1059792,3.0457551,29.793802,-70.39621,35.342796,-41.629707,-26.442766,9.161723,-0.33760697,8.83009,-82.3568,-62.542988,29.415144,30.948938,-17.820265,-1.2582129,-19.95215
327,-6.503298759460449,15.587605476379395,51.77553176879883,-4.708653399139812,26.137466105033578,-61.54580681631741,-81.72662,30.157555,-5.989119,115.06558,-44.173275,-15.000033,-93.71644,-22.54142,0.57173586,99.504776,-25.473564,11.126202,-2.8613708,3.2850144,29.793802,-69.86998,33.23509,-42.04845,-25.979115,9.312265,-0.24558301,8.696474,-82.24706,-61.217438,30.004322,31.89234,-17.954145,-1.2213178,-20.28809
328,-6.497713088989258,15.575328826904297,51.52372741699219,-4.732287970543569,26.236789573599395,-61.515419954895634,-82.14572,30.13006,-6.2140784,115.59134,-44.418747,-15.000033,-94.21484,-22.59604,0.7278233,100.07079,-25.596546,11.114443,-2.6091664,3.5342226,29.793802,-69.30259,31.21038,-42.40529,-25.508324,9.498,-0.1995382,8.57314,-82.012856,-59.953705,30.381056,32.78287,-18.048126,-1.2346452,-20.481995
329,-6.487941741943359,15.552976608276367,51.30976867675781,-4.728928175734316,26.334112481659172,-61.472896972841355,-82.433174,30.126198,-6.3352,115.98352,-44.734245,-15.000033,-94.59115,-22.653116,0.871779,100.50715,-25.850973,11.110126,-2.3556614,3.7898438,29.793802,-68.67304,29.27199,-42.691673,-25.026289,9.754762,-0.20640212,8.487798,-81.64448,-58.756405,30.506317,33.592525,-18.100252,-1.32519,-20.460426
330,-6.473236560821533,15.521462440490723,51.13130187988281,-4.701338269518093,26.42344457319495,-61.40680922239483,-82.61617,30.122793,-6.3834248,116.2648,-45.076046,-15.000033,-94.86483,-22.717596,1.012032,100.843124,-26.184322,11.124856,-2.1017804,4.0544844,29.793802,-67.98797,27.421637,-42.939735,-24.538986,10.009925,-0.24696045,8.449557,-81.137436,-57.631023,30.420937,34.33202,-18.158499,-1.4313635,-20.34714
331,-6.463156700134277,15.47868537902832,50.97940444946289,-4.655295218181009,26.496472253380134,-61.32849237611576,-82.72238,30.112831,-6.388873,116.46991,-45.389824,-15.000033,-95.057755,-22.793861,1.1347984,101.10767,-26.544884,11.132305,-1.838396,4.314764,29.793802,-67.30796,25.66888,-43.163036,-24.052153,10.236395,-0.3186266,8.39672,-80.50593,-56.581566,30.170713,35.00146,-18.187485,-1.5401583,-20.212214
332,-6.455446720123291,15.433101654052734,50.86260986328125,-4.5970366199823856,26.545333933912755,-61.24905659948245,-82.78052,30.0891,-6.3826084,116.63505,-45.621407,-15.000033,-95.191635,-22.884197,1.2257252,101.3276,-26.880402,11.106046,-1.5537816,4.5618186,29.793802,-66.68652,24.028498,-43.367996,-23.58801,10.4042845,-0.41913348,8.268765,-79.745735,-55.604805,29.778883,35.59468,-18.17345,-1.638401,-20.124743
333,-6.445802211761475,15.387910842895508,50.78096389770508,-4.5245647647313065,26.56844053445381,-61.1771680774128,-82.78856,30.05578,-6.362468,116.76657,-45.761486,-15.000033,-95.25753,-22.994991,1.2693957,101.49231,-27.215425,11.027124,-1.2452346,4.7837977,29.793802,-66.10929,22.512524,-43.53243,-23.15584,10.519878,-0.5588575,8.02188,-78.85306,-54.69496,29.235739,36.108135,-18.047033,-1.7305689,-20.07011
334,-6.441762447357178,15.338212013244629,50.728511810302734,-4.435367882536148,26.570402434834406,-61.10529426507801,-82.73477,30.014746,-6.314493,116.8471,-45.837193,-15.000033,-95.24999,-23.121744,1.2777926,101.59411,-27.565369,10.914113,-0.92133945,4.986983,29.793802,-65.547935,21.126474,-43.65306,-22.764862,10.5904455,-0.73469114,7.7003207,-77.82899,-53.844723,28.530293,36.53541,-17.848736,-1.8207458,-20.02185
335,-6.440503120422363,15.289029121398926,50.71141815185547,-4.334560242697365,26.552235188755372,-61.020412154007175,-82.63226,29.955288,-6.25156,116.871254,-45.84889,-15.000033,-95.19446,-23.253939,1.2792758,101.66307,-27.862947,10.797767,-0.5994827,5.1765933,29.793802,-65.03625,19.87938,-43.760815,-22.407429,10.589499,-0.9233173,7.3730345,-76.72101,-53.05688,27.738361,36.893044,-17.672655,-1.8958445,-20.034386
336,-6.442292213439941,15.2377347946167,50.72676086425781,-4.227377769582234,26.515163749266332,-60.909502947343725,-82.49344,29.866667,-6.1865454,116.83545,-45.799778,-15.000033,-95.11606,-23.378918,1.300709,101.72721,-28.040415,10.707114,-0.2936233,5.365185,29.793802,-64.603615,18.7813,-43.883183,-22.088812,10.488691,-1.1013849,7.108944,-75.57148,-52.33672,26.92979,37.197384,-17.623447,-1.9428077,-20.161547
337,-6.453573703765869,15.183446884155273,50.772178649902344,-4.109149420765221,26.44921676390248,-60.76512348089082,-82.318535,29.73519,-6.1280966,116.75157,-45.66822,-15.000033,-95.02456,-23.490429,1.3640784,101.81136,-28.059818,10.657561,-0.0061162696,5.554142,29.793802,-64.25489,17.84476,-44.029537,-21.822258,10.225959,-1.2685089,6.916819,-74.385506,-51.688667,26.125023,37.465836,-17.720255,-1.9531251,-20.441757
338,-6.462033748626709,15.130985260009766,50.853641510009766,-3.9793157991127086,26.357936777119857,-60.59593880391595,-82.10312,29.570503,-6.0678787,116.61576,-45.45964,-15.000033,-94.90647,-23.597218,1.4495134,101.89431,-27.963684,10.629477,0.27029145,5.741423,29.793802,-63.962677,17.075401,-44.180344,-21.624039,9.831183,-1.4339426,6.76419,-73.13852,-51.107674,25.283833,37.681072,-17.91309,-1.9343263,-20.837376
339,-6.474374294281006,15.077251434326172,50.96612548828125,-3.848839626030268,26.261455604927733,-60.412962318606354,-81.85113,29.395042,-5.9922023,116.406975,-45.219692,-15.000033,-94.75172,-23.706509,1.5232049,101.93955,-27.805048,10.602814,0.52928525,5.926349,29.793802,-63.71616,16.470613,-44.32019,-21.48413,9.416945,-1.5895052,6.656531,-71.851395,-50.591015,24.413792,37.82392,-18.166712,-1.8973458,-21.290655
340,-6.484289646148682,15.024919509887695,51.1131591796875,-3.7286050503584534,26.179836841206498,-60.226966268846084,-81.56564,29.231873,-5.886889,116.102295,-44.99201,-15.000033,-94.549355,-23.827261,1.5506775,101.90866,-27.637255,10.556655,0.763079,6.107414,29.793802,-63.50764,16.02182,-44.43209,-21.379946,9.098151,-1.728205,6.5987597,-70.56122,-50.140137,23.542828,37.88511,-18.434872,-1.8539572,-21.745031
341,-6.495624542236328,14.969183921813965,51.2906379699707,-3.6282525130222454,26.120079918410468,-60.03877649927924,-81.251854,29.088472,-5.7542405,115.690926,-44.79396,-15.000033,-94.30239,-23.961658,1.5184288,101.80335,-27.450958,10.480167,0.97720355,6.3011975,29.793802,-63.352028,15.7259445,-44.512756,-21.30003,8.941393,-1.8511624,6.6087418,-69.26149,-49.757965,22.66829,37.87097,-18.736286,-1.801756,-22.2373
342,-6.503619194030762,14.911677360534668,51.50084686279297,-3.539803742045712,26.070849262556322,-59.843171313369304,-80.90531,28.952505,-5.599014,115.18864,-44.601326,-15.000033,-94.01361,-24.104988,1.4452101,101.63926,-27.225504,10.386036,1.1743472,6.5028605,29.793802,-63.25165,15.582226,-44.571884,-21.25004,8.875661,-1.9623674,6.6778073,-67.93715,-49.44601,21.783695,37.7852,-19.07529,-1.7350097,-22.780113
343,-6.509575366973877,14.856834411621094,51.74193572998047,-3.4479651866873566,26.024966922336663,-59.642035854835235,-80.51881,28.81584,-5.4139996,114.60638,-44.396217,-15.000033,-93.672775,-24.253878,1.3444438,101.403114,-26.998236,10.289605,1.3521838,6.690601,29.793802,-63.18144,15.579416,-44.610012,-21.251862,8.806839,-2.0596259,6.771008,-66.58573,-49.195335,20.87488,37.605263,-19.420065,-1.6615937,-23.280466
344,-6.522838592529297,14.796506881713867,52.0098762512207,-3.337140888633108,25.974367067231636,-59.43730913145826,-80.08411,28.670786,-5.191792,113.9578,-44.16279,-15.000033,-93.27008,-24.404682,1.2296706,101.08206,-26.807148,10.205862,1.5031337,6.837529,29.793802,-63.121243,15.699761,-44.626137,-21.31154,8.64323,-2.1403863,6.8516517,-65.223,-48.99518,19.947838,37.322285,-19.725306,-1.591342,-23.647432
345,-6.533465385437012,14.73371696472168,52.30549621582031,-3.199332412056657,25.92157980113226,-59.22731341711272,-79.59109,28.512104,-4.9203267,113.23219,-43.90352,-15.000033,-92.79672,-24.554533,1.106361,100.66142,-26.67143,10.147099,1.6249574,6.9345546,29.793802,-63.07967,15.931994,-44.617626,-21.400879,8.344946,-2.1993809,6.908166,-63.845867,-48.839798,18.993967,36.93587,-19.984695,-1.5292506,-23.830017
346,-6.55211877822876,14.671146392822266,52.626548767089844,-3.0443664039794007,25.86823045494053,-59.01194430630323,-79.04631,28.344416,-4.6076555,112.42842,-43.62612,-15.000033,-92.258575,-24.705784,0.9659855,100.1511,-26.567995,10.103584,1.723867,6.9960575,29.793802,-63.074657,16.271322,-44.58662,-21.507786,7.968268,-2.2396853,6.9584627,-62.444134,-48.7288,18.009268,36.456646,-20.220963,-1.4708732,-23.887146
347,-6.56827974319458,14.61194133758545,52.969486236572266,-2.884787442633504,25.805595773627672,-58.795482472542,-78.464554,28.174747,-4.27645,111.57142,-43.31966,-15.000033,-91.66503,-24.861067,0.7990988,99.578964,-26.472755,10.056249,1.8046358,7.0323606,29.793802,-63.099483,16.70554,-44.54048,-21.656187,7.569093,-2.271847,7.0097613,-61.0359,-48.65726,17.012917,35.89836,-20.444262,-1.4122846,-23.89235
348,-6.583947658538818,14.550396919250488,53.33538818359375,-2.732557642556739,25.724304261704663,-58.58207977156042,-77.85963,28.009974,-3.9485753,110.68966,-42.975693,-15.000033,-91.02537,-25.021904,0.59731454,98.9728,-26.361004,9.986694,1.8697675,7.052453,29.793802,-63.15198,17.218723,-44.484253,-21.863838,7.2020483,-2.3064086,7.0675535,-59.64739,-48.61891,16.03186,35.283226,-20.661654,-1.3487623,-23.920832
349,-6.601412773132324,14.488360404968262,53.719459533691406,-2.589985207040617,25.61782652897081,-58.37225400358861,-77.23199,27.853706,-3.6280558,109.79053,-42.579937,-15.000033,-90.32693,-25.189657,0.3537065,98.33119,-26.237465,9.889551,1.9230124,7.0573525,29.793802,-63.253628,17.799232,-44.42505,-22.112906,6.8577147,-2.3512397,7.1342115,-58.27776,-48.611347,15.070975,34.62695,-20.877546,-1.2785797,-23.98367
350,-6.625833511352539,14.42466926574707,54.12135314941406,-2.4511793451242396,25.49168764607286,-58.16397617349597,-76.5743,27.70107,-3.3035927,108.85994,-42.14195,-15.000033,-89.56894,-25.360086,0.07422999,97.64374,-26.111944,9.776212,1.9625982,7.0417333,29.793802,-63.410755,18.44129,-44.36077,-22.37923,6.5168557,-2.3991947,7.203691,-56.917103,-48.636414,14.117294,33.922634,-21.08582,-1.2041336,-24.045439
351,-6.649932384490967,14.359819412231445,54.53448486328125,-2.3170995232898908,25.354855719866098,-57.9580048994951,-75.88905,27.547533,-2.9743872,107.89103,-41.686317,-15.000033,-88.773575,-25.53494,-0.23494339,96.91976,-25.968918,9.648368,1.9847542,7.0107427,29.793802,-63.592957,19.135223,-44.281277,-22.681772,6.2228894,-2.4385362,7.2699795,-55.58239,-48.68893,13.16462,33.16156,-21.295137,-1.1267095,-24.110542
352,-6.667283058166504,14.301666259765625,54.964168548583984,-2.1876863873775543,25.215704654575628,-57.75449485840969,-75.17816,27.388037,-2.6396892,106.87993,-41.237255,-15.000033,-87.96525,-25.71657,-0.5649996,96.17176,-25.793207,9.509258,1.9799879,6.964857,29.793802,-63.76958,19.86966,-44.17326,-23.033854,6.022224,-2.4570253,7.3265567,-54.300713,-48.76225,12.220237,32.340305,-21.505621,-1.0473177,-24.185417
353,-6.679636001586914,14.250317573547363,55.40792465209961,-2.058632666857403,25.073779888930478,-57.55618588997355,-74.4346,27.220999,-2.293292,105.82035,-40.798367,-15.000033,-87.155876,-25.90635,-0.9123876,95.40894,-25.569826,9.345211,1.9500742,6.8982096,29.793802,-63.959976,20.638885,-44.02862,-23.424492,5.9878874,-2.4431365,7.3697944,-53.076332,-48.852818,11.278596,31.472355,-21.735964,-0.97283566,-24.291637
354,-6.7049407958984375,14.192811965942383,55.85936737060547,-1.9318051226993247,24.924902008236284,-57.361938693881335,-73.66,27.049057,-1.938782,104.71915,-40.35613,-15.000033,-86.32832,-26.103287,-1.2843212,94.62273,-25.311338,9.158438,1.8977889,6.810919,29.793802,-64.17663,21.438995,-43.857265,-23.837246,6.0788417,-2.4057908,7.4024944,-51.901817,-48.961227,10.341061,30.561922,-21.982786,-0.90004545,-24.420124
355,-6.722240924835205,14.13089370727539,56.32353973388672,-1.8161788355211903,24.771356898635656,-57.16712175664569,-72.865395,26.872875,-1.5891125,103.58019,-39.91803,-15.000033,-85.465935,-26.301384,-1.6847908,93.80068,-25.042809,8.978312,1.8176407,6.715361,29.793802,-64.38373,22.262568,-43.66694,-24.27764,6.1619244,-2.363683,7.4263115,-50.77706,-49.087738,9.418621,29.590488,-22.21049,-0.8149618,-24.532495
356,-6.727748394012451,14.07749080657959,56.79441833496094,-1.721272921470877,24.615417605107236,-56.96685425800194,-72.06279,26.694115,-1.2579118,102.40749,-39.49284,-15.000033,-84.54966,-26.495804,-2.1207223,92.92902,-24.789963,8.831323,1.7047207,6.6261277,29.793802,-64.545494,23.099485,-43.46375,-24.74885,6.105305,-2.3360038,7.442909,-49.702103,-49.230732,8.521488,28.540686,-22.385206,-0.7040081,-24.590057
357,-6.735692024230957,14.017518043518066,57.27223205566406,-1.654881791756881,24.456895862149857,-56.759642770800106,-71.25224,26.513271,-0.9528474,101.19597,-39.085716,-15.000033,-83.57092,-26.686607,-2.5908346,92.00434,-24.547329,8.733067,1.5522562,6.5506716,29.793802,-64.6681,23.941547,-43.246807,-25.23693,5.842049,-2.3248286,7.4428773,-48.68262,-49.392357,7.654537,27.398273,-22.510305,-0.5426648,-24.574379
358,-6.730233669281006,13.96007251739502,57.76002502441406,-1.6109768590846856,24.29446234236558,-56.54801554618154,-70.428215,26.330116,-0.6667388,99.94455,-38.69126,-15.000033,-82.53851,-26.873205,-3.1001194,91.033936,-24.306307,8.659955,1.3666496,6.4815526,29.793802,-64.77243,24.785038,-43.01265,-25.732042,5.453396,-2.321051,7.4273505,-47.708363,-49.576,6.806554,26.17358,-22.59725,-0.3452431,-24.509014
359,-6.734196186065674,13.902764320373535,58.24402618408203,-1.5765767496275933,24.129280572466527,-56.332907220521875,-69.59195,26.145483,-0.38884324,98.66679,-38.30298,-15.000033,-81.46377,-27.052628,-3.6352463,90.01911,-24.082966,8.609219,1.1608443,6.410033,29.793802,-64.84077,25.623903,-42.764214,-26.25086,5.0375743,-2.3272758,7.415548,-46.777298,-49.778515,5.9737663,24.895657,-22.63604,-0.15607454,-24.418747
360,-6.737236022949219,13.852325439453125,58.727359771728516,-1.5388003498976934,23.962410461020916,-56.11494270826358,-68.74587,25.959614,-0.106819436,97.37506,-37.914436,-14.993818,-80.35844,-27.222792,-4.1820416,88.96063,-23.893024,8.578215,0.94587815,6.3262806,29.793802,-64.85428,26.4504,-42.503353,-26.807886,4.694406,-2.3463414,7.42649,-45.893955,-49.991787,5.156076,23.598652,-22.618313,-0.019422773,-24.329805
361,-6.738492965698242,13.794401168823242,59.21388244628906,-1.4897284179017394,23.798802133974064,-55.89039605955368,-67.89129,25.77064,0.19769834,96.06416,-37.521034,-14.93884,-79.22289,-27.38535,-4.7348366,87.84711,-23.748596,8.570622,0.71677405,6.217116,29.793802,-64.82872,27.259378,-42.23632,-27.385971,4.433801,-2.3903413,7.4769797,-45.062107,-50.213394,4.3531,22.27922,-22.539839,0.06166991,-24.259354
362,-6.740237236022949,13.723337173461914,59.701454162597656,-1.4387146250873217,23.63545748441126,-55.660678631186876,-67.02637,25.57888,0.5069954,94.73024,-37.127808,-14.873747,-78.04983,-27.540142,-5.3038487,86.6818,-23.639456,8.584364,0.47150996,6.091436,29.793802,-64.772644,28.04792,-41.960403,-27.97759,4.209095,-2.4541588,7.5519724,-44.276176,-50.444366,3.5598147,20.92451,-22.40854,0.108230375,-24.19143
363,-6.739430904388428,13.674421310424805,60.18339920043945,-1.3816510800731405,23.466003870255076,-55.42258444868893,-66.14647,25.375406,0.82262236,93.38316,-36.736412,-14.798355,-76.85393,-27.693333,-5.876882,85.48904,-23.544683,8.615258,0.21084173,5.956373,29.793802,-64.661934,28.812597,-41.664436,-28.593517,4.0380573,-2.5144088,7.6220875,-43.537415,-50.683323,2.778633,19.554394,-22.23077,0.11249292,-24.10238
364,-6.733222484588623,13.607893943786621,60.669349670410156,-1.310813268691221,23.284737257344446,-55.16999267914854,-65.24749,25.144321,1.1562922,92.03195,-36.347763,-14.702997,-75.65258,-27.855963,-6.438436,84.29363,-23.4433,8.659025,-0.06667047,5.8168263,29.793802,-64.473045,29.551914,-41.333736,-29.251875,3.9341257,-2.5472322,7.6572204,-42.84593,-50.92673,2.0096443,18.190037,-22.01267,0.067164615,-23.969456
365,-6.717030048370361,13.550583839416504,61.14765930175781,-1.2159036951830566,23.093382664671545,-54.885415389525406,-64.331535,24.870472,1.4956234,90.67251,-35.960182,-14.597705,-74.44407,-28.046345,-6.9840217,83.09311,-23.344423,8.722911,-0.38347596,5.667054,29.793802,-64.20398,30.265184,-40.958786,-29.955853,3.950891,-2.5355527,7.6471877,-42.209435,-51.174854,1.2560806,16.829475,-21.746923,-0.045436393,-23.786987
366,-6.70782470703125,13.502168655395508,61.617183685302734,-1.104352609373043,22.893336977162157,-54.57770300725216,-63.400852,24.56552,1.8375468,89.30214,-35.573685,-14.48352,-73.219864,-28.25441,-7.523471,81.87781,-23.254704,8.804709,-0.7322211,5.5076904,29.793802,-63.862976,30.95193,-40.545685,-30.698544,4.0642405,-2.4957037,7.6083,-41.629032,-51.4283,0.5176748,15.467613,-21.433271,-0.2152092,-23.567469
367,-6.687139511108398,13.442361831665039,62.08930587768555,-0.9945815836265572,22.678928411045064,-54.28060206086936,-62.450138,24.265413,2.1794713,87.9293,-35.19055,-14.369915,-71.98735,-28.448402,-8.060899,80.66026,-23.149498,8.887495,-1.0739641,5.346337,29.793802,-63.43938,31.610514,-40.10589,-31.474688,4.1772647,-2.4535913,7.5515294,-41.107147,-51.684494,-0.19863538,14.123811,-21.089561,-0.40823328,-23.314491
368,-6.667993068695068,13.383652687072754,62.55108642578125,-0.9039412384606458,22.443902525753717,-54.02777073053815,-61.472435,24.006214,2.5203612,86.563515,-34.81352,-14.266385,-70.754974,-28.596132,-8.598525,79.45331,-23.00396,8.954988,-1.3685646,5.188988,29.793802,-62.92795,32.240215,-39.651054,-32.27551,4.188594,-2.43484,7.487252,-40.645134,-51.939472,-0.8860081,12.817278,-20.7349,-0.5906964,-23.032522
369,-6.646167278289795,13.332998275756836,63.011295318603516,-0.8399615582536487,22.18693567302262,-53.83512388747626,-60.46402,23.80291,2.8614397,85.20725,-34.44279,-14.173006,-69.53109,-28.683876,-9.139319,78.263756,-22.801704,8.996061,-1.6075084,5.030844,29.793802,-62.31628,32.83827,-39.17436,-33.102276,4.0606236,-2.4397926,7.405416,-40.26243,-52.18799,-1.539164,11.546603,-20.37038,-0.7592298,-22.684296
370,-6.634503364562988,13.27635383605957,63.46544647216797,-0.7918597967839447,21.91057909133403,-53.682320360085825,-59.426918,23.633617,3.2046697,83.85529,-34.077087,-14.085158,-68.3107,-28.730253,-9.678176,77.08411,-22.558727,9.022061,-1.811935,4.866627,29.793802,-61.615223,33.405106,-38.67175,-33.954887,3.84677,-2.4564333,7.303971,-39.955208,-52.430634,-2.1600685,10.305902,-19.988869,-0.9289016,-22.280943
371,-6.615073204040527,13.223104476928711,63.9180793762207,-0.7494073201156728,21.617477860903943,-53.547939238010834,-58.366257,23.479176,3.5505009,82.506485,-33.716423,-14.005722,-67.08542,-28.750242,-10.204317,75.9034,-22.301691,9.050933,-1.9933321,4.702329,29.793802,-60.83238,33.940186,-38.16359,-34.82905,3.6070557,-2.4928594,7.2098894,-39.71125,-52.670326,-2.7362669,9.117573,-19.601934,-1.0951544,-21.899519
372,-6.595458984375,13.166647911071777,64.3609619140625,-0.7027038923631687,21.309434183581754,-53.41082199599568,-57.285786,23.320143,3.8989837,81.1577,-33.360302,-13.937892,-65.84649,-28.759539,-10.707019,74.714005,-22.052855,9.1002445,-2.1625426,4.543093,29.793802,-59.98147,34.44395,-37.670097,-35.71467,3.3969092,-2.557208,7.1485777,-39.50937,-52.913605,-3.2599123,7.9984236,-19.216997,-1.2544075,-21.617031
373,-6.570496559143066,13.109843254089355,64.7993392944336,-0.651817399972445,20.983692942650364,-53.27077129703297,-56.18042,23.156101,4.2512126,79.80715,-33.009228,-13.889704,-64.587685,-28.75503,-11.180098,73.50931,-21.818794,9.177885,-2.317751,4.389949,29.793802,-59.05843,34.91663,-37.202732,-36.618774,3.1834536,-2.662651,7.1512537,-39.34724,-53.166073,-3.725289,6.9451556,-18.845947,-1.3971738,-21.468246
374,-6.545210838317871,13.054760932922363,65.22746276855469,-0.6009400257155189,20.640525358427446,-53.1374269166274,-55.050255,22.994574,4.607185,78.45606,-32.66256,-13.857216,-63.316772,-28.731178,-11.628137,72.29628,-21.58577,9.273117,-2.456179,4.24021,29.793802,-58.054035,35.356262,-36.749924,-37.545334,2.95856,-2.8018436,7.196444,-39.23821,-53.42934,-4.133329,5.9515896,-18.47911,-1.529708,-21.407133
375,-6.514713287353516,13.006684303283691,65.64561462402344,-0.547033683824459,20.286413954470465,-53.00392111954511,-53.907494,22.82772,4.9642773,77.107414,-32.319317,-13.826063,-62.040455,-28.701714,-12.061726,71.080635,-21.353497,9.374454,-2.5792556,4.098895,29.793802,-56.99084,35.763336,-36.293434,-38.481464,2.7921104,-2.9518769,7.228704,-39.17844,-53.702023,-4.4970856,5.034505,-18.095549,-1.6727124,-21.390238
376,-6.481350421905518,12.955780029296875,66.05570983886719,-0.4869967144521134,19.928207080648093,-52.86384633328044,-52.763412,22.6481,5.3203955,75.76135,-31.980873,-13.782246,-60.767178,-28.679625,-12.491227,69.86981,-21.121557,9.471067,-2.6926956,3.9688482,29.793802,-55.877823,36.13639,-35.818783,-39.42045,2.7690508,-3.089526,7.194973,-39.166954,-53.97956,-4.8258586,4.209005,-17.67409,-1.8462135,-21.373476
377,-6.44615364074707,12.903727531433105,66.45845031738281,-0.4170363706842241,19.607733719110367,-52.71141339572528,-51.669502,22.447683,5.6731324,74.41771,-31.633562,-13.719641,-59.534992,-28.66982,-12.923766,68.64971,-20.8881,9.557103,-2.7961364,3.8426976,29.631855,-54.65622,36.453075,-35.34803,-40.317318,2.911522,-3.2205825,7.073845,-39.21329,-54.244583,-5.020143,3.5627618,-17.21671,-2.064318,-21.372961
378,-6.4058966636657715,12.85148811340332,66.85185241699219,-0.33949523079019667,19.311375119560395,-52.55170888306116,-50.606613,22.232044,6.0242395,73.07384,-31.28333,-13.64737,-58.33234,-28.664919,-13.352073,67.422905,-20.654396,9.639393,-2.890642,3.7176213,29.350868,-53.337837,36.707966,-34.89238,-41.178246,3.1872988,-3.3543649,6.8953032,-39.315063,-54.49782,-5.1017394,3.0616734,-16.735018,-2.3151405,-21.400698
379,-6.3660173416137695,12.801189422607422,67.23770141601562,-0.259118127756226,19.003989370914148,-52.39400711645544,-49.53132,22.01104,6.378229,71.73206,-30.939287,-13.568172,-57.134563,-28.65854,-13.765579,66.20944,-20.410475,9.725122,-2.9692688,3.6002605,29.077124,-52.010284,36.909626,-34.44776,-42.001984,3.5243104,-3.482513,6.693217,-39.476917,-54.74398,-5.133081,2.660945,-16.22725,-2.5821648,-21.426075
380,-6.320267200469971,12.753194808959961,67.61648559570312,-0.1794261333164414,18.683956877685134,-52.24740058729776,-48.436363,21.792519,6.7414126,70.3901,-30.606045,-13.483626,-55.95371,-28.645082,-14.154365,65.02433,-20.139423,9.815748,-3.0198176,3.4978747,28.81765,-50.690533,37.061317,-34.02801,-42.7811,3.8402357,-3.603914,6.5107822,-39.69069,-54.97631,-5.121232,2.368352,-15.691992,-2.8528922,-21.421719
381,-6.271329402923584,12.708355903625488,67.98857116699219,-0.09820879825268232,18.351523553847525,-52.114159102060185,-47.321327,21.57393,7.1151366,69.047775,-30.27929,-13.395547,-54.799515,-28.62495,-14.511499,63.875282,-19.83281,9.914852,-3.037294,3.4059768,28.571718,-49.385845,37.16643,-33.633568,-43.518032,4.150182,-3.7113748,6.3451824,-39.95738,-55.19166,-5.0719156,2.1786547,-15.096305,-3.1493495,-21.385466
382,-6.219672203063965,12.667003631591797,68.35145568847656,-0.014716523730237002,18.00759146591367,-51.989373898997385,-46.189423,21.35146,7.496344,67.70522,-29.958353,-13.303833,-53.662914,-28.601576,-14.8434725,62.751102,-19.49987,10.021119,-3.0287735,3.3210843,28.339457,-48.082245,37.226284,-33.265007,-44.222763,4.4924235,-3.8079264,6.179735,-40.275955,-55.389534,-4.986236,2.084765,-14.454105,-3.4695108,-21.327824
383,-6.163119792938232,12.630666732788086,68.70575714111328,0.06639001643304104,17.65049492898846,-51.871912749065,-45.037872,21.130114,7.885412,66.35909,-29.652128,-13.206793,-52.531,-28.573214,-15.158526,61.644634,-19.153446,10.1311455,-2.9962842,3.2481432,28.117743,-46.80065,37.245224,-32.92917,-44.86823,4.7803874,-3.9064014,6.0313206,-40.625412,-55.56802,-4.8637505,2.0916326,-13.830852,-3.7646785,-21.243374
384,-6.105704307556152,12.596336364746094,69.0549545288086,0.14054491999467936,17.27867060112424,-51.76043203089471,-43.864674,20.914343,8.282748,65.00659,-29.369392,-13.102759,-51.391003,-28.537836,-15.46456,60.54765,-18.805738,10.241476,-2.950625,3.1904051,27.909655,-45.524708,37.22363,-32.642445,-45.450336,4.9695115,-4.01797,5.920555,-40.99615,-55.721283,-4.697118,2.2037616,-13.293095,-3.9860585,-21.128183
385,-6.038346767425537,12.565779685974121,69.3928451538086,0.20760205440777937,16.885647112433137,-51.65637059158446,-42.659077,20.706808,8.696036,63.646526,-29.115494,-12.990558,-50.237797,-28.49321,-15.755746,59.460938,-18.457067,10.35214,-2.8825681,3.147621,27.716331,-44.28294,37.167187,-32.40262,-45.936195,4.967832,-4.1672807,5.8617697,-41.38677,-55.84707,-4.4820733,2.4254494,-12.857469,-4.1090455,-21.000599
386,-5.973542213439941,12.53978157043457,69.7189712524414,0.2697515889701643,16.474376415455268,-51.55973686735861,-41.426018,20.502556,9.122419,62.281105,-28.885313,-12.87281,-49.079205,-28.441805,-16.030035,58.388237,-18.102009,10.4651,-2.7945938,3.1160576,27.537254,-43.063103,37.07901,-32.20603,-46.346996,4.8350143,-4.3408766,5.8415704,-41.80285,-55.94419,-4.2218595,2.751477,-12.489104,-4.1635184,-20.85827
387,-5.904119491577148,12.506754875183105,70.0384521484375,0.3266415429020165,16.05735845651451,-51.46688531357183,-40.183083,20.29635,9.549096,60.90704,-28.66913,-12.753213,-47.921185,-28.3869,-16.300669,57.32335,-17.743015,10.579621,-2.7144737,3.0915341,27.37529,-41.77389,36.945892,-32.08196,-46.758644,4.783212,-4.4936843,5.8407164,-42.264168,-56.005013,-3.9097583,3.1790316,-12.185615,-4.182691,-20.665022
388,-5.82781457901001,12.4789457321167,70.35004425048828,0.37636441832963735,15.646547918041147,-51.37422506326523,-38.94848,20.085012,9.96149,59.52274,-28.458498,-12.634975,-46.768814,-28.331781,-16.582388,56.261944,-17.383291,10.694658,-2.6227133,3.0826845,27.200157,-40.542664,36.772686,-32.002457,-47.101303,4.785707,-4.585843,5.819151,-42.72497,-56.026985,-3.5805206,3.7156074,-11.952735,-4.200844,-20.386368
389,-5.746331214904785,12.451486587524414,70.6523208618164,0.4179888121237118,15.242257502064843,-51.27860279167215,-37.708366,19.870728,10.374851,58.100708,-28.269104,-12.5079,-45.615105,-28.277737,-16.88187,55.1975,-17.026096,10.814452,-2.4677646,3.105411,26.97487,-39.61187,36.59722,-31.894997,-47.218197,4.5518103,-4.5953736,5.751944,-43.11036,-56.018345,-3.2900944,4.3682985,-11.798455,-4.2114205,-19.97988
390,-5.659438133239746,12.42344856262207,70.94610595703125,0.45428765556881195,14.839914799623568,-51.182543374641305,-36.45906,19.652903,10.792094,56.64968,-28.099571,-12.374327,-44.461956,-28.223932,-17.188583,54.135433,-16.66943,10.938081,-2.3324225,3.1314862,26.770569,-38.55481,36.390594,-31.879288,-47.395725,4.50368,-4.5449715,5.695902,-43.519257,-55.965706,-2.9794433,5.1014376,-11.706681,-4.2006783,-19.47009
391,-5.573448181152344,12.397214889526367,71.23194122314453,0.48342911738388394,14.441482352374683,-51.09080880485702,-35.23355,19.42908,11.1749525,55.22474,-27.914879,-12.255712,-43.320534,-28.164892,-17.498056,53.083374,-16.30629,11.056228,-2.1851363,3.1648097,26.559872,-37.558403,36.15667,-31.900824,-47.504524,4.5097456,-4.4706254,5.629524,-43.910675,-55.87099,-2.6563578,5.924568,-11.688488,-4.1978374,-18.934076
392,-5.483776092529297,12.37661361694336,71.51229095458984,0.5049157674522391,14.04933475027279,-51.008098372764906,-34.065025,19.198162,11.48655,53.880424,-27.679934,-12.173009,-42.202957,-28.096577,-17.804771,52.049297,-15.930109,11.159407,-2.0282156,3.199084,26.345322,-36.630447,35.89999,-31.94381,-47.546345,4.617861,-4.407102,5.550259,-44.267113,-55.738274,-2.3214033,6.8205895,-11.740234,-4.2314687,-18.445246
393,-5.391847133636475,12.357165336608887,71.78369903564453,0.5138743188095907,13.662785748758521,-50.93780283607945,-32.963833,18.961508,11.697071,52.634495,-27.381582,-12.147405,-41.10722,-28.014057,-18.11192,51.031525,-15.538514,11.242672,-1.8552829,3.2392974,26.121496,-35.790565,35.628025,-31.986809,-47.498123,4.8510346,-4.3532476,5.4420104,-44.584846,-55.5706,-1.9732465,7.811097,-11.877393,-4.324682,-17.981733
394,-5.298111438751221,12.34179973602295,72.04730224609375,0.5132366499598632,13.281389334882126,-50.87648829330344,-31.910906,18.72288,11.833873,51.455902,-27.03901,-12.162314,-40.031612,-27.922508,-18.418913,50.031433,-15.135309,11.311379,-1.6971666,3.279496,25.913404,-34.86313,35.32265,-32.09139,-47.48297,5.357177,-4.2935495,5.326384,-44.91332,-55.35924,-1.5893236,8.891085,-12.091374,-4.4579062,-17.517132
395,-5.20374870300293,12.325213432312012,72.3018569946289,0.5103994639775614,12.90659143152512,-50.819080126786034,-30.8982,18.487284,11.942519,50.332336,-26.668417,-12.181806,-38.97881,-27.828022,-18.720783,49.048542,-14.723604,11.371731,-1.5091372,3.3252838,25.683044,-34.13976,35.011017,-32.174576,-47.317524,5.7308154,-4.24503,5.202989,-45.1752,-55.117825,-1.2108568,10.026222,-12.356859,-4.597098,-17.12392
396,-5.120319843292236,12.310800552368164,72.5523681640625,0.5154137914532992,12.540825108815785,-50.760811520059214,-29.916056,18.256132,12.071473,49.24656,-26.285467,-12.170144,-37.95727,-27.73986,-19.008833,48.08943,-14.308665,11.430137,-1.3239045,3.3582804,25.45925,-33.477615,34.69605,-32.28278,-47.135777,6.0285954,-4.220942,5.115568,-45.37583,-54.85394,-0.8401368,11.143879,-12.625544,-4.704626,-16.867683
397,-5.035711765289307,12.299407005310059,72.7968978881836,0.5320692195945463,12.18768777914714,-50.69483699630646,-28.981335,18.028929,12.229081,48.21988,-25.877321,-12.108382,-36.967743,-27.662508,-19.283274,47.149433,-13.886977,11.4861145,-1.1377622,3.3798206,25.243986,-32.892273,34.37956,-32.4177,-46.930737,6.216567,-4.233501,5.0772643,-45.515766,-54.56963,-0.4743345,12.258355,-12.952873,-4.752384,-16.809422
398,-4.950867176055908,12.285807609558105,73.03288269042969,0.5552018533110664,11.84516316474717,-50.625636014756246,-28.091978,17.805063,12.392703,47.251186,-25.44178,-12.018463,-36.00621,-27.591715,-19.547827,46.226757,-13.457127,11.537118,-0.9551353,3.3920221,25.038694,-32.342358,34.057877,-32.583183,-46.720325,6.3817096,-4.271472,5.074934,-45.60284,-54.26461,-0.108298115,13.382621,-13.33241,-4.7640276,-16.89775
399,-4.8743767738342285,12.274787902832031,73.26079559326172,0.5798529363736744,11.506490450844108,-50.56541524293739,-27.215317,17.586857,12.5613365,46.304073,-25.00824,-11.925434,-35.072662,-27.52253,-19.800709,45.333416,-13.027892,11.586326,-0.763192,3.4020696,24.836647,-31.874388,33.73906,-32.752014,-46.47792,6.4751678,-4.314906,5.087604,-45.63379,-53.94409,0.24117643,14.490964,-13.654295,-4.7809315,-17.033033
400,-4.793432235717773,12.260501861572266,73.48048400878906,0.6018785212057935,11.165263797128237,-50.526351178244624,-26.318,17.375908,12.734198,45.33989,-24.604893,-11.854461,-34.1653,-27.449667,-20.04011,44.47677,-12.605897,11.63681,-0.57437307,3.4077413,24.648806,-31.40406,33.4229,-32.938046,-46.27157,6.5873227,-4.34303,5.106958,-45.615868,-53.61351,0.56349325,15.536303,-13.794825,-4.8457737,-17.114239
401,-4.7091851234436035,12.248550415039062,73.69197845458984,0.6225966865042623,10.809992293499267,-50.51225940983397,-25.367641,17.167904,12.913943,44.326138,-24.235512,-11.816826,-33.270298,-27.368755,-20.25532,43.650093,-12.190391,11.689397,-0.37015593,3.414064,24.478865,-30.995626,33.119545,-33.119568,-46.06303,6.628625,-4.348653,5.133089,-45.527866,-53.278843,0.841418,16.52732,-13.670269,-4.988857,-17.124178
402,-4.624499320983887,12.237860679626465,73.89044952392578,0.6438818550787495,10.447536415010976,-50.516477157882726,-24.390287,16.96305,13.099808,43.291977,-23.886894,-11.797449,-32.39351,-27.284399,-20.45017,42.853214,-11.779056,11.742032,-0.15660809,3.4202962,24.333073,-30.607038,32.82827,-33.31449,-45.884964,6.6465077,-4.343207,5.1770186,-45.389164,-52.937202,1.0862687,17.480804,-13.3635,-5.181415,-17.110006
403,-4.544570446014404,12.22259521484375,74.08086395263672,0.6613344943631606,10.098267441922793,-50.535097842470265,-23.43642,16.769735,13.286032,42.2827,-23.556871,-11.781964,-31.558502,-27.204035,-20.648056,42.09851,-11.373949,11.793904,0.056739353,3.4266586,24.184557,-30.252996,32.551216,-33.505497,-45.72151,6.6536956,-4.335079,5.2202854,-45.20074,-52.592422,1.3059229,18.365643,-13.00009,-5.378007,-17.073792
404,-4.460424900054932,12.209636688232422,74.2602767944336,0.6700411270406916,9.782883948244455,-50.56437276725622,-22.557098,16.597532,13.467448,41.345737,-23.244778,-11.756338,-30.790176,-27.134424,-20.871675,41.399914,-10.977531,11.84461,0.26203725,3.43662,24.01014,-29.93929,32.291615,-33.676685,-45.568665,6.6699224,-4.3330574,5.245624,-44.970287,-52.24945,1.5084784,19.15504,-12.707565,-5.5333543,-17.018196
405,-4.379944801330566,12.202177047729492,74.42562103271484,0.6651820240917548,9.510890584705312,-50.608866043471046,-21.76636,16.45433,13.648203,40.490135,-22.9496,-11.713775,-30.10375,-27.063976,-21.10494,40.755615,-10.57467,11.893791,0.4601713,3.458425,23.805466,-29.639488,32.047596,-33.827133,-45.453846,6.730922,-4.3377986,5.248583,-44.72296,-51.906685,1.7073599,19.86327,-12.48926,-5.641465,-16.921103
406,-4.302935600280762,12.19607925415039,74.57839965820312,0.6506038096031267,9.269986287898101,-50.66850573014203,-21.036146,16.33374,13.83048,39.69102,-22.671728,-11.66294,-29.483322,-26.994095,-21.343258,40.15986,-10.168998,11.942411,0.653598,3.4880803,23.578863,-29.37059,31.821854,-33.952564,-45.361977,6.7974553,-4.345373,5.236124,-44.444798,-51.56563,1.8997924,20.496887,-12.283022,-5.724115,-16.79034
407,-4.229371070861816,12.193403244018555,74.71660614013672,0.6355055345554195,9.047749196904656,-50.732835429453544,-20.356699,16.224586,14.006798,38.951283,-22.415018,-11.613177,-28.906359,-26.950203,-21.62757,39.61889,-9.7902155,11.992097,0.84041214,3.5179477,23.34828,-29.133204,31.61607,-34.069492,-45.289192,6.8618565,-4.3572755,5.2188764,-44.161705,-51.22306,2.0828009,21.06615,-12.146077,-5.7790213,-16.66925
408,-4.164658069610596,12.186912536621094,74.83792877197266,0.6288021286147847,8.831686718412353,-50.79161992599753,-19.716274,16.114468,14.169336,38.269054,-22.180803,-11.573361,-28.347878,-26.956255,-22.000322,39.134903,-9.465501,12.044427,0.9969287,3.5238435,23.116743,-28.919006,31.434479,-34.18169,-45.215553,6.9150257,-4.374504,5.2044034,-43.803005,-50.8913,2.2363615,21.497587,-12.094815,-5.80315,-16.605707
409,-4.101634979248047,12.180194854736328,74.94790649414062,0.6317354585792523,8.621858029375797,-50.84471101822989,-19.115776,16.003128,14.316464,37.646175,-21.968906,-11.546558,-27.807114,-27.015814,-22.469828,38.713135,-9.199773,12.096006,1.143133,3.516076,22.895226,-28.744549,31.278835,-34.306442,-45.15545,6.951285,-4.4019427,5.2018914,-43.418907,-50.5667,2.3673918,21.84226,-12.191055,-5.8045325,-16.612762
410,-4.044320583343506,12.1762113571167,75.04109191894531,0.6399224343310975,8.423799184407283,-50.896662055298336,-18.558794,15.896257,14.45256,37.08017,-21.777086,-11.527431,-27.293068,-27.115492,-23.01657,38.347733,-8.976986,12.147737,1.2858001,3.5034463,22.68146,-28.608715,31.148624,-34.43738,-45.117058,6.9763126,-4.43741,5.205749,-43.042496,-50.242306,2.4862342,22.131142,-12.412223,-5.7821836,-16.663809
411,-3.995051622390747,12.166566848754883,75.12507629394531,0.6536529947235858,8.233469291952922,-50.944366186787484,-18.042812,15.793091,14.577512,36.574303,-21.61041,-11.512586,-26.800076,-27.254858,-23.63963,38.036964,-8.801042,12.208225,1.4104394,3.4818711,22.476027,-28.491074,31.04277,-34.5593,-45.094128,6.9953456,-4.472231,5.2052655,-42.657463,-49.91813,2.579089,22.33291,-12.689046,-5.721129,-16.740597
412,-3.9439103603363037,12.156238555908203,75.19526672363281,0.673272852304165,8.04663077467744,-50.9846937881268,-17.564661,15.692593,14.691048,36.13077,-21.473797,-11.498498,-26.322182,-27.433483,-24.337856,37.77797,-8.67476,12.28589,1.5048698,3.4483435,22.279602,-28.376371,30.960188,-34.657055,-45.07518,7.0098805,-4.4977484,5.189827,-42.22126,-49.59907,2.6174586,22.39565,-12.948161,-5.6060734,-16.823969
413,-3.9002532958984375,12.150599479675293,75.25322723388672,0.6983635239962604,7.861307176114727,-51.0091233223103,-17.125921,15.592484,14.785744,35.750263,-21.366678,-11.48249,-25.841509,-27.655441,-25.13709,37.55841,-8.601408,12.408479,1.5711666,3.409658,22.101282,-28.282452,30.89927,-34.736534,-45.06934,7.0106764,-4.510161,5.151893,-41.76215,-49.28234,2.5946405,22.34825,-13.2261505,-5.437032,-16.899302
414,-3.861171007156372,12.145591735839844,75.29856872558594,0.7287994907573822,7.679876821917337,-51.021969203133516,-16.72774,15.494602,14.864398,35.432365,-21.287594,-11.466844,-25.364517,-27.918404,-26.03109,37.385235,-8.578899,12.563171,1.6082134,3.3606968,21.933863,-28.20501,30.859493,-34.80214,-45.075523,7.005225,-4.5143604,5.098152,-41.243755,-48.970154,2.5104651,22.163887,-13.531729,-5.2199044,-16.98006
415,-3.824341297149658,12.139459609985352,75.33089447021484,0.7651916880268615,7.505542576685475,-51.039162181033774,-16.364122,15.403469,14.942226,35.17303,-21.236765,-11.455488,-24.918623,-28.21205,-26.972128,37.27676,-8.598221,12.697581,1.6486292,3.3107104,21.782816,-28.133495,30.837992,-34.864983,-45.08879,7.0093956,-4.5155506,5.0444045,-40.76355,-48.656006,2.395989,21.91631,-13.822272,-4.9524856,-17.077835
416,-3.7923970222473145,12.130550384521484,75.350341796875,0.8084345260538188,7.341111589261079,-51.07626710315922,-16.030403,15.323754,15.034385,34.970753,-21.215595,-11.452474,-24.530857,-28.527565,-27.912228,37.25095,-8.650863,12.759152,1.684261,3.2446244,21.62614,-28.036003,30.835783,-34.90551,-45.077194,7.0336165,-4.5186424,5.000455,-40.2084,-48.350395,2.2375731,21.493628,-13.996745,-4.629188,-17.214745
417,-3.7649941444396973,12.121197700500488,75.35721588134766,0.8612176767684061,7.18651118794243,-51.13338644596637,-15.726275,15.253217,15.142582,34.825768,-21.225086,-11.458442,-24.202614,-28.878355,-28.87045,37.317726,-8.745109,12.724565,1.7319267,3.1695263,21.473679,-27.927134,30.85271,-34.939213,-45.038464,7.092406,-4.5337596,4.981241,-39.641956,-48.04965,2.0382934,20.937817,-14.05106,-4.2100487,-17.40495
418,-3.744701623916626,12.115201950073242,75.35247039794922,0.922342894502454,7.040586639071062,-51.20363199828383,-15.45491,15.190683,15.259591,34.740932,-21.265463,-11.47129,-23.919981,-29.266195,-29.86217,37.469345,-8.884373,12.624704,1.7763284,3.082072,21.325462,-27.800577,30.887182,-34.965645,-44.984783,7.1873217,-4.5553465,4.9764476,-39.037067,-47.754177,1.7924495,20.231115,-14.014855,-3.709975,-17.637436
419,-3.727959156036377,12.108085632324219,75.33724212646484,0.9871773559364028,6.904485387230729,-51.29201521494104,-15.211693,15.141343,15.388132,34.708023,-21.33129,-11.490932,-23.684504,-29.665064,-30.834255,37.684174,-9.047022,12.488436,1.8258653,2.9897892,21.18018,-27.656294,30.939093,-34.96981,-44.928177,7.2756042,-4.5649133,4.9642034,-38.411007,-47.470345,1.5184759,19.418434,-13.908434,-3.211157,-17.883053
420,-3.714815855026245,12.099322319030762,75.31262969970703,1.0505817558729504,6.779709712104609,-51.403740948885,-14.992615,15.110347,15.530822,34.720936,-21.418566,-11.517228,-23.503477,-30.050426,-31.730387,37.94848,-9.214875,12.344384,1.8818656,2.8999677,21.037,-27.473244,31.007883,-34.93705,-44.889736,7.331264,-4.544489,4.9231167,-37.769684,-47.20796,1.237987,18.529142,-13.746185,-2.7950976,-18.112637
421,-3.7010271549224854,12.088613510131836,75.2796859741211,1.109446793291476,6.670083960088943,-51.54323145482268,-14.8082285,15.103865,15.688197,34.79248,-21.531431,-11.551016,-23.381166,-30.430328,-32.57711,38.266495,-9.38292,12.203354,1.9481477,2.8198688,20.897373,-27.231468,31.091278,-34.854996,-44.88732,7.352573,-4.4778924,4.832609,-37.136776,-46.974907,0.95653826,17.55655,-13.466568,-2.4964192,-18.326738
422,-3.692293643951416,12.078757286071777,75.24159240722656,1.1670199144418274,6.573701710792461,-51.70656146255021,-14.656812,15.117424,15.859082,34.922077,-21.670944,-11.591996,-23.313856,-30.815302,-33.38925,38.643677,-9.56206,12.048066,2.0234487,2.7479463,20.759863,-26.953814,31.19047,-34.726177,-44.899742,7.3397856,-4.3789034,4.707423,-36.49284,-46.773376,0.6628811,16.482487,-13.078277,-2.2680695,-18.539204
423,-3.6851003170013428,12.066115379333496,75.19436645507812,1.2282422534582926,6.483268121710858,-51.8867020226309,-14.516074,15.140896,16.043764,35.08133,-21.826725,-11.638642,-23.297115,-31.184128,-34.093082,39.061962,-9.75423,11.865504,2.104003,2.680516,20.63089,-26.648922,31.306005,-34.579132,-44.93385,7.3117633,-4.274196,4.5846043,-35.84766,-46.598797,0.37421876,15.37232,-12.711596,-2.0690153,-18.737694
424,-3.680476188659668,12.045892715454102,75.13983917236328,1.298185564241479,6.391534184332819,-52.07686046224191,-14.364213,15.163838,16.242304,35.242393,-21.988424,-11.689259,-23.329884,-31.516493,-34.613163,39.504486,-9.961885,11.643268,2.183767,2.6117435,20.512814,-26.333769,31.439383,-34.43627,-44.982452,7.276535,-4.19055,4.4994006,-35.21147,-46.44362,0.113169424,14.292744,-12.497973,-1.8572227,-18.910868
425,-3.6797478199005127,12.023407936096191,75.0790023803711,1.3782203313115817,6.298579580194718,-52.27996289828054,-14.203292,15.18678,16.45843,35.412655,-22.161234,-11.742686,-23.435184,-31.813059,-34.91321,39.991016,-10.184568,11.355939,2.2621405,2.539249,20.404215,-26.011494,31.593817,-34.293606,-45.046913,7.2205153,-4.1326303,4.467331,-34.59802,-46.307053,-0.11689454,13.239499,-12.505357,-1.6197699,-19.059216
426,-3.675255298614502,11.995253562927246,75.01884460449219,1.4657153458902077,6.20778706078438,-52.4980282949856,-14.042726,15.214208,16.690796,35.603214,-22.348457,-11.800013,-23.610052,-32.08316,-35.035583,40.5212,-10.421041,11.017729,2.339799,2.4654415,20.303886,-25.67139,31.770746,-34.138054,-45.12971,7.141375,-4.087113,4.467463,-34.003635,-46.18855,-0.32280415,12.189382,-12.654395,-1.3786056,-19.18684
427,-3.674330234527588,11.95927619934082,74.95897674560547,1.5598682350986328,6.116545424471284,-52.72311242591885,-13.868874,15.2412,16.932447,35.785736,-22.5345,-11.8631,-23.813662,-32.316452,-35.02416,41.046284,-10.6704645,10.67621,2.4114134,2.3895786,20.213257,-25.311045,31.968323,-33.97968,-45.225727,7.0635734,-4.0532427,4.480153,-33.419693,-46.07878,-0.4914627,11.186446,-12.858233,-1.1437945,-19.28856
428,-3.677074909210205,11.911399841308594,74.8957748413086,1.6595392299844378,6.022230845456326,-52.94710294039042,-13.66853,15.262868,17.176216,35.933567,-22.70442,-11.933894,-24.003614,-32.502773,-34.924263,41.516808,-10.931748,10.379299,2.4673092,2.3090622,20.132265,-24.922266,32.18055,-33.830612,-45.32595,7.0209026,-4.0302863,4.485407,-32.82916,-45.961983,-0.6107346,10.26679,-13.030752,-0.9253592,-19.361591
429,-3.6815195083618164,11.850430488586426,74.83570861816406,1.7705038970825715,5.9212028070208875,-53.17113535428626,-13.436251,15.273044,17.424732,36.04536,-22.858988,-12.011884,-24.185118,-32.63462,-34.698845,41.9275,-11.211256,10.13577,2.5081012,2.2134795,20.062859,-24.515917,32.404854,-33.68744,-45.417027,7.0221286,-4.030093,4.479788,-32.248047,-45.82919,-0.6652803,9.447969,-13.183997,-0.7224891,-19.419708
430,-3.687826633453369,11.780593872070312,74.77850341796875,1.8913032676865817,5.815858721558246,-53.398347553286854,-13.179196,15.275606,17.680359,36.133118,-23.004375,-12.096335,-24.376997,-32.7177,-34.33957,42.30297,-11.506457,9.921922,2.5333865,2.1036618,20.000105,-24.095379,32.64145,-33.543835,-45.49501,7.047823,-4.048804,4.471523,-31.678051,-45.679348,-0.6607027,8.708602,-13.357537,-0.53100884,-19.461596
431,-3.6945645809173584,11.698798179626465,74.72361755371094,2.0099572358948303,5.713050998234529,-53.62456422611567,-12.905749,15.28181,17.935274,36.19185,-23.134598,-12.189122,-24.556013,-32.76347,-33.936283,42.64166,-11.805811,9.737003,2.5382206,1.9930038,19.935383,-23.65332,32.886265,-33.413555,-45.561115,7.0875115,-4.0618,4.458684,-31.11356,-45.510345,-0.60623235,8.057549,-13.513164,-0.35786936,-19.460451
432,-3.707711696624756,11.601173400878906,74.67703247070312,2.11447719574618,5.6194709703504255,-53.84514943009133,-12.621971,15.302363,18.182356,36.213543,-23.242191,-12.291968,-24.699482,-32.78465,-33.57812,42.943214,-12.098139,9.5799885,2.5208929,1.8954854,19.858135,-23.193827,33.132164,-33.312065,-45.606632,7.1246915,-4.044423,4.438267,-30.540342,-45.31936,-0.51650286,7.4993534,-13.612683,-0.21013449,-19.38993
433,-3.719180107116699,11.492096900939941,74.635986328125,2.198785662371741,5.538715898701303,-54.057992473054405,-12.337365,15.3453665,18.416586,36.20765,-23.330778,-12.408163,-24.798094,-32.777477,-33.28255,43.196503,-12.383449,9.46624,2.481668,1.8151278,19.762264,-22.725492,33.372395,-33.25162,-45.608986,7.1340284,-3.9967468,4.4105864,-29.943766,-45.10751,-0.39681035,7.0288568,-13.62097,-0.0872863,-19.216032
434,-3.727400779724121,11.372639656066895,74.60238647460938,2.2701049474164527,5.46637877244916,-54.26574863512133,-12.044991,15.403286,18.64327,36.173046,-23.401678,-12.535827,-24.865696,-32.73933,-33.00396,43.408627,-12.6682205,9.391158,2.4264958,1.7454598,19.652689,-22.258821,33.60292,-33.229958,-45.56678,7.13135,-3.929535,4.3758345,-29.327902,-44.876045,-0.2454804,6.6449633,-13.568298,0.013437049,-18.961878
435,-3.73884654045105,11.237974166870117,74.5757064819336,2.3361458256476126,5.397549102751392,-54.471198007215364,-11.730974,15.465045,18.869383,36.09411,-23.447231,-12.669611,-24.909462,-32.682392,-32.739746,43.596214,-12.946958,9.323617,2.3588202,1.680904,19.534094,-21.799412,33.820747,-33.239964,-45.49305,7.1633883,-3.8337803,4.3305297,-28.69255,-44.623135,-0.06725519,6.342972,-13.515035,0.08842134,-18.686228
436,-3.755378007888794,11.092364311218262,74.5551528930664,2.404844538951317,5.327209319285077,-54.67744094132062,-11.380631,15.518879,19.102427,35.953922,-23.458876,-12.803758,-24.93826,-32.618595,-32.48614,43.777386,-13.214679,9.232441,2.2827208,1.6164447,19.41102,-21.356356,34.024628,-33.272022,-45.403934,7.2712183,-3.7004619,4.2709556,-28.037271,-44.343914,0.13101254,6.119649,-13.521737,0.13329755,-18.44768
437,-3.775747537612915,10.933228492736816,74.54156494140625,2.4796656524976024,5.2560677841734655,-54.87933067591459,-10.997048,15.559042,19.337244,35.751842,-23.437628,-12.936666,-24.955948,-32.556347,-32.24337,43.961773,-13.474547,9.118492,2.195076,1.5499913,19.281752,-20.936483,34.213688,-33.331196,-45.303776,7.4811153,-3.4923668,4.1928735,-27.362967,-44.03493,0.3546997,5.9936357,-13.629643,0.1338729,-18.2652
438,-3.7981059551239014,10.76434326171875,74.53838348388672,2.555988368688052,5.186050268224038,-55.07732913847393,-10.585541,15.591867,19.572294,35.49514,-23.386597,-13.071686,-24.956963,-32.487114,-32.01306,44.136845,-13.727009,8.99526,2.0936599,1.4830207,19.143446,-20.5334,34.386658,-33.422756,-45.18283,7.7702985,-3.2260973,4.098003,-26.66694,-43.69623,0.6067259,5.9573812,-13.800351,0.09620978,-18.106606
439,-3.824779748916626,10.581023216247559,74.54344177246094,2.62922741541125,5.114321549370708,-55.282416664659806,-10.136747,15.625383,19.819056,35.180874,-23.300713,-13.211666,-24.938446,-32.39982,-31.792551,44.29435,-13.9665,8.850713,1.987834,1.4166439,18.999208,-20.150461,34.544437,-33.53532,-45.02134,8.0918255,-2.9736006,3.991973,-25.955711,-43.32904,0.8799884,5.982891,-13.97505,0.04589166,-17.95332
440,-3.8517005443573,10.3878755569458,74.55693817138672,2.695381210808379,5.037899717848054,-55.50536849575427,-9.641746,15.666961,20.089071,34.80862,-23.176525,-13.358911,-24.89484,-32.28105,-31.579918,44.419666,-14.184347,8.67284,1.8846179,1.3509824,18.853395,-19.777246,34.688637,-33.6579,-44.814354,8.408859,-2.8067217,3.8824506,-25.226145,-42.93428,1.164273,6.0297265,-14.094033,0.008977379,-17.786795
441,-3.8811709880828857,10.182661056518555,74.58145141601562,2.7570180154868456,4.955360420063168,-55.74868070078692,-9.09414,15.712385,20.386143,34.370598,-23.010204,-13.515314,-24.832676,-32.13577,-31.369226,44.524517,-14.375189,8.434004,1.7885761,1.2837216,18.708769,-19.423767,34.820755,-33.789654,-44.55938,8.740136,-2.7612188,3.7681165,-24.480742,-42.510525,1.4611804,6.1071935,-14.127711,-0.0022548311,-17.600006
442,-3.9146265983581543,9.964656829833984,74.61436462402344,2.8151659016987343,4.868459316482687,-56.00665418076427,-8.5003,15.758357,20.703934,33.869503,-22.804134,-13.679853,-24.751808,-31.96739,-31.163334,44.610767,-14.544054,8.148528,1.6940712,1.2151097,18.56251,-19.087975,34.941647,-33.93519,-44.2638,9.096382,-2.7936368,3.6473367,-23.714727,-42.057247,1.7752534,6.22362,-14.113101,-0.0030102686,-17.403772
443,-3.9533979892730713,9.734551429748535,74.65522003173828,2.8629306939267334,4.779145902339226,-56.27817904526174,-7.8691125,15.813316,21.039309,33.31706,-22.562145,-13.850893,-24.640121,-31.763968,-30.972277,44.65512,-14.70039,7.867487,1.5962992,1.1503084,18.411907,-18.751665,35.053246,-34.092365,-43.927998,9.421418,-2.856264,3.528077,-22.9394,-41.579422,2.1070378,6.3624935,-14.089094,-0.009296115,-17.204893
444,-3.9960689544677734,9.490447998046875,74.70457458496094,2.8932381724384375,4.689345868929963,-56.56238362395136,-7.211461,15.886985,21.389061,32.728497,-22.290174,-14.02681,-24.487448,-31.514942,-30.80561,44.639793,-14.857723,7.6416974,1.4913577,1.0956712,18.253447,-18.400633,35.15948,-34.255043,-43.551598,9.651866,-2.901251,3.4169295,-22.156689,-41.08554,2.4531877,6.4990435,-14.09334,-0.03695651,-17.010263
445,-4.04279088973999,9.241382598876953,74.76283264160156,2.9037394761075306,4.597442203863765,-56.86354769460167,-6.5142546,15.97864,21.761667,32.084457,-21.986668,-14.211261,-24.28646,-31.213095,-30.663235,44.553,-15.017376,7.4942174,1.3807573,1.0559214,18.089405,-18.023527,35.263077,-34.42536,-43.143143,9.726109,-2.9224644,3.3290143,-21.363792,-40.580643,2.818073,6.628811,-14.100954,-0.09105991,-16.814137
446,-4.091830730438232,8.978549003601074,74.82551574707031,2.898364582760692,4.502880364138717,-57.18076513027451,-5.7775893,16.08292,22.15617,31.385098,-21.649347,-14.404408,-24.043745,-30.865913,-30.540905,44.406326,-15.173217,7.3946323,1.2658632,1.0279386,17.92167,-17.625559,35.365093,-34.603405,-42.707825,9.692637,-2.9427767,3.2572587,-20.566769,-40.066093,3.205592,6.76737,-14.100165,-0.16279748,-16.615213
447,-4.144374847412109,8.708741188049316,74.8966293334961,2.8796251120833976,4.409191513692824,-57.50457549334174,-5.029492,16.201073,22.55593,30.669771,-21.280128,-14.598878,-23.77037,-30.48376,-30.438463,44.213623,-15.324342,7.3148975,1.1424567,1.0095055,17.748571,-17.214767,35.46703,-34.778046,-42.240818,9.652256,-2.9585843,3.1748292,-19.764797,-39.540665,3.6024282,6.9065986,-14.146467,-0.24700652,-16.428324
448,-4.205564975738525,8.428505897521973,74.9693832397461,2.84939743640384,4.319918998070048,-57.82590662482428,-4.298178,16.335218,22.944014,29.978222,-20.881382,-14.7863035,-23.47513,-30.075554,-30.35761,43.985332,-15.468339,7.2267895,1.0073304,0.99679637,17.567911,-16.803335,35.571857,-34.939266,-41.73445,9.703528,-2.9661295,3.0549862,-18.962223,-39.00413,3.9965053,7.043534,-14.29641,-0.3393563,-16.267464
449,-4.2835893630981445,8.141927719116211,75.04745483398438,2.80200383963341,4.236786082635421,-58.14275913793319,-3.5784483,16.490606,23.323526,29.294037,-20.456902,-14.964638,-23.153141,-29.635376,-30.306961,43.715485,-15.60697,7.1317563,0.8561948,0.9960298,17.377012,-16.381311,35.681595,-35.07447,-41.198097,9.893977,-2.947699,2.8766026,-18.15368,-38.45373,4.3806305,7.1702957,-14.60669,-0.43988484,-16.135292
450,-4.354106903076172,7.8491621017456055,75.12841033935547,2.740201724993602,4.15781184988583,-58.45903831793905,-2.864985,16.64444,23.69368,28.59862,-20.001915,-15.000033,-22.803324,-29.163288,-30.281134,43.39895,-15.7383,7.0426264,0.6915391,1.0059223,17.17835,-15.944178,35.79804,-35.190197,-40.63459,10.162592,-2.9115233,2.6590922,-17.341486,-37.88846,4.7637267,7.2924066,-15.033582,-0.55122757,-16.024862
451,-4.4331583976745605,7.557021617889404,75.21353149414062,2.698578442591274,4.087534704891838,-58.763797907448975,-2.1788971,16.768438,24.043736,27.922571,-19.499487,-15.000033,-22.457792,-28.708193,-30.250978,43.06999,-15.864252,6.9528346,0.50775397,0.98878413,16.970684,-15.5029335,35.923225,-35.30559,-40.036293,10.452443,-2.8932936,2.4377062,-16.530497,-37.31124,5.1540556,7.4158297,-15.483012,-0.67226803,-15.936086
452,-4.519321918487549,7.26099967956543,75.30460357666016,2.6692753501473203,4.01709466367304,-59.06923087410337,-1.5366696,16.891497,24.36719,27.337414,-18.956326,-15.000033,-22.114342,-28.255304,-30.206236,42.73346,-15.978998,6.846333,0.32213914,0.949021,16.766928,-15.070658,36.058506,-35.441196,-39.39236,10.705719,-2.9277568,2.2482324,-15.724674,-36.728508,5.5584493,7.545951,-15.8605795,-0.8016388,-15.86769
453,-4.615455627441406,6.957021236419678,75.40120697021484,2.6550992161675824,3.9478659597121486,-59.37196331167081,-0.93796057,17.007608,24.657436,26.834068,-18.357864,-15.000033,-21.774157,-27.808283,-30.146643,42.39226,-16.07922,6.720424,0.13606144,0.8852856,16.56636,-14.654257,36.20406,-35.60397,-38.69814,10.96238,-3.0076146,2.1175492,-14.914356,-36.14392,5.97952,7.6739564,-16.13657,-0.9392116,-15.829176
454,-4.714491367340088,6.647665023803711,75.50237274169922,2.6476869109910757,3.8798441046248495,-59.67393732020154,-0.37389055,17.128002,24.92311,26.397568,-17.712835,-15.000033,-21.429476,-27.35685,-30.081278,42.038177,-16.1689,6.5815096,-0.05215266,0.8071444,16.367231,-14.245377,36.35904,-35.784126,-37.961533,11.235485,-3.119575,2.0219584,-14.10063,-35.558002,6.412819,7.79968,-16.36123,-1.0851567,-15.817444
455,-4.823268413543701,6.333174705505371,75.60465240478516,2.6364388930489744,3.806331940858481,-59.98720747689192,0.14644122,17.282473,25.17319,26.08166,-17.060884,-15.000033,-21.07179,-26.88337,-30.008158,41.66083,-16.249977,6.4308596,-0.23515075,0.7258866,16.17774,-13.838386,36.52326,-35.974957,-37.18979,11.421623,-3.2892063,1.9206237,-13.299324,-34.970352,6.851168,7.939077,-16.556713,-1.2383077,-15.812997
456,-4.938928604125977,6.019381999969482,75.71107482910156,2.6104880456350426,3.7206275615348,-60.32395497056766,0.6140855,17.50209,25.417793,25.941828,-16.442768,-15.000033,-20.693975,-26.371153,-29.924583,41.25255,-16.326277,6.2696843,-0.4054929,0.6525835,16.006044,-13.428692,36.697044,-36.169445,-36.389,11.416183,-3.5417898,1.7719555,-12.523748,-34.379726,7.2861075,8.105864,-16.745823,-1.3975923,-15.796154
457,-5.061340808868408,5.696901798248291,75.81788635253906,2.569375572314075,3.6251540243351634,-60.69056324235303,1.0235237,17.796013,25.66014,25.994646,-15.862668,-15.000033,-20.297617,-25.81185,-29.825413,40.80481,-16.396746,6.0975533,-0.5594177,0.58718187,15.850513,-13.016181,36.88124,-36.363674,-35.55014,11.069039,-3.9154172,1.5359981,-11.775204,-33.781914,7.7113976,8.303387,-16.925913,-1.571977,-15.748515
458,-5.186893463134766,5.37330961227417,75.92728424072266,2.5168086942968704,3.5217787506489238,-61.07965345590523,1.3821546,18.151423,25.893692,26.210915,-15.303004,-15.000033,-19.883497,-25.213823,-29.713408,40.322388,-16.460106,5.9153867,-0.7014771,0.5242591,15.70767,-12.602725,37.076637,-36.56245,-34.672127,10.474691,-4.383303,1.2399983,-11.048634,-33.176456,8.133127,8.526555,-17.088806,-1.7591095,-15.68448
459,-5.317922115325928,5.047601699829102,76.03237915039062,2.4480037002412027,3.402341866382573,-61.4825525784425,1.704587,18.564415,26.114252,26.567945,-14.767504,-15.000033,-19.441183,-24.583738,-29.59915,39.814026,-16.517189,5.7255816,-0.83708435,0.4701898,15.584213,-12.182469,37.28308,-36.769917,-33.784622,9.897556,-4.8750224,0.94574785,-10.342233,-32.567966,8.558573,8.770613,-17.246298,-1.940926,-15.634037
460,-5.454704761505127,4.724889755249023,76.13552856445312,2.3583470020577644,3.258795664773695,-61.89042349296281,2.005071,19.031204,26.317629,27.043552,-14.25982,-15.000033,-18.96095,-23.928755,-29.49248,39.289722,-16.569511,5.5300274,-0.9716937,0.4302781,15.487156,-11.747937,37.4995,-36.990997,-32.916027,9.607251,-5.32438,0.721028,-9.656468,-31.966948,8.995617,9.033208,-17.40993,-2.0992062,-15.626923
461,-5.588001251220703,4.390676498413086,76.24026489257812,2.2400266210636257,3.080530552210266,-62.300238532314495,2.2843258,19.570248,26.496756,27.663462,-13.786924,-15.000033,-18.423431,-23.239264,-29.402494,38.741135,-16.617899,5.3250957,-1.1071367,0.41446105,15.427345,-11.3051,37.726223,-37.232773,-32.06319,9.734149,-5.7344513,0.5977338,-8.98377,-31.379063,9.4451065,9.315557,-17.58478,-2.2300956,-15.692575
462,-5.727252960205078,4.068629264831543,76.33821105957031,2.095901634186762,2.874158545533182,-62.71652272466057,2.5404105,20.178267,26.653427,28.419727,-13.340724,-15.000033,-17.838026,-22.512243,-29.321144,38.16396,-16.660358,5.111026,-1.2396189,0.42125335,15.39959,-10.855274,37.96271,-37.49053,-31.216022,10.116751,-6.1358385,0.5404334,-8.319787,-30.80492,9.899434,9.612306,-17.761436,-2.3424,-15.80781
463,-5.865786075592041,3.751725435256958,76.43238067626953,1.9537582123050203,2.6631316433095122,-63.13395664476343,2.7756526,20.788546,26.79758,29.225098,-12.893396,-14.927777,-17.252153,-21.791674,-29.227703,37.58777,-16.697647,4.898857,-1.3727299,0.42660594,15.381291,-10.389228,38.206078,-37.74951,-30.391218,10.583368,-6.5057464,0.516671,-7.6689334,-30.247168,10.352078,9.9109745,-17.925922,-2.4365997,-15.923503
464,-6.001662254333496,3.4372799396514893,76.52487182617188,1.8418661697719079,2.47067574412804,-63.5483764288532,2.9899693,21.333601,26.947744,29.996956,-12.4208,-14.658639,-16.713457,-21.121601,-29.102837,37.04355,-16.730682,4.698865,-1.5093389,0.40772378,15.35026,-9.896781,38.451817,-37.994095,-29.608232,10.961416,-6.821257,0.4905867,-7.036562,-29.709303,10.797221,10.1993475,-18.062965,-2.5133862,-15.991067
465,-6.132469177246094,3.132279634475708,76.60901641845703,1.72536779223529,2.289575827890581,-63.97459113884152,3.186158,21.88442,27.099749,30.779959,-11.944904,-14.400267,-16.202942,-20.45019,-28.958918,36.5119,-16.75056,4.499054,-1.637258,0.39859462,15.31509,-9.379239,38.69791,-38.22461,-28.87342,11.250142,-7.0658045,0.44505858,-6.4200697,-29.193214,11.229079,10.47234,-18.173445,-2.563502,-15.991779
466,-6.269530296325684,2.8219449520111084,76.69084930419922,1.60191138948679,2.111418628442433,-64.41025236889848,3.3645432,22.450907,27.249952,31.596405,-11.46962,-14.137678,-15.704088,-19.77251,-28.80171,35.98371,-16.758913,4.297349,-1.7574422,0.40079594,15.283493,-8.843525,38.94379,-38.448917,-28.173403,11.526824,-7.254999,0.39999887,-5.814729,-28.700068,11.649242,10.734645,-18.262083,-2.5898292,-15.953192
467,-6.400489807128906,2.5210814476013184,76.76651763916016,1.4797669437092946,1.933901377132579,-64.86014971793153,3.5479429,23.015575,27.410755,32.41251,-10.983771,-13.873089,-15.214601,-19.097763,-28.623713,35.457684,-16.761648,4.1008587,-1.8632693,0.40581462,15.2558565,-8.288478,39.185574,-38.661606,-27.496063,11.733189,-7.4140873,0.37280843,-5.2195454,-28.23182,12.062904,10.985206,-18.320461,-2.6108372,-15.895731
468,-6.526847839355469,2.2192771434783936,76.84093475341797,1.3671130508703073,1.7550109986859581,-65.32894207318945,3.760023,23.560415,27.595049,33.19259,-10.475037,-13.609057,-14.730564,-18.434336,-28.418106,34.928593,-16.762419,3.916446,-1.9483747,0.40505886,15.231646,-7.714035,39.41763,-38.856804,-26.82855,11.810513,-7.568289,0.37996808,-4.6363745,-27.791874,12.476868,11.225908,-18.340458,-2.644875,-15.839845
469,-6.65300989151001,1.9217528104782104,76.90953826904297,1.2655732343786164,1.5722372061788283,-65.81809215648758,4.010625,24.079243,27.795013,33.921875,-9.931444,-13.369988,-14.249497,-17.783388,-28.184418,34.39573,-16.765406,3.7450383,-2.0086002,0.39966837,15.210738,-7.126028,39.63609,-39.046257,-26.163544,11.669825,-7.7260237,0.42330515,-4.0584,-27.38194,12.884596,11.450683,-18.295885,-2.6957219,-15.784194
470,-6.776860237121582,1.6298035383224487,76.97522735595703,1.1713281235628894,1.3874218060072447,-66.32495253333526,4.2865396,24.581535,28.00799,34.62087,-9.361728,-13.145772,-13.773358,-17.141079,-27.926268,33.86063,-16.766245,3.5819504,-2.0462425,0.39391968,15.192739,-6.5291386,39.838524,-39.23264,-25.50254,11.36656,-7.8735657,0.49295,-3.4838839,-27.0027,13.281871,11.658585,-18.198431,-2.7537038,-15.719685
471,-6.894866466522217,1.335005283355713,77.04103088378906,1.0850688120408545,1.2047617794096803,-66.84901354180965,4.5716634,25.076994,28.25435,35.322243,-8.7947855,-12.88687,-13.309788,-16.510885,-27.641706,33.331223,-16.761806,3.4255953,-2.066405,0.38620004,15.177446,-5.913731,40.020214,-39.393505,-24.847797,11.062782,-8.003333,0.5882509,-2.9238844,-26.653923,13.682111,11.858777,-18.094475,-2.8170907,-15.656506
472,-7.005558013916016,1.0481356382369995,77.10460662841797,1.0068472046516221,1.0285175274534057,-67.3894629236055,4.8536677,25.575106,28.556625,36.052814,-8.256923,-12.542707,-12.864893,-15.895197,-27.329342,32.812595,-16.74681,3.2746959,-2.0767431,0.3742306,15.1637535,-5.2682867,40.17601,-39.502964,-24.196356,10.919987,-8.107173,0.7085669,-2.3950858,-26.335909,14.1030445,12.066436,-18.030626,-2.8839982,-15.605378
473,-7.120782852172852,0.767791748046875,77.16474914550781,0.9355848431317384,0.8606015915155342,-67.95300248763455,5.1363516,26.07593,28.912825,36.81106,-7.7508097,-12.113797,-12.442504,-15.290718,-26.983826,32.303955,-16.717701,3.1267538,-2.0761983,0.35815272,15.149324,-4.586167,40.301838,-39.55215,-23.54528,11.009225,-8.186068,0.8667298,-1.906075,-26.050537,14.557922,12.2885,-18.014124,-2.9587476,-15.582931
474,-7.2275919914245605,0.4853314757347107,77.22631072998047,0.8715932658080746,0.6984696971103461,-68.53782974331274,5.426997,26.577179,29.316565,37.584778,-7.2657046,-11.619973,-12.038257,-14.697728,-26.60819,31.80392,-16.678078,2.9824188,-2.0642643,0.34001958,15.134517,-3.8706048,40.39583,-39.552788,-22.896944,11.237697,-8.242747,1.0578264,-1.4495655,-25.797894,15.037588,12.518539,-18.021353,-3.0403764,-15.579652
475,-7.329747676849365,0.20798899233341217,77.28501892089844,0.8165865923693395,0.5399769191304942,-69.13096802717182,5.717365,27.086964,29.784163,38.39014,-6.812854,-11.038672,-11.646348,-14.123551,-26.214087,31.316896,-16.633913,2.845445,-2.0480537,0.3196732,15.12153,-3.1373324,40.45746,-39.513535,-22.24312,11.512166,-8.271787,1.2549713,-1.0206916,-25.57645,15.524912,12.7549715,-18.053358,-3.1193957,-15.567393
476,-7.429710865020752,-0.06031404435634613,77.34101104736328,0.771940612150408,0.3829781776243443,-69.71906315247064,5.998555,27.61503,30.33154,39.247303,-6.405817,-10.347191,-11.261275,-13.575652,-25.81297,30.84811,-16.59197,2.7199442,-2.0346801,0.29731318,15.113237,-2.4002438,40.487217,-39.442204,-21.58218,11.740388,-8.268538,1.4311206,-0.613137,-25.382349,16.002419,12.993736,-18.110786,-3.1865227,-15.517799
477,-7.527961730957031,-0.327841579914093,77.39351654052734,0.7392239174544372,0.22448563872503216,-70.30319291491931,6.283242,28.161142,30.974583,40.154045,-6.0413766,-9.55167,-10.87803,-13.0545845,-25.402893,30.39433,-16.550644,2.6109104,-2.0181255,0.27437353,15.114574,-1.6558981,40.483818,-39.3402,-20.922756,11.9445505,-8.208843,1.5744714,-0.20966177,-25.224592,16.45355,13.215774,-18.212896,-3.238241,-15.403377
478,-7.619042873382568,-0.596705436706543,77.44537353515625,0.717386199474308,0.06650177630832596,-70.88925935647453,6.577713,28.723288,31.705484,41.10206,-5.7200627,-8.656354,-10.499791,-12.556725,-24.979914,29.952919,-16.506798,2.5146306,-2.0118527,0.24123469,15.116335,-0.88406456,40.446987,-39.186375,-20.260462,12.158068,-8.103254,1.6963065,0.143253,-25.076593,16.916567,13.47087,-18.361586,-3.279714,-15.250078
479,-7.70949649810791,-0.859798789024353,77.49260711669922,0.7038505330987704,-0.08523605813600961,-71.4710794294513,6.865332,29.307308,32.506634,42.098183,-5.460685,-7.636321,-10.137691,-12.083751,-24.551428,29.536612,-16.468332,2.422188,-1.9963726,0.2089816,15.122612,-0.131663,40.380383,-39.024372,-19.579462,12.305727,-7.998742,1.8210396,0.48974845,-24.958462,17.361313,13.71424,-18.507204,-3.3163426,-15.094685
480,-7.8054585456848145,-1.109997272491455,77.535888671875,0.6966570535559365,-0.22507280575138336,-72.0426050809651,7.1306033,29.91638,33.360554,43.145103,-5.2795544,-6.4674134,-9.799768,-11.635982,-24.125631,29.151178,-16.4397,2.3250794,-1.9789206,0.17899366,15.127732,0.582096,40.283974,-38.864395,-18.860912,12.313294,-7.941878,1.9651533,0.8174138,-24.861605,17.80135,13.960348,-18.608337,-3.351753,-14.980996
481,-7.889624118804932,-1.3573954105377197,77.57689666748047,0.6990958966048824,-0.35312844824156925,-72.6047052751959,7.3788085,30.57238,34.317085,44.273243,-5.152088,-5.0991483,-9.486729,-11.218166,-23.704027,28.799152,-16.42233,2.2219574,-1.956875,0.14679946,15.132633,1.2494981,40.153896,-38.714497,-18.087824,12.093106,-7.9680233,2.143633,1.1238378,-24.78262,18.236763,14.213013,-18.659216,-3.3827927,-14.929784
482,-7.97800874710083,-1.5981409549713135,77.6133041381836,0.7111416473025213,-0.47172095489690496,-73.16005345882128,7.6250744,31.26749,35.374294,45.46994,-5.0878296,-3.5552018,-9.194612,-10.827752,-23.28288,28.475765,-16.413399,2.117418,-1.9243878,0.113568485,15.140353,1.876716,39.994225,-38.572548,-17.274504,11.705931,-8.045424,2.3449724,1.4208167,-24.7252,18.65588,14.459472,-18.680979,-3.408894,-14.914184
483,-8.062382698059082,-1.8380200862884521,77.6478271484375,0.724827699263937,-0.5783670411075578,-73.70449168345696,7.8600163,31.95526,36.428993,46.672916,-5.14742,-1.9296745,-8.926825,-10.457231,-22.862741,28.182514,-16.413364,2.012554,-1.8899702,0.08626068,15.14498,2.469674,39.805904,-38.42876,-16.438381,11.307477,-8.122265,2.5441208,1.7026967,-24.688889,19.065554,14.705391,-18.67368,-3.4374237,-14.906769
484,-8.139933586120605,-2.071772575378418,77.67674255371094,0.7329956041610847,-0.6702086605338606,-74.23367800482603,8.060824,32.58486,37.36539,47.822754,-5.3844175,-0.32494274,-8.689027,-10.100188,-22.443998,27.924246,-16.424276,1.9083391,-1.8608835,0.07166718,15.1406145,3.031999,39.591164,-38.27541,-15.5972805,11.052103,-8.14519,2.7177851,1.9670365,-24.673807,19.469734,14.953409,-18.637577,-3.4757206,-14.880188
485,-8.21029281616211,-2.2952792644500732,77.69886016845703,0.729114634441852,-0.7461373337440215,-74.75136191391144,8.270274,33.249386,38.347202,48.988895,-5.835612,1.4478787,-8.482245,-9.74618,-22.021301,27.697119,-16.44444,1.7997853,-1.837121,0.07412829,15.126751,3.5758739,39.351147,-38.102985,-14.765638,10.973709,-8.084073,2.8705916,2.2090082,-24.680994,19.876114,15.205817,-18.548979,-3.5276718,-14.83828
486,-8.278388977050781,-2.513686418533325,77.71803283691406,0.7192826879007457,-0.8072308011756703,-75.25755171186785,8.477489,33.92999,39.357845,50.175835,-6.4676886,3.3631425,-8.306097,-9.403287,-21.59664,27.503784,-16.475386,1.6886506,-1.8186746,0.08776032,15.106192,4.099171,39.086952,-37.913746,-13.934663,10.991245,-7.97194,3.011108,2.42952,-24.71065,20.282555,15.460576,-18.415333,-3.5885193,-14.792171
487,-8.336498260498047,-2.723299980163574,77.73322296142578,0.7153427277189999,-0.8538345505331564,-75.74166500609819,8.551488,34.40331,39.99271,51.220337,-7.193301,4.985586,-8.160507,-9.090974,-21.182611,27.35024,-16.519152,1.5858036,-1.8104986,0.10427083,15.078277,4.585721,38.801277,-37.719368,-13.088915,11.089466,-7.849107,3.1233907,2.6386623,-24.759903,20.675226,15.709941,-18.28393,-3.65262,-14.725026
488,-8.3930025100708,-2.9227864742279053,77.73743438720703,0.728119159238081,-0.8865243331491507,-76.19374267391794,8.3445635,34.449795,39.845726,51.964077,-7.9028664,5.879174,-8.047395,-8.828156,-20.790977,27.246666,-16.579918,1.5019592,-1.8157989,0.115662016,15.042753,5.0168386,38.49786,-37.533276,-12.211868,11.251967,-7.7560253,3.1919572,2.8483016,-24.82341,21.038513,15.945653,-18.203217,-3.714573,-14.619736
489,-8.439718246459961,-3.1139369010925293,77.73777770996094,0.7613868921445391,-0.9049391299016852,-76.61132696160071,7.7797446,33.928394,38.66549,52.330746,-8.62305,5.7633696,-7.975019,-8.6235895,-20.423046,27.20889,-16.664167,1.4425751,-1.8348999,0.11689358,14.997602,5.3905973,38.179474,-37.35015,-11.304319,11.497702,-7.6954403,3.195907,3.0601778,-24.898182,21.367819,16.166124,-18.186584,-3.7723415,-14.468396
490,-8.483087539672852,-3.2956573963165283,77.7389907836914,0.8075396104811511,-0.9108126445640099,-77.00081391529206,6.972118,32.979603,36.757694,52.43871,-9.4109745,4.9369264,-7.9381266,-8.463025,-20.073132,27.226135,-16.767927,1.4008938,-1.8640187,0.11323754,14.945851,5.717652,37.847755,-37.165623,-10.376159,11.82783,-7.648418,3.14974,3.267203,-24.983667,21.670527,16.377615,-18.20918,-3.8294196,-14.281043
491,-8.519675254821777,-3.4740071296691895,77.74010467529297,0.8609218067518365,-0.9074686550965402,-77.36637511143125,6.058742,31.81,34.54965,52.41982,-10.195764,3.8316424,-7.917897,-8.331085,-19.74192,27.266691,-16.878796,1.3692062,-1.899601,0.1108101,14.893848,5.995597,37.50512,-36.99473,-9.421512,12.197304,-7.6229277,3.091761,3.469248,-25.078152,21.948494,16.583336,-18.264328,-3.8887987,-14.068009
492,-8.553688049316406,-3.6487174034118652,77.74078369140625,0.9167832274644374,-0.8963247575975927,-77.7108712375678,5.136036,30.624626,32.417736,52.389877,-10.866773,2.8581557,-7.8982315,-8.21498,-19.430338,27.300655,-16.98481,1.3399523,-1.9374422,0.11458159,14.84605,6.220202,37.154106,-36.854958,-8.433169,12.5612,-7.6260595,3.0609381,3.6667876,-25.178911,22.201681,16.786528,-18.344814,-3.953653,-13.838973
493,-8.576532363891602,-3.8171286582946777,77.74421691894531,0.9782621852720498,-0.8720035915764314,-78.02661540897091,4.1522174,29.402105,30.29031,52.36169,-11.336555,2.0688417,-7.8838863,-8.12161,-19.146528,27.32878,-17.085663,1.3114798,-1.9809761,0.12139196,14.800809,6.3869615,36.795753,-36.75013,-7.4053836,12.880863,-7.6627693,3.0687225,3.862167,-25.284697,22.424215,16.983807,-18.4522,-4.02797,-13.596395
494,-8.596510887145996,-3.9831771850585938,77.74990844726562,1.0463390882907038,-0.835741579720646,-78.31480900988662,3.103142,28.050812,28.034027,52.27901,-11.688808,1.2587202,-7.881207,-8.054789,-18.8872,27.365671,-17.1878,1.287757,-2.0297785,0.12957333,14.75706,6.4991317,36.430714,-36.67159,-6.3437753,13.188591,-7.727778,3.0950103,4.0550675,-25.39465,22.616623,17.174477,-18.58963,-4.1095395,-13.334859
495,-8.616644859313965,-4.151254177093506,77.75580596923828,1.114175619232733,-0.7973226067032959,-78.5907693641236,2.1100962,26.67639,25.882656,52.130634,-12.02658,0.4390508,-7.8763337,-7.997116,-18.637354,27.396372,-17.285362,1.2694412,-2.0752707,0.14418197,14.717833,6.567323,36.061382,-36.617035,-5.2593923,13.547261,-7.812621,3.1311069,4.2391686,-25.507946,22.789438,17.370972,-18.753504,-4.1923256,-13.053411
496,-8.625757217407227,-4.3033318519592285,77.76148223876953,1.1744028851222033,-0.7662487837191068,-78.87000119495579,1.2705433,25.398397,24.054039,51.905262,-12.447715,-0.37270278,-7.8560166,-7.9312367,-18.382376,27.407322,-17.373337,1.2572142,-2.1093278,0.17126133,14.686487,6.602094,35.691242,-36.583763,-4.1646695,14.018584,-7.909123,3.1686301,4.408997,-25.62206,22.953388,17.583239,-18.939703,-4.270109,-12.750972
497,-8.63228702545166,-4.460153579711914,77.76781463623047,1.222578592382861,-0.7449745619808613,-79.14849043898171,0.58444744,24.255478,22.58533,51.59457,-12.990093,-1.1642629,-7.811592,-7.851951,-18.126877,27.388739,-17.44852,1.2534086,-2.133402,0.215207,14.664014,6.601195,35.32255,-36.56898,-3.0545259,14.669222,-8.022189,3.203895,4.5677667,-25.735014,23.105642,17.813074,-19.144209,-4.346042,-12.434248
498,-8.630730628967285,-4.6152496337890625,77.7757339477539,1.26261303056006,-0.7279848176624409,-79.4205695595723,-0.0122387735,23.196348,21.348146,51.198673,-13.588178,-1.9434141,-7.7519474,-7.767956,-17.87622,27.34886,-17.5136,1.256662,-2.1514688,0.2713519,14.648422,6.563588,34.956844,-36.57212,-1.9284059,15.448475,-8.153497,3.2431183,4.7150755,-25.846373,23.243078,18.05687,-19.37123,-4.422481,-12.101566
499,-8.63044548034668,-4.764758586883545,77.78070831298828,1.3002138580103404,-0.7124716382702976,-79.69892191027695,-0.5299293,22.210825,20.305172,50.715042,-14.181955,-2.7214587,-7.6912894,-7.6829567,-17.617016,27.303265,-17.573597,1.2622857,-2.1594257,0.33182666,14.638244,6.5063686,34.59663,-36.591923,-0.8089934,16.24488,-8.289284,3.292697,4.8392463,-25.955595,23.377674,18.318256,-19.62747,-4.4918966,-11.739764
500,-8.621746063232422,-4.910456657409668,77.78565216064453,1.3407075267289532,-0.6955255742863827,-79.99583652652592,-0.976046,21.286802,19.420826,50.141857,-14.713465,-3.5110164,-7.6435122,-7.6008554,-17.335548,27.266273,-17.63241,1.2655783,-2.1543307,0.38843045,14.6319275,6.4470153,34.245544,-36.6261,0.28008205,16.945578,-8.415901,3.3578568,4.928213,-26.061522,23.522654,18.60087,-19.920332,-4.546892,-11.335849
501,-8.612920761108398,-5.052460193634033,77.7902603149414,1.385409010743473,-0.6773923984376663,-80.32154140639665,-1.3380889,20.426645,18.718102,49.455814,-15.1651125,-4.3518066,-7.612652,-7.519654,-17.020784,27.240978,-17.691486,1.2631086,-2.1309915,0.43828872,14.631453,6.3953815,33.906525,-36.66903,1.3289269,17.577751,-8.53004,3.4434626,4.975441,-26.163616,23.678228,18.905811,-20.208567,-4.5858436,-10.865869
502,-8.597004890441895,-5.196046829223633,77.79684448242188,1.4307353671925818,-0.6585629991056047,-80.66667852539607,-1.6264951,19.637838,18.19575,48.658394,-15.563805,-5.2272263,-7.591998,-7.438687,-16.682657,27.22071,-17.748566,1.258166,-2.093871,0.48476988,14.637008,6.3444066,33.581318,-36.72062,2.346182,18.181581,-8.638349,3.545182,4.987427,-26.261501,23.839699,19.23131,-20.50303,-4.613553,-10.34367
503,-8.576956748962402,-5.332989692687988,77.80227661132812,1.4778796864946255,-0.6369810698030812,-81.01464271225228,-1.8784003,18.911692,17.78407,47.78464,-15.916553,-6.0657516,-7.5784273,-7.3636684,-16.339361,27.203962,-17.802988,1.2563661,-2.054046,0.52811915,14.644372,6.286839,33.27138,-36.788464,3.3363955,18.66486,-8.743129,3.6537411,4.968532,-26.35407,24.01396,19.57883,-20.888617,-4.633266,-9.812669
504,-8.554295539855957,-5.468626976013184,77.8067855834961,1.527309714876828,-0.610606440754555,-81.34869684954137,-2.1289067,18.237848,17.414148,46.87259,-16.23036,-6.7971935,-7.5711985,-7.301132,-16.008944,27.19367,-17.856276,1.2633438,-2.0225296,0.567569,14.649022,6.216432,32.977894,-36.879433,4.3047895,18.936468,-8.847087,3.7593253,4.9222574,-26.440445,24.207685,19.952017,-21.451355,-4.6491714,-9.31619
505,-8.527349472045898,-5.596500396728516,77.8152084350586,1.5817627116274364,-0.5761628265689795,-81.66550182287057,-2.3849254,17.605566,17.072939,45.913857,-16.48936,-7.424077,-7.5739927,-7.2554474,-15.693925,27.191263,-17.907438,1.2820683,-2.0039558,0.6007138,14.648359,6.130791,32.70278,-37.001682,5.252944,18.913235,-8.959503,3.861005,4.844407,-26.518183,24.418648,20.353361,-22.180574,-4.664766,-8.826388
506,-8.498079299926758,-5.725217819213867,77.82061004638672,1.6405974995377914,-0.5354739346331473,-81.9732396417823,-2.6295688,17.018625,16.790987,44.891216,-16.689945,-7.981997,-7.5871725,-7.223105,-15.385385,27.196335,-17.956669,1.3092146,-1.9912301,0.62696505,14.644929,6.0339303,32.446865,-37.15005,6.177307,18.662924,-9.076891,3.962281,4.734779,-26.586712,24.6434,20.782167,-23.0433,-4.680344,-8.333176
507,-8.465705871582031,-5.853480339050293,77.82621765136719,1.698056747433079,-0.494027089294482,-82.27293711161813,-2.860283,16.487125,16.568182,43.82885,-16.85495,-8.446864,-7.6014895,-7.1977215,-15.084484,27.204073,-18.005203,1.340801,-1.9790623,0.65046126,14.643177,5.9286556,32.208046,-37.310165,7.074574,18.319527,-9.183506,4.060121,4.6020217,-26.647371,24.889515,21.233305,-24.088602,-4.694622,-7.9069986
508,-8.428020477294922,-5.983729839324951,77.83486938476562,1.7503276222228543,-0.45766292875050435,-82.56567470415126,-3.0751145,16.020178,16.405155,42.75306,-17.007553,-8.7957115,-7.6091137,-7.1732264,-14.792159,27.21274,-18.05584,1.3728883,-1.9632424,0.67527497,14.64675,5.819209,31.982178,-37.46648,7.942652,18.018744,-9.263115,4.151889,4.4553194,-26.703428,25.164503,21.702385,-25.366966,-4.7040987,-7.6180673
509,-8.3843412399292,-6.105069160461426,77.83863830566406,1.7981448271823564,-0.43007313111239476,-82.84760477883557,-3.270995,15.631637,16.331158,41.66926,-17.144508,-8.996114,-7.604667,-7.152656,-14.511955,27.222069,-18.109919,1.4050179,-1.947066,0.7023203,14.660761,5.704422,31.765856,-37.61561,8.774212,17.779243,-9.30782,4.231859,4.2896333,-26.757809,25.47844,22.194122,-27.022028,-4.6994405,-7.514259
510,-8.33785629272461,-6.226091384887695,77.84114837646484,1.8437406741984141,-0.4075825380211095,-83.1192765774375,-3.4503293,15.304245,16.336609,40.561447,-17.25249,-9.075688,-7.5934205,-7.138414,-14.2420845,27.232271,-18.165134,1.4390785,-1.933086,0.7297107,14.681422,5.582853,31.557737,-37.76415,9.575475,17.536537,-9.327692,4.3027687,4.102975,-26.810982,25.825857,22.706821,-28.98295,-4.6780095,-7.547379
511,-8.288951873779297,-6.3494791984558105,77.842529296875,1.884244302930567,-0.3838556273136144,-83.38814147993668,-3.6208897,15.002378,16.364195,39.428143,-17.344255,-9.100237,-7.584525,-7.1245723,-13.97627,27.245325,-18.221415,1.4752079,-1.9153484,0.75878465,14.700066,5.4516964,31.356766,-37.914402,10.366909,17.297184,-9.333231,4.375688,3.9082537,-26.8611,26.191269,23.227528,-30.978083,-4.6472178,-7.644821
512,-8.240937232971191,-6.466182231903076,77.8434066772461,1.9171085455051302,-0.35298400119639367,-83.66163356790243,-3.7881806,14.692791,16.355482,38.26343,-17.429253,-9.133068,-7.5827475,-7.102792,-13.707624,27.253601,-18.272758,1.5125561,-1.8874501,0.7903772,14.707365,5.3076515,31.162521,-38.06953,11.170298,17.067741,-9.334948,4.4617124,3.7189066,-26.906212,26.55905,23.741526,-32.73668,-4.6176057,-7.7337127
513,-8.1895751953125,-6.584742069244385,77.84519958496094,1.9396622052785584,-0.309758391519173,-83.93765117992868,-3.9555001,14.388661,16.334526,37.061954,-17.528496,-9.154799,-7.590448,-7.0698533,-13.438759,27.251726,-18.31706,1.5480502,-1.8470583,0.8273516,14.697089,5.141018,30.97572,-38.242256,11.9885235,16.863768,-9.336006,4.56061,3.536342,-26.945566,26.934011,24.246168,-34.29014,-4.5877113,-7.82032
514,-8.132028579711914,-6.703158378601074,77.84486389160156,1.9528794794810256,-0.2586995943425358,-84.2136586830333,-4.118642,14.097333,16.320202,35.826504,-17.63011,-9.146121,-7.6046133,-7.0303445,-13.1718,27.244976,-18.357605,1.5828378,-1.796494,0.86794096,14.675093,4.954623,30.796099,-38.42862,12.812676,16.67706,-9.330573,4.667901,3.3539712,-26.97941,27.319893,24.74948,-35.749714,-4.5514455,-7.9344597
515,-8.071222305297852,-6.8228864669799805,77.8433609008789,1.9618943751907114,-0.20834933323672447,-84.49608426680109,-4.267839,13.782497,16.245241,34.557632,-17.690556,-9.165688,-7.6178093,-6.9860306,-12.900293,27.233065,-18.392385,1.6228831,-1.7370132,0.90872234,14.651282,4.766897,30.620989,-38.605297,13.642681,16.479065,-9.315646,4.7879515,3.1769633,-27.005156,27.700447,25.248735,-36.963867,-4.5193186,-8.040516
516,-8.011813163757324,-6.937894344329834,77.84252166748047,1.967369837072015,-0.16727739500560296,-84.79189215594273,-4.3921366,13.412452,16.041409,33.256092,-17.665903,-9.268261,-7.6221843,-6.9380627,-12.618043,27.215765,-18.419561,1.673853,-1.6696179,0.9459198,14.634608,4.5948176,30.446827,-38.749542,14.482251,16.241348,-9.28837,4.925098,3.0065951,-27.020761,28.060345,25.74717,-37.780556,-4.503909,-8.103479
517,-7.94926643371582,-7.055751800537109,77.84169006347656,1.9686803018704666,-0.13603128653999771,-85.10099273460627,-4.496538,12.969774,15.645187,31.903976,-17.541006,-9.479737,-7.6148715,-6.881632,-12.326125,27.18867,-18.436338,1.7382592,-1.5948093,0.98241264,14.626065,4.436029,30.27188,-38.866653,15.339979,15.948057,-9.255599,5.0992084,2.8418245,-27.024445,28.405058,26.248053,-38.0919,-4.5171256,-8.115392
518,-7.877773284912109,-7.1702375411987305,77.84082794189453,1.9621112113213837,-0.1107333820577735,-85.42055954081665,-4.581722,12.483685,15.105478,30.510439,-17.3437,-9.7618475,-7.602493,-6.817056,-12.027419,27.159155,-18.448141,1.812761,-1.5120931,1.0202378,14.620504,4.2822566,30.095762,-38.96551,16.215714,15.617451,-9.217069,5.3016825,2.6791587,-27.015959,28.74101,26.75458,-38.00206,-4.5515394,-8.095642
519,-7.8030853271484375,-7.2818121910095215,77.83848571777344,1.9530976522408967,-0.09347362146527015,-85.75316896090693,-4.6269746,11.99077,14.520397,29.1063,-17.088127,-10.072411,-7.581556,-6.7500687,-11.718324,27.121637,-18.451899,1.893217,-1.4216893,1.0552804,14.618086,4.143461,29.916155,-39.027657,17.09556,15.27442,-9.158751,5.494145,2.5240993,-26.99514,29.052795,27.260029,-37.67725,-4.5894747,-8.048649
520,-7.724342346191406,-7.394824028015137,77.8353500366211,1.946831143489313,-0.0860593255987988,-86.1011067373745,-4.61882,11.525528,13.989195,27.731348,-16.792545,-10.372185,-7.556514,-6.6891785,-11.394856,27.087484,-18.454113,1.9761448,-1.3241086,1.0843154,14.61957,4.029461,29.729803,-39.034565,17.965883,14.943453,-9.066266,5.638161,2.3827696,-26.960533,29.3255,27.757378,-37.28232,-4.614684,-7.980253
521,-7.635439395904541,-7.502984046936035,77.83434295654297,1.9482420780236382,-0.08950517895786216,-86.46320937738453,-4.553528,11.078054,13.511776,26.370375,-16.44023,-10.677499,-7.5277424,-6.6422486,-11.056876,27.059507,-18.456284,2.062268,-1.2191472,1.1025693,14.627365,3.9427814,29.532654,-38.972332,18.824057,14.639974,-8.925703,5.715602,2.2582016,-26.910645,29.548094,28.246803,-36.778023,-4.6271343,-7.8881917
522,-7.545392990112305,-7.609240531921387,77.83338165283203,1.9546060270009817,-0.10235580568365227,-86.83871279154307,-4.4402943,10.6377735,13.042287,25.012257,-16.029612,-11.001075,-7.4947424,-6.6025977,-10.706541,27.035097,-18.456938,2.152885,-1.1071837,1.114174,14.639432,3.874623,29.323263,-38.855057,19.68389,14.348671,-8.748997,5.7502265,2.1460135,-26.8456,29.7316,28.733614,-36.10453,-4.633276,-7.770856
523,-7.450960636138916,-7.71563720703125,77.83454132080078,1.9539872390834863,-0.12280124827304185,-87.23038975674963,-4.2879033,10.233103,12.613264,23.703402,-15.5984125,-11.3006525,-7.454702,-6.556808,-10.343186,27.004133,-18.449242,2.2454998,-0.989201,1.1272321,14.648873,3.820353,29.10406,-38.7056,20.550383,14.048598,-8.555602,5.765754,2.0392036,-26.76749,29.894354,29.22172,-35.39639,-4.6261873,-7.635023
524,-7.347670078277588,-7.823112487792969,77.8381576538086,1.9413852779682845,-0.14916427619791112,-87.64109652478697,-4.105217,9.889571,12.259034,22.488428,-15.186495,-11.53482,-7.4023657,-6.4922776,-9.966283,26.951786,-18.429201,2.3377883,-0.8661137,1.1484668,14.64979,3.7768388,28.880074,-38.54646,21.426277,13.71798,-8.366555,5.7860975,1.9301629,-26.67949,30.054747,29.713507,-34.786743,-4.59975,-7.48761
525,-7.241173267364502,-7.929123401641846,77.84040832519531,1.913892836525826,-0.18104136756643335,-88.07868535218978,-3.8878438,9.61779,12.0062275,21.362144,-14.814596,-11.697396,-7.341309,-6.405988,-9.568303,26.880499,-18.3959,2.4285004,-0.7317743,1.1798053,14.642849,3.7470722,28.654465,-38.374542,22.305254,13.354668,-8.178453,5.810922,1.8243605,-26.582397,30.207548,30.198679,-34.319794,-4.541332,-7.328424
526,-7.128276824951172,-8.030815124511719,77.84237670898438,1.8780691485904215,-0.21918960856365438,-88.53915607507948,-3.638521,9.398031,11.832351,20.311817,-14.460521,-11.81035,-7.272806,-6.30725,-9.151413,26.796488,-18.352667,2.5195217,-0.58774334,1.215175,14.63129,3.7332366,28.428076,-38.180565,23.18473,12.968053,-7.9840775,5.830307,1.7243416,-26.476122,30.345976,30.677063,-33.920837,-4.4580436,-7.1547623
527,-7.009529113769531,-8.135974884033203,77.84500885009766,1.836389997364224,-0.2640577308335495,-89.00731193587168,-3.382026,9.210635,11.698128,19.382116,-14.101046,-11.874173,-7.1930547,-6.2035217,-8.728294,26.69972,-18.300022,2.6134095,-0.44670078,1.2488258,14.612873,3.7324224,28.203499,-37.97587,24.067572,12.553382,-7.795915,5.85292,1.623047,-26.362232,30.483406,31.161757,-33.54711,-4.3739033,-6.969362
528,-6.889361381530762,-8.239951133728027,77.84969329833984,1.793829022000053,-0.3160443921092506,-89.46796328506342,-3.1423628,9.036476,11.563887,18.617481,-13.713404,-11.887666,-7.0990877,-6.103497,-8.31117,26.592371,-18.239578,2.7128346,-0.32141712,1.2739669,14.585768,3.7417264,27.984064,-37.772007,24.958616,12.105288,-7.6283526,5.8876395,1.513523,-26.243391,30.633148,31.66579,-33.15568,-4.312808,-6.774791
529,-6.769753932952881,-8.344046592712402,77.85429382324219,1.7541734691924673,-0.37812309462744026,-89.92522963126622,-2.9264119,8.858859,11.392355,18.027727,-13.232774,-11.8686,-6.9900126,-6.0096664,-7.8933873,26.476866,-18.17053,2.818062,-0.21137272,1.2846828,14.552723,3.762646,27.773197,-37.56949,25.861504,11.614595,-7.4944077,5.943528,1.3926626,-26.120708,30.79933,32.190487,-32.75113,-4.2825913,-6.5667863
530,-6.644345760345459,-8.449355125427246,77.8604965209961,1.7169747298770168,-0.44945080235051277,-90.38448540822536,-2.7248862,8.6897545,11.214669,17.59691,-12.69478,-11.810965,-6.8681273,-5.921212,-7.47045,26.352959,-18.093283,2.9284344,-0.111282796,1.2828435,14.514942,3.7990236,27.57233,-37.361748,26.767477,11.08574,-7.383842,6.013084,1.2658644,-25.993652,30.974472,32.726364,-32.349842,-4.269784,-6.345229
531,-6.51757287979126,-8.554855346679688,77.8633804321289,1.680632559439152,-0.524122764304243,-90.83277258972903,-2.538197,8.553603,11.094012,17.332657,-12.227781,-11.67708,-6.737319,-5.840605,-7.057913,26.22286,-18.013626,3.0450163,-0.026169969,1.2733529,14.467998,3.8506525,27.381012,-37.150105,27.66421,10.534588,-7.2755795,6.080759,1.1390729,-25.863297,31.153492,33.27019,-31.927704,-4.2660384,-6.1186695
532,-6.386134624481201,-8.660335540771484,77.87509155273438,1.6395609550152148,-0.596495663042903,-91.25714618180477,-2.3660364,8.475409,11.09386,17.241095,-11.959861,-11.429367,-6.5985923,-5.7691464,-6.671765,26.082594,-17.934162,3.1687307,0.0390529,1.2632325,14.407657,3.9143598,27.197384,-36.93718,28.541735,9.9755125,-7.1485257,6.1310124,1.0218124,-25.730747,31.330196,33.814854,-31.460974,-4.2629986,-5.8956113
533,-6.246926784515381,-8.768890380859375,77.88639068603516,1.5892935055100712,-0.667639186986959,-91.65427214500323,-2.2265215,8.489064,11.255095,17.425085,-11.984931,-11.00245,-6.4486885,-5.7011204,-6.318024,25.929913,-17.85821,3.2985046,0.08141527,1.2591422,14.332552,3.9930134,27.019718,-36.719658,29.39632,9.414097,-6.988017,6.155494,0.9146684,-25.597282,31.509205,34.36218,-30.905518,-4.263749,-5.677635
534,-6.1091132164001465,-8.869549751281738,77.88890838623047,1.5293908594517815,-0.740295883143716,-92.03113641730911,-2.1115396,8.574771,11.535013,17.845158,-12.215667,-10.435004,-6.2849855,-5.635005,-5.988442,25.760649,-17.779928,3.4336934,0.10421089,1.258572,14.245071,4.0852633,26.847548,-36.498493,30.235996,8.84172,-6.8080816,6.164274,0.8141391,-25.463655,31.691591,34.91351,-30.28575,-4.2703934,-5.4601026
535,-5.972196578979492,-8.970772743225098,77.88408660888672,1.4710191154261654,-0.8109588612239655,-92.39038394260064,-1.9813641,8.674245,11.871878,18.292398,-12.5063095,-9.84507,-6.119725,-5.581776,-5.676342,25.589745,-17.700663,3.5763097,0.11325703,1.2532068,14.146592,4.183431,26.679716,-36.28222,31.06739,8.25486,-6.629924,6.1700573,0.7231926,-25.330425,31.865078,35.460983,-29.681952,-4.2734475,-5.242295
536,-5.829222202301025,-9.077895164489746,77.8835678100586,1.4271673579748456,-0.8755250376706155,-92.73473560328378,-1.7986122,8.724114,12.206881,18.561096,-12.710501,-9.350301,-5.9652514,-5.5554004,-5.373963,25.431646,-17.621054,3.7288754,0.11546026,1.2320489,14.038256,4.2775784,26.514778,-36.081642,31.89923,7.649079,-6.475208,6.185405,0.6453865,-25.197906,32.016556,35.99647,-29.173317,-4.2639756,-5.023816
537,-5.683860778808594,-9.18750286102295,77.88725280761719,1.4056092078565179,-0.9315656652183149,-93.06472379690403,-1.556438,8.705715,12.538703,18.608038,-12.7943735,-8.977794,-5.828234,-5.5647984,-5.076604,25.29502,-17.543676,3.8975077,0.11149283,1.187526,13.916897,4.3646617,26.35172,-35.90291,32.738617,6.998393,-6.3551087,6.211326,0.5819829,-25.067238,32.144253,36.516926,-28.787825,-4.238272,-4.7990613
538,-5.5355353355407715,-9.294251441955566,77.89453125,1.3971012119284962,-0.9814143852346057,-93.3790580482672,-1.2738663,8.650383,12.89447,18.537937,-12.832517,-8.666021,-5.7008495,-5.6019025,-4.788932,25.17047,-17.467674,4.0792255,0.09937803,1.1266801,13.782704,4.447229,26.189932,-35.74138,33.582676,6.313017,-6.256495,6.2417254,0.5322971,-24.93928,32.252983,37.02607,-28.480942,-4.2022824,-4.5700674
539,-5.378100872039795,-9.400681495666504,77.90890502929688,1.398391589608219,-1.0274790806727396,-93.67742740110617,-0.96028626,8.568148,13.258912,18.380434,-12.84513,-8.399247,-5.576557,-5.6576104,-4.5163302,25.049671,-17.39116,4.263581,0.08148198,1.0579109,13.642008,4.525979,26.028301,-35.59072,34.42299,5.6439233,-6.1646686,6.2783475,0.49794638,-24.813211,32.339046,37.525314,-28.224306,-4.161841,-4.3477693
540,-5.21798038482666,-9.508088111877441,77.92311096191406,1.4001265682987856,-1.0726194911837301,-93.95975773067634,-0.6237292,8.46955,13.616859,18.163782,-12.852971,-8.162174,-5.4483786,-5.7225747,-4.2643085,24.923138,-17.310797,4.440167,0.060483884,0.98934007,13.50068,4.6000633,25.865618,-35.445244,35.25345,5.04164,-6.0649724,6.323017,0.47718272,-24.688211,32.39951,38.020626,-27.989002,-4.1228437,-4.143188
541,-5.0583624839782715,-9.611955642700195,77.93614959716797,1.4045597682691227,-1.1182578547292605,-94.22893462904965,-0.25290906,8.353069,13.975891,17.874607,-12.8615465,-7.9606643,-5.317162,-5.797302,-4.031477,24.794477,-17.227365,4.607443,0.03738681,0.9207658,13.359114,4.6704473,25.70028,-35.302807,36.078163,4.504942,-5.960011,6.3768334,0.46998817,-24.563732,32.434334,38.513428,-27.801779,-4.08719,-3.9620132
542,-4.89628791809082,-9.720078468322754,77.95310974121094,1.413876885055467,-1.1626205329014359,-94.48409572769002,0.15526922,8.212959,14.340048,17.496616,-12.859121,-7.7998886,-5.1864223,-5.885397,-3.816015,24.667433,-17.142078,4.770685,0.010328992,0.84917575,13.214025,4.7362967,25.53165,-35.166714,36.900806,4.0122457,-5.855578,6.4385433,0.47516316,-24.43975,32.446125,39.003365,-27.665602,-4.052224,-3.7974858
543,-4.7329230308532715,-9.822660446166992,77.97101593017578,1.4226211182918787,-1.2033210281442612,-94.71905258460023,0.57124126,8.057269,14.687573,17.074068,-12.839612,-7.66371,-5.052474,-5.9824405,-3.6225233,24.530693,-17.050985,4.9295154,-0.022449026,0.7783229,13.065701,4.794456,25.360657,-35.03909,37.713642,3.58288,-5.741658,6.5068784,0.4941213,-24.315945,32.43339,39.488655,-27.520603,-4.0164795,-3.6420662
544,-4.567318916320801,-9.927244186401367,77.9920425415039,1.4304445429043233,-1.2379035426340679,-94.92733738988152,0.9710818,7.893394,14.997925,16.640072,-12.79777,-7.535914,-4.9123325,-6.0842857,-3.4554877,24.374975,-16.951311,5.083555,-0.06247805,0.711603,12.914899,4.841884,25.189455,-34.922623,38.50828,3.2358844,-5.6084237,6.580628,0.5273449,-24.191885,32.39495,39.967937,-27.306326,-3.9781044,-3.4882212
545,-4.403939247131348,-10.026927947998047,78.01345825195312,1.4368207137929772,-1.2649597688193268,-95.11135948375319,1.3559871,7.7200828,15.272351,16.187407,-12.724407,-7.419304,-4.7684484,-6.1898603,-3.309023,24.19865,-16.838823,5.230473,-0.109064505,0.65021425,12.761418,4.8786373,25.018644,-34.815083,39.28448,3.0132616,-5.442171,6.6597037,0.5756221,-24.066828,32.329174,40.440784,-27.016693,-3.9338963,-3.3352726
546,-4.243649959564209,-10.124939918518066,78.034912109375,1.440799944144105,-1.2859693580448859,-95.27307731205893,1.7376815,7.534938,15.519656,15.701082,-12.624679,-7.3203626,-4.6212077,-6.3008733,-3.1832342,24.0059,-16.715717,5.37115,-0.16179368,0.59234196,12.605068,4.9062886,24.84841,-34.716084,40.045216,2.8918371,-5.251585,6.7443132,0.6374474,-23.940552,32.237514,40.908844,-26.68055,-3.8855808,-3.186877
547,-4.083152770996094,-10.222664833068848,78.05805969238281,1.441588111393069,-1.3031224638050474,-95.40572915059472,2.100166,7.345851,15.729599,15.217799,-12.517119,-7.228194,-4.4666243,-6.417958,-3.0914283,23.79967,-16.590506,5.510057,-0.22273642,0.5368694,12.447379,4.9267197,24.68074,-34.62941,40.7834,2.793995,-5.0599685,6.833814,0.71449006,-23.81235,32.121838,41.368702,-26.2905,-3.8383636,-3.042231
548,-3.92409348487854,-10.319016456604004,78.0798110961914,1.4406087790153181,-1.3186037293438253,-95.5028541571418,2.4273953,7.160982,15.892167,14.775296,-12.420541,-7.1316223,-4.299733,-6.54168,-3.047086,23.581425,-16.471485,5.651668,-0.29381946,0.48250732,12.290105,4.9415073,24.519009,-34.55985,41.490826,2.6411037,-4.890836,6.927935,0.8072581,-23.68102,31.984316,41.817764,-25.838041,-3.797678,-2.9002979
549,-3.771486759185791,-10.409711837768555,78.0986328125,1.4362780438886862,-1.3328506417440074,-95.55539574111279,2.7104104,6.9840074,15.992329,14.387484,-12.340005,-7.028852,-4.114415,-6.672572,-3.0639458,23.345926,-16.359552,5.7970877,-0.38080892,0.42836565,12.133917,4.951838,24.366343,-34.509537,42.1679,2.426524,-4.752127,7.0385094,0.92202854,-23.544155,31.814877,42.252014,-25.285452,-3.768922,-2.7590973
550,-3.617088794708252,-10.499361038208008,78.11968994140625,1.4269382214034985,-1.3448343532206963,-95.5693027054756,2.9594412,6.8109965,16.03986,14.033927,-12.265492,-6.9252467,-3.914343,-6.809952,-3.1316557,23.093689,-16.250332,5.9439893,-0.48055837,0.37442696,11.978202,4.957819,24.224045,-34.476467,42.81514,2.185956,-4.6307387,7.1616473,1.0558206,-23.400454,31.615677,42.67442,-24.648834,-3.7475855,-2.6197367
551,-3.472728729248047,-10.58621883392334,78.13591766357422,1.4186046110507822,-1.3543305810435649,-95.56024060211597,3.1860185,6.6385612,16.061811,13.702039,-12.195451,-6.8200293,-3.710202,-6.953363,-3.227279,22.836317,-16.14501,6.0914536,-0.58198375,0.31973055,11.822824,4.962382,24.092232,-34.454777,43.422543,1.9073668,-4.51907,7.2734323,1.1950845,-23.251873,31.40746,43.093594,-24.002993,-3.7245238,-2.4862168
552,-3.327630043029785,-10.673027038574219,78.15319061279297,1.4133048312558976,-1.3611214057947298,-95.54424531163242,3.4022217,6.463116,16.085165,13.378029,-12.127056,-6.7125983,-3.5105858,-7.1021395,-3.328014,22.580313,-16.041756,6.2386456,-0.67487013,0.2636709,11.667857,4.9682894,23.970297,-34.438282,43.98077,1.5786263,-4.409365,7.350061,1.3244011,-23.102781,31.213392,43.518578,-23.419329,-3.6909742,-2.3626673
553,-3.182131052017212,-10.756913185119629,78.16820526123047,1.4139070887678293,-1.3637721207977425,-95.51757814878279,3.6123848,6.277779,16.11432,13.047435,-12.055283,-6.6022053,-3.315821,-7.2613897,-3.4322429,22.324615,-15.944802,6.3863497,-0.7631224,0.20415364,11.511835,4.976606,23.85816,-34.42595,44.485584,1.1665914,-4.3025002,7.377866,1.446602,-22.95489,31.035036,43.949738,-22.901842,-3.6447382,-2.257549
554,-3.0380773544311523,-10.840482711791992,78.18228149414062,1.4198052633491638,-1.3628677541940337,-95.47444083404756,3.805094,6.0882215,16.135178,12.731092,-11.985158,-6.4892545,-3.1218548,-7.42976,-3.5506961,22.066532,-15.853272,6.5346813,-0.85098094,0.14219597,11.355578,4.9863186,23.755909,-34.41957,44.941845,0.688243,-4.201396,7.372082,1.5667467,-22.8088,30.863018,44.382225,-22.415798,-3.5908053,-2.166291
555,-2.8960013389587402,-10.918319702148438,78.1951904296875,1.4229180781674104,-1.3611550559927659,-95.42715814574116,3.9862723,5.9035215,16.149426,12.430239,-11.919387,-6.3746514,-2.9317033,-7.59633,-3.6791956,21.81369,-15.760522,6.6815434,-0.92874974,0.08422713,11.203759,4.9977098,23.66209,-34.41639,45.352844,0.20687741,-4.1012974,7.351928,1.6824265,-22.665796,30.700579,44.80603,-21.978708,-3.5311997,-2.0726993
556,-2.754817247390747,-10.9910888671875,78.20755767822266,1.4182679693387756,-1.361398340935664,-95.38826304764797,4.159033,5.7333922,16.158432,12.152794,-11.86294,-6.25946,-2.7493322,-7.750393,-3.8133316,21.574894,-15.660349,6.824865,-0.9875596,0.03606671,11.060595,5.0107484,23.574297,-34.41301,45.723446,-0.21384485,-3.9979,7.3368053,1.7889811,-22.52866,30.552008,45.214325,-21.607536,-3.4677234,-1.9609152
557,-2.616391897201538,-11.064569473266602,78.22130584716797,1.4037780039580583,-1.3634829941572302,-95.35946757096643,4.3206534,5.5799785,16.158127,11.904867,-11.817792,-6.142309,-2.5782578,-7.890866,-3.9576163,21.356192,-15.552119,6.963751,-1.0251507,-0.000229381,10.927497,5.0228314,23.490927,-34.411327,46.049496,-0.55732363,-3.8877196,7.333578,1.8890445,-22.399134,30.410467,45.600666,-21.314903,-3.3986297,-1.822931
558,-2.4793317317962646,-11.13416862487793,78.23109436035156,1.3841666560050898,-1.366128945560013,-95.3347981035574,4.4705944,5.4382973,16.14943,11.681204,-11.781402,-6.0233345,-2.416605,-8.022573,-4.1123505,21.153711,-15.439942,7.099463,-1.0458397,-0.02738679,10.802149,5.0329504,23.41131,-34.413033,46.332973,-0.85709006,-3.7739658,7.3314967,1.9845951,-22.278332,30.276068,45.969276,-21.08853,-3.323646,-1.6681888
559,-2.344132423400879,-11.205941200256348,78.2402572631836,1.3590941386300452,-1.370798012812627,-95.31479940245633,4.61579,5.3063827,16.141567,11.472655,-11.751506,-5.9058332,-2.257202,-8.145127,-4.2665143,20.954628,-15.320791,7.233668,-1.0512725,-0.046530772,10.683918,5.0445924,23.333746,-34.412754,46.58529,-1.1244507,-3.662727,7.3226333,2.0743108,-22.16684,30.162739,46.32364,-20.909004,-3.2470727,-1.5064867
560,-2.2058331966400146,-11.272473335266113,78.25067901611328,1.3297187753975064,-1.3787649855898918,-95.3000996290753,4.7650127,5.1821947,16.143705,11.265486,-11.723616,-5.7931237,-2.0943708,-8.257703,-4.40916,20.74974,-15.193581,7.3679357,-1.0441257,-0.058736455,10.571627,5.0615654,23.25602,-34.404633,46.819256,-1.3704184,-3.5599902,7.299265,2.1534429,-22.065601,30.086708,46.671047,-20.756277,-3.1729698,-1.3479656
561,-2.076547861099243,-11.335373878479004,78.26154327392578,1.2952641391151554,-1.3902671461425715,-95.29327057968567,4.9162793,5.0691676,16.160149,11.0657425,-11.702915,-5.6867213,-1.9297909,-8.355777,-4.5305343,20.539476,-15.053584,7.5040364,-1.0239315,-0.061587624,10.4648075,5.0862713,23.176523,-34.383766,47.03125,-1.5882025,-3.4731534,7.2583375,2.2161195,-21.976631,30.058882,47.017338,-20.630625,-3.1029606,-1.1945388
562,-1.9397951364517212,-11.401705741882324,78.27075958251953,1.2530190366324352,-1.4047014246063934,-95.29314923105034,5.0689282,4.9661727,16.18578,10.872256,-11.68684,-5.5847945,-1.7650571,-8.441292,-4.638644,20.326836,-14.902284,7.640758,-0.99101794,-0.054516368,10.364062,5.115554,23.0946,-34.35368,47.21876,-1.7754545,-3.3971303,7.2041945,2.2657933,-21.900114,30.070387,47.35688,-20.539448,-3.0348163,-1.0408899
563,-1.8106062412261963,-11.46533489227295,78.28258514404297,1.2101997481483913,-1.4220654356772382,-95.29500588529747,5.2215357,4.868084,16.214167,10.686224,-11.67353,-5.4857173,-1.5968572,-8.522744,-4.749118,20.111015,-14.750604,7.774897,-0.9480898,-0.042647928,10.269102,5.1470337,23.009192,-34.318943,47.39486,-1.9454141,-3.3193636,7.14005,2.312305,-21.834517,30.105318,47.6826,-20.476658,-2.9668255,-0.8864925
564,-1.6845189332962036,-11.528923034667969,78.29305267333984,1.1708939594391512,-1.4423166272222372,-95.2941471681418,5.37437,4.769372,16.239103,10.505387,-11.659629,-5.3876653,-1.4205024,-8.608088,-4.877945,19.888706,-14.607762,7.903239,-0.8974744,-0.03115306,10.179519,5.177091,22.919025,-34.28526,47.57394,-2.1122293,-3.227045,7.069402,2.3641183,-21.777086,30.148642,47.988842,-20.43497,-2.897341,-0.73102874
565,-1.5607326030731201,-11.592733383178711,78.30280303955078,1.1372912943231994,-1.466916835257148,-95.29286970500854,5.5280848,4.6688275,16.263084,10.334416,-11.648042,-5.2895374,-1.2378341,-8.699225,-5.020591,19.665749,-14.47936,8.024917,-0.83378136,-0.02054553,10.09635,5.2060776,22.821907,-34.249287,47.75497,-2.2845762,-3.1118648,6.9863505,2.4231617,-21.726717,30.197245,48.27771,-20.42185,-2.8251429,-0.5788122
566,-1.441470980644226,-11.657657623291016,78.3124008178711,1.1067300024804672,-1.4955308531888365,-95.29244869014553,5.6847296,4.5686793,16.288198,10.167749,-11.636661,-5.1922536,-1.0457618,-8.791497,-5.172178,19.43259,-14.357372,8.141871,-0.7571448,-0.008152048,10.018943,5.232988,22.716948,-34.211212,47.93543,-2.453287,-2.9823527,6.891685,2.4850879,-21.682964,30.2583,48.552113,-20.438618,-2.7514527,-0.42865396
567,-1.3284629583358765,-11.716493606567383,78.32160949707031,1.076841386737421,-1.525065926168398,-95.28666382511373,5.834869,4.4715014,16.306757,10.012398,-11.626786,-5.096977,-0.84849113,-8.8843775,-5.3460236,19.19557,-14.238602,8.25446,-0.67791975,0.0042666015,9.943446,5.2536173,22.606163,-34.18068,48.12693,-2.604767,-2.8511393,6.799041,2.545857,-21.645214,30.33111,48.813347,-20.469875,-2.6789513,-0.27213132
568,-1.213181972503662,-11.77736759185791,78.329833984375,1.0463901520410084,-1.5524155562919013,-95.26922596936751,5.9714446,4.379344,16.311325,9.871548,-11.618347,-5.0047545,-0.6470684,-8.977504,-5.555746,18.955173,-14.11931,8.36338,-0.60587615,0.014932464,9.866854,5.264239,22.493263,-34.168564,48.338993,-2.7270129,-2.7309628,6.721743,2.604212,-21.611532,30.41366,49.058807,-20.500456,-2.6100862,-0.100542605
569,-1.1070435047149658,-11.834172248840332,78.33949279785156,1.0148679174147541,-1.5768378083900219,-95.23692014960531,6.0891037,4.293524,16.297825,9.752006,-11.61213,-4.914966,-0.4406268,-9.070249,-5.8085265,18.710333,-13.995615,8.47213,-0.54343635,0.022513734,9.789188,5.2632427,22.381338,-34.17983,48.57731,-2.8207512,-2.6278205,6.6655793,2.6568813,-21.580738,30.508667,49.29538,-20.531086,-2.5469146,0.09048437
570,-1.0041213035583496,-11.88891315460205,78.34635162353516,0.9830929604238301,-1.6000181406930294,-95.193794589659,6.1891613,4.2143335,16.270638,9.657984,-11.612223,-4.8274317,-0.2256817,-9.162094,-6.0968037,18.45406,-13.870352,8.579703,-0.48514974,0.027250184,9.712187,5.255392,22.271152,-34.207676,48.831825,-2.8914328,-2.5339198,6.6223516,2.7055845,-21.552288,30.615406,49.522156,-20.56921,-2.4878907,0.2955015
571,-0.9019290804862976,-11.94404411315918,78.35169982910156,0.9535399559071508,-1.6221449399814794,-95.1436018128434,6.2854123,4.136607,16.236172,9.564437,-11.609647,-4.7434397,-0.007963105,-9.254327,-6.409608,18.196934,-13.748035,8.679388,-0.4287596,0.02883584,9.635012,5.244025,22.163475,-34.24654,49.090157,-2.9359486,-2.441213,6.58415,2.7529514,-21.525766,30.728165,49.72893,-20.607384,-2.4298503,0.50830835
572,-0.8077247142791748,-11.998148918151855,78.35542297363281,0.9249670102550016,-1.643650505512964,-95.09035214895309,6.3848205,4.0583844,16.200111,9.460581,-11.60331,-4.6648254,0.21294215,-9.346903,-6.7373624,17.935486,-13.632136,8.764653,-0.37201908,0.027366728,9.556508,5.232269,22.059101,-34.291462,49.34015,-2.9514034,-2.3418376,6.5432606,2.8011205,-21.501574,30.840048,49.9062,-20.639547,-2.3696978,0.72273546
573,-0.7186140418052673,-12.054750442504883,78.35851287841797,0.8971854090436278,-1.6631854407111266,-95.0331818433608,6.486081,3.9812543,16.162975,9.346422,-11.594099,-4.593185,0.4370616,-9.440449,-7.0910144,17.669504,-13.524265,8.831928,-0.31475666,0.023945518,9.475506,5.2212033,21.95884,-34.340965,49.577774,-2.9241,-2.2281864,6.4973435,2.8531451,-21.479208,30.949747,50.046654,-20.663881,-2.3015714,0.9451394
574,-0.6315931677818298,-12.10677719116211,78.36384582519531,0.87060823915748,-1.6809715477775256,-94.97080465056517,6.5873075,3.9053836,16.122126,9.225001,-11.581375,-4.5272503,0.66506565,-9.53428,-7.471599,17.39845,-13.421659,8.885498,-0.2580922,0.017880667,9.393086,5.2092247,21.863272,-34.39795,49.808475,-2.8603647,-2.1062624,6.4503884,2.9062605,-21.45867,31.060646,50.15727,-20.683872,-2.2287302,1.1760159
575,-0.5474928617477417,-12.158317565917969,78.3703384399414,0.8474339875307925,-1.6997725618922834,-94.90575448541021,6.6906962,3.8280966,16.078062,9.098851,-11.565755,-4.4642797,0.89607304,-9.627266,-7.8537807,17.126034,-13.32475,8.930416,-0.2014183,0.007343556,9.312025,5.19812,21.77215,-34.462276,50.033566,-2.7855036,-1.9885595,6.404043,2.957859,-21.440544,31.173162,50.24649,-20.700304,-2.1619792,1.4009203
576,-0.46332186460494995,-12.208996772766113,78.37601470947266,0.8295858438981444,-1.7225378911881786,-94.84052555466634,6.801247,3.744763,16.03161,8.964931,-11.545124,-4.4012165,1.1269222,-9.719683,-8.211957,16.859669,-13.235015,8.97181,-0.14392355,-0.009892341,9.2354965,5.189073,21.684603,-34.533226,50.253826,-2.7242453,-1.887416,6.360099,3.0060687,-21.425371,31.287579,50.32112,-20.713722,-2.1118658,1.6054085
577,-0.3822541832923889,-12.258654594421387,78.37806701660156,0.8186661250474879,-1.750860942781682,-94.77499738629525,6.919972,3.6553152,15.981919,8.8248825,-11.520353,-4.3382807,1.3604488,-9.812311,-8.547375,16.598087,-13.152291,9.0081835,-0.08538658,-0.03711104,9.167734,5.192826,21.615427,-34.61126,50.451416,-2.6784053,-1.8055832,6.3188004,3.0548215,-21.415865,31.400906,50.37111,-20.727552,-2.0815763,1.790978
578,-0.3068988025188446,-12.30886459350586,78.3820571899414,0.8122984406698681,-1.7830485578622761,-94.7080731612537,7.0449414,3.5618196,15.928945,8.67879,-11.491903,-4.2767196,1.5962893,-9.904643,-8.870959,16.34008,-13.07669,9.037621,-0.028169842,-0.06898067,9.101535,5.1936746,21.541388,-34.69777,50.655605,-2.6333878,-1.7381909,6.281454,3.098893,-21.408285,31.518354,50.407135,-20.739988,-2.064762,1.962305
579,-0.23398390412330627,-12.356715202331543,78.38258361816406,0.8098125636170955,-1.8164414301069818,-94.64090486369145,7.1730223,3.4645555,15.874206,8.526868,-11.459001,-4.2154016,1.8306261,-9.9955635,-9.172226,16.084383,-13.00641,9.064789,0.030369254,-0.10226626,9.035177,5.1843247,21.454914,-34.79045,50.873623,-2.5972605,-1.6818604,6.245819,3.1362398,-21.403297,31.639948,50.437386,-20.743622,-2.059415,2.1132936
580,-0.1641119420528412,-12.404163360595703,78.38444519042969,0.8120184479749022,-1.8483385071041323,-94.57485534280775,7.3033495,3.362699,15.819492,8.365271,-11.419025,-4.153071,2.0591166,-10.084025,-9.440772,15.8307705,-12.940465,9.094371,0.093806036,-0.14210342,8.975899,5.186888,21.391293,-34.881046,51.057976,-2.5833092,-1.6298448,6.2046795,3.1711926,-21.403133,31.761488,50.451965,-20.731483,-2.0640628,2.2395563
581,-0.09717582166194916,-12.451231002807617,78.38597106933594,0.8204012201084435,-1.8774027418549697,-94.50842068615206,7.4308286,3.2572005,15.762962,8.200335,-11.373906,-4.088392,2.2808535,-10.169914,-9.678086,15.577941,-12.878783,9.125752,0.1580956,-0.18081206,8.913976,5.173739,21.308912,-34.9746,51.261433,-2.597925,-1.5899184,6.15966,3.1956444,-21.407372,31.893038,50.470013,-20.696861,-2.0835364,2.3341544
582,-0.03118659369647503,-12.496021270751953,78.38386535644531,0.8328725063611883,-1.9054545071157907,-94.44138574272586,7.5585155,3.1477005,15.704473,8.030525,-11.32382,-4.0223355,2.5020034,-10.253263,-9.889139,15.317512,-12.819427,9.157292,0.22580941,-0.2234299,8.855875,5.1608396,21.232595,-35.07061,51.453827,-2.6355872,-1.5601851,6.110277,3.2163115,-21.416906,32.026638,50.476196,-20.646217,-2.1175656,2.4030287
583,0.0339728444814682,-12.540141105651855,78.3817367553711,0.849855908780745,-1.9337160364994919,-94.37734681109556,7.6916704,3.0346143,15.647877,7.8497157,-11.267647,-3.9576535,2.7145743,-10.334993,-10.065962,15.068519,-12.766458,9.191702,0.29732096,-0.27237046,8.804017,5.160634,21.176735,-35.163322,51.616142,-2.679617,-1.5296133,6.0606346,3.2318704,-21.428127,32.160114,50.470284,-20.587551,-2.1537905,2.4535115
584,0.09161354601383209,-12.581517219543457,78.37982177734375,0.8694026166926053,-1.9638196672492072,-94.31966644054934,7.83563,2.918941,15.596991,7.6524377,-11.2046385,-3.8970826,2.9193053,-10.413898,-10.2021885,14.8309555,-12.719282,9.231902,0.3725134,-0.3245097,8.756668,5.171183,21.130724,-35.24669,51.758408,-2.70551,-1.4889613,6.0174456,3.2378407,-21.440208,32.29409,50.459766,-20.527094,-2.179295,2.4926047
585,0.15217602252960205,-12.625048637390137,78.37593078613281,0.8909195160792233,-1.9964218023041278,-94.26948264934612,7.9950256,2.7993727,15.553115,7.4310226,-11.131023,-3.8427377,3.117729,-10.488778,-10.286598,14.601403,-12.676242,9.278408,0.4449871,-0.37199995,8.707259,5.1755714,21.061537,-35.324783,51.919113,-2.7135515,-1.4401947,5.990256,3.2282321,-21.461292,32.450623,50.451576,-20.45894,-2.1855469,2.5106976
586,0.20902922749519348,-12.666877746582031,78.37255859375,0.9164461882941288,-2.0303352236717087,-94.2247852615716,8.164131,2.6767077,15.513952,7.1941643,-11.052392,-3.7929473,3.305895,-10.561451,-10.325267,14.386207,-12.64167,9.329879,0.5267951,-0.4251595,8.665392,5.188771,21.011206,-35.402584,52.053596,-2.7164876,-1.3845189,5.969195,3.2123933,-21.479942,32.602856,50.43412,-20.391035,-2.1828048,2.5098426
587,0.2660428285598755,-12.708349227905273,78.36679077148438,0.9435707641667653,-2.0649315943647624,-94.18447453167987,8.2772665,2.5705807,15.475213,7.0836434,-11.040052,-3.744859,3.4896429,-10.6319475,-10.339921,14.174493,-12.60843,9.385678,0.5994147,-0.46969032,8.618204,5.1941686,20.92605,-35.461784,52.214428,-2.6941438,-1.3248765,5.951888,3.1867027,-21.512802,32.765903,50.416344,-20.311459,-2.1783733,2.5059493
588,0.3152928948402405,-12.748305320739746,78.3619155883789,0.9703495211017765,-2.0992207399210137,-94.14706204022468,8.351767,2.4766872,15.43697,7.0574775,-11.072941,-3.6950169,3.6689935,-10.702235,-10.35213,13.968382,-12.576619,9.445697,0.67735416,-0.51434344,8.572642,5.2027464,20.843256,-35.50446,52.36349,-2.641061,-1.2566144,5.925323,3.164351,-21.545895,32.895718,50.390682,-20.23469,-2.184858,2.5197935
589,0.3581129014492035,-12.786608695983887,78.35653686523438,1.001254877615184,-2.132888125841103,-94.11461595350895,8.426546,2.3844502,15.4026985,7.0304427,-11.107196,-3.6416845,3.8408577,-10.772428,-10.358895,13.77227,-12.547589,9.512023,0.75652117,-0.55937195,8.526806,5.2223897,20.760992,-35.513405,52.49434,-2.5375175,-1.1747262,5.8847723,3.1381032,-21.577509,32.987118,50.361706,-20.15677,-2.2076766,2.559427
590,0.4074194133281708,-12.826151847839355,78.35057067871094,1.0339339233892941,-2.1665159036972264,-94.08688180081202,8.501839,2.2927983,15.372228,7.002504,-11.142014,-3.5869317,4.0055366,-10.842419,-10.352404,13.585425,-12.522101,9.583648,0.8375454,-0.60690933,8.48167,5.2533092,20.68477,-35.498478,52.60567,-2.3981094,-1.0819246,5.8357725,3.1056952,-21.605133,33.05251,50.331738,-20.07836,-2.2398121,2.6125422
