Frame,root_translateX,root_translateY,root_translateZ,root_rotateX,root_rotateY,root_rotateZ,left_hip_pitch_joint_dof,left_hip_roll_joint_dof,left_hip_yaw_joint_dof,left_knee_joint_dof,left_ankle_pitch_joint_dof,left_ankle_roll_joint_dof,right_hip_pitch_joint_dof,right_hip_roll_joint_dof,right_hip_yaw_joint_dof,right_knee_joint_dof,right_ankle_pitch_joint_dof,right_ankle_roll_joint_dof,waist_yaw_joint_dof,waist_roll_joint_dof,waist_pitch_joint_dof,left_shoulder_pitch_joint_dof,left_shoulder_roll_joint_dof,left_shoulder_yaw_joint_dof,left_elbow_joint_dof,left_wrist_roll_joint_dof,left_wrist_pitch_joint_dof,left_wrist_yaw_joint_dof,right_shoulder_pitch_joint_dof,right_shoulder_roll_joint_dof,right_shoulder_yaw_joint_dof,right_elbow_joint_dof,right_wrist_roll_joint_dof,right_wrist_pitch_joint_dof,right_wrist_yaw_joint_dof
0,0.0902613028883934,1.6673200130462646,77.82814025878906,0.691019301121175,-3.4654429072754924,-91.87090439724452,7.8642306,6.8527675,8.372591,6.931924,-10.498457,-9.609361,8.83975,-9.340576,-13.980326,8.129753,-13.017928,8.39838,2.3111799,-0.9148343,8.01835,2.3976026,16.618439,-35.075703,57.86702,14.966817,-5.362923,4.11201,-2.1931927,-9.465984,37.409893,62.131393,-4.9301877,2.1571207,-0.3004803
1,0.092556893825531,1.660046935081482,77.82913208007812,0.6790084822238229,-3.4347774116489878,-91.9522119008158,7.8601403,6.8852296,8.472592,6.930955,-10.526643,-9.645944,8.801156,-9.305179,-13.895209,8.088374,-13.006084,8.418496,2.3716567,-0.89597917,8.042041,2.4471552,16.64189,-34.979427,57.80181,14.944099,-5.3742604,4.100263,-2.218268,-9.4573765,37.42049,62.10791,-4.93385,2.1701376,-0.311942
2,0.09050179272890091,1.6553672552108765,77.82967376708984,0.6662652134319794,-3.40355587207666,-92.02896233870987,7.8546667,6.917634,8.568605,6.9298086,-10.554152,-9.680245,8.765664,-9.269669,-13.814219,8.043057,-12.992479,8.43984,2.421539,-0.8756285,8.061575,2.4960523,16.658836,-34.875134,57.74902,14.931742,-5.3881354,4.089964,-2.247423,-9.448872,37.444115,62.092216,-4.933921,2.18421,-0.32399225
3,0.08413843810558319,1.6532961130142212,77.83090209960938,0.654189374097131,-3.373419893501422,-92.11528576635664,7.852699,6.9515996,8.672922,6.92849,-10.582988,-9.718541,8.725153,-9.233908,-13.72487,8.004042,-12.981641,8.458452,2.4881053,-0.8543678,8.082458,2.5297203,16.667234,-34.784214,57.70774,14.900188,-5.400284,4.0802836,-2.2676492,-9.442911,37.453403,62.06551,-4.934861,2.196946,-0.33683982
4,0.07810670137405396,1.6521592140197754,77.8316879272461,0.6424408449400336,-3.3466746234360305,-92.22416619103605,7.8596206,6.9895353,8.796286,6.926425,-10.614428,-9.767039,8.679412,-9.195801,-13.617117,7.967521,-12.9714775,8.470377,2.5335062,-0.8338077,8.122863,2.5930328,16.678814,-34.628963,57.618305,14.857617,-5.4091134,4.0592933,-2.3151906,-9.432066,37.475002,62.040073,-4.940369,2.2051961,-0.34745425
5,0.07298805564641953,1.6517609357833862,77.83220672607422,0.6295929377294901,-3.319009139530549,-92.35838225704813,7.8711267,7.03446,8.939852,6.924206,-10.650091,-9.833151,8.62086,-9.153325,-13.4896,7.938275,-12.964306,8.469604,2.5882015,-0.8150347,8.171855,2.6607983,16.692156,-34.45744,57.509766,14.792917,-5.4094095,4.037552,-2.3693345,-9.417389,37.492573,62.006573,-4.940992,2.206407,-0.36124822
6,0.06395190954208374,1.653685450553894,77.83174133300781,0.6143374686874403,-3.29105480499575,-92.51054208893417,7.8869634,7.08638,9.09779,6.920705,-10.688201,-9.911593,8.553875,-9.105837,-13.348281,7.913445,-12.958913,8.460281,2.6507661,-0.79496884,8.2284565,2.731032,16.707169,-34.275436,57.385834,14.711594,-5.4036503,4.014593,-2.4282377,-9.399418,37.50275,61.966007,-4.940757,2.202534,-0.3762769
7,0.04937578737735748,1.6605881452560425,77.83362579345703,0.6007387390853689,-3.2706678383972205,-92.68134319795553,7.9153376,7.139067,9.273304,6.918016,-10.728427,-9.989879,8.486113,-9.0581,-13.189641,7.894013,-12.955656,8.453374,2.6946921,-0.7821634,8.303253,2.8295314,16.73617,-34.03826,57.21391,14.599426,-5.4002395,3.9739754,-2.5120924,-9.364684,37.522324,61.9332,-4.950879,2.197977,-0.3899023
8,0.03718049079179764,1.6680324077606201,77.834228515625,0.5984852620921546,-3.265696353061332,-92.87211331147394,7.966116,7.1853337,9.470535,6.9155307,-10.769292,-10.055292,8.425702,-9.015886,-13.009596,7.8791566,-12.95393,8.459745,2.7532225,-0.7769827,8.401382,2.9241471,16.768976,-33.785137,57.015747,14.419,-5.406473,3.908063,-2.5915449,-9.324125,37.506783,61.88018,-4.9916453,2.1983147,-0.39640749
9,0.02164919674396515,1.6762977838516235,77.83260345458984,0.6096302548004506,-3.2777156939664573,-93.08507993949378,8.042002,7.220245,9.694156,6.913196,-10.812203,-10.103465,8.37156,-8.984725,-12.80654,7.8731313,-12.953742,8.484964,2.8200166,-0.78019726,8.528802,3.0175269,16.801302,-33.49656,56.790047,14.174345,-5.423743,3.7999525,-2.672215,-9.28268,37.459736,61.807396,-5.0588293,2.2098503,-0.38135174
10,-0.0029000798240303993,1.6853777170181274,77.83104705810547,0.635433771339737,-3.299709410811644,-93.32159968716083,8.135479,7.242356,9.943704,6.9100704,-10.856315,-10.140841,8.223712,-8.987736,-12.56409,8.073972,-13.059663,8.523115,2.8869221,-0.7976605,8.678079,3.12245,16.839762,-33.16392,56.52813,13.879782,-5.4477916,3.6586478,-2.7637,-9.232963,37.399055,61.725967,-5.144352,2.2280598,-0.35217327
11,-0.032674189656972885,1.7027082443237305,77.82270050048828,0.6925307309255287,-3.3244840863629546,-93.58422647467323,8.239497,7.2349834,10.219168,6.90502,-10.898134,-10.169729,7.755635,-9.088336,-12.244518,8.95122,-13.522638,8.573212,2.955528,-0.8497373,8.837314,3.2433615,16.891712,-32.7983,56.22329,13.526533,-5.478771,3.5110695,-2.864646,-9.167569,37.332355,61.637585,-5.2585216,2.242602,-0.33624968
12,-0.06798242032527924,1.722585916519165,77.81449127197266,0.7378178349996897,-3.363396775811254,-93.8548397683649,8.361436,7.2466655,10.496419,6.90143,-10.936728,-10.198891,7.374387,-9.146362,-11.92688,9.669728,-13.908613,8.620335,3.0198233,-0.88741773,9.010892,3.366071,16.947765,-32.42828,55.88683,13.104181,-5.5173573,3.3877883,-2.9567637,-9.098649,37.250885,61.522945,-5.4151325,2.2433972,-0.35805726
13,-0.10928459465503693,1.7391470670700073,77.80608367919922,0.7876782048138794,-3.4233167066238703,-94.13840670155072,8.51199,7.261634,10.7819605,6.898571,-10.9754715,-10.218742,7.057378,-9.186621,-11.60086,10.295965,-14.256883,8.670597,3.0814786,-0.9261287,9.203876,3.4985995,17.00906,-32.043182,55.51248,12.577083,-5.5609293,3.2776606,-3.0347373,-9.024907,37.1598,61.385727,-5.588705,2.2180982,-0.44016007
14,-0.1558987945318222,1.7556575536727905,77.79642486572266,0.8422684708906912,-3.5014892647945186,-94.43720949402817,8.688294,7.276465,11.079295,6.8954673,-11.013622,-10.229126,6.781608,-9.217445,-11.261852,10.86955,-14.583787,8.725125,3.1557915,-0.96007,9.415809,3.618036,17.0577,-31.658096,55.125404,11.958778,-5.609962,3.1752055,-3.0863168,-8.96644,37.043736,61.207104,-5.7824197,2.1766584,-0.5613116
15,-0.20735207200050354,1.7711232900619507,77.78532409667969,0.8764342816174294,-3.5822983291586152,-94.74247677005863,8.867738,7.3183904,11.377419,6.8945293,-11.044402,-10.247406,6.5347967,-9.208253,-10.920055,11.378907,-14.879832,8.769198,3.1975358,-0.9782955,9.637193,3.7604544,17.126001,-31.237593,54.683044,11.32817,-5.670542,3.1017187,-3.1640737,-8.8891325,36.939003,61.02099,-6.046081,2.1397865,-0.6901453
16,-0.2622847557067871,1.7954481840133667,77.77823638916016,0.8686378260043522,-3.6506808205197703,-95.04620612140353,9.030532,7.412191,11.666635,6.8941264,-11.058592,-10.289964,6.3103046,-9.1303005,-10.5853815,11.801584,-15.129769,8.78803,3.2184067,-0.95399624,9.854049,3.8936005,17.20546,-30.827023,54.21227,10.747755,-5.748708,3.0910637,-3.2634,-8.80437,36.826057,60.803925,-6.433413,2.1299286,-0.7895746
17,-0.322560578584671,1.8175569772720337,77.77517700195312,0.8293476556716528,-3.705167293284873,-95.35126704852196,9.176297,7.5493426,11.957953,6.8938417,-11.075918,-10.356152,6.122091,-8.993647,-10.253104,12.106165,-15.319331,8.778579,3.2278352,-0.8951954,10.062919,3.9991152,17.281015,-30.44434,53.747284,10.182516,-5.852226,3.1559882,-3.3697677,-8.727787,36.70325,60.539856,-6.978349,2.156656,-0.8550004
18,-0.37459471821784973,1.8468445539474487,77.74191284179688,0.7037085071282231,-3.748376010547647,-95.6427499704434,8.849198,7.8953147,12.1732235,7.878404,-11.609597,-10.443065,5.893875,-8.76376,-9.930424,12.470977,-15.542709,8.749961,3.2067535,-0.7461764,10.26184,4.084345,17.35191,-30.075125,53.27836,9.613842,-5.977456,3.279028,-3.479561,-8.659887,36.57283,60.232155,-7.645762,2.2074177,-0.90276
19,-0.42543914914131165,1.8915059566497803,77.69493103027344,0.4986849985133815,-3.7817314711154575,-95.9235632938605,7.8850574,8.476527,12.27083,10.197871,-12.804025,-10.543453,5.6699696,-8.43573,-9.627025,12.797077,-15.74184,8.699171,3.1548645,-0.50819725,10.457466,4.1562862,17.417295,-29.702486,52.76979,9.137927,-6.1140733,3.448648,-3.6038005,-8.605175,36.42572,59.87907,-8.387219,2.272292,-0.9245991
20,-0.4741887152194977,1.9349066019058228,77.62798309326172,0.18502057651876372,-3.805348653183156,-96.18623467002358,6.7457266,9.221035,12.285481,12.848167,-14.080906,-10.655965,5.4367433,-7.980657,-9.356028,13.113279,-15.926646,8.625392,3.062534,-0.14528151,10.654164,4.2185593,17.47422,-29.311377,52.188442,8.850913,-6.2511854,3.6544132,-3.750283,-8.570782,36.252045,59.47316,-9.153492,2.341182,-0.91189456
21,-0.5111899971961975,1.9931995868682861,77.54165649414062,-0.29161477000804176,-3.795720632199264,-96.41706845867135,5.3941755,10.191002,12.193148,15.839797,-15.492962,-10.778857,5.2002983,-7.327328,-9.1373825,13.35162,-16.061628,8.515072,2.9240336,0.40558118,10.818879,4.2578573,17.508419,-28.919935,51.56334,8.79693,-6.3898406,3.9213095,-3.9034522,-8.561994,36.0452,59.021942,-9.953308,2.39775,-0.8961023
22,-0.5450434684753418,2.0575313568115234,77.43124389648438,-0.9023890022611211,-3.7624851682824985,-96.62487210154072,3.8620589,11.348932,11.996753,19.11818,-17.017103,-10.90706,4.965893,-6.5127077,-8.956667,13.529029,-16.156904,8.3723545,2.7293696,1.1031904,10.968514,4.2971873,17.537874,-28.503302,50.87418,8.925096,-6.5330286,4.2417946,-4.0763483,-8.570466,35.82687,58.528885,-10.803703,2.4516175,-0.86973935
23,-0.5821159482002258,2.1239752769470215,77.29937744140625,-1.5458271430556625,-3.755786315092386,-96.83578443977915,2.2827137,12.558788,11.721175,22.515429,-18.456415,-11.038398,4.722594,-5.6691027,-8.777577,13.786218,-16.28747,8.223926,2.5073524,1.8434054,11.1665945,4.3226485,17.56448,-28.061962,50.099537,9.168245,-6.67157,4.5731044,-4.2838874,-8.59918,35.585625,57.967697,-11.674499,2.530897,-0.76689196
24,-0.6181151270866394,2.19486403465271,77.1491470336914,-2.125729189980074,-3.8248749846072663,-97.07383568215839,0.78031665,13.689036,11.401714,25.89806,-19.631409,-11.176136,4.447386,-4.9253707,-8.565258,14.280894,-16.529926,8.095749,2.2696023,2.5239408,11.485304,4.347992,17.606207,-27.566757,49.177925,9.46549,-6.797654,4.864249,-4.5368767,-8.670137,35.32562,57.28529,-12.5335045,2.6623278,-0.5165668
25,-0.6364870667457581,2.2683496475219727,76.99877166748047,-2.651938160689369,-3.9854873102145976,-97.33445587564121,-0.6520949,14.7479925,11.029283,29.338158,-20.527143,-11.302482,4.1581516,-4.266921,-8.329799,15.009553,-16.890127,7.993043,2.031954,3.1633742,11.932432,4.3598146,17.649494,-27.0412,48.13725,9.835654,-6.9002295,5.126387,-4.81703,-8.778721,35.00748,56.477913,-13.343409,2.8469443,-0.086111754
26,-0.6508294343948364,2.352121353149414,76.83280944824219,-3.1654327026284244,-4.210419787239071,-97.6068341343743,-2.0708635,15.780053,10.594153,32.882603,-21.232851,-11.430111,3.8534086,-3.6385756,-8.085001,15.907059,-17.332592,7.9034677,1.7758406,3.7997608,12.476335,4.3614726,17.692421,-26.48179,46.98757,10.301499,-6.9855356,5.3764863,-5.1231723,-8.925108,34.647503,55.560078,-14.132587,3.0684283,0.48573527
27,-0.6591336727142334,2.4430177211761475,76.65823364257812,-3.6091749708953924,-4.4824807537898295,-97.90615599593082,-3.4204843,16.712336,10.146003,36.366737,-21.73833,-11.611376,3.4821012,-3.1057293,-7.804416,17.032537,-17.87148,7.8272076,1.5105084,4.3623934,13.099983,4.337847,17.751019,-25.9035,45.71199,10.784362,-7.0706253,5.5893946,-5.4864244,-9.104593,34.28908,54.551914,-14.976019,3.3249378,1.155402
28,-0.6554255485534668,2.530179262161255,76.47738647460938,-3.923191209694671,-4.783573175096343,-98.24901488855089,-4.651244,17.47723,9.738,39.644547,-22.040483,-11.893508,2.9957638,-2.7364113,-7.461731,18.441402,-18.518085,7.7650666,1.2490216,4.775531,13.785139,4.282547,17.852108,-25.320288,44.28071,11.204245,-7.1729403,5.7378182,-5.939285,-9.304856,33.974537,53.477345,-15.950243,3.6134768,1.8799514
29,-0.6516258716583252,2.6112430095672607,76.28680419921875,-4.063533017402992,-5.118840565516725,-98.64885797105313,-5.750166,18.0365,9.419081,42.746586,-22.045877,-12.346319,2.3501441,-2.5783303,-7.038544,20.237108,-19.314781,7.731345,0.9959507,4.9809937,14.543296,4.237695,18.010002,-24.707964,42.641174,11.472598,-7.2988577,5.7868414,-6.5054774,-9.515916,33.71933,52.36518,-17.047522,3.9231563,2.71006
30,-0.6510223150253296,2.70412540435791,76.0861587524414,-4.061407644617883,-5.49097764529289,-99.0967173439092,-6.747533,18.424849,9.162921,45.755707,-21.800426,-12.925716,1.5893891,-2.58573,-6.5513,22.338015,-20.231052,7.7257104,0.7440457,5.01407,15.374582,4.214507,18.229982,-24.060837,40.795628,11.650774,-7.4381557,5.7548184,-7.168837,-9.733381,33.506554,51.204453,-18.239666,4.2504992,3.6502028
31,-0.6298510432243347,2.801269054412842,75.88289642333984,-3.970700880676351,-5.879850261637869,-99.5745592913591,-7.6608124,18.690775,8.910706,48.605312,-21.510494,-13.507938,0.80016524,-2.6850832,-6.0258493,24.522312,-21.171345,7.7259083,0.49237293,4.9411345,16.242474,4.1642094,18.53035,-23.424522,38.78872,11.883522,-7.582563,5.6936283,-7.905981,-9.953239,33.328777,49.965794,-19.570934,4.604781,4.5893517
32,-0.5928539037704468,2.890826463699341,75.67564392089844,-3.8511894294499456,-6.266577517400339,-100.06310239659048,-8.504987,18.886168,8.604973,51.21647,-21.376339,-13.973997,0.062376313,-2.8029034,-5.489292,26.585442,-22.044533,7.7073846,0.24193761,4.832741,17.113554,4.0409303,18.93684,-22.849958,36.656338,12.31379,-7.723827,5.6543803,-8.690669,-10.170599,33.17548,48.614075,-21.085163,4.9984446,5.419131
33,-0.5472352504730225,2.969252824783325,75.46513366699219,-3.6703110072321388,-6.6647012486367005,-100.57662456193667,-9.250833,18.955072,8.2372875,53.5816,-21.448074,-14.285207,-0.6445342,-2.9776587,-4.9228616,28.592442,-22.873528,7.660563,0.004418818,4.653764,18.005978,3.8767498,19.465193,-22.35985,34.36608,13.062891,-7.8921447,5.656833,-9.54794,-10.382125,33.068367,47.188416,-22.858162,5.435022,6.1009607
34,-0.5007305145263672,3.0472869873046875,75.25178527832031,-3.4120300665205856,-7.076484793411624,-101.11994275943735,-9.89953,18.88851,7.848173,55.738834,-21.61725,-14.515513,-1.3441045,-3.225591,-4.3189144,30.603306,-23.685522,7.602117,-0.21878761,4.3787613,18.927818,3.6966786,20.118416,-21.928015,31.886358,14.020011,-8.079809,5.667723,-10.481499,-10.584611,33.006557,45.690666,-24.846874,5.906787,6.7049603
35,-0.44619572162628174,3.1170051097869873,75.04469299316406,-3.162070309595363,-7.467975497869897,-101.6581624912167,-10.511788,18.81715,7.446026,57.66593,-21.84404,-14.713575,-1.9724292,-3.4428113,-3.7244878,32.429153,-24.410126,7.5420003,-0.44343752,4.098305,19.83115,3.4465015,20.902672,-21.537123,29.2518,14.980708,-8.222054,5.6558332,-11.434637,-10.774511,32.94334,44.03054,-26.917023,6.4135027,7.2856507
36,-0.39280635118484497,3.179492473602295,74.84635925292969,-3.00955553454094,-7.807963468245595,-102.15442860768944,-11.152737,18.87771,7.030835,59.345203,-22.08732,-14.924015,-2.4710264,-3.5304396,-3.1885843,33.89262,-24.98241,7.4861856,-0.6846567,3.9052668,20.667816,3.0739393,21.826155,-21.177042,26.495855,15.739378,-8.254703,5.587476,-12.3488,-10.950971,32.825047,42.114956,-28.936954,6.9546547,7.895519
37,-0.32344871759414673,3.2328176498413086,74.66510009765625,-2.9941333935927053,-8.111584385101493,-102.57901193440182,-11.848229,19.09409,6.5568905,60.81056,-22.401876,-15.000033,-2.812908,-3.4617767,-2.7350886,34.9864,-25.418236,7.4272866,-0.977784,3.8449242,21.44391,2.575257,22.912369,-20.897732,23.576231,16.191185,-8.141724,5.4721255,-13.208693,-11.115104,32.62312,39.864265,-30.948727,7.573446,8.58968
38,-0.2396150678396225,3.2722766399383545,74.51136779785156,-3.0415742068411378,-8.385019963292624,-102.9464238268837,-12.5671,19.373783,6.037419,62.05139,-22.77909,-15.000033,-3.0537415,-3.328691,-2.3354049,35.831528,-25.762587,7.366828,-1.3091972,3.8345957,22.173193,1.9903253,24.167398,-20.705914,20.46925,16.454493,-7.9235964,5.3149447,-14.035661,-11.269933,32.36074,37.334583,-33.005684,8.252761,9.336011
39,-0.15481968224048615,3.2991275787353516,74.39484405517578,-3.1260679717775024,-8.593706389074097,-103.30508469147804,-13.282702,19.732813,5.5761733,62.993683,-23.09187,-15.000033,-3.2327633,-3.1516848,-1.9584897,36.3949,-25.964912,7.3134193,-1.604553,3.8326802,22.827732,1.3275687,25.559443,-20.518892,17.24772,16.664354,-7.651579,5.0793056,-14.82939,-11.418443,32.065544,34.638287,-34.98298,8.908375,10.045913
40,-0.06991603970527649,3.3217132091522217,74.32164764404297,-3.1860541415356374,-8.694984496602107,-103.69082707895163,-13.97697,20.147095,5.291673,63.555325,-23.205706,-15.000033,-3.410938,-2.9931011,-1.5742022,36.679554,-25.995785,7.2854347,-1.806249,3.7734787,23.36894,0.57777786,27.034498,-20.243656,14.0163355,16.963902,-7.3798933,4.7336817,-15.598867,-11.5636,31.771688,31.90151,-36.748844,9.465376,10.619818
41,0.023587897419929504,3.332726240158081,74.30745697021484,-3.2361140441435663,-8.674307299318645,-104.08973674719951,-14.673928,20.66937,5.2094793,63.731323,-23.114868,-15.000033,-3.5984743,-2.8490295,-1.2004927,36.68486,-25.854889,7.271164,-1.9106911,3.6824272,23.763048,-0.31322768,28.56163,-19.877653,10.816053,17.443365,-7.082507,4.236933,-16.341429,-11.70906,31.497053,29.110617,-38.25246,9.944248,11.004914
42,0.1363292634487152,3.3343865871429443,74.34860229492188,-3.299196160959164,-8.556165229819404,-104.4916620441922,-15.374238,21.299053,5.263546,63.560814,-22.879894,-15.000033,-3.765481,-2.694097,-0.8432032,36.412003,-25.556355,7.265095,-1.9476854,3.5970044,24.029099,-1.3564601,30.134626,-19.47332,7.637867,18.022331,-6.7516184,3.6204774,-17.055582,-11.856752,31.225307,26.225021,-39.562973,10.386675,11.253408
43,0.27388298511505127,3.321540355682373,74.45418548583984,-3.3377577721535148,-8.355967309420716,-104.93734005488302,-16.018501,21.932625,5.4433556,63.022964,-22.464634,-15.000033,-3.9041128,-2.5581434,-0.45402378,35.849304,-25.084196,7.2953315,-1.9075083,3.472856,24.208591,-2.5132298,31.730871,-19.018572,4.5296965,18.586695,-6.4675946,2.9684646,-17.751303,-12.001375,30.937862,23.325388,-40.720894,10.753886,11.416668
44,0.42883405089378357,3.3112194538116455,74.61296081542969,-3.3165025547764193,-8.088676718966077,-105.46634509424786,-16.546938,22.466486,5.7404423,62.098423,-21.83284,-15.000033,-4.00807,-2.4725912,0.01606467,34.98816,-24.424246,7.3898587,-1.7870824,3.2665536,24.342306,-3.7495623,33.318527,-18.493677,1.552011,19.02361,-6.3067746,2.368583,-18.450363,-12.130781,30.62288,20.507273,-41.765194,11.005356,11.542791
45,0.6047576665878296,3.3131375312805176,74.81884002685547,-3.229106812996179,-7.748927205417442,-106.09343355102037,-16.927183,22.923067,6.230064,60.7383,-20.91496,-15.000033,-4.0713544,-2.4478471,0.6018735,33.80129,-23.56324,7.5160356,-1.570712,2.9722366,24.422873,-5.0888896,34.867977,-17.874348,-1.2676511,19.370512,-6.320659,1.7746204,-19.154037,-12.230785,30.272839,17.798992,-42.715866,11.122392,11.610785
46,0.7940589189529419,3.2783150672912598,75.08709716796875,-3.0903857398563432,-7.328897777807833,-106.79275932534394,-17.18891,23.331553,6.905806,58.968407,-19.753681,-15.000033,-4.09901,-2.484184,1.2759207,32.30695,-22.516214,7.670058,-1.2706401,2.6129007,24.42439,-6.590572,36.3702,-17.20318,-3.900813,19.671516,-6.4592566,1.1708977,-19.871101,-12.2946,29.901218,15.183936,-43.54509,11.135648,11.59392
47,1.004042625427246,3.226797580718994,75.40203857421875,-2.90529502209385,-6.841457346004928,-107.5437070892812,-17.368504,23.606762,7.6263576,56.87801,-18.479565,-15.000033,-4.099033,-2.5909286,1.9961737,30.558971,-21.310274,7.9212465,-0.9217567,2.1930254,24.362568,-8.259883,37.827972,-16.556349,-6.3036814,19.829313,-6.6389413,0.6915188,-20.63319,-12.32137,29.524242,12.690068,-44.22249,11.073664,11.531493
48,1.23172128200531,3.1708765029907227,75.7489242553711,-2.70051334063837,-6.306272926491934,-108.34007757178532,-17.500214,23.702307,8.230331,54.55805,-17.2253,-15.000033,-4.0608373,-2.7376418,2.7246625,28.57814,-19.95463,8.332157,-0.5443708,1.7426876,24.262901,-10.0905695,39.25166,-16.00716,-8.448515,19.746805,-6.7724247,0.46835026,-21.467583,-12.315276,29.156006,10.338425,-44.718906,10.962584,11.466029
49,1.4797070026397705,3.1124460697174072,76.1180648803711,-2.4340096718670448,-5.71382003485139,-109.16119398575195,-17.546062,23.52102,8.72393,51.876545,-15.9675045,-15.000033,-3.9406216,-2.976866,3.5223687,26.253033,-18.392748,8.831632,-0.15131682,1.208445,24.122755,-12.113951,40.64196,-15.605813,-10.310845,19.292017,-6.8470144,0.5633201,-22.34862,-12.273902,28.782,8.131479,-44.988068,10.786762,11.402158
50,1.734160304069519,3.06085467338562,76.49081420898438,-2.122805910115492,-5.061709587250968,-110.02296690533998,-17.491993,23.13368,9.155926,48.819874,-14.648752,-15.000033,-3.7472038,-3.3027115,4.3964763,23.597149,-16.63444,9.405178,0.28509828,0.60564566,23.938337,-14.350183,41.992756,-15.337508,-11.904597,18.555748,-6.904487,0.8996539,-23.269333,-12.194276,28.393112,6.0584073,-45.05821,10.539302,11.317729
51,2.0145020484924316,3.004603385925293,76.8485107421875,-1.7922056117411007,-4.357597121149883,-110.92863987040164,-17.419897,22.623747,9.460062,45.60755,-13.325334,-15.000033,-3.59199,-3.7093363,5.2199583,20.869429,-14.829996,10.233404,0.7551339,-0.03065859,23.713821,-16.781694,43.31177,-15.171079,-13.257086,17.767265,-6.9435,1.3971311,-24.282763,-12.083628,28.015461,4.11148,-45.01159,10.258408,11.216055
52,2.313588857650757,2.9640073776245117,77.17597961425781,-1.463689431400563,-3.611508339384154,-111.88120279754087,-17.407785,22.06876,9.585651,42.457836,-12.048351,-15.000033,-3.5732024,-4.1867914,5.866868,18.300539,-13.115417,11.507819,1.2476506,-0.6761259,23.457205,-19.376673,44.617397,-15.066449,-14.413936,17.153368,-6.957386,1.9736565,-25.437063,-11.955117,27.67726,2.271833,-44.92741,9.982155,11.100774
53,2.6251473426818848,2.9194581508636475,77.46311950683594,-1.1068030051116153,-2.7792263941310646,-112.90943876696889,-17.475042,21.412266,9.466201,39.287334,-10.926591,-15.000033,-3.6372151,-4.718837,6.4484043,15.579796,-11.357441,13.608464,1.7747838,-1.3630672,23.136135,-22.085825,45.922424,-15.00163,-15.437564,16.769138,-6.9101543,2.6602607,-26.725588,-11.81147,27.400906,0.5305713,-44.778603,9.701968,10.952389
54,2.911778450012207,2.886117935180664,77.70076751708984,-0.8910176973427489,-1.889522792535427,-114.03709641628713,-17.623533,20.875841,9.037226,36.115124,-9.940452,-15.000033,-3.4976537,-4.973301,7.0261292,12.215587,-9.287608,15.000033,2.373763,-1.9438188,22.771544,-24.808899,47.235012,-14.951539,-16.41993,16.506489,-6.8157377,3.4779606,-28.12344,-11.647905,27.165712,-1.1086162,-44.534157,9.404812,10.776924
55,3.189685583114624,2.871565103530884,77.89216613769531,-0.7798018092601275,-1.049889544995161,-115.19381462448767,-17.775707,20.480892,8.479356,33.123043,-8.869201,-15.000033,-3.2295291,-5.0911427,7.332443,8.802682,-7.186753,15.000033,2.9652593,-2.4813917,22.485191,-27.980825,48.565018,-15.079175,-16.984694,16.258677,-6.744841,4.3307147,-29.667099,-11.464558,26.9708,-2.6828973,-44.26404,9.122582,10.612777
56,3.4909210205078125,2.8663859367370605,78.05084228515625,-0.6703124533098116,-0.3360575451886597,-116.29242414253181,-17.85232,20.13126,8.025665,30.417614,-7.452558,-15.000033,-3.6387336,-5.388334,7.0486264,7.35144,-6.043962,15.000033,3.5265021,-3.0278037,22.334005,-31.22207,49.915,-15.26964,-17.480194,16.080278,-6.7544026,5.1416845,-31.341175,-11.284455,26.748625,-4.2125654,-44.051983,8.877086,10.503163
57,3.8219053745269775,2.873783588409424,78.1821517944336,-0.6194254466611364,0.28030137137828387,-117.35291764204976,-17.915997,19.913054,7.696909,28.035162,-5.4623137,-15.000033,-4.536047,-5.844042,5.9443135,7.3364277,-5.4902954,15.000033,4.045206,-3.5106955,22.319336,-34.64376,51.30932,-15.515529,-17.861338,15.957276,-6.8474474,5.8856215,-33.167393,-11.129958,26.533974,-5.7551603,-43.89717,8.676384,10.498609
58,4.192399024963379,2.862433671951294,78.27708435058594,-0.6320189490740451,0.8442132371394507,-118.41167239813544,-17.998972,19.809664,7.42667,25.902962,-3.0789769,-15.000033,-5.430418,-6.435374,4.1809983,7.5563345,-4.9173164,15.000033,4.546122,-3.932932,22.406742,-38.23143,52.75578,-15.824878,-18.159466,15.896193,-6.991971,6.612185,-35.109074,-11.008499,26.341595,-7.337239,-43.760212,8.506766,10.563403
59,4.5849833488464355,2.846296787261963,78.3138427734375,-0.6899504845667431,1.3142713434232034,-119.4371256941095,-18.074104,19.790539,7.2138467,24.085375,-0.70176554,-15.000033,-7.176165,-7.113155,2.1696556,10.05663,-5.4759636,15.000033,5.0095053,-4.318128,22.618813,-41.911568,54.229866,-16.206657,-18.369843,15.875988,-7.206626,7.3345103,-37.1216,-10.920745,26.152727,-8.938255,-43.65937,8.363837,10.604158
60,4.979602813720703,2.8335611820220947,78.28491973876953,-0.7466293145625021,1.6407348212659743,-120.38762811334146,-18.097895,19.785755,7.04751,22.641874,1.264968,-15.000033,-8.900688,-8.027776,0.14198299,13.25106,-6.409845,15.000033,5.411493,-4.709562,22.978474,-45.625446,55.686253,-16.666992,-18.456974,15.880105,-7.5117555,8.061151,-39.17387,-10.863906,25.944729,-10.514498,-43.61572,8.244367,10.529644
61,5.397897720336914,2.808871269226074,78.19510650634766,-0.6757504003951155,1.778850183811238,-121.22626935597681,-17.967663,19.659315,7.0939293,21.494678,2.9191678,-15.000033,-10.655501,-9.473089,-2.0422473,17.492764,-7.9830384,15.000033,5.747114,-5.219547,23.534012,-49.504356,57.117676,-17.258709,-18.336432,15.888462,-7.972211,8.807673,-41.30233,-10.849371,25.693823,-12.058457,-43.699635,8.165539,10.320296
62,5.836611747741699,2.7742538452148438,78.04017639160156,-0.38565100397255664,1.7314052327489613,-121.94267244389931,-17.672846,19.30834,7.361789,20.620003,4.416086,-15.000033,-12.366255,-11.602875,-4.3374686,22.600958,-10.097295,15.000033,6.014446,-5.930205,24.299072,-53.58752,58.519657,-17.999657,-18.024334,15.916022,-8.55703,9.559795,-43.501312,-10.878778,25.404222,-13.595349,-43.880642,8.126758,10.025619
63,6.270636558532715,2.713212490081787,77.81519317626953,0.009938110709964637,1.5383281786628225,-122.55311966922983,-17.359873,18.829826,7.5255866,20.19115,5.414595,-15.000033,-13.771538,-14.029244,-6.254414,27.765272,-12.246865,15.000033,6.1927133,-6.724749,25.20253,-57.63654,59.834858,-18.785948,-17.608625,16.01286,-9.143708,10.2774935,-45.732437,-10.933012,25.095768,-15.059444,-44.011497,8.0941305,9.657856
64,6.687316417694092,2.6416945457458496,77.52019500732422,0.3093644386502931,1.2769223719923464,-123.11393633043843,-17.232964,18.428907,7.233654,20.41602,5.557674,-15.000033,-14.822553,-16.150658,-7.4054503,32.419525,-13.981442,15.000033,6.2967815,-7.384491,26.120834,-61.373966,60.981537,-19.459578,-17.167313,16.240534,-9.612547,10.910916,-47.936993,-10.973488,24.801556,-16.377537,-43.98971,8.03432,9.226626
65,7.0898756980896,2.553283452987671,77.16159057617188,0.39759424217317463,0.9580304677523458,-123.65913933186592,-17.376953,18.189579,6.1868167,21.486607,4.5993786,-15.000033,-15.621665,-17.646526,-7.688004,36.67433,-15.29231,15.000033,6.3513627,-7.772948,27.004646,-64.7722,61.914734,-19.987518,-16.604807,16.642977,-9.986179,11.502206,-50.141674,-10.973256,24.537481,-17.459509,-43.758137,7.926029,8.655545
66,7.467714786529541,2.4919087886810303,76.76546478271484,0.27304669879555166,0.5836677770514773,-124.19744349477432,-17.749474,18.125189,4.6135283,23.290472,2.8015788,-15.000033,-16.277822,-18.607761,-7.430687,40.820656,-16.384977,14.818465,6.374564,-7.8901463,27.839342,-67.932526,62.635674,-20.39424,-15.854572,17.205917,-10.312864,12.043237,-52.440098,-10.945702,24.268318,-18.257587,-43.36525,7.7804337,7.974089
67,7.832517623901367,2.4216372966766357,76.29248809814453,0.029671448840240526,0.19352400907930442,-124.7072601490136,-18.276827,18.174755,2.9976122,25.48074,0.5986271,-15.000033,-16.843386,-19.224981,-6.891058,44.795128,-17.235718,14.471213,6.365294,-7.8326454,28.61547,-70.79056,63.126675,-20.611788,-15.039782,17.896215,-10.514525,12.405001,-54.74208,-10.884334,23.992525,-18.871077,-42.99228,7.626238,7.3404646
68,8.191375732421875,2.3292236328125,75.73709869384766,-0.20175684042760345,-0.18369973628923286,-125.16018694245909,-18.879635,18.26455,1.806096,27.740162,-1.652851,-15.000033,-17.34212,-19.786722,-6.2365103,48.51631,-17.819214,14.458909,6.304525,-7.7270217,29.331627,-73.25675,63.36853,-20.556173,-14.293142,18.683416,-10.522553,12.44768,-57.006775,-10.778335,23.703672,-19.3534,-42.78981,7.4953766,6.9119473
69,8.553682327270508,2.223066806793213,75.13642883300781,-0.4440738031660433,-0.4945873418329288,-125.55965914687866,-19.620743,18.492239,1.1841184,30.08537,-4.12908,-15.000033,-17.836899,-20.255102,-5.462279,52.008106,-17.991774,14.943188,6.1303377,-7.5592527,29.793802,-75.13844,63.315674,-20.146387,-13.585698,19.598005,-10.211805,11.9956255,-59.16044,-10.623417,23.471138,-19.660082,-42.74623,7.4000998,6.6976466
70,8.89612102508545,2.1459531784057617,74.5186538696289,-0.8624521330855126,-0.6876734759356251,-125.9719171327979,-20.645405,19.039526,0.81899095,32.70213,-6.9661527,-15.000033,-18.391272,-20.33617,-4.6837816,55.313084,-17.806376,15.000033,5.8682256,-7.166615,29.793802,-76.37895,62.9061,-19.43926,-12.802187,20.69273,-9.691462,11.150139,-61.214256,-10.300705,23.312817,-19.604343,-42.809887,7.3052864,6.6158533
71,9.234407424926758,2.0906143188476562,73.88468933105469,-1.315922873616365,-0.883869527301173,-126.37174311622205,-21.779057,19.678675,0.55269986,35.46498,-9.759987,-15.000033,-18.872765,-20.28893,-3.9035459,58.41256,-17.590322,15.000033,5.655613,-6.6758766,29.793802,-77.44776,62.232445,-18.643204,-12.019568,21.889011,-9.208028,10.211294,-63.22494,-9.910161,23.069399,-19.431961,-43.035484,7.2123284,6.690543
72,9.557312965393066,2.0591256618499756,73.26212310791016,-1.6271878847196897,-1.0787684764906371,-126.71083401673556,-22.982882,20.114357,0.23568578,38.24657,-12.081195,-15.000033,-19.30884,-20.388912,-3.07365,61.297947,-17.645025,15.000033,5.51985,-6.2766976,29.793802,-78.45395,61.37965,-17.95793,-11.287746,23.09055,-8.999407,9.540237,-65.02558,-9.487325,22.679972,-19.28706,-43.40462,7.1115513,6.898048
73,9.869339942932129,2.04946231842041,72.63301849365234,-1.720437602863751,-1.284747873710382,-126.94014215633646,-24.349066,20.222904,-0.19053406,41.220108,-13.817352,-15.000033,-19.710365,-20.708294,-2.0708935,63.993652,-18.080713,15.000033,5.4183903,-6.0748878,29.793802,-79.374695,60.38658,-17.387777,-10.59644,24.305325,-9.168473,9.255348,-66.5768,-9.048978,22.100853,-19.222162,-43.960503,6.993264,7.282161
74,10.165563583374023,2.0465080738067627,72.0207290649414,-1.6792864542938903,-1.4978483218230239,-127.08505125005074,-25.856983,20.15511,-0.6458727,44.402588,-15.211435,-15.000033,-20.062046,-21.123543,-0.92966926,66.50231,-18.729527,15.000033,5.330635,-5.9971356,29.793802,-80.15162,59.259796,-16.84325,-9.945035,25.546804,-9.555439,9.186996,-67.92831,-8.603322,21.375286,-19.21291,-44.67972,6.862073,7.8319206
75,10.450050354003906,2.0614497661590576,71.4546890258789,-1.5985955090078228,-1.6812388184723843,-127.22486797320462,-27.325094,20.059366,-1.0686562,47.4589,-16.373623,-15.000033,-20.363462,-21.561663,0.19112593,68.74512,-19.438875,15.000033,5.332011,-5.932222,29.793802,-80.81611,58.04777,-16.349909,-9.413646,26.725319,-9.989542,9.266969,-69.06416,-8.1665745,20.562363,-19.286455,-45.443024,6.7318616,8.444225
76,10.718605995178223,2.0831077098846436,70.9613265991211,-1.5680020420531713,-1.7958776995960137,-127.43807437414766,-28.584843,20.06919,-1.3950925,50.047394,-17.413145,-15.000033,-20.627275,-21.965574,1.151443,70.64567,-20.05141,15.000033,5.4916096,-5.7862506,29.793802,-81.41128,56.81608,-15.954291,-9.081211,27.750095,-10.298902,9.425599,-69.96136,-7.751706,19.722841,-19.484827,-46.12174,6.6226473,9.016039
77,10.9669771194458,2.0903751850128174,70.53401184082031,-1.5996539997896335,-1.8011134617096365,-127.75991170869084,-29.62285,20.210402,-1.5792739,52.066536,-18.319683,-15.000033,-20.905521,-22.31113,2.0062697,72.16258,-20.527245,15.000033,5.8705072,-5.534222,29.793802,-81.96308,55.63077,-15.687354,-9.038514,28.462492,-10.4285965,9.728409,-70.57908,-7.359185,18.833288,-19.863768,-46.679165,6.5460877,9.55338
78,11.175464630126953,2.0863521099090576,70.16240692138672,-1.6430421708091627,-1.7258739005174046,-128.1409163238456,-30.52866,20.407368,-1.652506,53.707138,-19.051174,-15.000033,-21.192142,-22.64758,2.838059,73.34621,-20.93962,15.000033,6.384047,-5.2573333,29.793802,-82.37264,54.49667,-15.481635,-9.277628,28.96372,-10.461626,10.188278,-70.949196,-6.967445,17.890774,-20.405464,-47.163338,6.4949455,10.095247
79,11.338229179382324,2.0811643600463867,69.840576171875,-1.692890449242267,-1.6407625053276322,-128.53421493776412,-31.287472,20.632765,-1.6651908,55.059048,-19.65585,-15.000033,-21.40729,-23.02865,3.5476143,74.25145,-21.298727,15.000033,6.9386315,-4.981441,29.793802,-82.670685,53.423985,-15.303005,-9.636564,29.406149,-10.453661,10.635632,-71.16892,-6.5749035,16.963316,-20.993021,-47.59756,6.460352,10.60011
80,11.481143951416016,2.0828192234039307,69.56868743896484,-1.7441494905156767,-1.6141014757057128,-128.8925667798463,-31.883633,20.859829,-1.6694664,56.204624,-20.181301,-15.000033,-21.470362,-23.514332,4.028962,74.93465,-21.61769,15.000033,7.432081,-4.734802,29.793802,-82.866425,52.41412,-15.116231,-9.963033,29.963308,-10.457365,10.907347,-71.3206,-6.189787,16.124273,-21.533375,-47.99778,6.4355245,11.023295
81,11.607484817504883,2.1041550636291504,69.33720397949219,-1.813308379927616,-1.6807368547902473,-129.22553649361475,-32.284676,21.112278,-1.667215,57.16457,-20.657856,-15.000033,-21.334436,-24.148598,4.212838,75.38065,-21.885645,15.000033,7.8582954,-4.5011477,29.793802,-82.90435,51.45678,-14.900193,-10.260756,30.744783,-10.48398,10.913321,-71.377884,-5.808401,15.387184,-22.006594,-48.355488,6.4350557,11.326955
82,11.728676795959473,2.1371114253997803,69.14884185791016,-1.8956238118603013,-1.8001107679555812,-129.5490275293423,-32.508907,21.390596,-1.629637,57.895508,-21.054152,-15.000033,-21.0458,-24.897047,4.1631036,75.571014,-22.106983,15.000033,8.260148,-4.2680106,29.793802,-82.78939,50.551792,-14.674109,-10.602153,31.637756,-10.511991,10.753967,-71.31943,-5.424967,14.722218,-22.453644,-48.665222,6.4601903,11.542842
83,11.834147453308105,2.191962957382202,69.00759887695312,-1.9541173985805227,-1.9245067360989123,-129.82659554566644,-32.616486,21.634418,-1.563267,58.383457,-21.323954,-15.000033,-20.662704,-25.690657,3.9650745,75.55387,-22.311638,15.000033,8.605987,-4.072111,29.793802,-82.60404,49.71306,-14.459633,-10.953566,32.492992,-10.540299,10.55624,-71.221565,-5.051077,14.136597,-22.875797,-48.944763,6.484561,11.729191
84,11.909382820129395,2.2697927951812744,68.9205322265625,-1.952887780291825,-2.0036280274815166,-130.02298312089096,-32.671223,21.784023,-1.4757807,58.615376,-21.421007,-15.000033,-20.250055,-26.458256,3.7085855,75.37809,-22.523785,15.000033,8.864123,-3.952065,29.793802,-82.42309,48.962196,-14.272488,-11.288992,33.15656,-10.562562,10.447954,-71.15341,-4.7082887,13.639977,-23.284937,-49.204525,6.482639,11.942374
85,11.952302932739258,2.3743584156036377,68.8912353515625,-1.8583746615550374,-2.021722751297349,-130.09999015611808,-32.690685,21.780333,-1.3666239,58.57415,-21.321115,-15.000033,-19.816011,-27.244396,3.394996,75.05027,-22.792131,15.000033,9.001949,-3.9493825,29.793802,-82.25742,48.317284,-14.127301,-11.603331,33.56166,-10.569249,10.457443,-71.111435,-4.4096694,13.237161,-23.695843,-49.433804,6.451599,12.201746
86,11.959283828735352,2.5123887062072754,68.91960906982422,-1.6996322111268267,-2.0041521412175394,-130.0865749526417,-32.6425,21.670233,-1.2330292,58.2697,-21.050518,-15.000033,-19.325766,-28.062172,2.9700577,74.54841,-23.088783,15.000033,9.042232,-4.033829,29.793802,-82.062294,47.77859,-14.011408,-11.91996,33.788277,-10.562435,10.521415,-71.05555,-4.150912,12.927143,-24.110765,-49.621002,6.407642,12.471563
87,11.938419342041016,2.6702775955200195,69.0032730102539,-1.5346771500042091,-1.9609463598387513,-130.05010824862902,-32.51435,21.551264,-1.08029,57.731216,-20.644535,-15.000033,-18.786379,-28.79204,2.4536045,73.87817,-23.318521,15.000033,9.038074,-4.1362953,29.793802,-81.82321,47.336285,-13.892811,-12.260514,33.90632,-10.552104,10.629551,-71.00065,-3.9276903,12.7124405,-24.519176,-49.778492,6.3528404,12.726073
88,11.888985633850098,2.8461315631866455,69.1469955444336,-1.4203299586522626,-1.9015068885620925,-130.05843968894948,-32.29395,21.521345,-0.9106299,56.987392,-20.135956,-15.000033,-18.210659,-29.315239,1.876626,73.045105,-23.383104,15.000033,9.04522,-4.1865196,29.793802,-81.527084,46.97404,-13.73842,-12.642706,33.988518,-10.549182,10.770834,-70.96206,-3.736897,12.595837,-24.908958,-49.920418,6.2891364,12.939996
89,11.823617935180664,3.03220534324646,69.34271240234375,-1.3714527628818611,-1.8227819833149976,-130.13230210271965,-31.97396,21.60478,-0.72078365,56.030506,-19.531214,-15.000033,-17.60812,-29.583788,1.2381063,72.03184,-23.254898,15.000033,9.079493,-4.1655273,29.793802,-81.168304,46.68579,-13.543888,-13.069537,33.996937,-10.567062,10.991017,-70.946465,-3.5808163,12.589072,-25.283295,-50.064575,6.2043204,13.130949
90,11.731718063354492,3.2316737174987793,69.58927154541016,-1.357214285665723,-1.7208515549411716,-130.2350398546252,-31.56135,21.749798,-0.5072969,54.8494,-18.811356,-15.000033,-16.975142,-29.663776,0.5386766,70.84184,-22.98355,15.000033,9.112905,-4.108493,29.793802,-80.75259,46.470264,-13.320963,-13.532192,33.916004,-10.598454,11.278666,-70.947495,-3.4617236,12.688804,-25.641758,-50.20063,6.101706,13.304613
91,11.61887264251709,3.4426190853118896,69.8770523071289,-1.3645960271853428,-1.6042741513529604,-130.3481632086106,-31.065659,21.92965,-0.2775601,53.475063,-17.987242,-15.000033,-16.308254,-29.598503,-0.1832523,69.51066,-22.588703,15.000033,9.138123,-4.0271487,29.793802,-80.28688,46.31375,-13.061854,-14.0329485,33.853725,-10.621913,11.536623,-70.957954,-3.376455,12.868747,-25.96866,-50.300735,6.007073,13.418351
92,11.492249488830566,3.669426202774048,70.20344543457031,-1.3815401486824694,-1.4817891094360773,-130.45280310058902,-30.495703,22.123724,-0.031676754,51.930687,-17.055592,-15.000033,-15.60246,-29.433414,-0.8929883,68.073,-22.089417,15.000033,9.150593,-3.9330971,29.793802,-79.78784,46.19825,-12.766828,-14.569373,33.919548,-10.614581,11.668262,-70.96821,-3.3212886,13.100168,-26.250273,-50.33866,5.9455647,13.4303
93,11.343239784240723,3.910062074661255,70.56097412109375,-1.4077630411309185,-1.3546837609617002,-130.55574501465867,-29.831812,22.329134,0.24161963,50.184975,-16.007168,-15.000033,-14.860133,-29.139057,-1.5728649,66.51837,-21.446537,15.000033,9.162237,-3.8346622,29.793802,-79.282425,46.114388,-12.453248,-15.127177,34.201912,-10.5524645,11.599805,-70.988525,-3.3012464,13.39273,-26.473284,-50.310585,5.9204464,13.320105
94,11.176607131958008,4.170437335968018,70.94275665283203,-1.447326584642486,-1.219978283149201,-130.6617110601724,-29.07495,22.551464,0.543722,48.238754,-14.843002,-15.000033,-14.085689,-28.707003,-2.2305849,64.83117,-20.665928,15.000033,9.173837,-3.7050796,29.793802,-78.71826,46.041126,-12.074124,-15.733777,34.63702,-10.464503,11.386955,-71.03091,-3.3183384,13.765542,-26.628357,-50.239105,5.9200077,13.113183
95,10.99142837524414,4.445750713348389,71.33534240722656,-1.4951661993550973,-1.0790347422911652,-130.75040786349308,-28.261429,22.776236,0.8541952,46.155293,-13.590367,-15.000033,-13.276501,-28.218466,-2.8761327,63.040943,-19.83434,15.000033,9.173878,-3.5469902,29.793802,-78.116776,45.97492,-11.657602,-16.36067,35.08923,-10.3843155,11.152835,-71.05869,-3.3695426,14.168739,-26.750933,-50.120094,5.942278,12.841014
96,10.794917106628418,4.734562873840332,71.73411560058594,-1.5465799792162775,-0.9342617059185233,-130.8022355631769,-27.430569,22.990896,1.1503537,44.00279,-12.277841,-15.000033,-12.426036,-27.752048,-3.5267646,61.17972,-19.038435,15.000033,9.148287,-3.3641822,29.793802,-77.50539,45.907757,-11.234628,-16.969994,35.42934,-10.344736,11.01872,-71.04318,-3.430473,14.548017,-26.868532,-49.96069,5.9809813,12.538351
97,10.590660095214844,5.020941257476807,72.13163757324219,-1.5995571514406417,-0.7851115394432776,-130.80750665386418,-26.553719,23.180313,1.4355949,41.714455,-10.881393,-15.000033,-11.517233,-27.316328,-4.198138,59.22896,-18.26047,15.000033,9.087156,-3.1563842,29.793802,-76.870415,45.82916,-10.806198,-17.555271,35.638165,-10.3708105,11.02127,-70.98618,-3.4910948,14.909042,-26.961494,-49.744976,6.0458174,12.183316
98,10.37335205078125,5.316531658172607,72.52388763427734,-1.6570013329273832,-0.6318422277821969,-130.77843994711716,-25.621984,23.349117,1.7217417,39.27817,-9.3957615,-15.000033,-10.557333,-26.870605,-4.8793817,57.180504,-17.468414,15.000033,9.000656,-2.9238784,29.793802,-76.21772,45.738586,-10.3701515,-18.124157,35.78615,-10.438459,11.094335,-70.903336,-3.552642,15.26799,-27.018097,-49.482178,6.131542,11.77045
99,10.146272659301758,5.6142578125,72.89901733398438,-1.7216869005016888,-0.47802902411254933,-130.72862432899655,-24.704248,23.518156,1.9985975,36.842163,-7.8743887,-15.000033,-9.571819,-26.412228,-5.5546145,55.076416,-16.720846,15.000033,8.896831,-2.6605303,29.793802,-75.56178,45.641182,-9.913424,-18.683268,35.881027,-10.511154,11.197996,-70.80014,-3.6077676,15.605528,-27.060553,-49.22146,6.2111173,11.359028
100,9.909405708312988,5.918990612030029,73.25798034667969,-1.796648541957592,-0.3273258081336154,-130.6713414954121,-23.86839,23.712547,2.2555478,34.554398,-6.3713427,-15.000033,-8.582622,-25.9366,-6.206235,52.95371,-16.076277,15.000033,8.78107,-2.3619604,29.793802,-74.91497,45.546097,-9.420698,-19.246204,35.92847,-10.552098,11.292012,-70.6832,-3.6412826,15.901129,-27.105747,-49.0146,6.258553,11.008825
101,9.669678688049316,6.235624313354492,73.59124755859375,-1.8845674590424626,-0.1762588960457131,-130.6070836936309,-23.10614,23.936806,2.4771109,32.38374,-4.823567,-15.000033,-7.5772448,-25.459032,-6.8761816,50.775,-15.539284,15.000033,8.648682,-2.0365887,29.793802,-74.29172,45.464237,-8.904166,-19.795826,35.893402,-10.54201,11.384283,-70.539566,-3.6349583,16.143543,-27.160225,-48.871857,6.2586317,10.73556
102,9.424165725708008,6.554471015930176,73.89094543457031,-1.993065603770253,0.038803753804331625,-130.5322870032824,-22.470032,24.18717,2.6661983,30.277346,-3.2189243,-15.000033,-6.6210475,-24.954563,-7.555349,48.531475,-15.069988,15.000033,8.466945,-1.665229,29.566347,-73.44746,45.35801,-8.3074255,-20.366186,35.788067,-10.521356,11.4995165,-70.254326,-3.5572908,16.390594,-27.14883,-48.7512,6.227379,10.4822235
103,9.176386833190918,6.884233474731445,74.15260314941406,-2.124540106091939,0.3717112614495457,-130.45235003526795,-22.087406,24.47376,2.83589,28.371567,-1.704522,-15.000033,-5.826191,-24.366594,-8.139633,46.316147,-14.6634,15.000033,8.242096,-1.2879533,28.884441,-72.388374,45.212273,-7.7792616,-20.833275,35.67972,-10.501505,11.653458,-69.695305,-3.3724327,16.63243,-27.070326,-48.630848,6.1725836,10.227219
104,8.920829772949219,7.218523979187012,74.37348175048828,-2.2544798790390956,0.6804105762448326,-130.36324900891304,-21.833248,24.786312,3.0276983,26.771969,-0.43859655,-15.000033,-5.0594954,-23.679682,-8.530387,44.184967,-14.32429,15.000033,8.002538,-0.8968432,28.217497,-71.376015,45.076454,-7.2516155,-21.294832,35.642498,-10.4916,11.773236,-69.21535,-3.125782,16.831917,-26.948864,-48.573948,6.1153417,10.017043
105,8.666337966918945,7.5531840324401855,74.54219818115234,-2.400741512558671,0.9702382670934434,-130.2653593405107,-21.705639,25.172123,3.2769403,25.42174,0.6124878,-15.000033,-4.300891,-22.830603,-8.653076,42.076275,-13.980895,15.000033,7.736099,-0.4755233,27.567955,-70.508446,44.984386,-6.7492523,-21.671593,35.664364,-10.498695,11.87204,-68.79919,-2.8317816,17.004547,-26.809208,-48.583374,6.07361,9.84459
106,8.412761688232422,7.894989967346191,74.65636444091797,-2.5568782767791225,1.2441596256038407,-130.15488972733007,-21.68652,25.61397,3.557494,24.283615,1.5072508,-15.000033,-3.5373378,-21.872305,-8.56639,39.968185,-13.658759,15.000033,7.4446692,-0.031808227,26.927055,-69.614555,44.946262,-6.207104,-22.101606,35.713642,-10.504169,11.960912,-68.41531,-2.4949226,17.14332,-26.65992,-48.647068,6.0366077,9.709993
107,8.157125473022461,8.245238304138184,74.7186050415039,-2.6809767951664076,1.484591752247092,-130.02810084638122,-21.78222,26.02887,3.7971227,23.498398,2.1342006,-15.000033,-2.8102553,-20.94961,-8.37762,38.01416,-13.510651,15.000033,7.1188765,0.38863447,26.341106,-68.81246,44.963696,-5.667134,-22.490154,35.776157,-10.504843,12.011935,-68.115295,-2.1290529,17.255857,-26.503017,-48.727978,5.99227,9.611075
108,7.909148216247559,8.610175132751465,74.73551940917969,-2.7336769074316156,1.6761964532825202,-129.8847233865735,-22.010372,26.341343,3.920867,23.225908,2.3753805,-15.000033,-2.1718483,-20.202112,-8.207192,36.377163,-13.686167,15.000033,6.773671,0.7409138,25.840393,-68.05477,45.026344,-5.125564,-22.896393,35.85575,-10.4875965,12.001208,-67.92522,-1.7597665,17.330078,-26.352394,-48.787586,5.926011,9.54719
109,7.671441078186035,8.978981971740723,74.70287322998047,-2.697593743997141,1.823761552119281,-129.70965672644044,-22.422861,26.534716,3.9400268,23.591084,2.1110375,-15.000033,-1.6316293,-19.65613,-8.057372,35.085995,-14.281436,15.000033,6.405112,1.0108433,25.426834,-67.40332,45.126625,-4.6018705,-23.275887,35.985107,-10.448721,11.895882,-67.84178,-1.4070516,17.359974,-26.236593,-48.82156,5.832864,9.530893
110,7.444373607635498,9.348858833312988,74.61487579345703,-2.5975888222071455,1.9346845612732395,-129.50979061057328,-23.003653,26.651121,3.8816342,24.49382,1.4255389,-15.000033,-1.1748816,-19.2459,-7.892079,34.079334,-15.203497,15.000033,6.0240674,1.2259436,25.082502,-66.85286,45.259956,-4.0974956,-23.630972,36.155807,-10.393798,11.718947,-67.83246,-1.0790828,17.345697,-26.166119,-48.840275,5.723677,9.556242
111,7.236092567443848,9.717432022094727,74.47764587402344,-2.461885264412574,1.9982483024220332,-129.32005164169755,-23.66809,26.706203,3.695499,25.753742,0.5051565,-15.000033,-0.8273128,-18.958082,-7.7820168,33.390957,-16.319197,15.000033,5.6600704,1.4099734,24.815874,-66.38955,45.417942,-3.6232367,-23.962929,36.301804,-10.33288,11.526387,-67.893906,-0.7832459,17.300568,-26.117893,-48.831657,5.6095243,9.593503
112,7.042965888977051,10.092137336730957,74.30021667480469,-2.319285324979872,2.0034248983684244,-129.17542659133872,-24.33098,26.7173,3.3298552,27.192028,-0.4581236,-15.000033,-0.61340433,-18.77401,-7.7934885,33.05286,-17.495731,15.000033,5.3425336,1.5876969,24.636913,-66.01858,45.59012,-3.1977553,-24.257309,36.356827,-10.276207,11.373916,-68.02377,-0.5265291,17.237177,-26.064592,-48.78372,5.501771,9.613158
113,6.8693647384643555,10.467279434204102,74.09078216552734,-2.1611160107818552,1.9343815582253754,-129.07854451608,-25.014452,26.646536,2.6892564,28.906927,-1.5131063,-15.000033,-0.59385544,-18.73627,-7.9872084,33.219574,-18.768953,15.000033,5.085511,1.7483269,24.57139,-65.77791,45.767582,-2.8417144,-24.49929,36.27505,-10.227937,11.278167,-68.2397,-0.32626966,17.13962,-26.022049,-48.67869,5.402348,9.611348
114,6.713184833526611,10.843575477600098,73.85671997070312,-1.9800480153792444,1.8005359197160415,-129.0134486937105,-25.73943,26.48531,1.8367565,30.934752,-2.7202737,-15.000033,-0.7373641,-18.836988,-8.320185,33.830196,-20.187323,15.000033,4.8820605,1.8884324,24.605534,-65.67044,45.94571,-2.5547109,-24.689863,36.10551,-10.182347,11.208728,-68.52216,-0.19292289,17.004524,-26.00908,-48.52393,5.3071003,9.602273
115,6.571198463439941,11.216979026794434,73.60398864746094,-1.807187484811058,1.628294217184136,-128.98708612628053,-26.412907,26.304941,0.9548635,32.99345,-3.9099505,-15.000033,-0.92781144,-18.983175,-8.694975,34.59076,-21.644045,15.000033,4.724937,2.0445561,24.691425,-65.66032,46.12308,-2.325796,-24.825985,35.924862,-10.135916,11.149745,-68.81863,-0.112569116,16.862442,-26.002892,-48.349422,5.21755,9.583442
116,6.439354419708252,11.5697021484375,73.33552551269531,-1.6728725506284206,1.444641706553497,-129.00698958029793,-26.94917,26.19162,0.21960837,34.807396,-4.915844,-15.000033,-1.0522413,-19.07599,-9.015828,35.204636,-23.027485,15.000033,4.6033897,2.2525773,24.776009,-65.6349,46.303173,-2.1066194,-24.963972,35.809,-10.083435,11.084682,-69.09045,-0.05575873,16.745342,-25.959164,-48.19075,5.132324,9.554212
117,6.325146675109863,11.897102355957031,73.06383514404297,-1.5855962496767801,1.2321409388030669,-129.09514237361518,-27.327385,26.172874,-0.374307,36.364243,-5.7549114,-15.000033,-1.1200812,-19.109432,-9.268856,35.701054,-24.350872,15.000033,4.517678,2.5327132,24.885073,-65.5704,46.4939,-1.8673794,-25.110542,35.78285,-10.026749,11.021822,-69.37146,0.004205216,16.6615,-25.839228,-48.057327,5.04899,9.4966955
118,6.222189903259277,12.195905685424805,72.8012924194336,-1.5282218542782045,0.9845806509185894,-129.24048336125193,-27.594967,26.209488,-0.90548134,37.794407,-6.498197,-15.000033,-1.1785469,-19.128399,-9.50167,36.200523,-25.658419,15.000033,4.4550085,2.8600729,25.032473,-65.510605,46.702362,-1.6236233,-25.240625,35.80422,-9.9697,10.963332,-69.692825,0.07701464,16.599077,-25.648296,-47.939995,4.965275,9.419421
119,6.120851993560791,12.468417167663574,72.55633544921875,-1.4926839447284848,0.7465878664928828,-129.40112429495403,-27.775063,26.299377,-1.3145456,39.03943,-7.06321,-15.000033,-1.1773635,-19.110771,-9.710468,36.55033,-26.888138,15.000033,4.3881044,3.203563,25.14471,-65.41642,46.93241,-1.3790753,-25.388277,35.845154,-9.90883,10.883785,-70.01199,0.16594148,16.555904,-25.405155,-47.845013,4.880376,9.361142
120,6.010315418243408,12.706443786621094,72.32901763916016,-1.4722894698499367,0.5631862591888519,-129.53548854755638,-27.894053,26.441538,-1.5451757,40.043785,-7.367573,-15.000033,-1.0681014,-19.03424,-9.890457,36.60054,-27.9794,15.000033,4.2926884,3.5343907,25.149017,-65.24713,47.185055,-1.1335902,-25.592318,35.876644,-9.841282,10.757083,-70.28325,0.2701073,16.531284,-25.133585,-47.777813,4.7947264,9.359814
121,5.887269020080566,12.908099174499512,72.13420104980469,-1.4727772475446432,0.4573881377101421,-129.62386866121753,-27.964998,26.668213,-1.5535166,40.78282,-7.2906723,-15.000033,-0.7865555,-18.86295,-10.053161,36.186737,-28.962727,15.000033,4.1607985,3.853136,25.015621,-65.039925,47.469044,-0.9048361,-25.836105,35.918938,-9.766388,10.516825,-70.48963,0.39800164,16.516663,-24.82144,-47.73415,4.713987,9.427281
122,5.768491744995117,13.06199836730957,71.97027587890625,-1.494496015018987,0.4021496017882978,-129.6913460087522,-27.97449,26.974615,-1.38261,41.292843,-6.9103684,-15.000033,-0.37671,-18.618145,-10.19242,35.428272,-29.85469,15.000033,4.0089316,4.1701155,24.782822,-64.75108,47.7908,-0.6633821,-26.14886,35.96999,-9.682918,10.197891,-70.65619,0.5525241,16.511366,-24.458593,-47.714157,4.6343946,9.543996
123,5.64595365524292,13.167710304260254,71.84196472167969,-1.524136842774525,0.36770909740546875,-129.76411740930507,-27.909426,27.305199,-1.1065097,41.60684,-6.4355626,-15.000033,0.05241149,-18.360935,-10.280169,34.592384,-30.567772,15.000033,3.8295054,4.470036,24.500477,-64.437645,48.131332,-0.43882513,-26.443363,35.996143,-9.595509,9.924888,-70.814224,0.72496176,16.546656,-24.078384,-47.725067,4.5478735,9.696028
124,5.528384208679199,13.229484558105469,71.7503890991211,-1.549427637380974,0.3230733346974344,-129.86925006454604,-27.754736,27.602581,-0.8016796,41.756634,-6.078622,-15.000033,0.393564,-18.148855,-10.293081,33.94696,-31.014637,15.000033,3.6484656,4.750037,24.199879,-63.98383,48.46517,-0.17830664,-26.788652,35.934692,-9.505013,9.820448,-70.97294,0.88453764,16.636196,-23.714645,-47.7775,4.4435587,9.872343
125,5.428221702575684,13.25198745727539,71.71562194824219,-1.5969857399303367,0.2696709417363275,-130.02332144524885,-27.512197,27.892796,-0.49372324,41.697006,-5.944195,-15.000033,0.55705446,-17.968222,-10.194805,33.668762,-31.178324,15.000033,3.4695594,5.037325,23.880356,-63.488564,48.76282,0.06271436,-27.09633,35.80688,-9.420224,9.940908,-71.1466,1.0073216,16.804197,-23.370714,-47.91911,4.3150883,10.081674
126,5.345027446746826,13.23508358001709,71.73590850830078,-1.663811499470978,0.22012891021333594,-130.20918056770506,-27.187914,28.19146,-0.14096832,41.43265,-5.905176,-15.000033,0.62222356,-17.795156,-10.009113,33.579533,-31.103819,15.000033,3.3148644,5.339714,23.516878,-62.90376,49.017723,0.30872115,-27.431456,35.622044,-9.339487,10.210027,-71.30173,1.0769949,17.026064,-23.04093,-48.125618,4.170247,10.325693
127,5.2835798263549805,13.180051803588867,71.82312774658203,-1.695143476454663,0.16139528448329848,-130.40364120980476,-26.771662,28.426298,0.28088027,41.059624,-5.8205204,-15.000033,0.735134,-17.67742,-9.805594,33.416306,-30.796038,15.000033,3.1665092,5.6112533,23.154654,-62.282284,49.21359,0.54015845,-27.753462,35.39619,-9.258833,10.5551,-71.41118,1.096319,17.287872,-22.767838,-48.284607,4.031765,10.571416
128,5.231210231781006,13.07711124420166,71.98155212402344,-1.636602687297917,0.0806867723187225,-130.58361467247335,-26.255785,28.524918,0.7935533,40.67568,-5.547081,-15.000033,1.038321,-17.660461,-9.653999,32.91906,-30.260868,15.000033,3.0157003,5.807368,22.82828,-61.64253,49.33169,0.7496807,-28.05216,35.137833,-9.173906,10.901575,-71.45127,1.0740894,17.566196,-22.577547,-48.290936,3.918755,10.790884
129,5.181065559387207,12.939390182495117,72.20484924316406,-1.4747779545336375,-0.049380674793352015,-130.71972735729108,-25.5962,28.454847,1.4011143,40.276802,-5.0677624,-15.000033,1.6713139,-17.743713,-9.591247,31.89824,-29.465158,15.000033,2.8315346,5.9089537,22.547253,-60.877583,49.368732,0.9656185,-28.399971,34.762524,-9.08123,11.281894,-71.39402,1.0077024,17.860706,-22.488182,-48.078724,3.8277807,10.987466
130,5.1419148445129395,12.770059585571289,72.49150085449219,-1.2385929146755223,-0.21360918078737975,-130.832426466661,-24.817053,28.25421,2.087131,39.823895,-4.454559,-15.000033,2.5245466,-17.908112,-9.574421,30.536371,-28.419855,15.000033,2.624435,5.9510646,22.296967,-60.014442,49.317516,1.1893466,-28.777046,34.304146,-8.9905,11.715506,-71.26249,0.88385606,18.192781,-22.480366,-47.714092,3.7556894,11.170674
131,5.116553783416748,12.58257007598877,72.82902526855469,-0.9370348051584683,-0.3607249001568489,-130.9729679520742,-24.014044,27.958843,2.8406045,39.36178,-3.6964667,-15.000033,3.3678021,-18.173561,-9.555623,29.128922,-27.194534,15.000033,2.4748232,5.9603925,22.048964,-59.165054,49.18287,1.4107596,-29.131725,33.90354,-8.90487,12.111162,-71.10204,0.71965456,18.530867,-22.5088,-47.306725,3.7107894,11.332947
132,5.121330738067627,12.376954078674316,73.20431518554688,-0.5794608365839993,-0.4390852304598177,-131.19264570472578,-23.280943,27.606712,3.651523,38.933537,-2.7821503,-15.000033,3.9643235,-18.557013,-9.486666,27.97332,-25.859726,15.000033,2.4499395,5.9669886,21.778896,-58.355824,48.98698,1.6863945,-29.474192,33.68526,-8.825131,12.375747,-70.96309,0.5353105,18.85896,-22.526785,-46.964355,3.703062,11.46315
133,5.149186611175537,12.159383773803711,73.61729431152344,-0.15747126363562053,-0.4260758587225388,-131.50981765541704,-22.630352,27.197596,4.536732,38.53374,-1.6573379,-15.000033,4.283149,-19.05623,-9.31202,27.050947,-24.377949,15.000033,2.5619755,5.9609303,21.466248,-57.606865,48.745373,2.0250285,-29.79579,33.74947,-8.744433,12.419233,-70.85075,0.35376963,19.17657,-22.520538,-46.717236,3.748378,11.556535
134,5.204914093017578,11.931049346923828,74.05885314941406,0.3318190567536361,-0.3505405080237414,-131.89422729261892,-22.020344,26.712435,5.4958696,38.13744,-0.33626232,-15.000033,4.4222713,-19.661434,-9.06934,26.246698,-22.735743,15.000033,2.7600331,5.9220033,21.128878,-56.852142,48.46414,2.4291942,-30.12912,33.99675,-8.660863,12.31338,-70.75472,0.1840534,19.493738,-22.500486,-46.51369,3.833437,11.6209135
135,5.291764259338379,11.690499305725098,74.5274887084961,0.8714161254649923,-0.23765208600287388,-132.3233301835786,-21.461605,26.157293,6.4829707,37.767193,1.0723877,-15.000033,4.339618,-20.374454,-8.841225,25.711754,-21.04188,15.000033,3.003405,5.8623915,20.81273,-56.10174,48.151,2.894512,-30.44798,34.26702,-8.585191,12.207227,-70.70578,0.031625323,19.816553,-22.461378,-46.33599,3.9260821,11.661242
136,5.397691249847412,11.432014465332031,75.01416015625,1.4436421554456773,-0.11256625807333605,-132.77577826755368,-20.958311,25.545654,7.4645014,37.438843,2.4702687,-15.000033,4.008939,-21.208504,-8.713554,25.583977,-19.391302,15.000033,3.2560444,5.7958665,20.561638,-55.35692,47.815052,3.4186878,-30.733452,34.39751,-8.5257845,12.2511,-70.73435,-0.101124816,20.151718,-22.396984,-46.165222,3.994532,11.682946
137,5.534329414367676,11.172490119934082,75.51229095458984,2.0805745324429474,0.02249730723085686,-133.23513543362355,-20.497536,24.915289,8.668376,37.172577,3.9997013,-15.000033,3.4129088,-22.231892,-8.660232,25.93204,-17.710356,15.000033,3.4972134,5.7056537,20.397638,-54.578445,47.457954,4.032962,-31.00187,34.313644,-8.482296,12.517218,-70.86265,-0.21097533,20.508533,-22.31176,-46.027378,4.0360403,11.70086
138,5.694585800170898,10.91445255279541,76.00109100341797,2.7811729464797246,0.18253768542602958,-133.7172867655017,-20.07613,24.250217,10.04303,36.950367,5.660862,-15.000033,2.580202,-23.421185,-8.632807,26.64336,-15.962617,15.000033,3.745442,5.5876913,20.29555,-53.78633,47.080578,4.728006,-31.247374,34.10918,-8.452733,12.915158,-71.07512,-0.2925201,20.88517,-22.203087,-45.921112,4.0657086,11.707496
139,5.873021602630615,10.653783798217773,76.4686050415039,3.4777597443522663,0.36735008931392676,-134.24811876271113,-19.705742,23.491165,11.151459,36.705727,7.1660786,-15.000033,1.5640426,-24.66227,-8.697151,27.580378,-14.290904,15.000033,4.0323105,5.4723916,20.223234,-53.007076,46.691185,5.461733,-31.483301,33.87097,-8.435844,13.355261,-71.33332,-0.34249973,21.26138,-22.061314,-45.78947,4.07725,11.675058
140,6.064650535583496,10.399588584899902,76.901123046875,4.104253495739341,0.5753962597577998,-134.8528723238467,-19.400032,22.573229,11.551472,36.36425,8.228143,-15.000033,0.41585013,-25.84539,-8.934355,28.618408,-12.84628,15.000033,4.387054,5.386549,20.15056,-52.293324,46.304543,6.1786942,-31.695528,33.686462,-8.428519,13.748522,-71.59937,-0.36007085,21.616362,-21.876493,-45.573696,4.064122,11.575881
141,6.255629062652588,10.13774585723877,77.28971862792969,4.676069285214681,0.8197695919001347,-135.56957967212352,-19.186241,21.332138,10.905406,35.944637,8.71118,-15.000033,-0.94251513,-27.115818,-9.594098,29.924578,-11.618477,15.000033,4.8503976,5.3029165,20.067848,-51.662815,45.9281,6.875915,-31.861567,33.538525,-8.420123,14.093253,-71.8674,-0.34445435,21.944572,-21.653406,-45.217403,4.0144634,11.381296
142,6.435845851898193,9.873497009277344,77.63060760498047,5.217920344088958,1.095249231856648,-136.37697327749544,-19.025894,19.855078,9.527911,35.48106,8.775045,-15.000033,-2.5003462,-28.498571,-10.552471,31.507368,-10.544672,15.000033,5.396736,5.211983,19.99608,-51.099087,45.564472,7.5697045,-31.985073,33.391636,-8.412,14.431405,-72.15452,-0.2946696,22.253994,-21.397875,-44.764755,3.933268,11.114224
143,6.604261875152588,9.622346878051758,77.91999816894531,5.668596911672272,1.3724038834887053,-137.21206934428608,-18.847326,18.469986,7.940288,34.92948,8.575293,-15.000033,-4.0825624,-29.673567,-11.357826,33.014446,-9.706645,15.000033,5.9577804,5.175788,19.948193,-50.600258,45.22486,8.235183,-32.090034,33.30602,-8.418461,14.742242,-72.45373,-0.21098782,22.540377,-21.1059,-44.307972,3.8392422,10.823584
144,6.756889820098877,9.382195472717285,78.14533996582031,5.962012963918509,1.6235343770514044,-138.01054854389898,-18.610462,17.512533,6.649178,34.241325,8.278779,-15.000033,-5.5250688,-30.283619,-11.582135,34.08388,-9.186318,15.000033,6.465434,5.2587543,19.928482,-50.157963,44.925392,8.8458395,-32.20863,33.34057,-8.448419,15.005582,-72.75191,-0.0954478,22.79455,-20.783745,-43.93707,3.7524028,10.558156
145,6.9077839851379395,9.145561218261719,78.31005859375,6.062042998613804,1.854361667933179,-138.7731484580903,-18.31817,17.020079,5.657936,33.34521,7.8295317,-15.000033,-6.8369846,-30.127598,-11.039592,34.62072,-9.164036,15.000033,6.920675,5.492832,19.927101,-49.798172,44.686462,9.402395,-32.344845,33.5595,-8.510754,15.204126,-73.06291,0.05179224,23.015333,-20.415188,-43.659454,3.686889,10.308696
146,7.054433822631836,8.909631729125977,78.41531372070312,6.006631242594958,2.06736465026725,-139.5280716823128,-17.98742,16.83826,4.7338047,32.285564,7.1787066,-15.000033,-8.071522,-29.410275,-10.013511,34.826794,-9.568769,15.000033,7.3487897,5.83566,19.945642,-49.520775,44.5154,9.914153,-32.474392,33.909203,-8.593579,15.356502,-73.38293,0.23277596,23.20211,-20.014528,-43.4307,3.6298757,10.055831
147,7.195432662963867,8.675400733947754,78.46730041503906,5.847600111908026,2.2338548186153866,-140.24624240569906,-17.627935,16.992882,4.0282187,31.174381,6.504547,-15.000033,-9.13659,-28.3819,-8.783318,34.775417,-10.093176,15.000033,7.7134542,6.2375813,20.000122,-49.2902,44.403336,10.362575,-32.58153,34.27459,-8.677683,15.495137,-73.67973,0.44627762,23.356388,-19.615396,-43.26366,3.561842,9.833448
148,7.314366340637207,8.448071479797363,78.46741485595703,5.635198593847,2.3343144683761077,-140.8995060968961,-17.263975,17.510942,3.7099805,30.12438,5.9958887,-15.000033,-9.95503,-27.299227,-7.6232276,34.51937,-10.394505,15.000033,7.9851727,6.6542654,20.100506,-49.083736,44.33095,10.720954,-32.64266,34.544727,-8.74568,15.650175,-73.91949,0.6869469,23.477264,-19.25236,-43.171505,3.4638073,9.675457
149,7.417157173156738,8.228886604309082,78.41858673095703,5.300774092808683,2.3542530852604466,-141.5071824842984,-16.89422,18.553535,3.8667812,29.131863,5.628774,-15.000033,-10.461964,-25.972004,-6.4157825,33.83195,-10.197798,15.000033,8.17472,7.156719,20.2555,-48.898293,44.27666,10.959471,-32.644005,34.68021,-8.808271,15.853509,-74.08318,0.9489062,23.5637,-18.929094,-43.197704,3.3255424,9.603313
150,7.504406452178955,8.02427864074707,78.3201904296875,4.85763871294188,2.3026939907220427,-142.07235037632057,-16.518898,20.016874,4.4350348,28.152351,5.292686,-15.000033,-10.692815,-24.38746,-5.066067,32.744724,-9.726966,15.000033,8.29792,7.7389293,20.458895,-48.750854,44.23595,11.092661,-32.60336,34.752094,-8.871878,16.076797,-74.191475,1.2260152,23.614206,-18.624992,-43.32196,3.159859,9.594381
151,7.583446025848389,7.822484493255615,78.17372131347656,4.468136777680069,2.2087231016872986,-142.55177397128156,-16.17053,21.549953,5.3399715,27.25872,5.0408854,-15.000033,-10.76784,-23.027948,-3.8831117,31.700628,-9.363883,15.000033,8.339386,8.248213,20.692698,-48.64086,44.219376,11.166963,-32.535164,34.81334,-8.916444,16.26358,-74.26992,1.5104947,23.635576,-18.34143,-43.46123,2.981878,9.616828
152,7.662948131561279,7.62171745300293,77.97055053710938,4.2818013467075815,2.1100304548705138,-142.905614250734,-15.874586,22.830114,6.47534,26.511078,4.9653754,-15.000033,-10.844471,-22.336658,-3.187983,31.172684,-9.507127,15.000033,8.284289,8.538727,20.933252,-48.56467,44.246872,11.233318,-32.456936,34.91206,-8.919371,16.357822,-74.34098,1.7951772,23.633694,-18.083712,-43.529297,2.8071516,9.638776
153,7.738302707672119,7.430743217468262,77.72169494628906,4.3820250433486185,2.014139118203248,-143.1076437935446,-15.590311,23.863386,8.114449,25.876877,5.1895533,-15.000033,-10.965079,-22.562819,-3.1967034,31.389482,-10.358626,15.000033,8.108869,8.517969,21.188944,-48.520954,44.33635,11.301992,-32.377228,35.022533,-8.841634,16.298965,-74.36476,2.0846193,23.60119,-17.888369,-43.497204,2.629187,9.664105
154,7.8078999519348145,7.247739315032959,77.4059066772461,4.667426721704487,1.8989241264630943,-143.18832336788435,-15.291202,24.796194,10.205057,25.354908,5.6229873,-15.000033,-11.045964,-23.41859,-3.7069335,32.06458,-11.708061,15.000033,7.824099,8.280139,21.472273,-48.516834,44.49232,11.348489,-32.27978,35.125084,-8.70372,16.134523,-74.34262,2.382664,23.539623,-17.747005,-43.410145,2.443636,9.705403
155,7.867676734924316,7.062666893005371,77.01544189453125,5.001173503122481,1.7649447122048543,-143.18931395328198,-15.058967,25.559935,12.106997,25.042007,6.0977187,-15.000033,-11.070909,-24.510195,-4.420924,32.906757,-13.318227,15.000033,7.471083,7.9694867,21.756845,-48.55232,44.710278,11.373117,-32.15091,35.27527,-8.571992,15.971831,-74.34669,2.678446,23.462875,-17.614347,-43.295433,2.270374,9.742894
156,7.930106163024902,6.875889778137207,76.58319091796875,5.244031379912183,1.6261734463634665,-143.15414282652372,-15.016288,26.110092,13.166036,25.018137,6.475521,-15.000033,-11.064702,-25.42198,-5.027405,33.64692,-14.892728,15.000033,7.097297,7.736254,22.008064,-48.634007,44.9785,11.3738,-31.975286,35.531113,-8.514851,15.9169,-74.44573,2.9506102,23.390682,-17.449799,-43.177963,2.1301055,9.756107
157,7.989021301269531,6.691030979156494,76.13385009765625,5.361718210826689,1.4993508790360115,-143.05900507605213,-15.329611,26.410936,12.967801,25.402702,6.8181696,-15.000033,-11.02303,-26.055006,-5.525914,34.20959,-16.394335,15.000033,6.7055902,7.6122026,22.204538,-48.792084,45.28627,11.320693,-31.725786,36.0215,-8.574706,16.03861,-74.62172,3.1809666,23.321554,-17.274658,-43.05495,2.044519,9.720882
158,8.06005859375,6.503625869750977,75.65558624267578,5.428316430423805,1.3788257175004919,-142.8910491220154,-15.901831,26.49266,11.930719,26.098637,7.195569,-15.000033,-10.955002,-26.61944,-6.0442963,34.759804,-17.954256,15.000033,6.2864265,7.5238886,22.362545,-49.029312,45.62902,11.209674,-31.41223,36.68275,-8.706224,16.267899,-74.83393,3.3609486,23.249062,-17.117804,-42.91153,1.9988836,9.653207
159,8.146605491638184,6.310896396636963,75.15083312988281,5.47010984083276,1.250745643964978,-142.71225279178768,-16.459415,26.418283,10.668893,26.840448,7.488975,-15.000033,-10.930404,-27.143188,-6.4536004,35.38941,-19.496975,15.000033,5.870011,7.4626446,22.50279,-49.290802,46.001835,11.090753,-31.09381,37.279705,-8.84754,16.502161,-75.118225,3.4828792,23.186535,-16.948116,-42.752865,1.9599596,9.591738
160,8.258694648742676,6.100696086883545,74.61557006835938,5.508731740930526,1.0982774390586802,-142.58667822210032,-16.76224,26.295979,9.783993,27.428993,7.5360084,-15.000033,-11.01405,-27.655113,-6.6267247,36.18342,-20.944855,15.000033,5.4841394,7.425235,22.65004,-49.505253,46.398453,11.027398,-30.839205,37.57448,-8.9416275,16.634811,-75.51305,3.5425475,23.151815,-16.734926,-42.585804,1.8952175,9.5748415
161,8.401559829711914,5.864776611328125,74.07878112792969,5.574493395561669,0.925545973343697,-142.50207404172994,-16.75392,26.08446,9.407951,27.802383,7.3386936,-15.000033,-11.270855,-28.199049,-6.4907255,37.22631,-22.332754,15.000033,5.116809,7.4093213,22.803368,-49.65814,46.817677,11.057337,-30.66518,37.420837,-8.977929,16.61076,-76.08713,3.5331566,23.152569,-16.43404,-42.412834,1.7954693,9.629697
162,8.575783729553223,5.598631381988525,73.55598449707031,5.650349086210968,0.7388434689971227,-142.4346010335673,-16.621214,25.77869,9.23045,28.192442,6.9090033,-15.000033,-11.651093,-28.741234,-6.12476,38.442608,-23.685987,15.000033,4.759201,7.417602,22.955536,-49.776424,47.256588,11.15089,-30.543129,36.973675,-8.988467,16.492887,-76.79672,3.45476,23.186981,-16.083504,-42.22887,1.6801556,9.728115
163,8.764147758483887,5.3024091720581055,73.03384399414062,5.680130300159615,0.5253620302813606,-142.42797691509884,-16.481974,25.550884,9.160554,28.794802,6.1321836,-15.000033,-12.041739,-29.190462,-5.641822,39.672718,-24.904919,15.000033,4.4434905,7.4617934,23.11585,-49.81451,47.70506,11.288922,-30.511461,36.439484,-8.98122,16.35012,-77.51888,3.3164496,23.254257,-15.751609,-42.029545,1.5585225,9.827361
164,8.927763938903809,5.004018783569336,72.5480728149414,5.606505952675123,0.2714728889958997,-142.52416605095857,-16.380232,25.53777,9.106926,29.666471,4.9351745,-15.000033,-12.328258,-29.466301,-5.156981,40.76478,-25.888664,15.000033,4.196172,7.557283,23.295761,-49.74496,48.14773,11.444381,-30.586275,36.033066,-8.967717,16.250175,-78.13689,3.1348197,23.350817,-15.503653,-41.81304,1.4394505,9.885052
165,9.06995964050293,4.699582099914551,72.10054779052734,5.363679046218297,-0.05633954581681943,-142.82446702343844,-16.213804,25.841614,9.083605,30.782219,3.0793881,-15.000033,-12.5524,-29.474491,-4.5897017,41.80478,-26.624174,15.000033,4.0710998,7.781098,23.525282,-49.500084,48.595463,11.699235,-30.840225,35.794327,-8.95288,16.160322,-78.73817,2.9085414,23.501495,-15.274964,-41.56746,1.3128889,9.868722
166,9.19732666015625,4.362860679626465,71.7077407836914,4.995039171544536,-0.4443532014894843,-143.2758358229318,-15.955702,26.352827,9.126411,32.046814,0.7150177,-15.000033,-12.743452,-29.275688,-3.9277377,42.83681,-27.164417,15.000033,4.02996,8.1102705,23.792665,-49.095734,49.05103,12.05804,-31.250149,35.613483,-8.9317255,16.06028,-79.354675,2.6394067,23.70171,-15.0484495,-41.299744,1.1780883,9.807917
167,9.302750587463379,3.9934072494506836,71.39381408691406,4.6058234093394645,-0.8349913346785751,-143.69138601037437,-15.716751,26.875992,9.188343,33.33255,-1.6231629,-15.000033,-12.766699,-29.034388,-3.3805625,43.636646,-27.496159,15.000033,3.9717948,8.411671,24.040545,-48.622234,49.47515,12.369959,-31.69906,35.48408,-8.901389,16.036129,-79.798775,2.3514197,23.895882,-14.932104,-41.041584,1.0546856,9.757761
168,9.383368492126465,3.6086082458496094,71.18343353271484,4.303380154519368,-1.1662427217729976,-143.88335046142865,-15.625797,27.21067,9.204602,34.531704,-3.4185474,-15.000033,-12.498005,-28.933424,-3.141656,43.983925,-27.60473,15.000033,3.8064253,8.55224,24.203516,-48.191853,49.80566,12.458838,-32.061237,35.415333,-8.860844,16.172497,-79.888885,2.0741296,24.018015,-15.01109,-40.829636,0.9599639,9.776387
169,9.433830261230469,3.2252068519592285,71.0818099975586,4.103920950363406,-1.4189486383309902,-143.76631840303122,-15.709188,27.326977,9.227537,35.584476,-4.5704656,-15.000033,-11.826538,-29.023483,-3.3286886,43.717007,-27.483156,15.000033,3.4818497,8.491936,24.23089,-47.80096,49.980785,12.233241,-32.330395,35.4755,-8.806185,16.574812,-79.55944,1.8229167,24.035492,-15.306346,-40.69177,0.899901,9.883814
170,9.479106903076172,2.8416824340820312,71.08436584472656,3.9525402179776625,-1.626616349360781,-143.4535746794878,-15.904028,27.323622,9.260886,36.553146,-5.3376727,-15.000033,-10.846172,-29.208298,-3.804816,42.98513,-27.135427,15.000033,3.0736215,8.324651,24.156746,-47.40609,49.987583,11.781943,-32.568855,35.670135,-8.743491,17.163858,-78.93,1.5901252,23.981129,-15.72987,-40.613556,0.8612329,10.052231
171,9.523282051086426,2.4613537788391113,71.17630004882812,3.8533622845488087,-1.802191570313277,-143.0529462522176,-16.208435,27.184443,9.164408,37.50701,-5.7341537,-15.000033,-9.751794,-29.45416,-4.3831453,42.03846,-26.554113,15.000033,2.6787658,8.1094,24.043621,-47.016617,49.85317,11.232897,-32.78787,35.891865,-8.687112,17.747688,-78.09381,1.3684825,23.892025,-16.206606,-40.56621,0.83355904,10.266296
172,9.581277847290039,2.0857057571411133,71.34029388427734,3.812537817267123,-1.957928599322153,-142.67110114092853,-16.613806,26.883783,8.798827,38.51378,-5.788432,-15.000033,-8.73978,-29.74339,-4.877678,41.12724,-25.737541,15.000033,2.3835044,7.88961,23.958954,-46.69269,49.632175,10.68611,-32.951565,36.0334,-8.654232,18.136717,-77.14803,1.1550794,23.806456,-16.673042,-40.520424,0.8072839,10.50984
173,9.651196479797363,1.7138196229934692,71.56546783447266,3.8315106302243986,-2.1131004078621847,-142.2756649772311,-17.190655,26.378567,8.015671,39.69703,-5.373093,-15.000033,-7.7356253,-30.062113,-5.307408,40.18218,-24.636517,15.000033,2.1700342,7.6424117,23.931929,-46.459667,49.35018,10.124824,-33.039936,36.01562,-8.642024,18.249554,-76.07225,0.95844275,23.68098,-17.171423,-40.51615,0.7777603,10.854317
174,9.747444152832031,1.3358497619628906,71.84637451171875,3.9154591592266144,-2.2560999201581775,-141.82695141826042,-17.902292,25.664743,6.939336,40.975704,-4.5222783,-15.000033,-6.692481,-30.427948,-5.7490606,39.12285,-23.27171,15.000033,1.9913776,7.332836,23.926407,-46.29249,49.012978,9.50889,-33.06291,35.899277,-8.640665,18.200941,-74.83132,0.78620327,23.50773,-17.73021,-40.552677,0.75070345,11.281662
175,9.871036529541016,0.9480822086334229,72.17027282714844,4.075339582918684,-2.3525163854514917,-141.42158059935542,-18.577415,24.79893,5.8593802,42.10734,-3.48129,-15.000033,-5.8462176,-30.886831,-6.1086755,38.1838,-21.73606,15.000033,1.8888352,6.981277,23.913326,-46.161808,48.661716,8.917669,-33.032448,35.771046,-8.658693,18.097822,-73.496544,0.6308148,23.372807,-18.26887,-40.537205,0.73274726,11.641864
176,10.019195556640625,0.5434538722038269,72.52809143066406,4.3181903065165095,-2.367866171448184,-141.15844750191008,-19.058933,23.866825,5.049024,42.864075,-2.5110981,-15.000033,-5.4244013,-31.4877,-6.2868614,37.603,-20.13211,15.000033,1.8947291,6.606658,23.87215,-46.02379,48.356857,8.449262,-32.971848,35.70552,-8.700651,18.048954,-72.131584,0.47995466,23.369432,-18.723131,-40.37161,0.7333658,11.782683
177,10.19974136352539,0.11282660812139511,72.90462493896484,4.695415179619473,-2.2868886462858184,-141.04292503357644,-19.343586,22.79312,4.5431385,43.246494,-1.5001082,-15.000033,-5.4782805,-32.322285,-6.2493634,37.423676,-18.344822,15.000033,1.9974334,6.1609898,23.812557,-45.848614,48.13111,8.139654,-32.881718,35.73312,-8.766843,18.087795,-70.72658,0.3262552,23.528542,-19.09705,-39.987396,0.7585945,11.639617
178,10.404415130615234,-0.3370230197906494,73.27950286865234,5.186960244634269,-2.1323998961905946,-141.0315440873823,-19.500639,21.588743,4.211881,43.36247,-0.38214216,-15.000033,-5.89117,-33.34127,-6.0292163,37.520382,-16.368494,15.000033,2.1685956,5.6345787,23.753813,-45.66089,47.991444,7.948126,-32.745132,35.79233,-8.848459,18.161394,-69.24934,0.17137598,23.802212,-19.440025,-39.44664,0.8015834,11.299523
179,10.6348295211792,-0.8153367042541504,73.63975524902344,5.684275018614729,-1.9239665503681338,-141.15109172778327,-19.503693,20.48353,4.049809,43.14112,0.5406339,-15.000033,-6.626122,-34.36567,-5.6261077,37.863976,-14.466135,15.000033,2.418895,5.1086335,23.685688,-45.47877,47.965252,7.8664017,-32.591858,35.811817,-8.92964,18.248636,-67.72853,0.024000324,24.168192,-19.746029,-38.84882,0.8504877,10.839393
180,10.877918243408203,-1.3190314769744873,73.96331024169922,6.0757995694612,-1.6788301885584993,-141.42604628295032,-19.333363,19.692747,4.0276914,42.516594,0.95229244,-15.000033,-7.6415844,-35.216537,-5.0488596,38.43302,-12.90654,15.000033,2.760982,4.665242,23.600996,-45.327557,48.08765,7.884156,-32.445534,35.714058,-8.992781,18.329762,-66.168655,-0.12044714,24.609024,-20.042036,-38.285324,0.8986475,10.331656
181,11.12138557434082,-1.8389006853103638,74.23530578613281,6.398715555492925,-1.3858244830189737,-141.9081438884602,-18.895634,19.156761,4.1334505,41.324738,0.57363886,-15.000033,-9.095242,-36.046856,-4.2973733,39.45159,-11.698277,15.000033,3.2286878,4.262878,23.49994,-45.21524,48.38026,8.023178,-32.291485,35.479733,-9.023541,18.406054,-64.56131,-0.23883004,25.153887,-20.310009,-37.696106,0.9548384,9.68199
182,11.360214233398438,-2.3641340732574463,74.45248413085938,6.679145951619615,-1.0437612186225862,-142.5622715840934,-18.232796,18.799551,4.3588414,39.639694,-0.35367176,-15.000033,-10.947002,-36.847454,-3.3318238,40.83504,-10.703772,15.000033,3.7866404,3.8744345,23.39657,-45.113613,48.84829,8.293949,-32.126286,35.138153,-9.028232,18.49132,-62.903336,-0.32254472,25.804544,-20.551945,-37.05912,1.0140114,8.888608
183,11.58040714263916,-2.875859498977661,74.60787963867188,6.791712729893673,-0.6772111266637819,-143.2909566364968,-17.531277,18.811138,4.7069273,37.761333,-1.3677449,-15.000033,-12.843281,-37.21525,-2.1832166,42.119686,-9.972335,15.000033,4.3540583,3.6004627,23.288317,-44.98861,49.50958,8.672416,-31.999622,34.677376,-9.019081,18.585562,-61.22144,-0.37182754,26.494766,-20.810915,-36.53162,1.0528109,8.168555
184,11.781166076660156,-3.3506176471710205,74.69920349121094,6.619432816328926,-0.3033585739277614,-144.00919965724785,-16.980076,19.372736,5.2030015,36.004963,-2.0229895,-15.000033,-14.422695,-36.79414,-0.9547161,42.871502,-9.573885,15.000033,4.861211,3.5268102,23.1649,-44.876987,50.386375,9.085322,-31.906185,34.103218,-9.006978,18.690706,-59.534466,-0.3895978,27.15461,-21.148483,-36.266552,1.055687,7.738167
185,11.964738845825195,-3.787806510925293,74.7347640991211,6.010101995690899,0.09186791674503891,-144.78636376319255,-16.604559,20.790476,5.9064198,34.37144,-2.2747993,-15.000033,-15.597008,-35.142193,0.50377643,42.904274,-9.729331,15.000033,5.3660088,3.7888103,23.00895,-44.89771,51.50392,9.47523,-31.782982,33.393845,-8.986105,18.79823,-57.838284,-0.37028375,27.77898,-21.582752,-36.351192,1.0289525,7.677196
186,12.131333351135254,-4.2026448249816895,74.72127532958984,5.081729247801157,0.48715264589471,-145.632932509647,-16.283356,22.847216,6.832483,32.723442,-2.3483033,-15.000033,-16.470905,-32.624977,2.1256413,42.474487,-10.38377,15.000033,5.897424,4.289447,22.82564,-44.93483,52.889137,9.939684,-31.712225,32.479042,-8.948686,18.912863,-56.115627,-0.31528923,28.378958,-22.079208,-36.690002,0.9782584,7.865249
187,12.284839630126953,-4.604968070983887,74.6661148071289,4.124871625760289,0.8341184391380881,-146.38306049391872,-16.004387,24.941925,7.912105,31.169214,-2.1965344,-15.000033,-17.035336,-30.1069,3.50226,41.8138,-11.173094,15.000033,6.2611175,4.7083855,22.684238,-45.099804,54.491383,10.294515,-31.563951,31.577295,-8.899745,19.07235,-54.368694,-0.21356809,28.968107,-22.69608,-37.142525,0.8952198,8.205533
188,12.43945026397705,-5.007462024688721,74.5672607421875,3.4098655152192663,1.1275184015456021,-146.89261215274362,-15.801412,26.517256,9.041642,29.83274,-1.7632413,-15.000033,-17.389334,-28.40267,4.2250595,41.169186,-11.657639,15.000033,6.3809266,4.804055,22.574821,-45.28054,56.27388,10.5359335,-31.395103,30.723213,-8.854298,19.296349,-52.596813,-0.082611345,29.503544,-23.412592,-37.587425,0.7658764,8.615687
189,12.60515022277832,-5.422037124633789,74.43099212646484,3.025384817184298,1.4138244845040544,-147.1148545861842,-15.673825,27.453175,10.406705,28.594229,-0.67523026,-15.000033,-17.61436,-27.760376,4.069454,40.53846,-11.525196,15.000033,6.2047796,4.4965053,22.476526,-45.53339,58.214397,10.589423,-31.171206,29.977882,-8.82661,19.639105,-50.747322,0.073332965,29.984215,-24.268772,-38.05056,0.55837375,9.158523
190,12.769347190856934,-5.839316368103027,74.2477798461914,2.8065938443895644,1.705154750305642,-147.13298017265865,-15.647068,28.066566,11.97158,27.463112,0.93465555,-15.000033,-17.694786,-27.700987,3.294753,39.824554,-11.052125,15.000033,5.8254066,3.959372,22.362339,-45.908024,60.313934,10.460071,-30.898937,29.278362,-8.813436,20.066856,-48.832478,0.24775189,30.41146,-25.243137,-38.576855,0.28333524,9.852328
191,12.930809020996094,-6.248906135559082,74.01970672607422,2.6345391619863223,1.9599724632707494,-147.01371283238902,-15.80513,28.500156,13.285302,26.744198,2.36755,-15.000033,-17.607056,-27.924042,2.1882405,39.13389,-10.636709,15.000033,5.3158593,3.2927914,22.25587,-46.44685,62.52092,10.112643,-30.557083,28.66605,-8.796743,20.480686,-46.93807,0.42551056,30.819942,-26.303932,-39.061146,0.0047812313,10.535058
192,13.04974365234375,-6.625942230224609,73.7186050415039,2.4033386988569787,2.12638157440872,-146.8295954713275,-16.208118,28.873425,13.863472,26.729933,2.8619726,-15.000033,-17.320717,-28.15087,1.0635245,38.558617,-10.675199,15.000033,4.7697754,2.5982275,22.189629,-47.17071,64.75281,9.52423,-30.14427,28.183247,-8.761295,20.775408,-45.153774,0.57964575,31.23472,-27.404013,-39.402954,-0.20801625,11.047759
193,13.133105278015137,-6.970038890838623,73.34852600097656,2.11017261585555,2.221513187880026,-146.621039939133,-16.915245,29.136414,13.431208,27.581171,2.0637627,-15.000033,-16.842382,-28.400461,-0.051931757,38.096638,-11.340096,15.000033,4.2357483,1.8927785,22.12914,-48.050488,66.97746,8.695061,-29.703367,27.92724,-8.706897,20.88816,-43.416843,0.6864504,31.669472,-28.53746,-39.531307,-0.33062586,11.310615
194,13.202288627624512,-7.288666248321533,72.96965789794922,1.7988728080974794,2.2595320681413296,-146.34659684431165,-17.881256,29.238081,12.285957,29.103895,0.42472348,-15.000033,-16.171093,-28.777071,-1.3040618,37.698368,-12.388921,15.000033,3.678484,1.1535494,22.06914,-49.081947,69.183464,7.6300383,-29.26071,27.859545,-8.645158,20.877977,-41.702488,0.72973907,32.10496,-29.732508,-39.51347,-0.39655623,11.421521
195,13.272436141967773,-7.6331963539123535,72.54484558105469,1.442252859903095,2.182329333984757,-145.95811767549876,-18.993706,29.283192,10.799529,31.034359,-1.5846179,-15.000033,-15.279142,-29.151089,-2.614418,37.37665,-13.582715,15.000033,3.0696628,0.41729048,22.094753,-50.28735,71.29139,6.3362865,-28.814228,27.83346,-8.58223,20.819145,-40.165558,0.68981636,32.519287,-30.975504,-39.458725,-0.4206497,11.489677
196,13.349371910095215,-7.989046573638916,72.08468627929688,1.0213539560151275,1.9306526004904057,-145.4031637354826,-20.123478,29.389101,9.332893,33.09881,-3.5170135,-15.000033,-14.138084,-29.409021,-3.901608,37.148056,-14.690918,15.000033,2.391124,-0.27538598,22.291124,-51.643707,73.17659,4.857717,-28.382212,27.716988,-8.532736,20.778128,-38.970783,0.541743,32.885433,-32.23512,-39.478104,-0.41753635,11.626246
197,13.431475639343262,-8.33522891998291,71.6118392944336,0.4870132472555482,1.4128144287381437,-144.65493289925698,-21.277338,29.682102,7.9300327,35.462845,-5.450142,-15.000033,-12.6742525,-29.484232,-5.1017585,37.083862,-15.715859,15.000033,1.62612,-0.8416325,22.737135,-53.04298,74.751366,3.2632015,-27.994293,27.512949,-8.532546,20.787941,-38.162098,0.24779512,33.201965,-33.503353,-39.58006,-0.40254095,11.850396
198,13.503151893615723,-8.649567604064941,71.14417266845703,-0.14306219258172048,0.6865338839464502,-143.73994006914396,-22.494528,30.05758,6.4011016,38.163326,-7.5469522,-15.000033,-10.929783,-29.45008,-6.259442,37.150673,-16.762207,15.000033,0.8263129,-1.2948797,23.36884,-54.4023,75.98495,1.6272428,-27.68955,27.318731,-8.579919,20.789999,-37.644375,-0.21831737,33.465546,-34.79185,-39.710583,-0.3614601,12.107571
199,13.556014060974121,-8.960197448730469,70.69300079345703,-0.7775896322784043,-0.08208747039091109,-142.68358991629933,-23.693329,30.307798,4.751815,40.768974,-9.544434,-15.000033,-9.040347,-29.407995,-7.470678,37.2056,-17.754354,15.000033,0.07138028,-1.7413105,24.055809,-55.696587,76.835365,0.03584567,-27.493893,27.150816,-8.634337,20.711481,-37.373333,-0.85349405,33.647953,-36.084957,-39.894825,-0.26557893,12.397286
200,13.581852912902832,-9.277456283569336,70.29013061523438,-1.3183022867113283,-0.7246656102387312,-141.51336842675224,-24.80248,30.230993,3.015241,42.881866,-11.174944,-15.000033,-7.1345506,-29.458994,-8.84316,37.108906,-18.621513,15.000033,-0.5633368,-2.2725375,24.657076,-56.90065,77.25571,-1.427501,-27.43008,27.02853,-8.656769,20.477861,-37.309174,-1.6285404,33.724342,-37.347824,-40.181206,-0.08668313,12.720241
201,13.591611862182617,-9.592511177062988,69.94514465332031,-1.7740527522939105,-1.2842676455125275,-140.21926466895886,-25.737745,29.778944,1.134476,44.46331,-12.424621,-15.000033,-5.0977592,-29.59595,-10.496246,36.799404,-19.309204,15.000033,-1.1057235,-2.8729908,25.184555,-57.90847,77.1761,-2.6767108,-27.519247,26.935564,-8.597143,20.001621,-37.420673,-2.5171945,33.706867,-38.587418,-40.68197,0.18408836,13.095352
202,13.590483665466309,-9.88699722290039,69.67107391357422,-2.1854909153697646,-1.8205988615570228,-138.79244181908314,-26.54175,29.06774,-0.85809416,45.737656,-13.43289,-15.000033,-2.8931901,-29.754461,-12.360819,36.354805,-19.868313,15.000033,-1.5696863,-3.4749384,25.68252,-58.63861,76.57781,-3.6761818,-27.73889,26.903704,-8.500522,19.331018,-37.76112,-3.5184233,33.57788,-39.751904,-41.345142,0.5253954,13.524177
203,13.565829277038574,-10.16238784790039,69.47227478027344,-2.492568176282166,-2.1924314391309516,-137.26811337602987,-27.335491,28.136864,-2.7884102,46.707897,-14.170505,-15.000033,-0.76465887,-29.971668,-14.275204,35.854618,-20.387747,15.000033,-1.8739823,-4.0931945,26.057398,-59.1758,75.52887,-4.483637,-28.03178,27.008179,-8.46608,18.59955,-38.422024,-4.6360803,33.285835,-40.721592,-41.97579,0.9182304,13.974772
204,13.512187004089355,-10.414095878601074,69.35506439208984,-2.6282953437230945,-2.2596407638469747,-135.68203109040326,-28.251728,27.017464,-4.4915476,47.366623,-14.601479,-15.000033,1.0380417,-30.308502,-16.082876,35.392097,-20.969221,15.000033,-1.9465587,-4.7595353,26.22625,-59.70671,74.15008,-5.238034,-28.32172,27.295296,-8.583983,17.9526,-39.451862,-5.86494,32.828384,-41.42865,-42.42051,1.3503082,14.404721
205,13.403522491455078,-10.644253730773926,69.31415557861328,-2.5283745229917773,-1.9078265525896847,-134.0371171932721,-29.376976,25.664392,-5.884314,47.6501,-14.65486,-15.000033,2.426412,-30.857847,-17.855232,34.908585,-21.651115,15.000033,-1.7907503,-5.5815854,26.070837,-60.31912,72.51535,-6.0380373,-28.614983,27.742725,-8.873742,17.422031,-40.81172,-7.1919446,32.076164,-42.001225,-42.501614,1.7896624,14.895221
206,13.258819580078125,-10.845429420471191,69.32971954345703,-2.224932073325029,-1.2490748714588036,-132.31660628452252,-30.602993,24.071318,-7.0465755,47.564907,-14.364584,-15.000033,3.554574,-31.577219,-19.680569,34.41164,-22.408283,15.000033,-1.4422998,-6.530156,25.699255,-61.058273,70.631805,-6.927564,-28.906267,28.297054,-9.273088,16.95778,-42.39019,-8.581313,31.186195,-42.51285,-42.473404,2.2609608,15.4178095
207,13.102309226989746,-10.994096755981445,69.38418579101562,-1.7931524540519646,-0.4817826051738144,-130.52342111522358,-31.78474,22.326834,-8.065221,47.19527,-13.830749,-15.000033,4.5271964,-32.34457,-21.40445,34.08958,-23.25606,15.000033,-0.96532786,-7.476323,25.309824,-61.98372,68.56391,-7.9350085,-29.052898,28.964733,-9.753302,16.570744,-44.45327,-10.054468,30.343065,-42.613876,-42.423786,2.8204236,15.804246
208,12.94564151763916,-11.099266052246094,69.47266387939453,-1.3110673268855049,0.20035967188453802,-128.66338373573757,-32.78951,20.52112,-9.044111,46.636356,-13.163019,-15.000033,5.4328113,-33.053394,-22.84116,34.12089,-24.181501,15.000033,-0.581905,-8.353706,25.004015,-62.980946,66.47165,-8.969918,-28.863817,29.756859,-10.291541,16.255413,-47.912632,-11.82453,29.239044,-41.561485,-41.585438,3.488382,15.946379
209,12.807358741760254,-11.17098331451416,69.58364868164062,-0.7322065925966742,0.7666548434941611,-126.6958744074937,-33.548206,18.592777,-10.002503,45.77348,-12.314563,-15.000033,6.2806935,-33.81239,-23.955791,34.56027,-25.234013,15.000033,-0.1823607,-9.191307,24.958885,-64.140366,64.39611,-10.075819,-28.399124,30.568851,-10.906517,16.123768,-52.268047,-13.94357,28.368587,-40.06196,-40.52004,4.382296,15.695519
210,12.671905517578125,-11.217904090881348,69.70357513427734,-0.028500643581164366,1.3065081850094347,-124.63159444981453,-34.141907,16.532417,-10.894537,44.57753,-11.2381,-15.000033,7.0229254,-34.65741,-24.831585,35.312485,-26.40436,15.000033,0.24991345,-10.016689,25.079494,-65.40519,62.346714,-11.1948395,-27.745974,31.398026,-11.5859785,16.15857,-57.487698,-16.43927,27.70836,-38.207664,-39.05548,5.4391794,15.1112995
211,12.54088020324707,-11.234992980957031,69.83002471923828,0.6796250576744245,1.823954008119358,-122.55640412091473,-34.688927,14.513108,-11.743055,43.292507,-10.050937,-15.000033,7.6427526,-35.35433,-25.4168,36.28034,-27.53771,15.000033,0.7774222,-10.635267,25.357437,-66.78388,60.340633,-12.186217,-26.962954,32.278275,-12.220556,16.234838,-63.470306,-19.300512,27.58132,-35.661716,-37.359737,6.51437,14.184759
212,12.405099868774414,-11.208085060119629,69.96137237548828,1.10100794350719,2.386499007924851,-120.61752163718886,-35.425724,12.888776,-12.672225,42.242466,-8.911703,-15.000033,8.001793,-35.39532,-25.549309,37.288994,-28.427208,14.813456,1.514353,-10.716446,25.757183,-68.27203,58.356117,-12.909364,-26.147804,33.31219,-12.693307,16.239477,-69.91112,-22.422222,28.408688,-32.27123,-35.844296,7.4760165,12.91312
213,12.25919246673584,-11.145750045776367,70.087646484375,1.4042856102002792,2.9386239501744096,-118.71940181227224,-36.265278,11.435187,-13.640154,41.377975,-7.7515435,-15.000033,8.102737,-34.82945,-25.02052,38.429695,-29.009888,14.271642,2.3602166,-10.392673,26.333677,-69.89915,56.45175,-13.18852,-25.275108,34.631985,-12.977821,16.046026,-77.55553,-25.794342,30.316574,-27.756083,-34.34873,8.4077015,11.149639
214,12.1141939163208,-11.085100173950195,70.1828384399414,1.7462258892017455,3.445520263774249,-116.79141875719655,-37.0993,9.964372,-14.561668,40.575806,-6.529925,-15.000033,8.101548,-34.097614,-24.111935,39.786293,-29.3942,14.405281,3.3276637,-9.83932,27.16154,-71.64108,54.62272,-13.094232,-24.422846,36.139786,-13.133024,15.75764,-86.28424,-29.325268,33.38553,-22.563814,-32.755108,9.320964,8.908605
215,11.966927528381348,-11.028528213500977,70.24728393554688,2.0954518613187223,3.9157159412680476,-114.90736360137083,-37.931873,8.567034,-15.320984,39.917183,-5.382106,-15.000033,8.103785,-33.382473,-23.25319,41.23133,-29.674814,14.82322,4.5639963,-9.170184,28.174107,-73.54241,52.784206,-12.9488945,-23.633434,37.456776,-13.216409,15.531265,-95.05268,-32.7567,37.387646,-16.922728,-31.13803,9.9406805,6.5696836
216,11.815153121948242,-10.995902061462402,70.27520751953125,2.421466806763646,4.358175127582232,-113.14212453032609,-38.771667,7.333764,-15.804004,39.487713,-4.447456,-15.000033,8.205352,-32.869175,-22.836937,42.625427,-29.927723,15.000033,6.095783,-8.576362,29.192001,-75.6531,50.840816,-13.143989,-22.781778,38.261803,-13.290348,15.502603,-102.70553,-35.806763,41.743572,-10.833588,-29.744465,9.991042,4.6131935
217,11.657829284667969,-10.98642635345459,70.26667022705078,2.7077979870425524,4.888678746354664,-111.46122300805177,-39.80105,6.2989264,-15.909207,39.34499,-3.6922724,-15.000033,8.3376045,-32.65043,-23.032648,44.07351,-30.191128,15.000033,7.729076,-8.152327,29.793802,-77.805084,48.755016,-13.739211,-21.611586,38.364666,-13.344572,15.825672,-109.20096,-38.35241,46.266415,-3.5613666,-29.06014,9.328161,3.2793148
218,11.503203392028809,-11.014153480529785,70.20541381835938,2.9560921357261183,5.538470230838634,-109.83997974550543,-41.05755,5.426788,-15.743329,39.43421,-3.0562956,-15.000033,8.38809,-32.60575,-23.588093,45.625084,-30.42577,15.000033,9.355187,-7.9253526,29.793802,-79.84427,46.53256,-14.627433,-20.03569,38.063843,-13.377047,16.392447,-114.593735,-40.349552,50.87028,4.616025,-29.182056,8.15139,2.3662953
219,11.3467435836792,-11.096349716186523,70.09701538085938,3.186467433413186,6.0786042988357,-108.37116037928077,-42.208473,4.673192,-15.482285,39.69879,-2.66811,-15.000033,8.563263,-32.706696,-24.302076,47.025192,-30.567762,15.000033,11.048316,-7.8323226,29.793802,-81.9527,44.23981,-15.675227,-18.26471,37.72026,-13.437912,16.923674,-119.35384,-41.820366,55.525677,13.294324,-29.1527,6.7165213,1.7316673
220,11.196090698242188,-11.22265338897705,69.93597412109375,3.3917068619537867,6.460851048631151,-107.1481358390525,-43.110607,4.0140605,-15.315187,40.05616,-2.6165218,-15.000033,8.81821,-32.89797,-24.942871,48.07678,-30.561037,15.000033,12.8164835,-7.8765616,29.793802,-83.96783,41.929497,-16.88815,-16.460957,37.71098,-13.572777,17.198729,-123.25331,-42.784946,60.05143,22.159552,-28.0724,5.227051,1.2057009
221,11.072385787963867,-11.390510559082031,69.72377014160156,3.565190525479764,6.712040382123865,-106.23298688436653,-43.735687,3.4630783,-15.267249,40.472878,-3.017304,-15.000033,9.102867,-33.30836,-25.561487,48.775066,-30.37821,15.000033,14.751679,-8.108398,29.793802,-85.938194,39.623806,-18.33958,-14.6115,38.083298,-13.777664,17.146706,-126.232056,-43.244835,65.14358,32.774414,-24.82775,3.428206,0.60398215
222,10.968561172485352,-11.588769912719727,69.47180938720703,3.6997042786469505,6.846928034020838,-105.56801794316367,-44.156647,3.0301366,-15.251983,41.002953,-3.7965314,-15.000033,9.443493,-33.876938,-26.23043,49.20924,-30.054272,14.717672,16.695301,-8.4073715,29.793802,-87.72528,37.35671,-19.78004,-12.743715,38.63861,-14.034551,16.890648,-128.76111,-43.26817,71.01695,45.312252,-20.248432,1.4319093,0.1693603
223,10.872566223144531,-11.812453269958496,69.19900512695312,3.8023429347774544,6.8077576727772176,-105.06327385665159,-44.38715,2.6636398,-15.273656,41.699585,-4.758561,-15.000033,9.942659,-34.403027,-26.79623,49.340416,-29.624178,14.622814,18.403662,-8.577849,29.793802,-89.0895,35.198105,-20.956167,-11.0279045,39.340298,-14.352084,16.515318,-131.02965,-42.975853,76.39584,57.071877,-16.14068,-0.12874778,0.20353359
224,10.770586013793945,-12.04844856262207,68.92584228515625,3.871255393265671,6.575126351677455,-104.6293126042783,-44.47608,2.3245702,-15.343243,42.59824,-5.69482,-15.000033,10.632072,-34.650887,-27.07963,49.1294,-29.12125,15.000033,19.777182,-8.518746,29.793802,-89.96974,33.218468,-21.848852,-9.612256,40.10597,-14.714503,16.131891,-132.71399,-42.488125,79.52216,65.29257,-14.234759,-0.79671437,0.9503578
225,10.634990692138672,-12.274487495422363,68.69255065917969,3.48509914369338,6.230455584624778,-104.41736014716656,-44.664104,2.4107633,-15.777232,44.011948,-6.7033334,-15.000033,11.29126,-33.830288,-26.861277,48.191742,-28.46176,15.000033,20.966206,-7.87102,29.793802,-90.33111,31.74419,-22.535505,-8.905512,40.824577,-15.106438,15.714661,-133.58197,-42.070183,79.18357,69.36866,-16.043432,-0.28938675,3.303213
226,10.48609733581543,-12.502877235412598,68.49449920654297,2.8690778946169506,5.740886355264412,-104.37625445910027,-44.79564,2.7201478,-16.415134,45.75116,-7.8112516,-15.000033,12.034627,-32.449238,-26.310522,46.702084,-27.692059,15.000033,22.134893,-6.8189297,29.793802,-90.69389,30.156038,-23.258612,-8.230922,41.704453,-15.554588,15.227076,-133.65387,-41.430904,76.499275,71.45598,-20.369465,0.7508971,6.910231
227,10.33621883392334,-12.73523235321045,68.32807922363281,2.2357201104871245,5.143569562206997,-104.40023817886407,-44.749752,3.0810997,-17.067902,47.43859,-8.878506,-15.000033,12.827455,-30.976498,-25.491102,45.22207,-26.943293,15.000033,23.055458,-5.7531495,29.793802,-90.80579,28.894749,-23.938244,-7.8547177,42.516808,-15.966774,14.79673,-133.16017,-40.83549,72.887856,71.85449,-24.704079,1.6612877,10.151225
228,10.184934616088867,-12.976588249206543,68.20633697509766,1.7857147273092158,4.479642348583753,-104.39675272162644,-44.42996,3.3337114,-17.542334,48.74238,-9.782481,-15.000033,13.61959,-29.874405,-24.50458,44.313244,-26.323786,15.000033,23.635967,-5.009031,29.793802,-90.71513,27.993399,-24.59303,-7.6617146,43.169415,-16.2703,14.541525,-132.20805,-40.32314,69.78311,70.996315,-26.472786,2.254881,11.267673
229,10.053071975708008,-13.21246337890625,68.12506103515625,1.6291347340457667,3.730168806006549,-104.25256432320943,-43.809505,3.3170516,-17.79931,49.61702,-10.4903345,-15.000033,14.487021,-29.306984,-23.38415,44.224648,-25.932196,15.000033,23.763268,-4.7353063,29.793802,-90.41528,27.486383,-25.311192,-7.6658745,43.663708,-16.460201,14.510558,-130.70901,-39.927937,67.57769,68.35249,-23.536102,2.5188415,8.766573
230,9.935009956359863,-13.433080673217773,68.08839416503906,1.6378925237370519,2.8871267068297763,-104.05650811379226,-42.951588,3.1576502,-17.929829,50.240967,-11.071979,-15.000033,15.425537,-29.00008,-22.092152,44.610035,-25.65922,15.000033,23.507107,-4.7255974,29.793802,-89.83922,27.363096,-26.04127,-7.9524913,44.045074,-16.57865,14.622951,-128.6541,-39.661922,65.45679,63.76152,-17.667156,2.2843432,3.9076521
231,9.839423179626465,-13.645094871520996,68.11622619628906,1.6478969609612972,2.0212918470791177,-104.02455362066632,-41.908646,3.1393955,-17.940355,50.619587,-11.56416,-15.000033,16.233908,-28.744932,-20.637442,45.14126,-25.2871,15.000033,23.117304,-4.76815,29.793802,-88.95823,27.56133,-26.595472,-8.523592,44.263294,-16.624409,14.803269,-126.09291,-39.511303,63.007793,58.17463,-12.22661,1.7617867,-0.91925067
232,9.772574424743652,-13.852076530456543,68.21907806396484,1.49097109622307,1.2087165552020782,-104.36300380827662,-40.74059,3.5550601,-17.8451,50.763523,-12.006169,-15.000033,16.707998,-28.341629,-19.032948,45.509327,-24.625177,15.000033,22.897078,-4.6341743,29.793802,-87.752304,27.961147,-26.7971,-9.379642,44.273453,-16.599825,14.977736,-123.10876,-39.40968,59.912804,52.60177,-10.443899,2.0293272,-3.554168
233,9.73164176940918,-14.035017967224121,68.40015411376953,1.0802134165640203,0.4247898472690219,-105.20841507233493,-39.42364,4.5780444,-17.643412,50.75263,-12.488218,-15.000033,16.794697,-27.687023,-17.15384,45.613922,-23.606031,15.000033,23.01714,-4.2191215,29.793802,-86.22635,28.43546,-26.626005,-10.428361,44.08669,-16.466766,15.208982,-119.62047,-39.251102,55.996105,46.973125,-14.322776,4.142334,-3.1374395
234,9.711356163024902,-14.192361831665039,68.66526794433594,0.5277606534942735,-0.3711354330515643,-106.41642495420098,-37.923374,6.0250616,-17.316603,50.55044,-12.959672,-15.000033,16.632965,-26.900389,-15.054057,45.634262,-22.351025,15.000033,23.346498,-3.635332,29.793802,-84.47025,28.95206,-26.180906,-11.604364,43.740273,-16.244902,15.508048,-115.62007,-38.978565,51.476505,40.84716,-21.947742,7.264278,-0.6153916
235,9.683608055114746,-14.316969871520996,69.01728820800781,-0.04510205258664839,-1.1113124114574222,-107.76993441333519,-36.301735,7.653898,-16.858677,50.003998,-13.257388,-15.000033,16.277672,-26.122187,-13.009545,45.68564,-20.95698,15.000033,23.70029,-3.0059886,29.793802,-82.575,29.501436,-25.486488,-12.916345,43.29855,-16.016573,15.735691,-111.31445,-38.57233,46.64294,34.63439,-30.344395,9.981727,3.018153
236,9.637240409851074,-14.417952537536621,69.44242095947266,-0.5233498714919415,-1.7184064248421105,-109.05938742743342,-34.628548,9.2158375,-16.271719,48.978725,-13.225534,-15.000033,15.75314,-25.492579,-11.273804,45.875687,-19.504065,15.000033,23.90401,-2.4716377,29.793802,-80.607994,30.08719,-24.58508,-14.3998995,42.811443,-15.862941,15.751037,-106.856,-38.030586,41.74093,28.751345,-36.214863,11.491041,6.1789823
237,9.58041000366211,-14.493669509887695,69.9388427734375,-0.8580436711910877,-2.136972820172606,-110.29907219129517,-32.887417,10.674025,-15.478284,47.355633,-12.838956,-15.000033,14.914206,-25.108477,-9.816971,46.33816,-17.877634,15.000033,24.016014,-2.0872772,29.793802,-78.5287,30.700014,-23.415304,-16.142626,42.204933,-15.815178,15.440685,-101.99128,-37.304836,36.501343,23.173338,-38.15468,11.862695,8.301713
238,9.51571273803711,-14.55380916595459,70.50420379638672,-1.1214147795339529,-2.415842654801821,-111.58449535750738,-31.042675,12.132336,-14.4914255,45.249706,-12.182883,-15.000033,13.76674,-24.864954,-8.507717,46.978703,-16.066702,15.000033,24.152266,-1.7866163,29.793802,-76.36695,31.325739,-22.013056,-18.07422,41.407738,-15.82198,14.908603,-96.60891,-36.30772,30.916754,17.586697,-37.96821,11.654588,10.054294
239,9.446504592895508,-14.588193893432617,71.12866973876953,-1.4153768410557779,-2.567192806857675,-112.82967148950326,-29.228785,13.581243,-13.47935,42.878696,-11.258038,-15.000033,12.472791,-24.58298,-7.4429736,47.56975,-14.300373,15.000033,24.14535,-1.5439848,29.57271,-73.983444,31.907787,-20.565733,-20.071682,40.638577,-15.840376,14.369054,-90.92479,-34.975185,25.64179,12.030636,-37.128254,11.286444,11.497738
240,9.367205619812012,-14.595090866088867,71.79400634765625,-1.8327030370544624,-2.616786978867779,-113.94791833671387,-27.582945,15.020919,-12.610152,40.46254,-10.069674,-15.000033,11.21742,-24.11334,-6.741034,47.891514,-12.81878,15.000033,23.84096,-1.289781,28.918648,-71.41571,32.396763,-19.228224,-21.8804,40.024372,-15.853689,14.009754,-85.32753,-33.32067,21.363428,6.797734,-37.20364,11.073046,12.722564
241,9.284039497375488,-14.579216003417969,72.48660278320312,-2.3578263304548006,-2.7085014213160545,-114.89488354002582,-25.875393,16.4301,-11.8846,37.822727,-8.563333,-15.000033,10.246011,-23.491976,-6.563784,47.817673,-11.704861,15.000033,23.133793,-0.9756768,28.271357,-68.899506,32.810623,-17.898104,-23.535849,39.654907,-15.887186,13.790181,-80.23469,-31.490616,18.315073,2.0475986,-38.97718,11.125361,13.855773
242,9.195085525512695,-14.532332420349121,73.18727111816406,-2.946567742040348,-2.792930081319684,-115.72472741284452,-24.124235,17.806305,-11.21321,34.934772,-6.7673564,-15.000033,9.399349,-22.807886,-6.80294,47.484062,-10.82761,15.000033,22.139015,-0.6268782,27.634542,-66.400055,33.154255,-16.50868,-25.137657,39.43446,-15.950202,13.624108,-75.31112,-29.563435,16.110426,-2.3954601,-41.519478,11.2180395,14.8583975
243,9.112709999084473,-14.463871955871582,73.89479064941406,-3.554460515459575,-2.8381506543878428,-116.4914792156054,-22.543325,19.118732,-10.567585,32.208645,-4.823315,-15.000033,8.572692,-22.085453,-7.1987467,46.990917,-10.102175,15.000033,20.996805,-0.25160784,26.996708,-64.05667,33.446144,-15.158299,-26.607946,39.291107,-15.98725,13.523838,-70.607216,-27.56864,14.465394,-6.5286756,-43.948338,11.161642,15.645699
244,9.034757614135742,-14.37237548828125,74.59413146972656,-4.142812135658904,-2.814364083850802,-117.24821885546653,-21.350475,20.346308,-9.939363,30.054224,-2.8730116,-15.000033,7.667986,-21.345015,-7.493733,46.443535,-9.450087,15.000033,19.827705,0.15450832,26.33254,-61.980843,33.71933,-13.931338,-27.86368,39.15496,-15.945158,13.499336,-66.246956,-25.494253,13.130207,-10.277538,-45.390774,10.804115,16.100822
245,8.960628509521484,-14.265317916870117,75.26722717285156,-4.750929629744929,-2.692994973647574,-117.97346723776998,-20.646751,21.50626,-9.516738,28.47983,-0.73785204,-15.000033,6.670127,-20.490753,-7.6520605,45.805775,-8.990808,15.000033,18.584469,0.6358388,25.607807,-60.161785,34.006905,-12.822176,-28.91639,39.061325,-15.785371,13.559374,-62.232193,-23.339956,12.006463,-13.490449,-45.389477,10.0441065,16.074217
246,8.894089698791504,-14.136609077453613,75.90729522705078,-5.387538032371768,-2.498291016268176,-118.6513626034588,-20.332182,22.611164,-9.276157,27.315533,1.5741436,-15.000033,5.6273746,-19.55608,-7.7919135,45.03582,-8.719834,15.000033,17.22107,1.1799399,24.855791,-58.566048,34.334873,-11.795788,-29.78955,39.007755,-15.541368,13.698169,-58.496105,-21.147148,11.212437,-16.210033,-44.506374,8.98796,15.681354
247,8.835930824279785,-13.995467185974121,76.50557708740234,-5.972233085750468,-2.2797916655296664,-119.34484079929877,-20.285906,23.651754,-8.88905,26.651394,3.6797266,-15.000033,4.546099,-18.731483,-7.9005246,44.231373,-8.360773,15.000033,15.826169,1.709414,24.137556,-57.13207,34.72463,-10.858518,-30.517643,38.921886,-15.266213,13.904102,-55.119415,-18.965834,10.840391,-18.604755,-43.38804,7.8106556,15.19074
248,8.785740852355957,-13.841872215270996,77.0450439453125,-6.425992627783041,-2.0863711652779555,-120.11756373409504,-20.350716,24.636297,-8.007075,26.545742,5.215921,-15.000033,3.438014,-18.190886,-7.9709873,43.49866,-7.6407657,15.000033,14.496135,2.1433477,23.495647,-55.884888,35.208405,-10.020872,-31.053768,38.687004,-15.018953,14.163229,-52.188705,-16.864046,10.955827,-20.81861,-42.659515,6.700817,14.850759
249,8.743329048156738,-13.680619239807129,77.5323486328125,-6.722000426762638,-1.8713368419919822,-120.97657312289205,-20.576153,25.676916,-6.20504,27.101309,6.1454763,-15.000033,2.2424607,-17.978148,-8.027026,42.87737,-6.382301,15.000033,13.213453,2.4549892,22.886505,-54.826225,35.814598,-9.2754545,-31.38604,38.222584,-14.792695,14.5137615,-49.702503,-14.910724,11.61504,-22.834589,-42.503574,5.669608,14.705755
250,8.71558952331543,-13.520352363586426,77.97303009033203,-6.914890046765973,-1.6222197637465288,-121.89207067632952,-20.985935,26.796844,-3.78399,28.249395,6.664876,-15.000033,0.9746765,-17.9775,-8.0741415,42.311363,-4.7621593,15.000033,11.936169,2.7078211,22.299454,-53.905926,36.548916,-8.591678,-31.579624,37.591972,-14.562992,14.957813,-47.61174,-13.140864,12.713277,-24.552135,-42.552864,4.641701,14.623224
251,8.690642356872559,-13.351778984069824,78.35724639892578,-7.036992682883318,-1.442418480293571,-122.87121454997015,-21.37066,27.846336,-1.4694966,29.760561,6.767597,-15.000033,-0.2412325,-18.125164,-8.071088,41.780964,-3.0478837,15.000033,10.72492,2.9364896,21.821114,-53.11113,37.402885,-7.9606156,-31.66704,36.89187,-14.362133,15.425903,-45.93603,-11.5587635,14.065836,-25.996376,-42.59675,3.6867712,14.569805
252,8.662520408630371,-13.189045906066895,78.65193176269531,-7.106840202323316,-1.4415796582174925,-123.9210783096966,-21.529512,28.60753,0.02156655,31.362885,6.4527726,-15.000033,-1.2752415,-18.371712,-7.9666376,41.266346,-1.5121542,15.000033,9.653669,3.1624033,21.548515,-52.424385,38.350403,-7.386314,-31.693773,36.232475,-14.218145,15.848323,-44.652348,-10.12859,15.514451,-27.246883,-42.47711,2.8764088,14.513273
253,8.633520126342773,-13.02812385559082,78.86151885986328,-7.117762395291735,-1.6803455972736667,-125.07120464880148,-21.439848,28.927116,0.3448313,33.155865,5.5157,-15.000033,-2.097258,-18.70708,-7.7091084,40.780525,-0.19241197,15.000033,8.735698,3.3744137,21.519249,-51.910366,39.399975,-6.907135,-31.5964,35.574635,-14.149116,16.216805,-43.9076,-8.858966,17.081072,-28.235151,-42.03946,2.2295918,14.5045595
254,8.586727142333984,-12.855608940124512,79.00550079345703,-7.0476101001060085,-2.085920269547273,-126.30662698923848,-21.202433,28.876596,-0.041442692,35.198368,4.0395174,-15.000033,-2.7889884,-19.155704,-7.329239,40.340748,1.0356488,15.000033,7.9365506,3.5550196,21.673964,-51.569344,40.5515,-6.521043,-31.367395,34.88541,-14.135983,16.566153,-43.63912,-7.7436495,18.803816,-28.966578,-41.418213,1.7179611,14.537762
255,8.5275239944458,-12.690372467041016,79.08971405029297,-6.887324240478312,-2.5711665864072355,-127.5670954725896,-20.804108,28.560137,-0.64510643,37.13017,2.4552307,-15.000033,-3.3848174,-19.718653,-6.8961897,39.92759,2.1408544,15.000033,7.2233257,3.6860037,21.939396,-51.2833,41.76575,-6.1664505,-31.101374,34.299797,-14.155679,16.876055,-43.656017,-6.737586,20.495693,-29.506166,-40.778236,1.3118633,14.519425
256,8.467578887939453,-12.54869270324707,79.11630249023438,-6.632210435884503,-3.0532541999378022,-128.7937019718899,-20.235619,28.13723,-1.0011127,38.59567,1.1773487,-15.000033,-3.9118173,-20.402046,-6.475925,39.52137,3.0862498,15.000033,6.570368,3.7489433,22.235226,-50.96222,42.982883,-5.799806,-30.852144,33.963852,-14.187847,17.120071,-43.777493,-5.7835298,21.970034,-29.899807,-40.3041,0.97076684,14.362041
257,8.405949592590332,-12.431890487670898,79.089111328125,-6.225283784326725,-3.5598822103540995,-129.98400542855404,-19.406397,27.567688,-1.0423825,39.48962,0.21875332,-15.000033,-4.3648105,-21.306662,-6.0600476,39.14762,3.8338993,15.000033,5.9953823,3.692129,22.578989,-50.653748,44.170498,-5.455048,-30.565746,34.069527,-14.261676,17.243967,-44.05584,-4.8537865,23.17425,-30.095274,-40.06023,0.7141325,14.032028
258,8.344831466674805,-12.322989463806152,79.00797271728516,-5.685132637129696,-4.11951466442413,-131.1693602189294,-18.357113,26.807814,-1.014718,40.00563,-0.61681974,-15.000033,-4.7385345,-22.39412,-5.617824,38.80295,4.400411,15.000033,5.5157895,3.5421531,22.980804,-50.415375,45.326435,-5.172284,-30.192959,34.50896,-14.382154,17.26728,-44.581497,-3.9466705,24.183825,-30.051502,-39.957123,0.5448913,13.58588
259,8.272677421569824,-12.223072052001953,78.88565063476562,-5.125922877149483,-4.653081572115019,-132.33930337561,-17.28419,26.049568,-0.9443535,40.255146,-1.2416846,-15.000033,-5.0578694,-23.458254,-5.1884265,38.43188,4.84274,15.000033,5.105278,3.3993313,23.350788,-50.16755,46.435608,-4.9125714,-29.797115,34.979786,-14.4927025,17.272356,-45.23105,-3.0494425,25.014019,-29.835217,-39.95916,0.3955806,13.073241
260,8.182330131530762,-12.121478080749512,78.72102355957031,-4.666335105320342,-5.079656478963842,-133.4791947959025,-16.37468,25.491932,-0.8419049,40.34293,-1.558727,-15.000033,-5.3339114,-24.298048,-4.82083,37.96769,5.237511,15.000033,4.730559,3.3697147,23.597998,-49.804764,47.478016,-4.615179,-29.453957,35.17958,-14.538697,17.335737,-45.893696,-2.1463358,25.680449,-29.494959,-40.02808,0.1973751,12.545803
261,8.06982707977295,-12.016816139221191,78.52120971679688,-4.333291179995384,-5.366719557792118,-134.57902602932296,-15.677612,25.13777,-0.76449615,40.175915,-1.2982886,-15.000033,-5.558325,-24.908262,-4.5843325,37.346127,5.6407475,15.000033,4.3679204,3.4792075,23.68677,-49.273983,48.4309,-4.266972,-29.149792,34.98251,-14.50832,17.473074,-46.576366,-1.2212157,26.170185,-28.975378,-40.224884,-0.08018212,11.953166
262,7.943832874298096,-11.920188903808594,78.27613067626953,-4.071163318292529,-5.560977101765542,-135.64719257695018,-15.091408,24.911469,-0.68706346,39.7412,-0.59003186,-15.000033,-5.7185564,-25.377306,-4.445614,36.61229,6.0131564,15.000033,4.039601,3.6826952,23.665987,-48.618614,49.291805,-3.8817358,-28.860067,34.57107,-14.436693,17.637712,-47.348183,-0.27173638,26.47397,-28.244892,-40.556267,-0.39553005,11.291429
263,7.80257511138916,-11.820524215698242,77.9805908203125,-3.880987694467751,-5.7028291430329965,-136.69265328228272,-14.580122,24.889498,-0.48931703,39.276436,0.059470274,-15.000033,-5.820206,-25.648958,-4.294153,35.87309,6.2939487,15.000033,3.7723355,3.9760659,23.576187,-47.89671,50.07941,-3.4427903,-28.63392,34.105156,-14.33668,17.815414,-48.18728,0.69127905,26.619879,-27.402658,-40.895546,-0.7120224,10.681459
264,7.646779537200928,-11.714577674865723,77.6326675415039,-3.7578424231739187,-5.829059603920607,-137.72439378566884,-14.1040535,25.142971,-0.050612964,39.013733,0.14470193,-15.000033,-5.868885,-25.675478,-4.0144687,35.23609,6.4202957,15.000033,3.5770226,4.3457236,23.467848,-47.1885,50.821014,-2.9424162,-28.496399,33.752804,-14.217853,17.995178,-49.068497,1.6496624,26.648846,-26.56586,-41.104916,-0.99476373,10.242385
265,7.476487159729004,-11.58714771270752,77.24703216552734,-3.756336565495038,-5.9327606778311095,-138.75885265472039,-13.682189,25.814945,0.74091405,39.020245,-0.5102286,-15.000033,-5.8495274,-25.332047,-3.4945154,34.724957,6.589728,15.000033,3.462742,4.8523755,23.336462,-46.44244,51.53324,-2.333472,-28.497723,33.489967,-14.054488,18.2189,-49.95046,2.5921404,26.553556,-25.781355,-41.14697,-1.2247028,10.076218
266,7.2872772216796875,-11.451278686523438,76.81217193603516,-3.8570687719451224,-6.004133684963775,-139.78241929368224,-13.3064785,26.82217,1.8084586,39.167038,-1.6265495,-15.000033,-5.753893,-24.701015,-2.8185902,34.29128,6.761559,15.000033,3.413341,5.471999,23.17245,-45.609695,52.220108,-1.6065086,-28.633797,33.234535,-13.84728,18.481722,-50.847755,3.5148757,26.32619,-25.008604,-41.088024,-1.4236922,10.093664
267,7.0895514488220215,-11.310848236083984,76.33649444580078,-3.94266690612039,-6.070448811928648,-140.76117084994806,-12.893891,27.8956,2.9872234,39.37525,-3.0154512,-15.000033,-5.6020746,-24.051792,-2.1573591,33.928493,6.51464,15.000033,3.3972044,6.0568466,23.020546,-44.828457,52.881397,-0.85646707,-28.809671,33.093662,-13.641527,18.704834,-51.81153,4.4129233,26.0126,-24.241882,-40.94688,-1.618655,10.126705
268,6.872533798217773,-11.15511703491211,75.76316833496094,-3.9008536262633924,-6.155455151759623,-141.6630531616044,-12.392425,28.764578,4.092919,39.585255,-4.4867687,-15.000033,-5.430571,-23.63936,-1.6747717,33.62955,5.4305573,15.000033,3.4305642,6.4853916,22.888264,-44.121563,53.542847,-0.11073971,-29.043442,33.10217,-13.481608,18.803974,-52.88334,5.2661943,25.623566,-23.450363,-40.752193,-1.8403795,10.012202
269,6.654026985168457,-10.99892807006836,75.144287109375,-3.6771120105438495,-6.251527172058619,-142.4991564928048,-11.753035,29.352148,5.144278,39.794785,-6.143774,-15.000033,-5.235089,-23.541065,-1.3980905,33.36732,3.126324,15.000033,3.5383804,6.6998715,22.755253,-43.565918,54.21654,0.5892303,-29.309177,33.34931,-13.370227,18.746021,-54.04301,6.0622334,25.152372,-22.66941,-40.451374,-2.1069481,9.646558
270,6.427082538604736,-10.824946403503418,74.51481628417969,-3.3397769775441435,-6.347703302314904,-143.2810371604424,-11.033712,29.793814,6.201412,40.044067,-8.037523,-15.000033,-5.0210977,-23.625116,-1.2509621,33.166836,-0.08589821,15.000033,3.754878,6.792259,22.590534,-43.012646,54.934677,1.3504617,-29.720402,33.689728,-13.286129,18.575716,-55.259727,6.7804723,24.56208,-21.894428,-40.05554,-2.40408,9.142317
271,6.189706802368164,-10.617020606994629,73.88072967529297,-2.961309460724062,-6.454008461252782,-143.9803048581808,-10.353644,30.143984,7.1389112,40.331985,-9.893222,-15.000033,-4.844779,-23.816854,-1.2432134,33.096226,-3.5770915,15.000033,3.9035792,6.746516,22.531065,-42.73878,55.632175,1.9302212,-29.974075,34.22505,-13.223821,18.362267,-56.554672,7.4445386,23.977213,-21.213938,-39.645966,-2.6955373,8.632638
272,5.951852798461914,-10.368712425231934,73.26402282714844,-2.617075830172863,-6.589197598661167,-144.56768079317555,-9.824307,30.467045,7.840047,40.657726,-11.439692,-15.000033,-4.7480946,-24.031328,-1.3709052,33.216953,-6.7276835,15.000033,4.02815,6.6889334,22.556833,-42.4688,56.34609,2.4991426,-30.267069,34.631798,-13.194976,18.131887,-57.96075,8.025827,23.349405,-20.510798,-39.351063,-2.9601274,8.277916
273,5.734260559082031,-10.087809562683105,72.66822052001953,-2.2941518488250203,-6.799732564809217,-145.04919143314754,-9.453666,30.767235,8.262327,41.10933,-12.711568,-15.000033,-4.754709,-24.310078,-1.6854821,33.635086,-9.571615,15.000033,4.090879,6.609448,22.752722,-42.257378,57.10033,3.0438974,-30.553083,34.937756,-13.208438,17.88298,-59.584045,8.518062,22.704227,-19.768663,-39.19876,-3.186185,8.12104
274,5.54538106918335,-9.774933815002441,72.10645294189453,-1.963039250104303,-7.066162937858906,-145.43521474334366,-9.18617,31.012222,8.479207,41.65982,-13.831129,-15.000033,-4.839337,-24.673635,-2.1729102,34.29721,-12.381072,15.000033,4.1200943,6.477916,23.077572,-42.11201,57.90515,3.566273,-30.852482,35.194168,-13.256995,17.599657,-61.362923,8.918357,22.034214,-19.026812,-39.127544,-3.3872583,8.078819
275,5.3712158203125,-9.433932304382324,71.6173324584961,-1.6733537313486888,-7.302807235950208,-145.70363575895,-9.033909,31.224632,8.55315,42.12737,-14.648627,-15.000033,-4.9582963,-24.988474,-2.719081,34.99858,-14.89133,15.000033,4.0836535,6.294761,23.447626,-41.96848,58.717533,4.069397,-31.184309,35.397404,-13.316834,17.316416,-63.0701,9.233406,21.393335,-18.40396,-39.086,-3.5605311,8.095575
276,5.193998336791992,-9.062026023864746,71.2455825805664,-1.4781061030035372,-7.4223893878062945,-145.833188036821,-9.009538,31.439865,8.540485,42.32123,-15.001005,-15.000033,-5.061216,-25.124474,-3.2084954,35.51997,-16.83247,15.000033,3.9522,6.071989,23.77476,-41.766266,59.455647,4.549476,-31.56094,35.571434,-13.368967,17.062115,-64.49065,9.475716,20.835686,-18.001976,-39.024273,-3.7028267,8.1166
277,5.001771450042725,-8.665882110595703,71.03062438964844,-1.4450861427384936,-7.392368907449219,-145.78607909778594,-9.191649,31.7283,8.380317,42.226723,-14.822537,-15.000033,-5.086084,-24.980003,-3.6329684,35.72811,-18.104498,15.000033,3.709552,5.884316,24.030476,-41.43439,60.06408,5.0728793,-32.047337,35.747635,-13.4281225,16.767275,-65.60787,9.638485,20.373634,-17.84019,-38.97462,-3.8064122,8.179354
278,4.804803848266602,-8.262585639953613,70.98324584960938,-1.5309057086210285,-7.261451869845873,-145.585539582256,-9.551157,32.06314,8.062667,41.93063,-14.202181,-15.000033,-5.0711555,-24.644083,-4.040846,35.749523,-18.860447,15.000033,3.3841255,5.7310886,24.25878,-40.990562,60.52843,5.646913,-32.63774,35.93275,-13.510705,16.429878,-66.53775,9.714967,19.989555,-17.833061,-38.95164,-3.8738277,8.2948885
279,4.612522602081299,-7.8701677322387695,71.07835388183594,-1.6231465807733412,-7.06327781981868,-145.30311622791012,-9.9382,32.33384,7.71154,41.388737,-13.199557,-15.000033,-5.106992,-24.267937,-4.399232,35.744587,-19.203316,15.000033,3.0351322,5.5222683,24.462826,-40.513546,60.8365,6.175503,-33.243122,36.08008,-13.598945,16.176071,-67.27092,9.720976,19.668497,-17.90484,-38.88475,-3.9203455,8.373211
280,4.431014060974121,-7.481810569763184,71.29090881347656,-1.6086540720431233,-6.831177735014742,-145.00947690497782,-10.197436,32.441425,7.477641,40.55029,-11.860514,-15.000033,-5.2794724,-24.015778,-4.696874,35.870922,-19.223545,15.000033,2.7258048,5.1670575,24.63699,-40.127148,60.978764,6.51936,-33.744164,36.14548,-13.67601,16.133492,-67.80634,9.6838875,19.383133,-17.963793,-38.710346,-3.9636447,8.326949
281,4.245357036590576,-7.07926082611084,71.60210418701172,-1.4132730820165353,-6.5703742896909905,-144.6924393617389,-10.253319,32.24644,7.368343,39.287655,-10.105884,-15.000033,-5.613037,-23.983154,-4.927568,36.19454,-18.890892,15.000033,2.4441411,4.547544,24.76701,-39.879837,60.962166,6.5732117,-34.100765,36.106422,-13.742156,16.40916,-68.071266,9.64452,19.12728,-18.002989,-38.352673,-4.0080957,8.079687
282,4.063587665557861,-6.666370391845703,71.99716186523438,-1.1116636402664255,-6.264447982016543,-144.32376530250494,-10.203079,31.83317,7.322951,37.670666,-7.9420037,-15.000033,-6.053644,-24.063295,-5.098614,36.617065,-18.170635,15.000033,2.1954222,3.758755,24.855623,-39.72801,60.753082,6.4037876,-34.390026,36.005093,-13.811309,16.90591,-68.160835,9.559245,18.848114,-18.006832,-37.848217,-4.058773,7.713642
283,3.887101650238037,-6.239655017852783,72.45977783203125,-0.8200889415492374,-5.920296074682644,-143.9488284597683,-10.167044,31.425764,7.368563,35.96876,-5.561958,-15.000033,-6.5795665,-24.104939,-5.2036867,37.06498,-17.158266,15.000033,1.9800425,2.9771917,24.89849,-39.731564,60.39856,6.06176,-34.53846,35.877583,-13.860187,17.461884,-68.15875,9.445856,18.621807,-17.979383,-37.38536,-4.104909,7.3335814
284,3.7287235260009766,-5.811148643493652,72.97657775878906,-0.6562841423839277,-5.544055422440881,-143.61446999759096,-10.266959,31.253172,7.530297,34.456337,-3.1637301,-15.000033,-7.1687713,-23.959503,-5.241859,37.462547,-15.945887,15.000033,1.8161547,2.3792608,24.916718,-39.876423,59.95173,5.6722107,-34.549244,35.739044,-13.867062,17.91454,-68.22288,9.293393,18.448715,-17.8907,-37.110367,-4.1451793,7.0638275
285,3.5927817821502686,-5.393111228942871,73.53014373779297,-0.6355200378229974,-5.120907260136586,-143.3235790226278,-10.552252,31.369629,7.7846036,33.13402,-0.5379865,-15.000033,-7.8571367,-23.600975,-5.171625,37.8261,-14.465334,15.000033,1.6754774,1.9593415,24.920519,-40.1192,59.430305,5.264427,-34.407307,35.50896,-13.792124,18.277178,-68.33747,9.110434,18.340847,-17.734585,-37.089314,-4.1792774,6.940038
286,3.4587905406951904,-4.980746269226074,74.10934448242188,-0.7077413411665673,-4.65360076748922,-143.0591283637964,-10.979012,31.643257,8.1139555,31.932611,2.2843363,-15.000033,-8.638432,-23.091848,-5.009147,38.168655,-12.684155,15.000033,1.5504998,1.6364776,24.906834,-40.42969,58.8383,4.8242526,-34.145817,35.186577,-13.656763,18.621735,-68.45049,8.905727,18.2865,-17.529066,-37.22966,-4.207589,6.89598
287,3.3305351734161377,-4.561789512634277,74.69609832763672,-0.8855898425245171,-4.171711097303592,-142.84018236484087,-11.512982,32.04505,8.550429,30.997208,4.7658143,-15.000033,-9.431362,-22.428724,-4.8478494,38.420094,-10.760224,15.000033,1.4832293,1.4612087,24.883379,-40.837772,58.217503,4.389104,-33.80667,34.915096,-13.524494,18.877176,-68.6326,8.669015,18.286367,-17.309778,-37.43922,-4.2226324,6.895632
288,3.2082035541534424,-4.1384968757629395,75.28269958496094,-1.1730233605517475,-3.7063609303278873,-142.68401114434894,-12.083869,32.566147,9.147313,30.415787,6.4221587,-15.000033,-10.152138,-21.628195,-4.7889915,38.517216,-8.867518,15.000033,1.516282,1.4697765,24.862925,-41.366207,57.632,4.0082445,-33.446022,34.8208,-13.449613,18.97468,-68.9382,8.382684,18.349367,-17.131475,-37.617603,-4.2152624,6.901056
289,3.0731356143951416,-3.7102348804473877,75.84500885009766,-1.6523664711402501,-3.252377372124578,-142.6561174602881,-12.651923,33.41132,10.111473,30.179821,7.094463,-15.000033,-10.79302,-20.524946,-4.861824,38.342815,-6.8771505,15.000033,1.6987184,1.7390006,24.85184,-42.014374,57.128937,3.7267206,-33.054466,34.95852,-13.434447,18.854277,-69.37422,8.037075,18.519297,-17.04396,-37.748096,-4.178948,6.926899
290,2.931701183319092,-3.278677463531494,76.36730194091797,-2.2858339005065886,-2.808698799627522,-142.73442457814292,-13.2169485,34.54675,11.37704,30.214405,7.0882454,-15.000033,-11.376364,-19.197027,-5.0368495,37.95294,-4.7649593,15.000033,1.9919183,2.1945083,24.861721,-42.773796,56.71221,3.511151,-32.611034,35.240826,-13.441751,18.578655,-69.88981,7.643006,18.790527,-17.050526,-37.866577,-4.1170483,6.9813566
291,2.793355703353882,-2.8564391136169434,76.82158660888672,-2.8935474597642075,-2.403625554737283,-142.79510371049406,-13.769031,35.602737,12.589041,30.468994,6.6621304,-15.000033,-11.885148,-18.019045,-5.312532,37.577362,-2.861224,15.000033,2.3153956,2.6544044,24.896791,-43.64475,56.3869,3.307676,-32.160038,35.547417,-13.4717865,18.261816,-70.452995,7.2105074,19.087866,-17.120401,-37.956993,-4.036961,7.0205345
292,2.6493136882781982,-2.4512939453125,77.20378875732422,-3.3004501291146773,-2.0508711426431154,-142.70533815744832,-14.328567,36.189976,13.367391,30.881142,6.0745444,-15.000033,-12.323694,-17.33586,-5.664676,37.467438,-1.4908937,15.000033,2.5755055,2.9375255,24.956362,-44.65665,56.15262,3.033733,-31.721985,35.77486,-13.521378,18.019566,-71.03113,6.751303,19.33498,-17.225103,-38.00364,-3.9463146,7.000659
293,2.510601758956909,-2.0415608882904053,77.50897216796875,-3.454945234817897,-1.7247957137335037,-142.4370737589756,-14.938518,36.1488,13.569227,31.44608,5.23373,-15.000033,-12.756625,-17.252789,-6.087297,37.755035,-0.77714694,15.000033,2.753838,2.9926565,25.026634,-45.887577,56.024384,2.6462626,-31.27485,35.92308,-13.611798,17.84628,-71.65571,6.26641,19.539768,-17.364979,-37.997078,-3.8450873,6.8798776
294,2.3762946128845215,-1.6311677694320679,77.74834442138672,-3.452581936655839,-1.4204116796911865,-142.05045639525414,-15.601665,35.685688,13.398871,32.193798,4.0556107,-15.000033,-13.172088,-17.568941,-6.5691667,38.303303,-0.5375162,15.000033,2.892521,2.9097624,25.105371,-47.335194,56.0085,2.1601224,-30.792582,36.032024,-13.73217,17.696783,-72.324615,5.754137,19.72474,-17.553755,-37.9495,-3.731602,6.69418
295,2.234776496887207,-1.2227779626846313,77.9318618774414,-3.344196015313223,-1.1768163378327507,-141.54113925062381,-16.287588,34.955,12.989156,33.115795,2.8077064,-15.000033,-13.462076,-18.16798,-7.0695634,38.962917,-0.6406213,15.000033,2.9739783,2.7247574,25.213305,-48.924362,56.06806,1.5626166,-30.276636,36.09032,-13.830573,17.625643,-72.96137,5.2281933,19.835897,-17.78698,-37.877247,-3.6109035,6.515638
296,2.0883989334106445,-0.8163531422615051,78.04595947265625,-3.1800922221353844,-1.0334208801240696,-140.90569819566642,-16.942902,34.116703,12.48403,34.173668,1.7747973,-15.000033,-13.51746,-18.93288,-7.5561686,39.581978,-0.9577835,15.000033,2.9892468,2.4871073,25.363089,-50.5621,56.145805,0.858259,-29.735842,36.08401,-13.861875,17.680601,-73.50337,4.7070665,19.815134,-18.031609,-37.80324,-3.489681,6.41889
297,1.933502435684204,-0.4183723032474518,78.08043670654297,-2.9126077411697464,-1.02444419481675,-140.09031497912855,-17.535337,33.094883,11.900513,35.387077,1.0328538,-15.000033,-13.305933,-19.99452,-8.053266,40.25786,-1.6670808,15.000033,2.896487,2.1656651,25.583967,-52.26753,56.20134,0.027472226,-29.164917,36.02971,-13.808959,17.924215,-73.96807,4.201726,19.631615,-18.239304,-37.745087,-3.3630512,6.453662
298,1.7749289274215698,-0.040008336305618286,78.0529556274414,-2.5352774524898263,-1.125775365136753,-139.11124583960745,-18.080803,31.83506,11.194101,36.768055,0.42449382,-15.000033,-12.865319,-21.374348,-8.582332,41.002487,-2.7835302,15.000033,2.7122076,1.7607656,25.858461,-54.06955,56.220966,-0.92475015,-28.55887,35.950085,-13.705828,18.306608,-74.399284,3.7118306,19.318882,-18.40407,-37.69628,-3.2316165,6.572971
299,1.612295150756836,0.32934412360191345,77.96760559082031,-2.162072989392427,-1.2841489978546552,-138.07334749903578,-18.594715,30.539076,10.408848,38.244972,-0.09409343,-15.000033,-12.21335,-22.779596,-9.112378,41.56373,-3.9255335,15.000033,2.519132,1.3792593,26.125704,-55.853363,56.192085,-1.9179891,-27.954412,35.829254,-13.586816,18.702875,-74.77654,3.236928,18.919472,-18.546125,-37.643738,-3.109274,6.7050834
300,1.4255151748657227,0.6829851865768433,77.82880401611328,-1.9078146379123677,-1.43864751309785,-137.08395894379265,-19.101534,29.409018,9.573622,39.73809,-0.5604981,-15.000033,-11.39369,-23.89757,-9.5972,41.71204,-4.696579,15.000033,2.395015,1.1348968,26.324667,-57.477528,56.1034,-2.8480272,-27.404217,35.660072,-13.488202,18.986292,-75.08468,2.7792246,18.482061,-18.686487,-37.57377,-3.0093296,6.776917
301,1.2312946319580078,1.0190203189849854,77.64202880859375,-1.7652096353367552,-1.5951592463826814,-136.1418534561001,-19.60709,28.349768,8.512429,41.261017,-0.82856745,-15.000033,-10.391154,-24.751606,-10.056448,41.397488,-4.8438067,15.000033,2.3415062,1.0337677,26.45274,-58.88098,55.939396,-3.6653068,-26.933058,35.403404,-13.429516,19.114435,-75.30247,2.3427567,17.997335,-18.810423,-37.480503,-2.9403276,6.762996
302,1.0215140581130981,1.3419969081878662,77.40927124023438,-1.6852416743565295,-1.7736511169040106,-135.20050925937193,-20.087599,27.287056,7.2787323,42.828976,-0.91890705,-15.000033,-9.210757,-25.458858,-10.506385,40.76161,-4.6255593,15.000033,2.3176546,1.0338349,26.537113,-60.09711,55.69466,-4.388527,-26.53457,35.090237,-13.393857,19.151915,-75.45705,1.9299896,17.455803,-18.900545,-37.37421,-2.8929627,6.7029905
303,0.7940308451652527,1.6659435033798218,77.12747955322266,-1.7248844468538176,-1.9291982003346193,-134.30109975286908,-20.551468,26.478983,6.20649,44.374077,-1.1223991,-15.000033,-7.93758,-25.839142,-10.8688345,39.857285,-4.386096,15.000033,2.3486342,1.1873547,26.553333,-61.130627,55.394524,-5.0109863,-26.213684,34.793213,-13.363563,19.131292,-75.6015,1.5361828,16.902254,-18.962835,-37.26831,-2.85455,6.6225724
304,0.551281750202179,1.9993782043457031,76.79852294921875,-1.9457780352087186,-2.018269320569431,-133.4859791760856,-21.026672,26.211796,5.6011205,45.839455,-1.7372998,-15.000033,-6.651822,-25.701439,-11.051206,38.71572,-4.4537063,15.000033,2.4492984,1.5420486,26.485508,-61.986164,55.07632,-5.528862,-25.975946,34.593983,-13.317026,19.090012,-75.78446,1.159293,16.384687,-19.02384,-37.17089,-2.81059,6.54446
305,0.28833433985710144,2.3325562477111816,76.43085479736328,-2.440842425485315,-2.0123656278375273,-132.7817261261423,-21.506203,26.726383,5.598956,47.209126,-2.9071553,-15.000033,-5.262948,-24.768608,-10.861627,37.040432,-4.778257,15.000033,2.6439269,2.1783264,26.288233,-62.625557,54.767914,-5.9309835,-25.850155,34.482025,-13.229996,19.035706,-75.97535,0.80515605,15.90152,-19.11589,-37.06235,-2.7562447,6.46045
306,0.01186707429587841,2.6643548011779785,76.03300476074219,-3.1426659327072137,-1.9538907705411315,-132.14740859852384,-21.975445,27.825443,5.9794383,48.507732,-4.45376,-15.000033,-3.734368,-23.222675,-10.320308,34.87227,-5.217053,15.000033,2.8897073,3.0247996,26.001612,-63.062756,54.471222,-6.230154,-25.821716,34.43396,-13.11423,18.95548,-76.16886,0.4844427,15.433575,-19.225279,-36.940445,-2.6984534,6.360448
307,-0.26673781871795654,2.985128879547119,75.55882263183594,-3.873887736758217,-1.8973762956298883,-131.53537655907368,-22.45802,29.156164,6.528285,49.73808,-6.1815834,-15.000033,-2.2409675,-21.56511,-9.682228,32.75579,-5.9594593,15.000033,3.143005,3.9210193,25.709648,-63.36608,54.212357,-6.425922,-25.86455,34.434013,-13.0083,18.846832,-76.44049,0.18612285,14.99635,-19.298086,-36.849255,-2.6432984,6.2706914
308,-0.5343976616859436,3.29998779296875,75.04080200195312,-4.474583452264997,-1.8780962283010554,-130.9194734083884,-23.00555,30.381489,7.034901,50.922768,-7.912415,-15.000033,-1.0277103,-20.267067,-9.274958,31.304644,-7.208752,15.000033,3.3625424,4.7129807,25.49533,-63.60799,54.015118,-6.5302396,-25.94706,34.496395,-12.945178,18.714697,-76.85495,-0.10572067,14.612646,-19.309118,-36.821518,-2.5940511,6.213353
309,-0.777352511882782,3.5983998775482178,74.47321319580078,-4.932653803881168,-1.8825791830604295,-130.30539779561772,-23.62142,31.563536,7.636911,52.016975,-9.734312,-15.000033,-0.20311151,-19.383078,-9.230436,30.725536,-9.192186,15.000033,3.5663002,5.396468,25.340607,-63.815266,53.91123,-6.536962,-26.077255,34.643925,-12.944098,18.536865,-77.440674,-0.40922594,14.289725,-19.263762,-36.888573,-2.5457392,6.211013
310,-0.9993094801902771,3.8820412158966064,73.8659439086914,-5.3238505703901495,-1.8953458827221639,-129.7140750794511,-24.271524,32.842262,8.403351,53.028564,-11.708209,-15.000033,0.33438578,-18.679323,-9.400127,30.734753,-11.764208,15.000033,3.766027,6.0315623,25.222893,-63.94482,53.904297,-6.445733,-26.273874,34.86285,-12.977747,18.326738,-78.145386,-0.72216886,14.020001,-19.20099,-37.012726,-2.4956908,6.2422194
311,-1.1834179162979126,4.150074005126953,73.24565887451172,-5.646967643090622,-1.936008869529005,-129.1505852757918,-24.995575,34.021027,8.994991,54.06589,-13.598556,-15.000033,0.6352552,-18.168987,-9.747532,31.223068,-14.558855,15.000033,3.9408405,6.6026826,25.188824,-63.952766,53.976612,-6.2558203,-26.53642,35.07125,-13.015496,18.133678,-78.910446,-1.0340886,13.805384,-19.131502,-37.138832,-2.4538162,6.2688403
312,-1.3235119581222534,4.414891242980957,72.6219711303711,-5.908501220282332,-2.0197578591749354,-128.61685747898775,-25.865011,34.896214,9.043558,55.23995,-15.15777,-15.000033,0.77883667,-17.870316,-10.259157,32.027626,-17.164795,15.000033,4.0690594,7.10408,25.27838,-63.80009,54.097427,-5.9692035,-26.856016,35.193363,-13.028464,18.004404,-79.68107,-1.3313868,13.643559,-19.056934,-37.214233,-2.4307241,6.253682
313,-1.4187488555908203,4.6849446296691895,72.00067901611328,-6.129819530781891,-2.176180609975709,-128.12704961961413,-26.907516,35.424065,8.410464,56.58335,-16.375702,-15.000033,0.7680143,-17.830526,-11.074333,33.21477,-19.55193,15.000033,4.154068,7.580566,25.532166,-63.481735,54.26561,-5.559752,-27.209219,35.197456,-13.018073,17.989744,-80.51546,-1.6136645,13.55724,-18.927397,-37.22722,-2.438506,6.1705613
314,-1.4780911207199097,4.9412760734558105,71.39414978027344,-6.3090505853141305,-2.386511028771628,-127.67069863388288,-28.1042,35.69372,7.2973275,58.050457,-17.36678,-15.000033,0.59402645,-18.03809,-12.175622,34.812115,-21.897215,15.000033,4.1928463,8.029723,25.917673,-63.00686,54.48123,-5.027449,-27.610704,35.13875,-12.998853,18.04986,-81.42419,-1.8809576,13.540441,-18.754293,-37.20839,-2.4689615,6.0448933
315,-1.5178114175796509,5.191030502319336,70.81726837158203,-6.4173515678104875,-2.591459883288148,-127.215458874617,-29.452251,35.694565,5.85464,59.622063,-18.069843,-15.000033,0.31829602,-18.407837,-13.277364,36.59624,-24.129898,15.000033,4.1795726,8.384289,26.349615,-62.37565,54.712887,-4.4158483,-28.094671,35.042503,-12.965131,18.08928,-82.27634,-2.1250122,13.538747,-18.613834,-37.17746,-2.5041966,5.921001
316,-1.548046350479126,5.4254536628723145,70.27019500732422,-6.424189959321556,-2.730085842258716,-126.73367304048752,-30.939676,35.419968,4.243533,61.27378,-18.421854,-15.000033,-0.0212008,-18.842686,-14.091085,38.354504,-26.17738,15.000033,4.125575,8.578865,26.735498,-61.613842,54.907913,-3.7926993,-28.677395,34.944508,-12.912633,18.010778,-82.94087,-2.3365142,13.492491,-18.57331,-37.15758,-2.5274937,5.8453107
317,-1.5728106498718262,5.642622470855713,69.75357818603516,-6.295986406137923,-2.758877167981905,-126.25061574272193,-32.639774,34.822,2.4639032,63.125507,-18.241173,-15.000033,-0.5306137,-19.33643,-14.464236,40.111275,-28.035915,15.000033,4.067583,8.580238,27.043484,-60.768833,55.0237,-3.1999419,-29.335735,34.843437,-12.817172,17.758379,-83.40393,-2.5122285,13.386132,-18.631636,-37.16993,-2.5403996,5.831811
318,-1.5895390510559082,5.839634895324707,69.27210235595703,-6.0467048262761995,-2.720766215661273,-125.76996523395017,-34.482735,33.896935,0.53324264,65.15343,-17.62931,-15.000033,-1.1955299,-19.943262,-14.56631,41.945934,-29.733746,15.000033,4.0173373,8.43441,27.309372,-59.850464,55.057266,-2.622505,-30.045584,34.72478,-12.69538,17.386234,-83.722176,-2.6654851,13.243231,-18.742508,-37.20803,-2.5525978,5.8600855
319,-1.593982219696045,6.000391483306885,68.82194519042969,-5.722055302910541,-2.684851026040735,-125.2361565725982,-36.246147,32.721355,-1.3856895,67.107475,-16.94185,-15.000033,-1.8127837,-20.647478,-14.59473,43.7441,-31.253048,15.000033,3.9219499,8.175305,27.564823,-58.867115,54.987324,-2.1030731,-30.787226,34.691475,-12.596436,16.973373,-83.881546,-2.8017209,13.072074,-18.922792,-37.238125,-2.5560892,5.919756
320,-1.5877515077590942,6.114652156829834,68.40750885009766,-5.37437222049551,-2.7218486948063942,-124.59751241281103,-37.72694,31.385906,-3.1845305,68.73707,-16.530695,-15.000033,-2.1710138,-21.425348,-14.752081,45.38707,-32.572807,15.000033,3.7440221,7.847509,27.83279,-57.83892,54.78894,-1.6919497,-31.532734,34.834118,-12.573163,16.595083,-83.86253,-2.9284558,12.8762,-19.18657,-37.232845,-2.5446756,6.0032697
321,-1.5756570100784302,6.172774791717529,68.02876281738281,-4.97454828728069,-2.8607577268343922,-123.81065672724404,-38.855427,29.685913,-5.003774,70.01518,-16.51514,-15.000033,-2.215532,-22.338642,-15.08143,46.90841,-33.669964,15.000033,3.4431682,7.417533,28.142342,-56.78119,54.415928,-1.45967,-32.274296,35.28291,-12.664103,16.27636,-83.62108,-3.0482833,12.633826,-19.58079,-37.170517,-2.506187,6.1443176
322,-1.5645701885223389,6.175418853759766,67.69483947753906,-4.510397088061408,-3.0744772225382895,-122.92382363219167,-39.699757,27.664412,-6.8366623,71.06523,-16.72552,-15.000033,-2.0429404,-23.371897,-15.47763,48.34094,-34.556095,15.000033,3.0945628,6.8950834,28.46161,-55.693413,53.86718,-1.3745457,-33.030884,35.938778,-12.843054,15.967448,-83.16237,-3.1797733,12.349761,-20.073315,-37.07717,-2.4493482,6.339692
323,-1.5670714378356934,6.123969554901123,67.41632080078125,-4.0703451535423625,-3.3388314475222027,-122.0183276786225,-40.33793,25.7938,-8.45225,71.85553,-17.050655,-15.000033,-1.669271,-24.37252,-15.936806,49.569294,-35.26749,15.000033,2.7662742,6.360047,28.762884,-54.656532,53.16016,-1.4343127,-33.732056,36.679665,-13.050198,15.650399,-82.56634,-3.3287008,12.077333,-20.598125,-36.972435,-2.3914552,6.5142612
324,-1.5787206888198853,6.031524181365967,67.18879699707031,-3.747907340697941,-3.6149833449307995,-121.16265338468251,-40.913235,24.542383,-9.664496,72.348175,-17.343946,-15.000033,-1.1284093,-25.186094,-16.464573,50.492477,-35.842575,15.000033,2.5311732,5.9085464,28.993565,-53.696995,52.34998,-1.5752393,-34.35448,37.31119,-13.228458,15.299853,-81.91038,-3.503961,11.863125,-21.072319,-36.885296,-2.3531866,6.5966687
325,-1.5911023616790771,5.902649879455566,66.99559783935547,-3.5757951229182683,-3.9073235140515385,-120.35438424319165,-41.50828,24.092672,-10.403738,72.57204,-17.575138,-15.000033,-0.38137522,-25.761503,-17.097017,51.057693,-36.281204,15.000033,2.3694959,5.5537724,29.157393,-52.782425,51.45622,-1.772973,-34.90115,37.85117,-13.37428,14.8607235,-81.178696,-3.6823559,11.706953,-21.48894,-36.79311,-2.335923,6.5115247
326,-1.6031583547592163,5.746574878692627,66.83004760742188,-3.5113333450614324,-4.2207566614633585,-119.55480202135281,-42.098175,24.179464,-10.84586,72.52524,-17.78526,-15.000033,0.5652509,-26.171217,-17.833132,51.336937,-36.570126,15.000033,2.2340028,5.249824,29.272642,-51.875904,50.4836,-2.0349784,-35.404404,38.35907,-13.512424,14.364396,-80.35325,-3.8509893,11.588892,-21.882727,-36.69242,-2.3311274,6.315378
327,-1.6185345649719238,5.573337078094482,66.69344329833984,-3.5285443772846508,-4.509244017516459,-118.77246824527013,-42.6811,24.595718,-11.16978,72.114746,-17.905823,-15.000033,1.6018575,-26.441324,-18.61841,51.408638,-36.73623,15.000033,2.1345606,4.9878893,29.320272,-51.01631,49.474037,-2.3648531,-35.866276,38.728798,-13.61692,13.921926,-79.50955,-4.041303,11.522693,-22.253853,-36.62551,-2.3406153,6.1295342
328,-1.6367237567901611,5.379848003387451,66.5782241821289,-3.598787838766649,-4.731108675034479,-118.01884453494247,-43.240723,25.133484,-11.540213,71.24868,-17.881416,-15.000033,2.6180196,-26.606632,-19.39274,51.35282,-36.80927,15.000033,2.0813441,4.7467003,29.29446,-50.32294,48.482597,-2.8081346,-36.225452,38.85685,-13.653494,13.651032,-78.71196,-4.30465,11.520278,-22.631712,-36.61878,-2.3607526,6.069579
329,-1.6545672416687012,5.147131443023682,66.49276733398438,-3.759123038152198,-4.86572042174122,-117.31060782031894,-43.868275,25.963406,-11.898339,69.92534,-17.700594,-15.000033,3.5863264,-26.61301,-20.150316,51.151237,-36.79487,15.000033,2.1011841,4.5424223,29.16423,-49.79489,47.55495,-3.3652208,-36.509075,38.586006,-13.575246,13.603689,-77.96125,-4.684952,11.5866995,-23.061228,-36.721676,-2.4031453,6.195082
330,-1.6681495904922485,4.884477615356445,66.42870330810547,-3.9969334922885214,-4.940878617170844,-116.63904494515333,-44.538895,27.115196,-12.157365,68.17826,-17.396229,-15.000033,4.5580063,-26.468866,-20.903856,50.775215,-36.678413,15.000033,2.1912167,4.3573065,28.95528,-49.407303,46.69317,-4.0356436,-36.720768,37.998844,-13.3971615,13.726484,-77.19963,-5.184317,11.701224,-23.566502,-36.878906,-2.458658,6.426749
331,-1.6628308296203613,4.593264579772949,66.3953628540039,-4.222073811969302,-4.9851236873268725,-115.97415404053316,-45.0503,28.173288,-12.43999,65.96242,-16.978376,-15.000033,5.546366,-26.313734,-21.633615,50.285152,-36.454685,15.000033,2.3331861,4.1311774,28.723648,-49.175163,45.884033,-4.8220267,-36.83184,37.327232,-13.180523,13.973331,-76.39743,-5.7934666,11.834006,-24.130438,-36.971706,-2.4960241,6.6782694
332,-1.6358650922775269,4.266002178192139,66.39397430419922,-4.345892623402731,-5.020137283680313,-115.28121025960253,-45.202194,28.732405,-12.898698,63.228355,-16.437578,-15.000033,6.564219,-26.277117,-22.335398,49.743973,-36.119453,15.000033,2.5056148,3.8128846,28.516184,-49.06627,45.106155,-5.7094755,-36.84831,36.809135,-12.986128,14.293542,-75.52765,-6.5000343,11.954469,-24.730406,-36.88598,-2.4846728,6.8656282
333,-1.5824618339538574,3.911935806274414,66.422119140625,-4.342959999895382,-5.047597080788461,-114.50816142191077,-44.889923,28.632313,-13.605115,59.75002,-15.681643,-15.000033,7.6727986,-26.378761,-23.060806,49.09401,-35.657696,15.000033,2.659042,3.36566,28.347195,-49.067616,44.351955,-6.7551284,-36.78281,36.414036,-12.803233,14.788679,-74.58672,-7.307482,12.077735,-25.364235,-36.546185,-2.4112124,6.978072
334,-1.5029841661453247,3.5167434215545654,66.46920013427734,-4.263566749058508,-5.059616682612948,-113.68976877017481,-44.209255,28.144108,-14.50032,55.597694,-14.735024,-15.000033,8.849236,-26.541382,-23.801548,48.32712,-35.074867,15.000033,2.8261454,2.8341863,28.18688,-49.209473,43.62054,-7.955594,-36.610115,36.049126,-12.6126795,15.444131,-73.59126,-8.222503,12.205392,-26.0377,-36.03219,-2.2942314,7.057551
335,-1.400610089302063,3.087667942047119,66.52994537353516,-4.151788882162303,-5.062646995469325,-112.91946946634734,-43.268696,27.515985,-15.562589,51.164402,-13.752578,-15.000033,9.987809,-26.752172,-24.47397,47.57087,-34.399696,15.000033,3.0977964,2.296404,28.018215,-49.470535,42.89424,-9.175167,-36.33103,35.872143,-12.457219,16.031406,-72.550186,-9.229985,12.293057,-26.737246,-35.465057,-2.1515174,7.09863
336,-1.276154637336731,2.6192898750305176,66.5873794555664,-4.0407318853064025,-5.0555019145085645,-112.28583838198736,-42.198494,26.970526,-16.736908,46.85345,-12.890104,-15.000033,10.974017,-27.00802,-24.993013,46.961655,-33.66977,15.000033,3.5479615,1.8316895,27.821978,-49.807255,42.150455,-10.249415,-35.962997,36.038486,-12.380851,16.316006,-71.48519,-10.299093,12.305262,-27.426706,-34.973003,-2.0023797,7.0971704
337,-1.1246330738067627,2.1123099327087402,66.63811492919922,-3.9262636332161205,-5.052933017359364,-111.80428702304302,-40.868633,26.447687,-18.217976,42.43846,-12.187908,-15.000033,11.810639,-27.33871,-25.340643,46.52897,-32.86152,15.000033,4.1920443,1.4414707,27.605507,-50.14845,41.364765,-11.089876,-35.53604,36.879753,-12.436058,16.137012,-70.38654,-11.402487,12.222596,-28.083084,-34.599068,-1.8443356,7.0767126
338,-0.9494689106941223,1.5734946727752686,66.6700668334961,-3.801644008015327,-5.051985919979389,-111.43214820053016,-39.26144,25.918451,-19.971815,37.780952,-11.546002,-15.000033,12.544707,-27.732552,-25.558372,46.206917,-31.973726,15.000033,4.9749293,1.1052551,27.370295,-50.531067,40.542534,-11.763051,-35.024303,38.206264,-12.604695,15.641802,-69.28397,-12.535732,12.08143,-28.68572,-34.28821,-1.6733658,7.034676
339,-0.7544234395027161,1.00589120388031,66.67789459228516,-3.690815194813341,-5.017937814088597,-111.1629949451126,-37.70504,25.556406,-21.54565,33.46627,-10.922514,-15.000033,13.128435,-28.151764,-25.659252,45.985443,-31.06068,15.000033,5.8406167,0.8344286,27.097187,-50.889057,39.687813,-12.334464,-34.52214,39.50974,-12.796556,15.075125,-68.25621,-13.6939745,11.937894,-29.223318,-34.01423,-1.5056908,6.9253907
340,-0.5260950326919556,0.42576393485069275,66.6621322631836,-3.6113761434670804,-4.912696071916067,-110.98593341882139,-36.54374,25.441942,-22.470354,30.138218,-10.3064575,-15.000033,13.509666,-28.575836,-25.660316,45.860962,-30.178818,15.000033,6.7400446,0.6357607,26.759417,-51.251156,38.824066,-12.866747,-34.043304,40.213444,-12.912959,14.667639,-67.37042,-14.877905,11.84337,-29.68574,-33.74643,-1.357916,6.705285
341,-0.28629425168037415,-0.1537785679101944,66.62438201904297,-3.5603899998330695,-4.68095481373257,-110.93057151260737,-35.909668,25.622368,-22.464533,28.06062,-9.7861,-15.000033,13.605386,-29.018358,-25.569513,45.843777,-29.347248,15.000033,7.725392,0.5200581,26.291485,-51.69582,37.9991,-13.333925,-33.503387,39.879555,-12.89265,14.488516,-66.671364,-16.107527,11.829386,-30.005514,-33.466003,-1.2479959,6.333223
342,-0.028824908658862114,-0.7345325946807861,66.56179809570312,-3.5214749365243945,-4.347750985945482,-110.98599087042338,-35.630943,25.962276,-21.821089,26.929804,-9.380735,-15.000033,13.456155,-29.49871,-25.379957,45.93537,-28.534248,15.000033,8.758849,0.43237868,25.74373,-51.983532,37.18209,-13.716111,-33.104298,39.04889,-12.767532,14.4365225,-66.124725,-17.368135,11.874413,-30.238806,-33.169933,-1.1594814,5.834643
343,0.24513155221939087,-1.2824113368988037,66.49076843261719,-3.491401512524433,-3.995872932849366,-111.0798987047763,-35.61674,26.259224,-20.962818,26.572004,-8.977599,-15.000033,13.197896,-29.994324,-25.086155,46.112423,-27.716105,15.000033,9.783266,0.36216643,25.195627,-52.35415,36.38794,-14.062651,-32.71733,38.074287,-12.646023,14.415706,-65.60941,-18.635199,11.922141,-30.496454,-32.91952,-1.070926,5.283582
344,0.5432658195495605,-1.814271330833435,66.4002685546875,-3.465148284755494,-3.7084857647840037,-111.14035225072901,-35.78352,26.32429,-20.314585,26.791138,-8.435423,-15.000033,12.969697,-30.481422,-24.686419,46.352566,-26.872766,15.000033,10.723963,0.2878536,24.74323,-52.942894,35.6335,-14.425876,-32.305492,37.381573,-12.616602,14.341333,-64.99677,-19.867167,11.904651,-30.907953,-32.771076,-0.9592667,4.7536964
345,0.8715581297874451,-2.3600525856018066,66.27747344970703,-3.429088829257158,-3.457614340036148,-111.14333583952933,-36.232372,26.079327,-19.889273,27.713833,-7.630559,-15.000033,12.769607,-30.965343,-24.166975,46.61443,-26.007263,15.000033,11.555748,0.18637668,24.375181,-53.736908,34.920803,-14.771825,-31.907986,37.051674,-12.713839,14.196557,-64.38355,-21.049873,11.849449,-31.452044,-32.839157,-0.82442707,4.255696
346,1.223037600517273,-2.9078221321105957,66.14159393310547,-3.3885953841149496,-3.2115901792245296,-111.12422036305728,-36.98974,25.656181,-19.462769,29.385244,-6.662044,-15.000033,12.540333,-31.446964,-23.538794,46.918232,-25.138874,15.000033,12.291627,0.064449824,24.051746,-54.641407,34.250202,-15.070272,-31.547464,36.887375,-12.884205,14.024009,-63.82916,-22.18685,11.763975,-32.03658,-33.038692,-0.67906684,3.7616825
347,1.5801141262054443,-3.444810152053833,65.9848403930664,-3.3710031398127787,-3.053577924965564,-111.10225101839339,-37.842636,25.158152,-19.102547,31.469063,-5.717186,-15.000033,12.338527,-31.932846,-22.858671,47.333164,-24.20929,15.000033,12.962391,-0.033009503,23.834436,-55.75301,33.65223,-15.38494,-31.112566,36.814648,-13.085884,13.825466,-63.041626,-23.231821,11.559086,-32.77072,-33.218037,-0.51372236,3.279777
348,1.9381159543991089,-3.9592318534851074,65.81039428710938,-3.400106872483206,-3.0733969388903586,-111.1032310727189,-38.554195,24.677204,-18.924017,33.620266,-4.9745693,-15.000033,12.21698,-32.42988,-22.168049,47.933083,-23.164005,15.000033,13.577874,-0.072483085,23.801758,-57.107723,33.156223,-15.790132,-30.540209,36.81957,-13.263574,13.61691,-61.75483,-24.096102,11.148099,-33.76448,-33.22226,-0.32456395,2.818472
349,2.2929117679595947,-4.462536811828613,65.62309265136719,-3.4841985921800553,-3.3460996643427507,-111.10850618029052,-39.048565,24.143867,-19.06395,35.844402,-4.377903,-15.000033,12.240516,-32.932476,-21.443617,48.785023,-21.982946,15.000033,14.097601,-0.0321494,24.049051,-58.72712,32.76439,-16.310755,-29.869648,37.025383,-13.414108,13.392423,-59.94073,-24.67677,10.485897,-35.043327,-32.94968,-0.11032112,2.328299
350,2.6567625999450684,-4.956218242645264,65.43649291992188,-3.601933895299772,-3.8150532008426876,-111.11509397132112,-39.4077,23.50691,-19.402607,38.254,-3.8585129,-15.000033,12.36717,-33.464764,-20.670248,49.834324,-20.691914,15.000033,14.479325,0.04969085,24.505997,-60.571316,32.498222,-16.873367,-29.11216,37.379498,-13.564108,13.14803,-57.843666,-24.955034,9.639108,-36.451992,-32.47911,0.10712726,1.8384476
351,3.028611183166504,-5.4727325439453125,65.25108337402344,-3.7353451993196174,-4.371638598158023,-111.17807199322765,-39.644184,22.8947,-19.738865,40.68898,-3.5742366,-15.000033,12.488115,-34.055553,-19.891386,50.961353,-19.315254,15.000033,14.740691,0.12941287,25.039307,-62.5011,32.3873,-17.436014,-28.265884,37.700306,-13.685013,12.923876,-55.516136,-24.939837,8.753722,-37.94566,-32.02602,0.3193491,1.4444652
352,3.411407709121704,-6.0225701332092285,65.07523345947266,-3.876544853739639,-4.9025045609968485,-111.3538362893223,-39.801144,22.462286,-19.90445,43.01359,-3.687055,-15.000033,12.488026,-34.71128,-19.144798,52.046078,-17.875948,15.000033,14.909549,0.16991796,25.525547,-64.338295,32.441963,-17.980461,-27.371973,37.86304,-13.73818,12.766971,-52.942356,-24.633463,8.01222,-39.55905,-31.865656,0.53116184,1.2309561
353,3.805457830429077,-6.5761590003967285,64.92179870605469,-4.019058157198128,-5.449141848514871,-111.71225385059327,-39.8616,22.30123,-19.85873,45.32786,-4.38344,-15.000033,12.29219,-35.461365,-18.304014,53.15944,-16.330591,15.000033,15.057552,0.22995564,25.995787,-66.16552,32.692207,-18.490232,-26.369644,37.707344,-13.704957,12.714513,-49.954456,-23.987196,7.458485,-41.406754,-32.12455,0.7638896,1.2156922
354,4.203897476196289,-7.134363651275635,64.78086853027344,-4.172295204280213,-6.046944303449873,-112.20881259596766,-39.820423,22.33165,-19.72459,47.667202,-5.5271654,-15.000033,11.964503,-36.26248,-17.366322,54.324615,-14.684401,15.000033,15.083899,0.27399716,26.47768,-67.98624,33.17435,-18.981781,-25.284224,37.371918,-13.604046,12.732356,-46.78114,-23.026817,6.991151,-43.317745,-32.48753,0.98636365,1.3797415
355,4.588499069213867,-7.709506988525391,64.66487884521484,-4.355953609238854,-6.571938563875759,-112.72586588154843,-39.761513,22.46435,-19.592043,49.819073,-6.8003674,-15.000033,11.600243,-36.992496,-16.548512,55.352455,-13.057195,15.000033,14.954611,0.22524144,26.878067,-69.70285,33.88099,-19.49793,-24.237621,36.990967,-13.461671,12.760385,-43.490044,-21.792524,6.798596,-45.336487,-33.090816,1.1859782,1.6806436
356,4.942747592926025,-8.265137672424316,64.5960693359375,-4.591147482995497,-6.901343351269933,-113.14042112710843,-39.77463,22.593307,-19.542622,51.58411,-7.8904243,-15.000033,11.306725,-37.560238,-16.085648,56.06426,-11.576189,15.000033,14.607778,-0.040411025,27.064182,-71.2626,34.816032,-20.09571,-23.25808,36.676674,-13.3145685,12.719736,-40.382957,-20.434843,6.850921,-47.257847,-33.76025,1.3135165,2.124177
357,5.25789737701416,-8.8101167678833,64.57230377197266,-4.948415580310721,-6.973508434104216,-113.46914560385031,-39.95035,22.769962,-19.648983,52.97944,-8.815997,-15.000033,11.048108,-37.882767,-16.012978,56.421825,-10.268117,15.000033,14.05661,-0.4578211,26.935392,-72.710655,35.9887,-20.841105,-22.304317,36.452724,-13.135783,12.554436,-37.267727,-19.044,7.103544,-49.204723,-34.503567,1.3829134,2.7390742
358,5.509506702423096,-9.34200668334961,64.60722351074219,-5.397938369122883,-6.8661861598663325,-113.75824169012304,-40.231617,23.019676,-19.86084,54.110584,-9.717558,-15.000033,10.809645,-38.02887,-16.235073,56.531715,-9.0915785,15.000033,13.353171,-0.967062,26.580458,-74.070076,37.383114,-21.70869,-21.387037,36.24546,-12.915036,12.32358,-34.114773,-17.631804,7.5644307,-51.20679,-35.31852,1.4168521,3.4906564
359,5.694260597229004,-9.844255447387695,64.70856475830078,-5.810515632507567,-6.664573857726652,-113.92905777447314,-40.477077,23.191393,-20.0672,54.895924,-10.466312,-15.000033,10.734699,-38.143864,-16.79831,56.436684,-8.070548,15.000033,12.520454,-1.6785508,26.157825,-75.24162,38.93847,-22.610874,-20.637865,36.02711,-12.715981,12.121916,-31.372025,-16.25772,8.248409,-52.969967,-36.07688,1.4014014,4.2770886
360,5.814920902252197,-10.29315185546875,64.88229370117188,-6.055402677785068,-6.450182299690551,-113.90147529183542,-40.54536,23.138485,-20.154562,55.251286,-10.925782,-15.000033,10.959923,-38.370247,-17.73916,56.181416,-7.2388997,15.000033,11.621346,-2.6553485,25.851868,-76.11755,40.552868,-23.410587,-20.216448,35.76931,-12.609336,12.037291,-29.271225,-14.972757,9.304147,-54.374054,-36.894726,1.3594753,4.9669566
361,5.883453845977783,-10.678631782531738,65.1323471069336,-6.084857847576975,-6.230931474134076,-113.58563830165694,-40.39142,22.760374,-20.105968,55.105885,-11.06366,-15.000033,11.658223,-38.88256,-19.409437,55.738594,-6.503534,15.000033,10.556896,-4.045359,25.65443,-76.85058,42.234882,-24.238451,-20.008265,35.505054,-12.645106,12.106233,-27.92547,-13.952864,10.1819935,-55.223072,-37.07317,1.2057464,5.6042128
362,5.919896602630615,-11.006207466125488,65.44050598144531,-5.980422890603603,-5.970692123938899,-113.04260450070758,-40.098866,22.162584,-19.991497,54.51739,-10.937368,-15.000033,12.767433,-39.512043,-21.728365,55.109947,-5.928448,15.000033,9.411048,-5.6594214,25.514359,-77.434586,43.945698,-25.043438,-20.035782,35.233704,-12.781348,12.275418,-26.887045,-13.194999,11.160156,-55.911156,-37.091496,1.0314164,6.1575556
363,5.9324212074279785,-11.285520553588867,65.80184936523438,-5.7929287636078115,-5.680992436016179,-112.42440944927725,-39.699398,21.495815,-19.820759,53.587276,-10.59182,-15.000033,14.005759,-39.961243,-24.072716,54.368702,-5.6555166,15.000033,8.30236,-7.351403,25.367605,-77.58452,45.59397,-25.589384,-20.332708,34.94933,-12.966513,12.4617605,-26.568018,-12.7419615,12.187164,-56.171116,-37.077057,0.92313737,6.657458
364,5.9400129318237305,-11.520952224731445,66.21055603027344,-5.568257273423801,-5.368451330750275,-111.88852583642485,-39.22629,20.90647,-19.588781,52.420597,-10.072521,-15.000033,15.008438,-39.988304,-25.753494,53.579536,-5.7991085,15.000033,7.3587036,-8.97433,25.16045,-77.01017,47.059784,-25.60959,-20.903225,34.65775,-13.153376,12.57868,-27.431614,-12.688381,13.090371,-55.710342,-37.011047,0.96667534,7.131319
365,5.956899642944336,-11.718177795410156,66.6561508178711,-5.253181425941887,-5.082320761258336,-111.48966052053562,-38.562897,20.384056,-19.182255,50.98628,-9.421622,-15.000033,15.641646,-39.654613,-26.441877,52.732597,-6.4422398,15.000033,6.685704,-10.501362,24.956923,-75.61643,48.22452,-24.92482,-21.736366,34.31031,-13.356342,12.583098,-29.615295,-13.105333,13.897158,-54.648094,-36.893337,1.2114232,7.5904818
366,5.976812362670898,-11.865301132202148,67.13717651367188,-4.832119140004206,-4.799719271515279,-111.14150399160758,-37.723934,19.8353,-18.615404,49.234848,-8.609039,-15.000033,16.049961,-39.15387,-26.547358,51.833935,-7.4528375,15.000033,6.211509,-11.964529,24.79037,-73.43486,49.012665,-23.59888,-22.874933,34.053825,-13.597563,12.524556,-32.87765,-13.989954,14.711607,-53.157803,-36.671196,1.6310885,7.9640436
367,5.983922481536865,-11.964438438415527,67.6546630859375,-4.413488301700509,-4.4166662170059405,-110.79015541000219,-36.93875,19.288532,-18.064924,47.25726,-7.569088,-15.000033,16.257513,-38.44711,-26.437008,50.947094,-8.612535,15.000033,5.901557,-13.29379,24.58224,-71.002205,49.444363,-21.955578,-24.029106,33.796238,-13.857526,12.441122,-36.996914,-15.325876,15.460023,-51.117855,-36.304577,2.1926434,8.152928
368,5.974071502685547,-12.031083106994629,68.2104263305664,-4.112941208651435,-3.8321230147770238,-110.38113192497016,-36.43855,18.801588,-17.718441,45.145233,-6.2346416,-15.000033,16.296312,-37.421944,-26.444338,50.084076,-9.729397,15.000033,5.639093,-14.435266,24.25453,-68.42698,49.54257,-20.208868,-25.196447,33.708427,-14.093613,12.391475,-41.78229,-17.082935,16.13578,-48.382805,-35.77542,2.8543,8.063762
369,5.931416034698486,-12.053243637084961,68.79508209228516,-4.017815093717496,-2.962278314929918,-109.95038027272363,-36.31388,18.523745,-17.655403,42.821785,-4.5395136,-15.000033,16.020132,-35.752464,-26.385231,49.134117,-10.837648,15.000033,5.4245405,-15.350078,23.697142,-65.70001,49.31631,-18.393368,-26.35717,33.77218,-14.288229,12.388896,-47.34438,-19.274141,16.62999,-45.05587,-34.99619,3.671898,7.6143937
370,5.8573994636535645,-12.041374206542969,69.38641357421875,-4.029910554043158,-1.8825082770480204,-109.50878222445102,-36.414764,18.371254,-17.738209,40.264507,-2.5338416,-15.000033,15.4547,-33.60752,-26.128977,48.083435,-12.020597,15.000033,5.3033853,-16.078522,23.022682,-62.796894,48.72244,-16.476688,-27.594372,33.958782,-14.447744,12.42482,-53.773598,-21.899332,17.16559,-41.239464,-33.980206,4.6261578,6.836081
371,5.761396884918213,-11.98426628112793,69.96478271484375,-4.007548687562653,-0.7295823390743612,-108.96765630343363,-36.631996,18.10612,-17.869957,37.661263,-0.32067403,-15.000033,14.888133,-31.536335,-26.073069,47.063557,-13.17349,15.000033,5.307785,-16.654408,22.471754,-60.065556,47.758266,-14.65257,-28.861427,34.230328,-14.59527,12.492676,-60.79759,-24.891829,18.19603,-36.751686,-32.929955,5.558498,5.8351054
372,5.6475911140441895,-11.884469032287598,70.5109634399414,-3.8259916205466924,0.361781541691295,-108.23903068678801,-36.873096,17.530497,-17.989182,35.19974,2.0040827,-15.000033,14.608765,-30.039099,-26.628077,46.216682,-14.170285,15.000033,5.4750156,-17.120865,22.266287,-57.976345,46.468132,-13.17081,-29.974092,34.50963,-14.758611,12.580516,-68.23597,-28.12997,20.140831,-31.32064,-32.00916,6.3129206,4.7511487
373,5.524554252624512,-11.76259994506836,71.01972198486328,-3.4770275375425888,1.4225219810302672,-107.24307437061593,-37.19432,16.619635,-18.157854,32.705963,4.700715,-15.000033,14.743149,-29.165392,-28.176092,45.573444,-14.973911,15.000033,5.754196,-17.538502,22.399256,-56.55069,44.900845,-12.0742855,-30.900057,34.813217,-14.951379,12.676583,-76.43626,-31.535309,23.017551,-24.943825,-31.522417,7.006927,3.6495073
374,5.397037506103516,-11.63499927520752,71.47889709472656,-3.024806078010157,2.493696559581683,-106.04927568271691,-37.631165,15.556716,-18.425426,30.1234,7.74668,-15.000033,15.150599,-28.590965,-30.409407,45.037926,-15.650157,15.000033,6.227811,-17.880518,22.799786,-55.64173,43.07128,-11.335469,-31.715218,35.145267,-15.154625,12.791413,-85.46112,-35.022057,26.85188,-17.852058,-31.23552,7.670741,2.4596612
375,5.282532215118408,-11.512672424316406,71.88426971435547,-2.470428811814095,3.458639992515384,-104.79372222198941,-38.06825,14.430063,-18.714375,27.838593,10.606008,-15.000033,15.721922,-28.246445,-32.72248,44.598972,-16.229254,15.000033,7.1115603,-18.15477,23.559992,-55.400715,40.987686,-11.14028,-32.35535,35.517834,-15.345995,12.934607,-94.54057,-38.385258,31.80558,-10.1715765,-30.555458,7.9575663,1.1937335
376,5.204414367675781,-11.418498039245605,72.21784973144531,-1.8210672812569557,4.2107854864702965,-103.60928860294779,-38.392124,13.255269,-18.926628,26.277702,12.720415,-15.000033,16.326456,-28.099592,-34.51492,44.25708,-16.746077,15.000033,8.493854,-18.43147,24.678091,-55.91118,38.686863,-11.618662,-32.67564,35.97991,-15.511815,13.096281,-102.86536,-41.403446,37.77837,-1.8789698,-28.969095,7.4572916,-0.05462888
377,5.164702892303467,-11.326699256896973,72.49065399169922,-0.9698706561478564,4.692556674750903,-102.47455855088555,-38.48127,11.810643,-19.038818,25.418814,13.964211,-15.000033,17.017168,-28.364395,-35.728878,44.11963,-17.26467,15.000033,10.301678,-18.840872,26.225103,-57.158997,36.246277,-12.657983,-32.60537,36.544548,-15.619324,13.291165,-110.70473,-43.98172,44.902107,7.9955745,-26.381308,5.671868,-1.4004564
378,5.159111022949219,-11.227616310119629,72.70884704589844,0.03917784500400486,4.97221613755696,-101.34102843838716,-38.45161,10.125632,-19.097088,25.133335,14.60034,-15.000033,17.848204,-28.990425,-36.67343,44.157024,-17.76216,15.000033,12.358138,-19.404387,28.055601,-58.927753,33.719658,-14.068175,-32.130943,37.20015,-15.695451,13.500228,-118.0848,-46.080536,52.767414,18.898008,-23.412668,2.9403179,-2.6249554
379,5.179114818572998,-11.139731407165527,72.85855865478516,0.9843960408992484,5.155168746614564,-100.2850968758567,-38.560585,8.526547,-19.083078,25.731728,14.636152,-15.000033,18.645023,-29.596956,-37.291878,44.184223,-18.139343,15.000033,14.450252,-19.98786,29.793802,-60.860603,31.145712,-15.681434,-31.261951,37.92802,-15.805344,13.678475,-124.45224,-47.693424,60.703766,29.264961,-20.355303,0.14949104,-3.2279932
380,5.2158403396606445,-11.057411193847656,72.9268798828125,1.5660324112836272,5.700473809886395,-99.3808025551391,-39.42218,7.4360666,-19.020048,27.414442,14.21278,-15.000033,18.757395,-29.745796,-37.453266,44.13868,-18.318169,15.000033,15.946445,-20.647236,29.793802,-61.954025,28.63617,-17.380886,-29.77668,38.68788,-16.040659,13.860951,-128.00818,-48.72243,67.617035,37.645535,-17.537115,-1.817258,-3.0313416
381,5.257518768310547,-10.976139068603516,72.92637634277344,1.8168597460025533,6.1914456736225105,-98.65670219018357,-40.82543,6.8742146,-18.770319,30.984442,13.127627,-15.000033,18.66178,-29.413607,-37.060005,43.90871,-18.2689,15.000033,17.41345,-21.028265,29.793802,-63.045223,26.034956,-19.081764,-28.141653,39.4741,-16.386116,13.994512,-130.59648,-49.3374,75.605896,45.865696,-14.603215,-2.6995575,-1.2612053
382,5.297276973724365,-10.915325164794922,72.86279296875,1.8064316783949594,6.579898022789299,-98.1099689099847,-42.513477,6.7922516,-18.463428,35.940765,11.440505,-15.000033,18.449617,-28.763025,-36.14999,43.564297,-18.031075,15.000033,18.791407,-21.13546,29.793802,-63.973965,23.48261,-20.640734,-26.512743,40.247517,-16.786963,14.119941,-132.87616,-49.545372,84.90941,54.657024,-11.471235,-2.815092,1.5283934
383,5.320907115936279,-10.907382011413574,72.72232055664062,1.582342429033159,6.806932457836205,-97.70161671289799,-43.907402,7.1347623,-18.316774,40.828583,9.377492,-15.000033,18.346199,-27.838306,-35.011116,42.969803,-17.523699,15.000033,20.025635,-20.839817,29.793802,-64.64831,20.964235,-21.897867,-25.034702,41.02819,-17.209326,14.137275,-134.9292,-49.399666,93.170906,62.37842,-8.495172,-2.477049,4.0590606
384,5.346466541290283,-10.968862533569336,72.53814697265625,1.2430163091018034,6.871636261123029,-97.3428706445517,-44.568428,7.679193,-18.390285,44.367588,7.1352377,-15.000033,18.524908,-26.73974,-33.970222,42.01291,-16.677715,15.000033,21.045929,-20.16201,29.793802,-65.0916,18.516403,-22.815697,-23.801577,41.832985,-17.60465,13.955002,-136.06732,-49.072845,97.4533,67.0834,-6.0778227,-2.2229533,5.2523775
385,5.370060443878174,-11.10028076171875,72.32208251953125,0.8039693094792822,6.798735079937868,-96.99599050202215,-44.294186,8.354865,-18.669697,46.214737,4.5869637,-15.000033,19.105673,-25.411947,-33.22187,40.382603,-15.310244,15.000033,21.815708,-19.12783,29.793802,-65.2209,16.194675,-23.480406,-22.952705,42.726913,-17.95602,13.480755,-135.66902,-48.795723,95.72936,67.752335,-3.9611092,-2.4333599,4.5856323
386,5.396742820739746,-11.279708862304688,72.08370208740234,0.24395275490877677,6.606995697885422,-96.6889997144851,-43.398052,9.209434,-19.051159,47.106647,1.6820195,-15.000033,19.979296,-23.857767,-32.562412,38.20643,-13.533186,15.000033,22.360329,-17.889313,29.793802,-65.148,14.110456,-24.049826,-22.385635,43.66975,-18.27179,12.795549,-134.13472,-48.662758,89.66891,65.56567,-2.1162739,-2.872525,2.748347
387,5.4304914474487305,-11.483469009399414,71.81646728515625,-0.39093207367941624,6.315052080020342,-96.4156638339106,-42.280567,10.146701,-19.387024,47.4736,-1.2779512,-15.000033,20.93563,-22.27188,-31.746202,36.05582,-11.723932,15.000033,22.67662,-16.605328,29.793802,-65.12487,12.385599,-24.521832,-21.933197,44.50352,-18.54064,12.066528,-132.19792,-48.655136,82.00515,61.771618,-1.2447815,-3.1433692,0.55538034
388,5.4822468757629395,-11.703607559204102,71.52095794677734,-1.0720500325527405,5.960891568109033,-96.17590647668392,-41.369892,11.09017,-19.558847,47.745346,-3.9881704,-15.000033,21.719559,-20.832077,-30.55264,34.560165,-10.258508,15.000033,22.763126,-15.362522,29.758165,-65.34904,11.116887,-24.837736,-21.488565,45.056854,-18.747156,11.464808,-130.00485,-48.75941,75.36154,57.520386,-2.0120564,-2.802631,-1.1279576
389,5.559022426605225,-11.91594409942627,71.20718383789062,-1.9925065032648939,5.785235867177073,-95.9653377652396,-41.066864,12.196183,-19.589533,47.83303,-6.45357,-15.000033,22.03184,-19.340422,-28.955297,33.88774,-9.218056,15.000033,22.418852,-14.140776,28.730455,-65.366165,10.32624,-25.022388,-20.924564,45.238888,-18.946033,11.043765,-126.19969,-48.903385,69.76031,52.112312,-5.5024934,-1.4340761,-2.2004378
390,5.670027732849121,-12.089621543884277,70.8735580444336,-3.0626765142596337,5.536712585984619,-95.7824497614989,-40.87468,13.425727,-19.48134,47.598877,-8.83547,-15.000033,22.28309,-17.800695,-27.11376,33.689823,-8.416628,15.000033,21.855766,-12.807178,27.606071,-65.48696,10.003297,-25.101782,-20.504028,45.151993,-19.10166,10.678284,-121.46779,-49.03693,64.06637,45.167015,-11.001868,0.73065525,-2.883043
391,5.8017730712890625,-12.216045379638672,70.51348876953125,-4.065896293225737,5.192356722500881,-95.6573990831636,-40.70467,14.567466,-19.323141,47.391136,-10.957902,-15.000033,22.371191,-16.483091,-25.029644,34.07884,-7.869835,15.000033,21.190323,-11.540991,26.621357,-65.64043,10.087881,-25.05075,-20.26029,44.87646,-19.149271,10.429255,-116.11019,-49.13942,58.13272,37.690067,-16.51514,3.082534,-3.0897245
392,5.932624340057373,-12.267716407775879,70.16315460205078,-4.782532872421615,4.7328746478818395,-95.61856089691702,-40.460762,15.38664,-19.216965,47.546253,-12.651957,-15.000033,22.1883,-15.641115,-22.703642,35.148506,-7.5727053,15.000033,20.553343,-10.508893,26.023762,-65.820404,10.456484,-24.830942,-20.18331,44.50308,-19.034094,10.353443,-110.508484,-49.19093,51.90547,30.790089,-20.059471,4.9558516,-2.9679222
393,6.05462646484375,-12.256440162658691,69.85697174072266,-5.070138754195321,4.133264615388086,-95.62782655688997,-40.177704,15.64068,-19.258205,48.283676,-13.788514,-15.000033,21.643738,-15.416961,-19.96478,37.153507,-7.7228584,15.000033,19.981459,-9.805994,25.960947,-66.27133,11.01157,-24.425154,-20.095583,44.099743,-18.678024,10.539262,-104.490906,-49.162674,45.203957,24.601278,-20.59749,6.1180115,-2.649331
394,6.170295238494873,-12.213906288146973,69.61160278320312,-5.07756831587316,3.4139712874080694,-95.69156251706875,-39.882072,15.509919,-19.385916,49.375378,-14.4953985,-15.000033,20.820875,-15.543833,-16.871593,39.89115,-8.198248,15.000033,19.47685,-9.359904,26.257292,-67.05134,11.708173,-23.929544,-19.878428,43.62621,-18.145363,10.933158,-97.636475,-48.991608,37.97388,18.41072,-19.359653,6.9237986,-2.1647577
395,6.284084320068359,-12.170491218566895,69.43916320800781,-5.02007603642996,2.624551211335195,-95.90055492956482,-39.46114,15.388374,-19.472277,50.474216,-14.985558,-15.000033,19.873676,-15.718218,-13.768261,42.79143,-8.52991,15.000033,19.1058,-9.042023,26.702505,-67.889946,12.476787,-23.435963,-19.65442,43.022568,-17.594456,11.375067,-90.198875,-48.599724,30.53959,12.215118,-17.752172,7.5810714,-1.6259748
396,6.394814491271973,-12.149526596069336,69.34540557861328,-5.113156996902943,1.8114508364851154,-96.33561735040212,-38.802574,15.667526,-19.397758,51.233746,-15.474573,-15.000033,18.942146,-15.715384,-11.021111,45.35722,-8.29802,15.000033,18.91046,-8.640349,27.117014,-68.494026,13.231794,-22.957129,-19.611376,42.22937,-17.18608,11.693526,-82.63931,-47.914494,23.359402,6.200368,-17.226782,8.2564745,-1.0818987
397,6.4781999588012695,-12.141688346862793,69.32586669921875,-5.40013898772097,0.9433999171955706,-97.05768585822939,-37.808777,16.478397,-19.101671,51.57625,-16.014975,-15.000033,18.036352,-15.511334,-8.633001,47.532917,-7.220026,15.000033,18.946278,-8.007911,27.526525,-68.75461,13.884217,-22.332882,-19.87496,41.11624,-16.98507,11.791361,-75.045586,-46.89016,16.474537,0.6277368,-18.469618,9.01116,-0.407033
398,6.529144287109375,-12.130399703979492,69.36872863769531,-5.770948018796492,0.00608855917479586,-98.00810972936708,-36.549755,17.614536,-18.649923,51.67461,-16.489332,-15.000033,17.086014,-15.267804,-6.4943476,49.58729,-5.5883017,15.000033,19.189457,-7.19014,28.030672,-68.88729,14.387017,-21.550755,-20.287958,39.774643,-16.90626,11.762979,-67.32081,-45.44896,9.822356,-4.5863924,-20.60186,9.70037,0.43067178
399,6.562989234924316,-12.105209350585938,69.47071838378906,-6.196160040694431,-0.9254689850273637,-99.0890668377312,-35.1737,18.94441,-18.098509,51.571106,-16.859318,-15.000033,16.067228,-15.092258,-4.7431207,51.559193,-3.8771093,15.000033,19.47344,-6.251298,28.523563,-68.99969,14.757972,-20.753237,-20.675278,38.497524,-16.892103,11.709097,-60.00286,-43.51847,3.901867,-9.427715,-22.77186,10.178695,1.2521477
400,6.593195915222168,-12.050031661987305,69.61894226074219,-6.643361284037052,-1.772461151915851,-100.20334421140325,-33.838852,20.324316,-17.502033,51.309708,-17.078846,-15.000033,14.945402,-15.068715,-3.4400368,53.442104,-2.499943,15.000033,19.561375,-5.3048196,28.849966,-69.13465,15.0935545,-20.051441,-20.8814,37.578167,-16.896614,11.717511,-53.74748,-41.106117,-0.694858,-13.741616,-24.195562,10.337717,1.8293694
401,6.639247417449951,-11.971405029296875,69.79121398925781,-7.15736341355005,-2.540259523485384,-101.3652779420052,-32.551094,21.783642,-16.889193,50.906796,-17.174963,-15.000033,13.659937,-15.058209,-2.3114927,55.30447,-1.4185978,15.000033,19.331734,-4.3873634,28.925497,-69.222466,15.530507,-19.434048,-20.921356,37.138153,-16.947536,11.826393,-48.534046,-38.34423,-3.8864636,-17.343794,-24.661573,10.089992,2.0479646
402,6.720355033874512,-11.877891540527344,69.99164581298828,-7.722312161795584,-3.264813007497241,-102.6110615391156,-31.230509,23.354263,-16.201443,50.345997,-17.154415,-15.000033,12.214711,-15.073774,-1.3328233,57.111446,-0.4059677,15.000033,18.868614,-3.5061786,28.840488,-69.17731,16.140215,-18.842445,-20.957458,36.976997,-17.049347,11.984651,-43.97463,-35.367725,-5.986793,-20.396791,-24.645014,9.513998,2.0444763
403,6.8058319091796875,-11.76268196105957,70.22312927246094,-8.217848062439511,-3.911140916309422,-103.87166447611062,-29.901527,24.876015,-15.383382,49.62752,-16.977055,-15.000033,10.697452,-15.38874,-0.8541653,58.709515,0.23001395,15.000033,18.220718,-2.7812397,28.679749,-69.03472,16.927807,-18.337248,-21.012186,36.92108,-17.124712,12.14222,-40.125076,-32.27359,-7.077704,-23.224466,-24.446716,8.763691,1.9670081
404,6.876744270324707,-11.612459182739258,70.48165893554688,-8.519508987250603,-4.438179259112059,-105.08217733497588,-28.595217,26.184866,-14.380935,48.75123,-16.592943,-15.000033,9.189418,-16.343744,-1.2649417,59.94518,0.24561274,15.000033,17.41824,-2.3364506,28.509928,-68.84646,17.859175,-17.96278,-21.054605,36.809086,-17.104122,12.239321,-37.111683,-29.135826,-7.2250786,-26.066397,-24.381525,7.9982,1.9573454
405,6.913775444030762,-11.438009262084961,70.7706527709961,-8.530291475242414,-4.83011415381362,-106.23168380005626,-27.24368,27.188889,-13.085435,47.61732,-16.00262,-15.000033,7.7447886,-18.374233,-3.001123,60.786953,-0.8544954,15.000033,16.42078,-2.305006,28.345093,-68.671364,18.912819,-17.750473,-21.038347,36.636448,-16.92888,12.208898,-34.9139,-26.037045,-6.3851237,-28.971424,-24.44036,7.2017016,2.0237117
406,6.934542179107666,-11.25635814666748,71.07791900634766,-8.331046807201698,-5.124643569533123,-107.32821625348981,-25.837032,27.946108,-11.579104,46.278427,-15.242678,-15.000033,6.449376,-21.2648,-5.8221116,61.329712,-2.839783,15.000033,15.216912,-2.598196,28.14714,-68.48735,20.087475,-17.682867,-20.965504,36.47781,-16.648067,12.103132,-33.37192,-23.080257,-4.689505,-31.722645,-24.482296,6.3078732,2.1222403
407,6.939492225646973,-11.066853523254395,71.4033432006836,-8.068574748115669,-5.3477841224095135,-108.35152801479529,-24.516582,28.550049,-10.098631,44.951088,-14.314033,-15.000033,5.3878403,-24.339495,-9.086225,61.61921,-4.880725,15.000033,13.88851,-2.985328,27.893822,-68.21716,21.356022,-17.71325,-20.874153,36.29481,-16.357985,12.037192,-32.454445,-20.336977,-2.4728625,-34.139835,-24.600067,5.410353,2.2956748
408,6.917952060699463,-10.864947319030762,71.7483139038086,-7.886589461673756,-5.506753096292602,-109.3093800770777,-23.445442,29.123327,-8.852854,43.84593,-13.20782,-15.000033,4.4611444,-26.897472,-12.03116,61.70338,-6.108095,15.000033,12.551092,-3.228466,27.564533,-67.79417,22.670433,-17.79218,-20.792496,36.05275,-16.159195,12.122534,-32.15368,-17.840467,-0.07364742,-36.077946,-24.88229,4.6039257,2.5762248
409,6.887617111206055,-10.661385536193848,72.11898040771484,-7.814464973774533,-5.553644559867677,-110.20838351002351,-22.702349,29.691504,-7.9054747,42.942966,-11.833849,-15.000033,3.5456867,-28.90541,-14.71592,61.574104,-6.234752,15.000033,11.230228,-3.2872076,27.11569,-67.2417,23.986452,-17.970144,-20.658592,35.758236,-16.087051,12.417839,-32.58187,-15.60335,2.5417285,-37.565052,-25.323338,3.9046311,2.9469702
410,6.850841522216797,-10.451937675476074,72.51299285888672,-7.7887021486635595,-5.496592889608637,-111.05083208546262,-22.214613,30.219118,-7.151631,42.154884,-10.220109,-15.000033,2.6820846,-30.675577,-17.449818,61.226585,-5.728338,15.000033,9.865632,-3.2370634,26.568083,-66.53273,25.26973,-18.231052,-20.496279,35.48028,-16.09206,12.850398,-33.735386,-13.610025,5.440188,-38.595074,-25.84513,3.2821085,3.369787
411,6.794909477233887,-10.219614028930664,72.91065979003906,-7.796664530456009,-5.406402171780935,-111.86499754059038,-21.927395,30.751825,-6.509448,41.58142,-8.538004,-15.000033,1.8132738,-32.03015,-19.700157,60.689342,-4.812937,15.000033,8.554522,-3.0117857,25.999052,-65.73595,26.532013,-18.431568,-20.322142,35.101974,-16.159391,13.320076,-35.35505,-11.826117,8.266324,-39.0899,-26.447838,2.7533352,3.8532276
412,6.727723121643066,-9.965677261352539,73.3047866821289,-7.826227748791533,-5.34696560278125,-112.68781607025625,-21.788637,31.33666,-5.8947554,41.323914,-6.9561434,-15.000033,0.84113765,-32.783154,-20.905651,59.9718,-3.7048275,15.000033,7.33398,-2.5771596,25.49754,-64.73508,27.751427,-18.440592,-20.285387,34.681637,-16.257065,13.744336,-37.23376,-10.207956,10.733692,-38.97958,-27.127977,2.3297427,4.4088655
413,6.6541948318481445,-9.7090425491333,73.67882537841797,-7.921674758678904,-5.272136801443358,-113.52436022640282,-21.930061,32.040306,-5.3493,41.459717,-5.3236194,-15.000033,-0.38318574,-32.665077,-20.749607,59.014812,-2.228402,15.000033,6.2462053,-1.8813322,25.040329,-63.55243,28.90816,-18.240456,-20.368908,34.26471,-16.41947,13.986519,-39.457134,-8.747034,12.743782,-38.19795,-27.946745,2.0251386,5.180911
414,6.565619468688965,-9.461080551147461,74.0220718383789,-8.085776192335071,-5.162103982069276,-114.37024716796076,-22.344738,32.846024,-4.9128895,41.91294,-3.6154754,-15.000033,-1.7817417,-31.828667,-19.574644,57.810314,-0.33922806,15.000033,5.3329363,-0.9151304,24.650003,-62.25711,29.961931,-17.916887,-20.536089,33.831493,-16.643763,14.134911,-41.850742,-7.357698,14.617304,-37.06287,-29.144955,1.8431517,6.0754986
415,6.478636741638184,-9.238229751586914,74.32491302490234,-8.23048716363302,-5.121010920542024,-115.24406290018217,-22.751137,33.66186,-4.482327,42.54785,-2.1831532,-15.000033,-3.1092849,-30.718904,-17.79949,56.45204,1.54075,15.000033,4.4562497,0.11311577,24.329073,-60.87933,30.981668,-17.478384,-20.623722,33.282932,-16.864906,14.406767,-44.716377,-6.17812,15.882645,-35.237694,-29.92598,1.6726089,6.9400616
416,6.39041805267334,-9.032734870910645,74.5799331665039,-8.26001968856568,-5.244767248932587,-116.1644812372471,-22.864056,34.38603,-3.9358943,43.233536,-1.387405,-15.000033,-4.1782904,-29.784998,-15.803784,55.03754,3.0099387,15.000033,3.769597,1.1915047,24.25361,-59.517323,31.944143,-16.969046,-20.736177,32.43179,-17.002312,15.069509,-47.121338,-5.0667014,17.078915,-33.54045,-30.857805,1.5563891,7.3875623
417,6.3027544021606445,-8.837750434875488,74.77205657958984,-8.129527554156335,-5.59540098268855,-117.16588291497827,-22.57746,35.053497,-3.118317,44.08674,-1.4382703,-15.000033,-5.0022306,-28.957573,-13.259426,53.565197,3.9008164,15.000033,3.241388,2.2715516,24.44466,-58.14095,32.871216,-16.389097,-20.789293,30.974913,-17.066477,16.362602,-49.325798,-3.9987247,18.091568,-31.622385,-31.814531,1.4859033,7.2572823
418,6.201290607452393,-8.671019554138184,74.90174102783203,-7.879119101002212,-6.105714626509351,-118.22862980466525,-22.026417,35.687614,-2.115291,45.121098,-2.112944,-15.000033,-5.626654,-28.07097,-10.109721,52.020397,4.4440694,15.000033,2.8389144,3.3706467,24.839417,-56.71069,33.773434,-15.721652,-20.815159,29.080147,-17.124664,18.099947,-51.488888,-2.9753516,18.88655,-29.41253,-32.81333,1.4761646,6.74837
419,6.092033863067627,-8.51836109161377,74.9695816040039,-7.532062665963998,-6.6666957830709235,-119.29722934009104,-21.300196,36.15809,-1.1337233,46.0446,-3.098825,-15.000033,-6.044175,-27.438856,-7.082177,50.474846,4.8566937,15.000033,2.4975722,4.4112525,25.309582,-55.28987,34.667923,-14.966568,-20.847187,27.326319,-17.177078,19.865845,-53.427727,-1.9890833,19.484995,-27.243774,-33.788746,1.4957765,6.201588
420,5.965192794799805,-8.361730575561523,74.98075103759766,-7.125543767407579,-7.167794979031985,-120.31429931435174,-20.522924,36.338966,-0.39887875,46.574417,-4.0754538,-15.000033,-6.3157396,-27.346226,-4.8885207,48.971085,5.354439,15.000033,2.1522741,5.3295064,25.721636,-53.957848,35.57581,-14.1278925,-20.901098,26.283392,-17.167711,21.246542,-54.965527,-1.0281906,19.913733,-25.434746,-34.679886,1.5011219,5.959042
421,5.830530166625977,-8.209099769592285,74.94058227539062,-6.634945853781972,-7.594096514836716,-121.28300637182248,-19.674343,36.075577,-0.037510443,46.57997,-5.1635313,-15.000033,-6.492065,-28.044214,-3.8950198,47.477055,5.9550714,15.000033,1.8091738,6.0951376,26.042883,-52.688835,36.506115,-13.15603,-20.997768,26.247524,-16.973183,22.115932,-56.013332,-0.07965916,20.103485,-24.028772,-35.4967,1.4889754,6.2250695
422,5.6911115646362305,-8.058198928833008,74.85411834716797,-6.064213710853485,-7.995094949159196,-122.23306730868786,-18.740736,35.48511,0.07448464,46.235085,-6.457228,-15.000033,-6.600623,-29.264904,-3.6680954,45.957863,6.558316,15.000033,1.4835685,6.751243,26.331331,-51.433304,37.463634,-12.051226,-21.128237,26.853966,-16.622644,22.69954,-56.711185,0.8561976,20.081118,-22.84534,-36.26944,1.4670388,6.7845516
423,5.5343194007873535,-7.902392864227295,74.72135162353516,-5.498339363422911,-8.361238880626356,-123.13908773854953,-17.85596,34.848286,0.084942915,45.7151,-7.5929303,-15.000033,-6.6663027,-30.515804,-3.7209544,44.44112,7.2290173,15.000033,1.1214089,7.3508506,26.59197,-50.16204,38.465187,-10.871814,-21.332304,27.6948,-16.268078,23.117128,-57.22334,1.7663062,20.021482,-21.851517,-36.9601,1.4073926,7.3484755
424,5.365470886230469,-7.746345520019531,74.55354309082031,-5.011706319298972,-8.681571486123774,-123.97072378041088,-17.13619,34.42945,0.16883531,45.186974,-8.202413,-15.000033,-6.701816,-31.357359,-3.5439482,42.964687,8.030554,15.000033,0.6637258,7.934883,26.837158,-48.859566,39.534588,-9.676185,-21.646471,28.360899,-16.06828,23.497356,-57.70196,2.6318865,20.103489,-21.029703,-37.52717,1.2921342,7.6240487
425,5.172369480133057,-7.5845465660095215,74.34940338134766,-4.629048032694327,-8.959247449887705,-124.67848146764088,-16.594893,34.286495,0.3693665,44.620758,-8.122754,-15.000033,-6.6570935,-31.677347,-2.9352279,41.443054,9.312604,15.000033,0.040131018,8.513471,27.071442,-47.466255,40.691498,-8.441094,-22.120562,28.828676,-16.11039,23.829586,-58.072887,3.4495547,20.38314,-20.45342,-37.946674,1.1061234,7.464517
426,4.961775302886963,-7.413768768310547,74.11380767822266,-4.303735211001595,-9.201242628443294,-125.28792646248175,-16.163744,34.273186,0.60610276,43.94996,-7.573446,-15.000033,-6.527383,-31.739378,-2.1818225,39.902977,10.927767,15.000033,-0.7148569,9.052796,27.303356,-45.9725,41.93813,-7.1154375,-22.746826,29.280975,-16.294949,24.067991,-58.287827,4.223637,20.78124,-20.11871,-38.23834,0.8703971,7.045616
427,4.743030071258545,-7.225832462310791,73.8326644897461,-4.0057079969534675,-9.403140640899794,-125.87698789142739,-15.844925,34.336452,0.8675311,43.30657,-6.7756047,-15.000033,-6.4002013,-31.686394,-1.4941351,38.564358,12.1887865,15.000033,-1.491813,9.532232,27.541376,-44.40522,43.269527,-5.705167,-23.505833,29.614798,-16.502563,24.289778,-58.53254,4.9426622,21.25967,-19.890453,-38.42514,0.62277097,6.5583415
428,4.530513286590576,-7.030971527099609,73.51705169677734,-3.7037823592549275,-9.557622337671186,-126.5258462803188,-15.639245,34.431717,1.1393918,42.813126,-5.940632,-15.000033,-6.350212,-31.653635,-1.090792,37.61136,12.42874,15.000033,-2.1721885,9.936661,27.789648,-42.83484,44.674194,-4.2397394,-24.347704,29.730688,-16.614153,24.570831,-58.9842,5.5843453,21.775782,-19.648056,-38.525066,0.40080982,6.192707
429,4.347982406616211,-6.818669319152832,73.18757629394531,-3.410438883624506,-9.642848621391737,-127.23529999651056,-15.5775585,34.51512,1.3494949,42.36695,-4.858211,-15.000033,-6.3181224,-31.659647,-1.1535995,37.10391,11.313117,15.000033,-2.7377248,10.256596,28.024738,-41.366863,46.132507,-2.7957606,-25.212208,29.601065,-16.610064,24.948551,-59.63808,6.127716,22.343605,-19.45631,-38.49533,0.19979934,5.9780083
430,4.147416591644287,-6.577220439910889,72.79037475585938,-3.1410392533766442,-9.669326182516642,-127.96978827685857,-15.652611,34.632404,1.5261141,41.946907,-3.5000086,-15.000033,-6.2848377,-31.633812,-1.5106999,36.931828,9.259073,15.000033,-3.2022686,10.539066,28.22456,-39.880142,47.655754,-1.3070204,-26.200478,29.235289,-16.554745,25.371157,-60.400314,6.55488,22.960585,-19.339249,-38.3412,0.0033723635,5.8230834
431,3.903996467590332,-6.2881388664245605,72.27884674072266,-2.873290249663587,-9.67357300880715,-128.756152186784,-15.805477,34.873783,1.8049705,41.79377,-2.3464935,-15.000033,-6.395936,-31.589111,-1.8513445,37.0307,6.717479,15.000033,-3.5864975,10.759514,28.473797,-38.52899,49.205437,0.16426109,-27.105804,28.806807,-16.446465,25.806482,-61.300972,6.8866806,23.619307,-19.232088,-38.124634,-0.15988511,5.7241955
432,3.656449794769287,-5.965620994567871,71.71379089355469,-2.5771984587687102,-9.694393050061217,-129.6191232157456,-15.971078,35.32409,2.31814,42.147274,-1.8787252,-15.000033,-6.786777,-31.547382,-1.8874738,37.3285,4.1304665,15.000033,-3.841068,10.961499,28.79056,-37.186718,50.78459,1.722889,-27.97662,28.32494,-16.290787,26.198532,-62.389725,7.1357546,24.2583,-18.962574,-37.936523,-0.26946634,5.688746
433,3.4347972869873047,-5.630629539489746,71.1304931640625,-2.212905708426636,-9.730609216340563,-130.61257159345953,-16.097752,36.097492,3.3108838,43.19295,-2.4192934,-15.000033,-7.5526347,-31.54111,-1.5355573,37.858795,1.426345,15.000033,-3.9299033,11.130682,29.189007,-35.901997,52.409985,3.3928838,-28.76657,27.842216,-16.067549,26.5392,-63.721596,7.3266845,24.908535,-18.496384,-37.799923,-0.30538344,5.7544727
434,3.261774778366089,-5.311645030975342,70.49398803710938,-1.7987720083939105,-9.764016015384119,-131.70468103002398,-16.21646,37.13526,4.6353054,44.776257,-3.6561227,-15.000033,-8.61215,-31.562521,-0.9538944,38.66943,-1.5905304,15.000033,-3.884336,11.257266,29.648169,-34.64792,54.086376,5.1654086,-29.510668,27.313316,-15.782561,26.8535,-65.25981,7.474469,25.586292,-17.902943,-37.672806,-0.28603032,5.907538
435,3.131185531616211,-4.989616870880127,69.83761596679688,-1.3879036617893412,-9.70627569623913,-132.7949759424907,-16.526985,38.240067,5.823486,46.63166,-5.1074114,-15.000033,-9.954216,-31.576561,-0.23076254,39.69873,-4.6358433,15.000033,-3.7442052,11.335059,29.793802,-33.337982,55.755856,6.7857213,-30.094242,26.694256,-15.4950075,27.152899,-66.63659,7.5941854,26.228338,-17.234196,-37.49835,-0.25917715,6.0540166
436,3.043734073638916,-4.666268348693848,69.16734313964844,-1.0449674189378235,-9.633986155241459,-133.7779695987403,-17.053005,39.201363,6.4197335,48.45799,-6.2928295,-15.000033,-11.33767,-31.52878,0.526555,40.835064,-7.4504757,15.000033,-3.5841393,11.39061,29.793802,-32.24524,57.33752,8.003701,-30.412586,26.01933,-15.231335,27.438032,-67.87922,7.6714907,26.746347,-16.512287,-37.30147,-0.25674218,6.135958
437,2.9662978649139404,-4.336334705352783,68.4764175415039,-0.7910933657562038,-9.588975601730827,-134.682336127048,-17.808947,39.99356,6.315483,50.26859,-7.148214,-15.000033,-12.714653,-31.36384,1.3227758,42.025772,-10.033463,15.000033,-3.4073815,11.490908,29.793802,-31.32817,58.818703,8.922318,-30.550863,25.188303,-15.013069,27.689484,-69.17402,7.666269,27.156305,-15.641501,-37.084187,-0.27512145,6.1210704
438,2.900996685028076,-4.00759220123291,67.78549194335938,-0.5875821955261972,-9.56095046334671,-135.5422777164224,-18.754957,40.690056,5.751331,52.183918,-7.910742,-15.000033,-14.150017,-31.114035,2.190254,43.325314,-12.511519,15.000033,-3.1772606,11.631018,29.793802,-30.577017,60.208485,9.595604,-30.561693,24.24932,-14.821207,27.900309,-70.51993,7.559803,27.508709,-14.655829,-36.8509,-0.29682568,6.0501494
439,2.83453631401062,-3.685605525970459,67.11741638183594,-0.4174617158754926,-9.54868440142697,-136.26494401306599,-19.841408,41.21266,4.8117194,54.04545,-8.540047,-15.000033,-15.576159,-30.85659,3.0617793,44.769154,-14.797404,15.000033,-2.9705532,11.7294035,29.793802,-29.97624,61.471672,10.040347,-30.525148,23.395855,-14.636497,28.07056,-71.75229,7.3494043,27.798197,-13.747659,-36.59216,-0.3228606,5.963471
440,2.7594828605651855,-3.3840086460113525,66.48551177978516,-0.2659147561694047,-9.551463188955278,-136.7590135132576,-21.011625,41.495617,3.5854115,55.701054,-8.997718,-15.000033,-16.923656,-30.6694,3.871812,46.38712,-16.79827,15.000033,-2.8659484,11.711713,29.793802,-29.505735,62.543377,10.279378,-30.514408,22.83634,-14.441123,28.195656,-72.737175,7.0386815,28.00617,-13.070282,-36.304276,-0.35365996,5.903582
441,2.6926522254943848,-3.0993659496307373,65.91012573242188,-0.17125173939955102,-9.572387582761165,-136.99489276204346,-22.289492,41.532166,1.986155,57.1325,-9.256704,-15.000033,-18.196022,-30.509851,4.643795,48.246487,-18.448334,15.000033,-2.9121256,11.5973015,29.793802,-29.08053,63.36323,10.373983,-30.578506,22.690666,-14.235927,28.259766,-73.51065,6.6119065,28.123856,-12.568794,-35.975132,-0.38745868,5.8834143
442,2.6237151622772217,-2.828272819519043,65.37686920166016,-0.12732472522085075,-9.611375316250076,-137.02577009431107,-23.660168,41.335846,0.04283407,58.4177,-9.350457,-15.000033,-19.414553,-30.357416,5.3928256,50.29469,-19.806135,15.000033,-3.060559,11.436605,29.793802,-28.67018,63.91181,10.355659,-30.721209,22.84544,-14.036098,28.255014,-74.14859,6.057946,28.174948,-12.149462,-35.613182,-0.42210367,5.877252
443,2.5561296939849854,-2.5685436725616455,64.86807250976562,-0.057246666139784255,-9.662778913044468,-136.88705946950543,-24.99875,40.89303,-1.9819208,59.53971,-9.333335,-15.000033,-20.550568,-30.33061,6.0563984,52.390274,-20.958088,15.000033,-3.2449172,11.199964,29.793802,-28.33912,64.19566,10.206717,-30.929338,23.151674,-13.843371,28.190647,-74.594536,5.4007936,28.173113,-11.886088,-35.246895,-0.4578116,5.87302
444,2.485653877258301,-2.314620018005371,64.38583374023438,0.1187310596890755,-9.721886865543462,-136.6138862782358,-26.193169,40.205082,-3.839285,60.478672,-9.254324,-15.000033,-21.578823,-30.554419,6.584125,54.386097,-21.98781,15.000033,-3.4055176,10.84815,29.793802,-28.17065,64.24148,9.891253,-31.17292,23.458391,-13.657255,28.082127,-74.80714,4.6895056,28.120554,-11.833769,-34.9076,-0.49716836,5.861444
445,2.4317586421966553,-2.0824997425079346,63.958824157714844,0.4452094768058296,-9.766527549675926,-136.1788448002999,-27.24852,39.200924,-5.5050297,61.19401,-9.061535,-15.000033,-22.564123,-31.135357,6.9765286,56.30578,-22.840986,15.000033,-3.580551,10.298281,29.793802,-28.135199,64.05107,9.423818,-31.465963,23.731682,-13.464108,27.943562,-74.79059,3.9601831,27.978249,-12.00475,-34.64259,-0.5430458,5.862487
446,2.393312454223633,-1.8734073638916016,63.581993103027344,0.8765568738692218,-9.811358536397686,-135.57933460514806,-28.185375,37.918934,-7.079832,61.710304,-8.757626,-15.000033,-23.508154,-31.994616,7.291815,58.202328,-23.493536,15.000033,-3.8004704,9.581348,29.793802,-28.171312,63.62291,8.845681,-31.812027,24.048948,-13.269481,27.767708,-74.597984,3.2270927,27.744566,-12.319177,-34.429943,-0.59641975,5.877023
447,2.354820728302002,-1.6896480321884155,63.24515914916992,1.349161685757164,-9.90602809969945,-134.88712437611485,-28.942389,36.53451,-8.52672,62.092564,-8.457454,-15.000033,-24.28084,-32.979076,7.547475,59.964447,-24.065582,15.000033,-3.997397,8.821412,29.793802,-28.329945,62.99699,8.143809,-32.15297,24.42015,-13.094452,27.540247,-74.25993,2.5145352,27.470457,-12.7142725,-34.197575,-0.6578444,5.868378
448,2.3095743656158447,-1.5296350717544556,62.926761627197266,1.791501326259337,-10.097918265796226,-134.17247041892185,-29.479536,35.217083,-9.832106,62.411,-8.278102,-15.000033,-24.753696,-33.933105,7.744213,61.49827,-24.686329,15.000033,-4.1032314,8.133635,29.793802,-28.705887,62.242588,7.2710304,-32.39831,24.845346,-12.957054,27.252777,-73.803314,1.8527553,27.199493,-13.13559,-33.87444,-0.7289244,5.8004274
449,2.2478179931640625,-1.394880771636963,62.623722076416016,2.234106189971557,-10.416634276449333,-133.43793647475766,-29.71548,33.855904,-11.055355,62.599323,-8.2248745,-15.000033,-24.870789,-34.885597,7.902094,62.76477,-25.395058,15.000033,-4.1079645,7.4689627,29.793802,-29.369518,61.406322,6.156746,-32.487053,25.349327,-12.86003,26.852892,-73.14252,1.2858527,26.90899,-13.612538,-33.389893,-0.8319418,5.647418
450,2.174727201461792,-1.2728478908538818,62.32312774658203,2.6916767992075634,-10.836259531567418,-132.65542207308778,-29.702711,32.422035,-12.212166,62.645855,-8.2503605,-15.000033,-24.703537,-35.90255,8.0063305,63.822037,-26.121405,15.000033,-4.0562086,6.764103,29.793802,-30.28866,60.49922,4.821305,-32.42217,25.905125,-12.78658,26.376566,-72.30746,0.8344227,26.566113,-14.144603,-32.807182,-0.9636635,5.4375978
451,2.0962941646575928,-1.1699423789978027,62.032432556152344,3.074349533196515,-11.307623069174646,-131.84093374201498,-29.63137,31.199493,-13.228858,62.701637,-8.3746195,-15.000033,-24.306877,-36.88576,7.9819756,64.72312,-26.832232,15.000033,-3.9651785,6.1149306,29.793802,-31.39891,59.539227,3.3643394,-32.225792,26.430813,-12.723985,25.946377,-71.49113,0.47637066,26.20771,-14.640523,-32.25413,-1.0858947,5.215911
452,2.0259666442871094,-1.0931907892227173,61.756378173828125,3.2958888851957058,-11.775581640007752,-131.00184097608903,-29.710686,30.461084,-14.025583,62.91821,-8.596359,-15.000033,-23.737705,-37.739395,7.751849,65.52494,-27.496954,15.000033,-3.853861,5.6159515,29.793802,-32.62509,58.546883,1.8918272,-31.941723,26.843857,-12.65651,25.682867,-70.86505,0.15903996,25.87574,-15.046897,-31.850246,-1.1571866,5.0253415
453,1.958551049232483,-1.0406475067138672,61.49754333496094,3.30356031240056,-12.224834193966949,-130.12886972857214,-30.043522,30.338633,-14.561556,63.321827,-8.9899025,-15.000033,-22.972303,-38.41385,7.2619386,66.22547,-28.114328,15.000033,-3.7154524,5.3291874,29.793802,-33.98514,57.525005,0.41856906,-31.579702,27.11306,-12.570799,25.632008,-70.443504,-0.15521473,25.593748,-15.40475,-31.651419,-1.1447136,4.9077563
454,1.8906272649765015,-1.0133721828460693,61.26424789428711,3.1494428442866007,-12.681485677093255,-129.2147413114912,-30.532846,30.662497,-14.906436,63.83405,-9.515913,-15.000033,-21.985546,-38.96396,6.5571814,66.80442,-28.701899,15.000033,-3.5383134,5.19594,29.793802,-35.49233,56.467842,-1.1006032,-31.137226,27.275913,-12.471294,25.725454,-70.10523,-0.47526968,25.342049,-15.77702,-31.573223,-1.0734903,4.8258944
455,1.820132851600647,-1.0075186491012573,61.052616119384766,2.906736589687819,-13.148046305033024,-128.26893792305856,-31.085932,31.248417,-15.141174,64.44641,-9.996611,-15.000033,-20.832275,-39.45695,5.711871,67.289474,-29.257565,15.000033,-3.333291,5.126557,29.793802,-37.08404,55.38879,-2.6670315,-30.62751,27.354357,-12.37421,25.91393,-69.81745,-0.8194887,25.102217,-16.146107,-31.524698,-0.98880386,4.705112
456,1.7573251724243164,-1.0289149284362793,60.863433837890625,2.6499874960087877,-13.625833209960327,-127.30041868990892,-31.606897,31.911348,-15.344531,65.151855,-10.252754,-15.000033,-19.56607,-39.957714,4.795276,67.70845,-29.78074,15.000033,-3.1101801,5.029934,29.793802,-38.687416,54.316856,-4.270552,-30.08094,27.358494,-12.294976,26.148119,-69.53775,-1.21017,24.850971,-16.504944,-31.412779,-0.93598443,4.4694486
457,1.6819981336593628,-1.076424241065979,60.681663513183594,2.297097254688915,-14.127315924609324,-126.32941820285401,-32.209583,32.868435,-15.588253,66.087456,-10.2427225,-15.000033,-18.142654,-40.353218,3.7506282,68.08084,-30.292755,15.000033,-2.8327131,4.989883,29.793802,-40.32101,53.28029,-5.974232,-29.51781,27.12988,-12.219094,26.516018,-69.28439,-1.6647967,24.603207,-16.844835,-31.211971,-0.92325777,4.0570197
458,1.6019515991210938,-1.1437289714813232,60.51005172729492,1.8417504126377333,-14.656032754146537,-125.3559241538039,-32.887466,34.12891,-15.853184,67.20685,-10.097431,-15.000033,-16.55314,-40.635525,2.5791378,68.385216,-30.777016,15.000033,-2.4897869,5.014274,29.793802,-42.038082,52.28172,-7.799074,-28.903605,26.705305,-12.141058,27.018742,-69.02978,-2.1900735,24.35915,-17.210354,-30.962984,-0.92891026,3.520561
459,1.5332677364349365,-1.2452600002288818,60.353023529052734,1.467328172380178,-15.186304355626662,-124.33853585990829,-33.38,35.201504,-16.036366,68.22868,-9.836883,-15.000033,-14.883955,-41.036877,1.4048622,68.59288,-31.215094,15.000033,-2.1518483,4.897258,29.793802,-43.794994,51.310078,-9.651622,-28.212873,26.397429,-12.0888605,27.471827,-68.683395,-2.789279,24.08836,-17.66772,-30.67455,-0.95309895,2.9567955
460,1.4987186193466187,-1.370656967163086,60.220497131347656,1.3490530573845227,-15.678036055518744,-123.21607163731825,-33.44765,35.604218,-15.9825735,68.88379,-9.43535,-15.000033,-13.211387,-41.81218,0.29811248,68.67628,-31.566246,15.000033,-1.9093301,4.437682,29.793802,-45.51841,50.35311,-11.411068,-27.445301,26.519726,-12.089017,27.683308,-68.17104,-3.4627068,23.763203,-18.273582,-30.359278,-0.9940664,2.4628716
461,1.5106197595596313,-1.5387355089187622,60.12556076049805,1.6448402752897837,-16.121551276673248,-121.91557019802127,-32.91518,35.08734,-15.427505,69.08955,-8.606438,-15.000033,-11.516,-43.191765,-0.7433077,68.59857,-31.803883,15.000033,-1.8367016,3.4541588,29.793802,-47.177605,49.411617,-13.069228,-26.614786,27.296856,-12.1535,27.555052,-67.46762,-4.2105236,23.382387,-19.059893,-30.019066,-1.0577359,2.0526085
462,1.5612167119979858,-1.7418451309204102,60.05491638183594,2.229120728667057,-16.541649275617335,-120.49372985165142,-31.988905,33.988796,-14.486766,69.023,-7.4052505,-15.000033,-9.720244,-44.990665,-1.8218092,68.37423,-31.935877,15.000033,-1.8516759,2.0944037,29.793802,-48.80722,48.493958,-14.710199,-25.725395,28.517073,-12.275728,27.200764,-66.60646,-5.037889,22.949892,-19.98482,-29.65402,-1.1431546,1.6806815
463,1.617830753326416,-1.9708493947982788,60.004188537597656,2.8533667888959946,-16.94255868941313,-119.07534460452541,-30.975374,32.673653,-13.571785,68.78973,-6.327873,-15.000033,-7.815515,-46.83255,-3.011934,68.05812,-31.987717,15.000033,-1.8245344,0.64434797,29.793802,-50.43393,47.589615,-16.350603,-24.773703,29.853762,-12.449229,26.74969,-65.594345,-5.94984,22.446318,-21.018778,-29.270254,-1.23614,1.3537579
464,1.6676653623580933,-2.2366302013397217,59.93910598754883,3.2644896515339257,-17.312569964380625,-117.7701336763413,-30.117104,31.439602,-13.117561,68.45891,-5.92241,-15.000033,-5.836851,-48.34868,-4.3467836,67.72112,-32.00025,15.000033,-1.6632173,-0.6093194,29.793802,-52.07858,46.66402,-17.978434,-23.743666,31.002022,-12.65879,26.32959,-64.446266,-6.9435472,21.866898,-22.13309,-28.863873,-1.3219755,1.0745903
465,1.7044733762741089,-2.5380895137786865,59.857200622558594,3.4273508235237804,-17.665206047865116,-116.6079964163639,-29.32308,30.176374,-13.370883,67.90386,-6.50786,-15.000033,-3.796895,-49.472424,-5.7806387,67.40072,-32.00497,15.000033,-1.326156,-1.6196917,29.793802,-53.78195,45.6929,-19.610277,-22.581884,31.900898,-12.9321375,25.933746,-63.083412,-8.014387,21.184973,-23.328106,-28.423244,-1.3972435,0.85131115
466,1.7501569986343384,-2.884219169616699,59.76229476928711,3.4671595151077774,-18.0008868296754,-115.5361054205632,-28.46188,28.758633,-14.096455,67.11994,-7.788263,-15.000033,-1.6989534,-50.379677,-7.2818694,67.05872,-31.980804,15.000033,-0.8618802,-2.5239139,29.793802,-55.544247,44.66105,-21.26116,-21.283092,32.718723,-13.268112,25.507193,-61.499683,-9.163551,20.396915,-24.63521,-27.947412,-1.469987,0.680404
467,1.8063832521438599,-3.24664044380188,59.67621612548828,3.376972250222378,-18.276187963867994,-114.51634457209963,-27.70107,27.433874,-14.983748,66.340004,-9.386562,-15.000033,0.4062688,-51.08043,-8.87533,66.66462,-31.899061,15.000033,-0.31376705,-3.287271,29.793802,-57.303165,43.56269,-22.85146,-19.969261,33.44548,-13.605728,25.089464,-59.821827,-10.3976555,19.526112,-26.050423,-27.470911,-1.5408785,0.54658866
468,1.8830114603042603,-3.609571933746338,59.60285568237305,3.1611091093647814,-18.442214967958954,-113.50201809832782,-27.237448,26.430344,-15.683684,65.79802,-10.899884,-15.000033,2.4660451,-51.594784,-10.590173,66.192085,-31.732449,15.000033,0.26188332,-3.8871555,29.793802,-58.992886,42.403984,-24.284695,-18.771484,34.069935,-13.883997,24.717577,-58.18212,-11.722165,18.602327,-27.570913,-27.029305,-1.6098475,0.43206254
469,1.985954999923706,-3.9810538291931152,59.5541877746582,2.768501755514793,-18.456745662619728,-112.45306047897104,-27.246721,25.878143,-16.07941,65.623886,-12.295355,-15.000033,4.4667716,-51.880497,-12.482601,65.656906,-31.491457,15.000033,0.8334083,-4.277163,29.793802,-60.629284,41.19371,-25.504126,-17.728441,34.536304,-14.066754,24.429567,-56.545845,-13.1445875,17.631807,-29.262447,-26.644743,-1.685989,0.30697513
470,2.1107678413391113,-4.354151248931885,59.5376091003418,2.2259873535145167,-18.345631646662927,-111.39485025390691,-27.608906,25.635601,-16.328188,65.670876,-13.735184,-15.000033,6.400076,-51.9472,-14.490311,65.06859,-31.187191,15.000033,1.4013662,-4.5020247,29.793802,-62.252014,39.938366,-26.543816,-16.769693,34.874603,-14.190607,24.191902,-54.896652,-14.6778555,16.549295,-31.091225,-26.218945,-1.7679693,0.19055128
471,2.2688663005828857,-4.720801830291748,59.55854797363281,1.6546329715708454,-18.158425612322088,-110.38350985937261,-28.08081,25.500809,-16.486458,65.74801,-15.111157,-15.000033,8.223872,-51.898228,-16.477974,64.38696,-30.78571,15.000033,2.0323951,-4.6432643,29.793802,-63.82485,38.63473,-27.460606,-15.913025,35.16423,-14.304791,23.943892,-53.178425,-16.268908,15.37371,-33.052036,-25.832977,-1.8273675,0.1115168
472,2.4564976692199707,-5.070195198059082,59.61974334716797,1.166757430848145,-17.85748513166858,-109.47376885304591,-28.52507,25.269188,-16.629398,65.669815,-16.306383,-15.000033,9.773637,-51.842323,-18.297293,63.608913,-30.257187,15.000033,2.6732314,-4.8027525,29.451733,-65.05462,37.252075,-28.2728,-15.092014,35.50981,-14.475147,23.644634,-51.529552,-17.820786,14.168676,-34.760075,-25.380297,-1.850491,0.0877733
473,2.6764919757843018,-5.399599075317383,59.72850799560547,0.7832392658188821,-17.528960620742524,-108.68612156283166,-28.761381,24.901598,-16.76371,65.33636,-17.351156,-15.000033,11.155856,-51.786804,-19.951723,62.680336,-29.608244,15.000033,3.3782377,-5.016586,29.072332,-66.09393,35.816036,-28.923704,-14.386391,35.992832,-14.734995,23.190693,-50.108727,-19.30932,12.903569,-36.29638,-24.979841,-1.8355349,0.18310405
474,2.9254565238952637,-5.7152228355407715,59.8776741027832,0.4445679902355134,-17.19207186219859,-107.99207315007753,-28.869066,24.501835,-16.865355,64.85968,-18.316813,-15.000033,12.440307,-51.693554,-21.521082,61.607475,-28.814955,15.000033,4.1235814,-5.2463555,28.79198,-67.048294,34.365215,-29.386314,-13.807365,36.54863,-15.0453415,22.625288,-48.948505,-20.75393,11.554156,-37.72378,-24.625963,-1.7900958,0.39123443
475,3.19327449798584,-6.009181976318359,60.07267761230469,0.1357521618197275,-16.873138939996508,-107.36493088339803,-28.92698,24.091892,-16.954653,64.35372,-19.082296,-15.000033,13.662013,-51.546932,-22.995749,60.441357,-27.923506,15.000033,4.857535,-5.4554505,28.598408,-67.91454,32.923347,-29.713182,-13.294673,37.06019,-15.343772,22.080791,-47.98508,-22.141087,10.17994,-39.006874,-24.304565,-1.6992518,0.6684498
476,3.4790244102478027,-6.280749320983887,60.306793212890625,-0.15554335744229966,-16.59877851693816,-106.77801737932194,-28.989443,23.674616,-17.049416,63.93504,-19.595053,-15.000033,14.860799,-51.3712,-24.4096,59.218494,-26.879532,15.000033,5.521629,-5.611068,28.469673,-68.69208,31.507166,-29.960571,-12.769928,37.417095,-15.564885,21.686861,-47.193066,-23.438864,8.853117,-40.079334,-24.008066,-1.5507686,0.9749376
477,3.778306007385254,-6.5253071784973145,60.57748031616211,-0.4691084345570103,-16.40251921895583,-106.21419381809214,-29.126213,23.258362,-17.223516,63.737034,-19.76223,-15.000033,16.075403,-51.089233,-25.756426,57.94384,-25.70058,15.000033,6.073015,-5.6962004,28.425303,-69.35334,30.127438,-30.122013,-12.234409,37.54231,-15.677413,21.507486,-46.676533,-24.630093,7.582162,-40.85014,-23.736416,-1.314898,1.3480263
478,4.0901384353637695,-6.74150276184082,60.8966064453125,-0.78851736782675,-16.26218583667474,-105.6895163200955,-29.280565,22.826729,-17.441986,63.664738,-19.656862,-15.000033,17.267372,-50.727848,-27.023989,56.59649,-24.380156,15.000033,6.5328903,-5.7423763,28.45701,-69.89721,28.799908,-30.175808,-11.721912,37.514008,-15.71695,21.46181,-46.48326,-25.717867,6.3748746,-41.328545,-23.501436,-1.0117981,1.803208
479,4.4100775718688965,-6.926689147949219,61.272342681884766,-1.0326092693693543,-16.11835201594805,-105.22825092146023,-29.345076,22.366587,-17.549034,63.485176,-19.381899,-15.000033,18.360655,-50.41132,-28.192911,55.200603,-22.970272,15.000033,6.9484262,-5.7842345,28.50243,-70.36325,27.551493,-30.156599,-11.21577,37.445385,-15.7175045,21.461924,-46.468704,-26.68922,5.3075514,-41.629284,-23.33773,-0.7035076,2.2647588
480,4.737339973449707,-7.100649833679199,61.71281433105469,-1.1226761430644439,-15.912967328891622,-104.8553135707471,-29.216951,21.870583,-17.393755,62.964172,-19.04107,-15.000033,19.287207,-50.26521,-29.260294,53.787075,-21.526447,15.000033,7.36053,-5.8609595,28.500978,-70.78418,26.417242,-30.097408,-10.709208,37.447906,-15.7122965,21.421137,-46.496826,-27.518492,4.4495564,-41.856804,-23.274563,-0.45390773,2.6593308
481,5.072317123413086,-7.263117790222168,62.219268798828125,-1.0744111377900913,-15.633416454284264,-104.59693917387796,-28.864597,21.393938,-16.945791,62.029007,-18.66252,-15.000033,20.020378,-50.296753,-30.273657,52.340652,-19.955044,15.000033,7.7722597,-5.9456334,28.438143,-71.16124,25.438215,-29.99782,-10.212678,37.59123,-15.68487,21.338085,-46.569675,-28.17956,3.829741,-42.021328,-23.348158,-0.28575632,3.000791
482,5.419434070587158,-7.4214019775390625,62.79661178588867,-0.9204675681975464,-15.312289920388196,-104.4324211372842,-28.347475,20.924171,-16.287481,60.805218,-18.190067,-15.000033,20.597189,-50.43831,-31.2251,50.87636,-18.289093,15.000033,8.139854,-6.044486,28.344429,-71.44424,24.639898,-29.844305,-9.770954,37.794525,-15.621972,21.254257,-46.777527,-28.665579,3.4418898,-42.064053,-23.544346,-0.1694162,3.3268702
483,5.772669792175293,-7.57071590423584,63.42374038696289,-0.6106156583958382,-14.963286172390086,-104.31528358932027,-27.700207,20.358662,-15.441134,59.348858,-17.59529,-15.000033,21.04783,-50.723072,-32.03712,49.484344,-16.797094,15.000033,8.436111,-6.2406554,28.234032,-71.59204,24.023323,-29.649706,-9.417664,37.945713,-15.561377,21.146328,-47.106323,-28.98264,3.283632,-41.99029,-23.805939,-0.08800608,3.5962617
484,6.135870933532715,-7.719563007354736,64.08425903320312,-0.09637661149537288,-14.601488685519149,-104.19964408605469,-26.954275,19.592087,-14.432921,57.70954,-16.848093,-15.000033,21.396578,-51.22313,-32.642487,48.285328,-15.744198,15.000033,8.642626,-6.613613,28.124517,-71.583694,23.567368,-29.428576,-9.172965,37.936573,-15.542107,20.989807,-47.530636,-29.1454,3.338252,-41.810265,-24.070522,-0.022513226,3.765124
485,6.5077714920043945,-7.880478382110596,64.75460815429688,0.8526294263946186,-14.269482153752227,-104.05546552176789,-25.986177,18.37046,-13.090336,55.839554,-15.947092,-15.000033,21.827005,-52.458126,-33.21506,47.449905,-15.298408,15.000033,8.753156,-7.3680015,28.064548,-71.39901,23.254297,-29.195297,-9.01328,37.716125,-15.586359,20.764782,-48.00312,-29.15531,3.6422374,-41.541134,-24.315733,0.028355066,3.7833252
486,6.8904595375061035,-8.033613204956055,65.43560791015625,2.083258181769335,-13.945955183045841,-103.92817447478353,-24.82576,16.883518,-11.522335,53.666122,-14.875069,-15.000033,22.129538,-54.26107,-33.800106,47.09457,-15.366079,14.293238,8.79447,-8.345876,28.022957,-71.06764,23.078674,-28.944407,-8.922245,37.352524,-15.668593,20.48717,-48.52736,-29.01473,4.1726704,-41.190514,-24.566366,0.05643865,3.6872108
487,7.2109246253967285,-8.060007095336914,66.21578216552734,1.9421537422145796,-13.186545760644165,-104.21134510591837,-24.350954,17.093935,-10.781633,51.436058,-13.679196,-15.000033,20.414223,-54.078278,-33.712177,47.067825,-15.939275,7.885677,9.026426,-7.946335,27.420088,-70.60975,23.030706,-28.626112,-8.98829,36.958286,-15.751859,20.207142,-49.030052,-28.765749,4.8304267,-40.90713,-24.870602,0.05838282,3.5656617
488,7.525590896606445,-8.03796100616455,66.99373626708984,1.7914690955430077,-12.433802119758404,-104.42328667935301,-23.890936,17.239826,-10.138438,49.091667,-12.302386,-15.000033,18.55438,-53.402534,-32.942574,46.86855,-16.214191,3.9688191,9.149443,-7.5700254,26.884333,-70.174286,23.081919,-28.284496,-9.145308,36.5325,-15.815688,19.922728,-49.650524,-28.42562,5.4848666,-40.543163,-25.2161,0.06633728,3.4762473
489,7.822298049926758,-7.967778205871582,67.77528381347656,1.616199965032779,-11.680836535261854,-104.56458003915314,-23.466063,17.328384,-9.646685,46.607,-10.682835,-15.000033,16.668297,-51.910824,-31.256876,46.042484,-15.916459,3.635224,9.182531,-7.1945596,26.429085,-69.78309,23.200207,-27.933113,-9.367296,36.06702,-15.867715,19.623747,-50.370907,-27.997826,6.11346,-40.118362,-25.610943,0.08173302,3.4282186
490,8.113692283630371,-7.864564895629883,68.55827331542969,1.423405590464192,-10.909160714895727,-104.67321276493223,-23.060793,17.397062,-9.2426,43.971516,-8.854879,-15.000033,14.798801,-49.82731,-28.950739,44.777954,-15.360743,5.5908756,9.162679,-6.8034444,26.014156,-69.42853,23.365788,-27.579317,-9.622329,35.547813,-15.918174,19.303852,-51.14002,-27.48275,6.74817,-39.653694,-26.043818,0.09882242,3.384148
491,8.40335464477539,-7.723988056182861,69.32962036132812,1.2468769013367609,-10.156710130171131,-104.71667133623653,-22.649267,17.407566,-8.873926,41.260826,-6.932217,-15.000033,13.1011095,-47.61523,-26.593678,43.54658,-14.814253,8.338298,9.0621805,-6.444143,25.656868,-69.17544,23.568913,-27.222956,-9.8821745,35.02614,-15.945223,18.992792,-51.981697,-26.900757,7.3479247,-39.11393,-26.491163,0.118568115,3.350191
492,8.684398651123047,-7.559821605682373,70.08184051513672,1.1211286640985465,-9.461435178277656,-104.66275852726596,-22.196758,17.316975,-8.495277,38.529648,-5.015706,-15.000033,11.601838,-45.73274,-24.658949,42.84274,-14.380085,10.398382,8.856205,-6.1550035,25.379583,-69.08137,23.803442,-26.864006,-10.135839,34.551384,-15.92721,18.722075,-52.908096,-26.281633,7.874331,-38.478516,-26.93366,0.1449202,3.3272398
493,8.97546672821045,-7.382501125335693,70.8066177368164,1.0601884536764794,-8.827893080542216,-104.46103264950672,-21.63464,17.058205,-8.089508,35.527107,-2.9032369,-15.000033,10.206638,-44.144775,-23.016802,42.7777,-13.960903,11.604466,8.508255,-5.9472685,25.204983,-69.17185,24.059273,-26.507225,-10.389009,34.147537,-15.843199,18.484346,-53.93703,-25.647055,8.296337,-37.733833,-27.340633,0.18686283,3.3145468
494,9.269767761230469,-7.195011615753174,71.49327087402344,1.0399537045782383,-8.240428782292266,-104.14924831462167,-20.969494,16.681314,-7.6956086,32.24634,-0.5756128,-15.000033,8.873202,-42.620735,-21.452875,43.11274,-13.528304,12.700403,8.06091,-5.774791,25.124578,-69.43154,24.322441,-26.158552,-10.636233,33.787537,-15.711109,18.271132,-55.027172,-24.998146,8.637451,-36.92255,-27.740479,0.24529383,3.302371
495,9.573067665100098,-7.014427185058594,72.12288665771484,1.0228809872279219,-7.708778391276283,-103.82178307927987,-20.295498,16.303349,-7.363409,29.152796,1.5371771,-15.000033,7.6373916,-41.326595,-20.246435,43.803497,-13.130487,13.579074,7.5923524,-5.6013255,25.105045,-69.85207,24.59347,-25.818422,-10.843931,33.43788,-15.569465,18.109571,-56.179565,-24.349949,8.909598,-36.036068,-28.13645,0.30462644,3.2879539
496,9.8699312210083,-6.846689224243164,72.69218444824219,0.9871171137774246,-7.236586482277437,-103.56457638028057,-19.746374,16.024857,-7.130689,26.77662,2.9816027,-15.000033,6.5378556,-40.45735,-19.681593,44.786125,-12.795341,14.112858,7.171817,-5.403145,25.114206,-70.40955,24.883158,-25.483124,-10.995027,33.064213,-15.4559965,18.026089,-57.39627,-23.726788,9.124788,-35.071213,-28.523926,0.35055968,3.2652419
497,10.160613059997559,-6.662013530731201,73.211181640625,0.9213768858089265,-6.814872833506578,-103.36779807318011,-19.393354,15.868376,-7.0236206,25.23431,3.5145047,-15.000033,5.625365,-40.200596,-20.07289,46.146675,-12.546125,14.169672,6.8022084,-5.1634235,25.153074,-71.122604,25.198416,-25.152763,-11.118661,32.57749,-15.390442,18.060064,-58.658405,-23.139536,9.288993,-34.05516,-29.028849,0.4034677,3.285467
498,10.4481840133667,-6.471133232116699,73.66886138916016,0.848984314924512,-6.442214341859154,-103.18818102846825,-19.184347,15.762776,-7.011769,24.305704,3.3885868,-15.000033,4.8807507,-40.456184,-21.186613,47.8804,-12.352875,13.809333,6.441099,-4.911081,25.240498,-71.98379,25.539164,-24.828697,-11.22937,32.02386,-15.350866,18.18691,-59.992813,-22.595726,9.386039,-32.972237,-29.585325,0.46311626,3.3305726
499,10.741303443908691,-6.2824530601501465,74.06249237060547,0.8097705297628128,-6.127879679772011,-103.05643881316345,-19.091095,15.660844,-7.0405545,24.04858,2.895729,-15.000033,4.2279,-41.000725,-22.486156,49.78706,-12.162706,13.195238,6.123386,-4.682191,25.380827,-72.935905,25.902552,-24.513958,-11.31416,31.550152,-15.312071,18.338842,-61.326256,-22.085052,9.450005,-31.886402,-30.027266,0.5003644,3.2717547
500,11.044682502746582,-6.0923590660095215,74.4002456665039,0.834972963617171,-5.881560650819566,-103.00691196389396,-19.083883,15.524471,-7.0627937,24.518349,2.3297215,-15.000033,3.5427392,-41.58071,-23.410408,51.66321,-11.902772,12.523745,5.887259,-4.5072837,25.57319,-73.91765,26.283976,-24.209206,-11.360618,31.304388,-15.247574,18.447367,-62.570942,-21.579784,9.525311,-30.874493,-30.208973,0.49000692,2.9831264
501,11.347403526306152,-5.900647163391113,74.68069458007812,0.9322801502430683,-5.705018225565913,-103.05710256021645,-19.222534,15.359254,-7.064838,25.937239,1.6626105,-15.000033,2.761687,-42.21697,-23.90511,53.557056,-11.584664,11.703965,5.7387395,-4.408257,25.80759,-74.99284,26.705008,-23.917433,-11.32249,31.397701,-15.1388,18.479902,-63.809822,-21.085875,9.607281,-29.833763,-29.880064,0.3900845,2.3318074
502,11.646791458129883,-5.706583499908447,74.89679718017578,1.0767814579491668,-5.597514952265641,-103.19024547943368,-19.47756,15.208044,-7.0777507,28.173826,0.78781754,-15.000033,1.9532895,-43.005264,-24.228992,55.535583,-11.237339,10.676902,5.6664042,-4.3486423,26.093761,-76.14212,27.166693,-23.63187,-11.248162,31.731207,-15.001513,18.478752,-65.01336,-20.587639,9.711396,-28.80615,-29.243896,0.22362967,1.4142978
503,11.942838668823242,-5.521483898162842,75.0449447631836,1.2470826916636684,-5.561251837473668,-103.39084954090877,-19.68819,15.082356,-7.1228747,30.754509,-0.11646175,-15.000033,1.1365675,-43.770355,-24.263496,57.423004,-10.780697,9.725408,5.637235,-4.313702,26.41546,-77.230644,27.659292,-23.340939,-11.1599865,32.112286,-14.864949,18.47492,-66.15871,-20.082867,9.796896,-27.843258,-28.616007,0.033191852,0.488647
504,12.238513946533203,-5.355624675750732,75.12715148925781,1.4332439238860661,-5.594684104972724,-103.64067714069738,-19.716091,14.971359,-7.2163863,33.240154,-0.8873329,-15.000033,0.32136205,-44.33451,-23.88761,59.045322,-10.122984,9.149643,5.621929,-4.2903743,26.762577,-78.11901,28.1495,-23.03387,-11.093264,32.367943,-14.757632,18.50325,-67.181305,-19.560925,9.839832,-27.041908,-28.344936,-0.11771589,-0.19900061
505,12.537628173828125,-5.197270393371582,75.15191650390625,1.6416508718936706,-5.728595041645208,-103.94861511961449,-19.554163,14.871975,-7.327302,35.750153,-1.4157826,-15.000033,-0.49902165,-44.61431,-22.985847,60.35602,-9.175301,9.096462,5.6356916,-4.2867594,27.159525,-78.829895,28.612654,-22.725992,-10.991604,32.441315,-14.683202,18.595886,-68.0919,-19.020641,9.82115,-26.423437,-28.5911,-0.2053233,-0.5837713
506,12.837833404541016,-5.0486836433410645,75.11750793457031,1.8744120503240667,-5.952054712885052,-104.32352009160677,-19.255865,14.790596,-7.4515996,38.42124,-1.8020984,-15.000033,-1.3353239,-44.674664,-21.63957,61.44429,-8.001976,9.423763,5.6962385,-4.302504,27.59895,-79.44136,29.03856,-22.426128,-10.823498,32.443405,-14.629236,18.72582,-68.90763,-18.46478,9.757128,-25.941818,-29.15627,-0.25978416,-0.7964837
507,13.137748718261719,-4.914341449737549,75.03012084960938,2.1153344784076737,-6.197321932086715,-104.74241493098042,-18.804798,14.7043085,-7.6384444,40.893112,-2.2188437,-15.000033,-2.1901035,-44.568317,-20.020521,62.356625,-6.7407827,10.0011425,5.780993,-4.3258243,28.011543,-79.92411,29.424112,-22.116894,-10.642518,32.42324,-14.60233,18.835802,-69.5873,-17.900011,9.652106,-25.574219,-29.822466,-0.29784045,-0.87968636
508,13.43566608428955,-4.805121421813965,74.89041137695312,2.349980628371264,-6.395500409326282,-105.17964729557627,-18.199938,14.580195,-7.9408116,42.833237,-2.85336,-15.000033,-3.0671363,-44.365414,-18.30682,63.138332,-5.52722,10.679678,5.8692393,-4.34583,28.330246,-80.241875,29.770567,-21.77725,-10.516865,32.425053,-14.608671,18.869345,-70.07724,-17.328968,9.519884,-25.307903,-30.384993,-0.33488563,-0.87862605
509,13.724470138549805,-4.721122741699219,74.69842529296875,2.565101788050942,-6.542746486141784,-105.65030769716826,-17.402765,14.419131,-8.440034,44.260216,-3.7387865,-15.000033,-4.0419655,-43.926563,-16.264805,63.781948,-4.160204,11.508405,5.96341,-4.3497467,28.543821,-80.3385,30.068674,-21.37586,-10.460385,32.447613,-14.671723,18.787188,-70.34739,-16.745655,9.355725,-25.156223,-30.820995,-0.37260696,-0.7533292
510,14.024551391601562,-4.654483318328857,74.4524154663086,2.7693829277671247,-6.667792610265382,-106.16108366934165,-16.439116,14.231752,-9.081521,45.34303,-4.7935038,-15.000033,-5.049591,-43.234886,-13.912659,64.276085,-2.66741,12.56264,6.077854,-4.3427677,28.681578,-80.254585,30.318464,-20.930521,-10.436685,32.463917,-14.781968,18.626343,-70.426994,-16.152195,9.155748,-25.121624,-31.231106,-0.40634707,-0.49606907
511,14.322778701782227,-4.615018367767334,74.14289093017578,2.981772792196443,-6.753728748328089,-106.66881151851453,-15.414842,13.993094,-9.719335,45.987514,-6.0362735,-15.000033,-5.9289145,-42.614452,-11.787803,64.6584,-1.5073588,13.675972,6.182809,-4.3520784,28.74826,-80.07522,30.529053,-20.488342,-10.442616,32.51875,-14.8935375,18.44943,-70.370285,-15.559908,8.945747,-25.169893,-31.583128,-0.43837819,-0.20491403
512,14.61646842956543,-4.592361927032471,73.79031372070312,3.164523815093582,-6.763937616661775,-107.15838440714731,-14.470587,13.754682,-10.229085,46.123962,-7.5037146,-15.000033,-6.6092916,-42.382366,-10.442501,64.96587,-1.1120992,14.580131,6.2743087,-4.346598,28.724823,-79.87607,30.718348,-20.092716,-10.48843,32.65338,-14.9602995,18.319767,-70.23167,-14.98969,8.749484,-25.272497,-31.835861,-0.469664,0.022445587
513,14.909523963928223,-4.590972423553467,73.39646911621094,3.3740677723852177,-6.688133234303436,-107.61661104489606,-13.510289,13.38626,-10.6769495,45.372746,-9.296421,-15.000033,-7.0676923,-42.8448,-10.137471,65.16324,-1.7518376,15.000033,6.342891,-4.3770423,28.599201,-79.61718,30.896877,-19.740747,-10.619653,32.900932,-14.950722,18.254898,-69.96277,-14.443749,8.567283,-25.453756,-31.932629,-0.4881648,0.13807295
514,15.185874938964844,-4.605099201202393,72.9676513671875,3.648538998857215,-6.562880042153876,-108.03563696202075,-12.488253,12.853707,-11.13983,43.877953,-11.366049,-15.000033,-7.3523927,-43.850452,-10.546553,65.24315,-3.122656,15.000033,6.3716617,-4.485429,28.406582,-79.26694,31.064186,-19.409586,-10.832674,33.228252,-14.894687,18.221312,-69.563675,-13.918548,8.392461,-25.716652,-31.901459,-0.4947317,0.19924526
515,15.447735786437988,-4.6117939949035645,72.51318359375,3.8953475715768366,-6.4052311396637345,-108.42263538308576,-11.646144,12.391566,-11.4737625,42.371822,-13.529856,-15.000033,-7.5394816,-44.985237,-11.293707,65.276695,-4.7777615,15.000033,6.379115,-4.584632,28.18098,-78.922325,31.229986,-19.113577,-11.060947,33.553036,-14.838764,18.2056,-69.1311,-13.432858,8.234889,-26.021748,-31.84261,-0.5075651,0.26410908
516,15.686985969543457,-4.59203577041626,72.02591705322266,4.040688834621988,-6.228545992993182,-108.77867161724532,-11.235497,12.210298,-11.458939,41.59233,-15.589586,-15.000033,-7.702699,-45.943317,-12.141426,65.34838,-6.2804275,15.000033,6.376223,-4.60865,27.960163,-78.6753,31.404755,-18.867521,-11.249545,33.797848,-14.828693,18.196688,-68.76002,-13.0178385,8.106282,-26.337336,-31.850588,-0.5427777,0.38794082
517,15.908624649047852,-4.549510955810547,71.50820922851562,4.029835643613661,-6.007156578007071,-109.06204511043191,-11.493855,12.441365,-10.857219,41.907776,-17.575409,-15.000033,-7.8613296,-46.6602,-13.105126,65.540504,-7.556786,15.000033,6.3275504,-4.5008955,27.722387,-78.547775,31.597822,-18.683504,-11.39858,33.922554,-14.886794,18.21256,-68.47966,-12.703187,8.007791,-26.667892,-31.956593,-0.61409205,0.6022652
518,16.098060607910156,-4.472519397735596,70.98542022705078,3.9236132904325953,-5.745035469046612,-109.28969856691268,-12.2255,12.955993,-9.810995,42.866253,-19.557907,-15.000033,-7.964358,-47.300774,-14.286475,65.79102,-8.82432,15.000033,6.249481,-4.309263,27.468239,-78.48173,31.8039,-18.54687,-11.55365,33.974377,-14.983571,18.254946,-68.22753,-12.4915085,7.9360824,-27.043198,-32.09705,-0.7049129,0.864836
519,16.26188087463379,-4.3628740310668945,70.47928619384766,3.830840703193896,-5.4973858032465195,-109.54328227765116,-13.043074,13.539106,-8.646653,43.989452,-21.398434,-15.000033,-8.003138,-47.915585,-15.558197,65.97332,-10.086634,15.000033,6.2297435,-4.1416407,27.261133,-78.46511,32.01557,-18.437757,-11.705745,33.99142,-15.089695,18.285976,-67.962074,-12.375324,7.879865,-27.461157,-32.218815,-0.7893232,1.1254935
520,16.403226852416992,-4.225464820861816,70.01221466064453,3.8604330542099365,-5.3121925443296485,-109.89478785142539,-13.57771,13.9452095,-7.683281,44.795395,-22.948122,-15.000033,-7.9835796,-48.556767,-16.792366,65.95929,-11.343204,15.000033,6.338951,-4.111378,27.159832,-78.47554,32.21454,-18.334581,-11.850524,34.033173,-15.174277,18.268984,-67.64074,-12.332766,7.8353605,-27.921114,-32.27887,-0.84015846,1.3325427
521,16.50626564025879,-4.071026802062988,69.60401153564453,4.10547646899533,-5.200969027426861,-110.36133228024937,-13.730595,14.016649,-6.9920974,45.142834,-24.177362,-15.000033,-7.862378,-49.35729,-18.096237,65.6718,-12.669384,15.000033,6.6143074,-4.3225985,27.201254,-78.55435,32.39445,-18.24664,-11.9599695,34.126915,-15.232242,18.176062,-67.2508,-12.36343,7.7929754,-28.44553,-32.267178,-0.8566543,1.4493784
522,16.57440757751465,-3.91080904006958,69.25938415527344,4.487863760308014,-5.127210723766283,-110.90294926192874,-13.71244,13.900521,-6.4111733,45.290863,-25.159689,-15.000033,-7.6698446,-50.229916,-19.479969,65.194786,-14.029414,15.000033,7.0127163,-4.6939445,27.33936,-78.70658,32.554882,-18.186075,-12.034779,34.241703,-15.279752,18.03219,-66.808525,-12.47148,7.7534995,-29.029268,-32.211464,-0.85229504,1.5131955
523,16.613555908203125,-3.7613027095794678,68.97888946533203,4.86222804768798,-5.070850663409451,-111.49801721932765,-13.615445,13.785763,-5.9083915,45.358685,-25.91172,-15.000033,-7.523431,-50.91997,-20.67194,64.63259,-15.261572,15.000033,7.478963,-5.0655746,27.501907,-78.868095,32.69165,-18.139051,-12.099078,34.336388,-15.320419,17.877579,-66.32319,-12.636862,7.7239223,-29.618519,-32.12848,-0.8240655,1.5876333
524,16.632591247558594,-3.619033098220825,68.76103973388672,5.08710960364271,-5.022111887433222,-112.12245185961903,-13.521063,13.870057,-5.443715,45.46351,-26.4271,-15.000033,-7.533995,-51.19582,-21.40131,64.093094,-16.226656,15.000033,7.9449916,-5.2813077,27.618464,-78.97082,32.800053,-18.089417,-12.176531,34.379005,-15.357408,17.751043,-65.8186,-12.824924,7.7095604,-30.148888,-32.033558,-0.770914,1.7386128
525,16.625961303710938,-3.4830386638641357,68.6080093383789,5.123585063867334,-5.00761719939504,-112.80513050275196,-13.442624,14.211961,-5.0238504,45.720978,-26.68816,-15.000033,-7.6983714,-50.974377,-21.57345,63.536846,-16.946692,15.000033,8.435238,-5.309527,27.691782,-79.02056,32.878845,-18.037315,-12.244376,34.335896,-15.399504,17.64794,-65.26661,-13.015889,7.691557,-30.610273,-31.921505,-0.6853423,2.019192
526,16.583383560180664,-3.334348201751709,68.53455352783203,5.049274492811155,-5.033670283657159,-113.54400696355701,-13.327368,14.709255,-4.6665854,46.036446,-26.695639,-15.000033,-7.946738,-50.406597,-21.353144,62.927555,-17.494644,15.000033,8.964099,-5.2354336,27.7512,-79.052536,32.935413,-17.993103,-12.289484,34.22899,-15.442863,17.550562,-64.672066,-13.207235,7.671003,-31.025415,-31.800222,-0.57386434,2.3875723
527,16.491668701171875,-3.182819128036499,68.54985809326172,4.891434916225374,-5.0675457005619915,-114.26908294169529,-13.146392,15.311252,-4.3509064,46.2112,-26.49452,-15.000033,-8.268977,-49.625305,-20.884233,62.36804,-17.804163,15.000033,9.437804,-5.079467,27.766562,-79.031395,32.980034,-17.951479,-12.3505745,34.11931,-15.471773,17.47867,-64.12474,-13.385375,7.6947865,-31.362858,-31.70546,-0.45647353,2.7675717
528,16.365039825439453,-3.0288662910461426,68.64862823486328,4.676829102767374,-5.072087758934453,-114.91134459236251,-12.872303,15.959523,-4.0512705,46.04776,-26.131548,-15.000033,-8.667455,-48.760494,-20.305157,61.96147,-17.806255,15.000033,9.764843,-4.86335,27.702747,-78.92858,33.035385,-17.906668,-12.462786,34.049576,-15.472311,17.449009,-63.718044,-13.529008,7.806227,-31.583902,-31.67396,-0.35684103,3.0876212
529,16.22112274169922,-2.8859565258026123,68.8163070678711,4.3851064040669225,-5.038181496770302,-115.47507498663758,-12.443282,16.669048,-3.736008,45.40827,-25.625109,-15.000033,-9.17971,-47.800114,-19.6087,61.752296,-17.410982,15.000033,9.908482,-4.5645485,27.53145,-78.662735,33.113655,-17.822588,-12.671217,34.04856,-15.427818,17.49456,-63.47575,-13.616789,8.050366,-31.66281,-31.749846,-0.2816397,3.3570879
530,16.06643295288086,-2.746138334274292,69.04315948486328,4.0078925168515696,-4.98586838144604,-115.99174828238202,-11.891939,17.45726,-3.4201806,44.425377,-24.949541,-15.000033,-9.783257,-46.68955,-18.757706,61.679398,-16.677773,15.000033,9.907645,-4.1791067,27.273998,-78.24437,33.24359,-17.690462,-12.974086,34.061672,-15.351296,17.593542,-63.367493,-13.646766,8.408994,-31.606886,-31.907545,-0.22051747,3.606215
531,15.896418571472168,-2.598466634750366,69.31973266601562,3.590272947347136,-4.918986272962541,-116.43384598677683,-11.338344,18.271044,-3.1442997,43.313156,-24.08479,-15.000033,-10.408283,-45.493103,-17.828503,61.684063,-15.760898,15.000033,9.776062,-3.7675688,26.97928,-77.779945,33.432552,-17.570942,-13.323853,34.070087,-15.265847,17.691095,-63.397545,-13.617699,8.825907,-31.444069,-32.07535,-0.17111382,3.7937195
532,15.699657440185547,-2.4310595989227295,69.6330337524414,3.1747661223511328,-4.8412153486581415,-116.77310975496853,-10.907458,19.058802,-2.9558167,42.287003,-23.010963,-15.000033,-10.99339,-44.280113,-16.88329,61.709232,-14.813458,15.000033,9.530139,-3.3815007,26.702059,-77.359474,33.69029,-17.512356,-13.695476,34.054035,-15.194475,17.73295,-63.563805,-13.54697,9.252014,-31.210684,-32.17931,-0.124987096,3.8706002
533,15.475363731384277,-2.249535083770752,69.98387145996094,2.7745812858530225,-4.74745626006766,-116.96287498743091,-10.60225,19.77816,-2.9132304,41.288193,-21.680243,-15.000033,-11.563988,-43.100452,-15.930746,61.85897,-13.745178,15.000033,9.142151,-3.0423427,26.442652,-77.06239,34.05059,-17.551146,-14.0586,33.9248,-15.157422,17.67509,-63.901108,-13.466169,9.674709,-30.902636,-32.16309,-0.077586345,3.7903616
534,15.223318099975586,-2.0512259006500244,70.36927032470703,2.3577437742526803,-4.631401382451139,-117.03638212890498,-10.384572,20.475094,-2.9791143,40.24716,-20.11967,-15.000033,-12.165558,-41.88318,-14.927685,62.119564,-12.498042,15.000033,8.594507,-2.714782,26.187391,-76.743835,34.496323,-17.633408,-14.506667,33.772514,-15.129274,17.565119,-64.40134,-13.367762,10.138704,-30.521246,-32.062862,-0.027694698,3.578637
535,14.940767288208008,-1.832878828048706,70.77918243408203,1.9103405591714018,-4.498837192200977,-117.079937012491,-10.31252,21.227272,-3.0611696,39.361523,-18.422176,-15.000033,-12.744034,-40.530342,-13.86418,62.260544,-11.290451,15.000033,8.023655,-2.3587127,25.935162,-76.471535,35.028793,-17.739017,-14.955274,33.57632,-15.089572,17.462782,-64.93803,-13.244025,10.596404,-30.108562,-31.961199,0.014926313,3.323046
536,14.625345230102539,-1.5822621583938599,71.20065307617188,1.4276656521298166,-4.362134537775283,-117.17434802696961,-10.43173,22.104193,-3.0709138,38.824657,-16.678898,-15.000033,-13.2097,-38.97998,-12.74328,62.057114,-10.366475,15.000033,7.524521,-1.9488837,25.701218,-76.21223,35.623756,-17.836052,-15.395952,33.41078,-15.009365,17.436115,-65.416275,-13.073666,11.015174,-29.69505,-31.926048,0.04274093,3.1066105
537,14.282928466796875,-1.3100085258483887,71.62454986572266,0.8944948171105447,-4.2259443918015105,-117.32387950196585,-10.753526,23.114668,-3.076876,38.64291,-14.744903,-15.000033,-13.522462,-37.04703,-11.39771,61.420116,-9.82722,15.000033,7.1212573,-1.4744759,25.492357,-76.027374,36.27699,-17.971926,-15.786849,33.295525,-14.870502,17.50742,-65.84743,-12.846178,11.368494,-29.268879,-31.993078,0.050398994,2.9540434
538,13.925945281982422,-1.0274746417999268,72.04411315917969,0.32494511787795066,-4.095615641994748,-117.4794408631093,-11.248681,24.215477,-3.118189,38.723255,-12.622481,-15.000033,-13.675133,-34.85215,-9.883914,60.48391,-9.567175,15.000033,6.7490783,-0.9611166,25.310246,-75.915855,36.987907,-18.15763,-16.13551,33.20792,-14.69127,17.639767,-66.27667,-12.561087,11.674243,-28.811686,-32.12246,0.0409592,2.82399
539,13.556464195251465,-0.7342910170555115,72.44125366210938,-0.23892981386854933,-3.9831552172754217,-117.64488528366046,-11.886036,25.391895,-3.0729825,39.10786,-10.643407,-15.000033,-13.65303,-32.803165,-8.518132,59.36007,-9.508736,15.000033,6.3968067,-0.43273592,25.152527,-75.81382,37.740604,-18.313725,-16.450304,33.10869,-14.505235,17.805471,-66.6511,-12.216141,11.962955,-28.335545,-32.284794,0.018623512,2.704544
540,13.176695823669434,-0.44620072841644287,72.80155944824219,-0.7622953342326161,-3.892905212977598,-117.83957346389617,-12.631566,26.644377,-2.8112085,39.838184,-9.133737,-15.000033,-13.502631,-31.28652,-7.6078286,58.156586,-9.533828,15.000033,6.070411,0.097770736,25.006777,-75.652,38.51127,-18.353065,-16.737965,32.961384,-14.34796,17.974638,-66.91757,-11.80945,12.270657,-27.849989,-32.455555,-0.012004923,2.5835993
541,12.786635398864746,-0.16512173414230347,73.11312866210938,-1.2951761571419116,-3.827311921633459,-118.10543440251405,-13.522201,28.139202,-2.2544296,41.0433,-8.144258,-15.000033,-13.236636,-30.28951,-7.253543,56.8438,-9.722153,15.000033,5.8151503,0.69308645,24.870878,-75.44493,39.287308,-18.247202,-16.979244,32.765583,-14.233662,18.133135,-67.07597,-11.342697,12.599437,-27.331707,-32.618584,-0.05621411,2.4445508
542,12.385209083557129,0.09918061643838882,73.36576843261719,-1.845024417990919,-3.7950971635827666,-118.44642155232748,-14.512273,29.847149,-1.5219313,42.65063,-7.550487,-15.000033,-12.857649,-29.600204,-7.260086,55.37585,-10.080703,15.000033,5.644218,1.3586795,24.757393,-75.21721,40.066727,-18.0395,-17.169897,32.542286,-14.144813,18.295317,-67.146965,-10.818165,12.935272,-26.780277,-32.79545,-0.11348922,2.2980769
543,11.984458923339844,0.34935370087623596,73.55377197265625,-2.3195508578576796,-3.795399345218632,-118.82359111738538,-15.450296,31.480501,-0.7331075,44.40236,-7.4079947,-15.000033,-12.42169,-29.305643,-7.525156,53.83898,-10.369206,15.000033,5.509,1.9881874,24.661999,-74.91561,40.84113,-17.74946,-17.335468,32.290382,-14.06929,18.474857,-67.12027,-10.241442,13.284107,-26.233385,-33.003464,-0.17253299,2.17536
544,11.608027458190918,0.5752336978912354,73.67650604248047,-2.6173245242944843,-3.8086129219544844,-119.17566443632286,-16.224785,32.736153,0.03716822,46.050907,-7.733838,-15.000033,-11.99017,-29.524656,-7.97388,52.33502,-10.365369,15.000033,5.3420415,2.4650466,24.566156,-74.48702,41.598442,-17.393303,-17.50084,32.009693,-13.995735,18.684618,-66.983284,-9.619769,13.653439,-25.733078,-33.263138,-0.2216027,2.1058547
545,11.246325492858887,0.7762593030929565,73.73758697509766,-2.6371652101119456,-3.8173003131205983,-119.46387148719226,-16.819479,33.50308,0.9393768,47.61941,-8.702963,-15.000033,-11.592307,-30.58242,-8.79038,50.964615,-10.078099,15.000033,5.1105,2.704047,24.4516,-73.92215,42.32287,-16.971033,-17.64922,31.669935,-13.918921,18.96201,-66.73315,-8.956037,14.056185,-25.27267,-33.602222,-0.24942702,2.0901303
546,10.899633407592773,0.9673877358436584,73.73621368408203,-2.454959875356601,-3.8329111427810156,-119.70915304727967,-17.289248,33.9592,2.0008445,49.21903,-10.230536,-15.000033,-11.163508,-32.30521,-10.03035,49.67244,-9.668596,15.000033,4.8459153,2.7828908,24.327164,-73.26277,43.006905,-16.481651,-17.759666,31.285799,-13.847625,19.28809,-66.373985,-8.253472,14.485144,-24.838812,-34.002922,-0.2652638,2.1137762
547,10.546977043151855,1.160611867904663,73.6832046508789,-2.2272850047952497,-3.860126970339287,-119.93138863768222,-17.690313,34.210724,2.9637027,50.751404,-11.921469,-15.000033,-10.665314,-34.08739,-11.3916855,48.336098,-9.105638,15.000033,4.569326,2.8225698,24.199574,-72.53156,43.654633,-15.938142,-17.860128,30.922798,-13.789705,19.592234,-65.90463,-7.5225606,14.918334,-24.468555,-34.41424,-0.28797433,2.1831472
548,10.180691719055176,1.3630114793777466,73.57784271240234,-2.1043176599106763,-3.8884829495826168,-120.16493242835564,-18.101767,34.356304,3.5668483,52.116375,-13.374438,-15.000033,-10.11787,-35.331764,-12.496148,46.810852,-8.277546,15.000033,4.3137813,2.9422448,24.067112,-71.7452,44.277107,-15.350173,-17.984035,30.643826,-13.751291,19.804918,-65.31885,-6.7769165,15.33549,-24.20671,-34.784473,-0.33548847,2.3033156
549,9.807984352111816,1.5828443765640259,73.43539428710938,-2.101286554742391,-3.906710156192452,-120.41543980165862,-18.561237,34.346703,3.7194955,53.298473,-14.619676,-15.000033,-9.544623,-35.990482,-13.291391,44.969074,-6.8501887,15.000033,4.0896435,3.1520774,23.91737,-70.89721,44.871647,-14.705019,-18.134222,30.47438,-13.740372,19.883545,-64.59192,-6.0232797,15.733786,-24.082043,-35.084873,-0.41385558,2.5104477
550,9.426534652709961,1.8089298009872437,73.2552261352539,-2.1392375287516745,-3.9133579336761417,-120.66400879245504,-19.051357,34.129635,3.5710106,54.35576,-15.823707,-15.000033,-8.9639635,-36.347427,-13.917412,42.912193,-4.9379497,15.000033,3.881055,3.3927808,23.751009,-69.98455,45.433517,-14.001851,-18.29689,30.376244,-13.750126,19.874216,-63.73014,-5.2636743,16.127361,-24.072256,-35.34308,-0.51253504,2.7878218
551,9.046549797058105,2.0396337509155273,73.03985595703125,-2.233330187378067,-3.91311439939871,-120.9147743798102,-19.56997,33.802025,3.2205186,55.29414,-16.787748,-15.000033,-8.408081,-36.33629,-14.228957,40.81211,-3.0561235,15.000033,3.6805468,3.676474,23.586039,-69.02873,45.976738,-13.267976,-18.483067,30.320293,-13.762321,19.841238,-62.777534,-4.50401,16.5231,-24.149801,-35.588577,-0.62321633,3.0608013
552,8.663662910461426,2.2726387977600098,72.78362274169922,-2.3955802604849166,-3.910763882135912,-121.16993617351972,-20.105017,33.46721,2.7658837,56.110138,-17.313486,-15.000033,-7.880332,-35.907368,-14.100573,38.815712,-1.7109041,15.000033,3.4964643,4.0215845,23.430752,-67.97238,46.542126,-12.493252,-18.785656,30.244745,-13.757191,19.848227,-61.76849,-3.7580774,16.913338,-24.276377,-35.85303,-0.7389089,3.2569702
553,8.275604248046875,2.516918897628784,72.49488067626953,-2.645697157301656,-3.9085606074202253,-121.39603185327093,-20.66352,32.935287,2.011388,56.68765,-17.085554,-15.000033,-7.283976,-34.892536,-13.2848215,36.76845,-0.89329475,15.000033,3.253796,4.429337,23.322939,-66.872986,47.1289,-11.695614,-19.158848,30.180737,-13.714774,19.925184,-60.685326,-3.015411,17.319603,-24.49928,-36.14746,-0.8569476,3.3347824
554,7.895375728607178,2.77207088470459,72.18143463134766,-2.9633096395139003,-3.9297348297145454,-121.58101140121043,-21.199368,32.213703,0.99793327,57.06382,-16.327555,-15.000033,-6.5481105,-33.417774,-11.9073305,34.629646,-0.40913376,15.000033,2.966148,4.8870373,23.262758,-65.65776,47.745235,-10.8338585,-19.650572,30.112837,-13.648771,20.033115,-59.516735,-2.27592,17.728258,-24.808746,-36.45565,-0.98277956,3.3427744
555,7.547775745391846,3.0181171894073486,71.87742614746094,-3.3078602514792035,-3.9933959652066906,-121.7679029206566,-21.673159,31.711975,0.14711393,57.464085,-15.597527,-15.000033,-5.768087,-31.832058,-10.3656845,32.72657,-0.51808715,15.000033,2.6702647,5.3621144,23.260157,-64.332634,48.411797,-9.913676,-20.231054,30.018448,-13.588697,20.148506,-58.34666,-1.5446321,18.155462,-25.143888,-36.743904,-1.10802,3.3225834
556,7.170000076293945,3.274062156677246,71.44535064697266,-3.6480200111158703,-4.083362524725875,-122.0231387891309,-22.120617,31.837524,-0.16814423,58.11714,-15.415699,-15.000033,-5.161439,-30.46635,-9.09548,31.405762,-1.4006114,15.000033,2.411956,5.8231573,23.299145,-62.94908,49.147354,-8.966748,-20.822285,29.893261,-13.562853,20.252962,-57.26095,-0.8248602,18.621244,-25.455275,-36.972553,-1.2231773,3.313782
557,6.7690582275390625,3.5405759811401367,70.91907501220703,-3.9820106376883544,-4.172794520509579,-122.36861342679492,-22.60454,32.88738,0.31012103,59.118576,-15.940538,-15.000033,-4.8198714,-29.342777,-8.205614,30.803564,-3.414681,15.000033,2.2287078,6.270636,23.332108,-61.534573,49.97016,-8.02138,-21.423363,29.721102,-13.580175,20.345528,-56.249992,-0.11188235,19.106783,-25.748226,-37.117397,-1.3204381,3.3209758
558,6.385895729064941,3.8024954795837402,70.347900390625,-4.323768059024377,-4.27025524430916,-122.7886415019015,-23.07993,34.60509,1.3091267,60.328915,-16.88543,-15.000033,-4.697578,-28.298134,-7.46392,30.774338,-6.3574395,15.000033,2.098131,6.712302,23.376438,-60.04533,50.88597,-7.045125,-22.069942,29.50262,-13.621768,20.439245,-55.27964,0.59945786,19.608465,-26.048208,-37.202145,-1.4063983,3.324431
559,6.04301643371582,4.049679756164551,69.76485443115234,-4.674943418603659,-4.39216635935629,-123.30377978521142,-23.460325,36.596024,2.4214067,61.606068,-18.043755,-15.000033,-4.834968,-27.320795,-6.750874,31.21746,-9.57864,15.000033,1.9974437,7.146354,23.481415,-58.370754,51.89339,-5.946773,-22.792013,29.246267,-13.675239,20.532677,-54.401997,1.2988156,20.164198,-26.324087,-37.260345,-1.4942621,3.329705
560,5.762703895568848,4.280139446258545,69.18055725097656,-5.044727925872921,-4.5455628969918305,-123.91936976958635,-23.728321,38.44389,3.218988,62.81183,-19.173744,-15.000033,-5.2486944,-26.390633,-5.969105,32.003128,-12.42311,15.000033,1.884053,7.5757737,23.693224,-56.382523,52.979816,-4.6168756,-23.622679,28.965311,-13.7289505,20.624392,-53.670826,1.9674052,20.815588,-26.552599,-37.319576,-1.5950078,3.3390956
561,5.522173881530762,4.49778938293457,68.58917236328125,-5.4905528207538365,-4.730404636507315,-124.70913792933462,-23.916729,40.19712,3.6071255,63.957996,-20.321148,-15.000033,-6.0035677,-25.439528,-5.1321807,33.14336,-14.801598,15.000033,1.8171487,8.1066675,24.018732,-53.991108,54.167233,-2.9468534,-24.641338,28.659267,-13.78581,20.660593,-53.14871,2.5798082,21.583109,-26.699678,-37.38309,-1.721432,3.3455796
562,5.317933559417725,4.706867694854736,68.03363037109375,-5.992781428690885,-4.942765146994286,-125.64391160153468,-24.052664,42.027805,3.7987304,65.09814,-21.56958,-15.000033,-7.069191,-24.478722,-4.3161306,34.67678,-17.014688,15.000033,1.74385,8.689553,24.464424,-51.23208,55.42711,-0.9659917,-25.787031,28.362576,-13.847827,20.667751,-52.802258,3.1449792,22.47382,-26.824186,-37.421944,-1.8569021,3.3383615
563,5.145646095275879,4.924675464630127,67.51628875732422,-6.455985205582704,-5.1738323581009755,-126.56453102870213,-24.168926,43.68787,3.8027456,66.163956,-22.701435,-15.000033,-8.287257,-23.597733,-3.5220237,36.473106,-18.990387,15.000033,1.5809625,9.162719,24.972614,-47.982178,56.70925,1.3625879,-27.069277,27.931437,-13.9105425,20.740602,-52.52449,3.6682277,23.41357,-26.954601,-37.450153,-1.9802711,3.3366332
564,5.003567218780518,5.1474456787109375,67.02299499511719,-6.78500554211466,-5.4062200223030255,-127.31341950422632,-24.299044,44.927536,3.6311789,67.096756,-23.500532,-15.000033,-9.495232,-22.899424,-2.7391484,38.41022,-20.666725,15.000033,1.1822424,9.315013,25.540009,-44.37274,57.880726,3.8721454,-28.302788,27.416468,-13.96995,20.987007,-52.198578,4.178384,24.385525,-27.183258,-37.467262,-2.0652242,3.3500524
565,4.873599529266357,5.37232780456543,66.52645874023438,-6.938864055250611,-5.629726703322753,-127.932851277138,-24.410374,45.656883,3.2885745,67.88959,-23.888744,-15.000033,-10.864209,-22.411438,-1.8067646,40.71643,-21.977198,15.000033,0.60954547,9.135003,26.132921,-40.450768,58.90629,6.5340114,-29.45398,26.736814,-14.048117,21.495428,-51.863224,4.6754265,25.333385,-27.423983,-37.473732,-2.1122015,3.3932638
566,4.764379978179932,5.547187805175781,66.09069061279297,-6.971042759591096,-5.852693643420467,-128.4784309736431,-24.50965,46.018684,2.781338,68.591156,-23.989952,-15.000033,-12.381191,-22.096205,-0.75772756,43.35371,-22.973375,15.000033,-0.062190384,8.727275,26.741495,-36.235947,59.780174,9.348727,-30.55714,25.924046,-14.151165,22.181278,-51.561535,5.1464314,26.256252,-27.640633,-37.478054,-2.1351848,3.4626236
567,4.667613983154297,5.648769855499268,65.75770568847656,-6.932029436579942,-6.083518858362953,-128.8152035086259,-24.665201,46.108303,2.1369793,69.22126,-23.896149,-15.000033,-13.627261,-21.970032,0.13327202,45.8055,-23.781261,15.000033,-0.84765047,8.0929985,27.328506,-31.92785,60.398758,12.083003,-31.533728,25.139297,-14.259755,22.876375,-51.159977,5.58061,27.157732,-27.949627,-37.511936,-2.1375659,3.55857
568,4.559000492095947,5.692780017852783,65.52027130126953,-6.879514749570486,-6.324281925981583,-128.8101844406867,-24.934444,46.015945,1.3760045,69.78246,-23.696434,-15.000033,-14.211981,-22.033607,0.5625547,47.561325,-24.51332,15.000033,-1.712335,7.265154,27.832027,-27.895655,60.604702,14.332407,-32.248768,24.596731,-14.349759,23.400776,-50.514675,5.9517994,28.016384,-28.441572,-37.614216,-2.1256814,3.6884744
569,4.419591426849365,5.693678379058838,65.36962127685547,-6.794838237826808,-6.5999343040666405,-128.38444953267177,-25.241566,45.709877,0.5679797,70.241356,-23.39539,-15.000033,-13.968972,-22.343746,0.40492442,48.456852,-25.187893,15.000033,-2.6373842,6.2396083,28.24386,-24.337404,60.273308,15.799521,-32.67329,24.424782,-14.430392,23.719213,-49.44311,6.219349,28.806604,-29.181353,-37.844326,-2.1159773,3.8700874
570,4.249168395996094,5.651566028594971,65.29403686523438,-6.661868776648592,-6.900991085416471,-127.62506561931181,-25.55224,45.149704,-0.29839906,70.599556,-22.955376,-15.000033,-13.134157,-22.86702,-0.18440719,48.77556,-25.743195,15.000033,-3.560813,5.0835137,28.560354,-21.247547,59.39195,16.491833,-32.883713,24.587004,-14.521756,23.899511,-48.0611,6.335293,29.509563,-30.072374,-38.169724,-2.102505,4.101462
571,4.064700603485107,5.586521148681641,65.28343200683594,-6.546077555776101,-7.173051735350949,-126.6463840180651,-25.987797,44.405033,-1.3350458,70.902985,-22.398031,-15.000033,-11.924569,-23.4563,-1.1062943,48.67862,-26.167334,15.000033,-4.373494,3.966852,28.719803,-18.54976,58.028873,16.601997,-32.997036,24.939974,-14.615349,23.914537,-46.664402,6.2494216,30.097576,-30.953053,-38.492596,-2.0574377,4.361245
572,3.882114887237549,5.484351634979248,65.32591247558594,-6.511077624989782,-7.359134827487543,-125.56274305143837,-26.664623,43.543705,-2.6502357,71.19892,-21.747969,-15.000033,-10.572058,-23.980257,-2.2409904,48.329704,-26.443813,15.000033,-4.992315,3.0311468,28.676302,-16.140085,56.29564,16.37173,-33.102406,25.315323,-14.698679,23.74572,-45.531853,5.9249263,30.557156,-31.703236,-38.71115,-1.9488823,4.622872
573,3.7044291496276855,5.343784809112549,65.41465759277344,-6.636584845478682,-7.4527711623005475,-124.41858795256728,-27.674393,42.747047,-4.350021,71.701256,-20.888298,-15.000033,-9.096931,-24.32729,-3.5745401,47.741505,-26.571617,15.000033,-5.399561,2.316563,28.409744,-14.025725,54.220367,15.8191395,-33.076527,25.721334,-14.750397,23.260492,-44.521065,5.3620324,30.965132,-32.418457,-38.76314,-1.7818167,4.821422
574,3.523527145385742,5.176581382751465,65.5525894165039,-6.86087250481879,-7.47485033696207,-123.14411773735816,-28.9079,41.89047,-6.3326263,72.31575,-19.834703,-15.000033,-7.3898273,-24.584291,-5.1627173,46.83624,-26.556332,15.000033,-5.669501,1.725282,27.970951,-12.127919,51.808056,14.91968,-32.98015,26.202255,-14.784883,22.519176,-43.53309,4.55996,31.312675,-33.18627,-38.707123,-1.563898,4.983609
575,3.354419708251953,4.973423957824707,65.74774169921875,-7.031012497238214,-7.4082247198593025,-121.68884657819159,-30.159767,40.627296,-8.381835,72.635,-18.830345,-15.000033,-5.484415,-24.91576,-6.988081,45.641563,-26.393278,15.000033,-5.881927,1.1635262,27.436844,-10.281141,49.168743,13.82506,-33.1003,26.65168,-14.828197,21.795555,-42.896706,3.4924526,31.49858,-33.905556,-38.614716,-1.2636211,5.214699
576,3.2118172645568848,4.735640048980713,65.9977798461914,-7.008699067818152,-7.252419775722852,-120.01020019235851,-31.205023,38.675194,-10.290355,72.25113,-18.146873,-15.000033,-3.3935149,-25.469023,-9.051015,44.18619,-26.078146,15.000033,-6.118534,0.5189912,26.896416,-8.361025,46.481304,12.681064,-33.68326,26.932293,-14.891302,21.370226,-42.913063,2.1281972,31.458529,-34.51447,-38.547123,-0.8470904,5.6148343
577,3.0858564376831055,4.468186855316162,66.30944061279297,-6.726636735479906,-7.039859390526325,-118.04492189909053,-31.85638,35.709362,-12.180685,70.97471,-18.008486,-15.000033,-0.961928,-26.292255,-11.463345,42.341393,-25.543917,15.000033,-6.422036,-0.33068523,26.381636,-6.375501,43.8779,11.481445,-34.72057,26.778492,-14.936721,21.397064,-43.543724,0.457803,31.203018,-35.27243,-38.697292,-0.2931647,6.443982
578,2.989511489868164,4.164775371551514,66.66154479980469,-6.28617710142462,-6.812791898138302,-115.87366113614534,-32.14774,32.06465,-14.19735,69.03179,-18.308783,-15.000033,1.8340172,-27.200811,-14.21105,40.12025,-24.800877,15.000033,-6.7040734,-1.321202,25.880163,-4.4743595,41.403736,10.114358,-35.98133,26.286182,-14.955608,21.715843,-44.59975,-1.5100994,30.803646,-36.21273,-38.968372,0.37418535,7.5652385
579,2.903744697570801,3.8310506343841553,67.02513122558594,-5.805112178747522,-6.564969150991188,-113.6494643676369,-32.289738,28.448755,-16.187572,66.63268,-18.761911,-15.000033,4.7619576,-28.016878,-17.118484,37.774536,-23.973726,15.000033,-6.8733077,-2.2790492,25.393194,-2.7948108,39.110218,8.553514,-37.337753,25.85351,-14.9977045,22.13109,-46.16774,-3.772819,30.331308,-36.9176,-38.98809,1.133368,8.469363
580,2.8188395500183105,3.484218120574951,67.372314453125,-5.380739800995717,-6.235801275534613,-111.4729205148138,-32.634205,25.498936,-17.887486,63.98286,-18.9543,-15.000033,7.5344563,-28.647455,-20.024755,35.578968,-23.211664,15.000033,-6.8948393,-3.0494864,24.874537,-1.4629935,37.046688,6.7921796,-38.664246,25.874813,-15.103422,22.451263,-48.369225,-6.329686,29.875574,-36.949497,-38.361393,1.9759674,8.63448
581,2.729745864868164,3.1199631690979004,67.69159698486328,-4.9897084507396645,-5.7374354191377295,-109.26338215792944,-33.405674,23.21343,-19.114407,60.924873,-18.667393,-15.000033,10.11978,-29.123638,-23.03402,33.49623,-22.52925,15.000033,-6.82877,-3.641469,24.217478,-0.4950466,35.267456,4.794427,-39.959785,26.48918,-15.259446,22.678324,-51.302197,-9.173326,29.38782,-36.453262,-36.75205,2.946025,7.7971854
582,2.642080307006836,2.751119613647461,67.97356414794922,-4.572557002277009,-5.110467175713015,-106.97434731032521,-34.43131,21.269829,-19.96582,57.358982,-18.06722,-15.000033,12.6368685,-29.482471,-26.206015,31.43606,-21.901863,15.000033,-6.657433,-4.11116,23.443356,0.05073868,33.793453,2.5335925,-41.16266,27.451395,-15.437449,22.917053,-54.92162,-12.283478,28.959501,-35.544537,-34.431484,3.9818501,6.2244086
583,2.5835719108581543,2.373856544494629,68.19924926757812,-4.146083281066124,-4.453545691349945,-104.7259194456644,-35.537365,19.73875,-20.458174,53.59027,-17.262238,-15.000033,14.98893,-29.745441,-29.308146,29.616177,-21.433084,15.000033,-6.2420907,-4.3970113,22.687103,0.028600862,32.588062,0.02797612,-42.115875,28.587524,-15.650021,23.136295,-59.120987,-15.623,28.958818,-33.76237,-31.990244,4.922154,4.192973
584,2.549290657043457,1.9944567680358887,68.36663055419922,-3.730228870405277,-3.8620528251875954,-102.6370310347717,-36.569588,18.665943,-20.61464,49.973114,-16.392578,-15.000033,17.07349,-30.002188,-32.09627,28.27396,-21.219116,15.000033,-5.630498,-4.478374,22.057186,-0.422594,31.54579,-2.4846172,-42.833817,29.729527,-15.912204,23.306898,-64.3008,-19.239693,29.615343,-30.377056,-29.531622,5.6534963,2.0415916
585,2.5328845977783203,1.6026453971862793,68.46571350097656,-3.3438131735353473,-3.297231381086038,-100.69293637793828,-37.656876,18.282852,-20.119936,46.450333,-15.502263,-15.000033,18.856762,-30.326267,-34.639088,27.475946,-21.353695,15.000033,-4.7103605,-4.2648926,21.57161,-1.3854665,30.602602,-5.111745,-43.368782,30.975183,-16.292154,23.417208,-70.604065,-23.118164,31.317707,-25.4836,-27.531504,6.2729583,-0.61418945
586,2.538684368133545,1.1989424228668213,68.50414276123047,-2.942092198051439,-2.74651924680408,-98.84269848693141,-38.75025,18.378517,-18.860378,42.921425,-14.654578,-15.000033,20.414473,-30.765314,-37.018543,27.134901,-21.800255,15.000033,-3.4677274,-3.7652829,21.212051,-2.8142414,29.730822,-7.8992715,-43.82123,32.389877,-16.769842,23.481646,-78.17909,-27.206718,34.212753,-19.346308,-25.526026,6.759585,-3.8166711
587,2.5965864658355713,0.7920374274253845,68.48544311523438,-2.4806207669759983,-2.3109324368156035,-97.14800500639387,-39.530678,18.376364,-17.350096,39.691048,-13.936386,-15.000033,21.781618,-31.365808,-39.010338,27.22616,-22.401106,15.000033,-1.7017589,-3.0966797,21.117146,-4.761794,28.911753,-10.9050455,-44.175095,33.78305,-17.253717,23.44879,-86.0592,-31.302841,38.384796,-12.355227,-23.561335,6.9175053,-6.714245
588,2.713080883026123,0.39735567569732666,68.41990661621094,-1.9499465696818608,-2.0539645067961345,-95.6615476633643,-39.821964,17.77709,-16.332697,37.021393,-13.225181,-15.000033,22.94763,-32.129745,-40.377552,27.70486,-22.966692,15.000033,0.60143965,-2.4650862,21.339333,-7.1432853,28.118504,-14.024497,-44.408184,34.959606,-17.651573,23.256123,-93.20195,-35.163296,43.494583,-4.793223,-21.79879,6.589289,-8.353162
589,2.900141954421997,0.011153068393468857,68.30990600585938,-1.2985206775684,-1.9826696171442562,-94.4375133067443,-39.524265,16.420315,-16.180412,34.873093,-12.323772,-15.000033,23.81621,-33.20278,-40.91081,28.682161,-23.524033,15.000033,3.3851488,-1.9525075,21.918383,-9.80841,27.330969,-17.073168,-44.597374,35.8493,-17.971163,22.925549,-99.79174,-38.670628,49.52412,4.0418334,-20.767294,5.6709976,-7.9711657
590,3.1293604373931885,-0.37977227568626404,68.16480255126953,-0.576427357387323,-2.044110327586018,-93.45020573011794,-38.837547,14.652533,-16.617964,33.156525,-11.268644,-15.000033,24.398277,-34.517326,-40.741924,30.069971,-24.0801,15.000033,6.480575,-1.5444567,22.717508,-12.661632,26.525448,-19.967337,-44.73313,36.557297,-18.257547,22.460646,-106.19674,-41.792408,56.33732,13.866874,-20.378841,4.3137703,-6.1327987
591,3.3724679946899414,-0.7412089705467224,67.99712371826172,0.058407856909776346,-2.197532989834343,-92.61815955492274,-38.120888,12.772302,-17.504627,32.085728,-10.228996,-15.000033,24.816221,-35.73247,-40.145092,31.54667,-24.423815,15.000033,9.580157,-1.2622832,23.53037,-15.55109,25.65682,-22.613688,-44.742508,37.130974,-18.4686,21.790798,-111.75803,-44.48911,63.23779,23.464851,-20.01974,2.8136883,-3.8921537
592,3.6015207767486572,-1.1008844375610352,67.79976654052734,0.45179449772185803,-2.3969218121429887,-91.83527869022606,-37.73012,11.030785,-18.654219,31.88062,-9.388768,-15.000033,25.194023,-36.543533,-39.438545,32.862076,-24.390545,15.000033,12.357732,-1.0840511,24.206417,-18.304325,24.686255,-24.902958,-44.626915,37.61993,-18.565279,20.849417,-115.94573,-46.746414,69.63392,32.155766,-19.057957,1.5056603,-2.3012693
593,3.812828540802002,-1.4586971998214722,67.5672607421875,0.49945673136114443,-2.625121992185289,-91.11813379348507,-37.827744,9.329519,-20.368313,32.95701,-8.876726,-15.000033,25.44403,-36.82257,-38.581875,34.021896,-23.917742,15.000033,14.838444,-0.9323327,24.823149,-20.802149,23.5992,-26.77905,-44.566124,37.97392,-18.502403,19.50583,-118.59065,-48.556614,76.53927,41.548172,-17.02621,0.34552118,-1.6048232
594,4.016273021697998,-1.8118646144866943,67.3023681640625,0.30420955072791117,-2.9166743426914725,-90.49668847726443,-38.133167,7.524969,-22.585562,35.081486,-8.582037,-15.000033,25.543495,-36.789555,-37.4935,35.214226,-23.141285,15.000033,17.017399,-0.70584846,25.45939,-23.004467,22.378218,-28.159334,-44.651108,38.18977,-18.32181,17.840261,-120.54589,-49.929638,84.37999,52.138966,-14.350574,-0.68708724,-1.3060849
595,4.220095157623291,-2.1742162704467773,67.0094223022461,0.03033806366107162,-3.2950883799391293,-89.87461137782002,-38.397102,5.8140707,-24.58031,37.497097,-8.326422,-15.000033,25.719065,-36.67132,-36.448925,36.469067,-22.20353,15.000033,18.654604,-0.39426705,26.011917,-25.019812,21.014406,-29.021297,-44.684937,38.38487,-18.114653,16.09075,-122.037895,-50.90872,91.010284,61.41297,-11.804467,-1.3904594,-1.3171418
596,4.409809112548828,-2.5542101860046387,66.70103454589844,-0.15811284124122313,-3.764393037373616,-89.15387748122647,-38.506134,4.4722815,-25.668524,39.508392,-7.956363,-15.000033,26.18176,-36.66002,-35.69237,37.760128,-21.216166,15.000033,19.626871,-0.07613432,26.428734,-27.097286,19.551546,-29.43811,-44.42246,38.67088,-17.968893,14.484606,-122.63145,-51.633747,93.72423,66.82229,-10.115111,-1.7098637,-1.4427242
597,4.58542537689209,-2.935415267944336,66.39868927001953,-0.19105710825446065,-4.3250540316537025,-88.17168040668412,-38.54366,3.6662016,-25.394625,40.869694,-7.218999,-15.000033,27.146723,-36.74008,-35.42494,39.015175,-20.149338,15.000033,19.823877,0.17078483,26.792608,-29.218742,18.024956,-29.337069,-44.045815,39.319065,-17.954006,12.891231,-121.75571,-52.282696,90.378494,67.48051,-9.280556,-1.7135355,-1.7771022
598,4.736992359161377,-3.324211835861206,66.13507843017578,-0.18351077055762643,-4.958839758245711,-87.01031346366096,-38.63435,3.2754316,-24.22504,42.01445,-6.237418,-15.000033,28.450256,-36.79794,-35.506653,40.257927,-18.958918,15.000033,19.448479,0.34719172,27.144411,-31.411028,16.517126,-28.797781,-43.60155,40.19726,-18.016657,11.244739,-119.49717,-52.90011,82.51314,64.92985,-8.998818,-1.470117,-2.407283
599,4.89451789855957,-3.7342164516448975,65.8984375,-0.2497484892433655,-5.630546233429765,-85.94601982746418,-38.763042,3.159214,-22.8999,43.274197,-5.4495306,-15.000033,29.724195,-36.85892,-35.61924,41.553864,-17.70437,15.000033,18.865372,0.50828373,27.420414,-33.912907,15.167005,-28.121723,-42.76859,40.816128,-18.03582,9.883407,-116.32534,-53.44918,73.03293,60.41182,-9.516337,-0.91285646,-3.03225
600,5.0817155838012695,-4.15443754196167,65.68524169921875,-0.4765241902915285,-6.3187299124554155,-85.2789975915935,-38.850903,3.1380098,-22.16985,44.925484,-5.347623,-15.000033,30.598955,-36.969128,-35.39905,42.957474,-16.441317,15.000033,18.42139,0.70442694,27.589727,-36.87496,14.116605,-27.624462,-41.28876,40.70604,-17.855143,9.167235,-112.33706,-53.925747,64.64753,55.131264,-11.052758,-0.0013975449,-3.2311015
601,5.289927005767822,-4.578083515167236,65.47669982910156,-0.898881647110437,-7.078735093239337,-85.03899408782372,-38.79212,3.044471,-22.389566,47.077114,-6.2292504,-15.000033,31.150394,-37.065624,-34.83197,44.39589,-15.144799,15.000033,18.156277,0.96917284,27.674747,-40.33336,13.438748,-27.43048,-39.20611,39.48371,-17.393826,9.420062,-107.13301,-54.329338,57.559437,48.567688,-14.269691,1.5078417,-2.7397668
602,5.520035266876221,-4.996425628662109,65.28140258789062,-1.4606157733973464,-7.903976732142328,-85.09406208700977,-38.602608,2.974418,-23.104254,49.521065,-7.763791,-15.000033,31.500277,-37.11818,-34.036484,45.845104,-13.783222,15.000033,17.89816,1.2297457,27.707142,-44.05538,13.096604,-27.48613,-36.79677,37.544518,-16.74376,10.442622,-100.647316,-54.59129,50.37988,39.94469,-18.702753,3.510642,-1.6795614
603,5.764326095581055,-5.386015892028809,65.10477447509766,-2.1006839882722046,-8.692798262016678,-85.51494800046027,-38.362682,3.1324184,-23.864557,52.036495,-9.541794,-15.000033,31.35382,-37.237423,-32.836872,47.424137,-12.394545,15.000033,17.812315,1.4843271,27.696012,-48.083286,13.049175,-27.741055,-34.00642,35.261173,-16.010303,11.788819,-92.67801,-54.584213,42.67984,30.195724,-23.294607,5.469197,-0.20827325
604,6.045540809631348,-5.750889778137207,64.93346405029297,-2.7472555278471313,-9.347150578063186,-86.37636388990815,-38.179047,3.7558234,-24.241299,54.419735,-11.191069,-15.000033,30.41674,-37.535408,-31.057667,49.248943,-11.013919,15.000033,18.01075,1.751533,27.641651,-52.43866,13.261226,-28.099201,-30.785873,33.030003,-15.263034,12.996622,-83.864655,-54.18564,35.0113,20.7033,-26.351562,6.883555,1.3305712
605,6.383947849273682,-6.103673934936523,64.7591552734375,-3.400827959354384,-9.839721032774905,-87.82938619086578,-38.0993,5.0511026,-24.131647,56.676178,-12.711966,-15.000033,28.414913,-38.036785,-28.377674,51.416016,-9.625169,15.000033,18.621223,2.1812477,27.515835,-57.107628,13.651772,-28.525875,-27.34945,30.794094,-14.363569,14.184829,-74.200745,-53.137768,27.535713,11.688434,-27.072128,7.6765175,2.7261643
606,6.771973609924316,-6.434885501861572,64.58975982666016,-4.089960688372615,-10.237886285447505,-89.79920063050017,-38.06298,6.8833,-23.78064,58.89309,-14.276619,-15.000033,25.53419,-38.568913,-24.923931,53.80387,-8.187609,15.000033,19.45096,2.8426108,27.319118,-62.049,14.1713,-28.967356,-23.754295,28.384161,-13.363382,15.516568,-64.079575,-51.192528,20.805647,2.7268379,-26.303574,8.18045,3.963276
607,7.185865879058838,-6.743261814117432,64.42190551757812,-4.782114380857666,-10.584768943233911,-92.01946638841632,-38.030827,8.982829,-23.301395,60.99981,-15.798541,-15.000033,22.188093,-39.00464,-21.220295,56.226994,-6.7204413,15.000033,20.118237,3.6104732,27.107138,-67.21861,14.872449,-29.35486,-19.688951,26.102081,-12.546879,16.571314,-54.60199,-48.337887,15.616366,-5.65355,-25.289492,8.51476,4.953287
608,7.597194671630859,-7.033275127410889,64.25521850585938,-5.437063036883399,-10.91194469773417,-94.2230283408057,-37.971794,11.063428,-22.798056,62.932957,-17.194921,-15.000033,18.80618,-39.31903,-17.826824,58.52511,-5.265443,15.000033,20.333237,4.2392497,26.99274,-72.657646,15.884157,-29.851849,-14.783781,24.257185,-12.141893,16.939533,-46.34896,-44.826157,12.169633,-13.146021,-25.330719,8.704993,5.7934313
609,8.00429916381836,-7.30693244934082,64.09452819824219,-6.04769243392592,-11.214009875768914,-96.5061920488418,-37.868507,13.218725,-22.214275,64.691345,-18.492971,-15.000033,15.274958,-39.559998,-14.695387,60.699696,-3.8384023,15.000033,20.236477,4.6777453,27.03449,-78.56395,17.297743,-30.332644,-9.20627,22.979906,-12.173859,16.292833,-38.62364,-40.941685,10.171217,-20.054224,-27.009523,8.637313,6.675908
610,8.419218063354492,-7.5461530685424805,63.93443298339844,-6.616795966169971,-11.478402529714732,-98.96301432821801,-37.746014,15.548166,-21.521214,66.31167,-19.7215,-15.000033,11.428054,-39.745766,-11.595234,62.846676,-2.4268777,15.000033,19.982588,4.9640236,27.268705,-84.95464,19.118696,-31.103533,-3.1575937,22.04577,-12.464694,14.950093,-31.003952,-36.839417,9.460784,-26.739916,-29.578259,8.24299,7.596716
611,8.839141845703125,-7.7517619132995605,63.76958465576172,-7.133637037837889,-11.711635390691944,-101.30915447611356,-37.65501,17.754637,-20.869171,67.79634,-20.805294,-15.000033,7.633915,-39.902603,-8.833414,64.937935,-1.0270501,15.000033,19.360762,4.9585514,27.779982,-91.588646,21.283428,-33.090656,3.6394794,21.173508,-12.9284525,13.493196,-24.23403,-32.717396,9.972572,-32.912033,-32.295387,7.579499,8.492554
612,9.244287490844727,-7.909520626068115,63.59660720825195,-7.5831464672266975,-11.914870093204797,-103.25908939048048,-37.66122,19.531012,-20.406862,69.15393,-21.67147,-15.000033,4.2435737,-40.107174,-6.683651,66.96038,0.35056946,15.000033,18.127535,4.557705,28.573843,-98.084656,23.658579,-37.04642,11.38834,20.089308,-13.51193,12.461478,-19.044373,-28.806452,11.449204,-38.110706,-34.404877,6.752655,9.3161
613,9.635139465332031,-8.023283958435059,63.422096252441406,-7.913644514221062,-12.110271799601778,-104.71855308117605,-37.77571,20.719404,-20.143278,70.41399,-22.28084,-15.000033,1.2384281,-40.488483,-5.107466,69.05632,1.7278339,15.000033,16.182154,3.7303832,29.692467,-104.9364,26.15886,-43.18386,20.591858,18.688808,-14.286557,12.18396,-15.336631,-25.305876,13.501119,-42.01742,-35.524734,5.7683125,10.183951
614,9.999119758605957,-8.089316368103027,63.24158477783203,-8.193804561749463,-12.006306233560576,-105.87958094215703,-38.345703,21.517015,-20.078594,71.599556,-22.640696,-15.000033,-1.918113,-40.97385,-3.9025018,71.26563,3.0777552,15.000033,13.593202,2.7487485,29.793802,-110.75929,28.675697,-50.66996,30.251032,17.272865,-15.289562,12.347446,-12.909121,-22.224047,16.37532,-43.652206,-35.913403,4.648137,11.052633
615,10.326903343200684,-8.11196517944336,63.07366943359375,-8.444837089123125,-11.848292541486092,-106.77373030741232,-38.998737,22.043982,-20.155787,72.655075,-22.878294,-15.000033,-4.675213,-41.549667,-3.1996,73.220535,4.347069,15.000033,10.6297865,1.7637044,29.793802,-115.668045,31.134047,-59.130783,39.301926,15.991646,-16.289774,12.299211,-11.691224,-19.579384,19.421047,-44.203457,-36.04136,3.5645123,11.744272
616,10.623809814453125,-8.097885131835938,62.92390060424805,-8.77010832191669,-11.659694220263956,-107.47198849649916,-39.672226,22.478748,-20.397121,73.54554,-23.075615,-15.000033,-6.766159,-42.130768,-3.1531606,74.63228,5.4636707,15.000033,7.65185,0.99502414,29.793802,-119.23481,33.462303,-68.25207,47.050716,15.048752,-17.145874,11.460755,-11.56444,-17.346169,22.290962,-44.388626,-36.327156,2.648836,12.020247
617,10.908605575561523,-8.083556175231934,62.80462646484375,-9.261224846613958,-11.34728136701589,-107.84233243030769,-40.541958,22.709513,-20.991144,74.281586,-23.195034,-15.000033,-8.130209,-42.754612,-3.9995644,75.54032,6.527936,15.000033,4.5933843,0.50463074,29.793802,-121.52303,35.678883,-80.190254,54.663467,14.850222,-17.964495,9.177131,-12.525357,-15.552205,24.868189,-44.399597,-36.884197,1.9152445,11.584062
618,11.18564224243164,-8.099981307983398,62.72612380981445,-9.851987263622354,-10.921647305652927,-107.89779248993231,-41.59166,22.67329,-21.857391,74.88363,-23.208887,-15.000033,-8.850598,-43.475056,-5.648114,76.087364,7.5114594,15.000033,1.3946565,0.15094557,29.793802,-123.88636,37.772152,-95.018845,62.594044,15.261823,-18.742165,6.0846167,-14.40223,-14.142329,27.181643,-44.145733,-37.49398,1.3289797,10.587157
619,11.442418098449707,-8.118820190429688,62.69231414794922,-10.441805179538456,-10.512313730907731,-107.9470630616802,-42.545444,22.668062,-22.655495,75.33258,-23.217989,-15.000033,-8.9642315,-44.194557,-7.799288,76.15134,8.1859865,15.000033,-1.5817204,-0.094218016,29.793802,-126.72511,39.610382,-108.52359,69.1928,15.6388,-19.257364,3.4117599,-16.911861,-12.952066,29.212341,-43.745266,-38.07863,0.89804894,9.50114
620,11.681559562683105,-8.141891479492188,62.69813919067383,-10.951254910700744,-10.273523539427313,-108.29756430362968,-43.113514,23.039381,-23.08028,75.60529,-23.331457,-15.000033,-8.515941,-44.772076,-10.153933,75.5787,8.361135,15.000033,-3.7160568,0.20366105,29.793802,-128.5616,41.098854,-114.874405,73.238846,15.834524,-19.394209,2.3472497,-19.888983,-11.906186,30.639172,-42.97053,-38.65474,0.59714746,8.891445
621,11.89670181274414,-8.169368743896484,62.75175857543945,-11.384419801803341,-10.128246993204053,-109.04649686067623,-43.351738,23.93365,-23.047915,75.66746,-23.60081,-15.000033,-7.4955244,-45.244213,-12.950792,74.27884,7.936904,15.000033,-4.922035,0.023339726,29.793802,-129.25201,42.350296,-114.63315,74.45763,12.988408,-19.269516,3.168251,-22.47278,-10.920304,31.563976,-43.275936,-38.892097,0.3737074,8.736779
622,12.087248802185059,-8.209538459777832,62.84991455078125,-11.787565544220069,-10.01648521815957,-110.03895016360666,-43.380928,25.184013,-22.725193,75.53306,-23.956003,-15.000033,-5.922003,-45.528248,-16.233686,72.33012,7.090011,15.000033,-5.3789296,-0.56140083,29.793802,-128.89377,43.524635,-110.26677,73.94486,7.9688854,-19.14254,5.0636477,-24.934324,-9.981913,31.988092,-44.38798,-38.935505,0.22515865,8.840371
623,12.256390571594238,-8.260804176330566,62.980316162109375,-12.113743398886939,-10.003780765220794,-111.22344065543805,-43.131367,26.647379,-22.16084,75.24749,-24.299185,-15.000033,-4.163875,-45.382828,-19.263105,69.85227,6.0364695,15.000033,-5.0457115,-0.7959627,29.793802,-127.30354,44.650875,-102.584335,72.36293,4.1011653,-19.092709,7.283948,-27.864017,-9.230102,31.780485,-45.049713,-39.020473,0.23259552,9.254895
624,12.38477897644043,-8.319843292236328,63.142269134521484,-12.277204408949112,-10.074022208073309,-112.55990278977634,-42.61226,28.144785,-21.37596,74.85536,-24.515478,-15.000033,-2.7359052,-44.708107,-21.23794,67.000626,4.937261,15.000033,-4.154889,-0.8620856,29.793802,-125.100464,45.72197,-94.75044,69.87495,3.3649395,-19.005205,8.770552,-31.232456,-8.815935,31.168262,-45.088726,-39.10942,0.5065706,9.859292
625,12.47910213470459,-8.369213104248047,63.329498291015625,-12.17086183560798,-10.257978757749106,-114.18813802851045,-41.695267,29.703825,-20.206184,74.39641,-24.593122,-15.000033,-1.8722303,-43.50594,-21.663536,63.72606,3.6095178,15.000033,-2.6392815,-1.0386243,29.793802,-122.07476,46.783154,-86.71981,65.60635,7.208285,-18.682611,9.057114,-34.9285,-8.776392,30.237665,-44.85682,-39.169037,1.2307131,10.744587
626,12.522035598754883,-8.398523330688477,63.5489387512207,-11.829271907819134,-10.540296769164701,-116.0518959214867,-40.35847,31.322067,-18.632845,73.8461,-24.585352,-15.000033,-1.2146995,-41.92599,-20.964062,59.96742,1.9857692,15.000033,-0.6420781,-1.2976563,29.793802,-118.00587,47.78123,-77.07285,59.206043,14.119304,-18.14736,8.768397,-39.034237,-9.081613,29.10412,-44.40461,-39.18536,2.3051088,11.87347
627,12.526848793029785,-8.419926643371582,63.79667663574219,-11.389455518519735,-10.62935617510489,-117.87260393992158,-39.07311,32.78074,-16.941462,73.167534,-24.447191,-15.000033,-0.67107886,-40.15001,-19.718603,55.950985,0.26461825,15.000033,1.2659564,-1.4218351,29.070684,-112.65212,48.616905,-67.17661,51.85458,21.376122,-17.51785,8.41427,-43.434124,-9.648895,28.220354,-42.96874,-39.064102,3.4429486,12.828869
628,12.489657402038574,-8.439842224121094,64.07475280761719,-11.03442409885713,-10.63768795791184,-119.30133740305976,-37.871025,33.94405,-15.441206,72.29533,-24.197016,-15.000033,0.30458426,-38.330326,-18.634394,51.7543,-1.2187732,15.000033,2.7941232,-1.3552253,28.325766,-107.238464,49.30289,-59.03803,45.230705,26.151247,-16.896917,8.3398075,-48.37358,-10.428238,27.692871,-40.415802,-38.91564,4.3170376,13.3777895
629,12.411869049072266,-8.450810432434082,64.39019775390625,-10.84820857308121,-10.550892479194005,-120.28672251180454,-36.85865,34.851612,-14.261352,71.204025,-23.845985,-15.000033,1.7739168,-36.46671,-17.911957,47.251133,-2.2529976,15.000033,3.9510763,-1.0676225,27.516552,-101.84329,49.956207,-53.73604,39.95301,27.39595,-16.273712,8.822905,-54.027603,-11.472814,27.44136,-36.634712,-38.69085,4.831568,13.565275
630,12.288224220275879,-8.448456764221191,64.76207733154297,-10.724017429974754,-10.412306880741033,-120.9930519773509,-35.90761,35.574383,-13.232342,69.92595,-23.40128,-15.000033,3.5817263,-34.57328,-17.211946,42.39778,-3.016901,15.000033,4.9922776,-0.6661945,26.684898,-96.13614,50.608444,-50.142296,35.206085,26.67208,-15.639085,9.612603,-60.17848,-12.760363,27.52688,-31.99537,-38.47802,5.1504836,13.504044
631,12.136519432067871,-8.423437118530273,65.17444610595703,-10.544240391626612,-10.226423194862843,-121.47249194038308,-34.95511,36.052387,-12.229211,68.47968,-22.839657,-15.000033,5.5582986,-32.840332,-16.430077,37.47621,-3.7085516,15.000033,5.952203,-0.33464682,25.965477,-90.287224,51.2199,-46.99091,30.686054,25.15694,-15.050687,10.381946,-66.45814,-14.182403,27.962765,-26.732409,-38.06269,5.3181562,13.056471
632,11.948535919189453,-8.382894515991211,65.61385345458984,-10.191443255760554,-9.994335846321855,-121.78331938420371,-33.9387,36.21926,-11.12056,66.88175,-22.135765,-15.000033,7.51349,-31.479347,-15.532606,32.81904,-4.5131574,15.000033,6.832187,-0.31674483,25.492163,-84.28454,51.631275,-42.864315,25.998997,24.240446,-14.525644,10.751143,-72.49002,-15.550948,28.65092,-21.06804,-37.268566,5.356023,12.119101
633,11.733564376831055,-8.316961288452148,66.06538391113281,-9.573886047223393,-9.696269437380224,-121.8184560457144,-32.88659,35.891365,-9.903159,65.136696,-21.293854,-15.000033,9.498929,-30.650223,-14.539406,28.405201,-5.4901757,15.000033,7.523051,-0.80004585,25.2725,-78.37997,51.72183,-37.722755,21.325724,23.990353,-14.069835,10.443165,-78.24427,-16.741024,29.404045,-14.940985,-36.167484,5.2565136,10.621289
634,11.496291160583496,-8.224710464477539,66.54051971435547,-8.764854736929422,-9.327767178623276,-121.62204027437222,-31.845861,35.17689,-8.6448765,63.21924,-20.315666,-15.000033,11.406088,-30.346046,-13.650102,24.364092,-6.5300956,15.000033,8.044786,-1.68312,25.20822,-72.53955,51.43317,-32.33159,16.899975,23.86625,-13.685603,9.722339,-83.92229,-17.708473,30.221973,-8.222306,-34.871326,4.9573526,8.700794
635,11.255010604858398,-8.098152160644531,67.0462875366211,-7.924503157377927,-8.920504850905678,-121.45131839226565,-30.76867,34.4376,-7.339351,61.09955,-19.171843,-15.000033,12.886687,-30.33738,-13.000276,21.132717,-7.6009884,15.000033,8.620359,-2.742,25.22224,-67.083984,50.729362,-27.233973,12.795497,23.768196,-13.365518,8.983025,-89.47577,-18.410982,31.171694,-0.8505001,-33.298275,4.3783073,6.606486
636,11.015098571777344,-7.930069923400879,67.60762786865234,-7.221630710540238,-8.508179624256009,-121.5433582027548,-29.599463,34.02322,-5.978584,58.773346,-17.84551,-15.000033,13.762717,-30.23559,-12.5679,18.821342,-8.62402,15.000033,9.489826,-3.703403,25.224428,-62.317802,49.660435,-22.930332,9.083095,23.580864,-13.100212,8.617382,-94.875534,-18.823706,32.354546,7.427452,-31.387869,3.450816,4.591598
637,10.7678861618042,-7.716508388519287,68.21615600585938,-6.69386641077679,-8.071665153548821,-121.99480711002978,-28.277246,34.017036,-4.4751687,56.169117,-16.346165,-15.000033,14.0356045,-29.758375,-12.106818,17.145653,-9.52907,15.000033,10.804249,-4.5312943,25.187447,-58.348583,48.316452,-19.529383,5.8185163,23.331161,-12.878817,8.792227,-100.37372,-18.906218,33.765453,17.747278,-28.974136,1.9255419,2.490577
638,10.52718448638916,-7.45947790145874,68.85457611083984,-6.263423627467273,-7.600352750576889,-122.65445947014314,-26.83644,34.209442,-2.8417907,53.32965,-14.686576,-15.000033,13.919047,-29.00594,-11.606437,15.875637,-10.319252,15.000033,12.323771,-5.375747,25.074476,-55.003372,46.783424,-16.785994,3.0913398,23.108868,-12.718448,9.274365,-105.80106,-18.664886,35.26604,29.70217,-26.282452,-0.06945716,0.3635114
639,10.28608512878418,-7.182296276092529,69.52340698242188,-5.9235579086440735,-7.135538076019307,-123.39086491918177,-25.355894,34.505875,-1.1952671,50.430656,-12.861785,-15.000033,13.641688,-28.149124,-11.356184,15.001958,-10.939699,15.000033,13.764922,-6.1808944,24.807505,-51.734516,45.156883,-14.37006,0.60752183,22.931437,-12.643468,9.854465,-110.56318,-18.185413,36.827923,41.2503,-23.712215,-1.9819622,-1.3200753
640,10.044601440429688,-6.888826847076416,70.2047348022461,-5.676745467973758,-6.72401859956897,-124.07239254135321,-23.932009,34.83111,0.3221876,47.649628,-10.863515,-15.000033,13.375446,-27.379719,-11.656811,14.6023035,-11.37449,15.000033,14.912817,-6.8503776,24.425081,-48.23545,43.493973,-12.035721,-1.8990539,22.745275,-12.673204,10.3170595,-114.21711,-17.582182,38.528328,50.52353,-21.504263,-3.2800071,-2.2034004
641,9.808759689331055,-6.595459461212158,70.8997573852539,-5.539810919858764,-6.37847959015593,-124.76630191723368,-22.491203,35.233715,1.7507465,44.920773,-8.622764,-15.000033,13.047295,-26.71051,-12.696423,14.802144,-11.616999,15.000033,15.913679,-7.3298087,24.070995,-44.5134,41.83268,-9.731476,-4.6002803,22.446981,-12.810966,10.641639,-116.925705,-16.932867,40.924362,57.966515,-19.491102,-3.6745207,-1.8297638
642,9.567957878112793,-6.300335884094238,71.60018920898438,-5.5057463636936665,-6.078101491340523,-125.50917746360483,-21.026274,35.71004,3.1526668,42.20344,-6.172993,-15.000033,12.585952,-26.057705,-14.267263,15.537283,-11.684514,15.000033,16.837358,-7.657189,23.752886,-40.61554,40.18402,-7.475926,-7.4905963,22.049221,-13.0501795,10.912105,-118.997734,-16.262924,43.891632,64.519936,-17.523432,-3.4419942,-0.6086917
643,9.304388999938965,-6.002266883850098,72.28515625,-5.544171744477144,-5.816258816271657,-126.124840066334,-19.75127,36.15153,4.3852425,39.70681,-3.6623938,-15.000033,12.159609,-25.462034,-16.083529,16.599482,-11.602778,15.000033,17.476522,-7.857165,23.394688,-36.51488,38.511997,-5.2833805,-10.546466,21.650139,-13.378452,11.079703,-120.3513,-15.596188,46.559616,69.387985,-15.809927,-3.0154479,0.53006405
644,9.015706062316895,-5.716078281402588,72.94799041748047,-5.627009187674403,-5.586371492131281,-126.43365538106984,-18.883066,36.48317,5.283709,37.641815,-1.2464963,-15.000033,11.957083,-24.953363,-17.859932,17.7655,-11.391935,15.000033,17.679363,-7.9408135,22.934814,-32.320587,36.765644,-3.2704194,-13.649181,21.351332,-13.778876,11.101098,-120.80495,-14.947291,48.02229,71.62148,-14.517112,-2.905572,0.7174864
645,8.702295303344727,-5.440887451171875,73.57293701171875,-5.809295674263299,-5.3915856241679565,-126.31749886960552,-18.574125,36.787075,5.6428757,36.0303,1.2197458,-15.000033,12.115915,-24.514645,-19.760761,19.076464,-11.004661,15.000033,17.328114,-7.859044,22.282797,-28.06779,34.901543,-1.5096512,-16.652895,21.186216,-14.285981,10.897202,-120.24583,-14.34258,47.88044,70.44052,-13.385795,-3.491146,-0.7417005
646,8.386334419250488,-5.1677985191345215,74.15145111083984,-6.080308227170698,-5.236167756355853,-125.89224236817726,-18.708641,37.089737,5.559754,34.806774,3.724014,-15.000033,12.5425625,-24.12197,-21.847527,20.576902,-10.433053,15.000033,16.584967,-7.6039295,21.48158,-23.893278,32.944466,-0.050519478,-19.466246,21.10291,-14.888854,10.512064,-118.790985,-13.809443,46.6458,66.562454,-12.46279,-4.4739914,-3.2064157
647,8.081548690795898,-4.892919540405273,74.6812973022461,-6.320184089297982,-5.11502727332779,-125.33082368384487,-19.05956,37.26584,5.3400993,33.994007,5.9197154,-15.000033,13.059304,-23.79085,-23.684515,22.075645,-9.757699,15.000033,15.723858,-7.2453175,20.662506,-20.050215,30.974438,1.0342557,-22.042618,21.081255,-15.501462,10.084255,-116.53777,-13.343889,44.741062,61.125175,-12.314694,-5.297931,-5.54647
648,7.804888725280762,-4.612001419067383,75.16742706298828,-6.407392540333813,-5.017277833857613,-124.81401635021375,-19.353296,37.216393,5.3393855,33.551613,7.510115,-15.000033,13.45228,-23.55301,-24.847816,23.41812,-9.0667,15.000033,15.010134,-6.8650827,19.987156,-16.717703,29.104586,1.7335688,-24.421068,21.086702,-16.037863,9.757003,-113.57161,-12.908571,42.587887,55.24491,-13.412699,-5.3710737,-6.6426334
649,7.563941955566406,-4.325849533081055,75.60035705566406,-6.309641326123067,-4.917179215905456,-124.335145923728,-19.547237,36.99296,5.932261,33.4432,8.4347925,-15.000033,13.644543,-23.429304,-25.212128,24.647747,-8.3603,15.000033,14.431379,-6.489874,19.470129,-13.848584,27.4177,2.0812886,-26.64645,21.142868,-16.479368,9.572099,-109.57007,-12.442855,39.898926,48.469105,-16.571907,-4.287455,-5.8892183
650,7.341781139373779,-4.034273624420166,75.98243713378906,-6.097033300280201,-4.827631657762067,-123.82022423519159,-19.74708,36.64903,6.862151,33.637157,8.890751,-15.000033,13.743305,-23.395203,-25.025356,25.835981,-7.603764,15.000033,13.775182,-6.1141996,18.937601,-11.271319,25.947836,2.2019563,-28.62384,21.230404,-16.865602,9.462715,-104.51794,-11.918644,36.46366,40.289455,-21.356997,-2.5107384,-3.905364
651,7.137085437774658,-3.750098943710327,76.30040740966797,-5.802842716692247,-4.795205312916891,-123.35038649144924,-19.90068,36.090733,7.5553207,34.092133,8.972813,-15.000033,13.789097,-23.440928,-24.429441,26.915327,-6.8538465,15.000033,13.060705,-5.773389,18.352747,-8.980501,24.720205,2.2190888,-30.288845,21.254913,-17.195637,9.409436,-98.98201,-11.351213,32.976105,31.826733,-26.28127,-0.7579106,-1.444966
652,6.943799018859863,-3.4910707473754883,76.54981994628906,-5.4531448842922705,-4.868565550894185,-123.0097133848607,-19.942743,35.2076,7.4447374,34.77232,8.765719,-15.000033,13.82654,-23.568403,-23.550608,27.81055,-6.1617575,15.000033,12.388717,-5.4865594,17.775806,-7.012739,23.726507,2.2112048,-31.652212,21.132736,-17.467836,9.390566,-93.45424,-10.797286,30.169107,24.180576,-29.76645,0.43547696,0.5998828
653,6.756174564361572,-3.2352499961853027,76.7426528930664,-5.017674295231408,-5.0961093517859855,-122.86233332154798,-19.806946,33.802998,6.1454897,35.783,8.152913,-15.000033,13.840521,-23.793982,-22.19102,28.514595,-5.55764,15.000033,11.934234,-5.230894,17.31763,-5.453602,22.958971,2.075543,-32.727943,20.801685,-17.679483,9.462687,-87.71636,-10.291109,28.275011,17.387342,-31.05558,1.0008764,1.9939659
654,6.573713779449463,-2.972554922103882,76.88722229003906,-4.489926282890429,-5.451897120002212,-122.85667056527073,-19.496017,31.934149,4.0859814,37.138298,7.075797,-15.000033,13.845258,-24.111942,-20.357077,29.04129,-5.006088,15.000033,11.689075,-5.0050406,16.98243,-4.305007,22.416712,1.7819649,-33.531635,20.34071,-17.832224,9.610944,-81.41856,-9.836104,26.9956,10.78529,-31.052467,1.2544158,3.1643167
655,6.399097442626953,-2.7159647941589355,76.97968292236328,-3.9212063931909027,-5.863963224885406,-122.90520552364589,-19.059319,29.90828,1.9262623,38.654793,5.754401,-15.000033,13.885846,-24.517653,-18.467299,29.402853,-4.474232,15.000033,11.52157,-4.8339963,16.724237,-3.4914892,22.077593,1.4890842,-34.137035,19.873934,-17.931135,9.710128,-74.80139,-9.4558115,26.147545,4.44181,-30.628458,1.3586206,4.1515665
656,6.221920490264893,-2.456829309463501,77.01876831054688,-3.3691498202440995,-6.24905910126909,-122.91209471621652,-18.615711,28.072704,0.25005215,40.131474,4.4455214,-15.000033,13.967913,-25.01964,-16.9348,29.648586,-3.9371052,15.000033,11.28061,-4.7364464,16.482357,-2.9144113,21.90187,1.3660411,-34.6409,19.52784,-17.98279,9.629061,-68.200554,-9.181646,25.490122,-1.4848529,-30.665915,1.4516323,5.010656
657,6.054223537445068,-2.1980741024017334,77.00286865234375,-2.7994392185504275,-6.585705965286997,-122.83735797007549,-18.20782,26.446861,-0.84330446,41.5534,3.150832,-15.000033,14.091141,-25.69788,-15.842025,29.753096,-3.345526,15.000033,10.956115,-4.7398777,16.257856,-2.5916047,21.857138,1.4527795,-35.05935,19.380144,-17.971872,9.21152,-61.576427,-9.053829,24.98115,-6.911387,-31.429531,1.549006,5.6614
658,5.893622398376465,-1.9342104196548462,76.93742370605469,-2.199011555980409,-6.914907215554922,-122.73654117076508,-17.79616,24.894093,-1.6783105,43.019646,1.7696831,-15.000033,14.231222,-26.529856,-14.968167,29.710976,-2.728581,15.000033,10.648528,-4.777833,16.098444,-2.5774066,21.892487,1.6333646,-35.358677,19.379694,-17.911217,8.547049,-54.879875,-9.024954,24.717764,-11.840799,-32.42684,1.5699908,6.104999
659,5.733891010284424,-1.665004014968872,76.80963897705078,-1.6575347277409924,-7.232696163715344,-122.64573236230918,-17.40273,23.565735,-2.319295,44.435253,0.48135483,-15.000033,14.351984,-27.364717,-14.286642,29.58885,-2.1629486,15.000033,10.413967,-4.8036427,16.037365,-2.8388095,22.138208,1.8310639,-35.595203,19.37255,-17.826694,7.925593,-48.180065,-9.144834,24.565218,-16.55377,-33.426826,1.5154144,6.4993496
660,5.576322078704834,-1.3924885988235474,76.6246566772461,-1.265624510851021,-7.535780509469691,-122.59716740767416,-17.04417,22.609365,-2.8241885,45.687885,-0.51170915,-15.000033,14.4237,-28.050016,-13.777078,29.455814,-1.7271215,15.000033,10.170688,-4.6955376,16.038403,-3.2753685,22.520575,2.0398448,-35.791195,19.280548,-17.76147,7.59943,-42.047104,-9.363073,24.393808,-20.785156,-34.047104,1.3694892,7.0188594
661,5.418766021728516,-1.0988314151763916,76.37986755371094,-1.0479251479827867,-7.8287354256344805,-122.5460790826873,-16.763254,22.067205,-3.1979754,46.820557,-0.9095473,-15.000033,14.489257,-28.62502,-13.58737,29.25966,-1.3151462,15.000033,9.885244,-4.4284678,16.112862,-3.9139726,23.040543,2.2535822,-35.954075,19.042032,-17.727814,7.648715,-36.35147,-9.654491,24.180727,-24.536304,-34.34404,1.136303,7.758963
662,5.259261131286621,-0.7831860184669495,76.07887268066406,-0.9529450224191403,-8.106599855136226,-122.48745549555714,-16.541384,21.8652,-3.4261959,47.847755,-0.8775147,-15.000033,14.537512,-29.142492,-13.680863,29.004807,-0.93225473,15.000033,9.550208,-4.0410395,16.24186,-4.7690916,23.689995,2.4955695,-36.051044,18.717224,-17.706636,7.9370737,-31.05405,-10.014441,23.949677,-27.734386,-34.41372,0.82881963,8.6054945
663,5.103936672210693,-0.4527340531349182,75.72374725341797,-0.9780112243653605,-8.354870614760289,-122.51208035719792,-16.302996,21.975513,-3.5427055,48.622566,-0.92920417,-15.000033,14.471172,-29.474207,-13.762469,28.833986,-0.81566805,15.000033,9.229023,-3.5151772,16.391981,-5.7890744,24.458506,2.7396994,-36.05898,18.36718,-17.688929,8.399562,-26.29694,-10.392292,23.748732,-30.50715,-34.334988,0.47778025,9.386253
664,4.949590682983398,-0.11425763368606567,75.33081817626953,-1.1139866330227246,-8.557280180266929,-122.7119195031134,-15.97014,22.37335,-3.5733025,49.003807,-1.5909976,-15.000033,14.193465,-29.50131,-13.533564,28.89856,-1.2077447,15.000033,8.953701,-2.8423698,16.51992,-6.889751,25.336466,2.9936166,-35.9661,18.055977,-17.664227,8.969379,-22.27657,-10.710978,23.656157,-32.92459,-34.21017,0.10736772,9.93409
665,4.802250385284424,0.24151566624641418,74.8579330444336,-1.4433233464408466,-8.690131446743818,-123.15256319983207,-15.486365,23.199469,-3.5395086,48.80507,-3.125268,-15.000033,13.65461,-29.021711,-12.814879,29.21956,-2.2560503,15.000033,8.6837,-1.9472181,16.53908,-7.9998193,26.314484,3.3007,-35.743195,17.78431,-17.662653,9.777923,-19.173103,-10.912509,23.727013,-34.75544,-34.03245,-0.30518106,10.212548
666,4.665382385253906,0.6223322153091431,74.30846405029297,-1.9404509093983338,-8.777488269311792,-123.7673004017379,-14.890814,24.442408,-3.3734715,48.148243,-5.2060747,-15.000033,12.917702,-28.148853,-11.802886,29.777721,-3.850297,15.000033,8.349612,-0.8782397,16.470098,-9.125522,27.39481,3.6948576,-35.40329,17.530582,-17.684534,10.801538,-16.970621,-10.983029,23.933523,-35.882614,-33.795177,-0.76236916,10.325609
667,4.542368412017822,1.034240484237671,73.7123031616211,-2.430921325475058,-8.872483618294416,-124.45096288149885,-14.257925,25.836336,-2.9846985,47.360863,-7.4699187,-15.000033,12.042022,-27.244455,-10.756515,30.670252,-5.8452826,15.000033,7.943071,0.18107979,16.428741,-10.299231,28.595278,4.165797,-35.00529,17.32355,-17.67063,11.743567,-15.56592,-10.923232,24.238106,-36.565895,-33.60434,-1.2155442,10.315258
668,4.443027496337891,1.4734686613082886,73.04737854003906,-2.7503629467182713,-9.019245348205565,-125.10303112075009,-13.671218,27.092999,-2.3415492,46.767586,-9.556207,-15.000033,11.082785,-26.664106,-9.925726,31.939701,-8.058502,15.000033,7.466378,1.0512991,16.52236,-11.5625105,29.941294,4.6879144,-34.608463,17.187387,-17.558054,12.313511,-14.839374,-10.742425,24.594845,-37.08957,-33.556152,-1.615548,10.217173
669,4.359299182891846,1.9309923648834229,72.36563110351562,-2.848968142946803,-9.21973467313472,-125.73777911383873,-13.092269,28.160482,-1.3202165,46.381073,-11.558542,-15.000033,9.97141,-26.549292,-9.4169445,33.72309,-10.566856,15.000033,6.9140196,1.6822852,16.757244,-12.945983,31.463398,5.274773,-34.229774,17.110176,-17.282799,12.347515,-14.880061,-10.450978,25.012241,-37.490665,-33.745296,-1.9456949,10.0356865
670,4.293172836303711,2.3991847038269043,71.67718505859375,-2.8122119222515667,-9.446772055947504,-126.39449104611303,-12.493042,29.165066,0.01580537,46.046528,-13.590596,-15.000033,8.693787,-26.685099,-9.068355,35.942425,-13.421436,15.000033,6.297772,2.1533546,17.072727,-14.453272,33.170387,5.8854933,-33.82338,17.084051,-16.890987,12.040402,-15.685034,-10.050721,25.48213,-37.656948,-34.092606,-2.2302008,9.750759
671,4.226133823394775,2.8901526927948,70.99158477783203,-2.689871655629412,-9.693134711339715,-127.01619712424375,-12.009918,30.027224,1.2674282,45.890312,-15.420614,-15.000033,7.3738837,-26.926111,-8.758208,38.301243,-16.34392,15.000033,5.6551166,2.4917917,17.468262,-16.095594,35.043922,6.401731,-33.348495,17.139437,-16.484926,11.638607,-16.986708,-9.537227,25.92716,-37.659847,-34.434616,-2.4826128,9.359675
672,4.154003620147705,3.409015655517578,70.32120513916016,-2.5312479182876384,-9.953606279944523,-127.5481843023585,-11.787647,30.701105,2.045273,46.0315,-16.814419,-15.000033,6.1494555,-27.12139,-8.369066,40.495327,-19.0569,15.000033,5.0302196,2.7323565,17.944408,-17.896896,37.050617,6.695143,-32.75515,17.307579,-16.166548,11.383786,-18.530548,-8.910715,26.262354,-37.56255,-34.608673,-2.7202852,8.865207
673,4.072810173034668,3.962205648422241,69.67892456054688,-2.334780534750567,-10.26568763180751,-127.97202085105575,-11.937645,31.159985,2.1495059,46.65119,-17.716948,-15.000033,5.0522385,-27.268635,-7.842182,42.539738,-21.549822,15.000033,4.4196568,2.8844037,18.56243,-19.93334,39.214863,6.7016993,-32.00081,17.681425,-15.99947,11.395523,-20.413029,-8.173658,26.450201,-37.35941,-34.502274,-2.9536107,8.213162
674,3.9849812984466553,4.550968647003174,69.0810775756836,-2.080518176525019,-10.619348852849942,-128.3198479259529,-12.377787,31.450756,1.8112124,47.64425,-18.25938,-15.000033,4.02051,-27.432312,-7.249238,44.548267,-23.941391,15.000033,3.8253558,2.9180427,19.295198,-22.252693,41.543427,6.4046006,-31.094124,18.216951,-15.91329,11.534998,-22.711416,-7.3342514,26.491463,-37.037575,-34.226322,-3.178602,7.42683
675,3.8871102333068848,5.151674747467041,68.54219818115234,-1.8000954846464432,-10.943272282363429,-128.6134511834402,-12.953612,31.645767,1.2970601,48.689373,-18.484785,-15.000033,3.0628922,-27.57036,-6.6760383,46.358337,-26.145224,15.000033,3.2875118,2.8289711,20.024508,-24.799261,43.938866,5.794459,-30.085482,18.741405,-15.812381,11.63979,-25.146227,-6.40938,26.381266,-36.65118,-33.953514,-3.3881261,6.6230755
676,3.784965753555298,5.754393577575684,68.09130096435547,-1.5264274023399642,-11.167689330506006,-128.87292272757983,-13.507696,31.811731,0.86358,49.462456,-18.436338,-15.000033,2.1845653,-27.64637,-6.208695,47.81157,-28.0743,15.000033,2.8360682,2.6484373,20.639067,-27.436487,46.243145,4.9391336,-29.07571,19.099005,-15.612258,11.522296,-27.444014,-5.425169,26.145279,-36.239952,-33.85552,-3.5670025,5.9152985
677,3.6744515895843506,6.351278781890869,67.7466049194336,-1.2774550797985365,-11.262084355810975,-129.06279736398452,-14.107899,31.952196,0.4542989,49.969902,-18.066822,-15.000033,1.444539,-27.638502,-5.9193707,48.777363,-29.74621,15.000033,2.4555037,2.4409769,21.13188,-30.072243,48.350178,3.9320557,-28.135014,19.21758,-15.26711,10.983415,-29.605656,-4.3977675,25.796606,-35.79293,-34.01906,-3.708633,5.2824636
678,3.5640220642089844,6.922911643981934,67.51025390625,-1.0355426490122253,-11.267890377794874,-129.18489884565275,-14.7970495,32.03361,-0.023385864,50.35004,-17.373625,-15.000033,0.8271639,-27.582518,-5.7487574,49.361153,-31.187958,15.000033,2.1256487,2.2335744,21.569578,-32.67142,50.23553,2.8337052,-27.298466,19.227604,-14.848072,10.133922,-31.758953,-3.3352592,25.358118,-35.29103,-34.368134,-3.811892,4.6744876
679,3.449355125427246,7.4717841148376465,67.37881469726562,-0.7798325983929543,-11.218906278356231,-129.3153230326884,-15.376347,32.074623,-0.37268543,50.46834,-16.46467,-15.000033,0.22251412,-27.5154,-5.5873084,49.755077,-32.32435,15.000033,1.9292709,2.040241,21.982714,-35.22077,51.84963,1.6629779,-26.617296,19.262938,-14.448607,9.246838,-33.588665,-2.1775746,25.08457,-34.927444,-35.10459,-3.847599,4.1244335
680,3.339698076248169,7.988218784332275,67.35053253173828,-0.47713558173008236,-11.147586013716653,-129.53143553783843,-15.642807,32.090664,-0.39701268,50.19103,-15.447339,-15.000033,-0.48158163,-27.480381,-5.3190312,50.15834,-33.083252,15.000033,1.6019137,1.7427938,22.257132,-37.291817,53.23035,0.73729765,-26.104332,19.527882,-14.17554,8.56208,-36.002903,-1.1952205,24.287048,-33.939857,-35.003483,-3.8940532,3.8395638
681,3.25277042388916,8.478553771972656,67.41287231445312,-0.11397766945265914,-11.065215353284916,-129.88942797500843,-15.482816,32.09778,0.01945589,49.437202,-14.349733,-15.000033,-1.3479958,-27.486166,-4.859124,50.63505,-33.397015,15.000033,1.5321503,1.4677249,22.53895,-39.147476,54.291355,-0.07897914,-25.860245,20.049717,-14.079749,8.085693,-37.8321,-0.269303,23.741467,-33.29977,-35.15691,-3.833351,3.7037172
682,3.1921870708465576,8.944299697875977,67.57075500488281,0.29259667290689306,-10.952312805584311,-130.33664816611844,-15.022444,32.08253,0.74371725,48.29645,-13.118708,-15.000033,-2.3043153,-27.506298,-4.281328,51.07101,-33.318947,15.000033,1.5884035,1.2076203,22.769037,-40.730473,55.031487,-0.73541,-25.788311,20.792736,-14.109279,7.685067,-39.518787,0.57576513,23.17885,-32.637093,-35.251877,-3.7091424,3.7250628
683,3.1533334255218506,9.382501602172852,67.82233428955078,0.6990278977362548,-10.79306853044035,-130.78524696725668,-14.433017,32.038322,1.5966487,46.88404,-11.731738,-15.000033,-3.2589731,-27.514233,-3.719118,51.37858,-32.93487,15.000033,1.6597116,0.99846536,22.929789,-42.01296,55.48916,-1.249104,-25.879105,21.570812,-14.176332,7.4774327,-41.13814,1.321725,22.631517,-31.892948,-35.320004,-3.5618646,3.8203812
684,3.1250686645507812,9.804558753967285,68.1554946899414,1.0627675034156223,-10.57339446744218,-131.1470708430626,-13.888802,31.956043,2.4027705,45.32156,-10.172794,-15.000033,-4.12236,-27.489672,-3.307795,51.474693,-32.336254,15.000033,1.6234014,0.85827154,23.01401,-42.985527,55.726395,-1.6514108,-26.111933,22.19245,-14.185132,7.585302,-42.753483,1.9545445,22.144295,-31.029121,-35.391083,-3.4302557,3.903874
685,3.1097757816314697,10.20832347869873,68.5686264038086,1.409165939323603,-10.279923917624856,-131.35844003269042,-13.394534,31.74572,3.1802735,43.52294,-8.348382,-15.000033,-4.809032,-27.4995,-3.1457763,51.238113,-31.510393,15.000033,1.4239339,0.7372194,22.99338,-43.53088,55.783813,-1.9176489,-26.563179,22.513533,-14.091412,8.209874,-44.322025,2.4613917,21.72305,-30.032537,-35.487934,-3.3078704,3.9532015
686,3.1042325496673584,10.593945503234863,69.05193328857422,1.7449344983025266,-9.925179513291923,-131.47829215729146,-12.874015,31.420662,4.013048,41.464466,-6.2991447,-15.000033,-5.3905654,-27.544147,-3.1351838,50.749454,-30.420849,15.000033,1.0952519,0.60857534,22.912195,-43.833744,55.64227,-2.1281734,-27.08916,22.718431,-13.93908,9.246254,-45.812386,2.8514118,21.392723,-28.986212,-35.57313,-3.1739676,4.0029807
687,3.1084508895874023,10.975117683410645,69.57870483398438,2.0134052238516422,-9.530762084414482,-131.60272022469297,-12.380631,31.12989,4.8248763,39.373417,-4.2367086,-15.000033,-6.0061917,-27.508413,-3.1216457,50.22724,-29.124706,15.000033,0.7868647,0.5900303,22.791822,-43.965687,55.341576,-2.2499983,-27.697224,22.890848,-13.7654705,10.341332,-47.269867,3.1247094,21.115717,-27.919422,-35.617188,-3.0559766,4.0723405
688,3.11930251121521,11.354379653930664,70.12567138671875,2.1519206033177665,-9.117359086636078,-131.82886719953208,-11.974162,31.041206,5.5371394,37.492287,-2.3842354,-15.000033,-6.788914,-27.26344,-2.9573221,49.875706,-27.675991,15.000033,0.60715437,0.7734997,22.68097,-44.033092,54.93996,-2.2584164,-28.35431,23.144833,-13.605269,11.149553,-48.738007,3.2905912,20.89241,-26.898554,-35.58241,-2.9777825,4.173707
689,3.1315791606903076,11.728278160095215,70.68248748779297,2.143683834019211,-8.682767566709472,-132.18206426513962,-11.700803,31.207375,6.057292,35.894917,-0.679402,-15.000033,-7.80417,-26.757849,-2.5472014,49.79939,-26.036592,15.000033,0.5520519,1.1645188,22.589737,-44.022976,54.46804,-2.1220427,-29.05956,23.470083,-13.454251,11.593655,-50.227085,3.3638062,20.735226,-25.914331,-35.431076,-2.950553,4.3448877
690,3.1480438709259033,12.090160369873047,71.2401123046875,2.0158115071000458,-8.218364344468744,-132.61151413597707,-11.563869,31.548447,6.448081,34.53729,0.88506347,-15.000033,-8.962395,-26.04492,-1.997709,49.861843,-24.17888,15.000033,0.55598456,1.704097,22.50223,-43.883934,53.931477,-1.8498192,-29.835443,23.806839,-13.296608,11.861212,-51.71607,3.3566756,20.659134,-24.946825,-35.190296,-2.959514,4.568007
691,3.1735823154449463,12.453438758850098,71.79774475097656,1.776070326684833,-7.735945362906364,-133.1030806845166,-11.524732,32.047314,6.877298,33.440056,2.037042,-15.000033,-10.157735,-25.167786,-1.4784045,49.90483,-22.193447,15.000033,0.63377494,2.3773046,22.430199,-43.69583,53.35254,-1.5015858,-30.656862,24.204098,-13.148656,12.005902,-53.20013,3.2775757,20.659916,-24.055233,-34.908478,-2.9901261,4.7721314
692,3.224515199661255,12.812129020690918,72.3470687866211,1.4464011756256796,-7.252113041281478,-133.64391140707184,-11.481682,32.67743,7.534509,32.524532,2.5764186,-15.000033,-11.283689,-24.196451,-1.1651427,49.775105,-20.19094,15.000033,0.8067386,3.1570258,22.385777,-43.55844,52.76246,-1.156384,-31.479591,24.707819,-13.022939,12.085068,-54.6662,3.1333702,20.732592,-23.303768,-34.63651,-3.028025,4.8862057
693,3.291923999786377,13.178510665893555,72.8851547241211,0.9367036616551504,-6.737410563141112,-134.32284141407357,-11.311537,33.61239,8.674072,31.628988,2.3537295,-15.000033,-12.379667,-22.879776,-1.053367,49.32614,-17.98191,15.000033,1.1415323,4.1342554,22.348555,-43.493626,52.174175,-0.8227646,-32.29061,25.372984,-12.917186,12.08566,-56.149754,2.9229996,20.898808,-22.71117,-34.39104,-3.082612,4.890531
694,3.361978054046631,13.550658226013184,73.38996124267578,0.2867439822087485,-6.200709824457482,-135.11607983490234,-11.030543,34.77583,10.171345,30.750214,1.5780611,-15.000033,-13.47046,-21.33071,-1.1236068,48.679184,-15.58738,15.000033,1.6095126,5.2619157,22.313057,-43.464573,51.58995,-0.47814,-33.105476,26.151928,-12.8236,11.991774,-57.6354,2.651016,21.153854,-22.252775,-34.143417,-3.1574214,4.8240294
695,3.418330430984497,13.929012298583984,73.85033416748047,-0.29559304586808766,-5.708271723201377,-135.84353196908742,-10.747266,35.781948,11.616569,30.007874,0.61988646,-15.000033,-14.456008,-20.128925,-1.4725531,48.09342,-13.428561,15.000033,2.079915,6.3054624,22.31451,-43.52078,51.029694,-0.17632174,-33.884186,26.943974,-12.749137,11.859796,-59.050747,2.3350363,21.442524,-21.918999,-33.86534,-3.2313602,4.7052894
696,3.459495782852173,14.3140287399292,74.25324249267578,-0.6221422872852388,-5.319921096749069,-136.33059229215723,-10.619221,36.299572,12.550842,29.56763,-0.18274201,-15.000033,-15.245747,-19.784864,-2.1299205,47.82417,-11.912193,15.000033,2.4253721,7.0459404,22.393494,-43.73102,50.524864,0.008676514,-34.57234,27.64694,-12.692857,11.750333,-60.323284,2.0000653,21.701656,-21.694984,-33.535027,-3.2850978,4.5556426
697,3.487706184387207,14.694969177246094,74.56624603271484,-0.6275568472112629,-5.058751776238429,-136.5390816868133,-10.714453,36.228447,12.777413,29.542524,-0.7943724,-15.000033,-15.809342,-20.566584,-3.2331867,47.923065,-11.307431,15.000033,2.5985265,7.404991,22.59211,-44.133553,50.117188,0.05238567,-35.1529,28.23227,-12.654548,11.676695,-61.489082,1.6604956,21.933533,-21.57975,-33.109947,-3.322023,4.3459272
698,3.504476308822632,15.0743408203125,74.81074523925781,-0.42548573053443783,-4.898482422733251,-136.5459522509368,-10.951284,35.769356,12.517248,29.815834,-1.3661652,-15.000033,-16.155441,-22.120598,-4.691142,48.27006,-11.419522,15.000033,2.6427178,7.4981794,22.893267,-44.698616,49.819996,-0.016200848,-35.636406,28.743547,-12.625968,11.619072,-62.577164,1.322829,22.152512,-21.573397,-32.61932,-3.353557,4.0805655
699,3.503096103668213,15.45144271850586,74.97624969482422,-0.10615560731764771,-4.826567515830913,-136.35422660285215,-11.282164,35.06728,11.929072,30.237928,-1.8667012,-15.000033,-16.260532,-23.99872,-6.1538863,48.846146,-11.961703,15.000033,2.570827,7.411682,23.248919,-45.394764,49.609154,-0.19042858,-35.99931,29.193508,-12.595663,11.584848,-63.515327,0.99887186,22.307693,-21.647297,-32.145943,-3.372462,3.8323383
700,3.477766990661621,15.84036922454834,75.07478332519531,0.24814738850211923,-4.814985905524627,-135.98430917825573,-11.663843,34.266674,11.193786,30.660881,-2.2689443,-15.000033,-16.172892,-25.76178,-7.2364383,49.627537,-12.549642,15.000033,2.4205587,7.231741,23.59156,-46.21398,49.43696,-0.47849944,-36.19541,29.605036,-12.556531,11.575888,-64.23857,0.7010107,22.348368,-21.757318,-31.773977,-3.3702812,3.6753533
701,3.4354419708251953,16.238847732543945,75.1097183227539,0.6789021057976837,-4.855766889273182,-135.39599359591625,-12.114118,33.276108,10.271709,31.060772,-2.604209,-15.000033,-15.960027,-27.486528,-7.8232145,50.7373,-13.214927,15.000033,2.1762235,6.9173126,23.89851,-47.19637,49.271507,-0.90127873,-36.19639,29.972715,-12.518476,11.556442,-64.73649,0.43370137,22.242886,-21.875698,-31.52411,-3.3335547,3.655716
702,3.382634401321411,16.63617706298828,75.08402252197266,1.2164104254268375,-4.966764399771983,-134.598139807714,-12.633112,32.047783,9.120874,31.524477,-2.882276,-15.000033,-15.591476,-29.36931,-8.1033325,52.112514,-14.086652,15.000033,1.8382095,6.445925,24.19754,-48.344677,49.10597,-1.4568071,-36.01461,30.302204,-12.486997,11.529781,-65.05547,0.19494885,22.018278,-22.002567,-31.357964,-3.2702675,3.7277355
703,3.3152918815612793,17.035541534423828,74.99620056152344,1.7652484272913063,-5.140068529895562,-133.69915567846704,-13.162327,30.799866,7.9268165,32.05793,-3.0489323,-15.000033,-15.032853,-31.131147,-8.124709,53.46523,-14.850415,15.000033,1.4846847,5.9341364,24.48523,-49.555054,48.92565,-2.0954075,-35.706833,30.632458,-12.447663,11.554903,-65.21447,-0.013389033,21.718632,-22.129923,-31.271547,-3.2033272,3.826976
704,3.2351396083831787,17.429338455200195,74.85609436035156,2.224518837974232,-5.3602263818398646,-132.80863448531568,-13.659537,29.761814,6.8624554,32.663418,-3.046736,-15.000033,-14.260343,-32.47377,-7.9476895,54.533947,-15.188105,15.000033,1.190597,5.508936,24.758827,-50.71532,48.712433,-2.7558203,-35.32936,31.004393,-12.388397,11.68707,-65.239876,-0.185615,21.393963,-22.244287,-31.261744,-3.1559982,3.8885427
705,3.1419060230255127,17.83023452758789,74.66484832763672,2.621847440237815,-5.650690454527241,-131.89634236438866,-14.077728,28.885275,6.0030937,33.28096,-2.7677016,-15.000033,-13.271646,-33.381855,-7.452301,55.445736,-14.723382,15.000033,0.9346492,5.1518598,25.033716,-51.794174,48.443584,-3.4309156,-34.880436,31.459265,-12.30021,11.985557,-65.111435,-0.31233868,21.041796,-22.30979,-31.376942,-3.1308544,3.8892124
706,3.036003828048706,18.23508071899414,74.42636108398438,2.986924369882573,-6.006424127556975,-130.92722401751504,-14.458629,28.097242,5.2581754,33.932117,-2.281778,-15.000033,-12.074381,-33.96898,-6.675747,56.274918,-13.698463,15.000033,0.6911587,4.827368,25.304312,-52.836365,48.11221,-4.1307755,-34.339653,31.971268,-12.194707,12.39823,-64.83784,-0.3904098,20.6489,-22.327044,-31.606152,-3.1168582,3.866073
707,2.9030685424804688,18.651168823242188,74.1407699584961,3.2099924727883824,-6.366591399707372,-129.99706840694876,-14.917389,27.590456,4.5178394,34.753788,-1.8011878,-15.000033,-10.671433,-34.14449,-5.927285,56.71865,-12.7493,15.000033,0.526422,4.643952,25.535854,-53.792095,47.735836,-4.7960787,-33.78274,32.47662,-12.089121,12.814667,-64.48197,-0.42715135,20.245113,-22.34156,-31.857815,-3.1175225,3.843991
708,2.7449350357055664,19.065555572509766,73.81340026855469,3.187384537035734,-6.671686589328442,-129.19581497762687,-15.565974,27.537943,3.6511202,35.870426,-1.525061,-15.000033,-9.084494,-33.837517,-5.486552,56.49243,-12.527071,15.000033,0.49220362,4.70391,25.702732,-54.620792,47.349064,-5.3654766,-33.2815,32.905968,-12.003729,13.126918,-64.10402,-0.43268466,19.868544,-22.407738,-32.038597,-3.134711,3.8447385
709,2.551971673965454,19.50154685974121,73.4490966796875,2.790294400589561,-6.913820373355079,-128.54081038623744,-16.481596,28.091736,2.4728577,37.329163,-1.425008,-15.000033,-7.1407056,-32.714115,-5.3277464,55.195286,-13.229383,15.000033,0.60543275,5.132853,25.794014,-55.271248,46.972347,-5.8288155,-32.85891,33.231834,-11.942478,13.342029,-63.667503,-0.4075972,19.5214,-22.555082,-32.121437,-3.171923,3.8828113
710,2.326430320739746,19.95760726928711,73.02190399169922,2.112457969073121,-7.146423073361114,-127.9522805001758,-17.571264,29.070017,1.034435,38.994976,-1.3837786,-15.000033,-4.8862824,-30.873045,-5.183987,53.081295,-14.537437,15.000033,0.79419214,5.831691,25.849426,-55.773315,46.611378,-6.209594,-32.484913,33.48403,-11.892942,13.509108,-63.156944,-0.34682256,19.19256,-22.760656,-32.15175,-3.2256746,3.9406676
711,2.0879323482513428,20.40378761291504,72.53620147705078,1.3979827543474836,-7.377188824354584,-127.39871647609772,-18.706541,30.160902,-0.4174129,40.738113,-1.4735384,-15.000033,-2.7138987,-28.911804,-5.0112705,50.870094,-16.310509,15.000033,1.0070083,6.5612235,25.897425,-56.16692,46.286064,-6.4833865,-32.185356,33.680294,-11.853816,13.5884,-62.659447,-0.25482267,18.894205,-22.997576,-32.145836,-3.2884462,3.993012
712,1.8671108484268188,20.818666458129883,72.01557922363281,0.8747969815634903,-7.57898664352454,-126.89250154112577,-19.795841,31.123718,-1.5859066,42.492702,-1.7957145,-15.000033,-1.0473903,-27.472652,-4.962946,49.306232,-18.369427,15.000033,1.2311023,7.0994925,25.942886,-56.492004,46.025803,-6.617142,-31.987236,33.834057,-11.82281,13.541568,-62.26018,-0.14099632,18.646467,-23.25089,-32.119324,-3.3520055,4.0130363
713,1.6792168617248535,21.204792022705078,71.44912719726562,0.6395375368678083,-7.698353925777072,-126.4531491763195,-20.896038,31.950613,-2.3152971,44.334713,-2.4845986,-15.000033,-0.086273916,-26.818575,-5.2761674,48.653748,-20.843409,15.000033,1.4990638,7.355379,25.93694,-56.76185,45.859444,-6.583769,-31.908316,33.935394,-11.788733,13.280459,-61.96363,-0.011162874,18.457474,-23.547491,-32.05454,-3.4201264,3.9965944
714,1.5201336145401,21.570941925048828,70.83782196044922,0.5512552733368484,-7.747041197011311,-126.09580793225669,-22.055414,32.801556,-2.7840939,46.29899,-3.4652183,-15.000033,0.3965959,-26.596844,-5.9032764,48.513374,-23.742634,15.000033,1.8217065,7.4613194,25.887117,-56.934517,45.796608,-6.3912497,-31.95176,33.97062,-11.751938,12.857558,-61.728767,0.1382538,18.322165,-23.900558,-31.946129,-3.493917,3.9541957
715,1.400163173675537,21.922019958496094,70.212158203125,0.47204200832204024,-7.777050425531858,-125.84447311621788,-23.182884,33.72934,-3.1772833,48.2837,-4.539003,-15.000033,0.6039903,-26.543722,-6.6864495,48.653152,-26.680042,15.000033,2.1741903,7.551494,25.86771,-56.936108,45.83195,-6.046966,-32.147045,33.9511,-11.727221,12.443749,-61.572548,0.30958042,18.236769,-24.265425,-31.82856,-3.5625196,3.8827996
716,1.3235143423080444,22.252796173095703,69.59246063232422,0.2692085592308297,-7.839451234233324,-125.72150360872476,-24.183912,34.769375,-3.6786113,50.1726,-5.4987245,-15.000033,0.73878175,-26.377748,-7.429244,48.830585,-29.28075,15.000033,2.5301654,7.761063,25.950521,-56.732327,45.94989,-5.5739856,-32.48742,33.888245,-11.732954,12.207201,-61.51238,0.5042867,18.198334,-24.598877,-31.736712,-3.6148381,3.7791886
717,1.282164216041565,22.56606674194336,69.00497436523438,-0.14986624019757117,-7.965248410511319,-125.79818884694217,-25.077106,36.07976,-4.394864,52.046562,-6.3997407,-15.000033,0.8574504,-26.001421,-8.209294,48.941917,-31.526236,15.000033,2.9520557,8.211917,26.185131,-56.276024,46.14486,-4.9499426,-33.028244,33.789936,-11.793677,12.269319,-61.576965,0.7215359,18.19615,-24.905504,-31.663399,-3.635135,3.6240542
718,1.2662405967712402,22.852617263793945,68.46529388427734,-0.6998634114945669,-8.129868308469153,-126.04314472975673,-25.897388,37.596546,-5.2301936,53.910896,-7.3162465,-15.000033,0.8658883,-25.576025,-9.097398,49.12127,-33.58738,15.000033,3.4302387,8.814033,26.52353,-55.594437,46.416424,-4.167312,-33.74448,33.648434,-11.897804,12.51253,-61.754337,0.96058464,18.23436,-25.197838,-31.59674,-3.6336946,3.425337
719,1.266586422920227,23.106964111328125,67.98788452148438,-1.2422267979257366,-8.29077729312703,-126.32166096721078,-26.576996,39.01223,-6.0337715,55.546803,-8.058505,-15.000033,0.7318082,-25.184391,-9.866509,49.470695,-35.377674,15.000033,3.8408964,9.379765,26.880636,-54.730404,46.74687,-3.267872,-34.55554,33.459553,-12.003041,12.746118,-61.985336,1.222015,18.323004,-25.451057,-31.566336,-3.6384962,3.22126
720,1.2728898525238037,23.34756088256836,67.57449340820312,-1.6387199017855676,-8.394324298959607,-126.49571688782062,-27.0443,40.020588,-6.620653,56.756157,-8.436878,-15.000033,0.41404638,-24.910208,-10.283517,50.099785,-36.80626,15.000033,4.071192,9.718793,27.16324,-53.709118,47.109802,-2.2873168,-35.40643,33.215504,-12.066078,12.778474,-62.204285,1.5022724,18.467772,-25.63596,-31.603321,-3.6784115,3.052611
721,1.3000792264938354,23.55938720703125,67.20756530761719,-1.8373825351095388,-8.404815823303428,-126.58335320743885,-27.29709,40.424377,-7.090193,57.617027,-8.184594,-15.000033,-0.28749427,-24.761156,-10.090675,51.269703,-37.80341,15.000033,4.126319,9.778689,27.35221,-52.51951,47.494846,-1.1942939,-36.28972,32.91435,-12.070232,12.517392,-62.39251,1.8117733,18.689219,-25.729338,-31.74137,-3.7756383,2.888902
722,1.3490387201309204,23.733318328857422,66.87850952148438,-1.912876895266393,-8.35395874599548,-126.6371210235066,-27.358227,40.434853,-7.4454274,58.21361,-7.473316,-15.000033,-1.2809097,-24.701536,-9.470343,52.846333,-38.432087,15.000033,4.0508375,9.656068,27.497965,-51.181065,47.89427,0.002914563,-37.206776,32.574535,-12.039851,12.077732,-62.58372,2.155323,18.979702,-25.748507,-31.956848,-3.9097614,2.7224007
723,1.4052027463912964,23.8467960357666,66.60130310058594,-1.9222869502166402,-8.28055501647652,-126.5718034236766,-27.201117,40.355755,-7.3640995,58.3725,-6.765596,-15.000033,-2.1788964,-24.740406,-8.8461895,54.337784,-38.81657,15.000033,3.811851,9.389002,27.60088,-49.80704,48.278866,1.1867225,-38.086975,32.209713,-11.993902,11.577615,-62.7796,2.5059252,19.296474,-25.732399,-32.196976,-4.0458646,2.6288679
724,1.4597094058990479,23.89173126220703,66.41463470458984,-1.9276051904087559,-8.219091164319304,-126.29999395941725,-26.803453,40.468285,-6.5534215,57.908924,-6.5131984,-15.000033,-2.607092,-24.880672,-8.654341,55.250416,-39.07611,15.000033,3.3982024,9.026957,27.646532,-48.572594,48.605064,2.1902514,-38.823814,31.839705,-11.954023,11.133123,-62.969833,2.8079245,19.58569,-25.732857,-32.403015,-4.149185,2.6847208
725,1.5268292427062988,23.879703521728516,66.31536102294922,-1.920130692227791,-8.20229344587628,-125.74577840287537,-25.950089,40.91271,-4.5018425,56.504013,-6.995165,-15.000033,-2.4105725,-25.176266,-9.0510645,55.46537,-39.23897,15.000033,2.7668788,8.533449,27.634037,-47.619442,48.817085,2.8442268,-39.311726,31.507767,-11.929932,10.686935,-63.090305,2.9952886,19.832281,-25.799858,-32.530594,-4.2251167,2.9386406
726,1.6084011793136597,23.831310272216797,66.30257415771484,-1.8636288395098186,-8.190877216101153,-124.96321403936611,-24.666697,41.38273,-1.4832984,54.32553,-7.8729444,-15.000033,-1.8255523,-25.613144,-9.804542,55.252872,-39.242577,15.000033,2.0064456,7.9192033,27.525702,-46.93154,48.893963,3.1706038,-39.590656,31.20121,-11.914432,10.198173,-63.109066,3.023928,20.034878,-25.936441,-32.60788,-4.284019,3.3398566
727,1.7020632028579712,23.73827362060547,66.35331726074219,-1.7982782589740443,-8.116760875255892,-124.06805288880132,-23.338236,41.561275,1.5581299,51.91357,-8.7095375,-15.000033,-1.0483882,-26.078266,-10.7765,54.68239,-39.065044,15.000033,1.2315742,7.2915287,27.3009,-46.513256,48.8708,3.2717195,-39.679512,30.909466,-11.9039345,9.815458,-63.10318,2.9211335,20.20561,-26.122551,-32.68127,-4.2956386,3.806868
728,1.801850438117981,23.591232299804688,66.4631118774414,-1.776767148388683,-7.925279434859965,-123.19140613339844,-22.431932,41.32391,3.6219864,49.836735,-9.126038,-15.000033,-0.2695774,-26.439678,-11.809724,53.822304,-38.68393,15.000033,0.5844257,6.7861724,26.957485,-46.384327,48.771893,3.2400713,-39.598682,30.616858,-11.895212,9.687921,-63.124878,2.6850934,20.352095,-26.371067,-32.792385,-4.228139,4.254049
729,1.912846565246582,23.412681579589844,66.65370178222656,-1.8565290910075791,-7.58895143836295,-122.35041388605347,-22.128534,40.742264,4.34054,48.18386,-9.113767,-15.000033,0.47361302,-26.612085,-12.903846,52.66326,-38.099854,15.000033,0.04266883,6.452168,26.460419,-46.563072,48.640274,3.0781949,-39.30393,30.302,-11.895879,9.943414,-63.23239,2.379837,20.482473,-26.632504,-32.988495,-4.062551,4.711746
730,2.042191982269287,23.216442108154297,66.92317962646484,-1.9961642059036524,-7.148812435848657,-121.49257175298155,-22.17712,39.966732,4.25317,46.680485,-8.890662,-15.000033,1.2879496,-26.661917,-14.120576,51.17077,-37.321594,15.000033,-0.4693265,6.213993,25.84295,-46.979507,48.48922,2.792744,-38.83351,29.963192,-11.9038515,10.478396,-63.403202,2.0202208,20.59821,-26.90202,-33.24262,-3.8228738,5.2095256
731,2.1778197288513184,23.00663948059082,67.25680541992188,-2.1176353155158028,-6.666568065280182,-120.64413094265684,-22.413908,39.070972,3.7369142,45.369312,-8.445324,-15.000033,2.2021148,-26.674994,-15.3936405,49.370594,-36.341763,15.000033,-0.90069336,5.9912214,25.201048,-47.604637,48.324116,2.4151683,-38.24467,29.6262,-11.892785,11.099448,-63.61874,1.6127757,20.66578,-27.197979,-33.503624,-3.5543947,5.6805477
732,2.3255631923675537,22.78656578063965,67.6502914428711,-2.1413015492647824,-6.200794802516355,-119.82637013641518,-22.694014,38.091114,3.1742833,44.28757,-7.745076,-15.000033,3.2454643,-26.738882,-16.669987,47.291714,-35.149857,15.000033,-1.2022008,5.699619,24.625946,-48.415436,48.144115,1.9729916,-37.5874,29.319153,-11.834933,11.612159,-63.858665,1.1578892,20.651789,-27.535723,-33.71679,-3.300383,6.0565414
733,2.488274097442627,22.551189422607422,68.10517120361328,-2.071492739685147,-5.7697932306318345,-119.00187288458777,-23.073526,37.01285,2.576692,43.523434,-6.707074,-15.000033,4.5072126,-26.799103,-18.02587,44.809864,-33.735264,15.000033,-1.3919575,5.327376,24.141397,-49.439537,47.950657,1.4688007,-36.86083,29.045696,-11.698588,11.994161,-64.15502,0.64936996,20.53436,-27.944193,-33.90524,-3.0554223,6.3261156
734,2.6492841243743896,22.291908264160156,68.63066864013672,-1.9366377258923757,-5.339539899494395,-118.16854267055213,-23.602888,35.811237,1.794749,43.031773,-5.354227,-15.000033,5.9433722,-26.798515,-19.477957,41.93523,-32.096386,15.000033,-1.4926083,4.905264,23.698353,-50.690517,47.74334,0.8853281,-36.02987,28.792692,-11.505376,12.341335,-64.504074,0.088424504,20.340376,-28.410969,-34.0835,-2.8011394,6.5226374
735,2.824565887451172,22.00933837890625,69.20746612548828,-1.699588832235854,-4.892971768545651,-117.39846662481774,-24.138414,34.485947,0.9611603,42.643246,-3.819624,-15.000033,7.3798714,-26.835657,-20.889612,38.914368,-30.249632,15.000033,-1.457498,4.414701,23.273989,-52.064762,47.514397,0.25217575,-35.14506,28.555082,-11.305757,12.635463,-64.83129,-0.51253396,20.105593,-28.888048,-34.186817,-2.5604336,6.644932
736,3.0206751823425293,21.703859329223633,69.82279968261719,-1.3216953473944864,-4.416478667772032,-116.7639887337516,-24.534042,33.04521,0.19970335,42.18748,-2.2455678,-15.000033,8.64456,-27.04035,-22.12225,36.011627,-28.220484,15.000033,-1.245411,3.8416507,22.850336,-53.433956,47.25397,-0.3813608,-34.2743,28.33065,-11.152521,12.854669,-65.08045,-1.1331772,19.87192,-29.307697,-34.153465,-2.3564422,6.6918235
737,3.245213508605957,21.380695343017578,70.46581268310547,-0.7691983902188059,-3.895217491339853,-116.2860545575186,-24.746832,31.401236,-0.5416094,41.591187,-0.50253385,-15.000033,9.763882,-27.425972,-23.141771,33.084812,-25.87982,15.000033,-0.83350474,3.1527603,22.417353,-54.76972,46.953953,-0.99465626,-33.436825,28.077494,-11.04781,12.959117,-65.22815,-1.7547606,19.636429,-29.664951,-33.906418,-2.2053022,6.6237965
738,3.490712881088257,21.050622940063477,71.11447143554688,-0.06773814098202556,-3.344674999132849,-115.92278457740557,-24.848171,29.577456,-1.2940096,40.943634,1.4280064,-15.000033,10.793021,-27.934618,-24.024853,30.072624,-23.258812,15.000033,-0.25900087,2.362028,21.993315,-56.090347,46.61638,-1.5827928,-32.627834,27.8152,-10.968028,12.966187,-65.33389,-2.3719351,19.386719,-29.956337,-33.50651,-2.0939872,6.4563427
739,3.771524429321289,20.709884643554688,71.75121307373047,0.7185228261077329,-2.7999800050162955,-115.65256578077891,-24.870768,27.755934,-1.9157963,40.321793,3.2476301,-15.000033,11.602767,-28.623114,-24.788258,27.405645,-20.67336,15.000033,0.42704308,1.5321914,21.610899,-57.383945,46.25148,-2.138773,-31.833618,27.634296,-10.933168,12.940628,-65.46309,-2.9835467,19.146229,-30.12718,-33.09705,-2.0001361,6.269301
740,4.0916643142700195,20.352981567382812,72.34854888916016,1.5268505572880577,-2.2932335327649134,-115.45388667581614,-24.856293,26.114285,-2.272781,39.80816,4.6713147,-15.000033,12.059735,-29.575403,-25.436462,25.560143,-18.485567,15.000033,1.1732033,0.7307453,21.301336,-58.63567,45.87382,-2.6526468,-31.042727,27.620703,-10.962298,12.947552,-65.67884,-3.5903766,18.938572,-30.128407,-32.818756,-1.8994294,6.142013
741,4.446727752685547,19.978302001953125,72.90284729003906,2.3985933858131077,-1.8127606984387898,-115.35945154206921,-24.81096,24.642792,-2.273139,39.503513,5.533933,-15.000033,12.054261,-31.006048,-25.962566,24.733988,-16.7303,15.000033,2.0085921,-0.06825059,21.058128,-59.831455,45.492176,-3.1122544,-30.246115,27.865524,-11.082195,13.009873,-65.99749,-4.190819,18.7741,-29.91889,-32.731102,-1.7839139,6.116106
742,4.82141637802124,19.59180450439453,73.41325378417969,3.3514592450525984,-1.3485975864060464,-115.36539395972143,-24.712763,23.246416,-2.0036376,39.32975,6.046285,-15.000033,11.651996,-32.856762,-26.295208,24.72144,-15.314414,15.000033,2.9422603,-0.895445,20.880442,-60.97552,45.10998,-3.522507,-29.45807,28.296463,-11.273844,13.093516,-66.391365,-4.780697,18.640902,-29.53227,-32.75246,-1.6669955,6.1429324
743,5.201216220855713,19.210472106933594,73.86592864990234,4.286578307157915,-0.9343777772136851,-115.3996094640292,-24.55706,21.958685,-1.6208435,39.12503,6.4013004,-15.000033,11.012562,-34.809505,-26.38151,25.330477,-14.310676,15.000033,3.8956294,-1.6868114,20.797537,-62.092632,44.735733,-3.9051518,-28.68807,28.749228,-11.487811,13.1780205,-66.85933,-5.3593106,18.534836,-29.033848,-32.808258,-1.5555624,6.1672854
744,5.592207431793213,18.850465774536133,74.26481628417969,5.09428009630309,-0.6016866148530511,-115.39176988398734,-24.352652,20.829634,-1.2840818,38.73835,6.797455,-15.000033,10.333751,-36.520184,-26.224844,26.304861,-13.745177,15.000033,4.7926397,-2.3695378,20.83024,-63.173836,44.375263,-4.2730875,-27.98495,29.066418,-11.671609,13.244815,-67.38938,-5.9259267,18.450415,-28.497969,-32.822155,-1.4555901,6.132339
745,5.986494541168213,18.499860763549805,74.61636352539062,5.76470957277765,-0.3473384525504638,-115.35210111926274,-24.126043,19.903046,-0.93610823,38.21295,7.240545,-15.000033,9.597218,-38.004078,-25.84616,27.687824,-13.665594,15.000033,5.646246,-2.9258754,20.987206,-64.2541,44.048256,-4.630707,-27.34637,29.1617,-11.819336,13.279426,-68.02214,-6.482335,18.401049,-27.886246,-32.792213,-1.3577085,6.027383
746,6.376444339752197,18.150156021118164,74.91413879394531,6.348345681034358,-0.1554271615360334,-115.30868533453167,-23.8694,19.138556,-0.5284271,37.61197,7.6328726,-15.000033,8.766506,-39.38155,-25.248428,29.460775,-13.954152,15.000033,6.483444,-3.3933403,21.253487,-65.33852,43.76077,-4.977016,-26.747343,29.124212,-11.953445,13.29773,-68.74249,-7.025109,18.384453,-27.192541,-32.74843,-1.2619603,5.879911
747,6.7590155601501465,17.807186126708984,75.16737365722656,6.801749387068605,-0.030427387224079352,-115.22617536608894,-23.559135,18.495207,-0.24587229,36.828144,8.016308,-15.000033,8.001811,-40.452538,-24.458702,31.3224,-14.409337,15.000033,7.2561135,-3.7511046,21.596052,-66.40123,43.486794,-5.3206677,-26.168825,29.057106,-12.069263,13.321312,-69.45968,-7.5453525,18.377655,-26.52544,-32.667606,-1.1886456,5.6917357
748,7.113244533538818,17.48786735534668,75.3794937133789,6.840169894719249,0.11543840962616363,-115.15187750893702,-23.328197,18.242884,-0.38055265,35.82855,8.411474,-15.000033,7.245042,-40.605007,-23.473288,32.969303,-14.851984,13.756411,7.99225,-3.7577467,21.869692,-67.35689,43.17515,-5.6480336,-25.635744,29.092295,-12.161533,13.371919,-70.07137,-8.037436,18.364502,-26.00453,-32.531452,-1.1599976,5.467299
749,7.461701393127441,17.166542053222656,75.53117370605469,6.853243024416863,0.09256170406259022,-114.93757280326724,-22.841316,17.820631,-0.8874262,34.316647,8.897174,-15.000033,6.9048934,-40.477005,-22.360592,34.542747,-15.374702,13.20891,8.558654,-3.765318,22.276733,-68.26833,42.793446,-5.9964457,-25.10413,29.272781,-12.222584,13.456698,-70.63301,-8.503355,18.335688,-25.582546,-32.318443,-1.1947536,5.1896377
750,7.811547756195068,16.83708953857422,75.6247329711914,6.820059455902476,-0.07175474111206112,-114.61844067980691,-22.150223,17.331865,-1.6663231,32.407642,9.436699,-15.000033,6.8510594,-40.110954,-21.115381,36.19515,-16.065582,13.260821,9.011735,-3.7340326,22.798159,-69.20229,42.342728,-6.373853,-24.529634,29.519594,-12.264455,13.554337,-71.16536,-8.95282,18.29447,-25.210493,-32.052574,-1.2787597,4.866791
751,8.14516830444336,16.49906349182129,75.6676254272461,6.745558551649926,-0.30471812682817845,-114.21713323012338,-21.375654,16.892176,-2.5061357,30.392372,9.966869,-15.000033,6.992329,-39.573933,-19.88517,37.82803,-16.794378,13.64682,9.373743,-3.6797276,23.34355,-70.04518,41.79903,-6.748598,-23.962755,29.827816,-12.310449,13.640714,-71.5777,-9.379931,18.211641,-24.939463,-31.766245,-1.378618,4.5318832
752,8.463248252868652,16.139263153076172,75.66063690185547,6.641122248387749,-0.5316050154138869,-113.75300864504598,-20.650312,16.588383,-3.1816916,28.568811,10.422692,-15.000033,7.246122,-38.93585,-18.819283,39.309254,-17.403112,14.098333,9.6776905,-3.6150486,23.816544,-70.750916,41.141136,-7.0956306,-23.39442,30.157606,-12.393551,13.6821375,-71.78478,-9.774132,18.058868,-24.802069,-31.504587,-1.4611064,4.220975
753,8.772225379943848,15.76730728149414,75.61033630371094,6.502021305261545,-0.754077039637045,-113.19133893217209,-19.99298,16.460081,-3.5910122,26.908669,10.918545,-15.000033,7.6683273,-38.177273,-17.98886,40.596447,-17.88229,14.572687,9.888439,-3.5469759,24.207273,-71.270485,40.329327,-7.407699,-22.830908,30.575344,-12.531049,13.654211,-71.77026,-10.126597,17.831615,-24.806896,-31.249146,-1.509753,3.9363241
754,9.072534561157227,15.387887954711914,75.51144409179688,6.310042169263588,-0.9973554069595547,-112.53784715032698,-19.351976,16.45345,-3.8622727,25.29155,11.439188,-15.000033,8.2589855,-37.235096,-17.31419,41.75052,-18.30898,15.000033,10.034566,-3.4418185,24.541677,-71.705246,39.37684,-7.697246,-22.212101,31.029446,-12.717301,13.566071,-71.57463,-10.451053,17.538254,-24.905968,-31.000816,-1.5470673,3.6681182
755,9.359001159667969,15.002888679504395,75.37223052978516,5.953266098654865,-1.1914212227571293,-111.89981658040419,-18.837456,16.642063,-4.1563354,23.95733,11.692271,-15.000033,8.809144,-35.978565,-16.705065,42.756042,-18.62308,15.000033,10.198247,-3.1889749,24.75556,-72.02082,38.304142,-7.9666333,-21.616074,31.489435,-12.919052,13.466165,-71.20357,-10.750326,17.188004,-25.104004,-30.800587,-1.5941167,3.4211574
756,9.63719654083252,14.60726261138916,75.18998718261719,5.5743568912418535,-1.34348521621671,-111.31260047374016,-18.390152,16.79627,-4.5359464,23.007559,11.455117,-15.000033,9.273076,-34.67757,-16.087646,43.636955,-18.782597,15.000033,10.407349,-2.9080446,24.885838,-72.251816,37.155334,-8.229384,-21.066162,31.871782,-13.108929,13.395396,-70.68328,-11.019902,16.780005,-25.372452,-30.69755,-1.67077,3.2010596
757,9.916004180908203,14.205294609069824,74.97071838378906,5.153092059151298,-1.4288403227615376,-110.77918296531644,-18.006012,16.92871,-5.08397,22.513878,10.658444,-15.000033,9.5974865,-33.213444,-15.306016,44.354763,-18.704039,15.000033,10.662644,-2.5854785,24.90146,-72.345474,35.94965,-8.469091,-20.5808,32.09807,-13.274128,13.388902,-69.970245,-11.239859,16.30536,-25.732628,-30.718494,-1.7914823,2.9963007
758,10.191356658935547,13.804574012756348,74.71192169189453,4.6876772963843845,-1.4711335823894331,-110.2651500848459,-17.672499,17.078953,-5.7247114,22.375854,9.441922,-15.000033,9.870441,-31.598543,-14.46636,44.916065,-18.448614,15.000033,10.922125,-2.2295902,24.821358,-72.30353,34.69433,-8.687878,-20.151499,32.216145,-13.42818,13.41918,-69.08395,-11.398074,15.766598,-26.179386,-30.831049,-1.9416163,2.8069997
759,10.478567123413086,13.383859634399414,74.3775634765625,4.2293283175679335,-1.5112031491413425,-109.787410472171,-17.416103,17.2131,-6.3418913,22.54007,7.8449054,-15.000033,10.165558,-30.121075,-13.85948,45.406986,-18.173256,15.000033,11.180768,-1.889692,24.711246,-72.23344,33.426662,-8.921788,-19.76336,32.33382,-13.5787,13.438977,-68.12933,-11.50379,15.184169,-26.680891,-30.997538,-2.0978668,2.6552217
760,10.77029037475586,12.959845542907715,73.9821548461914,3.83205001579151,-1.5866321840955617,-109.36598652164247,-17.267006,17.293205,-6.8158436,22.949177,5.909672,-15.000033,10.532646,-29.079063,-13.746898,45.921196,-18.016,15.000033,11.433041,-1.6210814,24.639492,-72.24124,32.200348,-9.199945,-19.406078,32.55161,-13.729247,13.4056015,-67.202286,-11.579507,14.570954,-27.223518,-31.166233,-2.236621,2.561235
761,11.069535255432129,12.537556648254395,73.55598449707031,3.461139903276888,-1.687613223096915,-109.02220271951187,-17.258947,17.348354,-7.090056,23.619123,3.4141417,-15.000033,10.985057,-28.560946,-14.321245,46.42808,-17.945383,15.000033,11.682932,-1.3907697,24.58236,-72.29303,31.053518,-9.500586,-19.122427,32.878613,-13.86416,13.317183,-66.27118,-11.626656,13.930285,-27.842724,-31.32481,-2.3531623,2.527232
762,11.36602783203125,12.133007049560547,73.1045150756836,3.1047350904618827,-1.796216191865869,-108.74466294377935,-17.392181,17.376646,-7.23182,24.595703,0.40442166,-15.000033,11.48438,-28.424513,-15.3759365,46.90681,-17.883516,15.000033,11.919794,-1.1951466,24.52456,-72.33642,29.992718,-9.807599,-18.929039,33.25222,-13.980516,13.201279,-65.30466,-11.631442,13.262894,-28.551416,-31.491282,-2.4573355,2.5373664
763,11.6490478515625,11.748809814453125,72.61956024169922,2.8498349591611665,-1.938414085597436,-108.50309843437877,-17.653465,17.289715,-7.313575,25.882202,-2.680714,-15.000033,12.002285,-28.614607,-16.57038,47.461315,-17.896572,15.000033,12.124218,-1.1324561,24.545694,-72.46601,29.028135,-10.153869,-18.756277,33.644363,-14.103329,13.057301,-64.39189,-11.609633,12.562698,-29.3079,-31.649292,-2.549965,2.5895524
764,11.910958290100098,11.387093544006348,72.11549377441406,2.7844734858872395,-2.1440484620586897,-108.2652744822215,-18.003748,17.003248,-7.4090986,27.45231,-5.3924394,-15.000033,12.508201,-29.073212,-17.565498,48.19125,-18.067083,15.000033,12.2824955,-1.3013171,24.733253,-72.77937,28.163992,-10.578285,-18.531694,34.02964,-14.255105,12.888147,-63.599857,-11.594751,11.819327,-30.095293,-31.7787,-2.6296766,2.6789603
765,12.158649444580078,11.06680965423584,71.60326385498047,2.991420533923992,-2.4419031396930597,-108.00111081750475,-18.477451,16.411253,-7.5502853,29.430386,-7.653936,-15.000033,13.040149,-29.910292,-18.317265,49.147617,-18.512535,15.000033,12.384935,-1.8050281,25.160946,-73.35233,27.40396,-11.124023,-18.255466,34.424847,-14.456503,12.664162,-62.942917,-11.61451,10.991301,-30.97474,-31.874163,-2.699562,2.8245592
766,12.38894271850586,10.797736167907715,71.12870025634766,3.403961016582947,-2.8142571316312797,-107.7366902641311,-19.060816,15.575993,-7.684082,31.760538,-9.685106,-15.000033,13.612634,-31.11842,-18.991598,50.255943,-19.163393,15.000033,12.456412,-2.5644157,25.777159,-74.118706,26.738611,-11.763012,-17.964268,34.83254,-14.687532,12.399086,-62.357105,-11.672814,10.08855,-31.96954,-31.932219,-2.7548974,3.0180867
767,12.610101699829102,10.5689115524292,70.69126892089844,3.8864252780273016,-3.2190834846286642,-107.52326026296316,-19.624329,14.678994,-7.766232,34.12366,-11.4714365,-15.000033,14.149939,-32.457058,-19.562809,51.4213,-19.82489,15.000033,12.535576,-3.4030378,26.476591,-74.96404,26.150375,-12.420948,-17.633455,35.198654,-14.913354,12.15661,-61.807648,-11.775331,9.179922,-32.981697,-31.935736,-2.7874336,3.2163675
768,12.829582214355469,10.357340812683105,70.28427124023438,4.305032918732944,-3.610718826081606,-107.41009999377287,-20.046436,13.915307,-7.7667127,36.21509,-13.000981,-15.000033,14.566578,-33.680046,-20.001657,52.55837,-20.302567,15.000033,12.653248,-4.140623,27.15227,-75.76604,25.616865,-13.020824,-17.245436,35.47714,-15.09894,11.9980345,-61.261536,-11.928898,8.3340025,-33.91077,-31.866163,-2.785652,3.375756
769,13.036600112915039,10.152027130126953,69.92245483398438,4.68051891290374,-4.02336263692062,-107.38084772578192,-20.310102,13.269393,-7.712457,38.070644,-14.240752,-15.000033,14.900124,-34.78222,-20.288425,53.687984,-20.582747,15.000033,12.823475,-4.7888393,27.849905,-76.56454,25.11534,-13.570257,-16.754604,35.64184,-15.241388,11.940921,-60.698658,-12.156341,7.5267415,-34.752678,-31.67594,-2.7401783,3.4618506
770,13.214863777160645,9.953311920166016,69.6392593383789,5.064936094529099,-4.464058865809888,-107.41982653767425,-20.467003,12.6741085,-7.6201096,39.8097,-15.205479,-15.000033,15.172219,-35.868614,-20.439444,54.833443,-20.756325,15.000033,13.042356,-5.4144278,28.603085,-77.399765,24.633444,-14.098485,-16.18445,35.73131,-15.35904,11.949711,-60.128147,-12.469566,6.7292457,-35.56537,-31.385487,-2.656167,3.5017684
771,13.374892234802246,9.772448539733887,69.45639038085938,5.379939430325121,-4.844327066098798,-107.5730966578049,-20.512821,12.247763,-7.4549394,41.27181,-15.96153,-15.000033,15.25912,-36.851227,-20.47367,55.93616,-20.785105,15.000033,13.301216,-5.918516,29.281778,-78.15966,24.17762,-14.5642605,-15.612649,35.792892,-15.450442,12.003676,-59.574097,-12.846401,6.017115,-36.321037,-31.096104,-2.545258,3.5449455
772,13.516672134399414,9.60245418548584,69.37483215332031,5.545970215771741,-5.0768185515547355,-107.88408984343826,-20.448107,12.102393,-7.1763563,42.29705,-16.574154,-15.000033,15.038429,-37.6407,-20.408854,56.934376,-20.631142,15.000033,13.568774,-6.207369,29.750916,-78.728165,23.777206,-14.9242935,-15.119342,35.87194,-15.514306,12.079722,-59.07844,-13.240288,5.474577,-36.966488,-30.916962,-2.4209473,3.6442673
773,13.653363227844238,9.42502212524414,69.37992095947266,5.467865985918972,-5.067297616819843,-108.41139151225548,-20.338043,12.366794,-6.770123,42.84029,-17.067713,-15.000033,14.335537,-38.156715,-20.235384,57.84013,-20.189978,15.000033,13.826734,-6.1952977,29.793802,-78.9503,23.468027,-15.1380205,-14.725518,35.99238,-15.548775,12.205524,-58.654766,-13.607074,5.1791067,-37.397102,-30.895823,-2.273654,3.8418255
774,13.783681869506836,9.2505464553833,69.45195770263672,5.225830658838314,-4.960513013134307,-109.11978626784787,-20.069246,12.930094,-6.247371,42.9787,-17.411438,-15.000033,13.357892,-38.46655,-19.95995,58.650764,-19.505997,15.000033,14.097586,-5.9797997,29.793802,-79.11937,23.290035,-15.255124,-14.398325,36.123444,-15.54304,12.358494,-58.374905,-13.958197,5.0369153,-37.766426,-31.016184,-2.1024761,4.135486
775,13.90262222290039,9.07576847076416,69.59288787841797,4.951594300949926,-4.811650581871491,-109.89372294076448,-19.657898,13.583745,-5.6336536,42.786205,-17.577972,-15.000033,12.255193,-38.66842,-19.578215,59.364346,-18.784437,15.000033,14.287691,-5.7098985,29.714716,-79.14751,23.243448,-15.310543,-14.158672,36.207424,-15.513077,12.50995,-58.19118,-14.27472,5.0325837,-38.006077,-31.189566,-1.9456714,4.426529
776,14.008949279785156,8.915027618408203,69.79014587402344,4.7779816452201995,-4.690579489960315,-110.61821595107591,-19.100914,14.116028,-4.9566045,42.33412,-17.54419,-15.000033,11.197967,-38.862457,-19.082386,59.971188,-18.225365,15.000033,14.319266,-5.5341725,29.58958,-79.01914,23.30973,-15.35127,-14.0015545,36.197716,-15.473931,12.623841,-58.060936,-14.5263195,5.1431727,-38.086937,-31.35586,-1.840881,4.6259723
777,14.086185455322266,8.758074760437012,70.03349304199219,4.83395064609723,-4.657204398261427,-111.25106859443638,-18.260254,14.362777,-4.1644526,41.480072,-17.280748,-15.000033,10.294246,-39.314938,-18.537859,60.58475,-17.869265,15.000033,14.15774,-5.5749474,29.544436,-78.81643,23.489872,-15.387092,-13.899598,36.063023,-15.418862,12.654278,-58.020878,-14.69694,5.370432,-38.010433,-31.538465,-1.8179348,4.728792
778,14.131794929504395,8.618700981140137,70.32005310058594,5.014527789570034,-4.656785859925056,-111.85413152785881,-17.184683,14.456987,-3.2680414,40.232796,-16.806892,-15.000033,9.413359,-39.889423,-17.906715,61.17808,-17.596212,15.000033,13.84028,-5.7351522,29.50033,-78.50926,23.79003,-15.399103,-13.850415,35.837795,-15.343947,12.633934,-58.071365,-14.782325,5.726932,-37.780693,-31.761692,-1.8550328,4.781062
779,14.150364875793457,8.484034538269043,70.65115356445312,5.12250462565893,-4.63325466822096,-112.47580419975957,-16.09124,14.636366,-2.372046,38.887436,-16.177002,-15.000033,8.449487,-40.10764,-17.059816,61.51535,-17.366035,15.000033,13.433583,-5.837786,29.38046,-78.08706,24.195786,-15.40578,-13.878566,35.58153,-15.262762,12.624286,-58.154877,-14.787204,6.161612,-37.47593,-31.988253,-1.9094173,4.7941165
780,14.138433456420898,8.370770454406738,71.02751159667969,4.956290885009526,-4.529480748309637,-113.1692638924415,-15.202394,15.154809,-1.5639936,37.756985,-15.452474,-15.000033,7.321544,-39.4983,-15.901101,61.359753,-17.162594,15.000033,13.020802,-5.7012,29.11203,-77.56383,24.681278,-15.432578,-13.989162,35.349255,-15.191395,12.685646,-58.208595,-14.729948,6.6053796,-37.17276,-32.172897,-1.9395089,4.781924
781,14.094198226928711,8.283608436584473,71.4527816772461,4.388691857726474,-4.318458872926739,-113.96737521017339,-14.548304,16.193903,-0.8409132,36.839912,-14.638168,-15.000033,5.9902606,-37.622364,-14.186828,60.55401,-17.101776,15.000033,12.636096,-5.2020893,28.645126,-76.94309,25.22041,-15.515163,-14.167879,35.177692,-15.1343155,12.87411,-58.210667,-14.632137,7.0480733,-36.89079,-32.30281,-1.9377493,4.73412
782,14.033293724060059,8.210504531860352,71.90847778320312,3.566894981517867,-4.051669835709711,-114.83208272695299,-14.005728,17.565493,-0.14749432,35.999702,-13.705977,-15.000033,4.6379895,-34.87556,-12.099438,59.25208,-17.224556,15.000033,12.252299,-4.4639583,28.054424,-76.24919,25.799387,-15.63983,-14.388313,35.037186,-15.085529,13.1433325,-58.177193,-14.502289,7.506887,-36.599884,-32.396896,-1.9224864,4.6457205
783,13.95440673828125,8.148275375366211,72.38400268554688,2.698954297486041,-3.7820180955085294,-115.71467517699783,-13.5810175,18.990541,0.50183874,35.36092,-12.667788,-15.000033,3.4567466,-32.030273,-10.149098,57.672565,-17.384779,15.000033,11.859556,-3.6699693,27.448366,-75.52415,26.410328,-15.758759,-14.642454,34.88956,-15.04505,13.39939,-58.10796,-14.338301,7.9620175,-36.30495,-32.46173,-1.8905785,4.5387163
784,13.866432189941406,8.089466094970703,72.8607406616211,1.9740191210929208,-3.5374314947969614,-116.57974197144979,-13.305859,20.225197,1.0808115,35.05475,-11.542209,-15.000033,2.4942615,-29.8235,-8.80295,56.03203,-17.352295,15.000033,11.454687,-2.986286,26.908384,-74.80079,27.04716,-15.822743,-14.92851,34.70018,-15.011903,13.549652,-57.997845,-14.126728,8.406431,-36.01721,-32.517673,-1.8391466,4.4345684
785,13.771004676818848,8.031283378601074,73.3277359008789,1.3766214137720614,-3.295239158924292,-117.42019773820668,-13.257626,21.281437,1.5125632,35.15311,-10.267286,-15.000033,1.6949595,-28.295738,-8.2107315,54.290565,-16.988483,15.000033,11.036179,-2.4137318,26.409445,-74.09334,27.708986,-15.835861,-15.242833,34.44791,-15.000457,13.522893,-57.846664,-13.862474,8.807617,-35.743828,-32.555553,-1.7464036,4.3448434
786,13.6716947555542,7.9836225509643555,73.78328704833984,0.8187297571952887,-3.039971820185756,-118.2613452435329,-13.409533,22.289404,1.815942,35.565132,-8.848781,-15.000033,0.994626,-27.071857,-8.082882,52.339344,-16.401154,15.000033,10.607445,-1.8691264,25.912539,-73.37724,28.390165,-15.821938,-15.586494,34.17119,-15.004519,13.384169,-57.660072,-13.544955,9.18877,-35.471138,-32.57665,-1.621809,4.257144
787,13.563726425170898,7.9381914138793945,74.21711730957031,0.35162803432975287,-2.794630345767798,-119.12724098959035,-13.665224,23.213497,2.1047924,36.210796,-7.4179153,-15.000033,0.3453688,-26.227827,-8.243627,50.32428,-15.681861,15.000033,10.189084,-1.3786206,25.448257,-72.65351,29.095716,-15.758497,-15.947803,33.88649,-14.997246,13.241707,-57.438103,-13.1756,9.594046,-35.183933,-32.593998,-1.514589,4.1645026
788,13.459388732910156,7.884605407714844,74.61821746826172,0.02843532560818452,-2.58288435234435,-120.03949404369888,-13.922126,24.01744,2.4992757,37.01395,-6.1082296,-15.000033,-0.29298708,-25.849113,-8.529343,48.399605,-14.932899,15.000033,9.781393,-0.97131675,25.05189,-71.87603,29.824541,-15.613026,-16.346977,33.644127,-14.949975,13.206646,-57.195396,-12.749779,10.089966,-34.856754,-32.624092,-1.4724525,4.055606
789,13.359850883483887,7.826220989227295,74.98030090332031,-0.0904827313116217,-2.3995993828968083,-120.99425528061964,-14.183382,24.663046,3.1108434,38.02101,-4.7948413,-15.000033,-0.9251226,-26.12505,-9.06405,46.61254,-14.14372,15.000033,9.397762,-0.6925307,24.722124,-71.08568,30.595055,-15.366356,-16.748253,33.393414,-14.8585615,13.306902,-56.907326,-12.264992,10.672005,-34.492203,-32.675617,-1.5185807,3.9096065
790,13.264593124389648,7.7551960945129395,75.30218505859375,-0.05733689624734277,-2.2314226133784056,-121.98301991579146,-14.491577,25.199749,3.8484058,39.25421,-3.4593453,-15.000033,-1.541688,-26.913631,-9.919407,44.894176,-13.276108,15.000033,8.996549,-0.51354575,24.443687,-70.18779,31.39262,-15.017845,-17.229582,33.195396,-14.732012,13.488811,-56.604244,-11.713342,11.3379755,-34.08342,-32.729023,-1.6236631,3.733928
791,13.174277305603027,7.6690449714660645,75.5799560546875,0.020349602720574674,-2.091105550376645,-123.01836889260638,-14.794464,25.703592,4.530108,40.594753,-2.4007542,-15.000033,-2.160302,-27.823606,-10.834479,43.229183,-12.4048,15.000033,8.6077,-0.33588195,24.207508,-69.26598,32.23154,-14.600529,-17.731083,32.99868,-14.585278,13.720999,-56.28443,-11.104606,12.090657,-33.64163,-32.80479,-1.7576666,3.577912
792,13.078601837158203,7.575532913208008,75.80148315429688,0.04015031242754564,-1.990675064810596,-124.1156263154068,-15.041558,26.231739,4.973177,41.916416,-1.9170065,-15.000033,-2.8045285,-28.494629,-11.520156,41.59203,-11.5850935,15.000033,8.245136,-0.06843973,24.013186,-68.341515,33.12903,-14.136529,-18.245676,32.78484,-14.428224,13.977055,-55.96066,-10.453968,12.938445,-33.176006,-32.905964,-1.8885434,3.4859412
793,12.979613304138184,7.486259937286377,75.96626281738281,-0.006953519778102623,-1.9397146172907116,-125.30134434234353,-15.242889,26.78079,5.1361184,43.334953,-2.207547,-15.000033,-3.482007,-28.922628,-11.936263,39.967426,-10.874947,15.000033,7.918694,0.31756845,23.866814,-67.42095,34.10338,-13.598888,-18.767021,32.4903,-14.252164,14.270067,-55.65197,-9.768185,13.913767,-32.6682,-33.019844,-2.012675,3.4800506
794,12.87552547454834,7.39110803604126,76.0560302734375,-0.06774973156585863,-1.9281148504670196,-126.5599255810682,-15.415166,27.309025,5.1179433,44.859528,-3.0691466,-15.000033,-4.1837506,-29.280605,-12.213396,38.368393,-10.226672,15.000033,7.604791,0.768243,23.774637,-66.408646,35.150093,-12.956392,-19.371737,32.16002,-14.052645,14.6116295,-55.346096,-9.040247,15.016689,-32.128197,-33.145905,-2.1425173,3.5269666
795,12.775395393371582,7.294552803039551,76.0771713256836,-0.1478304052010105,-1.937607068020472,-127.84448180276958,-15.527678,27.811047,4.9514194,46.211597,-4.1982193,-15.000033,-4.912943,-29.499422,-12.29876,36.80613,-9.521429,15.000033,7.2970877,1.2505004,23.728209,-65.39083,36.275272,-12.265619,-19.988178,31.837135,-13.855978,14.965454,-55.012882,-8.280377,16.171612,-31.587763,-33.2954,-2.2737777,3.5957153
796,12.670244216918945,7.2007575035095215,76.03730773925781,-0.25106422253743754,-1.9506044592709024,-129.10748529191926,-15.552075,28.2861,4.6710105,47.117584,-5.2960014,-15.000033,-5.6712737,-29.513437,-12.137941,35.295074,-8.640409,15.000033,6.9891777,1.7272818,23.721737,-64.417404,37.477203,-11.589767,-20.580812,31.594572,-13.682467,15.299749,-54.61936,-7.506274,17.303286,-31.090395,-33.475315,-2.400056,3.6522677
797,12.563237190246582,7.109622001647949,75.94464111328125,-0.38196764416017565,-1.9648888894404701,-130.3491521414264,-15.484036,28.689552,4.2052646,47.49964,-6.3994546,-15.000033,-6.453713,-29.28085,-11.6997595,33.723957,-7.4538455,15.000033,6.6912446,2.1990824,23.758022,-63.534595,38.743538,-10.953743,-21.139812,31.490904,-13.533324,15.607536,-54.175472,-6.73213,18.407978,-30.638838,-33.68909,-2.5167825,3.6827695
798,12.454460144042969,7.020077228546143,75.80420684814453,-0.5343345816176838,-1.9912718923877848,-131.5885180546099,-15.338344,29.040457,3.5699644,47.513298,-7.633157,-15.000033,-7.24419,-28.864105,-11.017449,32.116985,-6.055177,15.000033,6.413893,2.6805062,23.84054,-62.720108,40.065235,-10.336711,-21.674967,31.481607,-13.39643,15.907296,-53.68636,-5.962729,19.512066,-30.22276,-33.926754,-2.6265714,3.7040098
799,12.336852073669434,6.92821741104126,75.61571502685547,-0.6968719053884014,-2.0324249512123997,-132.80591399606533,-15.113134,29.43519,2.9264538,47.22495,-8.825727,-15.000033,-8.033363,-28.355358,-10.136562,30.704096,-4.670637,15.000033,6.1513376,3.1592658,23.964157,-61.942772,41.448784,-9.738134,-22.169394,31.47906,-13.273202,16.204077,-53.113148,-5.2006435,20.586098,-29.862316,-34.17714,-2.7332058,3.7268207
800,12.211307525634766,6.840883255004883,75.37787628173828,-0.8589386205526263,-2.088387850741019,-133.98200603135922,-14.815053,29.968355,2.4370492,46.70155,-9.804424,-15.000033,-8.828724,-27.840511,-9.100594,29.727512,-3.5269134,15.000033,5.895399,3.6214917,24.120836,-61.149635,42.910564,-9.149947,-22.626999,31.395004,-13.163916,16.50516,-52.413643,-4.447358,21.603735,-29.578447,-34.429058,-2.8413742,3.7632663
801,12.080175399780273,6.743299961090088,75.09032440185547,-1.0278049703731176,-2.164773725786623,-135.1055902187703,-14.410191,30.653618,2.1287658,45.810604,-10.543861,-15.000033,-9.677182,-27.298042,-7.7883787,29.320164,-2.4640396,15.000033,5.6277432,4.0801044,24.340925,-60.34743,44.456276,-8.546764,-23.064363,31.235338,-13.069891,16.791174,-51.564106,-3.7031379,22.566427,-29.391132,-34.67907,-2.9596994,3.8184934
802,11.945419311523438,6.640578746795654,74.75471496582031,-1.207180412373337,-2.258235603067548,-136.1888563034804,-13.911974,31.441889,1.9307172,44.559208,-11.12641,-15.000033,-10.561312,-26.6878,-6.2322674,29.341326,-1.4365677,15.000033,5.3546486,4.539725,24.615889,-59.537388,46.088398,-7.9265366,-23.4954,31.03289,-12.9901085,17.06577,-50.59277,-2.9691045,23.49419,-29.281715,-34.93331,-3.0836508,3.8852654
803,11.84046745300293,6.532271862030029,74.43219757080078,-1.3791874976317937,-2.3532342385820786,-137.24806740876215,-13.403411,32.3227,1.8525771,43.231167,-11.552507,-15.000033,-11.422509,-26.060444,-4.683377,29.656397,-0.86098933,15.000033,5.1092005,4.975202,24.876118,-58.647873,47.832874,-7.3001585,-23.921886,30.720016,-12.923451,17.370472,-49.528866,-2.248297,24.376959,-29.222282,-35.19143,-3.1982784,3.9573522
804,11.682735443115234,6.447287559509277,74.00935363769531,-1.5243196411214408,-2.4347833155342,-138.29912854850562,-12.961123,33.2924,1.9068047,42.106056,-11.812113,-15.000033,-12.193712,-25.487597,-3.4021878,30.102507,-1.134397,15.000033,4.866328,5.323617,25.092644,-57.760822,49.686295,-6.7755466,-24.193665,30.327145,-12.864666,17.762993,-48.409943,-1.5254031,25.247057,-29.229742,-35.444725,-3.2842543,4.019736
805,11.47335433959961,6.380843162536621,73.473876953125,-1.66613271902798,-2.4892727848820377,-139.37798969702828,-12.641765,34.49496,2.1078997,41.28412,-11.894356,-15.000033,-12.844682,-24.92896,-2.4710124,30.681837,-2.6555996,15.000033,4.73323,5.632245,25.194172,-56.809196,51.702255,-6.3553753,-24.37765,29.677069,-12.806882,18.257786,-47.179077,-0.79201525,26.040712,-29.284311,-35.71426,-3.3250012,4.072241
806,11.249614715576172,6.317446231842041,72.90021514892578,-1.80627290899312,-2.5277625951580514,-140.46902769696146,-12.386562,35.882706,2.4553483,40.611618,-11.819857,-15.000033,-13.439396,-24.371994,-1.7342117,31.494473,-5.1276,15.000033,4.653682,5.889183,25.237265,-55.834553,53.889572,-6.0211325,-24.464018,28.841316,-12.752418,18.837982,-45.84269,-0.036574733,26.78685,-29.409058,-35.991364,-3.3341467,4.1183944
807,11.041165351867676,6.235721111297607,72.3194351196289,-1.891041372096022,-2.5735752437532393,-141.5085940554839,-12.103293,37.16329,2.90849,39.99474,-11.618459,-15.000033,-14.068053,-23.930841,-1.0761338,32.547626,-7.9219766,15.000033,4.5215163,6.0309677,25.271372,-54.732162,56.21924,-5.648363,-24.51376,27.994318,-12.72144,19.47442,-44.521614,0.7269676,27.530788,-29.553473,-36.25275,-3.3503568,4.1755505
808,10.86052417755127,6.126670837402344,71.73751831054688,-1.8632923537139776,-2.648094596720678,-142.4272496913718,-11.709822,38.040302,3.4102058,39.33598,-11.29441,-15.000033,-14.8012495,-23.716856,-0.39151794,33.81359,-10.396295,15.000033,4.241712,6.0088716,25.336168,-53.339848,58.644398,-5.0647764,-24.620085,27.295042,-12.736134,20.127878,-43.33532,1.4626744,28.310116,-29.659063,-36.473038,-3.4100301,4.259219
809,10.703231811523438,5.984259605407715,71.15388488769531,-1.642945944761444,-2.7057431403148224,-143.2052274282197,-11.224843,38.31469,3.9605832,38.497032,-10.610467,-15.000033,-15.7343025,-23.862104,0.32195306,35.296997,-12.445476,15.000033,3.7939858,5.7852907,25.402847,-51.551876,61.160625,-4.176018,-24.806595,26.832426,-12.81406,20.830805,-42.27875,2.1342332,29.135782,-29.740288,-36.656013,-3.52507,4.3594966
810,10.548213005065918,5.809700012207031,70.56852722167969,-1.2813317306510974,-2.753731650697445,-143.88067037129454,-10.699514,38.19159,4.568641,37.586773,-9.630353,-15.000033,-16.804886,-24.249645,1.0498027,36.98798,-14.390284,15.000033,3.233672,5.4113555,25.460258,-49.335857,63.76355,-2.9713302,-25.059145,26.502354,-12.942506,21.582228,-41.294865,2.7310033,29.995625,-29.836723,-36.804737,-3.6700914,4.465209
811,10.410255432128906,5.630504608154297,70.01788330078125,-0.9149873531734798,-2.890913301492534,-144.46881277091063,-10.105766,37.977577,5.1809683,36.88419,-8.815036,-15.000033,-17.815529,-24.660984,1.7907045,38.783012,-16.172283,15.000033,2.584998,4.9589334,25.576035,-46.703934,66.36987,-1.4484153,-25.35761,26.203926,-13.096783,22.292688,-40.413204,3.256426,30.880222,-29.940214,-36.890816,-3.8249261,4.5913324
812,10.27786922454834,5.484141826629639,69.49261474609375,-0.6787046147437268,-3.2127111436437836,-144.98220806408574,-9.4000435,37.967194,5.739223,36.649834,-8.626004,-15.000033,-18.571714,-24.874775,2.5538187,40.615616,-17.764843,15.000033,1.8912368,4.507645,25.811096,-43.747234,68.8471,0.3394891,-25.658028,25.859404,-13.259876,22.861341,-39.658443,3.716432,31.760775,-30.027685,-36.892944,-3.9712768,4.7590976
813,10.16977596282959,5.333585739135742,68.94824981689453,-0.6129085560597693,-3.8264308133249005,-145.49871239341385,-8.389404,38.274906,6.3556123,37.092106,-9.423552,-15.000033,-19.078386,-24.786411,3.4829948,42.66943,-19.163683,15.000033,1.2303051,4.1296573,26.234295,-40.54658,71.10563,2.3054655,-25.826609,25.550007,-13.437716,23.25152,-39.046986,4.1014175,32.620255,-30.037292,-36.753815,-4.1189284,4.9806724
814,10.065848350524902,5.167273044586182,68.41838836669922,-0.6389789617194616,-4.655969077399872,-145.98375037213017,-7.1463923,38.72566,7.0206075,38.031498,-10.897715,-15.000033,-19.402737,-24.553225,4.517806,44.91402,-20.38326,15.000033,0.6143296,3.7943726,26.775814,-37.191467,73.11811,4.3684945,-25.848274,25.329014,-13.646494,23.501104,-38.54813,4.3930645,33.425655,-29.978418,-36.509228,-4.2721334,5.249988
815,9.933387756347656,4.984194278717041,67.94099426269531,-0.7189722101949455,-5.5174954287897675,-146.28153673681308,-6.005094,39.172096,7.4999347,39.111897,-12.497848,-15.000033,-19.45266,-24.360058,5.3570323,46.977432,-21.445778,15.000033,-0.0020505257,3.430003,27.287483,-33.85434,74.84408,6.4233317,-25.864113,25.08197,-13.887501,23.619656,-38.106064,4.582361,34.124035,-29.948132,-36.284492,-4.4058566,5.5624075
816,9.762391090393066,4.794837951660156,67.55792999267578,-0.8236728825098717,-6.2228896108493865,-146.23859647809823,-5.3069344,39.4667,7.5574107,39.971367,-13.672048,-15.000033,-19.148977,-24.369965,5.6999483,48.480614,-22.37488,15.000033,-0.6651731,2.9715376,27.613785,-30.717354,76.23776,8.343409,-26.0226,24.699604,-14.16179,23.617676,-37.67633,4.664518,34.66064,-30.023624,-36.206436,-4.4981384,5.914454
817,9.5714111328125,4.599040985107422,67.28120422363281,-0.9863021950941407,-6.737121058666136,-145.80598741116677,-5.106514,39.62559,7.1680536,40.51009,-14.335798,-15.000033,-18.418756,-24.586988,5.432152,49.28319,-23.176872,15.000033,-1.4260207,2.422654,27.713873,-27.849836,77.240326,10.017355,-26.383919,24.05645,-14.468662,23.491194,-37.234306,4.636562,35.023273,-30.22823,-36.387436,-4.54235,6.3278136
818,9.36501407623291,4.399195194244385,67.10931396484375,-1.2183184117910109,-7.150369914215173,-145.06733184250945,-5.220273,39.70474,6.451036,40.908165,-14.766696,-15.000033,-17.323719,-24.91745,4.7165456,49.599922,-23.83665,15.000033,-2.2366817,1.8514928,27.659643,-25.27254,77.841774,11.398264,-26.890236,23.27568,-14.810544,23.231392,-36.815147,4.4863024,35.225048,-30.492899,-36.73633,-4.554628,6.7993584
819,9.156064987182617,4.189713954925537,67.01939392089844,-1.4596638019538246,-7.462354466674839,-144.07067579488168,-5.63822,39.624283,5.3856034,41.225533,-14.954347,-15.000033,-15.988861,-25.356943,3.6708543,49.591278,-24.351847,15.000033,-3.0064745,1.2788552,27.47204,-23.058235,78.103226,12.490776,-27.527386,22.605968,-15.190212,22.846575,-36.44783,4.19848,35.26517,-30.799149,-37.08113,-4.5459895,7.2846527
820,8.944252014160156,3.9700381755828857,67.00225830078125,-1.6484329429415094,-7.678040450787792,-142.86470847546903,-6.3491335,39.30022,3.9533095,41.52543,-14.890257,-15.000033,-14.538796,-25.915106,2.416097,49.415916,-24.711828,15.000033,-3.6524289,0.6994847,27.177652,-21.257921,78.13199,13.327458,-28.265654,22.275589,-15.60767,22.35089,-36.154884,3.7577372,35.15074,-31.14998,-37.24181,-4.5236254,7.738767
821,8.714805603027344,3.7493879795074463,67.04878997802734,-1.7485547262700694,-7.7728716981897445,-141.42769601110126,-7.3737726,38.666573,2.0925436,41.791542,-14.531797,-15.000033,-12.954044,-26.656027,0.9123081,49.024414,-24.938986,15.000033,-4.187021,0.044873293,26.74349,-19.900215,78.009384,13.921724,-29.14143,22.455551,-16.113073,21.66042,-35.84249,3.1649907,34.867905,-31.648191,-37.173088,-4.489432,8.14677
822,8.46607494354248,3.539597988128662,67.15940856933594,-1.790659694261858,-7.756416537965674,-139.74849278564,-8.6645155,37.77496,-0.13898967,41.996044,-13.894761,-15.000033,-11.1597805,-27.533516,-0.9005478,48.36354,-25.026615,15.000033,-4.661045,-0.69529164,26.182186,-18.961737,77.761765,14.2534685,-30.155464,22.948051,-16.686352,20.814962,-35.50174,2.4242165,34.42872,-32.32219,-36.962334,-4.437222,8.530982
823,8.214844703674316,3.3400752544403076,67.33039855957031,-1.814083344740082,-7.687316452429911,-137.89066556179316,-10.115761,36.712696,-2.5813336,42.19024,-13.056099,-15.000033,-9.205027,-28.413511,-2.915567,47.58687,-24.925467,15.000033,-5.0481415,-1.4487612,25.588737,-18.400175,77.41665,14.32179,-31.208216,23.427813,-17.221933,20.010149,-35.291557,1.5198154,33.886463,-33.05579,-36.625973,-4.3595634,8.902427
824,7.964776515960693,3.146135091781616,67.56050109863281,-1.8583900736886878,-7.619130675339088,-135.91539389512408,-11.641586,35.564217,-5.0853233,42.423363,-12.084082,-15.000033,-7.1554084,-29.17467,-5.009433,46.849155,-24.587881,15.000033,-5.3162136,-2.1470866,25.060833,-18.15904,76.99917,14.140027,-32.207535,23.572823,-17.600391,19.435047,-35.366745,0.42352858,33.307358,-33.746094,-36.185127,-4.2477407,9.268879
825,7.710345268249512,2.9496092796325684,67.84130859375,-1.944796387410543,-7.594148080942141,-133.8156752561801,-13.236281,34.28696,-7.816094,42.803875,-10.873739,-15.000033,-4.9535117,-29.780819,-7.164832,46.131348,-23.949633,15.000033,-5.430628,-2.7638624,24.652435,-18.210567,76.53873,13.724241,-33.18313,23.252447,-17.779772,19.24384,-35.642456,-0.87578714,32.73442,-34.484512,-35.605354,-4.1374035,9.640548
826,7.456143379211426,2.740642786026001,68.1612548828125,-2.0381877939772277,-7.5762358438773605,-131.56536828602918,-14.902096,32.82738,-10.749678,43.26989,-9.398538,-15.000033,-2.5904322,-30.303345,-9.428922,45.371628,-23.049864,15.000033,-5.4189453,-3.3612037,24.305584,-18.57619,76.0487,13.078054,-34.156044,22.64676,-17.820938,19.303589,-36.08766,-2.3818624,32.130863,-35.314655,-34.87393,-4.017391,10.004513
827,7.208866596221924,2.5099873542785645,68.51220703125,-2.1029081573651505,-7.502972196350373,-129.19429879667072,-16.602396,31.261341,-13.507763,43.62741,-7.9175243,-15.000033,-0.21233036,-30.79558,-11.7717085,44.660305,-21.993109,15.000033,-5.333745,-3.9861152,23.954475,-19.281855,75.510925,12.186358,-35.030434,21.90503,-17.753553,19.370981,-36.91829,-4.1102624,31.496271,-36.061527,-34.09099,-3.8083434,10.32441
828,6.961687088012695,2.2598719596862793,68.87324523925781,-2.108939598602832,-7.31335517701204,-126.72994026692812,-18.36238,29.707117,-15.732922,43.669697,-6.607411,-15.000033,2.0387053,-31.301054,-14.169838,44.091812,-20.899687,15.000033,-5.251637,-4.6707025,23.51948,-20.318277,74.887505,11.053869,-35.705227,21.18758,-17.604609,19.199028,-38.405766,-6.102973,30.806126,-36.513893,-33.277317,-3.4345858,10.570038
829,6.718835830688477,1.9848880767822266,69.23191833496094,-2.079261811175169,-6.978497210532959,-124.14715599791876,-20.225746,28.222738,-17.433214,43.235462,-5.5679064,-15.000033,4.178218,-31.78986,-16.776714,43.62637,-19.671984,15.000033,-5.173173,-5.3647175,22.958492,-21.705368,74.13117,9.667064,-36.1937,20.371746,-17.314217,18.65693,-40.516914,-8.379293,30.101051,-36.89314,-32.609318,-2.8235831,10.861341
830,6.4821062088012695,1.6999518871307373,69.57461547851562,-2.0139963436122317,-6.544692503344409,-121.44103942080727,-22.169079,26.744406,-18.775831,42.447586,-4.7092156,-15.000033,6.2750993,-32.255375,-19.56102,43.24265,-18.277256,15.000033,-5.0659885,-6.025249,22.316391,-23.411968,73.225365,8.040887,-36.54129,19.4501,-16.887915,17.896128,-43.185883,-10.937078,29.463163,-37.210625,-32.015755,-2.032502,11.150511
831,6.249154090881348,1.397212266921997,69.8801498413086,-1.8492642504668138,-6.061678332968681,-118.66462779315167,-24.172808,25.240356,-19.627462,41.511612,-3.8163779,-15.000033,8.267703,-32.75798,-22.209082,43.069946,-16.996271,15.000033,-4.9397187,-6.6814456,21.669449,-25.35011,72.1785,6.2435365,-36.716347,18.739521,-16.451685,17.091114,-46.580143,-13.775291,29.027182,-36.963455,-31.225466,-1.1853269,11.136762
832,6.022421836853027,1.0787757635116577,70.13434600830078,-1.525854207833886,-5.579720523941203,-115.8722905217723,-26.203135,23.685177,-19.8539,40.639015,-2.7451584,-15.000033,10.090821,-33.365547,-24.403086,43.225536,-16.112562,15.000033,-4.781064,-7.364337,21.11953,-27.439402,71.007095,4.3554993,-36.713783,18.536522,-16.139736,16.413532,-50.796833,-16.876791,28.998823,-35.704994,-30.041697,-0.41447175,10.511346
833,5.806634902954102,0.7570557594299316,70.32199096679688,-1.002651675056975,-5.059597252240568,-113.01563592077324,-28.369812,22.127384,-19.212105,39.74203,-1.4902061,-15.000033,11.700865,-34.181313,-26.128,43.762657,-15.714239,15.000033,-4.6838126,-8.143198,20.609447,-29.582344,69.70826,2.4518814,-36.52308,19.019745,-15.986075,15.865352,-56.2272,-20.270443,29.413477,-33.434128,-28.117754,0.26927853,8.925596
834,5.591914653778076,0.42513105273246765,70.44229125976562,-0.3137837767962871,-4.511590510391384,-110.09210121372094,-30.59329,20.599512,-17.784061,38.70256,-0.12445407,-15.000033,13.145364,-35.137245,-27.511362,44.60926,-15.673843,15.000033,-4.5675583,-8.922614,20.173267,-31.79264,68.26372,0.5493538,-36.21608,19.977547,-15.926906,15.372813,-62.753254,-23.941189,30.44639,-30.413475,-25.648458,0.85320795,6.591054
835,5.383836269378662,0.1017279326915741,70.49436950683594,0.466944552415542,-4.0424435815912485,-107.2254175447001,-32.617664,19.0556,-15.9676,37.7179,1.4002641,-15.000033,14.465141,-36.057835,-28.444853,45.677235,-15.935909,15.000033,-4.1796246,-9.544596,20.021902,-34.161324,66.67403,-1.3769763,-35.876675,21.122162,-15.944903,14.9858265,-69.86622,-27.767838,32.369194,-26.489767,-23.12015,1.2236667,4.0920086
836,5.195381164550781,-0.21265926957130432,70.49662017822266,1.2527212306282292,-3.7360492802122587,-104.5327951497276,-34.277912,17.43299,-14.218276,37.035618,3.140797,-15.000033,15.677631,-36.77086,-28.826502,46.864002,-16.421688,15.000033,-3.3080971,-9.93054,20.320938,-36.795242,64.95999,-3.3836334,-35.537216,22.167744,-16.016172,14.74664,-77.03918,-31.554607,35.289265,-21.508404,-21.050535,1.3421962,2.0718741
837,5.022838115692139,-0.5133956670761108,70.44757843017578,2.111705518580072,-3.562771622552776,-102.00070242037604,-35.64664,15.697382,-12.2332945,36.695694,5.4516053,-15.000033,16.632263,-37.346348,-28.392872,48.330025,-17.158623,15.000033,-1.9935884,-10.209611,21.060694,-39.743587,63.171303,-5.4850755,-35.095356,23.091682,-16.145208,14.73062,-84.56443,-35.181576,39.25014,-15.3838,-19.937662,1.3274121,0.83140737
838,4.862371921539307,-0.8166606426239014,70.34624481201172,3.0328930796807994,-3.4730165957742565,-99.57980577513757,-36.849907,13.936997,-9.919076,36.596684,8.223526,-15.000033,17.32367,-37.825077,-27.263065,50.046535,-18.136738,15.000033,-0.3270497,-10.466882,22.133808,-42.99607,61.32267,-7.716212,-34.508205,24.017904,-16.326485,14.890957,-92.564095,-38.563137,44.130283,-8.494164,-19.403984,1.1877985,0.065587305
839,4.7006001472473145,-1.14834725856781,70.1893310546875,3.827253965607509,-3.507319889726046,-97.32660425552776,-37.857803,12.193716,-8.122543,36.82568,10.780302,-15.000033,17.99967,-38.039516,-25.933937,51.64681,-19.233633,15.000033,1.7352048,-10.632464,23.483046,-46.546303,59.38407,-10.165522,-33.806988,24.88226,-16.5294,15.069951,-100.10896,-41.55167,49.458042,-1.133391,-18.812443,0.7528368,-0.43085927
840,4.534560680389404,-1.5349756479263306,69.9720458984375,4.329352300199509,-3.7089423268300084,-95.29761391052236,-38.620686,10.412737,-7.7413473,37.47802,12.392177,-15.000033,18.929768,-37.883938,-24.91791,52.78047,-20.341766,15.000033,4.118123,-10.652355,25.020958,-50.243362,57.27247,-12.849668,-33.00049,25.727844,-16.718695,15.127762,-106.40493,-44.01641,54.698753,6.932831,-17.557804,-0.15274817,-0.8368935
841,4.352536201477051,-1.9644757509231567,69.70426940917969,4.436494514054939,-4.1280428662522635,-93.54474197005811,-39.120716,8.319868,-9.627518,38.883068,12.898931,-15.000033,20.185543,-37.212486,-24.212505,53.431892,-21.543726,15.000033,6.8857956,-10.376282,26.821379,-54.088177,54.93228,-15.645595,-32.032063,26.432348,-16.893312,15.038636,-111.484825,-45.879765,60.143837,17.47465,-15.280698,-1.9395391,-1.323884
842,4.1692399978637695,-2.4279274940490723,69.38621520996094,4.2455225067183004,-4.698000486217239,-91.98966410860422,-39.336746,5.879036,-13.127003,40.91537,12.736544,-15.000033,21.61201,-36.148582,-23.61046,53.786186,-22.867777,15.000033,9.796189,-9.819908,28.72554,-57.808964,52.33398,-18.306145,-30.868574,27.07557,-17.081898,14.873404,-115.91348,-47.159107,65.987564,30.319778,-12.521986,-4.2581444,-1.6211108
843,3.9939451217651367,-2.9116621017456055,69.0406265258789,3.8756494779844157,-5.143568936024645,-90.49852147900044,-39.418777,3.470303,-16.925198,42.988846,12.036414,-15.000033,22.92649,-34.976555,-23.27076,53.84992,-24.148676,15.000033,12.396196,-9.164093,29.793802,-60.761803,49.46719,-20.761755,-29.436325,27.759317,-17.346724,14.645821,-119.10072,-47.90407,71.42865,42.79528,-9.969556,-6.184928,-1.4521863
844,3.8487889766693115,-3.483522415161133,68.64167785644531,3.478103371154465,-5.371085908117418,-88.97972593201207,-39.476368,1.592976,-19.72448,44.560413,10.766478,-15.000033,24.086176,-33.986317,-23.378906,53.546494,-25.200422,15.000033,14.5298,-8.56438,29.793802,-62.792015,46.404724,-22.97984,-27.827356,28.48059,-17.722015,14.354316,-120.81196,-48.222317,75.63962,52.74458,-8.16028,-6.9621305,-0.5970068
845,3.7225327491760254,-4.114829063415527,68.21205139160156,3.171090118166471,-5.683316330330473,-87.483997722735,-39.135628,0.5364416,-21.015629,45.363625,8.395228,-15.000033,25.608194,-33.392834,-24.266582,52.488773,-25.985907,15.000033,16.415794,-7.970284,29.793802,-64.253044,43.2466,-24.825724,-26.405085,29.263254,-18.21183,14.007312,-121.60913,-48.28872,78.82881,61.002308,-7.449892,-6.131493,1.7931303
846,3.5871763229370117,-4.755378723144531,67.77799987792969,2.850313635372072,-6.071507511980969,-86.04677445375718,-38.49651,0.07776478,-21.5266,45.74198,5.05454,-15.000033,27.405304,-32.95355,-25.751791,50.8084,-26.59745,15.000033,18.147942,-7.2908835,29.793802,-65.21744,40.053555,-26.360508,-25.183943,30.046278,-18.783575,13.617203,-121.48716,-48.21297,81.403625,68.76461,-7.473462,-4.2896857,5.3079906
847,3.43027925491333,-5.399912357330322,67.33699798583984,2.465621539371318,-6.45843833227817,-84.59460804368045,-37.898037,-0.13009106,-21.762438,46.08925,1.5456265,-15.000033,29.199272,-32.373055,-27.327747,48.990578,-26.969397,15.000033,19.601242,-6.531276,29.793802,-66.00831,36.94885,-27.620815,-24.127718,30.843794,-19.324888,13.106829,-120.78184,-48.109768,83.12454,75.08168,-7.5373225,-2.3879037,8.462063
848,3.2384183406829834,-6.052881240844727,66.90792846679688,1.9708369031602968,-6.751970641336273,-83.05018256685896,-37.685596,-0.46663237,-22.252735,46.811897,-1.2924632,-15.000033,30.681929,-31.396002,-28.445707,47.518963,-27.026068,15.000033,20.64774,-5.7585216,29.793802,-66.97103,34.10932,-28.644207,-23.20789,31.65582,-19.712944,12.410339,-119.77883,-48.093754,83.5936,78.6695,-6.796381,-1.2862383,9.718444
849,3.0167176723480225,-6.710019588470459,66.5114974975586,1.280080551971132,-6.865492505175761,-81.28136587816485,-38.04206,-1.0439726,-23.209568,48.03629,-3.2606802,-15.000033,31.810997,-29.774645,-29.116016,46.288773,-26.671959,15.000033,21.140589,-4.9988794,29.793802,-68.2985,31.746243,-29.495396,-22.619509,32.52738,-19.875996,11.341513,-118.49996,-48.28994,82.20327,78.41784,-4.106334,-1.4978157,8.150067
850,2.7913119792938232,-7.329121112823486,66.15360260009766,0.47131378048559763,-6.845839011441286,-79.37334742014922,-38.748775,-1.7004305,-24.332943,49.529774,-4.8003354,-15.000033,32.71145,-27.745066,-29.558762,45.12766,-25.976273,15.000033,21.161106,-4.3456717,29.793802,-69.72274,29.972391,-30.21069,-22.489,33.398376,-19.865969,10.018492,-116.81722,-48.75905,79.05006,75.024155,-0.2076102,-2.633266,4.7802305
851,2.593113422393799,-7.883164882659912,65.81793212890625,-0.2881200989114694,-6.8061077730500585,-77.56875569580774,-39.539898,-2.4020238,-25.41048,51.163147,-6.0428452,-15.000033,33.343716,-25.800373,-29.589115,44.45398,-25.143196,15.000033,20.927803,-3.9149196,29.793802,-70.87642,28.753345,-30.744173,-22.695538,34.131413,-19.747278,8.827092,-114.758766,-49.46187,74.87973,69.832466,3.0081894,-3.9800189,0.92583495
852,2.450953960418701,-8.370431900024414,65.49594116210938,-0.8554220464200871,-6.8665625092140425,-76.1026391876694,-40.166912,-3.0873253,-26.241667,52.818798,-7.115444,-15.000033,33.676537,-24.400248,-29.049892,44.68436,-24.377434,15.000033,20.683105,-3.7355087,29.793802,-71.42369,27.931873,-31.010252,-23.06882,34.602848,-19.592722,8.144471,-112.18383,-50.293125,70.59148,64.32992,3.7585783,-4.4841743,-2.2455478
853,2.359802722930908,-8.790560722351074,65.17760467529297,-1.1601966314807262,-7.071605076308927,-74.98890608561926,-40.655804,-3.840759,-26.763557,54.595905,-7.924146,-15.000033,33.67528,-23.717846,-27.884474,46.264946,-23.791761,15.000033,20.451048,-3.8297386,29.793802,-71.41054,27.384817,-31.008839,-23.451965,34.760193,-19.413174,8.1999445,-109.00364,-51.1409,66.639824,58.605938,0.85972106,-3.4244611,-4.746167
854,2.3071930408477783,-9.178513526916504,64.89434814453125,-1.3147076395583268,-7.370505347576816,-74.12092014381076,-41.099506,-4.636727,-27.101498,56.51317,-8.447071,-15.000033,33.394478,-23.393183,-26.22585,48.819397,-23.227484,15.000033,20.134253,-4.080621,29.793802,-71.02824,27.07607,-30.770775,-23.883495,34.707317,-19.192757,8.719611,-105.26111,-51.94166,62.61416,52.066746,-4.408531,-1.2240939,-6.9696817
855,2.275278091430664,-9.568833351135254,64.68940734863281,-1.453211705991455,-7.732520453226249,-73.54664046071927,-41.376186,-5.231467,-27.347498,58.337334,-8.913279,-15.000033,32.92798,-23.08351,-24.189272,51.53409,-22.479336,15.000033,19.823347,-4.2914557,29.793802,-70.19624,26.935692,-30.25525,-24.469025,34.5512,-18.960762,9.334903,-100.89096,-52.653557,58.1246,45.182446,-10.046593,1.3921396,-8.440835
856,2.264510154724121,-9.960646629333496,64.57473754882812,-1.70668937193689,-8.124768177937062,-73.30714740156783,-41.36733,-5.389997,-27.595852,59.83908,-9.553523,-15.000033,32.381794,-22.533941,-21.912832,53.658604,-21.398718,15.000033,19.63743,-4.2720695,29.793802,-68.85985,26.85228,-29.435104,-25.291332,34.39613,-18.744097,9.681595,-95.749214,-53.225044,52.651165,38.33405,-14.171662,3.504075,-8.96368
857,2.2747092247009277,-10.335010528564453,64.53419494628906,-2.1069632304759027,-8.590263669540661,-73.53744665540508,-40.96745,-4.947244,-27.843601,60.972885,-10.482715,-15.000033,31.779379,-21.764353,-19.326017,55.089878,-19.918121,15.000033,19.768955,-3.9190152,29.793802,-66.89598,26.669212,-28.23914,-26.32033,34.18324,-18.507181,9.690775,-89.425064,-53.523975,45.554913,31.279543,-16.207195,4.766221,-8.376169
858,2.300112724304199,-10.673735618591309,64.53784942626953,-2.589232619460766,-9.132767970472514,-74.16767164289881,-40.2724,-4.047868,-28.055645,61.852913,-11.55814,-15.000033,31.117228,-20.875128,-16.420975,56.209675,-18.149864,15.000033,20.221342,-3.3384016,29.793802,-64.5836,26.277977,-26.858212,-27.340141,33.895573,-18.246231,9.563553,-81.917534,-53.379288,37.177696,23.722582,-17.197989,5.5800743,-6.946313
859,2.3228986263275146,-10.975461959838867,64.55679321289062,-3.126425920037839,-9.663268565236606,-74.92620720204506,-39.461693,-2.9395747,-28.274773,62.49209,-12.628813,-15.000033,30.463343,-19.823782,-13.432891,57.04785,-16.24797,15.000033,20.798265,-2.6521926,29.793802,-62.4244,25.66209,-25.599325,-28.185616,33.704918,-18.03865,9.327928,-73.94858,-52.687542,28.65885,16.116718,-17.675339,6.145981,-5.316605
860,2.3303356170654297,-11.264312744140625,64.60482788085938,-3.6937897779614177,-10.091851468538335,-75.54255582195147,-38.71445,-1.8782691,-28.541971,62.908333,-13.538959,-15.000033,29.866028,-18.586359,-10.57804,57.63715,-14.361504,15.000033,21.186249,-2.005872,29.793802,-60.781536,24.917133,-24.623922,-28.765572,33.799076,-17.975368,8.97945,-66.420654,-51.509563,21.194252,9.0983,-18.240627,6.6619515,-4.0863414
861,2.3384881019592285,-11.550692558288574,64.69989013671875,-4.288167753625381,-10.380309208167537,-75.92473334216498,-38.07984,-0.949037,-28.88219,63.10026,-14.291766,-15.000033,29.360977,-17.121964,-7.8413634,57.924583,-12.511935,15.000033,21.222221,-1.4487677,29.793802,-59.559593,24.14208,-23.807745,-29.204115,34.372902,-18.144384,8.329557,-59.3256,-49.952732,14.941043,2.7525887,-19.094088,7.2003646,-3.397808
862,2.351304531097412,-11.813751220703125,64.85794830322266,-4.9181705880075235,-10.575107463816797,-76.2182516564875,-37.474926,-0.023516404,-29.264849,63.06178,-14.951614,-15.000033,28.928724,-15.491612,-5.1120324,57.92496,-10.638891,15.000033,21.02722,-0.8951357,29.793802,-58.481976,23.360962,-23.01202,-29.637634,35.261436,-18.490261,7.438761,-52.40925,-48.005142,9.471758,-3.253214,-19.894096,7.665245,-2.957216
863,2.350848913192749,-12.04222583770752,65.08012390136719,-5.565651358681089,-10.712940709387867,-76.51230751808107,-36.873882,0.9573292,-29.651485,62.80489,-15.463783,-15.000033,28.50575,-13.82312,-2.449986,57.766014,-8.757822,15.000033,20.663363,-0.3585638,29.793802,-57.61891,22.619688,-22.333204,-29.960613,36.129272,-18.885927,6.6526933,-46.043808,-45.700035,4.872079,-8.849917,-20.58365,7.9732447,-2.646112
864,2.3464605808258057,-12.226920127868652,65.3656234741211,-6.212592511221492,-10.83703850013723,-76.89725413961612,-36.242203,2.057036,-30.00103,62.33681,-15.768041,-15.000033,28.01883,-12.240932,0.07629953,57.570015,-6.868281,15.000033,20.173626,0.14313672,29.793802,-57.01934,21.981134,-21.84603,-30.069042,36.651413,-19.190044,6.306403,-40.664555,-43.138607,1.2654668,-13.859771,-21.116583,8.033224,-2.3367572
865,2.318122386932373,-12.364294052124023,65.70170593261719,-6.859768785492498,-10.942146080802162,-77.33842736007871,-35.59094,3.2392263,-30.346815,61.65147,-15.838667,-15.000033,27.487627,-10.688441,2.5543983,57.275883,-5.0028667,15.000033,19.499182,0.58456,29.793802,-56.66327,21.511766,-21.60509,-29.960995,36.64623,-19.381105,6.6168427,-36.123627,-40.488567,-1.4237183,-18.223133,-21.38934,7.7404566,-1.9649354
866,2.270364284515381,-12.458820343017578,66.086181640625,-7.50931054119796,-11.00432441568,-77.80457146044043,-34.942566,4.4747667,-30.681622,60.743862,-15.699295,-15.000033,26.91957,-9.154959,4.994563,56.85852,-3.1373162,15.000033,18.654388,0.9713584,29.793802,-56.472225,21.22728,-21.563623,-29.754791,36.300438,-19.515242,7.382835,-32.050888,-37.8602,-3.3797374,-22.106815,-21.43301,7.1571712,-1.5829886
867,2.1946942806243896,-12.49420166015625,66.50086975097656,-8.147104585010098,-11.048506867070447,-78.39839497809935,-34.262115,5.845593,-30.9155,59.6316,-15.4048195,-15.000033,26.220884,-7.7870045,7.2301836,56.489784,-1.2705531,15.000033,17.788378,1.324463,29.793802,-56.445644,21.108353,-21.637121,-29.48486,35.841377,-19.56576,8.295796,-28.628805,-35.297417,-4.6701393,-25.540726,-21.441305,6.4378924,-1.2255292
868,2.124065637588501,-12.474385261535645,66.9552001953125,-8.77243546316356,-11.102190069676212,-79.22721184506184,-33.50974,7.4502974,-30.964022,58.327797,-15.006904,-15.000033,25.273766,-6.7208953,9.073623,56.31162,0.6635212,15.000033,17.02755,1.662777,29.793802,-56.598934,21.126966,-21.728472,-29.15982,35.51442,-19.502024,9.035303,-26.098253,-32.811573,-5.3522787,-28.527449,-21.642303,5.7390046,-0.9346055
869,2.057683229446411,-12.402451515197754,67.44403076171875,-9.411041171652903,-11.192089019106668,-80.37247583722261,-32.644653,9.38377,-30.79821,56.81508,-14.540587,-15.000033,23.988108,-5.875544,10.671625,56.356617,2.833095,15.000033,16.406937,2.0005643,29.793802,-57.01884,21.274578,-21.835752,-28.714285,35.39138,-19.26589,9.529509,-24.589334,-30.456354,-5.4280562,-30.91538,-22.118706,5.0413404,-0.7282857
870,1.9989540576934814,-12.296368598937988,67.97219848632812,-10.060826833392804,-11.303873833979495,-81.77085588472258,-31.682848,11.583434,-30.448668,55.0827,-13.965497,-15.000033,22.399902,-5.219956,12.031688,56.525967,5.237172,15.000033,15.858603,2.3332636,29.793802,-57.69142,21.554815,-22.002369,-28.147095,35.34301,-18.89003,9.940844,-23.919361,-28.30243,-4.993567,-32.687626,-22.74004,4.2876396,-0.58216774
871,1.9345166683197021,-12.154925346374512,68.53600311279297,-10.684698121112651,-11.397762312248624,-83.32924155239432,-30.669128,13.919667,-29.913692,53.156384,-13.223624,-15.000033,20.555067,-4.89111,12.868211,56.785362,7.6172137,15.000033,15.367812,2.6478584,29.793802,-58.489494,21.959316,-22.195475,-27.563883,35.318527,-18.474174,10.296801,-23.85529,-26.35361,-4.2433167,-34.083168,-23.428701,3.5768719,-0.48154444
872,1.8757015466690063,-11.97683334350586,69.1319351196289,-11.237186770184413,-11.423176222944672,-84.9607549410989,-29.65892,16.253767,-29.188166,51.07133,-12.263784,-15.000033,18.481113,-5.0288663,12.933513,57.116703,9.688477,15.000033,14.935719,2.911876,29.767609,-59.29688,22.474247,-22.395939,-27.039864,35.264698,-18.120173,10.624237,-24.145523,-24.568869,-3.358673,-35.36956,-24.122093,2.9991505,-0.3990124
873,1.8175544738769531,-11.765339851379395,69.75642395019531,-11.74029743461763,-11.31992964402695,-86.72124259464913,-28.67802,18.639597,-28.233738,48.770054,-11.069737,-15.000033,16.017412,-5.616223,12.227761,57.66728,11.601308,15.000033,14.576017,3.1056838,29.404879,-60.02232,23.07232,-22.667454,-26.419928,35.176857,-17.837997,10.957834,-24.928993,-22.901527,-2.2155514,-36.294693,-24.837387,2.5868723,-0.36224684
874,1.76654052734375,-11.533260345458984,70.39746856689453,-12.164942910910447,-11.162729049343604,-88.6300190016087,-27.617876,21.05907,-27.00648,46.276157,-9.684989,-15.000033,13.257416,-6.6316047,10.945236,58.39998,13.378805,15.000033,14.295396,3.2159226,28.937035,-60.845345,23.752403,-23.004562,-25.711292,35.096825,-17.578812,11.256119,-26.234898,-21.344753,-0.87049794,-36.91606,-25.614557,2.2927299,-0.36384258
875,1.7111308574676514,-11.289468765258789,71.0390396118164,-12.428200867550057,-10.91952151730429,-90.56810422949351,-26.580772,23.277134,-25.563927,43.785145,-8.134773,-15.000033,10.399173,-8.152464,9.14271,59.104736,14.490671,15.000033,14.027748,3.1733005,28.376633,-61.62652,24.49561,-23.352852,-25.039202,34.99403,-17.37588,11.511553,-27.773388,-19.885252,0.55289596,-37.325397,-26.40183,2.0612159,-0.3521223
876,1.651513934135437,-11.046066284179688,71.66812133789062,-12.462023501638882,-10.557539544610812,-92.40649731369568,-25.693727,25.07576,-24.005833,41.49613,-6.450578,-15.000033,7.6594157,-10.273032,6.8144836,59.568066,14.42569,15.000033,13.704858,2.9238882,27.740023,-62.241276,25.263884,-23.659971,-24.51009,34.84889,-17.2647,11.71299,-29.248934,-18.508593,1.9402698,-37.618607,-27.154541,1.8332776,-0.2722361
877,1.596461296081543,-10.799158096313477,72.27137756347656,-12.175742059797674,-10.022375077703867,-94.08442198992265,-25.000105,26.29507,-22.362463,39.388466,-4.55465,-15.000033,5.146405,-13.404805,3.503624,59.679363,12.329565,15.000033,13.298339,2.3649487,27.003658,-62.73581,26.031641,-23.96908,-24.069393,34.606735,-17.292694,11.821957,-30.63111,-17.2039,3.2611089,-37.79842,-27.867218,1.5851997,-0.093928516
878,1.5516780614852905,-10.55675220489502,72.83841705322266,-11.651606031505896,-9.390057802673121,-95.58916909050879,-24.413479,27.03211,-20.679295,37.420467,-2.497827,-15.000033,3.0501957,-17.488178,-0.89040273,59.5512,8.610136,15.000033,12.789364,1.5756598,26.217896,-63.184185,26.784605,-24.306683,-23.649643,34.310863,-17.430511,11.8513775,-32.03797,-15.965906,4.558823,-37.836296,-28.564175,1.3479081,0.1522718
879,1.5033929347991943,-10.331979751586914,73.3724365234375,-11.097008180029933,-8.80129276404074,-96.90921776634393,-23.909273,27.533808,-19.074507,35.74161,-0.4949231,-15.000033,1.5782166,-21.796368,-5.804395,59.317642,4.757761,15.000033,12.179528,0.8020618,25.480093,-63.532444,27.50359,-24.587624,-23.312153,34.05979,-17.601196,11.8639145,-33.3877,-14.798849,5.825473,-37.78953,-29.24793,1.1428614,0.43202645
880,1.434576392173767,-10.118374824523926,73.88187408447266,-10.67871261565385,-8.353058689298138,-98.11259752233045,-23.483896,28.063967,-17.586054,34.502335,1.236046,-15.000033,0.5954464,-25.499971,-10.320564,59.185635,2.251141,15.000033,11.536576,0.25184888,24.84955,-63.72765,28.169556,-24.721155,-23.116207,33.94806,-17.728594,11.923134,-34.603912,-13.719421,7.0521297,-37.70905,-29.918724,0.9929072,0.7106053
881,1.3419830799102783,-9.934103012084961,74.37113952636719,-10.395775145670658,-8.027997787490406,-99.2329072112673,-23.24339,28.735723,-16.140608,33.800636,2.8136106,-15.000033,-0.14113179,-28.533741,-14.209607,59.248314,1.6976666,15.000033,10.904529,-0.0657536,24.320799,-63.776752,28.765848,-24.699942,-23.070904,34.075714,-17.800922,12.025233,-35.668503,-12.754427,8.233025,-37.608143,-30.580446,0.9268834,1.0024688
882,1.237636923789978,-9.762554168701172,74.83446502685547,-10.168607565188248,-7.785259498721641,-100.25933768412257,-23.154463,29.431513,-14.740831,33.546627,4.2461605,-15.000033,-0.6073202,-31.23282,-17.830683,59.42806,2.224062,15.000033,10.279399,-0.24138592,23.876791,-63.71443,29.282125,-24.564129,-23.135527,34.370377,-17.85668,12.142223,-36.612423,-11.9129925,9.371121,-37.476364,-31.227047,0.92899406,1.3142632
883,1.1210793256759644,-9.619499206542969,75.26123809814453,-9.986407836395374,-7.633525854073818,-101.25485904529478,-23.026817,30.079004,-13.423571,33.568073,5.232189,-15.000033,-0.88431114,-33.448807,-20.925705,59.61965,3.2168317,15.000033,9.709752,-0.27282798,23.512844,-63.543842,29.717266,-24.296291,-23.272642,34.653347,-17.895603,12.3017025,-37.436043,-11.182297,10.461118,-37.332554,-31.839628,0.9542236,1.6022356
884,1.0022562742233276,-9.493453025817871,75.6458511352539,-9.841307767020979,-7.552890037961438,-102.2994280193076,-22.694847,30.618374,-12.192372,33.654514,5.5528297,-15.000033,-1.126535,-35.043987,-23.242268,59.688766,4.110952,15.000033,9.240437,-0.16774957,23.193598,-63.236485,30.073713,-23.876999,-23.46971,34.769318,-17.916277,12.532826,-38.153877,-10.536145,11.510697,-37.18602,-32.402393,0.95622504,1.8245955
885,0.8706099987030029,-9.36507511138916,75.98270416259766,-9.762105962170251,-7.513303864514721,-103.49576601663713,-22.175056,31.21611,-10.843873,33.856716,5.009407,-15.000033,-1.5553972,-35.896217,-24.609314,59.59462,5.002592,15.000033,8.956219,0.119823724,22.866873,-62.774822,30.35733,-23.263123,-23.728577,34.615116,-17.911392,12.879876,-38.76902,-9.965693,12.538051,-37.02694,-32.923683,0.91827345,1.9521935
886,0.7280536890029907,-9.237096786499023,76.26692962646484,-9.73317334909617,-7.496434503905902,-104.8110902320778,-21.553822,31.858337,-9.391397,34.21356,3.8325717,-15.000033,-2.222376,-36.128593,-25.09749,59.38235,6.190852,15.000033,8.833426,0.5579339,22.531204,-62.17285,30.571003,-22.475128,-24.058296,34.292168,-17.885267,13.315987,-39.288635,-9.47126,13.543756,-36.848083,-33.41511,0.86459553,2.015606
887,0.5871124267578125,-9.11620044708252,76.49616241455078,-9.672777578937888,-7.485964944025002,-106.1134095159317,-20.82321,32.194508,-8.191866,34.49717,2.4786716,-15.000033,-3.0138214,-35.96055,-24.861536,59.04414,7.40132,15.000033,8.750232,1.0196517,22.20788,-61.46634,30.715372,-21.598803,-24.433937,33.94124,-17.85448,13.762125,-39.727398,-9.035945,14.495694,-36.664703,-33.86351,0.8111239,2.0702777
888,0.43536877632141113,-9.00532054901123,76.67459106445312,-9.50862033276553,-7.471404537309548,-107.26332344910014,-19.994295,31.875193,-7.6417875,34.477222,1.3827881,-15.000033,-3.785346,-35.597588,-24.061123,58.57671,8.335514,15.000033,8.618751,1.3859967,21.906252,-60.83593,30.821194,-20.729822,-24.72381,33.582123,-17.841602,14.129152,-40.069958,-8.640944,15.326939,-36.4955,-34.268944,0.7672056,2.179851
889,0.28974834084510803,-8.89324951171875,76.80409240722656,-9.163685555428266,-7.449965979958727,-108.22485015780734,-18.960218,30.517513,-8.066793,33.93962,0.5891869,-15.000033,-4.555513,-35.04719,-22.518847,57.98288,8.893387,15.000033,8.37699,1.5708022,21.640131,-60.20855,30.891909,-19.856827,-24.968502,33.25634,-17.84312,14.417668,-40.349117,-8.270546,16.04715,-36.32145,-34.628254,0.73337835,2.3905654
890,0.14178703725337982,-8.790477752685547,76.88685607910156,-8.71236372138345,-7.469632199123309,-109.0857907276993,-17.70553,28.42605,-9.248079,33.057842,-0.27788016,-15.000033,-5.2722225,-34.16701,-20.23669,57.25741,9.195729,15.000033,8.0847025,1.6706965,21.430447,-59.489544,30.913906,-18.943516,-25.239388,32.970177,-17.84552,14.670805,-40.58411,-7.9159822,16.695871,-36.123695,-34.950394,0.70132387,2.6633182
891,-0.02812066860496998,-8.706462860107422,76.91329193115234,-8.306556121586098,-7.5760918702740465,-109.87491686229423,-16.406963,26.286728,-10.746149,32.18077,-1.3030739,-15.000033,-5.7182474,-32.96475,-17.640884,56.39264,9.291058,15.000033,7.800545,1.8245689,21.287996,-58.797176,30.903975,-18.045792,-25.46524,32.716293,-17.852562,14.866116,-40.755463,-7.571031,17.259895,-35.91281,-35.246555,0.66681385,2.9334426
892,-0.23734477162361145,-8.637404441833496,76.88439178466797,-8.06653663821661,-7.749103567818618,-110.58855459534925,-15.346362,24.72928,-12.060739,31.642889,-2.3154573,-15.000033,-5.7910876,-31.525362,-15.15651,55.39515,9.27336,15.000033,7.5131555,2.1227102,21.189676,-58.13322,30.8715,-17.219902,-25.667366,32.57957,-17.85758,14.992706,-40.860756,-7.223318,17.747223,-35.705048,-35.518864,0.6270967,3.132668
893,-0.49114125967025757,-8.572115898132324,76.79885864257812,-8.034291137364866,-7.972552086877528,-111.18010535346028,-14.684265,23.850073,-13.187855,31.587471,-3.0575747,-15.000033,-5.496841,-29.747753,-12.681498,54.25683,9.131015,15.000033,7.181479,2.5892184,21.12275,-57.494385,30.819605,-16.466341,-25.853306,32.61926,-17.852573,15.0122,-40.888695,-6.859628,18.155817,-35.47693,-35.769978,0.58024603,3.2328188
894,-0.780381441116333,-8.4942626953125,76.66966247558594,-8.115447092039295,-8.230631547937193,-111.64267868529285,-14.283495,23.298483,-14.3030815,31.82589,-3.5563846,-15.000033,-4.8967624,-27.70489,-10.058051,53.00081,8.844535,15.000033,6.787873,3.134342,21.083813,-56.863853,30.752045,-15.760653,-26.019363,32.787655,-17.841438,14.943462,-40.861496,-6.476311,18.485931,-35.216324,-35.999935,0.5275969,3.2775128
895,-1.0810295343399048,-8.394501686096191,76.52301788330078,-8.205488262331247,-8.47060318529437,-112.03125717586413,-14.016719,23.00767,-15.135586,32.14983,-3.9650908,-15.000033,-4.1030965,-25.7648,-7.5908303,51.684013,8.534994,15.000033,6.3651376,3.6661422,21.037127,-56.24582,30.683437,-15.120038,-26.168554,32.98709,-17.837406,14.859393,-40.807117,-6.074738,18.749025,-34.961754,-36.219624,0.46854264,3.301146
896,-1.3478366136550903,-8.324737548828125,76.30509948730469,-8.220695281989324,-8.656543803837376,-112.40984272389096,-13.723378,22.947277,-15.418927,32.322227,-4.4723687,-15.000033,-3.2344847,-24.252926,-5.5812497,50.33779,8.3122225,15.000033,5.952714,4.1082706,20.954105,-55.637257,30.636084,-14.5584755,-26.310263,33.118946,-17.851955,14.834465,-40.76512,-5.663629,18.949482,-34.747314,-36.42392,0.40197524,3.3399448
897,-1.5992707014083862,-8.26302433013916,76.05306243896484,-8.173866694483111,-8.771235894815753,-112.7839187088027,-13.341244,23.284227,-14.880603,32.195915,-5.1332026,-15.000033,-2.3304422,-23.270405,-4.2334933,48.908134,8.473476,15.000033,5.539418,4.4832234,20.81282,-54.97892,30.621412,-14.070069,-26.479326,33.136654,-17.895369,14.922608,-40.71958,-5.2452583,19.089495,-34.586063,-36.61241,0.32674646,3.400249
898,-1.8527036905288696,-8.195816993713379,75.76469421386719,-8.102544514734005,-8.83782058423141,-113.12999796433631,-12.944289,23.982468,-13.72847,31.906094,-5.838755,-15.000033,-1.3725858,-22.608566,-3.3340168,47.377678,8.884612,15.000033,5.116165,4.823016,20.632256,-54.288826,30.64754,-13.641037,-26.666155,33.083958,-17.95811,15.07444,-40.6583,-4.8187532,19.17217,-34.462532,-36.786316,0.2443003,3.4630218
899,-2.1267926692962646,-8.11421012878418,75.45060729980469,-7.962353128294344,-8.884001392411863,-113.47077871079081,-12.57654,24.727303,-12.42622,31.63485,-6.536548,-15.000033,-0.3787915,-22.117178,-2.5709324,45.823006,9.007777,15.000033,4.7140403,5.0707965,20.45445,-53.615265,30.722357,-13.271206,-26.869808,33.043736,-18.016132,15.215625,-40.62217,-4.386387,19.210014,-34.38177,-36.937634,0.15927692,3.522084
900,-2.424469232559204,-8.010560035705566,75.1179428100586,-7.715152255917907,-8.940474343965775,-113.83347004523807,-12.290184,25.223146,-11.437888,31.570124,-7.211133,-15.000033,0.64677733,-21.654999,-1.6273437,44.320057,8.30306,15.000033,4.389456,5.177116,20.318485,-53.073654,30.865757,-12.963394,-27.037968,33.04826,-18.049278,15.268098,-40.6161,-3.9481232,19.222694,-34.372604,-37.09093,0.07841386,3.569701
901,-2.739515781402588,-7.891794204711914,74.75332641601562,-7.3371375072921845,-9.01641714581616,-114.23667227967444,-12.103201,25.397951,-10.886774,31.78588,-7.9290433,-15.000033,1.7725958,-21.151634,-0.266782,42.819927,6.4438386,15.000033,4.160964,5.1120033,20.231623,-52.680225,31.096863,-12.7082405,-27.174604,33.132317,-18.050114,15.2015,-40.644665,-3.5006833,19.210499,-34.473766,-37.248287,0.00035709247,3.593082
902,-3.078284978866577,-7.748175621032715,74.36267852783203,-6.854573201258112,-9.089778589537204,-114.67212483610525,-12.000876,25.411411,-10.517404,32.184013,-8.689324,-15.000033,2.9703977,-20.721252,1.2697674,41.298668,3.8017302,15.000033,3.998763,4.900195,20.166483,-52.376167,31.424952,-12.499924,-27.304377,33.25594,-18.02897,15.06265,-40.718315,-3.044741,19.160067,-34.65034,-37.390602,-0.07813081,3.6008961
903,-3.4377851486206055,-7.564120769500732,73.92827606201172,-6.298134951587379,-9.145777694866135,-115.12848484995327,-11.978419,25.332323,-10.22409,32.691902,-9.409068,-15.000033,4.0944066,-20.487984,2.5976548,39.877995,0.84107625,15.000033,3.8929057,4.58323,20.119478,-52.15767,31.849283,-12.352288,-27.418589,33.34794,-17.989742,14.8922205,-40.8156,-2.5772212,19.100193,-34.861465,-37.54688,-0.14982276,3.6130166
904,-3.801053047180176,-7.361449241638184,73.48485565185547,-5.709470730633165,-9.175575727673365,-115.5867138035911,-12.026867,25.238058,-9.912775,33.233982,-9.999939,-15.000033,5.001354,-20.531876,3.3428676,38.67661,-1.9888626,15.000033,3.8187509,4.207713,20.078562,-52.070354,32.384106,-12.271816,-27.451084,33.300667,-17.941929,14.722596,-40.988506,-2.123484,18.984308,-34.994583,-37.65537,-0.21621813,3.6620245
905,-4.167609214782715,-7.129620552062988,73.05902099609375,-5.046496573763207,-9.173547591111133,-116.06375887170692,-12.175736,25.107927,-9.540765,33.88147,-10.474841,-15.000033,5.648614,-20.969471,3.2505846,37.72475,-4.7528477,15.000033,3.8615289,3.7461503,20.065994,-52.205246,33.02821,-12.3286295,-27.391441,33.078808,-17.886457,14.5638275,-41.06233,-1.641276,18.914667,-35.21353,-37.896717,-0.25835434,3.7374234
906,-4.541541576385498,-6.863035202026367,72.64942169189453,-4.316109743568261,-9.1473544381397,-116.55710231184345,-12.416255,24.924099,-9.1669035,34.64295,-10.874926,-15.000033,6.120196,-21.686224,2.552194,36.95696,-7.636536,15.000033,3.9492626,3.1751568,20.060946,-52.527176,33.80803,-12.483995,-27.219742,32.725113,-17.822287,14.389715,-41.26112,-1.1761281,18.718576,-35.34906,-38.02941,-0.30438268,3.8598084
907,-4.909898281097412,-6.573703765869141,72.26487731933594,-3.634221192752308,-9.111423707997169,-117.01348762549446,-12.676762,24.767794,-8.855779,35.33928,-11.142852,-15.000033,6.469385,-22.410267,1.6308135,36.34307,-10.377362,15.000033,4.011357,2.6302514,20.095985,-52.86758,34.67959,-12.6736555,-27.075912,32.302902,-17.727522,14.228341,-41.44945,-0.7130341,18.587738,-35.487762,-38.19606,-0.33533296,3.9790993
908,-5.268615245819092,-6.282702922821045,71.92135620117188,-3.1034089881152256,-9.080036157441677,-117.3834354000669,-12.885014,24.712847,-8.670363,35.794487,-11.220003,-15.000033,6.729141,-22.890919,0.8932247,35.8658,-12.716209,15.000033,3.9446363,2.2290165,20.161184,-53.122326,35.60676,-12.80202,-26.974075,31.833666,-17.59948,14.080908,-41.685394,-0.27171147,18.54765,-35.527367,-38.34588,-0.35628664,4.080959
909,-5.60971736907959,-5.980442523956299,71.62358093261719,-2.759011197494598,-9.067829952523837,-117.64163753211376,-13.058987,24.781752,-8.689581,36.02719,-11.125381,-15.000033,6.8910527,-23.073645,0.41023093,35.547825,-14.641395,15.000033,3.72249,2.030051,20.263659,-53.257816,36.573494,-12.862814,-26.940624,31.294676,-17.424429,13.929672,-41.98968,0.124863,18.603415,-35.443493,-38.469845,-0.36236283,4.166131
910,-5.928309440612793,-5.671291351318359,71.39422607421875,-2.5366065927766135,-9.067314856863145,-117.8177668676565,-13.217117,24.925568,-8.85599,36.10806,-10.880708,-15.000033,6.9310856,-23.102333,-0.00058582914,35.405556,-16.284344,15.000033,3.4167223,1.965968,20.40284,-53.388725,37.58139,-12.904645,-26.907192,30.660486,-17.216139,13.77073,-42.317215,0.47075608,18.729567,-35.295654,-38.58477,-0.35061204,4.238556
911,-6.233818054199219,-5.361904621124268,71.2618408203125,-2.3758950015354388,-9.05843308059403,-117.94773725059623,-13.290278,25.113302,-9.03255,35.940247,-10.425,-15.000033,6.8515115,-23.033243,-0.3049872,35.407497,-17.59732,15.000033,3.041952,1.9534402,20.564474,-53.378292,38.58946,-12.873921,-26.956984,30.085913,-17.00077,13.639746,-42.639534,0.7667244,18.914764,-35.10244,-38.65385,-0.32845107,4.286431
912,-6.550077438354492,-5.0455241203308105,71.23136901855469,-2.2265597340303382,-9.022123564837043,-118.06711485412826,-13.21673,25.319542,-9.087788,35.4311,-9.694605,-15.000033,6.6611214,-22.914837,-0.4745694,35.51889,-18.52959,15.000033,2.6308079,1.9242055,20.729273,-53.177273,39.540863,-12.724265,-27.090384,29.692734,-16.814081,13.560702,-42.912064,1.0206331,19.15856,-34.88844,-38.67188,-0.30182973,4.296758
913,-6.872642993927002,-4.723226547241211,71.29646301269531,-2.117797607589566,-8.95978760484957,-118.18686150502782,-12.952204,25.582808,-8.990245,34.498238,-8.65603,-15.000033,6.410797,-22.679792,-0.47744614,35.645588,-19.018486,15.000033,2.1892307,1.9082835,20.896627,-52.69634,40.39068,-12.403505,-27.355192,29.622194,-16.677044,13.516635,-43.12614,1.2267045,19.472927,-34.643227,-38.600548,-0.27566648,4.242037
914,-7.17701530456543,-4.412314414978027,71.44499206542969,-2.0659338670807803,-8.879966708685114,-118.28856827247958,-12.542885,25.904076,-8.812243,33.21533,-7.34633,-15.000033,6.0845275,-22.32389,-0.33539805,35.827747,-19.106178,15.000033,1.7235084,1.940682,21.069101,-52.040024,41.1282,-11.960025,-27.676504,29.774645,-16.576218,13.488807,-43.29729,1.3758615,19.847301,-34.357403,-38.465714,-0.24542573,4.1380486
915,-7.465095043182373,-4.114490509033203,71.67095184326172,-1.9981280739208542,-8.772831843704926,-118.36310555300196,-12.066429,26.197977,-8.575472,31.7176,-5.800146,-15.000033,5.5992074,-21.982666,-0.10626813,36.22351,-18.891533,15.000033,1.24866,1.9484531,21.225243,-51.289204,41.73613,-11.477984,-28.000582,29.988026,-16.485806,13.507664,-43.447445,1.4701307,20.222488,-34.031395,-38.32234,-0.20852919,4.0435014
916,-7.742995262145996,-3.813168525695801,71.95672607421875,-1.8418897981518274,-8.629122896354987,-118.40042699756886,-11.602629,26.375875,-8.300821,30.138556,-4.0509834,-15.000033,4.8746586,-21.790056,0.1524511,36.984406,-18.469046,15.000033,0.7846723,1.8599302,21.339935,-50.566505,42.194283,-11.065107,-28.244535,30.095798,-16.381035,13.602597,-43.592117,1.5217757,20.545023,-33.66519,-38.242485,-0.1625364,4.0185165
917,-8.014805793762207,-3.5018465518951416,72.2945327758789,-1.5438302131643347,-8.4383470908235,-118.38206069342532,-11.131508,26.351221,-7.9825883,28.421772,-2.0471306,-15.000033,3.876951,-21.815538,0.43789196,38.19236,-17.81876,15.000033,0.32182583,1.6064026,21.38539,-49.853104,42.46544,-10.770102,-28.38468,30.040054,-16.243921,13.811037,-43.709934,1.5385745,20.775354,-33.241726,-38.248188,-0.102144375,4.100884
918,-8.279468536376953,-3.1894638538360596,72.6736068725586,-1.1572426675516627,-8.206846389546737,-118.31672588602281,-10.634728,26.165215,-7.603613,26.54546,0.1955779,-15.000033,2.66094,-21.95802,0.78579295,39.730618,-16.890358,15.000033,-0.12224672,1.2488257,21.36486,-49.222237,42.531887,-10.608908,-28.366581,29.917719,-16.096241,14.101226,-43.80155,1.5162696,20.92483,-32.75392,-38.309177,-0.034372393,4.258083
919,-8.520609855651855,-2.8839054107666016,73.0824966430664,-0.7669769704533939,-7.950972759083193,-118.23580724206624,-10.201028,25.928038,-7.1842527,24.716045,2.5082986,-15.000033,1.2777508,-22.090559,1.198729,41.463203,-15.752032,15.000033,-0.51351184,0.9062367,21.308655,-48.69419,42.43556,-10.535612,-28.26254,29.828104,-15.966008,14.40571,-43.923542,1.444691,21.034304,-32.21752,-38.40337,0.027204396,4.439689
920,-8.740287780761719,-2.5765175819396973,73.50506591796875,-0.4548286363310475,-7.686892835919176,-118.17229006006019,-9.921093,25.776651,-6.749055,23.12815,4.7498717,-15.000033,-0.2260388,-22.099804,1.6652477,43.2651,-14.467474,15.000033,-0.8155748,0.68357235,21.249357,-48.35733,42.2291,-10.538132,-28.085752,29.859556,-15.876074,14.663579,-44.14043,1.3174562,21.119905,-31.643728,-38.48856,0.065749615,4.5999613
921,-8.954976081848145,-2.2532167434692383,73.93543243408203,-0.2337231385903162,-7.410454506469707,-118.13376019992975,-9.874101,25.785044,-6.2595615,21.856014,7.1076326,-15.000033,-1.9537177,-21.938398,2.266316,45.288307,-12.88638,15.000033,-1.0370848,0.5871706,21.20842,-48.17321,41.945053,-10.591689,-27.870104,30.009031,-15.818129,14.876472,-44.45716,1.1373131,21.201591,-31.030022,-38.592186,0.07328971,4.7375712
922,-9.176215171813965,-1.9226280450820923,74.36285400390625,-0.06398094628525292,-7.115345832119125,-118.10407002724229,-10.029022,25.874346,-5.7403355,20.85644,9.541078,-15.000033,-3.8838677,-21.656212,2.9655745,47.527348,-11.023713,15.000033,-1.2072837,0.5576966,21.173368,-48.06377,41.59069,-10.681246,-27.644257,30.230812,-15.778129,15.079155,-44.847908,0.909846,21.273607,-30.380434,-38.713806,0.05995065,4.871025
923,-9.402194023132324,-1.5784554481506348,74.77686309814453,0.0563249049284311,-6.815935966781353,-118.08098548712883,-10.287107,25.979158,-5.304624,20.087898,11.618863,-15.000033,-5.7909284,-21.324383,3.5653372,49.64302,-9.205649,15.000033,-1.3293555,0.5992478,21.136005,-48.07275,41.20162,-10.784238,-27.404295,30.523201,-15.771836,15.261021,-45.32083,0.6332453,21.346783,-29.729404,-38.782295,0.04091407,4.979192
924,-9.629141807556152,-1.2362688779830933,75.1541519165039,0.1359119792540533,-6.526469689731662,-118.06098270114671,-10.507106,26.042088,-5.038108,19.42027,12.971884,-15.000033,-7.4634576,-21.0522,3.8784792,51.31912,-7.7710514,15.000033,-1.4063208,0.7075495,21.096228,-48.21504,40.8244,-10.867523,-27.178015,30.886694,-15.810081,15.418762,-45.85419,0.31174934,21.455503,-29.14323,-38.74783,0.034783296,5.036511
925,-9.85916519165039,-0.9003790020942688,75.47427368164062,0.12452816444186118,-6.230171554027011,-118.09508799853351,-10.612149,26.135883,-4.93565,18.702871,13.485183,-15.000033,-8.941377,-20.818907,3.8305376,52.60687,-6.7240734,15.000033,-1.4047424,0.9437141,21.04967,-48.485844,40.50326,-10.8891945,-27.01269,31.355639,-15.913167,15.544191,-46.435303,-0.035041593,21.665195,-28.645004,-38.59053,0.04350741,5.0144424
926,-10.090741157531738,-0.5734241008758545,75.72984313964844,0.039532946159795065,-5.926260437161804,-118.17138846530646,-10.654958,26.289572,-4.945754,17.967358,13.417227,-15.000033,-10.316811,-20.621807,3.5240598,53.658882,-5.9214754,15.000033,-1.3617352,1.2728449,21.005295,-48.829506,40.257942,-10.833694,-26.920177,31.900301,-16.063564,15.650285,-47.107487,-0.39953205,21.946697,-28.18148,-38.31449,0.05670479,4.9351177
927,-10.326078414916992,-0.25917062163352966,75.8932876586914,-0.017557653895626472,-5.658146479121392,-118.18984781850726,-10.6525755,26.37506,-5.066969,17.294308,12.989814,-15.000033,-11.455677,-20.578388,3.0659752,54.300186,-5.4801307,15.000033,-1.365442,1.5570992,20.992277,-49.19598,40.07966,-10.727093,-26.888546,32.431667,-16.214287,15.768324,-47.867466,-0.7865799,22.228947,-27.755606,-37.966587,0.08033123,4.8416123
928,-10.57126235961914,0.04924389719963074,75.97594451904297,0.054195147545735,-5.469850682936253,-118.04624255889952,-10.62692,26.250648,-5.30435,16.775549,12.413393,-15.000033,-12.216331,-20.783785,2.5785978,54.345375,-5.5314174,15.000033,-1.4603902,1.6750902,21.05116,-49.612473,39.92723,-10.646169,-26.87177,32.854053,-16.318483,15.929809,-48.570168,-1.1747748,22.515362,-27.486778,-37.732075,0.13069096,4.7648687
929,-10.823813438415527,0.34924620389938354,75.99690246582031,0.3195867928026263,-5.3845625491138795,-117.6751753371051,-10.537096,25.755848,-5.7921853,16.360714,11.5954275,-15.000033,-12.489728,-21.380812,2.0029309,53.57241,-6.3671203,15.000033,-1.7172562,1.5579298,21.183062,-50.11344,39.78721,-10.614652,-26.83965,33.14247,-16.365503,16.163189,-49.32067,-1.5834864,22.754658,-27.309746,-37.573193,0.2118836,4.731924
930,-11.076769828796387,0.6383652687072754,75.97039031982422,0.6947453127674569,-5.380543629163377,-117.144692611252,-10.388538,25.01411,-6.499891,16.038858,10.455023,-15.000033,-12.359137,-22.269785,1.2588923,52.13299,-7.8369884,15.000033,-2.0665007,1.304734,21.3727,-50.717148,39.6528,-10.623422,-26.799719,33.35345,-16.3802,16.444313,-50.085796,-2.0144768,22.982983,-27.243092,-37.472656,0.31931746,4.716017
931,-11.34376335144043,0.9254549741744995,75.90127563476562,1.0784628003283143,-5.432559395671101,-116.54705791936597,-10.279477,24.284199,-7.1727023,15.965997,9.225597,-15.000033,-11.982682,-23.18093,0.46459398,50.40275,-9.412725,15.000033,-2.4241328,1.0176628,21.597565,-51.369442,39.50004,-10.645525,-26.723526,33.532146,-16.37859,16.708998,-50.824856,-2.461591,23.163176,-27.25086,-37.391804,0.43339422,4.698892
932,-11.6301908493042,1.2203279733657837,75.80244445800781,1.379645825659501,-5.510731595682642,-115.97353522042523,-10.297859,23.806444,-7.5323133,16.266367,8.165417,-15.000033,-11.533875,-23.826279,-0.18599996,48.747147,-10.570283,15.000033,-2.6977654,0.78876597,21.832504,-52.009956,39.289314,-10.661048,-26.593218,33.73582,-16.376768,16.892067,-51.472996,-2.9054053,23.270657,-27.307043,-37.32276,0.5351611,4.6613483
933,-11.936436653137207,1.5155487060546875,75.66592407226562,1.5823090329217167,-5.615405205033572,-115.42978209006209,-10.434996,23.65146,-7.4077864,16.947704,7.3405576,-15.000033,-10.991319,-24.113434,-0.57748455,47.028175,-10.956137,15.000033,-2.8696678,0.6356337,22.070677,-52.65789,38.97688,-10.67718,-26.355078,33.975628,-16.380796,16.958893,-52.016983,-3.334252,23.301163,-27.400148,-37.28636,0.62284994,4.59138
934,-12.257975578308105,1.8250309228897095,75.48418426513672,1.7354974372832674,-5.757440867446141,-114.87379568968932,-10.654991,23.685366,-6.9714093,17.948189,6.621445,-15.000033,-10.296339,-24.191404,-0.80480504,45.126568,-10.92113,15.000033,-2.982344,0.51433367,22.310385,-53.336876,38.55159,-10.706512,-26.015842,34.2457,-16.389143,16.94025,-52.516655,-3.7561424,23.247585,-27.497011,-37.274273,0.7021902,4.5076013
935,-12.590907096862793,2.1490278244018555,75.26300811767578,1.8617905629075535,-5.9181028788378445,-114.32605209853209,-10.975433,23.841667,-6.447264,19.227915,6.001921,-15.000033,-9.574949,-24.137758,-0.9321289,43.43009,-10.9941435,15.000033,-3.014717,0.42493105,22.544176,-54.073166,38.037212,-10.760476,-25.595211,34.54132,-16.407467,16.871746,-52.952736,-4.163468,23.119572,-27.597786,-37.299164,0.7708186,4.430177
936,-12.928064346313477,2.493920087814331,75.01087188720703,1.977835904770621,-6.082621213725219,-113.80717860306414,-11.405084,24.046877,-6.0581937,20.729715,5.4786496,-15.000033,-8.951495,-24.03082,-1.028192,42.32558,-11.701701,15.000033,-2.9596603,0.35930774,22.769684,-54.84407,37.47856,-10.833255,-25.152294,34.86333,-16.435957,16.794739,-53.324863,-4.5356345,22.929205,-27.693499,-37.36488,0.82517993,4.379476
937,-13.305468559265137,2.8457045555114746,74.66756439208984,2.0725065429515066,-6.236599951034086,-113.33990395597947,-12.021476,24.350838,-5.901516,22.599358,5.094997,-15.000033,-8.420888,-23.789114,-0.99921626,41.943943,-13.347138,15.000033,-2.7965047,0.3159788,22.973295,-55.647926,36.91196,-10.918449,-24.688583,35.221252,-16.471878,16.700224,-53.628994,-4.846724,22.659847,-27.779129,-37.47864,0.8595889,4.365392
938,-13.694022178649902,3.201869010925293,74.26943969726562,2.133330971954967,-6.397223271943743,-112.91139457162147,-12.7572975,24.77861,-5.860707,24.745789,4.8670697,-15.000033,-7.9376826,-23.401785,-0.8233287,42.083363,-15.598736,15.000033,-2.5562694,0.29491362,23.17086,-56.44256,36.344234,-10.997285,-24.220928,35.60931,-16.508894,16.58126,-53.889713,-5.0800147,22.3235,-27.84368,-37.639614,0.87634176,4.376463
939,-14.057297706604004,3.552720069885254,73.85130310058594,2.1925474810703185,-6.588686949786481,-112.48580576817257,-13.451156,25.202642,-5.828102,26.842758,4.718905,-15.000033,-7.562895,-23.075968,-0.6957783,42.6273,-18.031673,15.000033,-2.3147354,0.28343394,23.394485,-57.1996,35.790806,-11.042011,-23.781645,35.970745,-16.547249,16.476332,-54.181988,-5.2395105,21.961517,-27.853004,-37.815075,0.88112897,4.405168
940,-14.37254524230957,3.902315378189087,73.43096160888672,2.291004361491004,-6.830045979187721,-112.0216315465695,-13.975995,25.496738,-5.671009,28.62582,4.548986,-15.000033,-7.349167,-23.024822,-0.8326619,43.444057,-20.217552,15.000033,-2.1526945,0.25802305,23.674095,-57.877163,35.272747,-11.021238,-23.419678,36.251823,-16.58596,16.42506,-54.57326,-5.3464003,21.607742,-27.787113,-37.95895,0.880356,4.4419823
941,-14.639894485473633,4.2402777671813965,72.99232482910156,2.4852584789102403,-7.129699317816184,-111.46558149554309,-14.304908,25.564651,-5.2655272,30.061926,4.4232106,-15.000033,-7.3290086,-23.421753,-1.4054832,44.59418,-22.101189,15.000033,-2.1236656,0.17149697,24.025833,-58.45229,34.802696,-10.919017,-23.183443,36.472332,-16.626558,16.478168,-55.075798,-5.4137325,21.258858,-27.664122,-38.065296,0.87456113,4.497149
942,-14.868098258972168,4.574103832244873,72.54187774658203,2.7421627066609195,-7.470968158366412,-110.8437522033137,-14.556203,25.505342,-4.6961823,31.366634,4.3420305,-15.000033,-7.4601626,-24.120794,-2.2764847,46.109295,-23.886484,15.000033,-2.1799152,0.043915864,24.43011,-58.975258,34.394665,-10.750511,-23.02283,36.618923,-16.66974,16.600695,-55.64519,-5.44332,20.902016,-27.502878,-38.15369,0.86237454,4.5686793
943,-15.07579231262207,4.891231060028076,72.07038116455078,2.967658388721663,-7.835144147410688,-110.23520806882557,-14.79688,25.472935,-4.1352615,32.613438,4.1042676,-15.000033,-7.6761613,-24.851604,-3.201616,47.797726,-25.531254,15.000033,-2.2731242,-0.06423661,24.87395,-59.342335,34.040787,-10.519716,-22.994276,36.69293,-16.698175,16.714941,-56.255985,-5.435882,20.573067,-27.313288,-38.20956,0.84961027,4.623482
944,-15.278484344482422,5.20911169052124,71.60880279541016,3.0738284431679705,-8.204482655470004,-109.7273622328292,-15.058635,25.601719,-3.7676659,33.823803,3.5109742,-15.000033,-7.916218,-25.348223,-3.93004,49.474155,-27.004324,15.000033,-2.3232915,-0.07617473,25.338596,-59.588364,33.74895,-10.240769,-23.030779,36.612755,-16.707918,16.732538,-56.879204,-5.3998613,20.298794,-27.092876,-38.2281,0.8413956,4.631634
945,-15.48892593383789,5.531944751739502,71.1671142578125,3.005992421358391,-8.590804065883038,-109.37188609973487,-15.332698,25.950876,-3.673304,35.000263,2.419128,-15.000033,-8.199111,-25.516275,-4.400596,51.167053,-28.278273,15.000033,-2.3035398,0.07317282,25.863667,-59.660034,33.521603,-9.882864,-23.191687,36.28863,-16.68181,16.617405,-57.530666,-5.334006,20.0998,-26.837023,-38.17487,0.8369805,4.556586
946,-15.68713665008545,5.840697288513184,70.73735046386719,2.8226659435285555,-9.00004744810898,-109.11626834013889,-15.586672,26.425497,-3.7437084,36.099625,0.9736336,-15.000033,-8.544958,-25.505136,-4.739855,52.94935,-29.379866,15.000033,-2.264045,0.3282213,26.448689,-59.525497,33.349243,-9.446134,-23.518381,35.803917,-16.6241,16.42221,-58.219696,-5.232933,19.962809,-26.553234,-38.060314,0.83523005,4.4215903
947,-15.87725830078125,6.132616996765137,70.32230377197266,2.6106266870753787,-9.405717555682328,-108.89874858710563,-15.798749,26.919905,-3.885615,37.051357,-0.6030757,-15.000033,-8.892874,-25.419504,-4.9806347,54.698303,-30.366064,15.000033,-2.214464,0.5908024,27.013123,-59.334915,33.241688,-8.999898,-23.849058,35.282825,-16.567766,16.189331,-58.893208,-5.111152,19.852045,-26.255545,-37.95004,0.8401274,4.288674
948,-16.068416595458984,6.399875164031982,69.93582153320312,2.451659585518173,-9.781787264583837,-108.65654402810058,-15.950403,27.328129,-4.0072775,37.789288,-2.0896866,-15.000033,-9.18777,-25.367048,-5.1543903,56.29849,-31.290707,15.000033,-2.1821558,0.74392545,27.485577,-59.127243,33.18676,-8.616574,-24.119242,34.929844,-16.534334,15.9727125,-59.491814,-4.9897256,19.741451,-25.987373,-37.894627,0.8582159,4.215363
949,-16.258037567138672,6.652358055114746,69.56409454345703,2.374635275539053,-10.130696694619909,-108.41696866079043,-15.992127,27.652313,-4.053486,38.26263,-3.5052705,-15.000033,-9.465222,-25.343412,-5.1709037,57.790623,-32.14565,15.000033,-2.1272821,0.7374098,27.867926,-58.84621,33.151405,-8.347615,-24.376467,34.92645,-16.528805,15.781949,-59.952686,-4.9034653,19.611794,-25.82781,-37.882175,0.9050318,4.202007
950,-16.437896728515625,6.876931190490723,69.21450805664062,2.3334764675734,-10.463179985774692,-108.20033390325395,-15.952727,27.943966,-4.0733337,38.523273,-4.942143,-15.000033,-9.741142,-25.30238,-5.048737,59.215355,-32.90934,15.000033,-2.0273838,0.6608242,28.18003,-58.569477,33.13013,-8.142601,-24.5574,35.08572,-16.555582,15.575193,-60.32566,-4.842161,19.474415,-25.71129,-37.902325,0.9717018,4.2260985
951,-16.59667205810547,7.069896697998047,68.89088439941406,2.3012555905948617,-10.76471767296207,-107.93258855872755,-15.927882,28.16476,-4.140786,38.656403,-6.292687,-15.000033,-9.933019,-25.298288,-4.976736,60.46038,-33.618313,15.000033,-1.9917842,0.53794354,28.417978,-58.168465,33.09122,-7.9614344,-24.789646,35.330196,-16.582527,15.381199,-60.675457,-4.7759905,19.371439,-25.577732,-37.961933,1.035823,4.294855
952,-16.730018615722656,7.2350568771362305,68.59739685058594,2.252050882077207,-11.020236959949028,-107.5382524854591,-16.016813,28.266567,-4.347071,38.752415,-7.456151,-15.000033,-9.955664,-25.384188,-5.141752,61.410007,-34.308125,15.000033,-2.0391343,0.40059996,28.565905,-57.885002,33.07064,-7.8727293,-24.894447,35.40844,-16.577341,15.23783,-60.947735,-4.7670326,19.29555,-25.477165,-38.061543,1.0816357,4.410418
953,-16.834766387939453,7.381591320037842,68.34132385253906,2.1561861838333836,-11.223327077798494,-106.93888995713803,-16.280397,28.200335,-4.837488,38.815258,-8.431116,-15.000033,-9.710156,-25.582766,-5.6870556,61.96891,-35.02972,15.000033,-2.2674472,0.27814612,28.612085,-57.54805,33.02254,-7.826575,-25.011747,35.340397,-16.530975,15.14776,-61.182167,-4.8061056,19.273865,-25.365503,-38.23877,1.1008335,4.6013875
954,-16.92277717590332,7.51963472366333,68.1319351196289,2.0337624548968587,-11.381379507842066,-106.1933470554744,-16.652767,27.997675,-5.5307813,38.80639,-9.265985,-15.000033,-9.26462,-25.85545,-6.483945,62.221107,-35.749046,15.000033,-2.5967534,0.14362215,28.564714,-57.231743,32.948612,-7.8803225,-25.075403,35.207882,-16.452606,15.106258,-61.32126,-4.9169188,19.280548,-25.306543,-38.472992,1.1077493,4.8517647
955,-16.976699829101562,7.649162292480469,67.96528625488281,1.9319497858601566,-11.500654452135326,-105.43208170640884,-17.030025,27.7326,-6.1747465,38.725243,-9.9176235,-15.000033,-8.780112,-26.168823,-7.3116856,62.31166,-36.369976,15.000033,-2.932582,-0.021491356,28.464539,-56.879074,32.835567,-7.977785,-25.159191,35.085217,-16.364351,15.089694,-61.40466,-5.092717,19.328793,-25.291252,-38.67596,1.1115402,5.103753
956,-16.99131202697754,7.773090362548828,67.8369369506836,1.9003746620732946,-11.588805392762664,-104.78587458412498,-17.313627,27.48149,-6.5191164,38.57275,-10.343927,-15.000033,-8.422991,-26.498766,-7.945346,62.387062,-36.797066,15.000033,-3.1267366,-0.20115905,28.330597,-56.714417,32.742764,-8.058976,-25.084845,34.83862,-16.31514,15.051303,-61.460777,-5.347034,19.40976,-25.278265,-38.781895,1.1206334,5.306322
957,-16.966001510620117,7.888587474822998,67.75595092773438,1.9868817095532885,-11.621012359649677,-104.26957169057071,-17.492516,27.243092,-6.364888,38.26566,-10.411761,-15.000033,-8.285384,-26.889347,-8.305553,62.506657,-37.000854,15.000033,-3.2428145,-0.4892128,28.1719,-56.381752,32.61082,-8.111316,-25.173489,34.686146,-16.274893,15.019141,-61.523834,-5.6603007,19.577324,-25.313618,-38.72958,1.145375,5.434484
958,-16.896148681640625,7.996426582336426,67.7265853881836,2.1529991780500026,-11.6014814321837,-103.82009642916364,-17.61813,26.983145,-5.891032,37.832367,-10.176845,-15.000033,-8.266843,-27.339256,-8.51836,62.586132,-37.03099,15.000033,-3.282592,-0.82069606,27.954683,-56.120987,32.47083,-8.151978,-25.193253,34.451916,-16.259993,14.977825,-61.57799,-6.0427675,19.800749,-25.349117,-38.590656,1.1761122,5.527336
959,-16.799697875976562,8.09260082244873,67.74850463867188,2.323247180682347,-11.58452103485512,-103.45107074310951,-17.67966,26.726744,-5.4111357,37.42981,-9.883971,-15.000033,-8.24643,-27.755913,-8.663671,62.551395,-36.917187,15.000033,-3.2554562,-1.1436964,27.747578,-55.825603,32.311493,-8.192251,-25.253674,34.27184,-16.248484,14.945646,-61.56993,-6.476558,20.060688,-25.428999,-38.392403,1.2100039,5.5852304
960,-16.67652702331543,8.173741340637207,67.8194351196289,2.4227459180806936,-11.62564664402824,-103.17838400451,-17.661993,26.49988,-5.2420664,37.21402,-9.793899,-15.000033,-8.100337,-28.050844,-8.819815,62.33102,-36.687504,15.000033,-3.144042,-1.3864884,27.6055,-55.515087,32.13535,-8.236847,-25.347036,34.194836,-16.235641,14.923409,-61.456535,-6.9387927,20.323263,-25.55715,-38.18028,1.240235,5.6151657
961,-16.528690338134766,8.242240905761719,67.93158721923828,2.4149479148459987,-11.759388677302558,-103.03712477677911,-17.55996,26.344194,-5.5210342,37.265285,-10.055485,-15.000033,-7.7904162,-28.164059,-8.991484,61.910553,-36.333984,15.000033,-2.9270504,-1.5110693,27.572638,-55.176773,31.949577,-8.269588,-25.493645,34.281097,-16.215353,14.91606,-61.261528,-7.4171386,20.597466,-25.715233,-37.940334,1.2599581,5.6130495
962,-16.36945915222168,8.291998863220215,68.07534790039062,2.344024223632569,-11.948364851204103,-103.00780913250549,-17.385044,26.235815,-6.0592003,37.49019,-10.499958,-15.000033,-7.385869,-28.15433,-9.142038,61.326817,-35.84597,15.000033,-2.6259427,-1.5628462,27.605896,-54.80847,31.759228,-8.2870245,-25.683535,34.480354,-16.1933,14.919615,-61.011753,-7.9073052,20.894672,-25.888386,-37.663597,1.2718273,5.5798755
963,-16.181289672851562,8.31777572631836,68.25721740722656,2.26212200359624,-12.14316402963095,-103.02533473608982,-17.141926,26.098637,-6.6887417,37.783768,-10.925645,-15.000033,-6.923685,-28.110308,-9.2852745,60.58839,-35.25702,15.000033,-2.2918766,-1.6045916,27.633198,-54.4253,31.561592,-8.318145,-25.87975,34.694595,-16.178783,14.925308,-60.668427,-8.394976,21.185188,-26.087885,-37.404247,1.2830696,5.530212
964,-15.969832420349121,8.331083297729492,68.47772216796875,2.2243747651752637,-12.296667044092729,-103.0265206597774,-16.824347,25.854979,-7.2446036,38.03038,-11.144398,-15.000033,-6.4372325,-28.127415,-9.434676,59.70369,-34.599102,15.000033,-1.973135,-1.7037054,27.584183,-54.04787,31.349354,-8.39597,-26.037369,34.828926,-16.181324,14.924112,-60.196503,-8.861193,21.43712,-26.317966,-37.218437,1.2998997,5.480495
965,-15.721482276916504,8.329739570617676,68.72965240478516,2.2655933410995757,-12.404291078148061,-102.99343214606897,-16.381536,25.412994,-7.7304626,38.14753,-11.072398,-15.000033,-5.919207,-28.250422,-9.592526,58.65533,-33.87677,15.000033,-1.6828111,-1.9001245,27.445675,-53.67531,31.119255,-8.536331,-26.144033,34.833755,-16.209219,14.922876,-59.592106,-9.290926,21.635971,-26.567007,-37.14521,1.3279152,5.4432054
966,-15.439035415649414,8.309514045715332,69.0120849609375,2.351734464538572,-12.491561904567716,-102.96371639897572,-15.824573,24.839544,-8.214776,38.21307,-10.832844,-15.000033,-5.352606,-28.420914,-9.753118,57.443745,-33.073864,15.000033,-1.3968128,-2.1557171,27.25417,-53.2998,30.873638,-8.719779,-26.215405,34.77186,-16.256147,14.92247,-58.88736,-9.680618,21.800514,-26.81584,-37.152843,1.3599656,5.410788
967,-15.139457702636719,8.281774520874023,69.31941223144531,2.432856829996605,-12.556814713367046,-102.95588854447362,-15.23745,24.293245,-8.6319685,38.343616,-10.550471,-15.000033,-4.7576966,-28.574585,-9.918992,56.104843,-32.192753,15.000033,-1.1049247,-2.420155,27.01596,-52.931503,30.611923,-8.926063,-26.257563,34.7157,-16.309727,14.904479,-58.08659,-10.02861,21.942081,-27.065403,-37.193233,1.3842019,5.367285
968,-14.827877044677734,8.243426322937012,69.63945007324219,2.4553507168576534,-12.594777424315957,-102.98513476159235,-14.710333,23.928532,-8.921367,38.65302,-10.339082,-15.000033,-4.15792,-28.647848,-10.093269,54.6741,-31.235006,15.000033,-0.8015761,-2.6420586,26.732067,-52.580837,30.332142,-9.134341,-26.271893,34.738823,-16.357899,14.850286,-57.200233,-10.337747,22.07042,-27.314184,-37.21038,1.3881551,5.2974653
969,-14.498197555541992,8.19446849822998,69.9716796875,2.397392357786222,-12.598632700979433,-103.06320011937923,-14.274256,23.814272,-9.044667,39.191643,-10.202937,-15.000033,-3.5584245,-28.600609,-10.270919,53.13571,-30.193798,15.000033,-0.4751454,-2.8013248,26.393139,-52.242176,30.027254,-9.340126,-26.257036,34.868385,-16.402868,14.72718,-56.205116,-10.606174,22.189102,-27.566942,-37.18763,1.3629355,5.1791596
970,-14.155216217041016,8.138188362121582,70.31500244140625,2.2860780819006044,-12.572073746021935,-103.17819309597841,-13.879999,23.861183,-9.046359,39.886692,-10.083258,-15.000033,-2.9479752,-28.46706,-10.452512,51.475582,-29.071083,15.000033,-0.13367064,-2.9249203,25.999182,-51.911255,29.695824,-9.552426,-26.212852,35.064175,-16.450869,14.5530405,-55.106533,-10.833021,22.294046,-27.818794,-37.15442,1.3169281,5.0267367
971,-13.781777381896973,8.067910194396973,70.66629791259766,2.1488408026424253,-12.523069745605342,-103.30768766903766,-13.501403,23.983807,-8.992869,40.667564,-9.995947,-15.000033,-2.3323317,-28.301895,-10.646949,49.74355,-27.881475,15.000033,0.20220181,-3.0306785,25.565178,-51.605003,29.346186,-9.774787,-26.14404,35.296593,-16.494312,14.386721,-53.94181,-11.023149,22.385046,-28.071651,-37.133656,1.2651321,4.877742
972,-13.398761749267578,7.994496822357178,71.01901245117188,2.011529837225931,-12.459758006149016,-103.42918542334785,-13.114476,24.094742,-8.947523,41.467804,-9.957631,-15.000033,-1.7136261,-28.161953,-10.865337,47.98314,-26.64111,15.000033,0.49954316,-3.1463368,25.113775,-51.282787,28.97415,-10.017344,-26.11003,35.583405,-16.518372,14.2941065,-52.743797,-11.178082,22.473436,-28.343851,-37.15009,1.2243648,4.766349
973,-12.993156433105469,7.910085678100586,71.37203216552734,1.8765901949836439,-12.382524108673051,-103.52761727547269,-12.724166,24.201736,-8.888685,42.298134,-10.006905,-15.000033,-1.0587838,-28.05328,-11.134322,46.14944,-25.339363,15.000033,0.7923658,-3.250032,24.624437,-51.14374,28.63966,-10.257964,-25.932579,35.7663,-16.531921,14.277441,-51.477783,-11.313378,22.534384,-28.621685,-37.240322,1.202809,4.724946
974,-12.565771102905273,7.823317527770996,71.7143325805664,1.7316151122794958,-12.287320866364253,-103.61837714086293,-12.338603,24.349184,-8.792169,43.17954,-10.116071,-15.000033,-0.37858105,-27.94618,-11.436325,44.238667,-23.977495,15.000033,1.0272276,-3.3741643,24.120241,-50.914585,28.29898,-10.513868,-25.856525,36.056767,-16.510113,14.334056,-50.144985,-11.415379,22.599468,-28.951258,-37.35643,1.1944164,4.7173243
975,-12.12730884552002,7.7325215339660645,72.04180145263672,1.5791727884418654,-12.176746855612924,-103.72334740894456,-11.942096,24.483955,-8.741762,44.081726,-10.238564,-15.000033,0.2587633,-27.846815,-11.732663,42.35684,-22.572426,15.000033,1.2569813,-3.4899414,23.601355,-50.719402,27.955587,-10.78479,-25.772768,36.337685,-16.487146,14.426206,-48.77845,-11.484111,22.663725,-29.307142,-37.49096,1.1824281,4.707461
976,-11.660696983337402,7.640058517456055,72.35321044921875,1.4238403303409268,-12.05299744993916,-103.86433076805015,-11.514562,24.569515,-8.785448,44.950024,-10.286726,-15.000033,0.7832636,-27.759348,-11.965526,40.61588,-21.162329,15.000033,1.5240029,-3.581625,23.072088,-50.66058,27.639948,-11.064304,-25.599764,36.487698,-16.491106,14.523028,-47.420452,-11.53066,22.70997,-29.66776,-37.60875,1.1499493,4.658682
977,-11.181702613830566,7.5426154136657715,72.64527893066406,1.2578738198747763,-11.910280211661993,-104.04513314007622,-11.080681,24.58878,-8.996679,45.845753,-10.3151655,-15.000033,1.1841882,-27.687895,-12.149353,39.027496,-19.729073,15.000033,1.8332536,-3.6587815,22.56041,-50.60943,27.307104,-11.3998375,-25.483572,36.593037,-16.49899,14.660522,-45.90422,-11.507983,22.833895,-30.201097,-37.84298,1.099181,4.5264444
978,-10.685998916625977,7.444547653198242,72.91130828857422,1.0825175974696968,-11.750485612331662,-104.25428413099313,-10.636592,24.559618,-9.321759,46.76634,-10.33664,-15.000033,1.4931233,-27.638155,-12.299477,37.54719,-18.26904,15.000033,2.0588994,-3.7431579,21.973219,-50.57759,27.020092,-11.669242,-25.288456,36.603672,-16.530903,14.809039,-44.835564,-11.5400305,22.747202,-30.358604,-37.652866,0.99558026,4.3971634
979,-10.176314353942871,7.350133895874023,73.14936828613281,0.9152205178483512,-11.58396755734645,-104.49006439174201,-10.132412,24.48476,-9.64075,47.582756,-10.22857,-15.000033,1.7077689,-27.614157,-12.37657,36.18386,-16.81997,15.000033,2.367591,-3.8078618,21.431967,-50.67346,26.753622,-11.991921,-25.079327,36.557384,-16.574774,14.966938,-43.478004,-11.543918,22.764936,-30.811241,-37.68508,0.912443,4.2325745
980,-9.653327941894531,7.253809928894043,73.35939025878906,0.7793611904619904,-11.423706935690193,-104.75229694857597,-9.514764,24.365667,-9.829593,48.165813,-9.869841,-15.000033,1.8250476,-27.632515,-12.337303,34.954487,-15.422399,15.000033,2.6137733,-3.9069893,20.92205,-50.642776,26.475204,-12.314617,-25.000502,36.698082,-16.63256,15.10172,-42.262867,-11.535524,22.78718,-31.225739,-37.64061,0.8424808,4.0973806
981,-9.108419418334961,7.160388469696045,73.54320526123047,0.6800798320381901,-11.274009726513277,-105.05284119367748,-8.781471,24.192152,-9.890878,48.59038,-8.995772,-15.000033,1.8395717,-27.69419,-12.157868,33.85919,-14.057353,15.000033,2.9426935,-3.993138,20.422625,-50.910847,26.279005,-12.611533,-24.697039,36.694687,-16.75872,15.16445,-41.048447,-11.533406,22.772125,-31.658857,-37.619343,0.79510397,4.0220747
982,-8.546445846557617,7.063113212585449,73.6960678100586,0.6099295488457579,-11.128240685627816,-105.38967232979638,-7.9576907,23.965944,-9.869105,48.887703,-7.745956,-15.000033,1.7557585,-27.801056,-11.861576,32.888927,-12.713325,15.000033,3.2233043,-4.119392,19.967056,-51.02965,26.099203,-12.911283,-24.566519,36.856632,-16.896381,15.220111,-39.88886,-11.521773,22.790483,-32.145214,-37.558605,0.7653281,3.9673595
983,-7.973301410675049,6.971479892730713,73.81187438964844,0.560638183397889,-10.98572371990331,-105.74072611870062,-7.040125,23.715443,-9.716806,48.881104,-6.6218963,-15.000033,1.589037,-27.954657,-11.480042,32.041622,-11.435102,15.000033,3.4782798,-4.2544417,19.536308,-51.151455,25.93893,-13.209593,-24.468159,37.061146,-17.036846,15.265272,-38.78997,-11.502587,22.831167,-32.63059,-37.493774,0.739785,3.9018764
984,-7.388464450836182,6.875237941741943,73.8899154663086,0.5213734693934884,-10.844202654100801,-106.08368805295373,-6.0239854,23.463596,-9.399951,48.392017,-6.1215515,-15.000033,1.3552619,-28.15378,-11.045605,31.31381,-10.269421,15.000033,3.7509592,-4.359382,19.103264,-51.535896,25.884083,-13.465977,-24.18207,37.04093,-17.18065,15.288314,-37.767693,-11.499204,22.85027,-33.043514,-37.43701,0.70327616,3.7979624
985,-6.767802715301514,6.776978015899658,73.91292572021484,0.5202619308219292,-10.6990017295342,-106.42482509500233,-4.8123093,23.16655,-8.86883,47.166912,-6.41308,-15.000033,1.0308224,-28.431793,-10.519321,30.723183,-9.222261,15.000033,3.9298158,-4.507362,18.706657,-51.75382,25.825201,-13.763827,-24.08385,37.191082,-17.269228,15.36036,-36.833492,-11.499209,22.932621,-33.460197,-37.352814,0.6585897,3.6170037
986,-6.136104106903076,6.673912048339844,73.89480590820312,0.5454892523283554,-10.553409662994573,-106.77376959509486,-3.4331703,22.796722,-8.199658,45.355434,-7.215575,-15.000033,0.6198001,-28.771502,-9.8986635,30.2547,-8.265616,15.000033,4.1096115,-4.6540627,18.317421,-52.082493,25.776917,-14.075054,-23.920664,37.311626,-17.352402,15.432615,-35.95975,-11.514318,23.014109,-33.845123,-37.259274,0.6080959,3.393581
987,-5.499673366546631,6.5752410888671875,73.83317565917969,0.5500158044850861,-10.412223159565045,-107.11204251202628,-2.071513,22.410343,-7.5315657,43.380646,-8.345346,-15.000033,0.17311032,-29.102245,-9.271286,29.864891,-7.39955,15.000033,4.2366896,-4.7583437,17.953228,-52.406242,25.765081,-14.338527,-23.800873,37.42454,-17.430885,15.471879,-35.20115,-11.529731,23.120443,-34.179737,-37.173206,0.5560703,3.157788
988,-4.860846519470215,6.482326030731201,73.73152923583984,0.47811115141566246,-10.28092896565055,-107.41770867531963,-0.92260164,22.097458,-6.9621367,41.691635,-9.641725,-15.000033,-0.2574823,-29.36036,-8.730868,29.513605,-6.6225905,15.000033,4.3629656,-4.814395,17.627697,-52.868324,25.767563,-14.674768,-23.617027,37.540085,-17.477617,15.482203,-34.465694,-11.566201,23.167019,-34.562847,-37.108936,0.4997066,2.9462192
989,-4.237659454345703,6.404460906982422,73.5944595336914,0.3033033238941725,-10.142631857652106,-107.69855376946332,-0.018827882,21.908957,-6.503518,40.30962,-11.17895,-15.000033,-0.6922901,-29.511377,-8.294213,29.20096,-5.9311414,15.000033,4.4708667,-4.770102,17.320114,-53.416534,25.789494,-15.027426,-23.42881,37.653084,-17.50184,15.42261,-33.790565,-11.624901,23.182966,-34.95728,-37.067783,0.43878728,2.751765
990,-3.630314826965332,6.339704990386963,73.43124389648438,0.05709035424038804,-9.999992235805493,-107.95932451657983,0.7258358,21.815819,-6.081703,39.04561,-13.01054,-15.000033,-1.1448389,-29.59317,-7.921554,28.943264,-5.325587,15.000033,4.561605,-4.652469,17.03527,-54.04566,25.835127,-15.402432,-23.238087,37.76261,-17.50303,15.3172245,-33.160347,-11.71567,23.176077,-35.37859,-37.03822,0.37538245,2.558081
991,-3.027444839477539,6.294183254241943,73.23110961914062,-0.22246607738187565,-9.885060496135099,-108.17236835462766,1.2855508,21.807798,-5.627183,38.04528,-14.928173,-15.000033,-1.5569433,-29.654285,-7.619174,28.733355,-4.8168697,15.000033,4.6135683,-4.513337,16.817768,-54.72469,25.893578,-15.786449,-23.043377,37.871124,-17.4936,15.200476,-32.589878,-11.8240185,23.135214,-35.828747,-37.023895,0.31254864,2.3902717
992,-2.4413957595825195,6.263495445251465,73.00520324707031,-0.4968283174848412,-9.830448415362213,-108.31047030391694,1.6399972,21.859371,-5.0793934,37.45104,-16.727455,-15.000033,-1.8724877,-29.742115,-7.3900857,28.565073,-4.416114,15.000033,4.6341276,-4.4121795,16.711136,-55.496075,25.960697,-16.193699,-22.786001,37.944664,-17.483917,15.111369,-32.067234,-11.9436655,23.018883,-36.327747,-37.026814,0.25001547,2.278215
993,-1.880007266998291,6.25766658782959,72.76805877685547,-0.7865517562034485,-9.850049913897836,-108.36382472024214,1.7311682,22.035805,-4.33048,37.405098,-18.431404,-15.000033,-2.0873287,-29.830976,-7.226168,28.46849,-4.1420207,15.000033,4.593087,-4.3351326,16.739965,-56.333267,26.016708,-16.637907,-22.499117,38.06184,-17.467205,15.057013,-31.625051,-12.0724325,22.833582,-36.877964,-37.053738,0.1843575,2.2408526
994,-1.3425709009170532,6.2761383056640625,72.52766418457031,-1.1016776220242765,-9.926965901611469,-108.34982840345332,1.5912875,22.33075,-3.4293087,37.803238,-20.11909,-15.000033,-2.227463,-29.909172,-7.125213,28.43835,-3.9846814,15.000033,4.5168223,-4.2597723,16.875114,-57.27257,26.05968,-17.11762,-22.156076,38.18925,-17.444548,15.015115,-31.247797,-12.211983,22.580538,-37.466476,-37.104874,0.11498445,2.262129
995,-0.8319379687309265,6.315302848815918,72.29010009765625,-1.377785115313597,-10.045194824850803,-108.28125366360958,1.3406101,22.590862,-2.573149,38.412888,-21.702423,-15.000033,-2.2861283,-30.04773,-7.0987806,28.418562,-3.9108324,15.000033,4.44233,-4.242962,17.094574,-58.281555,26.091074,-17.621283,-21.748756,38.252197,-17.422817,14.993832,-30.871439,-12.359197,22.251577,-38.102535,-37.1598,0.049742322,2.3113232
996,-0.33727094531059265,6.362827301025391,72.06800842285156,-1.5486509643212647,-10.186430067691678,-108.16745698885278,1.091972,22.656672,-1.9635643,38.99699,-23.087566,-15.000033,-2.259214,-30.322159,-7.160654,28.35596,-3.8881052,15.000033,4.3644304,-4.3474107,17.381516,-59.215313,26.083231,-18.13832,-21.357605,38.28031,-17.39969,15.00884,-30.456358,-12.499062,21.874784,-38.790768,-37.19807,-0.0013822335,2.3531878
997,0.134939506649971,6.425570011138916,71.86958312988281,-1.5639609532084038,-10.376365278216253,-107.98385438047367,0.88484377,22.431631,-1.6790477,39.50785,-24.25091,-15.000033,-2.1072092,-30.797092,-7.291629,28.248222,-3.9613426,15.000033,4.295258,-4.6338367,17.768095,-60.148438,26.029999,-18.680489,-20.917377,38.19596,-17.383282,15.07876,-30.003063,-12.626308,21.40593,-39.53921,-37.228027,-0.034331996,2.3997896
998,0.5812839865684509,6.503854751586914,71.68891906738281,-1.4686721617465814,-10.613920803439504,-107.73243366966685,0.6546589,22.009935,-1.6087655,40.059982,-25.24105,-15.000033,-1.846987,-31.419703,-7.4988933,28.127243,-4.135189,15.000033,4.218329,-5.058886,18.251328,-61.076233,25.919456,-19.25157,-20.439661,38.061863,-17.369087,15.192541,-29.537155,-12.737875,20.860062,-40.333378,-37.25875,-0.05522761,2.463072
999,1.013230800628662,6.588024616241455,71.53387451171875,-1.3432130366878003,-10.839685046622378,-107.46063524214917,0.35840556,21.518251,-1.6715817,40.657425,-26.073729,-15.000033,-1.5500782,-32.091187,-7.8404446,27.97649,-4.317818,15.000033,4.1679125,-5.514512,18.737576,-61.975746,25.758484,-19.826563,-19.928482,37.911335,-17.359362,15.300967,-29.025496,-12.830175,20.275082,-41.134693,-37.27071,-0.07430789,2.5192976
1000,1.4376723766326904,6.671353340148926,71.41133880615234,-1.2640937174913172,-10.993539778742875,-107.21582204034584,-0.046224315,21.086262,-1.7869431,41.307396,-26.765491,-15.000033,-1.2920845,-32.705425,-8.369191,27.787058,-4.4218454,15.000033,4.1564994,-5.8923554,19.138197,-62.77871,25.557934,-20.375692,-19.420195,37.810738,-17.351774,15.358173,-28.450787,-12.895314,19.712519,-41.899166,-37.24762,-0.10027846,2.5413058
1001,1.8439832925796509,6.762132167816162,71.31641387939453,-1.2272461876065326,-11.046355239087017,-106.98813066689664,-0.6204864,20.694847,-1.9934982,42.067165,-27.301664,-15.000033,-1.09918,-33.294037,-9.123528,27.566826,-4.4393015,15.000033,4.175839,-6.1959524,19.423737,-63.46858,25.327686,-20.892185,-18.917347,37.747597,-17.343742,15.343658,-27.80121,-12.924889,19.162502,-42.61753,-37.167233,-0.14011112,2.5166914
1002,2.2187705039978027,6.866004943847656,71.24516296386719,-1.2007343721507908,-11.035849341863102,-106.75808321806653,-1.3171991,20.289415,-2.314234,42.91238,-27.680807,-15.000033,-0.92608607,-33.889656,-10.07407,27.332071,-4.4285016,15.000033,4.210285,-6.4725466,19.644878,-64.06511,25.072817,-21.385124,-18.414755,37.70036,-17.335764,15.285382,-27.103107,-12.91453,18.61451,-43.30258,-37.04765,-0.18718895,2.462403
1003,2.568240165710449,6.9785051345825195,71.20626068115234,-1.221118348284802,-11.001802255191668,-106.5587760116699,-2.018075,19.952843,-2.6474361,43.725937,-27.937967,-15.000033,-0.7386063,-34.38922,-11.166369,27.075975,-4.390628,15.000033,4.2680817,-6.6773067,19.829407,-64.5802,24.806805,-21.848951,-17.91899,37.700447,-17.332191,15.208934,-26.407824,-12.865428,18.115072,-43.92994,-36.92384,-0.23334673,2.3946989
1004,2.892946720123291,7.096871852874756,71.19915771484375,-1.329783142034947,-10.982886040477753,-106.42451725217524,-2.6116219,19.77211,-2.895884,44.39416,-28.110285,-15.000033,-0.5070813,-34.69263,-12.338125,26.78338,-4.3137765,15.000033,4.3596783,-6.765406,20.00311,-65.03078,24.55377,-22.275558,-17.439533,37.766174,-17.337551,15.139269,-25.760225,-12.7826395,17.713259,-44.480766,-36.835712,-0.26768145,2.3308516
1005,3.199442148208618,7.226714611053467,71.21986389160156,-1.5439433966948473,-10.99074138542979,-106.37706233340747,-3.080903,19.785866,-3.0356026,44.926098,-28.196835,-15.000033,-0.22587503,-34.816895,-13.690624,26.436432,-4.1636252,15.000033,4.4900026,-6.697432,20.174002,-65.389786,24.337002,-22.639482,-16.998428,37.947857,-17.352686,15.079505,-25.152977,-12.663682,17.450788,-44.94691,-36.792076,-0.27996734,2.2587
1006,3.4884796142578125,7.368517875671387,71.27629852294922,-1.842235945580098,-11.004370624466015,-106.39372809991957,-3.4840615,19.947351,-3.1239216,45.372047,-28.183311,-15.000033,0.089104205,-34.796444,-15.214503,26.045404,-3.9521503,15.000033,4.639386,-6.507225,20.325071,-65.64225,24.171104,-22.94533,-16.602757,38.211124,-17.373377,15.019083,-24.582952,-12.507055,17.302696,-45.328514,-36.773113,-0.27787203,2.1745417
1007,3.755873441696167,7.521218299865723,71.3669662475586,-2.202426903235568,-11.011090009031147,-106.4450226264704,-3.8227615,20.216774,-3.182058,45.67362,-28.082085,-15.000033,0.42528254,-34.555023,-16.668692,25.612919,-3.7118397,15.000033,4.779662,-6.263797,20.44509,-65.809044,24.060005,-23.231232,-16.254726,38.463215,-17.395376,14.965125,-24.09885,-12.324068,17.221626,-45.63276,-36.775402,-0.27708948,2.1065671
1008,3.9844818115234375,7.678879261016846,71.49343872070312,-2.5956668450276017,-10.995674524201501,-106.50285864209388,-4.103209,20.55069,-3.2293034,45.77711,-27.907623,-15.000033,0.7677982,-34.026157,-17.80442,25.12156,-3.4599483,15.000033,4.8960247,-6.036322,20.524359,-65.928795,24.00055,-23.538574,-15.941589,38.6011,-17.415277,14.923274,-23.737396,-12.134546,17.147348,-45.875668,-36.788597,-0.2919962,2.081205
1009,4.1849365234375,7.857835292816162,71.64417266845703,-3.070029562794469,-10.951079239045399,-106.58486373219603,-4.324892,21.016989,-3.2655845,45.66053,-27.668375,-15.000033,1.1335298,-33.029995,-18.50237,24.41163,-3.0938308,15.000033,5.0011334,-5.781802,20.55562,-66.00745,23.989668,-23.876171,-15.663077,38.58722,-17.43125,14.89038,-23.508005,-11.954583,17.083998,-46.072872,-36.824734,-0.32235336,2.1193068
1010,4.347188949584961,8.058088302612305,71.81671142578125,-3.6125627577683566,-10.885460813574408,-106.69852444100982,-4.4875903,21.606026,-3.279604,45.35656,-27.354845,-15.000033,1.5246263,-31.65955,-18.898342,23.48543,-2.6207612,15.000033,5.1066246,-5.485977,20.549614,-66.03128,24.024155,-24.222343,-15.427511,38.476814,-17.44553,14.864411,-23.368788,-11.794212,17.048409,-46.238773,-36.877098,-0.35766247,2.1957943
1011,4.484070777893066,8.266561508178711,72.00846862792969,-4.112193667217352,-10.806612150593935,-106.80131771028681,-4.594132,22.158758,-3.2699187,44.887985,-26.952045,-15.000033,1.8962971,-30.264065,-19.12871,22.605032,-2.2311063,15.000033,5.198994,-5.2490363,20.524927,-66.004196,24.077068,-24.562126,-15.234387,38.320442,-17.466347,14.846829,-23.276781,-11.688732,17.00482,-46.398514,-36.90528,-0.39360377,2.2633317
1012,4.6000494956970215,8.482728958129883,72.21548461914062,-4.461634080333414,-10.719933500692825,-106.85207078304227,-4.6512094,22.523159,-3.2371972,44.282475,-26.448383,-15.000033,2.1895938,-29.189379,-19.336466,22.08644,-2.1153824,15.000033,5.2623377,-5.2147098,20.493109,-65.961044,24.158844,-24.95124,-15.054347,38.168087,-17.47916,14.865296,-23.223343,-11.566173,16.898912,-46.528713,-36.883083,-0.44861853,2.3065286
1013,4.697146892547607,8.693655967712402,72.43635559082031,-4.617234785155949,-10.624325165458144,-106.82602854175185,-4.656845,22.630404,-3.1796203,43.522606,-25.825432,-15.000033,2.3576064,-28.536343,-19.46358,22.090433,-2.4132268,15.000033,5.2788954,-5.4306154,20.460331,-65.89704,24.257633,-25.377672,-14.892091,38.006172,-17.49853,14.912892,-23.219696,-11.444476,16.718779,-46.630325,-36.79704,-0.53036964,2.3139296
1014,4.778263092041016,8.910143852233887,72.6712875366211,-4.642681217780423,-10.517063324714389,-106.74948192763053,-4.609973,22.573914,-3.096631,42.60383,-25.096561,-15.000033,2.4381855,-28.119255,-19.475813,22.461126,-2.9999046,15.000033,5.273361,-5.811613,20.421436,-65.81892,24.350117,-25.832607,-14.738554,37.824818,-17.526115,14.980337,-23.24854,-11.354521,16.482676,-46.729332,-36.66383,-0.6281285,2.2958121
1015,4.847348690032959,9.123518943786621,72.91690826416016,-4.609396708619495,-10.400803639207304,-106.65838850712178,-4.516889,22.451605,-2.992837,41.57014,-24.299055,-15.000033,2.4997423,-27.840809,-19.556017,23.044909,-3.6621585,15.000033,5.2694135,-6.239365,20.359644,-65.713524,24.411766,-26.261225,-14.589736,37.666897,-17.564608,15.04931,-23.2925,-11.315912,16.229324,-46.808475,-36.50064,-0.71311575,2.2453465
1016,4.904706954956055,9.33842945098877,73.17398071289062,-4.585529183593531,-10.278414725059509,-106.5882827445502,-4.383814,22.360481,-2.8714914,40.464535,-23.467216,-15.000033,2.6083999,-27.60805,-19.87976,23.68991,-4.1907597,15.000033,5.30382,-6.644446,20.27109,-65.593285,24.469812,-26.694893,-14.445059,37.570824,-17.584175,15.139081,-23.322655,-11.295216,15.952768,-46.868347,-36.31533,-0.7763614,2.1810765
1017,4.945986747741699,9.566346168518066,73.4328842163086,-4.58552829887247,-10.152413285340808,-106.54589199025271,-4.1954494,22.319456,-2.7270498,39.265785,-22.594564,-15.000033,2.800736,-27.417002,-20.579378,24.372963,-4.5092807,15.000033,5.3534594,-6.9829698,20.134813,-65.414505,24.50533,-27.059135,-14.302453,37.57147,-17.612768,15.224126,-23.38026,-11.300994,15.712315,-46.8495,-36.10967,-0.79658353,2.0648491
1018,4.97185754776001,9.7896728515625,73.69950103759766,-4.573666620983207,-10.020855405858645,-106.51250552462211,-3.9533167,22.272385,-2.557166,37.95911,-21.668108,-15.000033,3.0354059,-27.317368,-21.529367,25.18442,-4.743791,15.000033,5.4626956,-7.3472204,19.98909,-65.259514,24.541357,-27.490713,-14.151223,37.630264,-17.61343,15.353744,-23.384785,-11.337941,15.3951025,-46.869,-35.84663,-0.80355775,1.9220585
1019,4.996033191680908,10.01131820678711,73.96399688720703,-4.544516479761431,-9.88022305069682,-106.48569100254551,-3.6939466,22.21331,-2.372857,36.60962,-20.71809,-15.000033,3.2806745,-27.281813,-22.527742,26.09843,-4.9819307,15.000033,5.548609,-7.6836123,19.797865,-65.03284,24.559246,-27.823511,-14.024415,37.706383,-17.625523,15.458048,-23.456062,-11.396457,15.122848,-46.79006,-35.608223,-0.7903769,1.7805753
1020,5.012833118438721,10.229997634887695,74.22064208984375,-4.497754444846378,-9.727280543521555,-106.46325453925331,-3.4528255,22.137712,-2.1868587,35.28082,-19.774954,-15.000033,3.5011313,-27.278091,-23.371832,27.084143,-5.307429,15.000033,5.642063,-7.989547,19.588924,-64.767784,24.560907,-28.092493,-13.947559,37.743584,-17.62444,15.546263,-23.52599,-11.525167,14.839273,-46.708633,-35.401966,-0.7684718,1.6860942
1021,5.029567718505859,10.450228691101074,74.4641342163086,-4.426046446186696,-9.554889913415023,-106.45098036997925,-3.2276108,22.04414,-1.9897197,33.95983,-18.82702,-15.000033,3.6848288,-27.32765,-24.062302,28.166914,-5.761693,15.000033,5.692642,-8.254861,19.32094,-64.399925,24.545774,-28.212393,-13.920012,37.72705,-17.630684,15.579332,-23.683756,-11.684825,14.62355,-46.51154,-35.282722,-0.7289184,1.6499357
1022,5.036405086517334,10.676815032958984,74.6944351196289,-4.333318913306124,-9.367215628237698,-106.44729287504087,-3.0023239,21.934397,-1.7789925,32.620846,-17.864113,-15.000033,3.8538089,-27.438787,-24.68899,29.351528,-6.294024,15.000033,5.722125,-8.494872,19.007748,-63.95452,24.519125,-28.23413,-13.936046,37.685696,-17.635479,15.5823,-23.898645,-11.875301,14.442724,-46.234688,-35.215652,-0.673415,1.6519109
1023,5.043826103210449,10.895711898803711,74.910400390625,-4.233608211117856,-9.17791116289091,-106.44054725293002,-2.79323,21.81464,-1.5793806,31.310572,-16.91791,-15.000033,4.0184317,-27.559456,-25.18031,30.577358,-6.8501697,15.000033,5.7358437,-8.702871,18.677435,-63.47001,24.483644,-28.184034,-13.991301,37.633816,-17.639118,15.574768,-24.168787,-12.098872,14.274993,-45.89354,-35.1618,-0.6152848,1.6827692
1024,5.050200939178467,11.125248908996582,75.10563659667969,-4.1361183248789954,-8.999889822773321,-106.41957626176504,-2.615047,21.693167,-1.4149442,30.071678,-16.01698,-15.000033,4.186849,-27.634657,-25.466667,31.780489,-7.3746862,15.000033,5.7349076,-8.869699,18.359613,-62.97023,24.43635,-28.085337,-14.091167,37.60216,-17.641644,15.576714,-24.489109,-12.3566675,14.105096,-45.507847,-35.084965,-0.56678,1.7310709
1025,5.0545477867126465,11.365318298339844,75.28113555908203,-4.048262533311447,-8.828466323235014,-106.38144971015176,-2.4770267,21.57416,-1.2940546,28.905903,-15.156284,-15.000033,4.345748,-27.652563,-25.515518,32.968014,-7.879905,15.000033,5.7204742,-8.990719,18.048431,-62.460518,24.3736,-27.934902,-14.235501,37.58893,-17.64253,15.589979,-24.868303,-12.652972,13.921598,-45.06661,-34.967556,-0.5378274,1.8203727
1026,5.0558953285217285,11.598275184631348,75.43619537353516,-3.960926406846955,-8.658330616881807,-106.33299994937842,-2.3688214,21.45571,-1.2036884,27.79077,-14.322391,-15.000033,4.4930263,-27.635992,-25.371641,34.163162,-8.385143,15.000033,5.690901,-9.068884,17.73373,-61.922462,24.290543,-27.724108,-14.427363,37.590816,-17.64143,15.605929,-25.304422,-12.989159,13.739079,-44.5676,-34.83082,-0.51893973,1.9466499
1027,5.060194492340088,11.841063499450684,75.56832885742188,-3.8738801678835237,-8.504554854044462,-106.27633107071956,-2.2814255,21.337534,-1.1381466,26.744265,-13.537696,-15.000033,4.642354,-27.590498,-25.076494,35.351147,-8.849139,15.000033,5.6616507,-9.108004,17.435251,-61.39044,24.190762,-27.475376,-14.642598,37.594437,-17.641264,15.625749,-25.76601,-13.362351,13.562248,-44.0472,-34.69537,-0.49520603,2.060148
1028,5.064144134521484,12.086982727050781,75.67766571044922,-3.784799654934725,-8.380864996449622,-106.21392680351757,-2.20639,21.218948,-1.0926104,25.785091,-12.823277,-15.000033,4.809237,-27.521332,-24.672228,36.514736,-9.229391,15.000033,5.6342807,-9.114682,17.173416,-60.86826,24.075228,-27.208298,-14.87603,37.614258,-17.642946,15.653017,-26.236511,-13.765841,13.408679,-43.530994,-34.582413,-0.45226523,2.111814
1029,5.06257438659668,12.340725898742676,75.75990295410156,-3.6951591099148855,-8.289150470534928,-106.13617042686536,-2.1406422,21.102018,-1.0738952,24.90267,-12.18041,-15.000033,4.9979773,-27.420849,-24.136158,37.655212,-9.495334,15.000033,5.6047416,-9.087019,16.946075,-60.36376,23.946472,-26.916271,-15.12901,37.64121,-17.646646,15.683736,-26.722054,-14.199689,13.274846,-43.010002,-34.52025,-0.37807447,2.0908587
1030,5.0605692863464355,12.591428756713867,75.82298278808594,-3.607596195120627,-8.222689968278813,-106.0453233811896,-2.0898578,20.989527,-1.0839181,24.094072,-11.598361,-15.000033,5.2021008,-27.28125,-23.46323,38.777134,-9.675353,15.000033,5.567747,-9.022359,16.745415,-59.8588,23.803036,-26.591166,-15.410637,37.683014,-17.650986,15.718561,-27.233603,-14.663917,13.162662,-42.472244,-34.49169,-0.28338537,2.023078
1031,5.055183410644531,12.848600387573242,75.86211395263672,-3.516609594986096,-8.183077188399894,-105.96156660080997,-2.04992,20.881817,-1.1075941,23.372128,-11.080199,-15.000033,5.427821,-27.11424,-22.722921,39.858555,-9.810284,15.000033,5.5470834,-8.925603,16.57979,-59.375412,23.650976,-26.256441,-15.699181,37.72586,-17.657887,15.76369,-27.742172,-15.148505,13.068306,-41.94197,-34.445606,-0.18975909,1.9166807
1032,5.0458245277404785,13.112812995910645,75.87651824951172,-3.4150643380225096,-8.171940131624343,-105.9050257891449,-2.0161746,20.779005,-1.1293976,22.748823,-10.628502,-15.000033,5.6799254,-26.933739,-21.982433,40.879513,-9.942104,15.000033,5.557944,-8.805701,16.456905,-58.919865,23.497456,-25.935282,-15.976897,37.769493,-17.66799,15.827042,-28.230984,-15.63637,12.9948,-41.430725,-34.333237,-0.119785115,1.7818496
1033,5.029014587402344,13.381917953491211,75.8698959350586,-3.2990961566514643,-8.19732643497076,-105.87547030039751,-1.9767866,20.675386,-1.1536791,22.223204,-10.251415,-15.000033,5.9688153,-26.759892,-21.24884,41.855473,-10.0825615,15.000033,5.5965805,-8.668329,16.381435,-58.49045,23.349693,-25.624582,-16.244825,37.815487,-17.68702,15.921585,-28.717945,-16.116766,12.94701,-40.92102,-34.12787,-0.08998624,1.6132534
1034,5.002594947814941,13.655133247375488,75.83976745605469,-3.173181723837958,-8.256597939236359,-105.86365098576283,-1.935935,20.575333,-1.186647,21.787054,-9.942367,-15.000033,6.292993,-26.584486,-20.492727,42.789734,-10.209789,15.000033,5.6496778,-8.511751,16.346142,-58.076344,23.211992,-25.313063,-16.515284,37.864216,-17.71214,16.04001,-29.218039,-16.586405,12.926561,-40.39935,-33.863094,-0.08765994,1.4120008
1035,4.969864845275879,13.932402610778809,75.79418182373047,-3.0444807628348642,-8.334388393474473,-105.87549964744703,-1.9196864,20.491024,-1.2211404,21.455786,-9.693241,-15.000033,6.6321883,-26.37375,-19.723587,43.652298,-10.319575,15.000033,5.724216,-8.334761,16.340553,-57.685246,23.089792,-25.01358,-16.77776,37.89927,-17.731394,16.158152,-29.701534,-17.037497,12.926046,-39.887424,-33.585003,-0.09226767,1.1988814
1036,4.923463344573975,14.2245454788208,75.73396301269531,-2.9211390754102036,-8.415785339719458,-105.91648360398928,-1.9507022,20.434433,-1.248925,21.239151,-9.493934,-15.000033,6.969393,-26.097229,-18.951841,44.409657,-10.405997,15.000033,5.822507,-8.137545,16.353985,-57.314716,22.985205,-24.739983,-17.031052,37.91634,-17.731968,16.253101,-30.145319,-17.45876,12.938487,-39.40281,-33.337196,-0.083129786,0.9950193
1037,4.875977993011475,14.518444061279297,75.65948486328125,-2.8112986959630746,-8.501367331787364,-105.98765624040216,-2.0385401,20.4167,-1.2747633,21.155592,-9.35186,-15.000033,7.305062,-25.72639,-18.161781,45.060547,-10.405468,15.000033,5.9425874,-7.913916,16.38591,-56.969284,22.899666,-24.491484,-17.275719,37.89604,-17.701136,16.310564,-30.562267,-17.843355,12.964677,-38.933926,-33.12231,-0.05470738,0.80011624
1038,4.815311908721924,14.82546329498291,75.56962585449219,-2.7101693840785455,-8.598655411580415,-106.08478217168283,-2.1706672,20.427933,-1.3028868,21.198364,-9.271616,-15.000033,7.6510143,-25.287697,-17.357826,45.622753,-10.345501,15.000033,6.0782895,-7.668404,16.440538,-56.642723,22.834503,-24.2619,-17.516184,37.85082,-17.64836,16.345936,-30.96572,-18.188326,13.00871,-38.468834,-32.922733,-0.020020388,0.6063479
1039,4.743042469024658,15.138890266418457,75.46800994873047,-2.5996560240604367,-8.70169408618321,-106.20651634674003,-2.3311,20.448536,-1.3199674,21.325422,-9.227871,-15.000033,8.003766,-24.827915,-16.575275,46.09259,-10.357469,15.000033,6.2350855,-7.419409,16.511545,-56.34254,22.796381,-24.059685,-17.725632,37.802227,-17.595482,16.3791,-31.327303,-18.489975,13.062264,-38.026157,-32.752884,0.016459541,0.42766643
1040,4.661070346832275,15.455499649047852,75.35574340820312,-2.4607926839706145,-8.803844459811375,-106.35214325626609,-2.5038714,20.457888,-1.3106781,21.494766,-9.195365,-15.000033,8.356646,-24.39601,-15.842029,46.465733,-10.571009,15.000033,6.4080296,-7.18657,16.59426,-56.04508,22.786259,-23.892452,-17.905031,37.799988,-17.561974,16.43211,-31.626411,-18.741026,13.128137,-37.623028,-32.628693,0.04856262,0.27503335
1041,4.574232578277588,15.77715015411377,75.23369598388672,-2.2996956775882125,-8.906202644600665,-106.52168634520949,-2.7030795,20.462408,-1.2779702,21.733,-9.182528,-15.000033,8.712168,-23.964064,-15.137983,46.755474,-11.040275,15.000033,6.60474,-6.9658422,16.68775,-55.784153,22.812187,-23.767733,-18.02835,37.84917,-17.558062,16.522615,-31.859463,-18.937069,13.194438,-37.260643,-32.570965,0.081709124,0.16110064
1042,4.47916316986084,16.10479736328125,75.09996032714844,-2.1198183789150584,-9.01082908288123,-106.71505215266994,-2.9316869,20.466883,-1.227139,22.051046,-9.197549,-15.000033,9.070739,-23.519186,-14.448407,46.960224,-11.691295,15.000033,6.8169274,-6.7546487,16.793905,-55.545315,22.87648,-23.678638,-18.114971,37.933914,-17.570044,16.636293,-32.045506,-19.076359,13.270705,-36.924118,-32.56851,0.11614353,0.07787008
1043,4.3714518547058105,16.436355590820312,74.95753479003906,-1.9011230353750417,-9.111298286593343,-106.93368399816404,-3.1579752,20.447058,-1.1452261,22.382376,-9.216278,-15.000033,9.417542,-23.133102,-13.804678,47.051437,-12.4549885,15.000033,7.0359187,-6.5716305,16.908712,-55.27977,22.97532,-23.610699,-18.191965,38.031696,-17.585787,16.743273,-32.181652,-19.155685,13.367549,-36.612747,-32.58409,0.13815063,0.006390349
1044,4.260788917541504,16.772029876708984,74.80541229248047,-1.6246403581455797,-9.20037439055867,-107.18012208223949,-3.3510604,20.380392,-1.0158806,22.660828,-9.210607,-15.000033,9.735914,-22.876556,-13.239178,46.99539,-13.256164,15.000033,7.2681293,-6.436051,17.023026,-54.976696,23.10473,-23.554218,-18.255405,38.092583,-17.596066,16.811108,-32.256657,-19.174763,13.486433,-36.326614,-32.58395,0.13257158,-0.06961569
1045,4.150872230529785,17.0998592376709,74.64706420898438,-1.2605532440327234,-9.277268093724974,-107.4570845891468,-3.5048199,20.22894,-0.82706827,22.881285,-9.180208,-15.000033,10.015291,-22.805607,-12.729951,46.778717,-14.059758,15.000033,7.5191646,-6.374602,17.141335,-54.64381,23.278303,-23.506481,-18.315313,38.094475,-17.596104,16.821434,-32.265736,-19.135048,13.622732,-36.07212,-32.551155,0.08582087,-0.16191873
1046,4.032455921173096,17.430953979492188,74.48412322998047,-0.82424253915156,-9.342765209575001,-107.76547893188662,-3.6344976,20.01566,-0.585405,23.07169,-9.135036,-15.000033,10.261658,-22.874859,-12.27253,46.41801,-14.902331,15.000033,7.7823863,-6.371949,17.265694,-54.27218,23.484886,-23.474817,-18.376066,38.08396,-17.590712,16.795942,-32.2188,-19.033724,13.780878,-35.84774,-32.50715,0.008871895,-0.2590622
1047,3.9027352333068848,17.76807975769043,74.31831359863281,-0.3736432469025977,-9.392417527428638,-108.10474137560173,-3.7442997,19.810677,-0.30534965,23.221718,-9.068148,-15.000033,10.483604,-23.011398,-11.926715,45.926373,-15.817144,15.000033,8.047551,-6.3779807,17.383188,-53.835526,23.725712,-23.44568,-18.431293,38.063503,-17.586817,16.759825,-32.125774,-18.871124,13.976409,-35.63482,-32.47274,-0.07468119,-0.346206
1048,3.7623326778411865,18.11328887939453,74.1567153930664,0.033682060881976714,-9.422190587866204,-108.47331250792263,-3.8348954,19.684052,-0.0017572254,23.314459,-8.969036,-15.000033,10.691194,-23.135208,-11.7493515,45.314484,-16.83892,15.000033,8.311099,-6.339775,17.48052,-53.327755,24.013636,-23.402363,-18.46704,38.00844,-17.592813,16.736937,-31.983015,-18.648233,14.218791,-35.42657,-32.47134,-0.14082073,-0.4091295
1049,3.606344699859619,18.458635330200195,74.00027465820312,0.39368033067353414,-9.426852497082804,-108.88192316411198,-3.9155655,19.64829,0.33388963,23.362194,-8.842879,-15.000033,10.8924055,-23.245625,-11.790131,44.516216,-18.031767,15.000033,8.553439,-6.2520328,17.559479,-52.67088,24.33871,-23.339827,-18.542341,37.987133,-17.613749,16.747599,-31.815382,-18.357225,14.535619,-35.23167,-32.498188,-0.17655107,-0.44967717
1050,3.4358158111572266,18.806047439575195,73.85643005371094,0.7294187988022056,-9.410571771578248,-109.32683334383431,-3.9828048,19.670748,0.7042907,23.367844,-8.6915045,-15.000033,11.080369,-23.373472,-12.012991,43.54592,-19.35791,15.000033,8.803929,-6.135365,17.617285,-51.960365,24.71659,-23.26414,-18.595987,37.920723,-17.64952,16.769163,-31.601583,-17.99949,14.898117,-35.048122,-32.55002,-0.19843239,-0.47075346
1051,3.25666880607605,19.159648895263672,73.71747589111328,1.0299712334940412,-9.382171705020413,-109.78558931709703,-4.021747,19.751818,1.0845339,23.307396,-8.504408,-15.000033,11.24224,-23.484306,-12.339389,42.536232,-20.702162,15.000033,9.036535,-5.9877343,17.657043,-51.18357,25.161356,-23.161274,-18.627888,37.792885,-17.681164,16.781046,-31.345522,-17.58313,15.308839,-34.84171,-32.634693,-0.2217772,-0.46993434
1052,3.0615835189819336,19.51655387878418,73.59092712402344,1.2882844855112252,-9.350929706668133,-110.23533720385994,-4.017054,19.889109,1.4490467,23.157173,-8.27454,-15.000033,11.363501,-23.545904,-12.687143,41.62296,-21.951206,15.000033,9.180725,-5.8128805,17.69408,-50.17987,25.651634,-23.006441,-18.749159,37.71538,-17.681961,16.77033,-31.081734,-17.111876,15.8105755,-34.57595,-32.756542,-0.2589447,-0.4504079
1053,2.861288547515869,19.8717041015625,73.47344970703125,1.5129582326585984,-9.32218989245625,-110.68382933160058,-3.95537,20.075838,1.814464,22.9061,-7.96788,-15.000033,11.430036,-23.586813,-13.083793,40.85857,-23.117369,15.000033,9.27392,-5.6113377,17.730482,-49.02094,26.192032,-22.803879,-18.90891,37.649925,-17.636118,16.728523,-30.78039,-16.587456,16.377151,-34.27186,-32.92242,-0.30790636,-0.38379523
1054,2.6539227962493896,20.220787048339844,73.37358856201172,1.7036366735026152,-9.291503151666362,-111.13830115131789,-3.8464584,20.314003,2.186318,22.566526,-7.5993466,-15.000033,11.454586,-23.610159,-13.55851,40.164623,-24.248535,15.000033,9.31304,-5.38342,17.765844,-47.677193,26.77582,-22.551216,-19.132767,37.617615,-17.55674,16.668789,-30.449972,-16.008696,17.016611,-33.938637,-33.12311,-0.3629259,-0.28120625
1055,2.4309401512145996,20.569068908691406,73.30023193359375,1.8395360958851463,-9.254175751602187,-111.57547554467662,-3.7129884,20.612814,2.5221746,22.15676,-7.2369905,-15.000033,11.460769,-23.552166,-14.024877,39.485374,-25.287144,15.000033,9.261983,-5.1178474,17.786621,-46.14072,27.39673,-22.234123,-19.407671,37.57869,-17.48128,16.5898,-30.112589,-15.386537,17.74948,-33.527203,-33.356106,-0.43375382,-0.19709462
1056,2.199685573577881,20.911964416503906,73.2535171508789,1.8970398459754407,-9.2055957464886,-111.9724312604034,-3.5756638,20.980675,2.7813966,21.68943,-6.9461694,-15.000033,11.472787,-23.350058,-14.393501,38.75923,-26.171152,15.000033,9.087843,-4.8027916,17.78089,-44.416393,28.050385,-21.838366,-19.707752,37.482265,-17.447783,16.489975,-29.790234,-14.740877,18.592567,-32.988937,-33.61356,-0.52842957,-0.1877006
1057,1.9630905389785767,21.25079345703125,73.22723388671875,1.8557658169510631,-9.15907314543818,-112.31946341090165,-3.4274755,21.438519,2.9479818,21.160448,-6.712942,-15.000033,11.52108,-22.963722,-14.63452,37.943462,-26.871595,15.000033,8.773398,-4.4156494,17.766676,-42.453815,28.726295,-21.352055,-20.072855,37.31703,-17.477934,16.340258,-29.469954,-14.080048,19.573729,-32.331856,-33.905,-0.6464876,-0.31400332
1058,1.730710506439209,21.581829071044922,73.21715545654297,1.7355449890856454,-9.112549035876105,-112.63044719403385,-3.2653453,21.972431,3.046379,20.571339,-6.5205607,-15.000033,11.585773,-22.435442,-14.792469,37.07298,-27.421572,15.000033,8.344271,-3.9687495,17.750294,-40.273983,29.419088,-20.77758,-20.494104,37.097885,-17.548721,16.15033,-29.134892,-13.405321,20.6739,-31.586676,-34.22805,-0.7810413,-0.5352974
1059,1.4968554973602295,21.91080093383789,73.22392272949219,1.5722281757899923,-9.039618552525935,-112.9172793171608,-3.1163383,22.540789,3.1017954,19.940042,-6.4182124,-15.000033,11.612377,-21.83433,-14.886554,36.213314,-27.857155,15.000033,7.8130264,-3.507739,17.711977,-37.887676,30.11557,-20.11502,-20.960522,36.88624,-17.625599,15.983246,-28.811123,-12.726415,21.852133,-30.749271,-34.549316,-0.9295822,-0.75811
1060,1.2618896961212158,22.228679656982422,73.24356842041016,1.4028399341183377,-8.91394777472974,-113.1914664334809,-3.0058236,23.100851,3.1377385,19.282265,-6.458597,-15.000033,11.546876,-21.231676,-14.937855,35.431377,-28.214737,15.000033,7.2010245,-3.0746937,17.630898,-35.330746,30.797905,-19.373688,-21.443071,36.73435,-17.67565,15.901723,-28.512428,-12.0585375,23.064344,-29.824524,-34.839764,-1.0897182,-0.8899706
1061,1.0272610187530518,22.53594970703125,73.28606414794922,1.2243533723174602,-8.721928819381693,-113.45077817037458,-2.9496267,23.655186,3.154452,18.599964,-6.687743,-15.000033,11.368746,-20.619827,-14.931692,34.73747,-28.483473,15.000033,6.500418,-2.6634188,17.491684,-32.592667,31.452497,-18.550985,-21.93664,36.713867,-17.689352,15.942161,-28.226727,-11.411569,24.312256,-28.805286,-35.073578,-1.2787771,-0.904776
1062,0.7892925143241882,22.837451934814453,73.34133911132812,1.0216313202484468,-8.47997507390628,-113.6902898767685,-2.936093,24.220274,3.1469204,17.892029,-7.0709476,-15.000033,11.110881,-19.9743,-14.863603,34.09755,-28.649305,15.000033,5.717283,-2.256914,17.315496,-29.679195,32.064384,-17.659842,-22.44138,36.777615,-17.685122,16.06662,-27.929008,-10.787935,25.607323,-27.715317,-35.2714,-1.4908787,-0.85616004
1063,0.5589661002159119,23.127756118774414,73.40230560302734,0.814237581319761,-8.205685887289947,-113.91792387487646,-2.9353132,24.773472,3.1341112,17.144766,-7.5320497,-15.000033,10.798996,-19.332188,-14.773365,33.51004,-28.743603,15.000033,4.8996706,-1.880383,17.128117,-26.682102,32.609966,-16.747887,-22.903818,36.79903,-17.672575,16.225119,-27.631508,-10.198417,26.90474,-26.591808,-35.457443,-1.6904703,-0.7686558
1064,0.3357679545879364,23.406553268432617,73.47501373291016,0.6171102610519994,-7.917153260096226,-114.14137258306667,-2.9284618,25.292198,3.127232,16.36674,-7.997993,-15.000033,10.458062,-18.727255,-14.701088,32.974014,-28.79846,15.000033,4.1082206,-1.5545583,16.951254,-23.71457,33.059494,-15.881864,-23.25783,36.658443,-17.66207,16.366526,-27.33166,-9.659512,28.150166,-25.480234,-35.65949,-1.8414631,-0.6674009
1065,0.12153076380491257,23.675525665283203,73.55352020263672,0.4348817627043392,-7.6058588679718016,-114.36014677155035,-2.8850336,25.762295,3.1424117,15.482127,-8.456251,-15.000033,10.071423,-18.171223,-14.658857,32.5103,-28.814928,15.000033,3.372815,-1.2879467,16.764795,-20.824295,33.385532,-15.102596,-23.452194,36.369934,-17.664446,16.443005,-27.006853,-9.193298,29.311434,-24.401676,-35.898678,-1.924022,-0.52612454
1066,-0.0833648294210434,23.937034606933594,73.63580322265625,0.2582102100764052,-7.266701794638841,-114.57065836836523,-2.8192327,26.19488,3.1724968,14.501761,-8.937977,-15.000033,9.633684,-17.64524,-14.62589,32.113285,-28.778984,15.000033,2.6898654,-1.0526557,16.55456,-18.021456,33.575714,-14.431841,-23.473433,35.994724,-17.674822,16.488583,-26.639168,-8.812418,30.398664,-23.344408,-36.15321,-1.9593368,-0.3450816
1067,-0.2824278473854065,24.186811447143555,73.72309875488281,0.08093088810055424,-6.9234123229403375,-114.7758195160522,-2.7843003,26.60891,3.18693,13.575334,-9.444746,-15.000033,9.184467,-17.13043,-14.593074,31.744265,-28.70184,15.000033,2.0642712,-0.8149761,16.346851,-15.367879,33.635048,-13.902789,-23.307743,35.48106,-17.682602,16.57431,-26.24827,-8.516819,31.424261,-22.283464,-36.38577,-1.9731336,-0.18742704
1068,-0.46957889199256897,24.435434341430664,73.81407165527344,-0.10328765734395161,-6.599486419351898,-114.97922461048213,-2.8344023,27.026176,3.1549268,12.854429,-9.979997,-15.000033,8.765157,-16.61185,-14.550429,31.362349,-28.593647,15.000033,1.4928755,-0.54780036,16.171062,-12.907716,33.58103,-13.534713,-22.951958,34.775047,-17.677073,16.773281,-25.862051,-8.296992,32.402897,-21.187986,-36.55695,-1.9921031,-0.1141536
1069,-0.6551238894462585,24.681474685668945,73.90642547607422,-0.3053001902037696,-6.292701654614331,-115.18613714157502,-2.9844556,27.458534,3.0331526,12.360826,-10.577057,-15.000033,8.37792,-16.070597,-14.491127,30.956455,-28.446102,15.000033,0.96062785,-0.24170776,16.022814,-10.6083145,33.427273,-13.333425,-22.42175,33.688656,-17.649689,17.143007,-25.50319,-8.1473,33.359283,-20.021936,-36.620113,-2.0327911,-0.1756033
1070,-0.8330694437026978,24.921051025390625,74.0045166015625,-0.5182130929598028,-5.992285791472138,-115.3933061631677,-3.215411,27.895542,2.8460593,12.035692,-11.23244,-15.000033,8.004471,-15.51805,-14.421981,30.546196,-28.256348,15.000033,0.4663947,0.08798075,15.889873,-8.446554,33.183002,-13.283447,-21.725445,32.30836,-17.61627,17.632406,-25.158497,-8.066189,34.282654,-18.80405,-36.60975,-2.07824,-0.3272443
1071,-0.9985722303390503,25.15399169921875,74.1008529663086,-0.7214214253706797,-5.710181637018353,-115.5917637222681,-3.5324397,28.326431,2.6616662,11.918713,-11.901514,-15.000033,7.6572223,-14.982352,-14.353181,30.13231,-28.04101,15.000033,0.02063311,0.42593142,15.789598,-6.471581,32.866882,-13.359075,-20.862541,30.987907,-17.597288,18.151966,-24.809639,-8.046796,35.14383,-17.582142,-36.612225,-2.1053123,-0.48508614
1072,-1.156734824180603,25.383386611938477,74.19696807861328,-0.8935206482922526,-5.457491394228958,-115.77275121352433,-3.9340324,28.74101,2.5473015,12.038759,-12.535856,-15.000033,7.347121,-14.495104,-14.293108,29.721403,-27.820366,15.000033,-0.36784032,0.7554625,15.740184,-4.726723,32.503006,-13.527504,-19.836454,30.078096,-17.602064,18.612555,-24.438467,-8.07776,35.913998,-16.403858,-36.71415,-2.0908818,-0.5643686
1073,-1.287349820137024,25.613407135009766,74.30241394042969,-0.8411652619710804,-5.197949970019359,-115.86971356406764,-4.5175695,28.742975,2.2971997,12.437123,-13.16865,-13.746098,6.98086,-14.328155,-14.254365,29.476456,-27.673218,15.000033,-0.76482946,0.878574,15.713894,-3.192952,32.109913,-13.766406,-18.670715,29.695831,-17.627567,19.004993,-24.044525,-8.1489,36.589664,-15.289982,-36.980267,-2.0167818,-0.52898633
1074,-1.4119116067886353,25.84979248046875,74.40980529785156,-0.7248753095647307,-4.9496234325477095,-115.93571444536947,-5.2393675,28.65518,1.9888182,13.113271,-13.836268,-12.191689,6.6155477,-14.251993,-14.221746,29.279106,-27.536638,15.000033,-1.1389021,0.9474877,15.72187,-1.8224474,31.696123,-14.071777,-17.383978,29.639294,-17.660446,19.375114,-23.646294,-8.255771,37.191547,-14.204538,-37.351387,-1.9006276,-0.42530853
1075,-1.5264593362808228,26.07953643798828,74.51663970947266,-0.5975604487847732,-4.73527265784105,-115.98500205966802,-5.8878784,28.555433,1.8852011,13.778585,-14.323647,-10.894197,6.290671,-14.199829,-14.197675,29.08886,-27.397013,15.000033,-1.4773846,1.0202035,15.778988,-0.6167608,31.27105,-14.437658,-15.973602,29.784897,-17.691328,19.716461,-23.247103,-8.393587,37.72492,-13.125903,-37.73255,-1.7730383,-0.2956797
1076,-1.6294174194335938,26.304813385009766,74.62381744384766,-0.4754303442871606,-4.575522930056997,-116.02701313949768,-6.2274833,28.478794,2.2541714,14.096587,-14.385883,-10.325099,6.0389037,-14.1513405,-14.183454,28.885445,-27.250256,15.000033,-1.770633,1.1219841,15.900943,0.4171923,30.844845,-14.860974,-14.430239,30.00995,-17.713024,20.023476,-22.847054,-8.55701,38.193497,-12.036199,-38.03002,-1.6643271,-0.18379621
1077,-1.723373532295227,26.525527954101562,74.72749328613281,-0.36412248102227257,-4.49123669831199,-116.06971642439345,-6.067895,28.463604,3.4018233,13.799768,-13.780106,-10.912105,5.87683,-14.096555,-14.173581,28.672194,-27.100208,15.000033,-2.012751,1.2596657,16.115187,1.2743679,30.426397,-15.339132,-12.750793,30.371456,-17.718658,20.290714,-22.450836,-8.744098,38.59523,-10.943804,-38.244865,-1.5719465,-0.070932575
1078,-1.8180946111679077,26.750247955322266,74.82426452636719,-0.2553244905085201,-4.465994639185275,-116.10766448424974,-5.5832,28.46868,5.0901375,13.148527,-12.670065,-12.282922,5.7869143,-14.045927,-14.169484,28.45218,-26.945496,15.000033,-2.2118404,1.4171449,16.408966,1.9765034,30.019342,-15.862426,-10.95471,30.90198,-17.71101,20.52518,-22.056343,-8.953465,38.92947,-9.860057,-38.41941,-1.4839913,0.057000715
1079,-1.903545618057251,26.96734619140625,74.91912841796875,-0.18791551125045164,-4.4580655583449085,-116.14617788806102,-5.1337395,28.48747,6.756689,12.66959,-11.475447,-13.730895,5.737678,-13.904176,-14.139089,28.16632,-26.750841,14.783683,-2.3647702,1.6208234,16.73088,2.5581768,29.623547,-16.417002,-9.07375,31.442165,-17.696701,20.737164,-21.660065,-9.181143,39.204815,-8.753868,-38.522087,-1.416453,0.14901906
1080,-1.9849025011062622,27.187522888183594,75.02234649658203,-0.1052199773185977,-4.4475096973339046,-116.1620547868231,-4.996174,28.42205,7.8947225,12.7680235,-10.611404,-14.5474825,5.713275,-13.777773,-14.123849,27.84301,-26.531809,14.52997,-2.4942553,1.8062848,17.045889,3.0500934,29.23733,-16.990341,-7.1360736,31.833515,-17.684504,20.936012,-21.256277,-9.419064,39.429478,-7.598449,-38.522804,-1.3837502,0.15423453
1081,-2.0656421184539795,27.39310646057129,75.1341552734375,0.019050964032416958,-4.4409291552892975,-116.14708576087868,-5.2803025,28.254253,8.336305,13.643178,-10.202448,-14.43321,5.714917,-13.713363,-14.132874,27.505836,-26.29885,14.295905,-2.6101482,1.9475837,17.362158,3.4460483,28.85979,-17.587564,-5.1401796,31.987751,-17.67712,21.115246,-20.849583,-9.659425,39.60636,-6.3691688,-38.35057,-1.4111091,0.022150725
1082,-2.1417322158813477,27.590423583984375,75.24592590332031,0.16574775221563914,-4.450141184329315,-116.10781083261446,-5.7771416,28.017569,8.400617,14.953809,-9.987729,-13.81787,5.752885,-13.688701,-14.162133,27.155048,-26.053734,14.07477,-2.708935,2.0673194,17.695812,3.7413414,28.490376,-18.207016,-3.0781107,32.003918,-17.670755,21.272255,-20.44657,-9.898627,39.732807,-5.0773234,-38.044205,-1.484939,-0.20605649
1083,-2.207707166671753,27.783447265625,75.36181640625,0.30703577356271583,-4.46040383015914,-116.05238680800251,-6.2983418,27.736765,8.31827,16.313543,-9.829302,-13.110024,5.8193274,-13.664411,-14.212689,26.771128,-25.791391,13.864056,-2.7861693,2.1918678,18.02138,3.9661195,28.1271,-18.82563,-0.9641052,32.00392,-17.664259,21.422152,-20.049953,-10.135782,39.811806,-3.7402246,-37.73735,-1.5619838,-0.44538295
1084,-2.2669057846069336,27.967342376708984,75.47429656982422,0.42100052985246866,-4.457042137586824,-115.98839488377307,-6.685992,27.433727,8.295706,17.39902,-9.632373,-12.707284,5.9052777,-13.611147,-14.284797,26.336403,-25.506926,13.66267,-2.8369277,2.3385978,18.31399,4.1481977,27.76814,-19.419601,1.1884669,32.10994,-17.656727,21.579294,-19.658869,-10.370072,39.84542,-2.3811803,-37.56289,-1.5967487,-0.613259
1085,-2.327017307281494,28.140419006347656,75.58150482177734,0.5043289615132781,-4.438218495646197,-115.91477281444276,-6.913372,27.095509,8.332491,18.151224,-9.417314,-12.734887,6.014406,-13.522936,-14.381545,25.841225,-25.196453,13.470557,-2.863067,2.5146992,18.571814,4.2789407,27.413492,-19.99451,3.3920777,32.358288,-17.657991,21.759699,-19.268272,-10.600232,39.826305,-1.0086515,-37.59875,-1.5595032,-0.66211206
1086,-2.3802335262298584,28.291019439697266,75.69725799560547,0.5718511472187734,-4.411041580168808,-115.82798005516611,-7.0787387,26.707968,8.325927,18.764418,-9.240417,-12.976773,6.150194,-13.4189625,-14.501917,25.294748,-24.862112,13.289177,-2.8675761,2.706281,18.806314,4.350045,27.06295,-20.556463,5.6472735,32.68238,-17.66428,21.951193,-18.880371,-10.825411,39.75678,0.3914776,-37.760105,-1.4798088,-0.64450747
1087,-2.4447147846221924,28.44368553161621,75.80901336669922,0.630373640286252,-4.3719242414699835,-115.73193167692955,-7.2323656,26.297606,8.313597,19.337595,-9.090943,-13.311502,6.298316,-13.309227,-14.639212,24.716072,-24.511324,13.119425,-2.848435,2.896695,19.012573,4.389673,26.714617,-21.081913,7.9233613,33.051315,-17.655083,22.12673,-18.504467,-11.045128,39.65486,1.8296163,-37.937187,-1.3995231,-0.62918276
1088,-2.501187324523926,28.580278396606445,75.92080688476562,0.6895045819769856,-4.318043885118937,-115.63080191646395,-7.4089594,25.891048,8.340244,19.941008,-8.941609,-13.617338,6.451512,-13.201794,-14.7876625,24.108992,-24.148012,12.962055,-2.8060431,3.0690558,19.18605,4.4295,26.366234,-21.543905,10.189233,33.434803,-17.610853,22.257582,-18.152546,-11.259376,39.543015,3.3197746,-38.02164,-1.359977,-0.6850075
1089,-2.5562827587127686,28.710777282714844,76.0316390991211,0.7507426663014858,-4.244882729771015,-115.52743588331049,-7.6264033,25.48964,8.4126005,20.609913,-8.793702,-13.874194,6.602153,-13.098908,-14.944209,23.47847,-23.770575,12.818112,-2.7375712,3.2229123,19.324188,4.474189,26.013437,-21.925262,12.439298,33.86816,-17.511662,22.289656,-17.830246,-11.467233,39.417553,4.8809257,-37.994175,-1.3853443,-0.8395029
1090,-2.6147072315216064,28.827136993408203,76.14125061035156,0.8089757471528337,-4.155555668125231,-115.418860177846,-7.862321,25.078974,8.51015,21.294418,-8.657069,-14.145155,6.757067,-12.997453,-15.111805,22.819405,-23.37716,12.686335,-2.6471896,3.3663588,19.429443,4.509808,25.655401,-22.23999,14.69051,34.354195,-17.3741,22.251532,-17.533316,-11.668007,39.27397,6.5048146,-37.910736,-1.4491534,-1.0525465
1091,-2.676238536834717,28.930335998535156,76.24610900878906,0.8638884469544778,-4.057358420252161,-115.3012888711481,-8.103399,24.66776,8.629818,21.963884,-8.523769,-14.431547,6.9223127,-12.89725,-15.292384,22.137615,-22.974579,12.563976,-2.543344,3.4972906,19.505995,4.539983,25.297682,-22.509783,16.942543,34.813763,-17.233421,22.23969,-17.25453,-11.861154,39.128662,8.15627,-37.772305,-1.5167173,-1.2925918
1092,-2.726909637451172,29.030498504638672,76.35151672363281,0.9188433159599713,-3.9560927886169055,-115.17087459107027,-8.335148,24.26774,8.767932,22.591032,-8.386831,-14.732089,7.1015925,-12.798263,-15.487255,21.44384,-22.57216,12.448249,-2.4344852,3.6122081,19.558912,4.5709825,24.950026,-22.755203,19.190845,35.165718,-17.123188,22.351776,-16.986195,-12.046136,38.998245,9.798696,-37.58051,-1.5533926,-1.5283278
1093,-2.781744956970215,29.120407104492188,76.45044708251953,0.9798336918693524,-3.8506799312026114,-115.02391822284774,-8.55243,23.859797,8.916249,23.16686,-8.231773,-15.000033,7.289297,-12.714566,-15.698332,20.7487,-22.175892,12.342983,-2.3257918,3.6994078,19.584534,4.6068482,24.618595,-22.97158,21.44615,35.426292,-17.057615,22.64751,-16.729858,-12.221607,38.88562,11.43478,-37.303234,-1.5465486,-1.7665724
1094,-2.832468032836914,29.203113555908203,76.54936218261719,1.0932683730926431,-3.7280666835835863,-114.8400424519329,-8.76207,23.360529,9.10012,23.66572,-8.041696,-15.000033,7.4527392,-12.714399,-15.937084,20.10681,-21.810175,12.264546,-2.2319822,3.7172666,19.57249,4.6473837,24.304905,-23.149843,23.700283,35.624332,-17.016056,23.063915,-16.48761,-12.3866625,38.781242,13.077363,-36.951336,-1.5170585,-2.0192242
1095,-2.877870798110962,29.266956329345703,76.64640045166016,1.199190737001749,-3.603107918461918,-114.64401573242588,-8.966917,22.8912,9.319508,24.131372,-7.861187,-15.000033,7.6317763,-12.706877,-16.191156,19.447712,-21.440544,12.191278,-2.128151,3.7221727,19.542906,4.6930094,24.012781,-23.305235,25.919088,35.694714,-16.97997,23.514894,-16.255949,-12.543203,38.68247,14.708238,-36.587082,-1.4798493,-2.2618546
1096,-2.9282641410827637,29.331621170043945,76.7402572631836,1.288029721857229,-3.4810175261963363,-114.4366442232341,-9.169963,22.477638,9.592062,24.565218,-7.70947,-15.000033,7.833478,-12.6779375,-16.460732,18.762661,-21.06244,12.119529,-2.0091252,3.7224722,19.504644,4.742325,23.747545,-23.45384,28.069227,35.57216,-16.932007,23.914564,-16.029892,-12.695807,38.585476,16.306047,-36.272064,-1.4491303,-2.4703875
1097,-2.9799644947052,29.39620018005371,76.82852172851562,1.3592996014331893,-3.3624738854106893,-114.21840504646131,-9.373088,22.133389,9.922733,24.982483,-7.590151,-15.000033,8.064977,-12.618545,-16.746962,18.037859,-20.66873,12.047205,-1.8694724,3.7200837,19.461,4.7900414,23.512825,-23.60285,30.158674,35.187378,-16.876345,24.267952,-15.807097,-12.849638,38.485302,17.856457,-36.027393,-1.4204376,-2.618311
1098,-3.0298819541931152,29.459243774414062,76.91261291503906,1.4143616758650388,-3.2453913825216305,-113.98907997873852,-9.572349,21.8458,10.2996,25.379026,-7.492403,-15.000033,8.320543,-12.536083,-17.048906,17.28131,-20.26276,11.976956,-1.7100161,3.710191,19.408773,4.838732,23.309748,-23.744658,32.196877,34.591,-16.822653,24.61174,-15.585045,-13.007138,38.382324,19.364653,-35.8177,-1.3883493,-2.725028
1099,-3.0829429626464844,29.50585174560547,76.99261474609375,1.4610636844383673,-3.1278045314150935,-113.7493771809953,-9.758792,21.599735,10.715694,25.71988,-7.4089346,-15.000033,8.593417,-12.440419,-17.364622,16.50547,-19.853458,11.912632,-1.5354655,3.691013,19.347221,4.896991,23.139967,-23.873404,34.15406,33.89702,-16.760553,24.907648,-15.357761,-13.167672,38.281284,20.837816,-35.620888,-1.36497,-2.8353763
1100,-3.1343889236450195,29.538238525390625,77.06820678710938,1.5041207876952136,-3.0085919929670264,-113.49959413408047,-9.92374,21.380339,11.163914,25.968647,-7.332001,-15.000033,8.872961,-12.3429985,-17.69135,15.73145,-19.450275,11.85755,-1.3514578,3.6601632,19.275417,4.9744964,23.005169,-23.98227,35.999714,33.2196,-16.67763,25.117908,-15.122215,-13.328482,38.187702,22.286322,-35.41404,-1.3629639,-2.9939954
1101,-3.188000202178955,29.56955337524414,77.13853454589844,1.5488246160618828,-2.887917639016646,-113.23779907366608,-10.06321,21.1918,11.671515,26.12743,-7.262552,-15.000033,9.1634865,-12.247372,-18.03019,14.954724,-19.049583,11.8130245,-1.159277,3.6109252,19.196547,5.0752563,22.90648,-24.05494,37.725365,32.58432,-16.561157,25.248636,-14.874505,-13.486266,38.094585,23.707958,-35.210873,-1.3950843,-3.2164824
1102,-3.2408199310302734,29.591381072998047,77.20160675048828,1.5893602444461077,-2.767299777231804,-112.96481414646317,-10.180423,21.03966,12.23226,26.210783,-7.2025766,-15.000033,9.468353,-12.147372,-18.381405,14.166895,-18.647778,11.777038,-0.9572659,3.5446665,19.110418,5.194782,22.844223,-24.097805,39.34747,31.932085,-16.419353,25.315306,-14.619857,-13.639395,38.00306,25.102001,-35.01789,-1.4516507,-3.4776614
1103,-3.291727304458618,29.607946395874023,77.25732421875,1.623131974775905,-2.643704356684301,-112.68519510304176,-10.27774,20.90876,12.788312,26.202429,-7.1476636,-15.000033,9.773397,-12.042391,-18.73923,13.388228,-18.255138,11.747553,-0.74591994,3.470474,19.011145,5.328091,22.818422,-24.139353,40.874184,31.249298,-16.269308,25.293139,-14.369773,-13.7882,37.931572,26.484026,-34.801575,-1.5122789,-3.7610486
1104,-3.337681293487549,29.613018035888672,77.30878448486328,1.6472457543974786,-2.514820691665809,-112.403801967487,-10.358732,20.783905,13.282077,26.086596,-7.0937586,-15.000033,10.06581,-11.93221,-19.098396,12.6366005,-17.883501,11.722587,-0.52516335,3.3977373,18.892626,5.469549,22.828579,-24.208387,42.31367,30.522724,-16.127148,25.157398,-14.132677,-13.934265,37.896797,27.866344,-34.52992,-1.5569286,-4.050053
1105,-3.382113456726074,29.612106323242188,77.34829711914062,1.6605559502488882,-2.3755990711353006,-112.12327088801341,-10.4290695,20.668839,13.701921,25.862822,-7.0486765,-15.000033,10.339658,-11.813723,-19.456821,11.909773,-17.528284,11.698778,-0.28923035,3.3299382,18.747068,5.60964,22.87661,-24.318296,43.674824,29.73342,-15.994593,24.881622,-13.909287,-14.079723,37.901493,29.25442,-34.17313,-1.5883523,-4.3631716
1106,-3.424626111984253,29.601552963256836,77.38409423828125,1.6649972705688125,-2.2286560031427363,-111.84126409090743,-10.483612,20.567354,14.079053,25.536968,-7.011091,-15.000033,10.600237,-11.691042,-19.816093,11.205097,-17.189234,11.6779375,-0.03837934,3.2600713,18.579956,5.751504,22.962471,-24.452915,44.9531,28.894201,-15.859633,24.486217,-13.694081,-14.225697,37.935898,30.63843,-33.755047,-1.6158681,-4.70129
1107,-3.4575517177581787,29.581418991088867,77.40965270996094,1.6650584032976272,-2.0828921575982613,-111.5536789153921,-10.511613,20.466036,14.419196,25.104696,-6.964119,-15.000033,10.8539295,-11.572611,-20.177826,10.5350685,-16.87338,11.665452,0.21726462,3.183767,18.4052,5.9053946,23.080738,-24.597805,46.13973,28.038475,-15.718002,24.016886,-13.485696,-14.371726,37.99796,32.00755,-33.323742,-1.6277843,-5.0219545
1108,-3.490222215652466,29.54764747619629,77.42958068847656,1.6643575285064933,-1.947361176958649,-111.25652065155444,-10.499918,20.35132,14.728497,24.556623,-6.8885517,-15.000033,11.10346,-11.467146,-20.542868,9.919342,-16.590721,11.666932,0.46669617,3.0975747,18.235495,6.0811896,23.222332,-24.737492,47.229057,27.201464,-15.567148,23.51952,-13.286497,-14.516975,38.08834,33.35677,-32.92637,-1.6109686,-5.282871
1109,-3.5123884677886963,29.508649826049805,77.43960571289062,1.6600457321225996,-1.8232781537001637,-110.9492499520007,-10.450372,20.225088,14.99408,23.886871,-6.780025,-15.000033,11.350323,-11.370386,-20.911982,9.358859,-16.342653,11.685142,0.70909405,3.0059252,18.071074,6.275376,23.382025,-24.869352,48.22309,26.378754,-15.399977,22.973726,-13.099669,-14.659253,38.20635,34.693462,-32.57538,-1.552831,-5.478559
1110,-3.532705545425415,29.46430206298828,77.44721221923828,1.6509961099520423,-1.706081403084196,-110.63394483054067,-10.365722,20.092157,15.218905,23.096622,-6.6463327,-15.000033,11.593026,-11.279228,-21.284498,8.843755,-16.123371,11.716784,0.94838834,2.9105723,17.904934,6.479189,23.558624,-25.001503,49.133167,25.558992,-15.218033,22.367857,-12.925779,-14.797527,38.35394,36.022644,-32.245922,-1.4621668,-5.6304126
1111,-3.551007032394409,29.408832550048828,77.44524383544922,1.6431823024622827,-1.5962106965010348,-110.30995681460394,-10.242373,19.945389,15.428198,22.20218,-6.4927397,-15.000033,11.827958,-11.203663,-21.660145,8.382981,-15.936535,11.758307,1.1802477,2.805661,17.739462,6.694655,23.747824,-25.134018,49.967358,24.76762,-15.034497,21.75955,-12.764937,-14.93397,38.53484,37.336353,-31.92688,-1.3573707,-5.7365046
1112,-3.56138277053833,29.34728240966797,77.43754577636719,1.642194655399593,-1.4942476444988688,-109.9765460025729,-10.073527,19.776434,15.648232,21.211279,-6.3203945,-15.000033,12.055423,-11.151907,-22.039005,7.9770775,-15.780863,11.80613,1.4008328,2.686696,17.577341,6.922466,23.943378,-25.267761,50.735092,24.029818,-14.865035,21.206375,-12.613467,-15.072145,38.751823,38.62129,-31.60828,-1.2567233,-5.794588
1113,-3.559831142425537,29.27694320678711,77.42914581298828,1.6476900304956161,-1.3996410877910643,-109.63294938453346,-9.856088,19.581379,15.876161,20.099909,-6.121355,-15.000033,12.270208,-11.125375,-22.420507,7.6356416,-15.662277,11.85557,1.6081139,2.5540962,17.419353,7.15638,24.142391,-25.408247,51.44536,23.351233,-14.7114105,20.722076,-12.474398,-15.214061,39.005535,39.871773,-31.293907,-1.157367,-5.789559
1114,-3.5576772689819336,29.195636749267578,77.41507720947266,1.6554222770444236,-1.312582120512439,-109.27964516656847,-9.591236,19.365414,16.10092,18.865206,-5.893833,-15.000033,12.425805,-11.138419,-22.795565,7.4645324,-15.63659,11.909734,1.804994,2.4132738,17.263927,7.3937974,24.3438,-25.554953,52.09714,22.71916,-14.568118,20.276438,-12.347845,-15.360961,39.2942,41.094757,-30.98745,-1.0512053,-5.727332
1115,-3.5449650287628174,29.10737419128418,77.39763641357422,1.6644339567120523,-1.2351444414598667,-108.91791810969377,-9.283156,19.134642,16.335035,17.557438,-5.652673,-15.000033,12.537778,-11.1868725,-23.166626,7.437589,-15.688482,11.976179,1.9945283,2.269711,17.111221,7.6393323,24.543262,-25.700468,52.68471,22.131584,-14.4418745,19.861334,-12.223642,-15.514708,39.616768,42.290863,-30.673786,-0.94859904,-5.6372647
1116,-3.521374225616455,29.014402389526367,77.37577056884766,1.6739416300205834,-1.1692733070279548,-108.54847496248505,-8.930014,18.89129,16.594007,16.212954,-5.411149,-15.000033,12.671562,-11.245606,-23.546656,7.414151,-15.741955,12.062544,2.1790006,2.128518,16.960663,7.897113,24.734297,-25.836798,53.204395,21.58788,-14.33879,19.468592,-12.091863,-15.678065,39.972,43.462254,-30.339413,-0.8601403,-5.548559
1117,-3.489501714706421,28.910816192626953,77.3503646850586,1.6707775628443633,-1.1120103729575577,-108.16853297866503,-8.531601,18.648405,16.900621,14.808723,-5.194955,-15.000033,12.824406,-11.299425,-23.937141,7.393425,-15.796618,12.171044,2.3558123,2.006194,16.80496,8.16616,24.912573,-25.970772,53.665222,21.091894,-14.281522,19.105349,-11.953414,-15.853527,40.366528,44.608044,-29.984266,-0.7873918,-5.4629564
1118,-3.446509599685669,28.78738021850586,77.32048797607422,1.6566364450031845,-1.0634824069671238,-107.77857197451247,-8.083174,18.397352,17.242025,13.32058,-4.9831986,-15.000033,12.996335,-11.349287,-24.337446,7.3756638,-15.8540945,12.296781,2.524481,1.8999425,16.645386,8.44155,25.0767,-26.105257,54.07164,20.643234,-14.2613735,18.772734,-11.813046,-16.042816,40.79909,45.728027,-29.614483,-0.7246885,-5.3665066
1119,-3.3945555686950684,28.663475036621094,77.28971099853516,1.6563216609837959,-1.0298850482053674,-107.38448195793801,-7.595573,18.111233,17.57516,11.825639,-4.731138,-15.000033,13.19228,-11.42466,-24.744562,7.36241,-15.912053,12.437599,2.691477,1.7845134,16.496,8.7189455,25.224625,-26.227108,54.41396,20.234814,-14.236654,18.454285,-11.662201,-16.245188,41.255726,46.818455,-29.22257,-0.6722171,-5.2652454
1120,-3.3409600257873535,28.53639793395996,77.25455474853516,1.6971137558231206,-1.017907670789981,-106.9911462223717,-7.0894465,17.765518,17.854303,10.424649,-4.404237,-15.000033,13.417165,-11.558299,-25.15676,7.355193,-15.968039,12.5921335,2.8617396,1.6311244,16.370672,8.994208,25.354555,-26.323502,54.6833,19.859695,-14.165658,18.134321,-11.495227,-16.458824,41.724094,47.87964,-28.801592,-0.62997645,-5.1653748
1121,-3.2880518436431885,28.398021697998047,77.21590423583984,1.7980893411923975,-1.0341389958532354,-106.59462799623903,-6.5710564,17.352644,18.087431,9.1832075,-4.0389214,-15.000033,13.679642,-11.772396,-25.582289,7.3548303,-16.025002,12.758839,3.0330582,1.4192897,16.281263,9.25924,25.465738,-26.395565,54.87796,19.518913,-14.0253315,17.82357,-11.316486,-16.681871,42.210724,48.914692,-28.325262,-0.61138135,-5.0821376
1122,-3.2188777923583984,28.25432777404785,77.19259643554688,1.9688337275300287,-1.065449655086715,-106.1638940580849,-6.020967,16.802116,18.281927,7.9552603,-3.5964115,-14.721023,13.969347,-12.086318,-26.051956,7.3717537,-16.08504,12.951567,3.17503,1.1427939,16.209948,9.517559,25.557049,-26.449286,55.004875,19.215881,-13.842648,17.526634,-11.133114,-16.914333,42.721626,49.92864,-27.80317,-0.61212873,-5.0079064
1123,-3.127638339996338,28.10506248474121,77.18183135986328,2.168255563637393,-1.108809364983133,-105.72974518315061,-5.494569,16.196064,18.396978,6.8282366,-3.094601,-14.386295,14.278034,-12.445724,-26.529251,7.397078,-16.140505,13.1639385,3.313365,0.84342897,16.145184,9.78145,25.627241,-26.477848,55.06799,18.94941,-13.650646,17.217989,-10.932427,-17.154274,43.234833,50.914207,-27.290895,-0.6046587,-4.9142485
1124,-3.024446487426758,27.943450927734375,77.16650390625,2.3546698966303055,-1.159496592351627,-105.32051998977373,-5.412575,15.731042,18.294107,6.6697516,-2.9622605,-14.181386,14.593651,-12.800261,-26.978546,7.4277706,-16.186314,13.390934,3.4722414,0.56407017,16.074192,10.063711,25.675528,-26.47445,55.07016,18.718258,-13.482299,16.871906,-10.701404,-17.39831,43.728817,51.86394,-26.842047,-0.5613474,-4.773259
1125,-2.9162325859069824,27.769447326660156,77.138671875,2.5227896009551967,-1.2220264194603896,-104.94162468966857,-5.326854,15.269903,18.067701,6.528122,-2.647826,-14.169502,14.92085,-13.144636,-27.395084,7.463927,-16.227787,13.637037,3.6580932,0.3098993,15.997832,10.3748,25.700325,-26.425058,54.99717,18.517496,-13.3377495,16.456255,-10.437764,-17.645473,44.207596,52.7804,-26.46729,-0.47199178,-4.572787
1126,-2.8008100986480713,27.58534812927246,77.1002426147461,2.689915208424044,-1.298771191595274,-104.58279528176493,-5.267284,14.80339,17.732903,6.498648,-2.2304428,-14.280057,15.263119,-13.504464,-27.792706,7.514405,-16.269773,13.905517,3.861308,0.06145034,15.923864,10.704232,25.701662,-26.336763,54.854595,18.350086,-13.202759,15.992839,-10.150048,-17.89473,44.680023,53.66937,-26.139297,-0.3519125,-4.3302045
1127,-2.6676056385040283,27.39324188232422,77.0616226196289,2.8468402936316,-1.376691152286012,-104.23913137474304,-5.198215,14.329152,17.355045,6.4666715,-1.7259884,-14.414024,15.594385,-13.869637,-28.168936,7.59768,-16.310238,14.183742,4.072881,-0.17324805,15.842145,11.036483,25.681639,-26.236303,54.67404,18.22376,-13.088204,15.537327,-9.841304,-18.142923,45.13236,54.531727,-25.855593,-0.2119859,-4.0619082
1128,-2.526867389678955,27.19574546813965,77.02594757080078,3.008578560745484,-1.443455660382522,-103.90656603622493,-5.1372156,13.8456135,16.994242,6.4373956,-1.2157055,-14.473659,15.786644,-14.3085785,-28.49596,7.9721355,-16.47228,14.461082,4.2869043,-0.40974277,15.745835,11.353168,25.644115,-26.152662,54.487797,18.14503,-13.004983,15.144952,-9.51463,-18.38541,45.54999,55.368675,-25.612732,-0.063428424,-3.7843678
1129,-2.3846988677978516,26.997644424438477,76.99446105957031,3.1663786949967854,-1.491155142612951,-103.58794425020669,-5.096914,13.365129,16.645815,6.4118886,-0.67911,-14.432462,15.94156,-14.753684,-28.794062,8.375338,-16.62128,14.7348,4.5067663,-0.6434946,15.6253395,11.657218,25.591839,-26.08768,54.29576,18.11817,-12.971131,14.838315,-9.171564,-18.618208,45.9442,56.19163,-25.403261,0.08557438,-3.489567
1130,-2.2338719367980957,26.796993255615234,76.97026062011719,3.321040319565729,-1.5274941993039206,-103.2843973383551,-5.0655684,12.884297,16.284689,6.3858156,-0.0860511,-14.343443,16.066109,-15.210187,-29.061975,8.814404,-16.76515,15.000033,4.734864,-0.8747711,15.487062,11.957884,25.525145,-26.028172,54.080994,18.136911,-12.976261,14.584422,-8.812371,-18.83988,46.31856,57.001934,-25.2314,0.24216303,-3.1730895
1131,-2.081568479537964,26.593908309936523,76.95305633544922,3.474315683332824,-1.562112008111391,-102.99044344872236,-5.0318685,12.406795,15.936094,6.3629556,0.49478513,-14.22856,16.158567,-15.644638,-29.266098,9.282188,-16.892187,15.000033,4.9647546,-1.1056316,15.345433,12.24523,25.444696,-25.98133,53.852173,18.192945,-12.989956,14.355814,-8.432405,-19.049385,46.63988,57.782078,-25.116322,0.41744348,-2.8567574
1132,-1.921007752418518,26.384937286376953,76.93693542480469,3.6264438580755214,-1.5980137809473869,-102.7061994753634,-4.9842243,11.936491,15.632235,6.343679,0.9931921,-14.107542,16.231438,-16.092886,-29.450018,9.796004,-16.996904,15.000033,5.2011538,-1.330016,15.206676,12.505758,25.351393,-25.957245,53.619545,18.277433,-12.980891,14.12501,-8.025456,-19.24653,46.872604,58.51256,-25.076908,0.6222149,-2.5622063
1133,-1.7597695589065552,26.177648544311523,76.92469024658203,3.7717164327177772,-1.6336742363009498,-102.43728519558655,-4.924199,11.482425,15.3846245,6.3289857,1.4147743,-13.996805,16.282774,-16.546886,-29.612724,10.347057,-17.076736,15.000033,5.453604,-1.5416498,15.06837,12.734507,25.247011,-25.967611,53.379963,18.409754,-12.943176,13.896807,-7.585279,-19.430891,47.00983,59.197826,-25.134161,0.8642172,-2.2914019
1134,-1.5847809314727783,25.96462631225586,76.91656494140625,3.9220624373333193,-1.675781906258276,-102.17417921828482,-4.8493695,11.023365,15.170172,6.3160405,1.7884163,-13.878427,16.314924,-17.031378,-29.764685,10.9631815,-17.152077,15.000033,5.7115536,-1.7538675,14.935891,12.9383335,25.132423,-26.006727,53.129387,18.586134,-12.892694,13.681679,-7.11387,-19.602633,47.06794,59.844284,-25.272505,1.1347964,-2.0331237
1135,-1.3992528915405273,25.752723693847656,76.91634368896484,4.077834688702507,-1.7220638492465308,-101.91302224008297,-4.7621374,10.556904,14.977685,6.305959,2.0785232,-13.728073,16.324387,-17.544735,-29.898428,11.647587,-17.215895,15.000033,5.9670906,-1.9695233,14.809022,13.121983,25.006643,-26.056055,52.87631,18.76536,-12.832038,13.460593,-6.615193,-19.762348,47.04337,60.432438,-25.458975,1.420377,-1.7896296
1136,-1.2006996870040894,25.534290313720703,76.92973327636719,4.239075352846917,-1.7710533364299474,-101.64975719827686,-4.665502,10.080016,14.797013,6.301472,2.2488525,-13.520974,16.306547,-18.08536,-30.006413,12.404899,-17.26212,15.000033,6.2128973,-2.1918328,14.687425,13.289712,24.867764,-26.097036,52.63025,18.90719,-12.763623,13.214913,-6.0953336,-19.911686,46.935474,60.944374,-25.657095,1.7078115,-1.5634503
1137,-0.9991389513015747,25.316059112548828,76.94093322753906,4.416233109876207,-1.8224610538529098,-101.3852252963635,-4.559384,9.577726,14.632245,6.304288,2.255567,-13.223503,16.253445,-18.672503,-30.07952,13.251426,-17.296873,15.000033,6.449512,-2.4336014,14.577225,13.440305,24.71389,-26.119482,52.38225,19.00128,-12.685935,12.937197,-5.549013,-20.050735,46.71708,61.365517,-25.868015,2.0069997,-1.3429117
1138,-0.793038010597229,25.094684600830078,76.96009826660156,4.608701454676637,-1.8770375716740806,-101.12139390582382,-4.443813,9.054423,14.486405,6.3134575,2.1294963,-12.856572,16.174494,-19.298683,-30.125292,14.1648655,-17.316177,15.000033,6.6808786,-2.689731,14.47645,13.571658,24.545284,-26.134537,52.131924,19.070164,-12.598239,12.638516,-4.9749665,-20.179214,46.398712,61.707237,-26.10537,2.3203366,-1.1302652
1139,-0.5858370065689087,24.874420166015625,76.98412322998047,4.7913071789091815,-1.9337798723087238,-100.85569994589196,-4.321161,8.537157,14.3476,6.3247294,1.9486318,-12.477714,16.078394,-19.931292,-30.157848,15.12429,-17.30487,15.000033,6.902169,-2.9359858,14.373641,13.685353,24.36331,-26.15591,51.90143,19.120375,-12.503988,12.328125,-4.381416,-20.29798,46.0304,61.987633,-26.358913,2.6239204,-0.94925463
1140,-0.3722723722457886,24.653194427490234,77.01055145263672,4.941699072009862,-1.9919060848438743,-100.585671500232,-4.1935754,8.054994,14.204446,6.333056,1.7919781,-12.14513,15.977963,-20.534237,-30.192669,16.102251,-17.24762,15.000033,7.1072145,-3.1476812,14.2569065,13.784636,24.169643,-26.19521,51.711983,19.159082,-12.406365,12.015105,-3.7796369,-20.408993,45.665318,62.22694,-26.616154,2.894115,-0.8243137
1141,-0.15337371826171875,24.423213958740234,77.04578399658203,5.051424796192119,-2.0497822485947266,-100.30513048470793,-4.064746,7.617082,14.051932,6.339225,1.6732056,-11.877193,15.881345,-21.093178,-30.244967,17.089273,-17.136053,15.000033,7.293274,-3.3146503,14.12039,13.869318,23.964022,-26.250908,51.56695,19.175533,-12.304566,11.682685,-3.1593184,-20.51366,45.293903,62.416744,-26.928186,3.1296637,-0.75995123
1142,0.0683659017086029,24.194564819335938,77.08341979980469,5.132708219017143,-2.1080642451509335,-100.01691276680069,-3.9332287,7.206884,13.896079,6.3435955,1.5544178,-11.641742,15.782306,-21.626715,-30.304007,18.097467,-16.978315,15.000033,7.4632688,-3.4512436,13.971466,13.938842,23.74593,-26.316835,51.454575,19.170977,-12.19713,11.332556,-2.5185719,-20.61197,44.894947,62.5482,-27.2829,3.3421586,-0.7438102
1143,0.2942357063293457,23.960783004760742,77.1220474243164,5.195728957935035,-2.169452995300799,-99.7321853919246,-3.7951453,6.816307,13.741707,6.347733,1.4312057,-11.422285,15.67197,-22.151937,-30.344875,19.13666,-16.7883,15.000033,7.618751,-3.5680242,13.817759,13.995793,23.517075,-26.397491,51.373203,19.168207,-12.087013,11.001,-1.8839407,-20.703701,44.5088,62.64385,-27.568855,3.5273094,-0.77591443
1144,0.5220027565956116,23.72414207458496,77.16092681884766,5.24944433110767,-2.2361399617155664,-99.46214483323911,-3.646591,6.437892,13.593623,6.3535156,1.2991292,-11.202342,15.539849,-22.680256,-30.34344,20.214529,-16.57702,15.000033,7.7591534,-3.6778586,13.666609,14.046863,23.27979,-26.493458,51.31914,19.1917,-11.97781,10.724209,-1.2852306,-20.789047,44.1771,62.73166,-27.676844,3.6806748,-0.85749316
1145,0.7467604279518127,23.489521026611328,77.20072937011719,5.290048661228286,-2.306488372193549,-99.20756920894765,-3.4823725,6.080122,13.450487,6.3530354,1.1607175,-10.98239,15.385946,-23.201368,-30.29391,21.324936,-16.33927,15.000033,7.880009,-3.7737088,13.514565,14.099955,23.03365,-26.603014,51.294415,19.247046,-11.878111,10.5092325,-0.72433203,-20.86663,43.909863,62.809597,-27.541763,3.792458,-1.0157802
1146,0.9838951826095581,23.252471923828125,77.23836517333984,5.310793413157024,-2.3800438733657323,-98.96309562165565,-3.314786,5.746839,13.309422,6.3678102,1.0060698,-10.769993,15.215429,-23.709051,-30.210184,22.463,-16.070059,15.000033,7.9812746,-3.8531122,13.359151,14.151163,22.778292,-26.724337,51.299366,19.321577,-11.78362,10.33748,-0.19188704,-20.936394,43.68844,62.87156,-27.232964,3.8670309,-1.2428278
1147,1.218510627746582,23.01569366455078,77.27604675292969,5.332793678792612,-2.459854624701162,-98.73086990378893,-3.1304808,5.416341,13.176305,6.3755393,0.84743077,-10.558506,15.026661,-24.229382,-30.095858,23.641277,-15.783438,15.000033,8.070563,-3.932316,13.210351,14.190538,22.51649,-26.857456,51.32313,19.41164,-11.678639,10.205576,0.3089312,-20.998241,43.50671,62.925007,-26.84371,3.921485,-1.4859517
1148,1.451420545578003,22.77849769592285,77.30858612060547,5.370386167220674,-2.5494717156020066,-98.51303573604572,-2.9304624,5.0705905,13.055466,6.382888,0.6814992,-10.341421,14.818159,-24.783625,-29.954292,24.867512,-15.490892,15.000033,8.155268,-4.0288315,13.078376,14.208848,22.25326,-27.0027,51.35381,19.512718,-11.547371,10.109861,0.7722382,-21.052666,43.36114,62.979935,-26.466293,3.9741979,-1.6925478
1149,1.683640718460083,22.550891876220703,77.336181640625,5.429157656395776,-2.646766641664515,-98.3122186438612,-2.7172024,4.705694,12.949396,6.391019,0.50732905,-10.113521,14.5831995,-25.3764,-29.770672,26.14505,-15.190461,15.000033,8.238822,-4.14771,12.962415,14.210512,21.99143,-27.15996,51.3805,19.641365,-11.374097,10.063997,1.198227,-21.100616,43.26359,63.038292,-26.078396,4.0189385,-1.8547523
1150,1.9178357124328613,22.320430755615234,77.36013793945312,5.499611799503196,-2.751018543958918,-98.12665103444819,-2.4896421,4.3319526,12.854849,6.399496,0.32397732,-9.879773,14.324514,-25.993006,-29.548271,27.465075,-14.875658,15.000033,8.317252,-4.280484,12.858902,14.200483,21.731535,-27.329046,51.40795,19.7926,-11.170983,10.0639925,1.5891085,-21.142635,43.212887,63.094326,-25.645185,4.0496345,-1.9985024
1151,2.1499156951904297,22.08631134033203,77.38212585449219,5.579083518232038,-2.8673559601576013,-97.95172322969455,-2.2393517,3.9516416,12.7675085,6.3984704,0.13857396,-9.64933,14.057515,-26.633192,-29.315065,28.81683,-14.552941,15.000033,8.387438,-4.422907,12.773743,14.171695,21.475603,-27.508991,51.446804,19.930012,-10.963669,10.0795555,1.9475944,-21.177366,43.18034,63.142036,-25.245365,4.0856247,-2.121575
1152,2.3816967010498047,21.8513126373291,77.40042114257812,5.665534877269323,-3.0005782538233645,-97.78295797814525,-1.9747888,3.5694993,12.681963,6.413582,-0.06154929,-9.430891,13.792055,-27.301008,-29.095566,30.202684,-14.230135,15.000033,8.447609,-4.571866,12.713112,14.116943,21.226868,-27.70008,51.50669,20.017109,-10.778,10.080875,2.276991,-21.20201,43.135128,63.17594,-24.95866,4.1465106,-2.2221265
1153,2.6120352745056152,21.621667861938477,77.41072845458984,5.759900721397469,-3.153249720010437,-97.61950580600393,-1.6814667,3.1814954,12.597167,6.418053,-0.26203793,-9.229758,13.535699,-27.99181,-28.889177,31.615587,-13.904808,15.000033,8.49879,-4.729141,12.678632,14.03638,20.988104,-27.906862,51.589832,20.0297,-10.619484,10.073004,2.5751767,-21.214836,43.084435,63.194927,-24.81531,4.247878,-2.294281
1154,2.8400697708129883,21.39156723022461,77.4190902709961,5.862300111446511,-3.3217641848120456,-97.46371707709031,-1.3668848,2.7881825,12.5151205,6.4211473,-0.46825522,-9.040023,13.282092,-28.703424,-28.68194,33.054195,-13.571786,15.000033,8.542586,-4.895792,12.667039,13.934473,20.760143,-28.128902,51.68838,19.990658,-10.474794,10.067408,2.8427746,-21.214462,43.037895,63.201466,-24.77127,4.376199,-2.340557
1155,3.065134286880493,21.165523529052734,77.42496490478516,5.97107574610762,-3.5026321856801705,-97.31550689000893,-1.0356246,2.3918467,12.437077,6.422156,-0.6773102,-8.852933,13.025744,-29.433077,-28.47863,34.514977,-13.234215,15.000033,8.578942,-5.0693583,12.675949,13.810727,20.5433,-28.357563,51.797234,19.936077,-10.341385,10.043763,3.0790157,-21.20077,42.973312,63.20406,-24.790432,4.5075545,-2.372858
1156,3.2824411392211914,20.943416595458984,77.43118286132812,6.084360260877311,-3.6921896063826387,-97.17480940834506,-0.6890606,1.9948826,12.364313,6.413137,-0.8817514,-8.660233,12.759283,-30.179346,-28.281603,35.997868,-12.8971,15.000033,8.608187,-5.246209,12.703648,13.66345,20.337753,-28.586035,51.91202,19.900875,-10.216403,9.981714,3.2863793,-21.174152,42.865788,63.20786,-24.838396,4.617894,-2.4026823
1157,3.5029501914978027,20.723962783813477,77.4306411743164,6.2029424410503875,-3.8944341182445763,-97.0412337785225,-0.33588693,1.598435,12.296818,6.4236817,-1.0986304,-8.457083,12.489706,-30.950502,-28.094341,37.504936,-12.564966,15.000033,8.631233,-5.427263,12.75441,13.492009,20.143898,-28.815058,52.032047,19.898132,-10.105668,9.871243,3.4664843,-21.134497,42.71321,63.21041,-24.947495,4.69978,-2.4236739
1158,3.7148005962371826,20.51438331604004,77.43041229248047,6.32746593880885,-4.109657474062761,-96.9143970548283,0.039254494,1.1983775,12.23327,6.423147,-1.3125718,-8.2486105,12.217316,-31.74022,-27.908468,39.0338,-12.233961,15.000033,8.647704,-5.6136746,12.827591,13.297069,19.962055,-29.0481,52.15921,19.907356,-10.008313,9.7246065,3.6181948,-21.081945,42.526703,63.21008,-25.122957,4.766477,-2.4325294
1159,3.932079315185547,20.293981552124023,77.42787170410156,6.454724332366122,-4.3288817466754015,-96.79352830136561,0.41919634,0.7999317,12.170903,6.4205627,-1.5249828,-8.042246,11.9286375,-32.53936,-27.711298,40.57705,-11.895477,15.000033,8.656334,-5.8021846,12.915079,13.078991,19.7918,-29.282026,52.291245,19.914839,-9.912226,9.554598,3.7425046,-21.016384,42.300327,63.207462,-25.287798,4.8246117,-2.445232
1160,4.13878059387207,20.08119010925293,77.4248275756836,6.581392534893568,-4.542868419344356,-96.67756459056856,0.7908809,0.40795264,12.107136,6.4187226,-1.7347803,-7.84544,11.609267,-33.334118,-27.490795,42.12632,-11.540437,15.000033,8.656031,-5.989308,13.008667,12.837611,19.632391,-29.514738,52.42687,19.905775,-9.805008,9.37425,3.8406625,-20.937725,42.02852,63.20337,-25.364841,4.8809867,-2.4778821
1161,4.345476150512695,19.87159538269043,77.4166488647461,6.7088656664744635,-4.749706693312365,-96.56994364344862,1.1542135,0.019674713,12.044749,6.4147453,-1.9407574,-7.6616774,11.244334,-34.134212,-27.230152,43.70124,-11.171639,15.000033,8.646675,-6.1760683,13.108491,12.574353,19.482187,-29.745691,52.561592,19.864552,-9.683457,9.182438,3.912064,-20.844986,41.6903,63.19809,-25.318348,4.933168,-2.537086
1162,4.540191650390625,19.671388626098633,77.4078140258789,6.83854952370345,-4.954257283871793,-96.46903506265676,1.5144438,-0.366373,11.983129,6.410385,-2.1452165,-7.486593,10.843007,-34.941635,-26.933987,45.29856,-10.792619,15.000033,8.628465,-6.3636746,13.218138,12.287111,19.340807,-29.977114,52.69914,19.802723,-9.553995,8.974279,3.9573863,-20.737633,41.294342,63.19098,-25.194729,4.978821,-2.613731
1163,4.73911190032959,19.47075653076172,77.39944458007812,6.964751409220955,-5.157745818321847,-96.3662921793176,1.8714386,-0.7423085,11.914455,6.4053283,-2.3460386,-7.3163667,10.425828,-35.73263,-26.624975,46.88172,-10.398627,15.000033,8.5999775,-6.548483,13.334211,11.9721365,19.210155,-30.20877,52.848995,19.74792,-9.418502,8.756448,3.9759805,-20.617535,40.880707,63.183926,-25.040014,5.025023,-2.7004297
1164,4.928332805633545,19.27676010131836,77.39022064208984,7.0792791229926255,-5.362227573246191,-96.25367977287067,2.2230108,-1.1008064,11.832097,6.4017467,-2.5415509,-7.1468725,10.015238,-36.488144,-26.328602,48.41482,-9.985309,15.000033,8.559315,-6.728243,13.454237,11.627633,19.093132,-30.439392,53.017776,19.727125,-9.279306,8.53526,3.9685638,-20.487356,40.490868,63.1754,-24.899323,5.0788555,-2.7894611
1165,5.111691951751709,19.082677841186523,77.38245391845703,7.176364899629597,-5.56462940773101,-96.13679040724836,2.568005,-1.4324969,11.741824,6.3987226,-2.7321708,-6.976336,9.606884,-37.202496,-26.063175,49.89591,-9.537169,15.000033,8.512143,-6.8994083,13.575277,11.2501135,18.992367,-30.669552,53.20668,19.771193,-9.129562,8.302825,3.934849,-20.348316,40.12659,63.16216,-24.77548,5.143115,-2.8728158
1166,5.283381938934326,18.903736114501953,77.37720489501953,7.257017204327788,-5.763758216914386,-96.01907945765608,2.9032888,-1.7347641,11.645681,6.4002132,-2.9187257,-6.810621,9.195699,-37.89779,-25.89705,51.34795,-9.06881,14.620116,8.456527,-7.065929,13.700527,10.844677,18.908121,-30.898148,53.40759,19.857933,-8.970835,8.058081,3.8742282,-20.201155,39.769516,63.14449,-24.646847,5.2136354,-2.9563947
1167,5.446207046508789,18.724328994750977,77.3758773803711,7.325163730783872,-5.961624733110839,-95.89289262907084,3.2323582,-2.0163229,11.536389,6.401406,-3.098375,-6.653146,8.788956,-38.577908,-25.775478,52.769672,-8.612338,14.028758,8.386799,-7.2263703,13.830816,10.419775,18.839146,-31.121311,53.615818,19.934172,-8.818438,7.8175874,3.7896986,-20.046486,39.4317,63.121128,-24.521116,5.287484,-3.0531945
1168,5.595786094665527,18.5574951171875,77.37689971923828,7.341081780651881,-6.1297360019844875,-95.79386436849309,3.5297022,-2.216729,11.443032,6.409001,-3.2735076,-6.523104,8.327823,-39.18919,-25.644455,54.15354,-8.194374,13.221211,8.337439,-7.338469,13.937288,9.980667,18.782463,-31.332901,53.830734,19.94794,-8.6874,7.598538,3.6778889,-19.885073,39.124878,63.097282,-24.40724,5.361566,-3.176917
1169,5.741527080535889,18.389188766479492,77.37967681884766,7.34669934865836,-6.302080829354183,-95.6818873660054,3.827199,-2.4019501,11.3304405,6.414025,-3.439347,-6.4088855,7.870768,-39.820797,-25.558884,55.55191,-7.7969584,12.079177,8.265271,-7.4417477,14.055633,9.534541,18.735628,-31.521484,54.045097,19.871006,-8.585803,7.395796,3.5347085,-19.717659,38.856304,63.077694,-24.311125,5.4402995,-3.3360415
1170,5.880886077880859,18.22814178466797,77.37950134277344,7.3429090535754415,-6.477450435691245,-95.55885334072246,4.1221285,-2.571625,11.201662,6.4204054,-3.5988705,-6.3066845,7.4205875,-40.46817,-25.518322,56.95055,-7.41702,10.692606,8.172131,-7.5375,14.183586,9.075132,18.698254,-31.692762,54.26457,19.735762,-8.503901,7.204011,3.3615725,-19.544601,38.61893,63.059513,-24.227304,5.523649,-3.5216403
1171,6.011961936950684,18.072351455688477,77.38003540039062,7.327492029927184,-6.64590182956593,-95.42311877943986,4.4037547,-2.7242022,11.0594635,6.426641,-3.7508392,-6.2128944,6.984318,-41.050377,-25.458908,58.255123,-7.112934,9.329664,8.062498,-7.6272497,14.30632,8.5978365,18.671572,-31.866339,54.49903,19.584198,-8.429101,7.0398855,3.1715841,-19.368038,38.407055,63.030586,-24.143904,5.601829,-3.720033
1172,6.135396480560303,17.915300369262695,77.38029479980469,7.301878081015884,-6.797328693624529,-95.27397008004151,4.660875,-2.8575552,10.906553,6.4324765,-3.8946927,-6.12393,6.5638666,-41.47457,-25.306917,59.3721,-6.935486,8.2693,7.9417396,-7.7113385,14.409598,8.096504,18.657831,-32.065075,54.758293,19.454912,-8.349289,6.919704,2.9803073,-19.190578,38.213844,62.974674,-24.049467,5.664998,-3.9171834
1173,6.248843669891357,17.762020111083984,77.38311004638672,7.263402165137043,-6.93053332810313,-95.10600355969024,4.8906875,-2.9712155,10.740077,6.438469,-4.029392,-6.0358586,6.1861815,-41.764454,-25.125414,60.316456,-6.835942,7.54911,7.804978,-7.788575,14.489522,7.567876,18.659136,-32.301968,55.047043,19.355473,-8.262055,6.8572793,2.7922466,-19.015026,38.035072,62.881176,-23.93409,5.706091,-4.113976
1174,6.350930690765381,17.617942810058594,77.38682556152344,7.215080898892271,-7.049946697881796,-94.9222115164253,5.098299,-3.0659735,10.560924,6.444698,-4.1549916,-5.9516115,5.83691,-41.943497,-24.918789,61.129307,-6.8026543,7.043496,7.653895,-7.8582063,14.555013,7.0152507,18.67533,-32.565784,55.35657,19.264036,-8.17379,6.8401647,2.6032236,-18.842289,37.87337,62.75387,-23.805492,5.7316756,-4.3157496
1175,6.450541973114014,17.474035263061523,77.38802337646484,7.154741937670877,-7.154167615832217,-94.73436640274191,5.284571,-3.141152,10.378541,6.452537,-4.2758846,-5.87797,5.45221,-41.91021,-24.520954,61.7571,-6.939622,6.794249,7.503467,-7.921776,14.60946,6.445537,18.70466,-32.837917,55.67631,19.17952,-8.085966,6.845671,2.4139936,-18.672724,37.72881,62.603542,-23.684298,5.7523994,-4.5148964
1176,6.531848907470703,17.3382625579834,77.39348602294922,7.087259581489781,-7.241607775239607,-94.55426000103218,5.451379,-3.1957536,10.201881,6.4602304,-4.3937774,-5.821863,4.9704843,-41.561256,-23.770332,62.152336,-7.352881,6.840642,7.3681574,-7.980939,14.656161,5.864608,18.744518,-33.100597,55.997555,19.100733,-7.999611,6.8512025,2.22327,-18.506863,37.60364,62.44364,-23.58911,5.779234,-4.704556
1177,6.6130571365356445,17.21015167236328,77.39523315429688,7.013217905840841,-7.312005354961548,-94.38246552887905,5.597101,-3.2284162,10.0306835,6.4697194,-4.5114408,-5.7906795,4.3631043,-40.7837,-22.512363,62.278084,-8.219179,7.2440042,7.250736,-8.036681,14.6945095,5.2668076,18.794062,-33.359573,56.332825,19.033293,-7.91719,6.859622,2.033628,-18.34508,37.497738,62.268112,-23.530273,5.8204274,-4.880628
1178,6.676186561584473,17.083559036254883,77.39888763427734,6.930800874827204,-7.368892024230338,-94.21120124189251,5.7248535,-3.243364,9.859055,6.479373,-4.6265664,-5.7782,3.7056851,-39.67272,-20.916613,62.184,-9.45907,7.934269,7.141126,-8.0887985,14.725614,4.650725,18.852919,-33.62149,56.68321,18.975925,-7.837349,6.8800173,1.8457023,-18.18706,37.410797,62.0721,-23.495634,5.8687663,-5.0475197
1179,6.733702182769775,16.956621170043945,77.40399169921875,6.844262209602296,-7.415549929816897,-94.04047277272957,5.83906,-3.2452493,9.687978,6.489691,-4.73756,-5.7715597,3.084274,-38.44125,-19.294052,61.941246,-10.785881,8.761443,7.0345917,-8.136788,14.752996,4.0292673,18.919142,-33.867878,57.024994,18.919193,-7.756184,6.8995605,1.6524009,-18.033495,37.345222,61.874573,-23.471045,5.911518,-5.210627
1180,6.787250995635986,16.833248138427734,77.410400390625,6.756206977688359,-7.452706446721152,-93.87306645107472,5.9430366,-3.2365441,9.521617,6.497516,-4.840667,-5.758454,2.5477269,-37.282272,-17.91213,61.606705,-11.892426,9.609292,6.927685,-8.177953,14.778065,3.4145956,18.990034,-34.079693,57.33494,18.85255,-7.6698384,6.905559,1.4475821,-17.884617,37.304802,61.69221,-23.441895,5.9362164,-5.375113
1181,6.836329460144043,16.713823318481445,77.42023468017578,6.658784548535699,-7.475676492493582,-93.70807332771854,6.0302043,-3.212213,9.360428,6.5069413,-4.937197,-5.7336874,2.0843296,-36.20655,-16.78675,61.168568,-12.704579,10.522966,6.817276,-8.208292,14.796112,2.8031907,19.064323,-34.257427,57.61603,18.764849,-7.5740776,6.8924894,1.2270755,-17.73967,37.29665,61.535225,-23.397495,5.936703,-5.556289
1182,6.877540588378906,16.59708595275879,77.4313735961914,6.556576868766982,-7.484691351083281,-93.54535527896803,6.101445,-3.1727839,9.20323,6.5153327,-5.026474,-5.704438,1.6663394,-35.12967,-15.779734,60.598125,-13.385975,11.543641,6.7054963,-8.22951,14.806749,2.1903486,19.141874,-34.407722,57.87973,18.665642,-7.4721136,6.868135,0.9943599,-17.59825,37.317913,61.394028,-23.347845,5.920543,-5.74691
1183,6.911139011383057,16.481775283813477,77.44422912597656,6.453863606752808,-7.4860918071746845,-93.3905219686427,6.1649323,-3.125767,9.053215,6.5224338,-5.1107287,-5.677589,1.2943428,-34.092113,-14.894053,59.917755,-13.96509,12.578609,6.5992317,-8.246723,14.816052,1.5855438,19.221947,-34.521736,58.116806,18.575638,-7.371074,6.8403096,0.7542251,-17.46179,37.357616,61.256355,-23.309017,5.895813,-5.918039
1184,6.939305305480957,16.376697540283203,77.4595947265625,6.356410608217913,-7.486463907028435,-93.24917188529544,6.228616,-3.0785697,8.913509,6.5306687,-5.1946774,-5.659981,0.96792173,-33.132477,-14.131312,59.150383,-14.464818,13.536137,6.505107,-8.264514,14.830148,0.99854094,19.303593,-34.589012,58.318024,18.516314,-7.27826,6.816443,0.51144403,-17.33353,37.40535,61.10938,-23.296524,5.8707123,-6.040677
1185,6.962429046630859,16.264509201049805,77.47291564941406,6.265978189370599,-7.485051688160335,-93.11970995965554,6.29091,-3.03072,8.781694,6.5373573,-5.274794,-5.6541543,0.6883181,-32.267155,-13.519741,58.296,-14.852377,14.413765,6.4238973,-8.283036,14.8505125,0.4264081,19.386154,-34.601845,58.485943,18.508612,-7.192437,6.7928295,0.26937163,-17.216726,37.45831,60.94102,-23.321863,5.8475375,-6.1021523
1186,6.972050666809082,16.166868209838867,77.49327087402344,6.1335459515777995,-7.45778657262104,-93.04516936593004,6.3318033,-2.9069102,8.696972,6.5494313,-5.3565135,-5.674425,0.40348002,-31.406647,-13.064893,57.32868,-15.107083,15.000033,6.3950143,-8.2539,14.855548,-0.13886678,19.469744,-34.56813,58.62722,18.535484,-7.1111956,6.7679486,0.02506895,-17.111387,37.521732,60.757,-23.373655,5.8219547,-6.1195545
1187,6.9717631340026855,16.069318771362305,77.51558685302734,5.968904490686844,-7.413178306643695,-93.02134567788065,6.358611,-2.719624,8.655867,6.5707054,-5.4439406,-5.7178507,0.11372617,-30.532116,-12.742325,56.248272,-15.287846,15.000033,6.408723,-8.189488,14.849741,-0.6863303,19.55471,-34.498325,58.732677,18.56487,-7.039369,6.7513905,-0.22187589,-17.016626,37.59581,60.571297,-23.43508,5.7922673,-6.1078105
1188,6.967312812805176,15.968786239624023,77.53451538085938,5.819924511024185,-7.374646249576344,-93.01249883004526,6.3974476,-2.5440931,8.629145,6.5904255,-5.534911,-5.762273,-0.15193842,-29.675467,-12.377818,55.068672,-15.464251,15.000033,6.429229,-8.128802,14.84856,-1.2027875,19.641342,-34.403797,58.79154,18.564575,-6.98162,6.7525043,-0.4691553,-16.931276,37.679264,60.395855,-23.491226,5.7567,-6.081226
1189,6.955474853515625,15.87016773223877,77.55166625976562,5.686588574220437,-7.342377710098473,-93.02719507845863,6.4503922,-2.3787937,8.62455,6.6086493,-5.631088,-5.808594,-0.40171278,-28.817717,-11.933524,53.78042,-15.640694,15.000033,6.4642363,-8.0708275,14.851646,-1.6835746,19.72927,-34.27876,58.799416,18.52791,-6.943494,6.777844,-0.7201207,-16.855202,37.773193,60.240498,-23.535496,5.7099147,-6.0339165
1190,6.9448018074035645,15.768106460571289,77.56515502929688,5.566848125390406,-7.3145272868397,-93.06050463973408,6.513632,-2.2220302,8.637533,6.626463,-5.731354,-5.857733,-0.62626565,-27.9777,-11.452213,52.383503,-15.78846,15.000033,6.5112133,-8.015418,14.859101,-2.1353428,19.818594,-34.120766,58.762825,18.470762,-6.921112,6.8209157,-0.97402525,-16.788553,37.87762,60.097095,-23.577196,5.6543655,-5.961148
1191,6.926629543304443,15.670019149780273,77.57411193847656,5.464256160729841,-7.292778026120378,-93.09660035909279,6.5852456,-2.0807788,8.653595,6.642525,-5.831784,-5.906394,-0.80848813,-27.19147,-10.981527,50.896324,-15.920239,15.000033,6.5549035,-7.9672976,14.871481,-2.564536,19.91069,-33.945084,58.687607,18.396038,-6.9045963,6.872059,-1.2263161,-16.730299,37.9913,59.954285,-23.623238,5.600058,-5.880511
1192,6.911128997802734,15.562904357910156,77.579833984375,5.3793527108112285,-7.27814370350356,-93.12017759131842,6.6635566,-1.9616753,8.658992,6.657288,-5.931224,-5.9512844,-0.9349519,-26.492105,-10.571288,49.33669,-16.046478,15.000033,6.5816307,-7.931818,14.889017,-2.9772143,20.007742,-33.767395,58.5795,18.306597,-6.884267,6.921472,-1.4727811,-16.678839,38.111656,59.80165,-23.68093,5.5569654,-5.8095236
1193,6.884998798370361,15.459455490112305,77.58482360839844,5.31748123298128,-7.271104070557076,-93.1286915668291,6.748336,-1.8688159,8.651987,6.6685314,-6.0277095,-5.9907036,-1.006524,-25.893257,-10.231298,47.701313,-16.174492,15.000033,6.5895944,-7.911599,14.915532,-3.3755999,20.111427,-33.584324,58.429157,18.206465,-6.848709,6.961378,-1.7142067,-16.633476,38.23901,59.63502,-23.756683,5.5336604,-5.751079
1194,6.854857444763184,15.35159683227539,77.58729553222656,5.275499925125603,-7.269821100749271,-93.13094002446671,6.839423,-1.7969434,8.640471,6.676951,-6.1229267,-6.026783,-1.0340111,-25.373928,-9.93955,45.983547,-16.293652,15.000033,6.5870028,-7.9039297,14.948826,-3.754034,20.222155,-33.3887,58.234524,18.093819,-6.806117,6.9984627,-1.9527663,-16.59408,38.37347,59.461506,-23.84604,5.5227294,-5.6965604
1195,6.826045989990234,15.24758529663086,77.58544921875,5.244199325234106,-7.270936751299334,-93.1295760983648,6.934329,-1.7376369,8.625772,6.683874,-6.2171474,-6.0625353,-1.0203228,-24.920345,-9.699135,44.19756,-16.387985,15.000033,6.5756874,-7.9038587,14.979929,-4.110978,20.34033,-33.196198,58.01402,17.957596,-6.775499,7.0450773,-2.1871805,-16.559057,38.51429,59.286945,-23.937527,5.5103054,-5.646444
1196,6.7906575202941895,15.136506080627441,77.58085632324219,5.220666545728827,-7.270626558938784,-93.12739738593196,7.0312047,-1.6813682,8.609211,6.688943,-6.3097906,-6.101125,-0.9685168,-24.5147,-9.514319,42.3574,-16.441643,15.000033,6.5581574,-7.9063387,14.999236,-4.446616,20.466238,-33.02457,57.78872,17.785006,-6.7762775,7.1136065,-2.417144,-16.526628,38.659046,59.120407,-24.02109,5.482361,-5.601564
1197,6.749429702758789,15.022309303283691,77.57440948486328,5.2075450137921,-7.26242752621548,-93.1288498339276,7.1242237,-1.634717,8.596389,6.6905746,-6.3982816,-6.1400666,-0.8873058,-24.179054,-9.419925,40.45534,-16.47624,15.000033,6.5376835,-7.9167213,14.999313,-4.7583895,20.599594,-32.875973,57.55716,17.557459,-6.8200054,7.2099147,-2.646244,-16.495684,38.811867,58.961666,-24.106142,5.4396124,-5.5588193
1198,6.702223300933838,14.909919738769531,77.56888580322266,5.204842918730413,-7.249141579259877,-93.13245295191982,7.2129636,-1.5966237,8.585951,6.6946893,-6.4868116,-6.179426,-0.776023,-23.903473,-9.411976,38.486897,-16.490381,15.000033,6.5135174,-7.9342623,14.985709,-5.04809,20.740246,-32.743282,57.311813,17.285666,-6.894527,7.3264112,-2.8748958,-16.465755,38.97164,58.809517,-24.194796,5.3880935,-5.519246
1199,6.643777847290039,14.798964500427246,77.56394958496094,5.199286426666858,-7.242218867429701,-93.1322089115962,7.310859,-1.5495085,8.569149,6.6964574,-6.5752015,-6.2257395,-0.6181989,-23.627079,-9.43372,36.464317,-16.431646,15.000033,6.4832406,-7.945382,14.969897,-5.319537,20.888262,-32.626026,57.060654,17.006659,-6.983528,7.45522,-3.0948923,-16.434607,39.128357,58.666145,-24.263605,5.3216314,-5.489567
1200,6.58734655380249,14.683063507080078,77.55940246582031,5.17461423989376,-7.2533930751739755,-93.12100895066851,7.428221,-1.4764365,8.536751,6.6986566,-6.6681886,-6.2852097,-0.39793146,-23.29236,-9.423039,34.40125,-16.24852,15.000033,6.444455,-7.937628,14.963357,-5.5778008,21.043797,-32.5253,56.812595,16.756357,-7.0702057,7.5888,-3.2985246,-16.399233,39.27057,58.53591,-24.290777,5.234171,-5.4765673
1201,6.514845848083496,14.561079025268555,77.55809783935547,5.127356742247562,-7.2851593041051075,-93.10529339514363,7.5693917,-1.3680608,8.493229,6.7025247,-6.7696285,-6.3636546,-0.100465536,-22.844711,-9.313852,32.186913,-15.892333,15.000033,6.4019027,-7.9066367,14.968694,-5.824012,21.207998,-32.445953,56.570415,16.534773,-7.158237,7.736506,-3.4862463,-16.356737,39.395504,58.423817,-24.26651,5.1191835,-5.4839873
1202,6.435625076293945,14.44208812713623,77.5556640625,5.066993918707465,-7.331620096150835,-93.0859096322193,7.7273207,-1.235612,8.441469,6.7085457,-6.8774343,-6.4562025,0.26433352,-22.32795,-9.151389,29.847614,-15.400568,15.000033,6.3552694,-7.860953,14.979788,-6.05623,21.381289,-32.387375,56.329826,16.324726,-7.2538986,7.8985343,-3.6638892,-16.306223,39.509285,58.33075,-24.203794,4.9815593,-5.5079007
1203,6.352665901184082,14.32303237915039,77.55591583251953,4.996686122890311,-7.391102214530161,-93.04764857793504,7.8963265,-1.0916398,8.370093,6.7142816,-6.9843197,-6.5535207,0.67303705,-21.835047,-9.045147,27.604462,-14.850999,15.000033,6.2947254,-7.805516,14.994752,-6.272351,21.561424,-32.33854,56.087112,16.140493,-7.3437986,8.054003,-3.8294208,-16.247467,39.61313,58.251873,-24.115932,4.8320193,-5.543372
1204,6.26771879196167,14.199480056762695,77.55696868896484,4.919824547030956,-7.461485815183595,-92.97663607899018,8.07144,-0.94618475,8.268199,6.7140045,-7.0804873,-6.6467075,1.0869565,-21.451763,-9.111646,25.70352,-14.333226,15.000033,6.2110486,-7.74335,15.01114,-6.47191,21.744495,-32.288612,55.84106,15.99626,-7.414312,8.182443,-3.98233,-16.181595,39.70935,58.18414,-24.014679,4.681402,-5.585662
1205,6.186233043670654,14.071704864501953,77.56503295898438,4.8214020475383155,-7.561500895144053,-92.85123526761075,8.270468,-0.787862,8.113631,6.7088532,-7.167827,-6.7327065,1.5102148,-21.205673,-9.4304285,24.225243,-13.818313,15.000033,6.0859227,-7.657678,15.0440645,-6.660765,21.928709,-32.240078,55.59241,15.902071,-7.4575944,8.278911,-4.1221,-16.109173,39.794144,58.12869,-23.887133,4.5217304,-5.64018
1206,6.10791540145874,13.95248794555664,77.57496643066406,4.698420339360172,-7.687194984389591,-92.68387259775005,8.490657,-0.6094538,7.917623,6.700054,-7.248525,-6.817488,1.9354196,-21.040197,-9.933268,23.086414,-13.310471,15.000033,5.929056,-7.5468626,15.091349,-6.8379316,22.113028,-32.195282,55.343246,15.850635,-7.4818897,8.354974,-4.2488656,-16.030048,39.867477,58.08584,-23.731972,4.350808,-5.7069283
1207,6.019795894622803,13.835957527160645,77.58656311035156,4.577480870503197,-7.802301822831277,-92.5115767866461,8.695151,-0.4279365,7.7188807,6.6906295,-7.323063,-6.9051585,2.323516,-20.920782,-10.515033,22.25311,-12.934475,15.000033,5.77199,-7.435919,15.122707,-6.998209,22.294594,-32.149265,55.10064,15.823173,-7.498379,8.415549,-4.36474,-15.945746,39.93861,58.053894,-23.579296,4.1879444,-5.773899
1208,5.914511203765869,13.7221097946167,77.60032653808594,4.487035684003608,-7.868800775479593,-92.37373958330438,8.844175,-0.26676935,7.5581965,6.6846275,-7.3915687,-6.9991302,2.6504045,-20.818861,-11.0635395,21.648247,-12.781823,15.000033,5.6479316,-7.3546185,15.10569,-7.1364756,22.469637,-32.09638,54.8724,15.801623,-7.5183125,8.465309,-4.471226,-15.858635,40.01912,58.029625,-23.456564,4.0528502,-5.828914
1209,5.801900386810303,13.616235733032227,77.60464477539062,4.463880550986229,-7.85839602511179,-92.28431035063862,8.906931,-0.1629853,7.451411,6.68064,-7.449984,-7.0969043,2.8910944,-20.7793,-11.572012,21.344143,-12.947681,15.000033,5.5741067,-7.339292,15.01254,-7.2566257,22.636482,-32.041973,54.665794,15.789292,-7.5458355,8.497661,-4.558043,-15.768648,40.103485,58.001,-23.371824,3.958125,-5.8702326
1210,5.680893898010254,13.5222749710083,77.58448791503906,4.463218195484764,-7.78888860275168,-92.24473942499327,8.90593,-0.060782596,7.3959846,6.6812563,-7.5030484,-7.2080503,3.0755599,-20.737902,-12.064381,21.274523,-13.314018,14.783414,5.552275,-7.3444433,14.8583975,-7.3647656,22.795233,-31.98947,54.48096,15.791598,-7.5749183,8.513447,-4.6282163,-15.675679,40.188793,57.973747,-23.308979,3.8910847,-5.904425
1211,5.549435138702393,13.432446479797363,77.57688903808594,4.464527600449561,-7.711384123466263,-92.21250991546339,8.893285,0.04254,7.3489733,6.6842227,-7.5525813,-7.322782,3.2664955,-20.699133,-12.523353,21.268686,-13.705022,14.625058,5.533051,-7.3466396,14.693102,-7.446038,22.9424,-31.920088,54.30362,15.804233,-7.6005993,8.526599,-4.6955023,-15.582217,40.288795,57.96336,-23.262405,3.8333795,-5.9296594
1212,5.417134761810303,13.341401100158691,77.58806610107422,4.413054662569966,-7.666348817664026,-92.17905143824541,8.917953,0.20917591,7.297371,6.6870627,-7.603158,-7.4475594,3.521388,-20.562426,-12.909423,21.095648,-13.912866,14.503842,5.4975905,-7.2843065,14.55754,-7.490452,23.073286,-31.816532,54.124416,15.820553,-7.6185393,8.552263,-4.775251,-15.491841,40.418793,57.983746,-23.224659,3.7670417,-5.944777
1213,5.283816337585449,13.247491836547852,77.61339569091797,4.2835889830935905,-7.673143027994611,-92.14299603337743,9.001449,0.46845254,7.2371383,6.6933346,-7.658986,-7.587304,3.873812,-20.283379,-13.195748,20.672695,-13.849239,14.426923,5.440331,-7.1268463,14.470395,-7.494935,23.183277,-31.66704,53.942204,15.853112,-7.626379,8.596429,-4.872463,-15.407647,40.587074,58.040977,-23.206734,3.69346,-5.9501777
1214,5.15555477142334,13.153818130493164,77.64270782470703,4.108859855528559,-7.707675534157145,-92.10737200174238,9.116347,0.78168786,7.1745515,6.7005987,-7.7155743,-7.736871,4.282761,-19.927446,-13.407874,20.133984,-13.6364355,14.420244,5.369701,-6.9104586,14.407783,-7.4673414,23.270952,-31.482697,53.766014,15.901441,-7.62723,8.650838,-4.977335,-15.330731,40.785595,58.12344,-23.206888,3.6206017,-5.9460373
1215,5.029214382171631,13.063459396362305,77.66204833984375,3.9208593921405903,-7.745184949683798,-92.07222476296936,9.233012,1.1142579,7.114441,6.7080703,-7.7702928,-7.889341,4.696824,-19.544094,-13.583743,19.560772,-13.376465,14.439091,5.291257,-6.671665,14.346463,-7.4125843,23.33714,-31.278475,53.599907,15.94162,-7.6242914,8.709391,-5.081654,-15.2612915,41.002308,58.219177,-23.200779,3.5396447,-5.9302864
1216,4.903729438781738,12.982359886169434,77.67677307128906,3.749756503200821,-7.760259743312837,-92.03744189377556,9.321765,1.4312197,7.0610976,6.7153506,-7.820443,-8.037704,5.064467,-19.184174,-13.762959,19.039019,-13.172504,14.440117,5.2105746,-6.4475045,14.262741,-7.3344736,23.384262,-31.069532,53.445843,15.949384,-7.620519,8.765472,-5.176892,-15.198792,41.22451,58.3162,-23.165424,3.4419968,-5.9008055
1217,4.773626327514648,12.900927543640137,77.68917846679688,3.6047538383442936,-7.743924319288464,-91.99988618798896,9.372295,1.7200744,7.0139246,6.7208433,-7.863883,-8.176349,5.369522,-18.86367,-13.953427,18.592669,-13.049533,14.426887,5.1494007,-6.244669,14.150981,-7.2586164,23.403044,-30.889467,53.32451,15.90473,-7.615103,8.823626,-5.2372584,-15.160641,41.42277,58.388435,-23.090889,3.3171618,-5.8541927
1218,4.633298873901367,12.813313484191895,77.70606994628906,3.4682530465908905,-7.710128980701671,-91.96066451443133,9.401036,2.000627,6.9707212,6.72639,-7.903412,-8.310207,5.639497,-18.556246,-14.135277,18.176344,-12.953496,14.41712,5.040518,-6.0534544,14.01713,-7.1099916,23.414755,-30.639946,53.18277,15.843353,-7.6083994,8.879147,-5.3314342,-15.108574,41.68408,58.504105,-22.975256,3.17473,-5.799004
1219,4.492280960083008,12.730535507202148,77.72454833984375,3.3349777515559818,-7.668383380273377,-91.92667072725597,9.421767,2.2823431,6.934118,6.7311773,-7.940897,-8.447183,5.8887773,-18.247541,-14.306917,17.774786,-12.86994,14.390292,4.9579415,-5.8602223,13.878311,-6.961521,23.409435,-30.417423,53.05861,15.760273,-7.600283,8.931372,-5.398633,-15.068846,41.92085,58.60496,-22.86126,3.0281713,-5.7280116
1220,4.349186420440674,12.652429580688477,77.74272918701172,3.1943601533205146,-7.62841530626252,-91.9043398625955,9.445888,2.5768259,6.906795,6.737078,-7.9787354,-8.595672,6.1313257,-17.922934,-14.466736,17.375021,-12.784761,14.326076,4.8848925,-5.6571054,13.742157,-6.790215,23.390633,-30.188354,52.929432,15.686992,-7.593333,8.97195,-5.4543705,-15.034391,42.156906,58.698486,-22.765863,2.8951638,-5.642779
1221,4.20625114440918,12.571813583374023,77.75948333740234,3.046350740688009,-7.590257324674301,-91.8964773423866,9.4743805,2.8860052,6.8910227,6.7425485,-8.015424,-8.75925,6.3656597,-17.579575,-14.615716,16.98087,-12.697088,14.215877,4.8158746,-5.4436436,13.606757,-6.5845704,23.355415,-29.928493,52.788086,15.636525,-7.5835176,8.996621,-5.510725,-14.998326,42.406708,58.79965,-22.686586,2.7785273,-5.5397177
1222,4.059626579284668,12.495990753173828,77.77365112304688,2.89390266051347,-7.549703720064219,-91.8990704767933,9.502522,3.2042847,6.884932,6.747671,-8.051233,-8.932976,6.585106,-17.224697,-14.754188,16.599768,-12.614354,14.071971,4.7821927,-5.2258935,13.474281,-6.370479,23.316027,-29.68982,52.64153,15.579382,-7.569776,9.01009,-5.536517,-14.974069,42.625423,58.87767,-22.624704,2.6682448,-5.4168324
1223,3.9085581302642822,12.418704986572266,77.78639221191406,2.7373104540232402,-7.5103183078131925,-91.90899642209439,9.532645,3.531359,6.884944,6.753227,-8.087478,-9.112721,6.806717,-16.857624,-14.882565,16.20499,-12.527181,13.906888,4.7159376,-4.999264,13.336334,-6.114262,23.252104,-29.412544,52.49702,15.533391,-7.5645547,9.017184,-5.5833287,-14.943335,42.88892,58.981174,-22.565784,2.5682447,-5.2905526
1224,3.7547919750213623,12.34437084197998,77.79922485351562,2.5773528258825085,-7.475200213549968,-91.92308068258798,9.567825,3.8659077,6.8876915,6.7587643,-8.125521,-9.294155,7.035019,-16.480198,-14.9973755,15.795083,-12.434654,13.73255,4.6693172,-4.76927,13.204119,-5.868827,23.190128,-29.20363,52.37266,15.454936,-7.574495,9.02468,-5.605391,-14.918096,43.119797,59.06529,-22.533993,2.4755974,-5.166409
1225,3.60288405418396,12.268853187561035,77.8119888305664,2.4120176331264895,-7.445802642121331,-91.94423503801909,9.61046,4.211079,6.8963137,6.7657166,-8.168457,-9.479891,7.277059,-16.085155,-15.096725,15.359027,-12.334216,13.546601,4.613472,-4.530704,13.0718565,-5.607855,23.117891,-29.019556,52.26642,15.343837,-7.610437,9.034331,-5.625714,-14.891477,43.359627,59.15012,-22.532274,2.3940935,-5.0455327
1226,3.445387363433838,12.192106246948242,77.82379913330078,2.2410240213957353,-7.420330662479175,-91.97292999191879,9.659026,4.5661874,6.911519,6.77288,-8.2142105,-9.670968,7.5279403,-15.676158,-15.182311,14.907049,-12.230068,13.345799,4.5626397,-4.285835,12.940848,-5.336242,23.040161,-28.86653,52.172543,15.204697,-7.66444,9.042842,-5.635222,-14.864802,43.59276,59.22917,-22.558819,2.3218904,-4.9227633
1227,3.2912771701812744,12.120427131652832,77.83397674560547,2.068315089401807,-7.397205536168967,-92.00166061897549,9.709378,4.924955,6.9259715,6.780239,-8.259068,-9.860695,7.7909675,-15.257513,-15.261682,14.42905,-12.116126,13.140588,4.51013,-4.041416,12.814913,-5.05828,22.964638,-28.75074,52.08424,15.066089,-7.720772,9.046249,-5.6383467,-14.839479,43.815178,59.306065,-22.588581,2.2551925,-4.8047905
1228,3.130850315093994,12.050296783447266,77.84378814697266,1.8965837204745795,-7.374858315056521,-92.02281390159777,9.756918,5.281576,6.9321585,6.7885594,-8.299745,-10.042403,8.068758,-14.836835,-15.342059,13.917593,-11.987232,12.941729,4.452526,-3.8043623,12.699857,-4.777514,22.903927,-28.681555,51.98891,14.95493,-7.7634788,9.040246,-5.6331577,-14.817265,44.01576,59.37507,-22.600054,2.1900868,-4.6973166
1229,2.973195791244507,11.982809066772461,77.85298156738281,1.7287437298156734,-7.351110957127616,-92.03432713403693,9.797083,5.6345267,6.927364,6.796607,-8.332964,-10.210857,8.362432,-14.411642,-15.423422,13.365299,-11.841944,12.750873,4.358179,-3.5699515,12.584232,-4.4925833,22.82659,-28.633337,51.91098,14.895761,-7.7898216,9.029081,-5.651632,-14.781104,44.238766,59.481083,-22.577927,2.123689,-4.6082344
1230,2.8094091415405273,11.915974617004395,77.86217498779297,1.5606455323789117,-7.327253180921138,-92.04009598769052,9.831779,5.987223,6.91533,6.8067555,-8.362445,-10.370847,8.673342,-13.979997,-15.502931,12.7755575,-11.682783,12.564389,4.2608232,-3.342187,12.474641,-4.210243,22.757921,-28.638084,51.83713,14.85618,-7.8065696,9.011689,-5.66849,-14.739199,44.444572,59.594147,-22.545515,2.0569987,-4.530011
1231,2.6427547931671143,11.85258960723877,77.87176513671875,1.394662880603236,-7.307011490922397,-92.04203223723009,9.868217,6.3388352,6.8992248,6.8163147,-8.388976,-10.530379,9.004285,-13.542386,-15.584525,12.150479,-11.506744,12.383749,4.15721,-3.1196623,12.374296,-3.9169123,22.699165,-28.671373,51.761837,14.834096,-7.8176017,8.984592,-5.6779685,-14.694151,44.629898,59.70343,-22.503017,1.9994667,-4.458061
1232,2.475517749786377,11.792337417602539,77.8771743774414,1.2289705071050032,-7.294664074011036,-92.04161645975532,9.873473,6.6936545,6.8773117,6.9075494,-8.458071,-10.697452,9.358078,-13.102777,-15.671203,11.493755,-11.311767,12.209995,4.0459113,-2.899093,12.282683,-3.6135986,22.640076,-28.71744,51.701145,14.824986,-7.8271523,8.946963,-5.681364,-14.641563,44.79201,59.815296,-22.449312,1.9598497,-4.3888807
1233,2.305340051651001,11.73198413848877,77.88495635986328,1.0646258828734791,-7.294588579251439,-92.0428193953517,9.870933,7.050776,6.856172,7.0455008,-8.552,-10.876308,9.739847,-12.658146,-15.762988,10.801252,-11.095912,12.046946,3.9326525,-2.679058,12.205819,-3.2948768,22.58561,-28.778065,51.643726,14.82878,-7.8329177,8.895316,-5.6716228,-14.589046,44.926243,59.917633,-22.378775,1.9452679,-4.3207803
1234,2.143364429473877,11.670036315917969,77.88832092285156,0.9029755432279984,-7.303267391107856,-92.04402614658034,9.880726,7.4055996,6.8360076,7.1759596,-8.640804,-11.061721,10.148543,-12.20975,-15.857868,10.068264,-10.857776,11.893347,3.809187,-2.4597182,12.133981,-2.9718707,22.518639,-28.856974,51.612835,14.851457,-7.8344374,8.834702,-5.664827,-14.5195675,45.047436,60.04233,-22.290993,1.9500005,-4.259067
1235,1.980309009552002,11.611763954162598,77.89167022705078,0.7433973319761854,-7.312953271697243,-92.03722562777638,9.890748,7.754398,6.8074336,7.298856,-8.723679,-11.247872,10.581739,-11.75934,-15.958205,9.285064,-10.592582,11.741105,3.6787295,-2.2457235,12.062834,-2.651992,22.442797,-28.954985,51.613873,14.890428,-7.836955,8.768571,-5.6504354,-14.436323,45.138203,60.17682,-22.2056,1.9616789,-4.2014523
1236,1.8126044273376465,11.553510665893555,77.89424133300781,0.5890637483302869,-7.315651880041244,-92.01491477368452,9.88692,8.092876,6.7605805,7.418853,-8.802916,-11.428745,11.036073,-11.309425,-16.06597,8.443653,-10.291645,11.581785,3.5390904,-2.0419326,11.986724,-2.3399696,22.36013,-29.068098,51.65367,14.942706,-7.8456593,8.700522,-5.6225805,-14.343615,45.189873,60.313572,-22.139256,1.968539,-4.146322
1237,1.6508135795593262,11.500467300415039,77.89533233642578,0.4582471721562614,-7.306836457919596,-91.97657384846522,9.872498,8.39918,6.6935277,7.516055,-8.868735,-11.601073,11.333917,-10.932314,-16.144361,7.9213867,-10.154802,11.415578,3.3899057,-1.8683834,11.903965,-2.0360866,22.273443,-29.203367,51.736687,14.99806,-7.8696165,8.6399975,-5.5766215,-14.245053,45.19353,60.44417,-22.10098,1.9681473,-4.0884833
1238,1.4848594665527344,11.448615074157715,77.89148712158203,0.34344944742580547,-7.288554596668088,-91.92819505271476,9.848602,8.681188,6.613759,7.5963693,-8.923871,-11.768081,11.442153,-10.629837,-16.188644,7.791097,-10.220536,11.247686,3.2345977,-1.7172765,11.816258,-1.7358667,22.185253,-29.359972,51.85311,15.059205,-7.903485,8.581584,-5.5125775,-14.144042,45.156094,60.566166,-22.079914,1.966531,-4.0295725
1239,1.323042869567871,11.394978523254395,77.88888549804688,0.2313412293640998,-7.259751704807331,-91.87729934589785,9.812349,8.957006,6.5328865,7.6711736,-8.9725275,-11.932233,11.531528,-10.335593,-16.23238,7.675578,-10.288788,11.07965,3.0821126,-1.5710075,11.720295,-1.4351628,22.092222,-29.518463,51.990173,15.149337,-7.931241,8.506733,-5.434551,-14.040785,45.093258,60.68631,-22.062801,1.9650376,-3.978874
1240,1.1640559434890747,11.343515396118164,77.88495635986328,0.1273997278812869,-7.212562448796698,-91.83969882831884,9.762201,9.224119,6.4721465,7.7358427,-9.010129,-12.093736,11.5880575,-10.05304,-16.267082,7.573174,-10.355107,10.916006,2.9503226,-1.4281936,11.601685,-1.1432116,21.979586,-29.666832,52.156338,15.289495,-7.9372487,8.399225,-5.350934,-13.923185,45.019817,60.828037,-22.037367,1.965116,-3.9469612
1241,1.0066065788269043,11.286585807800293,77.88027954101562,0.03541765190228762,-7.142977589171526,-91.81255349252424,9.6955185,9.478948,6.431641,7.7875757,-9.034128,-12.251982,11.612184,-9.78494,-16.295595,7.4735346,-10.414382,10.755186,2.8333745,-1.2918466,11.458311,-0.846916,21.853298,-29.797276,52.336952,15.487554,-7.9107547,8.241549,-5.2564216,-13.801923,44.943565,60.98233,-21.994635,1.9672511,-3.9459815
1242,0.8498971462249756,11.237478256225586,77.8756332397461,-0.05126867568086393,-7.0561699791937675,-91.78950557933285,9.613366,9.725068,6.4013457,7.8315535,-9.048822,-12.406991,11.609917,-9.527864,-16.321627,7.3797894,-10.469059,10.595157,2.7251446,-1.1585685,11.295716,-0.5523542,21.71198,-29.920704,52.5421,15.730651,-7.8630514,8.047677,-5.1503334,-13.676756,44.856087,61.146084,-21.942505,1.9708356,-3.967574
1243,0.6970909833908081,11.197504997253418,77.87300109863281,-0.136625222578014,-6.958020144035447,-91.78060425967688,9.524676,9.970592,6.387706,7.867581,-9.056282,-12.560417,11.587661,-9.272197,-16.338476,7.2875314,-10.515092,10.437553,2.6337156,-1.0224302,11.122444,-0.26040894,21.556684,-30.025719,52.76415,16.01685,-7.8115034,7.841908,-5.038659,-13.548835,44.75706,61.31116,-21.890762,1.9755435,-3.9879198
1244,0.5457049608230591,11.158590316772461,77.87080383300781,-0.22573257176795125,-6.854306409174159,-91.7962876765685,9.433984,10.222274,6.3964777,7.90378,-9.06258,-12.714074,11.550117,-9.011763,-16.337992,7.192933,-10.547434,10.283481,2.566561,-0.879399,10.947879,0.029802205,21.390419,-30.099771,52.992992,16.342873,-7.773361,7.64814,-4.926036,-13.419084,44.64749,61.4651,-21.848244,1.9815451,-3.9829793
1245,0.39490535855293274,11.117431640625,77.86971282958984,-0.3178402903124453,-6.742778251889428,-91.84217423581669,9.344046,10.481421,6.433587,7.9329886,-9.0653305,-12.86972,11.491144,-8.747154,-16.314995,7.099331,-10.56543,10.135337,2.5262532,-0.7295046,10.768531,0.32283938,21.21548,-30.14291,53.228214,16.731686,-7.754578,7.4679365,-4.808876,-13.288493,44.515842,61.604984,-21.828955,1.9895924,-3.9404647
1246,0.2504456341266632,11.07922077178955,77.86671447753906,-0.4099046969867168,-6.6216912299231785,-91.91221130636832,9.250241,10.744128,6.4941564,7.9587545,-9.06504,-13.026177,11.407979,-8.483887,-16.272797,7.007253,-10.569206,9.990811,2.5094483,-0.57617414,10.58249,0.6196316,21.031984,-30.159306,53.469524,17.178133,-7.745924,7.289646,-4.686239,-13.156932,44.36752,61.73322,-21.82072,1.9994156,-3.8748567
1247,0.10230928659439087,11.05331039428711,77.8642807006836,-0.5028822424958164,-6.498740387579806,-91.99842283034673,9.157425,11.008258,6.5704293,7.9823246,-9.060867,-13.180481,11.307093,-8.222887,-16.216118,6.9276767,-10.569341,9.844,2.510821,-0.42138836,10.400579,0.9130224,20.84085,-30.14487,53.71084,17.631319,-7.741236,7.117669,-4.5658503,-13.0255575,44.220894,61.853546,-21.808594,2.0093277,-3.8029146
1248,-0.040022607892751694,11.02551555633545,77.86187744140625,-0.5946759869495594,-6.3815776171537735,-92.09330328134432,9.067154,11.271967,6.654615,8.01155,-9.0554905,-13.329818,11.169604,-7.972618,-16.146664,6.923763,-10.602147,9.689099,2.5250177,-0.26668,10.234387,1.1976684,20.643204,-30.092915,53.94308,18.042383,-7.7339997,6.95615,-4.4565425,-12.895197,44.099113,61.966423,-21.770676,2.0177433,-3.7412372
1249,-0.1782711297273636,11.004581451416016,77.85923767089844,-0.6872238970455895,-6.2693350907370355,-92.20413068286612,8.981786,11.537715,6.755523,8.043529,-9.046747,-13.4747505,11.029191,-7.719814,-16.065826,6.9209146,-10.629031,9.522604,2.5574708,-0.11088003,10.084028,1.4772679,20.43858,-29.987974,54.16172,18.434635,-7.718576,6.7968707,-4.3593645,-12.766895,44.005295,62.06982,-21.69644,2.0251324,-3.6942527
1250,-0.31494811177253723,10.990114212036133,77.85859680175781,-0.7804594251786661,-6.158917266676499,-92.33209680857367,8.898188,11.80536,6.8737583,8.079705,-9.036652,-13.616503,10.88134,-7.465696,-15.97246,6.91842,-10.647246,9.348728,2.6074808,0.046248768,9.944697,1.7547808,20.226702,-29.836016,54.36968,18.82275,-7.6996565,6.6404657,-4.2706213,-12.640544,43.931988,62.16223,-21.595215,2.0321903,-3.6530578
1251,-0.4537025988101959,10.978349685668945,77.8581771850586,-0.8720743062205394,-6.054237232546437,-92.45931845065641,8.816272,12.069143,6.990104,8.120098,-9.025232,-13.753458,10.7352705,-7.2143116,-15.876376,6.916277,-10.659973,9.171973,2.6597528,0.20133165,9.819693,2.0242488,20.009872,-29.66279,54.570477,19.145279,-7.685354,6.504378,-4.191347,-12.516428,43.87728,62.24974,-21.487923,2.0373971,-3.6141539
1252,-0.5902090668678284,10.970039367675781,77.86067199707031,-0.9593768567334943,-5.959287387761665,-92.56791749676486,8.736206,12.322898,7.0854044,8.162027,-9.010854,-13.8839655,10.601178,-6.9699545,-15.787899,6.914259,-10.670467,8.996984,2.6996837,0.35065553,9.712808,2.2798624,19.792152,-29.494736,54.76681,19.33924,-7.683428,6.406104,-4.121913,-12.3948765,43.83962,62.337475,-21.394648,2.0392578,-3.574035
1253,-0.7230827808380127,10.963418006896973,77.8615493774414,-1.0460251875309294,-5.873995535293281,-92.65998393890662,8.657283,12.568894,7.1610365,8.208164,-8.997307,-14.008515,10.4792595,-6.729155,-15.700239,6.913609,-10.680026,8.822456,2.7305408,0.49519375,9.62642,2.5252614,19.57552,-29.333078,54.952835,19.350826,-7.700558,6.3609743,-4.06288,-12.27545,43.82128,62.425926,-21.312904,2.035182,-3.5317926
1254,-0.8524197936058044,10.965561866760254,77.8595199584961,-1.1309436343432802,-5.796419017068544,-92.74275632998695,8.578078,12.807855,7.225516,8.260963,-8.985192,-14.12746,10.367152,-6.490878,-15.611489,6.912818,-10.687266,8.646879,2.7582421,0.63425905,9.558251,2.763116,19.360453,-29.165985,55.12699,19.225342,-7.7303634,6.355837,-4.015253,-12.158875,43.821796,62.514217,-21.234488,2.0265484,-3.489354
1255,-0.9758663177490234,10.969083786010742,77.85852813720703,-1.2104554128181801,-5.727659090557776,-92.80606372668821,8.499795,13.033668,7.270268,8.311692,-8.964411,-14.238839,10.269626,-6.2624283,-15.538123,6.913064,-10.696015,8.474654,2.7730505,0.7651262,9.5067625,2.987045,19.149136,-29.001245,55.295242,19.048141,-7.7609344,6.365161,-3.9722939,-12.044766,43.83368,62.593838,-21.170864,2.017938,-3.446722
1256,-1.1016751527786255,10.971336364746094,77.85972595214844,-1.2814640176053147,-5.668286571661048,-92.83925759053268,8.414095,13.241605,7.284382,8.371762,-8.93559,-14.340769,10.190639,-6.050564,-15.496882,6.9134464,-10.707381,8.309934,2.7657135,0.8846807,9.469953,3.1903515,18.944958,-28.847715,55.464035,18.90402,-7.7803383,6.363719,-3.9298213,-11.933256,43.848713,62.65985,-21.133673,2.013686,-3.4039643
1257,-1.2285728454589844,10.974248886108398,77.85917663574219,-1.348467037832939,-5.625880584238316,-92.84135064916522,8.329843,13.436735,7.263368,8.439335,-8.899342,-14.437516,10.1378565,-5.8515186,-15.48837,6.912498,-10.718643,8.151226,2.7323966,0.9946541,9.455328,3.3749797,18.75093,-28.70753,55.63364,18.793276,-7.784637,6.348706,-3.8881152,-11.82367,43.869946,62.711365,-21.129084,2.015657,-3.3591266
1258,-1.3465933799743652,10.982222557067871,77.85935974121094,-1.40820226993735,-5.597326489543693,-92.81767330726622,8.2481365,13.617879,7.2141156,8.509294,-8.854996,-14.52803,10.105966,-5.665695,-15.504305,6.9130754,-10.731523,7.997092,2.6793182,1.0928464,9.462214,3.5451038,18.568064,-28.575987,55.79767,18.67729,-7.7804933,6.3318768,-3.849569,-11.715613,43.899944,62.750797,-21.149382,2.0211892,-3.3128479
1259,-1.4625829458236694,10.993792533874512,77.86154174804688,-1.4573951943875092,-5.568127407517559,-92.76631375925223,8.151391,13.776056,7.141406,8.580768,-8.796606,-14.603087,10.080269,-5.501836,-15.548447,6.9132648,-10.747673,7.8520823,2.6114826,1.1756163,9.4762125,3.6972413,18.396044,-28.45049,55.952946,18.583614,-7.7712708,6.309932,-3.8110883,-11.610548,43.928986,62.776257,-21.186127,2.027668,-3.2690458
1260,-1.5726202726364136,11.008349418640137,77.86341857910156,-1.4900382960730838,-5.523181070382388,-92.6850637559371,8.013885,13.903677,7.0480957,8.669446,-8.726905,-14.6536665,10.043946,-5.367907,-15.624699,6.914771,-10.770491,7.7206044,2.5344841,1.2402443,9.482647,3.8264685,18.23364,-28.33028,56.09741,18.538965,-7.7605066,6.2798634,-3.7689772,-11.511349,43.94686,62.78421,-21.23024,2.0328202,-3.2316651
1261,-1.6677271127700806,11.025615692138672,77.85928344726562,-1.5450445870151515,-5.440667248650939,-92.55155507780617,7.387909,14.087957,6.8017063,9.634506,-9.092486,-14.673773,9.977504,-5.2251983,-15.757515,6.9136763,-10.799779,7.6003036,2.4292383,1.3260713,9.458893,3.9352162,18.078306,-28.210361,56.22566,18.565668,-7.7478595,6.239878,-3.7194428,-11.422158,43.949596,62.76961,-21.290497,2.0344577,-3.1989274
1262,-1.7689319849014282,11.048489570617676,77.85665130615234,-1.5801368033318053,-5.349906247452569,-92.3870169759994,6.799529,14.2230425,6.542694,10.4685755,-9.368366,-14.663059,9.908536,-5.118844,-15.9232855,6.9120865,-10.834845,7.494477,2.3140113,1.3905237,9.437129,4.019821,17.930147,-28.09376,56.34501,18.644588,-7.7323365,6.1926346,-3.663199,-11.3438635,43.941574,62.729866,-21.36797,2.0347302,-3.169598
1263,-1.8628369569778442,11.06834602355957,77.85574340820312,-1.6094326627962048,-5.2518898846611375,-92.20273075703076,6.195591,14.3433695,6.2783904,11.298315,-9.62932,-14.647427,9.834515,-5.0249405,-16.10959,6.9108086,-10.870792,7.39784,2.1950412,1.450752,9.414387,4.0797863,17.789944,-27.991177,56.460716,18.739853,-7.714977,6.1398306,-3.6020067,-11.275764,43.928383,62.66962,-21.44108,2.0365674,-3.1465242
1264,-1.9451981782913208,11.086806297302246,77.85423278808594,-1.6480243169130357,-5.1500048622222945,-92.01150275743062,5.574002,14.473188,6.029349,12.149739,-9.892089,-14.651648,9.756477,-4.9242296,-16.302286,6.9082623,-10.901593,7.306107,2.0800567,1.5196005,9.389903,4.1132193,17.659185,-27.913984,56.57951,18.81455,-7.696842,6.083319,-3.5376468,-11.216544,43.91375,62.595676,-21.490877,2.0430858,-3.1329045
1265,-2.0278515815734863,11.111152648925781,77.85399627685547,-1.689749955017161,-5.0384363357066215,-91.80775190962336,4.916156,14.605047,5.786925,13.041113,-10.159119,-14.65925,9.66883,-4.823373,-16.506786,6.904768,-10.926376,7.220651,1.9636785,1.5895771,9.360052,4.1147137,17.544054,-27.871775,56.706352,18.849756,-7.6802998,6.017141,-3.470207,-11.166124,43.894203,62.505047,-21.500174,2.0575438,-3.1319194
1266,-2.112872362136841,11.140501976013184,77.85105895996094,-1.7287815549463637,-4.917745298993642,-91.58788921012106,4.221049,14.730525,5.5428443,13.9718,-10.430264,-14.664904,9.572757,-4.72979,-16.727512,6.900887,-10.947708,7.143024,1.844427,1.657987,9.324729,4.082952,17.43554,-27.855772,56.844646,18.870398,-7.6642575,5.943677,-3.4006934,-11.118985,43.867912,62.402218,-21.484755,2.0774045,-3.141727
1267,-2.1946072578430176,11.170797348022461,77.84654235839844,-1.7802174827450252,-4.801082500888698,-91.36741648485001,3.5220397,14.871196,5.3207493,14.922094,-10.712344,-14.709996,9.48016,-4.625337,-16.9486,6.8955255,-10.965768,7.069054,1.7369643,1.7379861,9.294665,4.035689,17.338264,-27.854572,56.97056,18.894575,-7.643632,5.8727436,-3.3301194,-11.079281,43.84516,62.289806,-21.468842,2.0970056,-3.156641
1268,-2.2658767700195312,11.199237823486328,77.84188842773438,-1.856733583062109,-4.701132860818688,-91.16250384917777,2.8499959,15.049566,5.144641,15.876366,-11.012576,-14.835886,9.401877,-4.492532,-17.154188,6.890426,-10.982525,6.994794,1.6560647,1.8378454,9.286089,4.0057797,17.274881,-27.85105,57.03464,18.940603,-7.6137977,5.809902,-3.2519772,-11.057872,43.83495,62.15054,-21.476927,2.110389,-3.1690497
1269,-2.328246831893921,11.227466583251953,77.83493041992188,-1.9494389010051225,-4.616168963476186,-90.95933691073384,2.2153046,15.242211,5.023425,16.796162,-11.312941,-15.000033,9.33873,-4.3461895,-17.356161,6.8867354,-10.996151,6.92568,1.5915549,1.96377,9.285322,3.9459362,17.183226,-27.852114,57.116623,19.039694,-7.5671005,5.7740254,-3.1768718,-11.038348,43.835083,62.024426,-21.519629,2.115569,-3.18462
1270,-2.3865251541137695,11.256387710571289,77.82293701171875,-2.0481250434582625,-4.540171560822868,-90.7513801894861,1.5881059,15.415313,4.935827,17.719482,-11.622677,-15.000033,9.284603,-4.201777,-17.561224,6.8876047,-11.008361,6.8655725,1.5369352,2.098095,9.297023,3.8757463,17.099787,-27.86005,57.178123,19.169024,-7.5083523,5.7509212,-3.0959804,-11.033597,43.842247,61.88083,-21.58114,2.1157568,-3.2028449
1271,-2.440645456314087,11.288311004638672,77.8057861328125,-2.1540065884782185,-4.479197871030452,-90.55630224634344,0.9796287,15.5968485,4.870594,18.659195,-11.956974,-15.000033,9.24485,-4.051355,-17.754187,6.8888974,-11.02216,6.8096676,1.4986274,2.2425919,9.321418,3.809876,17.025843,-27.86768,57.206844,19.294651,-7.4511733,5.731074,-3.0149112,-11.042712,43.866844,61.728966,-21.65253,2.1142545,-3.2176695
1272,-2.4876527786254883,11.313536643981934,77.78478240966797,-2.2652945677944065,-4.4376751948034485,-90.38609173082389,0.40119272,15.785045,4.804696,19.616531,-12.3228445,-15.000033,9.223814,-3.898693,-17.925003,6.8885455,-11.0416355,6.75686,1.478857,2.3874986,9.360283,3.7726667,16.980953,-27.870136,57.172306,19.376684,-7.4088817,5.7021737,-2.943668,-11.056325,43.916275,61.582855,-21.727781,2.113544,-3.223771
1273,-2.527111530303955,11.339037895202637,77.76554107666016,-2.382967735132042,-4.419093934695767,-90.24287435224021,-0.14256808,15.984016,4.73902,20.588966,-12.705657,-15.000033,9.222527,-3.7407987,-18.072382,6.889647,-11.072104,6.705456,1.468964,2.5565438,9.409658,3.7351053,16.906668,-27.851843,57.128933,19.413067,-7.386706,5.6697674,-2.879298,-11.093946,44.00345,61.438606,-21.809038,2.1183822,-3.213013
1274,-2.5578858852386475,11.360027313232422,77.73979187011719,-2.5095397781174733,-4.41971502797851,-90.11985341591746,-0.6570375,16.193516,4.683378,21.572924,-13.105367,-15.000033,9.238249,-3.5758488,-18.201693,6.890532,-11.108903,6.656219,1.4770172,2.7373626,9.472769,3.7086298,16.842585,-27.827356,57.044987,19.413887,-7.3763094,5.6327314,-2.8204427,-11.142417,44.110424,61.293957,-21.902586,2.124669,-3.1908088
1275,-2.5823333263397217,11.37585163116455,77.71043395996094,-2.641388137444025,-4.433715158234147,-90.01661387477935,-1.1431781,16.40861,4.6259484,22.562246,-13.5455885,-15.000033,9.267684,-3.4073834,-18.31222,6.8895984,-11.14582,6.611783,1.4964952,2.9261968,9.540484,3.695871,16.783411,-27.803215,56.927467,19.40378,-7.3737864,5.5978723,-2.7671146,-11.204434,44.249737,61.15594,-21.987501,2.1289623,-3.170064
1276,-2.6035985946655273,11.385459899902344,77.6806640625,-2.775740398755102,-4.455536898953932,-89.93282783948457,-1.5972917,16.62393,4.554952,23.542032,-14.045295,-15.000033,9.3059,-3.2395802,-18.4031,6.8872423,-11.17729,6.5748053,1.533415,3.108128,9.602464,3.7052422,16.748306,-27.80048,56.7686,19.398596,-7.374174,5.5688977,-2.729141,-11.254212,44.41604,61.057926,-22.052027,2.1259778,-3.166237
1277,-2.623025894165039,11.393165588378906,77.65257263183594,-2.9204730883756524,-4.4872519721151605,-89.87056662087817,-2.0379376,16.860168,4.45591,24.568079,-14.676954,-15.000033,9.355613,-3.0593405,-18.473106,6.879191,-11.198713,6.543275,1.5666778,3.305323,9.664917,3.7358499,16.706255,-27.788708,56.575005,19.419268,-7.3778024,5.5488105,-2.6995451,-11.338891,44.65232,60.963356,-22.07252,2.1138918,-3.1843538
1278,-2.6359450817108154,11.397902488708496,77.62059783935547,-3.0760185694346704,-4.530671406404489,-89.829622926388,-2.4564254,17.11369,4.337242,25.619574,-15.402316,-15.000033,9.417354,-2.8680258,-18.522467,6.8679624,-11.215255,6.5163717,1.6199924,3.5101252,9.728483,3.7816727,16.678032,-27.790588,56.340717,19.443316,-7.385627,5.533092,-2.679621,-11.429431,44.920193,60.887623,-22.072916,2.0936387,-3.2170134
1279,-2.636761426925659,11.397918701171875,77.59087371826172,-3.2250225860994757,-4.579926845314256,-89.80669979728822,-2.807916,17.343998,4.220796,26.564783,-16.072977,-15.000033,9.485652,-2.6889944,-18.552786,6.8560176,-11.229181,6.498745,1.680932,3.7086077,9.783968,3.8486466,16.660917,-27.806005,56.078953,19.463009,-7.3992734,5.523974,-2.6635075,-11.524933,45.215298,60.83193,-22.06006,2.0741916,-3.2521596
1280,-2.6290643215179443,11.387537956237793,77.5663833618164,-3.351042609588971,-4.629167818035591,-89.79814075944707,-3.0497112,17.511208,4.1296964,27.276508,-16.54483,-15.000033,9.556031,-2.5462828,-18.5657,6.8465858,-11.244392,6.495263,1.7443936,3.8874404,9.821585,3.9371948,16.650362,-27.841545,55.806805,19.471603,-7.4202914,5.5240254,-2.6401207,-11.623421,45.522408,60.79398,-22.045034,2.0646398,-3.2770984
1281,-2.6106698513031006,11.368572235107422,77.5467300415039,-3.446771176678344,-4.676299061571924,-89.80374017630058,-3.173832,17.59562,4.0579376,27.729525,-16.770042,-15.000033,9.626253,-2.4468923,-18.561092,6.841163,-11.260386,6.508213,1.8113304,4.045037,9.836671,4.043963,16.64358,-27.906204,55.527924,19.459837,-7.451023,5.5360045,-2.608589,-11.7235155,45.847496,60.773785,-22.02846,2.0705419,-3.291544
1282,-2.579294443130493,11.342787742614746,77.52762603759766,-3.5246160434271783,-4.724613487790535,-89.82496473709713,-3.202027,17.622488,3.9984698,27.989737,-16.830276,-15.000033,9.699405,-2.3782966,-18.538177,6.8373284,-11.275237,6.5348544,1.8840519,4.1883206,9.834052,4.1672087,16.639856,-27.994345,55.238544,19.434752,-7.490069,5.5585523,-2.5758228,-11.825179,46.195015,60.77623,-22.005526,2.0860763,-3.3015158
1283,-2.541961431503296,11.308424949645996,77.51081848144531,-3.586601104757097,-4.7767726688758705,-89.86068655636178,-3.145987,17.621214,3.969444,28.086584,-16.776594,-15.000033,9.779302,-2.3338304,-18.499407,6.8340592,-11.292115,6.5720096,1.9599818,4.318469,9.818833,4.3083806,16.637491,-28.093838,54.944878,19.411737,-7.5329795,5.588558,-2.5401344,-11.9269495,46.54676,60.802326,-21.979078,2.1030488,-3.303386
1284,-2.504009962081909,11.269490242004395,77.4934310913086,-3.6358047788239976,-4.83503700803843,-89.9100773084379,-3.017815,17.620296,3.9891415,28.05035,-16.660397,-15.000033,9.869277,-2.3078768,-18.446468,6.829934,-11.313554,6.616822,2.0367727,4.4357853,9.7954855,4.4661937,16.634533,-28.194317,54.656544,19.404005,-7.5753827,5.6232758,-2.5002995,-12.027119,46.88392,60.856373,-21.95247,2.1132233,-3.293922
1285,-2.457097291946411,11.219782829284668,77.47500610351562,-3.6717639700768685,-4.902457105746022,-89.9839542458203,-2.8157737,17.626236,4.054773,27.870129,-16.42456,-15.000033,9.972222,-2.2992325,-18.369205,6.8223996,-11.340157,6.668756,2.1245885,4.5387316,9.764028,4.647126,16.629545,-28.288565,54.368954,19.42506,-7.6201744,5.6700616,-2.4572995,-12.125121,47.214577,60.943596,-21.925962,2.1142023,-3.2728121
1286,-2.402643918991089,11.162715911865234,77.46062469482422,-3.6918410188465565,-4.977130998188763,-90.07935230064803,-2.5391595,17.623915,4.159673,27.544651,-16.069704,-15.000033,10.085898,-2.3118794,-18.270166,6.813522,-11.371197,6.7293653,2.2207816,4.6273036,9.722224,4.8477893,16.62225,-28.383442,54.08207,19.46436,-7.668401,5.728054,-2.4125087,-12.220421,47.545376,61.062576,-21.897436,2.1105716,-3.2417908
1287,-2.3364734649658203,11.102644920349121,77.45147705078125,-3.695327877066344,-5.053570977737073,-90.17173874598764,-2.2011375,17.589472,4.31404,27.114605,-15.729658,-14.873259,10.20588,-2.3537061,-18.17244,6.8067617,-11.404661,6.8012047,2.3023584,4.701643,9.670902,5.0548162,16.612411,-28.489914,53.81114,19.50182,-7.712679,5.7821174,-2.3649797,-12.311508,47.852028,61.208122,-21.869154,2.1042197,-3.2007854
1288,-2.253406047821045,11.033012390136719,77.44327545166016,-3.653802018896207,-5.12226321532423,-90.21104120728268,-1.7992657,17.448044,4.515619,26.560104,-15.507247,-14.476901,10.330198,-2.4730687,-18.123991,6.809476,-11.4423,6.89793,2.3230267,4.731767,9.609855,5.252278,16.59994,-28.621319,53.57248,19.51616,-7.745587,5.8172545,-2.3158708,-12.390194,48.10724,61.381172,-21.84408,2.0967975,-3.150352
1289,-2.1640026569366455,10.965383529663086,77.42681884765625,-3.6341467339235436,-5.183441203991135,-90.23445906672245,-1.3270673,17.34911,4.826424,25.932125,-15.536156,-14.200997,10.451564,-2.5774744,-18.090275,6.8122315,-11.479632,6.995724,2.3138463,4.785849,9.529572,5.447504,16.58245,-28.7741,53.362263,19.503853,-7.7615523,5.824938,-2.257777,-12.468736,48.318993,61.576405,-21.828571,2.085635,-3.0850751
1290,-2.0654544830322266,10.893658638000488,77.41340637207031,-3.623189633153484,-5.240847847196063,-90.2480230793585,-0.7815883,17.266197,5.224319,25.206312,-15.719108,-13.991172,10.574368,-2.6813807,-18.065275,6.814008,-11.517285,7.0978346,2.2842102,4.8484516,9.431616,5.643732,16.562677,-28.947306,53.176247,19.474512,-7.7654276,5.8148346,-2.1980102,-12.53375,48.4935,61.809944,-21.81993,2.07023,-3.0076978
1291,-1.9570293426513672,10.820002555847168,77.40303802490234,-3.5855671747384936,-5.304969413949821,-90.2510649691665,-0.18028702,17.138237,5.634138,24.395494,-15.902978,-13.833055,10.711004,-2.8239799,-18.04822,6.8160605,-11.553518,7.2096834,2.2344534,4.878733,9.338181,5.8318143,16.546894,-29.137894,53.019558,19.4322,-7.7667074,5.7963176,-2.1430697,-12.574304,48.616077,62.072304,-21.806288,2.0580566,-2.9269705
1292,-1.8439809083938599,10.742510795593262,77.41175079345703,-3.4851933335542022,-5.38652632960667,-90.24307229553726,0.4586365,16.907026,5.9804206,23.513876,-15.935435,-13.709178,10.872562,-3.0450616,-18.037968,6.820066,-11.586255,7.3368063,2.184076,4.8479786,9.268594,5.977946,16.5225,-29.373114,52.921867,19.375708,-7.7736497,5.7851987,-2.0667834,-12.626733,48.657883,62.304203,-21.770533,2.05846,-2.8479378
1293,-1.7258343696594238,10.657718658447266,77.43350982666016,-3.302484878476733,-5.500648705578278,-90.22060173248855,1.1702076,16.538193,6.242082,22.515186,-15.760524,-13.637473,11.077244,-3.371414,-18.034382,6.828532,-11.617305,7.4869924,2.1089573,4.7252355,9.243603,6.1053696,16.504833,-29.624886,52.858105,19.304335,-7.7941093,5.78168,-1.998335,-12.658373,48.63057,62.545296,-21.70505,2.0733137,-2.768037
1294,-1.6128811836242676,10.58287525177002,77.457275390625,-3.057653619164198,-5.638072494767598,-90.185619635439,1.954685,16.06793,6.4576607,21.399351,-15.459415,-13.618815,11.313968,-3.777433,-18.038616,6.8384094,-11.645415,7.6554446,2.0129116,4.5358033,9.246816,6.216237,16.49095,-29.898169,52.82748,19.21704,-7.821483,5.780031,-1.9289563,-12.676566,48.540905,62.792706,-21.617476,2.098494,-2.6849287
1295,-1.4960529804229736,10.508261680603027,77.48470306396484,-2.7828560624621126,-5.773344033791753,-90.14493378605924,2.737685,15.546406,6.6410537,20.259615,-15.090507,-13.608262,11.549403,-4.224956,-18.052633,6.849776,-11.670051,7.8284473,1.9428024,4.31192,9.245682,6.271679,16.475496,-30.239428,52.865097,19.117073,-7.8435035,5.7772403,-1.8339111,-12.689612,48.35084,63.024693,-21.531237,2.1295404,-2.610324
1296,-1.3686537742614746,10.429954528808594,77.51657104492188,-2.5051642392116324,-5.880438111645145,-90.10525159233786,3.44429,15.024491,6.809363,19.19233,-14.713629,-13.561105,11.750008,-4.675245,-18.077446,6.8623157,-11.689979,7.9922667,1.8761033,4.0767884,9.220409,6.2971663,16.465433,-30.597923,52.951473,19.032831,-7.8523703,5.7594385,-1.7312844,-12.690755,48.107807,63.239944,-21.447104,2.163353,-2.5570874
1297,-1.246523141860962,10.355184555053711,77.55133819580078,-2.2168548477572565,-5.952004133223077,-90.0624513133602,4.057609,14.490855,6.9617186,18.210348,-14.320915,-13.458458,11.910447,-5.1395693,-18.11899,6.87545,-11.707638,8.144114,1.8298208,3.8189285,9.15793,6.270595,16.463196,-31.018175,53.112907,18.94942,-7.843379,5.731504,-1.6085865,-12.678498,47.788136,63.437557,-21.365723,2.2025883,-2.5300708
1298,-1.1226577758789062,10.2869234085083,77.58981323242188,-1.905005888365114,-6.0020163098254935,-90.01507073522048,4.617716,13.926806,7.0926876,17.26769,-13.888279,-13.326299,12.04603,-5.6320057,-18.174467,6.891049,-11.72348,8.291141,1.7903423,3.527779,9.07474,6.2063494,16.470634,-31.48297,53.332275,18.864769,-7.822516,5.6948113,-1.4714655,-12.651308,47.39904,63.623543,-21.28305,2.247911,-2.522345
1299,-1.0012764930725098,10.219125747680664,77.62711334228516,-1.6016050422684713,-6.035994552044352,-89.97274925514566,5.1342077,13.373811,7.213505,16.370792,-13.4552555,-13.187509,12.157938,-6.114967,-18.230726,6.905961,-11.72964,8.433648,1.7577798,3.2376916,8.984105,6.125151,16.484583,-31.942726,53.57351,18.802176,-7.793874,5.6403565,-1.3308996,-12.612485,46.957676,63.7933,-21.205315,2.2914698,-2.5285292
1300,-0.880519688129425,10.15652847290039,77.66109466552734,-1.3372526286244115,-6.059627445912856,-89.94495541213597,5.6170115,12.874885,7.335212,15.521677,-13.059338,-13.064553,12.247159,-6.550451,-18.275034,6.919694,-11.720133,8.571947,1.7547282,2.9844432,8.895899,6.031507,16.501793,-32.376152,53.814358,18.779484,-7.7601395,5.56149,-1.1842383,-12.559449,46.444817,63.941406,-21.15685,2.324627,-2.5434134
1301,-0.7579936385154724,10.098406791687012,77.69343566894531,-1.1214331423695076,-6.066284540287165,-89.92792304996546,6.0425825,12.448105,7.4493275,14.746,-12.714206,-12.963132,12.308002,-6.9240537,-18.312967,6.930676,-11.688531,8.703802,1.7441654,2.7817113,8.812647,5.9452434,16.514877,-32.734886,54.04788,18.820374,-7.7274,5.449467,-1.0465863,-12.505629,45.892998,64.07034,-21.128191,2.3421504,-2.5742264
1302,-0.6400432586669922,10.045526504516602,77.72325134277344,-0.9386986415954561,-6.055319992376272,-89.91830698066191,6.41138,12.07136,7.5540667,14.037567,-12.399994,-12.869825,12.3442545,-7.2560425,-18.348331,6.9379077,-11.639823,8.829689,1.778161,2.611198,8.723058,5.8187413,16.52739,-33.109386,54.315994,18.893066,-7.689776,5.315119,-0.89416367,-12.4339285,45.233105,64.18402,-21.134218,2.3473566,-2.6209862
1303,-0.5206447243690491,10.000482559204102,77.74825286865234,-0.7784123293768707,-6.040785886264507,-89.92620291009129,6.757201,11.729539,7.666523,13.372712,-12.110505,-12.777986,12.367579,-7.5596685,-18.36442,6.9447846,-11.584502,8.9537525,1.8211541,2.46253,8.638898,5.695425,16.53766,-33.437984,54.57359,18.997723,-7.643425,5.1646996,-0.7494864,-12.352705,44.554462,64.26949,-21.143948,2.353276,-2.6658943
1304,-0.40299445390701294,9.954236030578613,77.76991271972656,-0.6274503293952128,-6.037114566049544,-89.96228895672914,7.1156955,11.40622,7.8036237,12.725001,-11.838407,-12.681134,12.391265,-7.8482823,-18.345192,6.952573,-11.5328045,9.080217,1.8702492,2.3262937,8.569823,5.5947485,16.546093,-33.700584,54.789,19.12319,-7.5825186,5.0069532,-0.61514974,-12.271409,43.90219,64.303185,-21.141367,2.3719418,-2.6902618
1305,-0.2851818799972534,9.910476684570312,77.78740692138672,-0.4911658978295661,-6.046494828079431,-90.03269135505758,7.4882145,11.105492,7.972088,12.103226,-11.590886,-12.575505,12.416409,-8.118419,-18.280216,6.9594493,-11.484364,9.210798,1.9385442,2.2066965,8.51732,5.5151916,16.553335,-33.897854,54.95744,19.297638,-7.4950333,4.827836,-0.48074013,-12.188147,43.23318,64.27224,-21.1356,2.4157958,-2.6803346
1306,-0.1667248010635376,9.871952056884766,77.8028564453125,-0.3715416534640061,-6.06171416901231,-90.13085289516886,7.8573375,10.833289,8.162205,11.51754,-11.3691225,-12.464632,12.436887,-8.365429,-18.17995,6.9658856,-11.435565,9.343163,2.019022,2.1072023,8.478185,5.452299,16.5592,-34.03299,55.090157,19.517921,-7.3881125,4.627411,-0.34783593,-12.106629,42.546402,64.183624,-21.129314,2.4758782,-2.648241
1307,-0.045098427683115005,9.829862594604492,77.81476593017578,-0.25895258550029016,-6.08294984839675,-90.24773119772047,8.230634,10.575048,8.366332,10.944791,-11.157772,-12.35345,12.439032,-8.606005,-18.05762,7.00925,-11.407696,9.475541,2.1174955,2.0147927,8.449968,5.392264,16.565714,-34.138412,55.20181,19.714994,-7.2825556,4.4391985,-0.22959048,-12.022452,41.90191,64.05969,-21.11018,2.5296688,-2.6162984
1308,0.07135075330734253,9.793794631958008,77.82571411132812,-0.1460655348173151,-6.110341770387659,-90.37411810286288,8.619229,10.315657,8.577158,10.353938,-10.937404,-12.247529,12.413636,-8.854694,-17.926748,7.1181827,-11.417934,9.605948,2.2132137,1.9175642,8.433104,5.3417706,16.574194,-34.21326,55.291267,19.827713,-7.1996856,4.2950754,-0.1421807,-11.94613,41.39241,63.913254,-21.057714,2.5561645,-2.6059601
1309,0.18499299883842468,9.763969421386719,77.83479309082031,-0.03177094770028538,-6.146643251206475,-90.51197981176884,9.031638,10.052923,8.797862,9.735116,-10.704591,-12.150358,12.390587,-9.103583,-17.793484,7.2308545,-11.43359,9.733849,2.2911284,1.8176789,8.433045,5.311459,16.583237,-34.240177,55.344524,19.836138,-7.1420345,4.196155,-0.08547799,-11.896323,41.048912,63.728737,-20.93925,2.54762,-2.6207635
1310,0.3002356290817261,9.733453750610352,77.84091186523438,0.07849530934453779,-6.190712176452899,-90.66454436351164,9.459978,9.794146,9.030388,9.105478,-10.46897,-12.058866,12.37143,-9.345812,-17.650991,7.339054,-11.4496565,9.860153,2.4018142,1.7163577,8.445334,5.2702956,16.599438,-34.268562,55.381126,19.763838,-7.096851,4.129713,-0.043788068,-11.841698,40.76789,63.51792,-20.794418,2.513335,-2.650739
1311,0.4147692918777466,9.702960014343262,77.84706115722656,0.18616556231422662,-6.236670895475089,-90.82505516213897,9.899358,9.537253,9.267284,8.456898,-10.224819,-11.968642,12.351524,-9.581342,-17.500376,7.444544,-11.467269,9.984871,2.503768,1.6152797,8.46341,5.245203,16.615213,-34.25689,55.3994,19.646713,-7.0690093,4.1012545,-0.02734355,-11.804445,40.612156,63.282314,-20.643536,2.4664156,-2.693281
1312,0.524835467338562,9.671856880187988,77.84967041015625,0.2910205302350302,-6.2786440666704415,-90.98625497354156,10.335125,9.281858,9.499131,7.8026266,-9.972323,-11.874932,12.32827,-9.810094,-17.343687,7.5441008,-11.485157,10.108018,2.6147928,1.5127432,8.477936,5.218658,16.62804,-34.233425,55.425972,19.504976,-7.060708,4.11893,-0.031532776,-11.78213,40.559513,63.036488,-20.538427,2.4157407,-2.745893
1313,0.6370099782943726,9.643377304077148,77.8494873046875,0.3860408683141798,-6.314595948796512,-91.14609424607683,10.666464,9.050958,9.706976,7.351249,-9.821687,-11.776446,12.299283,-10.025276,-17.180119,7.635481,-11.502872,10.228535,2.747581,1.4127225,8.486997,5.185746,16.639952,-34.20097,55.463017,19.341883,-7.081742,4.198009,-0.057775553,-11.768198,40.614613,62.781578,-20.499084,2.359164,-2.8142676
1314,0.7454807162284851,9.619709014892578,77.84829711914062,0.4712607993840786,-6.34542368912458,-91.30571943823526,10.821994,8.860991,9.883212,7.258882,-9.856615,-11.6772,12.26644,-10.225083,-17.012283,7.7160087,-11.51849,10.346284,2.8681147,1.3157762,8.491225,5.175595,16.655983,-34.125965,55.483166,19.1495,-7.127896,4.329068,-0.121811055,-11.759867,40.815277,62.525364,-20.48452,2.2941904,-2.9001937
1315,0.8585196137428284,9.591493606567383,77.84382629394531,0.5497019909495496,-6.37256862764678,-91.46479786712337,10.96858,8.680296,10.056985,7.174927,-9.894234,-11.579493,12.231731,-10.413933,-16.84351,7.788482,-11.5306,10.462813,2.9737358,1.2198081,8.492879,5.175384,16.672405,-34.027225,55.50189,18.929224,-7.1822057,4.4824224,-0.20705067,-11.762562,41.110245,62.26144,-20.489784,2.2267992,-2.9890158
1316,0.9648604393005371,9.564346313476562,77.83733367919922,0.6141822884445838,-6.393214130846807,-91.61755640067285,11.100083,8.519112,10.22487,7.10136,-9.935734,-11.487834,12.196179,-10.582585,-16.68254,7.848908,-11.534108,10.57851,3.0604253,1.1338502,8.487865,5.1747475,16.689434,-33.93072,55.5294,18.67868,-7.226207,4.6290526,-0.3034026,-11.774799,41.446056,61.995506,-20.508013,2.1619062,-3.0674582
1317,1.0697933435440063,9.540436744689941,77.83280181884766,0.6661772719322735,-6.4057243336440495,-91.7618209944439,11.216759,8.375607,10.38578,7.032632,-9.978216,-11.402053,12.161227,-10.732811,-16.532421,7.892841,-11.525585,10.697098,3.147469,1.0559078,8.469653,5.154891,16.705114,-33.869812,55.581158,18.363352,-7.2551794,4.7734776,-0.40436432,-11.792062,41.81035,61.727505,-20.550629,2.0979967,-3.1421623
1318,1.170335054397583,9.511916160583496,77.82603454589844,0.7106597964694061,-6.41208545585582,-91.90094835475416,11.319963,8.245593,10.54156,6.972411,-10.023232,-11.320191,12.12425,-10.869261,-16.387905,7.926779,-11.509882,10.817211,3.2291334,0.981797,8.442321,5.1287646,16.720774,-33.8207,55.645386,17.99581,-7.2790823,4.927432,-0.51884395,-11.813623,42.233673,61.457035,-20.615562,2.0337374,-3.2174838
1319,1.2618482112884521,9.491229057312012,77.81964874267578,0.7492467933141642,-6.415259932519424,-92.0398460488466,11.417474,8.125571,10.696491,6.9140134,-10.067905,-11.243376,12.084256,-10.994574,-16.244345,7.9567275,-11.491371,10.931721,3.288804,0.9089402,8.415793,5.1113224,16.739948,-33.753616,55.71042,17.635942,-7.3006325,5.0734854,-0.6505404,-11.841975,42.69593,61.19002,-20.685442,1.9724699,-3.275685
1320,1.3557968139648438,9.468840599060059,77.8135986328125,0.7826988079482362,-6.418320310228893,-92.18216674262843,11.499603,8.019357,10.852187,6.887765,-10.12859,-11.1731,12.041718,-11.107228,-16.098251,7.9861975,-11.472713,11.033365,3.3781643,0.8414994,8.395376,5.05584,16.754568,-33.72329,55.81588,17.327402,-7.319462,5.200528,-0.7775505,-11.861737,43.082153,60.937115,-20.774467,1.9134983,-3.296807
1321,1.4479936361312866,9.448352813720703,77.80550384521484,0.8070528480208728,-6.424989061789363,-92.32916884288589,11.574759,7.929121,11.01071,6.887191,-10.204593,-11.111109,11.999711,-11.206383,-15.948068,8.017421,-11.45631,11.119608,3.4306722,0.7786795,8.389453,5.018239,16.773628,-33.650043,55.921383,17.095232,-7.341427,5.308514,-0.92922115,-11.883437,43.48271,60.700558,-20.857754,1.8583041,-3.2754333
1322,1.5308361053466797,9.430085182189941,77.79926300048828,0.824533556365599,-6.432827753679646,-92.47883084966539,11.650978,7.851152,11.172091,6.8871484,-10.281348,-11.056493,11.956926,-11.290194,-15.7963295,8.046673,-11.439161,11.19415,3.4895222,0.71982944,8.391363,4.962822,16.793655,-33.587418,56.05146,16.90217,-7.36308,5.4046607,-1.0905215,-11.900669,43.856842,60.47729,-20.958225,1.8032362,-3.220018
1323,1.609020709991455,9.409668922424316,77.79469299316406,0.8387290477077842,-6.4351480483904036,-92.62945305557861,11.719856,7.7815084,11.33271,6.887123,-10.354359,-11.007119,11.906788,-11.364799,-15.644537,8.074612,-11.419635,11.26029,3.54471,0.662577,8.391676,4.9023457,16.815815,-33.5249,56.190643,16.746368,-7.376222,5.475785,-1.2570379,-11.913299,44.20833,60.269764,-21.055685,1.7563626,-3.1439116
1324,1.6827622652053833,9.389811515808105,77.79114532470703,0.851124329328285,-6.425441179779666,-92.7793172905816,11.772757,7.7162323,11.489344,6.886179,-10.418147,-10.960412,11.842147,-11.434215,-15.494288,8.100742,-11.395295,11.321156,3.6000931,0.604451,8.38139,4.8378816,16.841314,-33.46728,56.330853,16.623432,-7.3724895,5.5085993,-1.4206207,-11.919916,44.52175,60.079926,-21.135868,1.7245201,-3.0594096
1325,1.7577506303787231,9.372176170349121,77.78904724121094,0.8600167295226158,-6.398825152567233,-92.93088177437237,11.803424,7.656286,11.64337,6.8851614,-10.471115,-10.916394,11.756117,-11.49596,-15.343222,8.123496,-11.362988,11.375913,3.6809201,0.5471163,8.352679,4.74885,16.862846,-33.438377,56.49303,16.536898,-7.3443894,5.4888406,-1.5702194,-11.9192505,44.763187,59.90562,-21.203533,1.7135829,-2.9512258
1326,1.8271476030349731,9.359511375427246,77.78861236572266,0.8659797391897179,-6.359884272451452,-93.08386200549062,11.818102,7.6036887,11.795297,6.884493,-10.516392,-10.875785,11.6536455,-11.54903,-15.191327,8.146635,-11.326929,11.423389,3.7548997,0.48982203,8.312449,4.662748,16.887827,-33.403164,56.65671,16.491133,-7.298237,5.4260435,-1.7242867,-11.9115,44.981438,59.7526,-21.25342,1.7201827,-2.8211875
1327,1.8886184692382812,9.348860740661621,77.7885513305664,0.8689800574840634,-6.316475369152371,-93.23264084106833,11.824652,7.557258,11.94071,6.8839884,-10.556158,-10.83739,11.546217,-11.595689,-15.044507,8.169432,-11.289772,11.466461,3.8311703,0.43474498,8.270279,4.56435,16.913412,-33.382847,56.8272,16.468998,-7.2449894,5.348865,-1.8745751,-11.896944,45.158012,59.617966,-21.29833,1.7307252,-2.6992028
1328,1.9521445035934448,9.33722972869873,77.78732299804688,0.8693515934044523,-6.276540717337582,-93.37109895843751,11.831273,7.516003,12.075132,6.88368,-10.593014,-10.800205,11.448406,-11.636497,-14.909713,8.186326,-11.252105,11.50758,3.8941894,0.3818301,8.234753,4.4645844,16.944094,-33.37142,56.988693,16.45709,-7.1953673,5.285214,-2.025673,-11.872999,45.3075,59.510548,-21.342337,1.733797,-2.6186512
1329,2.008521556854248,9.326506614685059,77.78709411621094,0.864832660134468,-6.241917583137034,-93.49857546891137,11.840349,7.4808617,12.197973,6.8837996,-10.627049,-10.763538,11.361348,-11.671135,-14.788846,8.199519,-11.21648,11.545384,3.9485936,0.33221522,8.209033,4.359223,16.980425,-33.37608,57.146084,16.461016,-7.1491785,5.2441797,-2.1744616,-11.837166,45.42104,59.433952,-21.396782,1.7247314,-2.594411
1330,2.0653276443481445,9.316251754760742,77.78793334960938,0.8581578769516395,-6.20840609983638,-93.61785213774375,11.847684,7.4522448,12.31134,6.883413,-10.656528,-10.728077,11.27955,-11.70031,-14.678456,8.209838,-11.181385,11.579229,3.9999673,0.28613025,8.187644,4.243147,17.018145,-33.397907,57.308056,16.484997,-7.1017985,5.2108674,-2.3188229,-11.793701,45.493702,59.383484,-21.457882,1.7104065,-2.60659
1331,2.116722345352173,9.305939674377441,77.78874969482422,0.8499829001522179,-6.1756306123121005,-93.72880277608982,11.851689,7.4268246,12.41557,6.8835692,-10.683647,-10.694567,11.200416,-11.726353,-14.575679,8.218826,-11.145636,11.613027,4.044294,0.23967813,8.168682,4.124713,17.062847,-33.43116,57.456745,16.510353,-7.0568748,5.175397,-2.4657435,-11.737469,45.536354,59.354813,-21.505388,1.6950742,-2.6361992
1332,2.167879343032837,9.299464225769043,77.7891845703125,0.8405676643344103,-6.143034605419155,-93.83101107581251,11.85088,7.401451,12.5109825,6.8836336,-10.709421,-10.663822,11.124396,-11.750216,-14.478846,8.224034,-11.10683,11.650476,4.08,0.18876368,8.150577,4.0085735,17.118626,-33.471897,57.578545,16.519266,-7.01811,5.1283836,-2.6163142,-11.665542,45.55328,59.33654,-21.523434,1.6828353,-2.6627922
1333,2.2188661098480225,9.296303749084473,77.789306640625,0.8299094344968111,-6.110815462060061,-93.92526362783155,11.845984,7.376602,12.597668,6.8828955,-10.734629,-10.637768,11.052341,-11.771526,-14.385386,8.223347,-11.061801,11.694927,4.1041484,0.12977846,8.133129,3.9038534,17.198774,-33.52144,57.65639,16.500631,-6.984246,5.0565376,-2.7792757,-11.564116,45.540882,59.342922,-21.499525,1.6742617,-2.686285
1334,2.269141674041748,9.29409122467041,77.78936767578125,0.8184154097651769,-6.07913876819355,-94.01171970792564,11.836737,7.353688,12.675627,6.8832493,-10.759208,-10.615262,10.983633,-11.788514,-14.296873,8.21731,-11.011742,11.743702,4.1149497,0.08090919,8.119146,3.788576,17.264072,-33.576122,57.727657,16.473295,-6.95556,4.972083,-2.9285462,-11.486011,45.50441,59.32864,-21.440397,1.6694614,-2.710753
1335,2.3138296604156494,9.29412841796875,77.78939056396484,0.809563676225386,-6.047480969582594,-94.088314895234,11.822751,7.3307467,12.744271,6.883511,-10.78083,-10.592918,10.918141,-11.805718,-14.218229,8.210189,-10.963177,11.79123,4.12505,0.018543784,8.1076565,3.683579,17.361832,-33.642014,57.760036,16.43741,-6.9327383,4.889552,-3.0882192,-11.37364,45.438408,59.340256,-21.37536,1.6642082,-2.7383552
1336,2.3545825481414795,9.292716026306152,77.788330078125,0.802511816310497,-6.015184961920632,-94.15293380284565,11.803394,7.3061924,12.803561,6.8837714,-10.79781,-10.567298,10.853057,-11.827352,-14.153142,8.208311,-10.92241,11.832308,4.1285586,-0.049201142,8.099424,3.5762258,17.46108,-33.70036,57.78393,16.414392,-6.92059,4.8324747,-3.2437897,-11.264635,45.365833,59.339504,-21.318707,1.6593663,-2.76205
1337,2.392106294631958,9.294361114501953,77.78866577148438,0.7995666825737093,-5.981503108567444,-94.20416544621442,11.777765,7.2797465,12.85285,6.8827596,-10.808323,-10.538063,10.789944,-11.852727,-14.1064005,8.208522,-10.889636,11.864117,4.1279793,-0.12120953,8.095323,3.4630988,17.561571,-33.754704,57.80121,16.405037,-6.922946,4.8075514,-3.3926876,-11.158995,45.277855,59.323494,-21.272713,1.6538407,-2.7826667
1338,2.428941488265991,9.298208236694336,77.78804016113281,0.7984899949493591,-5.947056576600213,-94.24347269976995,11.745599,7.2522287,12.892428,6.8826118,-10.814583,-10.506834,10.728081,-11.880567,-14.074247,8.211334,-10.862686,11.889963,4.1222234,-0.19640227,8.094708,3.3448484,17.663721,-33.80856,57.808895,16.40306,-6.9370294,4.8036814,-3.5362496,-11.0571,45.17127,59.29688,-21.228151,1.648511,-2.801574
1339,2.4608821868896484,9.305134773254395,77.7896728515625,0.7999647599935208,-5.912931174982135,-94.27324110939448,11.70941,7.223793,12.923601,6.8831644,-10.818223,-10.473203,10.6671915,-11.910561,-14.050152,8.218248,-10.840609,11.913256,4.1146464,-0.27609408,8.097061,3.221583,17.768127,-33.8641,57.80752,16.406,-6.9561105,4.814165,-3.6728418,-10.958542,45.058956,59.25613,-21.188389,1.6448365,-2.8151908
1340,2.4912846088409424,9.311330795288086,77.7900390625,0.8043723756424244,-5.880410547185779,-94.29554735148541,11.672552,7.195295,12.947695,6.8828444,-10.820276,-10.436963,10.611587,-11.93964,-14.029059,8.22193,-10.817754,11.937143,4.1070576,-0.36052573,8.101054,3.0932455,17.871723,-33.920998,57.80054,16.413649,-6.9734325,4.8326216,-3.8010926,-10.867168,44.954453,59.19925,-21.15786,1.6445632,-2.819975
1341,2.51914381980896,9.320158958435059,77.79043579101562,0.8101125798090989,-5.850546877485522,-94.30568969933948,11.633305,7.1662664,12.959995,6.8836684,-10.820877,-10.396476,10.562971,-11.967983,-14.012598,8.222926,-10.794947,11.961803,4.1004686,-0.4569252,8.1081295,2.9612536,17.98448,-33.982315,57.775803,16.425617,-6.987859,4.862953,-3.9215794,-10.775729,44.86169,59.125507,-21.14111,1.6489391,-2.8116364
1342,2.5408284664154053,9.329580307006836,77.79209899902344,0.8203139397170207,-5.822376411298479,-94.30504810457498,11.591338,7.137191,12.962251,6.8847227,-10.818996,-10.352704,10.519443,-11.996358,-14.00234,8.222538,-10.77305,11.985756,4.0911846,-0.5577111,8.118022,2.8212492,18.09343,-34.043526,57.745155,16.445183,-7.00321,4.9070992,-4.0304914,-10.694926,44.776104,59.028465,-21.133297,1.6573521,-2.792875
