Frame,root_translateX,root_translateY,root_translateZ,root_rotateX,root_rotateY,root_rotateZ,left_hip_pitch_joint_dof,left_hip_roll_joint_dof,left_hip_yaw_joint_dof,left_knee_joint_dof,left_ankle_pitch_joint_dof,left_ankle_roll_joint_dof,right_hip_pitch_joint_dof,right_hip_roll_joint_dof,right_hip_yaw_joint_dof,right_knee_joint_dof,right_ankle_pitch_joint_dof,right_ankle_roll_joint_dof,waist_yaw_joint_dof,waist_roll_joint_dof,waist_pitch_joint_dof,left_shoulder_pitch_joint_dof,left_shoulder_roll_joint_dof,left_shoulder_yaw_joint_dof,left_elbow_joint_dof,left_wrist_roll_joint_dof,left_wrist_pitch_joint_dof,left_wrist_yaw_joint_dof,right_shoulder_pitch_joint_dof,right_shoulder_roll_joint_dof,right_shoulder_yaw_joint_dof,right_elbow_joint_dof,right_wrist_roll_joint_dof,right_wrist_pitch_joint_dof,right_wrist_yaw_joint_dof
0,0.23654940724372864,2.627126932144165,78.7068862915039,-0.02604978804025629,-1.279834837125798,-88.38563763851788,1.0546726,6.5482836,6.163216,7.5320187,-6.2332335,-7.799734,2.0583642,-7.794002,-11.70522,7.349155,-6.5907755,8.410066,-2.1185627,0.22981706,8.264596,0.34587237,20.644884,-40.16469,50.24819,2.4473305,9.115705,3.1433501,2.180923,-21.949207,45.051834,49.65407,-0.4153576,6.3860884,-3.056436
1,0.2586105167865753,2.6392602920532227,78.70741271972656,-0.015443462704800084,-1.2894001449631587,-88.38127072413864,1.0548106,6.5083585,6.165637,7.5296803,-6.2282915,-7.7722263,2.054071,-7.833016,-11.697877,7.3552055,-6.574071,8.441852,-2.0784862,0.20179924,8.288434,0.5866381,20.66328,-39.90399,49.702812,2.3497114,8.751581,3.33445,2.2464316,-21.994385,44.98123,49.589405,-0.42701122,6.4131722,-3.0376377
2,0.28572431206703186,2.653430461883545,78.70801544189453,-0.0030159386330848646,-1.2983421689415784,-88.37475731076937,1.0562775,6.467623,6.1663237,7.523208,-6.2217975,-7.7449083,2.049848,-7.87244,-11.692032,7.3621826,-6.5594015,8.473916,-2.0516384,0.17151868,8.309519,0.81511956,20.676704,-39.65328,49.22406,2.322205,8.414729,3.4967394,2.2985747,-22.031504,44.92837,49.538452,-0.43529785,6.4419265,-3.0180144
3,0.31550484895706177,2.669684886932373,78.70899200439453,0.006827766498288142,-1.3088323696010842,-88.37249606252266,1.0626688,6.427704,6.1712055,7.510198,-6.211151,-7.717108,2.044949,-7.911109,-11.683117,7.3686376,-6.5411663,8.505445,-2.031848,0.1460772,8.336252,1.0912864,20.696785,-39.338696,48.602856,2.169025,8.021568,3.7112565,2.3465128,-22.078342,44.8815,49.483227,-0.4419625,6.4672494,-3.0026486
4,0.3484547436237335,2.687844753265381,78.71096801757812,0.015417735770793263,-1.3231824086819068,-88.3808345640266,1.0684292,6.391395,6.1851783,7.5071673,-6.203924,-7.6881537,2.0376298,-7.947776,-11.666738,7.376208,-6.5157275,8.535474,-1.9909561,0.13058667,8.367782,1.4464774,20.724424,-38.92525,47.66365,1.681913,7.4861608,4.060578,2.400856,-22.120829,44.806324,49.4371,-0.45758024,6.4816937,-2.9985416
5,0.3848648965358734,2.709918737411499,78.7101821899414,0.010721106335001658,-1.3386573464941185,-88.39492288592315,0.95298916,6.3829865,6.187579,7.7615123,-6.331187,-7.6625504,2.0331562,-7.9696198,-11.651567,7.371419,-6.4763207,8.562493,-1.948641,0.13469031,8.404839,1.9192805,20.77825,-38.35735,46.360462,0.78363335,6.72481,4.5659127,2.4545388,-22.168154,44.724678,49.396034,-0.47594437,6.477193,-3.0134516
6,0.4181423783302307,2.7333638668060303,78.70909881591797,0.0021930776288359086,-1.3561436562279907,-88.41474155112292,0.8545943,6.3766165,6.1958942,7.9842277,-6.4410486,-7.637965,2.0282905,-7.9881663,-11.634321,7.3650675,-6.4306445,8.588287,-1.9014335,0.14501074,8.448389,2.4853756,20.861458,-37.678947,44.77631,-0.40644345,5.795835,5.169061,2.5080252,-22.217297,44.63552,49.357628,-0.49667415,6.4592133,-3.0418751
7,0.4561295807361603,2.7646255493164062,78.70793914794922,-0.007977503685198891,-1.3791173378188093,-88.44866589214693,0.75117075,6.373974,6.2171774,8.231653,-6.5613937,-7.6084194,2.0191448,-8.005845,-11.603892,7.3635626,-6.379624,8.613882,-1.8471534,0.162603,8.506823,3.1459494,20.972536,-36.920067,42.86174,-1.7776382,4.826067,5.823701,2.5581596,-22.269554,44.529427,49.31538,-0.5237314,6.443296,-3.070195
8,0.49827879667282104,2.796334743499756,78.70848846435547,-0.018219037492796842,-1.411103349763002,-88.50523708135027,0.64146996,6.3740807,6.261108,8.51777,-6.698374,-7.5676785,2.0059369,-8.024841,-11.550034,7.3661265,-6.320769,8.640465,-1.7799704,0.18907672,8.58784,3.8946676,21.104494,-36.116055,40.57346,-3.226773,3.9453206,6.4942174,2.6035538,-22.326473,44.39339,49.263466,-0.5613546,6.444844,-3.0846994
9,0.5450599193572998,2.833256721496582,78.7072982788086,-0.024720320494506468,-1.4537865920414197,-88.58430707423378,0.5251807,6.375471,6.3277516,8.850008,-6.856527,-7.5136113,1.9919305,-8.048186,-11.473615,7.372878,-6.2595806,8.671243,-1.7014157,0.22875436,8.687446,4.759983,21.256752,-35.265007,37.839996,-4.8485217,3.1070578,7.242022,2.6452465,-22.388954,44.22368,49.20476,-0.62999266,6.4772706,-3.0745134
10,0.5978653430938721,2.8799757957458496,78.70728302001953,-0.03392427606291528,-1.5050074461341765,-88.68203150222276,0.4110975,6.3788447,6.413527,9.2031555,-7.026198,-7.4498773,1.9782227,-8.072207,-11.379738,7.3799653,-6.1935678,8.705032,-1.6133115,0.28197426,8.804456,5.7436814,21.431332,-34.349148,34.691193,-6.658964,2.2607365,8.05756,2.6839476,-22.45803,44.02606,49.139122,-0.721206,6.529341,-3.0493596
11,0.6549401879310608,2.93292236328125,78.70793151855469,-0.044947554108976134,-1.5622826834774945,-88.80160618603183,0.28362262,6.3899317,6.518894,9.597766,-7.2104154,-7.3785753,1.9538991,-8.091103,-11.262647,7.393479,-6.1129375,8.736717,-1.5087067,0.34531644,8.950223,6.797081,21.61923,-33.380764,31.235554,-8.442236,1.5428423,8.818908,2.7188258,-22.535885,43.80016,49.056202,-0.79640996,6.5796247,-3.0264122
12,0.717275857925415,2.9875521659851074,78.70922088623047,-0.06261672013298829,-1.6229324073993907,-88.94665998730395,0.13427432,6.4111543,6.6459637,10.039254,-7.405973,-7.301924,1.9084917,-8.102316,-11.11582,7.4180136,-6.006985,8.761387,-1.377406,0.41390458,9.134703,7.8546624,21.802076,-32.379963,27.59494,-9.9915695,1.1015522,9.419852,2.7529895,-22.625063,43.542786,48.94332,-0.81667626,6.6070085,-3.022876
13,0.7833535075187683,3.06311297416687,78.7071304321289,-0.08022581270421279,-1.6891956035907258,-89.12683237883658,-0.040217347,6.440185,6.80293,10.546314,-7.624727,-7.2203803,1.8385996,-8.110379,-10.926905,7.4599433,-5.8773775,8.780234,-1.2046022,0.48837984,9.357458,8.929398,21.963152,-31.340502,23.714579,-11.277188,1.0297102,9.891,2.7898061,-22.72926,43.245163,48.80667,-0.80289483,6.6097503,-3.0347433
14,0.854773998260498,3.146615982055664,78.70331573486328,-0.09984149127411325,-1.7606983286767692,-89.3377233159081,-0.23204847,6.4781456,6.9865193,11.10221,-7.859814,-7.1319613,1.7042276,-8.122542,-10.696184,7.6105223,-5.7780714,8.796279,-0.99829996,0.57736236,9.611883,10.040065,22.097498,-30.258198,19.560642,-12.410513,1.2413716,10.293331,2.831405,-22.850376,42.908714,48.645313,-0.7660522,6.598515,-3.0556347
15,0.930139422416687,3.2339372634887695,78.69192504882812,-0.10021764089381567,-1.8287896860473327,-89.56665366178531,-0.45987988,6.5010285,7.1896777,11.7166815,-8.111767,-7.0334063,1.2347758,-8.213815,-10.396703,8.43239,-6.00465,8.811,-0.7743496,0.6498322,9.893726,11.127896,22.203213,-29.156826,15.292081,-13.39003,1.6206726,10.56871,2.8767622,-22.98837,42.54566,48.443203,-0.6511065,6.569897,-3.0991216
16,1.0131725072860718,3.3399672508239746,78.67961120605469,-0.10416334865242773,-1.8924366093746448,-89.79123692092978,-0.73012096,6.530305,7.3877053,12.386008,-8.373355,-6.9258995,0.7466197,-8.299946,-10.100272,9.257727,-6.203776,8.816188,-0.5572347,0.72050655,10.2068205,12.123164,22.27782,-28.065737,11.079088,-14.21299,2.051331,10.653085,2.9271991,-23.140886,42.164967,48.184456,-0.40473136,6.5202074,-3.1785016
17,1.0978035926818848,3.451720952987671,78.6653823852539,-0.10379283637042767,-1.954702248403901,-90.01351747563284,-1.0430058,6.5588465,7.5829268,13.119038,-8.649617,-6.801812,0.22107781,-8.391956,-9.799583,10.130344,-6.402034,8.81068,-0.33392042,0.785024,10.552542,13.032334,22.311045,-26.980835,6.916299,-14.848521,2.5606027,10.476381,2.9933164,-23.306686,41.747387,47.86126,0.008229769,6.446332,-3.2909436
18,1.1818335056304932,3.5796635150909424,78.64623260498047,-0.10228621679397946,-2.0169372902846985,-90.24054680513794,-1.3931264,6.589853,7.781353,13.912911,-8.941466,-6.6635604,-0.34684607,-8.4881315,-9.486173,11.061167,-6.6030297,8.796018,-0.09814926,0.84982926,10.927543,13.872999,22.298042,-25.897753,2.7373219,-15.302426,3.1938906,10.091684,3.0730088,-23.486198,41.292927,47.486652,0.55158156,6.3499727,-3.4307277
19,1.2739237546920776,3.7219433784484863,78.62520599365234,-0.11178701993612199,-2.071100313670307,-90.46268094778931,-1.7817128,6.6367373,7.9733763,14.744668,-9.234137,-6.526052,-0.93722504,-8.570721,-9.178552,11.998258,-6.778082,8.772976,0.120594814,0.9225413,11.32307,14.592411,22.250586,-24.844343,-1.3767222,-15.624253,3.8604355,9.612254,3.1476312,-23.677137,40.84085,47.07486,1.1723251,6.234397,-3.6063144
20,1.3650010824203491,3.871765375137329,78.60372924804688,-0.1421287809581888,-2.1096668724810947,-90.67018314610328,-2.2125275,6.7132316,8.149109,15.597133,-9.5157175,-6.4048715,-1.5311595,-8.621956,-8.895525,12.892743,-6.9001846,8.741995,0.2927854,1.0084795,11.731051,15.145246,22.191612,-23.846146,-5.350826,-15.867635,4.469781,9.149783,3.1963494,-23.874256,40.432106,46.642284,1.8184842,6.1025047,-3.826517
21,1.4521026611328125,4.041451454162598,78.58096313476562,-0.19671184545574918,-2.131051240755054,-90.85611349610167,-2.6920533,6.8187914,8.296532,16.473429,-9.785232,-6.310617,-2.1290014,-8.643653,-8.651325,13.747557,-6.9759746,8.694863,0.416571,1.1067119,12.151194,15.5378275,22.137194,-22.914072,-9.2070055,-16.06971,5.0263786,8.688678,3.2189338,-24.071465,40.07444,46.197624,2.545828,5.942362,-4.120827
22,1.5411466360092163,4.205892086029053,78.5595474243164,-0.26907176770506885,-2.1391880497598565,-91.0270374864079,-3.2183268,6.947484,8.423419,17.384184,-10.048971,-6.233978,-2.7399213,-8.643675,-8.43358,14.586611,-7.0169086,8.633064,0.50720793,1.2102222,12.585958,15.7978525,22.092312,-22.03338,-12.98716,-16.195929,5.567076,8.180204,3.2223759,-24.26576,39.747128,45.737305,3.3575537,5.753407,-4.4745874
23,1.6300944089889526,4.383447170257568,78.53579711914062,-0.3632089721521838,-2.1352967810038472,-91.19386830450274,-3.7708998,7.104113,8.551198,18.298338,-10.297245,-6.161335,-3.3601127,-8.613495,-8.220569,15.39549,-7.003225,8.571228,0.56019306,1.3163906,13.0325985,15.905892,22.06615,-21.190226,-16.637089,-16.201334,6.0510178,7.684012,3.199795,-24.454443,39.448467,45.25381,4.123094,5.5577016,-4.83116
24,1.7229580879211426,4.570626735687256,78.51814270019531,-0.48252477621130524,-2.120432262960932,-91.3673489659143,-4.3277,7.2941556,8.700915,19.180967,-10.518869,-6.0788283,-3.9770718,-8.542972,-7.993732,16.142578,-6.91062,8.525242,0.5710607,1.4216264,13.488549,15.841171,22.069687,-20.370241,-20.097364,-16.042395,6.435293,7.258856,3.143166,-24.635748,39.176517,44.74164,4.7112327,5.3803735,-5.1353974
25,1.8160598278045654,4.771673679351807,78.50196075439453,-0.6347270305532168,-2.095584698404889,-91.53595466225582,-4.9051514,7.527616,8.86932,20.060606,-10.720454,-5.9765425,-4.595101,-8.426387,-7.766424,16.845055,-6.738655,8.49426,0.53452694,1.5342798,13.959992,15.57588,22.11141,-19.582256,-23.364058,-15.716039,6.6932898,6.872892,3.0419807,-24.807812,38.935158,44.210884,5.105337,5.217886,-5.3788285
26,1.9119858741760254,4.980093002319336,78.491943359375,-0.8169323914148915,-2.0601603914293465,-91.69888189358444,-5.505025,7.7996454,9.047149,20.938168,-10.902101,-5.864664,-5.2172375,-8.269493,-7.5443115,17.510902,-6.49906,8.470616,0.45720777,1.6511253,14.444653,15.124295,22.194729,-18.832874,-26.462688,-15.247326,6.8498645,6.5084968,2.9042208,-24.969112,38.72226,43.66363,5.3684926,5.0624337,-5.589825
27,2.0109798908233643,5.19461727142334,78.48942565917969,-1.0141027142892367,-2.012733853261126,-91.88251274343062,-6.090339,8.095131,9.245582,21.754261,-11.04943,-5.7592297,-5.8406787,-8.079897,-7.29427,18.118378,-6.1903076,8.459865,0.3527088,1.7521845,14.928037,14.528592,22.321321,-18.103527,-29.378315,-14.636027,6.942327,6.246505,2.749076,-25.118555,38.52847,43.079712,5.4936533,4.934155,-5.7696004
28,2.1136794090270996,5.418893337249756,78.49146270751953,-1.211645356676719,-1.952143806166563,-92.11349366746639,-6.623754,8.398313,9.47677,22.448704,-11.147487,-5.676185,-6.461665,-7.864188,-6.983063,18.642982,-5.8093934,8.468318,0.23351847,1.8164558,15.39595,13.832232,22.492077,-17.374262,-32.095516,-13.880494,7.0105834,6.167349,2.5926573,-25.256908,38.345654,42.441635,5.4730453,4.853089,-5.9192724
29,2.2165749073028564,5.641190052032471,78.50114440917969,-1.4079270613774388,-1.8810056582126382,-92.39766098232505,-7.100755,8.712869,9.74517,23.021784,-11.193434,-5.6224823,-7.094629,-7.619592,-6.5891623,19.113625,-5.3518457,8.50367,0.0985291,1.8438116,15.853136,13.010937,22.707542,-16.650036,-34.607246,-12.9408455,7.0335793,6.326868,2.4281921,-25.383057,38.176655,41.75248,5.2685657,4.8308334,-6.0357533
30,2.3213560581207275,5.866550922393799,78.51325988769531,-1.6117651258810515,-1.7994900008684656,-92.72127144967035,-7.537977,9.044689,10.044314,23.499289,-11.194253,-5.5893087,-7.7344723,-7.342745,-6.1352367,19.529388,-4.818702,8.561135,-0.05644617,1.8431463,16.302979,12.045025,22.969007,-15.941951,-36.918434,-11.83139,7.0084214,6.671741,2.247793,-25.49711,38.02583,41.02406,4.8976307,4.855288,-6.119769
31,2.4325995445251465,6.088911533355713,78.53033447265625,-1.8169557236722202,-1.7026228185918082,-93.0815980173693,-7.9367633,9.382528,10.369592,23.872307,-11.157087,-5.5681114,-8.351131,-7.039966,-5.6533318,19.82862,-4.2214556,8.62997,-0.22391538,1.8080722,16.73156,10.988497,23.276705,-15.239945,-39.022873,-10.630482,7.0022025,7.1179423,2.0779238,-25.601023,37.88141,40.233967,4.4325404,4.911358,-6.1779866
32,2.5425662994384766,6.314159393310547,78.55294036865234,-2.0160160279190413,-1.5851733927498919,-93.47583049199937,-8.298993,9.714783,10.716807,24.1322,-11.089186,-5.5495644,-8.913599,-6.7195387,-5.17494,19.94558,-3.569257,8.700502,-0.39663646,1.7315395,17.124767,9.894261,23.63094,-14.533515,-40.91798,-9.417583,7.077749,7.5792565,1.9421053,-25.699913,37.73415,39.36186,3.9484375,4.983773,-6.217292
33,2.6517837047576904,6.540029525756836,78.58352661132812,-2.208580547776868,-1.4511339037948536,-93.91002219823622,-8.611921,10.038621,11.092731,24.261555,-10.986063,-5.5334425,-9.423897,-6.3857627,-4.6970863,19.883848,-2.865031,8.769782,-0.57210875,1.605329,17.490269,8.740225,24.033659,-13.828568,-42.60029,-8.147879,7.2617927,8.07758,1.8445958,-25.79571,37.574436,38.399864,3.450436,5.0712714,-6.239489
34,2.7679946422576904,6.77360200881958,78.6166763305664,-2.3978238317963783,-1.301906530240309,-94.38328337560137,-8.879402,10.359238,11.497864,24.272415,-10.847427,-5.5227833,-9.893197,-6.036562,-4.205351,19.667574,-2.1018426,8.845105,-0.7520605,1.4350474,17.831038,7.5001063,24.485239,-13.138,-44.066933,-6.8019524,7.5228195,8.641209,1.779166,-25.889088,37.406918,37.35269,2.9043255,5.1812115,-6.2400374
35,2.887122631072998,7.01085090637207,78.65119171142578,-2.584524229753613,-1.128654909002848,-94.88285022262735,-9.127719,10.675862,11.918805,24.196617,-10.684757,-5.5125375,-10.304597,-5.6733165,-3.712816,19.261795,-1.2751765,8.932684,-0.93773115,1.2335955,18.12646,6.2238016,24.981592,-12.459095,-45.31432,-5.4950223,7.8285227,9.192714,1.7553566,-25.986673,37.243473,36.216045,2.3234444,5.311123,-6.215985
36,3.013810396194458,7.245379447937012,78.69078826904297,-2.771294386925795,-0.922862193741402,-95.39582690362863,-9.382335,10.986106,12.342358,24.064287,-10.508918,-5.4974685,-10.642581,-5.29956,-3.2313612,18.633425,-0.38121566,9.038664,-1.1332371,1.0144227,18.357689,4.9637866,25.51647,-11.783655,-46.340942,-4.3409953,8.141331,9.656131,1.7818389,-26.099651,37.09926,34.981518,1.7242621,5.4589615,-6.164617
37,3.143094778060913,7.480658054351807,78.73261260986328,-2.9673913799571294,-0.6731259097331644,-95.91789686963457,-9.65146,11.290327,12.760907,23.857664,-10.317947,-5.4792447,-10.909665,-4.917479,-2.7778752,17.76538,0.5846381,9.126448,-1.3525612,0.7866836,18.51702,3.7143443,26.085285,-11.100169,-47.13053,-3.3443928,8.451641,10.0003605,1.8612072,-26.237366,36.99079,33.622757,1.1085191,5.6431026,-6.1114583
38,3.2773475646972656,7.707934856414795,78.77448272705078,-3.16747625870747,-0.38820294624644525,-96.45622531847158,-9.918733,11.583184,13.185182,23.56484,-10.105777,-5.459105,-11.109718,-4.537798,-2.3369596,16.67235,1.6206086,9.205029,-1.5931951,0.5413661,18.617031,2.4482439,26.687544,-10.417298,-47.68486,-2.4495928,8.774574,10.267595,1.9943861,-26.40453,36.90794,32.140163,0.47090533,5.859085,-6.0476747
39,3.415329694747925,7.928793907165527,78.81681823730469,-3.3489736131445254,-0.08909886741050628,-97.01450145100885,-10.174217,11.85126,13.629906,23.22609,-9.878039,-5.4308476,-11.227852,-4.17904,-1.8698571,15.369514,2.7220583,9.348485,-1.8340558,0.2647225,18.672104,1.1917106,27.323353,-9.755163,-48.037365,-1.6793865,9.107125,10.495382,2.2006807,-26.6034,36.817234,30.549562,-0.18912566,6.0703945,-5.9191194
40,3.557126522064209,8.152202606201172,78.8561782836914,-3.485996703796772,0.2032550344828698,-97.59596180819345,-10.406771,12.0795965,14.110329,22.880783,-9.640238,-5.387568,-11.24524,-3.8584034,-1.3361832,13.8668785,3.8837473,9.631599,-2.0526426,-0.059333656,18.697336,-0.028448097,27.99374,-9.133572,-48.220432,-1.0580243,9.44731,10.722155,2.4977524,-26.835405,36.683773,28.868574,-0.8715584,6.238804,-5.6722913
41,3.695378065109253,8.366644859313965,78.89450073242188,-3.5613027971269275,0.4955825233470222,-98.20610165051849,-10.608481,12.245142,14.640363,22.50486,-9.379805,-5.3208313,-11.138602,-3.5902145,-0.73034257,12.077395,5.1719,10.077409,-2.250424,-0.44866428,18.685972,-1.2168455,28.705208,-8.554032,-48.22633,-0.62141645,9.804411,10.966551,2.8983166,-27.103527,36.481934,27.069149,-1.6062546,6.3522663,-5.2472725
42,3.8311691284179688,8.580892562866211,78.9271469116211,-3.579636636194418,0.7928874731186205,-98.83942012264262,-10.776106,12.341925,15.215903,22.073517,-9.092638,-5.2342334,-10.915015,-3.3885732,-0.0609852,10.014787,6.5670414,10.644062,-2.4344687,-0.90282077,18.637928,-2.3853776,29.460506,-8.012714,-48.046772,-0.34773415,10.17477,11.20985,3.4035146,-27.410126,36.226566,25.137392,-2.3838415,6.426912,-4.6871915
43,3.96223783493042,8.793191909790039,78.952880859375,-3.5505269670849793,1.0721510569339172,-99.48307806961779,-10.908886,12.386862,15.822928,21.632568,-8.799519,-5.138829,-10.582326,-3.2599843,0.6863361,7.7977686,7.9559894,11.3110075,-2.592865,-1.408851,18.57743,-3.518982,30.25165,-7.515511,-47.712166,-0.17626399,10.5377865,11.432275,4.007734,-27.754877,35.946575,23.116848,-3.1464705,6.470744,-4.094318
44,4.087001323699951,9.002943992614746,78.96826934814453,-3.491707815112165,1.3116380145768087,-100.12538322863891,-11.009451,12.409736,16.443613,21.23114,-8.522126,-5.0468254,-10.415063,-3.1836202,1.5321947,6.1045804,8.934106,12.055411,-2.714012,-1.9435298,18.527224,-4.6057615,31.063404,-7.0668287,-47.24468,-0.04322594,10.873191,11.610342,4.6990232,-28.134815,35.67304,21.059679,-3.835692,6.494167,-3.5719743
45,4.207086563110352,9.211227416992188,78.9742431640625,-3.3906850155988693,1.5066032730675252,-100.77774526069723,-11.067321,12.405818,17.09337,20.873363,-8.265614,-4.95916,-10.9151325,-3.1056974,2.6200192,5.9536695,9.021887,12.983425,-2.7890651,-2.5181534,18.485243,-5.6453395,31.88995,-6.657357,-46.613613,0.050001897,11.14599,11.720734,5.4869494,-28.5481,35.40334,18.963667,-4.4609203,6.4956684,-3.121489
46,4.315203666687012,9.413703918457031,78.97174072265625,-3.2510514889284625,1.6691139304923293,-101.44127687824854,-11.095405,12.376595,17.768715,20.557339,-8.029357,-4.8716974,-11.379477,-3.0284486,3.8632565,5.8313656,9.020312,14.07003,-2.8284729,-3.127025,18.443768,-6.646388,32.731434,-6.284044,-45.814133,0.07806286,11.37616,11.777881,6.368517,-28.994593,35.12409,16.811598,-5.043504,6.47252,-2.6983042
47,4.401564121246338,9.62153148651123,78.95925903320312,-3.117454298968151,1.8047308712916486,-102.08526442449549,-11.1755495,12.385919,18.40584,20.409683,-7.869027,-4.796866,-11.784226,-2.9450285,4.98743,5.8154016,8.757421,15.000033,-2.8571784,-3.7195728,18.415539,-7.5901384,33.574238,-5.957371,-44.929596,0.07720582,11.626549,11.814776,7.306617,-29.473135,34.851665,14.642149,-5.5469904,6.435923,-2.3367434
48,4.471654891967773,9.841473579406738,78.96125030517578,-3.088929799866947,1.9099153590923872,-102.70447041456093,-11.3091955,12.53942,18.959621,20.403742,-7.758188,-4.7493806,-12.034852,-2.7800882,5.638241,5.8346405,8.153695,15.000033,-2.873021,-4.2001505,18.416224,-8.465767,34.40072,-5.686212,-44.03602,0.08301028,11.9611435,11.85572,8.270712,-29.97904,34.605953,12.489424,-5.9332385,6.4001594,-2.0726757
49,4.550737380981445,10.064497947692871,78.96299743652344,-3.0946055051715597,2.0004042750171283,-103.28300121846013,-11.466154,12.723623,19.461407,20.435051,-7.643051,-4.69617,-12.139933,-2.6896052,5.961091,5.877393,6.9937983,15.000033,-2.8916833,-4.6198974,18.428066,-9.284301,35.20142,-5.473517,-43.12025,0.09622366,12.42525,11.89873,9.260218,-30.510067,34.395676,10.367649,-6.1761637,6.3713684,-1.9442155
50,4.641412734985352,10.296024322509766,78.96156311035156,-3.1115711498674763,2.076373897105225,-103.83535076824678,-11.634689,12.921216,19.933857,20.497972,-7.525916,-4.637229,-12.130189,-2.6660104,6.062506,5.9365726,5.4150867,15.000033,-2.9033184,-5.003783,18.443552,-10.039257,35.973866,-5.309243,-42.15834,0.108197294,12.975358,11.927524,10.282952,-31.066483,34.208412,8.267206,-6.3019123,6.3438406,-1.9244969
51,4.733144760131836,10.532469749450684,78.96604919433594,-3.155882511168853,2.137696444464508,-104.36904963293148,-11.804385,13.147519,20.377735,20.573483,-7.4040723,-4.5786915,-12.003973,-2.6994607,5.9192758,5.994546,3.8278995,15.000033,-2.9067714,-5.3388205,18.466204,-10.72281,36.70591,-5.183048,-41.177555,0.13413432,13.542303,11.948534,11.309074,-31.646402,34.03438,6.198468,-6.35427,6.3115163,-1.9509647
52,4.821081638336182,10.771459579467773,78.98072814941406,-3.242616904202431,2.1834582188823264,-104.88993813134877,-11.966296,13.416017,20.792057,20.64591,-7.276383,-4.5263224,-11.758162,-2.77799,5.5120277,6.039275,2.6376991,15.000033,-2.9030032,-5.6113725,18.499348,-11.308351,37.378597,-5.0809693,-40.222595,0.19653337,14.056636,11.965419,12.30411,-32.246433,33.867405,4.1786227,-6.376677,6.268019,-1.9614582
53,4.913030624389648,11.015979766845703,79.00416564941406,-3.3849432743886436,2.207273622281549,-105.3916661670847,-12.117378,13.738293,21.164751,20.715366,-7.1409326,-4.481781,-11.369716,-2.897761,4.77953,6.063483,1.9734293,15.000033,-2.8962626,-5.805095,18.549429,-11.800979,37.980587,-5.0015836,-39.280586,0.30253592,14.514845,11.9529295,13.257968,-32.867447,33.710373,2.2305918,-6.332661,6.206905,-1.9600698
54,5.01657772064209,11.260513305664062,79.03155517578125,-3.573143801665612,2.209096338721545,-105.87024125966047,-12.25759,14.103294,21.496365,20.781185,-6.9951143,-4.441472,-10.841382,-3.0524044,3.7449203,6.0807347,1.6056873,15.000033,-2.887368,-5.924303,18.613966,-12.192775,38.509777,-4.9426317,-38.348915,0.44967103,14.948711,11.911441,14.18774,-33.510506,33.56342,0.34507948,-6.2169666,6.133569,-1.9738942
55,5.122814178466797,11.508146286010742,79.06690216064453,-3.79609426632512,2.1961798317203507,-106.33198732209492,-12.386506,14.500271,21.797638,20.835417,-6.8402944,-4.405186,-10.209142,-3.2203524,2.5162828,6.1130757,1.4013492,15.000033,-2.8790777,-5.9792743,18.68407,-12.504904,38.9617,-4.9038453,-37.42189,0.63658017,15.342346,11.880829,15.086919,-34.170906,33.423702,-1.4968808,-6.116022,6.0588336,-1.9758056
56,5.218266487121582,11.759218215942383,79.0926284790039,-4.052697089889567,2.175365018244639,-106.7912854445784,-12.576589,14.9786005,22.056019,21.033598,-6.7573886,-4.3926835,-9.520728,-3.338082,1.1829381,6.2049117,1.2163794,14.616055,-2.8619592,-5.9748254,18.749443,-12.68187,39.33078,-4.866595,-36.564224,0.87133986,15.680286,11.901368,15.951488,-34.839596,33.285866,-3.3104048,-6.1194863,5.9935985,-1.9384596
57,5.306811809539795,12.005132675170898,79.12159729003906,-4.322741128427722,2.1496303007176474,-107.25301235540103,-12.760399,15.477958,22.305487,21.227314,-6.6762185,-4.386782,-8.74915,-3.4771836,-0.25820595,6.312927,1.0721599,14.068546,-2.8393009,-5.931017,18.80347,-12.74711,39.613384,-4.840029,-35.73871,1.1359257,15.932396,12.011922,16.766699,-35.512302,33.163517,-5.073569,-6.259918,5.9322186,-1.8556201
58,5.389830112457275,12.258381843566895,79.14714050292969,-4.610430488897056,2.1122323051184395,-107.70649514428952,-12.936456,15.999333,22.534723,21.420479,-6.595893,-4.386706,-7.8811774,-3.650436,-1.8436338,6.448118,1.0044835,13.417177,-2.8133047,-5.8419743,18.853195,-12.699889,39.809082,-4.8259387,-34.94276,1.4375929,16.116543,12.180612,17.533972,-36.187794,33.0559,-6.7753167,-6.4892435,5.871246,-1.7418098
59,5.4711713790893555,12.50717830657959,79.17053985595703,-4.899240800922628,2.0658575729905544,-108.14265912083293,-13.106262,16.521471,22.745426,21.608538,-6.511793,-4.3896456,-6.9404926,-3.8477626,-3.4722044,6.605394,0.96356165,12.713601,-2.7857668,-5.721708,18.896732,-12.571327,39.919636,-4.8221154,-34.17384,1.8070332,16.289019,12.338887,18.262196,-36.859695,32.949917,-8.446099,-6.772837,5.8249483,-1.6019675
60,5.5429840087890625,12.774571418762207,79.18724060058594,-5.1685693138978275,2.014345302214634,-108.5542180173608,-13.271542,17.019682,22.943369,21.785896,-6.4192195,-4.3923774,-6.6944647,-4.117998,-4.9883814,8.346025,0.07977694,12.016191,-2.7534058,-5.589228,18.929564,-12.353802,39.948433,-4.8172283,-33.46779,2.2780125,16.505844,12.418417,18.961443,-37.51873,32.83006,-10.113375,-7.077936,5.8077793,-1.4402832
61,5.606027126312256,13.038381576538086,79.2007827758789,-5.404985787730572,1.9575104582332192,-108.94491173015766,-13.420702,17.477097,23.143213,21.938702,-6.3148656,-4.3903084,-6.7237725,-4.48802,-6.4248176,10.799463,-1.2096022,11.321324,-2.7152407,-5.4601192,18.946085,-12.096224,39.8969,-4.827812,-32.79868,2.8938546,16.813128,12.397895,19.62762,-38.160194,32.705013,-11.781605,-7.449228,5.8414555,-1.2464696
62,5.670557022094727,13.291029930114746,79.21146392822266,-5.598502155057111,1.8927100228379858,-109.31593579010108,-13.543116,17.880074,23.352255,22.054947,-6.194831,-4.3820405,-6.679294,-4.9631352,-7.8363132,13.259456,-2.5058374,10.609722,-2.6671166,-5.34625,18.947151,-11.753453,39.765774,-4.851278,-32.19205,3.6294284,17.169819,12.313512,20.261106,-38.781654,32.577724,-13.432997,-7.8910847,5.911305,-1.0205073
63,5.726566791534424,13.546903610229492,79.21366119384766,-5.74419489068757,1.8222563914969598,-109.65857698488445,-13.648842,18.221708,23.561115,22.141851,-6.0571437,-4.3703365,-6.5811033,-5.5246735,-9.158244,15.719933,-3.7614315,9.925763,-2.618691,-5.2557263,18.939535,-11.383151,39.55885,-4.898968,-31.560965,4.3973827,17.49872,12.180261,20.845522,-39.37612,32.451134,-15.051718,-8.3003435,5.9780393,-0.7848789
64,5.774351596832275,13.805192947387695,79.2107162475586,-5.846135624567891,1.7492389655124432,-109.96474506913708,-13.750145,18.505173,23.755743,22.206858,-5.8995275,-4.3596478,-6.430251,-6.1355243,-10.334593,18.125998,-4.9023795,9.3129635,-2.5724666,-5.1867294,18.928366,-10.986191,39.281345,-4.9703627,-30.873693,5.1139274,17.723515,12.018502,21.372427,-39.93342,32.32108,-16.619556,-8.578835,6.00316,-0.56165737
65,5.816549777984619,14.0748291015625,79.20065307617188,-5.916326174131097,1.6741170043599347,-110.23065343864576,-13.855313,18.745066,23.928608,22.261393,-5.730438,-4.3491106,-6.2169952,-6.778427,-11.397896,20.468765,-5.9050326,8.802863,-2.5288556,-5.1310573,18.912754,-10.592961,38.934067,-5.069121,-30.108429,5.7322445,17.809042,11.786596,21.838667,-40.4458,32.187828,-18.136904,-8.679422,5.9718633,-0.34617186
66,5.8569655418396,14.343629837036133,79.18416595458984,-5.9600226203447635,1.597155332737137,-110.46297288194377,-13.962977,18.949163,24.083319,22.306067,-5.551057,-4.33916,-5.946375,-7.446217,-12.372269,22.77165,-6.801668,8.364702,-2.480487,-5.0825067,18.887653,-10.1686125,38.516796,-5.1941085,-29.311749,6.3062525,17.799522,11.494846,22.23994,-40.909706,32.05746,-19.59705,-8.663408,5.9062223,-0.12935467
67,5.889235973358154,14.618173599243164,79.1671142578125,-5.977826345452602,1.5216295136211964,-110.66903833690634,-14.076576,19.118963,24.219149,22.340181,-5.351145,-4.337231,-5.644288,-8.105399,-13.193232,25.021736,-7.596638,7.9491873,-2.4309108,-5.0392914,18.854376,-9.739068,38.036182,-5.3632655,-28.43374,6.888199,17.73987,11.240452,22.555906,-41.320045,31.950226,-20.97715,-8.593806,5.82664,0.07078574
68,5.907008647918701,14.90788459777832,79.14527893066406,-5.968126715646537,1.4507266829164185,-110.85608248718991,-14.201905,19.255331,24.334663,22.369448,-5.1223426,-4.350473,-5.3405657,-8.724519,-13.7945,27.208595,-8.296487,7.5086718,-2.3805077,-5.002819,18.813698,-9.312561,37.502613,-5.5926366,-27.440607,7.531528,17.676899,11.122111,22.763262,-41.669876,31.884981,-22.249952,-8.531885,5.7523828,0.23688786
69,5.925727367401123,15.19199275970459,79.11874389648438,-5.932277133035919,1.386255365431551,-111.02258873882546,-14.33512,19.355019,24.431864,22.38249,-4.8659463,-4.3757725,-5.060293,-9.29563,-14.142236,29.369982,-8.903094,6.9894366,-2.3331287,-4.975731,18.76146,-8.875408,36.919468,-5.890061,-26.345417,8.238178,17.621,11.181027,22.859007,-41.953083,31.874298,-23.419447,-8.469675,5.6849337,0.3373304
70,5.938772678375244,15.485879898071289,79.09178924560547,-5.875821930441736,1.3270911973517436,-111.16666271887173,-14.4799385,19.426159,24.5073,22.388329,-4.587491,-4.412172,-4.7931337,-9.8143215,-14.283636,31.502422,-9.407997,6.436852,-2.284226,-4.9548407,18.697233,-8.430548,36.2876,-6.2503695,-25.15426,8.981223,17.551756,11.362556,22.84362,-42.1662,31.91254,-24.481766,-8.384195,5.6151223,0.3914764
71,5.950599670410156,15.788359642028809,79.06270599365234,-5.804193525266988,1.2718809821309491,-111.29516920017254,-14.641273,19.481226,24.556458,22.39311,-4.2775216,-4.4699664,-4.5098615,-10.257748,-14.274487,33.52068,-9.807105,5.9520297,-2.2235725,-4.9321465,18.628338,-8.003104,35.615578,-6.664084,-23.836056,9.769196,17.469952,11.623364,22.707054,-42.302624,31.992277,-25.422096,-8.314686,5.5456614,0.4571664
72,5.948398113250732,16.102745056152344,79.03488159179688,-5.723641943838649,1.2196262015497121,-111.41506397135393,-14.825714,19.534054,24.573706,22.405993,-3.9284492,-4.559802,-4.1860414,-10.607561,-14.169129,35.35293,-10.10437,5.63373,-2.1402607,-4.901465,18.562098,-7.620382,34.916607,-7.121965,-22.354757,10.607961,17.376204,11.921646,22.434214,-42.354065,32.10722,-26.216757,-8.29936,5.479096,0.5925987
73,5.944037914276123,16.42981719970703,79.0041275024414,-5.625510582110341,1.1787639413394535,-111.52580982196635,-15.033815,19.568588,24.55728,22.405855,-3.5345044,-4.6868467,-3.8415043,-10.866116,-13.945874,37.02518,-10.283864,5.5520144,-2.0336902,-4.8744555,18.492815,-7.2794504,34.199272,-7.63085,-20.714417,11.53283,17.268133,12.298898,22.029343,-42.309814,32.241352,-26.874329,-8.368851,5.4011493,0.84694916
74,5.930537223815918,16.76392936706543,78.97457122802734,-5.513650551486223,1.147563087960364,-111.62511546141556,-15.264518,19.58849,24.508036,22.397379,-3.1017437,-4.846049,-3.4907627,-11.033785,-13.591167,38.579258,-10.3603325,5.6441684,-1.9036859,-4.850707,18.418873,-6.964339,33.46465,-8.194839,-18.932514,12.524979,17.150877,12.765425,21.494968,-42.163654,32.402454,-27.39501,-8.496909,5.314089,1.1795576
75,5.90627908706665,17.120946884155273,78.94657135009766,-5.412657864588363,1.1092087365762293,-111.7176152778313,-15.5225,19.637163,24.42336,22.429935,-2.6408124,-5.0334024,-3.1059365,-11.096897,-13.168413,39.978573,-10.390281,5.8054414,-1.7437508,-4.807434,18.35416,-6.6922507,32.715694,-8.796204,-16.989012,13.504561,17.032192,13.231888,20.80998,-41.916927,32.621716,-27.741028,-8.637123,5.245836,1.5140942
76,5.880954265594482,17.488250732421875,78.9186782836914,-5.345647601416765,1.0467281338092553,-111.80746178686967,-15.811011,19.755299,24.301403,22.549107,-2.1616883,-5.2449718,-2.6577091,-11.046568,-12.740094,41.183605,-10.426529,5.927754,-1.5521739,-4.7230587,18.313837,-6.463088,31.95547,-9.407234,-14.873807,14.392575,16.915678,13.608673,19.950575,-41.5743,32.93311,-27.878422,-8.738763,5.22544,1.7723931
77,5.839280128479004,17.86292839050293,78.89714813232422,-5.323388785159521,0.9517581926626181,-111.89044521553781,-16.131804,19.958256,24.128466,22.770372,-1.6580768,-5.5008483,-2.1411164,-10.85928,-12.287736,42.203503,-10.498933,5.985832,-1.3326515,-4.5899086,18.31286,-6.261383,31.183384,-10.011148,-12.595857,15.207215,16.800879,13.881123,18.916767,-41.133194,33.33691,-27.82754,-8.79986,5.2899995,1.92899
78,5.796205520629883,18.25811767578125,78.87705993652344,-5.331829749556416,0.8345693235863759,-111.96610497960232,-16.48119,20.219675,23.908232,23.063053,-1.1270103,-5.7988257,-1.5739148,-10.550216,-11.788253,43.060272,-10.57711,6.0341296,-1.0876602,-4.4214125,18.339876,-6.0772815,30.39981,-10.616263,-10.168726,15.977018,16.683874,14.094025,17.723627,-40.59045,33.810364,-27.598097,-8.843064,5.415031,2.026698
79,5.746918201446533,18.66046905517578,78.85425567626953,-5.356635246368921,0.7058384491216484,-112.04415334327273,-16.859205,20.521341,23.662914,23.415901,-0.58243805,-6.101374,-0.96020526,-10.171814,-11.294672,43.730743,-10.619798,6.0809526,-0.8161484,-4.227242,18.371494,-5.921632,29.610579,-11.229088,-7.588962,16.634789,16.558422,14.247724,16.375418,-39.952736,34.349133,-27.152119,-8.852267,5.5379,2.089178
80,5.683260440826416,19.076801300048828,78.83262634277344,-5.383764949434299,0.5763120663052391,-112.13432306077027,-17.267696,20.846935,23.415394,23.821642,-0.039487258,-6.3698325,-0.30477366,-9.777463,-10.859032,44.19169,-10.586403,6.133945,-0.5200328,-4.018286,18.385555,-5.7939167,28.823967,-11.849261,-4.8619676,17.112747,16.419088,14.342307,14.879167,-39.233486,34.949745,-26.45675,-8.811697,5.5960627,2.138503
81,5.610556602478027,19.49716567993164,78.80964660644531,-5.419271358530042,0.44473325647025863,-112.23615996978185,-17.716604,21.206131,23.15617,24.295723,0.51745486,-6.598345,0.39469248,-9.346999,-10.463881,44.42751,-10.427369,6.1857467,-0.20157582,-3.78822,18.386736,-5.677228,28.041243,-12.449871,-1.9913039,17.402983,16.274809,14.332232,13.239037,-38.436825,35.606674,-25.503162,-8.692112,5.56447,2.1807446
82,5.543641567230225,19.913904190063477,78.78486633300781,-5.467246961207877,0.30665195652340704,-112.34529677351235,-18.20157,21.60139,22.876888,24.833994,1.0913689,-6.808161,1.1368426,-8.868578,-10.086986,44.45899,-10.179389,6.232533,0.13752688,-3.5338762,18.386324,-5.56047,27.262062,-13.029261,1.0092882,17.5358,16.123734,14.231528,11.471064,-37.561047,36.303177,-24.331457,-8.506447,5.479231,2.2018356
83,5.4659104347229,20.360990524291992,78.74686431884766,-5.511002815839851,0.16787566425418546,-112.46600981289045,-18.6991,22.005335,22.605068,25.392843,1.6530721,-6.99849,1.9167881,-8.406238,-9.775532,44.303078,-9.923632,6.28628,0.4965114,-3.2718759,18.372099,-5.459125,26.494877,-13.627006,4.130168,17.496376,15.945657,14.131182,9.596052,-36.616238,37.01921,-22.97386,-8.300087,5.3693523,2.1940448
84,5.378406047821045,20.799293518066406,78.70252990722656,-5.533128578104083,0.03447057053772168,-112.60279262300736,-19.189018,22.393204,22.368408,25.937078,2.1691356,-7.165772,2.7280285,-8.0231285,-9.5779505,43.97926,-9.743288,6.358862,0.8745562,-3.0193796,18.333338,-5.384588,25.751627,-14.282068,7.3600063,17.268078,15.721324,14.123355,7.6401954,-35.620148,37.735794,-21.474026,-8.117771,5.2633915,2.1483028
85,5.286613464355469,21.240570068359375,78.6455307006836,-5.5280993992156935,-0.10002963343126203,-112.75564095730861,-19.662735,22.765064,22.184483,26.467196,2.6622207,-7.304258,3.5793276,-7.7349,-9.513778,43.483856,-9.647208,6.4229217,1.2749242,-2.7833362,18.279951,-5.3480988,25.03719,-15.001858,10.7629795,16.91997,15.455283,14.230702,5.5930758,-34.582355,38.459396,-19.783405,-7.8997903,5.1636615,2.0404687
86,5.203784942626953,21.69673728942871,78.56896209716797,-5.505915351277881,-0.2361140717601337,-112.92237498639511,-20.134216,23.134506,22.035229,27.003262,3.1383154,-7.4148393,4.4698377,-7.506916,-9.555063,42.809395,-9.595405,6.481465,1.6970131,-2.5533376,18.217289,-5.326756,24.351404,-15.762368,14.309405,16.434282,15.154744,14.402382,3.4674942,-33.504967,39.178596,-17.926064,-7.643498,5.056832,1.881131
87,5.116421222686768,22.153148651123047,78.46931457519531,-5.471638718839222,-0.3586039103311991,-113.10508754037049,-20.614595,23.497055,21.898735,27.535244,3.540658,-7.5007854,5.3784165,-7.325515,-9.679747,41.969086,-9.597476,6.5922713,2.1324315,-2.3218431,18.126316,-5.288448,23.700754,-16.557411,17.856733,15.661488,14.801958,14.618958,1.3092082,-32.400723,39.85906,-16.044392,-7.474257,4.9449387,1.7116551
88,5.034886360168457,22.608074188232422,78.34519958496094,-5.430076335985617,-0.4521016007063219,-113.30546101382095,-21.114485,23.846983,21.753859,28.052013,3.8128402,-7.564423,6.2845974,-7.1781154,-9.866465,40.97365,-9.66102,6.8127937,2.5723057,-2.0820642,17.98883,-5.205418,23.094845,-17.38187,21.265455,14.449202,14.377623,14.8588505,-0.8335836,-31.291792,40.471317,-14.288713,-7.516691,4.8315315,1.5724663
89,4.951035022735596,23.062217712402344,78.19249725341797,-5.385583935948822,-0.5126878641915864,-113.52238488056481,-21.644724,24.19057,21.600245,28.562796,3.9609613,-7.60951,7.1951623,-7.0968637,-10.187911,39.831142,-9.752546,7.1371503,3.009374,-1.8287965,17.804415,-5.113401,22.540117,-18.269182,24.642857,12.560237,13.798165,15.145728,-2.9710608,-30.194424,41.04217,-12.621687,-7.8034062,4.7145543,1.4681032
90,4.867855548858643,23.535768508911133,78.00653076171875,-5.334805287150086,-0.5483050466167476,-113.755427123674,-22.198717,24.528973,21.448011,29.07244,4.0066705,-7.630585,8.119844,-7.070974,-10.632982,38.527287,-9.874679,7.5449443,3.4497004,-1.5664577,17.584852,-5.008604,22.037607,-19.210217,28.010311,10.144592,13.090552,15.458659,-5.111774,-29.115776,41.57728,-11.014173,-8.263117,4.593677,1.3756834
91,4.790591716766357,24.001676559448242,77.78402709960938,-5.269957241712154,-0.5608262884172146,-114.00828457319624,-22.763784,24.850164,21.292059,29.568901,3.913165,-7.616147,9.04111,-7.0306687,-11.054041,37.04141,-10.092083,8.066767,3.8988566,-1.3042902,17.330101,-4.813115,21.587553,-20.13304,31.109365,7.6238813,12.403033,15.721481,-7.2136884,-28.069544,42.029053,-9.625592,-8.864932,4.47487,1.2935865
92,4.71475076675415,24.47084617614746,77.52183532714844,-5.18195865889752,-0.5518184955158695,-114.28448550761377,-23.326508,25.140068,21.128304,30.038736,3.6438608,-7.5551414,9.940224,-6.917004,-11.302707,35.353195,-10.472819,8.724821,4.3586874,-1.0526831,17.041645,-4.453651,21.189545,-20.962957,33.681995,5.40956,11.8930025,15.881492,-9.241786,-27.07764,42.356525,-8.61668,-9.574973,4.3640413,1.2197303
93,4.64016580581665,24.937255859375,77.21569061279297,-5.046539166401489,-0.49381535492794754,-114.59969820774367,-23.85788,25.354631,20.960924,30.398746,3.1031568,-7.432942,10.852264,-6.725333,-11.322001,33.27906,-10.970013,9.617015,4.8334384,-0.83549774,16.679443,-3.9311326,20.837908,-21.708765,35.752365,3.4392421,11.611239,15.877375,-11.157356,-26.16523,42.56292,-8.073451,-10.57117,4.280563,1.2075971
94,4.567773818969727,25.4033145904541,76.85530090332031,-4.870603442026125,-0.393427691341258,-114.94774815406632,-24.369297,25.506027,20.795738,30.67684,2.3392363,-7.2633142,11.783499,-6.51298,-11.202137,30.872242,-11.56999,10.675417,5.3182373,-0.64259845,16.260925,-3.29026,20.53026,-22.399399,37.439163,1.5435504,11.478805,15.768075,-12.989005,-25.347288,42.681705,-7.9213243,-11.803671,4.214977,1.2385074
95,4.511746883392334,25.8697452545166,76.46092987060547,-4.691666015264371,-0.3036981136119049,-115.29981512027165,-24.91254,25.668064,20.62894,31.034258,1.5270616,-7.0748343,12.665915,-6.3124576,-11.015646,28.477116,-12.391314,11.678889,5.79614,-0.43494153,15.874009,-2.5192297,20.272415,-22.98275,38.617958,-0.028613472,11.455278,15.694018,-14.80312,-24.626621,42.720455,-8.081097,-12.902202,4.132892,1.2019848
96,4.453828811645508,26.33755874633789,76.0451431274414,-4.550659359335398,-0.27886523943506825,-115.62733540157312,-25.546015,25.924164,20.452307,31.642004,0.84061164,-6.888565,13.418409,-6.1340733,-10.832578,26.456848,-13.551559,12.428203,6.2439566,-0.1716105,15.605815,-1.5979786,20.076979,-23.400902,39.15257,-1.027117,11.493896,15.791009,-16.67329,-23.997507,42.689404,-8.463621,-13.498639,4.00308,0.98742086
97,4.404812812805176,26.820295333862305,75.62786102294922,-4.424040788303264,-0.31599390089445545,-115.9070017077873,-26.301216,26.265587,20.28243,32.54042,0.2895054,-6.6896815,13.978182,-6.001219,-10.631326,24.94316,-15.252245,12.902741,6.6419168,0.12731706,15.463146,-0.50262874,19.961496,-23.64826,38.90703,-1.2341125,11.650721,16.161308,-18.636654,-23.461544,42.59294,-9.09864,-13.397884,3.7821107,0.5427994
98,4.364664077758789,27.32633399963379,75.2215576171875,-4.302953923545706,-0.3925391702549166,-116.15894422253572,-27.145962,26.668243,20.112715,33.64587,-0.21347475,-6.4618735,14.386862,-5.8944507,-10.3867035,23.758595,-17.386051,13.203914,6.993346,0.45041782,15.408655,0.77033395,19.93004,-23.74267,37.959568,-0.8371582,11.932923,16.706953,-20.65511,-23.022652,42.441883,-10.019182,-12.834396,3.4929595,-0.061403584
99,4.331601619720459,27.84025001525879,74.81690216064453,-4.25520504112293,-0.53551449577568,-116.41892185868917,-28.052122,27.200342,19.89082,34.949135,-0.6439656,-6.2182393,14.709227,-5.7356963,-10.153377,22.82076,-19.603228,13.340114,7.3089585,0.858898,15.458947,2.2144954,19.967674,-23.661356,36.495926,-0.18923111,12.215253,17.261265,-22.705484,-22.672445,42.25729,-11.118272,-12.078793,3.20471,-0.7526566
100,4.3096771240234375,28.362581253051758,74.41737365722656,-4.347144197960747,-0.7723680949393562,-116.723314430799,-28.993113,27.924856,19.564114,36.431927,-0.9693708,-5.9766226,15.022351,-5.4440928,-9.982304,22.023949,-21.546318,13.330968,7.602789,1.4145963,15.627517,3.8163116,20.045881,-23.380861,34.712605,0.36065558,12.362879,17.662813,-24.773422,-22.389566,42.060192,-12.27621,-11.396913,2.9929748,-1.464856
101,4.324313640594482,28.88832664489746,74.02342224121094,-4.676332329059711,-1.1689297220696557,-117.08624517919577,-30.025087,28.968729,19.03004,38.236378,-1.2155594,-5.778301,15.380579,-4.900205,-9.900938,21.36879,-23.18362,13.118833,7.8533845,2.2239642,15.97378,5.621114,20.146566,-22.84768,32.528168,0.79291654,12.270663,17.92441,-26.986774,-22.155859,41.893547,-13.454563,-10.763467,2.9095054,-2.2591348
102,4.36531400680542,29.401809692382812,73.65596008300781,-5.181883569306724,-1.6958290248110028,-117.48429858350349,-31.155306,30.262548,18.32589,40.30437,-1.3774343,-5.5952106,15.746006,-4.1676483,-9.859852,20.88965,-24.685186,12.736936,8.043664,3.2335162,16.469315,7.6371083,20.259705,-22.079979,29.872814,1.2739927,12.032401,18.113653,-29.339575,-21.958576,41.760223,-14.680212,-10.067275,2.89776,-3.149324
103,4.406975746154785,29.91102409362793,73.34037017822266,-5.6903679136085845,-2.2358826234694043,-117.90003079890316,-32.267307,31.566914,17.626442,42.316402,-1.3721197,-5.3543634,16.056593,-3.4436,-9.805714,20.523186,-25.988628,12.330413,8.213252,4.26061,16.990204,9.764468,20.360577,-21.177296,26.995058,1.7290167,11.802705,18.15905,-31.61161,-21.78245,41.601,-15.930505,-9.445176,2.8862777,-3.9964497
104,4.433082580566406,30.392974853515625,73.09544372558594,-6.0310716530247115,-2.6691062913953347,-118.3188343495193,-33.22469,32.644566,17.127989,43.968594,-1.1214032,-4.9922028,16.23799,-2.923374,-9.700055,20.211226,-27.025917,12.030185,8.429458,5.1277423,17.40727,11.860856,20.416819,-20.261234,24.18525,2.084177,11.7340975,17.992628,-33.54043,-21.61006,41.33922,-17.195282,-9.069847,2.810889,-4.6587462
105,4.4628400802612305,30.8250732421875,72.9374008178711,-6.159317230392697,-2.9613521668919827,-118.79220319776854,-33.961246,33.480156,16.92106,45.196568,-0.57064635,-4.551413,16.226793,-2.6636455,-9.523036,19.974241,-27.813082,11.84759,8.767884,5.786289,17.689293,13.915061,20.39512,-19.288622,21.474743,2.376669,11.903286,17.479692,-35.051086,-21.4194,40.91432,-18.49827,-9.142591,2.669322,-5.0424013
106,4.512816429138184,31.212080001831055,72.86919403076172,-6.167560009766828,-3.175853081623956,-119.30995680503472,-34.537872,34.183372,16.907333,46.16026,0.23493873,-4.064339,16.07093,-2.558618,-9.308396,19.839365,-28.377853,11.70794,9.136976,6.322495,17.881222,16.002264,20.275244,-18.19676,18.754427,2.628611,12.211893,16.69934,-36.47707,-21.241272,40.36523,-19.708515,-9.345325,2.4955764,-5.225096
107,4.568288326263428,31.55000877380371,72.8885269165039,-6.097271099136426,-3.3363082886673237,-119.7667688905306,-35.007885,34.714798,17.011337,46.906956,1.2157162,-3.4462123,15.862649,-2.5540497,-9.103268,19.744463,-28.657743,11.610332,9.5192,6.8153515,18.011675,17.939426,20.070463,-17.2157,16.170218,2.7603679,12.552907,15.908048,-37.586414,-21.056095,39.78808,-20.910288,-9.633558,2.2893453,-5.368486
108,4.627668380737305,31.840662002563477,72.99604797363281,-5.98739837906567,-3.467439629458184,-120.05819415459256,-35.427883,35.038013,17.161839,47.48223,2.2888253,-2.5990853,15.692661,-2.598929,-8.953627,19.632114,-28.593218,11.557516,9.808895,7.31455,18.085775,19.63896,19.817562,-16.496227,13.836046,2.6811526,12.824768,15.365013,-38.466324,-20.876299,39.26623,-22.002756,-9.666525,2.044857,-5.6026516
109,4.690044403076172,32.097877502441406,73.18663787841797,-5.849682123778544,-3.5759502366348683,-120.13569026623915,-35.83288,35.249107,17.485981,47.969254,3.5189059,-1.2182488,15.5797615,-2.6835215,-8.8764515,19.514406,-28.122295,11.566189,10.017614,7.844049,18.124994,21.053045,19.552496,-16.103348,11.79183,2.2193413,13.003071,15.161669,-38.9563,-20.689041,38.7922,-23.04909,-9.494952,1.7188815,-5.9625297
110,4.763500213623047,32.31447219848633,73.44548034667969,-5.662671082683162,-3.649302102586135,-120.06347577420213,-36.179897,35.357136,18.013044,48.33044,4.90491,0.580102,15.479423,-2.8376858,-8.84502,19.414303,-27.294188,11.638973,10.087824,8.332345,18.099812,22.357466,19.276066,-15.852834,9.9198065,1.4566023,13.144288,15.155294,-39.395847,-20.564953,38.27375,-23.91914,-8.898896,1.3209126,-6.3387055
111,4.842166900634766,32.501468658447266,73.76309204101562,-5.423906084998123,-3.6831147887098767,-119.90391323575203,-36.43231,35.178844,18.482792,48.43743,6.2757187,2.2408,15.392083,-3.0603926,-8.840583,19.275011,-26.20618,11.756179,10.162259,8.803497,18.02929,23.448088,19.024263,-15.807492,8.216164,0.7232853,13.269384,15.251853,-39.516685,-20.468233,37.827927,-24.81641,-8.286102,0.93986684,-6.764015
112,4.927552223205566,32.65191650390625,74.13863372802734,-5.125420663089514,-3.6710633951333285,-119.7156774910286,-36.563778,34.490932,18.582033,48.143314,7.498027,3.1630147,15.308644,-3.3582351,-8.846821,19.057682,-24.964144,11.892458,10.223005,9.222143,17.890478,24.39197,18.82241,-15.900483,6.6090345,0.3244541,13.401522,15.356503,-39.532887,-20.395075,37.511673,-25.657652,-7.5903673,0.65740556,-7.219161
113,5.015400409698486,32.768089294433594,74.56854248046875,-4.7553107586883065,-3.6131285524357146,-119.45086466917472,-36.588825,33.101044,18.101028,47.364365,8.63363,3.1599991,15.268004,-3.7428691,-8.897744,18.719042,-23.533346,12.019764,10.231431,9.580117,17.677816,25.152784,18.693518,-16.189537,5.1509686,0.35097423,13.548614,15.520212,-39.413414,-20.338505,37.351795,-26.426619,-6.6931844,0.4857275,-7.7533803
114,5.100731372833252,32.86146926879883,75.03767395019531,-4.321848558659127,-3.5156773950790017,-119.09740801161519,-36.507324,31.163239,17.208662,46.176693,9.714393,2.5373383,15.257339,-4.210215,-8.986999,18.309902,-21.887653,12.160738,10.189531,9.876649,17.407066,25.77028,18.654686,-16.648264,3.8074102,0.62605137,13.699023,15.759692,-39.118298,-20.306562,37.29979,-27.152657,-5.609552,0.37738985,-8.356143
115,5.1955695152282715,32.91303634643555,75.54638671875,-3.8471826689123447,-3.380998213307572,-118.76970027339384,-36.27871,28.972132,16.137888,44.66907,10.563701,1.4346184,15.196039,-4.739443,-9.033224,17.916779,-20.1372,12.358967,10.194032,10.133767,17.069788,26.298004,18.664612,-17.180775,2.5001695,1.0677416,13.8469095,15.950485,-38.759888,-20.285011,37.30588,-27.810577,-4.581661,0.3331981,-8.921589
116,5.30067777633667,32.9375114440918,76.07234954833984,-3.3534834958879407,-3.2072289889153227,-118.58349313279493,-35.87694,26.826347,15.13083,42.938854,11.014604,0.009335706,15.001493,-5.307159,-8.950239,17.619026,-18.388823,12.656921,10.318811,10.348707,16.689592,26.85921,18.70416,-17.615538,1.0542657,1.6038057,13.983626,15.936365,-38.39846,-20.271849,37.35599,-28.465137,-3.8882113,0.36191878,-9.362849
117,5.408221244812012,32.933563232421875,76.6142578125,-2.830644663581366,-2.9719436096122385,-118.56306965808083,-35.23101,24.68574,14.217086,40.85515,10.930675,-1.9041384,14.636019,-5.9148297,-8.681443,17.414684,-16.589573,13.058439,10.63752,10.509197,16.211096,27.46551,18.818233,-17.990774,-0.55987674,2.261207,14.104985,15.6596575,-38.004116,-20.262918,37.441574,-29.087719,-3.6234617,0.48384908,-9.703299
118,5.509452819824219,32.91414260864258,77.16155242919922,-2.282459126263595,-2.6874360349126176,-118.65908353022529,-34.35324,22.506552,13.312706,38.38468,10.39434,-4.228145,14.157145,-6.554374,-8.259645,17.252245,-14.701466,13.542197,11.0510435,10.619951,15.670127,28.104265,18.95739,-18.284912,-2.2910028,3.0990314,14.206908,15.172109,-37.587395,-20.262241,37.608063,-29.674318,-3.6122012,0.69422543,-9.979781
119,5.608453750610352,32.892459869384766,77.7020492553711,-1.7447111700015847,-2.3943100397363724,-118.8704836175078,-33.361816,20.527649,12.485,35.78213,9.629779,-6.4878125,13.620683,-7.1910276,-7.740721,17.12529,-12.84821,14.109218,11.538997,10.718873,15.129827,28.743433,19.131495,-18.52049,-4.108875,3.9563625,14.293149,14.613484,-37.219784,-20.256351,37.802853,-30.229053,-3.7639203,0.97061485,-10.104254
120,5.718152046203613,32.85242462158203,78.22179412841797,-1.2426899227434995,-2.1275004761614213,-119.18758824510824,-32.391056,18.917355,11.7662525,33.333443,8.898568,-8.292758,13.070955,-7.804255,-7.19478,17.042395,-11.159636,14.757354,12.055666,10.82205,14.660426,29.3855,19.357847,-18.684406,-6.020095,4.674399,14.373801,14.111983,-36.989693,-20.225525,37.972725,-30.757355,-3.9751408,1.2875396,-9.988597
121,5.815644264221191,32.82490921020508,78.7087173461914,-0.8704956751240855,-1.8569979658410578,-119.66180757526324,-31.534985,17.78428,11.070737,31.139172,8.220402,-9.716874,12.499694,-8.1892,-6.4826465,16.85189,-9.521833,15.000033,12.650255,11.006537,14.217093,30.050388,19.64324,-18.776665,-8.042729,5.1806784,14.434019,13.708796,-36.921333,-20.1533,38.086376,-31.235037,-4.238446,1.6429584,-9.525561
122,5.902941703796387,32.804779052734375,79.15655517578125,-0.5431749220347722,-1.5799926439292968,-120.26055633352911,-30.669594,16.923151,10.444129,29.017067,7.5227895,-10.95334,11.87068,-8.484307,-5.6657925,16.665218,-7.9486732,15.000033,13.306034,11.1907625,13.79765,30.74537,19.98956,-18.797583,-10.184098,5.562524,14.477212,13.335462,-36.96403,-20.029121,38.182316,-31.657791,-4.6241364,2.0441296,-8.785623
123,5.98961067199707,32.79553985595703,79.55648040771484,-0.25372742575629004,-1.3213965495738373,-120.91884174859275,-29.83159,16.29062,9.868221,27.060024,6.860728,-11.916841,11.247044,-8.77355,-5.028018,16.518461,-6.5401254,15.000033,13.946103,11.368607,13.4318,31.475857,20.405342,-18.721033,-12.447655,5.8961973,14.5447645,12.956689,-37.17733,-19.851099,38.288948,-32.005573,-5.0651393,2.4795609,-7.9431973
124,6.07548189163208,32.79618453979492,79.90484619140625,-0.008362661585790899,-1.1015861991063813,-121.57912540578617,-29.081322,15.868016,9.306843,25.383356,6.2746286,-12.520088,10.683908,-9.103691,-4.8336744,16.442265,-5.3888283,15.000033,14.507695,11.544885,13.142862,32.24464,20.904173,-18.523304,-14.83935,6.2579536,14.676428,12.535481,-37.5934,-19.620733,38.437557,-32.283424,-5.5112743,2.941865,-7.1754036
125,6.148889064788818,32.803810119628906,80.20079040527344,0.18647816408201015,-0.9100314828574635,-122.26104766823934,-28.491726,15.672799,8.68443,24.086107,5.7760134,-12.680075,10.202875,-9.455933,-5.1476607,16.362637,-4.5282416,15.000033,15.00709,11.715646,12.9304905,33.06868,21.494783,-18.197744,-17.392298,6.660531,14.881346,12.0608835,-38.226295,-19.335566,38.617764,-32.521374,-5.993592,3.4766548,-6.43506
126,6.225820064544678,32.82000732421875,80.44409942626953,0.34374011821006917,-0.7356325492717407,-122.98092808406098,-28.037642,15.678457,8.032991,23.111734,5.3290844,-12.4862,9.7575035,-9.828465,-5.831948,16.313654,-3.904358,15.000033,15.468618,11.868709,12.782331,33.95806,22.177599,-17.748102,-20.111227,7.0606036,15.13709,11.552681,-39.05011,-18.991512,38.812057,-32.713177,-6.5266643,4.069453,-5.6567492
127,6.3105573654174805,32.843955993652344,80.63096618652344,0.4872236617151206,-0.5985438231638384,-123.67946595695194,-27.641808,15.809044,7.4760857,22.360361,4.89584,-12.097645,9.320015,-10.293456,-6.8365607,16.454145,-3.4730296,15.000033,15.842443,11.997759,12.703485,34.906063,22.952427,-17.164223,-22.960192,7.450526,15.43603,11.019776,-40.047104,-18.592266,39.03267,-32.80596,-7.013112,4.630214,-4.9936924
128,6.393320083618164,32.87064743041992,80.76869201660156,0.6419462789995121,-0.5224991693707723,-124.29728369026049,-27.215967,15.992428,7.1394057,21.71941,4.445317,-11.671041,8.872406,-10.93034,-8.103586,16.939777,-3.199708,15.000033,16.082264,12.097326,12.703365,35.900246,23.81849,-16.438374,-25.898912,7.8237524,15.769764,10.471144,-41.176746,-18.144773,39.29684,-32.765133,-7.3678517,5.07417,-4.604816
129,6.4817070960998535,32.8873291015625,80.85491943359375,0.8398723493875717,-0.5279405592718034,-124.81014821668943,-26.733372,16.201218,7.1099477,21.184427,3.9940233,-11.191143,8.391886,-11.906195,-9.872141,17.983086,-3.1300817,15.000033,16.156347,12.142837,12.812334,36.961937,24.771284,-15.568913,-28.96304,8.249714,16.149189,9.91071,-42.459846,-17.656166,39.61042,-32.59977,-7.5800934,5.3963857,-4.5499983
130,6.574532508850098,32.898040771484375,80.88040161132812,1.0816419825448875,-0.6071608205463833,-125.24648842623941,-26.232046,16.447542,7.308412,20.79961,3.5450938,-10.59409,7.9475684,-13.184886,-12.068569,19.436914,-3.2930343,15.000033,16.108217,12.126153,13.033706,38.08207,25.81219,-14.556536,-32.159225,8.711172,16.572178,9.331017,-43.818382,-17.116661,39.98348,-32.387783,-7.7600584,5.641813,-4.749388
131,6.6660685539245605,32.90673828125,80.85343933105469,1.3328906550249915,-0.7400573186898374,-125.62939767055788,-25.719294,16.735209,7.6070237,20.520624,3.0574598,-9.964587,7.640548,-14.4927,-14.179975,20.893581,-3.6094217,15.000033,15.937989,12.066923,13.320027,39.28921,26.931576,-13.346679,-35.437607,9.054373,17.014286,8.736001,-45.39875,-16.546865,40.30492,-31.987305,-7.6646695,5.798694,-5.1291037
132,6.74576997756958,32.913814544677734,80.77385711669922,1.5303287994662533,-0.8955617126000193,-125.99078770743294,-25.223606,17.104366,7.865596,20.315254,2.4913898,-9.39121,7.5118504,-15.494722,-15.709724,21.941053,-3.9623108,15.000033,15.793133,12.028789,13.625904,40.457123,28.155012,-11.978949,-38.685513,9.153454,17.455614,8.116591,-46.719376,-15.901513,40.733734,-31.639273,-7.7040415,5.8594456,-5.6590652
133,6.81231689453125,32.924293518066406,80.65082550048828,1.6499143642121383,-1.078843697154586,-126.32916279283083,-24.738153,17.606012,8.124034,20.173786,1.8258393,-8.918205,7.5391674,-16.047125,-16.471159,22.489925,-4.2880077,15.000033,15.521787,12.008268,13.926552,41.792347,29.448229,-10.357583,-41.988827,8.91557,17.8882,7.557476,-48.477375,-15.249713,40.96586,-30.89572,-7.1231585,5.7485404,-6.350437
134,6.8742265701293945,32.94066619873047,80.47914123535156,1.7121911798636826,-1.2983930756049042,-126.63525688774732,-24.261547,18.226416,8.42417,20.116838,1.0859551,-8.495736,7.6782045,-16.30867,-16.759281,22.747427,-4.63687,15.000033,15.236874,12.002964,14.260995,43.174103,30.828773,-8.549403,-45.324013,8.4499655,18.329945,7.026882,-50.11918,-14.56143,41.24552,-30.140919,-6.527077,5.493117,-7.250532
135,6.922275543212891,32.96095657348633,80.26725769042969,1.6965230783784606,-1.5114947218535755,-126.94505292014024,-23.866285,18.952307,8.617159,20.187597,0.29449478,-8.077952,7.8778076,-16.343836,-16.801891,22.76536,-5.0608606,14.886308,14.969286,12.031232,14.563061,44.609417,32.267838,-6.485528,-48.6469,7.7884507,18.80221,6.4434004,-51.74874,-13.845585,41.49424,-29.33021,-5.8471365,5.2155313,-8.193756
136,6.969818592071533,32.986785888671875,80.00625610351562,1.6343812072669222,-1.692176384652327,-127.27520307356156,-23.577318,19.697723,8.583537,20.379467,-0.5066624,-7.5992064,8.099753,-16.302946,-16.809881,22.64721,-5.648574,14.722878,14.754702,12.076818,14.802366,46.038685,33.725872,-4.1304293,-51.871685,6.98381,19.326923,5.710546,-53.31917,-13.114203,41.705566,-28.518303,-5.1575127,5.0445447,-9.0325365
137,7.013984680175781,33.00507354736328,79.71238708496094,1.5917450404513194,-1.8466535661191121,-127.6161276748609,-23.393589,20.382526,8.288803,20.706184,-1.3145803,-6.941218,8.35659,-16.297453,-16.759241,22.425024,-6.5304203,14.863599,14.586159,12.090934,14.993555,47.433426,35.176044,-1.4392773,-54.992916,5.9809,19.972128,4.6829405,-54.852882,-12.377249,41.889305,-27.677881,-4.4203224,5.000433,-9.797976
138,7.059834003448486,33.02124786376953,79.40623474121094,1.5046918831649816,-1.9772843944142784,-127.97460888699699,-23.323923,21.10817,7.7790804,21.17156,-2.1530962,-6.1747584,8.658467,-16.172932,-16.569674,22.007898,-7.6049156,15.000033,14.462325,12.134146,15.124391,48.784306,36.597275,1.5399505,-57.988564,4.7903967,20.717812,3.4543047,-56.37008,-11.641755,42.05182,-26.783634,-3.6007752,5.0171866,-10.547421
139,7.113157749176025,33.030845642089844,79.09031677246094,1.3352596668285803,-2.08963374687506,-128.3480994845139,-23.30462,21.888086,7.129937,21.67165,-2.9792583,-5.4760337,8.983924,-15.910266,-16.30764,21.448156,-8.693831,15.000033,14.366061,12.3138895,15.115849,49.379105,37.96746,4.4038777,-60.000134,3.5603945,21.345354,2.2215607,-57.792965,-10.909992,42.222866,-25.833502,-2.7603798,5.0958357,-11.175256
140,7.178883075714111,33.02997970581055,78.772705078125,1.1118749223658193,-2.208633274428389,-128.71026160226722,-23.211067,22.648304,6.462652,22.04884,-3.7289646,-5.0017047,9.320398,-15.60003,-16.042692,20.863297,-9.65964,15.000033,14.324219,12.869701,14.86812,48.09357,39.372753,6.172461,-60.000134,2.5804815,21.72873,1.1965811,-59.152317,-10.162431,42.51942,-24.562279,-1.9823405,5.249312,-11.585085
141,7.25728178024292,33.01161575317383,78.45206451416016,0.8126991264115386,-2.352810251537142,-129.04620367567088,-23.043447,23.41447,5.778394,22.32217,-4.4142227,-4.7856293,9.699222,-15.218728,-15.77031,20.235554,-10.49184,15.000033,14.22167,13.517968,14.644746,46.935863,40.831326,8.013409,-60.000134,1.767181,21.941141,0.49750984,-60.46637,-9.418089,42.785175,-23.356009,-1.2599152,5.535137,-11.721506
142,7.3502888679504395,32.98227310180664,78.1353759765625,0.45083424096714303,-2.5093584031838057,-129.36682686410623,-22.838537,24.189463,5.041959,22.539574,-5.049457,-4.7379613,10.115555,-14.764664,-15.455651,19.536655,-11.268478,15.000033,14.065343,14.219351,14.439432,45.917152,42.334286,10.020142,-60.000134,1.0292932,22.035772,-0.019018423,-61.732327,-8.6847105,43.022537,-22.22376,-0.5614722,5.9370794,-11.651467
143,7.454714775085449,32.933712005615234,77.83499145507812,0.07280041585340112,-2.6398507628728654,-129.69209908232324,-22.58674,24.917067,4.290885,22.670504,-5.612467,-4.840824,10.476121,-14.312757,-15.136306,18.87713,-11.988444,15.000033,13.885941,14.90007,14.225499,45.03207,43.863434,12.10826,-60.000134,0.38799182,22.100159,-0.37476736,-62.874695,-7.9688077,43.238247,-21.214285,0.043443438,6.3677144,-11.460756
144,7.553277969360352,32.87202072143555,77.55056762695312,-0.27970672687978454,-2.705871677797353,-130.04250979971934,-22.287312,25.545029,3.5566545,22.703354,-6.0864925,-5.076843,10.687255,-13.930039,-14.855118,18.36814,-12.64811,15.000033,13.713006,15.492081,13.975142,44.26537,45.39736,14.188453,-60.000134,-0.13200545,22.224821,-0.59280294,-63.820156,-7.276856,43.441925,-20.374195,0.48832563,6.736888,-11.233462
145,7.656650066375732,32.78741455078125,77.28868865966797,-0.6198933220564623,-2.697835381465448,-130.41840716904875,-21.93737,26.084742,2.82237,22.616388,-6.486663,-5.483435,10.7533245,-13.605682,-14.671952,17.993134,-13.249907,15.000033,13.547896,16.001883,13.678674,43.62776,46.92674,16.289652,-60.000134,-0.5067873,22.405941,-0.60611063,-64.56578,-6.61312,43.63303,-19.716475,0.7400392,7.052253,-10.942512
146,7.764916896820068,32.68347930908203,77.05745697021484,-0.9657331807354408,-2.6361176347436066,-130.81070582549177,-21.537714,26.560722,2.0831783,22.434254,-6.824595,-6.0526886,10.714641,-13.30848,-14.554094,17.708048,-13.7927885,15.000033,13.376895,16.459555,13.350575,43.139313,48.439175,18.465326,-60.000134,-0.75093716,22.602608,-0.4261739,-65.15084,-5.982703,43.809746,-19.22002,0.83979,7.3518515,-10.559
147,7.884045600891113,32.56200408935547,76.8582763671875,-1.2846014586922645,-2.526802130657615,-131.22502642145145,-21.085333,26.941189,1.385823,22.198479,-7.0744023,-6.7013626,10.540762,-13.071018,-14.410214,17.568653,-14.260054,15.000033,13.196759,16.83313,13.008798,42.787193,49.906822,20.679213,-60.000134,-0.90544236,22.85001,-0.20194621,-65.565865,-5.391696,43.988228,-18.883526,0.83290046,7.588479,-10.1634035
148,8.006551742553711,32.424049377441406,76.69772338867188,-1.5444350831293288,-2.3759895129409383,-131.66665273243174,-20.583473,27.192265,0.7702024,21.957993,-7.2112236,-7.3485675,10.195042,-12.928452,-14.146641,17.645836,-14.643209,15.000033,13.005174,17.097193,12.665189,42.539127,51.292114,22.852169,-60.000134,-0.98403746,23.179283,-0.087459356,-65.79846,-4.847504,44.188984,-18.700777,0.77035016,7.714948,-9.836794
149,8.131093978881836,32.272865295410156,76.57170104980469,-1.7247147159758434,-2.1590031817517614,-132.14739007076352,-20.040684,27.267012,0.17412645,21.716759,-7.161707,-8.015395,9.64691,-12.90038,-13.746902,17.939783,-14.939459,15.000033,12.807651,17.222858,12.304687,42.36993,52.564457,25.009401,-60.000134,-0.94682306,23.621548,-0.19054432,-65.81874,-4.3547387,44.435287,-18.706034,0.64280236,7.7014127,-9.621841
150,8.264678001403809,32.105186462402344,76.48101806640625,-1.8487182034779133,-1.8803284604479567,-132.66041627249402,-19.455345,27.193645,-0.40663826,21.457346,-6.9681816,-8.733606,8.9218,-12.958828,-13.25875,18.418211,-15.152895,15.000033,12.590224,17.238295,11.933306,42.283325,53.71356,27.17682,-60.000134,-0.7803307,24.146936,-0.42757878,-65.64577,-3.9125562,44.725414,-18.896461,0.43698135,7.5774875,-9.470492
151,8.410115242004395,31.92244529724121,76.41921997070312,-1.9486351675961895,-1.5899067063211976,-133.18272668553598,-18.809576,27.048855,-0.84242296,21.179169,-6.763739,-9.437552,8.0747795,-13.064243,-12.686149,19.08677,-15.276645,15.000033,12.320416,17.201864,11.599091,42.28276,54.741997,29.280346,-60.000134,-0.5498171,24.697874,-0.6631524,-65.33431,-3.5169969,45.041996,-19.219145,0.19358765,7.3857675,-9.328319
152,8.571374893188477,31.728687286376953,76.38142395019531,-2.0557663958516708,-1.3378711972877046,-133.69180995807287,-18.088476,26.909517,-1.0010037,20.882366,-6.677133,-10.058439,7.162065,-13.179748,-12.033684,19.951456,-15.304132,15.000033,11.971236,17.172518,11.34818,42.36544,55.661953,31.238459,-60.000134,-0.32888407,25.21989,-0.7530768,-64.93874,-3.163607,45.364098,-19.614822,-0.047197666,7.1691165,-9.139999
153,8.751336097717285,31.527307510375977,76.35950469970703,-2.1793488189514796,-1.1332461161514438,-134.18269206724466,-17.274094,26.78479,-0.81646484,20.580187,-6.7294483,-10.631209,6.204211,-13.286888,-11.305123,20.999086,-15.22473,15.000033,11.541229,17.164122,11.185891,42.507633,56.474403,33.006245,-60.000134,-0.19850183,25.711777,-0.6228564,-64.42906,-2.8507218,45.687828,-20.082375,-0.2934418,6.885502,-8.892304
154,8.943787574768066,31.314350128173828,76.35224151611328,-2.3014372598392616,-0.950760776882001,-134.6677502736991,-16.383762,26.629896,-0.3702619,20.266573,-6.851431,-11.1733,5.173747,-13.401569,-10.500466,22.221083,-15.04063,15.000033,11.017318,17.172607,11.079936,42.493916,57.21392,34.48751,-59.761623,-0.08685739,26.134485,-0.39940947,-63.78339,-2.5695672,46.055573,-20.630222,-0.54930675,6.5261016,-8.613981
155,9.156229019165039,31.084278106689453,76.3526611328125,-2.41344053516343,-0.7890974689746769,-135.1524477582313,-15.452262,26.444393,0.25185296,19.908949,-7.031088,-11.588417,4.0550475,-13.535402,-9.618228,23.63177,-14.767688,15.000033,10.401644,17.237167,11.001528,42.051624,57.990395,35.48239,-59.017025,0.15521193,26.432604,-0.20151249,-63.074463,-2.2994072,46.49889,-21.17534,-0.7870812,6.1870165,-8.317004
156,9.378835678100586,30.83711051940918,76.35891723632812,-2.506633718586056,-0.6439574676351825,-135.64289580334952,-14.519598,26.232347,0.96233195,19.482662,-7.259905,-11.780915,2.833625,-13.69593,-8.655867,25.234936,-14.4184265,15.000033,9.771703,17.289928,10.949928,41.51648,58.83065,36.24041,-58.144592,0.5968046,26.714708,-0.019103361,-62.38671,-2.046855,46.922382,-21.704725,-1.0023948,5.9731927,-7.998321
157,9.610014915466309,30.581096649169922,76.36500549316406,-2.593166921814786,-0.5004051601179828,-136.13502523087226,-13.627992,25.9804,1.7834712,19.105738,-7.803958,-11.469557,1.4931439,-13.872286,-7.649743,27.061144,-14.0029,15.000033,9.113844,17.32611,10.907202,40.96741,59.734863,36.800304,-57.185658,1.2771227,26.961123,0.20000061,-61.682343,-1.8181245,47.319843,-22.262228,-1.1879807,5.921863,-7.643106
158,9.845418930053711,30.318809509277344,76.36589050292969,-2.6738240497311967,-0.36347820918827706,-136.63059560770913,-12.762805,25.69109,2.7357285,18.77386,-8.585656,-10.788767,0.058409687,-14.039692,-6.5974655,29.068573,-13.505105,15.000033,8.428993,17.342112,10.881919,40.377964,60.69438,37.146816,-56.127953,2.1190963,27.181433,0.47782853,-60.935993,-1.6200325,47.691166,-22.85869,-1.3570694,5.976752,-7.2524705
159,10.085607528686523,30.059539794921875,76.38570404052734,-2.7219487761451373,-0.26005179135306705,-137.1437892262434,-11.854217,25.399654,3.7463162,18.251333,-9.077715,-10.278508,-1.4256978,-14.186825,-5.435765,31.166729,-12.894621,15.000033,7.74825,17.30469,10.917761,39.693733,61.711582,37.321693,-54.964283,3.050225,27.413973,0.69731224,-60.226494,-1.4583429,48.02337,-23.462963,-1.519784,6.096681,-6.8540316
160,10.332618713378906,29.795381546020508,76.38426208496094,-2.7117592856628603,-0.21734845892907567,-137.6873895333073,-10.814397,25.140108,4.7574587,17.284138,-8.741901,-10.489976,-2.916935,-14.306983,-4.1001277,33.27856,-12.145811,15.000033,7.103334,17.177324,11.056098,38.866272,62.794125,37.37203,-53.68237,3.9949944,27.692242,0.74364704,-59.632412,-1.3373787,48.30327,-24.043896,-1.6848731,6.2404714,-6.4749985
161,10.573763847351074,29.54625701904297,76.4325942993164,-2.62041401765597,-0.23635804137979133,-138.27379592228792,-9.524299,24.889471,5.7593923,15.513561,-7.012756,-11.78118,-4.477141,-14.406159,-2.4966345,35.500656,-11.195202,15.000033,6.4968424,16.936272,11.309109,37.883904,63.94608,37.30371,-52.30489,5.0048656,28.027126,0.54905236,-59.173573,-1.2652453,48.53145,-24.620619,-1.8500458,6.438724,-6.1148295
162,10.806877136230469,29.31145668029785,76.49056243896484,-2.473378159015607,-0.3063687023750028,-138.89758606223901,-8.031193,24.583357,6.7414823,13.146355,-4.223227,-13.771614,-6.079109,-14.449249,-0.70393515,37.813297,-10.073105,15.000033,5.9239874,16.602163,11.651658,36.760113,65.16473,37.08346,-50.830517,6.0956674,28.3929,0.18798254,-58.798122,-1.247361,48.71159,-25.217089,-2.01332,6.6995754,-5.7613997
163,11.036714553833008,29.09785270690918,76.4969711303711,-2.178716707046902,-0.40628900592561046,-139.4834783192191,-6.522297,23.974272,7.7139173,10.702341,-1.2092261,-15.000033,-7.6303387,-14.586233,1.109427,40.086197,-8.955038,15.000033,5.3510013,16.078686,12.051581,35.480213,66.44775,36.692238,-49.218906,7.1384454,28.774393,-0.24008913,-58.479694,-1.2793384,48.83142,-25.809011,-2.1789143,6.948326,-5.424496
164,11.273910522460938,28.900182723999023,76.46224212646484,-1.8431999751213521,-0.5346351409466108,-139.99678420272699,-5.616296,23.315044,8.54806,9.572825,0.6209596,-15.000033,-8.997173,-14.752902,2.7375326,42.12623,-7.973957,15.000033,4.779795,15.467748,12.4684,34.027565,67.790504,36.105106,-47.434696,7.995758,29.163055,-0.6327829,-58.198597,-1.3474756,48.87851,-26.358269,-2.3479223,7.1116366,-5.1119695
165,11.48939323425293,28.726152420043945,76.46270751953125,-1.5727786397221852,-0.7763822659391884,-140.56417884268848,-4.5798306,22.874218,9.598916,8.671199,1.5109764,-15.000033,-10.083618,-14.764925,4.2515874,43.803032,-7.0040393,15.000033,4.3040185,14.857069,12.980328,32.378624,69.19191,35.322857,-45.465878,8.609644,29.584272,-1.0220037,-57.990303,-1.4403105,48.83478,-26.84073,-2.4955258,7.1238956,-4.836982
166,11.685476303100586,28.588699340820312,76.44603729248047,-1.3207651429614968,-1.1022294052905437,-141.15899354697805,-3.440009,22.517328,10.791889,7.7904887,1.9079436,-15.000033,-10.992305,-14.704804,5.699989,45.269745,-6.029509,15.000033,3.8911493,14.205703,13.57413,30.516188,70.64708,34.32276,-43.33385,9.054801,30.036844,-1.4385552,-57.857674,-1.5523335,48.711105,-27.26736,-2.6308274,7.040074,-4.590576
167,11.852807998657227,28.493425369262695,76.42144775390625,-1.0852079105815464,-1.4279620218385358,-141.67658080403976,-2.383487,22.162775,11.900222,6.956063,2.0780191,-15.000033,-11.763267,-14.6775255,6.90387,46.55901,-5.216167,15.000033,3.486419,13.506892,14.160731,28.420294,72.14424,33.047306,-41.041725,9.402265,30.471642,-1.7782434,-57.7335,-1.6781864,48.531723,-27.67131,-2.8138947,6.961635,-4.352557
168,11.993661880493164,28.428510665893555,76.39970397949219,-0.8589848877627714,-1.6727575363148208,-142.01810552101477,-1.6204673,21.783064,12.693841,6.2928157,2.261361,-15.000033,-12.443755,-14.780964,7.713171,47.695248,-4.720235,15.000033,3.0402303,12.7468405,14.652051,26.05945,73.66668,31.430098,-38.589195,9.722386,30.83904,-1.9367753,-57.55079,-1.8122796,48.324223,-28.085266,-3.1079621,6.9892545,-4.102653
169,12.111396789550781,28.39413833618164,76.38085174560547,-0.623393820564069,-1.8275897926260796,-142.15767509801273,-1.3649544,21.440153,13.064626,6.233569,2.3003879,-15.000033,-13.029162,-15.048936,8.110607,48.65425,-4.5581284,15.000033,2.5273309,11.886654,15.038254,23.451757,75.20776,29.462053,-35.965218,9.9726515,31.102959,-1.7955571,-57.28484,-1.9448886,48.08561,-28.509924,-3.5532317,7.1365128,-3.844894
170,12.21992301940918,28.382999420166016,76.36421966552734,-0.3770335153141948,-1.9353523332795612,-142.15331370486044,-1.2470013,21.088345,13.240119,6.1842384,2.3553574,-15.000033,-13.521321,-15.447242,8.208716,49.439228,-4.631835,15.000033,1.9776387,10.928455,15.365235,20.56714,76.75249,27.14138,-33.190464,10.1234865,31.299938,-1.4338955,-56.980587,-2.0697176,47.804943,-28.930227,-4.110638,7.352426,-3.584919
171,12.320584297180176,28.373708724975586,76.34333038330078,-0.1356806783585454,-1.9967506623256803,-142.03288688057984,-1.2634708,20.72425,13.245212,6.145728,2.4162111,-15.000033,-13.958814,-15.957851,8.07669,50.10909,-4.97764,15.000033,1.4193314,9.918346,15.634135,17.319632,78.25491,24.428377,-30.320345,10.268579,31.487617,-1.0478868,-56.6784,-2.1906376,47.498714,-29.352022,-4.7216578,7.6404576,-3.3043003
172,12.417333602905273,28.35441780090332,76.3236083984375,0.08302444470849454,-2.0131277744144946,-141.8218848014552,-1.3980039,20.35401,13.104894,6.120376,2.4798052,-15.000033,-14.369576,-16.561277,7.776147,50.71696,-5.634794,15.000033,0.8752437,8.910878,15.853618,13.643809,79.644875,21.300037,-27.42251,10.51528,31.722385,-0.8408819,-56.41627,-2.318879,47.192326,-29.783886,-5.32972,8.004406,-2.9860938
173,12.511957168579102,28.326679229736328,76.30821990966797,0.29789390209752703,-1.9804859262839325,-141.47161747621342,-1.6636621,19.938154,12.758215,6.109404,2.5569944,-15.000033,-14.741244,-17.30828,7.303019,51.283722,-6.78734,15.000033,0.29995954,7.905694,16.03383,9.601063,80.8623,17.791489,-24.537336,10.894963,32.00053,-0.85778666,-56.173676,-2.4622626,46.90082,-30.231253,-5.9451723,8.47098,-2.610552
174,12.601752281188965,28.303707122802734,76.30047607421875,0.5100204392974966,-1.905956555219136,-140.9801773411963,-2.0464008,19.482225,12.214522,6.1208396,2.645282,-15.000033,-15.04333,-18.206366,6.611897,51.77956,-8.370055,15.000033,-0.32792822,6.9010024,16.188124,5.3013883,81.86708,14.00324,-21.675257,11.381992,32.29292,-1.0088784,-55.955086,-2.620752,46.631466,-30.684067,-6.589419,9.028491,-2.1911767
175,12.68148422241211,28.291231155395508,76.30052185058594,0.6794601973357703,-1.807011214216454,-140.44312135690654,-2.4750807,19.054972,11.609607,6.1353793,2.7393386,-15.000033,-15.2724,-19.165707,5.698848,52.174717,-10.044215,15.000033,-0.95226246,5.9455647,16.336426,0.8111148,82.61473,10.0674515,-18.852592,12.003472,32.61643,-1.300948,-55.833107,-2.7935517,46.391922,-31.125635,-7.220877,9.623898,-1.764203
176,12.754241943359375,28.28814125061035,76.31464385986328,0.7691920462231935,-1.6988497653055632,-139.96092899765625,-2.890094,18.744331,11.075357,6.1485333,2.839099,-15.000033,-15.428401,-20.07967,4.584938,52.43883,-11.478598,15.000033,-1.5105085,5.0837708,16.496416,-3.78493,83.06578,6.13209,-16.073439,12.788994,32.98619,-1.7433056,-55.88398,-2.980112,46.188107,-31.533257,-7.7916703,10.206191,-1.3676337
177,12.821799278259277,28.288686752319336,76.33973693847656,0.7460557814895012,-1.5657291719446398,-139.55327463017886,-3.299802,18.609621,10.631753,6.1543593,2.9583626,-15.000033,-15.50924,-20.956854,3.1622813,52.54386,-12.635862,15.000033,-1.9899673,4.3614006,16.66583,-8.388084,83.197174,2.3224673,-13.332054,13.903646,33.449684,-2.526563,-56.12004,-3.180001,46.053383,-31.91876,-8.264708,10.769816,-1.0152065
178,12.882622718811035,28.291139602661133,76.3658676147461,0.6362411075364569,-1.4089227044946822,-139.16620625916784,-3.7371929,18.600609,10.201714,6.1746097,3.0866199,-15.000033,-15.4831505,-21.834936,1.435306,52.51846,-13.704119,15.000033,-2.4293764,3.7619827,16.845123,-12.886158,83.01298,-1.2726636,-10.604304,15.312706,33.966103,-3.605252,-56.515278,-3.3905754,45.98232,-32.26511,-8.672782,11.341376,-0.688406
179,12.934883117675781,28.300338745117188,76.3874740600586,0.49613943631267143,-1.2630485543402004,-138.79818074170254,-4.1496677,18.648588,9.789303,6.1859374,3.2304945,-15.000033,-15.329387,-22.63929,-0.37200496,52.403915,-14.664031,15.000033,-2.8282309,3.2222612,17.047295,-17.189175,82.53336,-4.581424,-7.848019,16.728031,34.42979,-4.622748,-57.07767,-3.6057613,45.91647,-32.51877,-9.077204,11.917734,-0.37772453
180,12.972010612487793,28.330183029174805,76.4024887084961,0.38259190260861325,-1.1595979645797705,-138.45176544553377,-4.5028124,18.683464,9.400646,6.192647,3.379622,-15.000033,-15.057988,-23.297003,-2.0113494,52.24158,-15.481408,15.000033,-3.1809752,2.6713374,17.278978,-21.222317,81.78529,-7.558158,-5.030274,17.843142,34.759823,-5.2064734,-57.814045,-3.816879,45.79591,-32.62729,-9.538848,12.495204,-0.07083019
181,12.997220039367676,28.373903274536133,76.40818786621094,0.30267367207319185,-1.1048416306360462,-138.15548191196743,-4.774108,18.703138,9.066712,6.1893044,3.5244505,-15.000033,-14.695018,-23.78639,-3.432747,52.031307,-16.078587,15.000033,-3.4605398,2.0854416,17.541174,-24.925856,80.78456,-10.172992,-2.139817,18.613642,34.970314,-5.2074914,-58.730675,-4.0166736,45.584908,-32.6188,-10.058149,13.091888,0.29868177
182,13.010414123535156,28.436655044555664,76.40110778808594,0.23073633049069422,-1.0786813907864432,-137.90352710413794,-4.9939117,18.740547,8.778887,6.188973,3.6652436,-15.000033,-14.251594,-24.13895,-4.7439814,51.753666,-16.485228,15.000033,-3.6678238,1.4955125,17.82138,-28.29829,79.54096,-12.406156,0.83060765,19.181856,35.108017,-4.831478,-59.823498,-4.20119,45.31385,-32.4988,-10.609878,13.702123,0.7070426
183,13.004816055297852,28.522010803222656,76.38005828857422,0.17656580225552454,-1.0709798882432007,-137.64924241359805,-5.1938496,18.771343,8.494744,6.186217,3.8252954,-15.000033,-13.737172,-24.361362,-5.91941,51.414036,-16.808647,15.000033,-3.8350239,0.9101546,18.104067,-31.384977,78.075356,-14.263383,3.898822,19.513544,35.15003,-4.2280607,-61.076477,-4.3657093,45.022316,-32.189575,-11.218441,14.286652,1.0306745
184,12.983187675476074,28.624279022216797,76.34603881835938,0.14973816295747272,-1.0717652048942246,-137.34625214737338,-5.4073324,18.772238,8.171334,6.1745667,4.030287,-15.000033,-13.160857,-24.464249,-6.9336104,51.017002,-17.153927,15.000033,-3.9955263,0.33437145,18.373798,-34.255352,76.41626,-15.770963,7.0826635,19.569134,35.0694,-3.544859,-62.47312,-4.5055666,44.74892,-31.617777,-11.904577,14.809104,1.1459304
185,12.9506196975708,28.74302864074707,76.29856872558594,0.16891742259300532,-1.0762457300005883,-136.99860088222792,-5.681436,18.732834,7.802812,6.246747,4.2276096,-15.000033,-12.5559025,-24.425016,-7.6979218,50.570217,-17.590887,15.000033,-4.1449428,-0.2708381,18.61867,-36.955467,74.5846,-16.948809,10.429133,19.112314,34.78786,-2.6987774,-63.990025,-4.614107,44.474125,-30.788788,-12.742422,15.270489,1.0523807
186,12.907041549682617,28.881311416625977,76.23583984375,0.22252789251262803,-1.0879076192574846,-136.62709550580288,-5.970413,18.667744,7.4203153,6.333814,4.4489164,-15.000033,-11.926318,-24.247335,-8.2396145,50.06792,-18.037323,15.000033,-4.2680054,-0.9041332,18.846764,-39.470547,72.59485,-17.806398,13.9233885,18.243193,34.33323,-1.6540357,-65.640816,-4.688565,44.183628,-29.737621,-13.696194,15.691751,0.807658
187,12.856711387634277,29.03301429748535,76.15798950195312,0.3060031714857535,-1.1140867123917884,-136.21268738691944,-6.2734313,18.572495,7.0098033,6.4294224,4.7057033,-15.000033,-11.240997,-24.016218,-8.684333,49.506004,-18.377842,15.000033,-4.3768015,-1.5368465,19.078636,-41.794647,70.47,-18.363558,17.482344,17.41671,33.84577,-0.6172131,-67.46351,-4.7349205,43.930313,-28.437862,-14.624061,16.06881,0.3711703
188,12.798818588256836,29.200843811035156,76.0663833618164,0.4106777945494968,-1.1621382725386113,-135.73581839817487,-6.5955987,18.444462,6.551115,6.538469,5.0065885,-15.000033,-10.469199,-23.80582,-9.162269,48.887333,-18.502666,15.000033,-4.4853616,-2.1367428,19.33681,-43.930008,68.236534,-18.64159,21.015062,17.067722,33.480988,0.2232871,-69.48948,-4.76622,43.768295,-26.874882,-15.382728,16.396645,-0.30117917
189,12.737759590148926,29.378921508789062,75.96530151367188,0.5373881479301117,-1.2332019326937909,-135.17373187219235,-7.4654493,18.31827,5.858633,7.715944,4.7740207,-15.000033,-9.611083,-23.577997,-9.617282,48.24608,-18.169828,15.000033,-4.621151,-2.7152765,19.63515,-45.960693,65.91851,-18.686646,24.570677,17.398762,33.31627,0.7755544,-71.736206,-4.790661,43.730713,-25.057652,-15.815893,16.668482,-1.4201232
190,12.673491477966309,29.56508445739746,75.8466796875,0.6826219434889296,-1.3237743261927708,-134.54074521056512,-8.624518,18.165344,5.024351,9.441149,4.2867417,-15.000033,-8.683826,-23.305048,-10.0091505,47.571457,-17.508362,15.000033,-4.7701964,-3.2822492,19.962137,-47.9049,63.529354,-18.505735,28.159586,18.124754,33.266087,1.170404,-74.166046,-4.813336,43.787025,-23.020416,-16.035616,16.888481,-2.9015143
191,12.603710174560547,29.760652542114258,75.70894622802734,0.8256309101409218,-1.433158949716942,-133.87229724252546,-9.880936,17.99368,4.1259675,11.346966,3.7803414,-15.000033,-7.670758,-23.072004,-10.501382,46.790726,-16.962063,15.000033,-4.8893523,-3.7904782,20.30646,-49.657944,61.079468,-18.049622,31.614342,18.945602,33.249016,1.5579147,-76.73228,-4.8475375,43.90774,-20.78012,-16.301945,17.069427,-4.347514
192,12.527606010437012,29.959335327148438,75.55392456054688,0.9442361773746992,-1.5597670821204965,-133.20493067481976,-11.2629,17.832802,3.1729934,13.5114765,3.2528965,-15.000033,-6.5509167,-22.954132,-11.260138,45.82437,-16.969925,15.000033,-4.936067,-4.185634,20.660975,-51.102123,58.581825,-17.262701,34.745705,19.564455,33.18238,2.0839705,-79.388176,-4.911396,44.069614,-18.358398,-16.876783,17.230425,-5.362724
193,12.451626777648926,30.1629695892334,75.37359619140625,1.0071081325478766,-1.7056403163428357,-132.5348830063526,-12.751589,17.708601,2.1879213,15.909093,2.6467984,-15.000033,-5.2248487,-22.94711,-12.453477,44.51208,-17.744753,15.000033,-4.9186583,-4.4486055,21.041302,-52.337975,56.042183,-16.110672,37.728176,19.83043,32.999714,2.8988228,-82.16403,-5.0209975,44.256123,-15.779189,-17.836039,17.357403,-5.8589034
194,12.371803283691406,30.374774932861328,75.17510223388672,1.0199274459064933,-1.8671867219407015,-131.85253457304472,-14.3526,17.602219,1.1559408,18.529648,1.972376,-15.000033,-3.7283792,-22.956295,-13.944883,42.90956,-18.987692,15.000033,-4.8598337,-4.597245,21.455688,-53.438515,53.463398,-14.654202,40.570923,19.943829,32.757347,3.88182,-85.05752,-5.1818643,44.502354,-13.066519,-19.03627,17.441778,-6.0511065
195,12.297311782836914,30.589038848876953,74.97811126708984,1.0212631916171928,-2.0363164878599145,-131.18366074825536,-16.078741,17.462698,0.052172244,21.378658,1.3850642,-15.000033,-2.242756,-22.943087,-15.45033,41.27075,-20.383156,15.000033,-4.713043,-4.6223993,21.872337,-54.170662,50.870956,-13.002828,42.75439,20.079834,32.56259,4.7790227,-87.96049,-5.3982353,44.862465,-10.216051,-20.415443,17.50976,-5.997333
196,12.235342025756836,30.79131317138672,74.77237701416016,1.060276503250511,-2.209584474180843,-130.54911817898213,-17.926935,17.219461,-1.1396537,24.446238,1.048945,-15.000033,-0.94712144,-22.930895,-16.7065,39.880386,-21.652966,15.000033,-4.4793897,-4.549861,22.281717,-54.439884,48.28248,-11.290041,43.88842,20.460093,32.521595,5.3136277,-90.77472,-5.665314,45.39261,-7.264994,-21.90414,17.588871,-5.7563734
197,12.188875198364258,30.97640609741211,74.56216430664062,1.1676724754014998,-2.397324818203831,-129.91738456098312,-19.993128,16.794024,-2.4938676,27.92964,1.0045325,-15.000033,0.16645837,-22.986343,-17.709581,38.772556,-22.856611,15.000033,-4.1621118,-4.412098,22.671741,-54.179504,45.695614,-9.444027,43.80914,21.264538,32.727966,5.244587,-93.55912,-5.995609,46.13023,-4.147093,-23.69742,17.74422,-5.2644057
198,12.161762237548828,31.145309448242188,74.34650421142578,1.3239525510018604,-2.6001824211741,-129.28715517329712,-22.206097,16.180185,-3.9382224,31.717484,1.1913662,-15.000033,1.1763014,-23.118935,-18.595541,37.827393,-24.11942,15.000033,-3.7780123,-4.205115,23.05392,-53.505035,43.09932,-7.4745207,42.738544,22.355621,33.097347,4.7447505,-96.31787,-6.3915496,47.05571,-0.91248465,-25.758247,17.921164,-4.523938
199,12.166849136352539,31.286958694458008,74.12592315673828,1.5112548802614756,-2.8042569931344974,-128.72007643448543,-24.34123,15.440914,-5.277653,35.39899,1.5897559,-15.000033,2.0066745,-23.329071,-19.315485,37.138283,-25.29389,15.000033,-3.3003056,-3.8949301,23.420341,-52.367256,40.50765,-5.6278057,40.683113,23.407833,33.484188,4.182971,-98.85542,-6.8283253,48.10676,2.2880778,-27.677889,17.979908,-3.68472
200,12.202298164367676,31.396648406982422,73.91201782226562,1.7075017149601177,-2.994955446187528,-128.2776430667762,-26.207418,14.696914,-6.344244,38.60795,2.1556304,-15.000033,2.581938,-23.607449,-19.81058,36.79335,-26.225508,15.000033,-2.7093253,-3.453609,23.761482,-50.69898,37.95166,-4.168866,37.653255,24.07332,33.756344,3.9404593,-100.99473,-7.2656627,49.192814,5.3214364,-29.049152,17.800823,-2.8915796
201,12.262319564819336,31.477645874023438,73.72566223144531,1.8761658466939213,-3.2149866100050315,-127.87785202255432,-27.89927,13.95304,-7.245495,41.503403,3.0219986,-15.000033,2.965664,-23.952087,-20.164177,36.87669,-26.893461,15.000033,-2.0849342,-2.8364754,24.130089,-48.27175,35.428646,-3.2064235,33.281372,24.096184,33.86328,4.261809,-102.861115,-7.675243,50.377445,8.463376,-29.58111,17.202784,-2.2466588
202,12.358662605285645,31.510671615600586,73.57841491699219,2.042810350792795,-3.4562601464008265,-127.51911679781666,-29.492367,13.196311,-8.009805,44.234344,4.1439314,-15.000033,3.1716146,-24.381239,-20.375711,37.327972,-27.379946,15.000033,-1.432245,-2.079981,24.511625,-45.09755,32.928852,-2.642869,27.597227,23.724016,33.88388,4.895783,-104.52829,-8.0443535,51.653255,11.707838,-29.558987,16.31863,-1.6363177
203,12.493663787841797,31.48917579650879,73.45915985107422,2.269155099063735,-3.627093753054293,-127.38456565955521,-30.806152,12.571527,-8.413477,46.45052,5.1983194,-15.000033,3.0460937,-24.891283,-20.25421,38.009342,-27.680712,15.000033,-0.63277936,-1.267746,24.802557,-41.455315,30.50206,-2.3998938,21.22363,23.364222,33.875168,5.47385,-105.771454,-8.353402,52.81697,14.529603,-29.433928,15.500685,-0.88371086
204,12.66160774230957,31.41043472290039,73.37237548828125,2.611335367615484,-3.6348168217883097,-127.65676621090938,-31.66882,12.224688,-8.276372,47.799892,5.8614655,-15.000033,2.436384,-25.4747,-19.60367,38.77893,-27.78991,15.000033,0.41831005,-0.49546131,24.903698,-37.673233,28.239674,-2.3633325,14.836789,23.412935,33.892536,5.6018825,-106.38006,-8.578842,53.6499,16.420622,-29.649204,15.085092,0.17187575
205,12.842411041259766,31.260425567626953,73.32957458496094,3.1572963859227565,-3.4024747058126175,-128.4502726812545,-31.989159,12.141981,-7.473756,48.073406,6.0837536,-15.000033,1.1782974,-26.22208,-18.26316,39.64812,-27.672039,15.000033,1.7828699,0.11333999,24.769392,-33.49265,26.17002,-2.499894,8.213483,23.806894,33.875645,5.268519,-106.354294,-8.687487,53.989136,17.253946,-30.456738,15.247109,1.8867089
206,13.007383346557617,31.055980682373047,73.3349838256836,3.8324902705938717,-2.9836530598195896,-129.6417994926779,-31.889406,12.271259,-6.1901364,47.50942,6.025829,-15.000033,-0.601432,-27.050816,-16.35615,40.645832,-27.334328,15.000033,3.3482506,0.62165934,24.490932,-28.802149,24.315973,-2.8557894,1.0888909,24.386513,33.794453,4.628129,-105.855194,-8.65346,53.96701,17.347672,-31.594063,15.7424135,4.0851803
207,13.139361381530762,30.83186149597168,73.37390899658203,4.454852182551984,-2.487966314640706,-131.06048938942615,-31.498405,12.685352,-4.711188,46.417706,5.684404,-15.000033,-2.613676,-27.70764,-14.124435,41.66986,-26.836811,15.000033,4.956664,1.1887155,24.159565,-24.233557,22.790709,-3.3464253,-5.815919,25.384264,33.749596,3.4999125,-104.90228,-8.466119,53.79161,16.86174,-32.71061,16.292492,6.106962
208,13.245966911315918,30.601354598999023,73.43252563476562,4.859416581815531,-2.0389074303842922,-132.543342749257,-30.935205,13.47177,-3.2812736,45.113068,5.055033,-15.000033,-4.5760627,-27.974075,-11.829869,42.65605,-26.250666,15.000033,6.43938,1.9487886,23.849384,-20.418133,21.746914,-3.7887728,-11.761625,26.998278,33.84562,1.6915982,-103.484024,-8.131557,53.64421,15.91118,-33.428043,16.669024,7.265335
209,13.338441848754883,30.37685203552246,73.47997283935547,5.049701726509811,-1.6506829875497087,-134.19180027379858,-30.08723,14.717279,-1.8113462,43.494354,3.986516,-15.000033,-6.531879,-27.797329,-9.376555,43.617626,-25.568008,15.000033,7.867272,2.8744595,23.553387,-17.390446,21.264193,-4.1627617,-16.693705,29.739735,34.177456,-1.1386175,-101.4221,-7.646393,53.35955,14.221332,-33.990067,16.907711,7.4703918
210,13.417937278747559,30.15301513671875,73.51979064941406,5.106555779854812,-1.274293557433352,-136.05484115512013,-28.886648,16.36039,-0.11026135,41.4668,2.5282357,-15.000033,-8.570421,-27.282393,-6.7075195,44.60315,-24.761446,15.000033,9.279222,3.8516774,23.238861,-14.839479,21.343624,-4.4065413,-20.967415,33.29945,34.57089,-4.7986813,-98.75819,-7.011801,52.866844,11.784653,-34.481308,17.128906,7.040792
211,13.494841575622559,29.93055534362793,73.5484619140625,4.998867191581315,-0.951361696369119,-137.89520826165062,-27.535265,18.276094,1.7343807,39.369514,0.9522461,-15.000033,-10.491143,-26.501093,-4.148164,45.621002,-23.87643,15.000033,10.457171,4.8883405,22.93775,-12.830185,21.997387,-4.2353587,-24.50562,36.5958,34.824005,-8.633468,-95.80329,-6.2603965,52.476776,9.112892,-34.272564,17.246204,5.887272
212,13.569137573242188,29.725509643554688,73.55887603759766,4.698370682388419,-0.724929768059471,-139.47185637459376,-26.260593,20.326689,3.568621,37.522263,-0.47858286,-15.000033,-12.111603,-25.554514,-2.0101163,46.67374,-22.959232,15.000033,11.17548,5.995964,22.692791,-11.375394,23.233921,-3.378894,-27.28764,38.510685,34.904507,-11.955601,-92.86422,-5.4463415,52.50688,6.711132,-32.73081,17.123175,3.9214907
213,13.644820213317871,29.521942138671875,73.55242919921875,4.139372130512504,-0.6070760479869782,-140.82624257497284,-25.043514,22.721031,5.548644,35.924862,-1.93715,-15.000033,-13.484317,-24.373655,-0.27013692,47.823387,-21.937101,15.000033,11.435339,7.271581,22.517046,-10.338493,25.078932,-1.5166104,-29.571268,38.679615,34.946114,-14.866377,-89.879654,-4.6143904,53.159744,4.6106544,-28.808065,16.434378,0.49374416
214,13.723596572875977,29.318750381469727,73.5308609008789,3.380773680457394,-0.5922117156449844,-142.05547708836133,-23.756405,25.421757,7.7923746,34.42971,-3.560133,-15.000033,-14.67093,-22.985527,1.2077407,49.046955,-20.806826,15.000033,11.324942,8.652148,22.45236,-9.556093,27.523691,1.2139862,-31.478977,37.685802,35.06579,-17.603922,-86.72435,-3.7903633,54.23802,2.5490582,-23.210459,14.99676,-4.0530334
215,13.809574127197266,29.12152099609375,73.4989013671875,2.565394985840733,-0.6806857888863559,-142.99025080777818,-22.549417,27.929775,9.8895235,33.11141,-4.9677153,-15.000033,-15.540085,-21.641228,2.302488,50.216206,-19.729763,15.000033,10.785185,9.947046,22.53553,-9.120567,30.503063,4.282487,-32.62581,35.86858,35.269547,-19.698568,-83.573715,-3.007351,55.465343,0.5932323,-17.912447,13.152895,-8.339133
216,13.899419784545898,28.943857192993164,73.44715881347656,1.8105880370554708,-0.8553717055511104,-143.45698266376604,-21.657555,29.788912,11.2583685,32.045975,-5.691673,-15.000033,-15.979114,-20.572845,2.894644,51.201187,-18.869852,15.000033,9.804996,11.02531,22.719553,-9.311278,33.944847,6.9919386,-32.4252,33.62261,35.48843,-20.700731,-80.55484,-2.2972097,56.556046,-1.2078484,-14.692395,11.721392,-11.196067
217,13.983075141906738,28.790485382080078,73.37324523925781,1.0577444063032868,-1.1226741891093641,-143.40888122744192,-21.234594,30.996798,11.527405,31.336407,-5.387297,-15.000033,-15.928076,-19.753275,2.9403079,51.931454,-18.232456,15.000033,8.437261,12.042296,22.90255,-10.550102,37.889107,9.165875,-30.585726,30.63949,35.80103,-20.297997,-77.56623,-1.6953408,57.526657,-2.799706,-14.034139,11.195829,-12.460281
218,14.057633399963379,28.647216796875,73.2728042602539,0.296379139720853,-1.452618252458367,-142.9070633375556,-21.220997,31.723042,10.968655,30.879051,-4.304426,-14.7694025,-15.504175,-19.149996,2.5368586,52.49748,-17.748104,15.000033,6.776018,13.027661,23.029495,-12.94228,42.39611,10.670848,-27.190622,26.88783,36.105164,-18.75331,-74.48741,-1.2341845,58.450706,-4.2217455,-14.885778,11.274919,-12.794257
219,14.104559898376465,28.529081344604492,73.13580322265625,-0.4482561155533272,-1.8252160208709296,-142.03643795742752,-21.501524,32.047432,9.758054,30.53689,-2.8856146,-14.743555,-14.782329,-18.745317,1.7513627,52.967163,-17.454933,15.000033,4.952405,13.822114,23.133385,-16.427752,47.416626,10.7847395,-22.20686,23.23242,36.04661,-16.547764,-71.408424,-0.9353486,59.13372,-5.6121435,-16.574533,11.738174,-12.41733
220,14.125029563903809,28.432025909423828,72.96011352539062,-1.0662618179219339,-2.1945167545937463,-140.83093654514656,-21.945152,31.907158,8.175101,30.118332,-1.5514628,-15.000033,-13.875071,-18.63845,0.6516638,53.432583,-17.397934,15.000033,3.0609748,14.172483,23.218317,-21.271019,52.815895,8.5966835,-15.47123,20.593737,35.378674,-14.216314,-68.41511,-0.8209552,59.393143,-7.1234975,-18.447292,12.33985,-11.541684
221,14.129656791687012,28.35235023498535,72.74539184570312,-1.4114708092781185,-2.5240416081295307,-139.13199443592754,-22.50694,30.963114,6.2860646,29.408794,-0.22490309,-15.000033,-12.739888,-19.086645,-0.8749585,53.877907,-17.69981,15.000033,0.93222195,13.835927,23.271946,-28.207232,58.517944,3.3433182,-6.799186,20.002708,34.198326,-11.766828,-65.48757,-0.93246216,59.18692,-8.850068,-20.672441,13.1163645,-9.939867
222,14.126346588134766,28.280380249023438,72.49523162841797,-1.600574523178327,-2.857037905883347,-136.99539980074985,-23.15837,29.400448,3.9797611,28.559103,1.2284817,-15.000033,-11.2984,-19.910267,-2.833193,54.263996,-18.296148,15.000033,-1.4518895,12.812265,23.343058,-37.90824,64.26159,-5.451869,3.3463473,20.488665,32.70818,-8.877632,-62.488796,-1.306436,58.56756,-11.050663,-23.524496,14.074174,-7.5315194
223,14.130379676818848,28.25142478942871,72.28006744384766,-1.7111953695639537,-3.1909703416234656,-134.6512703581052,-23.859192,27.615646,1.5727695,27.8086,2.5558567,-15.000033,-9.715703,-20.86325,-4.9732795,54.693233,-18.971012,15.000033,-4.032593,11.178824,23.626064,-49.3782,69.42526,-17.077862,13.511028,20.254974,30.747225,-5.892514,-59.504086,-1.9218705,57.71151,-13.994995,-26.449812,14.9666,-4.7907004
224,14.118093490600586,28.243207931518555,72.04920959472656,-1.8226497045113397,-3.511287826444003,-132.3163241748556,-24.663372,25.971136,-0.67079735,27.447514,3.5321672,-15.000033,-8.190368,-21.721289,-7.0383043,55.267845,-19.510239,15.000033,-6.657642,9.45624,24.234667,-60.41145,73.47491,-29.37189,22.471981,18.10415,27.939129,-3.3758137,-56.802116,-2.6842835,56.939507,-17.352427,-28.856936,15.6520815,-2.2588272
225,14.084527969360352,28.235525131225586,71.7942123413086,-1.925227501136963,-3.8173189381578303,-129.96033877731378,-25.72914,24.47429,-2.7409234,27.707129,4.051273,-15.000033,-6.778064,-22.523096,-9.022745,56.099476,-19.91705,15.000033,-9.361004,8.096725,25.158295,-69.53308,76.46125,-41.408684,31.26521,13.618438,23.005241,-1.5079526,-54.66047,-3.4868257,56.442444,-20.381908,-30.500864,16.088547,-0.038672093
226,14.03387451171875,28.237930297851562,71.52892303466797,-1.9907014260341054,-4.118793786236893,-127.4920766835344,-27.00692,22.929703,-4.761321,28.435274,4.2469482,-15.000033,-5.368542,-23.363277,-11.048697,57.108738,-20.286007,15.000033,-12.057265,7.167614,26.165434,-77.54696,78.62718,-53.51826,40.47843,8.085461,16.456217,-0.37604424,-53.005962,-4.2702866,56.06193,-22.791996,-31.736063,16.419249,2.1033669
227,13.962202072143555,28.247488021850586,71.26276397705078,-2.066396600737097,-4.406946927804915,-125.0255367349338,-28.284071,21.378057,-6.7051444,29.333138,4.298014,-15.000033,-3.9420767,-24.122725,-13.036164,58.108418,-20.542448,15.000033,-14.378007,6.5472894,27.010822,-85.36752,79.92342,-65.08487,48.778812,2.5900805,10.581458,-0.03494475,-51.584538,-4.996595,55.541653,-24.902159,-32.868587,16.844551,4.0946083
228,13.877664566040039,28.25853157043457,71.03121185302734,-2.196996004348793,-4.6657800581002435,-122.67399395226253,-29.353498,19.872896,-8.559566,30.06644,4.39281,-15.000033,-2.493016,-24.673576,-14.899108,58.907925,-20.61638,15.000033,-16.060032,6.051135,27.611929,-92.674995,80.21976,-74.32343,54.49398,-1.9425757,7.601145,-0.15805179,-50.216496,-5.6313357,54.72616,-27.13642,-34.202,17.543903,5.8720775
229,13.777989387512207,28.243986129760742,70.85694885253906,-2.451620726524431,-4.866351201279076,-120.42913414881363,-30.243778,18.45118,-10.414138,30.566496,4.5726533,-15.000033,-1.0410554,-24.906048,-16.644827,59.444,-20.407461,15.000033,-17.145834,5.6767073,28.061913,-98.513756,79.62225,-79.79147,57.353695,-5.291771,9.136699,-0.8120147,-48.820904,-6.1061926,53.63248,-29.689568,-35.814198,18.66693,7.5757527
230,13.655413627624512,28.18038558959961,70.75093078613281,-2.7838723331474777,-5.015482635488671,-118.23717053596921,-31.052368,17.076574,-12.267268,30.981405,4.754628,-15.000033,0.3924248,-24.911959,-18.299402,59.81852,-19.980858,15.000033,-17.826635,5.5044603,28.42831,-102.16307,78.42068,-81.67806,58.550613,-8.001041,13.677078,-1.7241839,-47.605385,-6.362586,52.401962,-32.20664,-37.56559,20.093304,9.20255
231,13.5121431350708,28.071706771850586,70.69730377197266,-3.0642853252883775,-5.155068600399909,-116.14527508722915,-31.687164,15.710703,-13.980852,31.293804,4.937844,-15.000033,1.8076276,-24.861862,-19.807005,60.08752,-19.506556,15.000033,-18.097187,5.395272,28.662498,-103.40231,76.84594,-80.27095,58.46843,-10.145693,18.605047,-2.0880003,-46.84151,-6.399026,51.07182,-34.392353,-39.40044,21.597635,10.4780445
232,13.34668254852295,27.929868698120117,70.67940521240234,-3.176241799721661,-5.338658950776592,-114.20347919235694,-32.055634,14.3246,-15.415646,31.489595,5.1164117,-15.000033,3.217689,-24.923168,-21.119686,60.304264,-19.156395,15.000033,-17.93741,5.2178965,28.715767,-102.27835,75.02553,-76.049675,57.32227,-11.9480915,21.246204,-1.1951692,-46.77751,-6.2666836,49.650745,-36.003468,-41.245518,22.976168,11.109075
233,13.168478012084961,27.77273941040039,70.6748046875,-3.0790706989874033,-5.60462004615876,-112.46708631266993,-32.064384,12.938968,-16.524586,31.498205,5.2988253,-15.000033,4.6434927,-25.14299,-22.238876,60.44557,-18.91486,15.000033,-17.289669,4.830568,28.573093,-98.900764,72.878365,-68.41555,54.618797,-13.868916,20.266178,1.698749,-47.365574,-5.9874225,48.134163,-37.403393,-43.22616,24.265621,10.99977
234,12.980461120605469,27.61408042907715,70.66678619384766,-2.8442700361435143,-5.924711580678171,-110.89578319594798,-31.800673,11.577641,-17.40555,31.344433,5.4873075,-15.000033,6.0705276,-25.427164,-23.194529,60.49133,-18.711058,15.000033,-16.328901,4.418405,28.284409,-94.19168,70.143684,-57.966393,50.298843,-15.551983,17.217476,6.0359373,-48.60854,-5.531367,46.630646,-38.475018,-45.28008,25.615833,10.281736
235,12.79848861694336,27.453062057495117,70.64353942871094,-2.520254205875315,-6.260448257305266,-109.3983529127745,-31.440601,10.212225,-18.127832,31.16037,5.662668,-15.000033,7.4658337,-25.736336,-23.982634,60.503548,-18.638254,15.000033,-15.2319565,4.156273,27.892496,-89.72357,66.70459,-47.50269,45.261143,-16.234852,13.877252,10.494417,-50.710403,-4.9295673,45.119236,-38.49131,-47.063168,26.968172,9.006436
236,12.60853099822998,27.297121047973633,70.60391998291016,-2.1434009520612047,-6.570700404700005,-107.88368547063511,-31.15961,8.8073,-18.751257,31.073793,5.8081045,-15.000033,8.794328,-26.036343,-24.595251,60.5508,-18.793928,15.000033,-14.006143,4.0794206,27.419977,-86.47549,62.766895,-39.58316,40.423996,-15.58269,12.1125345,13.7797985,-53.748245,-4.3052397,43.413074,-36.945732,-48.24143,28.204786,7.228488
237,12.415921211242676,27.150163650512695,70.53750610351562,-1.6798438968294573,-6.844862356936726,-106.35319850122886,-30.99694,7.3359795,-19.226404,31.107582,5.9314847,-15.000033,10.002171,-26.379501,-24.969288,60.698223,-19.237411,15.000033,-12.518545,4.071876,26.854143,-83.901054,58.580475,-34.46716,35.469116,-13.354633,12.816122,15.378295,-57.809387,-3.8325598,41.44786,-34.012703,-48.62823,29.192022,4.416152
238,12.213102340698242,27.003829956054688,70.44709014892578,-1.1165066080746027,-7.10533607828407,-104.85020270752854,-30.876507,5.8188148,-19.53898,31.174799,6.052953,-15.000033,11.116245,-26.782055,-25.135891,60.90081,-19.90804,15.000033,-10.755088,4.006584,26.211845,-81.40997,54.207664,-30.798285,29.883705,-9.99404,14.952021,15.956267,-62.60952,-3.642275,39.3442,-30.255417,-48.39753,29.953629,0.64275146
239,12.002906799316406,26.861196517944336,70.32450103759766,-0.5226082510434393,-7.357731029079949,-103.34746040706956,-30.795914,4.290823,-19.795141,31.24731,6.1663795,-15.000033,12.224224,-27.14981,-25.224327,61.054073,-20.719872,15.000033,-8.851736,3.918268,25.566916,-78.95721,49.747395,-27.98658,24.127554,-6.322498,17.430166,15.989328,-67.69228,-3.8276582,37.21375,-25.729803,-47.7977,30.588617,-3.1171353
240,11.794197082519531,26.72162437438965,70.16532135009766,0.023387070552801356,-7.609593813477409,-101.81580127400368,-30.741552,2.79125,-20.103312,31.31058,6.251358,-15.000033,13.416803,-27.376398,-25.358053,61.04925,-21.588684,15.000033,-6.93856,3.8143032,25.004364,-76.81248,45.324497,-25.687193,18.848442,-3.2511685,19.170343,16.121733,-72.659485,-4.4340653,35.123764,-20.450865,-47.084816,31.254606,-5.8658824
241,11.580928802490234,26.586299896240234,69.97164154052734,0.5231220546713846,-7.883957023677147,-100.21337554295492,-30.658758,1.3018887,-20.49279,31.322071,6.2950115,-15.000033,14.749431,-27.437344,-25.517569,60.851677,-22.522259,15.000033,-5.0629473,3.7046568,24.581673,-74.6895,41.071224,-23.768291,13.956308,-0.82019633,19.908073,16.350128,-77.612625,-5.5167294,33.03549,-14.25053,-46.468826,32.21634,-7.260641
242,11.36411190032959,26.44362449645996,69.74183654785156,1.0040656032285427,-8.169358237295288,-98.56973468260615,-30.568483,-0.1808855,-20.905235,31.311033,6.2971973,-15.000033,16.161165,-27.387712,-25.649088,60.516243,-23.553381,15.000033,-3.192029,3.6217299,24.310247,-72.06545,37.061275,-22.197815,8.8396015,1.3841566,20.188711,16.392284,-82.70538,-7.11696,31.17986,-7.2578235,-45.724827,33.367867,-7.929138
243,11.159025192260742,26.293928146362305,69.47810363769531,1.4377474374546135,-8.420662308905529,-96.9600642152974,-30.56631,-1.6011678,-21.316422,31.393389,6.2427707,-15.000033,17.568491,-27.225943,-25.814001,60.06414,-24.635462,15.000033,-1.3063384,3.5860531,24.190422,-69.10228,33.318485,-20.90035,3.5524614,3.0527742,20.191923,16.613262,-87.680405,-9.180382,29.86791,0.17671883,-44.43885,34.335583,-8.269469
244,10.950593948364258,26.14969825744629,69.19303894042969,1.8015293414406734,-8.59249632480978,-95.45585349284143,-30.748896,-2.9097703,-21.69548,31.684013,6.122249,-15.000033,18.886871,-26.954355,-26.068966,59.520992,-25.723955,15.000033,0.6137431,3.5794435,24.19972,-66.09083,29.833094,-19.848593,-1.7017285,3.8861098,20.100399,17.372248,-92.28009,-11.565246,29.25185,7.778307,-42.24437,34.698616,-8.595476
245,10.742447853088379,26.011995315551758,68.88736724853516,2.0795163864488173,-8.644405241322053,-94.04313418717733,-31.197836,-4.1165895,-22.043388,32.26518,5.90803,-15.000033,20.082819,-26.513163,-26.40495,58.859055,-26.816109,15.000033,2.5547636,3.5940475,24.318203,-63.031734,26.620707,-19.098145,-6.876281,3.453937,19.814867,19.00076,-96.66442,-14.138095,29.051836,16.01589,-39.339165,34.293137,-8.471553
246,10.528712272644043,25.880748748779297,68.56897735595703,2.2968469539307637,-8.608331255349729,-92.69009075969547,-31.844946,-5.2490377,-22.36132,33.073193,5.6075625,-15.000033,21.197239,-25.913088,-26.775341,58.073757,-27.927612,15.000033,4.4477267,3.6135619,24.56384,-59.699005,23.711956,-18.705702,-12.069561,2.056721,19.202885,21.197138,-100.96896,-16.819242,29.218536,24.924427,-35.933758,33.372425,-7.7211194
247,10.318557739257812,25.756797790527344,68.2367172241211,2.4770079504113354,-8.546687789998456,-91.4392828407809,-32.5635,-6.2861843,-22.620079,33.996593,5.26734,-15.000033,22.257679,-25.264,-27.188543,57.228016,-29.043001,15.000033,6.2320375,3.5706794,24.945807,-56.174343,21.101997,-18.637041,-17.128597,0.47968224,18.439697,23.379005,-104.907036,-19.51927,30.096355,33.630592,-31.742872,32.061512,-6.9658194
248,10.111353874206543,25.645139694213867,67.89432525634766,2.644875934644818,-8.521124247645044,-90.3343522294713,-33.228172,-7.2039847,-22.796207,34.91695,4.938638,-15.000033,23.295263,-24.676174,-27.668169,56.387634,-30.153101,15.000033,7.8621235,3.4086106,25.458418,-52.599464,18.753973,-18.809027,-21.82928,-0.52950203,17.794092,25.00474,-108.211525,-22.148594,32.007267,41.323433,-26.484882,30.418594,-6.82994
249,9.917924880981445,25.549579620361328,67.55522155761719,2.787264350433706,-8.572967898063801,-89.35302926139478,-33.825638,-8.023648,-22.906149,35.87703,4.616831,-15.000033,24.392982,-24.131884,-28.290567,55.520493,-31.30477,15.000033,9.326962,3.1310897,26.167152,-49.07886,16.631578,-19.18641,-26.046772,-0.6237469,17.552443,25.92423,-111.05136,-24.646957,35.467068,48.622555,-18.803083,27.872688,-7.7178435
250,9.737088203430176,25.471670150756836,67.23511505126953,2.896994217009635,-8.657838382854711,-88.48228003105056,-34.420444,-8.747839,-22.953602,36.90994,4.289593,-15.000033,25.506094,-23.57886,-29.018238,54.607903,-32.48926,15.000033,10.606146,2.7538102,27.015013,-45.60305,14.72562,-19.73698,-29.741306,-0.26412013,17.539663,26.432072,-113.547455,-26.992851,40.08942,55.716885,-9.494912,24.43244,-8.847088
251,9.570646286010742,25.3992977142334,66.94282531738281,2.9971431496134944,-8.710771451322554,-87.78045074747325,-34.993332,-9.3280325,-22.915186,37.880253,3.9658182,-15.000033,26.484539,-23.09098,-29.730675,53.737576,-33.610863,15.000033,11.700294,2.2438526,27.836008,-42.184013,13.032638,-20.375654,-32.833244,0.033333197,17.375381,26.709127,-115.4927,-29.169458,44.799522,61.384052,-1.2962495,21.155743,-9.546459
252,9.41538143157959,25.32139778137207,66.6897964477539,3.11619032309488,-8.667312544110532,-87.30405719138938,-35.530186,-9.712525,-22.760538,38.650097,3.6814692,-15.000033,27.182549,-22.754213,-30.315168,53.00823,-34.583973,15.000033,12.63591,1.5800965,28.495176,-38.82263,11.554783,-21.034277,-35.301987,-0.2539786,16.674513,26.942001,-116.72981,-31.15982,48.514133,64.5664,3.3709352,19.212097,-9.71732
253,9.277643203735352,25.23985481262207,66.4823226928711,3.316029518874439,-8.499644798420835,-87.06765291940069,-36.02373,-9.915986,-22.444334,39.13646,3.4655557,-15.000033,27.581934,-22.69647,-30.873055,52.474064,-35.46013,15.000033,13.419658,0.7043568,28.994175,-35.445198,10.312613,-21.731113,-37.241467,-1.3152897,15.39036,27.089916,-117.184814,-32.979683,51.20943,64.95997,3.232977,19.239986,-9.453465
254,9.148799896240234,25.152067184448242,66.33641815185547,3.5645137122437047,-8.244596883396571,-87.03772822626945,-36.483173,-9.955534,-21.997961,39.4243,3.3087156,-15.000033,27.761013,-22.854685,-31.436998,52.085724,-36.270245,15.000033,14.049201,-0.36017865,29.41533,-32.102386,9.30848,-22.43757,-38.64968,-2.8799188,13.722191,27.078909,-116.97723,-34.658447,53.347176,63.35341,-0.0589649,20.474108,-9.002793
255,9.040193557739258,25.063016891479492,66.25170135498047,3.7590938249625436,-7.935761690238541,-87.20158860746182,-36.902798,-9.792008,-21.527176,39.630882,3.137451,-15.000033,27.719187,-23.034197,-31.797964,51.78289,-36.889267,15.000033,14.541166,-1.4911535,29.751497,-28.933285,8.503283,-23.028788,-39.413815,-4.7597623,11.641652,27.023811,-116.1985,-36.1904,54.58936,60.396866,-4.396583,21.972824,-8.677759
256,8.951619148254395,24.973403930664062,66.2297592163086,3.7842507130849192,-7.5597240618248085,-87.54649824010986,-37.330173,-9.376729,-21.142725,39.871296,2.8884115,-15.000033,27.388424,-23.029625,-31.733477,51.52093,-37.196407,15.000033,14.928983,-2.5859382,29.793802,-26.032415,7.8260336,-23.419111,-39.286526,-6.773174,9.095372,27.044909,-114.75231,-37.543293,54.5176,56.708908,-7.5802374,22.872814,-8.984378
257,8.886507034301758,24.876733779907227,66.27120208740234,3.6105919956651245,-7.161465732331396,-88.09095328386469,-37.713203,-8.680038,-20.867403,40.155632,2.5416107,-15.000033,26.830887,-22.78147,-31.209663,51.227146,-37.143116,15.000033,15.179272,-3.5618165,29.793802,-23.341183,7.2951684,-23.554556,-38.3101,-8.673872,5.608117,27.14571,-112.93955,-38.675568,52.79068,52.225517,-9.01464,23.01011,-10.355136
258,8.858654975891113,24.77109718322754,66.36988067626953,3.2998547433458625,-6.749643753257191,-88.83709277070943,-38.02808,-7.7348275,-20.647305,40.42414,2.1346312,-15.000033,26.083078,-22.401432,-30.340132,50.938015,-36.796604,15.000033,15.264635,-4.507266,29.793802,-20.715652,6.910422,-23.560526,-36.672905,-10.488845,1.3373276,27.218756,-110.6709,-39.55777,49.64531,46.650063,-9.863705,22.873657,-12.434916
259,8.854613304138184,24.661836624145508,66.51421356201172,2.8888547143576346,-6.392997955210711,-89.75364217144201,-38.222782,-6.61171,-20.46544,40.70372,1.6711037,-15.000033,25.221958,-21.932375,-29.142914,50.707344,-36.198853,15.000033,15.308938,-5.35049,29.766127,-18.547966,6.7347717,-23.19302,-34.44563,-12.921371,-2.7743304,27.099546,-107.86871,-40.18429,45.866234,40.458054,-10.494144,22.613087,-14.616798
260,8.871808052062988,24.54081153869629,66.702880859375,2.410136604283246,-6.107362668394486,-90.80924377410398,-38.296917,-5.373079,-20.311832,41.015438,1.1371119,-15.000033,24.258749,-21.415707,-27.631042,50.608845,-35.389225,15.000033,15.33054,-6.2058864,29.587831,-16.689482,6.60357,-22.704966,-31.974155,-15.913582,-5.8170056,26.794004,-104.25324,-40.51712,42.02605,33.970398,-11.253489,22.36676,-16.317274
261,8.91380500793457,24.419965744018555,66.91918182373047,1.8436359942206084,-5.98015648585856,-91.99295125688325,-38.180836,-4.0172076,-20.210857,41.38955,0.5223601,-15.000033,23.339972,-20.775402,-25.781101,50.56032,-34.34463,15.000033,15.364395,-6.950512,29.448912,-15.314775,6.39619,-21.891201,-29.087278,-19.636345,-7.3232474,26.294035,-99.919495,-40.500286,38.22981,27.092018,-12.181224,22.226362,-17.40893
262,8.983311653137207,24.298513412475586,67.15634155273438,1.1765782499902517,-5.968675591678015,-93.32462101962919,-37.92136,-2.5000355,-20.165543,41.80429,-0.16654353,-15.000033,22.421389,-19.984636,-23.60745,50.555958,-33.053104,15.000033,15.415801,-7.5287385,29.29063,-14.412713,6.068085,-20.776947,-25.633934,-23.911375,-7.833722,25.678883,-94.9807,-40.052082,34.33677,19.685253,-13.053136,22.093815,-18.248137
263,9.060928344726562,24.172677993774414,67.41462707519531,0.4647271356444981,-6.025239140390381,-94.82117018942934,-37.547962,-0.8370816,-20.101896,42.21025,-0.9053948,-15.000033,21.39304,-19.152206,-21.186253,50.728985,-31.560297,15.000033,15.504722,-7.934264,29.08413,-14.087805,5.675677,-19.449724,-21.993927,-28.713007,-7.8850193,24.948185,-89.78925,-39.142433,30.881897,12.299903,-13.855548,21.83918,-18.933914
264,9.155038833618164,24.031888961791992,67.69636535644531,-0.23504900218371896,-6.0988126738161315,-96.50235130666141,-37.09237,0.959581,-19.9316,42.555496,-1.6323998,-15.000033,20.128315,-18.379965,-18.58226,51.210274,-29.903158,15.000033,15.61241,-8.195505,28.809092,-14.354878,5.3357415,-17.987808,-18.645481,-34.04537,-8.005426,24.045538,-84.69736,-37.80067,28.360752,5.5087547,-14.615526,21.329832,-19.547707
265,9.26700210571289,23.89285659790039,67.9974136352539,-0.9235827102722513,-6.184320611518766,-98.42547646746789,-36.535286,2.9485717,-19.631187,42.826023,-2.3630188,-15.000033,18.560074,-17.648579,-15.716343,52.06964,-28.028513,15.000033,15.768572,-8.327082,28.456593,-15.289431,5.13857,-16.387966,-15.616224,-40.860493,-8.076323,22.883678,-79.54114,-36.04672,26.84538,-0.7290574,-15.361086,20.491873,-20.076818
266,9.37937068939209,23.749759674072266,68.31737518310547,-1.6334436758358937,-6.311954636828793,-100.56886366209434,-35.863712,5.136617,-19.242704,43.047005,-3.1190896,-15.000033,16.786314,-16.849525,-12.596046,53.206764,-25.918642,15.000033,15.873091,-8.371619,28.042788,-16.754623,5.120421,-14.529241,-12.830966,-48.892155,-7.8143244,21.586363,-74.18637,-33.929768,26.21707,-6.7249293,-16.139565,19.399725,-20.506264
267,9.500760078430176,23.603158950805664,68.65616607666016,-2.3496916529161282,-6.478396803484902,-102.83634337109294,-35.108505,7.424072,-18.77833,43.23229,-3.872511,-15.000033,14.906218,-15.9596615,-9.398392,54.49823,-23.651676,15.000033,15.776896,-8.411722,27.604607,-18.449038,5.323637,-12.390236,-10.609127,-56.27391,-7.5666122,20.303108,-68.98017,-31.58811,26.517328,-12.25289,-17.07879,18.129509,-20.843527
268,9.637085914611816,23.449268341064453,68.99932098388672,-3.0542244560128022,-6.678498010531052,-105.13151101756694,-34.29548,9.700881,-18.25347,43.39816,-4.608945,-15.000033,13.004787,-14.985532,-6.284937,55.828686,-21.3093,15.000033,15.378713,-8.509653,27.18757,-20.060366,5.7798567,-9.996269,-9.276327,-61.167065,-7.7774787,19.07848,-64.27985,-29.207575,27.677599,-17.079296,-18.23273,16.752878,-21.07041
269,9.787288665771484,23.287673950195312,69.34281158447266,-3.729377265851175,-6.930574518875685,-107.55219229306897,-33.35954,12.011606,-17.610271,43.53808,-5.3428407,-15.000033,10.960132,-13.94215,-3.1406379,57.31426,-18.789623,15.000033,14.816007,-8.664368,26.844582,-21.544428,6.501363,-7.4475207,-8.946389,-62.82879,-8.961191,17.802877,-60.033707,-26.9163,29.731907,-21.18226,-19.510962,15.10702,-21.230183
270,9.951577186584473,23.1220703125,69.67816925048828,-4.390097602131158,-7.236254019287041,-110.11553346480788,-32.28526,14.399092,-16.845863,43.649616,-6.09098,-15.000033,8.790522,-12.774843,0.07613887,58.957718,-16.072351,15.000033,14.179086,-8.835067,26.559538,-23.059032,7.4772816,-4.789249,-9.408256,-62.400024,-10.863967,16.476732,-56.069035,-24.789173,32.599125,-24.660688,-20.86668,13.193589,-21.282734
271,10.130897521972656,22.948209762573242,69.99885559082031,-5.058736835041654,-7.557791756323722,-112.59748641355633,-31.200869,16.738325,-16.055502,43.755234,-6.79275,-15.000033,6.757422,-11.469969,3.0971968,60.49417,-13.360981,15.000033,13.367647,-8.992153,26.279774,-24.643051,8.675943,-2.023648,-10.441074,-60.898476,-12.807216,15.269353,-52.563377,-22.891438,35.88286,-27.449768,-22.337858,11.33592,-21.094631
272,10.312368392944336,22.776947021484375,70.29139709472656,-5.7531493029388905,-7.852591588927775,-114.76675395735253,-30.254618,18.887882,-15.354765,43.874077,-7.390184,-15.000033,5.0934258,-10.088567,5.6608424,61.676495,-10.885703,15.000033,12.301231,-9.099499,25.954428,-26.362963,10.061524,0.82292336,-11.804993,-59.305332,-14.0550995,14.294609,-49.588493,-21.267807,39.103336,-29.58305,-23.940708,9.861052,-20.541363
273,10.490157127380371,22.598833084106445,70.55809783935547,-6.490137456645846,-8.103673643028616,-116.61950330920546,-29.474638,20.851324,-14.733912,43.99811,-7.854413,-15.000033,3.7657974,-8.66347,7.7725883,62.448627,-8.647641,15.000033,10.974279,-9.1269865,25.560781,-28.277594,11.620575,3.9089422,-13.66988,-57.3389,-14.19999,13.541362,-47.09163,-19.960186,42.14257,-31.117882,-25.873777,8.9818735,-19.477951
274,10.673640251159668,22.41269874572754,70.79517364501953,-7.250193256835128,-8.330153614256135,-118.25458812324023,-28.805286,22.672903,-14.162102,44.12183,-8.217709,-15.000033,2.6421015,-7.2284007,9.569527,62.95137,-6.5508018,15.000033,9.50509,-9.064705,25.129753,-30.356379,13.3415985,7.10828,-16.017279,-54.6161,-13.728723,12.927809,-44.943386,-18.962566,45.100616,-32.146107,-27.997051,8.466712,-18.037659
275,10.851408004760742,22.23917007446289,70.98797607421875,-8.002304257168927,-8.531635369127562,-119.58453378407012,-28.294216,24.263628,-13.746878,44.26872,-8.512108,-15.000033,1.7840816,-5.891074,10.990525,63.22257,-4.6858354,15.000033,7.9801526,-8.907915,24.691608,-32.60432,15.220355,9.980582,-18.288477,-52.00232,-13.189976,12.425753,-43.028694,-18.22895,47.811703,-32.800507,-29.85098,7.9959655,-16.494303
276,11.01349925994873,22.07826805114746,71.1328353881836,-8.711513468465892,-8.703229802426021,-120.52192056024198,-27.987955,25.532331,-13.591227,44.459393,-8.767797,-15.000033,1.2483462,-4.7529144,11.972441,63.297626,-3.143432,15.000033,6.4590254,-8.702132,24.284786,-35.07034,17.232283,12.058503,-19.950424,-50.30191,-13.121552,12.089092,-41.22644,-17.709345,50.102554,-33.221195,-30.977907,7.280359,-15.109402
277,11.143887519836426,21.93535804748535,71.23701477050781,-9.398214695446798,-8.816525184413635,-120.9319783460993,-27.9917,26.386095,-13.818079,44.732285,-8.969175,-15.000033,1.0880331,-3.8494773,12.400394,63.124638,-1.968289,15.000033,4.828958,-8.446692,23.91394,-38.03964,19.424992,13.15901,-20.851257,-49.800472,-13.727118,12.019097,-39.545116,-17.407854,51.95266,-33.279736,-31.042593,6.2931185,-14.067168
278,11.24593448638916,21.806726455688477,71.29759979248047,-10.06384151963386,-8.864444139119126,-120.9020431361564,-28.267365,26.878765,-14.344545,45.075638,-9.108401,-15.000033,1.2184677,-3.1429584,12.36815,62.71248,-1.1060529,15.000033,3.1077855,-8.194861,23.570112,-41.53054,21.815315,13.442876,-21.23869,-50.0334,-14.695742,12.183586,-37.936172,-17.34182,53.384583,-33.061745,-30.379837,5.209261,-13.159795
279,11.330391883850098,21.692333221435547,71.3162612915039,-10.651087221566767,-8.879832858098213,-120.67666676691834,-28.639454,27.142698,-14.960218,45.441227,-9.232649,-15.000033,1.4983349,-2.6187954,12.116024,62.19734,-0.50768757,15.000033,1.5129286,-8.040273,23.270403,-45.240593,24.301275,13.018816,-21.16384,-50.698505,-15.770805,12.455026,-36.26951,-17.481121,54.324642,-32.96248,-29.530031,4.045791,-12.05457
280,11.396919250488281,21.579397201538086,71.30718231201172,-11.103235911118299,-8.901017915886618,-120.49862389889354,-28.930214,27.319357,-15.45724,45.779045,-9.390436,-15.000033,1.7950714,-2.2654476,11.875699,61.715244,-0.124153554,15.000033,0.23730594,-8.021516,23.02621,-48.78166,26.706518,12.0806,-20.741844,-51.473618,-16.68136,12.701997,-34.501614,-17.760489,54.737404,-33.276962,-29.017733,2.8040993,-10.424607
281,11.445810317993164,21.476150512695312,71.28426361083984,-11.39968175845271,-8.943476324522535,-120.3409717834211,-29.122887,27.367115,-15.852872,46.114647,-9.615544,-15.000033,2.1477726,-2.095302,11.661551,61.28212,-0.0059962845,15.000033,-0.7309062,-8.087625,22.83987,-52.065266,28.903925,10.613874,-19.941624,-52.377098,-17.436684,12.909293,-32.652348,-18.122416,54.52662,-33.904842,-29.028381,1.371723,-7.936689
282,11.478343963623047,21.381553649902344,71.2539291381836,-11.573043498889927,-8.982557376723735,-120.10532560371917,-29.294895,27.239391,-16.229155,46.46725,-9.877529,-15.000033,2.603595,-2.102341,11.3647175,60.831425,-0.15219198,15.000033,-1.5149809,-8.185814,22.697948,-55.18495,30.839508,8.638221,-18.87002,-53.533073,-18.130896,13.103182,-30.821579,-18.544432,53.76074,-34.637196,-29.211119,-0.23513705,-4.841846
283,11.510295867919922,21.289770126342773,71.22157287597656,-11.651201348161457,-9.002825444545085,-119.92581541127333,-29.410076,27.07676,-16.479368,46.770382,-10.127805,-15.000033,3.0449553,-2.2460136,11.031532,60.378445,-0.455085,15.000033,-2.081996,-8.291413,22.58753,-57.910793,32.44214,6.518864,-17.902615,-54.76249,-18.600372,13.223111,-29.079248,-18.987988,52.72649,-35.545544,-29.378668,-1.8195837,-1.7068329
284,11.545371055603027,21.19024085998535,71.2002944946289,-11.656310494097996,-8.98654753729353,-119.9370814620064,-29.435156,27.018496,-16.497152,46.955837,-10.317199,-15.000033,3.3507705,-2.4873416,10.706612,59.94083,-0.8041124,15.000033,-2.4239726,-8.354723,22.462177,-59.90964,33.65929,4.712789,-17.4436,-55.857555,-18.663883,13.20452,-27.629314,-19.41928,51.69609,-36.58578,-29.266369,-3.1560524,0.9204609
285,11.571450233459473,21.09739112854004,71.20787811279297,-11.560452828707694,-8.918337471725348,-120.19648662222077,-29.338097,27.086378,-16.20589,46.983067,-10.432339,-15.000033,3.4756274,-2.8684702,10.390918,59.529472,-1.1858238,15.000033,-2.4675434,-8.347875,22.277752,-60.986057,34.46103,3.3409307,-17.587593,-56.855694,-18.21842,13.045109,-26.41746,-19.779892,50.662098,-37.737328,-29.018627,-4.2359185,3.1551335
286,11.594082832336426,21.016403198242188,71.24614715576172,-11.361958610781723,-8.808239985642466,-120.62532410217182,-29.141848,27.210205,-15.67488,46.894543,-10.498534,-15.000033,3.487062,-3.3904307,10.0642,59.133007,-1.6523622,15.000033,-2.2259755,-8.257129,22.030022,-61.206177,34.856842,2.3012862,-18.172056,-57.790848,-17.359426,12.770257,-25.439835,-20.032196,49.51413,-38.859013,-28.71633,-5.1514497,5.2119465
287,11.618067741394043,20.94088363647461,71.30865478515625,-11.130249853116187,-8.68070307741741,-121.1538879002033,-28.898785,27.390793,-15.01956,46.74958,-10.525654,-15.000033,3.4331372,-3.9544833,9.742825,58.736893,-2.1924355,15.000033,-1.7721674,-8.064801,21.75929,-60.77542,34.88366,1.6284337,-19.119078,-58.44758,-16.211742,12.365887,-24.789349,-20.172009,48.445343,-39.8249,-28.266548,-5.8168645,6.682016
288,11.652969360351562,20.87021255493164,71.3927001953125,-10.932771698852807,-8.56142842023071,-121.7128917774893,-28.663355,27.629892,-14.356737,46.60658,-10.522433,-15.000033,3.363225,-4.463345,9.441767,58.32363,-2.7910283,15.000033,-1.2045012,-7.7558665,21.511942,-59.894676,34.597828,1.3671473,-20.372196,-58.63213,-14.8954735,11.804574,-24.563583,-20.217787,47.67518,-40.53434,-27.593475,-6.1481905,7.1498218
289,11.694713592529297,20.810007095336914,71.48303985595703,-10.799738142690106,-8.45703136538609,-122.3472227436845,-28.413425,27.99401,-13.667604,46.444473,-10.479128,-15.000033,3.2788,-4.8938675,9.129061,57.834396,-3.447064,15.000033,-0.5093278,-7.3164997,21.293398,-58.514153,34.010956,1.6085093,-21.973906,-58.53945,-13.348017,10.873967,-24.843214,-20.182657,47.331593,-41.00699,-26.593946,-6.0504045,6.2275343
290,11.7487154006958,20.7647647857666,71.57109832763672,-10.691998224462294,-8.35334639729058,-123.0728763671501,-28.132063,28.457514,-12.903404,46.245132,-10.393669,-15.000033,3.158246,-5.296611,8.811996,57.293335,-4.1599064,15.000033,0.34178302,-6.7845984,21.079384,-56.614063,33.128223,2.2660532,-23.917654,-58.195114,-11.553325,9.651898,-25.555227,-20.065245,47.27331,-41.314407,-25.34428,-5.6344585,4.2159266
291,11.806527137756348,20.74068260192871,71.6453628540039,-10.567184905499797,-8.24719685788463,-123.77773814284039,-27.879684,28.885756,-12.139539,46.069435,-10.2875185,-15.000033,3.0170789,-5.6812344,8.565596,56.82268,-4.9609866,15.000033,1.2480583,-6.2320695,20.883835,-54.49065,31.997272,3.0772984,-26.01876,-57.140778,-9.713513,8.520414,-26.573227,-19.873499,47.329315,-41.467472,-24.027933,-5.1190667,1.7352301
292,11.866212844848633,20.737836837768555,71.6979751586914,-10.384220682711868,-8.137755176055755,-124.34846213782397,-27.719658,29.14615,-11.456378,45.976997,-10.183268,-15.000033,2.871004,-6.0648932,8.462105,56.54455,-5.8809204,15.000033,2.1325364,-5.708134,20.718117,-52.353607,30.729952,3.8439198,-28.155725,-55.037308,-8.015521,7.827294,-27.758802,-19.628065,47.31135,-41.461994,-22.841396,-4.684638,-0.5836042
293,11.926614761352539,20.762130737304688,71.72515106201172,-10.139070763483696,-8.031123487105637,-124.77181148956781,-27.6665,29.227535,-10.871437,45.98766,-10.076246,-15.000033,2.7369113,-6.3458643,8.6453285,56.45103,-6.9840064,15.000033,2.9562027,-5.250843,20.61588,-50.1797,29.369627,4.60406,-30.359886,-51.706898,-6.4191413,7.5705805,-29.144255,-19.345463,47.265038,-41.34769,-21.818151,-4.310388,-2.7749262
294,11.99338150024414,20.80594253540039,71.72058868408203,-9.84985392051928,-7.926846164192382,-125.10251111945678,-27.689545,29.193293,-10.344701,46.06573,-9.957492,-15.000033,2.6007972,-6.5618143,9.028598,56.49193,-8.231787,15.000033,3.789875,-4.8399587,20.602365,-47.945038,27.897713,5.372785,-32.674603,-47.42216,-4.851746,7.5462794,-30.558596,-18.992947,47.40118,-41.264053,-21.12472,-3.921391,-5.1346507
295,12.060921669006348,20.86716651916504,71.68453216552734,-9.50011129155047,-7.8142334824049495,-125.32909799798122,-27.780384,29.020247,-9.866903,46.183258,-9.84213,-15.000033,2.4295685,-6.9517455,9.334022,56.73003,-9.501208,15.000033,4.466496,-4.465997,20.56275,-45.618713,26.40775,6.1246195,-35.000763,-42.46197,-3.3933084,7.786978,-32.539356,-18.661297,47.23727,-40.858086,-19.949602,-3.5864518,-7.322543
296,12.130316734313965,20.94412612915039,71.61874389648438,-9.083522219812933,-7.682933345652187,-125.43766977705567,-27.937576,28.693005,-9.439584,46.318485,-9.749225,-15.000033,2.1952474,-7.7394433,9.283906,57.21619,-10.670342,15.000033,5.1062546,-4.115448,20.56022,-43.540142,24.98122,6.551483,-37.128246,-37.08584,-2.1321077,8.410273,-34.334976,-18.316202,47.065826,-40.493977,-19.099445,-3.357521,-9.130826
297,12.202404022216797,21.03948211669922,71.52460479736328,-8.586983196095055,-7.531103220967535,-125.38722464676269,-28.16742,28.168474,-9.078707,46.459198,-9.687402,-15.000033,1.9111468,-8.952378,8.882965,58.006725,-11.773211,15.000033,5.6082077,-3.8303587,20.579805,-41.604206,23.711367,6.6761756,-39.0941,-31.035995,-1.0741829,9.678845,-36.197895,-17.973225,46.714893,-40.053703,-18.231113,-3.254737,-10.405679
298,12.277539253234863,21.153156280517578,71.39300537109375,-8.010270305429096,-7.370434387595407,-125.18883615539994,-28.460001,27.460009,-8.775322,46.612133,-9.643078,-15.000033,1.6098754,-10.498347,8.26485,59.051258,-12.871781,15.000033,5.9838266,-3.6359456,20.64692,-39.778526,22.62907,6.591983,-40.924877,-24.308903,-0.029890003,11.489747,-38.135365,-17.634937,46.266693,-39.586487,-17.393589,-3.232783,-11.318318
299,12.352560043334961,21.27656364440918,71.23474884033203,-7.361691081432665,-7.21952201058728,-124.9003216253208,-28.779936,26.623447,-8.488927,46.78367,-9.603006,-15.000033,1.3102806,-12.437371,7.357547,60.24266,-13.914309,15.000033,6.2720895,-3.4998891,20.737856,-38.202545,21.764816,6.370194,-42.468006,-17.525312,1.162969,13.379827,-40.114426,-17.304007,45.7925,-39.06061,-16.682241,-3.2490318,-12.0312195
300,12.428542137145996,21.41339111328125,71.04869842529297,-6.6477197987640135,-7.097664999573724,-124.57751089445911,-29.088268,25.71072,-8.17886,46.978687,-9.553424,-15.000033,1.0433806,-14.836116,6.083508,61.475113,-14.860727,15.000033,6.512314,-3.398438,20.83491,-37.034363,21.140934,6.0636992,-43.561764,-11.263404,2.528301,14.902111,-42.08417,-16.982052,45.36397,-38.463737,-16.205101,-3.2631645,-12.707764
301,12.500370025634766,21.5665340423584,70.83291625976562,-5.824052226152054,-7.006569094568544,-124.1827152630369,-29.383265,24.65157,-7.83102,47.196644,-9.489388,-15.000033,0.8488686,-18.048012,4.127302,62.84954,-15.903994,15.000033,6.679251,-3.37489,20.943197,-36.334267,20.784943,5.6226296,-44.13682,-5.389739,3.9332094,16.205706,-44.083397,-16.67279,44.990807,-37.774006,-16.022232,-3.2419655,-13.382128
302,12.570425987243652,21.731868743896484,70.5909194946289,-4.88326820642306,-6.965560070232843,-123.67120842927407,-29.65183,23.407703,-7.467642,47.4266,-9.417305,-15.000033,0.8590543,-22.002377,1.610316,64.37446,-17.10954,15.000033,6.7533913,-3.4459958,21.093496,-36.070267,20.728886,5.0857596,-44.226696,0.29278353,5.3878202,17.462973,-46.11001,-16.37989,44.62972,-37.0085,-16.066488,-3.2059462,-13.969518
303,12.62647533416748,21.909366607666016,70.33106231689453,-3.89927600569496,-7.0002421971591495,-123.1139673689273,-29.861193,22.106058,-7.1041107,47.666687,-9.342825,-15.000033,1.1457374,-26.06598,-0.9001335,65.81033,-18.177195,15.000033,6.7774215,-3.5594437,21.295069,-36.242653,20.962852,4.5672565,-43.842854,5.4234524,6.9658127,18.296886,-48.05457,-16.102253,44.273293,-36.235874,-16.247076,-3.1984172,-14.457044
304,12.65733814239502,22.10688018798828,70.06979370117188,-3.158720767314551,-7.079547893251958,-122.66863146886527,-30.104261,21.140482,-6.894992,47.9602,-9.286515,-15.000033,1.535925,-29.31565,-2.988113,66.90797,-18.67167,14.258788,6.831381,-3.4724033,21.489597,-36.77851,21.402441,4.0962014,-43.07885,9.780451,8.671195,18.346802,-49.809704,-15.831855,43.924683,-35.551613,-16.474653,-3.2661057,-14.834187
305,12.658238410949707,22.332820892333984,69.82704162597656,-2.739264682198991,-7.174226877077778,-122.38336513474277,-30.42199,20.622122,-6.8746004,48.319782,-9.245994,-15.000033,1.7511218,-31.564123,-4.6061873,67.76401,-18.241251,11.619297,7.0081115,-3.0478609,21.621336,-37.778683,22.058208,3.8466065,-41.85919,13.04842,10.405992,17.349586,-51.418056,-15.579801,43.551956,-34.84733,-16.794899,-3.5020962,-15.055466
306,12.654799461364746,22.56866455078125,69.57737731933594,-2.295876013574799,-7.309021097527091,-122.14378490808906,-30.688776,20.124737,-6.813136,48.70175,-9.20671,-15.000033,1.8659976,-33.486485,-5.7202516,68.49427,-17.192724,8.780918,7.1957345,-2.6542497,21.767818,-39.214977,22.904594,3.6286416,-40.20916,15.636227,12.113755,15.617784,-52.906902,-15.344829,43.158875,-34.153744,-17.229504,-3.8540912,-15.14775
307,12.646265029907227,22.81053352355957,69.32771301269531,-1.8589885372184634,-7.460021273224062,-121.98694527643826,-30.936747,19.693836,-6.7232013,49.11963,-9.181936,-15.000033,1.9985604,-35.03099,-6.4401436,68.87286,-15.932764,6.6945148,7.3934326,-2.2747242,21.9181,-40.93295,23.912333,3.36968,-38.21392,17.820229,13.811554,13.491077,-54.189156,-15.120059,42.78599,-33.563988,-17.678864,-4.1470523,-15.18261
308,12.640158653259277,23.049734115600586,69.08007049560547,-1.4680630040843894,-7.601484488163289,-121.95071495142047,-31.201601,19.385103,-6.624838,49.590206,-9.185764,-15.000033,2.2962413,-36.06271,-6.8209167,68.657486,-14.816257,6.383663,7.6072073,-1.8658688,22.054295,-42.778164,25.070675,3.0462449,-35.95394,19.800316,15.523759,11.282387,-55.189945,-14.893536,42.48246,-33.14456,-18.04318,-4.2040358,-15.227366
309,12.641039848327637,23.29755210876465,68.82583618164062,-1.1371693559315432,-7.738593701364416,-122.05000168599966,-31.469986,19.223158,-6.5270667,50.109653,-9.221763,-15.000033,2.8679216,-36.30412,-6.698744,67.53873,-13.567573,8.830389,7.8405733,-1.4084212,22.168854,-44.77101,26.368816,2.6313438,-33.442783,21.502834,17.34009,8.893401,-55.85758,-14.650593,42.26681,-32.921135,-18.35283,-3.9483929,-15.303214
310,12.65213680267334,23.54958724975586,68.56932067871094,-0.8544327810081439,-7.877466929495426,-122.26459856931196,-31.73336,19.186663,-6.4271264,50.673172,-9.283185,-15.000033,3.596651,-35.826973,-6.0270863,65.72999,-12.122049,13.300546,8.084473,-0.9219139,22.268217,-46.968925,27.788324,2.1081586,-30.651405,22.912254,19.24085,6.2239957,-56.2501,-14.381439,42.110287,-32.84435,-18.641401,-3.484166,-15.368927
311,12.63422966003418,23.849376678466797,68.34136962890625,-1.3625214128914012,-7.878610355037718,-122.77902427002734,-32.405285,20.122578,-6.8946033,51.431267,-9.413398,-15.000033,4.0841417,-34.48658,-6.0523477,63.7591,-11.062038,15.000033,8.488248,0.37997884,22.149956,-49.082527,29.136883,1.5747828,-27.786716,24.390253,21.045315,3.537007,-56.467102,-14.145368,42.06941,-32.87106,-18.8185,-2.9013886,-15.4082775
312,12.619077682495117,24.167213439941406,68.1072006225586,-1.979513114551633,-7.828787394875758,-123.38954659343904,-33.204224,21.226273,-7.4511776,52.252346,-9.550514,-15.000033,4.358904,-33.23475,-6.2673163,62.136658,-10.891552,15.000033,8.845291,1.6056328,22.01001,-51.337685,30.726141,0.74048716,-24.564186,26.073025,22.673767,1.287223,-56.54378,-13.808991,41.98475,-33.05924,-18.772636,-2.3091712,-15.375506
313,12.6254243850708,24.469396591186523,67.83698272705078,-2.2967962083385447,-7.779784989562846,-124.00118232030563,-33.949165,22.033253,-7.774204,53.115227,-9.693956,-15.000033,4.5289664,-32.383324,-6.0211143,60.96341,-12.010316,15.000033,9.096187,2.538858,21.937275,-53.520245,32.342472,-0.14763978,-21.158373,28.11515,24.02618,-0.6837245,-56.533466,-13.429004,41.95754,-33.271297,-18.403606,-1.6496801,-15.273029
314,12.650076866149902,24.75946617126465,67.53361511230469,-2.49404798029631,-7.718978389027391,-124.66324350782484,-34.699627,22.756638,-7.9978147,54.038345,-9.853963,-15.000033,4.6375103,-31.604605,-5.4335356,59.9737,-14.067182,15.000033,9.263537,3.3156226,21.899843,-55.700058,33.958782,-1.1746056,-17.552202,30.42662,25.200531,-2.469913,-56.392307,-12.990885,41.988922,-33.56208,-17.790266,-0.8981667,-15.120211
315,12.69688606262207,25.04767417907715,67.20794677734375,-2.630470970692722,-7.644208716331592,-125.36048278552114,-35.46309,23.448977,-8.172295,54.980537,-10.019656,-15.000033,4.663781,-30.926405,-4.77714,59.11098,-16.482122,15.000033,9.363598,4.0155087,21.913523,-57.798035,35.57318,-2.3179827,-13.856998,32.6705,26.194937,-3.925919,-56.2193,-12.494549,42.059765,-33.853867,-17.121077,-0.16824079,-14.955859
316,12.757108688354492,25.352218627929688,66.87299346923828,-2.771098560794711,-7.55322263650626,-126.07847702854215,-36.25036,24.164312,-8.352292,55.895496,-10.176091,-15.000033,4.5785756,-30.360039,-4.3204765,58.312546,-18.667398,15.000033,9.395823,4.708979,21.999163,-59.720398,37.18361,-3.5563934,-10.188177,34.533047,27.034773,-4.886636,-56.107773,-11.943943,42.159004,-34.099323,-16.579548,0.42537642,-14.816774
317,12.833944320678711,25.6654052734375,66.52655792236328,-2.944181572618542,-7.438699718847943,-126.81808082529032,-37.084747,24.930265,-8.568587,56.78065,-10.322841,-15.000033,4.407909,-29.892645,-4.1876483,57.497753,-20.52865,15.000033,9.365075,5.435816,22.14489,-61.50029,38.78733,-4.9117203,-6.4647155,35.89724,27.731308,-5.13601,-56.04797,-11.33634,42.285675,-34.290462,-16.192163,0.8623196,-14.733214
318,12.922650337219238,25.989070892333984,66.17195129394531,-3.1169238986529577,-7.300183807732003,-127.59011317324173,-37.96116,25.72005,-8.785487,57.657734,-10.464697,-15.000033,4.144099,-29.516422,-4.218644,56.717896,-22.357782,15.000033,9.27677,6.15955,22.338224,-63.164078,40.38257,-6.3771863,-2.6671689,36.910183,28.311777,-4.7901783,-56.00174,-10.669623,42.447678,-34.439972,-15.868513,1.1995826,-14.674659
319,13.027538299560547,26.31828498840332,65.80606842041016,-3.253504146044508,-7.14086608039164,-128.3964197722155,-38.84904,26.50497,-8.964401,58.519028,-10.598513,-15.000033,3.7006397,-29.251055,-4.273642,56.115643,-24.136477,15.000033,9.135749,6.8426538,22.597067,-64.6124,41.97208,-7.879339,1.0023634,37.662354,28.821512,-4.1834226,-56.013767,-9.953505,42.636196,-34.5367,-15.615188,1.4383293,-14.583234
320,13.141973495483398,26.651546478271484,65.42813873291016,-3.319316511674179,-6.967586630049176,-129.23693055252144,-39.713642,27.26096,-9.061585,59.35583,-10.716987,-15.000033,3.0051482,-29.11146,-4.2089353,55.82577,-25.857098,15.000033,8.94804,7.4488125,22.9406,-65.74253,43.56544,-9.333261,4.3443604,38.254917,29.294334,-3.657289,-56.124363,-9.205858,42.843998,-34.57293,-15.439813,1.5807115,-14.403239
321,13.278555870056152,26.9799861907959,65.0419921875,-3.2980673590152887,-6.775673083951199,-130.13592776090002,-40.53452,28.007217,-9.034888,60.16221,-10.832134,-15.000033,2.0130916,-29.147755,-4.0311666,55.893078,-27.538696,15.000033,8.736329,7.9661984,23.369877,-66.55309,45.192314,-10.746801,7.3710756,38.67927,29.717869,-3.2330363,-56.32081,-8.438853,43.04747,-34.57019,-15.422357,1.5849872,-14.070346
322,13.438675880432129,27.304279327392578,64.6578369140625,-3.2140452093886047,-6.562213314863829,-131.0862686263079,-41.331875,28.754519,-8.91317,60.947685,-10.94507,-15.000033,0.76968,-29.345516,-3.818611,56.23927,-29.17354,15.000033,8.508276,8.423142,23.865175,-67.11509,46.882404,-12.160235,10.1882105,38.847866,30.080154,-2.7420123,-56.5721,-7.6600523,43.245678,-34.53258,-15.531978,1.4636126,-13.631497
323,13.623222351074219,27.632553100585938,64.27709197998047,-3.08922001444793,-6.334938808737918,-132.0406992218175,-42.129562,29.462812,-8.76178,61.72706,-11.035529,-15.000033,-0.66377497,-29.63932,-3.5457213,56.819138,-30.703611,15.000033,8.179869,8.805202,24.459736,-67.32417,48.57599,-13.418432,12.682582,38.925583,30.416378,-2.257876,-56.898777,-6.873772,43.49437,-34.494484,-15.598887,1.3006337,-13.206455
324,13.828435897827148,27.962007522583008,63.89900588989258,-2.9474574533496387,-6.103118986138921,-132.95271680622056,-42.954456,30.091814,-8.650482,62.517094,-11.083833,-15.000033,-2.2233486,-29.958014,-3.187034,57.587574,-32.073624,15.000033,7.768353,9.17314,25.12813,-67.15445,50.24872,-14.451496,14.792579,38.899296,30.749647,-1.8555365,-57.31546,-6.0984197,43.808247,-34.385635,-15.470562,1.1851571,-12.90383
325,14.056632041931152,28.281360626220703,63.527923583984375,-2.7961476063658903,-5.865467924453147,-133.8345487024689,-43.82037,30.663763,-8.5683365,63.338753,-11.095488,-15.000033,-3.958859,-30.316319,-2.775771,58.60633,-33.260643,15.000033,7.2765136,9.53928,25.888435,-66.53606,51.8851,-15.237052,16.496054,38.89901,31.118992,-1.6060735,-57.823914,-5.3497663,44.207893,-34.224106,-15.161332,1.1310965,-12.75551
326,14.308430671691895,28.586280822753906,63.159423828125,-2.624611303375736,-5.6208551081279845,-134.70271145108092,-44.708584,31.190321,-8.49004,64.17936,-11.079859,-15.000033,-5.8814664,-30.734016,-2.3085935,59.867424,-34.29362,15.000033,6.7280364,9.889875,26.735516,-65.50625,53.489944,-15.799522,17.857882,38.8668,31.498516,-1.4508504,-58.400806,-4.6388097,44.66843,-34.027218,-14.736383,1.0961066,-12.702535
327,14.568084716796875,28.89198112487793,62.79690170288086,-2.4234317686100266,-5.374254855606903,-135.51930150122877,-45.59581,31.613901,-8.459883,64.99958,-11.020705,-15.000033,-7.870876,-31.144596,-1.7140825,61.223873,-35.18924,15.000033,6.105924,10.185733,27.658602,-64.12329,55.030724,-16.059332,18.905518,38.651356,31.820671,-1.2758732,-59.018536,-3.9733307,45.158436,-33.814693,-14.109563,1.0838522,-12.725448
328,14.839755058288574,29.193805694580078,62.43922805786133,-2.186601904277902,-5.131388173849224,-136.2461291397456,-46.460083,31.87594,-8.518377,65.75864,-10.899639,-15.000033,-9.80816,-31.479603,-0.9257229,62.533554,-35.968246,15.000033,5.4047,10.399196,28.63803,-62.43538,56.45413,-15.9304285,19.663326,38.102966,32.014477,-0.96734244,-59.65672,-3.3606677,45.646034,-33.590084,-13.196678,1.0983387,-12.803682
329,15.110267639160156,29.493846893310547,62.092018127441406,-1.9036295142795805,-4.902641037779301,-136.85407348912634,-47.310944,31.929747,-8.689617,66.472305,-10.671249,-15.000033,-11.668493,-31.697939,0.13576406,63.793648,-36.608025,15.000033,4.6114917,10.521817,29.690212,-60.43532,57.709618,-15.3987465,20.168755,37.12669,32.0207,-0.4962335,-60.32812,-2.8137107,46.14036,-33.348938,-11.775557,1.156066,-12.992488
330,15.374927520751953,29.785057067871094,61.75212860107422,-1.5985388781769583,-4.390450877866633,-137.3844225996518,-48.502247,31.818922,-8.967225,67.14426,-10.303413,-15.000033,-13.889666,-31.806513,1.4318204,65.131065,-37.09308,15.000033,3.906114,10.496648,29.793802,-57.894245,58.640278,-14.989828,20.639393,35.75524,31.856295,0.11625424,-60.28804,-2.3127124,46.612988,-33.189003,-9.888848,1.1923376,-13.302727
331,15.629996299743652,30.062984466552734,61.42322540283203,-1.2672433029537102,-3.848046273397642,-137.86583970844427,-49.665775,31.609356,-9.2709055,67.7367,-9.92913,-15.000033,-16.117336,-31.880419,2.7860222,66.448,-37.48949,15.000033,3.292357,10.419515,29.793802,-55.47698,59.229813,-14.64156,21.131386,34.24813,31.645842,0.8404837,-60.15958,-1.8781924,46.983196,-32.9994,-8.032218,1.2182882,-13.582152
332,15.884855270385742,30.32421112060547,61.10828399658203,-0.9264472987050778,-3.2943790407257034,-138.34132400865914,-50.727814,31.374388,-9.553839,68.208694,-9.638742,-15.000033,-18.31177,-31.977766,4.052212,67.702965,-37.855713,15.000033,2.7846482,10.3299465,29.793802,-53.179157,59.528286,-14.216702,21.52843,32.777687,31.47198,1.6467698,-60.018993,-1.525041,47.233013,-32.78371,-6.627107,1.2175692,-13.718209
333,16.12783432006836,30.562946319580078,60.80442810058594,-0.5549635284865991,-2.723392831162166,-138.83394439391748,-51.65367,31.090265,-9.81797,68.5292,-9.448935,-15.000033,-20.506016,-32.138645,5.2294197,68.887474,-38.189533,15.000033,2.37188,10.213272,29.793802,-50.910374,59.55147,-13.635543,21.774689,31.216452,31.349894,2.5848703,-59.8576,-1.2592856,47.357635,-32.539547,-5.809229,1.1993303,-13.613225
334,16.358421325683594,30.787817001342773,60.50746536254883,-0.15333578104471363,-2.1388675722883663,-139.3151022646568,-52.475613,30.733772,-10.081579,68.72744,-9.31673,-15.000033,-22.698526,-32.325417,6.38908,70.02054,-38.465965,15.000033,2.0200584,10.069482,29.793802,-48.620483,59.30654,-12.89463,21.860056,29.526022,31.223051,3.643968,-59.678707,-1.0857482,47.39625,-32.274296,-5.3435736,1.175841,-13.356272
335,16.575407028198242,31.00370216369629,60.212005615234375,0.2279695230786748,-1.5442449672269767,-139.75397106032648,-53.26125,30.38005,-10.331367,68.85093,-9.239051,-15.000033,-24.83461,-32.4843,7.494637,71.10383,-38.70236,15.000033,1.7195214,9.940424,29.793802,-46.36396,58.824173,-12.045455,21.776709,27.989256,31.080023,4.719526,-59.49281,-1.0005612,47.388424,-32.01184,-5.092606,1.1315099,-13.113481
336,16.7767276763916,31.20052146911621,59.922061920166016,0.5377648289407077,-0.9425310071949875,-140.1209448455061,-54.081203,30.103409,-10.555586,68.94805,-9.211991,-15.000033,-26.856646,-32.565712,8.50338,72.139984,-38.919468,15.000033,1.4567835,9.858547,29.793802,-44.201828,58.147762,-11.14377,21.523314,26.889042,30.922655,5.7071753,-59.31207,-0.9928597,47.372272,-31.781958,-4.917542,1.0495131,-13.04959
337,16.963008880615234,31.38251304626465,59.634666442871094,0.7626455538035161,-0.3168435414240328,-140.43953077092533,-54.930923,29.95212,-10.727919,68.98641,-9.258062,-15.000033,-28.780073,-32.536144,9.431315,73.10908,-39.100613,15.000033,1.2240578,9.824592,29.793802,-42.084717,57.30161,-10.138351,21.056297,26.32254,30.753683,6.6052985,-59.157063,-1.0552226,47.364925,-31.578619,-4.85874,0.8883168,-13.270055
338,17.1331729888916,31.551372528076172,59.35520553588867,0.9285599016077841,0.330065995098306,-140.7172671917826,-55.78717,29.877172,-10.86928,68.95629,-9.373013,-15.000033,-30.621298,-32.43855,10.281499,74.01649,-39.24592,15.000033,1.0111389,9.815254,29.793802,-39.965256,56.28932,-9.001109,20.350449,26.11734,30.585009,7.460907,-59.01803,-1.1806844,47.352585,-31.394585,-4.963917,0.66777825,-13.668666
339,17.278974533081055,31.717601776123047,59.073455810546875,1.0453674705535356,0.9660621248654769,-140.90237231236594,-56.69219,29.808422,-11.03419,68.93726,-9.508266,-15.000033,-32.338997,-32.326958,11.005909,74.92313,-39.39399,15.000033,0.8077563,9.826335,29.793802,-37.92715,55.12945,-7.842586,19.451067,26.142899,30.43776,8.245771,-58.865414,-1.3543621,47.318188,-31.246058,-5.10517,0.463478,-14.089106
340,17.404071807861328,31.88861656188965,58.78427505493164,1.1253011945584108,1.5546518784342669,-140.94197314274092,-57.679653,29.672672,-11.274674,69.009575,-9.618963,-15.000033,-33.874847,-32.282127,11.54496,75.86351,-39.582817,15.000033,0.6138864,9.85361,29.793802,-36.06294,53.85727,-6.7938914,18.409927,26.24871,30.331059,8.935058,-58.67247,-1.5588698,47.233414,-31.142225,-5.1537056,0.3497189,-14.371175
341,17.505556106567383,32.06327819824219,58.48542022705078,1.1524407341475487,2.105402579194155,-140.83036132182698,-58.795193,29.487413,-11.604869,69.20773,-9.721085,-15.000033,-35.244453,-32.30183,11.880424,76.86255,-39.814125,15.000033,0.42036918,9.887728,29.793802,-34.405064,52.493988,-5.85722,17.245852,26.50512,30.287788,9.472654,-58.447205,-1.7786287,47.085003,-31.090742,-5.043295,0.32928514,-14.477294
342,17.581493377685547,32.23767852783203,58.18003463745117,1.1312429545714988,2.629553279661214,-140.59448361475054,-60.004322,29.277304,-11.9941635,69.4829,-9.826228,-15.000033,-36.464172,-32.370296,12.046713,77.888725,-40.072678,15.000033,0.22806959,9.925445,29.793802,-32.869404,51.05029,-4.965255,15.904194,26.932772,30.296768,9.889778,-58.210754,-2.0051568,46.882927,-31.066622,-4.853239,0.3681761,-14.487389
343,17.644392013549805,32.4149055480957,57.86662673950195,1.105024458203214,3.1023203951130296,-140.23144688990402,-61.23271,28.976973,-12.425598,69.795975,-9.882297,-15.000033,-37.52236,-32.521362,12.092546,78.93751,-40.371902,15.000033,0.037116975,9.934924,29.793802,-31.48827,49.536766,-4.1835117,14.450129,27.351078,30.317177,10.287089,-57.941216,-2.2280188,46.63988,-31.068733,-4.670688,0.48300704,-14.420231
344,17.695232391357422,32.58859634399414,57.545982360839844,1.1166816134102107,3.4923604779474022,-139.73685567811145,-62.395996,28.52806,-12.872979,70.10325,-9.834789,-15.000033,-38.38551,-32.802364,12.060665,79.98374,-40.723034,15.000033,-0.13480474,9.901364,29.793802,-30.251675,47.972424,-3.573451,12.900505,27.553476,30.31046,10.772198,-57.62202,-2.4419484,46.355495,-31.08059,-4.585373,0.69114465,-14.29152
345,17.726774215698242,32.767520904541016,57.21963119506836,1.186694657666124,3.7909486999008672,-139.07942555463728,-63.48667,27.862375,-13.347431,70.4039,-9.642559,-15.000033,-39.042267,-33.26015,11.9565935,81.03023,-41.14869,15.000033,-0.31167465,9.791347,29.793802,-29.182798,46.37555,-3.160062,11.267531,27.410875,30.271605,11.4290495,-57.23299,-2.6378784,46.012714,-31.115751,-4.5495505,0.99722755,-14.061996
346,17.7413272857666,32.951114654541016,56.88970184326172,1.2903526328753847,4.013315335792743,-138.27224923238606,-64.53478,27.024868,-13.849763,70.71561,-9.347824,-15.000033,-39.519844,-33.86854,11.7635565,82.09065,-41.629574,15.000033,-0.49211666,9.614733,29.793802,-28.247896,44.75546,-2.8856473,9.526938,27.046211,30.215105,12.1830435,-56.795902,-2.8103204,45.609386,-31.171167,-4.541604,1.3920065,-13.735865
347,17.741151809692383,33.12900924682617,56.55537796020508,1.398942728160315,4.168533159278663,-137.3756853052703,-65.527626,26.141823,-14.332885,71.02634,-9.011411,-15.000033,-39.827286,-34.54662,11.50479,83.153076,-42.137157,15.000033,-0.6292477,9.40746,29.793802,-27.430328,43.108967,-2.714889,7.7179646,26.653522,30.129654,12.900834,-56.346516,-2.9629688,45.177853,-31.22608,-4.688655,1.8692255,-13.394369
348,17.723997116088867,33.29596710205078,56.22234344482422,1.4818203179772063,4.266357685635556,-136.45114242475992,-66.45463,25.329527,-14.764057,71.32689,-8.701594,-15.000033,-39.990868,-35.217297,11.19378,84.21801,-42.6322,15.000033,-0.6720583,9.213525,29.793802,-26.720978,41.4236,-2.6221323,5.878639,26.42702,30.010893,13.451104,-55.915127,-3.1083155,44.747826,-31.264807,-5.1170163,2.4219763,-13.116489
349,17.683841705322266,33.45399475097656,55.894840240478516,1.5220134119489817,4.293389711488458,-135.5008303524816,-67.31178,24.601604,-15.16167,71.6202,-8.441596,-15.000033,-39.977104,-35.876022,10.800554,85.27895,-43.13243,15.000033,-0.6042285,9.049807,29.793802,-26.131018,39.680832,-2.6265082,4.017738,26.470861,29.888159,13.816652,-55.47178,-3.2560463,44.324413,-31.299002,-5.95789,3.0546334,-12.910947
350,17.63167953491211,33.59677505493164,55.564476013183594,1.5335757314667977,4.248964482420926,-134.49701831243434,-68.10659,23.90043,-15.5403185,71.909996,-8.193181,-15.000033,-39.776306,-36.55744,10.321809,86.3384,-43.65142,15.000033,-0.4472966,8.903194,29.793802,-25.665524,37.87668,-2.731745,2.1210544,26.670254,29.756777,14.063221,-55.007835,-3.411151,43.89174,-31.338099,-7.1127834,3.767051,-12.730995
351,17.563411712646484,33.73130416870117,55.239540100097656,1.5330435423558084,4.162774560321408,-133.4559574503491,-68.85347,23.240503,-15.863271,72.19152,-7.933262,-15.000033,-39.4516,-37.243046,9.81589,87.40814,-44.138744,15.000033,-0.20810203,8.770153,29.793802,-25.302462,36.024914,-2.8914416,0.18537597,26.888456,29.56083,14.183929,-54.58208,-3.5830142,43.45115,-31.363243,-8.361238,4.5464706,-12.573813
352,17.476457595825195,33.8626708984375,54.919273376464844,1.5388588940224148,4.064943065708992,-132.39355402581486,-69.5654,22.638351,-16.091375,72.45446,-7.634091,-15.000033,-39.062973,-37.90894,9.341353,88.49673,-44.554146,15.000033,0.102960154,8.639788,29.793802,-25.015392,34.15077,-3.0576575,-1.8021327,26.984894,29.245058,14.168897,-54.24743,-3.7825768,43.007866,-31.366112,-9.4816,5.3812423,-12.442997
353,17.376243591308594,33.97751998901367,54.602867126464844,1.538320472086377,3.9602640778434357,-131.31548603214915,-70.27504,22.152323,-16.211466,72.710915,-7.2876945,-15.000033,-38.623035,-38.522156,8.916054,89.62276,-44.882557,15.000033,0.49895737,8.513083,29.793802,-24.797527,32.26536,-3.214858,-3.8848245,26.944729,28.804379,13.957057,-54.012062,-4.0172763,42.565,-31.403875,-10.465416,6.368741,-12.328083
354,17.254587173461914,34.074790954589844,54.30124282836914,1.5256988228716375,3.8334313191640774,-130.21274552172784,-70.9687,21.757097,-16.248198,72.96261,-6.90799,-15.000033,-38.100082,-39.104897,8.507177,90.77583,-45.149166,15.000033,0.9797878,8.388119,29.793802,-24.66279,30.3707,-3.39193,-6.0475054,26.825092,28.265442,13.573411,-53.836952,-4.2905316,42.12114,-31.482826,-11.413229,7.4830227,-12.229324
355,17.124292373657227,34.15065383911133,54.014732360839844,1.5322729403434676,3.6836398101648826,-129.078522076447,-71.58965,21.342983,-16.217808,73.18302,-6.505953,-15.000033,-37.486755,-39.70874,8.094252,91.91953,-45.372116,15.000033,1.5133371,8.244925,29.793802,-24.604729,28.482166,-3.606743,-8.224141,26.594769,27.621422,13.13316,-53.702168,-4.607143,41.67687,-31.51991,-12.264568,8.529063,-12.178648
356,16.978103637695312,34.211570739746094,53.74106216430664,1.5891065080087197,3.511218282227186,-127.90636368790902,-72.08692,20.80267,-16.135696,73.35014,-6.089231,-15.000033,-36.781757,-40.39009,7.6615934,93.018684,-45.564358,15.000033,2.0659661,8.058171,29.793802,-24.616095,26.623388,-3.8721485,-10.340118,26.22032,26.865114,12.747462,-53.585888,-4.9723043,41.232548,-31.435118,-12.954207,9.312372,-12.216429
357,16.824745178222656,34.25809860229492,53.47985076904297,1.7126670101922596,3.308132530780408,-126.67699613723761,-72.438774,20.084557,-15.994497,73.442635,-5.6303453,-15.000033,-35.972298,-41.1645,7.2195053,94.087776,-45.726807,15.000033,2.6286936,7.8082137,29.793802,-24.707767,24.807339,-4.174747,-12.393695,25.591856,25.928423,12.35819,-53.48774,-5.3891635,40.77636,-31.233437,-13.458175,9.748589,-12.33289
358,16.649850845336914,34.285552978515625,53.24235534667969,1.8815884935529585,3.0755498241614427,-125.40045583310139,-72.680534,19.25808,-15.790458,73.47686,-5.1350493,-15.000033,-35.061832,-42.00459,6.7696333,95.134895,-45.84203,15.000033,3.2190602,7.505246,29.793802,-24.88308,23.036133,-4.5106597,-14.409352,24.751759,24.842386,11.925703,-53.406296,-5.8595467,40.31484,-30.961006,-13.808138,9.953532,-12.525121
359,16.461559295654297,34.28924560546875,53.02424621582031,2.0685145806851404,2.8260527367179766,-124.11335631958585,-72.84523,18.398243,-15.550069,73.482,-4.657642,-15.000033,-34.047413,-42.875362,6.281642,96.121445,-45.938053,15.000033,3.8444204,7.1699243,29.793802,-25.116539,21.315548,-4.908599,-16.366768,23.901073,23.74493,11.592483,-53.315514,-6.3863645,39.872696,-30.60235,-14.022584,10.033106,-12.846751
360,16.251829147338867,34.27351760864258,52.82607650756836,2.2544539466363265,2.5733266561477963,-122.84948821396375,-72.96222,17.573717,-15.293286,73.48804,-4.25266,-15.000033,-32.92788,-43.745728,5.7106357,97.00897,-46.03454,15.000033,4.5091453,6.8175426,29.793802,-25.386637,19.655087,-5.401529,-18.238562,23.240229,22.768099,11.509919,-53.190853,-6.9741664,39.471375,-30.144789,-14.11756,10.093252,-13.349701
361,16.028989791870117,34.235496520996094,52.644874572753906,2.4507984128095233,2.314448339251806,-121.60853724873323,-73.02421,16.777458,-15.012633,73.50244,-3.9451287,-15.000033,-31.688848,-44.623745,5.0374875,97.79819,-46.14435,15.000033,5.227703,6.4330606,29.793802,-25.695492,18.058044,-6.0007586,-20.019087,22.862652,21.91533,11.713013,-53.001785,-7.629518,39.142033,-29.564463,-14.11007,10.067504,-14.178312
362,15.788666725158691,34.170387268066406,52.48564910888672,2.6633845137286976,2.0428217155762396,-120.37352908535856,-73.02223,15.976515,-14.704246,73.50873,-3.7039073,-15.000033,-30.32254,-45.51532,4.2718983,98.50639,-46.25261,15.000033,5.993684,6.013245,29.793802,-26.053862,16.523129,-6.6972213,-21.716837,22.65365,21.124144,12.130521,-52.76371,-8.355997,38.863552,-28.883038,-13.987742,9.928017,-15.26288
363,15.534703254699707,34.08637237548828,52.347869873046875,2.863411485028942,1.766562141223165,-119.1484181826835,-72.97975,15.19423,-14.390448,73.50306,-3.5001338,-15.000033,-28.819586,-46.37337,3.38818,99.11691,-46.348244,15.000033,6.778648,5.591694,29.793802,-26.461636,15.056991,-7.495672,-23.317514,22.494461,20.42342,12.758373,-52.518715,-9.151346,38.574375,-28.152533,-13.721061,9.836434,-16.333416
364,15.284713745117188,33.97393035888672,52.23187255859375,3.024980957411741,1.495471082110333,-117.93659028359117,-72.91727,14.45454,-14.091644,73.48237,-3.304088,-15.000033,-27.175472,-47.153637,2.362088,99.61255,-46.41745,15.000033,7.5540934,5.200311,29.793802,-26.922869,13.674515,-8.3949175,-24.806414,22.254498,19.840853,13.589947,-52.307667,-10.009447,38.21217,-27.425425,-13.275867,9.9560995,-17.12217
365,15.034374237060547,33.83732223510742,52.14741897583008,3.141700786690131,1.226910312028376,-116.73896428032113,-72.84019,13.790905,-13.7920885,73.452515,-3.104749,-15.000033,-25.372461,-47.837917,1.1806089,99.99166,-46.465626,15.000033,8.327728,4.862743,29.793802,-27.48189,12.406533,-9.437705,-26.137259,21.85228,19.426031,14.795527,-52.14172,-10.92876,37.75088,-26.665953,-12.600805,10.340404,-17.558748
366,14.76932144165039,33.68028259277344,52.090633392333984,3.2304486048788874,0.9675858660131037,-115.55120324652056,-72.74344,13.178947,-13.48334,73.40997,-2.9151576,-15.000033,-23.429588,-48.4431,-0.14421499,100.265755,-46.495197,15.000033,9.078314,4.479361,29.793802,-27.96091,11.171848,-10.724749,-27.46055,21.559155,19.164562,16.371048,-51.967674,-11.894285,37.230507,-25.930193,-11.710621,10.896576,-17.798096
367,14.500692367553711,33.51091384887695,52.06072235107422,3.2958857403268924,0.7094048903313145,-114.36926709472105,-72.60191,12.55626,-13.207618,73.34887,-2.7514586,-15.000033,-21.350405,-48.97543,-1.6091431,100.43137,-46.49015,15.000033,9.84273,4.1561494,29.793802,-28.613182,10.063471,-11.936546,-28.58213,21.09479,18.9192,17.8831,-51.829895,-12.924157,36.672356,-25.15017,-10.723673,11.583602,-17.88974
368,14.21943187713623,33.31403350830078,52.06195068359375,3.351339976181463,0.47660339385935657,-113.19053481015334,-72.41942,11.862789,-12.997127,73.25246,-2.6219268,-15.000033,-19.191038,-49.443043,-3.1905947,100.49238,-46.42776,15.000033,10.560859,3.766397,29.793802,-29.196693,9.029253,-13.071488,-29.72575,20.698494,18.620693,19.038925,-51.672783,-13.998462,36.107693,-24.4989,-9.709968,12.349972,-17.90328
369,13.93911361694336,33.08647155761719,52.09986114501953,3.4050378820573055,0.27682497580917,-112.00617196515388,-72.193275,11.057635,-12.876373,73.11895,-2.536958,-15.000033,-16.936573,-49.84412,-4.9084616,100.44108,-46.318966,15.000033,11.246906,3.3228927,29.793802,-29.764294,8.061557,-14.059162,-30.865309,20.2941,18.192564,19.63651,-51.50689,-15.112397,35.520767,-23.900026,-8.606613,13.188441,-17.830408
370,13.648821830749512,32.834449768066406,52.16463088989258,3.453595103090154,0.10248376501350238,-110.82061027487985,-71.92603,10.180621,-12.821159,72.95401,-2.4891605,-15.000033,-14.583669,-50.16945,-6.7585683,100.28045,-46.16572,15.000033,11.903684,2.8416529,29.793802,-30.345596,7.162702,-14.959961,-31.966637,19.869766,17.704145,19.88932,-51.35734,-16.264362,34.89754,-23.31594,-7.384934,14.1294565,-17.652964
371,13.355059623718262,32.56831359863281,52.26012420654297,3.490791863839679,-0.06244650260328486,-109.65132246342891,-71.6143,9.293168,-12.797974,72.75825,-2.4660966,-15.000033,-12.182836,-50.415386,-8.686338,100.02639,-45.942505,15.000033,12.516141,2.335038,29.793802,-30.922098,6.3203316,-15.825042,-33.014275,19.529543,17.274893,20.051521,-51.21913,-17.437958,34.266953,-22.8516,-6.2317886,15.180008,-17.40506
372,13.067124366760254,32.288848876953125,52.39100646972656,3.5034419318601544,-0.23347566475931045,-108.51661312941924,-71.25505,8.455782,-12.774423,72.531654,-2.454179,-15.000033,-9.787728,-50.584404,-10.637955,99.69536,-45.62401,15.000033,13.086937,1.8231616,29.793802,-31.475016,5.507171,-16.723158,-33.98995,19.383007,17.020483,20.38082,-50.97627,-18.588799,33.67473,-22.682667,-5.432782,16.345772,-17.118063
373,12.792642593383789,31.984981536865234,52.553443908691406,3.5016342513363266,-0.3950314141371715,-107.40367594078243,-70.85603,7.6747527,-12.72235,72.26099,-2.4389305,-15.000033,-7.409384,-50.682636,-12.625416,99.28638,-45.2136,15.000033,13.520726,1.248636,29.793802,-31.940767,4.7150607,-17.565832,-34.97489,19.650122,17.097849,20.929813,-51.07991,-19.742764,33.07032,-22.514061,-4.693867,17.719154,-16.77195
374,12.531330108642578,31.670516967773438,52.75379943847656,3.4870096044022225,-0.5397328538717481,-106.31097325984193,-70.41957,6.923516,-12.66823,71.95004,-2.4297187,-15.000033,-5.0429997,-50.702126,-14.655352,98.7944,-44.723927,15.000033,13.909499,0.64087695,29.793802,-32.37457,3.9301405,-18.40789,-35.928936,20.200459,17.408335,21.571482,-51.160706,-20.872679,32.484177,-22.540716,-4.2172127,19.269333,-16.363865
375,12.290857315063477,31.34903907775879,52.983646392822266,3.448965521656691,-0.7087554690276535,-105.27370027714042,-69.91536,6.212895,-12.641643,71.62604,-2.4464047,-15.000033,-2.7118514,-50.63323,-16.64758,98.230515,-44.145824,15.000033,14.234145,0.06217414,29.793802,-32.76587,3.1630535,-19.25142,-36.757347,20.675684,17.673664,22.25389,-51.322304,-21.964443,31.895031,-22.681686,-3.931738,20.801474,-15.865181
376,12.082763671875,31.022390365600586,53.242366790771484,3.37244827705395,-0.9411938863458363,-104.32768991778175,-69.30858,5.548906,-12.676913,71.3189,-2.5374792,-15.000033,-0.45188546,-50.491512,-18.521606,97.604065,-43.427788,15.000033,14.490752,-0.42319593,29.793802,-33.108406,2.4366565,-20.11068,-37.367855,20.711714,17.60912,22.936598,-51.565823,-22.995422,31.306263,-22.929718,-3.8440247,22.120882,-15.251661
377,11.90701675415039,30.691736221313477,53.52783966064453,3.2331014334471684,-1.2616958283758566,-103.4479284283521,-68.59427,4.9154954,-12.801584,71.04194,-2.6855567,-15.000033,1.8031132,-50.22919,-20.31404,96.89918,-42.599125,15.000033,14.624175,-0.802179,29.793802,-33.388912,1.7583256,-21.013876,-37.783604,20.180786,17.168459,23.709984,-51.99053,-23.94885,30.712088,-23.240364,-3.9526448,23.200773,-14.390667
378,11.758801460266113,30.35251235961914,53.839027404785156,3.0362065388756543,-1.640793770973992,-102.62997401643443,-67.788315,4.321615,-12.996334,70.77912,-2.8827507,-15.000033,4.0109363,-49.868225,-22.007984,96.11431,-41.652607,15.000033,14.646588,-1.1093538,29.793802,-33.597168,1.1312699,-21.93574,-38.05495,19.295816,16.483204,24.554342,-52.575928,-24.813673,30.13438,-23.621239,-4.284107,24.130253,-13.32009
379,11.638190269470215,30.01934051513672,54.182315826416016,2.8285673360641987,-2.0390723911920765,-101.93411537786139,-66.89849,3.8092103,-13.208796,70.512794,-3.132889,-15.000033,6.0225124,-49.47823,-23.491354,95.287094,-40.58913,15.000033,14.627336,-1.3680272,29.793802,-33.72602,0.5867632,-22.784296,-38.144775,18.20107,15.535134,25.261751,-53.284435,-25.583374,29.607403,-24.041586,-4.773243,24.887516,-12.27649
380,11.539102554321289,29.6823673248291,54.54621124267578,2.6580710060102173,-2.418942436026037,-101.42052359276593,-65.9386,3.4250455,-13.383199,70.227875,-3.4352312,-15.000033,7.7027106,-49.135193,-24.660196,94.45746,-39.408875,15.000033,14.632575,-1.6053785,29.793802,-33.76436,0.17336567,-23.469322,-38.028194,17.025547,14.318207,25.632444,-54.065857,-26.250399,29.163418,-24.484505,-5.346976,25.455643,-11.505164
381,11.466409683227539,29.33993911743164,54.943321228027344,2.5216456143093082,-2.774739422334232,-101.08939843400273,-64.91935,3.1666672,-13.532487,69.92788,-3.7945194,-15.000033,9.051591,-48.855083,-25.531225,93.63182,-38.11691,15.000033,14.645747,-1.8338166,29.793802,-33.722324,-0.06620544,-23.935219,-37.746716,15.682643,12.71358,25.432138,-54.991444,-26.801641,28.823612,-24.934452,-6.0199423,25.804522,-11.102929
382,11.425540924072266,28.989765167236328,55.36994934082031,2.3998837431316513,-3.127549179937654,-100.91301632088047,-63.83381,3.0165653,-13.672307,69.61939,-4.2056775,-15.000033,10.143183,-48.607903,-26.158655,92.79334,-36.71846,15.000033,14.621633,-2.050257,29.793802,-33.571514,-0.11353448,-24.231905,-37.34609,14.110535,10.788363,24.810171,-56.09066,-27.222275,28.592442,-25.386097,-6.806612,25.955326,-10.9371195
383,11.4129056930542,28.638324737548828,55.83344650268555,2.3093218791493797,-3.4807964685951207,-100.90956094945231,-62.660618,2.985294,-13.763574,69.28428,-4.662604,-15.000033,10.967292,-48.419792,-26.507755,91.945786,-35.202503,15.000033,14.585049,-2.2584262,29.793802,-33.24239,0.040526293,-24.434984,-36.814312,12.485614,8.807231,24.161604,-57.246735,-27.505295,28.475033,-25.846142,-7.632263,25.972672,-10.909885
384,11.42299747467041,28.269607543945312,56.333316802978516,2.2692416418828927,-3.836681386042276,-101.09835667974723,-61.380913,3.0849628,-13.763505,68.90439,-5.1553187,-15.000033,11.509219,-48.31384,-26.539606,91.09522,-33.559673,15.000033,14.562296,-2.4608345,29.793802,-32.669212,0.40056783,-24.611954,-36.12988,11.007835,7.0056753,23.90093,-58.34887,-27.65409,28.460781,-26.31364,-8.408224,25.918188,-10.92134
385,11.46296215057373,27.894493103027344,56.86933517456055,2.286663079463566,-4.185128993218213,-101.48739529329055,-59.988216,3.310544,-13.678081,68.47399,-5.7254853,-15.000033,11.726622,-48.30018,-26.217262,90.24688,-31.728024,15.000033,14.585803,-2.6657357,29.793802,-31.86246,0.9769234,-24.820702,-35.198982,9.763193,5.232202,24.262283,-59.334507,-27.663305,28.531143,-26.868252,-9.282581,25.802176,-10.958068
386,11.522839546203613,27.50629997253418,57.44422149658203,2.3539006634650694,-4.5324473188194805,-102.06643491839579,-58.488213,3.6597292,-13.510335,67.99764,-6.351883,-15.000033,11.642871,-48.362263,-25.56422,89.39984,-29.737474,15.000033,14.578891,-2.8872917,29.793802,-30.804708,1.7892807,-24.961916,-34.10331,8.671956,3.40598,24.988056,-60.498814,-27.565594,28.682503,-27.340712,-10.070323,25.593443,-11.056704
387,11.608904838562012,27.10087013244629,58.04925537109375,2.460473956213549,-4.892794925244736,-102.82681527168434,-56.88728,4.1346865,-13.234277,67.48548,-6.982182,-15.000033,11.33012,-48.482044,-24.641933,88.53804,-27.696318,15.000033,14.568926,-3.0971704,29.793802,-29.454891,2.8167984,-25.01329,-33.03165,7.6691527,1.8575081,25.80233,-61.49845,-27.337465,28.977814,-27.878319,-10.753355,25.299303,-11.251057
388,11.725960731506348,26.672760009765625,58.68780517578125,2.5989745181394994,-5.290224123241694,-103.76132163451435,-55.17772,4.73496,-12.820219,66.946106,-7.562288,-15.000033,10.871724,-48.64124,-23.512312,87.64519,-25.714142,15.000033,14.524979,-3.265004,29.793802,-27.81177,4.054823,-24.822601,-32.13941,6.5999975,0.93269,26.41071,-62.32576,-26.977657,29.474792,-28.381296,-11.099543,24.92177,-11.540143
389,11.866739273071289,26.231325149536133,59.345428466796875,2.7707023776920088,-5.7523057405687394,-104.87306258082205,-53.308617,5.4545264,-12.2709875,66.3756,-8.109833,-15.000033,10.261784,-48.830967,-22.088282,86.7155,-23.674164,15.000033,14.427271,-3.396622,29.793802,-25.674797,5.4690475,-24.456148,-31.395458,5.58704,0.64475316,26.880806,-62.92358,-26.460943,30.21473,-28.88036,-11.008637,24.476395,-12.02898
390,12.033430099487305,25.781770706176758,60.01690673828125,2.98225737024529,-6.261560157887318,-106.16795728544751,-51.286076,6.289876,-11.586326,65.76885,-8.6491,-15.000033,9.456152,-49.04373,-20.35421,85.75828,-21.564085,15.000033,14.27719,-3.5019474,29.793802,-23.105486,7.0632696,-23.860863,-30.742674,4.6040797,0.8374799,27.331837,-63.370247,-25.78376,31.18977,-29.358463,-10.61256,23.95246,-12.671419
391,12.21675968170166,25.314605712890625,60.70128631591797,3.236002290904868,-6.757688803506778,-107.64140320987791,-49.205822,7.239486,-10.739957,65.13904,-9.13423,-15.000033,8.465995,-49.278767,-18.48995,84.786865,-19.652859,15.000033,14.031175,-3.627155,29.793802,-20.166729,8.817245,-22.94155,-30.528872,3.582951,1.6127747,27.616285,-63.733135,-24.957169,32.38213,-29.804749,-10.05563,23.308983,-13.268442
392,12.421204566955566,24.831029891967773,61.39866256713867,3.522289325100234,-7.183804939942814,-109.28731032443014,-47.158672,8.298853,-9.709925,64.499275,-9.514987,-15.000033,7.3154693,-49.55511,-16.693731,83.813034,-18.210146,15.000033,13.653941,-3.8128116,29.793802,-16.920527,10.687406,-21.58991,-31.092535,2.4465492,3.0799549,27.589888,-64.074455,-24.002598,33.7541,-30.216673,-9.466116,22.509556,-13.623528
393,12.64775276184082,24.33800506591797,62.09998321533203,3.8909686574681106,-7.567004168625603,-111.13244498405734,-45.0471,9.483984,-8.352257,63.81166,-9.867667,-15.000033,6.11332,-50.16308,-15.138703,82.85496,-17.278126,15.000033,13.1369915,-4.1048493,29.793802,-13.117912,12.601527,-19.72973,-32.586662,0.95432466,5.556615,27.140377,-64.32401,-22.919695,35.32441,-30.643847,-8.742107,21.498138,-13.681616
394,12.876997947692871,23.85086441040039,62.785972595214844,4.309139739107784,-7.86463328993801,-113.16372489405813,-42.9074,10.7760515,-6.7322297,63.090214,-10.185272,-15.000033,4.718787,-51.000443,-13.682482,81.91694,-16.737877,15.000033,12.541867,-4.5006847,29.52416,-8.766962,14.453979,-17.453468,-34.597084,-0.80470604,8.902622,26.47313,-64.237045,-21.685932,37.0663,-31.088455,-7.849013,20.294098,-13.544656
395,13.085661888122559,23.40690803527832,63.48843002319336,4.47189986363664,-7.967114775689694,-115.39510173647946,-41.020645,12.353526,-5.2978673,62.448257,-10.300572,-15.000033,2.9115138,-51.589294,-12.695895,81.01591,-16.64753,13.022494,11.926982,-4.758954,28.979122,-4.3060017,16.195837,-14.749772,-36.98267,-2.367196,12.537308,25.81111,-63.99094,-20.342697,38.900093,-31.506765,-7.0149674,19.008629,-13.253753
396,13.286148071289062,22.993310928344727,64.19776916503906,4.362383381555074,-7.842808516000245,-117.74411184171161,-39.5771,14.091854,-4.2564096,62.016735,-10.06334,-15.000033,0.5456084,-51.088264,-11.183886,80.06215,-16.929234,11.601647,11.326679,-4.8299837,28.287237,-0.23152566,17.802471,-11.680027,-39.584858,-3.270341,15.867289,25.302704,-63.769497,-18.955471,40.70601,-31.845278,-6.4633474,17.754318,-12.856205
397,13.477982521057129,22.62384033203125,64.88664245605469,4.337679149242,-7.532518009057581,-120.15409297311643,-38.471733,15.6593275,-3.2463284,61.73859,-9.229877,-15.000033,-2.3580012,-49.43984,-8.505351,78.94314,-17.68256,11.530167,10.688708,-5.059867,27.563917,3.4772866,19.226751,-8.279852,-42.475662,-3.3482835,18.940704,24.944468,-63.562145,-17.570908,42.459274,-32.133434,-6.2129793,16.475468,-12.33863
398,13.668923377990723,22.275802612304688,65.55899810791016,4.379285806090101,-7.074762501477668,-122.63821530026308,-37.613018,17.124657,-2.2163258,61.573925,-7.946633,-15.000033,-5.4622536,-47.044006,-5.197334,77.72947,-18.918396,12.327803,10.052203,-5.3938994,26.793814,6.8272896,20.412548,-4.6062145,-45.55411,-2.8352551,22.00018,24.594275,-63.29215,-16.22128,44.17643,-32.400024,-6.1372204,15.145244,-11.694453
399,13.848312377929688,21.973848342895508,66.19767761230469,4.441759500172451,-6.560630082211788,-125.01315824324428,-36.922604,18.347118,-1.4280379,61.42845,-6.5233936,-15.000033,-8.248958,-44.549732,-2.2228284,76.55233,-20.320818,13.497621,9.402883,-5.7041936,25.978945,9.253087,21.389513,-0.8476859,-48.228176,-1.8479863,24.75063,24.105528,-62.937077,-14.933841,45.81431,-32.519085,-6.196108,13.905475,-11.010703
400,14.008723258972168,21.72243309020996,66.800537109375,4.480651022515038,-6.081374703791172,-127.11532210247596,-36.320778,19.194231,-1.172288,61.202065,-5.2819934,-15.000033,-10.449406,-42.543392,-0.34029806,75.50242,-21.493319,14.630229,8.700428,-5.85368,25.15474,10.336557,22.292278,2.8511984,-50.0568,-0.48796204,26.886696,23.331758,-62.48879,-13.72924,47.354275,-32.395092,-6.353416,12.898304,-10.376369
401,14.12799072265625,21.514686584472656,67.36857604980469,4.279200747143686,-5.5405487286416335,-129.0514565142441,-35.96203,19.716587,-1.9702151,60.895947,-4.3007736,-15.000033,-12.358296,-40.82568,0.2151212,74.63342,-22.32302,15.000033,8.008021,-5.601873,24.248564,10.088815,23.29502,6.6084447,-51.244617,1.5465791,28.210703,22.058872,-61.925007,-12.631713,48.846592,-32.074554,-6.681351,12.205821,-9.8387575
402,14.222769737243652,21.34145736694336,67.89810180664062,3.964417881844222,-4.937321662114938,-130.8625797760393,-35.78965,19.933393,-3.4992101,60.529476,-3.416833,-15.000033,-14.115381,-39.221397,-0.035146635,73.847275,-23.002419,15.000033,7.320854,-5.114637,23.314848,8.783698,24.517591,10.390545,-52.03355,4.2098684,28.870893,20.410378,-61.23911,-11.654165,50.28459,-31.631725,-7.1646147,11.734156,-9.35502
403,14.3023099899292,21.17818832397461,68.37794494628906,3.6259640650581044,-4.395315566802521,-132.43120670940658,-35.67476,20.113716,-5.092619,60.127674,-2.5956414,-15.000033,-15.481837,-37.925816,-0.960065,73.034935,-23.53575,15.000033,6.5956664,-4.511018,22.454512,6.5948257,26.047018,13.879616,-52.21098,6.841352,29.102093,18.803705,-60.454185,-10.79402,51.575584,-31.048079,-7.652412,11.364483,-8.872506
404,14.3770170211792,21.02627182006836,68.78804779052734,3.3149540829941126,-4.022795594120363,-133.64457341717358,-35.56757,20.566984,-6.1377096,59.725464,-1.7972436,-15.000033,-16.22744,-37.109005,-2.5293782,72.10565,-23.928185,15.000033,5.801893,-3.8691428,21.741156,3.6894011,27.93467,16.75818,-51.552094,8.788377,29.211477,17.659233,-59.59118,-10.044709,52.613255,-30.299715,-7.9984703,10.980552,-8.334099
405,14.440986633300781,20.89580726623535,69.12385559082031,2.993224524796476,-3.861298455854495,-134.38063966103206,-35.580936,21.531681,-6.427818,59.397594,-1.1112844,-15.000033,-16.220848,-36.7321,-4.871724,71.1074,-24.046186,15.000033,4.854607,-3.121171,21.220583,-0.09221233,30.290985,19.021055,-50.099033,9.861638,29.17064,17.10264,-58.655354,-9.418206,53.349293,-29.3295,-8.159894,10.568349,-7.6917276
406,14.485136032104492,20.777698516845703,69.39505767822266,2.646200052383214,-3.8540374905473027,-134.7330719656239,-35.71192,22.783,-6.319426,59.11576,-0.5852649,-15.000033,-15.568603,-36.69476,-7.9908924,70.07094,-23.93083,15.000033,3.8686259,-2.2766495,20.845499,-4.755543,33.17438,20.659952,-47.96982,10.350049,28.905947,17.00407,-57.592636,-8.938913,53.767426,-28.200815,-8.233231,10.189982,-6.9816456
407,14.516790390014648,20.645957946777344,69.61474609375,2.3576522859788454,-3.9618918185452037,-134.9011648266668,-35.761047,23.934362,-6.05095,58.76006,-0.06567463,-15.000033,-14.367265,-37.062317,-11.701248,68.9125,-23.861635,15.000033,3.0587416,-1.5441761,20.5332,-10.058149,36.471825,21.35102,-44.93541,10.384152,28.6855,17.327335,-56.344303,-8.613588,53.83494,-27.091705,-8.277272,9.840413,-6.276288
408,14.538490295410156,20.497018814086914,69.79547882080078,2.206079487173761,-4.1275948829924225,-135.07566934838718,-35.568954,24.614935,-5.871682,58.202217,0.71645,-15.000033,-12.716826,-37.888607,-15.851661,67.56163,-24.119068,15.000033,2.5650911,-1.1289264,20.195068,-15.849077,39.966133,20.762531,-40.74675,10.133962,28.75878,17.987831,-54.890514,-8.425951,53.569725,-26.190361,-8.341183,9.509606,-5.648013
409,14.559724807739258,20.331951141357422,69.94229888916016,2.250313778141243,-4.373458399320604,-135.21194785538358,-35.058605,24.57841,-5.905675,57.25489,2.122919,-15.000033,-10.1505785,-39.510868,-21.252289,65.91548,-24.918442,15.000033,2.277408,-1.1540563,19.879038,-22.339397,43.49778,18.661537,-35.157055,9.51926,29.149456,19.20334,-53.202343,-8.350633,52.960228,-25.535109,-8.439843,9.150816,-5.0609207
410,14.557838439941406,20.176111221313477,70.04087829589844,2.4100474754749333,-4.709961761059064,-135.24376792305696,-34.347847,24.111914,-6.0334926,56.039707,3.957755,-15.000033,-6.4981265,-41.548588,-28.023409,64.10349,-26.084333,15.000033,2.0776079,-1.5585188,19.651037,-29.752657,46.947655,15.112654,-28.445385,8.410318,29.705154,20.959517,-51.31568,-8.378397,52.02703,-25.15852,-8.540753,8.777946,-4.4903293
411,14.545488357543945,20.060121536254883,70.13595581054688,2.573918481218701,-5.043747018520013,-135.32797561794777,-33.592243,23.63182,-6.126346,54.887264,5.6939726,-15.000033,-2.6315622,-43.16285,-34.67383,62.343052,-27.26952,15.000033,1.9726968,-2.26221,19.492832,-37.620655,50.08925,10.545259,-21.3906,6.9026656,30.40417,22.747343,-49.389103,-8.492367,50.952366,-25.226038,-8.6018715,8.470639,-4.0277576
412,14.534375190734863,19.94654655456543,70.20531463623047,2.659282777697804,-5.283534366982126,-135.60744583590662,-32.93531,23.490381,-6.0368943,54.139603,6.7745013,-15.000033,0.19204456,-43.864307,-39.297794,60.770935,-28.08554,15.000033,1.9304926,-3.0625293,19.387028,-44.941948,52.672432,5.849584,-15.024114,5.245427,31.240168,23.927519,-47.688942,-8.651384,50.015266,-25.711227,-8.5801935,8.316681,-3.7733498
413,14.525288581848145,19.826326370239258,70.2435531616211,2.6732687623297555,-5.408997511302648,-136.1618443332588,-32.312824,23.828346,-5.583463,53.87573,6.876048,-15.000033,1.282071,-43.66295,-40.74806,59.31452,-28.441914,15.000033,1.9266917,-3.7406394,19.290964,-50.849354,54.547585,1.7874235,-9.550701,3.6233852,32.499252,23.93486,-46.405586,-8.7794,49.46729,-26.2935,-8.45666,8.416324,-3.8726969
414,14.5421724319458,19.7076416015625,70.27104949951172,2.6659831142335078,-5.472790885636117,-136.89092355433067,-31.666315,24.420162,-4.8874187,53.919262,6.3537483,-15.000033,1.2705549,-42.997654,-40.061714,57.90095,-28.533524,15.000033,1.9206185,-4.2038565,19.205997,-55.066944,55.709934,-1.303538,-4.9135084,2.135085,34.087658,23.036985,-45.592236,-8.808675,49.268974,-26.657675,-8.268397,8.711711,-4.244415
415,14.571396827697754,19.59326934814453,70.28980255126953,2.6296049285559175,-5.493347662276041,-137.66625382887128,-31.136894,25.085957,-4.2048697,54.195347,5.7085114,-15.000033,0.7526197,-42.17979,-38.464207,56.67857,-28.44321,15.000033,1.9416417,-4.406705,19.127504,-57.60315,56.245476,-3.2563133,-1.5631629,0.97161657,35.453762,21.851538,-45.282692,-8.71953,49.20386,-26.707878,-8.064933,9.056279,-4.646364
416,14.615148544311523,19.481754302978516,70.29923248291016,2.552897804328882,-5.480639576914692,-138.36946681123484,-30.883392,25.651167,-3.7848582,54.630543,5.436003,-15.000033,0.24442394,-41.510223,-37.147865,55.784424,-28.22661,15.000033,2.0042913,-4.3723717,19.07539,-58.66292,56.27006,-4.0889034,0.08663632,0.18401723,36.033005,21.07073,-45.460358,-8.528539,49.044586,-26.495756,-7.8880124,9.299742,-4.8386173
417,14.680926322937012,19.369449615478516,70.32156372070312,2.4106767099895388,-5.408962521634019,-139.05719081945026,-30.98676,26.14899,-3.6470659,55.288494,5.639126,-15.000033,-0.39508954,-41.067413,-36.154617,55.404655,-27.806124,15.000033,2.1826298,-4.096109,19.026602,-58.309574,55.87455,-3.8351362,-0.14764029,-0.21811856,35.638954,20.985254,-46.15863,-8.259145,48.702335,-26.122688,-7.8751345,9.409668,-4.575458
418,14.748819351196289,19.250686645507812,70.38279724121094,2.213649545615559,-5.2834123539160265,-139.76739926139243,-31.353767,26.646208,-3.6828685,56.17767,6.0587964,-15.000033,-1.345595,-40.68021,-34.9578,55.422733,-27.182976,15.000033,2.495735,-3.629468,18.9595,-56.71874,55.099987,-2.7003236,-1.8393673,-0.34605488,34.59379,21.273386,-47.30172,-7.922535,48.23045,-25.613169,-7.965183,9.458122,-4.041307
419,14.791069984436035,19.119388580322266,70.48983001708984,2.003041809864503,-5.156283552228851,-140.35730744557125,-31.890694,27.008825,-3.9376602,57.142048,6.644921,-15.000033,-2.2305844,-40.30133,-33.841118,55.507366,-26.511753,15.000033,2.8393488,-3.1158142,18.92322,-54.417336,53.93984,-1.1005348,-4.4465346,-0.36109093,33.0867,21.734945,-48.70906,-7.5287805,47.63145,-24.976898,-7.895051,9.454094,-3.645733
420,14.794882774353027,19.00177001953125,70.63179779052734,1.8241803457330394,-5.076981026855063,-140.68351629200998,-32.50027,27.099957,-4.4467707,58.027855,7.3512177,-15.000033,-2.6808054,-39.897938,-33.079536,55.330803,-25.956284,15.000033,3.1667018,-2.6765287,18.945147,-51.89967,52.38028,0.5145486,-7.4515834,-0.45968926,31.301321,22.16934,-50.179947,-7.096266,46.87536,-24.183514,-7.4063125,9.409924,-3.791208
421,14.766875267028809,18.924640655517578,70.79052734375,1.653394002050717,-5.053005192143889,-140.67974366564565,-33.26301,26.901464,-5.2733364,58.928177,8.3551855,-15.000033,-2.5461757,-39.42351,-32.80436,54.740955,-25.486952,15.000033,3.4714105,-2.360568,19.040625,-49.419052,50.348415,1.9711946,-10.786116,-0.6437996,29.170353,22.513735,-51.642357,-6.648695,45.89431,-23.338947,-6.394667,9.275127,-4.6613183
422,14.71384048461914,18.878442764282227,70.95016479492188,1.4851325705873595,-5.056331145290472,-140.4282828085188,-34.18506,26.444447,-6.374857,59.874084,9.635803,-15.000033,-2.060771,-38.916714,-32.821304,53.940407,-25.062744,15.000033,3.838149,-2.109322,19.174702,-46.877552,47.814323,3.2725742,-14.640851,-0.8063651,26.629036,22.918278,-53.162983,-6.2184024,44.666004,-22.43969,-5.0247746,9.0362015,-6.0034566
423,14.658927917480469,18.854585647583008,71.088623046875,1.3900314619610494,-5.0821351054628,-140.0046017516077,-35.063725,25.684464,-7.6161256,60.639896,10.833124,-15.000033,-1.3915617,-38.51542,-32.992096,53.10084,-24.734163,15.000033,4.284377,-1.8988702,19.333752,-44.337696,44.862335,4.2228837,-18.740444,-0.90336,23.85834,23.454134,-54.780262,-5.8351154,43.28756,-21.333479,-3.4276175,8.760176,-7.574364
424,14.602276802062988,18.838027954101562,71.19031524658203,1.4333665900130854,-5.128076514192247,-139.48749773860314,-35.697895,24.61949,-8.85372,61.005325,11.573608,-15.000033,-0.70299274,-38.34345,-33.1802,52.397408,-24.564543,15.000033,4.806739,-1.7228887,19.518564,-41.83167,41.660854,4.644249,-22.797504,-0.931693,21.04066,24.171137,-56.538116,-5.5213776,41.868584,-19.907482,-1.7217946,8.527197,-9.140464
425,14.542137145996094,18.83034324645996,71.24826049804688,1.6555868060670058,-5.215416489842453,-138.8329703543516,-36.038628,23.096767,-10.220438,60.982574,11.638658,-15.000033,0.055758145,-38.436928,-33.386093,51.810993,-24.608683,15.000033,5.3509912,-1.6749285,19.784334,-39.326347,38.317707,4.4201527,-26.7967,-1.1932654,18.084364,25.259373,-58.48316,-5.2857866,40.418118,-18.163086,0.37601843,8.285375,-10.909322
426,14.484535217285156,18.82694435119629,71.25843811035156,2.0043753842972234,-5.346508407836809,-138.02562430044355,-36.17622,21.212698,-11.741217,60.6764,11.252497,-15.000033,0.9470192,-38.712032,-33.674103,51.26647,-24.819542,15.000033,5.9019666,-1.750686,20.146763,-36.76918,34.87991,3.6368215,-30.8691,-1.5727029,14.926541,26.586315,-60.58838,-5.1369586,38.91615,-16.221642,2.8285472,7.971846,-12.916799
427,14.43830680847168,18.80681037902832,71.23262023925781,2.4037730487193283,-5.489621147794999,-137.19164609137235,-36.144695,19.362158,-13.1273155,60.00727,10.695427,-15.000033,1.8304693,-39.115337,-34.012257,50.854374,-25.104198,15.000033,6.489415,-1.7975163,20.550913,-34.15786,31.465485,2.4907436,-34.914978,-1.552065,11.813107,27.739967,-62.79546,-5.0877194,37.461506,-14.15238,5.0618553,7.717483,-14.694851
428,14.396804809570312,18.76528549194336,71.18111419677734,2.785782839486549,-5.6080785663827735,-136.4529844104132,-35.997208,17.920406,-14.082446,58.88226,10.258602,-15.000033,2.561814,-39.60877,-34.368446,50.670284,-25.3716,15.000033,7.120927,-1.7006687,20.93661,-31.527994,28.222612,1.2133203,-38.808784,-0.73069656,9.0141945,28.385244,-65.01214,-5.1444335,36.151337,-12.073815,6.5232244,7.7179236,-15.797105
429,14.371257781982422,18.694313049316406,71.09654235839844,3.247733801842116,-5.697668843155,-135.79790522652021,-35.653477,16.821712,-14.420019,57.018635,9.980602,-15.000033,3.1060193,-40.37024,-34.769302,50.831726,-25.62695,15.000033,7.7639356,-1.5826857,21.3169,-28.916864,25.250923,-0.12144888,-42.4887,1.0678428,6.5737033,28.400232,-67.26019,-5.297851,34.948807,-9.954998,6.9574013,8.191027,-15.977018
430,14.368700981140137,18.600780487060547,70.9921875,3.790448332065935,-5.779278032906048,-135.18142521010637,-35.11319,15.903577,-14.364087,54.51851,9.72815,-15.000033,3.548541,-41.361885,-35.22283,51.2543,-25.9081,15.000033,8.402374,-1.504662,21.718225,-26.374462,22.579628,-1.6005857,-45.93151,3.4508326,4.348262,28.08052,-69.53888,-5.528127,33.828136,-7.8155513,6.7082853,9.01701,-15.526158
431,14.365078926086426,18.496662139892578,70.8833236694336,4.211926286553143,-5.844174110722789,-134.66110464877815,-34.563164,15.37326,-14.160597,51.873016,9.545853,-15.000033,3.911895,-42.24071,-35.666115,51.73777,-26.17211,15.000033,9.05522,-1.2845623,22.082853,-23.957047,20.230413,-3.1928432,-49.07616,5.9355426,2.3407402,27.719967,-71.70361,-5.8201737,32.89789,-5.8539653,6.1347504,9.9035015,-14.810211
432,14.36453914642334,18.3845272064209,70.76813507080078,4.322966578341844,-5.871974160537147,-134.2857742180392,-34.218315,15.452171,-13.98672,49.621517,9.460382,-15.000033,4.207539,-42.679382,-36.03854,52.093586,-26.38085,15.000033,9.729268,-0.7509149,22.344675,-21.678133,18.217821,-4.8492026,-51.89799,8.06991,0.5790845,27.572601,-73.6023,-6.160939,32.26496,-4.281356,5.6160145,10.564553,-14.209033
433,14.369275093078613,18.252553939819336,70.63978576660156,3.98143784794261,-5.853221452366443,-134.10850046083078,-34.211933,16.424992,-13.8406515,47.92073,9.481156,-15.000033,4.4117665,-42.47091,-36.313774,52.274837,-26.522003,15.000033,10.450997,0.2435569,22.47607,-19.418133,16.548786,-6.5576286,-54.49099,9.904513,-0.8784543,27.802954,-75.258,-6.540703,31.969221,-3.1060822,5.13585,11.0001745,-13.75735
434,14.365471839904785,18.10508918762207,70.51081085205078,3.332652830311457,-5.804967168490932,-134.09583605817198,-34.413807,18.085573,-13.537953,46.525196,9.493905,-15.000033,4.524416,-41.8394,-36.51125,52.375515,-26.614273,15.000033,11.219075,1.5462015,22.500416,-17.19805,15.21428,-8.299192,-56.845005,11.642681,-2.048074,28.236866,-76.71055,-6.9474382,31.9269,-2.246393,4.5370154,11.335107,-13.270482
435,14.362898826599121,17.94034194946289,70.37855529785156,2.642880763708533,-5.737434095037562,-134.15098715874734,-34.636154,19.907682,-12.964729,45.343018,9.391497,-15.000033,4.5795994,-41.14719,-36.642685,52.432293,-26.665901,15.000033,11.9807205,2.8485756,22.434305,-15.198244,14.197344,-9.977604,-58.8217,13.047204,-3.0028288,28.587847,-77.84181,-7.36682,32.053226,-1.7660279,4.002439,11.484935,-12.813422
436,14.384516716003418,17.736370086669922,70.26333618164062,2.3381969725994223,-5.620687732261051,-134.09788029644068,-34.70316,21.382023,-11.420765,44.18313,9.240422,-13.626161,4.581899,-40.99674,-36.74751,52.54136,-26.67966,15.000033,12.612258,3.6222153,22.267725,-13.812695,13.5418625,-11.494508,-60.000134,13.859296,-3.8437634,28.630987,-78.50096,-7.7303677,32.194515,-1.7176788,3.690398,11.364657,-12.439833
437,14.413984298706055,17.519784927368164,70.14252471923828,2.0243858631450866,-5.475171790182684,-134.06433255816012,-34.605507,22.452496,-10.29757,43.240288,9.192956,-13.302497,4.5576057,-40.803513,-36.8133,52.580956,-26.70342,15.000033,13.351396,4.364105,21.87551,-13.272588,12.963726,-13.015328,-60.000134,13.8342905,-4.7383313,28.188171,-78.58154,-8.193993,32.410572,-2.1656342,3.731838,10.907028,-12.220475
438,14.444941520690918,17.299331665039062,70.01072692871094,1.6640365746309194,-5.296051949511863,-134.07386116445966,-34.433537,23.355293,-9.472825,42.495937,9.274244,-13.849774,4.4876027,-40.52497,-36.83322,52.56228,-26.723907,15.000033,14.027869,5.112601,21.450308,-12.63406,12.662957,-14.350124,-60.000134,13.151377,-5.5121064,27.38067,-78.37286,-8.6573305,32.803562,-3.0490358,4.021203,10.182861,-12.113144
439,14.480133056640625,17.069372177124023,69.8791275024414,1.281289954725385,-5.117516873124319,-134.10028690270042,-34.167423,24.184252,-8.72469,41.83566,9.1213255,-14.720879,4.414567,-40.225365,-36.833885,52.542175,-26.73761,15.000033,14.633292,5.804507,20.999823,-12.004075,12.608385,-15.386015,-60.000134,12.368947,-5.943062,26.319302,-77.84982,-9.10215,33.25978,-4.2429905,4.4039235,9.308246,-12.012292
440,14.515953063964844,16.807903289794922,69.72405242919922,1.0009315462252864,-4.955152075858876,-134.07563814079853,-33.757557,24.963871,-7.5842867,41.096027,8.369534,-15.000033,4.363588,-40.1158,-36.851192,52.612114,-26.737812,15.000033,15.112523,6.2896214,20.54471,-11.488609,12.737027,-15.98433,-60.000134,12.0510025,-5.83874,25.112865,-76.99301,-9.512707,33.681824,-5.6169205,4.7301598,8.398998,-11.822613
441,14.54172134399414,16.515823364257812,69.5397720336914,0.6660166184686732,-4.842189291847515,-134.07759889255536,-33.07395,25.879642,-6.159023,40.23098,6.4876904,-15.000033,4.3357105,-39.990562,-36.83766,52.779995,-26.74766,15.000033,15.530976,6.748207,20.029385,-11.053735,13.003861,-16.072863,-60.000134,12.563027,-5.0338373,23.600111,-75.76584,-9.873173,34.086445,-7.1443543,5.1264544,7.374263,-11.554047
442,14.572808265686035,16.20372772216797,69.34136199951172,0.29198997577447916,-4.75689618319383,-134.10173127574137,-32.16584,26.834078,-4.583249,39.313854,3.819265,-15.000033,4.317059,-39.85192,-36.796913,53.008736,-26.761942,15.000033,15.871188,7.196861,19.470373,-10.672021,13.410121,-15.711694,-60.000134,13.578101,-3.7081325,21.746695,-74.23238,-10.169848,34.53359,-8.8339815,5.6107774,6.20957,-11.243904
443,14.608226776123047,15.887102127075195,69.14874267578125,-0.03752907639127262,-4.682434137870196,-134.07705413639943,-31.295006,27.6077,-3.1177812,38.502575,1.2045985,-15.000033,4.3526254,-39.77941,-36.810932,53.228333,-26.748318,15.000033,16.072493,7.548742,18.96367,-10.449983,13.954038,-14.999188,-60.000134,14.638069,-2.1863048,19.87426,-72.51025,-10.393723,34.985687,-10.615569,5.8784313,5.104547,-10.850367
444,14.661116600036621,15.60006332397461,69.00396728515625,-0.23837645678478894,-4.596553842202969,-133.9329725803148,-30.74315,27.996851,-2.0557175,37.956627,-0.5210812,-15.000033,4.4891024,-39.851128,-36.96287,53.366257,-26.673206,15.000033,16.07855,7.716893,18.600801,-10.481184,14.6339035,-14.04597,-60.000134,15.24674,-0.75035155,18.334766,-70.70601,-10.54022,35.40122,-12.431023,5.6269207,4.2546816,-10.340962
445,14.722021102905273,15.331707954406738,68.90353393554688,-0.23450761796376796,-4.4758858575850855,-133.63906215688215,-30.665257,27.873194,-1.5258203,37.774246,-0.9890416,-15.000033,4.715247,-40.16409,-37.277073,53.415096,-26.548502,15.000033,15.856826,7.6168103,18.401815,-10.829838,15.464062,-12.765563,-60.000134,15.228946,0.6338145,17.12418,-68.77496,-10.603113,35.75836,-14.323426,4.6659245,3.725302,-9.664434
446,14.788785934448242,15.06989860534668,68.84954833984375,-0.09270308371478996,-4.339907588029052,-133.2395960791731,-30.906471,27.405264,-1.3551017,37.8751,-0.7153009,-15.000033,5.020498,-40.64325,-37.71182,53.405758,-26.382935,15.000033,15.447019,7.3155675,18.316088,-11.4233885,16.446392,-11.1507,-60.000134,14.856112,2.1037126,16.114012,-66.67869,-10.577705,36.08697,-16.310865,3.1884089,3.3899252,-8.857384
447,14.85919189453125,14.810916900634766,68.80514526367188,0.05656341926949013,-4.231860461342617,-132.7743486699361,-31.278376,26.833017,-1.3906398,38.13278,-0.18993783,-15.000033,5.4477134,-41.109264,-38.24913,53.328907,-26.140524,15.000033,14.904488,6.954714,18.327766,-12.136303,17.550514,-9.428155,-60.000134,14.255982,3.555643,15.479706,-64.52996,-10.470469,36.42664,-18.295452,1.4678924,3.1585295,-8.019031
448,14.93364143371582,14.571600914001465,68.78036499023438,0.08173907494006505,-4.192376494685511,-132.28147794914685,-31.59065,26.371832,-1.5146978,38.404068,0.10337132,-15.000033,6.031434,-41.385372,-38.866436,53.179928,-25.78753,15.000033,14.284848,6.6828837,18.423347,-12.846935,18.72676,-7.8282776,-60.000134,13.552995,4.8771825,15.377801,-62.437714,-10.300535,36.815014,-20.180748,-0.21823214,2.954573,-7.249559
449,14.989799499511719,14.343009948730469,68.78937530517578,-0.10479697137795173,-4.24184028172318,-131.71911437226103,-31.892853,26.071949,-1.850458,38.75067,0.05302266,-15.000033,6.916035,-41.32204,-39.69539,52.832714,-25.349045,15.000033,13.564782,6.6014385,18.615763,-13.575016,19.952065,-6.4107723,-60.000134,12.612377,6.0064306,16.040407,-60.335587,-10.08597,37.26605,-22.009293,-1.960239,2.8620598,-6.5519834
450,15.035730361938477,14.10560131072998,68.83935546875,-0.41852977656570384,-4.354729659858007,-131.08310869422584,-32.245613,25.811037,-2.4122899,39.207043,-0.08176351,-15.000033,8.028514,-41.036205,-40.688076,52.32757,-24.832191,15.000033,12.783501,6.715196,18.894705,-14.379448,21.004406,-5.1238317,-60.000134,11.484421,6.986355,17.212778,-58.208836,-9.889611,37.78695,-23.75231,-3.8514047,2.8884554,-5.8673673
451,15.068988800048828,13.84313678741455,68.9435806274414,-0.7184591775308977,-4.497801634261832,-130.4687998689317,-32.47321,25.533737,-2.9385548,39.576122,-0.22238211,-15.000033,9.080863,-40.781784,-41.56007,51.925552,-24.179016,15.000033,12.021388,6.652677,19.178102,-15.629459,22.343233,-3.9927208,-59.463734,10.272737,7.876951,18.723959,-56.045364,-9.630274,38.25707,-25.461359,-5.6268387,2.842165,-5.223371
452,15.10029125213623,13.563678741455078,69.08989715576172,-0.8743876025131749,-4.646113989663891,-129.97172421826147,-32.410175,25.202349,-3.182143,39.67143,-0.30756962,-15.000033,9.803055,-40.81055,-42.03643,51.891506,-23.349318,15.000033,11.475197,6.4344244,19.313042,-17.779722,23.587433,-3.239045,-57.765823,9.383684,8.69506,19.960484,-53.97279,-9.387467,38.672104,-26.878428,-6.988704,2.5514894,-4.6530476
453,15.145041465759277,13.285151481628418,69.266357421875,-0.8733329904954928,-4.787627891478245,-129.60405155167467,-32.00587,24.819738,-3.0978217,39.395264,-0.30971834,-15.000033,10.151004,-41.149277,-42.076855,52.247814,-22.214306,15.000033,11.03961,6.0742645,19.459078,-20.003237,24.729654,-2.625594,-55.960182,8.930608,9.578215,20.815363,-52.17209,-9.187374,39.158676,-27.97293,-7.7072787,1.865194,-4.226236
454,15.204523086547852,13.003073692321777,69.45540618896484,-0.7776608527768086,-4.940532956559266,-129.3197785789094,-31.35538,24.403582,-2.821382,38.862717,-0.26539516,-15.000033,10.256282,-41.679752,-41.806484,52.86763,-20.84005,15.000033,10.665921,5.6351585,19.63476,-22.333984,25.777594,-2.1426227,-54.02584,8.75525,10.473772,21.493687,-50.561157,-9.034025,39.712276,-28.830706,-7.9766464,0.9272433,-3.9140482
455,15.27982234954834,12.705646514892578,69.65335083007812,-0.5696857506464038,-5.116631267766623,-129.1284519086916,-30.5192,23.93779,-2.375278,38.19746,-0.2110124,-15.000033,10.103256,-42.435062,-41.196228,53.774513,-19.459215,15.000033,10.342936,5.1046295,19.860197,-24.678692,26.740839,-1.7509636,-51.95679,8.822613,11.335648,21.939135,-49.14982,-8.915353,40.256283,-29.570578,-8.146665,0.023625115,-3.6142256
456,15.367756843566895,12.400330543518066,69.85296630859375,-0.23198799450187355,-5.3268939698155515,-129.03997372159108,-29.558588,23.405184,-1.7790354,37.52087,-0.18134157,-15.000033,9.658338,-43.42826,-40.187534,54.984577,-18.299358,15.000033,10.0576105,4.469064,20.150785,-26.95012,27.634798,-1.4091166,-49.733673,9.098237,12.11369,22.093445,-47.954838,-8.8069515,40.713676,-30.297655,-8.564828,-0.56432503,-3.2302487
457,15.469185829162598,12.084074974060059,70.04752349853516,0.36228422079613004,-5.622361897644046,-129.06933227744673,-28.374462,22.676199,-0.93455416,36.85631,-0.2175129,-15.000033,8.847836,-44.96357,-38.618275,56.772522,-17.328085,15.000033,9.787206,3.6143622,20.570847,-29.112099,28.469,-1.0664026,-47.373478,9.659313,12.792578,21.829636,-47.00566,-8.681243,41.054203,-31.019968,-9.453835,-0.6966319,-2.6311154
458,15.56821346282959,11.766290664672852,70.24404907226562,1.1788722070628963,-5.979367266096719,-129.20653974843452,-26.965673,21.768171,0.13020039,36.103683,-0.269917,-15.000033,7.567604,-46.857525,-36.350113,58.99964,-16.406939,15.000033,9.533332,2.5654569,21.090673,-31.195944,29.252846,-0.7241751,-44.889977,10.497433,13.393487,21.207668,-46.30555,-8.52428,41.322052,-31.656519,-10.59245,-0.5536122,-1.8948562
459,15.662331581115723,11.500191688537598,70.46981048583984,1.739205342462821,-6.170671898520672,-129.54961999022296,-25.736565,21.249628,1.1116493,35.271046,-0.24658948,-15.000033,5.6602564,-48.15722,-33.91317,61.051594,-15.632466,13.047871,9.430061,1.7413615,21.446478,-33.1714,29.993382,-0.43222958,-42.301098,11.476056,13.921853,20.468493,-45.817547,-8.33798,41.5683,-32.196476,-11.671054,-0.3296144,-1.2432173
460,15.739180564880371,11.308075904846191,70.73011779785156,1.7674346644473355,-6.08642350149679,-130.08312695272772,-24.934397,21.419073,1.8236762,34.441128,-0.12713313,-15.000033,3.3190825,-48.250347,-31.536074,62.453327,-15.157504,10.47513,9.517272,1.3995497,21.499817,-35.03811,30.698221,-0.24971499,-39.59694,12.439013,14.392485,19.854614,-45.497044,-8.136637,41.829334,-32.640938,-12.369622,-0.20358485,-0.90910167
461,15.799398422241211,11.147720336914062,71.00088500976562,1.7381380704551357,-5.965904095871941,-130.57216057141363,-24.159552,21.635397,2.4878967,33.466194,0.13719998,-15.000033,1.0407507,-47.552406,-28.86952,63.147076,-15.069014,9.528669,9.580393,1.0734394,21.552893,-36.85305,31.372423,-0.22727768,-36.735012,13.408121,14.791336,19.398308,-45.351902,-7.9226937,42.069534,-33.00327,-12.606835,-0.197754,-0.97909933
462,15.842808723449707,11.0152006149292,71.27779388427734,1.6665994144035,-5.812443448979883,-131.071267019478,-23.392418,21.911856,3.148894,32.387066,0.49811527,-15.000033,-1.2160989,-46.272854,-25.981955,63.4235,-15.30715,9.581111,9.655769,0.7608218,21.60101,-38.63477,32.023464,-0.32025346,-33.699375,14.41312,15.116458,18.986158,-45.387115,-7.698558,42.269295,-33.28633,-12.549919,-0.21780062,-1.3213605
463,15.863755226135254,10.903989791870117,71.56163024902344,1.5403147627140357,-5.636862398412031,-131.49600341728015,-22.669071,22.195885,3.7300527,31.23078,0.9182494,-15.000033,-3.1964335,-44.631077,-23.322664,63.371613,-15.712044,10.236451,9.663551,0.47741783,21.633612,-40.312794,32.636467,-0.5319283,-30.54605,15.388052,15.422013,18.646849,-45.550102,-7.467722,42.455055,-33.498135,-12.235164,-0.25995255,-1.8590679
464,15.867534637451172,10.804924964904785,71.84989166259766,1.347217429273339,-5.4472209916528715,-131.76242550977673,-22.027496,22.436714,4.1521187,30.017693,1.3636693,-15.000033,-4.7310038,-42.863678,-21.263443,63.059563,-16.09597,11.1074295,9.530677,0.25060135,21.632805,-41.83959,33.19014,-0.8578347,-27.30321,16.2548,15.760698,18.39827,-45.794205,-7.237677,42.65164,-33.62989,-11.697825,-0.3219148,-2.5142186
465,15.859295845031738,10.71275520324707,72.14105224609375,1.0544650108633826,-5.23243711849431,-131.83178809732794,-21.491749,22.642027,4.368942,28.709179,1.8537034,-15.000033,-5.8391595,-40.90873,-19.799038,62.429756,-16.456665,12.256155,9.22927,0.11820466,21.585405,-43.21389,33.67297,-1.3060992,-23.938993,17.048096,16.14408,18.255161,-46.126255,-7.017204,42.892467,-33.668335,-10.766943,-0.44280064,-3.39485
466,15.846866607666016,10.620290756225586,72.43002319335938,0.6844323787338756,-4.9925463770516005,-131.75343335022922,-21.033354,22.832693,4.4304905,27.302704,2.3993142,-15.000033,-6.633426,-38.74692,-18.730206,61.45461,-16.921518,13.798905,8.802657,0.058236077,21.507133,-44.434246,34.0764,-1.8631201,-20.469326,17.800613,16.546906,18.199589,-46.559914,-6.810597,43.153404,-33.626602,-9.484951,-0.62901044,-4.4986234
467,15.82632827758789,10.532746315002441,72.71150970458984,0.18635642961444818,-4.7034674796307065,-131.63940805851388,-20.704943,23.148882,4.3616996,25.926756,2.9377084,-15.000033,-7.2134027,-36.505653,-18.168062,60.210888,-17.426313,15.000033,8.351811,0.13379174,21.354965,-45.484585,34.392242,-2.4822998,-16.962059,18.406794,16.96342,18.193562,-47.05972,-6.62101,43.37065,-33.528637,-8.205426,-0.81432605,-5.582186
468,15.79548454284668,10.460173606872559,72.98287963867188,-0.4287036452627381,-4.368912782409601,-131.5684668453288,-20.512266,23.638586,4.209703,24.6792,3.4186788,-15.000033,-7.636253,-34.343933,-18.211668,58.77721,-17.866665,15.000033,7.9481893,0.34750265,21.119892,-46.37426,34.619545,-3.1246493,-13.4586315,18.751743,17.385584,18.198349,-47.59003,-6.4500337,43.477283,-33.390278,-7.279188,-0.9093563,-6.407398
469,15.753650665283203,10.384403228759766,73.23350524902344,-0.9862987211166874,-4.062886941530164,-131.41747222361474,-20.33017,24.020449,4.0006394,23.476675,3.8445046,-15.000033,-7.734664,-32.546127,-18.794146,57.131363,-18.208076,15.000033,7.48057,0.5408871,20.88914,-47.12121,34.754307,-3.8096411,-9.870105,18.801765,17.837643,18.231388,-48.15847,-6.2970924,43.429817,-33.20739,-6.8476586,-0.86883473,-6.891332
470,15.702249526977539,10.301288604736328,73.46370697021484,-1.5281939581440305,-3.7624619125110677,-131.1855853586927,-20.186472,24.337318,3.7152803,22.292564,4.2417917,-15.000033,-7.5753136,-30.935062,-19.816584,55.221874,-18.479858,15.000033,6.949718,0.7475219,20.646948,-47.69372,34.787514,-4.5430646,-6.2184043,18.634146,18.315819,18.307442,-48.776558,-6.1624503,43.269554,-32.97372,-6.705706,-0.73392755,-7.169562
471,15.643681526184082,10.214592933654785,73.66710662841797,-1.9863869066077238,-3.483728584850822,-130.92115027494654,-20.031248,24.558521,3.4487803,21.15104,4.6320195,-15.000033,-7.3167067,-29.482765,-20.848953,53.17782,-18.717426,15.000033,6.4164276,0.9121366,20.409851,-48.109554,34.731888,-5.296482,-2.6380599,18.269794,18.766855,18.37878,-49.42368,-6.0465403,43.041126,-32.69175,-6.6755066,-0.534326,-7.3363886
472,15.57587718963623,10.117356300354004,73.84342956542969,-2.2971734941709503,-3.246668166271467,-130.66912756384087,-19.812277,24.656422,3.29031,20.077393,5.036644,-15.000033,-7.0924897,-28.183311,-21.497862,51.15078,-18.961937,15.000033,5.927139,0.97137576,20.197945,-48.358944,34.605106,-6.0328617,0.70926356,17.739748,19.141644,18.40203,-50.07542,-5.9475346,42.795498,-32.377293,-6.5782804,-0.30286148,-7.4879093
473,15.496804237365723,10.014260292053223,73.99248504638672,-2.456168674638382,-3.050820124141908,-130.4218904619604,-19.51901,24.626871,3.2440288,19.051914,5.479027,-15.000033,-6.8793106,-27.037277,-21.744043,49.122627,-19.25039,15.000033,5.4721694,0.91221493,20.001331,-48.463886,34.421043,-6.7516017,3.867278,16.861715,19.46209,18.315502,-50.721348,-5.862115,42.52179,-32.030437,-6.396623,-0.009463002,-7.6127295
474,15.40356159210205,9.909337997436523,74.1135025024414,-2.501164931873242,-2.8873372964230426,-130.1622769335167,-19.178467,24.490047,3.2621906,18.066427,5.9458084,-15.000033,-6.606138,-26.049412,-21.804096,47.048656,-19.548355,15.000033,5.0277987,0.7684659,19.809895,-48.41861,34.185158,-7.4658318,6.8957086,15.6768,19.74796,18.16486,-51.378242,-5.788168,42.20395,-31.648537,-6.21495,0.35032326,-7.6727157
475,15.308555603027344,9.802513122558594,74.20355224609375,-2.4346667714905883,-2.7648794755844723,-129.91974798545795,-18.797394,24.259329,3.350861,17.16581,6.397485,-15.000033,-6.3213143,-25.238419,-21.668217,45.055313,-19.79935,15.000033,4.6186767,0.5485363,19.641134,-48.17297,33.90107,-8.156383,9.653606,14.554194,19.94551,18.062653,-52.0613,-5.724186,41.890907,-31.23717,-6.0099277,0.70446664,-7.725191
476,15.206995964050293,9.692193984985352,74.26676177978516,-2.2602319168973866,-2.691443881925147,-129.72494832828954,-18.39428,23.951117,3.5123043,16.416603,6.788824,-15.000033,-6.0773363,-24.62098,-21.330587,43.270332,-19.94833,15.000033,4.272037,0.26567087,19.51073,-47.69478,33.580128,-8.809278,12.014411,13.849835,19.994205,18.115707,-52.787018,-5.6695213,41.63275,-30.799671,-5.7570305,0.9806146,-7.8277617
477,15.101033210754395,9.57820987701416,74.30018615722656,-1.9337957840348072,-2.6733745328800746,-129.5844363700106,-17.93544,23.523262,3.7770543,15.798665,7.1358194,-15.000033,-5.922073,-24.210688,-20.674826,41.698116,-19.914062,15.000033,3.988759,-0.12904696,19.417738,-46.947407,33.23476,-9.453672,13.941155,13.818809,19.86191,18.34577,-53.558086,-5.620762,41.454605,-30.314762,-5.384493,1.1388996,-8.027629
478,14.994514465332031,9.463175773620605,74.30693817138672,-1.472752405473982,-2.70103747031969,-129.48930916239038,-17.424936,22.989653,4.1341314,15.278155,7.459953,-15.000033,-5.8338685,-23.995544,-19.771376,40.31435,-19.762564,15.000033,3.7609427,-0.62467974,19.348957,-45.974712,32.87323,-10.096193,15.519063,14.207541,19.58717,18.698631,-54.36585,-5.57486,41.329586,-29.788004,-4.9281163,1.2232789,-8.283244
479,14.89265251159668,9.355937957763672,74.28853607177734,-0.9706617227202988,-2.758677446274916,-129.44381349154378,-16.94552,22.450563,4.522151,14.915862,7.714082,-15.000033,-5.762359,-23.94326,-18.878334,39.19087,-19.660686,15.000033,3.5902297,-1.1274136,19.309288,-44.817753,32.48933,-10.666478,16.759209,14.636738,19.213839,19.165709,-55.211273,-5.5332847,41.23417,-29.26782,-4.5195484,1.2881988,-8.5192995
480,14.798929214477539,9.262299537658691,74.25592803955078,-0.5214018136666594,-2.834295165104362,-129.44594981883,-16.580969,22.005795,4.877283,14.786073,7.84391,-15.000033,-5.6372557,-24.008514,-18.244354,38.359364,-19.758472,15.000033,3.4760296,-1.5377109,19.30801,-43.527786,32.07149,-11.097477,17.67932,14.722807,18.77971,19.731197,-56.09583,-5.5006986,41.147186,-28.801237,-4.291887,1.3902032,-8.66176
481,14.709891319274902,9.195670127868652,74.19532012939453,-0.12882144810431534,-2.929829847519805,-129.51478514929588,-16.326468,21.674938,5.22013,14.904144,7.820678,-15.000033,-5.372037,-24.239641,-17.986132,37.803055,-20.160877,15.000033,3.4379761,-1.8637006,19.338726,-42.085045,31.613478,-11.392729,18.224178,14.281076,18.205767,20.48085,-57.0233,-5.481368,41.050415,-28.400732,-4.3190775,1.5324793,-8.671286
482,14.630319595336914,9.152499198913574,74.14574432373047,0.2481950137495098,-3.0501866159709756,-129.64283090146552,-16.152,21.409294,5.570243,15.244838,7.6712737,-15.000033,-5.029681,-24.626972,-17.940752,37.484985,-20.750164,15.000033,3.4696808,-2.1451216,19.404333,-40.483418,31.113388,-11.592,18.40935,13.555807,17.491383,21.383356,-57.988342,-5.476802,40.96117,-28.049688,-4.5175323,1.689534,-8.593978
483,14.566726684570312,9.117745399475098,74.05804443359375,0.5858152961650771,-3.190566442688497,-129.7840068747325,-16.10682,21.203606,5.8609037,15.835162,7.4176807,-15.000033,-4.745263,-25.065956,-17.931969,37.41011,-21.339355,15.000033,3.527507,-2.333223,19.532026,-38.780746,30.556997,-11.675748,18.340996,12.807416,16.793888,22.250257,-58.975708,-5.4872565,40.90817,-27.750393,-4.7851534,1.8757212,-8.484845
484,14.528099060058594,9.088473320007324,73.95802307128906,0.8636283937020397,-3.348218375315017,-129.8911620847192,-16.23447,21.047642,6.028078,16.695885,7.085157,-15.000033,-4.645748,-25.453339,-17.788845,37.59496,-21.756533,15.000033,3.5673919,-2.3803475,19.747456,-37.03055,29.919533,-11.619373,18.122837,12.289939,16.282408,22.904652,-59.972454,-5.511735,40.921185,-27.500177,-5.0192943,2.1059713,-8.399082
485,14.52487564086914,9.069375991821289,73.85968780517578,1.057443200307366,-3.5445757598173584,-129.95109463533228,-16.530746,20.959057,6.0736217,17.858269,6.602249,-15.000033,-4.780217,-25.76486,-17.457962,38.16353,-21.936848,15.000033,3.5795732,-2.248423,20.06902,-35.242386,29.16464,-11.378727,17.729889,12.026449,16.00963,23.281614,-61.004726,-5.552255,41.00942,-27.306877,-5.229804,2.4175174,-8.353879
486,14.56176471710205,9.063207626342773,73.7537612915039,1.185792819530336,-3.7761035708997355,-129.98773139773627,-16.969324,20.927376,6.0285063,19.290358,5.9887724,-15.000033,-5.070048,-26.063839,-17.030094,39.076874,-21.983677,15.000033,3.5907066,-1.9652026,20.477625,-33.418625,28.275063,-11.000881,17.144587,11.895765,15.8870735,23.48883,-62.068977,-5.6102242,41.157394,-27.162079,-5.4596043,2.7916188,-8.3181505
487,14.637041091918945,9.064605712890625,73.64173889160156,1.293759086963082,-4.0021590128842295,-130.01039360057104,-17.557394,20.897213,5.876509,20.91283,5.4076214,-15.000033,-5.441474,-26.365858,-16.559647,40.09892,-21.98182,15.000033,3.613663,-1.5833657,20.940603,-31.601862,27.26625,-10.597957,16.485819,11.925101,15.877858,23.61456,-63.103466,-5.681837,41.35315,-27.042057,-5.6580443,3.1601377,-8.275624
488,14.72803783416748,9.059982299804688,73.5335693359375,1.4277215168550934,-4.180785451742967,-130.02701073818358,-18.310547,20.81421,5.603732,22.66208,5.0118217,-15.000033,-5.8228607,-26.68779,-16.10191,40.994034,-22.016369,15.000033,3.6554334,-1.1605216,21.425413,-29.80604,26.178774,-10.264829,15.85421,12.140545,15.945534,23.744793,-64.05253,-5.7606554,41.5865,-26.919464,-5.7722344,3.4546247,-8.210133
489,14.832314491271973,9.072829246520996,73.43029022216797,1.5800468280037563,-4.3191780697467195,-130.0077764543305,-19.284557,20.685165,5.2345605,24.645395,4.810522,-15.000033,-6.1521993,-27.016703,-15.704146,41.700382,-22.095903,15.000033,3.6927745,-0.68931127,21.946272,-27.978504,25.022194,-9.95985,15.222889,12.695387,16.141949,23.883379,-64.93255,-5.8464828,41.859623,-26.807535,-5.8140845,3.6872685,-8.118093
490,14.961203575134277,9.097185134887695,73.32548522949219,1.7337159037490932,-4.431820551367996,-129.9573688282973,-20.457119,20.526743,4.783269,26.862513,4.724389,-15.000033,-6.4778185,-27.344616,-15.33237,42.340054,-22.18043,15.000033,3.720607,-0.15168868,22.514105,-26.103643,23.796965,-9.643969,14.534377,13.523667,16.468683,23.985678,-65.76575,-5.9391274,42.177296,-26.714996,-5.8023324,3.8844812,-8.008631
491,15.100812911987305,9.126916885375977,73.21598815917969,1.924452237787139,-4.4876712883392935,-129.9360395751449,-21.73325,20.29732,4.2247853,29.108557,4.765852,-15.000033,-6.8974485,-27.697195,-14.915668,42.95441,-22.28047,15.000033,3.7671463,0.40593052,23.092592,-24.238192,22.558533,-9.401232,13.838662,14.311454,16.813927,24.067389,-66.50783,-6.0271254,42.53448,-26.614803,-5.6932797,3.9994226,-7.885376
492,15.253561973571777,9.159693717956543,73.09980010986328,2.189567914843804,-4.456499058969953,-130.00411406860343,-23.008894,19.950235,3.535949,31.16551,4.9489717,-15.000033,-7.511773,-28.10856,-14.374936,43.587654,-22.407701,15.000033,3.8518403,0.92139846,23.650557,-22.41868,21.39671,-9.3044615,13.1639185,14.731146,17.066223,24.150229,-67.11494,-6.091391,42.92123,-26.489204,-5.4416103,3.9849904,-7.7506866
493,15.417035102844238,9.195157051086426,72.98113250732422,2.566553130960295,-4.310202868566453,-130.1426022097184,-24.330555,19.381577,2.6416564,33.045063,5.4077296,-15.000033,-8.33687,-28.62004,-13.697008,44.208557,-22.572441,15.000033,3.9511964,1.3410906,24.17465,-20.60696,20.378101,-9.3745985,12.49294,14.6127825,17.176647,24.261686,-67.58177,-6.113476,43.337994,-26.338646,-4.9610143,3.770775,-7.610107
494,15.596861839294434,9.226804733276367,72.85596466064453,3.0329183824889396,-4.0729922172424695,-130.32996452629055,-25.71479,18.634357,1.6184766,34.845894,6.071963,-15.000033,-9.323847,-29.210562,-12.907421,44.80468,-22.766802,15.000033,4.0393577,1.6739647,24.697153,-18.743917,19.522356,-9.536508,11.764105,14.12975,17.211391,24.383379,-67.9409,-6.08305,43.78186,-26.182318,-4.2999806,3.4016793,-7.4558597
495,15.795072555541992,9.249343872070312,72.71207427978516,3.5321475277718553,-3.7916747873783554,-130.62376764269155,-27.019432,17.890944,0.63362837,36.475952,6.6604204,-15.000033,-10.479793,-29.804523,-11.985299,45.446754,-22.970022,15.000033,4.1284485,1.9551162,25.254522,-16.84064,18.848412,-9.714003,10.942259,13.465552,17.231968,24.469713,-68.2062,-5.991399,44.2448,-26.033022,-3.6167386,3.0032132,-7.271983
496,16.014333724975586,9.266151428222656,72.54167175292969,4.000651401649768,-3.5104244922766816,-131.08258039429697,-28.11629,17.341776,-0.19667596,37.838795,6.907084,-15.000033,-11.814491,-30.318932,-10.916185,46.211636,-23.162157,15.000033,4.230576,2.2246885,25.88164,-14.907531,18.37026,-9.833251,9.985418,12.801739,17.302315,24.475168,-68.386536,-5.830985,44.71745,-25.908817,-3.0691774,2.7001083,-7.047165
497,16.255708694458008,9.269360542297363,72.34294128417969,4.458082913291265,-3.2297584130011576,-131.73749803182463,-28.926231,16.913439,-0.99159837,38.78092,6.7859917,-15.000033,-13.378584,-30.773539,-9.659645,47.149002,-23.339808,15.000033,4.3562355,2.4767344,26.58582,-12.937192,18.105598,-9.92238,8.869929,12.062079,17.428373,24.356659,-68.45502,-5.5849547,45.20378,-25.806318,-2.6950772,2.5031593,-6.747418
498,16.505578994750977,9.262832641601562,72.12969207763672,4.917456277420706,-2.9279910481787152,-132.5546252574501,-29.535143,16.55742,-1.806824,39.398403,6.424402,-15.000033,-15.152845,-31.17387,-8.230403,48.20585,-23.509827,15.000033,4.485833,2.6908305,27.353313,-10.906202,18.058561,-9.9828825,7.5978866,11.181971,17.583294,24.147984,-68.425896,-5.241921,45.70767,-25.70966,-2.4135163,2.3528073,-6.3894043
499,16.76227378845215,9.258404731750488,71.89002227783203,5.302131967130961,-2.611817458316682,-133.4915646675559,-30.081558,16.505508,-2.4588454,39.95969,5.820099,-15.000033,-17.040602,-31.40893,-6.717851,49.313507,-23.671156,15.000033,4.587344,2.8921626,28.1831,-8.8001375,18.207792,-9.905084,6.1637425,10.360048,17.780695,23.919558,-68.36539,-4.8101087,46.22016,-25.629442,-2.2038395,2.2673352,-6.042317
500,17.01767349243164,9.264347076416016,71.62093353271484,5.536496931100219,-2.2877486993240774,-134.50423581056268,-30.711117,16.987839,-2.7622535,40.720478,4.990592,-15.000033,-18.939402,-31.38381,-5.2275376,50.41187,-23.827648,15.000033,4.634028,3.1082795,29.072315,-6.6039286,18.514631,-9.581006,4.562745,9.800793,18.030066,23.740978,-68.3357,-4.3120193,46.73503,-25.581892,-2.0449157,2.265195,-5.776809
501,17.2752685546875,9.278243064880371,71.31855773925781,5.585362022945275,-1.9009940758885644,-135.64408206817882,-31.489475,18.176569,-2.6146865,41.70016,3.7717643,-15.000033,-20.936123,-31.028336,-3.7491913,51.519146,-23.96747,15.000033,4.7145586,3.379421,29.793802,-4.3931417,18.942862,-9.092048,3.058254,9.634933,18.35541,23.582525,-68.11865,-3.7584295,47.23384,-25.60469,-1.950192,2.3810356,-5.587399
502,17.525829315185547,9.29073429107666,70.98464965820312,5.47687944673294,-1.3386890558846356,-136.91196003724656,-32.47976,19.95145,-2.1589732,42.752953,2.2376544,-15.000033,-23.184103,-30.384516,-2.268504,52.673134,-24.077559,15.000033,5.011716,3.7493706,29.793802,-2.5055249,19.435461,-8.817043,2.3357146,9.700638,18.739248,23.43176,-67.27342,-3.1573653,47.646275,-25.619013,-1.9069405,2.56308,-5.427643
503,17.77459144592285,9.311466217041016,70.62299346923828,5.253144234676635,-0.7857697288529994,-138.2120633885861,-33.512177,22.082417,-1.5612395,43.88483,0.72032833,-15.000033,-25.365574,-29.562395,-0.89223933,53.82226,-24.19631,15.000033,5.304403,4.1662335,29.793802,-0.6775051,19.99491,-8.426825,1.6034144,9.8535595,19.131742,23.355715,-66.4329,-2.545353,48.04459,-25.595448,-1.8790152,2.7613325,-5.346738
504,18.013248443603516,9.339964866638184,70.24127960205078,4.946417070859173,-0.2595053326002832,-139.43061158636178,-34.624043,24.333054,-1.0109651,45.10495,-0.40767437,-15.000033,-27.382957,-28.665964,0.29372972,54.938904,-24.345984,15.000033,5.5379086,4.576507,29.793802,1.0812398,20.609217,-7.9131384,0.8181501,9.879601,19.47592,23.424784,-65.66557,-1.9561476,48.419098,-25.500015,-1.8109182,2.8870265,-5.3830624
505,18.234525680541992,9.373377799987793,69.83918762207031,4.5271905174006575,0.23736423897585587,-140.60839266616355,-35.85115,26.831514,-0.4753772,46.503727,-0.9882744,-15.000033,-29.23411,-27.638346,1.2871078,55.9979,-24.527367,15.000033,5.7364573,4.9898615,29.793802,2.7730157,21.284077,-7.275261,0.033726763,9.735502,19.733269,23.72219,-64.94184,-1.4183204,48.80307,-25.359547,-1.6740999,2.8968709,-5.6285157
506,18.445764541625977,9.405257225036621,69.41715240478516,3.987428260437839,0.6960572685849694,-141.80671498637787,-37.147377,29.652359,0.07018464,48.032867,-1.2781742,-15.000033,-30.95249,-26.450403,2.127974,57.019524,-24.730814,15.000033,5.9541183,5.433131,29.793802,4.390057,22.024822,-6.5392838,-0.72630835,9.529493,19.94096,24.190311,-64.20182,-0.9497087,49.188843,-25.220085,-1.4983299,2.8430111,-6.0398865
507,18.63948631286621,9.431661605834961,68.97576141357422,3.397958747043006,1.1028350703324927,-142.92219955736527,-38.460693,32.442593,0.43709224,49.50527,-1.4921879,-15.000033,-32.521885,-25.263186,2.8076253,58.049236,-24.967236,15.000033,6.166297,5.87568,29.793802,5.8873644,22.805248,-5.7388554,-1.5402789,9.2797985,20.156141,24.694637,-63.482304,-0.5708051,49.50468,-25.06904,-1.316394,2.781253,-6.4517055
508,18.818897247314453,9.455713272094727,68.5164794921875,2.8367777117495825,1.460261070608161,-143.82770843173068,-39.766876,34.82787,0.47794557,50.747246,-1.8054029,-15.000033,-33.945217,-24.252073,3.3211567,59.135494,-25.24837,15.000033,6.319821,6.282378,29.793802,7.2175956,23.583107,-4.896538,-2.492001,9.014884,20.435637,25.0993,-62.836582,-0.30286956,49.685776,-24.889624,-1.1611466,2.768996,-6.6994925
509,19.005495071411133,9.464491844177246,68.05756378173828,2.4456887921188337,1.8286866644219908,-144.3863103834917,-41.122204,36.63134,0.47419456,51.72454,-2.1373065,-14.207229,-35.32869,-23.645788,3.7232833,60.30596,-25.560951,15.000033,6.2530966,6.505133,29.793802,8.423766,24.339748,-3.9391513,-3.6176083,8.78505,20.835575,25.384825,-62.320618,-0.1686965,49.74567,-24.690517,-0.97731155,2.7845771,-6.733429
510,19.188873291015625,9.464112281799316,67.59688568115234,2.195119588114779,2.2235931877019337,-144.64035488155972,-42.563835,38.031128,0.56793743,52.540913,-2.4179316,-12.51556,-36.694283,-23.37807,4.0329895,61.53448,-25.902645,15.000033,5.9708486,6.5549006,29.793802,9.536634,25.077864,-2.8492692,-4.8986487,8.576811,21.309368,25.617243,-61.900513,-0.17874588,49.739834,-24.511168,-0.76677734,2.8107185,-6.6492934
511,19.354103088378906,9.457828521728516,67.12748718261719,1.9355887089021704,2.5886485616097525,-144.71061055820172,-44.03686,39.133327,0.42900845,53.218296,-2.7862523,-11.017623,-37.934513,-23.230757,4.200313,62.796898,-26.303823,15.000033,5.651994,6.6062765,29.793802,10.479927,25.783468,-1.7327924,-6.33736,8.325147,21.761488,25.790636,-61.50634,-0.32931527,49.65549,-24.372627,-0.6506358,2.9129791,-6.5007353
512,19.494958877563477,9.444986343383789,66.6446533203125,1.6764578190035888,2.923499939449484,-144.60011713184625,-45.49849,39.943127,0.17288727,53.73866,-3.3478394,-9.729015,-39.03579,-23.2193,4.245385,64.086044,-26.793076,15.000033,5.3481183,6.674441,29.793802,11.204482,26.430756,-0.6515231,-7.9873004,7.9663763,22.09333,25.902662,-61.107727,-0.6053514,49.487602,-24.299053,-0.7507212,3.1562765,-6.341866
513,19.612213134765625,9.429177284240723,66.14714050292969,1.4080119951249253,3.2403146006269603,-144.28696056779498,-46.941452,40.47937,-0.13910986,54.06902,-4.251633,-8.635039,-39.993496,-23.354233,4.148345,65.39627,-27.383083,15.000033,5.0328536,6.774671,29.793802,11.745602,27.00317,0.45670074,-9.909104,7.4342113,22.302677,25.958998,-60.72851,-1.0026312,49.215626,-24.265762,-1.099842,3.5639918,-6.1539288
514,19.702178955078125,9.399883270263672,65.64210510253906,1.1317901215306203,3.53822969051845,-143.77653828848395,-48.371445,40.723072,-0.56634974,54.23416,-5.3825283,-7.7444344,-40.81844,-23.634096,3.9147475,66.732956,-28.054874,15.000033,4.6865044,6.895618,29.793802,12.122316,27.498129,1.6119463,-12.0639,6.7876754,22.432644,25.958235,-60.376232,-1.52033,48.853027,-24.262312,-1.6367214,4.09761,-5.9148993
515,19.769922256469727,9.373254776000977,65.12409210205078,0.8714247440679099,3.7958281213729155,-143.11325758875032,-49.766148,40.63763,-1.171342,54.308807,-6.454733,-7.100653,-41.519775,-24.045815,3.6009805,68.1078,-28.794724,15.000033,4.3724275,7.0193663,29.793802,12.2526,27.908554,2.6872084,-14.352948,6.1523995,22.454718,25.886333,-60.004642,-2.138115,48.43734,-24.319172,-2.341677,4.7287836,-5.670864
516,19.821578979492188,9.344276428222656,64.5933837890625,0.6491367489873754,3.9904688587200443,-142.3408177443269,-51.101414,40.194153,-2.0095334,54.369175,-7.1852884,-6.7422643,-42.105022,-24.576376,3.2630286,69.53331,-29.588669,15.000033,4.152492,7.1336117,29.793802,12.039339,28.227144,3.5456252,-16.668959,5.6571326,22.339966,25.728825,-59.57969,-2.82167,48.00003,-24.447142,-3.1948776,5.4304204,-5.4661098
517,19.84808349609375,9.313516616821289,64.0540771484375,0.47295038811789136,4.133110097474922,-141.44987409119577,-52.36265,39.352047,-3.017643,54.40948,-7.6047688,-6.4519324,-42.599407,-25.250944,2.9167328,71.02316,-30.438818,15.000033,4.019422,7.2311287,29.793802,11.490418,28.454178,4.2361417,-19.083572,5.281969,22.038721,25.456055,-59.109074,-3.5389662,47.541077,-24.620844,-4.2775993,6.2324643,-5.296723
518,19.859668731689453,9.269400596618652,63.50339126586914,0.3289687002283952,4.230073520440409,-140.424761619701,-53.547775,38.15455,-4.170868,54.40104,-7.824951,-6.282524,-42.98804,-26.071108,2.5383625,72.56647,-31.350166,15.000033,3.9376225,7.317744,29.793802,10.6559,28.590878,4.816777,-21.632061,4.9766717,21.579685,25.082851,-58.626633,-4.27191,47.04008,-24.808155,-5.5761075,7.1356287,-5.1295414
519,19.867759704589844,9.24944019317627,62.955135345458984,0.20553051687060186,4.250898245052366,-139.29731065214372,-54.635063,36.68925,-5.5688944,54.3772,-7.7110424,-6.691644,-43.217583,-26.987564,2.1217906,74.13372,-32.310093,15.000033,3.925835,7.4021735,29.793802,9.492544,28.630978,5.15636,-24.152838,4.825084,21.050264,24.663977,-58.14367,-5.0070004,46.496246,-24.999834,-6.9252753,8.071254,-4.9701066
520,19.855823516845703,9.213993072509766,62.3916015625,0.08996417546447645,4.164752155459629,-138.09824399225383,-55.586548,35.025223,-7.309223,54.379932,-7.161371,-8.152,-43.231876,-27.954203,1.6578372,75.69389,-33.305046,15.000033,4.0073166,7.497073,29.793802,7.943991,28.563004,5.1126537,-26.475464,4.912475,20.536396,24.259342,-57.6685,-5.7387424,45.906776,-25.189932,-8.158546,8.972544,-4.8324313
521,19.829029083251953,9.162275314331055,61.823890686035156,-0.035193282085542364,3.938199087598557,-136.82907208829553,-56.27233,32.936855,-9.728828,54.34078,-5.9180923,-11.483701,-42.99897,-28.973278,1.154368,77.2569,-34.343544,15.000033,4.1959667,7.628017,29.793802,5.9437017,28.371578,4.657195,-28.61272,5.2435346,20.071373,23.85719,-57.176537,-6.462172,45.286827,-25.394863,-9.278945,9.865508,-4.717476
522,19.812013626098633,9.107709884643555,61.26609420776367,-0.03541390314683657,3.642865788335103,-135.38930388673796,-56.693413,30.391102,-12.203975,54.30485,-4.2650404,-15.000033,-42.64308,-30.24322,0.7091605,78.82348,-35.40359,15.000033,4.3733263,7.6457305,29.793802,3.5957656,28.042538,3.9220643,-30.695547,5.7711463,19.60149,23.447676,-56.696945,-7.16981,44.645874,-25.629726,-10.356313,10.77278,-4.6226273
523,19.83236312866211,9.038276672363281,60.735408782958984,0.6125066917076666,3.491732478043084,-133.49078711245926,-57.08705,27.646778,-12.781463,54.317425,-2.6026237,-15.000033,-42.59426,-32.3955,0.7164438,80.39239,-36.40068,15.000033,4.134852,6.963819,29.793802,1.213175,27.558092,3.126732,-32.855465,6.5000896,19.082567,23.096601,-56.36669,-7.845178,44.025654,-25.915827,-11.314219,11.624317,-4.574507
524,19.791170120239258,8.985933303833008,60.19532012939453,1.0746440266215238,3.243434190705899,-131.69236803874261,-57.680267,25.559412,-13.196995,54.76194,-1.5779079,-15.000033,-42.252472,-34.302822,0.5088329,81.901405,-37.415455,15.000033,4.128943,6.4312515,29.793802,-1.3407805,26.927225,1.9838798,-34.683846,7.468548,18.474306,22.838142,-56.097244,-8.489799,43.300144,-26.065353,-12.102798,12.349132,-4.5733075
525,19.682437896728516,8.938455581665039,59.64933776855469,1.2195533313780498,2.886849588285477,-129.98047305735452,-58.669285,24.291246,-13.594878,55.82426,-1.448273,-15.000033,-41.484974,-35.86893,-0.09929762,83.37361,-38.495827,15.000033,4.398956,6.173143,29.793802,-4.186434,26.13251,0.4388707,-36.175232,8.768128,17.76422,22.60659,-55.86127,-9.119073,42.388958,-26.084398,-12.771187,12.90212,-4.5395284
526,19.514501571655273,8.899593353271484,59.107357025146484,1.172686477077389,2.4471384962560507,-128.2716685324338,-59.91188,23.490206,-13.991479,57.316357,-1.8389353,-15.000033,-40.36743,-37.273674,-0.995182,84.82468,-39.635796,15.000033,4.84258,6.0644407,29.793802,-7.2648296,25.15097,-1.4275051,-37.437645,10.346439,16.975492,22.42472,-55.65301,-9.742097,41.342125,-26.03381,-13.326341,13.330666,-4.502357
527,19.31578826904297,8.849706649780273,58.5850944519043,1.1037363492765786,1.9904534834583705,-126.56173267965188,-61.13397,22.78726,-14.333761,58.851364,-2.306707,-15.000033,-39.072803,-38.647472,-1.9972334,86.230316,-40.77755,15.000033,5.3634925,5.9361176,29.793802,-10.287292,23.99111,-3.4839764,-38.484047,12.003612,16.138964,22.481894,-55.542778,-10.365485,40.28569,-25.918531,-13.646446,13.707693,-4.6361556
528,19.08734893798828,8.782925605773926,58.09778594970703,1.1854882336468022,1.5810362504872462,-124.85138751087203,-62.06787,21.842014,-14.522592,60.050377,-2.3915672,-15.000033,-37.791836,-40.128204,-2.9156709,87.56563,-41.854713,15.000033,5.8751545,5.6223135,29.793802,-13.013851,22.689764,-5.6281433,-39.296318,13.546701,15.295637,22.954647,-55.604404,-10.992429,39.342026,-25.730942,-13.611352,14.10647,-5.1150317
529,18.846065521240234,8.688225746154785,57.64302062988281,1.5086112272124008,1.2379006482436616,-123.11751969338404,-62.626842,20.541311,-14.462621,60.757557,-1.845581,-15.000033,-36.587486,-41.805473,-3.690322,88.83049,-42.86966,15.000033,6.370189,5.0094748,29.793802,-15.494278,21.26554,-7.951274,-39.87331,15.112792,14.493862,24.03977,-55.822063,-11.611272,38.548035,-25.508307,-13.055046,14.58707,-6.134601
530,18.575429916381836,8.574334144592285,57.21874237060547,1.9688938811283672,0.9174383351048855,-121.3721448097044,-62.973637,19.093538,-14.221202,61.18564,-0.9559099,-15.000033,-35.357254,-43.58824,-4.425222,90.03219,-43.847336,15.000033,6.8869996,4.2138276,29.793802,-17.823233,19.716665,-10.469168,-40.224983,16.749495,13.735133,25.595545,-56.173653,-12.216265,37.842297,-25.220276,-12.077027,15.077624,-7.56245
531,18.301408767700195,8.424773216247559,56.8354377746582,2.4485071310203295,0.590342031631563,-119.66724681728927,-63.2141,17.646198,-13.921755,61.515556,-0.05573401,-15.000033,-34.048286,-45.33998,-5.178905,91.16737,-44.744274,15.000033,7.418355,3.4091883,29.793802,-19.88856,18.06821,-13.004382,-40.302753,18.135847,12.967526,27.273125,-56.72181,-12.829003,37.193405,-24.762203,-10.963192,15.460349,-9.072955
532,18.0246639251709,8.256757736206055,56.4653205871582,2.830955806387592,0.234354601150153,-118.04899478638477,-63.445133,16.32862,-13.695388,61.935497,0.52251667,-15.000033,-32.591633,-46.91963,-6.0220566,92.229744,-45.52869,15.000033,7.9626265,2.7591288,29.793802,-21.614237,16.36952,-15.378003,-40.02463,18.920116,12.100389,28.71801,-57.509247,-13.489858,36.564888,-24.066422,-10.011678,15.6417675,-10.333515
533,17.745521545410156,8.06214427947998,56.12937927246094,3.093529020926952,-0.15272513382413055,-116.5180134810701,-63.683437,15.133369,-13.593888,62.50568,0.64342195,-15.000033,-30.93686,-48.29925,-7.00467,93.22798,-46.210567,15.000033,8.532996,2.2480197,29.793802,-23.00821,14.635112,-17.69453,-39.35388,18.794058,11.051473,29.999577,-58.54849,-14.232522,35.95197,-23.151587,-9.307559,15.628534,-11.366089
534,17.473276138305664,7.851931571960449,55.815189361572266,3.299434377011832,-0.5561304645141271,-115.04747500195325,-63.88132,13.988263,-13.553061,63.124058,0.49811456,-15.000033,-29.107769,-49.536766,-8.09886,94.16361,-46.8151,15.000033,9.135578,1.7973076,29.793802,-24.124746,12.861692,-20.050909,-38.32938,18.03496,9.85028,31.232605,-59.770893,-15.072954,35.375122,-22.10643,-8.697195,15.467118,-12.311297
535,17.205556869506836,7.631251335144043,55.53873825073242,3.4492423267576826,-0.9728634507471289,-113.64091368615345,-64.02588,12.916946,-13.529295,63.739193,0.23668808,-15.000033,-27.153826,-50.628616,-9.258273,95.019485,-47.30692,15.000033,9.773615,1.4708785,29.793802,-25.01918,11.107087,-22.207394,-36.92964,17.06772,8.568218,32.13842,-61.0922,-16.03217,34.82679,-20.976204,-8.128649,15.144477,-13.008863
536,16.95168113708496,7.398202419281006,55.2996940612793,3.5481869773576653,-1.3888903263912595,-112.30066105857992,-64.112,11.948822,-13.478117,64.29328,0.017938968,-15.000033,-25.138634,-51.56718,-10.435956,95.774345,-47.655132,15.000033,10.426965,1.2806389,29.793802,-25.592953,9.421958,-24.029417,-35.252274,16.45217,7.3178234,32.506203,-62.407887,-17.110723,34.29405,-19.86111,-7.545799,14.647835,-13.302252
537,16.710025787353516,7.137648582458496,55.102394104003906,3.589324556863318,-1.8008378974069423,-111.00471592114948,-64.14603,11.0884075,-13.38521,64.77524,-0.11985426,-15.000033,-23.054697,-52.34301,-11.64261,96.446045,-47.837585,15.000033,11.077649,1.2232735,29.793802,-25.757895,7.842811,-25.425508,-33.319366,16.292229,6.105698,32.08779,-63.79007,-18.32062,33.740685,-18.705812,-6.9444532,13.935949,-13.00323
538,16.482288360595703,6.865397930145264,54.95624542236328,3.5732677648980697,-2.2068255228767195,-109.75652796964842,-64.13286,10.321298,-13.279061,65.21238,-0.254677,-15.000033,-20.896297,-52.95245,-12.881726,97.03574,-47.873062,15.000033,11.731778,1.2645305,29.793802,-25.523182,6.3820534,-26.533676,-31.152668,16.295616,4.893358,31.098341,-65.24627,-19.66197,33.191296,-17.53157,-6.3369427,13.041988,-12.244858
539,16.270442962646484,6.584016799926758,54.854671478271484,3.524622803497687,-2.604798483453338,-108.59652690445303,-64.05235,9.643327,-13.17023,65.60971,-0.41320097,-15.000033,-18.731186,-53.40886,-14.108405,97.501686,-47.788555,15.000033,12.419049,1.3945307,29.793802,-25.07047,5.0909166,-27.430353,-28.734495,16.266466,3.7274525,30.003141,-66.61723,-21.111048,32.69672,-16.478395,-5.682663,12.063274,-11.339305
540,16.072927474975586,6.285150527954102,54.80779266357422,3.4622677841774188,-2.993090974220358,-107.56885090362118,-63.888042,9.05513,-13.069797,65.97152,-0.6118401,-15.000033,-16.637743,-53.732407,-15.260069,97.803986,-47.615715,15.000033,13.135173,1.5819798,29.793802,-24.542225,4.0469027,-28.161888,-26.078257,16.04282,2.6613243,29.267727,-67.789925,-22.634596,32.30025,-15.675381,-4.904778,11.088503,-10.589578
541,15.890717506408691,5.974896430969238,54.80617141723633,3.397849509963018,-3.358194188303993,-106.66704801583681,-63.644184,8.557743,-12.966759,66.28246,-0.8318542,-15.000033,-14.651142,-53.916035,-16.309498,97.94269,-47.330975,15.000033,13.884767,1.8172505,29.793802,-23.883247,3.3298397,-28.788067,-23.213709,15.771246,1.8478421,29.180035,-68.800095,-24.192204,32.00968,-15.061767,-4.077147,10.067741,-10.000876
542,15.737689971923828,5.6481733322143555,54.84336471557617,3.3259440975109418,-3.697008089771283,-105.87494049416425,-63.327496,8.146381,-12.859686,66.54326,-1.0826441,-15.000033,-12.773072,-53.969265,-17.265781,97.93712,-46.91568,15.000033,14.616904,2.0664327,29.793802,-22.925318,2.965388,-29.262342,-20.251915,15.523236,1.212561,29.46862,-69.73669,-25.757341,31.799389,-14.587058,-3.1874568,8.974742,-9.425406
543,15.601493835449219,5.320314884185791,54.92662811279297,3.2443588794982157,-4.0291181684680675,-105.2216738504714,-62.932472,7.8278813,-12.766907,66.78015,-1.3746336,-15.000033,-11.004583,-53.908016,-18.12765,97.77518,-46.441532,15.000033,15.345403,2.340346,29.793802,-21.841375,2.992048,-29.424658,-17.213882,14.823896,0.46368262,29.713709,-70.4902,-27.30195,31.6481,-14.348775,-2.1676493,7.92661,-8.944131
544,15.48130989074707,4.989696979522705,55.05217742919922,3.1480274633411818,-4.364730322033843,-104.73620142622711,-62.45657,7.603934,-12.709923,67.01791,-1.740081,-15.000033,-9.361677,-53.761745,-18.89621,97.44607,-45.963833,15.000033,16.051676,2.6028185,29.793802,-20.620312,3.3846684,-29.214293,-14.228943,13.381256,-0.6748886,29.49827,-70.929695,-28.779343,31.512148,-14.493499,-0.94645596,7.0355043,-8.643353
545,15.397873878479004,4.650827884674072,55.20933151245117,3.0274669783665153,-4.707926376414809,-104.41966462012753,-61.901215,7.4686174,-12.714031,67.26917,-2.1894183,-15.000033,-7.832386,-53.51777,-19.584518,96.939156,-45.493916,15.000033,16.731295,2.8728366,29.793802,-19.24231,4.1566014,-28.507725,-11.319506,10.753152,-2.5362577,28.42795,-71.10026,-30.163404,31.426218,-15.009479,0.5513602,6.361524,-8.665288
546,15.3442964553833,4.304591655731201,55.406253814697266,2.891839041051902,-5.046583712545585,-104.26173644351115,-61.2704,7.429328,-12.761223,67.51545,-2.7034974,-15.000033,-6.4393826,-53.17431,-20.161451,96.26291,-44.99757,15.000033,17.35271,3.150656,29.793802,-17.568054,5.3263516,-27.342854,-8.565178,7.1888695,-4.802412,26.7032,-71.09241,-31.43065,31.415552,-15.798256,2.2561014,5.819004,-8.931011
547,15.317837715148926,3.95592999458313,55.641578674316406,2.7565322118081377,-5.377320251965676,-104.27139511367704,-60.55933,7.499524,-12.804014,67.73941,-3.2691038,-15.000033,-5.2157326,-52.778355,-20.602617,95.43732,-44.472904,15.000033,17.881199,3.3970506,29.793802,-15.536487,6.8599167,-25.831366,-6.0674143,3.3645902,-6.8077083,24.835112,-70.84756,-32.541656,31.421549,-16.840456,4.0104284,5.309267,-9.194671
548,15.316402435302734,3.606471538543701,55.91122055053711,2.6374143767595557,-5.6960743014673865,-104.46021047135223,-59.76234,7.693945,-12.801257,67.923836,-3.875208,-15.000033,-4.1915946,-52.37688,-20.879492,94.48088,-43.91367,15.000033,18.294943,3.5702899,29.793802,-13.138918,8.676721,-24.069143,-3.8513496,0.054376774,-8.010991,23.471819,-70.29358,-33.453663,31.36673,-18.115955,5.6557074,4.7485137,-9.205224
549,15.340682983398438,3.2550103664398193,56.216651916503906,2.5220626072762635,-6.019079131857748,-104.8131663848088,-58.87103,8.000752,-12.780908,68.082664,-4.540158,-15.000033,-3.2979898,-51.962654,-21.046782,93.37415,-43.33946,15.000033,18.58513,3.681494,29.793802,-10.363842,10.715107,-21.970036,-1.9278599,-2.1996973,-8.163611,23.072805,-69.38728,-34.142754,31.229101,-19.656616,7.255386,4.0843763,-8.881245
550,15.400431632995605,2.896862030029297,56.560672760009766,2.407456896879418,-6.339194107725584,-105.33203559672455,-57.89466,8.423647,-12.749849,68.21715,-5.259299,-15.000033,-2.5427046,-51.513245,-21.102707,92.118385,-42.752495,15.000033,18.75126,3.7227964,29.793802,-7.133025,12.931533,-19.39664,-0.30248687,-3.8906116,-7.6751966,23.282942,-68.174095,-34.598778,31.051397,-21.461472,8.850417,3.3791971,-8.366234
551,15.488384246826172,2.5173532962799072,56.94496536254883,2.319603975296741,-6.62574193332428,-106.0527277970927,-56.847416,8.9958515,-12.6360655,68.29808,-5.995897,-15.000033,-2.047503,-51.06264,-20.950302,90.76051,-42.115692,15.000033,18.813843,3.6273365,29.793802,-3.419587,15.237815,-16.378824,1.0982127,-5.777923,-7.0448713,23.570961,-66.69404,-34.8068,30.837828,-23.462337,10.243038,2.7278123,-7.7460623
552,15.610982894897461,2.140986442565918,57.36112594604492,2.285660571948143,-6.855809431421873,-107.0112784846429,-55.732113,9.749977,-12.362588,68.2968,-6.7132626,-15.000033,-1.9221208,-50.641403,-20.495121,89.346535,-41.394394,15.000033,18.821466,3.345485,29.793802,0.7123652,17.510447,-12.990819,2.4459007,-8.605786,-6.7362456,23.383204,-64.98392,-34.761833,30.593555,-25.573452,11.225459,2.220741,-7.1055474
553,15.757896423339844,1.7658772468566895,57.80989456176758,2.308943139572271,-7.037667191230487,-108.21888441337424,-54.529945,10.688787,-11.927774,68.2278,-7.422589,-15.000033,-2.1535923,-50.26778,-19.737661,87.874,-40.596184,15.000033,18.843897,2.8968575,29.793802,5.151887,19.632627,-9.201553,3.944988,-12.957525,-6.804169,22.407387,-62.932404,-34.46622,30.300432,-27.835758,11.65364,1.896717,-6.421508
554,15.934162139892578,1.3766266107559204,58.29718017578125,2.3777802416062106,-7.196945922376077,-109.65741972558263,-53.212406,11.794259,-11.353203,68.09848,-8.142344,-15.000033,-2.6547437,-49.91743,-18.733553,86.31945,-39.73461,15.000033,18.922144,2.333278,29.793802,9.765408,21.498652,-5.0394583,5.6911745,-18.333601,-6.926244,20.953432,-60.500877,-33.940994,29.981169,-30.279856,11.617268,1.6978637,-5.6626425
555,16.13349723815918,0.9787521362304688,58.82011032104492,2.49827560070882,-7.344591225252518,-111.32096292447349,-51.754345,13.059682,-10.594397,67.8775,-8.850125,-15.000033,-3.409694,-49.561028,-17.474909,84.696526,-38.791203,15.000033,19.055588,1.6967852,29.793802,14.3309,23.009438,-0.74041957,7.805643,-23.802313,-7.023325,19.384909,-57.92886,-33.248924,29.719395,-32.72992,11.325376,1.5740587,-4.8877892
556,16.357372283935547,0.5796318054199219,59.374149322509766,2.6695509104479638,-7.487398760696198,-113.20515617000132,-50.130524,14.475683,-9.602897,67.53341,-9.521415,-15.000033,-4.406158,-49.168583,-15.954181,83.02054,-37.743614,15.000033,19.231653,1.0577198,29.793802,18.628162,24.114454,3.4203553,10.3881855,-28.38902,-7.125249,18.074387,-55.447594,-32.470364,29.60962,-35.01636,10.9688,1.4801983,-4.1646667
557,16.599206924438477,0.17206090688705444,59.96370315551758,2.898253412782887,-7.623515969550903,-115.37546229256924,-48.29157,16.113943,-8.300852,67.06813,-10.18083,-15.000033,-5.7105055,-48.72237,-14.082634,81.28724,-36.581947,15.000033,19.471903,0.47008982,29.793802,22.604883,24.82962,7.309127,13.601124,-31.48678,-7.436655,17.225441,-53.050495,-31.65608,29.668104,-37.15632,10.527945,1.452333,-3.4613945
558,16.856351852416992,-0.2367767095565796,60.583465576171875,3.182886653988407,-7.745821694498749,-117.8177373136874,-46.224262,17.937206,-6.696833,66.49751,-10.832066,-15.000033,-7.290349,-48.22472,-11.896934,79.49882,-35.3249,15.000033,19.768257,-0.05608446,29.793802,26.312788,25.203527,10.98522,17.359365,-33.68484,-7.9396443,16.583706,-50.655403,-30.831299,29.909803,-39.229774,9.933356,1.4947815,-2.7690644
559,17.125642776489258,-0.6561522483825684,61.23046112060547,3.4453900980455643,-7.650788114671343,-120.39251940149025,-44.234413,19.804693,-4.957439,65.82214,-11.385031,-15.000033,-9.220464,-47.60571,-9.598015,77.70863,-33.979248,15.000033,20.02798,-0.3462054,28.91057,29.675087,25.370014,14.081851,21.934084,-35.730556,-8.363317,15.880003,-48.189762,-29.953693,30.635742,-40.684875,9.436689,1.4765176,-2.2145705
560,17.3968505859375,-1.076243281364441,61.904518127441406,3.709008899359017,-7.482072862642602,-122.9720996092258,-42.20455,21.51036,-3.166241,65.02779,-11.805641,-15.000033,-11.15452,-46.92353,-7.3855915,75.89612,-32.551838,15.000033,20.088257,-0.56120014,27.808601,32.8815,25.370922,17.047575,26.429089,-38.509373,-8.408892,14.816064,-46.092785,-29.068598,31.705761,-41.660812,9.179772,1.3574522,-1.8886381
561,17.677881240844727,-1.5062344074249268,62.59304428100586,3.981148281658095,-7.313395432526282,-125.58169381969573,-40.02271,23.120163,-1.1758306,64.07149,-12.100267,-15.000033,-13.033233,-46.193844,-5.2300344,74.03046,-30.97947,15.000033,19.918903,-0.7370696,26.739067,35.957855,25.182842,20.00337,30.75513,-42.9113,-7.7858596,13.042098,-44.426712,-28.238024,33.126595,-42.27346,9.319013,1.0878198,-2.0537617
562,17.979900360107422,-1.9286695718765259,63.289981842041016,4.266379779263144,-7.133649438169067,-128.27137276843368,-37.66561,24.656815,1.0281662,62.97443,-12.292795,-15.000033,-14.922545,-45.41718,-3.0552335,72.1114,-29.276617,15.000033,19.559374,-0.8681782,25.706474,38.92409,24.816965,22.932035,34.989906,-48.228268,-6.5941978,10.896874,-43.084484,-27.475424,34.833504,-42.631744,9.726701,0.7191581,-2.590649
563,18.271900177001953,-2.343524932861328,63.993133544921875,4.56928359999225,-6.892238807775064,-130.9516867641906,-35.29168,25.886106,3.0936978,61.814423,-12.359049,-15.000033,-16.781689,-44.62429,-0.96795386,70.18569,-27.570469,15.000033,19.013128,-0.98548025,24.699585,41.76825,24.329796,25.890284,38.84532,-52.93367,-5.237315,9.059958,-42.073227,-26.771126,36.580563,-42.785828,10.169674,0.35268834,-3.0147653
564,18.547988891601562,-2.7525360584259033,64.68599700927734,4.886483327613989,-6.540963739224688,-133.53333388679974,-33.10219,26.606194,4.627958,60.662395,-12.279725,-15.000033,-18.583775,-43.84779,0.92465174,68.299355,-25.982632,15.000033,18.304075,-1.1246594,23.699615,44.448368,23.793533,28.920723,42.05266,-55.593292,-4.308028,8.064929,-41.37191,-26.105085,38.102787,-42.796227,10.410673,0.10129215,-2.8372333
565,18.819849014282227,-3.1649057865142822,65.36271667480469,5.28072794319292,-6.02965129949753,-136.0149462640113,-31.18615,26.621555,5.4331913,59.477688,-12.001189,-15.000033,-20.496756,-43.211967,2.7258024,66.47251,-24.457155,15.000033,17.431204,-1.3437713,22.649706,46.885468,23.22822,32.09123,44.737637,-55.360294,-4.254148,8.244568,-40.9827,-25.480486,39.307396,-42.61272,10.382599,-0.012348049,-1.7319665
566,19.064346313476562,-3.5628345012664795,66.02340698242188,5.714487376252057,-5.406611945157448,-138.44474893436984,-29.47767,26.130894,5.6722484,58.238983,-11.565742,-15.000033,-22.509167,-42.661556,4.469038,64.683716,-22.953535,15.000033,16.411198,-1.605549,21.575357,49.062355,22.642591,35.36758,47.028343,-53.194553,-4.7343493,9.190829,-40.867165,-24.90667,40.303173,-42.26891,10.215284,-0.04645036,-0.023060778
567,19.2877197265625,-3.934929847717285,66.65438079833984,6.049569351535545,-4.767789419854051,-140.8040144358906,-27.948437,25.545134,5.5208554,57.047726,-11.075132,-15.000033,-24.31682,-41.98263,5.9310894,62.91045,-21.62286,15.000033,15.305327,-1.8211281,20.576803,51.05449,22.104273,38.629463,48.65648,-50.453194,-5.2187824,10.2406435,-40.937363,-24.369774,41.116634,-41.945404,9.966456,-0.0055152,1.8086387
568,19.474163055419922,-4.2538862228393555,67.24519348144531,6.162474648605641,-4.199478746739867,-143.06470511990875,-26.56491,25.257242,5.1971955,56.00324,-10.617202,-15.000033,-25.608013,-41.000362,6.8803697,61.119316,-20.617102,15.000033,14.186231,-1.9142776,19.744404,52.960735,21.718971,41.73941,49.377815,-48.546494,-5.254035,10.680507,-41.09813,-23.844362,41.750233,-41.803608,9.694458,0.11195086,3.2893217
569,19.610809326171875,-4.511218070983887,67.80653381347656,5.981635271866167,-3.6802601525546668,-145.27287623441543,-25.36526,25.376005,4.6044955,55.189972,-10.161647,-15.000033,-26.338701,-39.54849,7.2410254,59.253117,-19.986944,15.000033,13.074188,-1.8205854,19.059063,54.82782,21.573986,44.722736,49.24687,-47.96102,-4.6572685,10.20181,-41.374126,-23.31758,42.136154,-41.832745,9.283998,0.38172072,4.414772
570,19.710243225097656,-4.731432914733887,68.32527923583984,5.5969575772869575,-3.182797208457787,-147.4162058644875,-24.342155,25.692984,3.7087314,54.531548,-9.672751,-15.000033,-26.669277,-37.790333,7.178177,57.309647,-19.65328,15.000033,11.954147,-1.5949044,18.481956,56.614117,21.711254,47.635082,48.465126,-47.928196,-3.6947937,9.208096,-41.77742,-22.79249,42.26802,-41.936905,8.734518,0.7760733,5.4084578
571,19.788288116455078,-4.91560697555542,68.78697967529297,5.140677635069079,-2.771534740186805,-149.37283647644918,-23.405958,26.109833,2.835291,53.87876,-9.219288,-15.000033,-26.610786,-36.040794,6.821766,55.340176,-19.570389,15.000033,10.843054,-1.3520046,18.06852,58.323742,22.165495,50.3985,46.995754,-47.995903,-2.6436064,8.023275,-42.195183,-22.266384,42.23656,-42.144653,8.284596,1.1542861,6.136153
572,19.845081329345703,-5.065119743347168,69.179443359375,4.7494329184675435,-2.50029685133071,-151.02697652967234,-22.480669,26.529638,2.3075616,53.092255,-8.874055,-15.000033,-26.192398,-34.6139,6.280173,53.426098,-19.685003,15.000033,9.760701,-1.2121307,17.86426,59.953888,22.966717,52.94792,44.79412,-47.72711,-1.797181,6.9528112,-42.52863,-21.731445,42.144276,-42.475464,8.176376,1.3830514,6.4580097
573,19.89348602294922,-5.193515777587891,69.5009536743164,4.490075464203423,-2.3854513454833186,-152.32431197242659,-21.533365,26.896461,2.2347903,52.07147,-8.70449,-15.000033,-25.267435,-33.586567,5.4417605,51.566708,-20.209675,15.000033,8.6656885,-1.2620379,17.9123,61.6804,24.153936,55.294804,41.633892,-46.94253,-1.2605215,6.0024796,-42.7459,-21.175833,41.96858,-42.985897,8.50935,1.4471185,6.2307796
574,19.926660537719727,-5.291428565979004,69.7529296875,4.30005864703361,-2.385914678942237,-153.33334368653303,-20.613777,27.249247,2.4574873,50.91146,-8.671794,-15.000033,-23.924383,-32.786724,4.30595,49.75344,-21.08951,15.000033,7.564243,-1.4241624,18.18027,63.445885,25.74225,57.5457,37.67373,-45.89853,-0.8811702,5.008397,-42.932835,-20.597868,41.68832,-43.613148,9.139244,1.411475,5.5649366
575,19.939998626708984,-5.3554768562316895,69.94444274902344,4.112916062093933,-2.466360626761284,-154.1301766870673,-19.772354,27.646898,2.8870475,49.77772,-8.684805,-15.000033,-22.500084,-32.13867,3.1005778,48.052498,-21.87504,15.000033,6.541739,-1.5638659,18.601131,64.90535,27.70966,59.76468,33.395733,-44.814686,-0.5718277,4.0222974,-43.181526,-20.005081,41.409916,-44.203144,9.951345,1.262769,4.6980004
576,19.947771072387695,-5.3839216232299805,70.0909423828125,3.8496007858216026,-2.5943445669875906,-154.79403306478687,-19.058455,28.170086,3.4176269,48.83203,-8.643523,-15.000033,-21.292147,-31.543974,2.056219,46.504562,-22.122854,15.000033,5.678668,-1.5288801,19.104317,65.805504,30.014297,61.96042,29.194843,-43.941685,-0.23764038,3.1065996,-43.58182,-19.407042,41.24585,-44.602318,10.831674,0.9933884,3.865556
577,19.97442626953125,-5.356620788574219,70.22908020019531,3.469512243345376,-2.761326483062666,-155.3797406164289,-18.488651,28.915348,4.0986724,48.116386,-8.4724245,-15.000033,-20.385036,-30.95456,1.2520187,45.058857,-21.534418,15.000033,5.038174,-1.2604855,19.708267,66.11984,32.658646,64.21496,24.96495,-43.432747,0.13735725,2.2998965,-44.11809,-18.80199,41.25294,-44.80391,11.935243,0.49713966,2.994686
578,20.029808044433594,-5.2878313064575195,70.34818267822266,3.019291359373111,-2.9879637745556638,-155.83768735237297,-18.020254,29.813929,4.9525785,47.55188,-8.252714,-15.000033,-19.597486,-30.407942,0.53996503,43.71774,-20.392664,15.000033,4.5422,-0.80333865,20.448244,66.01844,35.64261,66.48109,20.501295,-43.135735,0.51380754,1.5659456,-44.812546,-18.184057,41.40104,-44.82135,13.254093,-0.19668286,2.011932
579,20.122262954711914,-5.20314884185791,70.43368530273438,2.541848159629214,-3.284416490888647,-156.09306968024984,-17.623072,30.734735,5.8391566,47.108295,-8.09319,-15.000033,-18.81816,-29.946901,-0.1862576,42.587193,-19.139263,15.000033,4.045962,-0.18253826,21.279352,65.51218,38.917248,68.54383,16.04141,-42.77066,0.90085155,0.869857,-45.780514,-17.551138,41.66522,-44.57601,14.438963,-0.87762564,1.1381619
580,20.241588592529297,-5.131384372711182,70.48271179199219,2.0739140253673707,-3.657624584184878,-156.07223890330374,-17.281347,31.550053,6.603738,46.754093,-8.105492,-15.000033,-17.913177,-29.595676,-1.0227971,41.744816,-18.248571,15.000033,3.4124422,0.5441395,22.15369,64.633934,42.410522,70.164055,11.771413,-42.045662,1.2953893,0.17896968,-47.08404,-16.898375,41.992046,-44.055843,15.154057,-1.3186361,0.57681584
581,20.37668228149414,-5.073605060577393,70.4991683959961,1.6225945446489884,-4.189402312845817,-155.74876648853115,-16.945387,32.297512,7.302866,46.606224,-8.381784,-15.000033,-16.831923,-29.360645,-1.9246674,41.34265,-17.911839,15.000033,2.6191542,1.3716315,23.15545,63.218143,46.08293,71.173775,7.446802,-40.512665,1.7280924,-0.406913,-48.7884,-16.217129,42.39315,-43.270668,15.309812,-1.4229691,0.37251258
582,20.503190994262695,-5.001073837280273,70.5137710571289,1.1609795187943526,-4.84879806571177,-155.1622659374864,-16.63766,33.035213,7.979754,46.63548,-8.8373,-15.000033,-15.644489,-29.216713,-2.876691,41.29951,-17.864464,15.000033,1.7291864,2.3157904,24.272573,61.264225,49.933453,71.55053,2.9429762,-38.42534,2.1736023,-0.9153214,-50.814327,-15.490658,42.880413,-42.232098,15.097207,-1.3173119,0.4098338
583,20.59147071838379,-4.902629375457764,70.54944610595703,0.6712049162678807,-5.468421770121528,-154.335857094599,-16.479382,33.662746,8.448293,46.59758,-9.310754,-15.000033,-14.384764,-29.125988,-4.009919,41.320766,-17.90951,15.000033,0.74264544,3.3178806,25.313759,59.031765,53.94582,71.315994,-1.3698642,-36.54313,2.5480902,-1.5606655,-52.985767,-14.702332,43.375248,-40.962406,14.611007,-1.1067686,0.6512676
584,20.646757125854492,-4.781932830810547,70.61106872558594,0.1376914271130711,-5.876942150666041,-153.2941312825651,-16.60608,34.079388,8.525918,46.24444,-9.619436,-15.000033,-13.091518,-29.051645,-5.444912,41.116474,-17.865698,15.000033,-0.33656418,4.3125863,26.089136,56.7895,58.087635,70.60802,-5.1033087,-35.63225,2.7811604,-2.5427725,-55.128178,-13.8425455,43.793972,-39.502277,13.940637,-0.8977358,1.0607095
585,20.68309783935547,-4.654262065887451,70.68927001953125,-0.5171209834822686,-6.019464468039854,-151.95866772937458,-17.104212,34.296047,8.085057,45.438076,-9.746777,-15.000033,-11.662667,-28.936962,-7.3639917,40.548267,-17.678041,15.000033,-1.6199555,5.292029,26.578478,54.83979,62.340225,69.657715,-8.41239,-36.349506,2.7994676,-4.0742683,-57.23023,-12.892924,44.119915,-37.915184,12.999623,-0.6944192,1.7187834
586,20.719865798950195,-4.538735866546631,70.7630844116211,-1.2593637805486246,-5.977406769145683,-150.34831351501322,-17.884916,34.358044,7.237472,44.325565,-9.7618065,-15.000033,-10.110037,-28.78875,-9.653406,39.78683,-17.444721,15.000033,-3.0633588,6.269873,26.877901,52.86824,66.679474,68.32774,-11.468561,-38.156242,2.7450626,-6.0046253,-59.36794,-11.846435,44.37317,-36.179493,11.768481,-0.46336827,2.6243923
587,20.761219024658203,-4.423604965209961,70.83599090576172,-1.9334437914478229,-5.7895713130483895,-148.6383236242737,-18.830717,34.210716,6.1574388,43.10178,-9.619809,-15.000033,-8.643014,-28.693258,-11.988497,39.01499,-17.227133,15.000033,-4.428724,7.1951923,26.965492,50.115124,71.05193,66.1421,-13.892898,-40.03546,2.8415847,-7.9600916,-61.482933,-10.733646,44.521698,-34.264324,10.436255,-0.24471317,3.6100204
588,20.80516242980957,-4.30967903137207,70.90289306640625,-2.3837243834795387,-5.506568049886751,-146.99946921673296,-19.82694,33.786304,5.0328026,41.964924,-9.2764015,-15.000033,-7.4679723,-28.773912,-14.054096,38.426285,-17.092815,15.000033,-5.479734,7.9583907,26.813885,45.61242,75.37273,62.38984,-15.287542,-41.00807,3.2075527,-9.540557,-63.47103,-9.6202345,44.516304,-32.225475,9.196042,-0.06945521,4.5008845
589,20.846277236938477,-4.1936116218566895,70.97135162353516,-2.541245554461817,-5.0807176442859285,-145.37141774289614,-20.963022,32.928177,3.7665567,40.911842,-8.629157,-15.000033,-6.6441226,-29.158709,-15.872905,38.074398,-17.081942,15.000033,-6.2605605,8.377051,26.355757,38.514664,79.51753,56.417057,-15.442587,-40.838623,3.8933673,-10.890077,-65.25465,-8.566905,44.2852,-30.231016,8.017559,0.041255847,5.3268337
590,20.88526153564453,-4.079569339752197,71.04234313964844,-2.4882400634326625,-4.5193631826522065,-143.70099179770753,-22.2129,31.702871,2.3491545,39.847687,-7.7251067,-15.000033,-6.0461383,-29.774118,-17.589525,37.867012,-17.155392,15.000033,-6.8982935,8.375212,25.657122,28.940279,83.26633,48.152954,-14.721686,-40.18202,4.724732,-12.083468,-66.795685,-7.6174235,43.82031,-28.498743,6.8297143,0.10049554,6.142643
591,20.925899505615234,-3.9661526679992676,71.11064910888672,-2.306064286817185,-3.9579710307962808,-142.16204165421738,-23.33089,30.387548,1.0762186,38.84024,-6.74836,-15.000033,-5.610167,-30.46085,-19.073551,37.772804,-17.261219,15.000033,-7.336598,8.0057535,24.933334,17.826841,86.19826,38.217575,-13.76623,-39.37198,5.450931,-12.618977,-68.06927,-6.8202376,43.211758,-27.18793,5.7717214,0.14665975,6.8098207
592,20.96300506591797,-3.855713367462158,71.17160034179688,-2.087591135183053,-3.522272726939702,-140.92414123892252,-24.130527,29.279076,0.19238704,37.965027,-5.8914943,-15.000033,-5.28697,-31.052538,-20.191431,37.753727,-17.346115,15.000033,-7.4871635,7.5389266,24.38071,6.6360884,87.919754,27.798708,-13.182637,-38.549374,5.907734,-12.038083,-69.15218,-6.2129407,42.651974,-26.217548,4.9830303,0.23121633,7.186636
593,20.994571685791016,-3.7410969734191895,71.22817993164062,-1.8497855234430454,-3.2409312828933485,-140.0638559620864,-24.600029,28.47039,-0.24532302,37.283096,-5.199508,-15.000033,-5.0950265,-31.523617,-20.903519,37.78717,-17.388102,15.000033,-7.2369084,7.1486683,24.028978,-3.5806997,88.45288,17.92073,-12.771861,-37.775517,5.8958774,-9.863254,-70.08611,-5.8167295,42.256485,-25.47902,4.584363,0.37426293,7.196811
594,21.013072967529297,-3.621490955352783,71.28601837158203,-1.553065434479456,-3.045786544389991,-139.47559509146086,-24.873987,27.813313,-0.39796734,36.753113,-4.577409,-15.000033,-5.0673947,-31.967142,-21.274801,37.89316,-17.417402,15.000033,-6.639402,6.752,23.775927,-12.487431,88.115974,9.138703,-12.195471,-36.86078,5.6671734,-6.492493,-70.839355,-5.6415896,41.962772,-24.98508,4.4786754,0.5593891,6.9183326
595,21.015968322753906,-3.4955785274505615,71.34282684326172,-1.208591800419742,-2.911475491390281,-139.0562199662884,-25.007807,27.24507,-0.36928973,36.297207,-4.0106416,-15.000033,-5.178254,-32.39241,-21.328197,38.090485,-17.455442,15.000033,-5.782821,6.306565,23.564955,-19.8683,87.19526,1.7884722,-11.664958,-35.568466,5.7715354,-2.7937362,-71.38239,-5.6974072,41.703274,-24.723007,4.4649434,0.78447944,6.4391932
596,21.011383056640625,-3.3717706203460693,71.38651275634766,-0.8285534469437472,-2.813406161359918,-138.70390924774708,-25.047747,26.704052,-0.2592081,35.833973,-3.4862049,-15.000033,-5.3972673,-32.80564,-21.086853,38.396347,-17.523235,15.000033,-4.7834973,5.8063188,23.359314,-25.592144,85.83702,-3.8879604,-11.522338,-33.672523,6.7481904,0.34864154,-71.7242,-5.98892,41.444786,-24.65041,4.3468146,1.0484152,5.8468328
597,21.00437355041504,-3.24312162399292,71.40745544433594,-0.3861884227126421,-2.7685818379703027,-138.4706463559807,-24.910212,26.195713,0.0020478484,35.311584,-2.9757743,-15.000033,-5.7623606,-33.22907,-20.493807,38.83075,-17.598207,15.000033,-3.5854316,5.280596,23.161285,-29.569506,84.11458,-7.7099905,-11.862684,-30.828413,9.114404,2.6761935,-71.87649,-6.5245028,41.26583,-24.710594,4.1214485,1.3631885,5.0235925
598,20.998098373413086,-3.1015803813934326,71.40345001220703,0.11359379132738814,-2.7799029666125503,-138.38541644826827,-24.611744,25.741642,0.4293991,34.782906,-2.497134,-15.000033,-6.281893,-33.645863,-19.548128,39.374165,-17.679403,15.000033,-2.1594906,4.792404,22.99748,-31.748095,82.08066,-9.668105,-12.594376,-27.244493,12.52272,4.4969835,-71.86373,-7.302772,41.207928,-24.895113,3.8879237,1.7277056,3.9654176
599,20.991477966308594,-2.95306134223938,71.37002563476562,0.6108631993593586,-2.8033160680420375,-138.31108671859525,-24.334364,25.30923,0.8506408,34.316216,-2.1008353,-15.000033,-6.8738484,-34.006466,-18.375984,39.987915,-17.80744,15.000033,-0.67466754,4.3919506,22.869268,-32.257866,79.76909,-9.996928,-13.814558,-23.481022,16.134348,5.840385,-71.73576,-8.297991,41.18259,-25.203688,3.5989177,2.1236012,2.9323802
600,20.974010467529297,-2.7983438968658447,71.3017578125,1.0451586570292282,-2.797651981753152,-138.10894097651843,-24.254572,24.87054,1.0958525,33.98265,-1.8399628,-15.000033,-7.4458766,-34.26726,-17.112411,40.63259,-18.020903,15.000033,0.7003985,4.093715,22.767681,-31.38969,77.19352,-9.105068,-15.574238,-20.121958,19.07403,6.918055,-71.53672,-9.468882,41.075825,-25.631735,3.1962566,2.5321863,2.190695
601,20.948772430419922,-2.641737699508667,71.19840240478516,1.4060164108995474,-2.751736892395314,-137.77963459932576,-24.389784,24.427666,1.1428863,33.790066,-1.7109922,-15.000033,-8.039435,-34.374706,-15.627426,41.330093,-18.321358,15.000033,1.9695759,3.869529,22.65421,-29.55063,74.33296,-7.3296423,-17.864706,-17.283781,21.239004,7.803303,-71.27723,-10.794245,40.83719,-26.145458,2.6054964,2.9544437,1.8205557
602,20.917905807495117,-2.485365152359009,71.05854797363281,1.7230833591666663,-2.69086735020616,-137.3829500427577,-24.64919,23.99105,1.0775797,33.709145,-1.6992372,-15.000033,-8.668091,-34.36104,-13.916558,42.096752,-18.69501,15.000033,3.204197,3.7097967,22.535883,-27.06277,71.17685,-4.971437,-20.647757,-14.637021,23.001022,8.471151,-70.94703,-12.263023,40.52035,-26.718021,1.8667331,3.3970366,1.6845337
603,20.87635612487793,-2.3335518836975098,70.88589477539062,1.9960643446141804,-2.629785957943737,-136.8708823000606,-25.03665,23.548492,0.8991115,33.74767,-1.8349712,-15.000033,-9.205001,-34.317425,-12.291367,42.890934,-19.164026,15.000033,4.3483763,3.6213026,22.461033,-24.114656,67.74344,-2.4557261,-23.89617,-12.171623,24.210928,9.136579,-70.53408,-13.841694,40.12868,-27.369291,1.08234,3.848759,1.7270366
604,20.83528709411621,-2.1925737857818604,70.67807006835938,2.225864463695454,-2.581722894935807,-136.19729721781638,-25.556396,23.088533,0.60847837,33.9149,-2.1436102,-15.000033,-9.533431,-34.346226,-11.052821,43.664875,-19.746275,15.000033,5.35769,3.5958695,22.467787,-20.833696,64.071556,-0.2070762,-27.557318,-9.908016,24.728289,10.026057,-70.027214,-15.484883,39.637096,-28.10849,0.35626358,4.2962584,1.8970782
605,20.784809112548828,-2.0607106685638428,70.43698120117188,2.4179356779005796,-2.546731417192563,-135.3123080749864,-26.196177,22.538973,0.12544243,34.167873,-2.702931,-15.000033,-9.625405,-34.482464,-10.243859,44.427635,-20.462011,15.000033,6.220182,3.5809684,22.54279,-17.233746,60.156944,1.5326706,-31.617525,-8.000162,24.201818,11.47246,-69.40059,-17.171043,38.925552,-28.934214,-0.3195897,4.7694745,2.3379314
606,20.726181030273438,-1.943583369255066,70.1585922241211,2.570948503259588,-2.519634046203383,-134.25497893227583,-26.952545,21.924025,-0.5171083,34.531876,-3.47837,-15.000033,-9.5422535,-34.674892,-9.712574,45.196354,-21.297276,15.000033,6.981247,3.5670328,22.664194,-13.460646,55.99259,2.702744,-36.029568,-6.343471,22.81043,13.329129,-68.64109,-18.897102,37.98909,-29.832062,-1.005872,5.258385,3.0375688
607,20.669084548950195,-1.8436787128448486,69.85415649414062,2.674944239004073,-2.5033939828851124,-133.1121246617669,-27.84724,21.37537,-1.1491189,35.108364,-4.318696,-15.000033,-9.31417,-34.89674,-9.467517,45.936443,-22.219059,15.000033,7.663769,3.6022894,22.863853,-9.705372,51.649616,3.2517817,-40.677437,-4.6037574,21.204685,15.068117,-67.77474,-20.638771,36.96789,-30.795809,-1.661427,5.6988454,3.7074683
608,20.6216983795166,-1.7474945783615112,69.5270767211914,2.7201031473708066,-2.499338528868854,-131.96853923531353,-28.909727,21.027681,-1.6056885,35.988827,-5.0687814,-15.000033,-8.974081,-35.12596,-9.513922,46.618607,-23.197693,15.000033,8.2748575,3.725321,23.16929,-6.1436076,47.256042,3.1872213,-45.395164,-2.5662034,20.019678,16.158955,-66.83787,-22.347847,36.010086,-31.814716,-2.2481523,6.0321455,4.054672
609,20.586681365966797,-1.6475828886032104,69.17967987060547,2.6997791427300006,-2.512512152285129,-130.70962724063634,-30.236242,20.82936,-1.9528222,37.219948,-5.6771817,-15.000033,-8.353679,-35.394363,-10.067228,47.154644,-24.314077,15.000033,8.735054,3.910985,23.582373,-2.6026235,42.898823,2.447751,-50.22004,-0.32163653,19.378206,16.448837,-65.87435,-23.991253,35.074577,-32.84448,-2.7840478,6.2301197,4.0037293
610,20.539047241210938,-1.5448601245880127,68.81476593017578,2.6209886681869863,-2.541671490451798,-129.3362064484119,-31.777893,20.734547,-2.251203,38.731403,-6.224224,-15.000033,-7.4892755,-35.688797,-11.05036,47.591125,-25.559137,15.000033,9.047023,4.141669,24.07048,0.86446387,38.647552,0.9836727,-55.015358,1.9840097,18.904764,16.186474,-64.85644,-25.542374,34.11334,-33.871834,-3.2829895,6.332499,3.7064366
611,20.50882911682129,-1.4592143297195435,68.42794799804688,2.490483072313396,-2.578323642843435,-128.10818391455422,-33.35255,20.90159,-2.3410542,40.430447,-6.75346,-15.000033,-6.7274876,-35.938103,-12.022201,48.09894,-26.762121,15.000033,9.334576,4.451468,24.588005,3.7730927,34.617355,-1.0349593,-59.27958,4.3760056,18.480566,15.490461,-63.753357,-26.947527,33.267273,-34.886578,-3.6843734,6.384796,3.2130718
612,20.510391235351562,-1.3850369453430176,68.03931427001953,2.3261440612600173,-2.622382314308361,-127.28914753811976,-34.762203,21.495378,-2.0645788,42.216457,-7.3092623,-15.000033,-6.4225407,-36.108498,-12.56126,48.855797,-27.73777,15.000033,9.971038,4.8273706,24.659472,3.5039554,31.066519,-4.154546,-60.000134,6.6224813,17.82884,14.70147,-62.202938,-28.004324,32.537144,-35.639088,-3.9804454,6.40615,2.6180868
613,20.550310134887695,-1.3355547189712524,67.65597534179688,2.0721910316902306,-2.663083740357829,-126.94682160442397,-36.039497,22.710886,-1.353624,44.193974,-8.073882,-15.000033,-6.6858945,-36.144413,-12.58852,49.967808,-28.43907,15.000033,10.826889,5.349015,24.740469,2.7323697,27.294716,-7.1367764,-60.000134,9.060384,17.137697,13.405978,-60.525055,-28.941074,31.992624,-36.496803,-4.1318784,6.449016,1.834206
614,20.624765396118164,-1.3105062246322632,67.28784942626953,1.740665497555099,-2.71352777373846,-126.95800898175571,-37.225533,24.449034,-0.33279538,46.358036,-8.985531,-15.000033,-7.323606,-36.0806,-12.316879,51.32044,-28.95651,15.000033,11.752842,5.87338,24.935608,2.1578014,23.621672,-9.774556,-60.000134,11.537066,16.472742,11.787954,-58.858887,-29.59598,31.590002,-37.40479,-4.213563,6.4893756,0.8623241
615,20.735137939453125,-1.3158572912216187,66.94784545898438,1.4203297656018044,-2.782197784992233,-127.28874207497289,-38.192184,26.456688,0.86737233,48.482006,-9.718125,-15.000033,-8.22774,-35.951996,-11.728842,52.724407,-29.352524,15.000033,12.61945,6.4532065,25.235716,1.6320467,20.216814,-11.908232,-60.000134,14.151751,15.824592,10.3504505,-57.335056,-29.948164,31.526146,-38.12836,-4.1715555,6.493961,-0.15907677
616,20.855894088745117,-1.3544747829437256,66.63729858398438,1.1987787708439188,-2.863131528328326,-127.88964203345404,-38.847214,28.450966,2.1393936,50.354435,-9.923225,-15.000033,-9.305612,-35.80022,-10.813885,54.006245,-29.690247,15.000033,13.308574,7.072041,25.631268,0.94684166,17.39184,-13.37479,-60.000134,16.946281,15.232935,9.662567,-55.982456,-29.981903,31.948713,-38.52456,-3.9870288,6.4244533,-1.0881413
617,20.979225158691406,-1.4174724817276,66.34935760498047,1.1490113066635483,-2.9219126140525296,-128.89109124142996,-39.056503,30.484587,3.7533953,51.87064,-9.199256,-15.000033,-10.727621,-35.64885,-9.379195,55.167168,-29.933893,15.000033,13.895408,7.6207957,26.14331,-0.06887572,15.411822,-14.34375,-60.000134,20.094357,14.609388,10.377683,-54.694386,-29.658165,32.920547,-38.64072,-3.487716,6.2313967,-1.9293126
618,21.113555908203125,-1.4980961084365845,66.07056427001953,1.2062549616910097,-2.961249262016559,-130.26049232000597,-38.89084,32.66004,5.7151756,53.18642,-7.817868,-15.000033,-12.475276,-35.44233,-7.509577,56.29016,-30.0673,15.000033,14.425497,8.037029,26.760345,-1.3620601,14.321386,-14.898763,-60.000134,23.450346,14.052219,12.157602,-53.367348,-28.973774,34.295662,-38.60998,-2.7819746,5.935002,-2.708511
619,21.250469207763672,-1.586226224899292,65.78923797607422,1.2528712299367526,-3.0234967542428026,-131.69393966394713,-38.611134,34.738373,7.5187297,54.4504,-6.422807,-15.000033,-14.1778,-35.142498,-5.6148705,57.322224,-30.181313,15.000033,14.742799,8.38048,27.418543,-2.828842,14.072311,-14.757352,-60.000134,26.583895,13.83345,14.0329275,-52.0325,-28.002436,35.877033,-38.412113,-2.236813,5.605433,-3.3248575
620,21.389144897460938,-1.6754838228225708,65.50369262695312,1.179044832587095,-3.1569415679454136,-132.89100157104403,-38.52522,36.468575,8.615825,55.7932,-5.662542,-15.000033,-15.476766,-34.754047,-4.092477,58.212635,-30.365786,15.000033,14.702651,8.733107,28.064962,-4.357451,14.5637455,-13.641102,-60.000134,29.074034,14.113582,14.983023,-50.741444,-26.852057,37.444595,-38.04934,-2.1880794,5.325359,-3.705946
621,21.528343200683594,-1.7527647018432617,65.2082290649414,0.9818916613830376,-3.399210970561182,-133.87378010950457,-38.69215,37.76681,8.808921,57.26652,-5.8199773,-15.000033,-16.334856,-34.267887,-2.921193,58.91824,-30.650707,15.000033,14.605414,9.474908,28.67888,-6.184399,15.300657,-11.753495,-60.000134,31.219414,14.888364,14.34277,-49.085167,-26.161703,38.753963,-37.87594,-2.7289612,5.1833034,-3.8510535
622,21.67701530456543,-1.8343034982681274,64.90280151367188,0.737016811936655,-3.7160605723791886,-134.7614554985389,-38.98162,38.722813,8.424025,58.77594,-6.5064716,-15.000033,-16.939087,-33.73239,-1.9157685,59.487972,-30.99288,15.000033,14.069985,9.917004,29.179564,-8.714211,17.360918,-8.566333,-59.2649,32.503246,15.986978,13.308259,-47.602585,-24.758179,40.33984,-37.230198,-3.728253,5.0951757,-3.9128487
623,21.834070205688477,-1.9201871156692505,64.59626770019531,0.40285914094401115,-4.0503401806115615,-135.40622836573877,-39.491325,39.39363,7.59865,60.24676,-7.378581,-15.000033,-17.25569,-33.212307,-1.2507031,59.975384,-31.35388,15.000033,13.480672,10.417008,29.512371,-11.875592,19.972273,-5.4521,-57.73128,33.498222,17.348225,11.8836355,-45.973087,-23.33681,41.65257,-36.4429,-4.933301,4.9448714,-3.7239141
624,21.984514236450195,-2.0019924640655518,64.29600524902344,-0.054751068590141845,-4.344799209639866,-135.6616890248736,-40.308865,39.84829,6.4719715,61.595306,-8.079184,-15.000033,-17.270197,-32.77118,-1.0809109,60.449383,-31.700006,15.000033,12.692065,10.874024,29.713408,-15.502589,23.004978,-2.805639,-55.33229,34.14761,18.857986,10.4274645,-44.303925,-21.981627,42.671707,-35.65968,-6.1148357,4.5967574,-3.3228147
625,22.12581443786621,-2.0886101722717285,64.0055160522461,-0.7076584147384356,-4.594298916969084,-135.45517835628183,-41.52807,40.094807,4.943202,62.82116,-8.567451,-15.000033,-16.906605,-32.396797,-1.5245527,60.88447,-31.99617,15.000033,11.66031,11.384854,29.745619,-19.779331,26.397146,-0.65858513,-51.9776,34.398823,20.62505,8.709598,-42.513622,-20.79731,43.290592,-34.931736,-7.3433485,3.9070165,-2.570848
626,22.250978469848633,-2.1735281944274902,63.72581100463867,-1.5212023579879066,-4.818372544760857,-134.87592050012097,-43.076935,40.08302,2.9833817,63.96971,-9.016163,-15.000033,-16.210047,-32.05893,-2.4540286,61.2612,-32.26986,15.000033,10.512839,11.9860115,29.618916,-24.946625,30.175203,0.87969786,-47.6277,34.374336,22.654581,6.6031065,-40.466312,-19.85349,43.518917,-34.367706,-8.668268,2.9679415,-1.5528157
627,22.36525535583496,-2.253039836883545,63.46316909790039,-2.37808460198413,-5.002870153749941,-134.01955424943077,-44.790234,39.798576,0.8279777,65.03388,-9.407187,-15.000033,-15.311593,-31.802988,-3.6859324,61.61514,-32.560467,15.000033,9.4543085,12.462557,29.397726,-31.175406,34.26671,1.1274153,-42.029575,34.231384,24.711407,4.6587863,-38.11356,-19.158514,43.38438,-34.20235,-9.832865,2.0133886,-0.56727105
628,22.452600479125977,-2.3246045112609863,63.211143493652344,-3.1581541708933765,-5.133816459948854,-132.9828588883887,-46.495613,39.2408,-1.2833762,66.00301,-9.721953,-15.000033,-14.334755,-31.68242,-5.0457187,61.981785,-32.907913,15.000033,8.654289,12.565782,29.168049,-38.728508,38.479866,-0.6224147,-34.91806,34.011616,26.554798,3.44986,-35.447765,-18.671963,42.94303,-34.654625,-10.598225,1.2912503,0.11571407
629,22.504789352416992,-2.3855066299438477,62.961612701416016,-3.870741675784544,-5.204711721404911,-131.71942398855552,-48.200752,38.362858,-3.3738554,66.865105,-9.949242,-15.000033,-13.228123,-31.706413,-6.597414,62.34718,-33.322777,15.000033,7.993101,12.190267,29.036322,-47.827877,42.598396,-4.606869,-26.264288,33.56964,28.12653,3.2483892,-32.422764,-18.370815,42.27267,-35.78598,-10.649926,0.86504585,0.42491135
630,22.530786514282227,-2.43735933303833,62.716312408447266,-4.566688049126521,-5.21171166546101,-130.2008614766422,-49.939762,37.170856,-5.5023355,67.63449,-10.099511,-15.000033,-11.93713,-31.83691,-8.408974,62.69743,-33.780907,15.000033,7.2021346,11.393726,29.137602,-58.052494,46.37399,-10.399856,-16.800001,32.67416,29.514318,3.7434464,-29.215641,-18.239029,41.507793,-37.574688,-10.147591,0.6099782,0.5322701
631,22.536724090576172,-2.480494976043701,62.46485900878906,-5.193114415449681,-5.158250888423371,-128.55119836778,-51.601486,35.770172,-7.5027275,68.33596,-10.187453,-15.000033,-10.576529,-32.059715,-10.318311,63.06394,-34.27529,15.000033,6.1409574,10.364118,29.566484,-68.09183,49.52048,-17.03476,-7.6503425,31.349232,30.622686,4.4954,-26.324488,-18.184872,40.984966,-39.78521,-9.701396,0.5072419,0.51839745
632,22.509267807006836,-2.5215654373168945,62.20900344848633,-5.697816471035242,-4.939627343853633,-126.90933621441881,-53.232513,34.277687,-9.2397175,68.98434,-10.205737,-15.000033,-9.415654,-32.368046,-12.149299,63.505703,-34.794712,15.000033,4.85894,9.396353,29.793802,-76.42969,51.87733,-23.473412,0.5479768,29.851057,31.365278,5.064479,-24.110268,-18.082876,40.87457,-41.81583,-9.801508,0.5346784,0.4515749
633,22.463375091552734,-2.568544626235962,61.9502067565918,-6.057100134961483,-4.581582048882839,-125.27750646332255,-54.806023,32.699886,-10.690292,69.5741,-10.14882,-15.000033,-8.433583,-32.797672,-13.889863,64.021736,-35.367805,15.000033,3.4776657,8.656731,29.793802,-83.101845,53.49038,-29.753191,8.676121,28.490498,31.66084,5.386151,-22.569576,-17.806894,41.093395,-43.442772,-10.95388,0.69816315,0.4378245
634,22.390409469604492,-2.6182169914245605,61.70170211791992,-6.289614369631283,-4.185942305811558,-123.588137506232,-56.246155,30.999748,-11.913061,70.09432,-10.029059,-15.000033,-7.4390593,-33.35199,-15.629025,64.58304,-35.998436,15.000033,2.0808861,8.091118,29.793802,-88.77756,54.51032,-35.977913,17.009716,27.33805,31.623232,5.579384,-21.666557,-17.357182,41.383553,-44.70311,-12.812538,1.0203528,0.46615952
635,22.293888092041016,-2.676478147506714,61.45631790161133,-6.398813529095472,-3.8350408355080985,-121.86917627223258,-57.46082,29.236647,-12.903923,70.55273,-9.878854,-15.000033,-6.365417,-34.005768,-17.336487,65.20143,-36.64533,15.000033,0.8071254,7.610763,29.793802,-93.31769,54.990845,-41.369423,24.400057,26.41289,31.519022,5.545996,-21.512308,-16.761051,41.59835,-45.596603,-14.835667,1.518098,0.4090832
636,22.183368682861328,-2.7378735542297363,61.21993637084961,-6.401455241347174,-3.6087291427576615,-120.14722834054061,-58.374577,27.469149,-13.673456,70.96014,-9.731437,-15.000033,-5.150179,-34.72954,-18.989326,65.879845,-37.25101,15.000033,-0.22302602,7.171173,29.793802,-96.67839,55.003113,-45.241947,29.826786,25.554005,31.54092,5.1716223,-22.260332,-16.068134,41.60738,-46.08849,-16.466614,2.220038,0.12395919
637,22.052997589111328,-2.794250011444092,60.99587631225586,-6.2938188084326745,-3.5264178373686654,-118.41268540574231,-58.983345,25.699791,-14.220859,71.309654,-9.579654,-15.000033,-3.7612739,-35.549465,-20.611927,66.6222,-37.83818,15.000033,-1.0074631,6.7218533,29.793802,-98.855804,54.609646,-47.58454,33.361908,24.690771,31.76115,4.0052466,-23.941715,-15.2935095,41.4495,-46.406982,-17.657629,3.1811388,-0.38132766
638,21.907676696777344,-2.8556888103485107,60.78363800048828,-6.080903983347147,-3.551107054319824,-116.65344806953956,-59.358997,23.911983,-14.574404,71.59634,-9.409775,-15.000033,-2.226533,-36.46867,-22.217754,67.42143,-38.42308,15.000033,-1.5673639,6.254241,29.793802,-100.09218,53.875355,-48.920044,35.766926,23.831024,32.06814,2.2849438,-26.404755,-14.43919,41.11909,-46.60968,-18.64411,4.3737936,-1.0533805
639,21.74605941772461,-2.920651912689209,60.5806884765625,-5.792856075178076,-3.6600098652610833,-114.89572056439943,-59.554764,22.13144,-14.791019,71.834564,-9.242634,-15.000033,-0.5944272,-37.417213,-23.751348,68.26384,-38.96712,15.000033,-1.8910825,5.7544494,29.793802,-100.43122,52.838062,-49.19967,36.97411,23.034304,32.321705,0.93198717,-29.571575,-13.542627,40.50741,-46.408585,-19.286137,5.700058,-1.9956132
640,21.569385528564453,-2.9903502464294434,60.3912467956543,-5.456246902341525,-3.8240634926984547,-113.16693928202719,-59.621758,20.3826,-14.921524,72.03795,-9.098551,-15.000033,1.071276,-38.324055,-25.150408,69.13437,-39.432564,15.000033,-1.977342,5.232536,29.793802,-99.85173,51.52616,-48.26103,36.804,22.361076,32.358814,0.86365694,-33.353466,-12.676331,39.55918,-45.537006,-19.488434,7.058488,-3.323782
641,21.38237190246582,-3.068718671798706,60.2125244140625,-5.067331679420482,-4.055584467994776,-111.48333826970018,-59.54379,18.67714,-14.968137,72.202545,-8.991378,-15.000033,2.7472746,-39.179207,-26.362764,70.03274,-39.803967,15.000033,-1.8457595,4.660974,29.793802,-98.22082,49.910343,-45.590412,34.738506,21.594282,32.05664,2.8014574,-38.015038,-11.934371,38.159622,-44.060165,-18.985752,8.493486,-5.173347
642,21.18151092529297,-3.1559183597564697,60.042388916015625,-4.61714649989115,-4.35148920051898,-109.83159263411301,-59.335304,16.997637,-14.917608,72.32055,-8.903462,-15.000033,4.4372196,-40.032356,-27.424908,70.96395,-40.092575,15.000033,-1.4941893,4.066217,29.793802,-95.74886,47.93415,-41.450993,30.943026,20.750637,31.51896,6.118253,-43.342064,-11.35424,36.570366,-42.24805,-18.049337,9.985122,-7.5102444
643,20.9632568359375,-3.2471351623535156,59.8726692199707,-4.113307274358746,-4.678844649504238,-108.19188125577631,-59.061626,15.326511,-14.787273,72.401794,-8.813749,-15.000033,6.13804,-40.88664,-28.393248,71.923965,-40.336967,15.000033,-0.99389416,3.4499161,29.793802,-92.939926,45.62741,-36.90182,26.366919,20.248964,30.946182,9.71931,-49.138985,-11.010977,34.79748,-39.796215,-16.660135,11.320685,-10.129212
644,20.732309341430664,-3.3486034870147705,59.700340270996094,-3.563969028198297,-4.999685449641957,-106.54440936045462,-58.791656,13.6473255,-14.592741,72.456474,-8.700616,-15.000033,7.845875,-41.749138,-29.33466,72.90938,-40.556263,15.000033,-0.38900003,2.8206646,29.793802,-90.09731,43.092304,-32.934544,21.892664,20.487202,30.561537,12.503266,-55.09733,-10.9866495,32.946117,-36.477604,-14.963203,12.302326,-12.826133
645,20.491153717041016,-3.4566104412078857,59.520626068115234,-2.9541796076995106,-5.315269599066782,-104.87100107782133,-58.524384,11.932474,-14.325787,72.47778,-8.556447,-15.000033,9.558067,-42.642918,-30.239489,73.96201,-40.7383,15.000033,0.2887086,2.170827,29.793802,-86.96503,40.38642,-29.567938,17.35404,21.830925,30.416529,14.249136,-61.31349,-11.375817,31.085487,-32.255592,-12.895036,12.764076,-15.971341
646,20.246150970458984,-3.5672719478607178,59.33769989013672,-2.282194770710016,-5.6308665001317735,-103.18976400017812,-58.2496,10.199377,-13.983549,72.45633,-8.388948,-15.000033,11.256699,-43.558083,-31.074617,75.07026,-40.879154,15.000033,1.0690823,1.514143,29.793802,-83.347855,37.499146,-26.327656,12.160376,23.956823,30.45063,15.525683,-67.748116,-12.250056,29.32753,-27.434963,-10.47098,12.7485,-19.550707
647,19.995269775390625,-3.686234712600708,59.15056610107422,-1.5857755798656525,-5.914331064746974,-101.5341114175113,-58.015877,8.502335,-13.58602,72.39792,-8.2005625,-15.000033,12.915218,-44.44334,-31.874903,76.15537,-41.010704,15.000033,1.9799528,0.9033466,29.793802,-79.44776,34.466354,-23.374296,6.5810933,26.24314,30.654768,16.37964,-73.97206,-13.617681,27.826992,-22.206055,-7.932501,12.465983,-22.781187
648,19.74779510498047,-3.8135464191436768,58.95949172973633,-0.8980084412065898,-6.137219897095023,-99.93624229899521,-57.862278,6.8979173,-13.152414,72.31219,-7.9972863,-15.000033,14.513437,-45.246254,-32.681625,77.13842,-41.15908,15.000033,3.0554397,0.36931586,29.793802,-75.46602,31.365114,-20.893353,0.94286036,28.048206,30.983625,16.864122,-79.63897,-15.421593,26.664803,-16.63706,-5.477237,12.238003,-24.888071
649,19.505096435546875,-3.9523606300354004,58.7679443359375,-0.18329596901298803,-6.2947326629505165,-98.36231124303318,-57.785206,5.3528438,-12.640162,72.18414,-7.7669115,-15.000033,16.060421,-46.00727,-33.505226,78.060326,-41.324776,15.000033,4.2490234,-0.10890895,29.793802,-71.143196,28.262287,-18.871885,-4.991692,29.75329,31.669788,16.377607,-84.91104,-17.613745,25.78958,-10.444472,-3.586909,12.404719,-25.615759
650,19.253704071044922,-4.095392227172852,58.57805633544922,0.558422144064965,-6.3954643527881165,-96.80823416894137,-57.775715,3.8587906,-12.057683,72.01414,-7.511868,-15.000033,17.54813,-46.728058,-34.32487,78.943794,-41.49338,15.000033,5.525624,-0.52833354,29.793802,-66.21551,25.176584,-17.27748,-11.488686,31.51655,32.566444,15.050888,-90.025894,-20.1488,25.298927,-3.6084592,-1.9560447,12.823385,-25.436312
651,19.00271987915039,-4.250614166259766,58.39723205566406,1.2392033078226343,-6.432244999331413,-95.34862693361636,-57.84993,2.5091531,-11.498284,71.84113,-7.263682,-15.000033,18.927183,-47.298225,-35.131386,79.6919,-41.66612,15.000033,6.944774,-0.8474368,29.793802,-60.954727,22.134584,-16.278574,-18.087227,32.306877,33.106865,14.120932,-94.78614,-22.901684,25.35845,3.5278332,0.4103612,13.146857,-24.618284
652,18.76219940185547,-4.413969993591309,58.23265838623047,1.7685675720017102,-6.401698709221932,-94.05693710491872,-58.01256,1.394963,-11.053973,71.7116,-7.058919,-15.000033,20.154196,-47.613327,-35.917606,80.2023,-41.83882,15.000033,8.5321045,-1.0505397,29.793802,-55.69741,19.201002,-15.99488,-24.198248,31.074778,32.77281,14.859276,-99.01456,-25.71478,26.022785,10.728676,4.5321627,13.0463,-23.331068
653,18.532102584838867,-4.585721969604492,58.091915130615234,2.143667508044117,-6.276174224546807,-92.93176948134457,-58.274616,0.530984,-10.719843,71.62518,-6.894731,-15.000033,21.210293,-47.64079,-36.70601,80.44113,-42.015247,15.000033,10.252109,-1.1774929,29.793802,-50.390766,16.486023,-16.445404,-29.733534,27.342825,31.401577,17.593431,-102.837906,-28.462774,27.075333,18.628105,11.827621,12.356084,-20.99613
654,18.310157775878906,-4.762434482574463,57.971954345703125,2.4026972931105304,-6.066747529698448,-91.93710063616668,-58.617638,-0.13040829,-10.456205,71.57147,-6.762335,-15.000033,22.108315,-47.43551,-37.48153,80.46401,-42.188744,15.000033,11.97741,-1.3090388,29.793802,-44.987576,14.090636,-17.53948,-34.73287,21.98415,29.031096,21.334442,-106.362434,-31.072386,28.447502,27.216755,21.425772,11.696962,-17.495255
655,18.109159469604492,-4.935928821563721,57.8695068359375,2.534443344822482,-5.8351355678623955,-91.09668806569536,-58.986526,-0.59586453,-10.295421,71.585365,-6.6921377,-15.000033,22.862253,-47.032276,-38.171223,80.30331,-42.347958,15.000033,13.568142,-1.500368,29.793802,-39.874775,12.068942,-19.058187,-38.756977,16.012133,25.4622,25.313475,-109.28833,-33.489693,30.325956,35.187714,30.732626,11.645155,-13.892218
656,17.929162979125977,-5.1031012535095215,57.77867889404297,2.5287842892879517,-5.637536488159505,-90.43572707687487,-59.33109,-0.8737388,-10.267052,71.69886,-6.7114716,-15.000033,23.481544,-46.46745,-38.70236,79.99446,-42.486294,15.000033,14.942281,-1.7702308,29.793802,-35.370476,10.407324,-20.74519,-41.482708,10.259558,20.630848,28.94135,-111.4007,-35.68475,32.896152,41.342182,37.128757,12.154113,-11.384929
657,17.77145767211914,-5.26704216003418,57.700557708740234,2.3649189333160994,-5.463990272122386,-89.97825078193259,-59.671165,-0.9365955,-10.391194,71.942184,-6.8333974,-15.000033,23.955418,-45.724762,-39.08179,79.516624,-42.63951,15.000033,16.125238,-2.1299486,29.793802,-31.544008,9.093168,-22.638649,-42.67381,4.158019,13.567491,32.655823,-112.73176,-37.6605,36.74314,45.86324,39.829903,12.924532,-10.44645
658,17.640718460083008,-5.426929473876953,57.640594482421875,2.065772217223117,-5.291504720401736,-89.70610055620887,-60.01462,-0.7970258,-10.638208,72.287,-7.038445,-15.000033,24.28197,-44.80079,-39.33159,78.862465,-42.804638,15.000033,17.129517,-2.5692852,29.793802,-28.275497,8.077625,-24.65064,-42.511665,-2.1748981,4.382959,36.036793,-113.52846,-39.43131,41.579838,49.39664,40.269962,13.721602,-10.419321
659,17.535581588745117,-5.581879138946533,57.60264587402344,1.6765863317299035,-5.152063957697533,-89.57925897967422,-60.29826,-0.5240092,-10.966749,72.67621,-7.3057866,-15.000033,24.502766,-43.772457,-39.43417,78.08441,-42.8921,15.000033,17.925438,-3.0112412,29.793802,-25.38805,7.2641406,-26.413593,-41.574455,-7.568687,-4.825908,38.039967,-113.92924,-41.01421,46.310184,51.622223,39.30118,14.312936,-10.670936
660,17.46564292907715,-5.733609676361084,57.585845947265625,1.2367450599919634,-5.076312484061618,-89.5574054469804,-60.46464,-0.18176578,-11.339852,73.056305,-7.613573,-15.000033,24.657013,-42.710396,-39.37209,77.23607,-42.821514,15.000033,18.503023,-3.3719656,29.793802,-22.674053,6.5809274,-27.601744,-40.489307,-11.275591,-11.699519,38.319893,-113.95449,-42.422726,49.771862,52.1922,37.7722,14.5087385,-10.577749
661,17.423276901245117,-5.878363609313965,57.60251235961914,0.7167162855029278,-5.080146554095748,-89.60715436523492,-60.518227,0.19869009,-11.805761,73.44164,-7.960177,-15.000033,24.804665,-41.558113,-39.183067,76.27117,-42.585392,15.000033,18.831861,-3.580659,29.793802,-19.95809,6.050769,-28.04552,-39.40118,-12.63345,-15.49193,37.06445,-113.518684,-43.696033,51.6703,50.7123,35.039047,14.122089,-9.977475
662,17.41856575012207,-6.0281982421875,57.65802764892578,0.10744995013703762,-5.141662827103352,-89.75550698687834,-60.49146,0.6576022,-12.366348,73.849365,-8.351368,-15.000033,24.913918,-40.303207,-38.86713,75.18462,-42.232,15.000033,18.926329,-3.7079585,29.793802,-17.281456,5.718261,-27.930603,-38.10562,-12.488727,-17.436909,34.958138,-112.50514,-44.873528,52.51686,47.46035,30.968046,13.266441,-9.239667
663,17.447368621826172,-6.171195030212402,57.759159088134766,-0.5205380878860559,-5.236586183948745,-90.05144416700885,-60.367756,1.2391452,-12.918775,74.22492,-8.781255,-15.000033,24.90148,-39.086193,-38.368416,74.08625,-41.759293,15.000033,18.85734,-3.8669834,29.793802,-14.801982,5.558,-27.455599,-36.665985,-12.35318,-18.176668,32.521847,-110.86829,-45.95108,52.374523,43.10003,27.212162,12.234159,-8.511359
664,17.50789451599121,-6.3144659996032715,57.90493392944336,-1.0989243743260542,-5.345185117249486,-90.54557954743426,-60.127827,1.9893625,-13.361699,74.51679,-9.245329,-15.000033,24.68846,-38.040894,-37.63641,73.08919,-41.16353,15.000033,18.729063,-4.1419415,29.793802,-12.756804,5.5172005,-26.794554,-35.07929,-13.784469,-18.202374,30.180357,-108.59974,-46.896496,51.33264,38.339874,25.375248,11.366237,-7.835094
665,17.59025001525879,-6.455687999725342,58.09588623046875,-1.6211621103076694,-5.4745182307724525,-91.2371070473904,-59.75513,2.9153893,-13.681716,74.70113,-9.739463,-15.000033,24.296951,-37.175205,-36.67913,72.18325,-40.415115,15.000033,18.560083,-4.5224805,29.793802,-11.17022,5.54856,-25.877775,-33.263977,-17.195063,-16.794405,27.895266,-105.6796,-47.656796,49.128822,33.05441,26.68574,10.813727,-7.1273007
666,17.690044403076172,-6.589094638824463,58.3282356262207,-2.1220931175895545,-5.636738287119785,-92.10276638608762,-59.267746,3.998664,-13.932176,74.80887,-10.266012,-15.000033,23.771568,-36.417664,-35.528297,71.32261,-39.526775,15.000033,18.327051,-4.94647,29.793802,-9.9987135,5.6478295,-24.60997,-31.187778,-21.564827,-13.853137,25.708622,-102.06443,-48.18739,45.806187,26.897112,30.048038,10.441253,-6.3831453
667,17.80945587158203,-6.717708110809326,58.59010696411133,-2.6038938885826637,-5.817258124411014,-93.16176389187517,-58.697735,5.246713,-14.109785,74.87028,-10.829714,-15.000033,23.061548,-35.779346,-34.17333,70.56577,-38.544518,15.000033,18.096556,-5.4001503,29.793802,-9.368366,5.816861,-23.182812,-28.930983,-26.469997,-10.782095,24.00128,-97.77232,-48.447945,41.980408,20.315865,33.54582,10.130746,-5.7132425
668,17.955299377441406,-6.837811470031738,58.876991271972656,-3.065238448965998,-6.003560075098877,-94.43543302951583,-58.072853,6.6681504,-14.210551,74.917046,-11.438428,-15.000033,22.112928,-35.272884,-32.599014,69.9735,-37.51564,15.000033,17.937094,-5.846954,29.793802,-9.35114,6.0482244,-21.829771,-26.614449,-31.685946,-9.035769,22.848175,-92.889824,-48.406406,38.3334,13.835968,35.2424,9.699013,-5.2087684
669,18.126184463500977,-6.957508087158203,59.18751907348633,-3.4964070038087995,-6.1897690526826565,-95.97858948407915,-57.383537,8.315865,-14.20481,74.945015,-12.108718,-15.000033,20.858416,-34.926773,-30.742086,69.5785,-36.42056,15.000033,17.92262,-6.273745,29.793802,-10.084303,6.3006043,-20.702244,-23.976847,-38.136425,-9.299619,22.170893,-87.3341,-47.9896,34.973743,7.3951263,34.219738,9.024593,-5.0531263
670,18.334630966186523,-7.0815324783325195,59.51190185546875,-3.901164286845788,-6.388250540237897,-97.76636295279864,-56.6144,10.173094,-14.098339,74.93838,-12.831007,-15.000033,19.335787,-34.69745,-28.614231,69.341705,-35.241604,15.000033,17.998724,-6.651447,29.793802,-11.482822,6.5406656,-19.678951,-21.061163,-45.784496,-10.763719,21.627636,-81.25318,-47.12342,31.835209,0.80246544,31.62861,8.178425,-5.209816
671,18.565977096557617,-7.201500415802002,59.8494873046875,-4.3006981833892555,-6.615670855314319,-99.70254882562526,-55.777943,12.144767,-13.9387045,74.91453,-13.579732,-15.000033,17.650509,-34.494797,-26.324211,69.2091,-33.998062,15.000033,18.001114,-6.941121,29.793802,-13.221712,6.790569,-18.554638,-18.496794,-52.958107,-12.585344,20.842836,-75.10015,-45.83087,29.305346,-5.538281,28.596937,7.2553654,-5.3816934
672,18.823184967041016,-7.333930492401123,60.20021438598633,-4.717109668266947,-6.888539851347866,-101.69143695960105,-54.88804,14.13818,-13.775392,74.89206,-14.328521,-15.000033,15.91371,-34.23044,-23.97962,69.13149,-32.73311,15.000033,17.76867,-7.1261077,29.793802,-14.979786,7.1104484,-17.104692,-16.903576,-57.895985,-13.902696,19.766108,-69.25397,-44.22106,27.650438,-11.219327,26.268145,6.3271093,-5.2052655
673,19.09538459777832,-7.470492839813232,60.54549789428711,-5.149751353948988,-7.228853710602316,-103.75092436841129,-53.90559,16.159508,-13.609886,74.87616,-15.099997,-15.000033,14.089529,-33.89062,-21.479404,69.1539,-31.409231,15.000033,17.339712,-7.2045636,29.793802,-16.722773,7.5456896,-15.32943,-16.423132,-59.71982,-14.665095,18.590063,-63.56769,-42.36187,26.881105,-16.264517,24.884775,5.391324,-4.415318
674,19.382837295532227,-7.587215423583984,60.881065368652344,-5.588185723042532,-7.624277001473666,-105.92200134186744,-52.827835,18.256063,-13.4087925,74.85459,-15.90057,-15.000033,12.140254,-33.487812,-18.799152,69.283775,-30.018778,15.000033,16.760725,-7.218,29.793802,-18.54821,8.11235,-13.3090925,-16.772354,-59.502296,-15.34365,17.382631,-57.900227,-40.30246,26.928415,-20.894306,23.830616,4.4105844,-3.2040136
675,19.679336547851562,-7.704879283905029,61.21372604370117,-6.035389178766535,-8.037035725684964,-108.14360478857657,-51.7316,20.395853,-13.177178,74.827065,-16.67744,-15.000033,10.171234,-33.009876,-16.183895,69.42101,-28.628283,15.000033,15.972745,-7.210785,29.793802,-20.384144,8.842913,-11.009439,-17.871813,-58.373684,-15.886754,16.081377,-52.612686,-38.17881,27.74916,-24.859339,23.009394,3.4075973,-1.823659
676,19.977008819580078,-7.825075626373291,61.536808013916016,-6.49783369240733,-8.428571112621833,-110.35241638445073,-50.695995,22.542963,-12.926293,74.79014,-17.37963,-15.000033,8.287976,-32.467884,-13.884177,69.46155,-27.319466,15.000033,14.962048,-7.206579,29.793802,-22.1873,9.766066,-8.437989,-19.617052,-57.485226,-16.19745,14.599446,-48.009144,-36.15726,29.16881,-27.903143,22.375278,2.4155955,-0.5438843
677,20.27948760986328,-7.9347381591796875,61.83866882324219,-6.961450539052819,-8.811765396265619,-112.61920655991196,-49.675316,24.756899,-12.596709,74.728485,-18.004862,-15.000033,6.385213,-31.888166,-11.81294,69.44186,-26.124638,15.000033,13.834449,-7.2013206,29.793802,-23.978477,10.87501,-5.532541,-22.203974,-56.918297,-16.12222,12.695127,-43.98757,-34.360912,31.172428,-29.98831,22.195782,1.3876066,0.50473833
678,20.58134651184082,-8.039297103881836,62.11982345581055,-7.428985501466724,-9.169907923526852,-114.95568264532045,-48.67796,27.035568,-12.201912,74.6475,-18.569279,-15.000033,4.4112887,-31.267439,-9.89155,69.40128,-25.002155,15.000033,12.652679,-7.1367927,29.65027,-25.780502,12.132574,-2.4169116,-25.439598,-56.16381,-15.800148,10.471564,-40.32688,-32.804478,33.70136,-31.160227,22.522844,0.33399737,1.4821132
679,20.882949829101562,-8.136061668395996,62.37739181518555,-7.932487018660412,-9.479324592099763,-117.19893035574329,-47.802467,29.24343,-11.866064,74.575356,-19.061188,-15.000033,2.620603,-30.624132,-8.388617,69.22623,-23.9312,15.000033,11.353805,-6.9539275,29.426628,-27.600773,13.531739,0.6465178,-28.841616,-55.4708,-15.492867,8.367907,-37.1351,-31.462673,36.34293,-31.44499,22.939419,-0.61915684,2.5188081
680,21.16303825378418,-8.22137451171875,62.606929779052734,-8.511991428304366,-9.682155789695653,-119.18861837848357,-47.212715,31.249207,-11.7420845,74.53843,-19.46356,-15.000033,1.2121003,-29.985458,-7.5636563,68.811134,-22.893965,15.000033,9.8758545,-6.6164055,29.078146,-29.471537,15.085554,3.359912,-31.853771,-55.105732,-15.435979,6.8344464,-34.352505,-30.29757,38.648205,-30.950611,23.035448,-1.3637922,3.7433178
681,21.435070037841797,-8.297980308532715,62.809669494628906,-9.223758419688464,-9.772435550245781,-120.95639751078978,-46.98141,33.093754,-11.910378,74.563034,-19.785358,-15.000033,0.18633501,-29.36766,-7.554597,68.12398,-21.821707,15.000033,8.181612,-6.056396,28.621603,-31.54753,16.877356,5.7204576,-34.47062,-55.231415,-15.690568,5.958588,-31.935835,-29.330805,40.60842,-29.670486,22.573015,-1.8541988,5.160741
682,21.693954467773438,-8.364297866821289,62.978702545166016,-10.03147225638803,-9.778079897123693,-122.56755659086362,-47.040874,34.817986,-12.301685,74.62633,-20.033733,-15.000033,-0.563838,-28.780125,-8.188246,67.21625,-20.746761,15.000033,6.349153,-5.340229,28.117914,-33.80076,18.932167,7.8011556,-36.951977,-55.68945,-16.123455,5.521682,-29.734192,-28.577251,42.290173,-27.722961,21.80324,-2.1821623,6.680098
683,21.926992416381836,-8.427412986755371,63.11085891723633,-10.850180729583697,-9.678273996467349,-123.91054298815624,-47.361946,36.284924,-12.857031,74.68406,-20.189344,-15.000033,-1.0162315,-28.24584,-9.254672,66.108864,-19.786451,15.000033,4.490802,-4.6168256,27.555042,-36.127068,21.165928,9.401451,-39.026653,-56.253136,-16.661102,5.5199294,-27.466558,-27.999767,43.36212,-25.426378,21.02503,-2.437011,8.306754
684,22.10342025756836,-8.491479873657227,63.21785354614258,-11.59929538583337,-9.44823490136842,-124.86907686949739,-47.90799,37.3546,-13.513069,74.70111,-20.235561,-15.000033,-1.1482918,-27.77478,-10.537724,64.83025,-19.073792,15.000033,2.7139735,-4.0241666,26.898546,-38.445328,23.41609,10.257019,-40.4143,-56.598,-17.234566,5.960795,-24.875542,-27.547588,43.4842,-23.070839,20.557177,-2.6792634,10.076848
685,22.217430114746094,-8.56354808807373,63.3138313293457,-12.296334948320723,-8.998559594231187,-125.3363855391365,-48.826374,37.912235,-14.352754,74.69937,-20.131777,-15.000033,-0.8461432,-27.369198,-12.227067,63.260662,-18.73329,15.000033,0.94702744,-3.503744,26.05725,-40.86242,25.611233,10.175902,-40.94252,-56.697952,-17.85789,6.9498057,-21.78656,-27.211517,42.403763,-20.575079,20.201035,-2.847401,12.409719
686,22.2813777923584,-8.646796226501465,63.4122314453125,-12.974830672880314,-8.3553627591542,-125.40374425925626,-50.07835,38.038185,-15.370018,74.69692,-19.90236,-15.000033,-0.1654044,-26.973755,-14.338406,61.41964,-18.657862,15.000033,-0.79917425,-2.9887738,25.082731,-43.493717,27.733854,9.212202,-40.783142,-56.639713,-18.54252,8.453125,-18.201023,-27.008034,40.270836,-17.97772,19.862022,-2.926093,15.169461
687,22.31694984436035,-8.743020057678223,63.51856994628906,-13.579205379209844,-7.668135260258465,-125.24454844757591,-51.339035,37.897915,-16.364138,74.65573,-19.628494,-15.000033,0.662726,-26.54403,-16.404247,59.546665,-18.634352,15.000033,-2.3448346,-2.5586832,24.154484,-46.22026,29.672413,7.6231728,-40.21362,-56.329994,-19.182732,10.251224,-14.222297,-26.896734,37.420082,-15.663771,20.001102,-2.9929633,17.568611
688,22.332672119140625,-8.844200134277344,63.62350082397461,-14.055610354792838,-7.091618708182944,-125.02504286277446,-52.29457,37.672916,-17.148224,74.53595,-19.391506,-15.000033,1.4074395,-26.079905,-17.966898,57.89402,-18.461891,15.000033,-3.5626476,-2.2549107,23.426203,-48.73112,31.26522,5.835315,-39.619198,-55.67783,-19.636667,12.087784,-10.144859,-26.787962,34.26728,-13.786548,21.07488,-3.0969646,18.825935
689,22.317319869995117,-8.944070816040039,63.74077606201172,-14.3670674182247,-6.658541059661837,-124.77565717596256,-52.8731,37.399876,-17.657396,74.35191,-19.225054,-15.000033,2.022887,-25.586803,-18.829155,56.487175,-18.159178,15.000033,-4.460786,-2.0220165,22.900408,-50.675278,32.39897,4.0739665,-39.18819,-54.660698,-19.869343,13.936567,-6.0738087,-26.561998,30.79886,-12.05565,23.557026,-3.2393687,18.265404
690,22.282289505004883,-9.040449142456055,63.874446868896484,-14.548665542960205,-6.288150183901075,-124.40566505092352,-53.230595,36.996185,-17.993498,74.117424,-19.081158,-15.000033,2.6292412,-25.090794,-19.269056,55.2144,-17.81682,15.000033,-5.170164,-1.7836093,22.457218,-51.946865,33.0517,2.3589706,-38.917843,-53.329536,-19.865593,15.851574,-2.1193786,-26.141846,26.911055,-10.202561,27.075619,-3.4785864,16.466488
691,22.22601318359375,-9.13618278503418,64.02638244628906,-14.659528173413467,-5.97045420235134,-123.89690533669497,-53.411983,36.472233,-18.237162,73.79445,-18.920134,-15.000033,3.2466388,-24.643347,-19.553787,54.134876,-17.352184,15.000033,-5.7406683,-1.5702986,22.036272,-52.61764,33.234756,0.8083136,-38.847122,-51.702477,-19.503414,17.673601,1.3438766,-25.536179,22.90755,-8.290623,30.780394,-3.8853722,14.53946
692,22.16111946105957,-9.227399826049805,64.20539093017578,-14.760967945861434,-5.694647683080699,-123.23372187617524,-53.464752,35.837627,-18.468899,73.34238,-18.70097,-15.000033,3.8919785,-24.2945,-19.95508,53.30428,-16.673683,15.000033,-6.2058196,-1.4422696,21.600615,-52.85274,32.986866,-0.5187248,-38.974457,-49.815865,-18.678171,19.24304,4.070373,-24.850351,19.068897,-6.483696,33.81215,-4.371325,13.577337
693,22.087556838989258,-9.313957214355469,64.41944122314453,-14.8547921234681,-5.491010766839406,-122.46305311640425,-53.350555,35.14704,-18.67556,72.76232,-18.437056,-15.000033,4.505955,-24.079788,-20.434893,52.846874,-15.717553,15.000033,-6.5170355,-1.42841,21.19674,-52.67242,32.306507,-1.543682,-39.315815,-47.49317,-17.167498,20.550732,6.1493936,-24.181076,15.245321,-4.9843454,35.94987,-4.8487864,14.0012865
694,22.00210952758789,-9.392372131347656,64.67063903808594,-14.913927881461355,-5.354394577671456,-121.57522101504668,-53.067932,34.37959,-18.834843,72.072014,-18.141052,-15.000033,5.102823,-23.972767,-20.890976,52.703514,-14.548951,15.000033,-6.6324663,-1.5090914,20.840357,-52.11794,31.192913,-2.3989818,-39.798134,-44.80559,-15.088582,21.60092,7.788601,-23.589483,11.265699,-3.7811139,37.657032,-5.3124876,15.166793
695,21.896413803100586,-9.467217445373535,64.96359252929688,-14.949002716861635,-5.2153878967605705,-120.47185848689715,-52.717926,33.432484,-19.012358,71.25326,-17.7699,-15.000033,5.804397,-23.91325,-21.495428,52.6564,-13.273021,15.000033,-6.5671926,-1.6786523,20.492678,-51.423435,29.716536,-3.3513844,-40.298218,-42.163822,-12.898322,22.31891,9.128217,-23.192816,7.3185353,-2.8959408,39.117603,-5.7232294,16.55016
696,21.756319046020508,-9.55346965789795,65.2950668334961,-14.970698627725477,-5.005580989418805,-119.05535620095979,-52.398357,32.20512,-19.275452,70.2875,-17.280874,-15.000033,6.7336893,-23.829193,-22.419405,52.484577,-11.998276,15.000033,-6.3742404,-1.9239507,20.13536,-50.75276,28.001463,-4.587872,-40.734627,-39.9729,-11.082489,22.717632,10.341523,-23.116526,3.6219177,-2.406999,40.533035,-6.065537,17.625978
697,21.583648681640625,-9.625964164733887,65.65092468261719,-15.01355672248347,-4.706288463666762,-117.266550960531,-52.15589,30.68399,-19.699686,69.15186,-16.645739,-15.000033,7.9569683,-23.684694,-23.793726,52.146927,-10.647747,15.000033,-6.1593137,-2.2461333,19.781162,-49.97522,26.09756,-6.058423,-41.165993,-38.425953,-9.821561,22.760424,11.465166,-23.43794,0.34663954,-2.4519212,42.091644,-6.3473654,18.30481
698,21.378950119018555,-9.702547073364258,66.02685546875,-15.054404517823025,-4.353258625312397,-115.16804886524065,-51.92587,28.926655,-20.244125,67.85846,-15.891739,-15.000033,9.403009,-23.495434,-25.487377,51.756172,-9.218591,15.000033,-5.9258356,-2.636607,19.465822,-48.980377,24.019562,-7.6319547,-41.672604,-37.272755,-8.888283,22.528519,12.507713,-24.159914,-2.6612809,-3.0337393,43.695404,-6.5846353,18.838573
699,21.148069381713867,-9.772748947143555,66.40765380859375,-15.01618509178638,-3.9638165821775915,-112.84555117920678,-51.636517,26.943888,-20.803892,66.43062,-15.055111,-15.000033,10.9849205,-23.274006,-27.305325,51.308678,-7.855765,15.000033,-5.5985403,-3.088076,19.205402,-47.98464,21.85287,-9.371712,-42.14586,-36.22758,-8.154041,22.258177,13.548984,-25.249664,-5.641247,-3.9817867,45.113293,-6.790316,19.21973
700,20.88180923461914,-9.82730484008789,66.78581237792969,-14.824853890927821,-3.5623823141479267,-110.38517881702587,-51.225048,24.74938,-21.284355,64.88927,-14.173685,-15.000033,12.613369,-23.047205,-29.052967,50.808804,-6.7115464,15.000033,-5.1109495,-3.622975,19.013704,-47.230865,19.716867,-11.329616,-42.43429,-35.026318,-7.490839,22.188189,14.616936,-26.64274,-8.799715,-5.08143,46.10341,-6.9825187,19.443642
701,20.585186004638672,-9.862366676330566,67.15464782714844,-14.463037395386802,-3.153545473427846,-107.74697374451621,-50.68198,22.292267,-21.724115,63.183548,-13.1972065,-15.000033,14.3258295,-22.812183,-30.78137,50.236145,-5.7914324,15.000033,-4.4846087,-4.33686,18.874874,-46.742924,17.687513,-13.591868,-42.461304,-33.749317,-7.0180774,22.469105,15.653538,-28.28458,-12.105176,-6.2170067,46.50076,-7.130611,19.5018
702,20.264240264892578,-9.89282512664795,67.51818084716797,-13.965798526599162,-2.7456597411635046,-104.91146455282127,-50.04169,19.612139,-22.198334,61.298977,-12.128455,-15.000033,16.150438,-22.54133,-32.555492,49.59622,-5.029554,15.000033,-3.7592442,-5.24936,18.805109,-46.42109,15.776908,-16.10302,-42.268906,-32.515156,-6.7598057,22.988754,16.631193,-30.157627,-15.459222,-7.4456453,46.446323,-7.2465043,19.412878
703,19.937076568603516,-9.917728424072266,67.86612701416016,-13.345508823685474,-2.371214931404672,-101.99384925034384,-49.312912,16.85058,-22.66219,59.303997,-11.078325,-15.000033,17.982258,-22.241858,-34.21534,48.93258,-4.4669065,15.000033,-2.9017935,-6.270362,18.857458,-46.334034,13.998227,-18.663345,-41.86874,-31.137426,-6.44319,23.575556,17.59584,-32.25585,-18.939714,-8.77862,46.159718,-7.415104,19.20897
704,19.60902214050293,-9.941129684448242,68.19316101074219,-12.618468996553888,-2.055555733875099,-99.10665633021478,-48.508015,14.13202,-23.054583,57.271873,-10.150506,-15.000033,19.716208,-21.93912,-35.608757,48.2913,-4.1448555,15.000033,-1.8822598,-7.302066,19.082436,-46.54713,12.359181,-21.066702,-41.297592,-29.431293,-5.79978,24.043442,18.593922,-34.577763,-22.633602,-10.228938,45.861877,-7.7200913,18.921389
705,19.289485931396484,-9.963199615478516,68.4928970336914,-11.727857831018534,-1.8319371593047102,-96.18821321332281,-47.55159,11.330065,-23.37982,55.16324,-9.378557,-15.000033,21.382109,-21.67785,-36.65997,47.697216,-4.2230077,15.000033,-0.66621655,-8.395085,19.54855,-47.14521,10.874012,-23.321043,-40.52483,-27.22535,-4.642233,24.37371,19.818834,-37.14193,-26.711998,-11.870768,45.495316,-8.211638,18.531027
706,18.977733612060547,-9.97779655456543,68.76061248779297,-10.695222161246885,-1.6915349354115703,-93.2165407204135,-46.46934,8.440333,-23.69645,52.927963,-8.690412,-15.000033,23.0201,-21.457941,-37.49398,47.13926,-4.6312685,15.000033,0.7218283,-9.5646715,20.228386,-48.051643,9.533232,-25.488739,-39.577908,-24.668455,-3.1577516,24.625,21.210733,-39.939835,-31.111816,-13.613073,44.98536,-8.841881,18.028315
707,18.68555450439453,-9.984353065490723,69.00159454345703,-9.650019372310652,-1.5809295532251597,-90.35365931047428,-45.421925,5.7434745,-23.978167,50.64593,-8.032082,-15.000033,24.538654,-21.235966,-38.24499,46.599552,-5.071425,15.000033,2.2194185,-10.673381,21.005514,-49.1121,8.306843,-27.461866,-38.56482,-22.046486,-1.6468246,24.729118,22.46253,-42.93854,-35.54864,-15.277705,44.51757,-9.549853,17.45981
708,18.40985679626465,-9.979941368103027,69.2159423828125,-8.718328776213616,-1.4348629732004223,-87.75085015544515,-44.562496,3.5024798,-24.154825,48.41981,-7.3595967,-15.000033,25.84641,-20.95523,-39.014004,46.03457,-5.242115,15.000033,3.7656236,-11.607985,21.750498,-50.201775,7.163076,-29.153814,-37.575703,-19.63321,-0.41209057,24.65201,23.25689,-46.12444,-39.70347,-16.739084,44.258205,-10.273095,16.881876
709,18.141403198242188,-9.962189674377441,69.40235900878906,-7.920842280073322,-1.224272593190849,-85.41170720886235,-43.88536,1.7700758,-24.157053,46.147743,-6.715582,-15.000033,26.904415,-20.582853,-39.79062,45.391266,-4.9639277,15.000033,5.3770623,-12.371872,22.430721,-51.417767,6.1029105,-30.55764,-36.536823,-17.374863,0.49109825,24.316948,23.476599,-49.54025,-43.606724,-18.019655,44.398006,-11.072618,16.261763
710,17.8966007232666,-9.943854331970215,69.55316925048828,-7.19236791996819,-0.9788725975292513,-83.2567046960599,-43.309994,0.38343045,-23.994562,43.827957,-6.1065946,-15.000033,27.76978,-20.155159,-40.514023,44.68838,-4.4213886,15.000033,7.069317,-13.054431,23.087275,-52.82216,5.131534,-31.735134,-35.394123,-15.148087,1.2001581,23.782764,23.272617,-53.229992,-47.27649,-19.193136,44.773296,-11.964065,15.598568
711,17.662094116210938,-9.91149616241455,69.66110229492188,-6.522103985290425,-0.7104690202127977,-81.30494218023823,-42.89789,-0.7378359,-23.67444,41.75965,-5.443306,-15.000033,28.484913,-19.713722,-41.198048,43.986668,-3.855449,15.000033,8.771232,-13.677458,23.691168,-54.24323,4.2236114,-32.7027,-34.25947,-13.12343,1.7177923,23.244436,22.684359,-57.18751,-50.3555,-20.248144,45.020004,-12.807228,14.995667
712,17.445995330810547,-9.871552467346191,69.72130584716797,-5.897399193093495,-0.42673636112182556,-79.57519289707096,-42.726433,-1.6737498,-23.196508,40.26162,-4.649907,-15.000033,29.088243,-19.308535,-41.86498,43.351166,-3.5091271,15.000033,10.406991,-14.257188,24.210125,-55.517048,3.3425255,-33.46604,-33.231415,-11.47388,2.0648394,22.892456,21.694828,-61.388165,-52.48171,-21.163292,44.76834,-13.454429,14.543465
713,17.245088577270508,-9.819280624389648,69.74138641357422,-5.299984100132476,-0.08992888919141495,-78.09479658882032,-42.93433,-2.3557549,-22.254011,39.43873,-3.523116,-15.000033,29.531946,-18.990238,-42.56123,42.81088,-3.4258401,15.000033,11.965805,-14.818878,24.637066,-56.695744,2.462912,-33.999237,-32.327988,-10.357975,2.1807208,22.819138,20.125834,-65.86485,-53.52156,-22.061695,43.812496,-13.876311,14.222061
714,17.052631378173828,-9.75537109375,69.72345733642578,-4.736202536665938,0.30562306038878634,-76.83474254691599,-43.463192,-2.7862372,-20.909443,39.161247,-2.1784565,-15.000033,29.80483,-18.733906,-43.268707,42.335617,-3.4776483,15.000033,13.449181,-15.368843,24.943838,-57.86442,1.5872018,-34.287106,-31.451117,-9.633533,2.0935261,22.913748,17.66018,-70.64552,-53.34338,-22.901957,42.3876,-14.134282,13.9978485
715,16.872220993041992,-9.694860458374023,69.67428588867188,-4.228242285235947,0.7022816342986626,-75.73369779665803,-44.108616,-3.1492825,-19.727331,39.395626,-1.0189127,-15.000033,30.000013,-18.481302,-43.912914,41.904385,-3.6610725,15.000033,14.8288765,-15.829157,25.101088,-58.873238,0.7258196,-34.347122,-30.620058,-9.031713,1.9593208,23.057787,14.008069,-75.65918,-51.563263,-23.464468,40.811165,-14.219608,13.933794
716,16.704395294189453,-9.649752616882324,69.5941162109375,-3.794014294125859,1.0365981176208126,-74.73659356369586,-44.658264,-3.6483645,-19.281435,40.084778,-0.44342682,-15.000033,30.218021,-18.177671,-44.41822,41.492306,-3.9747968,15.000033,16.134333,-16.05578,25.130644,-59.545273,-0.109861985,-34.212757,-29.953476,-8.302033,1.9301138,23.132519,8.890878,-80.741554,-47.78963,-23.63586,39.4293,-14.140168,14.075788
717,16.534069061279297,-9.632762908935547,69.48128509521484,-3.495093802064523,1.3132959860224034,-73.92598762771507,-45.106094,-4.3889775,-20.074932,41.608673,-0.7727284,-15.000033,30.435375,-17.792028,-44.74427,41.10754,-4.476361,15.000033,17.561274,-15.897349,25.09927,-59.84113,-0.9455834,-33.948353,-29.613964,-7.3754272,2.0362422,23.181324,2.4000158,-85.63868,-41.969296,-23.855757,38.396645,-13.8606415,14.614552
718,16.360763549804688,-9.651461601257324,69.33360290527344,-3.3097972915240916,1.5721263464511177,-73.29415344952605,-45.513588,-5.308221,-21.695667,43.829964,-1.6494635,-15.000033,30.611143,-17.356329,-44.944153,40.758053,-5.1492305,15.000033,19.200237,-15.505517,25.094921,-59.99937,-1.8222312,-33.6608,-29.456005,-6.4054365,2.2012873,23.246655,-5.106996,-89.69541,-34.54756,-24.771227,37.47266,-13.424791,15.480976
719,16.1979923248291,-9.728562355041504,69.15492248535156,-3.1158673084243826,1.7964308886296079,-72.65663573017983,-45.795593,-6.324355,-23.325336,45.92986,-2.5143042,-15.000033,30.82428,-16.930582,-45.083523,40.42413,-5.8853216,15.000033,20.900797,-15.30375,25.171032,-60.325935,-2.7427933,-33.473866,-28.98865,-5.450736,2.4145553,23.21981,-13.009458,-92.03014,-26.38926,-26.490236,36.29974,-12.908511,16.398222
720,16.052730560302734,-9.836373329162598,68.97389221191406,-2.776523341994222,1.95068273773446,-71.84340428980212,-45.92594,-7.26454,-24.13347,47.13645,-2.9353304,-15.000033,31.165636,-16.594479,-45.219833,40.088444,-6.5749807,15.000033,22.447748,-15.370172,25.35996,-60.78176,-3.656366,-33.331894,-28.191721,-4.6015224,2.6526031,22.986666,-20.954588,-92.84809,-18.095352,-28.332357,34.809017,-12.409148,16.971292
721,15.9390230178833,-9.989730834960938,68.7892074584961,-2.18822730249775,2.0078444707543706,-70.83830853139543,-45.878136,-7.9458447,-23.62868,47.032593,-2.811909,-15.000033,31.709055,-16.458477,-45.395634,39.72887,-7.2471256,15.000033,23.865358,-15.47396,25.736847,-61.064163,-4.5175576,-33.12413,-27.48849,-3.791475,2.9574635,22.457945,-28.732546,-92.89144,-9.8396225,-29.744133,33.130093,-11.99485,16.950169
722,15.846046447753906,-10.114066123962402,68.6384506225586,-1.4544251921200146,1.9873922095685255,-69.7279223370094,-45.6925,-8.474822,-22.356426,46.121212,-2.4043562,-15.000033,32.395603,-16.44112,-45.58057,39.35976,-7.9379225,15.000033,25.191868,-15.410699,26.253927,-61.056683,-5.3084702,-32.815983,-27.080345,-3.0296597,3.3151531,21.703358,-36.06773,-92.53729,-1.7994785,-30.707682,31.40707,-11.613092,16.484375
723,15.756410598754883,-10.240232467651367,68.4899673461914,-0.7447772058955361,1.9125227332992536,-68.50709935414332,-45.476173,-9.060156,-21.032452,45.026577,-1.8870181,-15.000033,33.12359,-16.348381,-45.704178,39.017296,-8.552614,15.000033,26.273537,-15.059233,26.80021,-60.797367,-6.0013537,-32.396427,-26.969238,-2.5674903,3.6192858,20.836794,-42.760563,-91.89998,5.6966248,-31.2331,29.803713,-11.234459,15.65085
724,15.651030540466309,-10.360759735107422,68.32982635498047,-0.21204130553769937,1.8008675860079595,-67.1782227648437,-45.345634,-9.874483,-20.337019,44.3708,-1.4753053,-15.000033,33.791084,-16.007717,-45.674835,38.74098,-9.00073,15.000033,26.968597,-14.372365,27.269857,-60.34822,-6.5595746,-31.871092,-27.112862,-2.6575727,3.774177,19.980051,-48.55908,-91.02081,12.251446,-31.384243,28.463717,-10.824293,14.5633745
725,15.532201766967773,-10.472993850708008,68.15435028076172,0.09979403830308908,1.67013758103077,-65.60491354747549,-45.347954,-11.067105,-20.56036,44.291885,-1.2123861,-15.000033,34.41373,-15.275699,-45.493504,38.463184,-9.231634,15.000033,27.139282,-13.328211,27.64255,-59.700222,-6.9385505,-31.231253,-27.554155,-3.6027086,3.7418976,18.996542,-53.09729,-89.85638,17.382095,-31.098959,27.472496,-10.323857,13.2572975
726,15.408125877380371,-10.587434768676758,67.96620178222656,0.2774324784229665,1.5121830263124245,-63.83203077961129,-45.410206,-12.51368,-21.287922,44.45339,-0.97605467,-15.000033,35.030617,-14.285349,-45.18922,38.186996,-9.301734,15.000033,26.873354,-12.086725,27.978548,-58.856876,-7.1182537,-30.52726,-28.22905,-5.199468,3.6089005,17.885752,-55.928272,-88.35373,20.654192,-30.491817,26.699059,-9.722644,11.744972
727,15.302568435668945,-10.687312126159668,67.77136993408203,0.3795896521868388,1.3019579906157503,-62.13664067607651,-45.471973,-13.949223,-22.144281,44.78992,-0.8039109,-15.000033,35.5797,-13.304523,-44.71057,38.062286,-9.279288,15.000033,26.39158,-10.902443,28.29465,-57.92259,-7.112026,-29.847963,-28.900106,-6.929805,3.4471076,16.977804,-56.916542,-86.52558,22.008327,-29.886833,25.945236,-9.068811,10.117536
728,15.222633361816406,-10.764505386352539,67.57621765136719,0.4595758149967455,1.0092427081003676,-60.798857064556984,-45.47748,-15.105425,-22.749165,45.234825,-0.74392295,-15.000033,35.998085,-12.594664,-44.00943,38.241455,-9.23366,15.000033,25.927685,-9.965391,28.601046,-56.991623,-6.9572783,-29.254433,-29.362291,-8.268788,3.290734,16.601475,-56.31172,-84.423065,21.825996,-29.561579,25.028374,-8.427634,8.422357
729,15.169954299926758,-10.812719345092773,67.38180541992188,0.5262933190926634,0.5768419660841129,-59.85727054127635,-45.380787,-15.953782,-23.033178,45.824226,-0.83849454,-15.000033,36.29682,-12.192712,-43.019024,38.803658,-9.147966,15.000033,25.520132,-9.2275305,28.93258,-56.032948,-6.677134,-28.739597,-29.501328,-9.21853,2.9634993,16.917063,-54.504147,-82.06128,20.56928,-29.489296,23.919466,-7.82668,6.4721804
730,15.140745162963867,-10.836662292480469,67.18364715576172,0.5472296845095653,0.03851836631830161,-59.17294127205717,-45.221756,-16.622053,-23.190159,46.579426,-1.0517598,-15.000033,36.499813,-11.953928,-41.78948,39.649193,-8.994616,15.000033,25.064121,-8.600235,29.261635,-55.03193,-6.2760315,-28.25491,-29.42677,-9.99593,2.4826303,17.716915,-51.90757,-79.43335,18.589342,-29.54259,22.713614,-7.223036,4.293404
731,15.14748764038086,-10.848193168640137,66.98661041259766,0.5137291264342043,-0.5034827209291765,-58.76198535541666,-45.08077,-17.070072,-23.236416,47.420555,-1.332633,-15.000033,36.562,-11.862064,-40.448334,40.663177,-8.829469,15.000033,24.59026,-8.135006,29.50608,-54.06973,-5.775285,-27.77868,-29.341074,-10.409412,2.1659932,18.785904,-48.983517,-76.61371,16.334099,-29.787092,21.448385,-6.608579,2.2079022
732,15.188260078430176,-10.838881492614746,66.80647277832031,0.4216552639292824,-0.9471470972146163,-58.64080247171721,-45.038784,-17.26163,-23.185684,48.264763,-1.6294091,-15.000033,36.43833,-11.904569,-39.11851,41.732105,-8.708316,15.000033,24.13231,-7.8545175,29.585688,-53.21287,-5.214102,-27.28613,-29.468275,-10.282759,2.3474092,19.912962,-46.136425,-73.723564,14.2148695,-30.255705,20.17672,-5.998354,0.5215657
733,15.260398864746094,-10.793485641479492,66.64714050292969,0.25582819340243235,-1.2471578146190119,-58.84798321842036,-45.155483,-17.15767,-23.02528,49.133316,-1.9525667,-15.000033,36.067993,-12.084443,-37.78437,42.873383,-8.631619,15.000033,23.707174,-7.681196,29.440569,-52.360256,-4.644309,-26.759985,-29.987196,-9.33031,3.3793366,21.237871,-43.418186,-70.83843,12.4033575,-30.912329,19.040535,-5.423227,-0.78979814
734,15.34079647064209,-10.717162132263184,66.5122299194336,0.02423103763544472,-1.4666916350929475,-59.362944124062,-45.373535,-16.78201,-22.76113,50.055626,-2.3215587,-15.000033,35.49431,-12.385168,-36.396362,44.11814,-8.571702,15.000033,23.306906,-7.5399513,29.123516,-51.49641,-4.096879,-26.190332,-30.77859,-7.755274,5.0394855,22.764635,-40.822872,-67.98795,10.899558,-31.67181,18.01309,-4.902061,-1.9097846
735,15.419886589050293,-10.60873031616211,66.39500427246094,-0.24017065126772538,-1.6665051217996927,-60.11401911152259,-45.60049,-16.197317,-22.428734,50.960876,-2.6968148,-15.000033,34.82489,-12.778093,-35.018036,45.379856,-8.542888,15.000033,22.925062,-7.4616594,28.726416,-50.810318,-3.5666656,-25.57133,-31.625536,-6.1035447,6.771772,24.102234,-38.545494,-65.24807,9.727455,-32.480972,16.895071,-4.4370646,-2.7619786
736,15.500958442687988,-10.475211143493652,66.30140686035156,-0.5015291429156962,-1.9072043636279528,-61.029820438822526,-45.74213,-15.46956,-22.061878,51.777065,-3.0406365,-15.000033,34.16654,-13.249224,-33.709595,46.578712,-8.559543,15.000033,22.541683,-7.473211,28.34301,-50.47006,-3.0233896,-24.893038,-32.345318,-4.888792,7.972392,24.91777,-36.805317,-62.724976,8.9151,-33.269985,15.501959,-4.0291853,-3.272463
737,15.5870943069458,-10.311562538146973,66.22920227050781,-0.748968596976184,-2.2048880052388493,-62.118446915772594,-45.79805,-14.600591,-21.65533,52.530205,-3.364427,-15.000033,33.545,-13.841066,-32.50871,47.744247,-8.639432,15.000033,22.12791,-7.5742245,27.99115,-50.4601,-2.4463003,-24.137104,-33.049923,-4.250922,8.426665,25.093538,-35.587605,-60.519974,8.442701,-34.018394,13.682578,-3.7061608,-3.3045828
738,15.681537628173828,-10.122517585754395,66.18879699707031,-0.9974669772096383,-2.531135385121298,-63.411797254309526,-45.80327,-13.55965,-21.202229,53.24558,-3.6950595,-15.000033,32.905037,-14.551425,-31.364313,48.89947,-8.767156,15.000033,21.676212,-7.719724,27.619585,-50.65819,-1.8316321,-23.301796,-33.850636,-3.9067152,8.4482765,24.842236,-34.688915,-58.679512,8.200132,-34.798435,11.641826,-3.4842005,-2.9660425
739,15.778716087341309,-9.908644676208496,66.19007873535156,-1.247836960092348,-2.876801899831433,-64.87355545580715,-45.729317,-12.358783,-20.712038,53.848484,-3.9815903,-15.000033,32.22818,-15.302255,-30.204987,49.96039,-8.9096575,15.000033,21.28589,-7.818441,27.297464,-51.09806,-1.1897675,-22.471098,-34.62744,-3.7411911,8.209377,24.370083,-34.31026,-57.14862,8.246195,-35.42065,9.578414,-3.3371243,-2.5575976
740,15.871243476867676,-9.66558837890625,66.2303237915039,-1.5012881198577588,-3.2339304569842167,-66.467195595722,-45.545876,-11.018506,-20.19338,54.266594,-4.186268,-15.000033,31.499006,-16.021278,-28.962904,50.84789,-9.037644,15.000033,20.909552,-7.8864675,26.96221,-51.786312,-0.49421528,-21.623596,-35.136696,-3.6021464,7.888957,23.854652,-34.393463,-55.891605,8.48936,-35.971134,7.8618145,-3.2105722,-2.3473845
741,15.962696075439453,-9.389039039611816,66.30918884277344,-1.7367437276726647,-3.6406117299346543,-68.20854609212846,-45.22034,-9.535659,-19.627619,54.5122,-4.324304,-15.000033,30.749445,-16.752094,-27.626043,51.579727,-9.172906,15.000033,20.556137,-7.959586,26.648357,-52.81328,0.28055933,-20.774385,-35.34241,-3.5092742,7.431635,23.282616,-35.06836,-54.89742,8.974866,-36.377808,6.577134,-3.0955224,-2.3257697
742,16.056137084960938,-9.081174850463867,66.4338607788086,-1.9523721103479539,-4.089521796719866,-70.11070225061727,-44.774143,-7.9048996,-19.006521,54.614216,-4.411223,-15.000033,29.974,-17.516216,-26.221561,52.18761,-9.322771,15.000033,20.21188,-8.034788,26.358759,-54.124115,1.1433527,-19.925745,-35.376823,-3.529845,6.777928,22.580055,-36.38743,-54.150265,9.774219,-36.565693,5.534081,-3.0099704,-2.3785186
743,16.152494430541992,-8.74930477142334,66.60371398925781,-2.180602375924852,-4.506673100850516,-72.13114576921441,-44.262024,-6.1294465,-18.366343,54.53295,-4.420739,-15.000033,29.101904,-18.21443,-24.7434,52.6232,-9.442409,15.000033,19.816164,-8.071706,26.004784,-55.504013,2.1080914,-19.059626,-35.268654,-3.5817442,6.099236,21.83659,-37.97849,-53.603672,10.719564,-36.780922,4.6530313,-2.9226148,-2.6130042
744,16.249746322631836,-8.396187782287598,66.82405090332031,-2.4607588125858517,-4.817920515147749,-74.22786148900843,-43.74103,-4.2121663,-17.743298,54.225845,-4.323567,-15.000033,28.064823,-18.743715,-23.188591,52.839397,-9.488037,15.000033,19.491482,-7.951114,25.643589,-56.82613,3.1332433,-18.26864,-35.119118,-3.6109607,5.5626726,21.176037,-40.007812,-53.097076,11.917962,-36.731903,3.6569684,-2.808159,-3.1421473
745,16.35083770751953,-8.026376724243164,67.0941390991211,-2.8072836469925466,-5.008282935380147,-76.42863172400016,-43.240635,-2.139412,-17.131231,53.715103,-4.1421037,-15.000033,26.838055,-19.11804,-21.557697,52.835365,-9.484431,15.000033,19.140701,-7.7630234,25.134619,-58.13341,4.2412043,-17.506477,-34.758972,-3.5372915,5.2241206,20.606773,-42.209465,-52.590614,13.244685,-36.722916,2.4821367,-2.59749,-4.049792
746,16.44999122619629,-7.640577793121338,67.42386627197266,-3.202021257661995,-5.121763194283177,-78.74424379190728,-42.725857,0.07869554,-16.503754,53.012665,-3.884768,-15.000033,25.46812,-19.376526,-19.849554,52.63454,-9.445888,15.000033,18.797,-7.53818,24.541338,-59.508274,5.4408526,-16.803295,-34.194374,-3.41215,4.98979,20.083313,-44.721004,-52.06153,14.749888,-36.63745,1.1997509,-2.3083637,-5.238276
747,16.539155960083008,-7.237871170043945,67.81491088867188,-3.6351147133759496,-5.17669882693804,-81.10494975254814,-42.155598,2.398923,-15.858491,52.057587,-3.4909995,-15.000033,24.004438,-19.459333,-18.06581,52.234917,-9.320457,15.000033,18.450012,-7.2638707,23.921576,-60.803967,6.723214,-16.133818,-33.496834,-3.2834618,4.805454,19.57085,-47.314102,-51.464325,16.292236,-36.498253,0.043071482,-2.0339239,-6.4783134
748,16.61368179321289,-6.818591117858887,68.26322174072266,-4.095133357439473,-5.190147244306958,-83.4410962269912,-41.488377,4.775001,-15.190908,50.793514,-2.9048626,-15.000033,22.50341,-19.313011,-16.21323,51.63548,-9.058946,15.000033,18.103392,-6.935371,23.334545,-61.904427,8.065031,-15.475163,-32.70262,-3.1961226,4.6179185,19.034767,-49.718945,-50.754112,17.679234,-36.346687,-0.767845,-1.8887262,-7.5301023
749,16.66961097717285,-6.384235382080078,68.76304626464844,-4.575286099329537,-5.162103557916622,-85.77119122155658,-40.674236,7.219435,-14.454619,49.13795,-2.139643,-15.000033,20.938957,-18.931105,-14.22041,50.844368,-8.649169,15.000033,17.785463,-6.5673833,22.791052,-62.82783,9.452868,-14.812594,-31.739325,-3.1936998,4.3530407,18.43262,-51.94237,-49.909798,18.85326,-36.161484,-1.1375171,-1.9716723,-8.318653
750,16.708887100219727,-5.9422831535339355,69.31690216064453,-5.083994747151511,-5.088820222957893,-88.11816407201285,-39.74191,9.727163,-13.639776,47.149734,-1.2128468,-15.000033,19.32403,-18.347355,-12.119893,49.859146,-8.1231575,15.000033,17.493248,-6.177336,22.257675,-63.65318,10.885169,-14.168117,-30.57022,-3.2318923,4.062262,17.791967,-54.077496,-48.931618,19.882013,-35.923237,-1.2142991,-2.216662,-8.960569
751,16.71686553955078,-5.483738422393799,69.91065979003906,-5.634235747208712,-4.979638210923918,-90.41831026221604,-38.764008,12.231014,-12.801434,44.96776,-0.07622968,-15.000033,17.772915,-17.577545,-10.074818,48.662735,-7.5006104,15.000033,17.18445,-5.761096,21.727516,-64.3678,12.35098,-13.56372,-29.277607,-3.22531,3.8749983,17.181004,-55.99908,-47.822044,20.7696,-35.674404,-1.1470428,-2.4992485,-9.500258
752,16.705486297607422,-5.0236921310424805,70.53856658935547,-6.238047322717646,-4.8428295894439115,-92.60921788001029,-37.824947,14.673144,-12.004093,42.73507,1.3138199,-15.000033,16.391804,-16.649197,-8.240424,47.23259,-6.800939,15.000033,16.823065,-5.31205,21.197083,-64.96795,13.831527,-13.028376,-27.9331,-3.0819125,3.9198923,16.668255,-57.561962,-46.590633,21.504654,-35.474636,-1.0819951,-2.691061,-9.980096
753,16.67023468017578,-4.558880805969238,71.18891143798828,-6.910655175505752,-4.687443740715059,-94.6979307967872,-36.869682,17.092981,-11.221802,40.33369,3.0864098,-15.000033,15.199274,-15.529445,-6.556389,45.48485,-5.991957,15.000033,16.43181,-4.8123655,20.682507,-65.43849,15.316054,-12.575335,-26.555199,-2.732759,4.2979693,16.280342,-58.70463,-45.241276,22.074564,-35.34691,-0.93425274,-2.769001,-10.400977
754,16.623680114746094,-4.088449001312256,71.85147094726562,-7.639679924386348,-4.509550180896326,-96.70891303750861,-35.88703,19.484604,-10.422398,37.752968,5.1703105,-15.000033,14.159402,-14.257653,-4.9585724,43.438465,-5.0825963,15.000033,16.023693,-4.271792,20.182934,-65.800865,16.801933,-12.186265,-25.089926,-2.23284,4.916849,15.969825,-59.52395,-43.781937,22.499905,-35.253113,-0.6670259,-2.800388,-10.7410145
755,16.555959701538086,-3.603508710861206,72.51185607910156,-8.397603322527868,-4.294377679597418,-98.61053723919764,-35.0459,21.744308,-9.688901,35.306244,7.2970347,-15.000033,13.269499,-12.964504,-3.5819829,41.229748,-4.156836,15.000033,15.558769,-3.714085,19.674866,-66.10698,18.277037,-11.844795,-23.50644,-1.6770065,5.615049,15.693191,-60.09593,-42.232067,22.826212,-35.175167,-0.5165654,-2.7866528,-11.014734
756,16.466657638549805,-3.1057722568511963,73.14888000488281,-9.1592247709612,-4.023452619147768,-100.37511321271842,-34.515244,23.792292,-9.122646,33.29033,9.202404,-15.000033,12.509149,-11.758834,-2.5670679,38.992386,-3.2846062,15.000033,14.983119,-3.156905,19.124043,-66.38986,19.728823,-11.525184,-21.772463,-1.1535335,6.231417,15.407133,-60.566788,-40.638317,23.077127,-35.05236,-0.6288504,-2.7291589,-11.2268715
757,16.35061264038086,-2.6118392944335938,73.74716186523438,-10.030166485598903,-3.656967250211838,-102.02430098287509,-34.44319,25.80327,-8.856882,31.695787,11.026417,-15.000033,11.9113245,-10.425012,-1.9051042,36.467308,-2.408139,15.000033,14.332751,-2.5057063,18.480415,-66.66619,21.136583,-11.214544,-19.880592,-0.64027125,6.7845316,15.065089,-60.831238,-39.01357,23.232924,-34.94489,-1.2512738,-2.5738976,-11.38381
758,16.22408103942871,-2.120138168334961,74.28407287597656,-10.980258357058947,-3.2137614841493543,-103.57445946552149,-34.735382,27.754646,-8.831108,30.408663,12.809998,-15.000033,11.482315,-9.00228,-1.489656,33.614296,-1.5057806,15.000033,13.6425495,-1.7793095,17.784843,-66.92938,22.49382,-10.931344,-17.833242,-0.10272675,7.3387218,14.693466,-60.871346,-37.367622,23.27676,-34.861668,-2.206313,-2.336852,-11.479928
759,16.10323143005371,-1.6370716094970703,74.75745391845703,-11.810915315539944,-2.752855705016316,-104.98878490543922,-35.16725,29.322632,-8.870781,29.517538,14.195019,-15.000033,11.109505,-7.924778,-1.3730819,30.963165,-0.6903335,15.000033,12.897069,-1.139208,17.159828,-67.18402,23.793917,-10.718508,-15.650939,0.37952313,7.8033543,14.375596,-60.7689,-35.721985,23.247828,-34.807076,-3.187234,-2.1192126,-11.539472
760,16.01519012451172,-1.1326520442962646,75.20182037353516,-12.343083774479592,-2.326184749178696,-106.2238557274635,-35.474457,30.234339,-8.797305,29.054277,14.882795,-15.000033,10.621694,-7.5736513,-1.6889192,29.154213,-0.0814829,15.000033,12.072049,-0.7225139,16.710363,-67.423,25.032858,-10.606309,-13.367123,0.71528435,8.08974,14.196575,-60.60262,-34.108673,23.183426,-34.787437,-3.8784697,-2.0227773,-11.592782
761,15.968031883239746,-0.6182591319084167,75.61061096191406,-12.509434872928377,-1.9006143844537395,-107.22582673293827,-35.567387,30.343233,-8.566948,28.948086,14.6678,-15.000033,9.899425,-8.12382,-2.719983,28.490507,0.24190411,15.000033,11.126737,-0.5887046,16.445435,-67.62934,26.196054,-10.587247,-10.985792,0.8304784,8.104952,14.204514,-60.307262,-32.551422,23.058374,-34.888054,-4.194318,-2.0521343,-11.614192
762,15.949813842773438,-0.10416338592767715,75.9602279663086,-12.424488507502659,-1.4542504561821716,-108.02499496307036,-35.58946,29.836031,-8.292266,29.190321,13.765071,-15.000033,9.021583,-9.314921,-4.353879,28.678999,0.34267336,15.000033,10.094451,-0.64520687,16.300426,-67.81467,27.276363,-10.648827,-8.49273,0.78323907,7.9207754,14.345135,-59.838097,-31.065533,22.857067,-35.1189,-4.2941294,-2.1615949,-11.605207
763,15.941658973693848,0.4177924394607544,76.26016235351562,-12.1854476964743,-1.0551414018112495,-108.69653022839927,-35.6305,28.946104,-8.022201,29.922699,12.509103,-15.000033,8.100502,-10.862763,-6.1507215,29.493711,0.30827892,15.000033,9.047261,-0.79851717,16.276001,-67.97731,28.274178,-10.807568,-5.9374747,0.7013499,7.69749,14.557356,-59.278477,-29.659111,22.64672,-35.402626,-4.2628784,-2.3753533,-11.64855
764,15.936848640441895,0.9608608484268188,76.51959991455078,-11.890082463015041,-0.7693871185548795,-109.318290605521,-35.76383,27.917366,-7.77681,31.263994,11.264558,-15.000033,7.229968,-12.46858,-7.674417,30.684422,0.24377224,15.000033,8.062364,-0.95337963,16.372223,-68.140686,29.20684,-11.080776,-3.345566,0.685205,7.5947413,14.7795515,-58.722576,-28.333773,22.496424,-35.64074,-4.1933203,-2.7176502,-11.825858
765,15.932571411132812,1.5140615701675415,76.72755432128906,-11.498223289054724,-0.6139906273658242,-109.86573850424656,-36.022438,26.643028,-7.5829215,33.40435,9.993349,-15.000033,6.3830266,-14.264584,-8.971478,32.402775,0.14273071,15.000033,7.1083975,-1.1437562,16.631193,-68.264885,30.066484,-11.464004,-0.7638247,0.8653244,7.6721487,15.041574,-58.193794,-27.082785,22.44327,-35.799248,-4.025809,-3.2966137,-12.241931
766,15.94048023223877,2.0604734420776367,76.8704605102539,-10.944657222571463,-0.55767221733829,-110.29867609623784,-36.35348,24.975937,-7.3377724,36.22703,8.523402,-15.000033,5.5733314,-16.38665,-10.157046,34.64647,-0.06485527,15.000033,6.171365,-1.434899,17.035429,-68.42457,30.87312,-11.966043,1.8947439,1.0947415,7.8375835,15.35618,-57.645756,-25.909376,22.44137,-35.91117,-3.7490983,-4.0675235,-12.819609
767,15.94819450378418,2.5925142765045166,76.94845581054688,-10.319420542341177,-0.5864883618816619,-110.68866420041181,-36.686096,23.172895,-6.8843,39.333782,7.075368,-15.000033,4.8814764,-18.480242,-10.944292,36.96201,-0.3234236,15.000033,5.2649145,-1.7683057,17.521368,-68.48825,31.619436,-12.526292,4.519551,1.2763939,8.033413,15.657143,-57.09651,-24.802965,22.477556,-36.024887,-3.507849,-4.825016,-13.388171
768,15.948304176330566,3.114240884780884,76.96959686279297,-9.7440911669312,-0.6754961909917979,-111.12268751147866,-36.969105,21.564795,-6.1311307,42.33395,5.888655,-15.000033,4.3245335,-20.138773,-11.109486,38.94438,-0.5330875,15.000033,4.438624,-2.0430005,18.006159,-68.40295,32.31059,-13.105171,7.075322,1.2621051,8.196155,15.87273,-56.56045,-23.750986,22.535276,-36.165405,-3.4539301,-5.3583837,-13.776861
769,15.950353622436523,3.6403565406799316,76.94088745117188,-9.160413609624722,-0.8241488874405194,-111.59378379997513,-37.16182,20.181465,-4.8494616,45.23405,5.1902146,-15.000033,3.8271084,-21.34921,-10.5318775,40.67386,-0.6239374,15.000033,3.666194,-2.3110142,18.494528,-68.14786,32.95086,-13.687834,9.573165,1.0067056,8.329135,15.971814,-56.052647,-22.74321,22.61127,-36.333084,-3.6783485,-5.554805,-13.952951
770,15.954645156860352,4.153523921966553,76.8459701538086,-8.558046300049398,-1.0292472148122833,-112.07208014202789,-37.3327,18.948841,-3.1563272,48.213512,4.817239,-15.000033,3.3696353,-22.243431,-9.395946,42.308792,-0.6229428,15.000033,2.9478133,-2.570463,18.999722,-67.812706,33.56364,-14.321576,12.080885,0.54112804,8.455949,15.996982,-55.564766,-21.779648,22.711744,-36.494064,-4.089634,-5.543065,-14.0001545
771,15.928035736083984,4.663955211639404,76.6984634399414,-8.13658372965616,-1.2657246371763946,-112.62261185850457,-37.552437,18.025759,-1.578205,51.12476,4.4431562,-15.000033,3.025959,-22.622128,-7.9799485,43.635036,-0.58432627,15.000033,2.2903845,-2.652501,19.491272,-67.16603,34.103,-14.878897,14.36612,0.07509524,8.5580845,15.994709,-55.118484,-20.844883,22.87364,-36.65761,-4.5268345,-5.4770765,-13.934649
772,15.869564056396484,5.146910190582275,76.4960708618164,-8.080348020701487,-1.524210215972118,-113.31990938371777,-37.83983,17.483904,-0.69411355,53.772163,3.7457457,-15.000033,2.8721395,-22.327013,-6.5452666,44.46796,-0.5811488,15.000033,1.8307337,-2.3665264,19.922775,-66.409035,34.61331,-15.482086,16.555557,-0.48803177,8.600079,16.001854,-54.70581,-19.95084,23.074759,-36.769775,-4.855172,-5.50721,-13.756511
773,15.74505615234375,5.620326995849609,76.25413513183594,-8.514581285113021,-1.878646456890573,-114.27436941105684,-38.211876,17.273846,-0.95545846,56.287468,2.727958,-15.000033,2.9597652,-21.131123,-4.9790044,44.740547,-0.7278423,15.000033,1.6154094,-1.6041241,20.37142,-65.282364,35.050137,-16.000061,18.46599,-1.102319,8.515641,16.043404,-54.341103,-19.083584,23.35388,-36.85459,-4.9983273,-5.6750665,-13.411871
774,15.569244384765625,6.092730522155762,75.96913146972656,-9.31524533652362,-2.323620780331735,-115.41342858858359,-38.65433,17.3094,-2.0224595,58.725704,1.6379544,-15.000033,3.2660162,-19.193893,-3.2141235,44.59128,-0.9684773,15.000033,1.602204,-0.465494,20.836748,-63.899544,35.42036,-16.485249,20.212864,-1.8129146,8.336808,16.090025,-54.027378,-18.24329,23.689983,-36.88693,-5.0489864,-5.8983226,-12.911565
775,15.374286651611328,6.547535419464111,75.65017700195312,-10.28512636524241,-2.736379535125936,-116.5482616837402,-39.11931,17.64946,-3.2712712,60.778046,0.45443934,-15.000033,3.7360923,-16.960066,-1.542792,44.12814,-1.11044,15.000033,1.6114308,0.8381504,21.24133,-62.28947,35.72345,-16.917015,21.74248,-2.347936,8.204921,16.115698,-53.74977,-17.43145,24.06098,-36.903095,-5.087231,-6.147007,-12.389756
776,15.205391883850098,6.9677815437316895,75.30286407470703,-10.888399446042333,-2.879528167686835,-117.33100403728369,-39.51444,18.271261,-3.3920515,61.9407,-0.8735819,-14.127608,4.229426,-15.325874,-0.33638582,43.550713,-1.0341713,15.000033,1.2922202,1.745934,21.449215,-60.473473,35.95683,-17.27098,22.988768,-2.4324448,8.260345,16.097826,-53.494286,-16.652328,24.447233,-36.943874,-5.196141,-6.393201,-11.982517
777,15.066959381103516,7.351667404174805,74.94112396240234,-11.357853843532848,-2.750813528111134,-117.81361102921856,-39.75827,20.011961,-1.6564138,62.036194,-2.8458934,-10.411453,4.771856,-14.000081,0.37501466,42.692066,-0.35030803,15.000033,0.68995655,2.5152514,21.449049,-58.36278,36.10306,-17.508638,23.8721,-1.8097516,8.581506,16.00937,-53.23202,-15.90954,24.876932,-37.038326,-5.3766985,-6.6702347,-11.727869
778,14.917791366577148,7.722564697265625,74.57556915283203,-11.947275892969042,-2.4930729372419935,-118.1909178934679,-39.800377,22.28416,0.3626822,61.397545,-5.5575633,-6.954868,5.4272823,-12.55159,0.81456304,41.477608,0.77210224,15.000033,0.017001841,3.3983455,21.329535,-56.0608,36.17373,-17.715786,24.515461,-0.734803,9.074132,15.863344,-52.978012,-15.20648,25.34353,-37.15208,-5.596224,-6.978824,-11.553646
779,14.766524314880371,8.084930419921875,74.19374084472656,-12.448215941160072,-2.1770174805984053,-118.49597176541825,-39.720768,24.325188,2.2131033,60.459198,-8.532679,-4.245901,6.1508904,-11.292833,1.0607753,40.09338,1.7504259,15.000033,-0.6630855,4.174556,21.175594,-53.65507,36.16987,-17.898788,24.978266,0.44945312,9.628643,15.704114,-52.790894,-14.540024,25.789158,-37.259094,-5.8693814,-7.2446284,-11.433595
780,14.612828254699707,8.454726219177246,73.78070068359375,-12.678861772165142,-1.8726731203918394,-118.7667213821336,-39.68469,25.554956,3.432199,59.672737,-11.158785,-2.5627093,6.892472,-10.489796,1.1873428,38.744934,1.9860135,15.000033,-1.2778801,4.6506057,21.053974,-51.25633,36.095062,-18.075817,25.341879,1.3824153,10.138914,15.584732,-52.723824,-13.903234,26.152727,-37.328957,-6.2170835,-7.393193,-11.339894
781,14.461447715759277,8.833972930908203,73.33908081054688,-12.554214490022561,-1.5609085770684623,-118.97072615891166,-39.70511,25.785963,3.8063524,58.944565,-13.318621,-2.0803702,7.6587863,-10.256032,1.2083707,37.48392,1.3438824,15.000033,-1.8571849,4.7314906,20.935917,-48.91485,35.95364,-18.282219,25.675228,1.9694824,10.600989,15.507259,-52.764996,-13.291428,26.434128,-37.36618,-6.7629466,-7.378267,-11.328634
782,14.297112464904785,9.23751163482666,72.85211944580078,-12.20233438592485,-1.21616791745219,-119.10838703350557,-39.75772,25.452938,3.6551063,58.088215,-15.192853,-2.5148506,8.452027,-10.422533,1.0314083,36.228706,0.13454458,15.000033,-2.4175751,4.553516,20.783953,-46.572266,35.74664,-18.512169,25.928297,2.3986084,11.065304,15.452165,-52.893524,-12.7048235,26.653856,-37.38182,-7.456335,-7.24772,-11.388982
783,14.127606391906738,9.685480117797852,72.33308410644531,-11.774547498225909,-0.902517297052292,-119.26900999670507,-39.983448,25.007051,3.2800531,57.46946,-16.628538,-3.322625,9.230714,-10.802698,0.5752679,34.968822,-1.5737553,15.000033,-2.8613174,4.282264,20.651566,-44.221752,35.482788,-18.746466,26.039045,2.6980247,11.509354,15.44676,-53.149864,-12.144538,26.787998,-37.345028,-8.064882,-7.0692253,-11.393149
784,13.934995651245117,10.173874855041504,71.8233642578125,-11.42146460139133,-0.6806319241170172,-119.54095367234045,-40.523674,24.871391,2.951569,57.469364,-17.515009,-3.9668021,9.97562,-11.176945,-0.18742436,33.640236,-3.7015955,15.000033,-3.094616,4.0765357,20.59895,-41.8747,35.177845,-18.975634,25.956207,2.8790374,11.910217,15.518004,-53.576103,-11.611953,26.81191,-37.227875,-8.356568,-6.91235,-11.21632
785,13.726113319396973,10.678153038024902,71.322021484375,-11.186806524717907,-0.5701946290977687,-119.984356825974,-41.60641,25.215475,2.6492908,58.461887,-17.688068,-4.3126383,10.73531,-11.491435,-1.4333119,32.093452,-6.5251575,15.000033,-3.0483181,3.95309,20.65456,-39.607887,34.850647,-19.259466,25.706026,2.830382,12.251139,15.720462,-54.221424,-11.102893,26.658209,-37.036266,-8.203557,-6.743203,-10.725275
786,13.513355255126953,11.22451114654541,70.8515853881836,-11.00720768609532,-0.5314945523009253,-120.54937101666846,-43.119534,25.822193,2.2155585,60.174747,-17.271904,-4.6080546,11.532389,-11.764465,-3.0527275,30.322586,-9.93638,15.000033,-2.7850792,3.8454492,20.784134,-37.383987,34.502506,-19.581566,25.289108,2.575942,12.548171,16.02752,-55.049675,-10.615706,26.358162,-36.792442,-7.754864,-6.5371304,-10.0211735
787,13.282893180847168,11.789582252502441,70.41673278808594,-10.855318719476578,-0.5351919801986815,-121.15725667844426,-44.68119,26.504463,1.7236563,62.009052,-16.598139,-4.9092026,12.291117,-11.919886,-4.600318,28.49681,-13.293916,15.000033,-2.4177592,3.77514,20.956503,-35.05608,34.120956,-19.822468,24.619898,2.315287,12.82817,16.338085,-55.983852,-10.158847,26.040457,-36.4814,-7.1851025,-6.380203,-9.333165
788,13.078622817993164,12.331616401672363,70.02973175048828,-10.685956706680077,-0.5596286558829009,-121.71610834244512,-45.88228,27.05876,1.289308,63.37026,-16.001585,-5.2834005,12.925012,-11.983597,-5.6823754,26.844666,-16.021801,15.000033,-2.0753746,3.7471898,21.15107,-32.47001,33.68441,-19.859913,23.600542,2.2510722,13.11994,16.546787,-56.94666,-9.744737,25.84027,-36.092327,-6.6634088,-6.3660245,-8.891441
789,12.907319068908691,12.819963455200195,69.71231079101562,-10.462185379437686,-0.6216230191561296,-122.172154874935,-46.583794,27.398134,0.95413834,64.10057,-15.5526,-5.7811112,13.40818,-12.043361,-6.222084,25.468494,-18.086344,15.000033,-1.8064468,3.740088,21.416656,-29.565971,33.15675,-19.629175,22.13733,2.450402,13.435085,16.600042,-57.953556,-9.37837,25.781025,-35.626896,-6.189116,-6.5981483,-8.756128
790,12.769519805908203,13.244779586791992,69.47674560546875,-10.204516116749279,-0.7288175305734752,-122.57755903160601,-46.99341,27.627838,0.67485106,64.512375,-15.082705,-6.3697376,13.7728615,-12.121717,-6.445685,24.28056,-19.800114,15.000033,-1.5411887,3.7541625,21.75295,-26.447779,32.521194,-19.233627,20.304256,2.8070278,13.754742,16.556707,-59.027393,-9.056655,25.801027,-35.096596,-5.6863303,-7.0039735,-8.8062935
791,12.6572904586792,13.600203514099121,69.31853485107422,-9.94970973094079,-0.8513446774760035,-122.9913897901348,-47.211235,27.832329,0.45729932,64.72857,-14.573419,-6.9867134,14.020728,-12.202287,-6.450887,23.26166,-21.155794,15.000033,-1.2403866,3.8154864,22.073414,-23.188976,31.789043,-18.798304,18.236525,3.2690134,14.064829,16.479277,-60.09877,-8.780975,25.903965,-34.515167,-5.2063937,-7.4185276,-9.001181
792,12.558463096618652,13.892520904541016,69.23342895507812,-9.734466503212367,-0.9588607890358093,-123.47335235716899,-47.342255,28.096508,0.3047595,64.87129,-13.999706,-7.5644817,14.1558485,-12.252776,-6.32058,22.381557,-22.131742,15.000033,-0.87076986,3.949036,22.294384,-19.849087,30.995575,-18.430128,16.056723,3.7755778,14.353179,16.429024,-61.098335,-8.554098,26.1035,-33.899315,-4.80197,-7.675521,-9.305647
793,12.461517333984375,14.135236740112305,69.21623229980469,-9.593167863840074,-1.0741380963971143,-124.07778295718236,-47.36166,28.501472,0.22259896,64.96599,-13.407525,-8.104486,14.1655035,-12.246705,-5.9843946,21.673805,-22.69507,15.000033,-0.40824133,4.1831646,22.42279,-16.318544,30.145956,-18.07983,13.6624365,4.3725905,14.649131,16.399586,-62.031105,-8.377338,26.447206,-33.23979,-4.502935,-7.7554064,-9.848471
794,12.384145736694336,14.336342811584473,69.26499938964844,-9.496534956584725,-1.2055729633555088,-124.75698083760052,-47.22884,28.980522,0.20852375,64.94841,-12.788354,-8.631873,14.05093,-12.218163,-5.425323,21.158102,-22.877909,15.000033,0.12139172,4.489794,22.498228,-12.602284,29.230904,-17.74133,11.014611,5.064707,14.947182,16.360777,-62.915596,-8.247565,26.915678,-32.550987,-4.27301,-7.7400517,-10.606349
795,12.339475631713867,14.5077543258667,69.36933135986328,-9.387493865936328,-1.2994362039968634,-125.4192432579556,-47.029686,29.397501,0.24949044,64.81138,-12.035815,-9.115611,13.841177,-12.219179,-4.7996826,20.76969,-22.743742,15.000033,0.6687947,4.8093095,22.486032,-8.9194765,28.284962,-17.553383,8.334799,5.7288694,15.187092,16.340967,-63.71222,-8.162607,27.420128,-31.875702,-4.057578,-7.6136727,-11.316024
796,12.30107593536377,14.66560173034668,69.5493392944336,-9.210526397191034,-1.3006818116492516,-125.97300104352178,-46.850185,29.615545,0.3306919,64.54587,-11.044807,-9.527637,13.563743,-12.300426,-4.263837,20.440615,-22.354654,15.000033,1.1798549,5.075068,22.355358,-5.4689994,27.374313,-17.621834,5.831991,6.2355886,15.31181,16.372938,-64.38398,-8.12675,27.869455,-31.262905,-3.7992563,-7.3603687,-11.71389
797,12.26702880859375,14.804450035095215,69.8094711303711,-8.960216999239524,-1.1609569024274111,-126.39950002858512,-46.76463,29.636482,0.48234457,64.149185,-9.713769,-9.807867,13.1646385,-12.4622755,-3.8399248,20.189302,-21.687384,15.000033,1.6304014,5.2650065,22.075901,-2.2412071,26.565123,-17.97496,3.5287132,6.479266,15.249259,16.569265,-64.942566,-8.149227,28.236502,-30.74422,-3.4404862,-6.8842807,-11.687636
798,12.234052658081055,14.914237976074219,70.14886474609375,-8.666516482324944,-0.9198345201055846,-126.74475491706404,-46.713867,29.523884,0.695414,63.62521,-8.122213,-9.993271,12.649086,-12.679761,-3.448089,20.038853,-20.721554,15.000033,2.0497837,5.3949237,21.679768,0.8862187,25.877293,-18.518229,1.2883282,6.5297112,15.052578,16.880186,-65.386765,-8.237044,28.562305,-30.320765,-3.0251276,-6.2207475,-11.396351
799,12.20405387878418,14.991193771362305,70.55599975585938,-8.324525321338662,-0.6535783940332689,-127.01456946714286,-46.584557,29.22997,0.893217,62.974327,-6.4392242,-10.204836,12.125694,-12.965645,-3.0929954,19.938475,-19.524818,15.000033,2.4567153,5.460057,21.233309,3.9023376,25.30578,-19.139685,-0.92643946,6.524085,14.854915,17.094793,-65.67173,-8.3905,28.864422,-29.975086,-2.6482265,-5.5512586,-10.981845
800,12.177925109863281,15.027820587158203,71.02019500732422,-7.927676137630551,-0.4387892882091364,-127.21490677351679,-46.26324,28.701607,0.9942326,62.196682,-4.8364797,-10.564772,11.701675,-13.333752,-2.7804914,19.84115,-18.164476,15.000033,2.8693569,5.46254,20.802555,6.802914,24.830864,-19.72636,-3.1564217,6.60413,14.790782,17.004173,-65.76027,-8.605309,29.160828,-29.679113,-2.4012284,-5.0607324,-10.580363
801,12.160821914672852,15.030695915222168,71.5219497680664,-7.448460537735883,-0.28698090733143883,-127.31314608950126,-45.729458,27.919266,1.02128,61.230164,-3.2360048,-10.980412,11.464717,-13.800784,-2.5282083,19.63406,-16.593693,15.000033,3.2601328,5.3781285,20.399397,9.653523,24.444,-20.241806,-5.43257,6.786106,14.915182,16.507502,-65.67557,-8.880781,29.436607,-29.415438,-2.3252149,-4.8065314,-10.157108
802,12.140071868896484,14.994722366333008,72.05839538574219,-6.898086845315539,-0.1624462890210168,-127.31669949011709,-45.047268,26.913832,0.98657906,60.092457,-1.5918485,-11.430935,11.330409,-14.35566,-2.3264706,19.393574,-14.804791,15.000033,3.620205,5.218194,19.99693,12.4728365,24.153296,-20.700499,-7.75115,7.011455,15.149851,15.728921,-65.43922,-9.215039,29.694574,-29.192749,-2.3648667,-4.688603,-9.660726
803,12.130457878112793,14.933013916015625,72.6175537109375,-6.326243974222237,-0.0712696735196034,-127.29435107135649,-44.21908,25.699064,0.79319453,58.898228,-0.13261709,-12.145078,11.154675,-14.963691,-2.1348834,19.336067,-12.923349,15.000033,3.9967003,5.0354595,19.60241,15.194312,23.959455,-21.067377,-10.113615,7.309234,15.428034,14.799156,-65.02258,-9.597656,29.981855,-29.010324,-2.4646456,-4.6580195,-9.198558
804,12.152338027954102,14.835321426391602,73.18978118896484,-5.7795245537274305,-0.01688182874790379,-127.31802597736407,-43.236897,24.285866,0.35334778,57.758453,0.9029058,-13.346993,10.795837,-15.590234,-1.9063764,19.66012,-11.059394,15.000033,4.4383893,4.879602,19.220695,17.746256,23.854502,-21.314207,-12.517541,7.7061057,15.68163,13.849054,-64.40376,-10.011144,30.341522,-28.855742,-2.5702074,-4.664932,-8.877089
805,12.177279472351074,14.696982383728027,73.77877044677734,-5.2440334314775825,0.000957803038830177,-127.41538892331434,-42.02924,22.566069,-0.37269995,56.61697,1.3773196,-15.000033,10.235543,-16.243402,-1.5313632,20.366562,-9.16504,15.000033,4.9792924,4.7481427,18.83614,20.165447,23.82785,-21.41453,-14.9935875,8.300926,15.909452,12.800574,-63.569866,-10.442748,30.783138,-28.70546,-2.711312,-4.7525754,-8.745045
806,12.260607719421387,14.511096954345703,74.3771743774414,-4.4056758597852035,0.08286799551181712,-127.36972412959551,-40.61436,20.569815,-0.36307043,55.282196,1.5271274,-15.000033,9.458353,-17.315145,-1.1784577,21.488262,-7.28274,15.000033,5.40088,4.3281107,18.39811,22.485453,23.859638,-21.365677,-17.532064,9.053413,16.132,11.623297,-62.57602,-10.860556,31.282732,-28.520973,-2.9139879,-4.9291997,-8.729875
807,12.367324829101562,14.30698013305664,74.97234344482422,-3.5269405541017296,0.1269829913030747,-127.33500202353495,-39.103466,18.53421,-0.31930003,54.019268,1.4132787,-15.000033,8.551774,-18.472548,-0.84873605,22.891636,-5.4345083,15.000033,5.8240547,3.8414752,18.01549,24.684376,23.976002,-21.157993,-20.159004,9.7683,16.32174,10.507619,-61.433292,-11.321144,31.831589,-28.384071,-3.0937505,-5.0893006,-8.779761
808,12.481996536254883,14.102021217346191,75.54834747314453,-2.780898306015803,0.10205977747794635,-127.36506534921591,-37.645393,16.843653,-0.25199425,53.067314,1.166963,-15.000033,7.5483875,-19.514465,-0.65000093,24.511467,-3.6697237,15.000033,6.277374,3.451399,17.722065,26.664087,24.15696,-20.8373,-22.799273,10.251193,16.467802,9.668768,-60.22378,-11.782216,32.4175,-28.239285,-3.1884298,-5.1290336,-8.81415
809,12.589488983154297,13.89924144744873,76.11289978027344,-2.191859562101249,0.012614752375010542,-127.46194434388309,-36.26515,15.524595,-0.15067253,52.52004,0.7457457,-15.000033,6.374165,-20.382006,-0.46095252,26.437836,-1.9018872,15.000033,6.75065,3.1873393,17.516531,28.42975,24.397408,-20.401222,-25.459316,10.429664,16.550306,9.232742,-58.936245,-12.239803,33.061028,-28.086308,-3.1189156,-5.0199294,-8.839552
810,12.701925277709961,13.69189167022705,76.64894104003906,-1.699506039054402,-0.12241075805599086,-127.59907658236517,-34.905262,14.411789,-0.01626842,52.260967,0.12789047,-15.000033,5.0582056,-21.140453,-0.25797313,28.615519,-0.100422405,15.000033,7.230783,2.9965794,17.37073,30.02626,24.691181,-19.830042,-28.164019,10.409813,16.590225,9.071195,-57.558445,-12.694082,33.758377,-27.914663,-2.9453228,-4.817938,-8.883319
811,12.810494422912598,13.493362426757812,77.15385437011719,-1.2937376415326134,-0.2861057075924274,-127.73372281583173,-33.590096,13.546677,0.21397051,52.18653,-0.48591602,-15.000033,3.7504106,-21.872753,-0.3604952,30.863728,1.5308534,15.000033,7.675966,2.8543012,17.275343,31.455933,25.03501,-19.10304,-30.919142,10.266346,16.63514,9.00109,-56.137886,-13.145862,34.480595,-27.733353,-2.8041234,-4.546166,-8.91224
812,12.901154518127441,13.314756393432617,77.61631774902344,-0.9586760033989801,-0.46883883830473305,-127.82312942523438,-32.331406,12.964302,0.6031796,52.192097,-0.9032108,-15.000033,2.6032615,-22.708765,-1.1054313,33.03877,2.7522142,15.000033,8.045749,2.7303405,17.22959,32.718346,25.428444,-18.201645,-33.727146,10.074539,16.731798,8.83955,-54.71717,-13.595012,35.195347,-27.551668,-2.8303268,-4.227857,-8.892836
813,12.988296508789062,13.150678634643555,78.02919006347656,-0.6920133195230175,-0.6856609554059401,-127.86791628495713,-31.102224,12.741358,1.2664008,52.30949,-1.1014094,-15.000033,1.6612563,-23.767359,-2.7402108,35.192837,3.4514215,15.000033,8.33198,2.6181934,17.256498,33.82199,25.877617,-17.110945,-36.628296,9.794268,16.920103,8.556221,-53.295216,-14.037606,35.928345,-27.387823,-3.077937,-3.8087883,-8.835618
814,13.060480117797852,13.0048246383667,78.39076232910156,-0.4934468116072467,-0.9517639515812405,-127.87351671155491,-29.870779,12.826085,2.1464262,52.5772,-1.1912503,-15.000033,0.89945936,-25.02217,-5.061299,37.428032,3.7111635,15.000033,8.545196,2.527573,17.364098,34.777233,26.382303,-15.838611,-39.616364,9.402198,17.167303,8.247731,-51.85115,-14.471338,36.688686,-27.229755,-3.4752536,-3.2977798,-8.748972
815,13.1190185546875,12.866044044494629,78.69937133789062,-0.3516444264725652,-1.256086905517739,-127.80978545013045,-28.646854,13.062443,3.0416942,52.901745,-1.1862676,-15.000033,0.3497163,-26.39368,-7.7382,39.711502,3.5691068,15.000033,8.696683,2.4602256,17.53004,35.55205,26.934887,-14.42063,-42.60453,9.004224,17.410908,7.9166765,-50.33079,-14.888081,37.447815,-27.08759,-4.035317,-2.8124697,-8.601557
816,13.167743682861328,12.7412109375,78.95355987548828,-0.2594886070479258,-1.5782160216980088,-127.65091624878274,-27.464981,13.3002825,3.751082,53.19131,-1.0876462,-15.000033,0.0053553977,-27.774931,-10.437501,41.99981,3.083549,15.000033,8.731073,2.4092476,17.703754,36.181957,27.502213,-12.846354,-45.52172,8.695524,17.586117,7.5738864,-48.956264,-15.324049,38.07569,-26.806835,-4.4791574,-2.4724312,-8.346156
817,13.200759887695312,12.631816864013672,79.16793823242188,-0.41973990538441586,-1.8863951410318929,-127.45467686420712,-26.468782,13.800974,4.1242204,53.60564,-0.8237874,-15.000033,-0.085240655,-29.114885,-13.749954,44.30422,2.1646354,14.028508,8.765897,2.58188,17.842497,36.550575,28.082785,-11.152911,-48.318634,8.535867,17.674639,7.121279,-47.491848,-15.768577,38.64387,-26.532825,-5.092765,-2.3364193,-7.959768
818,13.231176376342773,12.533248901367188,79.32962036132812,-0.6458905831315013,-2.1835122749924225,-127.16700926766102,-25.577152,14.423023,4.4273047,54.064404,-0.3863835,-14.912259,0.12081936,-30.624517,-17.555113,46.708473,0.7467109,12.763313,8.721474,2.7942162,17.976141,36.674538,28.674759,-9.33494,-51.018894,8.465741,17.709803,6.587844,-46.003517,-16.22256,39.158176,-26.228868,-5.809002,-2.336579,-7.4697437
819,13.29540729522705,12.425199508666992,79.42988586425781,-0.68309778399032,-2.434732533676476,-126.71141276769251,-24.669973,15.010489,5.343675,54.283764,0.07094395,-13.121069,0.44817334,-32.31501,-21.085947,49.147892,-0.91503334,11.663041,8.533742,2.816458,18.095364,36.55162,29.27338,-7.467049,-53.536606,8.444294,17.704906,6.1423903,-44.50099,-16.686949,39.61933,-25.882933,-6.465784,-2.3975098,-6.9533463
820,13.35799503326416,12.320853233337402,79.47069549560547,-0.7134102597408548,-2.6590428834358715,-126.20893631292603,-23.724262,15.424885,6.0451303,54.22147,0.24694799,-11.840334,0.6808017,-33.618607,-23.720253,51.419285,-2.510405,10.679621,8.322179,2.83239,18.173475,36.170643,29.873463,-5.6369457,-55.782696,8.435847,17.674763,5.9519863,-42.958023,-17.161726,40.04508,-25.500278,-6.9389606,-2.438923,-6.4856596
821,13.419127464294434,12.219415664672852,79.45978546142578,-0.7317188897638027,-2.843470801987735,-125.6427560883451,-22.728151,15.628211,6.5130215,53.80478,0.16736314,-11.294798,0.627722,-34.407402,-25.1701,53.487804,-3.979793,9.800336,8.06479,2.8460333,18.19434,35.49531,30.48545,-3.868253,-57.736713,8.438018,17.607975,6.104782,-41.366962,-17.64514,40.456566,-25.057602,-7.1838465,-2.457905,-6.0898747
822,13.482732772827148,12.117500305175781,79.39369201660156,-0.7481063977772632,-2.9968353301988473,-125.00846926297011,-21.718933,15.684384,6.7973185,53.124546,-0.050155684,-11.245609,0.34214044,-34.818264,-25.780012,55.41616,-5.4237194,9.038131,7.754823,2.8680587,18.168865,34.51916,31.120003,-2.1385975,-59.422226,8.47497,17.502413,6.4911284,-39.740646,-18.136333,40.84028,-24.55153,-7.2692523,-2.487436,-5.725425
823,13.543464660644531,12.0084810256958,79.27898406982422,-0.7539938602605191,-3.134374900185281,-124.34834718126379,-20.71225,15.569262,6.8714914,52.23733,-0.44215056,-11.430572,-0.10360294,-34.976612,-25.8452,57.184734,-6.752917,8.468251,7.4208074,3.0005023,17.973814,32.582176,31.615913,-0.7740668,-60.000134,8.606488,17.311432,6.9075985,-38.17203,-18.49494,41.261433,-23.71578,-7.264184,-2.5009553,-5.3585405
824,13.60434627532959,11.89318561553955,79.1115493774414,-0.7391058294379402,-3.2672792577451713,-123.70442747117171,-19.72847,15.262699,6.709203,51.20963,-1.0625905,-11.57936,-0.6146994,-35.028397,-25.669792,58.782177,-7.895461,8.159203,7.2556686,3.1129534,17.713865,30.102613,32.335434,0.3651404,-60.000134,8.709175,17.138159,7.3594604,-36.374138,-19.008156,41.50858,-23.075918,-7.2185216,-2.467767,-5.0031486
825,13.659468650817871,11.773725509643555,78.89501190185547,-0.7061094531608666,-3.4007727436973245,-123.07978445167961,-18.729115,14.654237,6.1096787,49.905704,-1.9204935,-11.666808,-1.1809545,-34.969093,-25.245003,60.20231,-8.925247,8.106685,7.133012,3.207458,17.471054,27.616997,33.060253,1.5021949,-60.000134,8.930468,17.021933,7.7607107,-34.524063,-19.532354,41.654526,-22.502615,-7.0856686,-2.3568232,-4.6157618
826,13.708944320678711,11.648858070373535,78.628662109375,-0.6605482570087169,-3.52836730621737,-122.4558981949142,-17.708494,13.8164215,5.151712,48.345837,-2.9908018,-11.790341,-1.8469836,-34.7273,-24.459553,61.451668,-9.850034,8.280501,7.0059147,3.27154,17.248734,25.13374,33.80225,2.7020175,-60.000134,9.229835,16.934357,8.166538,-32.6221,-20.065245,41.734142,-22.005348,-6.857883,-2.1892,-4.2223496
827,13.750813484191895,11.531103134155273,78.32227325439453,-0.599840761828382,-3.6454647044737962,-121.84183880449405,-16.74844,12.991446,4.2208385,46.837963,-4.285199,-11.877265,-2.5863523,-34.362904,-23.46382,62.54502,-10.507041,8.707809,6.879562,3.2880266,17.05817,22.685638,34.554024,3.940381,-60.000134,9.566534,16.888855,8.526569,-30.716318,-20.608335,41.75018,-21.60062,-6.663335,-2.0171263,-3.8391871
828,13.797998428344727,11.41872501373291,77.98294067382812,-0.5189974952440006,-3.7463801542226487,-121.2454268165023,-15.947009,12.389988,3.7041996,45.682533,-5.8101516,-11.886271,-3.3744848,-33.939716,-22.400768,63.492275,-10.735072,9.421326,6.755916,3.2398438,16.912174,20.302753,35.29702,5.19618,-60.000134,9.903103,16.898407,8.785067,-28.84492,-21.164747,41.70806,-21.318853,-6.6347065,-1.894748,-3.4826293
829,13.832740783691406,11.312570571899414,77.59854888916016,-0.43482751601970665,-3.8236029876977558,-120.68771263455429,-15.3176,12.105406,3.7917848,44.92818,-7.722056,-11.836196,-4.271087,-33.304573,-21.090382,64.17687,-10.485955,10.5637665,6.6581273,3.1484523,16.793861,17.967218,36.005688,6.5062656,-60.000134,10.200187,16.971956,8.910571,-26.993181,-21.736834,41.60103,-21.157017,-6.910566,-1.8371904,-3.1727598
830,13.859579086303711,11.217395782470703,77.1695556640625,-0.3439337034084034,-3.8817572377210445,-120.15821144501288,-14.820822,11.994729,4.248499,44.425377,-9.96591,-11.759587,-5.246646,-32.462376,-19.534954,64.633064,-9.873563,12.091435,6.568704,3.0212538,16.706678,15.6755905,36.671925,7.8878417,-60.000134,10.493462,17.097284,8.930108,-25.153545,-22.323696,41.43871,-21.102861,-7.383779,-1.8180624,-2.8953636
831,13.88587474822998,11.144462585449219,76.716552734375,-0.21096575842584434,-3.9357907374397354,-119.61780822011497,-14.478942,11.902224,4.8239675,44.171444,-12.228715,-11.646343,-6.1734095,-31.721743,-18.116796,65.09324,-8.959466,13.759952,6.487787,2.887873,16.57368,12.868388,37.335377,8.939358,-59.34575,10.875315,17.201576,8.851885,-23.341492,-22.913807,41.251743,-21.042074,-7.8107634,-1.8274335,-2.6202357
832,13.902774810791016,11.11184024810791,76.25325775146484,-0.1269966927589018,-3.9558052667373436,-119.0943191235159,-14.401781,11.861559,5.2388473,44.250946,-14.241678,-11.509496,-7.000403,-31.290745,-17.330257,65.75942,-7.7501154,15.000033,6.439281,2.8249981,16.35781,9.479482,38.042877,9.547753,-57.903553,11.403724,17.24194,8.715379,-21.590155,-23.506563,41.05924,-20.977377,-7.9511595,-1.8560338,-2.3068922
833,13.909396171569824,11.122984886169434,75.79316711425781,-0.08615404934746668,-3.9391734312331748,-118.58714416895606,-14.693002,11.884696,5.502221,44.834446,-15.961994,-11.251805,-7.7295976,-31.46806,-17.625109,66.73727,-5.820323,15.000033,6.4230723,2.7600608,16.153538,5.8053517,38.816093,9.885109,-56.124195,12.158197,17.316101,8.564238,-19.919756,-24.108017,40.80194,-21.021797,-7.743106,-1.8779634,-1.9570565
834,13.910415649414062,11.161141395568848,75.3360824584961,0.05388953126192123,-3.929504467427224,-118.03572336245357,-15.217817,11.802094,5.760418,45.774315,-17.499859,-10.856057,-8.38396,-32.163994,-18.394264,67.93457,-3.2906442,15.000033,6.3879023,2.5476825,16.013151,1.9037896,39.64841,10.016215,-54.06452,13.065624,17.419424,8.393667,-18.288116,-24.71876,40.46859,-21.19829,-7.312365,-1.9035299,-1.5856065
835,13.910907745361328,11.206409454345703,74.89382934570312,0.26357951798549245,-3.9198321906455216,-117.44989284511358,-15.81836,11.595594,5.912265,46.747417,-18.838823,-10.506865,-8.915744,-33.15883,-19.356224,69.24733,-0.96572167,15.000033,6.344509,2.2008255,15.912089,-2.007052,40.513466,9.924279,-51.80304,13.969553,17.48021,8.238267,-16.65818,-25.337181,40.096493,-21.488163,-6.72313,-1.97688,-1.1652831
836,13.895891189575195,11.270310401916504,74.47068786621094,0.5041686556346688,-3.9017228912648303,-116.84443251215524,-16.32502,11.270625,5.8619633,47.424526,-19.964272,-10.390485,-9.284441,-34.16204,-20.214819,70.54155,0.34449136,15.000033,6.3024716,1.7534415,15.8188095,-5.719915,41.369507,9.581133,-49.408154,14.716586,17.428349,8.128046,-15.000751,-25.9591,39.73016,-21.856613,-6.040182,-2.1418097,-0.66782635
837,13.854472160339355,11.34257698059082,74.08357238769531,0.8043382051317357,-3.8770750979933473,-116.19152581072855,-16.686728,10.755098,5.5171156,47.696228,-20.877537,-10.640436,-9.405522,-35.186993,-20.9504,71.84512,0.080392905,15.000033,6.233774,1.1639601,15.735473,-9.28164,42.187344,8.936467,-46.820282,15.339629,17.191364,8.081131,-13.307748,-26.579565,39.384724,-22.279129,-5.1698723,-2.4327977,-0.0651754
838,13.793378829956055,11.41515064239502,73.75082397460938,1.1656755663374236,-3.8495850924769455,-115.49541243667134,-16.986856,10.089233,4.957429,47.746284,-21.593216,-11.131084,-9.32276,-36.308025,-21.677912,73.196686,-1.2216645,15.000033,6.1287,0.44350335,15.674903,-12.77788,42.944218,8.0256405,-44.031456,15.892091,16.826067,8.076211,-11.615844,-27.195417,39.05266,-22.7609,-4.111624,-2.8114872,0.6272043
839,13.712559700012207,11.49682903289795,73.4803237915039,1.482262156482715,-3.813679605819725,-114.82220077158499,-17.257757,9.464164,4.3374968,47.690598,-22.119513,-11.662395,-9.193481,-37.302235,-22.316881,74.44438,-2.7019792,15.000033,6.00957,-0.27155572,15.621518,-16.038298,43.602585,6.985704,-41.195423,16.251324,16.4486,8.069456,-9.987608,-27.804193,38.763073,-23.293648,-3.0696728,-3.2156372,1.3681929
840,13.628451347351074,11.583929061889648,73.28137969970703,1.6568588951233616,-3.7615273575588377,-114.23490881184216,-17.53604,9.055872,3.8066888,47.643085,-22.455914,-12.035261,-9.177413,-37.967274,-22.795256,75.43465,-3.4833024,15.000033,5.878596,-0.84101754,15.565632,-18.827005,44.123985,6.01098,-38.495842,16.307306,16.169912,7.9986463,-8.518128,-28.40515,38.56631,-23.843458,-2.2506213,-3.5885081,2.1099806
841,13.552772521972656,11.668305397033691,73.1765365600586,1.6619674216838456,-3.6629101622923,-113.76170506723136,-17.861717,8.9108925,3.423075,47.645977,-22.593912,-12.166098,-9.375805,-38.259495,-23.071836,76.139565,-3.2793665,15.000033,5.718821,-1.2167462,15.478637,-20.932068,44.469822,5.2486215,-36.05061,15.962469,16.035122,7.7601624,-7.2656336,-29.004246,38.519314,-24.349464,-1.7329811,-3.9435961,2.8861427
842,13.471489906311035,11.758866310119629,73.16236114501953,1.552589215317777,-3.5273666196873674,-113.3640204951484,-18.205791,8.931288,3.093885,47.63102,-22.531181,-12.174834,-9.689328,-38.284378,-23.199526,76.62855,-2.5586135,15.000033,5.49587,-1.4496562,15.377159,-22.458326,44.636147,4.6602316,-33.757988,15.326548,15.968852,7.3798637,-6.236075,-29.608124,38.62768,-24.792793,-1.4035192,-4.3035517,3.6991804
843,13.372527122497559,11.862306594848633,73.23114776611328,1.3480166345035958,-3.4104183867695106,-113.00532052168296,-18.501394,9.074439,2.7454755,47.542282,-22.272324,-12.167943,-9.989518,-38.044876,-23.218624,76.910545,-1.631927,15.000033,5.2378097,-1.5516628,15.306627,-23.41553,44.66137,4.226042,-31.702894,14.570715,15.909925,7.0072,-5.3830967,-30.215687,38.81041,-25.228243,-1.1869059,-4.6312866,4.455875
844,13.24952220916748,11.990633964538574,73.3677978515625,1.0719720510751556,-3.365493858951141,-112.64944965624464,-18.681032,9.300094,2.3052135,47.323463,-21.822092,-12.252294,-10.14942,-37.544872,-23.164274,77.000206,-0.82219523,15.000033,4.9450674,-1.5540972,15.323684,-24.084375,44.607452,3.8082619,-29.72355,13.879005,15.7937155,6.79573,-4.679445,-30.819,39.01505,-25.717567,-1.006673,-4.889394,5.061019
845,13.096761703491211,12.143134117126465,73.5625228881836,0.7005924101586457,-3.4310737406396714,-112.29318538984633,-18.694345,9.63312,1.7441849,46.952133,-21.17807,-12.471988,-10.083167,-36.79157,-23.118168,76.88831,-0.14064828,15.000033,4.6335077,-1.4495211,15.460223,-24.506124,44.522297,3.3312438,-27.761896,13.175183,15.601613,6.831484,-4.1142673,-31.411547,39.233353,-26.293797,-0.90767956,-5.0607867,5.500095
846,12.915456771850586,12.311545372009277,73.81119537353516,0.2298812446672717,-3.569465657668587,-111.95290060729809,-18.588627,10.084575,1.1017947,46.461143,-20.340359,-12.766428,-9.880409,-35.77927,-23.032362,76.57073,0.5573826,15.000033,4.3157167,-1.2506617,15.677148,-24.634996,44.418713,2.8089485,-25.836472,12.383818,15.373068,7.03584,-3.6734216,-31.99106,39.47367,-26.939371,-0.91044664,-5.173085,5.821661
847,12.70870304107666,12.50329303741455,74.11000061035156,-0.2846233926807837,-3.7217827449409255,-111.62108183267296,-18.440351,10.590165,0.40651125,45.876705,-19.3176,-13.085295,-9.665825,-34.502842,-22.761562,76.06424,1.1992373,15.000033,4.0010786,-1.0194936,15.920832,-24.555279,44.301136,2.257532,-23.972942,11.680941,15.13249,7.3221846,-3.3102052,-32.550697,39.693176,-27.646656,-0.8994935,-5.2536597,6.027943
848,12.486410140991211,12.704588890075684,74.46163177490234,-0.7904782991677975,-3.8312315250795645,-111.29020799462782,-18.325647,11.083663,-0.31304595,45.225346,-18.117336,-13.377987,-9.555061,-32.954674,-22.167233,75.38905,1.7086734,15.000033,3.7068422,-0.81460565,16.13391,-24.325037,44.167885,1.6968232,-22.22382,11.242527,14.907747,7.6066427,-2.9719083,-33.08228,39.841602,-28.403679,-0.7603177,-5.328784,6.1232586
849,12.242233276367188,12.915886878967285,74.85707092285156,-1.2628966815583198,-3.8978913976086655,-110.943684510909,-18.241507,11.526667,-1.0654224,44.488873,-16.697334,-13.641359,-9.528704,-31.173939,-21.229033,74.575485,2.0986917,15.000033,3.4144173,-0.6584729,16.32338,-23.98523,44.02141,1.0840336,-20.536118,11.212741,14.703761,7.9441714,-2.6577244,-33.57885,39.915024,-29.224155,-0.44735783,-5.4015226,6.085371
850,11.986832618713379,13.138636589050293,75.28275299072266,-1.7302938249279887,-3.9498253860258976,-110.5872880158611,-18.153816,11.953633,-1.8622164,43.663296,-15.069285,-13.899321,-9.512917,-29.164494,-20.025536,73.612114,2.3913145,15.000033,3.1295455,-0.5228536,16.50978,-23.470375,43.864754,0.4229526,-18.929808,11.465863,14.511011,8.359801,-2.38328,-34.03686,39.929607,-30.102026,-0.028290499,-5.460492,5.9216466
851,11.71282958984375,13.372527122497559,75.73613739013672,-2.2050133747133827,-3.972477998266531,-110.2452551345388,-18.088556,12.401026,-2.6783245,42.792706,-13.316872,-14.139617,-9.517249,-26.880632,-18.570547,72.45581,2.517919,15.000033,2.878259,-0.39138973,16.66679,-22.855139,43.69625,-0.24889427,-17.395733,11.779581,14.332051,8.715175,-2.1514077,-34.456436,39.891712,-30.994486,0.442856,-5.509099,5.6783137
852,11.4263277053833,13.610718727111816,76.20613861083984,-2.699682956461117,-3.957068836810328,-109.93734352756665,-18.067749,12.898925,-3.489113,41.91867,-11.522345,-14.347375,-9.540375,-24.274233,-16.868954,71.06236,2.3992515,15.000033,2.682131,-0.24854228,16.773088,-22.222303,43.511436,-0.8956895,-15.91428,11.930272,14.165586,8.868595,-1.9626701,-34.84119,39.80717,-31.865574,0.9119032,-5.5496354,5.4013643
853,11.119237899780273,13.86225414276123,76.69066619873047,-3.214196562021803,-3.9120178400947516,-109.64563726516688,-18.078255,13.416677,-4.361471,41.0081,-9.642186,-14.543219,-9.596541,-21.108713,-14.614589,69.371925,1.8632964,15.000033,2.5363474,-0.09850495,16.835756,-21.541136,43.306496,-1.5022678,-14.533891,11.870414,14.0363035,8.722398,-1.8041077,-35.191307,39.667583,-32.7144,1.4017857,-5.590108,5.0709076
854,10.800278663635254,14.118660926818848,77.17084503173828,-3.71159746035086,-3.8546326927015127,-109.34360641320026,-18.093718,13.902922,-5.280271,40.041576,-7.647529,-14.715318,-9.571583,-17.549864,-11.882903,67.449875,0.9515939,15.000033,2.4088933,0.025999317,16.879599,-20.787863,43.083282,-2.088001,-13.241196,11.716932,13.936106,8.368998,-1.6822621,-35.50664,39.476845,-33.559086,1.9297616,-5.628126,4.672185
855,10.470585823059082,14.377342224121094,77.64616394042969,-4.168352986549806,-3.784387253779562,-109.0479536478546,-18.132166,14.3781395,-6.0972157,39.094017,-5.6476445,-14.802718,-9.351624,-14.128173,-9.224212,65.41656,-0.07344044,15.000033,2.2969768,0.11336704,16.901339,-19.998978,42.842865,-2.6520555,-11.987155,11.491538,13.813746,7.9540887,-1.6144394,-35.79168,39.24957,-34.388313,2.43224,-5.6488547,4.2583103
856,10.141343116760254,14.638833999633789,78.11060333251953,-4.595984035377473,-3.690112901986527,-108.79536704493971,-18.23268,14.907159,-6.667044,38.25498,-3.7581868,-14.752226,-8.932077,-11.300474,-7.188779,63.348606,-0.9075193,15.000033,2.2151837,0.18161333,16.885645,-19.18116,42.583115,-3.180135,-10.749763,11.2172985,13.617278,7.6245613,-1.616032,-36.053665,38.998737,-35.195328,2.847651,-5.6358833,3.8819647
857,9.808162689208984,14.910655975341797,78.55496215820312,-5.0463011597224074,-3.5541290007604185,-108.62129670577782,-18.43499,15.534311,-7.1108103,37.530537,-1.9236753,-14.562743,-8.36053,-9.029816,-5.936378,61.141342,-1.5084699,15.000033,2.1956615,0.2799771,16.817596,-18.35234,42.298317,-3.6697674,-9.498282,10.810959,13.304313,7.394021,-1.6867378,-36.29687,38.718678,-35.99607,3.1768563,-5.566457,3.558334
858,9.473638534545898,15.181669235229492,78.97162628173828,-5.512607621592229,-3.384372520508858,-108.5051562136096,-18.723461,16.237808,-7.451127,36.89183,-0.116943516,-14.256797,-7.688717,-7.0542893,-5.1309333,58.74519,-2.00006,15.000033,2.2288873,0.4001419,16.703856,-17.489847,41.98585,-4.124797,-8.267699,10.292955,12.913918,7.1901603,-1.8126905,-36.523144,38.402435,-36.7963,3.4478104,-5.454177,3.2576292
859,9.14268970489502,15.45079231262207,79.35527801513672,-5.938592487064843,-3.1974583579883538,-108.41666614184213,-19.06499,17.020731,-7.3952603,36.381344,1.4990499,-13.819891,-6.9729323,-5.4357834,-4.630545,56.298504,-2.2900388,15.000033,2.2752655,0.49833003,16.55237,-16.592894,41.652676,-4.55219,-7.0774403,9.834542,12.509031,7.0309944,-2.0022187,-36.738888,38.069344,-37.568146,3.6411772,-5.335807,2.9646616
860,8.817854881286621,15.708869934082031,79.7007827758789,-6.269264064662147,-3.005246532328785,-108.33173784477735,-19.420671,17.897207,-6.6463404,36.041958,2.7557325,-13.23696,-6.2708883,-4.258333,-4.334784,53.95837,-2.2831566,15.000033,2.2987142,0.5354979,16.36911,-15.655233,41.310814,-4.9542074,-5.953177,9.603583,12.15297,6.938873,-2.266323,-36.95328,37.7409,-38.287212,3.7390113,-5.2483883,2.6644459
861,8.510485649108887,15.958720207214355,79.99380493164062,-6.521433543505658,-2.7977878604907045,-108.27006742339842,-19.755604,19.002588,-4.921861,35.820618,3.628776,-12.521077,-5.607427,-3.6270158,-4.4542084,51.764137,-1.8289839,15.000033,2.307979,0.52741235,16.138262,-14.659658,40.966564,-5.325104,-4.898157,9.686522,11.834516,6.9483294,-2.6014497,-37.17301,37.420357,-38.955856,3.694111,-5.217518,2.3529828
862,8.212783813476562,16.203079223632812,80.23978424072266,-6.729428725616456,-2.569476823828604,-108.24996594281934,-20.05569,20.316956,-2.4315424,35.72802,4.1680613,-11.67935,-4.963729,-3.4212,-5.029258,49.62934,-1.0019715,15.000033,2.3262405,0.500762,15.860277,-13.606487,40.61835,-5.659543,-3.9094644,9.975534,11.529079,7.0426426,-3.0022192,-37.400826,37.09863,-39.59576,3.5322583,-5.217208,2.0373828
863,7.924067974090576,16.443201065063477,80.43272399902344,-6.871043718330769,-2.3408940646426544,-108.24332960770931,-20.30837,21.62584,0.37670434,35.881927,4.32488,-10.68989,-4.3353405,-3.427342,-5.713301,47.550457,-0.056928538,15.000033,2.3366587,0.43273345,15.567466,-12.524817,40.26715,-5.962744,-2.9941432,10.343877,11.27935,7.168161,-3.4720159,-37.63885,36.77821,-40.209442,3.3412576,-5.207838,1.7188036
864,7.645991325378418,16.675100326538086,80.57404327392578,-6.922350145482083,-2.1309726363195765,-108.21933485625283,-20.539904,22.719048,3.034716,36.387257,4.068433,-9.526716,-3.7250385,-3.4601216,-6.1423655,45.52236,0.7510119,15.000033,2.320192,0.29815888,15.290783,-11.442875,39.91544,-6.239962,-2.1603422,10.664206,11.127305,7.2696295,-4.0129366,-37.887913,36.46156,-40.798912,3.2081387,-5.1509614,1.3986266
865,7.376862525939941,16.91053581237793,80.65446472167969,-6.859280201576026,-1.9212781078349992,-108.18217423639314,-20.79669,23.686644,5.725608,37.36858,3.1936495,-7.9286914,-3.153711,-3.6496925,-6.431651,43.525284,1.4461602,15.000033,2.2754474,0.07393416,15.010612,-10.354294,39.56631,-6.4956656,-1.4222133,10.954879,11.108628,7.358306,-4.636025,-38.150795,36.157654,-41.371647,3.161144,-5.0153027,1.0657209
866,7.111390590667725,17.146774291992188,80.68790435791016,-6.699560117761551,-1.7106932139034854,-108.14253826949516,-21.018097,24.599768,8.564856,38.7183,1.7526459,-6.0154843,-2.6248376,-4.051328,-6.730758,41.59543,2.1187153,15.000033,2.2090364,-0.22295092,14.721153,-9.253776,39.219875,-6.727847,-0.76764184,11.263269,11.193129,7.453931,-5.3340993,-38.428898,35.86385,-41.92946,3.1518583,-4.829135,0.7228722
867,6.858877182006836,17.39394187927246,80.67219543457031,-6.4780796551586075,-1.5362837357581374,-108.07923274403663,-21.167545,25.2148,10.975678,40.194775,0.17579605,-4.3077874,-2.1339555,-4.3976045,-6.68801,39.8304,2.5827205,15.000033,2.116093,-0.558534,14.466014,-8.158769,38.872265,-6.9288926,-0.17683333,11.510069,11.322592,7.513608,-6.087353,-38.719917,35.5612,-42.45609,3.1567686,-4.64368,0.3938006
868,6.613873481750488,17.643356323242188,80.59698486328125,-6.234464232539283,-1.431193068923177,-107.97769704718152,-21.27561,25.289864,12.41608,41.564148,-1.0395948,-3.2960873,-1.6823715,-4.442177,-5.9367275,38.320026,2.684012,15.000033,1.9982667,-0.89686537,14.282895,-7.0958276,38.51811,-7.0956197,0.37842414,11.615235,11.4383545,7.4950156,-6.8754134,-39.01923,35.231018,-42.935402,3.1499143,-4.5095897,0.102650136
869,6.382572650909424,17.890762329101562,80.46650695800781,-5.9411806559174165,-1.4037717434957517,-107.8163667577729,-21.473415,24.470955,12.322034,42.827824,-1.5856712,-3.2830687,-1.3458309,-4.054736,-3.97893,37.198723,2.4781964,15.000033,1.8382318,-1.2602322,14.185,-6.0751166,38.151432,-7.2206893,0.89945334,11.538104,11.547035,7.361208,-7.708797,-39.323997,34.871746,-43.360485,3.1022105,-4.4430223,-0.15796486
870,6.168201446533203,18.136077880859375,80.28120422363281,-5.583125652071958,-1.4167978517829445,-107.62929167414354,-21.76888,22.93679,11.184473,44.10354,-1.7638844,-3.97304,-1.1381985,-3.4329305,-1.1385993,36.467903,2.058244,15.000033,1.6570876,-1.66385,14.127909,-5.088129,37.77074,-7.3113203,1.3803529,11.329632,11.672855,7.1432395,-8.599933,-39.634743,34.4951,-43.72828,3.0346673,-4.415659,-0.39525855
871,5.956691741943359,18.388484954833984,80.04622650146484,-5.21771433223849,-1.442546241110271,-107.47521080032719,-22.019674,21.284906,10.030672,45.329773,-1.9696909,-4.9156084,-0.94163287,-2.8093731,1.7221359,35.952442,1.3093027,15.000033,1.509898,-2.0554075,14.074931,-4.122461,37.37737,-7.3846703,1.8258882,11.049922,11.783424,6.902174,-9.519331,-39.950478,34.098896,-44.048344,2.9909415,-4.411848,-0.58482295
872,5.735047817230225,18.64316177368164,79.75457763671875,-4.910076509547272,-1.4762855408270543,-107.3868972914741,-22.09779,20.175901,9.808771,46.433437,-2.543064,-5.5871162,-0.60820276,-2.411961,3.7338943,35.385735,0.05513751,15.000033,1.4323574,-2.3768013,14.013283,-3.1677928,36.9753,-7.4605103,2.2435946,10.757859,11.84607,6.698881,-10.440844,-40.270706,33.68017,-44.321903,3.0173807,-4.4160466,-0.70104396
873,5.497183322906494,18.914976119995117,79.40290832519531,-4.738896011259859,-1.5315069673012376,-107.37844706046376,-21.937145,19.909534,10.824591,47.450607,-3.557669,-5.910328,0.03057089,-2.2258697,4.632137,34.475883,-1.9502174,15.000033,1.4437811,-2.5527816,13.943887,-2.2175498,36.56818,-7.531188,2.6261513,10.410595,11.829372,6.523163,-11.356974,-40.598423,33.22265,-44.55799,3.150142,-4.431042,-0.7201274
874,5.254526138305664,19.18812370300293,78.99559783935547,-4.59384533125659,-1.6206690027296156,-107.40299067227477,-21.555212,20.042646,12.561661,48.364613,-4.8113227,-6.1073933,0.87919295,-2.1905649,4.9181147,33.395424,-4.5943704,14.976413,1.4995363,-2.6921706,13.891746,-1.2759377,36.157215,-7.5894003,2.9694893,9.9941435,11.759186,6.3507376,-12.281827,-40.935036,32.732254,-44.754738,3.35863,-4.463034,-0.66152763
875,5.0138444900512695,19.44365119934082,78.5440673828125,-4.464429680358854,-1.7478903894899713,-107.42858295065467,-21.051895,20.391462,14.535446,49.131783,-6.24131,-6.1439986,1.7673014,-2.2377534,4.772793,32.352615,-7.423102,14.738637,1.565878,-2.8040903,13.881062,-0.35319865,35.741932,-7.6590466,3.2907238,9.609818,11.687267,6.222166,-13.219787,-41.275543,32.24118,-44.899906,3.5852818,-4.5013185,-0.5630926
876,4.787508010864258,19.686222076416016,78.07289123535156,-4.425126503711144,-1.916784836407183,-107.43694112885382,-20.600307,20.872383,16.19906,49.763954,-7.812615,-6.0091763,2.5425813,-2.2260406,4.377906,31.512424,-9.95726,14.314394,1.6241461,-2.809115,13.930552,0.5302774,35.319027,-7.7721887,3.615385,9.359605,11.664215,6.179651,-14.17157,-41.608204,31.777378,-44.97785,3.7711837,-4.535385,-0.4622547
877,4.579042434692383,19.917648315429688,77.59581756591797,-4.491339143146737,-2.17327452604737,-107.42807872879446,-20.172691,21.578146,17.603218,50.217236,-9.6732025,-5.524794,3.176286,-2.1546643,3.6266105,31.03507,-12.183778,13.554752,1.6736121,-2.686181,14.079234,1.3609525,34.8894,-7.9422245,3.9308326,9.276339,11.715214,6.241599,-15.202332,-41.928513,31.348913,-44.944683,3.9287417,-4.569309,-0.3749606
878,4.383888244628906,20.16074562072754,77.13481903076172,-4.623286863642605,-2.5012311187980347,-107.4061578199479,-19.69571,22.489662,18.96561,50.492016,-11.799232,-4.7838163,3.756455,-2.088025,2.513449,30.799335,-14.339572,12.69147,1.7181913,-2.4792626,14.302795,2.1422987,34.453014,-8.156508,4.2412224,9.303714,11.808662,6.3838935,-16.296497,-42.23395,30.94445,-44.810905,4.0780725,-4.6055994,-0.27722046
879,4.192223072052002,20.40914535522461,76.69512939453125,-4.813867268615945,-2.8096386053930726,-107.35980670719766,-19.315763,23.394554,19.991173,50.66497,-13.87794,-4.1515846,4.298261,-1.967692,1.2979401,30.564337,-16.333084,11.841376,1.7481858,-2.205243,14.522585,2.8738203,34.001785,-8.414201,4.6020584,9.412792,11.910275,6.58523,-17.339634,-42.512066,30.557438,-44.621635,4.176051,-4.6311183,-0.14498673
880,4.008245468139648,20.66118812561035,76.28145599365234,-5.0562464698769185,-3.0076113690861295,-107.28110586070284,-19.192493,24.110697,20.398788,50.82249,-15.583777,-3.9580884,4.8107395,-1.732052,0.23303892,30.08478,-18.05885,11.118309,1.7577914,-1.8794761,14.657353,3.5466647,33.523746,-8.719557,5.0789657,9.576649,11.985689,6.824474,-18.228308,-42.743515,30.183104,-44.41271,4.182403,-4.632481,0.046989575
881,3.8344123363494873,20.9038028717041,75.91804504394531,-5.413787063311639,-3.0412202176951046,-107.17165780352767,-19.464794,24.63125,19.926971,50.975945,-16.849401,-4.3808064,5.2763667,-1.2997959,-0.68409777,29.233984,-19.453938,10.520472,1.7254982,-1.4429836,14.655878,4.1564307,33.012108,-9.079161,5.6598325,9.876982,12.064077,7.142121,-19.023422,-42.915375,29.85517,-44.14322,4.0915694,-4.6241884,0.3033442
882,3.672990560531616,21.13981819152832,75.61111450195312,-5.862289194589608,-2.9681091050267088,-107.03815089098175,-20.028376,25.049643,18.803928,51.08743,-17.840525,-5.186042,5.7034397,-0.72508913,-1.5741999,28.14781,-20.57622,9.990133,1.6609238,-0.91135496,14.56506,4.6963997,32.465347,-9.490658,6.3363514,10.302042,12.153337,7.5343943,-19.776861,-43.021164,29.576828,-43.77984,3.9225137,-4.6068244,0.6140859
883,3.5119307041168213,21.356021881103516,75.35692596435547,-6.275134471793678,-2.8681078377893567,-106.88014900928073,-20.671444,25.343277,17.486544,51.171387,-18.578434,-6.0769825,6.1309476,-0.15351477,-2.3657093,26.978573,-21.493118,9.551398,1.6091355,-0.40989164,14.451226,5.156728,31.880993,-9.947296,7.1780972,10.685036,12.184459,7.914769,-20.355953,-43.049824,29.294386,-43.37907,3.66433,-4.5464926,0.9833604
884,3.360889196395874,21.551326751708984,75.15058135986328,-6.531637904073678,-2.821564611281838,-106.69417126296865,-21.183123,25.499624,16.421938,51.242195,-19.077389,-6.7643404,6.585497,0.26624048,-2.9890125,25.898043,-22.278103,9.222554,1.615699,-0.060278345,14.380759,5.532299,31.259333,-10.445781,8.252076,10.860095,12.085552,8.197163,-20.6362,-42.98995,28.949162,-42.991924,3.3172288,-4.410258,1.4169922
885,3.1990621089935303,21.735950469970703,74.9898681640625,-6.567791813672524,-2.859019693769,-106.47681496153302,-21.496029,25.46957,15.680755,51.292442,-19.307615,-7.203459,7.0628448,0.45920065,-3.3783028,24.979765,-22.975027,9.0232725,1.7039576,0.06798955,14.3872,5.8265424,30.595266,-10.964499,9.589871,10.767761,11.788407,8.30701,-20.521442,-42.823708,28.4944,-42.671204,2.7951279,-4.17299,1.9682764
886,3.0333292484283447,21.90500259399414,74.87923431396484,-6.4630269121802755,-2.9362410680467503,-106.22961907173793,-21.720715,25.275034,15.035901,51.31836,-19.274103,-7.5424714,7.539276,0.50677305,-3.5967274,24.140827,-23.539516,8.924881,1.8443935,0.054145567,14.428659,6.054695,29.891628,-11.508708,11.146026,10.502305,11.346817,8.305738,-20.1071,-42.54505,27.98127,-42.369965,2.1225398,-3.8625555,2.6231666
887,2.8723487854003906,22.06193733215332,74.81698608398438,-6.306209887067743,-3.018712034006668,-105.95524739059064,-21.921001,25.020277,14.479932,51.341953,-19.036884,-7.784594,8.007895,0.49676102,-3.764597,23.327473,-23.91713,8.869649,1.9997237,-0.00017254731,14.458852,6.240507,29.164984,-12.110978,12.86357,10.127961,10.869947,8.31152,-19.558657,-42.168118,27.50386,-41.990463,1.4667022,-3.5227394,3.2844443
888,2.7166388034820557,22.213237762451172,74.80772399902344,-6.18554747188165,-3.071385123981093,-105.65654572758392,-22.16199,24.80828,14.005905,51.384354,-18.655344,-7.932789,8.4649105,0.51935405,-3.9984186,22.483698,-24.051708,8.799976,2.13782,0.0047578006,14.434457,6.4033885,28.437244,-12.8058815,14.682742,9.706643,10.466079,8.444264,-18.992975,-41.719337,27.138693,-41.475517,0.9782221,-3.192069,3.8489754
889,2.5778801441192627,22.341846466064453,74.8490982055664,-6.144630939097597,-3.0894465311848154,-105.32467402997732,-22.492283,24.7059,13.628814,51.509365,-18.109175,-7.9198728,8.911357,0.6219823,-4.3375363,21.600943,-23.88622,8.687938,2.2595365,0.11859596,14.356116,6.528647,27.71496,-13.623514,16.646465,9.193724,10.15952,8.738936,-18.353466,-41.21054,26.87332,-40.86057,0.72798735,-2.8483415,4.303538
890,2.452009677886963,22.455543518066406,74.93903350830078,-6.12968477247462,-3.0898630195193606,-104.96052913945658,-22.869036,24.646427,13.34419,51.68352,-17.371672,-7.7766695,9.343764,0.746558,-4.716987,20.715542,-23.466759,8.5609455,2.383639,0.2795856,14.247383,6.622642,26.995989,-14.5368595,18.752914,8.571524,9.8921,9.129316,-17.586565,-40.643444,26.665813,-40.186398,0.6299499,-2.4784236,4.6926904
891,2.3351354598999023,22.552629470825195,75.07222747802734,-6.083924122589701,-3.069755877299304,-104.58085076721595,-23.220066,24.533195,13.115074,51.782257,-16.496378,-7.648992,9.760492,0.8281929,-5.096492,19.823479,-22.89594,8.447556,2.5052135,0.4180714,14.1009,6.7295074,26.29107,-15.494731,20.880678,7.941726,9.645178,9.586456,-16.802471,-40.03627,26.54021,-39.40763,0.5975408,-2.1320252,4.9969153
892,2.228921413421631,22.64035987854004,75.24166870117188,-5.949235310047648,-3.02703314242571,-104.20304238665379,-23.474258,24.268793,12.902159,51.684277,-15.544545,-7.6764765,10.1630125,0.80266327,-5.4359717,18.916788,-22.273888,8.377654,2.6169379,0.46477392,13.913116,6.8998613,25.615973,-16.440968,22.893894,7.404051,9.405281,10.080431,-16.100727,-39.4131,26.516884,-38.494457,0.5419432,-1.8604529,5.192124
893,2.130202293395996,22.715534210205078,75.44039916992188,-5.694088924813583,-2.9537274121588184,-103.83026245431641,-23.62563,23.830917,12.745752,51.383606,-14.456467,-7.807694,10.53791,0.6343723,-5.718779,18.002218,-21.598627,8.362389,2.7188737,0.38425076,13.681671,7.137003,24.980362,-17.380512,24.797354,6.9737487,9.197995,10.639668,-15.483369,-38.790154,26.607178,-37.426926,0.550329,-1.7239982,5.223957
894,2.037656307220459,22.777294158935547,75.65813446044922,-5.356207527253971,-2.855033494508638,-103.45254753388761,-23.713984,23.274797,12.640325,50.93649,-13.228618,-8.000193,10.888452,0.3633255,-5.969791,17.087189,-20.82894,8.384087,2.8147945,0.22139192,13.416283,7.4244657,24.384207,-18.334745,26.635109,6.597539,9.0211735,11.2672,-14.873401,-38.171646,26.784357,-36.26006,0.6311706,-1.6803544,5.1134872
895,1.9534504413604736,22.820005416870117,75.89075469970703,-4.982943562851838,-2.749806244497791,-103.06774244406127,-23.729038,22.61414,12.477348,50.31081,-12.014988,-8.396793,11.237831,0.040529743,-6.211105,16.171642,-20.011469,8.429854,2.9038224,0.026781946,13.131519,7.7731442,23.828943,-19.2767,28.341286,6.2709656,8.818657,11.89571,-14.294974,-37.565468,27.002634,-35.03428,0.6088188,-1.6273924,4.952504
896,1.8938548564910889,22.85184097290039,76.13329315185547,-4.621134897305388,-2.6559418626722464,-102.67521288419059,-23.654163,21.860418,12.149736,49.47752,-10.976038,-9.133012,11.611231,-0.2801717,-6.464613,15.24741,-19.188185,8.486989,2.984596,-0.1503712,12.842771,8.197745,23.317787,-20.175314,29.84504,5.9918284,8.535441,12.456264,-13.769608,-36.982674,27.218906,-33.792934,0.30373105,-1.4619606,4.8329196
897,1.8439533710479736,22.88585662841797,76.37176513671875,-4.265373678676924,-2.5830217969099887,-102.2725819950698,-23.423977,20.955324,11.610479,48.331673,-10.115624,-10.453828,12.028326,-0.59900993,-6.7318754,14.295434,-18.342594,8.555729,3.0619128,-0.31068364,12.561647,8.714701,22.85259,-21.026712,31.132223,5.7005005,8.100956,12.940956,-13.26545,-36.429924,27.412325,-32.569916,-0.42071512,-1.1258299,4.7417436
898,1.7968320846557617,22.913150787353516,76.5988540649414,-3.901328964467574,-2.5213222629599352,-101.86229367687044,-23.055454,19.919205,10.91689,46.918716,-9.377133,-12.204284,12.474189,-0.932049,-7.002636,13.315967,-17.456213,8.641257,3.1387858,-0.47248936,12.2814245,9.3082905,22.435776,-21.848778,32.238266,5.419651,7.5639772,13.38113,-12.774231,-35.91284,27.597446,-31.344498,-1.4340346,-0.68325764,4.646732
899,1.7656294107437134,22.926128387451172,76.81649017333984,-3.5510649285625235,-2.4578072417195784,-101.45096596937728,-22.64794,18.881092,10.135012,45.427578,-8.811777,-13.915766,12.914888,-1.2523695,-7.280309,12.34358,-16.574823,8.739375,3.212642,-0.6131363,11.992354,9.94521,22.07107,-22.642275,33.16089,5.2687626,7.050044,13.769459,-12.32429,-35.43881,27.780157,-30.115255,-2.5298908,-0.21608914,4.6060357
900,1.7501543760299683,22.934371948242188,77.02232360839844,-3.233785182563687,-2.3776682293894735,-101.04376576804661,-22.309963,17.963213,9.360174,44.0559,-8.456591,-15.000033,13.32054,-1.5397787,-7.5681396,11.406072,-15.7409315,8.846817,3.2805128,-0.712449,11.685336,10.593185,21.762217,-23.40672,33.8945,5.3637924,6.6862636,14.101383,-11.946261,-35.016792,27.965351,-28.879135,-3.5007505,0.19120473,4.6717687
901,1.7498435974121094,22.94390296936035,77.20912170410156,-2.8904232838469466,-2.2544883892653758,-100.57487157066602,-22.081825,17.04199,8.608845,42.777485,-8.346993,-15.000033,13.627641,-1.8858224,-7.931876,10.621505,-15.021426,8.9882965,3.278561,-0.8296574,11.3407,11.250091,21.510622,-24.149616,34.420147,5.841462,6.5284705,14.358262,-11.63596,-34.654324,28.139957,-27.658365,-4.3294597,0.5735368,4.905242
902,1.7501171827316284,22.949390411376953,77.37899017333984,-2.6150529222866536,-2.130215521871155,-100.13811431247697,-21.894571,16.233194,7.6949034,41.590405,-8.49061,-15.000033,13.966057,-2.143798,-8.272721,9.758853,-14.273105,9.122192,3.303627,-0.8733141,10.989397,11.932953,21.316748,-24.866814,34.73781,6.601746,6.5048647,14.549132,-11.373496,-34.35548,28.298475,-26.46073,-5.1118183,0.9536629,5.260098
903,1.7529600858688354,22.958894729614258,77.52731323242188,-2.393362132708723,-2.0064588171970046,-99.74607687181744,-21.72347,15.592029,6.8045297,40.499805,-8.716456,-15.000033,14.301058,-2.3360963,-8.579543,8.883063,-13.545653,9.252531,3.3660212,-0.8561573,10.647394,12.631152,21.179483,-25.54215,34.875908,7.4045043,6.5491266,14.712618,-11.158439,-34.12114,28.457848,-25.267017,-5.815342,1.2286345,5.6183486
904,1.7628183364868164,22.96988296508789,77.65381622314453,-2.207261252879585,-1.8855913300169678,-99.4075339242587,-21.545572,15.163389,6.1200767,39.50191,-8.851749,-15.000033,14.593309,-2.4915783,-8.845301,8.0759115,-12.8981,9.384963,3.4700935,-0.7942098,10.331175,13.334117,21.095882,-26.158665,34.86307,8.010384,6.5939913,14.888146,-10.993965,-33.947956,28.637432,-24.055298,-6.4040556,1.2985189,5.859043
905,1.7794737815856934,22.98352813720703,77.75775146484375,-2.0535441553536775,-1.7626859127337242,-99.11905970693536,-21.360983,14.97572,5.724057,38.58143,-8.865896,-15.000033,14.828521,-2.6185527,-9.077846,7.3570447,-12.337868,9.523403,3.6110756,-0.688501,10.03815,14.029507,21.068,-26.746826,34.699287,8.323722,6.6213284,15.122084,-10.895397,-33.834377,28.849094,-22.788752,-6.8999834,1.0763847,5.9425554
906,1.7947190999984741,22.997028350830078,77.8392333984375,-1.9307446701269342,-1.6340171774449839,-98.86952624834345,-21.190344,14.975604,5.5201693,37.73884,-8.845204,-15.000033,14.805548,-2.7536821,-9.275172,7.1602807,-12.089445,9.667581,3.778521,-0.5439404,9.7596035,14.727046,21.096043,-27.301346,34.368877,8.483339,6.665732,15.381006,-10.860312,-33.780094,29.082684,-21.489296,-7.3099227,0.6382315,5.9315867
907,1.8237993717193604,23.01729393005371,77.89799499511719,-1.79819066620417,-1.5022997577438482,-98.63485611597889,-21.033894,15.029871,5.482449,36.96295,-8.774377,-14.551314,14.713468,-2.9236012,-9.462266,7.102858,-11.964052,9.8296175,3.946042,-0.40309188,9.502425,15.448071,21.170986,-27.751226,33.882404,8.601789,6.7387166,15.587206,-10.871349,-33.782795,29.331966,-20.206846,-7.577524,0.12999533,5.8611946
908,1.8604910373687744,23.03262710571289,77.93521881103516,-1.6891513109346499,-1.3819995532593128,-98.45260079677239,-20.902697,15.144462,5.462244,36.320183,-8.68743,-13.944233,14.618766,-3.0761015,-9.594421,7.0576267,-11.903762,9.990344,4.141461,-0.24486192,9.275129,16.216284,21.27948,-28.02058,33.250996,8.794215,6.8526497,15.661984,-10.922832,-33.83869,29.599562,-18.987322,-7.644892,-0.3021046,5.7694635
909,1.9054299592971802,23.047225952148438,77.9513931274414,-1.60310395176529,-1.2710490913662909,-98.33942484237207,-20.81137,15.354338,5.4833198,35.84952,-8.5793295,-13.130318,14.515273,-3.2113943,-9.6543,7.025343,-11.913721,10.149341,4.3733554,-0.070172995,9.07171,17.05077,21.410404,-28.0675,32.455273,9.083232,7.011827,15.56612,-11.035885,-33.94639,29.902765,-17.823391,-7.402721,-0.6215892,5.6536474
910,1.9548293352127075,23.064105987548828,77.94835662841797,-1.5408172635273694,-1.165763011575609,-98.28552142864383,-20.757683,15.672937,5.582462,35.531197,-8.460477,-12.1325035,14.400207,-3.329099,-9.656746,7.0071955,-11.988371,10.308963,4.6321774,0.12619579,8.889262,17.93529,21.559677,-27.933502,31.50075,9.414459,7.20752,15.346421,-11.218586,-34.1029,30.247938,-16.688774,-6.9142575,-0.9060206,5.5001364
911,2.0076003074645996,23.082494735717773,77.9242935180664,-1.5025281656750151,-1.0730047718007576,-98.26151701956671,-20.722673,16.023825,5.6674323,35.310516,-8.356994,-11.117557,14.290978,-3.4255424,-9.631728,6.995698,-12.118277,10.467096,4.8945622,0.34598595,8.737766,18.836502,21.72469,-27.672146,30.44144,9.785683,7.432905,15.054856,-11.450055,-34.30203,30.618578,-15.590128,-6.3786044,-1.180857,5.332476
912,2.0673372745513916,23.105627059936523,77.88382720947266,-1.4902426652813927,-0.9995299880801466,-98.2379797868455,-20.68462,16.32986,5.64304,35.126812,-8.282106,-10.253523,14.204663,-3.4974906,-9.608684,6.983284,-12.293296,10.621524,5.1393337,0.5910529,8.627288,19.718313,21.904541,-27.339462,29.333254,10.194656,7.6814923,14.743326,-11.704639,-34.53533,30.994225,-14.534908,-5.9955707,-1.4703199,5.1729703
913,2.132265329360962,23.127376556396484,77.8243179321289,-1.5092681701863364,-0.9453308678011512,-98.22123826918019,-20.647896,16.607126,5.5040684,34.98939,-8.222891,-9.547422,14.138826,-3.5378702,-9.58463,6.9696736,-12.517415,10.767102,5.3713465,0.8694141,8.560107,20.58625,22.096647,-26.926882,28.169945,10.684539,7.9798837,14.401822,-11.989291,-34.79973,31.37107,-13.516807,-5.7944202,-1.7769512,5.049217
914,2.203693151473999,23.149084091186523,77.7480697631836,-1.558142825359651,-0.907427548350042,-98.22267351865077,-20.619925,16.887367,5.291859,34.917725,-8.169453,-8.920042,14.0865555,-3.5504153,-9.54769,6.9585185,-12.79606,10.905459,5.600445,1.177506,8.529776,21.452787,22.298609,-26.414669,26.932287,11.242657,8.32015,14.0090885,-12.320635,-35.094074,31.759285,-12.526999,-5.673889,-2.0886712,4.94236
915,2.2811760902404785,23.170455932617188,77.6600112915039,-1.6250735673442047,-0.8884345454663357,-98.22011123115973,-20.582947,17.117765,4.9774175,34.86786,-8.131162,-8.411982,14.0585375,-3.5476444,-9.513585,6.9466696,-13.114406,11.0444975,5.8115172,1.4995359,8.532266,22.292896,22.511805,-25.842497,25.657482,11.780966,8.646504,13.602849,-12.663086,-35.412193,32.156067,-11.581214,-5.6570415,-2.4067988,4.805237
916,2.3629026412963867,23.19410514831543,77.5559310913086,-1.6940836610990433,-0.8903527179893428,-98.19198233944711,-20.516521,17.244104,4.5331707,34.79611,-8.116106,-8.06442,14.065474,-3.543095,-9.498306,6.931665,-13.462886,11.193256,5.9927197,1.8183459,8.563487,23.07834,22.741146,-25.253479,24.385262,12.20883,8.905309,13.223446,-12.982559,-35.7452,32.55386,-10.693384,-5.764931,-2.7332253,4.5915265
917,2.4481122493743896,23.215167999267578,77.44087219238281,-1.7618924211402023,-0.9163920524197668,-98.13450222948052,-20.437147,17.225737,3.8714223,34.735863,-8.100467,-7.841475,14.112866,-3.5396397,-9.499322,6.91133,-13.858785,11.354164,6.1410437,2.12835,8.627283,23.811401,22.992361,-24.650314,23.12032,12.482376,9.072841,12.8946705,-13.29241,-36.089314,32.964153,-9.857526,-6.047539,-3.0791547,4.2665277
918,2.535423994064331,23.235685348510742,77.3173599243164,-1.8349095630667913,-0.9638999898293928,-98.0589720507606,-20.342865,17.101511,3.0342972,34.696503,-8.084526,-7.7358828,14.193723,-3.5306103,-9.510305,6.887599,-14.3009405,11.523261,6.2634883,2.4364002,8.723907,24.50857,23.266523,-24.011908,21.838425,12.653062,9.183351,12.592326,-13.608379,-36.442596,33.385864,-9.062511,-6.479992,-3.438273,3.8609934
919,2.627387046813965,23.250167846679688,77.18875122070312,-1.9162439593597598,-1.026738497876551,-97.96579881390667,-20.18377,16.938133,2.1894433,34.59256,-8.111445,-7.831732,14.301683,-3.5149648,-9.541958,6.861222,-14.749224,11.700165,6.3624372,2.7435193,8.842237,25.16295,23.56141,-23.345926,20.540136,12.774165,9.270448,12.286362,-13.888166,-36.79912,33.79133,-8.321166,-6.9799204,-3.7831497,3.4292214
920,2.719994068145752,23.258838653564453,77.05712890625,-2.0132388070674745,-1.1006005745458947,-97.85408501022643,-19.91554,16.806932,1.4996818,34.344578,-8.2291155,-8.213236,14.4289055,-3.489639,-9.60538,6.8427525,-15.169465,11.883606,6.440578,3.0542316,8.971942,25.763079,23.873396,-22.663364,19.22912,12.899412,9.367915,11.94667,-14.075534,-37.151203,34.146423,-7.654455,-7.47039,-4.08824,3.0278149
921,2.821366786956787,23.265689849853516,76.9244613647461,-2.1342476534526376,-1.2072200564165527,-97.72022756283837,-19.473196,16.732368,1.0016936,33.89638,-8.461985,-9.092672,14.595346,-3.4406207,-9.707803,6.8455358,-15.579958,12.069516,6.4964194,3.3826277,9.134122,26.304935,24.205585,-21.961771,17.908005,13.0222025,9.476355,11.548356,-14.194674,-37.495255,34.45592,-7.041939,-7.930942,-4.350358,2.6591868
922,2.926872491836548,23.26311683654785,76.79285430908203,-2.276925396722502,-1.3391386424630325,-97.5657199421015,-18.8944,16.682278,0.62074834,33.287502,-8.776805,-10.357404,14.801709,-3.3705714,-9.84159,6.8450775,-15.980932,12.25948,6.5273685,3.7222152,9.322084,26.799633,24.560076,-21.23465,16.572638,13.120831,9.581527,11.113239,-14.243602,-37.830368,34.728638,-6.490176,-8.416464,-4.581728,2.298977
923,3.037097215652466,23.246864318847656,76.66482543945312,-2.416075650537904,-1.4533901874910078,-97.39764839123836,-18.305607,16.634708,0.34507984,32.62195,-9.151622,-11.607981,14.999132,-3.3125086,-9.994854,6.8422837,-16.339436,12.460224,6.5410066,4.042326,9.492388,27.245012,24.928871,-20.496012,15.230948,13.226518,9.691775,10.682782,-14.217667,-38.154434,34.95593,-5.9889426,-8.908949,-4.7829456,1.9646903
924,3.1477205753326416,23.222265243530273,76.5536880493164,-2.5230448886208494,-1.5077104173217997,-97.2230255871719,-17.828842,16.56075,0.15291633,31.997911,-9.560041,-12.44827,15.137701,-3.3017309,-10.1559305,6.8385534,-16.621384,12.679492,6.544106,4.312577,9.599946,27.631731,25.29743,-19.761848,13.901573,13.372656,9.815019,10.299059,-14.078443,-38.465054,35.12163,-5.5521245,-9.410687,-4.95465,1.6744294
925,3.269742727279663,23.176231384277344,76.46199798583984,-2.600540928348425,-1.494201080118686,-97.03611295522411,-17.482203,16.462906,0.05294319,31.416801,-10.085321,-12.710406,15.214727,-3.3363159,-10.333397,6.8320055,-16.82775,12.924888,6.531796,4.5383477,9.627058,27.951618,25.657515,-19.037838,12.604466,13.6021,9.954313,9.969598,-13.831241,-38.763287,35.227608,-5.1804357,-9.927784,-5.0872803,1.4497331
926,3.4038774967193604,23.117666244506836,76.38226318359375,-2.657334695671141,-1.4345792093976206,-96.83592082371385,-17.205711,16.348001,0.043510158,30.835098,-10.709008,-12.6256,15.253685,-3.4019892,-10.529268,6.821774,-16.972206,13.191135,6.5020123,4.7351284,9.598414,28.200754,26.008545,-18.319221,11.340436,13.88973,10.104198,9.674134,-13.506626,-39.049927,35.28829,-4.8527226,-10.450456,-5.184551,1.2762274
927,3.5480055809020996,23.056318283081055,76.34736633300781,-2.6812105821122034,-1.3323966443072914,-96.63687594314287,-17.007448,16.19058,0.08122323,30.290836,-11.255426,-12.400662,15.249214,-3.515622,-10.721592,6.811238,-17.043625,13.466192,6.462987,4.886342,9.530195,28.376116,26.345188,-17.60545,10.102446,14.166573,10.260086,9.413774,-13.044156,-39.319565,35.288937,-4.595187,-10.9887295,-5.2667193,1.1176044
928,3.7067348957061768,22.987520217895508,76.34727478027344,-2.6557204734296964,-1.1910599041063097,-96.45324062638052,-16.891565,15.967209,0.12921815,29.813087,-11.5461645,-12.246322,15.196337,-3.6939104,-10.888218,6.8004103,-17.028538,13.737973,6.4321136,4.9779005,9.443542,28.461996,26.664024,-16.905134,8.88721,14.362951,10.4182415,9.1911745,-12.579362,-39.566566,35.272034,-4.282281,-11.451175,-5.354824,0.9382642
929,3.869462490081787,22.908952713012695,76.3729248046875,-2.56333028052372,-0.9805853585691958,-96.2758626865351,-16.926989,15.650246,0.1710843,29.447758,-11.485059,-12.209507,15.063628,-3.9543993,-11.035844,6.788303,-16.917906,14.001166,6.387293,4.9833074,9.302407,28.461449,26.953268,-16.200567,7.702618,14.462351,10.58577,9.017082,-11.8520775,-39.779846,35.16424,-4.1116548,-11.987962,-5.448628,0.7296448
930,4.032629013061523,22.823060989379883,76.42427062988281,-2.4154931417243133,-0.7098960580807351,-96.10113627949107,-17.086739,15.258111,0.23179689,29.163527,-11.182371,-12.18448,14.860395,-4.2851543,-11.1705,6.7795506,-16.7216,14.262942,6.3518763,4.9252453,9.121865,28.347628,27.221394,-15.517849,6.55761,14.502909,10.762908,8.889833,-11.357057,-39.962593,35.115196,-3.7095866,-12.349959,-5.5414634,0.5114907
931,4.209817886352539,22.734294891357422,76.4924087524414,-2.238589523925979,-0.4414940489384465,-95.95129103664513,-17.233082,14.838496,0.3372721,28.875961,-10.771798,-12.154148,14.654315,-4.6548843,-11.270616,6.767872,-16.449936,14.528599,6.3020334,4.8380675,8.944416,28.184378,27.462996,-14.836014,5.4326177,14.500468,10.93528,8.785793,-10.6703205,-40.10225,35.01562,-3.392501,-12.744959,-5.63457,0.28646055
932,4.392433166503906,22.640531539916992,76.57106018066406,-2.070919145632122,-0.23333238770556294,-95.85498800328854,-17.238678,14.452244,0.5095465,28.508907,-10.390895,-12.103779,14.501372,-5.0221496,-11.306195,6.7559156,-16.116798,14.800217,6.265914,4.770741,8.827714,27.98407,27.688917,-14.172951,4.315479,14.4689,11.088861,8.684369,-9.94618,-40.200073,34.911583,-3.0310607,-13.070333,-5.733514,0.06180782
933,4.582770824432373,22.543264389038086,76.66352081298828,-1.916993666268212,-0.08910734504635515,-95.8181385991239,-17.10331,14.11222,0.7529815,28.075779,-10.053797,-12.017689,14.40383,-5.368375,-11.258044,6.742966,-15.731781,15.000033,6.253936,4.7302213,8.776137,27.734138,27.907732,-13.534409,3.213699,14.396455,11.21013,8.574259,-9.164094,-40.24939,34.78974,-2.6117604,-13.293576,-5.8583775,-0.16792323
934,4.777538299560547,22.439437866210938,76.77104187011719,-1.7510974182235315,0.013632561401739313,-95.81774712025619,-16.875721,13.773602,1.0541478,27.591213,-9.686415,-11.904375,14.345954,-5.708508,-11.138633,6.719432,-15.284813,15.000033,6.2496986,4.6807103,8.771422,27.42747,28.123085,-12.916895,2.126186,14.277925,11.31063,8.469554,-8.36831,-40.248726,34.663616,-2.1115358,-13.417599,-6.002041,-0.40230092
935,4.975836277008057,22.323205947875977,76.89054870605469,-1.5975755596822772,0.07379980238214662,-95.86554223854235,-16.5375,13.462558,1.4030882,27.020912,-9.315296,-11.795673,14.320536,-6.0435925,-10.967898,6.694189,-14.759427,15.000033,6.241597,4.6424575,8.806605,27.114105,28.32956,-12.299397,1.0189533,14.136236,11.412956,8.382989,-7.479877,-40.201683,34.52587,-1.6465951,-13.564557,-6.126215,-0.6307871
936,5.181575775146484,22.215206146240234,77.0125961303711,-1.4756132999475056,0.08611630086499542,-95.97434656838966,-16.081066,13.201983,1.7885636,26.363695,-8.982732,-11.727622,14.312221,-6.3561735,-10.731376,6.695746,-14.151217,15.000033,6.233301,4.6295953,8.88886,26.824091,28.522516,-11.674233,-0.1369077,13.996112,11.539703,8.328716,-6.673445,-40.124275,34.449654,-1.1416999,-13.719996,-6.1935744,-0.84214354
937,5.400930881500244,22.103647232055664,77.1337890625,-1.4136692636890946,0.025333988294269798,-96.14707131588726,-15.477442,13.026647,2.1923327,25.627474,-8.718876,-11.724755,14.320699,-6.6151853,-10.428352,6.7894287,-13.504076,15.000033,6.2177157,4.680118,9.041477,26.571815,28.689625,-11.034199,-1.3612628,13.876809,11.700544,8.321297,-5.8600965,-40.02222,34.407513,-0.66485304,-13.935616,-6.18493,-1.05219
938,5.6309428215026855,21.985252380371094,77.25817108154297,-1.3865005733897608,-0.08992548137446067,-96.38485740076537,-14.7317505,12.903238,2.6420822,24.788296,-8.487339,-11.759359,14.363429,-6.8463593,-10.064691,6.8975005,-12.7807255,15.000033,6.205579,4.7668624,9.250966,26.33042,28.83046,-10.3871975,-2.6317387,13.765628,11.881819,8.348839,-5.0769563,-39.900517,34.40476,-0.16741638,-14.150091,-6.122788,-1.2601523
939,5.867626667022705,21.867263793945312,77.38777160644531,-1.3774803575187862,-0.22924314157617817,-96.66689236443308,-13.910356,12.804795,3.125569,23.88503,-8.26695,-11.802932,14.404138,-7.0671,-9.652587,7.028757,-11.970172,15.000033,6.1712046,4.870805,9.483905,26.092304,28.948027,-9.733138,-3.9149501,13.636315,12.069899,8.38629,-4.3225117,-39.766468,34.450928,0.3271751,-14.378692,-6.0307593,-1.4350166
940,6.112548351287842,21.7432861328125,77.523193359375,-1.3724065012885283,-0.36105158637635953,-96.9743244545197,-13.077529,12.701488,3.6347873,22.950958,-8.0358925,-11.827993,14.402107,-7.299988,-9.2004175,7.195447,-11.058821,15.000033,6.0950317,4.968422,9.707551,25.850101,29.048666,-9.073688,-5.1803923,13.462323,12.250843,8.408693,-3.645542,-39.63058,34.571423,0.83067024,-14.607367,-5.9331446,-1.5459712
941,6.371200084686279,21.61311149597168,77.66242218017578,-1.3588260414809974,-0.4741569127499003,-97.33113476099192,-12.213771,12.584946,4.207275,21.948593,-7.785446,-11.8404665,13.456064,-7.6897373,-8.573103,9.280707,-11.047189,15.000033,5.9900246,5.045635,9.910917,25.629587,29.129345,-8.397751,-6.452132,13.23422,12.425224,8.405013,-3.0564508,-39.50095,34.78413,1.3402311,-14.83142,-5.8192754,-1.5759623
942,6.644527435302734,21.481843948364258,77.79678344726562,-1.3232136391439977,-0.5770715531887085,-97.74814171841102,-11.289891,12.445406,4.857242,20.855507,-7.5187273,-11.851129,12.238186,-8.128196,-7.837737,11.862929,-11.187567,15.000033,5.870276,5.0945945,10.108379,25.43035,29.188457,-7.7032933,-7.741938,12.967603,12.59874,8.388714,-2.5211904,-39.379383,35.068935,1.838163,-15.058464,-5.6816525,-1.5451982
943,6.909654140472412,21.352251052856445,77.92144775390625,-1.2550708326561069,-0.6678475096175233,-98.18832915171687,-10.360272,12.258171,5.5388093,19.7343,-7.233077,-11.841145,10.911306,-8.5923395,-7.0267134,14.591162,-11.274971,15.000033,5.7227435,5.099441,10.305033,25.206724,29.240656,-7.009061,-9.0058,12.67165,12.765759,8.372473,-2.032742,-39.266228,35.394352,2.3232508,-15.283346,-5.5492983,-1.4786878
944,7.175212860107422,21.224180221557617,78.0354995727539,-1.1493522904197364,-0.7473694785465962,-98.6103881393011,-9.483231,12.011487,6.196346,18.65608,-6.9305444,-11.790213,9.49719,-9.067537,-6.1601663,17.42678,-11.269422,15.000033,5.5362253,5.05132,10.507784,24.910925,29.310444,-6.3394303,-10.201147,12.350953,12.9210205,8.370125,-1.5835534,-39.1615,35.72364,2.7949882,-15.498807,-5.451725,-1.4011078
945,7.43613338470459,21.101633071899414,78.14060974121094,-1.003029552109892,-0.8038532801268012,-99.00703421260039,-8.675738,11.695625,6.817643,17.614977,-6.5949264,-11.669865,7.961124,-9.551035,-5.2269797,20.420902,-11.174427,15.000033,5.31775,4.9452195,10.701526,24.528744,29.411322,-5.717558,-11.324609,11.97129,13.058887,8.394294,-1.1576531,-39.067425,36.044865,3.2511702,-15.708579,-5.4112463,-1.3084273
946,7.693984508514404,20.98785400390625,78.23043060302734,-0.8275272353644286,-0.8427772064643837,-99.3968151056471,-7.908785,11.327918,7.423617,16.587105,-6.2350316,-11.499922,6.325947,-10.017794,-4.2250576,23.53612,-10.989232,15.000033,5.080223,4.7912006,10.8880625,24.077267,29.546055,-5.13731,-12.395544,11.532741,13.184375,8.438058,-0.7460405,-38.985733,36.361156,3.680906,-15.915204,-5.4082193,-1.1906006
947,7.944381237030029,20.88719367980957,78.30389404296875,-0.6468801317780665,-0.8949209035878596,-99.77253062745505,-7.1756334,10.951639,7.999191,15.628828,-5.895015,-11.330801,4.6987405,-10.423465,-3.2019126,26.622078,-10.682992,15.000033,4.8165445,4.6130633,11.10241,23.55636,29.724346,-4.5795426,-13.40764,11.089728,13.308249,8.486094,-0.34040242,-38.91233,36.653328,4.0627112,-16.115585,-5.409217,-1.0638247
948,8.18118953704834,20.793333053588867,78.3572769165039,-0.4819936977619249,-0.9917279470319738,-100.12682831887214,-6.4701476,10.60978,8.529344,14.798845,-5.6195226,-11.211592,3.1673138,-10.74242,-2.2097237,29.573576,-10.242417,15.000033,4.520677,4.431549,11.380076,22.967117,29.961271,-4.025264,-14.354927,10.694352,13.442122,8.522984,0.06735365,-38.839985,36.901375,4.377839,-16.308397,-5.381008,-0.94335485
949,8.395026206970215,20.713478088378906,78.39616394042969,-0.3387402287783763,-1.1468287451620236,-100.45394243650628,-5.7816324,10.311047,9.008945,14.100018,-5.4098797,-11.16075,1.721786,-10.974852,-1.2150097,32.44528,-9.631557,15.000033,4.185019,4.246418,11.735702,22.312044,30.266718,-3.4709654,-15.252001,10.344351,13.599137,8.555921,0.47622412,-38.763485,37.10461,4.613687,-16.513401,-5.3092656,-0.83141685
950,8.592366218566895,20.63887596130371,78.42406463623047,-0.21205066874920453,-1.3447227437316451,-100.7571970406592,-5.114621,10.042894,9.442831,13.505026,-5.247462,-11.149322,0.31657845,-11.13525,-0.22368006,35.30302,-8.887842,15.000033,3.8185472,4.049867,12.148283,21.586178,30.642403,-2.93307,-16.094778,10.011189,13.770323,8.591449,0.8835837,-38.679913,37.269535,4.7861075,-16.725489,-5.2142086,-0.7199543
951,8.775749206542969,20.571720123291016,78.44374084472656,-0.10342531488204407,-1.5733482215815333,-101.0426915576737,-4.497753,9.812787,9.830947,13.054158,-5.1529427,-11.1536,-1.0256575,-11.251669,0.655079,38.080074,-8.119173,15.000033,3.440609,3.845684,12.600066,20.782612,31.091082,-2.423062,-16.853247,9.708838,13.933916,8.613223,1.2982026,-38.585323,37.3848,4.9198146,-16.909983,-5.11476,-0.6087266
952,8.93985366821289,20.507516860961914,78.45077514648438,-0.01017204825373965,-1.8205619939827056,-101.31627397504356,-3.946347,9.62224,10.17681,12.760697,-5.1380434,-11.149837,-2.2934937,-11.36665,1.3190587,40.72434,-7.436743,15.000033,3.070822,3.6353278,13.073842,19.894365,31.61638,-1.9534218,-17.499134,9.451567,14.068493,8.605098,1.7303926,-38.475483,37.437138,5.038058,-17.032248,-5.029751,-0.4974936
953,9.084188461303711,20.462799072265625,78.44861602783203,0.058019471092227,-2.1021539285437654,-101.60130114134132,-3.46711,9.500204,10.49145,12.689426,-5.2406373,-11.144086,-3.4916434,-11.509249,1.7132047,43.276085,-6.7808895,15.000033,2.7285254,3.4221845,13.590355,18.917109,32.22263,-1.5173149,-18.041693,9.228979,14.158779,8.563003,2.1801996,-38.347645,37.41736,5.125649,-17.082169,-4.9607706,-0.37020054
954,9.208854675292969,20.427024841308594,78.43778991699219,0.10553427383735443,-2.418141770139401,-101.88845223095119,-3.0454295,9.432818,10.774348,12.802114,-5.4379377,-11.14308,-4.652935,-11.703886,1.8988584,45.796017,-6.128971,15.000033,2.403506,3.1997375,14.148753,17.848164,32.91114,-1.1219673,-18.488249,9.036122,14.220651,8.496156,2.6402867,-38.20085,37.33368,5.1819353,-17.077187,-4.899052,-0.23194951
955,9.325151443481445,20.396991729736328,78.41609954833984,0.1606388274631502,-2.730710369576145,-102.13338938514835,-2.669338,9.357069,11.009131,12.966716,-5.653934,-11.124968,-5.7952566,-11.969068,1.9756874,48.233006,-5.6404285,15.000033,2.068327,2.9540312,14.698884,16.68425,33.67792,-0.80113566,-18.80571,8.896304,14.277085,8.409457,3.1260853,-38.031933,37.19389,5.2399607,-17.032898,-4.848149,-0.114889234
956,9.442797660827637,20.36220359802246,78.38885498046875,0.24552056379033788,-3.004181261301406,-102.28882572354205,-2.32644,9.210821,11.17576,13.052538,-5.8131604,-11.068814,-6.9160376,-12.285509,2.0626006,50.50346,-5.4780555,15.000033,1.6922039,2.672442,15.190649,15.417782,34.516666,-0.589242,-18.961388,8.833356,14.352858,8.307304,3.651331,-37.836124,37.00622,5.3347206,-16.965126,-4.811578,-0.05096727
957,9.552919387817383,20.326923370361328,78.35757446289062,0.390938797599378,-3.241970152295803,-102.33923581037043,-1.9985802,8.950301,11.271753,13.020289,-5.897722,-10.964906,-8.009243,-12.643969,2.243632,52.623817,-5.763864,15.000033,1.2542592,2.3285632,15.625455,14.042528,35.43271,-0.48345774,-18.968563,8.844028,14.462716,8.194229,4.2169843,-37.609135,36.772774,5.466923,-16.859024,-4.8000116,-0.06301604
958,9.655941009521484,20.285202026367188,78.32744598388672,0.5739579593458872,-3.4601452948726235,-102.30691077945069,-1.6967531,8.618545,11.301153,12.941599,-5.947076,-10.826131,-9.065188,-13.029786,2.4670086,54.60731,-6.386423,15.000033,0.77275157,1.9338604,16.022451,12.556366,36.42592,-0.47982424,-18.840252,8.916918,14.591387,8.068752,4.8128667,-37.348503,36.491135,5.6254745,-16.71219,-4.8090515,-0.12903376
959,9.74738597869873,20.243003845214844,78.30760192871094,0.743034415559829,-3.6428394248457283,-102.19983200468444,-1.455503,8.284589,11.252292,12.858576,-5.975479,-10.665414,-10.067248,-13.404927,2.6439757,56.3556,-7.1653523,15.000033,0.27027297,1.5349785,16.361204,10.9653635,37.47234,-0.6055366,-18.544043,9.069974,14.71731,7.925259,5.4392657,-37.05193,36.163822,5.825062,-16.56307,-4.8192525,-0.21305862
960,9.83347225189209,20.195209503173828,78.30079650878906,0.847859025608604,-3.7734677075174816,-102.02743384993741,-1.3091091,8.016405,11.116565,12.8133135,-5.996625,-10.49571,-11.0039015,-13.7426815,2.6779287,57.78229,-7.919656,15.000033,-0.23466848,1.1834854,16.624268,9.270567,38.53534,-0.8852053,-18.039003,9.327819,14.818053,7.7545977,6.0889773,-36.717953,35.799202,6.0841694,-16.450026,-4.810438,-0.27928045
961,9.908913612365723,20.141298294067383,78.30593872070312,0.863962462481087,-3.8324421630796874,-101.76456952589699,-1.3079969,7.83295,10.860472,12.845738,-6.0179048,-10.305614,-11.881443,-14.034367,2.51839,58.86752,-8.689452,15.000033,-0.7737399,0.9114485,16.795815,7.4582953,39.602345,-1.3284329,-17.314106,9.745496,14.887003,7.5382743,6.7575235,-36.34449,35.398735,6.417522,-16.372189,-4.7767625,-0.3344786
962,9.977316856384277,20.079269409179688,78.3199462890625,0.822709355775898,-3.83396609692655,-101.4139366903042,-1.420784,7.6980786,10.49932,12.926936,-6.03184,-10.09332,-12.700584,-14.302683,2.2125638,59.662613,-9.544198,15.000033,-1.3524313,0.691449,16.894434,5.541197,40.66901,-1.9168605,-16.406033,10.303286,14.934136,7.2844024,7.4388843,-35.9307,34.966125,6.817049,-16.313267,-4.728851,-0.39196438
963,10.037861824035645,20.012779235839844,78.3419189453125,0.7476930331712939,-3.8127074529844283,-101.02846069518557,-1.561897,7.596751,10.098877,13.0009985,-6.034028,-9.885955,-13.441015,-14.558023,1.8053461,60.18088,-10.343552,15.000033,-1.9251039,0.4858197,16.958448,3.528862,41.705673,-2.6301572,-15.310494,10.914999,14.960462,7.0167847,8.106257,-35.481716,34.526367,7.2756023,-16.289423,-4.670053,-0.42606753
964,10.090469360351562,19.946279525756836,78.37158203125,0.664313222694096,-3.802794574365121,-100.66141584821086,-1.6403816,7.514484,9.7256975,13.000162,-6.0137825,-9.7106905,-14.082896,-14.809017,1.3453453,60.433403,-10.945315,15.000033,-2.4437191,0.2611905,17.022284,1.5848874,42.662968,-3.3913,-14.152887,11.5199,14.967008,6.756072,8.73745,-35.0065,34.10075,7.7852507,-16.317217,-4.6033115,-0.4108848
965,10.135732650756836,19.873004913330078,78.40300750732422,0.5663531717607507,-3.8158499239007324,-100.30777777132296,-1.6422671,7.4561925,9.375954,12.921218,-5.9738865,-9.565804,-14.608032,-15.077453,0.7862214,60.41039,-11.283669,15.000033,-2.9393039,0.024151927,17.10698,-0.41821963,43.50739,-4.2153335,-12.795836,12.188042,14.974328,6.448015,9.317125,-34.514034,33.692055,8.359241,-16.44021,-4.520371,-0.31923693
966,10.170598030090332,19.798059463500977,78.43851470947266,0.44431408380181603,-3.832358717818968,-99.94562753714375,-1.6155386,7.4298034,9.020087,12.801853,-5.9218497,-9.440211,-15.027903,-15.347972,0.111930095,60.109943,-11.444578,15.000033,-3.4278343,-0.19631292,17.190544,-2.3772643,44.231964,-5.0723567,-11.338921,12.955891,14.970005,6.09208,9.86016,-34.010365,33.289055,8.996688,-16.637516,-4.4213777,-0.17174532
967,10.189740180969238,19.70975685119629,78.47855377197266,0.3131651660586829,-3.8406721794322656,-99.60378037460711,-1.5583379,7.4246235,8.687999,12.625332,-5.8478384,-9.34691,-15.372234,-15.57643,-0.57756186,59.55542,-11.511898,15.000033,-3.8933916,-0.41267127,17.261166,-4.278908,44.845345,-5.9499865,-9.7920065,13.663197,14.90553,5.7725515,10.322672,-33.51099,32.949585,9.68651,-16.826805,-4.3192315,-0.018877527
968,10.204538345336914,19.614974975585938,78.51923370361328,0.19368793272036278,-3.8285245949685853,-99.31246608816134,-1.469804,7.429717,8.410667,12.377183,-5.743721,-9.298655,-15.674918,-15.712156,-1.1795336,58.76779,-11.566471,15.000033,-4.317011,-0.6398875,17.305685,-6.1061215,45.36345,-6.8372173,-8.170284,14.145449,14.737349,5.577556,10.66658,-33.03571,32.729305,10.412546,-16.922707,-4.226255,0.088062584
969,10.206547737121582,19.51999282836914,78.56149291992188,0.08883463629056985,-3.7908690949986337,-99.0861366872537,-1.3401355,7.4444747,8.203874,12.03259,-5.5959396,-9.305406,-15.948429,-15.758388,-1.6919389,57.7347,-11.615507,15.000033,-4.689499,-0.8849784,17.319952,-7.8311505,45.790096,-7.70692,-6.47537,14.366075,14.455166,5.5226307,10.887736,-32.599976,32.647923,11.168939,-16.894365,-4.1551194,0.11661602
970,10.194336891174316,19.416996002197266,78.6043472290039,-0.009851835585448925,-3.7340130393117574,-98.90815793367297,-1.1726875,7.4756637,8.049744,11.605773,-5.4129868,-9.357514,-16.175558,-15.731465,-2.161405,56.447247,-11.617497,15.000033,-5.028023,-1.1372644,17.314686,-9.463837,46.125217,-8.555166,-4.696445,14.407269,14.084036,5.5613384,11.0136595,-32.210518,32.672535,11.94641,-16.784948,-4.094943,0.09879586
971,10.168987274169922,19.32086181640625,78.6427230834961,-0.1047748443637112,-3.663372623802853,-98.76286813013849,-0.9884203,7.5221534,7.9296308,11.143735,-5.2207823,-9.438093,-16.345512,-15.612541,-2.5503328,54.925194,-11.575567,15.000033,-5.3390584,-1.3829867,17.293882,-10.998089,46.38407,-9.39854,-2.8788838,14.281118,13.636498,5.6923637,11.069192,-31.869606,32.766773,12.717293,-16.61831,-4.022626,0.08033429
972,10.133618354797363,19.220294952392578,78.68048095703125,-0.19330377141438665,-3.5841735003549196,-98.63380237982953,-0.8086587,7.580579,7.82512,10.69313,-5.0448375,-9.530461,-16.447258,-15.380587,-2.8180404,53.18539,-11.49302,15.000033,-5.6310534,-1.6169937,17.264545,-12.476224,46.588486,-10.2745495,-1.0280542,13.992518,13.125641,5.916326,11.076216,-31.576113,32.897038,13.45316,-16.420033,-3.9155695,0.10745377
973,10.085541725158691,19.112031936645508,78.71647644042969,-0.2827311885651308,-3.4901427327138608,-98.5323232122889,-0.6323921,7.657259,7.7483926,10.2409,-4.880531,-9.639057,-16.48557,-15.007207,-2.929117,51.189007,-11.374516,15.000033,-5.8868012,-1.8387735,17.220459,-13.887182,46.753986,-11.197154,0.86851007,13.463664,12.491384,6.3199873,11.034926,-31.329779,33.06345,14.143563,-16.179102,-3.7498121,0.2083242
974,10.02393913269043,18.998756408691406,78.74628448486328,-0.36623752873352317,-3.3818639318958743,-98.46060549065095,-0.45073786,7.74669,7.7035847,9.771882,-4.719186,-9.768797,-16.456453,-14.517962,-2.8974268,48.928528,-11.213024,15.000033,-6.105471,-2.0592813,17.162996,-15.229096,46.88208,-12.152675,2.818851,12.714584,11.744581,6.868993,10.943843,-31.1292,33.275402,14.795482,-15.888066,-3.5435157,0.35330525
975,9.955759048461914,18.882543563842773,78.76931762695312,-0.4303194103902407,-3.2759857475935523,-98.38908114310381,-0.25970674,7.8234468,7.6622834,9.301058,-4.563773,-9.904349,-16.341782,-13.979644,-2.754006,46.47993,-10.993098,15.000033,-6.3091908,-2.2868223,17.103718,-16.501383,46.973827,-13.120858,4.7562127,11.894867,11.007495,7.3892646,10.824945,-30.968294,33.50703,15.415326,-15.575543,-3.3374908,0.502519
976,9.873779296875,18.761795043945312,78.78598022460938,-0.4649769164296291,-3.1880875015066925,-98.288606177073,-0.058686208,7.865317,7.596798,8.847324,-4.4187336,-10.03014,-16.127302,-13.459806,-2.5355928,43.924095,-10.701454,15.000033,-6.516825,-2.5274858,17.052425,-17.69979,47.030502,-14.080955,6.609249,11.146379,10.409546,7.7153907,10.701309,-30.838213,33.730885,16.011328,-15.270208,-3.173438,0.6170058
977,9.784112930297852,18.635208129882812,78.79374694824219,-0.4669040493093794,-3.1202842039906504,-98.15688817422188,0.13968721,7.87271,7.5009704,8.440519,-4.2989326,-10.142645,-15.795112,-12.941228,-2.2121778,41.201523,-10.31997,15.000033,-6.736507,-2.782281,17.011478,-18.864925,47.055218,-15.050702,8.4036045,10.439754,9.985527,7.816663,10.562514,-30.735453,33.95155,16.584745,-14.979443,-3.0595975,0.6985949
978,9.687005043029785,18.503814697265625,78.78823852539062,-0.44129651995124797,-3.066537240979149,-98.00542570173215,0.3539578,7.8486743,7.390456,8.033199,-4.183724,-10.249245,-15.348669,-12.415805,-1.7657487,38.285984,-9.857803,15.000033,-6.9523134,-3.0501754,16.971949,-19.964178,47.051296,-16.026262,10.143371,9.716708,9.671558,7.7825117,10.405052,-30.657831,34.175297,17.13716,-14.689585,-2.9751458,0.76469016
979,9.581911087036133,18.365829467773438,78.77487182617188,-0.38093130032936534,-3.027904083323978,-97.8286725593228,0.58903766,7.7845035,7.262932,7.614764,-4.06451,-10.354278,-14.814158,-11.955734,-1.2654744,35.31565,-9.343675,15.000033,-7.167974,-3.3417683,16.93686,-20.999454,47.012566,-16.98831,11.833807,9.06714,9.451852,7.630761,10.235327,-30.599888,34.398743,17.681545,-14.398021,-2.9189045,0.79974544
980,9.472515106201172,18.223377227783203,78.75308227539062,-0.28472196237928865,-3.0048415243304296,-97.62234599611895,0.8599749,7.674815,7.1182737,7.152617,-3.9266713,-10.462804,-14.226251,-11.620322,-0.79202455,32.43628,-8.807664,15.000033,-7.379757,-3.6589987,16.90418,-21.940418,46.93056,-17.908062,13.453462,8.586743,9.309381,7.3791404,10.064765,-30.553558,34.613304,18.234446,-14.101901,-2.8897452,0.78814715
981,9.35704517364502,18.07620620727539,78.72087860107422,-0.14376569258305813,-2.9982167888377864,-97.38250330927251,1.12038,7.5181603,6.947279,6.746808,-3.8243802,-10.577038,-13.585337,-11.406756,-0.32908696,29.629045,-8.249248,15.000033,-7.5892124,-4.0106144,16.87205,-22.78977,46.79901,-18.778849,15.003319,8.374598,9.27855,6.98342,9.892315,-30.513933,34.817204,18.808056,-13.79541,-2.9087918,0.71323216
982,9.22865104675293,17.922950744628906,78.6790771484375,0.031808283816056195,-3.006967342697867,-97.11258021419928,1.2505572,7.337378,6.7358665,6.64845,-3.8892474,-10.69476,-12.8828745,-11.280901,0.14100683,26.839125,-7.65536,15.000033,-7.794863,-4.3863616,16.836725,-23.559265,46.61934,-19.617392,16.49773,8.360355,9.354426,6.4524446,9.711281,-30.47997,35.01431,19.400705,-13.483604,-2.9701502,0.58765405
983,9.101140975952148,17.76312828063965,78.63045501708984,0.221358788000176,-3.0268329177338575,-96.82310690591034,1.3485032,7.1469746,6.503168,6.63987,-4.003037,-10.814737,-12.1539755,-11.236581,0.5296811,24.179522,-7.0469666,15.000033,-7.9914227,-4.7588367,16.797453,-24.255337,46.394913,-20.436737,17.955128,8.383481,9.460215,5.882565,9.517034,-30.450006,35.210243,20.009195,-13.179434,-3.0317204,0.43917283
984,8.964632987976074,17.604110717773438,78.58043670654297,0.40309233988215853,-3.052334737576196,-96.52490521418433,1.4505408,6.967524,6.2604804,6.631854,-4.1156735,-10.93678,-11.429194,-11.261137,0.746181,21.751078,-6.4381022,15.000033,-8.171882,-5.1021633,16.75172,-24.873343,46.13164,-21.244846,19.382671,8.281578,9.522354,5.3706865,9.306774,-30.421242,35.408855,20.631525,-12.89625,-3.0522623,0.29473144
985,8.826244354248047,17.442371368408203,78.53062438964844,0.5769025582052317,-3.0815019053948687,-96.21903279254495,1.5549772,6.803711,6.006276,6.6238785,-4.2260966,-11.055187,-10.706521,-11.3487015,0.7699599,19.554506,-5.8470225,15.000033,-8.333686,-5.414874,16.69923,-25.413479,45.83414,-22.047087,20.7873,8.001523,9.534059,4.9329686,9.077577,-30.389675,35.607754,21.268476,-12.63669,-3.018779,0.16463704
986,8.680025100708008,17.27549171447754,78.48367309570312,0.7475939321363974,-3.1164301681685362,-95.90235577677599,1.6640964,6.6454034,5.7399087,6.616483,-4.3361144,-11.173135,-9.981872,-11.482158,0.63861525,17.553577,-5.2672257,15.000033,-8.482571,-5.7121015,16.6429,-25.898916,45.500572,-22.84452,22.182795,7.6296873,9.532616,4.521116,8.824949,-30.353558,35.81004,21.924538,-12.395022,-2.9544735,0.033205975
987,8.527411460876465,17.113861083984375,78.43598175048828,0.9098819696791282,-3.156116902284833,-95.57943483554477,1.7776707,6.502198,5.467323,6.609159,-4.445672,-11.303923,-9.282606,-11.628171,0.3479965,15.799384,-4.6867676,15.000033,-8.609754,-5.9791307,16.577986,-26.296808,45.13419,-23.623238,23.526348,7.2145967,9.51043,4.1382437,8.558116,-30.313345,36.016926,22.60157,-12.169314,-2.8695545,-0.11150977
988,8.376517295837402,16.951749801635742,78.3928451538086,1.0513204757033137,-3.199906510027084,-95.25438089467508,1.8948847,6.3859315,5.1934643,6.601157,-4.5542564,-11.461095,-8.64154,-11.759038,-0.103404485,14.359852,-4.10074,15.000033,-8.722076,-6.205642,16.508976,-26.62167,44.734306,-24.375591,24.819994,6.802085,9.460182,3.7851331,8.270583,-30.272356,36.242325,23.300247,-11.957823,-2.7756023,-0.28162202
989,8.22197437286377,16.782825469970703,78.35122680664062,1.1711231262718413,-3.241792435330485,-94.92202467534737,2.013261,6.299918,4.9157515,6.5838284,-4.6577253,-11.658006,-8.046291,-11.877109,-0.838354,13.2463045,-3.401538,15.000033,-8.820307,-6.3877172,16.430252,-26.867962,44.298813,-25.093481,26.054493,6.35324,9.371411,3.443803,7.9732184,-30.23174,36.473686,24.007278,-11.778416,-2.6620498,-0.47358394
990,8.068212509155273,16.617292404174805,78.31259155273438,1.263614338050064,-3.2852977585895964,-94.58086152033819,2.127404,6.2478595,4.629217,6.5760355,-4.767066,-11.8852,-7.498932,-11.985429,-1.8133618,12.464887,-2.6496954,15.000033,-8.900731,-6.5210166,16.34422,-27.026253,43.830166,-25.782217,27.226694,5.8610272,9.250924,3.1201134,7.6672106,-30.19184,36.70692,24.726229,-11.625435,-2.5277557,-0.6832589
991,7.910005569458008,16.447324752807617,78.27777862548828,1.3201166185997704,-3.3433244441758063,-94.24017835567861,2.2545216,6.2404504,4.337223,6.573962,-4.8797007,-12.121672,-7.046921,-12.072927,-2.781609,12.063146,-2.0951653,15.000033,-8.969551,-6.5976987,16.271387,-27.127016,43.33037,-26.45785,28.369173,5.417936,9.114441,2.850384,7.327542,-30.156258,36.9745,25.47703,-11.46056,-2.3953154,-0.9215822
992,7.755490303039551,16.276750564575195,78.25122833251953,1.3338179737844384,-3.4281949248804415,-93.9096824558417,2.4165123,6.285753,4.0443616,6.5636806,-4.987723,-12.346431,-6.7337604,-12.131896,-3.5018148,12.071494,-1.9799668,15.000033,-9.025904,-6.608081,16.227354,-27.173546,42.805706,-27.130642,29.488531,5.1178412,8.976096,2.6725347,6.9399853,-30.12867,37.302338,26.275736,-11.2463255,-2.2874267,-1.1996748
993,7.586019515991211,16.1108455657959,78.2401123046875,1.2019833099989061,-3.5369612274659326,-93.64971933893013,2.6180422,6.538524,3.7890809,6.565838,-5.1118937,-12.608511,-6.5846334,-11.948312,-3.9196935,12.520936,-2.4314077,13.853601,-9.012974,-6.459735,16.229784,-27.16027,42.25879,-27.791668,30.578983,4.991266,8.833402,2.610318,6.4993005,-30.108383,37.68883,27.106192,-10.978336,-2.2066152,-1.5100044
994,7.400571346282959,15.948203086853027,78.2391586303711,0.9496762236391014,-3.661718436589106,-93.44819336153013,2.8491504,6.965789,3.5679574,6.5791445,-5.2502084,-12.908772,-6.558438,-11.558073,-4.163708,13.335219,-3.2678542,11.701174,-8.936062,-6.1767645,16.263725,-27.0787,41.693096,-28.438477,31.627459,4.9858084,8.678918,2.639333,6.0198827,-30.092829,38.120457,27.960781,-10.675287,-2.1423173,-1.850143
995,7.21044921875,15.785015106201172,78.24320983886719,0.6722321843360873,-3.7935552606720195,-93.26945881146645,3.0929022,7.4318995,3.3642545,6.594323,-5.385439,-13.194819,-6.5283933,-11.127664,-4.323461,14.163596,-4.1352854,9.647478,-8.834371,-5.8535366,16.303972,-26.960327,41.114563,-29.096546,32.659992,5.0693927,8.520133,2.724652,5.4993496,-30.083693,38.618855,28.871443,-10.328613,-2.0979803,-2.2408648
996,7.018566131591797,15.62303352355957,78.24724578857422,0.41373789023231194,-3.9157374039284587,-93.10970896472361,3.3273787,7.8821354,3.1799288,6.610467,-5.505914,-13.437671,-6.323784,-10.710893,-4.53038,14.531649,-4.6208997,8.284235,-8.718123,-5.537283,16.329348,-26.833294,40.530025,-29.787481,33.701023,5.210294,8.363758,2.8322346,4.9376273,-30.081291,39.204285,29.866165,-9.933831,-2.077548,-2.7032902
997,6.816683769226074,15.463644027709961,78.24755096435547,0.17882530052910345,-4.0356273098576025,-92.98138312959279,3.5656,8.3147,3.0272038,6.624552,-5.6100054,-13.621565,-5.830658,-10.309202,-4.812471,14.186424,-4.509976,7.9098067,-8.569381,-5.2266765,16.34233,-26.681772,39.9533,-30.536852,34.73254,5.3975954,8.203291,2.974778,4.322624,-30.087278,39.89777,30.967495,-9.415148,-2.109338,-3.2725327
998,6.615715503692627,15.307368278503418,78.25005340576172,-0.05140064899221289,-4.157274075823094,-92.88236200278855,3.8112314,8.7512455,2.9029117,6.6404033,-5.704079,-13.765004,-5.147125,-9.897327,-5.099737,13.397351,-4.0327106,8.164918,-8.400814,-4.9095864,16.357056,-26.513552,39.380875,-31.32014,35.759953,5.646294,8.040659,3.1616597,3.648093,-30.099953,40.691628,32.148163,-8.800727,-2.186007,-3.9262078
999,6.417689323425293,15.152913093566895,78.25594329833984,-0.2705499995674842,-4.258370167427943,-92.78800818436983,4.031753,9.178778,2.785677,6.6560683,-5.781826,-13.891423,-4.4263883,-9.489205,-5.3841724,12.480525,-3.4559965,8.6543,-8.227676,-4.5934315,16.345709,-26.300018,38.81069,-32.09544,36.755497,5.962671,7.889477,3.3603454,2.9585664,-30.11185,41.53462,33.37349,-8.235799,-2.254748,-4.599933
1000,6.21112585067749,15.001802444458008,78.26318359375,-0.48061469388554007,-4.3175228785182815,-92.67386392827486,4.1952276,9.592651,2.6524353,6.6694655,-5.8379874,-14.025537,-3.829645,-9.098184,-5.6664124,11.759835,-3.071699,8.982043,-8.075238,-4.285852,16.28976,-26.03779,38.234,-32.81839,37.718773,6.356021,7.7647696,3.5364795,2.2837856,-30.114456,42.38408,34.61504,-7.8666296,-2.2584496,-5.2307734
1001,5.999605178833008,14.849710464477539,78.26905822753906,-0.6785734134759275,-4.3217211137520515,-92.5392574332036,4.2862453,9.990693,2.503839,6.680829,-5.8772435,-14.171485,-3.4294605,-8.736673,-5.9443917,11.357777,-2.9963129,9.070708,-7.950357,-3.987934,16.173616,-25.728039,37.642136,-33.49869,38.65909,6.8900247,7.684121,3.6803577,1.6036325,-30.104874,43.28034,35.909847,-7.716542,-2.20284,-5.8508945
1002,5.786523342132568,14.697490692138672,78.26786804199219,-0.8750753784140634,-4.284333534869374,-92.39471082777654,4.322208,10.386639,2.3476906,6.6915874,-5.900833,-14.317298,-3.1488576,-8.388213,-6.2214427,11.114015,-3.0761802,9.120197,-7.833181,-3.6836238,16.005827,-25.367546,37.03964,-34.165005,39.57369,7.5379434,7.634175,3.8113828,0.9144632,-30.081364,44.22702,37.268387,-7.7103004,-2.1068594,-6.477954
1003,5.574045181274414,14.554652214050293,78.26482391357422,-1.0724377080184773,-4.223059294167774,-92.23517762601286,4.322193,10.783962,2.176133,6.697225,-5.8943567,-14.465163,-2.903217,-8.037196,-6.5084887,10.88357,-3.1888478,9.149369,-7.725945,-3.3817537,15.818624,-24.976152,36.422554,-34.7783,40.47664,8.188629,7.5864334,3.9351902,0.25578186,-30.036957,45.135777,38.614914,-7.853603,-1.9308069,-7.0274773
1004,5.359257698059082,14.42257022857666,78.25577545166016,-1.2973657567126171,-4.153305415014154,-92.05110688727626,3.9058425,11.223045,1.897159,7.51651,-6.2785554,-14.61806,-2.6237025,-7.6499634,-6.822136,10.557595,-3.2303267,9.178848,-7.6165423,-3.0605974,15.630916,-24.54689,35.797897,-35.320225,41.354866,8.721465,7.508472,4.061088,-0.32036462,-29.965733,45.90759,39.886215,-8.147176,-1.6359599,-7.4142656
1005,5.140667915344238,14.294902801513672,78.2476806640625,-1.542652557873053,-4.067198290235541,-91.84174961718999,3.3236742,11.683239,1.5476787,8.603533,-6.764927,-14.779668,-2.2778335,-7.2286706,-7.1635923,10.054659,-3.145235,9.238808,-7.5183883,-2.7375965,15.446957,-24.090685,35.157,-35.760643,42.235744,9.134148,7.383971,4.204936,-0.8113686,-29.861732,46.517544,41.07413,-8.709278,-1.1758885,-7.5875106
1006,4.917511463165283,14.17092514038086,78.24044799804688,-1.798968663490957,-3.959488103499594,-91.61122787952715,2.684827,12.150027,1.1566352,9.719176,-7.234234,-14.94719,-1.910347,-6.7881565,-7.524189,9.453403,-2.9999697,9.310472,-7.4110556,-2.4110394,15.238899,-23.565767,34.511387,-36.134945,43.081562,9.481954,7.228347,4.361256,-1.2231781,-29.724955,47.00413,42.22611,-9.500542,-0.5846586,-7.595194
1007,4.688117504119873,14.05154037475586,78.23419189453125,-2.036993380886187,-3.8509834045874034,-91.35818243340056,2.0283852,12.575221,0.73815536,10.829562,-7.6579847,-15.000033,-1.5481132,-6.366874,-7.8941717,8.855354,-2.8571439,9.348199,-7.3116155,-2.1095068,15.037045,-23.039825,33.85887,-36.465866,43.9204,9.733912,7.070976,4.4920254,-1.5936242,-29.561975,47.416454,43.332092,-10.297753,0.053761162,-7.505474
1008,4.456107139587402,13.931889533996582,78.22881317138672,-2.269054258581289,-3.768055296744061,-91.09402755601778,1.3768885,12.978632,0.3168987,11.962086,-8.046774,-15.000033,-1.166889,-5.94789,-8.267858,8.265192,-2.7289639,9.294069,-7.2001,-1.8199121,14.863235,-22.538448,33.2055,-36.791462,44.74175,9.8591585,6.936588,4.5633903,-1.9328803,-29.384275,47.7839,44.382214,-10.874346,0.6582752,-7.393033
1009,4.224586009979248,13.82030963897705,78.22144317626953,-2.5039230348381105,-3.711721392887848,-90.81272587023618,0.7272744,13.380818,-0.11116393,13.122625,-8.4092245,-15.000033,-0.76119053,-5.511992,-8.655291,7.6811585,-2.6226618,9.106638,-7.0736856,-1.5283008,14.719388,-22.039648,32.555717,-37.10134,45.51702,9.837865,6.8312907,4.556224,-2.2259264,-29.199211,48.08789,45.35527,-11.218516,1.2590019,-7.2492347
1010,3.9909629821777344,13.720033645629883,78.21370697021484,-2.745758533315252,-3.671288047378667,-90.5136321714033,0.066268705,13.781689,-0.5541675,14.312935,-8.747466,-15.000033,-0.3220628,-5.0570097,-9.057701,7.065124,-2.5153854,8.82511,-6.9398437,-1.2352017,14.598953,-21.534792,31.910704,-37.381653,46.25315,9.686832,6.7411394,4.491039,-2.4693522,-29.010342,48.31967,46.253372,-11.435208,1.8819044,-7.0472126
1011,3.7571206092834473,13.617176055908203,78.21414184570312,-2.9682986480337545,-3.6528654573589234,-90.20948464499672,-0.5816394,14.153395,-0.9940529,15.507629,-9.034577,-15.000033,0.060151845,-4.6302295,-9.448783,6.618797,-2.5007343,8.51704,-6.7962413,-0.9618547,14.505456,-21.032785,31.274397,-37.640625,46.96039,9.455802,6.6612554,4.39368,-2.6830235,-28.82324,48.516197,47.09222,-11.469663,2.4426455,-6.8395214
1012,3.5315074920654297,13.5297269821167,78.21903228759766,-3.147179575578395,-3.6633006110517625,-89.91293796017858,-1.1895908,14.467935,-1.4110073,16.678843,-9.244737,-15.000033,0.2810975,-4.2851825,-9.803142,6.570648,-2.6879177,8.248387,-6.6417937,-0.7302441,14.443199,-20.54131,30.652405,-37.88485,47.647076,9.194052,6.5865107,4.290056,-2.888769,-28.644419,48.716625,47.88837,-11.264704,2.8575373,-6.679684
1013,3.298208475112915,13.438542366027832,78.22171020507812,-3.2560077089733164,-3.7200993796089667,-89.62463926414287,-1.7532854,14.700364,-1.7875696,17.866753,-9.38462,-15.000033,0.51469094,-4.0255294,-10.127105,6.582979,-2.8963485,8.028899,-6.474298,-0.56679255,14.430128,-20.059277,30.049164,-38.103046,48.301094,8.8905525,6.511979,4.1614017,-3.0964124,-28.47943,48.93826,48.644577,-10.736402,3.0812244,-6.5702105
1014,3.0712337493896484,13.35445499420166,78.22425079345703,-3.322197351503906,-3.8157200552244177,-89.3376749340219,-2.275553,14.875714,-2.135687,19.053082,-9.454683,-15.000033,0.7842336,-3.816205,-10.434853,6.5931473,-3.0985477,7.823779,-6.299757,-0.44711673,14.462819,-19.577227,29.467098,-38.28958,48.912426,8.52687,6.4424057,4.0014505,-3.2937064,-28.330498,49.160202,49.345387,-9.936031,3.167398,-6.487806
1015,2.846414566040039,13.28162670135498,78.22547912597656,-3.3673068907506063,-3.918003377033132,-89.0564596235953,-2.7827668,15.015868,-2.4809678,20.214655,-9.465922,-15.000033,1.0536228,-3.6335585,-10.732605,6.604381,-3.293413,7.636327,-6.1243606,-0.34245673,14.509067,-19.092968,28.908375,-38.46125,49.493923,8.141608,6.386142,3.855067,-3.4661698,-28.197247,49.361103,49.976395,-9.00959,3.180279,-6.446231
1016,2.6354517936706543,13.204341888427734,78.2305908203125,-3.4088313628650435,-3.9946689230658756,-88.78591601095047,-3.3107939,15.13667,-2.8504772,21.3475,-9.438227,-15.000033,1.2894156,-3.4601004,-11.024604,6.6138573,-3.4767146,7.4685965,-5.95266,-0.23184545,14.534686,-18.60576,28.374239,-38.636658,50.061142,7.773178,6.3510303,3.7677314,-3.6001036,-28.077978,49.519012,50.528324,-8.104729,3.1828458,-6.460432
1017,2.4300272464752197,13.127902030944824,78.23699951171875,-3.444927926038526,-4.0390885434606,-88.52476376129822,-3.871961,15.232404,-3.2608843,22.45658,-9.366666,-15.000033,1.4832247,-3.2999609,-11.314768,6.621638,-3.6459718,7.326155,-5.784546,-0.11671927,14.532889,-18.124117,27.866152,-38.82723,50.618134,7.408641,6.340905,3.7448769,-3.6905432,-27.971159,49.6299,50.99071,-7.2295976,3.1782255,-6.548748
1018,2.2210354804992676,13.059986114501953,78.24152374267578,-3.4657799184301714,-4.067972399056878,-88.27140605492018,-4.449653,15.296498,-3.6941025,23.550472,-9.248371,-15.000033,1.6521261,-3.1606438,-11.599699,6.629101,-3.8031003,7.204617,-5.617028,-0.007618494,14.521014,-17.648285,27.384235,-39.02475,51.158066,7.0320096,6.350249,3.764952,-3.7445776,-27.87721,49.702656,51.373516,-6.318857,3.1347098,-6.6970963
1019,2.0247621536254883,12.994014739990234,78.24413299560547,-3.481259044323482,-4.084327239656867,-88.03028899639864,-5.0326967,15.343027,-4.124263,24.62272,-9.103425,-15.000033,1.7999183,-3.0311136,-11.871974,6.634974,-3.9496396,7.09127,-5.4443164,0.100707665,14.49956,-17.119461,26.92305,-39.172108,51.64648,6.730828,6.373298,3.8321855,-3.7616193,-27.795141,49.73427,51.69083,-5.4032373,3.0636628,-6.8725047
1020,1.8345855474472046,12.925405502319336,78.24898529052734,-3.49928538935558,-4.09063897849311,-87.80591427065659,-5.613191,15.387562,-4.526521,25.67261,-8.954832,-15.000033,1.9277928,-2.8997872,-12.124251,6.642587,-4.089481,6.973963,-5.2810326,0.21959963,14.475324,-16.650948,26.487438,-39.3794,52.177513,6.3959537,6.4005694,3.954015,-3.760239,-27.725592,49.73689,51.9676,-4.517947,2.9782205,-7.044483
1021,1.6493748426437378,12.857569694519043,78.2519302368164,-3.521040058642177,-4.083058832572952,-87.60000179156161,-6.201112,15.430805,-4.915372,26.71241,-8.805828,-15.000033,2.03263,-2.7633233,-12.353099,6.647863,-4.220429,6.8529716,-5.10708,0.3471392,14.438169,-16.11382,26.068356,-39.5318,52.66012,6.200471,6.4345384,4.1520557,-3.7160087,-27.667688,49.68977,52.192066,-3.673924,2.8694377,-7.2252965
1022,1.4686994552612305,12.793229103088379,78.25259399414062,-3.5398420314467813,-4.061597095352463,-87.41017901324027,-6.7988315,15.465016,-5.2962575,27.743137,-8.647719,-15.000033,2.1125937,-2.6290326,-12.562812,6.6547275,-4.3432255,6.73362,-4.928067,0.4798165,14.388717,-15.523865,25.663692,-39.634796,53.10354,6.11318,6.4777637,4.416472,-3.633502,-27.6214,49.59936,52.36029,-2.8528893,2.734358,-7.42409
1023,1.2985069751739502,12.72906494140625,78.25502014160156,-3.5568457144953,-4.035372615702269,-87.23404758111042,-7.382659,15.496358,-5.630073,28.738642,-8.484134,-15.000033,2.1798952,-2.5000927,-12.757914,6.663771,-4.4595265,6.611282,-4.754458,0.6169012,14.338979,-14.958358,25.276634,-39.751102,53.558918,6.0022597,6.526685,4.7037706,-3.536209,-27.586203,49.481247,52.492195,-2.0428722,2.5951831,-7.6033063
1024,1.13623046875,12.669078826904297,78.25570678710938,-3.5703664145585643,-4.013218767015983,-87.06952008250697,-7.933453,15.532183,-5.8793845,29.680729,-8.316911,-15.000033,2.2481408,-2.3787453,-12.943159,6.6713657,-4.5683393,6.4811854,-4.5809245,0.7536417,14.296469,-14.357544,24.901047,-39.80258,53.97457,5.9023542,6.5812764,4.967144,-3.4311104,-27.5587,49.334072,52.598278,-1.2327356,2.4747958,-7.724421
1025,0.9768070578575134,12.613179206848145,78.25689697265625,-3.5841915004948968,-3.9948497765141378,-86.91759009641619,-8.465689,15.575914,-6.0599318,30.594448,-8.139981,-15.000033,2.3147283,-2.2608755,-13.119332,6.6793365,-4.668229,6.336399,-4.409943,0.89279556,14.262168,-13.731902,24.535595,-39.794735,54.359047,5.8028784,6.6438355,5.208115,-3.320992,-27.535837,49.157562,52.683357,-0.39602026,2.3730178,-7.7788544
1026,0.8270891308784485,12.555989265441895,78.25618743896484,-3.595626710938052,-3.9762869319260226,-86.77886838589286,-8.98691,15.626048,-6.184052,31.485647,-7.9560714,-15.000033,2.3737795,-2.1467714,-13.283979,6.689297,-4.7604,6.1809006,-4.240696,1.0345635,14.230814,-13.085067,24.179853,-39.73937,54.719032,5.7176523,6.714365,5.4467487,-3.2042623,-27.516537,48.95376,52.746323,0.45688707,2.2811184,-7.787062
1027,0.6878330707550049,12.498442649841309,78.25759887695312,-3.6010720772582823,-3.9606569444331123,-86.65007765399571,-9.464886,15.686628,-6.2095103,32.298782,-7.780693,-15.000033,2.4321954,-2.0451589,-13.437758,6.6995,-4.8472548,6.0266466,-4.0780096,1.1751328,14.202254,-12.414626,23.83211,-39.63425,55.053467,5.6327047,6.7866564,5.66554,-3.0841131,-27.50002,48.728893,52.7908,1.2704037,2.210414,-7.755712
1028,0.5569086670875549,12.434525489807129,78.25858306884766,-3.5958549496164536,-3.950847173899867,-86.52800848936768,-9.868375,15.761105,-6.093412,32.981586,-7.6305223,-15.000033,2.496422,-1.965439,-13.5808,6.711211,-4.934005,5.885725,-3.9270222,1.3100977,14.176562,-11.718114,23.489847,-39.47719,55.36145,5.534198,6.854407,5.8469267,-2.966739,-27.485266,48.493793,52.820328,1.994137,2.1717532,-7.6919513
1029,0.43599164485931396,12.37675952911377,78.26110076904297,-3.5728371997289714,-3.9495977188103506,-86.41048306481481,-10.184961,15.852563,-5.7931557,33.51647,-7.482728,-15.000033,2.5693076,-1.9154146,-13.715008,6.7266865,-5.022058,5.7582297,-3.793328,1.4372898,14.155354,-10.998443,23.151455,-39.27449,55.643757,5.424072,6.9165316,5.978138,-2.8562865,-27.471748,48.243786,52.834854,2.6225414,2.1767113,-7.57477
1030,0.3232162296772003,12.313923835754395,78.26493835449219,-3.5364916927479464,-3.95360763900609,-86.29894788249437,-10.435953,15.960396,-5.342522,33.937614,-7.3376336,-15.000033,2.645753,-1.8885418,-13.840217,6.744673,-5.108216,5.6387596,-3.672574,1.5588955,14.136559,-10.253468,22.815193,-39.021378,55.899582,5.314001,6.9763713,6.071112,-2.7510383,-27.459362,47.978584,52.83579,3.1836433,2.217495,-7.4092274
1031,0.22342433035373688,12.250630378723145,78.27234649658203,-3.496967922317739,-3.957584369639838,-86.19575587765708,-10.642068,16.083145,-4.816848,34.269623,-7.246848,-15.000033,2.6999,-1.8761301,-13.953349,6.808408,-5.216888,5.531004,-3.5587823,1.6799245,14.11535,-9.486995,22.479597,-38.714764,56.136406,5.184063,7.0336914,6.145879,-2.64082,-27.4469,47.70467,52.82521,3.6610696,2.2753282,-7.24125
1032,0.12842853367328644,12.184345245361328,78.2786636352539,-3.460013724157826,-3.9572400485057595,-86.10445555866302,-10.818703,16.21841,-4.2922935,34.531048,-7.2614384,-15.000033,2.7088325,-1.8696498,-14.050168,6.9559917,-5.3694825,5.438966,-3.4461265,1.804618,14.087669,-8.714947,22.144865,-38.365505,56.371124,4.997624,7.087727,6.222887,-2.5211153,-27.433466,47.434326,52.81111,4.042495,2.3300622,-7.1166105
1033,0.03457660600543022,12.121438980102539,78.2819595336914,-3.427182186010191,-3.9531640010662117,-86.03121089375692,-10.961272,16.380583,-3.7468662,34.721485,-7.4234548,-15.000033,2.743935,-1.8474957,-14.125874,7.0310044,-5.4840255,5.368049,-3.3266358,1.9329159,14.05269,-7.9162774,21.80848,-37.941967,56.590286,4.8294888,7.137476,6.307462,-2.3905108,-27.418047,47.171818,52.793667,4.3107214,2.3815362,-7.050533
1034,-0.052626945078372955,12.04855728149414,78.28509521484375,-3.395466279537898,-3.947876221970791,-85.97326661909247,-11.059508,16.564102,-3.1551685,34.82839,-7.6949205,-15.000033,2.8002033,-1.8186637,-14.183206,7.052768,-5.5703773,5.3149242,-3.2071464,2.0631902,14.013446,-7.0991797,21.469814,-37.458317,56.796894,4.659723,7.1832795,6.3889203,-2.2557368,-27.399773,46.915348,52.772663,4.479841,2.4377284,-7.0177135
1035,-0.13311409950256348,11.979528427124023,78.28913879394531,-3.364794714426212,-3.9413751224637985,-85.92124064773552,-11.121437,16.737223,-2.5891836,34.85351,-8.00909,-15.000033,2.859706,-1.7899404,-14.232948,7.062579,-5.6502433,5.269484,-3.0960648,2.1959305,13.97104,-6.2775497,21.128708,-36.941433,56.998447,4.374412,7.228091,6.4625673,-2.113956,-27.378136,46.654297,52.74983,4.576222,2.4904087,-7.002399
1036,-0.2041342854499817,11.9120454788208,78.29344940185547,-3.3374093456243306,-3.933285979681676,-85.8654857662083,-11.156135,16.868101,-2.1195915,34.79737,-8.297279,-15.000033,2.9257257,-1.7634518,-14.286544,7.0570545,-5.721643,5.2214165,-3.0004125,2.3311958,13.926949,-5.4689026,20.78547,-36.422127,57.204365,3.856441,7.274456,6.524302,-1.966393,-27.352907,46.383568,52.72804,4.6356277,2.531273,-6.988802
1037,-0.27085259556770325,11.83888053894043,78.29705810546875,-3.3122094724141844,-3.9225728513272933,-85.80507468359627,-11.165835,16.952574,-1.7585204,34.6574,-8.5622425,-15.000033,2.9966035,-1.7391171,-14.345446,7.036789,-5.7855678,5.1645546,-2.9204981,2.4685807,13.879353,-4.676692,20.43954,-35.908276,57.42902,3.0521746,7.328067,6.5780234,-1.8067472,-27.323397,46.089863,52.704704,4.628894,2.551665,-6.9706736
1038,-0.33117249608039856,11.769346237182617,78.29972839355469,-3.2900318279042553,-3.909846207341085,-85.74467588697782,-11.145731,17.005405,-1.4685707,34.433475,-8.833958,-15.000033,3.0728667,-1.7163539,-14.403799,7.0008426,-5.8414974,5.1056776,-2.8507817,2.607842,13.828475,-3.8959234,20.09004,-35.387424,57.666252,2.029284,7.3856597,6.625252,-1.6354618,-27.289515,45.777496,52.67913,4.550011,2.558065,-6.956882
1039,-0.38276591897010803,11.700789451599121,78.30261993408203,-3.2689612879260683,-3.897851800167853,-85.68330182989227,-11.093898,17.024015,-1.2487371,34.12648,-9.08298,-15.000033,3.157972,-1.6942677,-14.462757,6.9477134,-5.886594,5.053364,-2.7917502,2.7510917,13.779024,-3.1286757,19.737597,-34.8553,57.893078,0.8540516,7.436778,6.657961,-1.4607064,-27.251669,45.465107,52.653877,4.463043,2.5651767,-6.954568
1040,-0.4260440766811371,11.634195327758789,78.3058853149414,-3.2541888984239806,-3.8887856356356387,-85.61964619043171,-11.011295,17.005909,-1.1000073,33.74305,-9.2828045,-15.000033,3.2407522,-1.6755201,-14.523577,6.907501,-5.9357486,5.0162697,-2.7446585,2.9003942,13.735463,-2.3754995,19.38394,-34.30588,58.084724,-0.4061077,7.4715333,6.667276,-1.2915177,-27.21102,45.17054,52.632816,4.430712,2.5876737,-6.970675
1041,-0.46616849303245544,11.565815925598145,78.30455780029297,-3.2442003235461234,-3.8840588881615394,-85.54434699708865,-10.897788,16.945032,-1.0390645,33.273197,-9.415832,-15.000033,3.3383176,-1.6577829,-14.594689,6.8510475,-5.9726276,4.9993143,-2.7169735,3.0570378,13.703174,-1.6288385,19.029104,-33.699013,58.22458,-1.933013,7.4744906,6.632973,-1.1283836,-27.168137,44.89081,52.61264,4.468228,2.6378841,-7.017687
1042,-0.4934237003326416,11.496500968933105,78.30529022216797,-3.2397766850970258,-3.881865795558194,-85.46089496948693,-10.754311,16.843847,-1.0605068,32.718956,-9.500725,-15.000033,3.4337466,-1.6446009,-14.672831,6.810227,-6.015327,4.9969797,-2.7087295,3.2195947,13.679384,-0.8887902,18.673206,-33.04601,58.32561,-3.6957252,7.45766,6.564407,-0.9676397,-27.122503,44.62006,52.59079,4.5420184,2.7051034,-7.08839
1043,-0.5165143609046936,11.433536529541016,78.30474090576172,-3.2372504642821562,-3.8801876185119877,-85.38763512504116,-10.575692,16.71289,-1.1296449,32.088966,-9.5557995,-15.000033,3.5121555,-1.6359284,-14.741617,6.8030124,-6.0729213,5.002089,-2.7071912,3.3850732,13.656005,-0.17233734,18.319836,-32.425995,58.41295,-5.31364,7.450334,6.498321,-0.81739515,-27.075062,44.37789,52.577263,4.6482635,2.7698557,-7.160813
1044,-0.529607355594635,11.364675521850586,78.3038330078125,-3.235869468038656,-3.8771907793465,-85.34296156153157,-10.3584795,16.563179,-1.2129848,31.395004,-9.601077,-15.000033,3.5761101,-1.6272732,-14.785508,6.808895,-6.134596,5.007231,-2.698014,3.55106,13.625145,0.50282425,17.975067,-31.92208,58.512615,-6.4096828,7.478699,6.4733686,-0.6841873,-27.026876,44.18317,52.5803,4.784979,2.8125644,-7.212729
1045,-0.5361064076423645,11.296886444091797,78.3026351928711,-3.236639262892749,-3.8759125287224907,-85.33326232815212,-10.091563,16.390968,-1.3203356,30.622404,-9.642673,-15.000033,3.6363847,-1.6153312,-14.800083,6.809223,-6.190245,5.0115323,-2.6731238,3.7170873,13.589962,1.137041,17.64288,-31.547388,58.62638,-6.7950406,7.565716,6.505751,-0.56861913,-26.979176,44.03791,52.599403,4.9777513,2.8256881,-7.236936
1046,-0.5371382236480713,11.231412887573242,78.29997253417969,-3.240910195389298,-3.876262395026091,-85.34840545145487,-9.780064,16.194597,-1.4654194,29.770618,-9.669376,-15.000033,3.6926727,-1.6014903,-14.793803,6.809668,-6.2431636,5.018317,-2.6393383,3.8847048,13.553672,1.7409694,17.324408,-31.261122,58.738674,-6.700994,7.691076,6.5727177,-0.46548504,-26.93229,43.931,52.62853,5.219591,2.820428,-7.2455554
1047,-0.5362215638160706,11.158934593200684,78.29562377929688,-3.24702082501215,-3.8718429626453124,-85.3821366952557,-9.441553,15.988838,-1.6205677,28.86665,-9.671665,-15.000033,3.7394123,-1.5847688,-14.77058,6.8103786,-6.293713,5.0262136,-2.6051607,4.0539093,13.507822,2.3141081,17.022959,-31.06517,58.850006,-6.3805447,7.814718,6.655076,-0.3696426,-26.885569,43.85609,52.66639,5.4522505,2.8057969,-7.2447557
1048,-0.5317248106002808,11.091923713684082,78.2898178100586,-3.2578625471167526,-3.8558828806043257,-85.4284516590855,-9.095327,15.787532,-1.7576848,27.941143,-9.642044,-15.000033,3.773089,-1.5647295,-14.734023,6.8080516,-6.340952,5.0340676,-2.5769968,4.223861,13.443707,2.8578935,16.742552,-30.960613,58.95851,-6.083461,7.896374,6.734536,-0.2767939,-26.837805,43.80721,52.713055,5.6197133,2.7906127,-7.2408147
1049,-0.5208061337471008,11.018383979797363,78.28272247314453,-3.2742483609674453,-3.8271623954690144,-85.49300338357155,-8.73255,15.586665,-1.8828925,26.971724,-9.589516,-15.000033,3.785395,-1.5393866,-14.6778145,6.8141737,-6.3902435,5.0398226,-2.5533814,4.396739,13.35899,3.3763037,16.48663,-30.967884,59.070656,-5.8010387,7.9291058,6.8299026,-0.19003357,-26.788736,43.793644,52.775597,5.710204,2.765746,-7.238323
1050,-0.5051695704460144,10.945581436157227,78.27555847167969,-3.2942103601813533,-3.789151552568866,-85.57706817426681,-8.347627,15.383469,-2.0086205,25.952333,-9.514938,-15.000033,3.7854502,-1.5079635,-14.602282,6.8160324,-6.434461,5.0446386,-2.5305722,4.5714784,13.258629,3.8714476,16.257036,-31.079517,59.182014,-5.425647,7.9335194,6.9425826,-0.109465756,-26.737932,43.813732,52.850742,5.7522793,2.7302787,-7.2327576
1051,-0.47910377383232117,10.868611335754395,78.26982116699219,-3.3173125564946915,-3.7428833984391243,-85.66683898973562,-7.961758,15.192723,-2.1147182,24.930784,-9.39412,-15.000033,3.7767487,-1.4751083,-14.52148,6.8163185,-6.477411,5.051852,-2.5129235,4.7431827,13.145115,4.34094,16.05537,-31.254906,59.27584,-5.059562,7.9108253,7.0301175,-0.03005848,-26.68445,43.8486,52.927864,5.751445,2.7051768,-7.2172413
1052,-0.4549424648284912,10.79339599609375,78.26560974121094,-3.340680758308617,-3.688597965872613,-85.74843154446428,-7.6005096,15.026945,-2.1788635,23.963146,-9.205834,-15.000033,3.7619748,-1.4473358,-14.44961,6.818552,-6.5229897,5.065237,-2.505729,4.9053917,13.020896,4.7814612,15.883524,-31.45418,59.33545,-4.806718,7.860701,7.0496106,0.052704375,-26.627274,43.880207,52.996803,5.712943,2.7113721,-7.1847386
1053,-0.42657992243766785,10.714431762695312,78.26214599609375,-3.3557357541652513,-3.623967927199146,-85.81965374475065,-7.2567205,14.859293,-2.2214842,23.017038,-8.884449,-15.000033,3.7461553,-1.4318928,-14.389162,6.808597,-6.5638394,5.088225,-2.5103307,5.0525465,12.882835,5.194082,15.744085,-31.672167,59.359783,-4.7403708,7.7533245,6.978918,0.13624783,-26.565773,43.91147,53.0598,5.6353393,2.7584853,-7.1309495
1054,-0.39706793427467346,10.637554168701172,78.25698852539062,-3.3675181311080316,-3.5493540506600767,-85.88722002542553,-6.9255123,14.692269,-2.2455084,22.085999,-8.464448,-15.000033,3.712719,-1.4272637,-14.332721,6.818173,-6.6161885,5.118084,-2.5249393,5.188473,12.731509,5.5829926,15.638363,-31.927021,59.353424,-4.7908325,7.5984263,6.8437357,0.22034402,-26.499056,43.948746,53.11911,5.5149527,2.833927,-7.060313
1055,-0.3676196038722992,10.55688762664795,78.2501220703125,-3.3845763704915006,-3.469822777838307,-85.95004103980283,-6.625994,14.577203,-2.1951373,21.24444,-8.06937,-15.000033,3.6810474,-1.4170729,-14.281454,6.8162665,-6.6634383,5.1494846,-2.5495698,5.317638,12.574099,5.9463997,15.565754,-32.214058,59.309475,-4.8462024,7.456098,6.673554,0.305369,-26.427216,43.985844,53.17206,5.361032,2.92489,-6.979081
1056,-0.33965086936950684,10.47025203704834,78.2451400756836,-3.415609933487673,-3.3906453200053503,-86.00681668354224,-6.381407,14.562826,-2.0133905,20.576439,-7.8287463,-15.000033,3.6527615,-1.3901768,-14.235632,6.8087893,-6.708437,5.177304,-2.5851507,5.4451365,12.418224,6.2804036,15.524642,-32.5312,59.222935,-4.7975497,7.385462,6.4984584,0.39500389,-26.350107,44.014194,53.211586,5.1805305,3.0191321,-6.8936977
1057,-0.3141677975654602,10.392813682556152,78.24030303955078,-3.4658153351195176,-3.3132711280404603,-86.06009824837741,-6.2166295,14.695035,-1.6276274,20.161758,-7.815208,-15.000033,3.6308126,-1.3367871,-14.193189,6.790783,-6.748753,5.1977563,-2.6287947,5.5741186,12.26487,6.585091,15.514326,-32.87986,59.08715,-4.6015472,7.419155,6.308131,0.49338174,-26.267262,44.03281,53.234676,4.961384,3.1134775,-6.805321
1058,-0.29143044352531433,10.31528377532959,78.23110961914062,-3.5274492059830505,-3.2365384885865964,-86.11077179695107,-6.1146364,14.933612,-1.0793967,19.952562,-7.962537,-15.000033,3.6068358,-1.2699627,-14.152596,6.779141,-6.793641,5.2148924,-2.6796594,5.699373,12.111573,6.8603635,15.534928,-33.26181,58.908447,-4.3214645,7.5191107,6.092252,0.5982015,-26.178345,44.045277,53.24519,4.704093,3.2143018,-6.7105894
1059,-0.26219332218170166,10.233755111694336,78.22319030761719,-3.58776528689519,-3.1608829819442708,-86.15543799263493,-6.0319595,15.19759,-0.4826802,19.829018,-8.183452,-15.000033,3.5888288,-1.2072244,-14.116497,6.76111,-6.8358445,5.235677,-2.7415085,5.812132,11.9596815,7.106054,15.585272,-33.670856,58.699474,-4.0028443,7.6383634,5.8816614,0.7037925,-26.084177,44.048794,53.247208,4.4329634,3.3235302,-6.609044
1060,-0.22527314722537994,10.152277946472168,78.21127319335938,-3.637422602389716,-3.0850789966970638,-86.18843630887477,-5.93175,15.405375,0.042384945,19.67106,-8.383036,-15.000033,3.5722818,-1.167197,-14.089479,6.7457104,-6.8791494,5.266765,-2.8197465,5.906174,11.809463,7.3229313,15.662627,-34.099197,58.47166,-3.689058,7.7303777,5.707432,0.8081013,-25.985275,44.03843,53.240753,4.1715393,3.4432588,-6.500314
1061,-0.18419992923736572,10.071122169494629,78.19758605957031,-3.6860797651622392,-3.002835012252698,-86.201729538494,-5.820338,15.557975,0.477205,19.47216,-8.572639,-15.000033,3.553465,-1.1393489,-14.081355,6.7317495,-6.925024,5.3097425,-2.9240572,5.9924045,11.654436,7.508793,15.765679,-34.550365,58.22704,-3.3864167,7.7862506,5.5708375,0.9085638,-25.882545,44.01656,53.22518,3.925393,3.5861104,-6.381769
1062,-0.13865697383880615,9.994100570678711,78.1850814819336,-3.7351934608101196,-2.916461626463612,-86.20012633973421,-5.7129073,15.692033,0.879648,19.285406,-8.787476,-15.000033,3.5325534,-1.1191373,-14.08728,6.719957,-6.9728503,5.361103,-3.0493503,6.0713925,11.4962435,7.6629944,15.893845,-35.02682,57.961346,-3.0729156,7.82974,5.4577727,1.009337,-25.776222,43.982655,53.19865,3.6805108,3.7470002,-6.254326
1063,-0.08424955606460571,9.916732788085938,78.18153381347656,-3.7614827372643775,-2.8353447367034468,-86.19564045268834,-5.5878086,15.778788,1.2396783,19.074097,-8.958272,-15.000033,3.51803,-1.1311643,-14.092006,6.709303,-7.0197506,5.4196253,-3.1795976,6.121132,11.344989,7.784827,16.045195,-35.52248,57.67967,-2.7536032,7.864035,5.377499,1.109721,-25.666952,43.93598,53.166157,3.4383564,3.9013283,-6.122754
1064,-0.01790759339928627,9.842375755310059,78.19451904296875,-3.7135132830389628,-2.7651458091494785,-86.18221778272435,-5.4135113,15.719005,1.5466138,18.759987,-8.990011,-14.706242,3.5142157,-1.241741,-14.093152,6.707461,-7.066736,5.4960017,-3.316374,6.0973916,11.207567,7.8733416,16.215637,-36.030552,57.38702,-2.4325154,7.8921604,5.3391576,1.2100433,-25.55519,43.873657,53.131546,3.1982484,4.024419,-5.9921823
1065,0.05664700269699097,9.766810417175293,78.21739196777344,-3.582196486506378,-2.7125129035885682,-86.16432550312904,-5.181138,15.505586,1.7720886,18.32866,-8.8374605,-14.206,3.5283082,-1.4591476,-14.085135,6.712337,-7.1133413,5.5873094,-3.456169,5.9887214,11.090188,7.9210424,16.402859,-36.55941,57.090027,-2.1047738,7.909083,5.3646994,1.3074167,-25.4413,43.79399,53.096855,2.9634326,4.1024375,-5.855414
1066,0.12979373335838318,9.696097373962402,78.2438735961914,-3.4091190417335975,-2.674355554724606,-86.15336740658552,-4.9159446,15.223442,1.928018,17.843973,-8.569934,-13.754679,3.5553765,-1.7286581,-14.063598,6.7200294,-7.1583433,5.6832013,-3.5897658,5.8315916,10.988108,7.9285035,16.606524,-37.110115,56.787365,-1.769557,7.9157166,5.4429245,1.4059765,-25.324965,43.696594,53.05701,2.7310998,4.151311,-5.7128043
1067,0.19607122242450714,9.624929428100586,78.26969909667969,-3.216531061552818,-2.641654014882695,-86.15218008205309,-4.634122,14.913456,2.05943,17.335083,-8.260534,-13.3634405,3.5857372,-2.0209281,-14.029382,6.728031,-7.199466,5.7827945,-3.711479,5.652737,10.890886,7.903413,16.824654,-37.666306,56.47512,-1.4385453,7.9234867,5.5338945,1.5073591,-25.20673,43.59135,53.01311,2.5022016,4.1906013,-5.5810924
1068,0.2789454758167267,9.549013137817383,78.29700469970703,-3.0306823543235133,-2.6051317756920462,-86.16335420924196,-4.350372,14.615402,2.2108626,16.828133,-7.9814863,-13.0447235,3.607803,-2.3067205,-13.983096,6.7361555,-7.2349286,5.8852787,-3.816414,5.479114,10.788038,7.854349,17.054535,-38.210026,56.150204,-1.1221985,7.9435806,5.5974264,1.6105154,-25.088072,43.490417,52.96813,2.279553,4.2401233,-5.4769526
1069,0.3685629367828369,9.471336364746094,78.32391357421875,-2.8501487977256708,-2.5626113265618358,-86.184615921429,-4.0633883,14.327724,2.3830454,16.318592,-7.7401295,-12.808329,3.620612,-2.5862968,-13.925806,6.744825,-7.265173,5.9937754,-3.907456,5.312799,10.67683,7.7750244,17.29522,-38.75211,55.815598,-0.8401853,7.976894,5.6356134,1.7180834,-24.969536,43.401283,52.92483,2.0704708,4.3009787,-5.4148407
1070,0.45585647225379944,9.4005126953125,78.34990692138672,-2.664891233807525,-2.5188773932824775,-86.21547038666442,-3.7595515,14.032197,2.5562832,15.783053,-7.496529,-12.646939,3.62947,-2.8716936,-13.856719,6.7523084,-7.2896233,6.1074452,-3.9865613,5.1418242,10.56275,7.662835,17.546083,-39.296974,55.473385,-0.5811745,8.018013,5.6656094,1.8291156,-24.851482,43.31641,52.881847,1.8711878,4.3642783,-5.3824224
1071,0.5432774424552917,9.3264799118042,78.37670135498047,-2.487032686203144,-2.47473558318631,-86.26184660538965,-3.443513,13.74638,2.7409916,15.235262,-7.256187,-12.546836,3.6310265,-3.1492598,-13.774658,6.759663,-7.3084445,6.2192354,-4.0478654,4.9765882,10.448732,7.5342283,17.80389,-39.8148,55.117332,-0.30688417,8.067837,5.669696,1.9406772,-24.733994,43.225716,52.82915,1.6680901,4.4352627,-5.356068
1072,0.6319540143013,9.261487007141113,78.4013671875,-2.3254829409104434,-2.4310790522009107,-86.32950787473331,-3.1178794,13.487359,2.948566,14.681789,-7.0240393,-12.4930725,3.6244998,-3.40555,-13.677837,6.7660837,-7.321977,6.322207,-4.087449,4.82628,10.337315,7.405098,18.064262,-40.27459,54.743736,0.019714627,8.126981,5.6302443,2.05301,-24.61692,43.115723,52.75627,1.4415255,4.518926,-5.311965
1073,0.724573016166687,9.196616172790527,78.42417907714844,-2.184189551912968,-2.385642929492321,-86.42456304255025,-2.781568,13.265055,3.1850898,14.113704,-6.7955813,-12.502423,3.606218,-3.634665,-13.562636,6.7714663,-7.329502,6.4118433,-4.098253,4.6954527,10.225482,7.272553,18.324688,-40.679264,54.360226,0.4519642,8.199973,5.5298977,2.1690736,-24.499365,42.98326,52.659775,1.1926,4.620225,-5.24801
1074,0.8196963667869568,9.129968643188477,78.44537353515625,-2.0591916020453254,-2.338429059534695,-86.54233672684556,-2.4357212,13.070557,3.4418526,13.530053,-6.569378,-12.574352,3.5787058,-3.8431594,-13.431047,6.776217,-7.3317704,6.492538,-4.084594,4.5801544,10.112483,7.128577,18.584538,-41.0422,53.971375,0.95575374,8.283718,5.3823295,2.285506,-24.381508,42.83737,52.54851,0.9314952,4.7350326,-5.175331
1075,0.9107406139373779,9.06684684753418,78.4621353149414,-1.9449958920893233,-2.2941280540190085,-86.67242699163164,-2.0868278,12.893586,3.7083042,12.949776,-6.354182,-12.667355,3.5497007,-4.037004,-13.290119,6.7804823,-7.330525,6.5709586,-4.060104,4.4769254,10.004241,6.9831343,18.84228,-41.34454,53.566326,1.439812,8.3675785,5.2165265,2.399723,-24.264366,42.67767,52.423622,0.6458524,4.855163,-5.089911
1076,1.006264090538025,9.0005464553833,78.47662353515625,-1.8393685861031206,-2.2570639666953363,-86.80470826669787,-1.7416483,12.723137,3.974396,12.393832,-6.1595883,-12.740579,3.5268087,-4.2230783,-13.146805,6.7843013,-7.327488,6.653853,-4.0387087,4.382001,9.906871,6.8480835,19.095827,-41.56507,53.133255,1.8150644,8.441915,5.061804,2.506519,-24.149765,42.507656,52.28739,0.327586,4.9722915,-4.9877276
1077,1.1057156324386597,8.935566902160645,78.4896240234375,-1.7438874039959074,-2.2302107170464778,-86.93960609772681,-1.3981037,12.561837,4.24372,11.866999,-5.989869,-12.793952,3.5131364,-4.39924,-13.000144,6.7874985,-7.3225465,6.7426043,-4.021209,4.2988734,9.82324,6.723964,19.34419,-41.691086,52.667076,2.055113,8.50681,4.9060698,2.6036434,-24.039267,42.33471,52.140244,-0.032799743,5.087995,-4.864761
1078,1.2111358642578125,8.874435424804688,78.49903869628906,-1.6595288921839926,-2.2105972610741738,-87.08154977446603,-1.0543276,12.413752,4.519612,11.358402,-5.8392267,-12.844877,3.5043385,-4.5632625,-12.847444,6.7899566,-7.31486,6.8337584,-4.0025716,4.2285423,9.749658,6.6054587,19.587275,-41.73453,52.1761,2.208537,8.567134,4.7404947,2.6954603,-23.933191,42.15489,51.978592,-0.42945337,5.2052536,-4.7237315
1079,1.3159191608428955,8.820186614990234,78.50690460205078,-1.581618649967349,-2.1942132288614133,-87.22613894918051,-0.71920687,12.269993,4.791573,10.872069,-5.705909,-12.879626,3.4964192,-4.7213607,-12.693136,6.793287,-7.3063555,6.926753,-3.9864354,4.1640124,9.683037,6.4943604,19.82367,-41.71279,51.668816,2.2984674,8.620384,4.6005025,2.7817118,-23.831362,41.959896,51.801468,-0.8399674,5.317694,-4.57146
1080,1.4201301336288452,8.765987396240234,78.51425170898438,-1.5039011122353128,-2.177188126879519,-87.36913606048519,-0.39792466,12.120683,5.049931,10.406027,-5.585007,-12.885499,3.4879305,-4.8801546,-12.541636,6.795351,-7.297821,7.0212717,-3.9767861,4.0980945,9.620171,6.3893433,20.051302,-41.645367,51.15561,2.345387,8.663791,4.521265,2.8660703,-23.732714,41.737305,51.60527,-1.2462149,5.419258,-4.4144864
1081,1.521185040473938,8.710864067077637,78.51994323730469,-1.4288645431183866,-2.1581463404201773,-87.51265134121128,-0.09139135,11.963936,5.2948775,9.962759,-5.4791307,-12.857605,3.4761875,-5.0396,-12.392039,6.797298,-7.2893267,7.116231,-3.9733517,4.0310574,9.559857,6.291431,20.268099,-41.529446,50.63423,2.3410525,8.701988,4.521318,2.9494247,-23.637072,41.47604,51.383694,-1.6638775,5.5118146,-4.2454486
1082,1.630509853363037,8.65166187286377,78.52412414550781,-1.3567604227378451,-2.139425511229864,-87.65791991919073,0.20439948,11.804503,5.531221,9.542383,-5.3898726,-12.804594,3.4627185,-5.1970754,-12.242499,6.799867,-7.280566,7.212314,-3.973525,3.9665225,9.503657,6.197733,20.473131,-41.359943,50.10506,2.2773387,8.734606,4.5792537,3.03288,-23.544285,41.18191,51.138493,-2.0982885,5.5971932,-4.063729
1083,1.742341160774231,8.598882675170898,78.53031921386719,-1.287041693987395,-2.1223062586321895,-87.79938820024651,0.49336076,11.640884,5.756738,9.134261,-5.306675,-12.734626,3.451869,-5.354781,-12.096741,6.80231,-7.273071,7.311116,-3.9763575,3.901386,9.452021,6.1038136,20.6659,-41.14994,49.581608,2.1800032,8.751643,4.6706357,3.110805,-23.453884,40.876465,50.886814,-2.506065,5.6696,-3.8870332
1084,1.861307978630066,8.543950080871582,78.533935546875,-1.214678190288967,-2.108330180249968,-87.93138815437308,0.7841071,11.472145,5.9699464,8.717736,-5.215231,-12.655917,3.4468644,-5.514748,-11.958282,6.804418,-7.2677364,7.4144254,-3.981331,3.8331275,9.405748,6.0051646,20.845882,-40.91243,49.077347,2.074633,8.743105,4.771029,3.1801353,-23.364126,40.578983,50.64333,-2.8467708,5.723787,-3.7333183
1085,1.973388910293579,8.491620063781738,78.53659057617188,-1.141054705801444,-2.0970833742624233,-88.0509625616994,1.0697411,11.296189,6.165676,8.306039,-5.1200156,-12.562611,3.4484,-5.6791015,-11.829494,6.8078814,-7.26649,7.5245543,-3.9889567,3.7609026,9.363257,5.902649,21.012457,-40.638912,48.59005,1.9605335,8.700394,4.872925,3.2370646,-23.274115,40.294395,50.41732,-3.1097524,5.756624,-3.600018
1086,2.0816359519958496,8.438340187072754,78.538818359375,-1.0676299120227557,-2.08840922714639,-88.16156099000538,1.3592755,11.112579,6.348696,7.884099,-5.0168667,-12.454106,3.4548824,-5.846641,-11.707716,6.811138,-7.26732,7.640044,-4.0002947,3.6859121,9.324733,5.798564,21.165258,-40.32511,48.11539,1.8269478,8.630663,4.989619,3.2853944,-23.182552,40.011482,50.198845,-3.319004,5.7719874,-3.4804447
1087,2.192713737487793,8.38233470916748,78.54106903076172,-0.9952860334668208,-2.08304376496043,-88.26755843918717,1.6666256,10.926104,6.527509,7.4263334,-4.891126,-12.345229,3.4652047,-6.0126643,-11.59033,6.8136573,-7.2686057,7.7566767,-4.013779,3.608956,9.292234,5.6892123,21.304142,-39.99275,47.665485,1.6845489,8.547458,5.127765,3.3209527,-23.089256,39.73488,49.987717,-3.4741275,5.775276,-3.3866646
1088,2.3015031814575195,8.328547477722168,78.5406265258789,-0.9366383225753799,-2.079098142291649,-88.37092620335977,1.7839217,10.777967,6.665516,7.3623757,-4.9667625,-12.251895,3.4759853,-6.161603,-11.478377,6.8158174,-7.2700186,7.8687096,-4.030409,3.5417604,9.266063,5.5693674,21.428936,-39.66541,47.252644,1.5412632,8.464896,5.294226,3.3446147,-22.99364,39.465256,49.778618,-3.578637,5.772028,-3.3302789
1089,2.4070684909820557,8.281899452209473,78.53936767578125,-0.8788708658164985,-2.0819907845351757,-88.47470501688879,1.90426,10.632954,6.804388,7.3014336,-5.036974,-12.176987,3.4921637,-6.3084135,-11.367272,6.817771,-7.2720766,7.9778185,-4.0477066,3.470775,9.251147,5.4331074,21.538984,-39.34974,46.88102,1.3999866,8.384704,5.493101,3.355242,-22.895123,39.197548,49.569717,-3.6171587,5.7609234,-3.3165603
1090,2.5118706226348877,8.237407684326172,78.53919982910156,-0.8224913858378424,-2.0905884918352196,-88.57669694072864,2.0371504,10.487388,6.9430594,7.220192,-5.090228,-12.112021,3.51364,-6.454543,-11.25843,6.8196692,-7.275396,8.08584,-4.065205,3.3955166,9.245129,5.28312,21.633783,-39.034405,46.54558,1.2559581,8.300035,5.720017,3.3538833,-22.793621,38.930904,49.364258,-3.594698,5.740004,-3.3386767
1091,2.6146774291992188,8.190088272094727,78.53771209716797,-0.7663614243301629,-2.098525769317112,-88.6771254134103,2.1593084,10.347156,7.0782266,7.1536574,-5.1457076,-12.050635,3.5332844,-6.5962744,-11.151912,6.821606,-7.277952,8.190452,-4.0813565,3.3170776,9.2415285,5.126649,21.71337,-38.71485,46.24509,1.1075088,8.210662,5.9695315,3.3429804,-22.688616,38.67572,49.16535,-3.5420794,5.7142477,-3.390081
1092,2.7181124687194824,8.144311904907227,78.53653717041016,-0.7138884406901111,-2.0997055235819326,-88.77622666472037,2.27274,10.213906,7.211619,7.0864873,-5.1969337,-11.986032,3.544354,-6.7303286,-11.047584,6.823687,-7.278014,8.289459,-4.0948005,3.2354708,9.234013,4.968775,21.778395,-38.38766,45.97924,0.95083165,8.116633,6.236162,3.3234441,-22.579706,38.442795,48.977978,-3.4906185,5.688368,-3.464668
1093,2.811699151992798,8.103621482849121,78.53608703613281,-0.666925865853177,-2.0922112558572143,-88.87403658956305,2.3667924,10.092431,7.34187,7.0361624,-5.252056,-11.917192,3.5456889,-6.8534575,-10.945281,6.824948,-7.274938,8.381193,-4.1047716,3.150056,9.220551,4.8143473,21.828415,-38.043865,45.748264,0.7841799,8.012137,6.5349746,3.2986577,-22.465092,38.23012,48.801624,-3.4417825,5.666621,-3.570851
1094,2.897401809692383,8.058878898620605,78.53524780273438,-0.6234105353758013,-2.0798031487035087,-88.97052795846578,2.4522305,9.978716,7.4703736,6.9872518,-5.3027873,-11.846721,3.5407007,-6.968776,-10.844876,6.8263664,-7.2700963,8.467128,-4.1128855,3.0599854,9.204593,4.6586943,21.86334,-37.68737,45.552795,0.6097541,7.898991,6.863286,3.2651632,-22.344055,38.03504,48.637184,-3.381118,5.645188,-3.7088344
1095,2.988161087036133,8.0135498046875,78.53527069091797,-0.5820657619672084,-2.0633769441120244,-89.06544419601751,2.5266893,9.87032,7.5952706,6.946445,-5.3538723,-11.774678,3.5297222,-7.0791216,-10.747157,6.827821,-7.2631187,8.549932,-4.1211805,2.9681306,9.187646,4.498653,21.884668,-37.33197,45.388855,0.43346784,7.7882314,7.188388,3.2168348,-22.218573,37.86467,48.48722,-3.3178542,5.617284,-3.8598046
1096,3.076890230178833,7.976716995239258,78.5354995727539,-0.5414372194300675,-2.044486120824403,-89.15842841123407,2.5960054,9.764171,7.7159986,6.903067,-5.4008775,-11.701384,3.5136518,-7.186714,-10.65305,6.8287044,-7.2529235,8.632304,-4.1317077,2.8782642,9.171601,4.3310733,21.895153,-36.990807,45.251217,0.26077256,7.6916676,7.4776044,3.1486273,-22.092976,37.726147,48.353394,-3.2611506,5.576082,-4.0047736
1097,3.159863233566284,7.943331241607666,78.53563690185547,-0.5045409245732777,-2.0203483745957724,-89.25342282066515,2.6564028,9.659835,7.8348184,6.8610783,-5.445918,-11.623868,3.4884386,-7.2913647,-10.559753,6.8287854,-7.2378,8.714576,-4.142691,2.7925005,9.155463,4.160763,21.895432,-36.655586,45.13409,0.080045,7.60943,7.723893,3.0586216,-21.970879,37.62106,48.236103,-3.211956,5.508241,-4.146407
1098,3.2402474880218506,7.910048007965088,78.53545379638672,-0.46882808407032905,-1.9913493468143049,-89.34928372462883,2.7064488,9.55944,7.951099,6.823398,-5.489787,-11.543215,3.447154,-7.393291,-10.46675,6.845269,-7.227512,8.795486,-4.1539674,2.7094705,9.139764,3.988824,21.88558,-36.32214,45.038204,-0.10705562,7.536479,7.9439526,2.9526448,-21.853039,37.545273,48.128426,-3.1652212,5.4215193,-4.2917495
1099,3.322998046875,7.876803874969482,78.53533935546875,-0.43615080434845993,-1.9632344517872398,-89.43803634730284,2.7539043,9.460772,8.060296,6.785101,-5.5309525,-11.465143,3.4062164,-7.4932027,-10.380689,6.864284,-7.2193284,8.875002,-4.1692867,2.6250827,9.128481,3.8060007,21.868437,-36.01272,44.96945,-0.27752364,7.4769835,8.14096,2.8381033,-21.74038,37.495007,48.02227,-3.1235783,5.340848,-4.428745
1100,3.401618719100952,7.846559524536133,78.53618621826172,-0.4032031490398321,-1.9418343306881671,-89.51163763373313,2.804446,9.363621,8.157099,6.7435145,-5.5683265,-11.3955345,3.377275,-7.592133,-10.307817,6.8807,-7.214112,8.953185,-4.191291,2.5358036,9.125755,3.6047022,21.84856,-35.749943,44.931137,-0.4073544,7.435263,8.318172,2.7219536,-21.634382,37.465313,47.90935,-3.089365,5.291359,-4.545205
1101,3.4773666858673096,7.81341028213501,78.53582763671875,-0.3712304452899001,-1.9288677890695414,-89.56939088101386,2.8446352,9.270868,8.240117,6.7310734,-5.6206737,-11.337775,3.363657,-7.6891065,-10.248572,6.8932905,-7.2130466,9.030815,-4.2188516,2.4407103,9.133541,3.3815734,21.829298,-35.54255,44.92346,-0.47653353,7.4202633,8.474259,2.6066625,-21.535534,37.45388,47.7836,-3.0546846,5.29129,-4.638219
1102,3.5488672256469727,7.786147117614746,78.53438568115234,-0.3412403142054859,-1.9211276326504403,-89.61509838587726,2.879415,9.181314,8.3125515,6.7315516,-5.678659,-11.287971,3.3592367,-7.7842107,-10.200044,6.903914,-7.2145176,9.107747,-4.24992,2.3410313,9.150172,3.1423988,21.811573,-35.379253,44.94061,-0.5038449,7.4277244,8.608096,2.4895966,-21.444178,37.46214,47.64827,-3.0207663,5.3234935,-4.7139387
1103,3.616107702255249,7.760716915130615,78.53326416015625,-0.3110580108888428,-1.9173977064415446,-89.64757293612534,2.912718,9.091987,8.371334,6.73141,-5.731704,-11.240881,3.3622396,-7.879189,-10.16391,6.914433,-7.2187676,9.1819,-4.2862887,2.2365327,9.17456,2.8945632,21.795942,-35.25086,44.97472,-0.52309227,7.442211,8.723033,2.3727956,-21.361206,37.490013,47.505894,-3.0048528,5.359981,-4.773856
1104,3.6806986331939697,7.73903751373291,78.53180694580078,-0.28029136816566147,-1.9162591437395955,-89.66551406730467,2.9429579,9.001109,8.412414,6.730738,-5.7780504,-11.191123,3.370266,-7.9751735,-10.141799,6.92712,-7.2259865,9.2514515,-4.320265,2.1318488,9.2109785,2.6374207,21.788021,-35.161743,45.013027,-0.5756637,7.4484453,8.822788,2.2845309,-21.315718,37.523182,47.318382,-3.0220833,5.3743863,-4.815975
1105,3.744035482406616,7.715198516845703,78.53040313720703,-0.24751031271233853,-1.9189623128697646,-89.66504701870082,2.9686744,8.90666,8.43058,6.730257,-5.8157916,-11.137127,3.3839962,-8.074366,-10.137428,6.945619,-7.239643,9.315406,-4.382264,2.01692,9.252631,2.3856912,21.777597,-35.07953,45.069035,-0.67145866,7.4434423,8.908026,2.1615257,-21.251244,37.603806,47.17323,-3.0862916,5.3520956,-4.840831
1106,3.804920196533203,7.694182395935059,78.52985382080078,-0.21426927673107787,-1.9257231687835168,-89.64797934642087,2.9911408,8.810632,8.429213,6.7305946,-5.8474693,-11.081671,3.4053948,-8.174711,-10.149138,6.9651127,-7.256857,9.374852,-4.4483557,1.8977227,9.304856,2.1225233,21.771757,-35.036522,45.139465,-0.7987659,7.4353437,8.978333,2.0467784,-21.201975,37.700287,47.012222,-3.1863565,5.3113976,-4.845293
1107,3.8613061904907227,7.678903102874756,78.5286865234375,-0.18187736573402452,-1.9340726708943363,-89.62181266266384,3.011745,8.715281,8.417485,6.730158,-5.873986,-11.026397,3.4289196,-8.274119,-10.169341,6.987691,-7.275858,9.431191,-4.5056863,1.7780904,9.363713,1.8517139,21.770933,-35.030994,45.215694,-0.92066336,7.4236946,9.029161,1.9577105,-21.179152,37.79509,46.81636,-3.304724,5.2662163,-4.8409967
1108,3.9151225090026855,7.664945125579834,78.52835845947266,-0.15071231018855766,-1.941676173742461,-89.59394019202114,3.0299125,8.623313,8.404099,6.729914,-5.8969555,-10.973162,3.4535925,-8.369455,-10.191269,7.0066414,-7.290051,9.485579,-4.562507,1.6563135,9.415859,1.5904154,21.77146,-35.042377,45.29612,-0.9986067,7.4076104,9.057159,1.8736087,-21.157993,37.906612,46.62106,-3.4190118,5.2292337,-4.847261
1109,3.96470046043396,7.649351119995117,78.52855682373047,-0.11845942570162095,-1.9496294835071997,-89.56264099162301,3.0471694,8.533404,8.38753,6.7292433,-5.9147763,-10.921606,3.478199,-8.462686,-10.2156515,7.0272985,-7.3017545,9.539373,-4.6088185,1.5300747,9.463068,1.3298682,21.77427,-35.082527,45.38652,-1.0249243,7.382644,9.054055,1.8083136,-21.142,38.020004,46.410618,-3.5291662,5.202015,-4.866244
1110,4.015218257904053,7.630309581756592,78.5294418334961,-0.08680450746788405,-1.9586657900164826,-89.52512305198286,3.0629196,8.444569,8.364302,6.7280545,-5.9269423,-10.8710575,3.5056322,-8.554479,-10.245548,7.0469255,-7.311153,9.591594,-4.647644,1.3995823,9.508637,1.069402,21.779325,-35.152752,45.486134,-1.017819,7.350552,9.024279,1.7567621,-21.133211,38.137524,46.18934,-3.6449857,5.177195,-4.8895555
1111,4.062824249267578,7.612374305725098,78.53143310546875,-0.0584499302204556,-1.9657331444245378,-89.48748200124987,3.0751817,8.361307,8.340636,6.7282996,-5.9387054,-10.822783,3.5306365,-8.64012,-10.276164,7.065457,-7.3173366,9.639968,-4.6796536,1.2720776,9.5522175,0.81166047,21.785725,-35.24426,45.586197,-0.9826747,7.3205996,8.981993,1.7151715,-21.131105,38.256996,45.96226,-3.7698088,5.1578546,-4.9131646
1112,4.109292984008789,7.597165584564209,78.5347671508789,-0.03668321204659969,-1.967743111064116,-89.45576124926353,3.083202,8.28764,8.32293,6.72766,-5.952287,-10.778098,3.5481021,-8.715512,-10.302206,7.081849,-7.3187513,9.682468,-4.7055387,1.1531233,9.58598,0.5645257,21.794456,-35.35756,45.67903,-0.9320047,7.301828,8.945888,1.6740285,-21.134296,38.39014,45.748867,-3.8964853,5.145874,-4.937369
1113,4.154343605041504,7.5822272300720215,78.53669738769531,-0.02307798835594516,-1.9642282042672372,-89.42991636603496,3.0860221,8.227286,8.311289,6.7270513,-5.969036,-10.738279,3.5588853,-8.776514,-10.324867,7.0927796,-7.3122864,9.71859,-4.7276134,1.0475732,9.623053,0.32962576,21.801838,-35.465218,45.754482,-0.82253504,7.301759,8.904089,1.6303563,-21.14036,38.51234,45.54506,-4.048757,5.146365,-4.951301
1114,4.1963982582092285,7.569416046142578,78.53888702392578,-0.015663281388284267,-1.9560306393631242,-89.40735191107181,3.0834088,8.176628,8.302922,6.7272162,-5.987223,-10.702197,3.5639567,-8.826775,-10.346085,7.100488,-7.300098,9.749447,-4.742583,0.94898623,9.637504,0.10064544,21.81492,-35.631763,45.836067,-0.71103925,7.313791,8.871845,1.5946008,-21.156933,38.678528,45.35236,-4.174772,5.1585164,-4.978307
1115,4.236869812011719,7.55711555480957,78.54108428955078,-0.011088405606655336,-1.9442917841002645,-89.38998463855584,3.077569,8.131258,8.299396,6.727405,-6.006371,-10.668012,3.5626311,-8.87177,-10.362007,7.108075,-7.2859964,9.7751045,-4.7533,0.85598236,9.6563635,-0.116139196,21.828526,-35.787273,45.902245,-0.58479786,7.325791,8.836523,1.5602067,-21.179083,38.831604,45.159874,-4.324208,5.1691628,-4.9970865
1116,4.275094985961914,7.545073509216309,78.5431137084961,-0.003374194749136845,-1.9293065218440753,-89.37987684770307,3.0696297,8.085694,8.302744,6.727245,-6.0262957,-10.633666,3.5521965,-8.917859,-10.368765,7.120377,-7.2743754,9.79587,-4.7605443,0.7643349,9.671372,-0.32120034,21.84203,-35.93843,45.960575,-0.49743402,7.3254056,8.813131,1.5266011,-21.206516,38.98659,44.971634,-4.4826894,5.167499,-5.014508
