Frame,root_translateX,root_translateY,root_translateZ,root_rotateX,root_rotateY,root_rotateZ,left_hip_pitch_joint_dof,left_hip_roll_joint_dof,left_hip_yaw_joint_dof,left_knee_joint_dof,left_ankle_pitch_joint_dof,left_ankle_roll_joint_dof,right_hip_pitch_joint_dof,right_hip_roll_joint_dof,right_hip_yaw_joint_dof,right_knee_joint_dof,right_ankle_pitch_joint_dof,right_ankle_roll_joint_dof,waist_yaw_joint_dof,waist_roll_joint_dof,waist_pitch_joint_dof,left_shoulder_pitch_joint_dof,left_shoulder_roll_joint_dof,left_shoulder_yaw_joint_dof,left_elbow_joint_dof,left_wrist_roll_joint_dof,left_wrist_pitch_joint_dof,left_wrist_yaw_joint_dof,right_shoulder_pitch_joint_dof,right_shoulder_roll_joint_dof,right_shoulder_yaw_joint_dof,right_elbow_joint_dof,right_wrist_roll_joint_dof,right_wrist_pitch_joint_dof,right_wrist_yaw_joint_dof
0,0.06517825275659561,2.7154088020324707,78.02481842041016,0.17291063681689325,-7.226473126753024,-90.8944284622183,8.855138,3.2233195,8.7771015,9.966531,-13.435276,-1.609184,6.564296,-1.3886212,-3.9341767,10.368158,-10.779107,1.936407,-2.5337012,-3.6500401,12.497729,-7.624784,12.625936,-46.96924,68.391045,-3.6769524,6.957218,8.371873,-8.558149,-9.786852,59.519196,66.177,16.033823,2.1254036,-4.1757245
1,0.0656752809882164,2.7217538356781006,78.02730560302734,0.1806530642561746,-7.1627400307534135,-90.86000584110991,8.775729,3.1989968,8.72462,9.952336,-13.43532,-1.5917331,6.5023427,-1.4063356,-3.9613662,10.343523,-10.762896,1.9560704,-2.5621114,-3.662168,12.466621,-7.637154,12.628661,-46.967915,68.391266,-3.6950605,6.942163,8.429712,-8.579743,-9.773941,59.483208,66.12696,15.976978,2.2528756,-4.14412
2,0.06627295911312103,2.7306501865386963,78.02951049804688,0.19022511169858686,-7.101410090047654,-90.8289091545621,8.701006,3.173832,8.674543,9.93669,-13.434637,-1.5758296,6.4407887,-1.4254456,-3.9853392,10.323128,-10.747917,1.97596,-2.5620074,-3.6775858,12.44332,-7.664516,12.636465,-46.99406,68.39786,-3.7167594,6.9240537,8.479007,-8.603841,-9.74371,59.398144,66.09884,15.904779,2.376508,-4.1032133
3,0.06696903705596924,2.7402095794677734,78.03422546386719,0.19859695562108412,-7.035682557364379,-90.79238872103934,8.620251,3.1473293,8.62047,9.919989,-13.433796,-1.5556962,6.3755546,-1.4455378,-4.014146,10.301234,-10.733847,1.9955665,-2.5708742,-3.6932964,12.414462,-7.685066,12.644171,-47.009827,68.392685,-3.733868,6.914495,8.540131,-8.625636,-9.718191,59.32903,66.057526,15.821627,2.5051277,-4.0723567
4,0.06661395728588104,2.7456464767456055,78.04067993164062,0.20778331892004392,-6.959176065491741,-90.74314212712696,8.520241,3.1181612,8.556512,9.909128,-13.43689,-1.5253173,6.301463,-1.4682995,-4.05456,10.275015,-10.721242,2.0145123,-2.5831807,-3.709422,12.380076,-7.699477,12.651781,-47.00345,68.358505,-3.7268429,6.9277034,8.626679,-8.646733,-9.696624,59.262405,65.99541,15.689835,2.6442888,-4.0602274
5,0.06445951014757156,2.7564494609832764,78.0466537475586,0.2187025831706483,-6.868424919976225,-90.67979752456465,8.394531,3.0840685,8.481761,9.908449,-13.444275,-1.476221,6.2129955,-1.4964757,-4.1072726,10.249161,-10.714062,2.0301712,-2.6040823,-3.7286863,12.336555,-7.712854,12.657795,-46.9858,68.30792,-3.7139637,6.964188,8.743235,-8.667797,-9.681947,59.217014,65.90806,15.495807,2.79636,-4.078684
6,0.06290603429079056,2.7669825553894043,78.0531997680664,0.23233357153911746,-6.76781478551643,-90.60608563860434,8.251897,3.0463958,8.39863,9.912607,-13.453366,-1.4134146,6.1158767,-1.5287005,-4.1690874,10.221036,-10.70923,2.0436532,-2.622651,-3.754965,12.29461,-7.729863,12.67211,-46.955715,68.23718,-3.6867454,7.018651,8.877102,-8.700213,-9.65232,59.15439,65.82292,15.234944,2.9582076,-4.1135993
7,0.06347917020320892,2.7774338722229004,78.0596694946289,0.24320596973175185,-6.6615818571143715,-90.52217442685165,8.100134,3.0104403,8.306714,9.9169855,-13.466532,-1.3510514,6.0165577,-1.5596867,-4.240923,10.185831,-10.702646,2.0600307,-2.6466925,-3.7762966,12.2465925,-7.7248435,12.691761,-46.889664,68.116005,-3.6188586,7.094351,9.030288,-8.733427,-9.616163,59.089447,65.732994,14.958317,3.1260653,-4.1519055
8,0.06803618371486664,2.7933406829833984,78.06310272216797,0.24018157362864162,-6.553684081392188,-90.42726489603153,7.9437504,2.9852629,8.2045,9.922803,-13.488596,-1.3037982,5.9250183,-1.5798146,-4.3253093,10.132264,-10.686904,2.083995,-2.6664784,-3.782585,12.193815,-7.6953506,12.707179,-46.77014,67.93267,-3.476085,7.192978,9.201584,-8.749563,-9.59059,58.99424,65.617874,14.691507,3.2983751,-4.1769247
9,0.0755675807595253,2.805025815963745,78.05795288085938,0.18335782793200153,-6.436071732211477,-90.30026735424191,7.532648,3.045204,8.047721,10.434009,-13.781709,-1.2792636,5.861782,-1.5453975,-4.447527,10.0014715,-10.631624,2.1124742,-2.7056298,-3.7374623,12.136626,-7.627862,12.732711,-46.539223,67.660576,-3.1995647,7.3148823,9.384716,-8.767498,-9.554647,58.851196,65.50063,14.4136915,3.4766877,-4.170969
10,0.08473878353834152,2.8235983848571777,78.04792785644531,0.095419233604652,-6.312428190235334,-90.15192469457767,6.9730377,3.153371,7.8550363,11.237283,-14.232118,-1.2672065,5.814418,-1.4791149,-4.5945024,9.826366,-10.554617,2.1451893,-2.75349,-3.6595414,12.072644,-7.5322742,12.760817,-46.238678,67.32375,-2.8351145,7.459157,9.584626,-8.777988,-9.5206995,58.686104,65.367744,14.12939,3.6615746,-4.1503806
11,0.09315946698188782,2.841972827911377,78.0368423461914,0.006023030090348977,-6.18486955149116,-90.0058827847979,6.4400873,3.2616258,7.6776786,11.978652,-14.661106,-1.2668533,5.76322,-1.4111514,-4.7398705,9.6487665,-10.475909,2.1820664,-2.8101816,-3.5784047,12.009549,-7.401092,12.809392,-45.89392,66.89754,-2.4396796,7.6333966,9.797251,-8.795501,-9.472866,58.50535,65.235565,13.848712,3.8502798,-4.131629
12,0.11112095415592194,2.8622262477874756,78.030029296875,-0.08345568050128159,-6.045878344720772,-89.8751469368831,5.9336147,3.377125,7.5465884,12.652738,-15.064028,-1.2828723,5.697432,-1.3400829,-4.8708873,9.470383,-10.393527,2.2189727,-2.835673,-3.4843771,11.932983,-7.274103,12.843389,-45.623142,66.433266,-2.1117735,7.837552,10.029046,-8.783855,-9.443838,58.281925,65.069115,13.590272,4.04186,-4.135665
13,0.12449963390827179,2.890352487564087,78.02069854736328,-0.17643285051237168,-5.889015222504851,-89.75595973260803,5.436227,3.497574,7.443199,13.274213,-15.439229,-1.3122219,5.612458,-1.2632495,-4.990477,9.284425,-10.303111,2.2576666,-2.8535502,-3.3774676,11.8448715,-7.1358266,12.882237,-45.393814,65.896255,-1.8609694,8.092081,10.284491,-8.763181,-9.416013,58.01498,64.88278,13.354226,4.2435446,-4.1632357
14,0.14102573692798615,2.9022772312164307,78.01083374023438,-0.2724921148482734,-5.7187715287880305,-89.642889635014,4.943518,3.6229422,7.3592176,13.860035,-15.798193,-1.3556215,5.514203,-1.1811011,-5.1044564,9.091927,-10.206797,2.2991848,-2.8555095,-3.260962,11.74905,-6.9833913,12.932162,-45.1927,65.28696,-1.651484,8.386714,10.560396,-8.732394,-9.385951,57.696716,64.68101,13.129307,4.4519143,-4.204967
15,0.15578804910182953,2.907477617263794,78.00121307373047,-0.3669296107776686,-5.5452321814779975,-89.54694022558505,4.4855666,3.7601979,7.3422704,14.388762,-16.149462,-1.4224939,5.408524,-1.0979879,-5.20388,8.903343,-10.11026,2.3383858,-2.8301554,-3.142635,11.652136,-6.8034325,13.013802,-45.036045,64.58488,-1.4595746,8.696313,10.837668,-8.69261,-9.346077,57.341927,64.47494,12.905911,4.6533356,-4.2601542
16,0.18057410418987274,2.922513484954834,77.99109649658203,-0.4578113092175835,-5.378589225735609,-89.47883671985151,4.094227,3.9184084,7.4400425,14.835375,-16.499123,-1.521193,5.301672,-1.0179913,-5.279843,8.730268,-10.020355,2.370085,-2.7819316,-3.0193918,11.554892,-6.6068563,13.088135,-44.9129,63.836678,-1.2454445,8.987357,11.101217,-8.637876,-9.317086,56.994316,64.2594,12.687063,4.834077,-4.3292084
17,0.20507115125656128,2.9320497512817383,77.981689453125,-0.5468343645575037,-5.219448164227253,-89.44861828989913,3.787002,4.1093526,7.6804934,15.176114,-16.854078,-1.6761978,5.1925826,-0.93588215,-5.325278,8.573877,-9.937464,2.388295,-2.6912227,-2.8907754,11.459912,-6.3836613,13.1844,-44.870804,63.00519,-1.0221527,9.245978,11.346944,-8.5707245,-9.290297,56.642834,64.04342,12.478532,4.987764,-4.4062743
18,0.23559588193893433,2.9319205284118652,77.97325897216797,-0.6384402384524315,-5.06279020292335,-89.44747954033805,3.5401924,4.327606,8.033425,15.437975,-17.212488,-1.8753413,5.0789022,-0.8511909,-5.347,8.427292,-9.857502,2.3972478,-2.5732963,-2.7521818,11.361799,-6.1413383,13.283337,-44.884506,62.110115,-0.7970864,9.488765,11.584994,-8.490695,-9.272092,56.28931,63.818977,12.284583,5.1235194,-4.494495
19,0.2707763910293579,2.9306013584136963,77.96493530273438,-0.7219668790288472,-4.9104053636287945,-89.45839480667877,3.3270612,4.556442,8.45851,15.666248,-17.564898,-2.071856,4.9637647,-0.77510244,-5.357131,8.292728,-9.78257,2.4069695,-2.4375224,-2.6168923,11.269181,-5.876197,13.394615,-44.892303,61.153603,-0.54232436,9.740611,11.811104,-8.395506,-9.260876,55.910465,63.57564,12.068268,5.2480474,-4.6010685
20,0.3068443834781647,2.930910348892212,77.9589614868164,-0.793798215399046,-4.764037529267891,-89.46429815558936,3.1172023,4.779598,8.914098,15.913133,-17.904486,-2.218752,4.851884,-0.7181019,-5.36783,8.1683235,-9.712438,2.4275007,-2.304468,-2.495284,11.188359,-5.58663,13.513894,-44.8175,60.1505,-0.22481227,10.025176,12.021314,-8.285265,-9.256583,55.49862,63.30478,11.798046,5.368477,-4.7338905
21,0.3400648832321167,2.9326469898223877,77.95272827148438,-0.8476349729709634,-4.630639282287153,-89.46457742862087,2.9253788,4.9992285,9.42894,16.173542,-18.229677,-2.300013,4.7485876,-0.6870498,-5.377074,8.059996,-9.650802,2.4643621,-2.1744509,-2.3910465,11.126947,-5.272775,13.6416235,-44.655624,59.098946,0.19197239,10.352707,12.227457,-8.157732,-9.257839,55.04645,63.004597,11.446816,5.481686,-4.907255
22,0.3851889967918396,2.935452461242676,77.94754791259766,-0.8883269551908086,-4.506785236889274,-89.46659185523083,2.7585664,5.2231903,10.01073,16.43037,-18.544792,-2.3420599,4.6503034,-0.67378783,-5.3805256,7.9651303,-9.59573,2.511066,-2.0416443,-2.2969732,11.078952,-4.9336963,13.77858,-44.43813,57.99193,0.68251014,10.7098875,12.426058,-8.01606,-9.264013,54.56338,62.68273,11.038996,5.5862308,-5.1129675
23,0.433921217918396,2.935947895050049,77.94576263427734,-0.9275326820107983,-4.378850513345179,-89.46568104632142,2.5881438,5.4411044,10.5876,16.688238,-18.847132,-2.3608592,4.546998,-0.66675824,-5.3864026,7.873507,-9.540998,2.5596144,-1.9123826,-2.208383,11.032845,-4.565297,13.926013,-44.14773,56.829712,1.1852913,11.084794,12.589324,-7.865452,-9.274365,54.059914,62.337574,10.617222,5.6919284,-5.3248887
24,0.48391038179397583,2.9321908950805664,77.94324493408203,-0.9739965728406289,-4.233961990390459,-89.4571705791639,2.384525,5.6426926,11.087366,16.952536,-19.133795,-2.3722386,4.4298115,-0.65410876,-5.403034,7.7742915,-9.480667,2.6019325,-1.7949617,-2.1209526,10.977185,-4.161699,14.085889,-43.76417,55.61117,1.6397644,11.464935,12.69051,-7.713153,-9.288498,53.5502,61.971107,10.225574,5.807783,-5.516894
25,0.5373067259788513,2.9301841259002686,77.93893432617188,-1.0277012714783307,-4.062174934371991,-89.44178089146413,2.1388166,5.820286,11.492453,17.212006,-19.401756,-2.3730927,4.2887516,-0.6355584,-5.4307137,7.6646876,-9.411227,2.6374445,-1.6868442,-2.0321372,10.902415,-3.718537,14.2604885,-43.254543,54.319084,2.0374846,11.869058,12.715942,-7.5569463,-9.306217,53.03005,61.583183,9.890959,5.9313626,-5.690989
26,0.5873013734817505,2.930570125579834,77.93338012695312,-1.085292719661359,-3.872822412062018,-89.42134127756579,1.8660558,5.980838,11.840322,17.468859,-19.653833,-2.3573644,4.1300974,-0.6163538,-5.4656463,7.5524344,-9.33738,2.6699717,-1.5876862,-1.9451569,10.817728,-3.2346363,14.451042,-42.633488,52.951557,2.4110677,12.295946,12.6813755,-7.3962793,-9.327055,52.497356,61.17382,9.585414,6.059098,-5.858278
27,0.639691174030304,2.9279861450195312,77.92635345458984,-1.1483461040852527,-3.680850977977642,-89.39312911808022,1.5764419,6.136307,12.142579,17.739584,-19.892328,-2.3362572,3.9731123,-0.5930993,-5.5100617,7.4347553,-9.261834,2.6983082,-1.5079558,-1.863619,10.739539,-2.7146513,14.657674,-41.95645,51.534145,2.7563052,12.702685,12.605119,-7.240009,-9.350025,51.96737,60.743896,9.269959,6.1981144,-6.006326
28,0.697690486907959,2.9198148250579834,77.91986846923828,-1.2189556074809285,-3.5013769068988396,-89.35417598285817,1.2765344,6.2998753,12.410194,18.048565,-20.123697,-2.3208084,3.833248,-0.5618942,-5.5663486,7.31466,-9.188992,2.721188,-1.4571302,-1.7903519,10.684218,-2.1635625,14.879108,-41.278065,50.0933,3.070124,13.046517,12.506355,-7.0952578,-9.373493,51.45331,60.29339,8.903934,6.3557477,-6.122238
29,0.7469595074653625,2.9217324256896973,77.91107177734375,-1.2987533174195682,-3.336955077010227,-89.30377537626609,0.9705074,6.4750247,12.651668,18.400133,-20.373472,-2.302169,3.7153769,-0.5223274,-5.6342325,7.1899056,-9.121517,2.7384143,-1.4324617,-1.7223357,10.653153,-1.5823674,15.11397,-40.592213,48.619823,3.3456826,13.323264,12.381321,-6.9586306,-9.396791,50.948555,59.832275,8.486125,6.521629,-6.2129693
30,0.8015276193618774,2.922995090484619,77.90099334716797,-1.3866235592039682,-3.179832347832791,-89.2433956420807,0.6528671,6.6552815,12.858602,18.783463,-20.630688,-2.2780097,3.6096134,-0.47581634,-5.7132354,7.0619545,-9.057263,2.750975,-1.4300182,-1.6588489,10.638883,-0.96908927,15.361284,-39.875874,47.104256,3.5858488,13.553427,12.22389,-6.8277726,-9.419547,50.44777,59.357494,8.03399,6.6956086,-6.2815533
31,0.8600521087646484,2.9252047538757324,77.8904800415039,-1.4816423532905574,-3.029804849247415,-89.17367463364761,0.32165447,6.8367124,13.018418,19.187998,-20.84241,-2.2689943,3.514185,-0.4206018,-5.8032913,6.9314322,-8.990806,2.7576723,-1.4576595,-1.6073198,10.643822,-0.32769406,15.6203375,-39.15743,45.577374,3.8007956,13.730676,12.0508375,-6.715503,-9.441677,49.968796,58.8561,7.5363116,6.899859,-6.308661
32,0.9181758165359497,2.925758123397827,77.87803649902344,-1.585996311854618,-2.8867003574301786,-89.09498021842822,-0.030477343,7.0168314,13.117827,19.61495,-20.958633,-2.2959,3.3765748,-0.36006892,-5.904137,6.9085484,-8.975229,2.7576356,-1.5222856,-1.57492,10.670029,0.33610135,15.8903265,-38.466164,44.071735,4.000103,13.849001,11.87938,-6.6341467,-9.46359,49.527763,58.31538,6.981009,7.155888,-6.2743936
33,0.9697626233100891,2.928511142730713,77.86515808105469,-1.7020885807782684,-2.7504333661142106,-89.01374068614115,-0.39456046,7.1967616,13.159137,20.040613,-20.931524,-2.397692,3.237905,-0.284673,-6.010243,6.901755,-8.960239,2.7480836,-1.6195464,-1.5599474,10.718191,1.0258558,16.170752,-37.79864,42.585785,4.1666293,13.88957,11.715266,-6.5865383,-9.486348,49.133675,57.729446,6.3551393,7.4791346,-6.161135
34,1.0189403295516968,2.931617498397827,77.85198211669922,-1.8286166439562885,-2.6211747077058463,-88.92768856206735,-0.7705188,7.3769574,13.147091,20.472004,-20.798836,-2.5522852,3.106613,-0.19507417,-6.123541,6.894117,-8.939603,2.7306616,-1.7483838,-1.5589714,10.787035,1.7418231,16.46115,-37.138668,41.10481,4.3010526,13.861672,11.55038,-6.566455,-9.510708,48.777294,57.105583,5.667318,7.8530207,-5.9813914
35,1.0666489601135254,2.9439828395843506,77.83418273925781,-1.9636105870834732,-2.498292607382652,-88.82392991154273,-1.1743242,7.5528493,13.072536,20.944334,-20.633621,-2.6893165,2.9850643,-0.098778434,-6.2561283,6.8862505,-8.915716,2.7105234,-1.9198419,-1.5764406,10.876193,2.4698002,16.76128,-36.498577,39.646317,4.438074,13.800788,11.381183,-6.5708194,-9.536335,48.446445,56.449764,4.9366603,8.252035,-5.7606435
36,1.1120444536209106,2.953136920928955,77.81409454345703,-2.102112742124035,-2.3814280959216,-88.68957113137199,-1.6215684,7.7207813,12.9265,21.491888,-20.508749,-2.738861,2.875734,-0.0023112572,-6.4202456,6.8782763,-8.890486,2.692089,-2.1438715,-1.6157728,10.984295,3.195476,17.07066,-35.893234,38.229244,4.6130123,13.741828,11.203968,-6.5981565,-9.562619,48.12856,55.769886,4.183678,8.650671,-5.5248237
37,1.1514090299606323,2.971888542175293,77.79281616210938,-2.2494181748791746,-2.266806965623923,-88.5088196084502,-2.1415567,7.8803415,12.677592,22.152815,-20.425327,-2.6476793,2.7790492,0.09581914,-6.631996,6.8710833,-8.869209,2.6684084,-2.434719,-1.676431,11.105289,3.9185789,17.390083,-35.33922,36.865826,4.8386545,13.688281,11.022403,-6.647612,-9.588415,47.82989,55.064335,3.4056394,9.056507,-5.279925
38,1.2026145458221436,2.974780797958374,77.77537536621094,-2.4083935807139785,-2.155302361245967,-88.29248562362596,-2.7140615,8.032258,12.340418,22.889486,-20.344652,-2.4668689,2.6942508,0.20060687,-6.8806424,6.8640623,-8.849388,2.6384554,-2.7831538,-1.7549716,11.240276,4.644923,17.719795,-34.823746,35.54458,5.094451,13.622775,10.837795,-6.721589,-9.613976,47.55425,54.333103,2.5935342,9.477235,-5.011058
39,1.2473138570785522,2.9805283546447754,77.74735260009766,-2.5541670309158007,-2.0537385309842753,-88.06973977167655,-3.2993295,8.1621065,11.979511,23.666327,-20.304516,-2.2814329,2.601383,0.28864518,-7.1333647,6.8980365,-8.84294,2.6163154,-3.1606574,-1.8690063,11.398313,5.3701406,18.057308,-34.318157,34.250286,5.3675795,13.549261,10.642376,-6.817174,-9.63985,47.28251,53.578613,1.7569779,9.889058,-4.7144113
40,1.2891713380813599,2.996027946472168,77.70972442626953,-2.6823366259409083,-1.9696027950678416,-87.86692808064836,-3.8453255,8.273547,11.653474,24.419807,-20.328123,-2.1750696,2.5001457,0.35805,-7.3627243,6.975769,-8.843011,2.614739,-3.5406766,-2.0173452,11.589197,6.0879726,18.397884,-33.796143,32.970474,5.645416,13.471044,10.428274,-6.932923,-9.6675825,46.995716,52.805996,0.90633273,10.267481,-4.386595
41,1.3300087451934814,3.018099546432495,77.66664123535156,-2.8076781364536467,-1.9000211805998366,-87.68152772611076,-4.3354163,8.382131,11.360528,25.109976,-20.422281,-2.1937015,2.1171558,0.38589314,-7.5745196,7.67669,-9.157995,2.6359732,-3.9343703,-2.1863222,11.8117075,6.8073406,18.73699,-33.25049,31.710833,5.9512177,13.385043,10.189712,-7.0742955,-9.698869,46.697094,52.0193,0.025812479,10.600663,-4.0157704
42,1.3783258199691772,3.0439984798431396,77.61784362792969,-2.9332066141347037,-1.8430717541141517,-87.50179054897315,-4.798035,8.487772,11.073033,25.778141,-20.574615,-2.2838058,1.6030337,0.3901349,-7.7802167,8.682535,-9.624411,2.6712103,-4.350355,-2.3760383,12.060507,7.524972,19.072767,-32.696392,30.4808,6.2835536,13.289626,9.932494,-7.239766,-9.734568,46.39522,51.214417,-0.8836658,10.901787,-3.6076207
43,1.4274394512176514,3.0761518478393555,77.56221008300781,-3.044749474213707,-1.8072480560640043,-87.33923785141947,-5.23719,8.5797615,10.808704,26.456762,-20.765821,-2.378384,1.0328293,0.36634198,-7.965668,9.845481,-10.152433,2.7189047,-4.757509,-2.59621,12.340489,8.215848,19.40429,-32.143738,29.275442,6.5925207,13.190939,9.665752,-7.415196,-9.774709,46.075974,50.382145,-1.7877128,11.18571,-3.1857533
44,1.4730561971664429,3.1159706115722656,77.49983215332031,-3.1260969891987873,-1.8009537186717415,-87.20568668664737,-5.654064,8.645555,10.586154,27.17282,-20.974255,-2.4105008,0.403534,0.29844058,-8.116348,11.183731,-10.74145,2.7781518,-5.1232452,-2.8568835,12.656566,8.853728,19.731798,-31.604492,28.090128,6.827879,13.095866,9.398404,-7.585957,-9.818335,45.723976,49.51174,-2.651874,11.468516,-2.7736075
45,1.5282707214355469,3.166815996170044,77.42605590820312,-3.165251556806153,-1.829555826021306,-87.10673609143849,-6.040236,8.676741,10.415744,27.92235,-21.191992,-2.3491569,-0.3039894,0.16988033,-8.223372,12.743897,-11.409077,2.853611,-5.4405155,-3.1739335,13.018507,9.443915,20.054716,-31.073103,26.928802,6.975212,13.001195,9.136161,-7.75926,-9.864958,45.33536,48.602787,-3.5001202,11.756919,-2.36732
46,1.5749517679214478,3.220583438873291,77.3414535522461,-3.1710160462023755,-1.887139324948857,-87.03590551413689,-6.398205,8.679706,10.287111,28.695625,-21.42922,-2.2330089,-1.0772662,-0.01268979,-8.292768,14.490942,-12.14635,2.9417562,-5.7229967,-3.541172,13.41887,9.9931965,20.372559,-30.549788,25.797749,7.0614557,12.904425,8.873141,-7.939159,-9.914536,44.917015,47.660316,-4.3401995,12.042167,-1.9575725
47,1.6173038482666016,3.2771944999694824,77.24874877929688,-3.1536451760649027,-1.9654234133508894,-86.98659547855716,-6.7384186,8.661756,10.188303,29.495401,-21.69315,-2.099625,-1.8844376,-0.2308481,-8.3326845,16.346773,-12.916669,3.0304458,-5.9688797,-3.9354093,13.836956,10.481105,20.687515,-30.056744,24.690506,7.1000175,12.817475,8.600101,-8.107453,-9.967159,44.469322,46.685585,-5.1125045,12.317847,-1.5603027
48,1.6616910696029663,3.3072118759155273,77.14446258544922,-3.121638819070669,-2.0563946057019735,-86.95210014281288,-7.073435,8.631433,10.106531,30.32927,-21.991688,-1.9866964,-2.6867216,-0.46278313,-8.352605,18.219753,-13.68136,3.1092892,-6.1758823,-4.3329496,14.253063,10.886746,21.00364,-29.618929,23.602175,7.1034865,12.7511015,8.307609,-8.245709,-10.023779,43.991463,45.67942,-5.7566166,12.578746,-1.1923193
49,1.714648723602295,3.355672597885132,77.02296447753906,-3.068761084984853,-2.162714974280155,-86.93888551485594,-7.396636,8.582176,10.050267,31.193172,-22.331013,-1.9030879,-3.488143,-0.7140168,-8.346062,20.119696,-14.440856,3.1743007,-6.344149,-4.7397623,14.672084,11.217742,21.324776,-29.243,22.52288,7.0402937,12.7228565,7.98777,-8.357843,-10.085729,43.48297,44.645454,-6.2274504,12.811527,-0.8636648
50,1.7645961046218872,3.406780481338501,76.88357543945312,-2.9917295400027766,-2.2872883200117884,-86.9477883682248,-7.704727,8.511969,10.022249,32.087284,-22.706799,-1.8277632,-4.3011823,-0.9927022,-8.309272,22.076096,-15.208988,3.2319107,-6.47215,-5.165859,15.102338,11.482649,21.653002,-28.920355,21.456211,6.9152265,12.723439,7.646625,-8.450027,-10.153791,42.942516,43.579803,-6.56533,13.02591,-0.56534415
51,1.8187785148620605,3.441166877746582,76.73361206054688,-2.9065136807063716,-2.421453577232123,-86.9635840802108,-8.015256,8.438267,10.000766,33.02496,-23.111023,-1.7543135,-5.1017427,-1.2782725,-8.25795,24.032621,-15.966371,3.2886333,-6.554722,-5.5894327,15.531754,11.659983,21.9894,-28.65588,20.421146,6.796123,12.719603,7.2958746,-8.500993,-10.225604,42.36433,42.46283,-6.839074,13.251751,-0.28500205
52,1.8705284595489502,3.4684221744537354,76.57115936279297,-2.8293036472885573,-2.557229259285869,-86.97084641292697,-8.345561,8.378996,9.963598,34.018795,-23.53507,-1.6768446,-5.865109,-1.5486887,-8.209442,25.933203,-16.69592,3.3509672,-6.587198,-5.9877453,15.94761,11.7255535,22.33411,-28.455593,19.439482,6.750361,12.677511,6.947302,-8.492011,-10.298019,41.742313,41.281307,-7.118403,13.517555,-0.009359412
53,1.9307708740234375,3.5074095726013184,76.39157104492188,-2.773481246902247,-2.6887910255696634,-86.9713922057412,-8.715884,8.348514,9.903749,35.099026,-23.985252,-1.5889566,-6.589889,-1.7902281,-8.164704,27.764305,-17.394287,3.4257762,-6.570279,-6.348907,16.34354,11.682033,22.690521,-28.33649,18.506048,6.7953777,12.589398,6.612109,-8.408121,-10.367334,41.055557,40.017067,-7.404554,13.860208,0.28513443
54,1.9769086837768555,3.5228629112243652,76.21122741699219,-2.725386249214762,-2.8219113954541153,-86.97138357938152,-9.113314,8.336636,9.832157,36.25352,-24.4657,-1.4953603,-7.289885,-2.0155854,-8.117737,29.562294,-18.074923,3.508655,-6.504044,-6.684592,16.728443,11.537926,23.06008,-28.295183,17.613384,6.894732,12.472047,6.2815804,-8.263242,-10.432374,40.310085,38.68526,-7.667634,14.255008,0.5852863
55,2.02492356300354,3.5356104373931885,76.01702880859375,-2.6748471047180757,-2.965306760783535,-86.96161714482635,-9.501817,8.321244,9.753873,37.422215,-24.958267,-1.406568,-7.96232,-2.2427998,-8.073784,31.342995,-18.735035,3.5881484,-6.384637,-7.0062985,17.112904,11.275992,23.436705,-28.306929,16.784206,7.034454,12.32797,5.937865,-8.079468,-10.493634,39.54361,37.319458,-7.9284506,14.63701,0.84884846
56,2.0669798851013184,3.536715030670166,75.81941223144531,-2.611333238670732,-3.127519596725868,-86.93294774725322,-9.847062,8.280327,9.675089,38.549244,-25.4471,-1.3340894,-8.607046,-2.491859,-8.037362,33.12714,-19.374922,3.6522431,-6.2104936,-7.3245964,17.506145,10.878346,23.808779,-28.343882,16.045534,7.202852,12.159146,5.563258,-7.879455,-10.552282,38.796974,35.95417,-8.2059,14.941921,1.0330062
57,2.1056065559387207,3.544644594192505,75.61441040039062,-2.536798371337563,-3.310028400005583,-86.88142065384842,-10.153459,8.215225,9.592511,39.64817,-25.93743,-1.2871548,-9.217528,-2.7612138,-8.009069,34.908436,-20.00424,3.703713,-5.985074,-7.6286936,17.903646,10.3385515,24.171476,-28.418562,15.407658,7.3910394,11.951882,5.1726146,-7.6577044,-10.610235,38.079315,34.601273,-8.512211,15.143889,1.1178633
58,2.1551764011383057,3.554420232772827,75.4047622680664,-2.4552778198219194,-3.5085613242422653,-86.81259707432382,-10.435212,8.135311,9.504984,40.739994,-26.434551,-1.2581977,-9.795653,-3.043663,-7.9859557,36.67952,-20.619862,3.7463918,-5.709968,-7.913724,18.302538,9.664399,24.52289,-28.5372,14.860583,7.6095123,11.708786,4.769959,-7.405149,-10.667339,37.37187,33.241486,-8.832272,15.281159,1.1276962
59,2.208413600921631,3.534029006958008,75.2003402709961,-2.3562147604595345,-3.7233940094297293,-86.73141975682809,-10.670984,8.028597,9.422902,41.779728,-26.922466,-1.2338935,-10.353255,-3.3512993,-7.9655943,38.45844,-21.20174,3.7687893,-5.383718,-8.200476,18.712786,8.860473,24.852541,-28.657246,14.404674,7.87681,11.456259,4.3213925,-7.1452894,-10.722056,36.67693,31.873178,-9.14461,15.384466,1.085683
60,2.243354082107544,3.536531686782837,74.9886703491211,-2.227894699720453,-3.954603392001981,-86.64328633030124,-10.839592,7.882812,9.356644,42.721584,-27.384459,-1.2011117,-10.901929,-3.6966908,-7.944983,40.262413,-21.729864,3.7588987,-5.0092096,-8.509442,19.14341,7.932029,25.144958,-28.729645,14.045436,8.214483,11.219332,3.7922668,-6.9064393,-10.7709255,36.002136,30.500498,-9.426748,15.484851,1.0146711
61,2.270934581756592,3.5259132385253906,74.78511810302734,-2.0568662156316573,-4.201541962320461,-86.5500506268381,-10.937305,7.68226,9.313068,43.554455,-27.820807,-1.1565256,-11.44297,-4.0928597,-7.9190063,42.094482,-22.224022,3.718885,-4.5856466,-8.847568,19.593817,6.8673506,25.393585,-28.738699,13.802371,8.5919895,11.003691,3.1508813,-6.698225,-10.811389,35.362732,29.139835,-9.641914,15.572422,0.8787366
62,2.3013927936553955,3.513122797012329,74.58721923828125,-1.8536678937913489,-4.464492683213237,-86.44897241025295,-10.97527,7.4364567,9.285766,44.303448,-28.23929,-1.1081684,-11.970351,-4.5321293,-7.888374,43.944813,-22.686758,3.6511717,-4.118324,-9.199654,20.05903,5.671162,25.598387,-28.697632,13.674849,9.014545,10.793228,2.4239385,-6.511743,-10.841352,34.756798,27.794743,-9.811435,15.637482,0.6777908
63,2.3353431224823,3.5065665245056152,74.39229583740234,-1.6362876588643318,-4.745709629963664,-86.33879658245486,-10.950779,7.16946,9.265524,44.96679,-28.627954,-1.0594605,-12.4823885,-4.993761,-7.8592105,45.805023,-23.06926,3.5435853,-3.6204517,-9.553691,20.539211,4.372055,25.752388,-28.599432,13.643427,9.559048,10.5786915,1.6648389,-6.352304,-10.858574,34.16739,26.457035,-10.001639,15.709851,0.489188
64,2.354085922241211,3.4919705390930176,74.20936584472656,-1.4242697855657458,-5.047210346271978,-86.21796883714418,-10.861811,6.9046073,9.24388,45.544907,-28.976534,-1.0141306,-12.9779005,-5.457047,-7.8391604,47.67047,-23.324097,3.3849921,-3.106343,-9.897588,21.032898,2.992303,25.844093,-28.436407,13.695785,10.30234,10.349261,0.9273085,-6.227103,-10.860207,33.578823,25.121714,-10.278395,15.818503,0.39058137
65,2.371220350265503,3.471614122390747,74.0451889038086,-1.2072217475504274,-5.375369019671189,-86.09640700438752,-10.693164,6.634211,9.236567,46.029945,-29.287292,-0.96763873,-13.448493,-5.926743,-7.820998,49.547802,-23.452522,3.1794314,-2.5729592,-10.235809,21.53738,1.5205599,25.862528,-28.173914,13.856821,11.34778,10.057605,0.14089921,-6.1545153,-10.846467,33.022354,23.814003,-10.621258,15.989187,0.37822142
66,2.38722562789917,3.447005271911621,73.89545440673828,-0.9820601151533301,-5.727201910614345,-85.97156582573662,-10.450294,6.3484535,9.2421055,46.42179,-29.562563,-0.9201576,-13.895055,-6.410285,-7.8053827,51.43444,-23.474144,2.9302542,-1.9919915,-10.567677,22.058495,-0.06800898,25.829273,-27.841112,14.134768,12.618298,9.7172165,-0.6849769,-6.1141047,-10.8190775,32.464252,22.521965,-11.017959,16.198093,0.42677423
67,2.3968045711517334,3.4176762104034424,73.77005004882812,-0.7697271946164029,-6.091495973594529,-85.82313093537721,-10.163819,6.068871,9.226646,46.73534,-29.79305,-0.8824251,-14.329299,-6.8897266,-7.814192,53.309444,-23.367302,2.6260228,-1.4167275,-10.873332,22.584229,-1.7333782,25.716099,-27.445244,14.509963,13.959695,9.408639,-1.3955019,-6.1112556,-10.766069,31.884174,21.240541,-11.524256,16.404228,0.56090546
68,2.3918962478637695,3.378347635269165,73.66703796386719,-0.5949576370523006,-6.4564997396737445,-85.63029089994032,-9.864822,5.8169928,9.1571045,46.98813,-29.970776,-0.8651027,-14.7640915,-7.348215,-7.870171,55.156506,-23.111736,2.255027,-0.9131454,-11.146187,23.111341,-3.3927522,25.537262,-26.975433,14.89632,15.209809,9.223987,-1.8451475,-6.140245,-10.69252,31.283773,19.924181,-12.185177,16.570696,0.8006777
69,2.3742544651031494,3.3390634059906006,73.58709716796875,-0.45882629859462576,-6.8313233818736006,-85.40482776919616,-9.540126,5.6046615,9.044773,47.18344,-30.097824,-0.8762896,-15.200756,-7.7745657,-7.9690433,56.99502,-22.695326,1.785417,-0.4591991,-11.388024,23.652582,-5.082583,25.2865,-26.444868,15.336277,16.343178,9.195438,-2.0105119,-6.189428,-10.592867,30.628483,18.564371,-13.119919,16.67614,1.2205497
70,2.3488001823425293,3.3079781532287598,73.52910614013672,-0.35249750006712877,-7.218075842466882,-85.15132779877865,-9.179014,5.4172983,8.901162,47.31078,-30.17608,-0.90805954,-15.632499,-8.183134,-8.106982,58.82778,-22.129818,1.2317464,-0.036764868,-11.603253,24.20255,-6.8326235,24.960691,-25.850458,15.855242,17.441742,9.282477,-1.972201,-6.268353,-10.464155,29.93418,17.184446,-14.266804,16.736898,1.7857858
71,2.3058552742004395,3.2813374996185303,73.4940414428711,-0.27877480463909654,-7.595397563643897,-84.83785679644643,-8.817267,5.23998,8.694291,47.36942,-30.199875,-0.94876766,-16.05424,-8.59602,-8.311134,60.603664,-21.434502,0.6527398,0.31657156,-11.787422,24.730036,-8.604502,24.565067,-25.21535,16.386942,18.50078,9.475022,-1.7395707,-6.3921814,-10.310955,29.23068,15.795202,-15.415412,16.770636,2.3637757
72,2.259784460067749,3.258110284805298,73.48008728027344,-0.24066545359273225,-7.941893208381757,-84.43216309155707,-8.49119,5.0583506,8.391581,47.360405,-30.163767,-0.9864662,-16.461405,-9.032897,-8.606227,62.273598,-20.62837,0.10938112,0.5650462,-11.938018,25.206512,-10.35632,24.11029,-24.56683,16.856346,19.5135,9.762493,-1.3206128,-6.5674906,-10.143066,28.54591,14.394722,-16.354362,16.804186,2.82256
73,2.205669641494751,3.234689712524414,73.49018859863281,-0.24231059518014608,-8.265915816228826,-83.92760353421671,-8.1911955,4.8761554,7.9868693,47.28402,-30.072624,-1.0211858,-16.853977,-9.504275,-9.02162,63.867687,-19.670797,-0.4087811,0.69696295,-12.05885,25.636763,-12.086296,23.60071,-23.911566,17.24708,20.547142,10.213635,-0.6396021,-6.7847786,-9.964952,27.87993,12.939884,-17.076933,16.862598,3.1745372
74,2.137798309326172,3.206472396850586,73.52729797363281,-0.2822697759319218,-8.573701244845886,-83.33955778573699,-7.903355,4.699307,7.496097,47.141254,-29.927887,-1.057809,-17.231895,-10.000015,-9.539127,65.40049,-18.565325,-0.9242281,0.7325247,-12.155912,26.032646,-13.82112,23.033018,-23.244099,17.59633,21.573166,10.821384,0.27638283,-7.035515,-9.77723,27.22037,11.431651,-17.676922,16.930418,3.47451
75,2.0580263137817383,3.1767327785491943,73.59120178222656,-0.35434863460102045,-8.840647960781347,-82.66971129136323,-7.6543474,4.518299,6.9202547,46.92891,-29.717428,-1.0928727,-17.590387,-10.503628,-10.11288,66.798416,-17.397465,-1.390625,0.68546426,-12.228299,26.377037,-15.5649395,22.408813,-22.576395,17.910643,22.439905,11.452672,1.2709042,-7.3224535,-9.586451,26.574497,9.927311,-18.092945,16.980812,3.6532311
76,1.973168134689331,3.154083251953125,73.68169403076172,-0.4510604372185655,-9.041779197899656,-81.9206860747401,-7.470976,4.32351,6.2599545,46.642937,-29.428083,-1.122555,-17.929258,-10.98929,-10.690873,67.98714,-16.24776,-1.7529386,0.57060295,-12.272792,26.65542,-17.316551,21.735088,-21.916924,18.188467,23.00023,11.963611,2.1943543,-7.643106,-9.40301,25.948788,8.475496,-18.261934,16.987366,3.6407843
77,1.8903242349624634,3.131354570388794,73.79804229736328,-0.5796246497706846,-9.17083495854228,-81.07945071768327,-7.3563833,4.111973,5.495853,46.27381,-29.061964,-1.1408377,-18.249046,-11.493799,-11.329384,68.99301,-15.02835,-2.0114527,0.37252185,-12.291393,26.863329,-19.078094,21.016619,-21.250683,18.412876,23.193176,12.312887,3.054255,-7.991759,-9.236513,25.365124,7.0646315,-18.119692,16.935457,3.3489797
78,1.8052247762680054,3.1055946350097656,73.93911743164062,-0.7399208184729181,-9.239465958908491,-80.14976814572097,-7.2963066,3.8899407,4.6333666,45.82796,-28.62489,-1.1517943,-18.55121,-12.00714,-12.028688,69.84058,-13.728815,-2.179544,0.08969574,-12.284951,27.012259,-20.848618,20.253769,-20.576056,18.58221,23.10488,12.566937,3.9213138,-8.35871,-9.089955,24.814981,5.658699,-17.712296,16.840712,2.8374465
79,1.7080446481704712,3.0815012454986572,74.10595703125,-0.9188396044045931,-9.248344953166363,-79.16111285129229,-7.2934294,3.6633582,3.71102,45.32766,-28.110973,-1.1678199,-18.844862,-12.427311,-12.653162,70.45867,-12.553586,-2.2185805,-0.2390136,-12.247765,27.111502,-22.617819,19.448298,-19.920626,18.713886,22.816523,12.740348,4.742454,-8.73831,-8.963807,24.255531,4.2724843,-17.144505,16.720846,2.2589972
80,1.602250099182129,3.0543365478515625,74.29402160644531,-1.1014290526765533,-9.199230050064115,-78.14343729022885,-7.3506613,3.43803,2.7675712,44.794704,-27.51435,-1.2017004,-19.142822,-12.651129,-13.066718,70.77461,-11.709398,-2.090096,-0.572589,-12.173763,27.170446,-24.375145,18.601233,-19.314575,18.824871,22.408745,12.850711,5.4634957,-9.126393,-8.856072,23.641817,2.921481,-16.52085,16.59736,1.766411
81,1.4905531406402588,3.035231590270996,74.50068664550781,-1.28777833095384,-9.088561463160392,-77.09879728354728,-7.451995,3.2194312,1.802535,44.19244,-26.837872,-1.2675315,-19.448933,-12.636713,-13.233467,70.76537,-11.3833685,-1.7932287,-0.9077052,-12.066163,27.189608,-26.121908,17.706947,-18.73939,18.908194,21.837221,12.870135,6.032725,-9.5125475,-8.764293,22.962532,1.5932944,-15.780396,16.47906,1.3791609
82,1.3722834587097168,3.0117642879486084,74.72900390625,-1.4799114848931636,-8.916212594367849,-76.01370025779246,-7.5996327,3.0000656,0.7983956,43.521763,-26.083067,-1.3549507,-19.761398,-12.451907,-13.223273,70.474335,-11.43158,-1.3546213,-1.2633182,-11.928682,27.165508,-27.861197,16.759642,-18.185532,18.958391,21.090208,12.797502,6.490839,-9.903948,-8.688125,22.24094,0.28678986,-14.897897,16.351717,1.0233932
83,1.248883605003357,2.989466667175293,74.97200775146484,-1.6709513440336459,-8.689780810098819,-74.8953918543993,-7.8250127,2.7675734,-0.23242159,42.862602,-25.242247,-1.441387,-20.081852,-12.161589,-13.061215,69.92958,-11.570608,-0.7829888,-1.626789,-11.751856,27.10049,-29.606304,15.770091,-17.710346,19.012426,20.2702,12.6934595,6.9228516,-10.322375,-8.62976,21.477999,-0.9610747,-14.031726,16.207096,0.71156824
84,1.1111263036727905,2.976924419403076,75.22368621826172,-1.8503324270100205,-8.417242284020437,-73.75152731526356,-8.159512,2.5113838,-1.2770917,42.294426,-24.307522,-1.5060974,-20.409725,-11.821273,-12.767252,69.154434,-11.51267,-0.07428339,-1.9817793,-11.526976,26.99912,-31.36335,14.759884,-17.375753,19.096401,19.470472,12.619039,7.4152637,-10.785608,-8.592948,20.67188,-2.1203008,-13.340927,16.038364,0.45738828
85,0.9683721661567688,2.967515230178833,75.48848724365234,-2.0120583959993215,-8.081693041369624,-72.58214023158948,-8.610269,2.22821,-2.3479977,41.79591,-23.26094,-1.5417908,-20.76223,-11.467222,-12.378188,68.13652,-11.207973,0.7917959,-2.3439713,-11.269158,26.85653,-33.079964,13.718109,-17.172068,19.161541,18.749624,12.600589,7.9874907,-11.303859,-8.578022,19.833632,-3.1864977,-12.86175,15.835943,0.2849474
86,0.8239436745643616,2.9689149856567383,75.7607421875,-2.158007695247944,-7.68621376390269,-71.38383311629998,-9.157623,1.921,-3.4468331,41.3359,-22.110094,-1.5641112,-21.123802,-11.073841,-11.864222,66.86827,-10.813065,1.798581,-2.7178588,-10.97977,26.675756,-34.761906,12.635467,-17.072945,19.205818,18.045778,12.601503,8.59491,-11.866972,-8.584623,18.962872,-4.175807,-12.510985,15.608305,0.18017326
87,0.6763938665390015,2.97066593170166,76.0384292602539,-2.2935558489506365,-7.267725416564757,-70.1582368286285,-9.791283,1.5927508,-4.5458746,40.977314,-20.883041,-1.5913618,-21.441683,-10.591342,-11.141903,65.37872,-10.347396,2.9070132,-3.0722148,-10.640315,26.47921,-36.454372,11.545214,-17.10453,19.275955,17.283056,12.588103,9.227946,-12.461136,-8.61763,18.04401,-5.099547,-12.267984,15.375917,0.101218626
88,0.5082388520240784,2.9754695892333984,76.31150817871094,-2.4258978857943885,-6.863064396635164,-68.90669336415404,-10.500664,1.2473122,-5.6191907,40.782333,-19.607136,-1.646514,-21.659082,-9.97079,-10.128186,63.697227,-9.830477,4.0776906,-3.4164007,-10.266127,26.304665,-38.088787,10.454853,-17.22885,19.312057,16.489296,12.5314,9.873309,-13.089897,-8.675093,17.100992,-5.9845815,-12.102777,15.157671,0.006010363
89,0.32879844307899475,2.9821510314941406,76.58256530761719,-2.5635564750882716,-6.458159116009679,-67.63330663323211,-11.306315,0.8979751,-6.667898,40.754498,-18.271248,-1.7310348,-21.784262,-9.150693,-8.760923,61.768074,-9.2750435,5.371036,-3.7524912,-9.849183,26.152773,-39.64962,9.37073,-17.45421,19.296213,15.614988,12.42885,10.561918,-13.765449,-8.755209,16.141052,-6.8217654,-12.038877,14.943758,-0.1181886
90,0.14907030761241913,2.982898473739624,76.85107421875,-2.699303772863639,-6.042105627550711,-66.33472121718762,-12.19624,0.53843236,-7.7078347,40.851974,-16.861437,-1.8572553,-21.808332,-8.195036,-7.0874143,59.597057,-8.68725,6.7679157,-4.09132,-9.400495,26.013748,-41.12596,8.290101,-17.783466,19.221516,14.678752,12.292721,11.286007,-14.489402,-8.857095,15.1662445,-7.6041985,-12.079915,14.7289095,-0.24926943
91,-0.032630324363708496,2.9774112701416016,77.10462951660156,-2.809907608973825,-5.657825805511507,-65.00037235331806,-13.113352,0.14125465,-8.737126,41.07476,-15.407193,-2.0672274,-21.654955,-7.234571,-5.195808,57.31051,-8.066943,8.116545,-4.4302545,-8.943402,25.897398,-42.52968,7.219612,-18.209974,19.115114,13.748502,12.115373,11.974534,-15.239613,-8.98353,14.169476,-8.350355,-12.173246,14.539581,-0.3770968
92,-0.21907030045986176,2.97379994392395,77.33332061767578,-2.8778764352232513,-5.348527574176645,-63.62088300649939,-14.00305,-0.3248908,-9.753247,41.42312,-13.940207,-2.4029305,-21.264149,-6.383658,-3.1792736,55.03253,-7.3946586,9.27924,-4.767345,-8.500664,25.814077,-43.872326,6.1711583,-18.724533,18.997599,12.891593,11.892414,12.556558,-15.991793,-9.139113,13.145465,-9.083795,-12.263776,14.401897,-0.4916131
93,-0.40005725622177124,2.95762300491333,77.54158020019531,-2.908527427848686,-5.133768454412616,-62.18929514400755,-14.8981,-0.9494542,-10.880926,41.990356,-12.453687,-2.6561687,-20.64553,-5.6249237,-0.9817449,52.791786,-6.5742993,10.179821,-5.110045,-8.067476,25.79498,-45.146942,5.1501846,-19.325758,18.875147,12.085731,11.597807,13.022794,-16.756458,-9.32356,12.089992,-9.812856,-12.354187,14.342992,-0.5617357
94,-0.5889363288879395,2.928128719329834,77.7200698852539,-2.9112875866178447,-4.990242989429021,-60.71240801524195,-15.799758,-1.7048087,-12.076549,42.73074,-10.932136,-2.9168456,-19.824064,-4.9157605,1.4227489,50.536064,-5.63444,10.915437,-5.4611425,-7.63938,25.827574,-46.337177,4.1555696,-20.021286,18.723587,11.304495,11.246526,13.40548,-17.540192,-9.536542,11.01259,-10.525335,-12.467183,14.340989,-0.60277
95,-0.7714685201644897,2.887035608291626,77.86279296875,-2.8773117226188996,-4.895558795208077,-59.200834315466516,-16.621685,-2.446161,-13.100839,43.449646,-9.433552,-3.6464858,-18.78434,-4.3209906,3.8881562,48.26127,-4.7388744,11.615027,-5.8103404,-7.2382207,25.85519,-47.44631,3.1905882,-20.813543,18.51978,10.61044,10.898332,13.696878,-18.3036,-9.785545,9.929667,-11.228966,-12.5765915,14.35259,-0.67297107
96,-0.950140118598938,2.818540573120117,77.96904754638672,-2.793095668065397,-4.825916038285915,-57.66446658773842,-17.305855,-3.0280352,-13.730801,43.98984,-8.0636215,-5.2677937,-17.524727,-3.9044526,6.264686,45.9596,-4.0530744,12.403044,-6.146686,-6.8832426,25.820396,-48.47711,2.2611825,-21.705727,18.235596,10.064434,10.613959,13.890989,-19.004225,-10.08203,8.858035,-11.936385,-12.652279,14.334406,-0.8317114
97,-1.1154690980911255,2.7391438484191895,78.02227020263672,-2.6416099635974573,-4.788483655750647,-56.08278873801016,-17.81279,-3.4738598,-13.96196,44.23782,-6.816792,-8.195187,-15.965317,-3.6317797,8.755122,43.514748,-3.459435,13.391414,-6.491326,-6.585885,25.721266,-49.428825,1.3729631,-22.726467,17.877907,9.631561,10.403952,14.003053,-19.662554,-10.432693,7.797295,-12.631577,-12.700782,14.262301,-1.0872202
98,-1.2737771272659302,2.635953664779663,78.02639770507812,-2.434452499324335,-4.7926080104964175,-54.456679494969265,-18.226925,-3.8690736,-13.902465,44.37096,-5.728943,-12.065923,-14.155375,-3.5034552,11.35539,40.95708,-2.9145153,14.49424,-6.8423333,-6.3327956,25.581928,-50.29495,0.52724504,-23.873085,17.448442,9.291837,10.240925,14.032033,-20.282055,-10.837313,6.742108,-13.32556,-12.728258,14.163991,-1.4119027
99,-1.422770380973816,2.5121841430664062,77.96617889404297,-2.1865576684023984,-4.820581643496363,-52.82699731836798,-18.686876,-4.116859,-13.228896,44.659378,-4.8942175,-15.000033,-12.29314,-3.6399395,13.479963,38.48057,-2.6823947,15.000033,-7.1535525,-6.1103916,25.383142,-51.073715,-0.2767465,-25.099125,16.912518,9.13046,10.128432,13.947852,-20.794115,-11.295387,5.7009096,-14.06776,-12.702028,14.073812,-1.8122457
100,-1.5086584091186523,2.403380870819092,77.85787963867188,-1.5862255465689485,-4.935395571970899,-51.18080354662522,-19.11201,-4.336682,-11.269565,45.012806,-4.108559,-15.000033,-10.554629,-4.4993806,14.812974,36.49662,-3.1980968,15.000033,-7.4249735,-6.2364364,25.152618,-51.763645,-1.0416262,-26.353596,16.231321,9.235498,10.068328,13.720209,-21.133394,-11.805539,4.6815658,-14.908619,-12.587506,14.0256405,-2.295957
101,-1.5991225242614746,2.2821407318115234,77.70221710205078,-1.0404954656589775,-4.965529324277182,-49.51388140013925,-19.819853,-4.171341,-8.811891,45.838055,-3.4991763,-15.000033,-9.000588,-5.6157823,15.020787,34.72944,-4.4873867,15.000033,-7.6411014,-6.302658,24.750614,-52.403484,-1.7715106,-27.686083,15.41166,9.639723,10.110333,13.357883,-21.290401,-12.376073,3.6644578,-15.861042,-12.382053,14.05094,-2.8878539
102,-1.683034896850586,2.1632652282714844,77.50836181640625,-0.5082548468295554,-4.930407679344882,-47.809707672750534,-20.729128,-3.6643667,-5.855975,47.02968,-2.9919903,-15.000033,-7.5455894,-6.926078,14.379093,33.116264,-6.3532696,15.000033,-7.8229694,-6.3415966,24.198885,-52.988117,-2.4690757,-29.106297,14.469386,10.295304,10.232225,12.870025,-21.288473,-13.005491,2.6417596,-16.905298,-12.093636,14.122219,-3.5793376
103,-1.7657299041748047,2.0496654510498047,77.2920913696289,-0.08973686821783013,-4.889140361290985,-46.16614548549263,-21.723213,-2.8285606,-2.9408355,48.613007,-2.7384548,-15.000033,-6.184402,-8.166835,13.212453,31.660301,-8.327195,15.000033,-7.9331055,-6.268654,23.611319,-53.45443,-3.1309636,-30.495,13.389725,11.166607,10.327031,12.226465,-21.130762,-13.666745,1.6441221,-18.023033,-11.70917,14.185306,-4.325333
104,-1.8558025360107422,1.935712218284607,77.0569839477539,0.1275789558057211,-4.921320911376217,-44.70101310807765,-22.655441,-1.7316556,-0.6225521,50.55979,-2.945934,-15.000033,-4.917573,-9.104674,11.880477,30.405703,-9.977723,15.000033,-7.9236703,-6.023244,23.119226,-53.73817,-3.7457354,-31.725634,12.158378,12.21508,10.28669,11.398647,-20.841372,-14.31792,0.71184677,-19.173914,-11.224923,14.18613,-5.078841
105,-1.945400595664978,1.827687382698059,76.81066131591797,0.08404479813928153,-5.10680544578428,-43.383957253140935,-23.488293,-0.34640825,0.8918763,52.983578,-3.893176,-15.000033,-3.6751516,-9.71788,10.20214,29.429094,-11.307081,15.000033,-7.7788415,-5.5739436,22.777765,-53.842834,-4.3022494,-32.797184,10.760905,13.547182,10.053917,10.305212,-20.398577,-14.943395,-0.17659925,-20.351116,-10.644365,14.11883,-5.87344
106,-2.026642084121704,1.7245516777038574,76.572265625,-0.164522351614889,-5.416931190369387,-42.20425162111258,-24.211502,1.333346,1.8450453,55.770863,-5.455201,-15.000033,-2.4387963,-10.09581,8.103158,28.701502,-12.524683,15.000033,-7.5037804,-4.972808,22.541998,-53.798325,-4.7931457,-33.760838,9.206897,15.136284,9.674451,8.992784,-19.819065,-15.53905,-1.028164,-21.558558,-9.98065,14.004816,-6.7151675
107,-2.08412766456604,1.6243987083435059,76.3624267578125,-0.5201993983397172,-5.76291603709191,-41.308409086277756,-24.760687,3.1570656,2.389151,58.552246,-7.225385,-15.000033,-1.3260249,-10.225537,6.13147,28.11438,-13.51991,15.000033,-7.093505,-4.3002367,22.380247,-53.583687,-5.2049217,-34.56436,7.5273895,16.745846,9.205614,7.625205,-19.208563,-16.075388,-1.7664373,-22.742517,-9.256408,13.833011,-7.5111303
108,-2.1174521446228027,1.5320184230804443,76.20402526855469,-0.8721794309403633,-6.038385420545873,-40.837526360352555,-25.108795,4.9630237,2.7215877,60.983418,-8.7582855,-15.000033,-0.4924911,-10.137035,4.8456006,27.565498,-14.18242,15.000033,-6.5586853,-3.6492636,22.236336,-53.17643,-5.5153737,-35.150723,5.754912,18.148472,8.723673,6.3567724,-18.68828,-16.509115,-2.2990694,-23.831207,-8.504682,13.59411,-8.166503
109,-2.1508047580718994,1.4856855869293213,76.09074401855469,-1.255056661268348,-6.219167427628105,-40.87805074467252,-25.299164,6.769784,2.785582,63.06413,-9.984263,-15.000033,0.028804263,-9.771776,4.4193587,26.958881,-14.440581,15.000033,-5.872137,-2.9893534,22.104761,-52.525227,-5.6887655,-35.459568,3.8270547,19.398466,8.2385025,5.1396875,-18.338543,-16.81462,-2.5731356,-24.772032,-7.6859455,13.280206,-8.656939
110,-2.1788713932037354,1.4980649948120117,76.0293197631836,-1.7029081879190815,-6.355751562385175,-41.33636062839557,-25.36224,8.623627,2.5424504,64.94441,-11.098862,-15.000033,0.30155587,-9.1624975,4.5580473,26.36465,-14.362446,15.000033,-5.0660543,-2.2987359,21.99379,-51.642998,-5.7008753,-35.52939,1.7215248,20.576078,7.71994,3.9144738,-18.10594,-16.991777,-2.6164393,-25.594337,-6.8222017,12.898731,-9.022398
111,-2.177671432495117,1.5587345361709595,76.02037811279297,-2.091008334413275,-6.443977684278714,-42.07986089453017,-25.261614,10.3937845,2.2450354,66.53116,-12.0432625,-15.000033,0.29134905,-8.505532,5.113829,25.963522,-14.06097,15.000033,-4.2339168,-1.7002611,21.865232,-50.60724,-5.5560102,-35.45948,-0.4590993,21.500628,7.205522,2.8121426,-17.900915,-17.04038,-2.465933,-26.360004,-6.0393786,12.467133,-9.262483
112,-2.141681432723999,1.6429651975631714,76.06092071533203,-2.1759501779033132,-6.452056649650652,-42.91576615526457,-24.950409,11.854382,2.3321247,67.68086,-12.722302,-14.618651,-0.09438132,-8.158496,5.9191318,26.045286,-13.726862,15.000033,-3.5150936,-1.4447414,21.666323,-49.507584,-5.2820325,-35.355465,-2.5892127,21.998724,6.7427874,1.9647621,-17.61425,-16.957296,-2.1735363,-27.147139,-5.4616346,12.002923,-9.379603
113,-2.0850419998168945,1.74331796169281,76.14295959472656,-1.9061706305923471,-6.350202136992034,-43.90866543116407,-24.390484,13.049138,3.0356038,68.37685,-13.107998,-13.365637,-0.9236582,-8.145062,7.0770273,26.658709,-13.360331,15.000033,-2.8295164,-1.5733454,21.385971,-48.355343,-4.900276,-35.239838,-4.6203694,21.935427,6.341826,1.4535435,-17.163465,-16.727846,-1.7489647,-28.034756,-5.119915,11.501404,-9.355453
114,-2.0138237476348877,1.866998314857483,76.25724792480469,-1.4594681640711908,-6.158880065415547,-45.14152426176953,-23.613562,14.048948,3.9021928,68.73522,-13.284032,-12.228259,-2.1047735,-8.205085,8.624461,27.610586,-12.850891,15.000033,-2.1108909,-1.9252247,21.076649,-47.122227,-4.4189906,-35.065037,-6.6002827,21.44577,5.993412,1.1875513,-16.590937,-16.349579,-1.1811552,-28.992525,-4.953315,10.957862,-9.192018
115,-1.9235126972198486,2.0243947505950928,76.40087127685547,-0.9753001489164259,-5.9292812028221595,-46.47237954155247,-22.682026,14.894983,4.7752137,68.848816,-13.34975,-11.200622,-3.474226,-8.227083,10.311993,28.773191,-12.175891,15.000033,-1.4802786,-2.3774898,20.794704,-45.850903,-3.8580701,-34.82686,-8.525707,20.76057,5.711992,1.0471382,-15.96998,-15.844576,-0.49807546,-29.932991,-4.938982,10.390016,-8.926915
116,-1.8182849884033203,2.220815896987915,76.5601577758789,-0.5913827306792195,-5.7201738270289955,-47.763692611152244,-21.668062,15.63576,5.488683,68.80787,-13.402075,-10.27884,-4.868474,-8.114667,11.890658,30.0213,-11.3103,15.000033,-1.0471892,-2.7947648,20.583683,-44.592087,-3.249526,-34.519634,-10.387809,20.110199,5.510924,0.9180966,-15.374248,-15.250627,0.26583496,-30.764973,-5.0463805,9.815789,-8.599029
117,-1.7020407915115356,2.4407577514648438,76.73348236083984,-0.3152613943382584,-5.5266435797047615,-48.994886750205815,-20.606745,16.218868,5.9692407,68.61682,-13.446975,-9.46622,-6.290433,-7.861017,13.36417,31.355808,-10.230096,15.000033,-0.8395573,-3.1514218,20.42783,-43.325306,-2.625831,-34.140686,-12.151502,19.505787,5.3910756,0.83664346,-14.772922,-14.588233,1.1085004,-31.462185,-5.3336787,9.183758,-8.159948
118,-1.5752321481704712,2.6754324436187744,76.91619873046875,-0.08986554772570841,-5.327209635821805,-50.23556337803148,-19.46619,16.647133,6.3078356,68.23737,-13.4337225,-8.767736,-7.7886596,-7.4964423,14.835102,32.806633,-8.941453,15.000033,-0.7805062,-3.4958181,20.30681,-42.060963,-2.005777,-33.686264,-13.80174,18.848476,5.3431644,0.8458493,-14.1214485,-13.862737,2.0344822,-32.08277,-5.7772894,8.500841,-7.61887
119,-1.4497413635253906,2.91278338432312,77.10755157470703,0.04772630330776415,-5.159732032940349,-51.48572047829873,-18.218615,17.051273,6.5871735,67.692795,-13.375123,-8.182918,-9.28665,-6.989824,16.202133,34.313137,-7.4725733,15.000033,-0.8174634,-3.800945,20.249563,-40.89766,-1.4008749,-33.150894,-15.359811,18.199604,5.36763,0.8432379,-13.482144,-13.09167,3.0160706,-32.651245,-6.2229238,7.8769298,-7.099515
120,-1.3279993534088135,3.1659278869628906,77.28872680664062,0.06506437047895207,-5.0633095616661565,-52.74563112027031,-16.828707,17.555971,6.8980126,67.001396,-13.28271,-7.7112584,-10.722895,-6.3280225,17.3632,35.829494,-5.8582983,15.000033,-0.90130496,-4.03969,20.28597,-39.926086,-0.8187376,-32.533607,-16.852737,17.61924,5.4668527,0.72565335,-12.931354,-12.298056,4.0258517,-33.18408,-6.516272,7.4267726,-6.723683
121,-1.1914138793945312,3.4344701766967773,77.46076202392578,-0.05233971419880107,-5.067784225218213,-54.02095248690774,-15.256053,18.15348,7.219381,66.14909,-13.182185,-7.423256,-12.123134,-5.4639797,18.358118,37.439396,-4.0200777,15.000033,-1.044995,-4.193263,20.448956,-39.115173,-0.27362448,-31.825176,-18.282167,17.10478,5.6619987,0.44206527,-12.469365,-11.487408,5.069978,-33.681095,-6.600289,7.235744,-6.5106325
122,-1.048351526260376,3.713034152984619,77.61239624023438,-0.2838551373624444,-5.152582900462488,-55.3103396395409,-13.526945,18.790346,7.523289,65.12962,-13.054162,-7.2998667,-13.511788,-4.423655,19.207964,39.13406,-1.964323,15.000033,-1.2589685,-4.275039,20.71141,-38.45196,0.22319135,-31.033041,-19.611366,16.629055,5.9462914,0.057088498,-12.062268,-10.659575,6.153011,-34.1314,-6.5586286,7.227173,-6.4014616
123,-0.9073366522789001,3.9932868480682373,77.7337646484375,-0.5973630928447071,-5.282046127170078,-56.60260607496861,-11.701168,19.509142,7.904428,63.974518,-12.845726,-7.2036567,-14.854885,-3.3317153,19.77845,40.767204,0.12489732,15.000033,-1.4969316,-4.3092456,21.014423,-38.03468,0.6730786,-30.189135,-20.824892,16.22436,6.280324,-0.360847,-11.750332,-9.828743,7.245286,-34.53144,-6.44304,7.2753334,-6.4029994
124,-0.7714081406593323,4.263381481170654,77.82054901123047,-0.95840286641711,-5.414633726161656,-57.88716000218626,-9.835282,20.34183,8.46871,62.71762,-12.508753,-6.9941545,-16.13925,-2.342663,19.933338,42.220547,2.049462,15.000033,-1.7088174,-4.3204217,21.29861,-37.960163,1.0902426,-29.32379,-21.91153,15.910744,6.623157,-0.7459647,-11.574459,-9.017546,8.311433,-34.878937,-6.300748,7.2546062,-6.5242257
125,-0.6396445631980896,4.525628089904785,77.86300659179688,-1.383486605821416,-5.559044746737303,-59.20600990885267,-7.93067,21.44138,9.392785,61.47359,-11.813247,-6.3159175,-17.377287,-1.4951297,19.55805,43.458878,3.8471136,15.000033,-1.862048,-4.2889957,21.579924,-38.25434,1.4909499,-28.44945,-22.902308,15.71965,7.0089808,-1.1244129,-11.536098,-8.235312,9.357457,-35.186996,-6.085466,7.149998,-6.8159637
126,-0.503638505935669,4.786086559295654,77.84852600097656,-1.8660194035544149,-5.7257283961478596,-60.556841036787674,-5.948417,22.721731,10.625085,60.203182,-10.874898,-5.3401203,-18.62219,-0.7681212,18.73678,44.60354,5.6005044,15.000033,-1.9835987,-4.2176476,21.876612,-38.85288,1.8821651,-27.553577,-23.80571,15.626878,7.442982,-1.5189406,-11.618367,-7.4796324,10.38936,-35.462242,-5.783749,7.0212007,-7.263175
127,-0.36534950137138367,5.051205635070801,77.77120971679688,-2.3420527812907808,-5.8719667347289235,-61.86197336629264,-3.895339,23.84001,11.892695,58.69339,-10.138428,-4.7322373,-19.914806,-0.21311605,17.652914,45.765667,7.171321,15.000033,-2.1213722,-4.163155,22.133482,-39.69482,2.26154,-26.634283,-24.598661,15.5867195,7.840285,-1.8575349,-11.836932,-6.7555523,11.376701,-35.69423,-5.491116,6.856373,-7.7773867
128,-0.21612821519374847,5.316491603851318,77.62342834472656,-2.752115524423626,-5.956141474470459,-63.03774894769609,-1.7964759,24.454142,12.864559,56.704483,-10.012949,-5.1723857,-21.272768,0.1442305,16.5128,47.030354,8.400952,15.000033,-2.3269491,-4.17317,22.30004,-40.724384,2.6168346,-25.689295,-25.251854,15.554478,8.116795,-2.0666947,-12.196088,-6.0716796,12.28891,-35.885227,-5.300948,6.6462398,-8.27214
129,-0.057745758444070816,5.573801517486572,77.41324615478516,-3.115927535638701,-5.934125254492033,-64.08949107893275,0.41677597,24.439295,13.401413,53.902428,-10.618833,-7.2113585,-22.755674,0.3405739,15.315242,48.418777,9.283588,15.000033,-2.5985327,-4.225886,22.322077,-42.015358,2.94751,-24.708252,-25.723528,15.528526,8.231799,-2.1233525,-12.707295,-5.446162,13.130514,-36.020943,-5.2419314,6.3645782,-8.767923
130,0.11613352596759796,5.837125301361084,77.11483001708984,-3.4591499309764724,-5.8363054138429495,-65.05419877981274,2.7375898,24.054863,13.720874,50.444954,-11.71929,-10.297438,-24.322035,0.3816284,13.993979,49.870193,9.89629,15.000033,-2.910861,-4.292261,22.242147,-43.566116,3.257275,-23.692703,-26.045382,15.534119,8.235922,-2.0702224,-13.347906,-4.884891,13.9072895,-36.130806,-5.26032,6.026447,-9.301085
131,0.2858121991157532,6.094036102294922,76.75447845458984,-3.7468072730668758,-5.7347564006193235,-65.88702080590772,5.0120816,23.529888,13.979936,46.83764,-13.163352,-13.483334,-25.81215,0.23106472,12.682565,51.31636,10.182268,15.000033,-3.2819135,-4.4076667,22.156189,-45.23036,3.5319924,-22.652012,-26.271595,15.559348,8.183444,-1.9316823,-14.06529,-4.3702946,14.588648,-36.27575,-5.327205,5.6858373,-9.806321
132,0.46694496273994446,6.3577117919921875,76.34674072265625,-3.7732285404841224,-5.665680899414449,-66.48663966894028,7.0145144,22.770325,14.357559,43.556343,-14.739163,-15.000033,-27.135103,-0.32982072,11.6125145,52.76763,10.024383,15.000033,-3.7784855,-4.770774,22.11458,-46.880608,3.7443743,-21.599478,-26.43463,15.593049,8.128106,-1.7334552,-14.806535,-3.8689651,15.1390505,-36.507057,-5.4192295,5.3949885,-10.214197
133,0.6696839928627014,6.617708683013916,75.9046630859375,-3.5554655840381972,-5.634160264440214,-66.84280519686517,8.666386,21.711817,14.570632,40.69852,-16.554838,-15.000033,-28.301914,-1.3666997,10.705159,54.229694,9.359466,15.000033,-4.418828,-5.3740172,22.104155,-48.59767,3.8763747,-20.509022,-26.465961,15.575952,8.073555,-1.442751,-15.614701,-3.359441,15.509668,-36.797325,-5.5015006,5.1789513,-10.445685
134,0.8596907258033752,6.846607685089111,75.4390640258789,-3.345092755199825,-5.67047738458063,-67.04388722302137,10.144091,20.649603,14.467622,38.09687,-18.716269,-15.000033,-29.245543,-2.5522244,9.81261,55.592182,8.298563,15.000033,-5.1167355,-5.972687,22.144665,-50.44757,3.9216204,-19.370174,-26.325096,15.540324,7.9946294,-1.0626957,-16.51086,-2.8413892,15.720577,-37.1055,-5.606414,5.0067363,-10.545992
135,1.0335558652877808,7.052603244781494,74.94845581054688,-3.125200728704782,-5.8088807905568585,-67.0974258632093,11.521784,19.668602,14.277272,35.778175,-20.951454,-15.000033,-29.848759,-3.6894734,9.154866,56.770657,6.941453,15.000033,-5.82655,-6.581224,22.284536,-52.28433,3.86381,-18.227337,-26.082684,15.616996,7.9034247,-0.67193186,-17.412273,-2.312766,15.841373,-37.457752,-5.8083577,4.845598,-10.633737
136,1.1793564558029175,7.231483459472656,74.44691467285156,-2.8782498991057515,-6.075187287764469,-67.02016578564262,12.864774,18.830965,14.237439,33.762268,-22.981915,-15.000033,-30.017857,-4.5691442,8.945697,57.682255,5.4038444,15.000033,-6.4907975,-7.2214837,22.563816,-53.972755,3.680565,-17.128553,-25.799961,15.9343195,7.813823,-0.34793937,-18.235113,-1.7719061,15.941106,-37.88107,-6.1821904,4.6634407,-10.827909
137,1.2948328256607056,7.389360427856445,73.95538330078125,-2.5854628573813168,-6.554253479615964,-66.8043161661791,14.284763,18.175861,14.579475,32.07915,-24.84068,-15.000033,-29.594566,-5.0117693,9.470252,58.291664,3.6000602,15.000033,-7.097506,-7.9365315,23.05648,-55.573647,3.347453,-16.042168,-25.42912,16.550932,7.718138,-0.13630179,-18.97401,-1.2126358,16.012762,-38.408005,-6.8281884,4.4754233,-11.166365
138,1.386942744255066,7.5183024406433105,73.49563598632812,-2.2466380813506834,-7.198663925334628,-66.45174373630371,15.702085,17.651464,15.18659,30.737146,-26.656574,-15.000033,-28.694477,-5.188125,10.508528,58.66925,1.517236,15.000033,-7.653773,-8.722759,23.704823,-57.163,2.857824,-14.945665,-24.926966,17.399097,7.6124725,0.008281973,-19.66609,-0.6367773,16.017435,-39.010406,-7.683852,4.2950253,-11.582092
139,1.4689710140228271,7.611245632171631,73.0853500366211,-1.883781300282235,-7.837585240239993,-65.99490397386455,16.900473,17.181581,15.756968,29.705938,-28.28356,-15.000033,-27.637026,-5.406048,11.529638,58.87305,-0.6137407,15.000033,-8.136052,-9.52216,24.360058,-58.616207,2.2204287,-13.909532,-24.378601,18.409098,7.5177393,0.14841622,-20.284319,-0.058053322,15.980716,-39.634148,-8.574844,4.0863843,-12.041255
140,1.534718632698059,7.670577049255371,72.74070739746094,-1.5288395884962922,-8.304635486463471,-65.45983777631089,17.667862,16.718643,15.964612,28.963898,-29.577835,-15.000033,-26.743925,-5.945086,12.00937,58.951218,-2.580382,15.000033,-8.535651,-10.2599745,24.888523,-59.79003,1.4520669,-13.016988,-23.889656,19.504208,7.457756,0.35070038,-20.793207,0.503459,15.939689,-40.240875,-9.324208,3.8100035,-12.513968
141,1.573311686515808,7.715857028961182,72.47167205810547,-1.1534999459510298,-8.592163391601472,-64.7886007305484,17.97232,16.228296,15.697488,28.50426,-30.510426,-15.000033,-25.959763,-6.993132,11.734474,58.81447,-4.5529184,15.000033,-8.8924675,-10.979875,25.306746,-60.65003,0.53849965,-12.288642,-23.500204,20.866993,7.4243784,0.58725363,-21.1397,1.0386086,15.924073,-40.906162,-9.904662,3.4445157,-13.041271
142,1.560144305229187,7.75269889831543,72.27784729003906,-0.762921842080771,-8.786320683620641,-63.985146066823994,17.928507,15.762878,15.142915,28.355965,-31.16565,-15.000033,-25.136497,-8.349144,10.994196,58.460037,-6.5838037,15.000033,-9.199662,-11.688798,25.685392,-61.2662,-0.5321965,-11.689816,-23.1623,22.46614,7.4138856,0.84004873,-21.3384,1.5448829,15.918086,-41.64472,-10.403216,3.0138347,-13.628201
143,1.5108869075775146,7.785429954528809,72.1615982055664,-0.4383711250828516,-8.859577746075436,-63.164973443128474,17.542902,15.410815,14.414301,28.551058,-31.566223,-15.000033,-24.459255,-9.686653,10.043833,58.06224,-8.293201,15.000033,-9.392774,-12.249601,25.98223,-61.628895,-1.7242057,-11.2378435,-22.871428,23.896845,7.4595404,1.1919993,-21.464472,2.010931,15.890291,-42.31956,-10.800764,2.5421443,-14.191668
144,1.4344093799591064,7.827916622161865,72.11994171142578,-0.251256076295898,-8.777872455593831,-62.44575581213147,16.814625,15.246708,13.6228,29.11489,-31.730867,-15.000033,-24.139938,-10.689794,9.169701,57.806763,-9.299829,15.000033,-9.419115,-12.534972,26.154934,-61.706562,-2.9678037,-10.957491,-22.651958,24.741438,7.594979,1.7308099,-21.599833,2.422783,15.816559,-42.796715,-11.068168,2.0527682,-14.651626
145,1.3480249643325806,7.886933326721191,72.15613555908203,-0.22931450589392818,-8.45574938149656,-61.84547011873402,15.621892,15.291481,12.741088,30.108938,-31.648468,-15.000033,-24.334784,-11.296627,8.393789,57.763195,-9.440694,15.000033,-9.297423,-12.4897175,26.135054,-61.389675,-4.221186,-10.884995,-22.590345,24.924257,7.875953,2.518251,-21.746817,2.7792103,15.745036,-43.046547,-11.133269,1.4973775,-14.994817
146,1.2486121654510498,7.942478179931641,72.26654052734375,-0.3219639026314829,-7.930599896206856,-61.30669469991666,14.005284,15.476289,11.72911,31.479885,-31.301775,-15.000033,-24.9026,-11.662142,7.6072254,57.836113,-8.950605,15.000033,-9.072043,-12.202688,25.966665,-60.68993,-5.4749007,-11.026943,-22.685087,24.62825,8.26383,3.5070014,-21.875694,3.0880888,15.697695,-43.142193,-11.024912,0.8789893,-15.266
147,1.1325355768203735,7.9897565841674805,72.43890380859375,-0.5578801489010754,-7.34398653145911,-60.86092905694365,12.193122,15.84189,10.688573,33.12635,-30.732168,-15.000033,-25.620903,-11.741607,6.850283,57.925785,-7.9979367,15.000033,-8.706046,-11.686059,25.78141,-59.754734,-6.698834,-11.357368,-22.838045,23.824259,8.641791,4.6258335,-22.019112,3.351996,15.629481,-43.107113,-10.880674,0.2989428,-15.474027
148,0.9959596991539001,8.024094581604004,72.66993713378906,-0.8010826168219455,-6.843500762299295,-60.4801567826155,10.4365225,16.21597,9.681983,34.843082,-29.916077,-15.000033,-26.311798,-11.69459,6.215308,58.022972,-6.8092484,14.690209,-8.232264,-11.13199,25.685465,-58.731823,-7.852918,-11.833773,-22.951998,22.480831,8.892068,5.8037534,-22.199726,3.5770457,15.506484,-42.97554,-10.843806,-0.13957125,-15.634948
149,0.8472952842712402,8.070770263671875,72.93785095214844,-1.025699862340397,-6.461082858829541,-60.22260675519485,8.8134775,16.558426,8.758861,36.599052,-28.805058,-15.000033,-27.016125,-11.441778,5.933416,58.178776,-5.219665,14.6956415,-7.626391,-10.551181,25.697723,-57.534397,-8.903495,-12.4522705,-23.05879,20.243118,8.95215,7.112446,-22.458473,3.7730694,15.322323,-42.67695,-10.954991,-0.4040483,-15.709042
150,0.6907700300216675,8.117051124572754,73.23999786376953,-1.2618234723259183,-6.120322050478624,-60.06657800815554,7.1946526,16.895903,7.86232,38.45583,-27.402168,-15.000033,-27.816643,-10.975749,5.928837,58.40015,-3.1854725,14.973161,-6.925048,-9.902074,25.75116,-56.109127,-9.837926,-13.223967,-23.204416,17.235271,8.847789,8.560739,-22.777622,3.954152,15.129842,-42.2166,-11.156021,-0.5508913,-15.705959
151,0.5257371068000793,8.163642883300781,73.55901336669922,-1.4946899440522792,-5.806817089277882,-59.876096074391036,5.509029,17.21409,6.9094777,40.401337,-25.78728,-15.000033,-28.580595,-10.475356,5.983696,58.58503,-1.107178,15.000033,-6.241707,-9.2551155,25.827427,-54.655838,-10.647443,-14.110463,-23.307646,14.154503,8.6267605,9.976493,-23.14587,4.1123743,14.918679,-41.68172,-11.372765,-0.6110708,-15.704622
152,0.3346465528011322,8.189716339111328,73.88790893554688,-1.713694826220612,-5.505284624133048,-59.51807755355617,3.6812575,17.496004,5.813929,42.43564,-24.048014,-15.000033,-29.15936,-10.03188,6.092459,58.617943,0.61736155,15.000033,-5.6681347,-8.660614,25.918154,-53.376232,-11.334896,-15.077944,-23.290762,11.689304,8.386117,11.198475,-23.518778,4.2336473,14.6993265,-41.191917,-11.553747,-0.6140066,-15.792023
153,0.11338866502046585,8.19196891784668,74.22463989257812,-1.9411479490355017,-5.207571644056695,-58.97981167192656,1.6218458,17.762959,4.504425,44.66942,-22.075195,-15.000033,-29.543459,-9.583486,6.2867365,58.461506,1.9744428,15.000033,-5.1927,-8.104537,26.036846,-52.298225,-11.903203,-16.158112,-23.114275,9.877176,8.130023,12.285289,-23.893986,4.30092,14.472386,-40.747955,-11.689434,-0.545874,-16.04883
154,-0.1130058541893959,8.169424057006836,74.55451965332031,-2.1554436807049866,-4.9220990700817575,-58.31720984626953,-0.5993967,17.954487,3.029273,47.041306,-19.844728,-15.000033,-29.801558,-9.121392,6.6106257,58.185608,3.1366022,15.000033,-4.778664,-7.584836,26.185627,-51.321873,-12.355008,-17.348272,-22.827791,8.395917,7.842264,13.292114,-24.279049,4.30867,14.231734,-40.31131,-11.7963705,-0.39711788,-16.414188
155,-0.3483261168003082,8.115425109863281,74.87165069580078,-2.3207257087019824,-4.660908913148399,-57.518371568493826,-2.8265812,18.014853,1.4938742,49.332962,-17.597721,-15.000033,-29.898602,-8.77383,6.991882,57.81713,3.9995425,15.000033,-4.45453,-7.1225367,26.345957,-50.458427,-12.701359,-18.569384,-22.490128,7.382401,7.629233,14.068956,-24.636366,4.266334,13.980185,-39.948463,-11.870056,-0.20387553,-16.763084
156,-0.5892524719238281,8.041741371154785,75.16304016113281,-2.411161730121044,-4.434873279501965,-56.57285467389157,-4.908296,17.926903,0.019002328,51.350147,-15.594269,-15.000033,-29.800514,-8.659654,7.355553,57.38219,4.4631863,15.000033,-4.2497263,-6.7399755,26.495768,-49.72956,-12.955748,-19.735481,-22.15086,6.9754295,7.602225,14.464226,-24.956848,4.183683,13.691994,-39.697807,-11.882885,-0.0039155064,-16.963161
157,-0.8326709270477295,7.935067176818848,75.41976928710938,-2.4315370191062162,-4.249659712557899,-55.42442999243291,-6.9054093,17.713654,-1.4306074,53.14546,-13.876171,-15.000033,-29.464378,-8.798665,7.6864953,56.86179,4.4024296,15.000033,-4.1872635,-6.436658,26.647192,-49.173935,-13.1260805,-20.85382,-21.797594,7.4428697,7.899924,14.339808,-25.222729,4.0652757,13.360547,-39.590363,-11.821628,0.22486919,-16.980854
158,-1.0751259326934814,7.801526069641113,75.6299819946289,-2.398604256883337,-4.10111097779374,-54.098043354398555,-8.865046,17.395882,-2.881527,54.812317,-12.326193,-15.000033,-28.918924,-9.124978,8.023032,56.249634,3.9058788,15.000033,-4.241055,-6.2042193,26.80806,-48.78121,-13.217203,-21.956175,-21.401596,8.640441,8.430081,13.799361,-25.454268,3.9086554,12.985044,-39.587563,-11.695164,0.491071,-16.881561
159,-1.3090523481369019,7.646241188049316,75.78447723388672,-2.300890124408301,-3.990242808342752,-52.70720959662057,-10.619854,16.996279,-4.194966,56.22609,-10.980121,-15.000033,-28.238678,-9.619665,8.361283,55.590107,3.1975968,15.000033,-4.356731,-6.0368786,26.955183,-48.499683,-13.242377,-23.001106,-20.995632,10.086041,8.955868,13.058739,-25.663204,3.7250082,12.584981,-39.64887,-11.554109,0.73819405,-16.688602
160,-1.5125374794006348,7.474211692810059,75.8766860961914,-2.1331775095608476,-3.917908957125041,-51.36586094627456,-12.010768,16.554825,-5.2365,57.2677,-9.872911,-15.000033,-27.497475,-10.26773,8.694597,54.92553,2.503099,15.000033,-4.481083,-5.9291196,27.060148,-48.28505,-13.217451,-23.93991,-20.598938,11.289079,9.256817,12.35056,-25.87388,3.5321922,12.174474,-39.72335,-11.448236,0.9090835,-16.420782
161,-1.6967263221740723,7.290526390075684,75.90264892578125,-1.8375861714835557,-3.8913091149200665,-50.05408316851621,-13.020725,16.055733,-5.8856835,57.903656,-8.960178,-15.000033,-26.752192,-11.2072935,9.024384,54.355072,1.8524522,15.000033,-4.6285734,-5.936611,27.118782,-48.171932,-13.145146,-24.764517,-20.181738,12.236519,9.284906,11.616013,-26.09818,3.3402963,11.739503,-39.806625,-11.441967,0.98551685,-15.978884
162,-1.8528023958206177,7.100268363952637,75.86471557617188,-1.443859681800674,-3.911935758930171,-48.72834650254888,-13.737367,15.522451,-6.248646,58.20894,-8.244609,-15.000033,-25.952148,-12.402292,9.331372,53.82226,1.1391865,15.000033,-4.8175817,-6.0439363,27.141415,-48.18173,-13.02512,-25.49371,-19.728449,13.148944,9.150482,10.7773905,-26.33672,3.1475096,11.26165,-39.904484,-11.483771,0.9975793,-15.380319
163,-1.9872424602508545,6.8848652839660645,75.7665786743164,-1.0766296719103154,-3.9691716143632694,-47.468071449193914,-14.160363,15.046373,-6.5469522,58.228294,-7.84369,-15.000033,-25.002869,-13.561441,9.595108,53.131413,0.37307465,15.000033,-4.989897,-6.123391,27.12421,-48.248306,-12.875523,-26.124668,-19.28935,13.879276,8.895356,10.0495615,-26.56154,2.969648,10.790687,-40.004868,-11.501184,0.9622058,-14.827428
164,-2.0987181663513184,6.652502059936523,75.6094970703125,-0.861094498204042,-4.048819432639469,-46.353811505269064,-14.287601,14.713292,-7.0076003,58.008274,-7.8815846,-15.000033,-23.811338,-14.378442,9.819679,52.098156,-0.4372523,15.000033,-5.092158,-6.0549717,27.055424,-48.3184,-12.720277,-26.641438,-18.890036,14.289287,8.568956,9.64064,-26.782402,2.8176472,10.336391,-40.059498,-11.382116,0.896272,-14.511501
165,-2.2011232376098633,6.390883922576904,75.40338897705078,-0.8765818803279457,-4.165303535694258,-45.42360871421427,-14.017094,14.567194,-7.780235,57.47737,-8.452425,-15.000033,-22.217888,-14.649651,10.096031,50.495377,-1.1707584,15.000033,-5.0861163,-5.751523,26.939264,-48.39733,-12.578781,-27.030163,-18.509766,14.2263,8.089613,9.67585,-26.991386,2.7028382,9.905897,-40.058628,-11.073497,0.76023555,-14.541026
166,-2.2966413497924805,6.10701322555542,75.13848114013672,-1.0446232049514257,-4.327108622566125,-44.6172232590267,-13.372061,14.563264,-8.729594,56.63722,-9.473244,-15.000033,-20.298565,-14.552535,10.457543,48.477417,-1.8746647,15.000033,-5.0144815,-5.296802,26.780916,-48.530327,-12.456921,-27.293196,-18.110163,13.816219,7.466203,10.011407,-27.200674,2.624499,9.4770975,-40.008457,-10.640288,0.55709535,-14.786423
167,-2.360882520675659,5.799802780151367,74.82382202148438,-1.2495123457512036,-4.504436550526328,-43.87424730106726,-12.547173,14.649431,-9.648987,55.646416,-10.803674,-15.000033,-18.322134,-14.338016,10.81282,46.43703,-2.7904558,15.000033,-4.930274,-4.8159227,26.573378,-48.716953,-12.359962,-27.447567,-17.697508,13.336343,6.886482,10.454043,-27.415478,2.5801656,9.048554,-39.92337,-10.181324,0.37036043,-15.09276
168,-2.404099225997925,5.489610195159912,74.46134948730469,-1.3767781898711264,-4.653995206765759,-43.1520036219316,-11.75585,14.766595,-10.328006,54.66373,-12.2995,-15.000033,-16.581173,-14.263833,11.011492,44.768112,-4.144836,15.000033,-4.8689346,-4.427828,26.29912,-48.960735,-12.298293,-27.507977,-17.277718,13.056793,6.5430884,10.817027,-27.626482,2.5708003,8.636982,-39.830944,-9.810583,0.28666797,-15.311731
169,-2.4161107540130615,5.184014797210693,74.0775375366211,-1.3867219672868618,-4.7723558330232825,-42.4808239609935,-10.920937,14.90922,-10.688804,53.586124,-14.131889,-15.000033,-15.109672,-14.370004,11.03714,43.558273,-6.212624,15.000033,-4.8158293,-4.1724744,25.901796,-49.224266,-12.268589,-27.447533,-16.872755,13.067582,6.5367813,11.058323,-27.841078,2.5801802,8.196348,-39.707897,-9.484657,0.36641267,-15.386692
170,-2.418060064315796,4.894701957702637,73.68141174316406,-1.343751977503349,-4.87254284690874,-41.877773868661635,-9.985895,15.097933,-10.8523035,52.378185,-16.301764,-15.000033,-13.780045,-14.527916,10.938452,42.60528,-8.795069,15.000033,-4.735802,-3.9743772,25.40663,-49.51702,-12.272516,-27.283834,-16.480215,13.2109785,6.7498665,11.278589,-28.065155,2.6248252,7.7326455,-39.550888,-9.192825,0.5526614,-15.402538
171,-2.426051616668701,4.629726886749268,73.28404235839844,-1.2879318751018183,-4.926839795390881,-41.29213950493564,-9.202821,15.309774,-10.898968,51.297012,-18.418692,-15.000033,-12.659899,-14.748953,10.613202,41.88075,-11.412525,15.000033,-4.6624866,-3.803534,24.897657,-49.920895,-12.318077,-27.065212,-16.033958,13.397966,7.051776,11.507244,-28.287025,2.715853,7.3258395,-39.411034,-9.012469,0.75487953,-15.423712
172,-2.451017379760742,4.3897552490234375,72.90306091308594,-1.2560896059931963,-4.908520610194479,-40.67187833358346,-8.824042,15.529181,-10.897635,50.604904,-20.09498,-15.000033,-11.810793,-15.054191,9.954536,41.356552,-13.585773,15.000033,-4.6489296,-3.663014,24.452492,-50.498093,-12.374369,-26.847317,-15.478027,13.53941,7.3126664,11.781358,-28.627531,2.7830443,6.8716516,-39.22366,-8.8195505,0.8775737,-15.476834
173,-2.499556064605713,4.194397926330566,72.55819702148438,-1.2598588499186067,-4.775225008122902,-40.008879452914584,-8.974989,15.812845,-10.756644,50.418915,-21.335943,-15.000033,-11.3248,-15.522639,8.720711,41.107773,-15.301839,15.000033,-4.672376,-3.4839084,24.065268,-51.24794,-12.442994,-26.664822,-14.866143,13.619737,7.52737,12.174505,-28.98206,2.8563035,6.5363584,-39.10785,-8.798433,0.9087405,-15.643113
174,-2.574219226837158,4.034434795379639,72.29217529296875,-1.2736496224248681,-4.557606310663753,-39.325852508326555,-9.491954,16.147484,-10.471073,50.582355,-22.31737,-15.000033,-11.123912,-16.141869,7.005828,41.133507,-16.786634,15.000033,-4.771013,-3.3579776,23.684864,-52.16231,-12.498311,-26.44754,-14.145895,13.696266,7.7561727,12.645038,-29.520985,2.8484461,6.0528555,-38.877945,-8.634773,0.8850603,-15.823748
175,-2.6833646297454834,3.9207053184509277,72.15265655517578,-1.2874047524929806,-4.333091779862753,-38.616961119335855,-10.204956,16.425074,-10.243339,50.95248,-22.90997,-15.000033,-11.016711,-16.772787,5.2209916,41.270454,-17.911272,15.000033,-4.889655,-3.224261,23.443026,-53.117527,-12.54246,-26.277708,-13.483283,13.710824,7.9653707,13.074866,-30.008608,2.8158371,5.6813474,-38.75292,-8.598327,0.82778144,-16.043928
176,-2.817396402359009,3.826101541519165,72.15657043457031,-1.2913382702804044,-4.170878497481722,-37.88344613384583,-10.958196,16.5334,-10.271375,51.389782,-22.976948,-15.000033,-10.843119,-17.263695,3.7997236,41.351383,-18.541153,15.000033,-5.0218673,-3.119688,23.418488,-54.0724,-12.5789,-26.168468,-12.886102,13.635918,8.119861,13.336981,-30.443151,2.7718394,5.3847165,-38.71894,-8.654403,0.7436168,-16.235
177,-2.9684181213378906,3.7454276084899902,72.26715850830078,-1.300473336708819,-4.092619293757748,-37.090130951133766,-11.77019,16.422459,-10.697062,51.91023,-22.348312,-15.000033,-10.523653,-17.545294,2.8309228,41.253002,-18.56029,15.000033,-5.2042046,-3.093689,23.67418,-55.043083,-12.57662,-26.145433,-12.331743,13.413788,8.192912,13.38491,-30.897818,2.6459692,5.0068436,-38.739346,-8.627505,0.6071417,-16.358343
178,-3.132957935333252,3.663865804672241,72.44207763671875,-1.3123218367187386,-4.056925168401776,-36.24964922525138,-12.704827,16.139528,-11.3902235,52.567097,-21.130934,-15.000033,-10.170882,-17.711887,2.1072738,41.086624,-18.065744,15.000033,-5.4110494,-3.0867417,24.162949,-56.005066,-12.537014,-26.21408,-11.889774,13.063042,8.21016,13.294694,-31.28291,2.4753623,4.710737,-38.900265,-8.689626,0.42932245,-16.48752
179,-3.295307159423828,3.601450204849243,72.65435791015625,-1.287013240074175,-4.034240484586068,-35.439480645608214,-13.681259,15.722851,-12.125418,53.276703,-19.602304,-15.000033,-9.935944,-17.845703,1.6246502,41.03905,-17.236607,15.000033,-5.643982,-3.1354315,24.734451,-56.940075,-12.464779,-26.284737,-11.51889,12.714205,8.216422,13.119547,-31.69256,2.2685854,4.440648,-39.035686,-8.745346,0.24793497,-16.584158
180,-3.4621098041534424,3.5796959400177,72.88595581054688,-1.1873774446654204,-3.9965262838962823,-34.73818068604591,-14.623591,15.234175,-12.668805,53.958893,-18.050623,-15.000033,-9.964905,-18.027521,1.3783394,41.2962,-16.254185,15.000033,-5.893684,-3.2584796,25.2445,-57.82578,-12.371616,-26.275595,-11.182515,12.496189,8.254885,12.913505,-32.199352,2.0312421,4.163373,-39.007603,-8.72079,0.10208034,-16.619095
181,-3.6208763122558594,3.593085289001465,73.13993835449219,-0.9671722001184246,-3.9322646618984085,-34.15372395690671,-15.570334,14.568972,-13.034208,54.656242,-16.391304,-15.000033,-10.358154,-18.312103,1.4203765,41.99855,-15.089989,15.000033,-6.165716,-3.499647,25.661947,-58.640823,-12.271471,-26.165604,-10.864044,12.473409,8.3215275,12.637665,-32.814327,1.76524,3.8770926,-38.75422,-8.598081,-0.007035381,-16.55374
182,-3.7593650817871094,3.6403191089630127,73.41073608398438,-0.6547658573988108,-3.859052422704209,-33.64890185879527,-16.541014,13.74916,-13.2891655,55.383274,-14.535007,-15.000033,-11.021947,-18.6464,1.7441561,43.01414,-13.66991,15.000033,-6.4588594,-3.8428504,26.05685,-59.420383,-12.169316,-25.992653,-10.558391,12.572336,8.396414,12.278604,-33.50937,1.468424,3.5891964,-38.347633,-8.409892,-0.097800136,-16.409523
183,-3.8740077018737793,3.698622465133667,73.69617462158203,-0.33556710446397736,-3.790397191301406,-33.23393866510847,-17.452576,13.048816,-13.302373,56.040337,-12.761263,-15.000033,-11.79772,-18.941454,2.2396512,44.100086,-12.095742,15.000033,-6.751227,-4.197233,26.440685,-60.22008,-12.062812,-25.769438,-10.26155,12.713043,8.498498,11.928163,-34.284855,1.1455525,3.296529,-37.869278,-8.174988,-0.15938872,-16.252954
184,-3.964066982269287,3.782053232192993,73.97765350341797,-0.10196596857312092,-3.736783767572509,-32.91894297392528,-18.22682,12.737906,-12.977416,56.536896,-11.344813,-15.000033,-12.530583,-19.101212,2.787605,45.026962,-10.4756155,15.000033,-7.0275025,-4.4719777,26.823406,-61.093777,-11.942737,-25.506752,-9.967696,12.816363,8.648613,11.678624,-35.151897,0.7992244,2.9861758,-37.385006,-7.89961,-0.18209033,-16.14565
185,-4.032814979553223,3.8892645835876465,74.25249481201172,0.055410136957348706,-3.701835273988186,-32.7168927328719,-18.822954,12.859619,-12.19939,56.81178,-10.341541,-15.000033,-13.270107,-19.148817,3.3805866,45.8582,-8.713208,15.000033,-7.290248,-4.667992,27.216772,-62.05014,-11.800349,-25.202585,-9.692917,12.910276,8.898396,11.577173,-36.127342,0.42883438,2.6655347,-36.898293,-7.4891477,-0.1573763,-16.110746
186,-4.091529369354248,4.0046844482421875,74.51506805419922,0.1646843038791314,-3.674375210766031,-32.6163672195922,-19.2948,13.2879305,-11.072304,56.940052,-9.601396,-15.000033,-14.069036,-19.10752,4.054614,46.67529,-6.789613,15.000033,-7.552781,-4.8178654,27.610748,-63.055866,-11.632601,-24.854912,-9.442797,13.018933,9.222253,11.567595,-37.20437,0.03357426,2.3407686,-36.372044,-6.970454,-0.09312771,-16.112555
187,-4.143008232116699,4.119940280914307,74.76224517822266,0.162675905248565,-3.6464642065650574,-32.59410443945691,-19.693336,14.025563,-9.84825,57.03492,-9.095479,-15.000033,-14.770323,-18.895517,4.7569838,47.284683,-4.940965,15.000033,-7.8089275,-4.8747554,27.990295,-64.09703,-11.439374,-24.47757,-9.201461,13.054798,9.525761,11.5883045,-38.343597,-0.37783676,2.004547,-35.83507,-6.5460043,-0.0038445345,-16.127392
188,-4.184042453765869,4.227890968322754,74.98210906982422,-0.00957566085884007,-3.6163283105648554,-32.63177840730231,-20.064966,15.075373,-8.776377,57.200405,-8.803249,-15.000033,-15.21468,-18.433102,5.4448485,47.49804,-3.4017541,15.000033,-8.043925,-4.7923813,28.347094,-65.15974,-11.224955,-24.085592,-8.952744,12.930184,9.714156,11.578581,-39.497116,-0.78204674,1.6631593,-35.322,-6.443485,0.096947744,-16.132998
189,-4.212721347808838,4.322269439697266,75.16807556152344,-0.4159726113222855,-3.600545324081484,-32.761461363749866,-20.408968,16.567327,-7.8997307,57.473595,-8.815032,-15.000033,-15.354672,-17.59366,6.192702,47.24661,-2.175243,15.000033,-8.2308445,-4.524641,28.711891,-66.28907,-10.981748,-23.66953,-8.683975,12.563817,9.756221,11.519315,-40.687153,-1.1737729,1.2916788,-34.83894,-6.819731,0.24105705,-16.089994
190,-4.2242207527160645,4.395448684692383,75.315673828125,-1.0062231500650638,-3.6087754081724217,-32.990569319495044,-20.678137,18.460306,-7.0890985,57.784225,-9.136079,-15.000033,-15.260643,-16.460117,7.0149384,46.635986,-1.1551092,15.000033,-8.376856,-4.114116,29.091496,-67.47411,-10.705958,-23.22718,-8.404572,12.021627,9.705509,11.443847,-41.924088,-1.5515169,0.89853173,-34.37245,-7.534223,0.4233436,-16.01701
191,-4.218128204345703,4.451664447784424,75.42383575439453,-1.6646138065763023,-3.6271303265705925,-33.26343618963708,-20.857212,20.495678,-6.3326626,58.070366,-9.618446,-15.000033,-14.957915,-15.26373,7.793556,45.743496,-0.41812673,15.000033,-8.523478,-3.6646073,29.435116,-68.631805,-10.411179,-22.778175,-8.110509,11.441776,9.59361,11.369535,-43.16191,-1.9012008,0.5106811,-33.89912,-8.337838,0.5738792,-15.966936
192,-4.189048767089844,4.489163398742676,75.48908996582031,-2.2750365883729615,-3.6319651725799753,-33.518461801182426,-20.947102,22.405146,-5.6232076,58.2803,-10.095875,-15.000033,-14.48393,-14.232777,8.403395,44.650356,-0.051664136,15.000033,-8.713496,-3.2802145,29.682207,-69.690414,-10.122874,-22.340586,-7.781588,10.965956,9.45125,11.3135805,-44.35059,-2.2003942,0.15271127,-33.40419,-8.985375,0.62407774,-15.992657
193,-4.138936996459961,4.518117904663086,75.50855255126953,-2.8450871765614467,-3.619482017245175,-33.757561563346385,-20.947346,24.23557,-4.9204283,58.401405,-10.534923,-15.000033,-13.783039,-13.34884,8.859732,43.26578,-0.11572393,15.000033,-8.950459,-2.9641902,29.793802,-70.63958,-9.859801,-21.908663,-7.3733144,10.6250515,9.237575,11.284624,-45.497963,-2.4309402,-0.1688595,-32.837933,-9.456346,0.50648814,-16.131382
194,-4.072966575622559,4.535041332244873,75.48181915283203,-3.4215767483552533,-3.5974794176190925,-34.008499833806546,-20.860086,26.090586,-4.223813,58.46015,-11.018427,-15.000033,-12.858995,-12.510536,9.230631,41.567635,-0.5512557,15.000033,-9.208042,-2.6758032,29.793802,-71.530495,-9.6257,-21.471298,-6.8740087,10.354584,8.950808,11.2687845,-46.614826,-2.5903313,-0.47570813,-32.223255,-9.876018,0.27354363,-16.341846
195,-3.977914810180664,4.551539421081543,75.4134521484375,-3.8717181867052712,-3.5576159088488732,-34.20701076047654,-20.688745,27.6931,-3.5122561,58.451225,-11.519601,-14.810129,-11.854989,-11.932677,9.44537,39.775753,-1.2567983,15.000033,-9.505337,-2.5346668,29.793802,-72.47495,-9.420456,-21.053009,-6.3156867,10.159072,8.68629,11.256472,-47.66218,-2.6906612,-0.8015895,-31.73698,-10.22114,0.041527253,-16.555693
196,-3.8565847873687744,4.576174736022949,75.3049545288086,-4.108950165125237,-3.4150375006913505,-34.310062007853645,-20.555002,28.829893,-2.7171352,58.406025,-12.01701,-13.7539425,-11.002151,-11.766466,9.406434,38.111202,-2.1251004,15.000033,-9.889681,-2.5687163,29.593676,-73.31692,-9.252947,-20.648829,-5.75825,10.016257,8.520314,11.229997,-48.601177,-2.7343771,-1.1336523,-31.292547,-10.447939,-0.08756255,-16.722263
197,-3.724343776702881,4.60432767868042,75.15191650390625,-4.2432195226219545,-3.172415421625894,-34.353866306993154,-20.517591,29.486614,-2.2981694,58.426098,-12.542353,-12.738027,-10.27277,-11.911563,8.9515915,36.53932,-3.2097092,15.000033,-10.326221,-2.6716228,29.18664,-74.04847,-9.136519,-20.251085,-5.181065,9.930679,8.499161,11.1749935,-49.428196,-2.7133417,-1.4868873,-30.881453,-10.479796,-0.07011919,-16.83241
198,-3.578293800354004,4.64110803604126,74.96061706542969,-4.307915749286244,-2.859023611093703,-34.35295269283204,-20.53373,29.79108,-2.1716228,58.476578,-13.087016,-11.758301,-9.570254,-12.288465,8.130257,34.964893,-4.5373096,15.000033,-10.800626,-2.8223572,28.630266,-74.718346,-9.075443,-19.857737,-4.558022,9.91116,8.570701,11.102995,-50.162674,-2.6276455,-1.8605897,-30.513144,-10.359944,0.031055061,-16.912882
199,-3.419187545776367,4.694004535675049,74.73629760742188,-4.360195053602623,-2.514239994021492,-34.339639869486206,-20.486988,29.935026,-2.1205792,58.40844,-13.613967,-11.129324,-8.9238405,-12.734792,7.129052,33.464275,-5.9125667,15.000033,-11.280777,-2.9609745,28.00277,-75.347,-9.060228,-19.467419,-3.921811,9.948356,8.670453,11.038431,-50.81137,-2.4976263,-2.2270255,-30.197344,-10.225829,0.163623,-16.95805
200,-3.2433390617370605,4.7510857582092285,74.48762512207031,-4.451743912662188,-2.1754806620636336,-34.34739329836558,-20.25865,30.107626,-1.917097,58.071445,-14.089716,-11.168581,-8.380154,-13.102415,6.167385,32.123188,-7.1389985,15.000033,-11.7337055,-3.028624,27.383963,-75.941444,-9.073068,-19.081467,-3.3270423,10.026651,8.734242,11.006514,-51.380074,-2.3526978,-2.552539,-29.947134,-10.213668,0.27708983,-16.968403
201,-3.0597410202026367,4.828339576721191,74.22405242919922,-4.575463098086882,-1.8193698864987295,-34.35925424609353,-19.828136,30.270304,-1.5624298,57.39155,-14.333168,-12.235803,-7.964551,-13.4158535,5.209709,30.94613,-8.252319,15.000033,-12.172051,-3.0195124,26.744295,-76.5031,-9.102581,-18.690674,-2.7868817,10.163915,8.757348,11.006559,-51.87503,-2.2078233,-2.8405766,-29.772053,-10.36628,0.3873116,-16.939756
202,-2.8607068061828613,4.925868511199951,73.94921112060547,-4.706248676643208,-1.4364153793424128,-34.36511174017629,-19.258669,30.345778,-1.145184,56.46086,-14.401738,-14.065162,-7.656359,-13.744115,4.187572,29.905565,-9.3295555,15.000033,-12.609025,-2.9556267,26.061958,-77.011536,-9.148147,-18.298904,-2.2985237,10.352898,8.770394,11.028547,-52.297497,-2.0623865,-3.098996,-29.660164,-10.600886,0.5132475,-16.881416
203,-2.6394553184509277,5.062083721160889,73.67484283447266,-4.672000274069077,-1.032749394045921,-34.32900937512818,-18.580307,30.230457,-0.27426064,55.332592,-14.583196,-15.000033,-7.527842,-14.273332,3.310632,29.13611,-10.302931,15.000033,-13.090855,-3.0038023,25.349216,-77.430305,-9.204777,-17.938358,-1.9072598,10.541682,8.762916,11.083787,-52.633755,-1.9264756,-3.3003678,-29.600098,-10.860933,0.60845083,-16.813904
204,-2.3975296020507812,5.262642860412598,73.39999389648438,-4.5820963177295795,-0.6843914801131179,-34.33322956370245,-17.767002,30.12663,0.98545825,54.0923,-15.212952,-15.000033,-7.541738,-14.811527,2.766696,28.641073,-11.026374,15.000033,-13.549492,-3.080442,24.724619,-77.73171,-9.266194,-17.627193,-1.6453335,10.674687,8.72483,11.185092,-52.890373,-1.8171358,-3.413142,-29.559141,-11.085042,0.6281669,-16.758955
205,-2.152553081512451,5.478835105895996,73.14857482910156,-4.697617582205259,-0.4686647977377876,-34.46282232021663,-16.708502,30.378132,2.4365337,52.708252,-16.655096,-15.000033,-7.5811243,-15.007712,2.5943987,28.321249,-11.445383,15.000033,-13.911917,-2.9439514,24.3024,-77.940216,-9.329949,-17.329445,-1.5234118,10.7278385,8.643806,11.364651,-53.128082,-1.7535632,-3.4216325,-29.475134,-11.257951,0.5437947,-16.755041
206,-1.8965035676956177,5.71598482131958,72.93114471435547,-4.927275970570901,-0.33648444381476034,-34.670632124016635,-15.430187,30.794302,4.1009574,51.1476,-18.641125,-15.000033,-7.6884465,-15.007779,2.6990626,28.191261,-11.640304,15.000033,-14.212987,-2.6698494,24.011488,-78.052376,-9.395709,-17.047419,-1.5377287,10.728153,8.528584,11.606591,-53.331512,-1.739353,-3.3429797,-29.375809,-11.402481,0.38689235,-16.78664
207,-1.6341725587844849,5.966451644897461,72.77283477783203,-5.179773189563373,-0.26298800964777225,-34.97882505145408,-14.042036,31.208973,5.8614683,49.55646,-20.650806,-15.000033,-7.9085183,-14.916852,3.0360641,28.236591,-11.558835,15.000033,-14.413662,-2.369615,23.82859,-78.01716,-9.456972,-16.841936,-1.6786009,10.696517,8.401361,11.853361,-53.42271,-1.7575747,-3.192957,-29.321949,-11.51822,0.20290384,-16.787937
208,-1.3784892559051514,6.23131799697876,72.68172454833984,-5.372747089350563,-0.22556505463889517,-35.413670077048636,-12.663783,31.491432,7.589353,48.09122,-22.17526,-15.000033,-8.281097,-14.830782,3.5602646,28.438564,-11.141482,15.000033,-14.467511,-2.1403832,23.730164,-77.81145,-9.52965,-16.750832,-1.9098384,10.662115,8.282582,12.039274,-53.312416,-1.7944247,-2.9808447,-29.385365,-11.608897,0.037596628,-16.696175
209,-1.1258572340011597,6.514056205749512,72.67642974853516,-5.521559770462166,-0.23931910814710539,-36.03416812629346,-11.241743,31.70841,9.374248,46.739513,-23.17284,-15.000033,-8.795081,-14.703442,4.350638,28.75242,-10.322031,15.000033,-14.330599,-1.9834948,23.743496,-77.398476,-9.602613,-16.803,-2.2800326,10.624289,8.185264,12.15348,-52.977215,-1.8432662,-2.7050083,-29.614687,-11.69069,-0.089926526,-16.448313
210,-0.883068323135376,6.807999134063721,72.75870513916016,-5.662553792246529,-0.3137865851212652,-36.81120616206891,-9.73666,31.922895,11.266557,45.450436,-23.902327,-15.000033,-9.42398,-14.488862,5.395165,29.195738,-9.1491785,15.000033,-14.039082,-1.8542148,23.872643,-76.802895,-9.669939,-16.970545,-2.7841263,10.571736,8.095788,12.227823,-52.462467,-1.9036739,-2.3600817,-29.965124,-11.7599535,-0.2076467,-16.090921
211,-0.6428940892219543,7.111078262329102,72.9213638305664,-5.750319569042679,-0.4154201080425075,-37.641936728833734,-8.312445,32.024193,13.045857,44.32778,-24.31268,-15.000033,-10.19602,-14.284502,6.513273,29.841604,-7.7072296,15.000033,-13.662669,-1.7885426,24.061567,-76.053856,-9.733611,-17.250034,-3.3415575,10.509192,7.998212,12.277072,-51.789772,-1.9573808,-1.9678489,-30.362104,-11.7909565,-0.34178412,-15.715004
212,-0.40985479950904846,7.420793056488037,73.14437866210938,-5.738360443482229,-0.5074970503444859,-38.423197026914615,-7.1395607,31.905537,14.471976,43.4589,-24.342857,-15.000033,-11.141791,-14.187387,7.53613,30.755463,-6.085655,15.000033,-13.270479,-1.8279446,24.251713,-75.188805,-9.80001,-17.635582,-3.8579848,10.444986,7.876525,12.315678,-50.97542,-1.978339,-1.5546378,-30.736652,-11.759859,-0.51887345,-15.408144
213,-0.18433673679828644,7.723189353942871,73.41620635986328,-5.581919683012854,-0.6038477235767714,-39.17040321283474,-6.2100534,31.514963,15.524307,42.86286,-23.91495,-15.000033,-12.294275,-14.212466,8.56338,32.006916,-4.217083,15.000033,-12.842363,-2.0370078,24.443802,-74.177605,-9.878947,-18.157066,-4.3100986,10.406981,7.692581,12.315748,-49.97049,-1.9566753,-1.1240703,-31.097471,-11.671475,-0.7710958,-15.1551285
214,0.008875446394085884,8.02769947052002,73.72164916992188,-5.312968311956818,-0.7116831308849216,-39.92542375334301,-5.4635487,30.929886,16.30115,42.489403,-23.080206,-15.000033,-13.627148,-14.295387,9.659922,33.522194,-2.071468,15.000033,-12.351109,-2.3850443,24.665018,-73.023254,-9.970094,-18.808155,-4.726042,10.39069,7.466304,12.280835,-48.773163,-1.8876029,-0.66827625,-31.47946,-11.544758,-1.0778388,-14.913509
215,0.18934503197669983,8.343810081481934,74.060546875,-4.999263472475049,-0.7842601602092615,-40.62390422025853,-4.989533,30.239388,16.7383,42.314487,-21.966425,-15.000033,-15.091915,-14.428227,10.606344,35.158665,0.20399167,15.000033,-11.85189,-2.771468,24.890833,-71.80461,-10.0717945,-19.53462,-5.1022544,10.357379,7.2689285,12.274246,-47.45651,-1.762707,-0.18947646,-31.87336,-11.376755,-1.38544,-14.734092
216,0.3526916801929474,8.676155090332031,74.424560546875,-4.707166235925314,-0.7779162610169589,-41.19862068379971,-4.872656,29.529465,16.779274,42.319603,-20.703918,-15.000033,-16.651821,-14.626957,11.17938,36.798595,2.4476783,15.000033,-11.407944,-3.0928445,25.093927,-70.60018,-10.176092,-20.27197,-5.440107,10.262706,7.1710424,12.355984,-46.104088,-1.5867419,0.31886408,-32.260735,-11.160169,-1.6389198,-14.673855
217,0.4977870285511017,9.001358985900879,74.80412292480469,-4.44698731259425,-0.6678843705563255,-41.63381873493764,-5.1456833,28.821453,16.473572,42.52049,-19.22225,-15.000033,-18.389292,-14.945933,11.272174,38.492046,4.845955,15.000033,-11.029881,-3.332993,25.251663,-69.38824,-10.283583,-21.038383,-5.727326,10.120467,7.1953263,12.556424,-44.684574,-1.3559377,0.8927035,-32.633553,-10.839142,-1.8172742,-14.784616
218,0.6239586472511292,9.324378967285156,75.18792724609375,-4.168453589902023,-0.48336773494817553,-41.95617378778939,-5.744688,28.043566,15.853978,42.90877,-17.48217,-15.000033,-20.306316,-15.40656,11.053275,40.29343,7.394299,15.000033,-10.696752,-3.562211,25.37827,-68.14098,-10.392227,-21.85172,-5.966584,9.944708,7.302223,12.838271,-43.169125,-1.0708656,1.5255989,-33.00435,-10.438841,-1.9535187,-15.023301
219,0.7362914085388184,9.64958667755127,75.56126403808594,-3.851676588286301,-0.2641982422505534,-42.16225623760966,-6.5976973,27.142887,14.845854,43.4331,-15.6616535,-15.000033,-22.239805,-15.974443,10.696508,42.095985,9.636939,15.000033,-10.418937,-3.809303,25.499527,-66.92055,-10.498151,-22.665863,-6.1865954,9.694754,7.468833,13.166103,-41.63689,-0.73945713,2.1532497,-33.382942,-10.072561,-2.073669,-15.302244
220,0.8325315117835999,9.966364860534668,75.9165267944336,-3.489280928973605,-0.05117432506941344,-42.25354835251023,-7.6288614,26.078848,13.370637,44.053486,-13.939979,-15.000033,-24.020147,-16.593233,10.35686,43.792202,11.110816,15.000033,-10.2006,-4.0856013,25.645638,-65.787415,-10.600714,-23.435463,-6.42432,9.328614,7.6718082,13.504431,-40.1675,-0.36845255,2.7120144,-33.783802,-9.855013,-2.2008004,-15.538145
221,0.9183720946311951,10.27717113494873,76.23853302001953,-3.0822130783841115,0.15350986191674212,-42.21186317221329,-8.901388,24.806686,11.316921,44.88461,-12.260091,-15.000033,-25.599318,-17.287504,9.974191,45.34038,11.612734,15.000033,-10.0512495,-4.3779807,25.825813,-64.73011,-10.7059355,-24.161568,-6.691857,8.710546,7.9236712,13.88203,-38.743465,0.053949904,3.18078,-34.214603,-9.859134,-2.3250608,-15.692347
222,0.9958197474479675,10.569578170776367,76.52627563476562,-2.6329919021110038,0.36240736368509646,-42.0419797277392,-10.376427,23.324217,8.808933,45.916225,-10.565162,-15.000033,-27.05878,-18.087896,9.490649,46.812565,11.397491,15.000033,-9.966347,-4.6887827,26.026953,-63.72969,-10.816597,-24.864998,-6.963809,7.904417,8.226642,14.308039,-37.33452,0.53109396,3.5964687,-34.66413,-10.009,-2.4383464,-15.813748
223,1.0748540163040161,10.845914840698242,76.76970672607422,-2.1515563572185044,0.557607832453479,-41.78573179118677,-11.839805,21.686268,6.087527,46.93512,-9.035493,-15.000033,-28.41991,-18.914013,9.038983,48.259407,10.701346,15.000033,-9.921204,-5.0334144,26.2493,-62.83165,-10.927364,-25.531366,-7.226706,7.165615,8.545494,14.715953,-36.009754,1.034492,3.98442,-35.11596,-10.1940975,-2.564904,-15.953868
224,1.1490178108215332,11.110147476196289,76.96505737304688,-1.6544232038510314,0.7241435382740732,-41.48553022489684,-13.106573,19.978287,3.3495324,47.72905,-7.8443713,-15.000033,-29.708708,-19.670544,8.749201,49.726406,9.770639,15.000033,-9.890446,-5.415728,26.492668,-62.075863,-11.030638,-26.14622,-7.4747906,6.7478,8.850211,15.03454,-34.84847,1.5120698,4.356556,-35.54509,-10.282334,-2.7281823,-16.168427
225,1.2245904207229614,11.368124961853027,77.10798645019531,-1.119182857755679,0.8625525282458204,-41.111434744241436,-14.218963,18.017477,0.3051636,48.318947,-7.030903,-15.000033,-30.947971,-20.317448,8.755849,51.26492,8.507578,15.000033,-9.881352,-5.842849,26.775547,-61.48538,-11.126686,-26.732212,-7.741231,6.7237625,9.174901,15.241127,-33.863068,1.9263676,4.720568,-35.970715,-10.225084,-2.949708,-16.528605
226,1.3087143898010254,11.617770195007324,77.19756317138672,-0.5578464111509819,0.9799375004806045,-40.658923401132384,-15.216233,15.837034,-3.0440812,48.81143,-6.4972177,-15.000033,-32.118153,-20.89804,8.927509,52.829594,6.84409,15.000033,-9.888621,-6.276291,27.099161,-61.021645,-11.223115,-27.294886,-8.049264,6.950573,9.524953,15.370635,-32.999958,2.2802744,5.0784326,-36.41836,-10.098997,-3.2091894,-17.004314
227,1.3967230319976807,11.862589836120605,77.22616577148438,-0.0435892119541836,1.0785723091470896,-40.20280818409084,-16.003748,13.874847,-6.161132,49.12579,-6.2288523,-15.000033,-33.189365,-21.433327,8.998966,54.338142,5.058502,15.000033,-9.8843155,-6.6629753,27.425028,-60.641586,-11.319617,-27.786829,-8.360862,7.3631563,9.82941,15.437504,-32.279438,2.565289,5.388925,-36.834957,-9.907436,-3.4698856,-17.48502
228,1.4778411388397217,12.080100059509277,77.19354248046875,0.277785181325324,1.1747760211268425,-39.83921277749166,-16.578756,12.678628,-8.566306,49.176968,-6.2207303,-15.000033,-34.129368,-21.969711,8.458947,55.680965,3.446502,14.489363,-9.784617,-6.8198185,27.739674,-60.272484,-11.431126,-28.181232,-8.711601,7.8819766,10.015514,15.458546,-31.584753,2.857536,5.8072405,-37.29722,-9.8961935,-3.6837065,-17.910643
229,1.5536549091339111,12.273972511291504,77.0999526977539,0.27727807751673184,1.295636682162917,-39.579718998603305,-17.11783,12.704708,-9.994018,48.984325,-6.585318,-15.000033,-34.922962,-22.549791,6.93781,56.84748,1.9645404,13.157712,-9.661015,-6.7628975,27.993977,-60.00847,-11.518359,-28.41142,-8.928682,8.643873,10.050889,15.404543,-31.242947,3.0111887,5.910513,-37.519184,-9.539872,-3.8742924,-18.138351
230,1.6296485662460327,12.445686340332031,76.94429779052734,0.16321351465351777,1.4189185485654026,-39.334429326722685,-17.62113,13.433957,-10.726639,48.525925,-7.2981515,-15.000033,-35.550964,-23.13501,5.096497,57.921566,0.46191728,11.98824,-9.49506,-6.5292735,28.24754,-59.774555,-11.613409,-28.562437,-9.22815,9.605517,9.97577,15.28252,-30.935707,3.1301558,6.1189876,-37.818504,-9.314496,-4.0323353,-18.353518
231,1.7288165092468262,12.612059593200684,76.73161315917969,0.08801640793369667,1.5130678890902816,-39.142962160327436,-17.869547,14.240138,-11.167971,47.711155,-8.165805,-15.000033,-36.02056,-23.6441,3.361592,58.89083,-0.86768043,11.164385,-9.298096,-6.332346,28.451609,-59.54792,-11.7145815,-28.61752,-9.516798,10.549506,9.832662,15.152755,-30.699612,3.2230897,6.3156443,-38.09202,-9.142622,-4.1523056,-18.528584
232,1.8612297773361206,12.771815299987793,76.46826934814453,0.19883658387175063,1.553339137453843,-39.041635504994964,-17.640886,14.507236,-11.775468,46.463074,-8.923799,-15.000033,-36.38047,-23.990059,2.1514485,59.740417,-1.8085926,10.851346,-9.04894,-6.3147035,28.578465,-59.260212,-11.82737,-28.592062,-9.796694,11.242393,9.666462,15.076144,-30.463701,3.3095062,6.523169,-38.34876,-9.104701,-4.217736,-18.687763
233,2.030424118041992,12.937821388244629,76.15296173095703,0.5699239099815285,1.5274994010512184,-39.04413841951767,-16.730093,13.9699135,-12.891105,44.519276,-9.301393,-15.000033,-36.69277,-23.972155,1.8545218,60.441658,-2.012542,11.42886,-8.730221,-6.540519,28.63559,-58.895454,-11.960107,-28.472504,-10.07291,11.623062,9.456456,15.05514,-30.208286,3.4194949,6.7710423,-38.63156,-9.32645,-4.2048097,-18.83499
234,2.2381956577301025,13.099138259887695,75.78483581542969,1.0949060606562206,1.43344950824148,-39.157194002474604,-15.245861,13.041335,-14.279602,41.98988,-9.493585,-15.000033,-36.92735,-23.642233,2.1490703,61.012375,-1.6893331,12.689623,-8.339219,-6.936349,28.648247,-58.503048,-12.109441,-28.249063,-10.309708,11.821428,9.190765,15.060801,-30.007418,3.5428023,6.998843,-38.88374,-9.692291,-4.130804,-18.939554
235,2.4793734550476074,13.229732513427734,75.36717987060547,1.646153307239156,1.2771617929861905,-39.38929990330821,-13.47804,12.112752,-15.559792,39.37974,-9.911955,-15.000033,-37.023834,-23.322239,2.3737588,61.50995,-1.4404794,13.896394,-7.8836336,-7.4095426,28.61208,-58.095776,-12.263829,-27.952255,-10.487535,11.88498,8.928328,15.104952,-29.886345,3.6376488,7.139089,-39.012062,-9.966926,-4.0385776,-18.994654
236,2.740778923034668,13.328753471374512,74.86097717285156,2.121279151155863,1.0894360441741182,-39.71290292471328,-11.786114,11.501829,-16.27846,37.20124,-10.933641,-15.000033,-36.95532,-23.411356,1.8573658,61.98778,-1.8171098,14.286048,-7.3592186,-7.8006988,28.527288,-57.642517,-12.433067,-27.65161,-10.688519,11.84253,8.727334,15.202476,-29.674284,3.763303,7.412487,-39.104454,-10.254183,-3.9584668,-19.066843
237,2.9955990314483643,13.404114723205566,74.30146789550781,2.4961636747246865,0.8921150319228836,-40.14929200780969,-10.212792,11.269933,-16.206106,35.543938,-12.850387,-15.000033,-36.622627,-24.116072,0.1495444,62.412632,-3.0312302,13.431656,-6.8075,-8.138426,28.312593,-57.12361,-12.608697,-27.30145,-10.887989,11.563775,8.6221285,15.336577,-29.454683,3.9189224,7.742324,-39.041092,-10.396739,-3.9132998,-19.133408
238,3.2464544773101807,13.461504936218262,73.72132110595703,2.8271280775924628,0.6782085815731094,-40.68845413791359,-8.625126,11.211329,-15.597982,34.16654,-15.398377,-15.000033,-36.02092,-25.169945,-2.3003569,62.773903,-4.792623,11.855006,-6.2188597,-8.459967,27.996515,-56.537487,-12.792826,-26.902445,-11.101284,11.071278,8.573975,15.506951,-29.205149,4.125311,8.168093,-38.887108,-10.531632,-3.8781066,-19.197052
239,3.4919538497924805,13.474093437194824,73.13860321044922,3.160144392087949,0.4434811450948401,-41.238111782342905,-7.1459436,11.199875,-14.65422,33.091125,-18.093351,-15.000033,-35.310265,-26.330454,-4.7957244,63.157978,-6.8618946,10.197719,-5.624696,-8.815305,27.657352,-55.975735,-12.97114,-26.51477,-11.254824,10.663238,8.532605,15.747048,-28.957764,4.348324,8.57427,-38.65843,-10.620407,-3.8382246,-19.216713
240,3.708904981613159,13.465303421020508,72.56444549560547,3.54648983686603,0.18072161239134168,-41.70785931224799,-5.8876743,11.12402,-13.577846,32.32728,-20.445385,-15.000033,-34.721764,-27.420897,-6.6428285,63.639484,-8.944012,9.047516,-5.0345764,-9.221161,27.390081,-55.507156,-13.131123,-26.217072,-11.321185,10.629845,8.449964,16.093239,-28.680044,4.5550904,8.9266815,-38.436043,-10.713529,-3.7732024,-19.180614
241,3.863813638687134,13.43493938446045,72.00758361816406,4.063277421003915,-0.13740132004648978,-42.11814725614418,-4.8570867,10.964653,-12.120965,31.951412,-22.4528,-15.000033,-34.290043,-28.632294,-7.796224,64.20079,-11.326681,8.428452,-4.402181,-9.734004,27.210938,-55.13925,-13.272662,-26.031507,-11.30985,11.143392,8.312068,16.620403,-28.29039,4.749532,9.276411,-38.262314,-10.909839,-3.6566892,-19.094328
242,3.9979238510131836,13.391913414001465,71.49531555175781,4.667786357608965,-0.5005640903011997,-42.509039056491616,-3.998527,10.774368,-10.243237,31.934607,-24.333992,-15.000033,-33.932255,-30.002317,-8.566738,64.805145,-14.026329,8.076672,-3.7350862,-10.332296,27.078133,-54.833282,-13.391743,-25.917068,-11.234671,12.017926,8.153814,17.291586,-27.842148,4.917688,9.589813,-38.082478,-11.112986,-3.50719,-18.958956
243,4.13397216796875,13.353727340698242,71.07518005371094,5.235856268525382,-0.8626678406135884,-42.81181226325045,-3.3271582,10.567879,-8.483717,32.121407,-25.929586,-15.000033,-33.76095,-31.196836,-8.81625,65.502716,-16.303553,8.061176,-3.0935645,-10.8617115,27.020735,-54.563297,-13.484657,-25.885641,-11.142208,12.992524,7.9980903,17.975676,-27.367392,5.059046,9.897969,-37.94899,-11.301606,-3.3623753,-18.805786
244,4.244955539703369,13.35633373260498,70.77793884277344,5.645048431453547,-1.1770909554614222,-42.94691257466387,-2.8619494,10.364687,-7.396081,32.36125,-27.079905,-15.000033,-33.889164,-31.890213,-8.416403,66.35857,-17.429045,8.415877,-2.5548072,-11.180795,27.051777,-54.305065,-13.542633,-25.944723,-11.0717945,13.807226,7.8584857,18.53919,-26.924702,5.1700544,10.209377,-37.891346,-11.425635,-3.26081,-18.659363
245,4.312916278839111,13.361912727355957,70.59931945800781,5.886463571294036,-1.4174720840380963,-42.844684740184576,-2.6492367,10.118316,-7.229297,32.604404,-27.682215,-15.000033,-34.431545,-31.920761,-7.074745,67.434456,-17.049156,9.396137,-2.1698763,-11.27944,27.173143,-54.12323,-13.546244,-26.099874,-10.978598,14.464135,7.720299,18.976702,-26.621332,5.18656,10.413675,-37.86242,-11.288336,-3.2282102,-18.48878
246,4.333925247192383,13.322769165039062,70.51030731201172,6.014896623224961,-1.6126048780432434,-42.56180636659045,-2.6604261,9.853006,-7.654369,32.93559,-27.84364,-15.000033,-35.278652,-31.433933,-4.9547477,68.69097,-15.634121,10.928994,-1.9064623,-11.257966,27.356848,-53.967495,-13.472122,-26.37971,-10.875192,15.092207,7.584201,19.365847,-26.417978,5.051407,10.444713,-37.859425,-10.813089,-3.2412558,-18.279526
247,4.332363605499268,13.230727195739746,70.49234771728516,5.999517478461022,-1.8004304835638347,-42.203395158309476,-2.8043551,9.696561,-8.363639,33.405857,-27.717537,-15.000033,-36.18479,-30.560173,-2.6261744,70.03169,-13.683924,12.560345,-1.6767836,-11.000446,27.616156,-53.721783,-13.363248,-26.726967,-10.920914,15.552719,7.4643335,19.64436,-26.119516,4.888116,10.628016,-38.000523,-10.511622,-3.249815,-18.148127
248,4.316073417663574,13.101130485534668,70.52476501464844,5.819959289600646,-2.020717097906989,-41.87061629990997,-2.9882228,9.765086,-9.052897,34.0556,-27.45199,-15.000033,-36.948944,-29.512989,-0.6511135,71.35157,-11.655522,13.791783,-1.5070795,-10.61193,27.861681,-53.329067,-13.218568,-27.031368,-11.043917,15.781755,7.378501,19.7634,-25.939121,4.7019644,10.720367,-38.021645,-10.238964,-3.2349508,-18.048445
249,4.2825541496276855,12.944868087768555,70.61013793945312,5.3973544368459985,-2.304871463119939,-41.57764617606687,-3.1811428,10.152119,-9.721199,34.929935,-27.077215,-15.000033,-37.580704,-28.350512,0.7481187,72.75201,-9.35644,14.342401,-1.3947048,-10.002033,28.105692,-52.72405,-13.044831,-27.267445,-11.285415,15.646092,7.3324075,19.653425,-25.856274,4.5251656,10.75497,-37.903778,-10.115598,-3.1831534,-17.994438
250,4.22812557220459,12.770514488220215,70.74858093261719,4.759314604059581,-2.622135343736027,-41.27389267239534,-3.4315946,10.781504,-10.504932,35.979332,-26.510136,-15.000033,-38.171215,-26.940195,1.8848315,74.21892,-6.6036315,14.585403,-1.3531866,-9.192183,28.359964,-51.982227,-12.838932,-27.46765,-11.599331,15.235119,7.3160534,19.357933,-25.872158,4.3631687,10.736564,-37.679783,-10.077923,-3.1147661,-17.963442
251,4.161311149597168,12.567310333251953,70.93648529052734,4.034446184435676,-2.917549921891878,-40.969038034006395,-3.7747085,11.5291,-11.313629,37.123196,-25.743355,-15.000033,-38.677906,-25.251926,2.9871635,75.47966,-3.8577106,14.917768,-1.3562708,-8.322314,28.597322,-51.197926,-12.605169,-27.66901,-11.93622,14.781294,7.322459,18.999199,-25.969814,4.2222333,10.691484,-37.404774,-10.05413,-3.0450733,-17.951416
252,4.053648948669434,12.324886322021484,71.17398834228516,3.3166763960253594,-3.1292261821397456,-40.69370423584129,-4.2411294,12.321062,-12.055443,38.270653,-24.762234,-15.000033,-39.047176,-23.424355,4.004097,76.265594,-1.6101037,15.000033,-1.3576721,-7.503355,28.785746,-50.46929,-12.353255,-27.909801,-12.240035,14.518905,7.340322,18.698792,-26.1304,4.1078176,10.644437,-37.13954,-9.972952,-2.989325,-17.95353
253,3.903836727142334,12.045665740966797,71.44918823242188,2.627192112987814,-3.2516060318919973,-40.471100911541804,-4.8079743,13.145173,-12.708718,39.38565,-23.51407,-15.000033,-39.262848,-21.357096,5.097651,76.55937,0.009507686,15.000033,-1.2660306,-6.6637583,28.973518,-49.77111,-12.1268425,-28.261566,-12.581548,14.516535,7.3676734,18.49097,-26.032244,4.1973953,10.980372,-37.160637,-10.293751,-2.9419484,-18.068676
254,3.7366411685943604,11.7406644821167,71.7544174194336,1.940120827494546,-3.338478049868701,-40.25847643243166,-5.4350233,13.99752,-13.34644,40.494396,-22.004843,-15.000033,-39.317577,-19.097832,6.2638125,76.506096,1.2049142,15.000033,-1.3037798,-6.0587106,29.045828,-49.18645,-11.846441,-28.522835,-12.646082,14.708036,7.409156,18.301014,-26.52584,4.17867,10.699511,-36.66884,-9.906388,-2.931319,-18.047241
255,3.555023193359375,11.40780258178711,72.0788803100586,1.2889221350187021,-3.411778391905606,-39.97493997506744,-6.145281,14.790328,-14.030898,41.61798,-20.315458,-15.000033,-39.16927,-16.9502,7.3942513,76.08075,1.9910948,15.000033,-1.3878134,-5.4592595,29.150208,-48.615425,-11.5594425,-28.843391,-12.789815,14.936062,7.4590707,18.11532,-26.952715,4.1527486,10.531834,-36.32399,-9.614141,-2.9159787,-18.066881
256,3.3696484565734863,11.055681228637695,72.41021728515625,0.7156574308861823,-3.481509877397165,-39.55217883838693,-6.9766326,15.431579,-14.806615,42.787243,-18.530617,-15.000033,-38.818832,-15.200949,8.408821,75.26556,2.4204597,15.000033,-1.6080247,-4.9520497,29.263124,-48.124496,-11.265154,-29.16813,-12.956823,15.119484,7.511085,17.904684,-27.457582,4.094307,10.347212,-36.00372,-9.267556,-2.8948162,-18.04946
257,3.1742756366729736,10.692290306091309,72.73876953125,0.21985236049066315,-3.530570204674659,-38.96749508225081,-8.004517,15.871641,-15.794599,44.070778,-16.565931,-15.000033,-38.275455,-13.81101,9.375723,73.999016,2.374675,15.000033,-1.9248923,-4.4552736,29.42206,-47.701496,-10.996437,-29.56325,-13.241625,15.226315,7.599958,17.66602,-27.783562,4.124447,10.458257,-35.947247,-9.187473,-2.8606606,-18.074938
258,2.9889867305755615,10.300137519836426,73.06026458740234,-0.19331425951205147,-3.5535585009435513,-38.261194490519124,-9.194228,16.12212,-16.932705,45.439453,-14.408237,-15.000033,-37.56653,-12.6782255,10.39752,72.33015,1.8867413,15.000033,-2.4388945,-4.1900516,29.51813,-47.419655,-10.700978,-29.891983,-13.37816,15.352741,7.717366,17.403234,-28.51798,4.019266,10.17062,-35.602043,-8.5675125,-2.841486,-17.979805
259,2.802191972732544,9.903985023498535,73.36538696289062,-0.5068570414587648,-3.5561024018257585,-37.47525233293152,-10.455273,16.240643,-17.979845,46.8043,-12.269326,-15.000033,-36.749294,-11.960553,11.380035,70.38079,1.2881094,15.000033,-2.9373186,-3.8817747,29.67061,-47.13108,-10.443354,-30.32168,-13.697547,15.433148,7.7894745,17.131826,-28.940725,4.005162,10.280299,-35.634617,-8.47437,-2.7950745,-17.960524
260,2.616053819656372,9.519868850708008,73.64741516113281,-0.7045505409167176,-3.549055961420091,-36.6571723524336,-11.694005,16.315313,-18.677757,48.063637,-10.355455,-15.000033,-35.882183,-11.806582,12.18825,68.257355,0.9250956,15.000033,-3.5225258,-3.7551358,29.758255,-46.9171,-10.182454,-30.676983,-13.919042,15.516347,7.7440553,16.843933,-29.648853,3.9196396,10.123791,-35.470726,-8.253635,-2.7380667,-17.80527
261,2.4441938400268555,9.142247200012207,73.90554809570312,-0.7102023376255013,-3.5090539121136386,-35.80916201072459,-12.886477,16.215427,-19.043608,49.138504,-8.653725,-15.000033,-35.07724,-12.552935,12.584695,65.93697,0.8362313,15.000033,-4.133442,-3.7684896,29.793802,-46.725464,-9.935425,-31.041124,-14.176644,15.554759,7.5419173,16.511158,-30.394035,3.785555,9.958319,-35.343697,-8.266777,-2.6541498,-17.56826
262,2.292971611022949,8.774003982543945,74.12818908691406,-0.5745765434700221,-3.441441193344469,-34.91744069990033,-14.091213,16.001453,-19.158302,50.11445,-7.082601,-15.000033,-34.280293,-13.976232,12.599841,63.36336,0.8648115,15.000033,-4.793028,-3.905358,29.793802,-46.591286,-9.702364,-31.40399,-14.437183,15.565069,7.2289495,16.14157,-31.220642,3.5873573,9.733637,-35.22963,-8.372315,-2.5522923,-17.253258
263,2.1431758403778076,8.391715049743652,74.30380249023438,-0.4872632034419851,-3.37394694074403,-34.006970351557975,-15.376623,16.061487,-18.90993,51.151276,-5.7607985,-15.000033,-33.32054,-15.3711605,12.522292,60.59436,1.0628734,15.000033,-5.443195,-3.9492946,29.793802,-46.454666,-9.49766,-31.773191,-14.748951,15.571821,6.857405,15.810117,-32.01432,3.3671014,9.559714,-35.21973,-8.595627,-2.4348264,-16.947172
264,1.9821637868881226,7.976297378540039,74.42461395263672,-0.6288507426126082,-3.331628999108618,-33.111877655274725,-16.802818,16.763853,-18.226866,52.406963,-4.825338,-15.000033,-32.044304,-16.053825,12.742757,57.699734,1.5040336,15.000033,-6.0693693,-3.7680483,29.793802,-46.28503,-9.319033,-32.100163,-15.071269,15.617717,6.4794345,15.586871,-32.852432,3.100727,9.329743,-35.215313,-8.695888,-2.3113005,-16.67746
265,1.8276389837265015,7.532594203948975,74.47803497314453,-1.1055360065530964,-3.325117335049237,-32.26314887987695,-18.464632,18.511635,-16.905407,54.020214,-4.437986,-15.000033,-30.394932,-15.677064,13.647015,54.608597,2.577146,15.000033,-6.658511,-3.2409184,29.793802,-46.051407,-9.175525,-32.37761,-15.419544,15.700885,6.074903,15.521694,-33.72656,2.7865608,9.095732,-35.20133,-8.656173,-2.191737,-16.480234
266,1.688554286956787,7.04859733581543,74.45955657958984,-1.8135719545487008,-3.372101652683808,-31.488430278683758,-20.197865,21.089407,-15.113804,55.876987,-4.6247454,-15.000033,-28.459879,-14.644068,15.061723,51.33991,4.1238313,15.000033,-7.184056,-2.467161,29.793802,-45.765816,-9.073319,-32.61134,-15.774572,15.80279,5.6257625,15.565167,-34.639812,2.4253466,8.849832,-35.157127,-8.533625,-2.0702536,-16.323809
267,1.5584428310394287,6.529743194580078,74.37821960449219,-2.593473703368889,-3.489552451583534,-30.779874031808852,-21.72882,23.85957,-13.3183,57.746746,-5.229923,-15.000033,-26.311827,-13.437786,16.581081,48.078617,5.4095974,15.000033,-7.6043754,-1.6037074,29.793802,-45.420513,-9.017514,-32.82196,-16.123917,15.928668,5.186709,15.643666,-35.53755,2.0368845,8.569185,-35.118637,-8.406858,-1.9246415,-16.186348
268,1.4772943258285522,6.032034873962402,74.25196838378906,-2.8835255044819834,-3.6367333824347017,-29.92758840249321,-22.935183,25.861712,-11.142921,59.333603,-5.845876,-13.050341,-24.075539,-13.04325,17.904087,45.025227,5.6234446,15.000033,-8.057826,-1.2186203,29.793802,-45.096973,-8.991995,-33.042618,-16.452358,16.107998,4.8170824,15.680956,-36.39023,1.6172096,8.168975,-35.21436,-8.310979,-1.7329432,-16.02282
269,1.3991585969924927,5.511745929718018,74.06211853027344,-3.2909086909930103,-3.819961978158794,-29.030635957451345,-23.861567,27.114487,-10.144595,60.694607,-6.391816,-12.14071,-21.39615,-12.736586,18.6123,41.797836,4.573915,15.000033,-8.469043,-0.72589755,29.771856,-44.70316,-9.002773,-33.25659,-16.765114,16.26934,4.5197377,15.677442,-37.184055,1.1883798,7.6859407,-35.372116,-8.255108,-1.4831983,-15.850648
270,1.3330484628677368,4.947754859924316,73.80064392089844,-3.80404314558188,-4.018167292146271,-28.080659440116882,-24.667494,27.893097,-9.919439,61.939156,-6.945972,-12.110554,-18.3221,-12.318843,19.101124,38.361423,2.7170918,15.000033,-8.884646,-0.13087687,29.593676,-44.158,-9.060477,-33.445087,-17.041468,16.407084,4.261705,15.666198,-37.945614,0.7676895,7.1397576,-35.44745,-8.203751,-1.194775,-15.684919
271,1.2677714824676514,4.365582466125488,73.46144104003906,-4.280833633306018,-4.206196228979036,-27.06432452327231,-25.421465,28.375397,-9.82945,63.11698,-7.540632,-12.420937,-15.315136,-11.96724,19.341208,35.190655,0.44267485,15.000033,-9.300888,0.4352104,29.35216,-43.590298,-9.15772,-33.615273,-17.279211,16.651224,4.0557733,15.6274,-38.71913,0.34355718,6.4884334,-35.492413,-8.189864,-0.88030976,-15.483836
272,1.2019245624542236,3.837869644165039,73.09227752685547,-4.594117360732817,-4.306701361048077,-26.011197806571683,-26.229727,28.811045,-9.235091,64.28545,-8.213733,-12.526169,-12.944616,-11.891918,19.129364,32.826088,-1.90237,15.000033,-9.686811,0.8854224,29.00647,-43.042774,-9.28681,-33.774105,-17.488523,17.111141,3.9085047,15.544051,-39.530582,-0.094793804,5.717035,-35.485645,-8.252666,-0.5554553,-15.2216835
273,1.1298620700836182,3.3662874698638916,72.6966552734375,-4.672233669128311,-4.226555687189749,-24.95186758826504,-27.121918,29.09283,-8.0150795,65.46477,-8.979028,-12.527165,-11.576118,-12.25354,18.057144,31.665709,-4.440444,15.000033,-9.987917,1.1792326,28.44352,-42.526253,-9.444112,-33.9233,-17.668287,17.850399,3.8340254,15.392464,-40.380543,-0.5599843,4.773075,-35.441914,-8.422343,-0.2076221,-14.832812
274,1.0603890419006348,2.947789192199707,72.27862548828125,-4.6121860485186446,-4.020109877374319,-23.884960036363786,-28.03677,29.195642,-6.473305,66.61913,-9.818008,-12.63607,-10.87089,-12.9044895,16.201527,31.398409,-7.3078146,15.000033,-10.212692,1.4014267,27.71268,-42.01301,-9.631172,-34.065456,-17.828903,18.797798,3.8219056,15.188962,-41.24565,-1.0544146,3.693714,-35.378193,-8.68191,0.164579,-14.353256
275,1.000528335571289,2.5811893939971924,71.85507202148438,-4.550800480779409,-3.823555758745545,-22.80613305094889,-28.913883,29.529737,-4.6232862,67.7189,-10.717945,-12.473085,-10.359761,-13.617904,14.003792,31.486347,-10.145157,15.000033,-10.423644,1.6511735,27.011759,-41.492382,-9.842068,-34.194263,-17.990826,19.861038,3.8426325,14.97592,-42.13485,-1.5815657,2.5748887,-35.259266,-8.961428,0.52814406,-13.902795
276,0.9454343318939209,2.261575222015381,71.43419647216797,-4.624273419974767,-3.765437362270692,-21.71924767039195,-29.669247,30.500566,-2.4807296,68.74349,-11.684629,-11.665025,-9.59101,-14.132261,11.95934,31.366108,-12.580703,15.000033,-10.678359,2.024687,26.532972,-40.945877,-10.064465,-34.303413,-18.18391,20.94678,3.8689609,14.796294,-43.063213,-2.1423473,1.5246818,-35.046356,-9.197466,0.85225856,-13.6044445
277,0.8949922323226929,1.98252272605896,71.03754425048828,-4.928430540799397,-3.9297244835719027,-20.572514299965164,-30.203768,32.58208,0.32460353,69.758026,-12.929187,-9.83186,-8.371171,-14.34779,10.0473995,30.885803,-14.58952,15.000033,-11.034995,2.5986707,26.375761,-40.317917,-10.290615,-34.37658,-18.46245,22.202198,3.9108078,14.661877,-44.111065,-2.743388,0.5537098,-34.660496,-9.369425,1.1092569,-13.541423
278,0.8549017906188965,1.7364171743392944,70.6949462890625,-5.3625933915176605,-4.229206794307929,-19.37763526348762,-30.414383,35.402134,3.7356706,70.76429,-14.524644,-7.3075633,-6.972357,-14.406384,8.064346,30.338938,-16.345512,15.000033,-11.459221,3.2843442,26.43063,-39.622757,-10.515032,-34.420193,-18.814331,23.618132,3.9774542,14.547749,-45.25616,-3.3880615,-0.37137955,-34.137184,-9.511503,1.3234951,-13.634805
279,0.7915880680084229,1.5100425481796265,70.42882537841797,-5.777281357230607,-4.526240099679071,-18.245142509250442,-30.339811,38.101406,7.0579014,71.64257,-16.178223,-4.773553,-5.6631002,-14.40286,6.257227,29.814543,-17.761932,15.000033,-11.863071,3.9437442,26.562365,-38.94351,-10.723602,-34.46057,-19.172377,24.86386,4.0429473,14.445021,-46.363678,-4.0653653,-1.2201167,-33.608406,-9.63483,1.543153,-13.763125
280,0.7176647186279297,1.3240816593170166,70.2618179321289,-6.0342709247390625,-4.686525660551159,-17.29367378382378,-30.246723,39.880043,9.504232,72.25717,-17.414713,-2.8406975,-4.702728,-14.447292,4.8743,29.410503,-18.760126,15.000033,-12.154288,4.4607606,26.625965,-38.356785,-10.895284,-34.524162,-19.47888,25.607208,4.082177,14.34726,-47.3006,-4.751294,-1.9670099,-33.20437,-9.755615,1.8160548,-13.803753
281,0.6523107886314392,1.2001111507415771,70.18965911865234,-6.1141895789842495,-4.642402005546364,-16.56438969096821,-30.425554,40.58724,10.78816,72.54584,-18.004297,-1.4634306,-4.2303877,-14.550951,4.043038,29.199177,-19.276371,15.000033,-12.311927,4.83373,26.575468,-37.846466,-11.000781,-34.613365,-19.756805,25.680788,4.065914,14.256163,-48.083977,-5.4285326,-2.6202104,-32.96729,-9.921859,2.2083626,-13.7140045
282,0.5943900346755981,1.1319177150726318,70.20095825195312,-6.089418843490688,-4.479464505544415,-15.99556162204886,-30.810558,40.6614,11.303781,72.57836,-18.135044,-0.34708086,-4.0859756,-14.683465,3.6149487,29.11476,-19.365084,15.000033,-12.394276,5.117573,26.48573,-37.35827,-11.024905,-34.715996,-20.057083,25.283106,4.018525,14.17716,-48.78155,-6.0897713,-3.183418,-32.8137,-10.118699,2.6756642,-13.55738
283,0.5574197173118591,1.1078721284866333,70.27133178710938,-5.965652846320449,-4.2978539817988946,-15.556327636122232,-31.237494,40.239254,11.229709,72.41303,-17.87148,0.31777033,-4.0761986,-14.889716,3.4307349,29.06566,-19.15611,15.000033,-12.4191,5.2899394,26.389996,-36.92283,-10.975113,-34.8319,-20.349876,24.63064,3.9953408,14.110426,-49.332623,-6.7231407,-3.6451156,-32.688972,-10.258068,3.0996304,-13.369779
284,0.539063036441803,1.1457654237747192,70.39691925048828,-5.749852383375306,-4.196338370727583,-15.215841487416137,-31.518179,39.447903,10.749192,72.106674,-17.295458,0.32899567,-4.0071716,-15.215941,3.3185732,28.946453,-18.74185,15.000033,-12.400595,5.327821,26.320528,-36.585064,-10.877874,-34.959183,-20.581808,23.945957,4.0501447,14.056748,-49.675674,-7.314205,-3.9958422,-32.540844,-10.253787,3.3621461,-13.187676
285,0.5334233641624451,1.232442855834961,70.57647705078125,-5.389089433009344,-4.2262822293339815,-14.975250399485263,-31.548584,38.222313,9.855614,71.66291,-16.341803,-0.44984707,-3.7896936,-15.732838,3.2653239,28.706661,-18.147047,15.000033,-12.326534,5.1555076,26.29794,-36.358685,-10.759,-35.098274,-20.685322,23.188974,4.2002325,14.047405,-49.76825,-7.858774,-4.2546473,-32.363014,-10.038057,3.390455,-13.015241
286,0.5408675670623779,1.3486615419387817,70.81201934814453,-4.894951060020626,-4.326342049005515,-14.846621035876264,-31.40796,36.50512,8.474889,71.05359,-15.034595,-1.9079727,-3.5491743,-16.40284,3.3499608,28.412659,-17.318638,15.000033,-12.190173,4.803626,26.296642,-36.246887,-10.628482,-35.24409,-20.666649,22.28068,4.414278,14.072227,-49.64314,-8.3549185,-4.4350634,-32.19292,-9.6741705,3.2613523,-12.8327265
287,0.5701766610145569,1.4973360300064087,71.07839965820312,-4.372719199219384,-4.42551354188952,-14.815708166489253,-31.173418,34.434692,6.685132,70.29074,-13.612497,-3.8789778,-3.4036674,-17.101198,3.5500505,28.142675,-16.26891,15.000033,-12.011014,4.4088826,26.279604,-36.286182,-10.48928,-35.381527,-20.577044,21.38233,4.6739316,14.068806,-49.34978,-8.789678,-4.521304,-32.03596,-9.272786,3.080439,-12.63918
288,0.6129035949707031,1.6878306865692139,71.37527465820312,-3.9292479443490804,-4.45447131285989,-14.86873833307443,-30.921618,32.167797,4.567085,69.387276,-12.307961,-6.1826754,-3.4571671,-17.694027,3.852568,27.972563,-15.034441,15.000033,-11.811686,4.105754,26.209635,-36.50924,-10.338487,-35.492264,-20.470058,20.656433,4.9626875,13.972492,-48.93804,-9.143227,-4.493557,-31.900776,-8.946527,2.9524388,-12.433057
289,0.676916241645813,1.9220212697982788,71.6997299194336,-3.5948307520338223,-4.4002371220559375,-14.987554807940139,-30.66349,29.394175,1.7215297,68.26243,-11.126798,-9.139846,-3.6608775,-18.158468,4.2324195,27.82451,-13.573404,15.000033,-11.612315,3.928611,26.065416,-36.90351,-10.175301,-35.57748,-20.353014,20.160358,5.294047,13.751765,-48.360607,-9.394414,-4.3152466,-31.79246,-8.720291,2.914039,-12.2124
290,0.7339001893997192,2.1881322860717773,72.03780364990234,-3.312199009050084,-4.304184764077047,-15.191337055308603,-30.200092,26.184105,-1.7195626,66.95556,-10.169308,-12.721386,-3.9733214,-18.55904,4.7151823,27.69179,-11.893657,15.000033,-11.398067,3.794482,25.875555,-37.46228,-9.997992,-35.6364,-20.19045,19.806255,5.67155,13.443632,-47.594673,-9.539424,-4.008684,-31.72147,-8.5444355,2.9042284,-11.9718
291,0.7852920293807983,2.5021114349365234,72.38848876953125,-2.9377749971073204,-4.142610489282346,-15.460135814470531,-29.496914,23.286295,-4.5046372,65.61493,-9.571824,-15.000033,-4.5449295,-19.070549,5.3463845,27.764065,-10.066734,15.000033,-11.185741,3.5617247,25.630821,-38.21916,-9.796902,-35.659386,-19.988596,19.536497,6.0638003,13.085588,-46.721546,-9.587668,-3.6387174,-31.708519,-8.424392,2.881049,-11.709135
292,0.8327624797821045,2.8826682567596436,72.76100158691406,-2.2907208638848506,-3.892637363758239,-15.767659910722694,-28.705374,21.235445,-5.6605144,64.333855,-9.158925,-15.000033,-5.541089,-19.899643,6.198156,28.25382,-8.18287,15.000033,-11.000756,3.0459635,25.315315,-39.198074,-9.55876,-35.64782,-19.76796,19.292124,6.439717,12.716685,-45.829033,-9.553448,-3.2732263,-31.7671,-8.359096,2.8032537,-11.4267645
293,0.8734959363937378,3.279252290725708,73.12288665771484,-1.8080404600013302,-3.6000887303500306,-16.29669872456454,-27.964413,20.370699,-5.966386,63.254673,-8.877859,-15.000033,-6.9378443,-20.412033,7.3606453,29.093359,-6.0625305,15.000033,-10.677965,2.6725466,25.047907,-40.415115,-9.282605,-35.598164,-19.54699,19.091784,6.799358,12.32528,-44.93871,-9.450974,-2.9011633,-31.856636,-8.377642,2.6404333,-11.074662
294,0.9203899502754211,3.6823668479919434,73.48162841796875,-1.4484309371797404,-3.244612978024846,-16.989899953578874,-27.289972,20.272278,-5.72071,62.278275,-8.656131,-15.000033,-8.6710615,-20.673042,8.765583,30.192327,-3.7094674,15.000033,-10.26888,2.4042113,24.790749,-41.840336,-8.970916,-35.528343,-19.327347,18.95502,7.155161,11.89841,-44.003277,-9.283615,-2.4928489,-31.984667,-8.464891,2.421428,-10.673422
295,0.9546070098876953,4.099447250366211,73.82572174072266,-1.2153758608809295,-2.8854659489873855,-17.853529461500298,-26.593578,20.769339,-5.1445603,61.396084,-8.505005,-15.000033,-10.622878,-20.685354,10.228042,31.46876,-1.3124751,15.000033,-9.778278,2.209848,24.602377,-43.436333,-8.616595,-35.446007,-19.10315,18.805986,7.5000305,11.476941,-43.073044,-9.04651,-2.073054,-32.16649,-8.549458,2.1975293,-10.326538
296,0.9760091304779053,4.527883052825928,74.15459442138672,-1.1072720653296473,-2.5911564974041172,-18.90147570069114,-25.766582,21.703575,-4.4532695,60.601177,-8.461995,-15.000033,-12.682467,-20.468319,11.565122,32.861225,0.93061525,15.000033,-9.204919,2.0535848,24.549469,-45.163963,-8.204367,-35.358208,-18.871052,18.566727,7.8281817,11.103635,-42.20579,-8.730054,-1.6635566,-32.408833,-8.560119,2.0204794,-10.135004
297,0.9935237169265747,4.952419281005859,74.4496078491211,-1.1864389664245596,-2.399829704226015,-20.206625114173352,-24.77348,23.36541,-3.519347,59.991264,-8.630719,-15.000033,-14.881462,-19.898651,12.852183,34.41952,3.1584115,15.000033,-8.49359,1.9954072,24.701035,-47.05085,-7.716163,-35.277714,-18.65336,18.289316,8.163831,10.754835,-41.422962,-8.324993,-1.2561679,-32.70653,-8.48758,1.8970952,-10.130461
298,1.0073202848434448,5.360416889190674,74.70563507080078,-1.4293699179968093,-2.28488814979578,-21.748775953026176,-23.606112,25.744213,-2.2043855,59.5384,-9.013676,-15.000033,-17.22703,-18.99092,14.114826,36.161926,5.4117303,15.000033,-7.6600723,2.0310078,25.019403,-49.084435,-7.1448746,-35.213326,-18.472054,17.987865,8.502172,10.423081,-40.701645,-7.8264427,-0.8298604,-33.050854,-8.370484,1.801813,-10.256539
299,1.0225558280944824,5.76326847076416,74.91075134277344,-1.6966623463883184,-2.2092772113359316,-23.393317742929238,-22.230543,28.208963,-0.74203837,59.04294,-9.461489,-15.000033,-19.595953,-18.016983,15.123626,37.985287,7.3297386,15.000033,-6.815539,2.020263,25.404526,-51.172817,-6.492903,-35.159126,-18.318373,17.524677,8.79567,10.174803,-40.032185,-7.2303524,-0.3863277,-33.451992,-8.211312,1.7380921,-10.482087
300,1.0527005195617676,6.168686866760254,75.06346130371094,-1.8460451525940558,-2.1132353083832247,-24.98528038907228,-20.706379,30.089088,0.5486168,58.31181,-9.746526,-15.000033,-21.909134,-17.28367,15.6785,39.802544,8.534912,15.000033,-6.0887074,1.8159698,25.740181,-53.230125,-5.769209,-35.102062,-18.173567,16.765482,8.9968195,10.076349,-39.400715,-6.532871,0.07008991,-33.918404,-8.013654,1.7090383,-10.776496
301,1.082824945449829,6.587149143218994,75.15544891357422,-1.7754471943798824,-1.9761570997043836,-26.512630552942554,-19.053442,31.188725,1.6912998,57.309765,-9.766798,-14.690512,-24.216349,-16.957716,15.798993,41.60985,8.723487,15.000033,-5.47757,1.3054925,25.999289,-55.35237,-4.959316,-35.064346,-18.01184,15.617471,9.120879,10.119152,-38.746014,-5.7194996,0.5401919,-34.50647,-7.7681003,1.7346467,-11.205131
302,1.1199870109558105,6.999418258666992,75.17372131347656,-1.671989236366668,-1.8550796586764944,-28.081111281127207,-17.26341,31.933445,2.6181154,56.1579,-9.6464405,-14.553172,-26.514767,-16.762804,15.562315,43.46357,8.135728,15.000033,-4.9044514,0.66856736,26.275501,-57.543324,-4.0555477,-35.04533,-17.84781,14.170811,9.180763,10.277075,-38.109745,-4.7891827,1.0342084,-35.174866,-7.473255,1.8037102,-11.754646
303,1.1623021364212036,7.414978981018066,75.12022399902344,-1.5709732157398846,-1.7265444253294255,-29.580690659713735,-15.473106,32.332012,3.1790588,54.846893,-9.400518,-14.773989,-28.764032,-16.710247,14.962183,45.39915,7.1789613,15.000033,-4.488183,-0.041488614,26.536243,-59.59233,-3.092307,-34.983704,-17.707037,12.568844,9.119888,10.580804,-37.595448,-3.7566922,1.5700653,-35.83144,-7.176621,1.875477,-12.287736
304,1.2048087120056152,7.831775188446045,75.00292205810547,-1.417359320336298,-1.5442266011701244,-30.86177819694871,-13.83668,32.316895,3.386478,53.35121,-9.04023,-15.000033,-30.9639,-16.926891,14.0514555,47.4588,6.261452,15.000033,-4.3704233,-0.85095185,26.71181,-61.31484,-2.133025,-34.79733,-17.579973,10.961789,8.879291,11.05276,-37.29375,-2.647379,2.1461368,-36.389477,-6.92315,1.9118168,-12.669424
305,1.2581183910369873,8.256842613220215,74.81668853759766,-1.1614715284190087,-1.2794169818838346,-31.89332705295323,-12.4542885,31.731407,3.105797,51.6637,-8.313101,-15.000033,-33.207653,-17.583384,12.733723,49.72432,5.365843,15.000033,-4.5719805,-1.805436,26.76164,-62.80621,-1.2200925,-34.444614,-17.380688,9.294138,8.413839,11.631814,-37.17802,-1.4631791,2.7347689,-36.905457,-6.692712,1.9406703,-12.817527
306,1.3354706764221191,8.68384838104248,74.56429290771484,-0.8457787431581135,-0.9866488149576782,-32.743553587737466,-11.21179,30.68088,2.3194947,49.796577,-7.3112063,-15.000033,-35.42378,-18.615343,11.062403,52.162804,4.2768574,15.000033,-5.0119996,-2.8704495,26.729815,-64.172035,-0.3729721,-33.946995,-17.056551,7.537088,7.7534714,12.305605,-37.20218,-0.20483597,3.3132675,-37.410164,-6.466863,1.9719429,-12.820884
307,1.429444670677185,9.093766212463379,74.25341796875,-0.4825949454484577,-0.7185831188307655,-33.397929907712,-9.956807,29.40716,1.3210618,47.73734,-6.543234,-15.000033,-37.43358,-19.84509,9.36606,54.642643,3.1523302,15.000033,-5.6837573,-4.0100675,26.641106,-65.25186,0.36511824,-33.31212,-16.639975,5.882683,6.95077,13.171955,-37.420834,1.0931356,3.8822818,-37.77696,-6.2949276,1.9426364,-12.805132
308,1.5343570709228516,9.49449348449707,73.8814697265625,-0.08349245052405867,-0.509819923450417,-33.86249614639704,-8.553862,28.128824,0.4060209,45.45779,-6.497086,-15.000033,-39.11055,-21.049671,7.957237,57.018093,2.2020273,15.000033,-6.549479,-5.17512,26.51195,-65.89665,0.9303748,-32.55291,-16.165087,4.521294,6.0585313,14.337585,-37.871872,2.3802505,4.4448905,-37.898415,-6.2268376,1.7910093,-12.906939
309,1.6599200963974,9.8961763381958,73.43732452392578,0.3956504842859956,-0.33185060630742597,-34.11982412129738,-6.8552465,26.69999,-0.5080148,42.623894,-7.35041,-15.000033,-40.53582,-22.132318,6.9951124,59.347095,1.7152928,15.000033,-7.653306,-6.3822727,26.305195,-66.11334,1.2422448,-31.658386,-15.503893,3.565559,5.019277,15.918098,-38.597298,3.6363664,5.013477,-37.749237,-6.2625356,1.4421631,-13.216767
310,1.8098024129867554,10.290250778198242,72.95416259765625,0.9363640218934799,-0.18834020867630907,-34.225025076170304,-4.9150133,25.030136,-1.6387303,39.306526,-8.7991085,-15.000033,-41.77004,-23.142794,6.2885947,61.662598,1.5586693,15.000033,-8.9133,-7.6153965,26.024805,-66.0553,1.2484521,-30.64257,-14.599428,2.918471,3.8329525,17.827234,-39.525604,4.8598366,5.541841,-37.427647,-6.36683,0.9513945,-13.657226
311,1.973768711090088,10.65330982208252,72.42920684814453,1.437538215437499,-0.129187161617096,-34.26601346651108,-2.9678915,23.42742,-2.8153365,36.10417,-10.611899,-15.000033,-42.68801,-24.081417,5.5721364,63.78686,1.3198179,15.000033,-10.129203,-8.783897,25.736189,-65.7813,0.9396182,-29.55972,-13.617569,2.4460723,2.6394517,19.880224,-40.537476,6.016016,5.9493623,-37.00439,-6.5272975,0.452622,-14.114094
312,2.14591646194458,10.962576866149902,71.88048553466797,1.8164953183371828,-0.1739575676576897,-34.27598754125269,-1.3470429,22.22242,-3.7240016,33.68831,-12.586331,-15.000033,-43.169605,-25.032446,4.5634284,65.54715,0.5738518,15.000033,-11.157901,-9.812604,25.494473,-65.308,0.34476164,-28.456028,-12.781334,1.9965583,1.5680053,21.893684,-41.52462,7.0455265,6.1674376,-36.543747,-6.7177124,0.07971551,-14.478648
313,2.291868209838867,11.222683906555176,71.29698181152344,2.0034154268742195,-0.3192680862469605,-34.15442609826528,-0.26854268,21.605995,-4.148943,32.359154,-14.857525,-15.000033,-43.023697,-26.06062,2.9556077,66.89183,-0.84182686,15.000033,-12.103409,-10.644849,25.313808,-64.58072,-0.5408134,-27.314293,-12.13544,1.3743645,0.63574064,24.046396,-42.55767,7.902499,6.1801295,-36.00724,-6.9518037,-0.09996005,-14.761536
314,2.4241867065429688,11.452300071716309,70.7053451538086,2.0725837062496786,-0.5309209163872968,-33.884585990479465,0.41618195,21.370003,-4.1776223,31.77078,-17.482014,-15.000033,-42.35244,-27.152824,0.8884943,67.91718,-2.684925,14.943529,-13.01365,-11.334164,25.169771,-63.610687,-1.739512,-26.159794,-11.611009,0.7010926,-0.23166782,26.367321,-43.638607,8.576682,6.035006,-35.416462,-7.218918,-0.16620792,-15.025917
315,2.5361859798431396,11.615876197814941,70.12663269042969,2.08180786586968,-0.7353366064320207,-33.670585805662135,0.9008132,21.383797,-3.8169417,31.58159,-20.098545,-15.000033,-41.497475,-28.322117,-1.5172279,68.63956,-4.7587814,14.143753,-13.631016,-11.891702,25.03982,-62.463383,-3.208754,-25.07831,-11.314015,0.28472468,-1.030794,28.452864,-44.564644,9.060817,5.778529,-34.92075,-7.4626856,-0.20740728,-15.238836
316,2.6252901554107666,11.741786003112793,69.57465362548828,2.2587180842015533,-0.9246788012425161,-33.60857593421051,1.4231101,21.267479,-3.1705096,31.418058,-22.32779,-15.000033,-40.814713,-29.490644,-3.4259386,69.13323,-6.911124,13.396754,-13.816515,-12.493357,24.911213,-61.14635,-4.8504744,-24.130007,-11.402477,0.414438,-1.734233,29.908659,-45.154556,9.351267,5.4688377,-34.637283,-7.6262293,-0.3116398,-15.368463
317,2.69107985496521,11.835456848144531,69.07743072509766,2.7362541844371457,-1.1127404030791646,-33.64928923996447,1.9953494,20.895607,-2.1173735,31.231045,-24.112892,-15.000033,-40.326687,-30.95,-4.830629,69.301445,-9.44502,12.567745,-13.5932455,-13.30137,24.801046,-59.367687,-6.633784,-23.263168,-12.273672,1.2044302,-2.3722634,30.64758,-45.44815,9.457977,5.0799346,-34.56857,-7.6297674,-0.530104,-15.441722
318,2.7512948513031006,11.892385482788086,68.64946746826172,3.408712566581718,-1.31000602580994,-33.7462358777852,2.5063837,20.421118,-0.65134305,31.210468,-25.644411,-15.000033,-39.878532,-32.60048,-5.932782,69.15484,-12.338684,11.701215,-13.064301,-14.232806,24.720728,-57.13772,-8.551669,-22.513548,-13.8204155,2.448738,-2.937036,30.891287,-45.5239,9.38609,4.625562,-34.643494,-7.523616,-0.80706805,-15.463181
319,2.824000597000122,11.940136909484863,68.30261993408203,4.1113557264014355,-1.494672593633862,-34.01580603755665,3.0463367,19.931541,0.946313,31.259401,-26.87734,-15.000033,-39.622303,-33.954082,-6.4893737,68.91421,-14.927376,11.095537,-12.214,-15.05181,24.646664,-54.85211,-10.478009,-22.004396,-15.499394,3.9492471,-3.3430812,30.700035,-45.28294,9.1206875,4.24075,-34.843967,-7.4475,-1.0692024,-15.3724375
320,2.9222517013549805,11.985224723815918,68.04106140136719,4.682657242941109,-1.641543807099573,-34.56655535088638,3.6877136,19.503979,2.3731866,31.309332,-27.778084,-15.000033,-39.724125,-34.5679,-6.2707434,68.80196,-16.542606,11.003461,-11.062116,-15.520238,24.54682,-52.842785,-12.191351,-21.797647,-16.83806,5.493087,-3.5014808,30.13131,-44.654514,8.641913,4.0813856,-35.12852,-7.5312257,-1.243167,-15.122859
321,3.032479763031006,12.026998519897461,67.86246490478516,5.111801129323882,-1.7301589950094929,-35.40902257725639,4.405826,19.107725,3.4549618,31.364927,-28.291302,-15.000033,-40.25076,-34.2769,-5.01108,68.8046,-16.99767,11.717441,-9.629684,-15.61258,24.402966,-50.92192,-13.5090475,-21.958536,-17.968134,6.989597,-3.4035475,29.221495,-43.621758,7.935531,4.23166,-35.473278,-7.860795,-1.2932614,-14.693281
322,3.1310789585113525,12.055195808410645,67.7571792602539,5.473505070071943,-1.7756580756734213,-36.48865134715636,5.177919,18.719301,4.379079,31.4529,-28.44872,-15.000033,-41.068222,-33.3356,-2.9348378,68.831894,-16.683556,13.021063,-7.986541,-15.461271,24.229456,-48.840942,-14.366496,-22.419281,-19.242825,8.5054865,-3.1028993,27.949026,-42.27808,7.0303955,4.6412106,-35.872944,-8.327509,-1.266713,-14.136454
323,3.250791072845459,12.069439888000488,67.71287536621094,5.734597491353257,-1.8069965604281812,-37.81522105184394,6.0818024,18.42367,5.3911753,31.534725,-28.34358,-15.000033,-42.044117,-31.924122,-0.544547,68.99337,-15.790916,14.416602,-6.2299957,-15.071342,24.02328,-46.864002,-14.718256,-22.997179,-20.505898,10.084313,-2.600194,26.282103,-40.725296,5.995996,5.260703,-36.29768,-8.786122,-1.2149705,-13.50834
324,3.388033866882324,12.049887657165527,67.7262954711914,5.828323956956858,-1.8378089831671949,-39.42723799166987,7.188132,18.344799,6.755585,31.58044,-28.073498,-15.000033,-43.105076,-30.223503,1.5464846,69.37732,-14.451131,15.000033,-4.4353476,-14.4222355,23.765223,-45.270096,-14.531114,-23.508064,-21.59152,11.787567,-1.9021602,24.183802,-39.047806,4.9245257,6.0392895,-36.736073,-9.0998535,-1.1878998,-12.85451
325,3.5547025203704834,12.009800910949707,67.7866439819336,5.760119926700169,-1.93617801960094,-41.374085376430884,8.630068,18.47684,8.612914,31.575106,-27.65007,-15.000033,-44.309055,-28.166294,3.4893532,70.155655,-12.513976,15.000033,-2.5256407,-13.476526,23.446722,-44.217915,-13.721255,-23.914198,-22.3837,13.946614,-1.0268277,21.390062,-37.159523,3.870271,6.9657116,-37.159145,-9.299112,-1.1860994,-12.079734
326,3.7453386783599854,11.969915390014648,67.89529418945312,5.597116401126853,-2.104698377490199,-43.60074494672272,10.376063,18.682907,10.787457,31.501076,-27.01212,-15.000033,-45.623558,-25.670696,5.5575023,71.22262,-9.937045,15.000033,-0.5647327,-12.336593,23.04636,-43.523243,-12.2508335,-24.307066,-23.027702,16.458992,-0.034758903,17.99552,-35.07013,2.8572943,8.066411,-37.569885,-9.4564495,-1.1923585,-11.170738
327,3.9466731548309326,11.906064987182617,68.05579376220703,5.3302435269080535,-2.2511920200490776,-46.00333221034808,12.212736,18.955315,13.116827,31.40349,-26.16411,-15.000033,-46.91378,-22.935507,7.3854976,72.22257,-6.982119,15.000033,1.2037089,-11.150958,22.537846,-42.974026,-10.201255,-24.68903,-23.720676,18.748451,1.0605778,14.501118,-32.996353,1.9254345,9.365217,-37.997566,-9.5197315,-1.2258109,-10.29036
328,4.145174980163574,11.801589012145996,68.26215362548828,4.95742512738485,-2.293728223472546,-48.4581764518699,13.923066,19.28636,15.413343,31.331442,-25.113417,-15.000033,-48.07579,-20.271185,8.637929,72.81731,-3.9572115,15.000033,2.5493042,-10.066608,21.924868,-42.41098,-7.725336,-25.012201,-24.586416,20.24789,2.3406157,11.40299,-31.157951,1.1117549,10.881444,-38.452663,-9.447693,-1.3041652,-9.595346
329,4.313469886779785,11.660286903381348,68.51332092285156,4.443451808415375,-2.2069753247288832,-50.99761378610026,15.4783125,19.709538,17.698383,31.303381,-23.78331,-15.000033,-49.212345,-17.880602,9.060052,73.03391,-0.5965373,15.000033,3.4823658,-9.075651,21.184698,-41.820557,-4.9156423,-25.243565,-25.543846,20.77493,4.0618696,8.797014,-29.606586,0.4216626,12.668465,-38.886635,-9.150111,-1.4462082,-9.169832
330,4.47668981552124,11.505511283874512,68.79902648925781,3.810186967826536,-2.055367970745517,-53.65395823062541,16.99105,20.196903,20.046988,31.296427,-22.194157,-15.000033,-50.38627,-15.687072,8.875023,73.01046,3.1467197,15.000033,4.1633224,-8.103623,20.345842,-41.414288,-1.7945961,-25.413412,-26.437048,20.700531,6.188687,6.4393325,-28.18143,-0.1349272,14.736223,-39.319706,-8.780794,-1.6362011,-8.913034
331,4.621211051940918,11.322927474975586,69.10267639160156,3.1454219090202593,-1.8905157919680367,-56.29261756359915,18.440088,20.66918,22.329042,31.317448,-20.50221,-15.000033,-51.428474,-13.571976,8.546041,72.59675,6.599371,15.000033,4.511986,-7.2579765,19.464989,-41.34355,1.600302,-25.51265,-27.208044,20.283031,8.400473,4.3134274,-27.001392,-0.62839633,16.760876,-39.671837,-8.297243,-1.8439728,-8.6363325
332,4.770269393920898,11.09939193725586,69.40620422363281,2.521202790561324,-1.7626253489595343,-58.774427398209816,19.807983,21.07347,24.392542,31.371815,-18.885277,-15.000033,-52.124893,-11.310606,8.598461,71.633644,9.062187,15.000033,4.547725,-6.55416,18.678371,-41.75567,5.1722593,-25.618454,-27.853422,19.734457,10.350019,2.3978124,-25.882227,-1.037113,18.733519,-40.14388,-8.07156,-2.0330873,-8.2398405
333,4.9193902015686035,10.840843200683594,69.70974731445312,1.951618299201704,-1.6539225919043161,-61.08326078322588,21.090528,21.407345,26.249151,31.400936,-17.292383,-15.000033,-52.33481,-8.583253,9.40646,69.93035,10.082215,15.000033,4.2006583,-6.037147,17.938528,-42.621372,8.843954,-25.648867,-28.33946,18.886955,11.9798565,0.59886235,-24.92517,-1.4038707,20.503792,-40.665176,-8.024362,-2.2088292,-7.588704
334,5.07234001159668,10.546040534973145,70.00902557373047,1.406374303758209,-1.5534509048277532,-63.27500539263737,22.30228,21.69868,27.933279,31.419931,-15.678736,-15.000033,-52.16145,-5.5722036,10.782015,67.63784,10.085462,15.000033,3.565176,-5.661717,17.240211,-44.01877,12.57077,-25.706493,-28.552452,17.651772,13.482813,-1.0229223,-24.032164,-1.730539,22.181465,-41.298416,-8.135661,-2.3863025,-6.803087
335,5.23551082611084,10.244403839111328,70.28196716308594,0.8858865583597713,-1.50755979689842,-65.3260396972905,23.44472,21.960737,29.343813,31.52179,-14.186278,-15.000033,-51.75565,-2.758767,12.377538,65.079254,9.714073,15.000033,2.7064216,-5.4259734,16.672173,-46.122227,16.310339,-26.124363,-28.324537,16.51027,14.841488,-2.295789,-23.191736,-2.0205495,23.727373,-42.035416,-8.265701,-2.5485115,-6.040569
336,5.393462181091309,9.929967880249023,70.52234649658203,0.37494523332235635,-1.5540031325501702,-67.22664532922975,24.50974,22.226267,30.381268,31.813185,-12.9882,-15.000033,-51.30712,-0.57088274,13.702563,62.544613,9.679391,15.000033,1.8126591,-5.310933,16.295946,-49.411755,20.079914,-27.235802,-27.330233,15.652764,16.019808,-3.0823843,-22.333326,-2.2990136,24.976917,-42.90474,-8.252837,-2.674971,-5.441877
337,5.5565876960754395,9.610040664672852,70.72019958496094,-0.12318222403737311,-1.6691485105066342,-69.00306943644348,25.469147,22.502766,31.008354,32.30309,-12.144736,-15.000033,-50.945347,0.79398155,14.376029,60.013638,10.160415,15.000033,0.81707823,-5.3076305,16.127821,-53.96656,23.821363,-29.152748,-25.910648,15.598983,17.027935,-3.3568106,-21.489265,-2.573122,26.000015,-43.930782,-8.059134,-2.7482288,-5.059615
338,5.708603382110596,9.277140617370605,70.87886047363281,-0.6132876815141254,-1.8261262296029452,-70.66726353203494,26.313366,22.80528,31.280106,32.953175,-11.583558,-15.000033,-50.571243,1.6592784,14.634003,57.335876,10.819458,15.000033,-0.35328326,-5.410243,16.14354,-59.650288,27.475664,-31.813053,-24.189117,15.974099,17.860788,-3.2192342,-20.703403,-2.8463647,26.85629,-45.09617,-7.7559586,-2.7827642,-4.8133636
339,5.8551411628723145,8.938406944274902,70.9896469116211,-1.1333600270109718,-2.0574211895739896,-72.18537030571612,27.071972,23.187685,31.252796,33.777798,-11.240966,-15.000033,-50.039593,2.4089675,14.88235,54.601814,11.579294,15.000033,-1.773603,-5.5794272,16.40389,-65.95951,30.982016,-35.29126,-22.076662,16.175621,18.435865,-2.6845684,-20.065336,-3.1137788,27.632586,-46.314423,-7.3833323,-2.7968402,-4.675337
340,5.973249435424805,8.591445922851562,71.05989837646484,-1.7051895449766825,-2.395370492040426,-73.5195140109163,27.777021,23.684023,30.980862,34.782207,-11.040913,-15.000033,-49.22024,3.3803592,15.5947075,51.920284,12.377334,15.000033,-3.4787066,-5.774324,16.946316,-72.44298,34.287563,-39.602417,-19.44291,15.602404,18.651169,-1.7650148,-19.66256,-3.3698738,28.368927,-47.46673,-6.9753256,-2.8092928,-4.610454
341,6.075554847717285,8.226940155029297,71.07771301269531,-2.3580551824220684,-2.8700250544961676,-74.66485719325954,28.40607,24.326382,30.361736,36.048435,-10.987777,-15.000033,-48.0348,4.714344,17.101158,49.24174,13.190259,15.000033,-5.4369173,-5.988266,17.830591,-79.50253,37.39302,-44.89861,-16.451912,13.787458,18.409348,-0.12764946,-19.5334,-3.6298847,28.941631,-48.558586,-6.4939623,-2.8204112,-4.6037483
342,6.163559436798096,7.8572540283203125,71.04451751708984,-3.059788245635932,-3.445639273094877,-75.62795711587194,28.933657,25.072847,29.384995,37.523594,-11.095996,-15.000033,-46.571976,6.1675043,19.12615,46.551334,14.04916,15.000033,-7.6767964,-6.190715,18.988235,-87.16162,40.260582,-50.946243,-13.385366,11.232948,17.701843,2.0768855,-19.698236,-3.8988523,29.396706,-49.521034,-5.9478993,-2.8191488,-4.674061
343,6.230244159698486,7.469043731689453,70.96160888671875,-3.743547946181076,-4.058647821953426,-76.39072038117274,29.4059,25.839628,28.263268,39.007797,-11.2935505,-15.000033,-44.962727,7.486184,21.261986,44.021152,14.993738,15.000033,-10.222433,-6.3255672,20.236542,-94.511696,42.80999,-57.173424,-10.005534,8.814999,16.605501,4.088913,-20.142572,-4.152589,29.945549,-50.169353,-5.444693,-2.8084943,-4.8288465
344,6.280550479888916,7.060446739196777,70.83467102050781,-4.346768722496585,-4.652629880585383,-76.9440351626993,29.889105,26.554428,27.2358,40.31147,-11.506123,-15.000033,-43.345493,8.456736,23.076746,41.82125,16.051619,15.000033,-13.022089,-6.368578,21.402647,-100.71705,44.980564,-63.115036,-5.7821336,7.3714232,15.306811,5.185778,-20.779758,-4.350866,30.743233,-50.39686,-5.0946107,-2.7935526,-5.0701814
345,6.3196024894714355,6.6468634605407715,70.66397857666016,-4.9042191764737675,-5.238729014977529,-77.27946849157627,30.407272,27.243008,26.311607,41.467323,-11.714955,-15.000033,-41.77626,9.13565,24.533146,40.095566,17.672962,15.000033,-16.06648,-6.3777175,22.505104,-105.792595,46.76996,-68.95166,0.037857417,7.3153825,13.94358,4.893287,-21.541174,-4.468715,31.725203,-50.250866,-4.993765,-2.7630234,-5.4302526
346,6.349538326263428,6.213625431060791,70.4509506225586,-5.4354323875467925,-5.837787404648545,-77.41004704689668,30.935131,27.927958,25.403961,42.551865,-11.949224,-15.000033,-40.201054,9.614668,25.816229,38.754967,19.680979,15.000033,-19.26401,-6.4112206,23.595762,-110.29253,48.198387,-74.977,7.202585,8.125438,12.443526,3.742978,-22.369526,-4.500954,32.740482,-49.86079,-5.059858,-2.720348,-5.886019
347,6.368799686431885,5.762341022491455,70.19379425048828,-5.86004543244797,-6.415258905776082,-77.36501468367534,31.479538,28.54484,24.625698,43.4592,-12.21914,-15.000033,-38.591995,9.768389,26.823973,37.623096,21.141785,15.000033,-22.411469,-6.45611,24.589436,-114.21983,49.27107,-81.01137,15.001027,9.170824,10.737202,2.5462072,-23.1438,-4.4368086,33.803726,-49.342133,-5.1379523,-2.6953022,-6.3576245
348,6.387985706329346,5.292732238769531,69.88792419433594,-6.100786919304338,-6.9404513438815245,-77.17469347796026,32.048637,29.038097,24.088531,44.091293,-12.542942,-15.000033,-36.90291,9.477418,27.462587,36.49841,21.13121,15.000033,-25.332546,-6.4758387,25.424814,-117.51434,49.995155,-86.817665,22.930386,9.860724,8.790894,2.062291,-23.77571,-4.2649374,34.961723,-48.77886,-5.077618,-2.71926,-6.766574
349,6.3948235511779785,4.809266090393066,69.53483581542969,-6.11615030959247,-7.460037393825517,-76.74948985512694,32.73311,29.388086,23.833172,44.30745,-12.956826,-15.000033,-34.835835,8.539758,27.611315,35.11038,18.991636,15.000033,-28.163942,-6.453846,26.184387,-120.01571,50.3736,-93.548355,32.357666,10.515513,6.275675,2.5154743,-24.21592,-3.9763894,36.374786,-48.191635,-4.7226515,-2.8263018,-7.165674
350,6.405431747436523,4.296310901641846,69.137451171875,-5.962859285203302,-7.982208452472709,-76.11212362182684,33.512104,29.633713,23.807589,44.20869,-13.449811,-15.000033,-32.47916,7.125677,27.354065,33.596905,15.366579,15.000033,-30.851528,-6.4665675,26.878313,-122.0674,50.406143,-101.281364,43.37294,11.318343,3.4149752,3.5392718,-24.402514,-3.5585482,37.910492,-47.632,-4.1951704,-2.9983454,-7.562712
351,6.45054817199707,3.7891452312469482,68.707763671875,-5.702653687638348,-8.41165641409212,-75.4652998976895,34.21346,29.803427,23.980103,44.061794,-13.971847,-15.000033,-30.377592,5.65786,26.899954,32.380486,11.285752,15.000033,-33.03631,-6.4774866,27.343683,-123.70847,50.138283,-107.472885,53.35417,11.50256,0.89249384,4.8102627,-24.398378,-3.0145037,39.255417,-47.05187,-3.7594442,-3.1786842,-7.821063
352,6.494211196899414,3.335754632949829,68.27552032470703,-5.384691889416082,-8.641546681468016,-75.01131543467405,34.652214,29.921097,24.317999,44.13829,-14.475592,-15.000033,-29.12204,4.507115,26.442833,31.951534,7.7367544,15.000033,-34.469406,-6.45956,27.49712,-124.54001,49.714554,-109.33712,59.75554,10.1977625,-0.78785264,5.881975,-24.361872,-2.3791387,40.179256,-46.44971,-3.6607506,-3.304984,-7.817285
353,6.530203819274902,2.9327287673950195,67.86940002441406,-4.934793746415563,-8.530361926936996,-74.77494461739573,34.64343,29.942741,24.91437,44.5112,-15.00423,-15.000033,-29.084194,3.6306317,25.895208,32.60546,4.7506557,15.000033,-35.149887,-6.57917,27.2846,-124.38042,49.30718,-105.235306,61.977303,5.9796004,-1.5367767,6.535146,-24.217667,-1.6682622,40.747906,-46.17387,-4.0256243,-3.3647947,-7.381956
354,6.555821895599365,2.5689289569854736,67.47590637207031,-4.343595209263127,-8.160568847318324,-74.64846521620576,34.30515,29.865807,25.741577,45.047104,-15.578919,-15.000033,-29.894194,2.8459113,25.180317,34.048145,1.8798513,15.000033,-35.271053,-6.5848527,26.762794,-123.08251,48.913578,-96.27367,61.690018,-0.069110356,-1.7176956,7.092032,-24.108732,-0.90983015,41.083008,-45.88269,-4.7207355,-3.385109,-6.6372643
355,6.52553653717041,2.3255906105041504,67.10017395019531,-3.7559185900062193,-7.770215927454895,-74.63846271807812,33.92552,29.775713,26.593262,45.697487,-16.106997,-15.000033,-31.040958,2.296174,24.520012,35.90305,-0.6383073,15.000033,-34.96427,-6.524842,26.215395,-121.36076,48.442932,-85.7675,59.74994,-5.8920307,-1.5540154,7.788647,-24.135386,-0.15456817,41.190224,-45.44257,-5.5074563,-3.3839023,-5.9005523
356,6.462076187133789,2.1341137886047363,66.72984313964844,-3.3277815101058974,-7.599773187223164,-74.77039494665202,33.808388,29.761322,27.27724,46.411247,-16.485224,-15.000033,-32.01207,2.1540942,24.133072,37.786587,-2.5857923,15.000033,-34.345654,-6.4528556,25.945118,-119.56688,47.875965,-76.89211,56.871975,-9.469036,-1.2645173,8.705142,-24.391258,0.5363233,41.074284,-44.74943,-6.142871,-3.367094,-5.4870973
357,6.391793251037598,1.9440315961837769,66.37007904052734,-3.1366581387065082,-7.728321356553073,-75.19438267522318,34.111763,29.856146,27.81249,47.22693,-16.637283,-15.000033,-32.793076,2.663742,24.175392,39.77045,-3.749275,15.000033,-33.29472,-6.362114,26.079836,-117.58819,47.234768,-70.0404,52.52509,-9.728514,-0.71312064,9.9980345,-24.968369,1.1251211,40.77833,-43.721874,-6.6473656,-3.3222811,-5.5389166
358,6.3329243659973145,1.766270637512207,66.03987121582031,-3.0887992077339548,-8.027296811460772,-75.85438357453124,34.660374,30.0057,28.28305,48.1442,-16.62171,-15.000033,-33.59916,3.672742,24.496523,41.987953,-4.3035836,15.000033,-31.79737,-6.253168,26.433947,-115.390724,46.5103,-63.75892,46.404865,-8.035886,0.25217146,11.567116,-25.73032,1.6136051,40.305992,-42.532585,-7.119628,-3.2493732,-5.876057
359,6.265874862670898,1.6033284664154053,65.76251220703125,-3.0926036683741955,-8.422381057169527,-76.4786075891751,35.264915,30.175999,28.602304,49.04932,-16.531471,-15.000033,-34.279163,4.752435,24.860847,44.165016,-4.63317,15.000033,-30.161642,-6.1314373,26.854902,-112.880775,45.70257,-57.945908,39.5392,-5.9995046,1.4314836,12.996526,-26.497355,2.009796,39.636044,-41.37233,-7.445462,-3.164906,-6.332884
360,6.169197082519531,1.4497509002685547,65.52488708496094,-3.0586305639320615,-8.837856601629797,-76.79724103198451,35.734043,30.34815,28.684402,49.838753,-16.468365,-15.000033,-34.700253,5.476255,25.051119,46.027752,-5.117835,15.000033,-28.725964,-6.053215,27.21118,-110.01362,44.805336,-52.589413,33.00431,-5.2274833,2.499491,13.911575,-27.093046,2.342245,38.785328,-40.44122,-7.515536,-3.0892265,-6.748151
361,6.092174530029297,1.3111090660095215,65.29499053955078,-2.959820011329881,-9.323566210495619,-76.81108131352458,36.119335,30.465132,28.469894,50.484226,-16.421076,-15.000033,-34.76981,5.7957582,25.103199,47.52143,-5.877238,15.000033,-27.535587,-6.057026,27.531343,-106.66896,43.8047,-47.7136,26.769243,-6.3749075,3.3950582,14.254475,-27.52718,2.6403544,37.748604,-39.688107,-7.2017145,-3.033635,-7.139974
362,6.03794002532959,1.1977492570877075,65.09139251708984,-2.850189661778214,-9.895722734637319,-76.64134453711908,36.485016,30.574091,28.01179,51.048218,-16.352121,-15.000033,-34.592514,5.9022374,25.108852,48.789627,-6.680068,15.000033,-26.441816,-6.0954084,27.856796,-102.767075,42.680897,-43.235497,20.25327,-8.499675,4.261106,14.263965,-27.92099,2.9198837,36.53059,-38.964344,-6.5990596,-2.9900146,-7.573735
363,5.949854373931885,1.1015673875808716,64.93856811523438,-2.7620186438660532,-10.43016897374884,-76.19774299897114,36.662437,30.810377,27.398682,51.553215,-16.318708,-15.000033,-34.312485,5.7527647,24.971603,49.856285,-7.486833,15.000033,-25.511578,-6.1247816,28.091465,-98.39398,41.40672,-39.030663,13.765927,-10.797194,5.007189,14.025731,-28.276606,3.1936138,35.176067,-38.313732,-5.9295435,-2.946459,-7.9605985
364,5.824753284454346,1.012345314025879,64.84049224853516,-2.728665395796605,-10.801676225136136,-75.3894387943201,36.478367,31.292213,26.71789,52.021107,-16.380241,-15.000033,-34.086624,5.302417,24.575108,50.746387,-8.210166,15.000033,-24.81636,-6.114619,28.144646,-93.69709,39.944458,-35.005226,7.687047,-12.462306,5.538524,13.580431,-28.575129,3.4722364,33.745632,-37.81039,-5.428715,-2.8855953,-8.213533
365,5.643455505371094,0.9267841577529907,64.79605865478516,-2.7902675464470583,-10.976837544631547,-74.1170058791416,35.814438,32.11271,25.821173,52.510735,-16.588873,-15.000033,-33.930023,4.5232596,23.821863,51.476185,-8.881121,15.000033,-24.462116,-6.0350103,27.970663,-88.41585,38.212143,-31.035978,1.9973003,-13.316252,5.7686934,12.762075,-28.77552,3.7799199,32.23707,-37.51973,-5.2178216,-2.7856255,-8.283558
366,5.428386211395264,0.8586090803146362,64.78571319580078,-2.920415994036721,-11.019365297606916,-72.4509959340773,34.761097,33.165592,24.69434,52.979126,-16.895638,-15.000033,-33.76156,3.4461033,22.79213,52.032394,-9.524214,15.000033,-24.397999,-5.930994,27.622183,-82.61107,36.1417,-27.273546,-3.4518778,-13.771203,5.753558,11.598284,-28.93799,4.120748,30.595442,-37.35018,-5.1193943,-2.6573896,-8.219363
367,5.206031322479248,0.8189133405685425,64.81592559814453,-3.0404796655672808,-10.9514392155326,-70.55589413655913,33.471462,34.269566,23.63791,53.295444,-17.20507,-15.000033,-33.585705,2.1244526,21.64185,52.40103,-10.071615,15.000033,-24.39788,-5.853785,27.190203,-76.959854,33.73833,-24.036243,-8.410205,-13.893848,5.603997,10.369665,-28.98646,4.508367,28.98795,-37.304546,-5.1688337,-2.5327258,-8.1102915
368,4.976478576660156,0.8351356983184814,64.88593292236328,-3.064622266097399,-10.80265870199608,-68.59607249432831,32.12331,35.255787,22.974724,53.343994,-17.426346,-15.000033,-33.41042,0.6168054,20.527641,52.570587,-10.455354,15.000033,-24.33203,-5.9166293,26.693275,-72.04643,31.146912,-21.581564,-12.520227,-13.716477,5.4488387,9.312235,-29.288462,4.8109283,27.111784,-37.088078,-4.8266826,-2.4384117,-7.9653463
369,4.761163234710693,0.907293438911438,65.00588989257812,-2.9555706248331055,-10.551672421963504,-66.5364793154884,30.736675,36.14092,22.871063,53.068356,-17.540686,-15.000033,-33.255726,-1.1436594,19.457132,52.541016,-10.683576,15.000033,-24.164366,-6.1167006,26.174047,-67.7208,28.479654,-19.93896,-15.825944,-13.186518,5.3054123,8.422123,-29.533907,5.0175724,25.261574,-36.976837,-4.2976003,-2.4015718,-7.8863897
370,4.531520843505859,1.016232967376709,65.19135284423828,-2.750857062951954,-10.191851552557134,-64.31156954013379,29.227484,36.991196,23.132444,52.54435,-17.58733,-15.000033,-33.10609,-3.1559992,18.346035,52.321037,-10.779837,15.000033,-24.010736,-6.4068775,25.61563,-63.592533,25.794971,-18.925161,-18.547085,-12.330837,5.111565,7.5616045,-29.709263,5.133958,23.456438,-37.017784,-3.6714842,-2.3999283,-7.834551
371,4.295217037200928,1.1647690534591675,65.43653106689453,-2.5062201624729736,-9.769353637649653,-62.03902013389372,27.63745,37.735245,23.56281,51.858677,-17.56682,-15.000033,-32.925007,-5.2645354,17.213709,51.90213,-10.701594,15.000033,-23.86372,-6.7281766,25.041914,-59.8781,23.174917,-18.338156,-20.678734,-11.328606,4.8962975,6.7579393,-30.043808,5.0801907,21.547844,-37.00155,-2.8747144,-2.3927686,-7.708347
372,4.0683135986328125,1.3529174327850342,65.72986602783203,-2.2787668344381933,-9.330403559541177,-59.83998428788454,26.011257,38.31687,23.96639,51.10067,-17.492579,-15.000033,-32.677834,-7.3103595,16.075878,51.268055,-10.398709,15.000033,-23.592428,-6.932252,24.560265,-56.85692,20.655226,-17.966583,-22.296494,-10.39417,4.688335,6.062365,-30.317873,4.8867016,19.864285,-37.065025,-2.398873,-2.3434317,-7.5083675
373,3.857661008834839,1.5745233297348022,66.0560531616211,-2.086069085995447,-8.888440107291276,-57.7109502222565,24.428078,38.77237,24.498089,50.20885,-17.395758,-15.000033,-32.311317,-9.291227,14.896002,50.35198,-9.883386,15.000033,-23.215649,-7.022452,24.16407,-54.535976,18.303423,-17.727152,-23.25326,-9.542515,4.4911904,5.4561896,-30.559874,4.5327115,18.370989,-37.159042,-2.2580414,-2.2225065,-7.1652265
374,3.655958652496338,1.8283933401107788,66.41060638427734,-1.8993081663854594,-8.416140051519262,-55.59724815112076,22.853285,39.14196,25.19386,49.159565,-17.262474,-15.000033,-31.850437,-11.2662115,13.660174,49.181465,-9.178158,15.000033,-22.78973,-7.0565042,23.827757,-52.734013,16.165194,-17.654331,-23.590248,-8.709223,4.295649,4.9397063,-30.768688,4.014366,17.036947,-37.322083,-2.294806,-2.0590005,-6.728728
375,3.4576263427734375,2.1113719940185547,66.79873657226562,-1.7098274284679833,-7.907354409759612,-53.549459897029664,21.167902,39.370377,25.68078,48.104538,-17.056774,-15.000033,-31.394482,-13.168659,12.437282,47.905884,-8.247866,15.000033,-22.305166,-7.0410233,23.559181,-51.473835,14.23902,-17.697529,-23.55878,-7.94307,4.122087,4.571159,-31.017746,3.373875,15.8550005,-37.512882,-2.3840985,-1.9008522,-6.30026
376,3.2392592430114746,2.4157233238220215,67.20674133300781,-1.5020654222788636,-7.362153335576675,-51.6212001393561,19.258085,39.38737,25.593426,47.193493,-16.74556,-15.000033,-31.050148,-14.9423685,11.314464,46.670597,-7.0555778,15.000033,-21.745806,-6.9892406,23.356459,-50.80689,12.495703,-17.81737,-23.37409,-7.280606,3.993729,4.396054,-31.41115,2.6791992,14.797245,-37.64887,-2.405954,-1.7934548,-5.9709377
377,3.0062620639801025,2.747849464416504,67.6253662109375,-1.2660312475000086,-6.772007589989734,-49.8436769251874,17.08792,39.15519,24.892483,46.48623,-16.303102,-15.000033,-30.862007,-16.568972,10.314055,45.476276,-5.570631,15.000033,-21.070236,-6.9124236,23.181313,-50.856346,10.930892,-18.021618,-22.929447,-6.7653184,3.9434671,4.5066967,-31.994541,1.9632921,13.849358,-37.63404,-2.2766356,-1.7521389,-5.735011
378,2.764521837234497,3.097836494445801,68.05764770507812,-1.0048198222367206,-6.148913914063962,-48.186315043705115,14.746203,38.712135,23.776218,45.89606,-15.753489,-15.000033,-30.783016,-18.081404,9.408871,44.26442,-3.8214326,15.000033,-20.284107,-6.818467,23.04207,-51.572376,9.548837,-18.296778,-22.128843,-6.360046,3.9551733,4.8536696,-32.722523,1.2453496,13.031001,-37.50314,-2.115802,-1.7515037,-5.5435233
379,2.5164191722869873,3.478203773498535,68.49159240722656,-0.7178608355539136,-5.527871491315043,-46.61171371958808,12.319245,38.07705,22.255907,45.354023,-15.129147,-15.000033,-30.788118,-19.510654,8.625572,43.092148,-1.8666928,15.000033,-19.465227,-6.733619,22.986294,-52.756893,8.32635,-18.57681,-21.173128,-5.96276,3.9796937,5.2565103,-33.65028,0.55206704,12.281088,-37.276356,-2.0112238,-1.7738243,-5.3973727
380,2.258697032928467,3.882520914077759,68.93938446044922,-0.4066959253983709,-4.94016542157278,-45.081915419531256,9.901555,37.254078,20.347538,44.791824,-14.469146,-15.000033,-30.854794,-20.889175,7.987549,42.01817,0.23636594,15.000033,-18.689926,-6.6756043,23.058422,-54.226116,7.22347,-18.80387,-20.244694,-5.464157,3.9678543,5.5280128,-34.836906,-0.085275024,11.533287,-36.966125,-2.056493,-1.8016988,-5.295647
381,2.0010459423065186,4.314879894256592,69.39273834228516,-0.07331944302746941,-4.361620159089541,-43.60277167736806,7.4571958,36.155968,17.963978,44.163006,-13.722992,-15.000033,-31.05291,-22.297773,7.3345537,41.03909,2.732241,15.000033,-17.93516,-6.6392345,23.268644,-56.101704,6.2161975,-18.98656,-19.338594,-4.711032,3.9158647,5.5604606,-36.351654,-0.6444149,10.766284,-36.536526,-2.3686798,-1.8365635,-5.2283077
382,1.74545419216156,4.764322757720947,69.84671783447266,0.28936839972666295,-3.789212569992886,-42.19218606874083,5.031009,34.766273,15.1934185,43.521072,-12.891862,-15.000033,-31.39151,-23.698997,6.723173,40.139633,5.566098,15.000033,-17.161303,-6.6201572,23.593489,-58.442074,5.298688,-19.13888,-18.355764,-3.789515,3.8444664,5.4676237,-38.155666,-1.1196587,10.008863,-35.97632,-2.892263,-1.8852822,-5.1875987
383,1.5044831037521362,5.2297282218933105,70.29135131835938,0.67884204490525,-3.284176178373634,-40.828879643582084,2.8193862,33.203033,12.290188,42.949104,-12.108209,-15.000033,-31.74225,-24.946133,6.4975586,39.336777,8.240196,15.000033,-16.430695,-6.631742,24.024294,-60.980473,4.46117,-19.214252,-17.318775,-2.9429913,3.7445474,5.390782,-40.163673,-1.5232359,9.247914,-35.30886,-3.4301445,-1.9382169,-5.1719117
384,1.2793298959732056,5.7127251625061035,70.70883178710938,1.0823414003986904,-2.9053052137973765,-39.49034898590445,0.9622693,31.617931,9.481217,42.5438,-11.488887,-15.000033,-31.964434,-25.8678,7.022886,38.648285,10.222928,15.000033,-15.801404,-6.6720424,24.553963,-63.45857,3.6913393,-19.17533,-16.246983,-2.4164827,3.6112452,5.469216,-42.269432,-1.8727171,8.480688,-34.574165,-3.7981758,-1.9860413,-5.1872253
385,1.0881025791168213,6.201089382171631,71.08849334716797,1.5426310650179793,-2.700350239025218,-38.11750944500361,-0.559601,29.857716,6.535025,42.306892,-11.094338,-15.000033,-31.94784,-26.402992,8.742959,37.962646,11.400639,15.000033,-15.331986,-6.7953777,25.24269,-65.96363,2.9875414,-19.001566,-15.099059,-2.3278098,3.4278255,5.6908183,-44.576817,-2.2028713,7.6607237,-33.72909,-3.923671,-2.0358036,-5.1863823
386,0.9345887899398804,6.671787738800049,71.41572570800781,2.0482193205598205,-2.618028843723861,-36.75278913544741,-1.800656,27.905127,3.4532752,42.2246,-10.853009,-15.000033,-31.780272,-26.653599,11.351137,37.31403,12.053635,15.000033,-14.957472,-6.969371,26.07326,-68.59074,2.349022,-18.713009,-13.882298,-2.524992,3.2012806,5.9937167,-47.06852,-2.5288491,6.7980413,-32.801285,-3.9112785,-2.0885866,-5.1896443
387,0.8184404969215393,7.122716903686523,71.69058990478516,2.499870377748826,-2.56468425496922,-35.513174438299885,-2.7503629,26.122295,0.7164424,42.328262,-10.69568,-15.000033,-31.592731,-26.718374,14.020645,36.8757,12.285005,15.000033,-14.569667,-7.0694556,26.909435,-71.104454,1.7646993,-18.344276,-12.654472,-2.8467958,2.9642918,6.4399405,-49.477024,-2.8297234,5.961673,-31.912449,-3.8259678,-2.126458,-5.29744
388,0.721625030040741,7.560055732727051,71.90684509277344,2.789487280395626,-2.4547920574073117,-34.49363815743334,-3.4508464,24.892002,-1.2599553,42.62615,-10.549767,-15.000033,-31.518972,-26.678507,15.92925,36.800636,12.170908,15.000033,-14.08149,-6.972253,27.617231,-73.27583,1.219088,-17.940674,-11.456694,-3.1306334,2.7502666,7.0926414,-51.55517,-3.0584095,5.219225,-31.166254,-3.737712,-2.131974,-5.6053796
389,0.624122142791748,7.9740800857543945,72.06441497802734,2.819397339530673,-2.285407118539035,-33.70606498615805,-4.0525327,24.495953,-2.4052703,43.39594,-10.398659,-15.000033,-31.510195,-26.354496,17.049265,37.125122,11.547136,15.000033,-13.480441,-6.5944157,28.222101,-75.163574,0.71202797,-17.525837,-10.132238,-3.5067449,2.5263221,8.129314,-53.392666,-3.190078,4.5754814,-30.493422,-3.576087,-2.1037362,-6.256968
390,0.5451906323432922,8.36434555053711,72.15635681152344,2.6617780787447147,-2.0943850307291916,-33.09139821039051,-4.5539804,24.694946,-3.0159686,44.52183,-10.292844,-15.000033,-31.521673,-25.768332,17.747145,37.77385,10.42261,15.000033,-12.826963,-6.028256,28.761587,-76.86034,0.24926555,-17.084835,-8.687788,-3.9958313,2.2798336,9.460133,-55.084484,-3.2214785,3.9879422,-29.859081,-3.343116,-2.0531144,-7.1528955
391,0.48034098744392395,8.750439643859863,72.18224334716797,2.459758206718819,-1.8641374395888728,-32.631559767382115,-4.774637,25.104443,-3.2153533,45.430634,-10.25554,-15.000033,-31.70003,-25.295788,17.801825,38.71106,9.122419,15.000033,-12.145622,-5.4168177,29.12757,-78.19288,-0.18297702,-16.616161,-7.402695,-4.279962,2.0903835,10.751334,-56.404377,-3.121815,3.4518025,-29.400957,-3.2119806,-1.9774609,-8.024314
392,0.4457884430885315,9.123810768127441,72.13108825683594,2.366662544798728,-1.5726191370866687,-32.3077480560744,-4.533938,25.323656,-3.0720193,45.566063,-10.288475,-15.000033,-32.189552,-25.332682,16.997963,39.88833,7.976688,15.000033,-11.459791,-4.9183664,29.209541,-78.99711,-0.6107113,-16.12063,-6.5370736,-4.0422597,2.0557067,11.670757,-57.129345,-2.841867,2.9674616,-29.253122,-3.3611596,-1.8685805,-8.598464
393,0.4700789153575897,9.50951099395752,72.0108413696289,2.419050152593121,-1.1740143283875994,-32.17520435378382,-3.7169435,25.265253,-2.5046327,44.79447,-10.217519,-15.000033,-33.17938,-26.056341,15.039742,41.558186,7.133491,15.000033,-10.72027,-4.559592,28.934021,-79.23143,-1.0554909,-15.563787,-6.103923,-2.8839817,2.268513,12.08623,-57.154953,-2.3098714,2.5061033,-29.468699,-4.0152216,-1.6973872,-8.767697
394,0.5311456322669983,9.890877723693848,71.82168579101562,2.5504878873550987,-0.70059885701166,-32.21492015479789,-2.433249,25.091118,-1.5093234,43.400394,-10.084707,-15.000033,-34.493534,-27.320915,12.154816,43.678883,6.371465,15.000033,-9.949539,-4.311794,28.372454,-79.00082,-1.5176219,-14.967584,-5.939693,-1.0665205,2.6612673,12.177806,-56.62527,-1.5035394,2.0866373,-29.953611,-5.0451307,-1.4798658,-8.670478
395,0.6414790153503418,10.291349411010742,71.52857208251953,2.756282968722645,-0.250045128969352,-32.290477044175326,-0.83883077,24.766932,-0.27216923,41.447205,-10.201431,-15.000033,-35.70985,-29.006443,8.889684,45.74257,5.46699,15.000033,-9.277371,-4.22896,27.646446,-78.35789,-1.9901384,-14.416961,-6.0632224,0.7282694,3.0924356,12.088967,-55.671032,-0.47291592,1.788122,-30.63858,-6.0921974,-1.2754776,-8.414646
396,0.7866142392158508,10.672140121459961,71.162353515625,3.0105115787556196,0.08430163532547082,-32.27319516699543,0.9065765,24.306171,1.0206211,38.99106,-10.87585,-15.000033,-36.431904,-30.89291,5.7261,47.218555,4.214757,15.000033,-8.815149,-4.3170753,26.884628,-77.35209,-2.4657633,-13.995499,-6.5127954,1.808107,3.4280007,11.980978,-54.40742,0.6826564,1.6865927,-31.471273,-6.7759995,-1.1369101,-8.123264
397,0.9825292825698853,11.042783737182617,70.74188232421875,3.3035074950901775,0.288236683910072,-32.090144944418064,2.9224043,23.683203,2.3764138,35.62163,-12.45607,-15.000033,-36.410816,-33.121143,2.238605,47.83819,2.3238888,15.000033,-8.633508,-4.5324416,26.0449,-75.85544,-2.9711776,-13.683843,-7.44933,1.8229197,3.6324625,11.88614,-52.65985,1.9223293,1.8485482,-32.55321,-6.8585258,-1.0756015,-7.852608
398,1.2525697946548462,11.340022087097168,70.30677032470703,3.603310840209848,0.39649995793466136,-31.812118785865046,5.285731,22.915123,3.759673,31.321756,-14.646418,-15.000033,-35.76305,-35.665337,-1.8574158,47.946903,-0.045729153,15.000033,-8.650687,-4.8104944,25.109179,-73.8964,-3.5196402,-13.44286,-8.81426,1.1970242,3.7762513,11.732059,-50.397755,3.2326307,2.242037,-33.893414,-6.569279,-1.0594716,-7.5457654
399,1.540069580078125,11.604877471923828,69.87144470214844,3.8584774700420397,0.4191793299092146,-31.547729631412505,7.7279615,22.13469,5.012868,26.814255,-16.824688,-15.000033,-34.814186,-38.008606,-5.7806325,47.872356,-2.3418095,15.000033,-8.722408,-5.111541,24.219862,-71.74403,-4.075023,-13.32678,-10.335911,0.38494483,3.8930979,11.530396,-47.975136,4.5309234,2.772299,-35.295345,-6.2113,-1.0680178,-7.165792
400,1.796582579612732,11.856471061706543,69.4717788696289,4.064867921315033,0.3822108011735311,-31.419286644052907,9.938347,21.441982,6.086777,22.92817,-18.41857,-15.000033,-34.11064,-39.675312,-8.461878,47.9039,-3.985299,15.000033,-8.692144,-5.4299088,23.505959,-69.63551,-4.581398,-13.395117,-11.787798,-0.18112305,4.01537,11.29098,-45.780945,5.7037024,3.3251066,-36.551903,-6.061149,-1.0801266,-6.6924195
401,1.9978374242782593,12.078567504882812,69.130615234375,4.2983845498864195,0.2410278678805896,-31.48287943893837,11.889166,20.795723,7.1238775,19.913864,-19.370697,-15.000033,-33.98825,-40.5615,-9.182666,48.062393,-4.825983,15.000033,-8.489501,-5.831082,23.015368,-67.474174,-5.0223236,-13.738846,-13.272703,-0.60204595,4.1206017,11.072414,-43.791412,6.69262,3.9330728,-37.713303,-6.1261854,-1.1048586,-6.131532
402,2.165593385696411,12.260762214660645,68.86641693115234,4.557947501062105,0.012403413455274445,-31.677694550450887,13.66583,20.162458,8.170152,17.418983,-19.995188,-15.000033,-34.25399,-40.9265,-8.505408,48.183258,-5.1424074,15.000033,-8.185324,-6.283897,22.676386,-65.1396,-5.4103885,-14.303382,-14.920137,-1.0599219,4.2021194,10.854921,-41.86433,7.494032,4.6239576,-38.85167,-6.245648,-1.144319,-5.5198493
403,2.3180665969848633,12.411229133605957,68.69071197509766,4.773389812211431,-0.19656783331813862,-31.961779909890204,15.096522,19.612364,9.109733,15.5033865,-20.329802,-15.000033,-34.747047,-40.899837,-7.142463,48.24772,-4.9665775,15.000033,-7.8225913,-6.6938977,22.444304,-62.83615,-5.7320566,-14.936891,-16.547863,-1.2505068,4.3126955,10.523869,-40.220207,8.080768,5.259651,-39.79754,-6.435942,-1.1700215,-4.8890424
404,2.4121148586273193,12.59496021270752,68.63211822509766,4.878464311611333,-0.2804029783355103,-32.29280174823061,16.03744,19.221409,9.826144,14.218272,-20.409233,-15.000033,-35.303608,-40.62545,-5.8087015,48.23798,-4.3238378,15.000033,-7.4493036,-6.9730654,22.274292,-60.772724,-5.967067,-15.490761,-17.978624,-0.8770902,4.5024905,9.964422,-39.07828,8.417719,5.7041035,-40.381817,-6.7080684,-1.1533825,-4.276519
405,2.4499921798706055,12.777530670166016,68.7141342163086,4.864282911709866,-0.17063926791230313,-32.72339500673311,16.467669,18.993645,10.347629,13.538404,-20.178253,-15.000033,-35.982304,-40.032074,-4.4978814,48.097145,-3.0486314,15.000033,-7.016809,-7.1099925,22.14398,-58.90856,-6.081194,-15.969328,-19.265594,0.47786486,4.8103228,8.954403,-38.505848,8.44606,5.917881,-40.596603,-7.194097,-1.0557202,-3.5923958
406,2.4621901512145996,12.923739433288574,68.91089630126953,4.780300860810224,0.04698794598025883,-33.26072185364221,16.479671,18.886152,10.733763,13.494912,-19.67328,-15.000033,-36.807392,-39.09256,-2.914045,47.865795,-1.1815008,15.000033,-6.4968166,-7.159831,22.103163,-57.15017,-6.1020575,-16.465153,-20.495665,2.550707,5.1620846,7.611113,-38.336212,8.161746,5.9828277,-40.577454,-7.835375,-0.9073176,-2.8696318
407,2.4746317863464355,13.01756763458252,69.18124389648438,4.643467786976589,0.25525466313118206,-33.79391984781611,16.098824,18.920485,10.913328,14.210973,-19.04357,-15.000033,-37.589226,-38.015064,-1.3108758,47.645775,0.9532256,15.000033,-6.0210395,-7.1317515,22.198076,-55.649075,-6.0453777,-16.891205,-21.540237,4.57254,5.470585,6.3252015,-38.510838,7.633877,5.9592466,-40.30981,-8.350259,-0.7737913,-2.3305051
408,2.4896652698516846,13.091084480285645,69.50028991699219,4.464558996253842,0.35183353884718205,-34.21342553321778,15.3491125,19.120712,10.8155985,15.76366,-18.419031,-15.000033,-38.172977,-36.99171,0.098971784,47.525444,3.026908,15.000033,-5.707168,-7.04068,22.449242,-54.569706,-5.9567437,-17.185892,-22.230894,5.790863,5.705532,5.507709,-38.964607,6.9819117,5.891418,-39.769676,-8.47837,-0.71560746,-2.1736138
409,2.5026602745056152,13.170867919921875,69.85957336425781,4.232840251854379,0.30270524931222176,-34.47665086121156,14.248387,19.487307,10.399297,18.175632,-17.818926,-15.000033,-38.567566,-36.190773,1.119915,47.63706,5.1053996,15.000033,-5.6362743,-6.8897567,22.847124,-53.963203,-5.8634977,-17.278795,-22.422167,5.870807,5.8747015,5.298313,-39.788784,6.279692,5.762199,-38.76012,-8.073209,-0.77519965,-2.5103998
410,2.503678798675537,13.258817672729492,70.24639129638672,3.9173890954362403,0.19023317407021179,-34.632558855930164,12.778458,20.024057,9.693007,21.30348,-17.12179,-15.000033,-38.87032,-35.431538,1.9228038,47.894638,7.3208466,15.000033,-5.7546782,-6.664123,23.34072,-53.787624,-5.763605,-17.208168,-22.15836,5.276258,6.012866,5.471159,-41.004406,5.535523,5.5559025,-37.311016,-7.3334694,-0.9218394,-3.1780777
411,2.4639697074890137,13.32981014251709,70.65213012695312,3.498926061542179,0.09235167049711189,-34.71407239943384,10.906402,20.744091,8.723191,24.963385,-16.239271,-15.000033,-39.060917,-34.39726,2.838586,48.04079,9.456708,15.000033,-5.975133,-6.353854,23.883114,-54.068073,-5.6544776,-17.075457,-21.549068,4.4506702,6.1542277,5.891626,-42.452633,4.7697525,5.301672,-35.739773,-6.508193,-1.1017616,-3.9599137
412,2.3690710067749023,13.368492126464844,71.07284545898438,2.968682327462421,0.07623760346915914,-34.75979029013205,8.615776,21.647224,7.5061827,28.9658,-15.086091,-15.000033,-39.08216,-32.811935,4.1643314,47.815247,11.281446,15.000033,-6.2023225,-5.962558,24.436478,-54.826714,-5.530725,-16.983583,-20.708305,3.838883,6.336802,6.423092,-43.97365,4.0088325,5.0181556,-34.36138,-5.8474913,-1.2494845,-4.639362
413,2.240138053894043,13.370725631713867,71.4982681274414,2.2595320581898606,0.1583176817486028,-34.779208049017825,5.7368536,22.869095,6.034973,33.58338,-13.436574,-15.000033,-38.808754,-30.416357,6.114985,47.061653,12.735981,15.000033,-6.432076,-5.4435945,25.004595,-56.149303,-5.382714,-16.926798,-19.573164,3.4667792,6.608523,7.1868005,-45.59717,3.2740347,4.6837535,-33.17676,-5.4270244,-1.3175051,-5.1887827
414,2.097621202468872,13.341365814208984,71.91484832763672,1.395151577195243,0.27288599148729165,-34.72342381715568,2.3703048,24.285378,4.1740665,38.672405,-11.337783,-15.000033,-38.198673,-27.496908,8.472773,45.939278,13.856408,15.000033,-6.7439046,-4.8278065,25.636036,-57.98861,-5.204506,-16.864376,-18.12397,3.1245673,6.9322762,8.203753,-47.396793,2.569793,4.295045,-32.030613,-5.118936,-1.3484035,-5.70469
415,1.9436938762664795,13.273300170898438,72.31194305419922,0.5335551973950042,0.35920143096772816,-34.555933835148686,-1.1196538,25.476437,1.8168876,43.561596,-9.18208,-15.000033,-37.337223,-24.61462,10.910761,44.663525,14.566332,15.000033,-7.150671,-4.263007,26.361898,-60.162148,-4.997837,-16.849117,-16.53412,2.9075685,7.2321386,9.185037,-49.27082,1.8919569,3.888987,-31.019924,-4.864527,-1.4027405,-6.1620264
416,1.7908146381378174,13.18647575378418,72.67294311523438,-0.15698671659808464,0.3870789713360812,-34.27280831513603,-4.3767605,26.049088,-0.9844942,47.699257,-7.4159703,-15.000033,-36.41148,-22.270212,13.107122,43.460304,14.88341,15.000033,-7.629549,-3.8987596,27.180227,-62.488365,-4.769858,-16.93297,-14.979922,2.9176095,7.438232,9.841454,-51.10829,1.2297137,3.4946446,-30.250702,-4.6006026,-1.5415334,-6.5381703
417,1.6450682878494263,13.088634490966797,72.98934936523438,-0.650732804651704,0.3413590099894188,-33.83032503373672,-7.397745,25.825405,-4.369923,51.16941,-6.158056,-15.000033,-35.38296,-20.336416,15.286785,42.329247,14.768106,15.000033,-8.194174,-3.789639,28.12483,-65.09028,-4.507167,-17.137152,-13.445312,3.4636626,7.6147437,9.947052,-52.970707,0.53915185,3.1168401,-29.800083,-4.430689,-1.7700535,-6.722583
418,1.5048941373825073,12.99259090423584,73.25611114501953,-0.9995150217155122,0.23748979963680697,-33.25323760253347,-10.25343,24.961742,-8.146031,54.30362,-5.2219315,-15.000033,-34.205128,-18.640636,17.581217,41.196644,14.228904,15.000033,-8.836405,-3.8794098,29.186697,-67.98767,-4.2105284,-17.430237,-11.897867,4.3946137,7.77075,9.707857,-54.877872,-0.19146354,2.73636,-29.60739,-4.33682,-2.055171,-6.7731915
419,1.3970693349838257,12.927267074584961,73.4506607055664,-1.165324145612113,0.24956456249266337,-32.68569235407772,-12.906878,23.70847,-11.71045,56.98635,-4.603677,-15.000033,-33.304565,-17.526703,19.464376,40.141743,13.511694,15.000033,-9.521936,-4.0809073,29.793802,-70.52214,-3.941325,-17.734936,-10.460456,5.089425,7.7336435,9.473958,-56.572826,-0.8665965,2.3933592,-29.283836,-4.0554714,-2.4276395,-6.934834
420,1.3158550262451172,12.883916854858398,73.57943725585938,-1.150437691822002,0.4490295782639876,-32.2821420146956,-15.287906,22.433735,-14.547843,59.058388,-4.2900157,-15.000033,-33.013466,-17.270746,20.34492,39.230892,12.877872,15.000033,-10.152827,-4.315903,29.793802,-72.38692,-3.7663279,-17.992785,-9.200284,5.006643,7.3672643,9.587341,-57.867683,-1.3507344,2.0811512,-28.710104,-3.4033158,-2.904281,-7.39472
421,1.2547557353973389,12.85827350616455,73.64415740966797,-0.9376534724625493,0.7048106680708481,-32.029361131752424,-17.311224,21.285084,-16.511179,60.429836,-4.3673716,-15.000033,-33.31309,-18.15967,19.682447,38.509106,12.3084545,15.000033,-10.639214,-4.6498275,29.793802,-74.19766,-3.6654353,-18.275864,-7.9869847,3.6760828,6.467334,10.280877,-58.959816,-1.6247312,1.6855811,-28.190346,-2.2599375,-3.5302866,-8.218943
422,1.213613510131836,12.838202476501465,73.64051055908203,-0.5659582966198398,0.9902699990175403,-31.86371071525596,-19.058249,20.175018,-17.931095,61.20325,-4.8145394,-15.000033,-33.99414,-19.909557,17.841192,37.913166,11.694087,15.000033,-11.050147,-5.089517,29.793802,-76.0331,-3.6153793,-18.5666,-6.775189,1.5573206,5.1433983,11.276605,-59.91969,-1.698595,1.2223167,-27.734648,-0.8025391,-4.2979608,-9.25658
423,1.210761547088623,12.828843116760254,73.57581329345703,-0.16739866887566818,1.262779933541723,-31.858544093494558,-20.427818,19.189697,-19.072784,61.442738,-5.4696407,-15.000033,-34.79054,-21.901705,15.533883,37.34802,11.144269,15.000033,-11.360152,-5.53181,29.793802,-77.62178,-3.6183932,-18.79629,-5.6934247,-0.45267344,3.8240178,12.218419,-60.634434,-1.6074272,0.7092993,-27.356215,0.66705763,-5.078843,-10.319815
424,1.2394551038742065,12.810824394226074,73.44950866699219,0.12936248866743855,1.489563767455172,-32.1022843002254,-21.316021,18.410307,-20.19152,61.22028,-6.1790676,-15.000033,-35.507484,-23.50573,13.497772,36.721004,10.807635,15.000033,-11.531771,-5.89448,29.793802,-78.75482,-3.7191992,-18.892134,-4.7912297,-1.4671004,2.9866276,12.811761,-60.968178,-1.334664,0.17275025,-27.095623,1.8237724,-5.7250013,-11.22361
425,1.3023258447647095,12.784469604492188,73.25811004638672,0.3015030513901864,1.694381340021846,-32.60952501748118,-21.805393,17.89611,-21.350836,60.470455,-6.953437,-15.000033,-36.192863,-24.719158,11.726733,35.970993,10.746516,15.000033,-11.536085,-6.1361065,29.793802,-79.40069,-3.978354,-18.775393,-4.048575,-1.0326078,2.8630874,12.951686,-60.860744,-0.869645,-0.44478852,-26.966785,2.5503128,-6.178416,-11.987428
426,1.4014403820037842,12.751761436462402,73.00394439697266,0.41372430306937064,1.8877055912802354,-33.324648509782925,-21.946678,17.610544,-22.429838,59.185997,-7.859483,-15.000033,-36.90869,-25.83248,9.87529,35.172077,10.850564,15.000033,-11.389677,-6.312655,29.793802,-79.72563,-4.4203568,-18.517675,-3.3622055,0.30972543,3.176475,12.819125,-60.37919,-0.2091924,-1.1474612,-26.96283,3.027641,-6.5116453,-12.692199
427,1.5314949750900269,12.696507453918457,72.69589233398438,0.47340139833634143,2.033215076449826,-34.25581195394002,-21.593872,17.503437,-23.396278,57.533554,-8.829737,-15.000033,-37.5839,-26.6498,8.220342,34.418026,11.084876,15.000033,-11.098308,-6.4672875,29.793802,-79.775795,-5.00516,-18.279598,-2.7286055,1.914332,3.6598692,12.586284,-59.566616,0.5865251,-1.8087527,-27.111216,3.417949,-6.761665,-13.276864
428,1.6936672925949097,12.62193775177002,72.33610534667969,0.4888338122872722,2.098914119823482,-35.42496889007195,-20.589937,17.518353,-24.231966,55.67854,-9.797603,-15.000033,-38.18268,-26.967957,7.0726027,33.790768,11.452424,15.000033,-10.659273,-6.629228,29.793802,-79.55046,-5.651628,-18.22261,-2.21336,3.1102624,4.058185,12.448768,-58.465973,1.4251006,-2.2878706,-27.437172,3.8985844,-6.9696918,-13.692581
429,1.9017000198364258,12.52143383026123,71.9269027709961,0.4741742430102068,2.065512753111737,-36.938006680078615,-18.714827,17.589579,-25.069794,53.52568,-10.550059,-15.000033,-38.748013,-26.681568,6.544477,33.25793,12.200865,15.000033,-9.971189,-6.7903695,29.793802,-78.88763,-6.318106,-18.402704,-1.973671,3.7590158,4.3817973,12.469138,-56.997894,2.2731695,-2.5475357,-27.96107,4.6232257,-7.136826,-13.934526
430,2.1559479236602783,12.395904541015625,71.4612045288086,0.4194106519916058,1.9555447819459268,-38.762324680129375,-16.09861,17.782656,-25.88204,51.02781,-11.189653,-15.000033,-39.31262,-25.917992,6.480513,32.789436,13.274801,15.000033,-9.064394,-6.925226,29.793802,-77.76904,-7.0029225,-18.747713,-2.0143344,4.1736865,4.742547,12.548575,-55.162003,3.1376278,-2.62585,-28.66215,5.489695,-7.243976,-14.049683
431,2.45350980758667,12.250226020812988,70.93229675292969,0.30201386647800504,1.796561728471959,-40.71712983766072,-13.086409,18.207764,-26.407158,48.392536,-12.1151705,-15.000033,-39.825466,-24.81976,6.799616,32.458015,14.23347,15.000033,-8.126049,-7.0326343,29.793802,-76.40263,-7.6752667,-19.221651,-2.1892285,4.349763,5.0475388,12.660298,-53.115566,3.9757364,-2.5049443,-29.510855,6.298807,-7.3016543,-14.068124
432,2.81070613861084,12.095149993896484,70.29847717285156,0.10887868186919165,1.6164546698232256,-42.61674281722537,-10.0244255,18.93309,-26.368534,45.822945,-13.712152,-15.000033,-40.245617,-23.534555,7.439551,32.353344,14.623605,15.000033,-7.3495035,-7.1099296,29.793802,-74.98942,-8.289469,-19.783241,-2.3724446,4.2719135,5.2038374,12.779532,-51.037594,4.7131495,-2.16972,-30.458992,6.861533,-7.320243,-14.027146
433,3.1658823490142822,11.92490005493164,69.61300659179688,-0.19749109770155712,1.4104356086043202,-44.47123455910171,-6.8133516,19.98991,-25.673027,43.31947,-16.31512,-15.000033,-40.49835,-21.932245,8.5957365,32.48892,14.334287,15.000033,-6.757966,-7.105024,29.793802,-73.468636,-8.817622,-20.484528,-2.6157632,3.7324347,5.1484103,12.960271,-48.910954,5.2893457,-1.5801103,-31.554136,7.1366973,-7.2849708,-13.9448395
434,3.5216660499572754,11.728377342224121,68.88704681396484,-0.5802100811420366,1.1535844992946982,-46.348633899345025,-3.263962,21.233261,-24.458035,40.740685,-19.60273,-15.000033,-40.613052,-20.003916,10.24664,32.87098,13.549024,15.000033,-6.268533,-7.0335765,29.793802,-71.71914,-9.257319,-21.329298,-3.0224345,2.790868,4.938956,13.197037,-46.67134,5.69039,-0.75444305,-32.78005,7.2423916,-7.1973414,-13.815926
435,3.8571853637695312,11.493790626525879,68.15159606933594,-0.9313861068249175,0.9177076508528562,-48.154817689045764,0.30657548,22.451359,-22.79467,38.124294,-22.999815,-15.000033,-40.791733,-18.066732,12.020075,33.543594,12.30165,15.000033,-5.966984,-6.9785633,29.548552,-69.68438,-9.609308,-22.162872,-3.5470383,1.81528,4.6565356,13.362931,-44.44816,5.934246,0.22622463,-33.793293,7.2396536,-7.1046085,-13.649663
436,4.162951946258545,11.234053611755371,67.39891815185547,-1.1598750712510497,0.7871678662494949,-49.81064892943988,3.53582,23.489857,-20.740807,35.552837,-25.97157,-15.000033,-41.26188,-16.41908,13.529796,34.511387,10.681712,15.000033,-5.9393134,-7.013826,28.825634,-67.35394,-9.879158,-22.814173,-4.1156454,1.1728146,4.392151,13.332144,-42.408222,6.0677695,1.2816551,-34.23628,7.1782646,-7.049784,-13.452613
437,4.44550895690918,10.981302261352539,66.64419555664062,-1.299578020084643,0.665140982075368,-51.43133913279369,6.6235023,24.462193,-17.877228,32.908604,-28.55411,-15.000033,-42.010254,-14.99109,14.680526,35.830597,8.441964,15.000033,-6.058105,-7.160474,28.108292,-65.127815,-10.050707,-23.2947,-4.6777387,0.9613847,4.1438813,13.043677,-40.619587,6.071988,2.432822,-34.440624,6.926768,-7.0248995,-13.207934
438,4.709503173828125,10.737360000610352,65.89695739746094,-1.3897392754775681,0.552361821382955,-53.02442115695974,9.679314,25.3509,-14.264988,30.22094,-30.993195,-15.000033,-42.95972,-13.650256,15.657018,37.46778,5.6620836,15.000033,-6.328377,-7.3623333,27.36214,-62.910122,-10.13174,-23.656244,-5.284054,0.9869698,3.8772693,12.574981,-39.004597,5.932009,3.7039435,-34.470093,6.4988484,-7.0122924,-12.9207735
439,4.931479454040527,10.486099243164062,65.19325256347656,-1.3874136399715657,0.41822994923171697,-54.35533050800972,12.487774,25.975939,-10.692084,27.725462,-33.098682,-15.000033,-43.959053,-12.560376,16.480814,39.332314,2.8480213,15.000033,-6.777165,-7.630979,26.705511,-60.81029,-10.129535,-23.954292,-5.9637966,1.2362318,3.6940129,12.068816,-37.529884,5.6601214,4.9252543,-34.45419,6.1055408,-6.9748225,-12.578258
440,5.093875885009766,10.266857147216797,64.58316040039062,-1.2532111228430132,0.2324649194524016,-55.18487231828435,14.783267,26.25662,-8.009244,25.650085,-34.673443,-15.000033,-44.819492,-11.895371,17.177755,41.284058,0.5161091,15.000033,-7.41953,-7.9860334,26.26173,-58.96791,-10.069261,-24.260073,-6.6998334,1.7106327,3.6949866,11.668259,-36.12477,5.2829404,5.931399,-34.561783,5.9491835,-6.8738627,-12.162937
441,5.203845977783203,10.045437812805176,64.09281158447266,-0.8882271555546588,-0.057308666434116216,-55.421445752675055,16.489647,26.165768,-6.3955383,24.051285,-35.651306,-15.000033,-45.55437,-11.773381,17.850233,43.439167,-1.1711259,15.000033,-8.29694,-8.569136,26.126545,-57.489952,-9.960847,-24.587816,-7.436415,2.5279753,3.9554162,11.424442,-34.787014,4.8045077,6.6418915,-34.843117,6.115809,-6.68351,-11.591907
442,5.264352798461914,9.787101745605469,63.7247200012207,-0.35008407071416464,-0.42700176928425715,-55.205860995688106,17.700651,25.85532,-5.4492207,22.82995,-36.15847,-15.000033,-46.2171,-12.084843,18.45046,45.77687,-2.4847918,15.000033,-9.365003,-9.337584,26.20987,-56.310852,-9.809539,-24.912577,-8.159382,3.65996,4.4025884,11.249449,-33.538414,4.222825,7.1340513,-35.224598,6.4887705,-6.424566,-10.895681
443,5.293009281158447,9.486160278320312,63.484901428222656,0.17865180789721558,-0.7941019650051077,-54.641984493954965,18.410612,25.551315,-5.1574497,21.993067,-36.298378,-15.000033,-46.695885,-12.671853,18.807041,47.981518,-3.57919,15.000033,-10.507533,-10.044309,26.366272,-55.323486,-9.6397,-25.253723,-8.904109,4.891982,4.9170723,11.078735,-32.321205,3.5751393,7.4969234,-35.70587,6.9357853,-6.129689,-10.225613
444,5.298141002655029,9.174517631530762,63.368797302246094,0.5209776754376916,-1.0715559260314347,-53.8286989312454,18.634323,25.461874,-5.4959183,21.543053,-36.168983,-15.000033,-46.889194,-13.38237,18.763435,49.757042,-4.6110206,15.000033,-11.623836,-10.44895,26.45962,-54.428547,-9.481973,-25.62488,-9.6748,6.017486,5.37861,10.855607,-31.090715,2.9046926,7.785918,-36.267784,7.3605914,-5.8342056,-9.714154
445,5.288312911987305,8.845051765441895,63.35756301879883,0.5757297865538763,-1.2287318421962947,-52.656028531711165,18.241486,25.697021,-6.778287,21.607138,-35.758133,-15.000033,-46.70845,-14.265987,18.166742,51.025696,-5.609026,15.000033,-12.793838,-10.414992,26.50609,-53.592392,-9.365591,-26.045296,-10.484527,7.0296044,5.7766523,10.602386,-29.778181,2.2504923,7.961415,-36.962696,7.7258034,-5.502489,-9.403636
446,5.263869762420654,8.49000358581543,63.43813705444336,0.460294491394962,-1.3143306699481367,-51.11385364002464,17.292744,26.106241,-8.909082,22.131159,-35.03901,-15.000033,-46.213093,-15.3810425,17.15047,51.956787,-6.509929,15.000033,-14.030052,-10.112094,26.580858,-52.90511,-9.294302,-26.498224,-11.264077,8.039544,6.1666336,10.336399,-28.433298,1.60556,7.9728827,-37.761223,8.1121435,-5.130396,-9.196943
447,5.209217071533203,8.096330642700195,63.59736251831055,0.3273934672757283,-1.3546020918974544,-49.44680452301715,16.070896,26.511904,-11.242078,22.847483,-34.027336,-15.000033,-45.540504,-16.594088,15.976677,52.619713,-7.2856865,15.000033,-15.120739,-9.713312,26.650557,-52.420662,-9.263635,-26.95753,-11.955448,9.004154,6.526085,10.001007,-27.117632,0.9766419,7.9796906,-38.599926,8.460851,-4.807983,-9.052697
448,5.12661075592041,7.678962707519531,63.83122634887695,0.33274506186991193,-1.3846728991941717,-47.901437057271565,14.864553,26.764666,-13.131764,23.509293,-32.772068,-15.000033,-44.841633,-17.770393,14.925023,53.085293,-7.930696,15.000033,-15.879052,-9.423156,26.644926,-52.197247,-9.252995,-27.383904,-12.484429,9.879586,6.832301,9.539362,-25.932495,0.35861814,8.103712,-39.37456,8.766034,-4.6231303,-8.917533
449,4.997908115386963,7.252835273742676,64.12833404541016,0.5324409601069077,-1.436450168290726,-46.53238692423981,13.773486,26.799154,-14.584806,24.029001,-31.187372,-15.000033,-44.119534,-18.895142,14.069989,53.341488,-8.464965,15.000033,-16.251093,-9.332911,26.502922,-52.19781,-9.236322,-27.797237,-12.820604,10.619088,7.0475464,8.939243,-25.004251,-0.2971108,8.304142,-39.97753,9.251838,-4.6253734,-8.73228
450,4.843459606170654,6.843254566192627,64.48678588867188,0.8413449841787495,-1.4893452944727765,-45.21131571005728,12.638235,26.699762,-15.895519,24.556189,-29.304222,-15.000033,-43.30715,-20.032452,13.264315,53.364994,-8.901042,15.000033,-16.332235,-9.289563,26.281513,-52.36631,-9.216979,-28.22459,-13.085179,11.240371,7.1936,8.235289,-24.17167,-0.94900423,8.664238,-40.565533,9.712512,-4.76556,-8.578186
451,4.660245418548584,6.441685676574707,64.90133666992188,1.2078079581198786,-1.5060711401867706,-43.91009550655742,11.333183,26.569008,-16.849035,25.210268,-27.27682,-15.000033,-42.481464,-21.1759,12.462521,53.214832,-9.185821,15.000033,-16.249416,-9.29878,26.001797,-52.813602,-9.177606,-28.571527,-13.231532,11.830577,7.33708,7.43576,-23.433445,-1.6252654,8.999031,-41.127728,10.103455,-4.9593363,-8.469852
452,4.450662612915039,6.059528350830078,65.35246276855469,1.5716905629717954,-1.4464818767433478,-42.60007214410237,9.736376,26.519072,-17.245394,26.101341,-25.28682,-15.000033,-41.710445,-22.309782,11.613844,52.949345,-9.277235,15.000033,-16.10163,-9.299116,25.714176,-53.619522,-9.111453,-28.766453,-13.290685,12.4661255,7.54247,6.548616,-22.680342,-2.3275404,9.273027,-41.75777,10.201461,-5.132344,-8.475826
453,4.215595722198486,5.6913533210754395,65.83787536621094,1.9606736682551273,-1.2868350335138612,-41.29509421074124,7.7993045,26.436203,-17.23929,27.317364,-23.293333,-15.000033,-41.00588,-23.450775,10.707739,52.515545,-9.198315,15.000033,-15.84632,-9.315845,25.382517,-54.84145,-9.01123,-28.769108,-13.253287,13.337354,7.8518534,5.403564,-21.929558,-3.0699043,9.492207,-42.474525,9.833657,-5.260664,-8.628917
454,3.968275785446167,5.324740409851074,66.35643768310547,2.382907536074074,-1.0607697737434585,-40.00585268956147,5.605334,26.327501,-16.90453,28.77594,-21.25418,-15.000033,-40.324764,-24.578377,9.75808,51.914246,-8.969539,15.000033,-15.4519825,-9.351857,25.005339,-56.41248,-8.873843,-28.631315,-13.127881,14.351572,8.209979,4.050351,-21.219444,-3.8616526,9.67324,-43.241714,9.154009,-5.3843617,-8.895796
455,3.703917980194092,4.979181289672852,66.8938217163086,2.7304251757988145,-0.8153527863642505,-38.705924004728,3.2321723,26.53168,-15.940061,30.35136,-19.377848,-15.000033,-39.645287,-25.603863,8.743527,51.288925,-8.544948,15.000033,-15.025658,-9.298033,24.68924,-58.2383,-8.704665,-28.412008,-12.961173,15.156014,8.552947,2.8304214,-20.463556,-4.6692004,9.821151,-44.07455,8.393554,-5.5248537,-9.243093
456,3.4356884956359863,4.645345687866211,67.44256591796875,2.878807749673457,-0.6015217486685119,-37.38098040276849,0.7794662,27.4377,-14.042664,31.936344,-17.905127,-15.000033,-38.934437,-26.414684,7.6400623,50.7814,-7.8784776,15.000033,-14.667009,-9.041503,24.542566,-60.235054,-8.515047,-28.160322,-12.779749,15.392193,8.840361,2.0908628,-19.596308,-5.4349327,9.939876,-44.9573,7.7834263,-5.703348,-9.627566
457,3.1625401973724365,4.3223371505737305,67.995361328125,2.6997090962772874,-0.42001133608290764,-36.010636156693124,-1.8317322,29.712181,-10.405519,33.631996,-17.110163,-15.000033,-38.114807,-26.92704,6.309339,50.386784,-6.940528,15.000033,-14.386004,-8.46235,24.599592,-62.482258,-8.309704,-27.83539,-12.583595,14.9517355,9.14102,1.9626622,-18.639536,-6.1298676,9.988757,-45.868618,7.4189086,-5.9331927,-10.028168
458,2.8819239139556885,4.016960620880127,68.5197982788086,2.237994932890696,-0.32340443326756774,-34.70672171527662,-4.254263,33.194714,-5.339238,35.513317,-17.080421,-15.000033,-37.149364,-27.091776,4.8362665,50.051937,-5.777789,15.000033,-14.044131,-7.629668,24.873732,-65.005844,-8.088544,-27.414612,-12.331293,14.027476,9.4572525,2.2544732,-17.648811,-6.7496305,9.987249,-46.775314,7.1539884,-6.197531,-10.457363
459,2.608442783355713,3.721386194229126,69.03374481201172,1.6873666194195711,-0.375046028653534,-33.57752408748952,-6.000075,36.839977,-0.2294857,37.389687,-17.521893,-15.000033,-36.150414,-26.984081,3.5490756,49.82438,-4.4359326,15.000033,-13.597951,-6.754573,25.371159,-67.640564,-7.8563137,-26.969976,-11.984054,12.711075,9.652545,2.827288,-16.609283,-7.2613616,10.040805,-47.6322,6.8478055,-6.479716,-10.921624
460,2.3441617488861084,3.4502604007720947,69.5508041381836,1.2648658724749116,-0.5230676529749327,-32.60060847088051,-7.1795974,39.39073,3.297241,39.00944,-17.749062,-15.000033,-35.32923,-26.80652,2.695753,49.748466,-2.9345222,15.000033,-13.133884,-6.055614,25.98723,-70.21875,-7.6162605,-26.58179,-11.497627,11.100597,9.591418,3.5344532,-15.511902,-7.6172748,10.260162,-48.389942,6.353024,-6.759763,-11.419766
461,2.0769004821777344,3.222226619720459,70.07737731933594,1.15534837881349,-0.64988276807219,-31.660901908739124,-8.27121,40.128895,4.602101,40.239895,-17.350012,-14.424167,-34.923725,-26.87733,2.2604024,49.890095,-1.0772796,15.000033,-12.770232,-5.6898537,26.626913,-72.838524,-7.352719,-26.259819,-10.871796,9.025373,9.156362,4.372551,-14.31603,-7.76058,10.694006,-49.0459,5.409997,-7.035571,-11.917552
462,1.8136945962905884,3.0113818645477295,70.5821304321289,0.9798837950993281,-0.8001021793446949,-30.817990845402637,-9.293103,40.122337,4.4983764,41.183216,-16.544518,-14.455017,-34.68286,-26.8166,1.9224746,50.188416,1.0901715,15.000033,-12.439997,-5.3238955,27.395136,-75.54756,-7.055128,-25.956003,-10.097837,6.5128155,8.416978,5.3805656,-13.101211,-7.6795716,11.320744,-49.552086,4.15413,-7.3063264,-12.404768
463,1.5514459609985352,2.810854196548462,71.04934692382812,0.7761560440008111,-0.9590807163917543,-30.011477801859627,-10.258697,39.599506,3.5191765,41.934563,-15.466442,-15.000033,-34.52604,-26.596003,1.9041047,50.546528,3.2180731,15.000033,-12.227796,-5.024798,28.166365,-78.07306,-6.740265,-25.705698,-9.156522,3.9593163,7.5343547,6.477082,-11.983497,-7.4114265,12.121775,-49.843697,3.0326118,-7.563747,-12.925299
464,1.3022304773330688,2.62819504737854,71.47474670410156,0.768904863200589,-1.069492667125923,-29.109516950776694,-11.228688,38.51813,2.3346572,42.61426,-14.274024,-15.000033,-34.47514,-26.397703,2.557545,50.873867,4.9629793,15.000033,-12.266206,-5.0129766,28.744877,-80.1408,-6.443618,-25.553387,-8.045885,1.7511122,6.689295,7.6058207,-11.040878,-7.021014,13.046799,-49.89945,2.5021691,-7.809813,-13.532181
465,1.0883684158325195,2.4553933143615723,71.85264587402344,0.8508297746830362,-1.1644783937893868,-28.141024709636973,-12.14109,36.918713,0.77199775,43.19648,-12.932727,-15.000033,-34.438755,-25.954842,4.049522,51.12907,6.2747188,15.000033,-12.535719,-5.17533,29.213821,-81.84144,-6.2021947,-25.506926,-6.58354,-0.23782669,5.866902,8.807376,-10.176247,-6.5266,14.123407,-49.72294,2.955482,-8.092667,-14.338283
466,0.903174638748169,2.292208194732666,72.1748275756836,1.028122877614067,-1.2665100473029027,-27.145591711629272,-12.887374,34.721878,-1.209076,43.68094,-11.514911,-15.000033,-34.393337,-25.343319,6.199836,51.356472,7.312516,15.000033,-12.966848,-5.503196,29.631517,-83.28633,-6.031294,-25.542488,-4.820736,-2.1264493,4.9896717,10.090187,-9.346872,-5.929972,15.34153,-49.357586,4.0685887,-8.42144,-15.285912
467,0.7634018063545227,2.1203408241271973,72.44092559814453,1.256238470049148,-1.3668975790717197,-26.1728273345458,-13.42229,32.425835,-3.0691395,44.188564,-10.230381,-15.000033,-34.27091,-24.714247,8.561457,51.58901,8.005512,15.000033,-13.48876,-5.9483514,29.793802,-84.11717,-5.930469,-25.607712,-3.1091003,-3.539618,4.1679077,11.379608,-8.742567,-5.2718244,16.613464,-48.704807,5.238005,-8.725937,-16.195051
468,0.6422642469406128,1.9216293096542358,72.64287567138672,1.471402688002671,-1.492604973489025,-25.250610161192725,-13.753188,30.520012,-4.410438,44.79513,-9.162955,-15.000033,-33.998734,-24.226513,10.670944,51.852715,8.298461,15.000033,-13.969589,-6.458704,29.793802,-84.26591,-5.8998203,-25.696894,-1.7672418,-4.116982,3.548593,12.64231,-8.44917,-4.6523905,17.765205,-48.021137,5.8626103,-8.907845,-16.89118
469,0.5351085066795349,1.717443585395813,72.76424407958984,1.6739094198672784,-1.6566870762490942,-24.380575322646184,-13.933811,29.047895,-5.224948,45.539055,-8.282784,-15.000033,-33.58916,-23.805634,12.642607,52.177467,8.132411,15.000033,-14.371306,-7.027247,29.793802,-83.82125,-5.965166,-25.808338,-0.78966,-3.478217,3.2653766,14.0676365,-8.434197,-4.13988,18.75533,-47.537422,5.850114,-8.958192,-17.374727
470,0.438823401927948,1.5010796785354614,72.81828308105469,1.8861273867830666,-1.85436583194669,-23.53887721898455,-13.985755,27.776384,-5.766672,46.364162,-7.497771,-15.000033,-33.057175,-23.417715,14.63468,52.5403,7.5525165,15.000033,-14.7281065,-7.649607,29.793802,-82.87874,-6.145773,-25.952374,-0.035018213,-1.9215773,3.2709794,15.630329,-8.575773,-3.7530346,19.627094,-47.250107,5.5153646,-8.915029,-17.751778
471,0.367386132478714,1.2487308979034424,72.81663513183594,2.082901070062155,-2.0260939566965206,-22.702861925931497,-13.973469,26.754042,-6.1092734,47.17335,-6.7013216,-15.000033,-32.47647,-23.276777,16.278067,52.8927,6.6815867,15.000033,-15.07795,-8.25281,29.492579,-81.26728,-6.4141383,-26.103874,0.34811172,-0.10914283,3.4105384,16.967043,-8.849413,-3.514395,20.381428,-46.963272,4.871883,-8.740271,-18.031197
472,0.3351842164993286,0.976814329624176,72.75421142578125,2.2179351198983843,-2.1974989184649787,-21.86096211484084,-13.843281,26.054953,-6.3348427,47.84627,-5.7919545,-15.000033,-31.839283,-23.577799,17.192791,53.174934,5.6498127,15.000033,-15.371346,-8.797274,28.996655,-79.15677,-6.71284,-26.29029,0.24074167,1.2963392,3.4964626,17.742386,-9.193454,-3.474574,20.969885,-46.830563,3.897141,-8.387963,-18.189257
473,0.33433473110198975,0.691702663898468,72.6304702758789,2.22561463670468,-2.388044683622843,-20.986695565414028,-13.688823,25.79584,-6.576287,48.609978,-4.3869686,-15.000033,-31.13296,-24.410797,17.112303,53.42834,4.2892866,15.000033,-15.642737,-9.235094,28.363375,-76.40467,-7.0047503,-26.468166,-0.63860255,2.0928378,3.405343,17.775467,-9.592822,-3.6700542,21.478853,-46.96135,2.463048,-7.8711915,-18.246387
474,0.3675789535045624,0.3818020224571228,72.45406341552734,2.132275204108156,-2.591226511732933,-20.09141019406875,-13.496159,25.896774,-6.8314776,49.42758,-2.650586,-15.000033,-30.356037,-25.656233,16.264011,53.66652,2.5920668,15.000033,-15.928923,-9.577343,27.593693,-72.97838,-7.2773886,-26.649506,-2.2140412,2.6244054,3.23741,17.276264,-10.067932,-4.116234,21.93464,-47.321175,0.62221235,-7.21085,-18.197287
475,0.44376710057258606,0.08189567923545837,72.2106704711914,2.0336209038964372,-2.7810866145656292,-19.22073039813148,-13.062364,26.143572,-6.952573,49.79336,-1.3076234,-15.000033,-29.525656,-27.182623,15.011322,53.777214,0.93691164,15.000033,-16.183233,-9.862936,26.659609,-69.17283,-7.512827,-26.920975,-4.0895853,3.0548844,3.1179826,16.506634,-10.5901375,-4.8537884,22.207312,-47.822033,-1.3680526,-6.3792186,-17.98477
476,0.5704742670059204,-0.1978103071451187,71.90221405029297,2.043806437269153,-2.9236184951173314,-18.422373746854053,-12.184918,26.337143,-6.7087636,49.200806,-1.0580484,-15.000033,-28.69672,-28.851763,13.751963,53.650795,-0.27709952,15.000033,-16.342611,-10.1445265,25.52489,-65.30922,-7.691314,-27.34907,-5.846754,3.5560908,3.1764736,15.733336,-11.099136,-5.9403768,22.162579,-48.40747,-3.250109,-5.355385,-17.560118
477,0.7569714188575745,-0.41608190536499023,71.4994888305664,2.3074513266657926,-3.008311733764809,-17.659832293223072,-10.57257,26.30157,-5.8495903,47.082245,-2.3398669,-15.000033,-27.96789,-30.907387,12.563201,53.29617,-0.731392,15.000033,-16.475306,-10.558469,24.071764,-61.268993,-7.81904,-27.873373,-7.486504,4.1521945,3.4798028,15.0037155,-11.506072,-7.418883,21.971617,-49.198807,-4.9733663,-4.143875,-16.96687
478,0.9701991677284241,-0.6214519739151001,71.03977966308594,2.7546152261949692,-3.0659413946858503,-16.908351460161608,-8.371548,26.074163,-4.546531,43.77809,-4.6527557,-15.000033,-27.242065,-33.358326,11.224958,52.765163,-0.7183529,15.000033,-16.6064,-11.047743,22.365301,-56.945946,-7.897429,-28.43853,-9.223763,4.7662764,3.9474337,14.179929,-11.824706,-9.307795,21.677551,-50.23447,-6.6752667,-2.7699113,-16.213036
479,1.193191409111023,-0.8313309550285339,70.55117797851562,3.1754361568701417,-3.0964749663950264,-16.261520387297157,-6.0475316,25.840166,-3.1427264,40.149372,-7.2543154,-15.000033,-26.36913,-35.673153,9.739011,52.011253,-0.69639623,15.000033,-16.569107,-11.389216,20.618658,-52.70548,-7.888565,-29.10688,-10.93248,5.423921,4.4885736,13.255525,-12.120136,-11.633909,20.952291,-51.36054,-8.398636,-1.2456069,-15.19738
480,1.4101954698562622,-1.074329137802124,70.05683135986328,3.335560794369547,-3.074739981626917,-15.837169578812171,-4.134749,25.917854,-1.9342674,37.19856,-9.481201,-15.000033,-25.257652,-37.264168,8.145677,50.986595,-1.106109,15.000033,-16.16426,-11.349731,19.030954,-48.90787,-7.737078,-29.958496,-12.476549,6.1449986,5.0127726,12.2292795,-12.414689,-14.438054,19.45218,-52.448208,-10.198003,0.4074494,-13.814155
481,1.5987074375152588,-1.3658145666122437,69.5616455078125,2.9994971233194287,-2.9414829160666955,-15.708630625843977,-2.7422369,26.72207,-0.85609794,35.076153,-11.362021,-15.000033,-23.724958,-37.700558,6.278776,49.431187,-2.1010597,15.000033,-15.307519,-10.725463,17.572374,-45.525684,-7.4013352,-31.059256,-13.836823,6.9361176,5.5059123,11.0634365,-12.496759,-17.790022,16.844528,-53.844215,-12.2801895,2.258336,-11.723422
482,1.7525253295898438,-1.6646089553833008,69.09432220458984,2.343387932918093,-2.718328500991585,-15.799437221599675,-1.6075206,28.00792,0.2434239,33.323933,-13.195134,-15.000033,-21.951681,-37.25385,4.365839,47.455803,-3.44545,15.000033,-14.056434,-9.6864195,16.185501,-42.403614,-6.88557,-32.383995,-15.142083,7.777983,6.0112743,9.783209,-12.067451,-21.733856,13.238062,-55.768826,-14.605297,4.220547,-9.081905
483,1.879486083984375,-1.9759231805801392,68.63516235351562,1.738823986785883,-2.5009663358061314,-16.011902105533984,-0.7313876,29.22927,1.2293729,32.094868,-14.773423,-15.000033,-20.394516,-36.453205,2.9752276,45.58201,-5.0091743,15.000033,-12.405668,-8.552062,15.030399,-39.723072,-6.2071166,-33.904144,-16.458103,8.641964,6.5251465,8.477542,-10.964207,-26.238827,8.836443,-57.882366,-16.806858,6.093652,-6.561937
484,1.9740320444107056,-2.2862231731414795,68.19214630126953,1.5519530893910656,-2.3679543245204737,-16.274627521522284,-0.14265968,29.8664,1.9442465,31.570595,-15.917685,-15.000033,-19.460236,-35.95642,2.4556022,44.328205,-6.617018,15.000033,-10.340461,-7.6381354,14.250864,-37.66992,-5.386387,-35.596844,-17.818085,9.494026,7.045318,7.2310996,-9.10802,-31.202065,3.7682898,-59.70397,-18.45084,7.769526,-4.8548164
485,2.0377137660980225,-2.556849718093872,67.7828598022461,1.9297729231247578,-2.3547110132469298,-16.57687377616749,0.15031236,29.754396,2.3652844,31.856318,-16.654915,-15.000033,-19.254885,-36.025238,2.9039803,43.882862,-8.321672,15.000033,-7.789686,-7.0878854,13.703499,-36.30688,-4.412367,-37.588005,-19.061125,10.276059,7.5718517,6.0429826,-7.144934,-36.540684,-2.3171947,-60.000134,-18.94251,8.934147,-4.6085596
486,2.0568594932556152,-2.7944867610931396,67.43045806884766,2.656872277105019,-2.4072846853714958,-16.96288657441832,0.14373745,29.217913,2.5521343,32.86036,-17.081205,-15.000033,-19.546783,-36.35422,4.0336394,43.94599,-10.163953,15.000033,-4.8688188,-6.708779,13.469766,-35.540874,-3.2980757,-39.867638,-20.255594,11.16379,8.117288,4.8923707,-4.1262116,-42.103043,-9.749157,-60.000134,-18.71529,10.018426,-5.3853893
487,2.027101516723633,-2.9849987030029297,67.14661407470703,3.5478047719701515,-2.4620073274783922,-17.46696582390509,-0.18619281,28.491014,2.4976957,34.479034,-17.11918,-15.000033,-20.219564,-36.78649,5.501207,44.283016,-11.881293,15.000033,-1.7118175,-6.184256,13.568134,-35.255157,-2.032946,-41.976444,-21.611603,11.970547,8.654478,3.7356198,0.46273676,-47.60289,-18.286963,-60.000134,-18.449867,11.481616,-6.2575407
488,1.9669722318649292,-3.1457107067108154,66.93302154541016,4.418720971230742,-2.459472315785403,-18.11877756593907,-0.85423845,27.794455,2.1898627,36.60442,-16.692314,-15.000033,-21.156181,-37.15346,6.9822965,44.6693,-13.228295,15.000033,1.4476639,-5.2842813,13.938202,-35.09852,-0.64042866,-43.604824,-23.377697,12.7616825,9.158613,2.5962026,6.59113,-52.69594,-27.44527,-60.000134,-18.886982,13.792987,-6.1076646
489,1.8714377880096436,-3.2879676818847656,66.7746810913086,5.312362304404911,-2.3664423541309807,-18.93287850409775,-2.0113866,27.064817,1.5469015,39.455868,-15.589495,-15.000033,-22.480053,-37.512474,8.45727,45.13996,-14.105762,15.000033,4.693673,-4.504486,14.256686,-35.24678,0.83309823,-44.9237,-24.831154,13.802473,9.6476,1.5075518,12.417967,-57.438526,-35.832314,-57.923138,-21.019846,16.866703,-3.7871642
490,1.7733324766159058,-3.422267436981201,66.66473388671875,6.305729734987895,-2.212193136300874,-19.88629974807111,-3.5631282,26.184277,0.661466,42.954735,-13.870169,-15.000033,-24.21973,-37.907608,10.092199,45.7706,-14.648361,15.000033,7.9882884,-3.9693112,14.545215,-35.89399,2.3907564,-45.960106,-25.800268,14.967322,10.128534,0.4352778,18.01293,-62.134167,-43.510937,-53.91225,-24.668276,20.216291,0.15762179
491,1.6704425811767578,-3.5456604957580566,66.58999633789062,7.271008348400142,-2.0519908968749387,-20.956817107639434,-5.155406,25.289083,-0.26530758,46.571712,-11.901022,-15.000033,-26.090246,-38.161617,11.843551,46.422268,-14.966745,15.000033,11.065514,-3.4278612,14.904196,-36.56662,4.00257,-46.69574,-26.78354,15.929269,10.574989,-0.5507955,23.705051,-66.77676,-50.71513,-48.520615,-28.754066,22.991722,4.5619655
492,1.5817490816116333,-3.6428589820861816,66.54086303710938,8.073863788037732,-1.9505535669359244,-22.129863864972968,-6.456641,24.537085,-1.0970316,49.816837,-10.086778,-15.000033,-27.783005,-38.109127,13.640087,46.96999,-15.167423,15.000033,13.63786,-2.8243911,15.316203,-36.90076,5.6030474,-47.087856,-27.962723,16.33051,10.974428,-1.375575,28.89604,-71.35569,-56.91796,-41.599926,-31.964693,24.448242,8.0773115
493,1.497783899307251,-3.714761257171631,66.50569915771484,8.664980197378792,-1.9480025046738334,-23.36810498825798,-7.6168466,23.984507,-2.0203574,52.82761,-8.371334,-15.000033,-29.186104,-37.71694,15.435764,47.434555,-15.234977,15.000033,15.785756,-2.1070158,15.862547,-36.840916,7.12992,-47.127167,-29.233973,15.799168,11.339986,-1.928603,33.86432,-75.95031,-62.042225,-32.642612,-33.85251,24.552446,10.327983
494,1.4292967319488525,-3.77038836479187,66.46661376953125,9.121325369621392,-2.0039226952271068,-24.694444673706165,-8.737437,23.508045,-3.0793407,55.78241,-6.6040616,-15.000033,-30.445885,-37.07444,17.248343,47.873165,-15.128103,15.000033,17.625473,-1.3672462,16.517992,-36.634132,8.553446,-46.855366,-30.407574,14.621686,11.694312,-2.269461,38.835537,-80.62716,-66.36991,-22.05987,-35.002106,23.839993,11.839689
495,1.3912591934204102,-3.798332452774048,66.42448425292969,9.485331484107785,-2.0652794720456695,-26.188031429468793,-9.454366,23.073175,-3.948113,58.29957,-5.050696,-15.000033,-31.614382,-36.200005,19.080574,48.220684,-14.937044,15.000033,18.978786,-0.7799647,17.177946,-36.41209,9.855927,-46.35119,-31.527243,13.441473,12.038542,-2.5796173,42.67485,-85.2802,-69.545364,-11.242129,-35.51802,22.589926,12.573917
496,1.399632453918457,-3.8069825172424316,66.37999725341797,9.791435622643055,-2.0778008492613815,-27.92650173307353,-9.4187155,22.698122,-4.290619,60.005802,-3.9839501,-15.000033,-32.743557,-35.108074,20.931143,48.41383,-14.753202,15.000033,19.773138,-0.51207274,17.820452,-36.383717,11.027172,-45.76906,-32.67535,12.892239,12.370473,-3.048301,43.80533,-89.45836,-70.828995,-1.7977288,-35.53883,20.998503,12.559439
497,1.4491453170776367,-3.797255516052246,66.33212280273438,10.040077520261859,-2.075528500411845,-29.963414551702197,-8.458476,22.427748,-4.0286775,60.75671,-3.4885569,-15.000033,-33.795803,-33.79102,22.844368,48.42444,-14.6018915,15.000033,20.258816,-0.609054,18.698818,-36.611107,12.007372,-45.361,-34.093132,13.131576,12.658878,-3.7411528,41.874092,-92.35268,-70.07733,6.062518,-35.106495,18.645866,11.472408
498,1.5614537000656128,-3.7748966217041016,66.28094482421875,10.202425968652497,-2.077017867360387,-32.2463004042589,-6.80461,22.268085,-3.3493106,60.782944,-3.4224997,-15.000033,-34.732365,-32.247257,24.788105,48.29139,-14.437416,15.000033,20.635317,-0.91129893,19.849174,-37.13073,12.726316,-45.184578,-35.648315,13.808649,12.903224,-4.5271387,37.795803,-93.80057,-67.84374,12.6195965,-34.137985,15.573147,9.570159
499,1.7292611598968506,-3.755415916442871,66.21514129638672,10.261819847813767,-2.0060127558742358,-34.69628070140274,-4.712555,22.192816,-2.3055062,60.26871,-3.7171643,-15.000033,-35.611794,-30.502626,26.657425,48.04465,-14.238796,15.000033,20.780346,-1.1236615,20.96987,-38.04496,13.176242,-45.043156,-37.084896,14.767131,13.1331005,-5.326791,31.69725,-94.45757,-64.161476,17.194311,-32.464443,12.516385,7.7767725
500,1.9395757913589478,-3.732114315032959,66.14151763916016,10.199788521402887,-1.7835307886008163,-37.235246805917434,-2.4392445,22.172255,-0.9461997,59.400642,-4.304593,-15.000033,-36.50981,-28.582106,28.358418,47.710613,-13.984542,15.000033,20.61909,-1.0168618,21.80548,-39.534317,13.409462,-44.7532,-38.180702,15.809824,13.392269,-6.0709968,23.062267,-94.71925,-58.35274,18.997858,-29.86775,10.201494,6.879415
501,2.180999994277954,-3.701141119003296,66.05239868164062,10.056587607827899,-1.3614051176118107,-39.91665423373686,0.10480832,22.15627,0.93058485,58.072895,-5.2254004,-15.000033,-37.539093,-26.509565,29.96426,47.24031,-13.668279,15.000033,20.123693,-0.56526834,22.2753,-41.499405,13.424243,-44.20245,-39.23403,17.0528,13.668348,-6.8363314,10.313668,-94.56927,-49.34254,17.43263,-25.713377,9.097959,6.9583654
502,2.452634572982788,-3.6528353691101074,65.95280456542969,9.817798077784563,-0.805504575980638,-42.762928710361706,3.0268655,22.10037,3.2881618,56.212624,-6.4809794,-15.000033,-38.63475,-24.292732,31.514952,46.61824,-13.293301,15.000033,19.308798,0.033584546,22.442299,-43.840508,13.192984,-43.493275,-40.18364,18.563126,13.940298,-7.611741,-7.0033913,-93.814445,-36.514454,13.909243,-20.151812,8.921382,7.3413253
503,2.7288050651550293,-3.5959343910217285,65.84326934814453,9.384582096759473,-0.20821987573246864,-45.65246580527413,6.091412,22.030348,5.737728,54.070023,-7.9508095,-15.000033,-39.638012,-21.938238,32.863857,45.917587,-12.833682,15.000033,18.114712,0.72750676,22.332417,-46.774544,12.809542,-42.63816,-40.39133,20.020018,14.252395,-8.231294,-27.167784,-92.195786,-20.599121,10.415586,-14.221968,9.210208,7.647421
504,3.005643844604492,-3.526857376098633,65.72411346435547,8.663413861126998,0.33836779516404875,-48.463543065670926,9.056126,22.043821,7.9201202,51.918087,-9.525892,-15.000033,-40.407898,-19.44109,33.86116,45.21176,-12.258088,15.000033,16.511454,1.7011061,22.103104,-50.450054,12.506195,-41.533802,-39.619007,21.013329,14.640559,-8.561891,-46.862316,-89.52516,-3.9697924,8.602433,-8.978975,9.268058,7.8347645
505,3.3044581413269043,-3.4572739601135254,65.5968246459961,7.59624061580256,0.8233639573376998,-51.199468323586366,11.960123,22.19736,9.830444,49.679928,-11.30247,-15.000033,-40.935684,-16.742798,34.47062,44.47238,-11.527429,15.000033,14.552621,3.1910386,21.889265,-54.84632,12.493189,-40.11414,-38.448128,21.428324,15.137854,-8.470931,-62.748085,-85.580345,10.11228,8.067392,-4.411279,8.835035,8.164561
506,3.6181893348693848,-3.402855157852173,65.46729278564453,6.255837631576611,1.2779270876881401,-53.911923823235824,14.905252,22.453274,11.707242,47.25808,-13.284262,-15.000033,-41.339413,-13.896945,34.79494,43.629963,-10.640857,15.000033,12.312583,4.873226,21.704483,-59.924606,12.891963,-38.624744,-36.99992,21.458487,15.703953,-8.05125,-72.733925,-80.31099,18.73047,7.314347,-0.20319384,8.237326,8.605423
507,3.9350125789642334,-3.366523504257202,65.3389663696289,4.754362771160245,1.6829271856711705,-56.55109892086355,17.74227,22.813921,13.562576,44.908924,-15.250532,-15.000033,-41.674435,-11.048012,34.889153,42.712246,-9.637898,15.000033,9.821279,6.13688,21.629776,-65.73031,13.817518,-37.73172,-34.568226,21.296486,16.263838,-7.456033,-76.70658,-74.24338,21.509298,5.8585024,3.0658934,7.551294,9.111789
508,4.231903553009033,-3.3530209064483643,65.21424865722656,3.1998204229073246,2.022544210313794,-59.07045467024516,20.321192,23.2846,15.3741,42.900284,-17.004002,-15.000033,-41.974842,-8.32324,34.791138,41.763073,-8.563145,15.000033,7.1205134,6.7270722,21.785128,-72.12788,15.336713,-38.01458,-30.861895,21.065922,16.749323,-6.7909393,-76.95914,-68.03886,20.690813,3.8379536,5.168187,6.881595,9.645309
509,4.505721569061279,-3.3560433387756348,65.08846282958984,1.559911628747357,2.2874932363602323,-61.50036665862665,22.646214,23.902973,17.078098,41.23666,-18.549236,-15.000033,-42.245552,-5.668096,34.40965,40.83196,-7.3851056,15.000033,4.258168,6.840233,22.25885,-79.438065,17.502668,-39.61431,-26.337593,20.59234,17.264177,-6.069076,-75.17444,-62.10689,18.410461,1.282705,6.137401,6.2711844,10.268435
510,4.7571539878845215,-3.3460144996643066,64.95283508300781,-0.18830466521504036,2.481002376166178,-63.85087755336146,24.787802,24.665464,18.719791,39.813442,-20.02264,-15.000033,-42.473747,-3.041354,33.757072,39.87219,-6.091661,15.000033,1.2101126,6.676326,23.066206,-87.54165,20.220488,-42.5267,-21.55003,19.703575,17.798922,-5.1168823,-72.013405,-56.510147,15.574964,-2.1025925,6.446796,5.6791377,10.974653
511,4.986968040466309,-3.3356070518493652,64.80835723876953,-1.9351781635471987,2.612876833025159,-66.05054525176675,26.694202,25.528816,20.387093,38.749706,-21.430561,-15.000033,-42.64308,-0.56261474,33.014744,38.813797,-4.773798,15.000033,-2.0356748,6.3286858,24.134092,-95.421974,23.226704,-46.63004,-16.559721,18.565668,18.091057,-3.8638446,-68.304016,-51.186543,12.839695,-5.980235,6.6393986,5.088298,11.575479
512,5.170594215393066,-3.3260278701782227,64.65985107421875,-3.584810650251357,2.698900860876511,-68.03226115002761,28.325584,26.462055,22.146572,38.15881,-22.752033,-15.000033,-42.718964,1.6603823,32.362,37.58122,-3.5151987,15.000033,-5.4418206,5.9592857,25.304907,-102.102554,26.234322,-51.481762,-11.101717,17.497477,17.868767,-2.3420432,-64.88698,-46.087227,10.74057,-9.636964,7.1524534,4.472119,11.921434
513,5.330330848693848,-3.319279432296753,64.50438690185547,-5.163843385379874,2.758105429822469,-69.80326661930076,29.657572,27.529224,24.0088,38.152336,-23.953814,-15.000033,-42.639202,3.6523798,31.826357,36.08275,-2.3151448,15.000033,-8.935072,5.644797,26.527832,-107.74494,29.118414,-57.127438,-4.392176,16.79025,17.14585,-0.58241683,-61.779644,-41.252197,9.346992,-12.56026,8.16532,3.769703,11.979899
514,5.471475601196289,-3.3063406944274902,64.33483123779297,-6.711179709974289,2.784179821965405,-71.39302367168385,30.737864,28.756573,25.895908,38.649876,-25.06479,-15.000033,-42.41589,5.4733496,31.32322,34.3868,-1.140118,15.000033,-12.443983,5.3519874,27.798487,-112.98544,31.851349,-63.56832,3.3873994,16.38187,16.030647,1.3249179,-58.46905,-36.73826,8.461578,-15.021308,9.399704,2.9927468,11.862493
515,5.58905029296875,-3.2937846183776855,64.14802551269531,-8.153130880296807,2.765510059085075,-72.76826965414952,31.631304,30.059378,27.73389,39.47877,-26.128744,-15.000033,-42.135075,7.0740414,30.852646,32.696175,-0.038245816,15.000033,-15.876117,5.068325,29.04097,-117.62812,34.37498,-70.21418,11.480718,16.148836,14.428217,3.240291,-55.12393,-32.556664,8.017635,-17.179655,10.549259,2.2294726,11.640368
516,5.685582160949707,-3.2770254611968994,63.954383850097656,-9.391523874034485,2.8005647491938737,-73.90984936552057,32.23301,31.334137,29.42566,40.531723,-27.202915,-15.000033,-41.999516,8.389447,30.438002,31.218061,0.94196135,15.000033,-19.147047,4.8366494,29.793802,-121.0425,36.611477,-76.36219,19.364096,15.98353,12.24142,5.070316,-51.892982,-28.656815,8.046321,-18.955885,11.318993,1.5530994,11.357003
517,5.7649126052856445,-3.2440130710601807,63.75130844116211,-10.417083205001342,2.9805952536328157,-74.81880636366166,32.397152,32.63344,30.952887,41.931625,-28.322763,-15.000033,-42.12215,9.410329,30.040844,30.021477,1.7919425,15.000033,-22.32677,4.7443147,29.793802,-122.668594,38.500187,-82.69825,28.377739,16.136202,8.993635,6.839883,-48.84135,-25.013874,8.543088,-19.93924,11.442405,0.9903588,10.901924
518,5.8229756355285645,-3.185792922973633,63.550655364990234,-11.310731565540603,3.1323106008274357,-75.50495301061426,32.399868,34.004078,32.397583,43.614483,-29.405684,-15.000033,-42.258327,10.235614,29.640062,29.060688,2.4849265,15.000033,-25.343458,4.6136317,29.793802,-123.620285,40.060364,-89.6234,38.81849,16.636356,5.0295877,8.545765,-45.87985,-21.661037,9.1300745,-20.484156,11.144725,0.5200492,10.268946
519,5.8702239990234375,-3.0909934043884277,63.359100341796875,-12.032951798419626,3.224982322464336,-75.99709398031455,32.348156,35.282173,33.728115,45.336693,-30.379211,-15.000033,-42.378464,10.854649,29.284653,28.328592,3.0312996,15.000033,-27.987291,4.289259,29.793802,-124.42686,41.31041,-95.50379,48.401226,16.928343,1.3491518,10.134965,-42.870014,-18.549562,9.652676,-21.022034,10.927823,0.10303368,9.6659565
520,5.908553123474121,-2.9571852684020996,63.17523193359375,-12.543758859265742,3.2346705980687878,-76.32024490667307,32.318657,36.31372,34.90827,46.86632,-31.179123,-15.000033,-42.45587,11.2531,29.027418,27.804987,3.446737,15.000033,-30.160936,3.683628,29.793802,-125.17722,42.290222,-98.41262,54.940845,16.365513,-1.2379541,11.493812,-39.84364,-15.637094,10.115772,-21.866777,11.281198,-0.29709658,9.316922
521,5.939566135406494,-2.7841787338256836,63.012908935546875,-12.810563107033843,3.1911353818130346,-76.44849688847574,32.204613,37.09303,35.884,48.254276,-31.776855,-15.000033,-42.535645,11.394925,28.876371,27.536991,3.706191,15.000033,-31.87534,2.763079,29.793802,-125.61489,43.060272,-97.17407,58.231335,14.286639,-2.6530979,12.447927,-36.82083,-12.933158,10.530455,-23.080635,12.579455,-0.6834786,9.338056
522,5.967990875244141,-2.5776116847991943,62.871612548828125,-12.875670596888886,3.124283798839855,-76.38019404267787,31.949127,37.714935,36.68152,49.609528,-32.212265,-15.000033,-42.63444,11.301753,28.79204,27.504318,3.8212926,15.000033,-33.17585,1.660524,29.793802,-125.39616,43.666214,-92.820885,59.635403,11.108793,-3.4389117,13.087342,-33.826412,-10.511865,10.885504,-24.503254,14.512152,-1.0134186,9.586965
523,5.996742248535156,-2.348066568374634,62.75167465209961,-12.802931387965877,3.0203219747486134,-76.17547310500338,31.674738,38.177124,37.377117,50.806282,-32.539257,-15.000033,-42.69695,11.039438,28.762909,27.585962,3.8609295,15.000033,-34.07823,0.54729325,29.793802,-124.42589,44.120724,-86.73529,59.498695,7.791555,-3.7813816,13.717481,-30.925346,-8.384818,11.23342,-26.10179,16.482368,-1.2648405,9.890404
524,6.036682605743408,-2.098720073699951,62.645713806152344,-12.655651518631684,2.855939701092008,-75.89422689752072,31.519785,38.472355,38.04869,51.710037,-32.806675,-15.000033,-42.66212,10.673807,28.771454,27.664476,3.896359,15.000033,-34.653088,-0.43311164,29.793802,-122.66829,44.41664,-80.322075,58.011944,5.302713,-3.8548937,14.621576,-28.248043,-6.522938,11.656165,-27.759647,17.886507,-1.4397137,10.079957
525,6.0762739181518555,-1.827549934387207,62.56134033203125,-12.422814516591707,2.6007700251590604,-75.55769178212606,31.54661,38.56648,38.744408,52.288155,-32.99237,-15.000033,-42.512512,10.2253065,28.867708,27.760002,3.906363,15.000033,-34.922695,-1.3022838,29.793802,-120.13503,44.51771,-73.33915,54.52204,3.8696687,-3.4988031,16.19547,-25.839146,-4.8452554,12.1857815,-29.44049,18.448849,-1.5094646,10.148169
526,6.115033149719238,-1.5333667993545532,62.49208450317383,-12.084966260721052,2.267962104605511,-75.13046458912926,31.667946,38.477657,39.40947,52.610634,-33.08096,-15.000033,-42.27827,9.650225,29.024782,27.905697,3.8790848,15.000033,-34.903244,-2.1233344,29.793802,-117.06847,44.368355,-65.302155,49.00937,2.9248252,-2.6533878,18.232033,-23.678032,-3.3087356,12.788364,-31.130707,18.467688,-1.4892774,10.169125
527,6.152256011962891,-1.2202523946762085,62.45106887817383,-11.69128549305272,1.896036635758502,-74.5891327463997,31.805122,38.271507,39.96357,52.69784,-33.12796,-15.000033,-41.95849,8.941847,29.178482,28.03294,3.8494287,15.000033,-34.69913,-2.8545918,29.793802,-113.655304,43.935665,-57.207092,42.623684,2.2600353,-1.6303438,20.052156,-21.879747,-1.9527724,13.425599,-32.681934,18.285755,-1.4593778,10.110233
528,6.20866060256958,-0.9011096954345703,62.43789291381836,-11.287696114416043,1.5291679321807645,-73.91027042871448,31.875662,38.0087,40.32515,52.567425,-33.19247,-15.000033,-41.560112,8.086864,29.24651,28.069973,3.8621593,15.000033,-34.439777,-3.4765956,29.793802,-109.94639,43.214146,-50.03254,36.5786,1.7148534,-0.76446867,20.961058,-20.564264,-0.81023324,14.090754,-33.96733,18.268776,-1.5052298,9.929134
529,6.2588982582092285,-0.569908618927002,62.45459747314453,-10.88116257272091,1.1428376826810906,-73.0967722493512,31.950243,37.673004,40.545223,52.152924,-33.297592,-15.000033,-41.063534,7.0993977,29.239136,28.033419,3.9009757,15.000033,-34.16558,-3.9820142,29.793802,-105.60332,42.165623,-43.834923,30.860085,1.3824232,-0.06497215,20.599329,-19.876118,0.1509795,14.9073515,-34.87836,18.584835,-1.7129167,9.5027075
530,6.310149192810059,-0.2257327139377594,62.50510787963867,-10.452610360467784,0.7187057952820116,-72.15921878417153,32.046486,37.23606,40.629032,51.46106,-33.417892,-15.000033,-40.47048,5.978587,29.182915,27.948273,3.954357,15.000033,-33.841927,-4.4068413,29.793802,-100.69953,40.720863,-38.158276,24.87043,1.3051466,0.63783497,19.425364,-19.733313,0.98098713,15.850144,-35.491787,19.018515,-2.025173,8.886655
531,6.351955890655518,0.1234619989991188,62.59223175048828,-10.003359495322131,0.31471080466695484,-71.08645263343034,32.00604,36.739212,40.434208,50.62093,-33.537685,-15.000033,-39.819183,4.698543,29.04082,27.766281,4.0553412,15.000033,-33.459488,-4.78597,29.793802,-95.79026,38.87272,-33.17417,19.01247,1.3103439,1.2481669,17.947746,-19.885593,1.6756963,16.701881,-36.00848,19.337334,-2.3092744,8.301735
532,6.3807196617126465,0.4747277498245239,62.71678161621094,-9.531964949948776,-0.008828380443685563,-69.86699623987215,31.673296,36.22566,39.831097,49.7665,-33.636196,-15.000033,-39.150238,3.233376,28.776493,27.442461,4.238156,15.000033,-32.98614,-5.146989,29.793802,-91.416176,36.685997,-29.062819,13.749467,1.2393827,1.6732596,16.654385,-20.07498,2.2007413,17.232958,-36.64571,19.315874,-2.4248133,7.965409
533,6.387332916259766,0.8200103640556335,62.879295349121094,-9.009748119176098,-0.23082550822761708,-68.45831545015021,30.997019,35.682137,38.7523,48.887535,-33.723927,-15.000033,-38.458115,1.5446297,28.420002,26.979628,4.447391,15.000033,-32.432156,-5.4957,29.793802,-87.39868,34.23666,-25.869286,9.0825205,1.1049746,1.8571428,15.565496,-20.357924,2.507534,17.412403,-37.458004,18.761463,-2.2739336,8.000331
534,6.382828712463379,1.1740400791168213,63.06324005126953,-8.441351700768466,-0.39230087142418435,-66.88131059036414,30.090824,35.080513,37.290585,47.92526,-33.80878,-15.000033,-37.721783,-0.3435435,27.9634,26.39854,4.6919646,15.000033,-31.7954,-5.7952933,29.793802,-83.30793,31.566687,-23.445995,4.6745768,1.0023685,1.8525269,14.440004,-20.806658,2.586581,17.345575,-38.363472,17.844442,-1.955467,8.268612
535,6.3876261711120605,1.5334585905075073,63.2891731262207,-7.869343405692966,-0.5215102151330845,-65.2175287561551,29.043468,34.446564,35.5698,46.94333,-33.861073,-15.000033,-36.949135,-2.3402207,27.365314,25.702309,5.068348,15.000033,-31.02011,-6.003899,29.793802,-79.31802,28.750307,-21.661766,0.54692656,0.9077528,1.7393532,13.334038,-21.19887,2.4576037,17.00024,-39.370457,16.88355,-1.6168216,8.599184
536,6.405405044555664,1.8968900442123413,63.55553436279297,-7.33892240467086,-0.6405759255129855,-63.546916154923075,27.931206,33.811333,33.709446,46.00895,-33.852135,-15.000033,-36.15153,-4.3557158,26.576931,24.895441,5.672496,15.000033,-30.065418,-6.088745,29.793802,-75.68238,25.880642,-20.375755,-3.2096446,0.78499395,1.5998102,12.290092,-21.328007,2.1648133,16.35351,-40.467697,16.199093,-1.3969433,8.814216
537,6.4202399253845215,2.2708122730255127,63.8554573059082,-6.854914886193164,-0.7603490781756519,-61.834577474036934,26.778393,33.162136,31.670538,45.05074,-33.78829,-15.000033,-35.26876,-6.4324617,25.505442,23.928394,6.490469,15.000033,-28.973244,-6.072247,29.793802,-72.27432,23.047066,-19.59368,-6.5583377,0.51622194,1.421691,11.276286,-21.137642,1.7358854,15.357497,-41.630104,15.789564,-1.3075442,8.928499
538,6.422787666320801,2.657008409500122,64.17752075195312,-6.350400975138909,-0.7521636257889879,-60.062149627462745,25.394236,32.44859,29.394373,44.11319,-33.69176,-15.000033,-34.431232,-8.625119,24.227089,22.82621,7.4878874,15.000033,-27.956387,-5.951137,29.253206,-68.47207,20.295803,-19.258062,-9.535511,0.11168636,1.1453298,10.24494,-20.86011,1.2402029,14.170947,-42.319695,15.558346,-1.3111136,8.975353
539,6.418280124664307,3.0429375171661377,64.53278350830078,-5.878362947704569,-0.7050795053230814,-58.31370264949188,23.91907,31.748774,27.045275,43.325066,-33.513424,-15.000033,-33.628464,-10.757984,22.86432,21.735332,8.690145,15.000033,-26.871962,-5.742756,28.687626,-64.93407,17.69348,-19.28388,-12.162822,-0.23870791,0.86709654,9.207687,-20.614483,0.6949702,12.865299,-42.907516,15.538343,-1.3854575,8.913532
540,6.421147346496582,3.448605537414551,64.913818359375,-5.445106380881083,-0.6161742538421284,-56.68031306733218,22.348505,31.099827,24.753557,42.84348,-33.213966,-15.000033,-32.981808,-12.708861,21.581717,20.799772,10.138892,15.000033,-25.684982,-5.433837,28.18838,-61.983814,15.298464,-19.50234,-14.458011,-0.35469303,0.6516923,8.190989,-20.507359,0.11091153,11.579093,-43.457027,15.829593,-1.5394876,8.656721
541,6.417474269866943,3.8636178970336914,65.31822204589844,-5.053849383971765,-0.4728107638780166,-55.151061700042966,20.671762,30.497055,22.524487,42.63536,-32.78822,-15.000033,-32.454365,-14.492877,20.429893,19.91199,11.936963,15.000033,-24.400791,-5.012325,27.731606,-59.654945,13.18429,-19.913858,-16.364204,-0.13182381,0.51125544,7.143624,-20.535957,-0.5099067,10.326158,-43.927784,16.681986,-1.8315364,8.079183
542,6.421680927276611,4.293834686279297,65.74100494384766,-4.695150670304958,-0.2840842551896283,-53.686537093652696,18.892052,29.912586,20.299908,42.633152,-32.243027,-15.000033,-32.023026,-16.163368,19.336576,19.066591,14.017308,15.000033,-23.062372,-4.519851,27.311089,-57.78324,11.393694,-20.519077,-17.89351,0.2806224,0.41452062,6.08029,-20.671839,-1.1626464,9.07493,-44.320065,17.963028,-2.2527974,7.266164
543,6.413172245025635,4.743408679962158,66.18476867675781,-4.34383391228294,-0.06334430114397553,-52.33358982122859,16.991346,29.330944,18.107767,42.938385,-31.55065,-15.000033,-31.84985,-17.671495,18.332264,18.538553,16.151379,15.000033,-21.704659,-4.0232725,26.958157,-56.351986,9.90928,-21.13773,-19.171497,0.6933389,0.3536426,5.1253405,-21.003786,-1.8204317,7.894192,-44.65589,19.207592,-2.7040951,6.441606
544,6.401247501373291,5.220824241638184,66.64205932617188,-3.9715365307096184,0.17426353946891832,-51.13466800035128,14.951398,28.722826,15.972468,43.649727,-30.679108,-15.000033,-32.092373,-18.987375,17.45727,18.590681,18.108387,15.000033,-20.352396,-3.588501,26.70628,-55.363842,8.678505,-21.605358,-20.311548,0.9350602,0.32462364,4.3953753,-21.617434,-2.4492452,6.838558,-44.956215,19.948652,-3.0625374,5.825555
545,6.374684810638428,5.7233123779296875,67.10655975341797,-3.547925746593317,0.4592321790908264,-50.13790422106818,12.734597,28.039316,13.970145,44.845463,-29.594412,-15.000033,-32.930862,-20.167484,16.682451,19.318518,20.10744,15.000033,-18.931568,-3.2125068,26.53738,-54.932438,7.678208,-21.88749,-21.23767,0.9689336,0.3486674,3.9313183,-22.515188,-3.0344553,5.8761168,-45.28816,19.926474,-3.2427185,5.533507
546,6.342890739440918,6.241555690765381,67.56900787353516,-3.063311535264883,0.7778333627480207,-49.28486477189249,10.370275,27.237112,12.058332,46.419594,-28.294485,-15.000033,-34.227142,-21.244633,16.09949,20.56605,22.12254,15.000033,-17.454111,-2.905911,26.446434,-55.052147,6.907621,-22.063816,-21.890924,0.89688295,0.42262265,3.6694622,-23.644083,-3.5786672,4.9678698,-45.6281,19.43617,-3.3122337,5.43514
547,6.301048278808594,6.760295391082764,68.02538299560547,-2.530113378491853,1.048656632387501,-48.465522604458606,7.950075,26.307959,10.104562,48.203415,-26.806385,-15.000033,-35.637974,-22.15083,15.89267,22.170015,23.611961,15.000033,-16.058084,-2.7283952,26.49959,-55.551506,6.330038,-22.156843,-22.416718,0.761593,0.50678796,3.5638068,-24.992002,-4.067861,4.173098,-45.877262,18.815144,-3.3726673,5.3734875
548,6.235450744628906,7.27395486831665,68.47508239746094,-1.983738140793968,1.202898228998688,-47.592021958106415,5.5607038,25.278744,7.997668,50.05429,-25.180176,-15.000033,-36.816456,-22.808111,16.132763,23.909445,24.160156,15.000033,-14.862953,-2.7126505,26.75381,-56.28081,5.889734,-22.189798,-22.926952,0.6130207,0.5603442,3.5620415,-26.556452,-4.484534,3.5332344,-45.926792,18.412878,-3.5201328,5.196473
549,6.140503883361816,7.761136531829834,68.90493774414062,-1.4277597415039052,1.1809065706341015,-46.69189499458826,3.1876562,24.040932,5.58537,52.131298,-23.248226,-15.000033,-37.62452,-23.125309,16.941881,25.721472,23.506533,15.000033,-13.824647,-2.876042,27.290804,-57.360043,5.549189,-22.139643,-23.375982,0.41879752,0.58186984,3.6940918,-28.385464,-4.816073,3.05526,-45.76147,18.308304,-3.7985673,4.8704653
550,6.038917064666748,8.218023300170898,69.29915618896484,-0.8480469562132416,1.0415293962544063,-45.813410426778354,0.83251727,22.601902,3.0715063,54.455883,-21.062893,-15.000033,-38.25447,-23.165216,18.177622,27.693903,22.000422,15.000033,-12.868142,-3.1829767,28.062433,-58.86284,5.2982435,-22.00908,-23.675718,0.18608071,0.5873724,3.9670448,-30.45004,-5.0723896,2.660671,-45.451054,18.344967,-4.1473246,4.4886274
551,5.91840124130249,8.653220176696777,69.65381622314453,-0.2859263921566819,0.8980946546523516,-44.91095352272717,-1.4401234,21.244822,0.80463773,56.710674,-19.02536,-15.000033,-38.850365,-23.066088,19.469002,29.832987,20.12629,15.000033,-12.044022,-3.5382583,28.927713,-60.565144,5.11069,-21.859066,-23.88552,0.018732987,0.5622721,4.295424,-32.60038,-5.2476554,2.3487177,-45.051426,18.419827,-4.5117626,4.066662
552,5.783684253692627,9.082793235778809,69.970947265625,0.19465399285398713,0.8645725191018123,-43.93029549464502,-3.637715,20.303982,-0.99875194,58.593185,-17.508165,-15.000033,-39.56303,-22.946125,20.437906,32.14515,18.371939,15.000033,-11.411787,-3.8488271,29.731453,-62.26099,4.9566154,-21.75091,-24.036894,0.024022527,0.4948183,4.5918202,-34.706234,-5.343603,2.0759795,-44.59171,18.480972,-4.8323364,3.6327815
553,5.638174533843994,9.50857925415039,70.23387908935547,0.6394060925943054,1.1509257356199947,-42.82342895684441,-6.0964828,19.766891,-2.3480928,60.127274,-16.651814,-15.000033,-40.673203,-22.833588,21.103374,34.729893,16.80623,15.000033,-11.14293,-4.129575,29.793802,-63.608017,4.790957,-21.627527,-24.037722,0.2745426,0.32650858,4.8229723,-36.898815,-5.318015,1.9472047,-43.47661,18.59595,-5.131756,3.1502054
554,5.476717472076416,9.916035652160645,70.44044494628906,1.0232189295408376,1.548107886764167,-41.63408229601594,-8.645747,19.55186,-3.4274106,61.423176,-16.229626,-15.000033,-41.930336,-22.618502,21.579998,37.60833,15.148078,15.000033,-11.042917,-4.4092903,29.793802,-65.12291,4.622317,-21.521667,-23.904198,0.74381864,0.10677495,5.036944,-39.07939,-5.189449,1.8410121,-42.30149,18.739037,-5.4067545,2.6496136
555,5.3302388191223145,10.306756019592285,70.58837127685547,1.2482650724112674,1.9739854016940044,-40.43636762445356,-11.104893,19.788918,-4.3849254,62.383194,-16.0533,-15.000033,-43.17791,-22.29243,21.702574,40.565998,13.47852,15.000033,-11.0176325,-4.5707407,29.793802,-66.591034,4.438406,-21.425497,-23.694693,1.2560174,-0.11833211,5.2595863,-41.09322,-4.968634,1.7444783,-41.17812,18.828978,-5.6568747,2.1680162
556,5.17883825302124,10.668773651123047,70.65792083740234,1.2216693968703924,2.3607440601287,-39.30608924932921,-13.3083725,20.589922,-5.3817816,62.905422,-15.968105,-15.000033,-44.271996,-21.868326,21.316538,43.368893,11.891694,15.000033,-10.981993,-4.5011663,29.793802,-67.77157,4.2082067,-21.332806,-23.43415,1.6289095,-0.3075101,5.5105324,-42.802517,-4.6455984,1.6740171,-40.14799,18.7643,-5.8864098,1.7385074
557,5.024325847625732,10.964644432067871,70.64212036132812,0.7247210328284227,2.72988730986832,-38.22583314065005,-15.521759,22.481045,-6.505511,63.15544,-16.113567,-15.000033,-45.16803,-21.250748,20.10764,46.036915,10.296162,15.000033,-10.940779,-4.006708,29.793802,-68.70124,3.8974888,-21.275087,-23.001312,1.7874771,-0.45423007,5.7924895,-44.25406,-4.2175207,1.5901402,-39.144665,18.455275,-6.086681,1.3868989
558,4.883238792419434,11.205961227416992,70.53616333007812,-0.13482141895439834,3.0872287901228894,-37.19544674563285,-17.782602,25.219421,-7.6711693,63.134125,-16.706371,-15.000033,-45.919437,-20.484207,18.22929,48.647335,8.6787815,15.000033,-10.89017,-3.2017813,29.793802,-69.51172,3.4887793,-21.254082,-22.369686,1.8408402,-0.58162916,6.089134,-45.501747,-3.6925278,1.4794611,-38.15196,17.975048,-6.254729,1.0902969
559,4.787971496582031,11.432007789611816,70.37008666992188,-0.9308773057330995,3.3604716327663917,-36.27811796986493,-19.534147,27.778969,-8.673508,62.4849,-17.573414,-15.000033,-46.553905,-19.823746,16.265812,51.06264,7.243582,15.000033,-10.77911,-2.4686692,29.793802,-70.123474,2.9835753,-21.22858,-21.702112,1.8856275,-0.69092906,6.3895516,-46.433712,-3.071902,1.4016954,-37.293865,17.477562,-6.4008265,0.81067675
560,4.765560626983643,11.666166305541992,70.1610336303711,-1.2318401142031445,3.518746008723817,-35.48219036411653,-20.179716,29.131868,-9.32457,60.832626,-18.24754,-15.000033,-47.14874,-19.528582,14.804043,53.17837,6.2035003,15.000033,-10.618321,-2.1918368,29.793802,-70.47099,2.406975,-21.159191,-21.17923,2.020939,-0.7791456,6.685461,-46.950874,-2.3524249,1.4381862,-36.71804,17.113064,-6.5353413,0.50981784
561,4.83058500289917,11.930487632751465,69.93180084228516,-0.897395320619049,3.571056066014368,-34.77633835700795,-19.30968,28.804562,-9.785933,57.68163,-18.166122,-15.000033,-47.72016,-19.562492,14.075612,54.894684,5.9702907,15.000033,-10.456493,-2.488528,29.793802,-70.48312,1.7717315,-21.032173,-20.8449,2.2799602,-0.84877807,7.011527,-47.004078,-1.5043162,1.667812,-36.434387,16.944277,-6.691912,0.10991822
562,4.973671913146973,12.196877479553223,69.65608978271484,-0.19134269787749786,3.517134942101963,-34.20676076480171,-17.202356,27.432804,-10.243063,53.32629,-17.605286,-15.000033,-48.243374,-19.743942,13.742053,56.312904,6.310703,15.000033,-10.258809,-3.14531,29.793802,-70.180626,1.082478,-20.878746,-20.609985,2.6024282,-0.9004814,7.3624673,-46.64959,-0.5151078,2.0711367,-36.347305,16.876026,-6.857715,-0.34234893
563,5.201938152313232,12.466806411743164,69.30223846435547,0.696190272847006,3.3414116125103073,-33.8532778428328,-14.358155,25.634016,-10.657536,48.589153,-17.259033,-15.000033,-48.73642,-20.124443,13.552253,57.619534,6.4844556,15.000033,-9.950592,-4.021322,29.793802,-69.62911,0.36338294,-20.72505,-20.47656,2.9427204,-0.92809576,7.674408,-45.944168,0.58004117,2.5823793,-36.457245,16.82854,-6.9754033,-0.706112
564,5.508612632751465,12.722453117370605,68.86273956298828,1.6110993108203862,3.072698086612121,-33.699454328349596,-11.429177,23.974094,-10.836198,44.320396,-17.74734,-15.000033,-49.23606,-20.857418,13.282921,58.982895,5.789117,15.000033,-9.540628,-4.986447,29.793802,-68.91644,-0.34878546,-20.595186,-20.478611,3.252446,-0.92389613,7.885786,-44.966827,1.7126598,3.12806,-36.792618,16.731674,-6.9858475,-0.8499305
565,5.870354175567627,12.996133804321289,68.36930847167969,2.6857628916855583,2.6965840100330487,-33.673801297064074,-8.42058,22.321371,-10.664947,40.532394,-19.445354,-15.000033,-49.82197,-22.396076,12.86136,60.5507,3.6883638,15.000033,-9.119965,-6.1517067,29.793802,-67.96288,-1.0455776,-20.481424,-20.757345,3.4891527,-0.8788278,7.9749317,-43.594994,2.8647678,3.7241778,-37.493465,16.59622,-6.8511615,-0.75080985
566,6.2919745445251465,13.251358032226562,67.83231353759766,3.9237252236053703,2.1874106175297583,-33.739971182394825,-5.1114955,20.456078,-10.443488,36.78505,-21.925665,-15.000033,-50.417847,-24.673485,12.334293,62.21563,0.5899713,15.000033,-8.713288,-7.5091105,29.793802,-66.68481,-1.7372353,-20.38599,-21.303188,3.6740022,-0.8049309,7.982819,-41.78905,4.036145,4.4318886,-38.4959,16.459406,-6.616625,-0.48223832
567,6.708911895751953,13.460975646972656,67.28878784179688,5.02515120165552,1.6168695960860218,-33.8886217032633,-1.8930976,18.808893,-10.238682,33.308876,-24.525194,-15.000033,-50.85177,-27.07365,11.699091,63.725533,-2.7508533,15.000033,-8.263599,-8.770552,29.793802,-65.22311,-2.4051087,-20.337893,-21.934855,3.8563678,-0.7206738,7.9414253,-39.812546,5.158345,5.2104883,-39.554714,16.301168,-6.344338,-0.068288945
568,7.067750453948975,13.588232040405273,66.78702545166016,5.741781329029434,1.1137615104067957,-34.17624543182713,0.8380846,17.772966,-9.875138,30.421104,-26.621342,-15.000033,-51.030834,-28.781107,11.135587,64.795006,-5.4210634,15.000033,-7.6488466,-9.671802,29.793802,-63.760113,-3.012767,-20.358381,-22.501217,4.0819173,-0.6390411,7.8846855,-37.988052,6.1237493,5.9861565,-40.443108,16.116823,-6.093961,0.44799447
569,7.338667869567871,13.647547721862793,66.34579467773438,6.017181916460267,0.7349014794351033,-34.74913314409748,3.0052204,17.501974,-8.8416195,28.319147,-28.194088,-15.000033,-50.923943,-29.448267,10.757124,65.20436,-7.24005,15.000033,-6.7138705,-10.126892,29.793802,-62.287395,-3.5393393,-20.45636,-23.065977,4.3214602,-0.5631807,7.819809,-36.320736,6.857638,6.78492,-41.193607,15.975657,-5.8829565,1.0943445
570,7.554858207702637,13.670889854431152,65.98579406738281,6.037024629021926,0.5306044118058176,-35.547865249363355,4.6628237,17.687962,-7.146347,26.915123,-29.546616,-15.000033,-50.761982,-29.468525,10.556994,65.13981,-8.568704,15.000033,-5.6651363,-10.268352,29.37725,-60.419174,-3.9947085,-20.532927,-23.739235,4.522914,-0.5044246,7.7268047,-34.747242,7.3860297,7.643131,-41.547867,15.921091,-5.70781,1.8233639
571,7.729247093200684,13.672633171081543,65.74498748779297,5.930256602930697,0.39676080702987465,-36.37875023483893,5.935318,18.041004,-5.3178296,26.039196,-30.551466,-15.000033,-50.61366,-29.04434,10.635093,64.94068,-9.26993,15.000033,-4.5817823,-10.248154,28.97222,-58.56992,-4.3688297,-20.630028,-24.437357,4.771273,-0.4327589,7.6107306,-33.40775,7.704166,8.40672,-41.78296,15.804026,-5.5321426,2.5373092
572,7.864919185638428,13.688385009765625,65.63887786865234,5.8299258139865096,0.3198840124216357,-37.03308545901125,6.8252525,18.30204,-3.949315,25.524014,-31.084452,-15.000033,-50.646782,-28.42508,11.068398,64.941086,-9.223818,15.000033,-3.6377828,-10.186077,28.639301,-56.86963,-4.65376,-20.74846,-25.0863,5.121267,-0.33698004,7.4810786,-32.447575,7.8058567,8.94612,-41.879723,15.525247,-5.347869,3.11353
573,7.939575672149658,13.696709632873535,65.65185546875,5.798636363339356,0.3388457135996089,-37.48268194170834,7.272569,18.396925,-3.1970942,25.354826,-31.021969,-15.000033,-50.96962,-27.57076,12.053247,65.209564,-8.217899,15.000033,-2.8093057,-10.125885,28.378004,-55.34551,-4.830122,-20.904285,-25.654728,5.7180285,-0.19963086,7.32955,-31.93141,7.6552167,9.2007675,-41.837326,14.916166,-5.1241055,3.576388
574,7.983083248138428,13.64287281036377,65.76571655273438,5.751393128873726,0.43063014112055853,-37.820909165514784,7.308696,18.501905,-2.7593398,25.617018,-30.462236,-15.000033,-51.434032,-26.429008,13.423537,65.59006,-6.4007854,15.000033,-2.0283034,-9.988494,28.18726,-53.9259,-4.8952217,-21.099958,-26.20577,6.4840875,-0.0318491,7.158106,-31.748667,7.2423224,9.253437,-41.710606,14.091558,-4.8824997,3.9659593
575,8.039401054382324,13.514076232910156,65.96329498291016,5.6028825399657975,0.5108862362072759,-38.03037857119984,7.0582814,18.74355,-2.5539348,26.279005,-29.62702,-15.000033,-51.84933,-25.212866,14.7277155,66.05212,-4.1919217,15.000033,-1.4018917,-9.71733,28.084095,-52.591984,-4.876348,-21.307888,-26.781195,7.1468787,0.135198,6.986021,-31.77984,6.6352153,9.205693,-41.536972,13.353999,-4.688074,4.1895647
576,8.096854209899902,13.350833892822266,66.22136688232422,5.273586642832718,0.5058441838418981,-38.103270602152335,6.6418414,19.238375,-2.4849517,27.295025,-28.712004,-15.000033,-52.05948,-24.099054,15.5833645,66.54821,-1.9930207,15.000033,-1.0275867,-9.27468,28.06801,-51.34828,-4.8159113,-21.498058,-27.381002,7.443831,0.27243322,6.830099,-31.93451,5.9502873,9.138244,-41.32046,12.992604,-4.5947475,4.1685076
577,8.152214050292969,13.178668975830078,66.52239227294922,4.712928330191377,0.3839693055609096,-38.00568233694476,6.1359806,20.0291,-2.6000118,28.58552,-27.756792,-15.000033,-52.077854,-23.129574,15.870967,67.17451,0.2910989,15.000033,-0.9709247,-8.632661,28.129995,-50.179073,-4.732895,-21.645544,-27.953295,7.191488,0.35764042,6.6787667,-32.294636,5.26088,9.024864,-40.94464,13.172016,-4.633284,3.8271716
578,8.192578315734863,12.98824691772461,66.85049438476562,3.9619955698615876,0.20057797882040218,-37.75548437480554,5.445492,21.047924,-2.965183,30.197266,-26.66973,-15.000033,-51.992416,-22.166967,15.81585,67.89492,2.8260055,15.000033,-1.1653379,-7.834959,28.251596,-49.128757,-4.6209173,-21.762262,-28.440832,6.5850334,0.41406596,6.5226483,-32.90328,4.5776105,8.830104,-40.392437,13.675771,-4.7634397,3.258506
579,8.207640647888184,12.774523735046387,67.20220947265625,3.081707344462481,0.01574649740848322,-37.42982618554201,4.4855175,22.28421,-3.4185035,32.15548,-25.361965,-15.000033,-51.77231,-21.110912,15.592338,68.45658,5.3223186,15.000033,-1.5120068,-6.9637847,28.41145,-48.296505,-4.484428,-21.874771,-28.82326,5.9327884,0.48021138,6.38322,-33.63239,3.9186146,8.596014,-39.80127,14.240408,-4.927521,2.6418123
580,8.188336372375488,12.518465042114258,67.58020782470703,2.137819422282384,-0.1175879836538417,-37.10227852044721,3.1542978,23.699928,-3.8706224,34.52968,-23.792116,-15.000033,-51.37791,-19.895592,15.372417,68.62201,7.464379,15.000033,-1.9118642,-6.102791,28.585852,-47.788357,-4.334821,-22.009045,-29.074673,5.5445075,0.5923013,6.2799325,-34.351006,3.3066459,8.358104,-39.31291,14.599867,-5.0596657,2.1545606
581,8.133169174194336,12.222002029418945,67.97527313232422,1.0690308815886884,-0.1779327240760256,-36.77845117104567,1.3188392,25.378416,-4.4504967,37.49193,-21.887218,-15.000033,-50.781673,-18.447672,15.1236725,68.36966,9.222529,15.000033,-2.3807597,-5.215701,28.754555,-47.64502,-4.188415,-22.15958,-29.158216,5.5031915,0.7743777,6.2228503,-35.08243,2.7600667,8.099166,-38.913914,14.687295,-5.139352,1.8501569
582,8.062278747558594,11.896428108215332,68.3768539428711,-0.14089765728364834,-0.20244940452682603,-36.42002865057974,-0.9348153,27.267054,-5.297393,40.886917,-19.670527,-15.000033,-50.014282,-16.820988,14.806833,67.80619,10.721997,15.000033,-2.9586353,-4.2791843,28.942547,-47.82515,-4.050061,-22.314085,-29.06751,5.649045,1.0014066,6.1955476,-35.88465,2.2811577,7.7977285,-38.532284,14.636725,-5.1972003,1.6404691
583,7.975954532623291,11.55689525604248,68.7740249633789,-1.345180103704277,-0.23353768929943058,-36.03189674811506,-3.3811617,29.138763,-6.288125,44.334633,-17.26269,-15.000033,-49.094162,-15.1574545,14.609367,66.9122,11.8464,15.000033,-3.5868886,-3.4055026,29.191315,-48.30517,-3.910824,-22.491802,-28.826447,5.926343,1.2349887,6.1789265,-36.676487,1.8668284,7.481325,-38.22018,14.484394,-5.240249,1.4836204
584,7.8821635246276855,11.204329490661621,69.15933227539062,-2.393978751836963,-0.30909311611280993,-35.61540610797965,-5.813702,30.818962,-7.2073183,47.525024,-14.793367,-15.000033,-48.032745,-13.608489,14.711853,65.68095,12.513262,15.000033,-4.2121353,-2.7100909,29.533134,-49.051296,-3.7512696,-22.713667,-28.474861,6.2756033,1.436644,6.156928,-37.37547,1.5115423,7.183709,-38.037983,14.26509,-5.2767415,1.3353065
585,7.792649269104004,10.83644962310791,69.53324890136719,-3.253133881554307,-0.3851677985337092,-35.13562384705797,-8.407467,32.309845,-8.012153,50.576008,-11.997555,-15.000033,-46.77351,-12.048767,15.327481,64.01042,12.543517,15.000033,-4.8849826,-2.22184,29.793802,-50.009583,-3.5614603,-22.980171,-27.988361,6.743027,1.596155,6.1250453,-37.995934,1.227036,6.9140544,-37.858624,13.96722,-5.3138466,1.1875988
586,7.696794509887695,10.443608283996582,69.87744903564453,-3.9931922291515103,-0.4085320217383502,-34.592057118972086,-11.319382,33.70628,-8.8202915,53.659138,-8.914268,-15.000033,-45.353767,-10.470546,16.378428,61.95354,12.021789,15.000033,-5.664311,-1.8870759,29.793802,-51.056377,-3.3614461,-23.264814,-27.345285,7.3129797,1.7219191,6.0950294,-38.566135,1.0514777,6.6794567,-37.527718,13.586442,-5.358242,1.0555053
587,7.616308212280273,10.045271873474121,70.1866226196289,-4.632172972696102,-0.45341160259842295,-34.05913591482112,-14.19538,35.03151,-9.551118,56.548313,-6.162702,-15.000033,-43.882317,-9.186099,17.532818,59.73766,11.30771,15.000033,-6.4528174,-1.695452,29.793802,-52.20811,-3.1449015,-23.572443,-26.639475,7.8574543,1.8171082,6.080841,-39.04213,0.96815044,6.4703965,-37.251583,13.180141,-5.402825,0.9374221
588,7.55026912689209,9.659404754638672,70.43904876708984,-5.1861767611745275,-0.5213607642049535,-33.64100142224499,-16.725441,36.307217,-10.09228,59.0307,-4.3797455,-15.000033,-42.594944,-8.483395,18.368279,57.56736,10.8477745,15.000033,-7.1684165,-1.6139672,29.793802,-53.325336,-2.9148111,-23.882343,-25.934889,8.212723,1.8739997,6.102944,-39.37357,0.9613416,6.3045764,-37.044884,12.835009,-5.458425,0.8085271
589,7.504587650299072,9.27713394165039,70.62488555908203,-5.616131606797908,-0.5919011725122164,-33.39197050076239,-18.813404,37.616013,-10.219645,61.059246,-3.9291592,-15.000033,-41.68399,-8.647901,18.530167,55.46353,10.737126,15.000033,-7.7540255,-1.6672707,29.793802,-54.48133,-2.6656246,-24.217293,-25.220474,8.308056,1.8844333,6.1632247,-39.567657,1.0135467,6.18509,-36.95123,12.568297,-5.527903,0.65819037
590,7.486358165740967,8.89986801147461,70.73576354980469,-5.935260854002426,-0.6807190231688414,-33.273142932699635,-20.54731,38.98678,-9.964437,62.754047,-4.451266,-15.000033,-40.985294,-9.406246,18.192072,53.32819,10.732356,15.000033,-8.247157,-1.8436,29.793802,-55.701744,-2.3940678,-24.573608,-24.49151,8.237192,1.8545171,6.253878,-39.648674,1.1194708,6.106883,-36.947056,12.344124,-5.6071553,0.49311998
591,7.50718355178833,8.51177978515625,70.78411102294922,-6.229167187042023,-0.831858390369595,-33.24544135021539,-21.90369,40.337467,-9.573594,64.147,-5.4697294,-15.000033,-40.222202,-10.201755,17.760677,51.18583,10.781765,15.000033,-8.702638,-2.062059,29.793802,-56.809185,-2.1133401,-24.889584,-23.786371,8.089027,1.7991477,6.376965,-39.59235,1.2908627,6.076862,-36.961315,12.158919,-5.6962824,0.31706315
592,7.566912651062012,8.103099822998047,70.78370666503906,-6.576495852198805,-1.068852306611247,-33.269966276058305,-22.920515,41.544727,-9.322575,65.27694,-6.467848,-15.000033,-39.168762,-10.519548,17.713959,49.0462,10.938469,15.000033,-9.169196,-2.252442,29.793802,-57.660038,-1.8420095,-25.105927,-23.120968,7.9576397,1.7349613,6.531256,-39.37419,1.5428536,6.091209,-36.94266,12.013421,-5.792771,0.14049841
593,7.65451192855835,7.6867170333862305,70.72869110107422,-6.989959151994147,-1.398061396640289,-33.36295334613864,-23.592186,42.622604,-9.21316,66.14838,-7.40804,-15.000033,-37.78851,-10.146595,18.47498,46.87425,11.587655,15.000033,-9.642328,-2.3970604,29.793802,-58.2496,-1.5935216,-25.18166,-22.450928,7.8690195,1.6614116,6.7121463,-38.975437,1.8979071,6.147451,-36.860107,11.948225,-5.9154935,-0.03816274
594,7.766820430755615,7.251271724700928,70.61219787597656,-7.413169364286159,-1.7935026441922888,-33.52748598349946,-23.920794,43.602673,-9.075393,66.75391,-8.499732,-15.000033,-36.220604,-9.431207,19.74479,44.69468,12.596099,15.000033,-10.103079,-2.5529602,29.793802,-58.688103,-1.3673737,-25.155802,-21.74263,7.7823853,1.5727111,6.9168243,-38.415936,2.3575566,6.243999,-36.75897,11.944353,-6.0573974,-0.21328716
595,7.887574195861816,6.801090240478516,70.4278793334961,-7.826249674670684,-2.224264410993049,-33.69436929791102,-23.999887,44.356762,-8.9809475,67.119736,-9.573831,-15.000033,-34.51052,-8.710967,20.94449,42.578663,13.317844,15.000033,-10.580123,-2.7489202,29.793802,-59.00049,-1.1612189,-25.09648,-21.037788,7.6860037,1.4783615,7.14913,-37.721222,2.8978362,6.3869734,-36.708664,11.903423,-6.1780286,-0.37123522
596,8.02214527130127,6.335059642791748,70.1870346069336,-8.220498469678397,-2.6665256152125028,-33.785057307317565,-23.926624,44.75556,-9.03116,67.27128,-10.464653,-15.000033,-32.678795,-8.293132,21.470703,40.559376,13.114803,15.000033,-11.109108,-2.999996,29.793802,-59.19638,-0.97389424,-25.072523,-20.38606,7.564717,1.3866916,7.4141126,-36.910873,3.4780276,6.5788417,-36.7737,11.738961,-6.2378154,-0.5041797
597,8.151351928710938,5.856236934661865,69.9001235961914,-8.544163322648897,-3.152010344939861,-33.748415516917056,-23.554586,44.375183,-9.43438,67.018654,-11.024441,-15.000033,-30.497446,-8.32831,21.097952,38.4203,11.675121,15.000033,-11.730894,-3.3681293,29.793802,-59.24139,-0.80918264,-25.102203,-19.768705,7.348024,1.2963748,7.756018,-35.911243,4.08299,6.84778,-36.985737,11.3555765,-6.2094154,-0.6431052
598,8.303027153015137,5.359000205993652,69.56222534179688,-8.83104259407103,-3.701786160360119,-33.63738647112043,-22.836607,43.419067,-10.085111,66.4205,-11.426239,-15.000033,-27.954004,-8.538784,20.2243,36.162727,9.438312,15.000033,-12.40089,-3.8066509,29.793802,-59.121822,-0.67259485,-25.151325,-19.1764,7.060965,1.2015443,8.158836,-34.716095,4.712374,7.191237,-37.299965,10.8319025,-6.121756,-0.7891739
599,8.485007286071777,4.8150315284729,69.14968872070312,-9.195065064686137,-4.253629925409547,-33.51401355667267,-22.08901,42.684547,-10.629046,65.86954,-11.926591,-15.000033,-25.446222,-8.611398,19.15216,34.160053,6.861877,15.000033,-13.038954,-4.1644263,29.793802,-58.88956,-0.5672772,-25.213158,-18.67424,6.832714,1.1055933,8.5380945,-33.450714,5.3341575,7.5561347,-37.689857,10.348626,-6.020035,-0.89057857
600,8.665197372436523,4.268681049346924,68.67009735107422,-9.744432956713826,-4.704395059209244,-33.411171110618405,-21.747007,42.938866,-10.719579,65.75241,-12.668375,-15.000033,-23.458143,-8.352393,18.09722,32.808018,4.346912,15.000033,-13.592841,-4.2801704,29.793802,-58.60903,-0.49817926,-25.287106,-18.348719,6.791575,1.0157183,8.810789,-32.239586,5.899498,7.8887143,-38.15648,10.080782,-5.950054,-0.9053508
601,8.816439628601074,3.7443902492523193,68.1613998413086,-10.528548680579382,-4.972075733889808,-33.32089365870522,-22.087982,44.608322,-10.108283,66.27758,-13.683976,-15.000033,-22.270086,-7.743442,16.929396,32.362133,1.7508928,15.000033,-14.039549,-4.0703316,29.793802,-58.352932,-0.47320974,-25.399912,-18.231997,7.0304375,0.9305009,8.9486685,-31.04314,6.358793,8.171973,-38.81235,10.203333,-5.9412537,-0.8112281
602,8.941265106201172,3.2483532428741455,67.64446258544922,-11.470417799722203,-5.135410786388803,-33.250504791602,-22.786789,47.237457,-9.012688,67.19157,-14.927753,-15.000033,-21.632973,-6.9106774,15.567433,32.59944,-1.0894657,15.000033,-14.389265,-3.613301,29.793802,-58.04604,-0.50401366,-25.541367,-18.296896,7.458864,0.84625447,8.997541,-29.79791,6.705679,8.442968,-39.633217,10.590973,-5.9663315,-0.6538928
603,9.065315246582031,2.81184458732605,67.10523223876953,-12.474261313108054,-5.313348538225111,-33.232154603396864,-23.4401,50.250313,-7.7747254,68.18029,-16.349611,-15.000033,-21.256775,-5.948079,14.247058,33.18941,-3.8258586,15.000033,-14.669287,-3.0121906,29.793802,-57.55486,-0.59580165,-25.653936,-18.520788,7.935514,0.76819533,8.98494,-28.61598,6.9589863,8.696291,-40.412193,10.991807,-5.9840903,-0.48221305
604,9.199326515197754,2.4338784217834473,66.55805969238281,-13.45688790769608,-5.5856216305049635,-33.26229728470006,-23.78173,53.0267,-6.767341,68.93448,-17.79253,-15.000033,-20.858812,-4.9482517,13.198042,33.777153,-6.1050396,15.000033,-14.934333,-2.3724496,29.793802,-56.776634,-0.7464378,-25.68844,-18.877348,8.321459,0.70465934,8.940114,-27.617462,7.1482,8.913045,-40.971764,11.145035,-5.951819,-0.33783764
605,9.348610877990723,2.1114964485168457,66.0080795288086,-14.524500828116329,-5.978229123012766,-33.300012445427505,-23.926502,55.623684,-6.1874876,69.396645,-19.285015,-15.000033,-20.36185,-3.8167927,12.406531,34.330956,-7.8731875,15.000033,-15.234279,-1.6070296,29.793802,-55.66053,-0.9601533,-25.592997,-19.412146,8.634322,0.6701381,8.818303,-26.850456,7.300502,9.095276,-41.233803,10.869991,-5.8415403,-0.22418049
606,9.484228134155273,1.8397815227508545,65.49722290039062,-15.676211480033869,-6.440770794692971,-33.34718228718028,-24.000927,58.283203,-5.809377,69.71281,-20.859058,-15.000033,-19.931456,-2.5360875,11.7627535,35.00901,-9.31458,15.000033,-15.540951,-0.72077316,29.793802,-54.291573,-1.2383761,-25.406858,-20.09819,8.931289,0.65589446,8.622059,-26.25556,7.424609,9.240674,-41.29804,10.323947,-5.6806226,-0.112734385
607,9.606182098388672,1.6259379386901855,65.08229064941406,-16.696478382287253,-6.902868225897759,-33.44260730050198,-23.868366,60.638927,-5.425672,69.901665,-22.280416,-15.000033,-19.63841,-1.3236992,11.327295,35.725677,-10.411857,15.000033,-15.810945,0.07015638,29.793802,-52.786064,-1.5651344,-25.224634,-20.816784,9.135358,0.6391938,8.453275,-25.79819,7.5092025,9.308946,-41.276844,9.76743,-5.5080066,0.0060453066
608,9.718570709228516,1.4703940153121948,64.78185272216797,-17.38172532064244,-7.2929901113359605,-33.62782541510405,-23.364557,62.329033,-4.8215485,70.002716,-23.313442,-15.000033,-19.52093,-0.40701056,11.169245,36.413223,-11.190495,15.000033,-15.998215,0.5785078,29.793802,-51.23364,-1.9129393,-25.14276,-21.486103,9.167326,0.5982172,8.413896,-25.43788,7.541921,9.303373,-41.287643,9.427299,-5.36378,0.12951906
609,9.852547645568848,1.3837411403656006,64.58316802978516,-17.666533634274423,-7.5913743666135804,-33.97289582045334,-22.291494,63.209236,-3.868145,69.97712,-23.8832,-15.000033,-19.634829,0.14635596,11.358545,37.127228,-11.544541,15.000033,-16.08011,0.75841916,29.793802,-49.550835,-2.258812,-25.167976,-22.18555,8.889212,0.5183834,8.575924,-25.188053,7.512693,9.251479,-41.35604,9.395333,-5.248209,0.27474025
610,10.011083602905273,1.3941378593444824,64.47327423095703,-17.667766144139748,-7.837445087304388,-34.44161350241915,-20.794474,63.47795,-2.7179544,69.83494,-24.113016,-15.000033,-19.908352,0.44792357,11.843808,37.88394,-11.511162,15.000033,-16.092987,0.719262,29.793802,-47.689865,-2.59168,-25.258135,-22.97125,8.376544,0.41214636,8.872434,-25.06985,7.4181595,9.154955,-41.418564,9.547326,-5.1430106,0.4316037
611,10.181364059448242,1.494742751121521,64.45584869384766,-17.465687584438058,-8.036479433177888,-34.92095327522979,-19.220314,63.29493,-1.5789787,69.68987,-24.074907,-15.000033,-20.209925,0.51519144,12.472832,38.550663,-11.206136,15.000033,-16.077028,0.5131718,29.793802,-45.78899,-2.9005213,-25.436028,-23.727074,7.8693233,0.3003317,9.195401,-25.046535,7.2646503,8.990648,-41.463245,9.772841,-5.060077,0.55379134
612,10.34118938446045,1.64034903049469,64.51376342773438,-17.145392364628126,-8.19112984037739,-35.29173066959973,-17.926851,62.83607,-0.66219103,69.65505,-23.836365,-15.000033,-20.420227,0.36803707,13.080096,38.990253,-10.747821,15.000033,-16.074371,0.20075962,29.793802,-43.997066,-3.178242,-25.725927,-24.32746,7.606895,0.2091279,9.438995,-25.076239,7.0703983,8.742181,-41.48222,9.944509,-5.0127325,0.5956197
613,10.487664222717285,1.8079359531402588,64.65229797363281,-16.655257428098366,-8.304514659765935,-35.539397732725206,-16.87663,62.032307,0.074202016,69.726364,-23.369638,-15.000033,-20.508116,-0.054189272,13.696548,39.162045,-10.164094,15.000033,-16.095875,-0.29073375,29.793802,-42.277813,-3.42189,-26.152212,-24.755812,7.6715913,0.14599633,9.586525,-25.14624,6.8535786,8.385207,-41.476513,10.062749,-5.020916,0.53193617
614,10.629400253295898,2.005441665649414,64.85857391357422,-15.97126896621495,-8.376131758457136,-35.7228574042727,-15.959659,60.83352,0.6833485,69.843605,-22.658401,-15.000033,-20.546314,-0.74645793,14.384598,39.137527,-9.386231,15.000033,-16.121643,-0.9759465,29.793802,-40.58416,-3.626616,-26.69654,-25.059753,7.9300466,0.09910896,9.6916895,-25.285639,6.615249,7.927042,-41.43949,10.184691,-5.071098,0.40001944
615,10.751054763793945,2.2460689544677734,65.10552978515625,-15.238431446797351,-8.390533017092563,-35.822752312786896,-15.401154,59.457176,1.0004629,70.04002,-21.774904,-15.000033,-20.571108,-1.5749509,15.030652,38.951424,-8.409005,15.000033,-16.153599,-1.6913712,29.793802,-39.0538,-3.7851992,-27.315271,-25.215635,8.298211,0.06878124,9.7558,-25.508184,6.350479,7.4108214,-41.3656,10.253979,-5.127666,0.24271695
616,10.848285675048828,2.524151563644409,65.39081573486328,-14.601703335045672,-8.332065949114183,-35.81665550366119,-15.3953905,58.12007,0.88914627,70.357735,-20.789133,-15.000033,-20.615898,-2.4086013,15.514829,38.64258,-7.2235675,15.000033,-16.196365,-2.2727983,29.793802,-37.824432,-3.8905387,-27.959164,-25.201681,8.691409,0.05575067,9.780068,-25.832306,6.046641,6.8795657,-41.24282,10.222136,-5.154441,0.103452
617,10.923588752746582,2.835627317428589,65.70366668701172,-14.109615958036366,-8.169865953166553,-35.648702146842574,-16.126257,56.877605,0.24308084,70.86356,-19.601494,-15.000033,-20.658318,-3.243762,15.765879,38.16098,-5.793072,15.000033,-16.294985,-2.6771443,29.793802,-36.93935,-3.9375863,-28.645166,-24.96547,9.14788,0.061840102,9.750527,-26.242332,5.7015896,6.325192,-41.074978,10.029206,-5.1432276,-0.023477074
618,10.981183052062988,3.173034906387329,66.04540252685547,-13.678535293677918,-7.919203252897449,-35.34115552167033,-17.400871,55.59447,-0.79153925,71.52086,-18.200798,-15.000033,-20.69419,-4.1506295,15.858532,37.518246,-4.138947,15.000033,-16.435555,-2.9978807,29.793802,-36.32264,-3.9246764,-29.384521,-24.544044,9.689959,0.086353384,9.672327,-26.734692,5.3131013,5.730965,-40.87206,9.725922,-5.112452,-0.15515602
619,11.02745532989502,3.544745922088623,66.41435241699219,-13.251080263587106,-7.632508790666456,-34.99100275961563,-18.85192,54.206356,-1.9783462,72.223885,-16.7927,-15.000033,-20.780844,-5.100729,15.892152,36.844822,-2.3421717,15.000033,-16.533308,-3.2621856,29.793802,-35.91901,-3.8550968,-30.12219,-24.066639,10.206004,0.1259951,9.575034,-27.336624,4.873768,5.1568203,-40.631104,9.400714,-5.0685,-0.2768403
620,11.047051429748535,3.949738025665283,66.78401947021484,-12.779718281426694,-7.360055195144448,-34.69681417586187,-20.133104,52.668438,-3.1017096,72.86466,-15.590018,-15.000033,-20.975779,-6.0656877,15.962748,36.2627,-0.47458974,15.000033,-16.507812,-3.4939387,29.793802,-35.677906,-3.7329142,-30.795504,-23.657715,10.583893,0.17836145,9.486603,-28.076315,4.364848,4.6535764,-40.34978,9.163355,-5.017945,-0.3714072
621,11.058231353759766,4.3660664558410645,67.1557846069336,-12.324695009060648,-7.114829921187056,-34.458383849508664,-21.316843,51.05832,-4.254003,73.54209,-14.5922985,-15.000033,-21.206514,-6.8240705,16.319466,35.697433,1.5704145,15.000033,-16.36212,-3.628648,29.793802,-35.60609,-3.565536,-31.398218,-23.298622,10.799011,0.25192112,9.398668,-28.98832,3.7814074,4.2421055,-39.980568,9.063222,-4.9671,-0.45680544
622,11.064132690429688,4.797217845916748,67.5115737915039,-11.891764325839057,-6.868138475157016,-34.232893867892315,-22.533398,49.362995,-5.5034328,74.27347,-13.696685,-15.000033,-21.46614,-7.4694986,16.830618,35.116913,3.7901301,15.000033,-16.131767,-3.6665974,29.793802,-35.720715,-3.3560932,-31.960875,-22.9444,10.909292,0.34458083,9.299688,-30.045673,3.123087,3.9023874,-39.544937,9.042191,-4.9126253,-0.53802985
623,11.07447624206543,5.253566265106201,67.84091186523438,-11.351233126901663,-6.60638445504459,-34.05720507706984,-23.546072,47.443142,-6.616376,74.824455,-12.983376,-15.000033,-21.924944,-8.419626,17.039099,34.703617,5.956866,15.000033,-15.7835655,-3.7182677,29.793802,-35.980576,-3.1011214,-32.47822,-22.685658,10.923335,0.43845832,9.215118,-31.185678,2.378396,3.6414754,-39.137913,9.028583,-4.8480067,-0.5871159
624,11.091465950012207,5.747587203979492,68.12566375732422,-10.56529327486138,-6.317984446609335,-33.96823163713641,-24.122051,45.17864,-7.369048,74.95307,-12.55252,-15.000033,-22.762857,-10.071504,16.53608,34.64903,7.8316355,15.000033,-15.289612,-3.9065816,29.793802,-36.33821,-2.791627,-32.938995,-22.612719,10.849695,0.51604587,9.171381,-32.352856,1.5267912,3.457354,-38.841297,8.965392,-4.766241,-0.5785133
625,11.127920150756836,6.26893949508667,68.36170959472656,-9.427987558313404,-6.002272086056965,-33.98478396361871,-24.154173,42.33707,-7.7069297,74.590256,-12.566765,-15.000033,-24.075075,-12.676886,15.115281,34.97111,9.407819,15.000033,-14.633107,-4.3201036,29.793802,-36.803875,-2.416902,-33.339462,-22.773184,10.68087,0.579223,9.161405,-33.585857,0.54727685,3.369635,-38.67841,8.815984,-4.659005,-0.49407303
626,11.184343338012695,6.808091163635254,68.54598999023438,-8.01293285371711,-5.693661937666488,-34.06424088319535,-23.797121,39.021664,-7.848406,73.840546,-12.978406,-15.000033,-25.704346,-15.994182,13.159594,35.581375,10.6923485,15.000033,-13.852272,-4.9031644,29.793802,-37.35399,-1.9784334,-33.68315,-23.121063,10.403944,0.6338277,9.177993,-34.914722,-0.55673164,3.3802667,-38.5532,8.631128,-4.5353937,-0.36384717
627,11.257241249084473,7.3417582511901855,68.6723861694336,-6.461259219952599,-5.435212748618049,-34.140751394378015,-23.212208,35.626427,-7.988723,72.72963,-13.548822,-15.000033,-27.455624,-19.689123,11.136549,36.496437,11.456947,15.000033,-13.009841,-5.564586,29.793802,-37.901604,-1.4904063,-33.966835,-23.595028,10.022291,0.66864055,9.247009,-36.27129,-1.7599291,3.4615593,-38.374584,8.473888,-4.413242,-0.23077779
628,11.337773323059082,7.849489688873291,68.7301254272461,-4.920712919020416,-5.248233094046001,-34.14883314039906,-22.554426,32.576134,-8.254208,71.3075,-13.985701,-15.000033,-29.17451,-23.435225,9.425107,37.706802,11.541006,15.000033,-12.166852,-6.197287,29.793802,-38.38968,-0.972778,-34.188473,-24.122648,9.547688,0.67271423,9.393049,-37.578495,-3.0263054,3.5851314,-38.08462,8.394714,-4.308073,-0.13112713
629,11.440818786621094,8.322240829467773,68.71110534667969,-3.4010699911117768,-5.117525673381831,-34.05222159112962,-21.934364,30.185795,-8.458698,69.542114,-14.021626,-15.000033,-30.94392,-27.519817,7.7159834,39.247665,10.654555,15.000033,-11.341777,-6.810234,29.793802,-38.897217,-0.43052047,-34.34141,-24.665813,8.925819,0.64467233,9.6459675,-38.896107,-4.353215,3.740229,-37.679054,8.399635,-4.207213,-0.0074033425
630,11.569449424743652,8.789361953735352,68.6229248046875,-1.8499264141176301,-5.068287840990028,-33.81947107495705,-21.24729,28.128315,-8.646134,67.43111,-13.834562,-15.000033,-32.707367,-32.114113,5.8558164,41.028423,8.7865,15.000033,-10.57248,-7.442964,29.793802,-39.414562,0.13132569,-34.420383,-25.24038,8.169779,0.5850542,9.982255,-40.24505,-5.734841,3.9591753,-37.152206,8.456759,-4.1098185,0.1393901
631,11.705775260925293,9.254559516906738,68.48185729980469,-0.3343030527189691,-5.130327575556108,-33.48114511986471,-20.327366,25.945694,-9.208996,65.08459,-13.779097,-15.000033,-34.27689,-36.600975,4.468351,42.85945,6.483572,15.000033,-9.867716,-8.022858,29.793802,-39.816982,0.6923088,-34.42738,-25.838585,7.4124155,0.49133527,10.344803,-41.483833,-7.132088,4.2460513,-36.514805,8.566489,-4.042484,0.20581509
632,11.8497896194458,9.709441184997559,68.28901672363281,1.102620788735427,-5.285620037454516,-33.16655958206273,-18.994808,23.232738,-10.524968,62.617764,-14.225623,-15.000033,-35.689808,-40.20776,4.3625393,44.60786,4.5794296,15.000033,-9.132734,-8.493557,29.793802,-40.03845,1.2248892,-34.371273,-26.432505,6.793535,0.3669472,10.676154,-42.454582,-8.492782,4.571676,-35.837032,8.714651,-4.027198,0.10096717
633,12.018324851989746,10.14514446258545,68.05181884765625,2.555515703466075,-5.536312677870254,-33.01101518051387,-16.832405,19.503828,-13.187849,59.794586,-15.377397,-15.000033,-37.23078,-42.67996,6.002772,46.3922,3.4605722,14.447424,-8.225,-8.950134,29.793802,-40.15247,1.7115934,-34.243156,-26.954676,6.3115897,0.20821945,10.947944,-43.22128,-9.805292,4.9133368,-35.038204,8.879599,-4.0847154,-0.2263163
634,12.218677520751953,10.541801452636719,67.75328063964844,3.9061216038708917,-5.8571393383495085,-33.105841198902766,-13.848174,15.380758,-16.991175,56.69843,-17.201399,-15.000033,-38.90088,-44.079548,8.952641,48.31064,2.8012862,13.818051,-7.054926,-9.269492,29.793802,-40.206245,2.14436,-34.030365,-27.383411,5.9127355,0.017577194,11.192582,-43.833397,-11.0776,5.269511,-34.120693,9.073134,-4.1965556,-0.70021755
635,12.458008766174316,10.884122848510742,67.38187408447266,5.026164510186356,-6.210470145856392,-33.34645877373222,-10.6142645,11.749869,-20.956108,53.88992,-19.582855,-15.000033,-40.34316,-44.467518,12.617791,50.311348,2.4174826,13.8705635,-5.7581143,-9.33348,29.793802,-40.114124,2.5030072,-33.758442,-27.765886,5.6667285,-0.187844,11.446291,-44.08745,-12.265849,5.638815,-33.31776,9.276287,-4.322707,-1.2239568
636,12.681295394897461,11.180482864379883,66.94631958007812,5.801494542770381,-6.495632412661317,-33.57632812554132,-8.036245,9.356928,-23.812658,51.84276,-22.131742,-15.000033,-41.28639,-44.121243,16.106161,52.293083,2.130448,14.473529,-4.5012603,-9.0672035,29.793802,-39.87463,2.774709,-33.467857,-28.138702,5.657887,-0.38628313,11.744082,-43.75949,-13.3249235,5.9491057,-32.95623,9.472345,-4.414626,-1.6785178
637,12.873037338256836,11.439314842224121,66.47417449951172,6.090261064157867,-6.6152394728165005,-33.74642025562822,-6.6473722,8.468948,-24.90878,50.748257,-24.765299,-15.000033,-41.613712,-42.684917,19.430073,54.435753,2.0405395,15.000033,-3.2920494,-8.354251,29.793802,-39.57324,2.9602625,-33.16026,-28.49031,5.9971347,-0.5763945,12.117327,-42.78958,-14.254372,6.099253,-33.20911,9.584805,-4.461244,-2.0762365
638,13.035431861877441,11.646502494812012,65.99480438232422,6.048020725528591,-6.643957969796991,-33.85743666020382,-6.0156155,8.4889345,-24.819221,50.28183,-27.545586,-15.000033,-41.321995,-40.3986,22.514547,56.764957,2.0840876,15.000033,-2.176663,-7.3667164,29.68451,-39.13804,3.0502083,-32.79317,-28.787249,6.611733,-0.7679418,12.537881,-41.296707,-15.050949,6.1516643,-33.810444,9.659931,-4.4925456,-2.4616458
639,13.190248489379883,11.806747436523438,65.5112533569336,5.875174824254482,-6.579709678442266,-33.95943238994622,-5.840561,9.016701,-23.913557,50.138515,-30.2381,-15.000033,-40.74968,-38.242847,24.647528,58.86657,1.9671746,15.000033,-1.2070826,-6.28023,29.093637,-38.27592,3.0073612,-32.382034,-29.014717,7.27877,-0.9644568,12.96697,-39.236794,-15.626761,6.3235273,-34.419697,9.793834,-4.5299177,-2.7759526
640,13.350046157836914,11.945444107055664,65.03231811523438,5.80323583039794,-6.618905595146032,-34.17132151706867,-5.535156,9.650516,-22.541689,49.958267,-32.618027,-15.000033,-40.268246,-37.23237,25.277626,60.346664,1.51588,15.000033,-0.22711064,-5.3667436,28.625265,-37.34549,2.8588746,-31.99385,-29.22092,7.912671,-1.1253288,13.328957,-36.601597,-15.98466,6.47731,-35.391838,10.071839,-4.5318975,-2.8693037
641,13.476103782653809,12.04763126373291,64.58521270751953,5.880462402804641,-6.736849504996332,-34.54470350606425,-5.130483,10.513526,-20.305857,49.72027,-34.691643,-15.000033,-40.18313,-37.891964,23.895477,61.044437,0.81108296,15.000033,0.87649614,-4.62864,28.300142,-36.262016,2.6119707,-31.666367,-29.466732,8.432279,-1.2569519,13.684643,-33.137943,-16.095314,6.5881333,-36.912067,10.662815,-4.509706,-2.6479435
642,13.596553802490234,12.124533653259277,64.1980972290039,6.019784457710392,-6.860386924257288,-35.072296394399714,-4.7966404,11.727889,-17.092558,49.60675,-36.57455,-15.000033,-40.30334,-39.56185,21.118395,61.211395,0.04038917,15.000033,2.0750353,-3.9880128,28.021992,-35.020992,2.2732131,-31.369139,-29.738338,8.932675,-1.3665559,14.039671,-28.92925,-15.957609,6.690206,-38.915634,11.456541,-4.465578,-2.1845052
643,13.755148887634277,12.178243637084961,63.884979248046875,6.269298747584489,-6.980715997510394,-35.75897471716734,-4.3500905,12.833297,-13.71454,49.550316,-38.175285,-15.000033,-40.456776,-41.45374,18.173306,61.041645,-0.75199723,15.000033,3.2436945,-3.5402026,27.79019,-33.78332,1.8726134,-31.06545,-30.009022,9.516512,-1.4392039,14.2540655,-24.384672,-15.6165695,6.9060526,-41.146973,12.094638,-4.37665,-1.6410843
644,13.933489799499512,12.23953914642334,63.657230377197266,6.665043513196944,-7.113859395769365,-36.554947326022194,-3.666003,13.358258,-11.07254,49.447475,-39.380657,-15.000033,-40.554058,-42.819977,16.297756,60.676617,-1.6158831,15.000033,4.2071524,-3.3698988,27.626518,-32.688255,1.45723,-30.717691,-30.269388,10.280578,-1.4618664,14.190357,-19.929811,-15.149121,7.336526,-43.330242,12.239229,-4.2251797,-1.1822048
645,14.15690803527832,12.295064926147461,63.496368408203125,7.309025790023285,-7.3580643032670885,-37.357917068189344,-2.6809502,12.950277,-9.700155,49.265553,-40.034492,-15.000033,-40.526237,-43.66065,15.899718,59.995373,-2.8147964,15.000033,4.9001007,-3.5496857,27.68654,-31.572514,1.0458846,-30.356016,-30.664791,11.304871,-1.4642732,13.807385,-15.422074,-14.580093,7.9807787,-45.558727,11.6199045,-3.9635463,-0.8779936
646,14.392203330993652,12.348974227905273,63.36965560913086,8.136336715521574,-7.682101454034606,-38.2015340687172,-1.5019733,11.94954,-9.09536,49.03098,-40.226837,-15.000033,-40.43172,-44.34479,16.243637,58.9373,-4.2729073,15.000033,5.3858624,-3.9860606,27.942236,-30.382753,0.64982533,-29.986746,-31.21454,12.512083,-1.4540465,13.181811,-10.730534,-13.921408,8.846071,-47.918015,10.486574,-3.622896,-0.6301748
647,14.618414878845215,12.388012886047363,63.255531311035156,8.939377186768763,-7.922167399527727,-39.21677482606443,-0.28869334,10.915771,-8.62117,48.711323,-40.19766,-15.000033,-40.45953,-44.699562,16.919798,57.721413,-5.571781,15.000033,5.6728563,-4.5171447,28.126064,-29.403908,0.3169257,-29.535416,-31.72162,13.758654,-1.3860478,12.353675,-6.3342867,-13.251723,9.9948635,-50.069237,9.296696,-3.3053617,-0.36621603
648,14.808793067932129,12.40956974029541,63.186866760253906,9.510374811479254,-7.912504134592456,-40.527173397065575,0.8093565,10.382435,-7.617204,48.279526,-40.192505,-15.000033,-40.77482,-44.50212,17.556768,56.574505,-6.3088503,15.000033,5.7633276,-4.980239,27.965921,-28.896288,0.119250104,-28.919668,-32.030945,14.893047,-1.2094432,11.363729,-2.7254345,-12.682078,11.449953,-51.664906,8.526172,-3.1064086,-0.045060717
649,14.969415664672852,12.427785873413086,63.17779541015625,9.794721936817565,-7.531126734300704,-42.15205693524272,1.6453503,10.507109,-5.8566337,47.802677,-40.28487,-15.000033,-41.48892,-43.68265,18.081299,55.464092,-6.375097,15.000033,5.5993505,-5.3464293,27.306925,-28.774967,0.10565074,-28.123154,-32.266,15.82279,-0.9351741,10.179429,-0.009184233,-12.267046,13.340312,-52.600708,8.424814,-3.0892353,0.23189297
650,15.140585899353027,12.450234413146973,63.24317932128906,9.891109700666833,-6.900171933988729,-44.02419292603588,2.3743947,10.988269,-3.6816883,47.282948,-40.355804,-15.000033,-42.44356,-42.35833,18.676544,54.289646,-5.987435,15.000033,5.1541443,-5.686366,26.323362,-28.86685,0.30139253,-27.165993,-32.56978,16.63681,-0.58479255,8.796992,2.022397,-12.012557,15.608523,-53.03416,8.722445,-3.1835132,0.4356543
651,15.341629028320312,12.47599983215332,63.371009826660156,9.8259151958625,-6.226696572650737,-46.137494661825286,3.305156,11.644902,-1.270504,46.591312,-40.349777,-15.000033,-43.390385,-40.570896,19.37399,53.169193,-5.243761,15.000033,4.497925,-5.968742,25.255493,-29.298542,0.7473008,-26.045692,-32.842667,17.460796,-0.120287605,7.3016133,3.4017284,-11.941804,17.947771,-53.09597,9.126156,-3.2841842,0.69307244
652,15.573629379272461,12.482107162475586,63.551944732666016,9.637764551807757,-5.7146148521694515,-48.49281978479993,4.7255745,12.282833,1.1998234,45.58329,-40.201904,-15.000033,-44.125477,-38.370125,20.236513,52.232445,-4.243382,15.000033,3.7217464,-6.165313,24.351933,-30.19702,1.4860831,-24.793842,-32.996548,18.432821,0.4922967,5.780476,4.197361,-12.082422,20.042173,-52.963623,9.351038,-3.2908874,1.1250798
653,15.819013595581055,12.475728988647461,63.76278305053711,9.343345881519802,-5.457088675273746,-51.173969369794214,6.8656716,12.828318,3.7482147,44.04925,-39.89204,-15.000033,-44.679806,-35.675606,21.464163,51.572765,-2.9288216,15.000033,2.822541,-6.2995286,23.667128,-31.564655,2.5314848,-23.384525,-33.139137,19.774935,1.3140203,4.1338296,4.277669,-12.488596,21.912962,-52.66404,9.260555,-3.171592,1.86932
654,16.073772430419922,12.465095520019531,64.00455474853516,8.925787317135267,-5.34542350556375,-54.162420098254834,9.541562,13.332616,6.474283,42.0911,-39.435265,-15.000033,-45.148743,-32.502018,22.979805,51.094616,-1.2583812,15.000033,1.7734679,-6.365122,23.098562,-33.33216,3.894241,-21.871275,-33.32186,21.365513,2.2844934,2.3455658,3.740856,-13.163023,23.70069,-52.239223,9.043059,-2.9928768,2.797082
655,16.333192825317383,12.424036026000977,64.26870727539062,8.379943318832742,-5.276906665973273,-57.31043560189296,12.391447,13.802926,9.30605,40.039936,-38.81464,-15.000033,-45.4845,-29.04087,24.477291,50.640625,0.6516318,15.000033,0.6712466,-6.322882,22.654886,-35.55879,5.618991,-20.465267,-33.333206,22.815432,3.2805889,0.65030634,3.0246742,-14.0299225,25.23658,-51.909203,8.891725,-2.7980306,3.6578085
656,16.591075897216797,12.357288360595703,64.5618896484375,7.694482535426393,-5.151857998936375,-60.47118721610519,15.046298,14.28469,12.161474,38.253662,-38.024864,-15.000033,-45.675827,-25.487955,25.679808,50.05563,2.6813774,15.000033,-0.35352352,-6.1608596,22.341076,-38.355602,7.7602615,-19.430103,-32.917267,23.70149,4.222762,-0.68179,2.5687044,-14.97357,26.29335,-51.873215,8.991521,-2.6193042,4.2298794
657,16.83708953857422,12.271566390991211,64.8758544921875,6.833406347190007,-4.968820937623385,-63.70722760474266,17.524885,14.78003,15.097389,36.707355,-37.011307,-15.000033,-45.758755,-21.639019,26.761623,49.303738,4.9757876,15.000033,-1.2759267,-5.8824143,22.154675,-41.853065,10.3301,-18.75733,-32.20755,23.821005,5.1904254,-1.5210252,2.2982109,-15.915965,26.740269,-52.104652,9.448954,-2.4548483,4.497042
658,17.074119567871094,12.183794975280762,65.19194793701172,5.805721195737069,-4.805106880072387,-67.06973607011042,19.993961,15.279373,18.133251,35.254433,-35.78862,-15.000033,-45.803146,-17.488262,27.858213,48.429455,7.5702524,15.000033,-2.1509721,-5.566892,22.08775,-46.12062,13.2972765,-18.543917,-31.171322,23.382563,6.2329526,-1.9707664,2.015952,-16.832235,26.716187,-52.467953,10.135653,-2.2862768,4.5931196
659,17.266084671020508,12.065718650817871,65.50672912597656,4.667309142147154,-4.671919948743363,-70.39568758156786,22.296873,15.856205,21.122484,34.114582,-34.490116,-15.000033,-45.841557,-13.525236,28.605793,47.402534,10.151603,15.000033,-2.9856822,-5.33653,22.149132,-51.204533,16.62222,-19.233322,-29.326036,22.572899,7.2429714,-2.0904584,1.9548863,-17.68293,26.385244,-52.993683,10.888356,-2.120642,4.523608
660,17.397645950317383,11.91302490234375,65.81523132324219,3.4900632921027084,-4.566314777114201,-73.52201477918248,24.275206,16.598833,23.917004,33.519577,-33.26392,-15.000033,-45.872185,-10.219547,28.592913,46.217155,12.38032,15.000033,-3.7984605,-5.315765,22.357372,-57.143623,20.24344,-21.253279,-26.262905,21.559841,8.106577,-1.9487517,2.3168554,-18.416159,25.920694,-53.69631,11.5445,-1.9639542,4.297469
661,17.471235275268555,11.708479881286621,66.11221313476562,2.2097751734746818,-4.487704858602803,-76.51524350202001,25.911184,17.648506,26.597025,33.651093,-32.124783,-15.000033,-45.77374,-7.6021957,27.361475,44.645264,14.114972,15.000033,-4.5243673,-5.490195,22.773462,-64.50417,24.16316,-24.888432,-22.01173,20.245825,8.843519,-1.4816993,3.2200603,-18.941547,25.163984,-54.592514,12.101523,-1.8249056,3.8090286
662,17.497947692871094,11.473335266113281,66.38448333740234,0.8274992501989783,-4.446878998043809,-79.43136107549265,27.308115,18.956932,29.191128,34.35966,-31.024158,-15.000033,-45.539276,-5.4120045,25.216364,42.743614,15.559517,15.000033,-5.3790975,-5.869114,23.37324,-73.08597,28.259483,-30.087965,-17.089125,18.448023,9.462114,-0.6622008,4.2231946,-19.19804,24.310654,-55.410816,12.632253,-1.6942157,3.0935624
663,17.468111038208008,11.218355178833008,66.63557434082031,-0.5010431744407556,-4.416801442213142,-82.09535103351266,28.449787,20.342365,31.457617,35.389275,-30.03457,-15.000033,-45.30802,-3.655648,22.832525,40.99245,16.879515,15.000033,-6.7480383,-6.4762216,23.996052,-81.605,32.245697,-36.44879,-11.839041,16.376442,9.796389,0.27159443,4.693941,-19.246624,23.993742,-55.691967,13.044133,-1.5286758,2.4047627
664,17.402925491333008,10.951559066772461,66.87033081054688,-1.6257813193502055,-4.343564951645337,-84.33334412746542,29.276907,21.630852,33.15546,36.488625,-29.229063,-15.000033,-45.26689,-2.3616917,20.869713,39.951256,18.189827,15.000033,-8.706078,-7.1950235,24.455696,-88.85085,35.873875,-43.307224,-6.377286,14.37514,9.693048,1.0067075,4.41187,-19.264141,24.49525,-55.274017,13.237035,-1.2821411,2.0009422
665,17.31328773498535,10.665563583374023,67.08855438232422,-2.5205233193433476,-4.114675981841071,-86.11251042213323,29.556591,22.898071,34.17045,37.823593,-28.686775,-15.000033,-45.73575,-1.6044923,19.386744,40.187553,19.765364,15.000033,-11.016565,-7.9135394,24.690134,-95.08212,39.095463,-50.616055,-0.18317461,12.509884,9.23152,1.3121562,3.837647,-19.39574,25.538208,-54.46642,13.206929,-0.9317212,1.8757882
666,17.2026309967041,10.373501777648926,67.2710189819336,-3.269748744503409,-3.756248084600929,-87.5206750307158,29.338745,24.209513,34.58836,39.440372,-28.353928,-15.000033,-46.508686,-1.3341973,18.116207,41.36109,21.346464,15.000033,-13.487159,-8.534842,24.7694,-100.93514,41.942425,-58.47318,6.6808815,10.81736,8.463491,1.3104162,3.2682827,-19.691422,26.807486,-53.51151,13.013067,-0.51610804,1.8798131
667,17.07537841796875,10.076284408569336,67.40805053710938,-3.895101032246535,-3.405489328854079,-88.56779600028506,28.95843,25.39143,34.518368,40.93233,-28.083344,-15.000033,-47.045803,-1.4092191,17.169756,42.66732,22.301533,15.000033,-16.094933,-8.997033,24.753326,-106.09091,44.397285,-66.4891,13.800473,9.610481,7.2398825,1.259241,2.4730747,-20.191164,28.386467,-52.393925,12.674122,-0.10660898,2.0191278
668,16.933076858520508,9.773198127746582,67.49889373779297,-4.423009597645518,-3.190399272311833,-89.27775933211132,28.757708,26.297281,34.130123,41.92287,-27.747526,-15.000033,-46.846584,-1.7039189,16.50987,43.272476,22.14318,15.000033,-18.795572,-9.261183,24.7261,-110.15228,46.445923,-74.30177,21.01555,9.242573,5.408037,1.4476677,1.2254311,-20.915485,30.375349,-51.129875,12.219433,0.2219761,2.2942889
669,16.747638702392578,9.451461791992188,67.54203796386719,-4.8644117161299025,-3.1556619253179723,-89.54445406129086,28.804768,26.918764,33.355392,42.29818,-27.289675,-15.000033,-45.575207,-2.2766476,16.219551,42.88888,20.517544,15.000033,-21.701134,-9.318874,24.797804,-112.843506,48.091454,-82.763084,29.668507,10.150541,2.4374616,2.1280053,-0.49324608,-21.895666,33.00994,-49.71795,11.735552,0.42724052,2.811078
670,16.538978576660156,9.03446102142334,67.52926635742188,-5.201074179203136,-3.220272244288594,-89.394776793073,28.935217,27.335125,32.181393,42.265743,-26.778343,-15.000033,-43.57716,-3.1286376,16.285936,41.961636,17.8203,15.000033,-24.617805,-9.262019,24.950922,-114.94211,49.36925,-92.30521,39.9012,12.109354,-1.3125969,3.2744784,-2.3724873,-23.08365,36.070362,-48.37229,11.228198,0.531536,3.496318
671,16.338350296020508,8.590300559997559,67.46380615234375,-5.426006987499917,-3.323810074515866,-89.06096629509221,29.156704,27.549667,30.897434,41.94098,-26.27114,-15.000033,-41.375854,-4.0472507,16.458773,40.76661,14.705924,15.000033,-27.16704,-9.183633,25.063715,-117.0921,50.31171,-101.3803,49.53472,14.329328,-4.7333503,4.6382084,-4.288624,-24.366407,39.081326,-47.300198,10.590364,0.57249624,4.1203227
672,16.166906356811523,8.126825332641602,67.34393310546875,-5.522375108067706,-3.3934413703022854,-88.78039044901122,29.44523,27.565044,29.781393,41.456448,-25.828995,-15.000033,-39.50492,-4.8679223,16.426403,39.58168,11.825561,15.000033,-29.126217,-9.110082,25.011423,-119.18551,50.971508,-107.66317,56.398216,15.94178,-6.885169,5.731718,-6.3133383,-25.649216,41.683353,-46.564003,9.682462,0.60588026,4.4808187
673,16.02721405029297,7.690548896789551,67.18702697753906,-5.442775271035851,-3.4413955862609673,-88.51913040325945,29.822695,27.333797,28.827204,40.78473,-25.487366,-15.000033,-37.906662,-5.6869173,15.95891,38.198257,9.103909,15.000033,-30.575361,-9.106312,24.780537,-120.59134,51.425236,-110.20903,60.471905,16.659367,-7.5715766,5.993413,-8.5169525,-26.900913,43.977367,-46.215454,8.312511,0.6469282,4.549567
674,15.894516944885254,7.302901744842529,67.01844024658203,-5.193959968046746,-3.4928819184747457,-88.18544002264237,30.289598,26.856571,27.905548,39.88017,-25.210976,-15.000033,-36.36601,-6.5616455,15.260744,36.572815,6.260421,15.000033,-31.674953,-9.27941,24.468315,-121.17013,51.744225,-110.32623,62.981567,16.716679,-7.403573,5.6781645,-10.913581,-28.127783,46.16658,-46.26223,6.603472,0.671906,4.4573264
675,15.768474578857422,6.936016082763672,66.84435272216797,-4.856311351718258,-3.4823376283347893,-87.93339422372722,30.757912,26.22533,27.104359,38.864338,-24.954477,-15.000033,-35.209568,-7.31725,14.60488,35.22684,3.6727824,15.000033,-32.35629,-9.57837,24.120352,-121.0841,52.00131,-108.54229,63.910515,16.18406,-6.7481894,5.472201,-13.586926,-29.321966,48.07466,-46.576294,4.8544717,0.69494575,4.238062
676,15.648820877075195,6.582274436950684,66.67667388916016,-4.52437222498725,-3.342826008764387,-87.9182178353694,31.140596,25.549002,26.522846,37.860123,-24.671741,-15.000033,-34.76354,-7.7708254,14.269399,34.676205,1.7184917,15.000033,-32.5297,-9.801504,23.760675,-120.365906,52.23208,-105.024605,63.139515,15.304193,-5.9478264,6.127199,-16.659243,-30.490294,49.529366,-46.894325,3.3544447,0.7372321,3.922639
677,15.532856941223145,6.346139430999756,66.55011749267578,-4.22223961943213,-2.9863724374729155,-88.26065899081577,31.360128,24.82792,26.256094,36.897793,-24.348257,-15.000033,-35.295536,-7.777146,14.423305,35.136158,0.63468844,15.000033,-32.07132,-9.864931,23.324396,-119.093956,52.442806,-98.90674,59.962547,13.485045,-5.071276,8.370141,-20.207304,-31.622839,50.405983,-47.248383,2.174433,0.8011028,3.52313
678,15.417353630065918,6.153300762176514,66.43154907226562,-3.9155525209798556,-2.4699972611152825,-88.84881884443593,31.479094,24.021795,26.226913,35.906498,-24.005016,-15.000033,-36.566227,-7.462814,14.877551,36.29166,0.18405402,15.000033,-31.078438,-9.833587,22.786587,-117.40525,52.594906,-90.35751,54.54871,10.825741,-4.0241365,11.711631,-24.171087,-32.727512,50.847332,-47.63827,1.1466298,0.8839468,3.019478
679,15.294824600219727,5.994944095611572,66.30429077148438,-3.606669437379951,-1.9449000355586066,-89.49117734296637,31.623777,23.18115,26.28476,34.852734,-23.643608,-15.000033,-38.13123,-7.0392013,15.383663,37.852497,0.026242752,15.000033,-29.790821,-9.748037,22.254597,-115.39287,52.646805,-81.16484,48.034527,8.571063,-2.7923822,15.02646,-28.47899,-33.850365,51.118942,-47.809235,0.22093198,0.98772585,2.3916936
680,15.177254676818848,5.855534076690674,66.1654052734375,-3.294784511708174,-1.5632220835046713,-89.99832936557559,31.919743,22.353971,26.276188,33.71057,-23.271265,-15.000033,-39.560474,-6.7429404,15.703287,39.539536,-0.18244347,15.000033,-28.470644,-9.63819,21.868586,-112.87662,52.594902,-72.93352,41.53541,7.987251,-1.1630458,17.112942,-33.11493,-35.046722,51.540173,-47.571438,-0.64405763,1.1165111,1.6173544
681,15.07913589477539,5.7478837966918945,66.0228500366211,-2.985820293796026,-1.3974285287396313,-90.4314641959175,32.545845,21.487732,26.265823,32.3439,-22.863777,-15.000033,-40.790676,-6.5496545,15.800448,41.35895,-0.52010936,15.000033,-27.109509,-9.512035,21.710392,-109.712006,52.43634,-65.85473,34.85049,10.06753,1.3783287,17.382206,-38.237476,-36.318604,52.152,-47.03344,-1.4630717,1.3077912,0.692312
682,15.004043579101562,5.647045135498047,65.88433074951172,-2.671391338739172,-1.3559194681654356,-90.85093466217424,33.385624,20.571121,26.286362,30.796202,-22.417799,-15.000033,-42.02771,-6.378076,15.814235,43.42513,-0.8132345,15.000033,-25.611122,-9.350504,21.699034,-105.95076,52.14071,-59.099445,27.377117,13.968938,4.6103535,16.354292,-43.861256,-37.639057,52.850758,-46.314095,-2.1797094,1.5407461,-0.37600848
683,14.934468269348145,5.529813289642334,65.76112365722656,-2.322552820595713,-1.3471070268090641,-91.06796831786912,34.130802,19.720076,26.150454,29.318096,-21.973915,-15.000033,-43.25476,-6.3860025,15.776657,45.61853,-1.0259799,15.000033,-24.138977,-9.114976,21.763105,-101.464386,51.66648,-52.47063,19.570652,18.200357,7.698859,14.5630245,-49.773697,-39.00895,53.866745,-45.289955,-2.816213,1.729505,-1.606484
684,14.84945011138916,5.407712936401367,65.66493225097656,-1.9086917213938757,-1.2833684553138638,-90.89651607452122,34.47442,19.0605,25.688494,28.187538,-21.588943,-15.000033,-44.461838,-6.7241764,15.715846,47.82464,-1.1147399,15.000033,-22.878231,-8.789757,21.83526,-96.192345,50.943302,-45.830196,11.950079,21.116596,9.944544,12.834956,-55.794033,-40.43642,55.436733,-43.87285,-3.3693378,1.7888309,-3.0225217
685,14.76559066772461,5.3008575439453125,65.6041259765625,-1.4334949526777767,-1.1868205194317898,-90.26301588515682,34.418316,18.636951,24.901234,27.422392,-21.300941,-15.000033,-45.58409,-7.4530807,15.590115,50.01293,-1.1065538,15.000033,-21.942314,-8.356958,21.9481,-89.85252,49.810677,-38.942413,4.4172616,21.948336,11.247157,11.536868,-62.049473,-41.911163,57.673317,-42.225105,-3.7044797,1.6579573,-4.75807
686,14.677407264709473,5.215643882751465,65.57647705078125,-0.9029305330401604,-1.097668470554094,-89.27389095363554,34.100376,18.375635,23.874893,26.907927,-21.080654,-15.000033,-46.646976,-8.492806,15.420858,52.234966,-1.0078474,15.000033,-21.230314,-7.876082,22.146318,-82.71657,48.091503,-32.101547,-3.261466,21.580238,12.010376,10.402978,-68.641556,-43.391907,60.41884,-40.48292,-3.858635,1.3795091,-6.775897
687,14.565350532531738,5.151179313659668,65.57249450683594,-0.2908416261629941,-0.9591313473336092,-88.01469417722404,33.41468,18.214703,22.569946,26.74152,-20.897676,-15.000033,-47.78561,-9.777484,15.322873,54.506176,-0.7290781,15.000033,-20.555,-7.457604,22.363295,-75.65371,45.72476,-26.06071,-10.599171,20.82702,12.412516,9.418807,-75.24869,-44.84864,63.512886,-38.47387,-4.174987,1.0417664,-8.831149
688,14.418293952941895,5.097641944885254,65.58871459960938,0.4366833680423815,-0.7148019360441211,-86.5697523571653,32.260113,18.08278,20.953371,27.00895,-20.713211,-15.000033,-49.138874,-11.2275305,15.411947,56.837433,-0.17878349,15.000033,-19.705034,-7.1432824,22.510315,-69.307236,42.824802,-21.36947,-17.124271,20.603308,12.576483,8.43243,-81.57125,-46.28342,66.8966,-35.901257,-4.989618,0.7574799,-10.670144
689,14.225780487060547,5.043608665466309,65.62104034423828,1.325540532102795,-0.3201707088231651,-84.84667572047287,30.430386,17.97419,18.866974,27.87697,-20.535782,-15.000033,-50.842968,-12.897767,15.75103,59.353233,0.8414556,15.000033,-18.735155,-6.923345,22.53509,-63.187393,39.545177,-18.04512,-23.051298,21.16746,12.406404,7.289616,-87.775116,-47.73137,70.823235,-32.69314,-6.406065,0.53647286,-12.425829
690,13.997261047363281,4.9938764572143555,65.6673583984375,2.361071781473994,0.1703923924746591,-82.83388204800364,28.053822,17.849304,16.393187,29.20601,-20.352058,-15.000033,-52.81381,-14.785761,16.292953,61.992447,2.2412083,15.000033,-17.719072,-6.7505627,22.508078,-56.806908,35.962395,-15.784307,-28.771292,22.061777,11.836939,6.0558333,-94.06924,-49.19443,75.389275,-29.016407,-8.234741,0.3541207,-14.179311
691,13.748126029968262,4.945704936981201,65.7110366821289,3.468587298721326,0.670086563345894,-80.7381657632205,25.53103,17.614714,13.857986,30.642054,-20.102839,-15.000033,-54.861126,-16.728926,16.982134,64.49977,3.6673687,15.000033,-16.504808,-6.5441985,22.51178,-50.607628,32.203773,-14.378573,-34.06738,23.160124,11.005217,4.7830243,-100.26335,-50.62589,80.41185,-24.823284,-10.345035,0.26953456,-15.589981
692,13.501489639282227,4.88543701171875,65.73542022705078,4.57201073863364,1.0988264201854039,-78.76698146253327,23.250816,17.237974,11.58015,31.872871,-19.750349,-15.000033,-56.782967,-18.572107,17.752626,66.63664,4.7523017,15.000033,-14.961498,-6.246789,22.61134,-45.14886,28.434576,-13.5438385,-38.573887,24.304926,10.067599,3.5144787,-106.1019,-51.95445,85.63277,-19.998215,-12.615779,0.3080239,-16.296091
693,13.251826286315918,4.806434631347656,65.7341537475586,5.720078818420735,1.4472962122078237,-76.8563599874814,21.159594,16.687761,9.477613,32.930794,-19.289673,-15.000033,-58.695965,-20.527819,18.575777,68.59217,5.4093404,15.000033,-13.197138,-5.9533963,22.7878,-40.2783,24.83268,-13.070936,-42.191505,25.507027,8.959462,2.1353457,-111.651474,-53.13199,91.38144,-14.261312,-15.338635,0.55101573,-16.031538
694,13.002824783325195,4.68904972076416,65.71585845947266,6.9338568878413565,1.7418991570840423,-74.92790332292321,19.115091,16.000359,7.437548,33.949852,-18.739693,-15.000033,-60.668293,-22.591978,19.524681,70.41919,5.8164463,15.000033,-11.344008,-5.69672,23.040823,-35.575718,21.50764,-12.969638,-45.170036,26.721657,7.6393185,0.66597456,-117.06762,-54.09634,97.67842,-7.7778964,-18.48765,0.8918904,-15.047523
695,12.775036811828613,4.537675380706787,65.68955993652344,8.07735824015292,1.9849936001551487,-73.18064884389659,17.334694,15.314364,5.7142105,34.807617,-18.123981,-15.000033,-62.393795,-24.298384,20.587809,71.69459,6.0035667,15.000033,-9.314434,-5.3240256,23.404064,-31.27785,18.500324,-13.168686,-47.5466,27.744787,6.334238,-0.6551464,-122.06821,-54.771446,103.62722,-0.87861705,-21.455736,1.0885215,-13.737751
696,12.552420616149902,4.3437933921813965,65.65765380859375,9.007214318486556,2.2067607530451134,-71.82770756804914,16.005775,14.795311,4.5545597,35.392933,-17.47868,-15.000033,-63.536064,-25.197168,21.66758,72.00703,6.0103483,15.000033,-7.0269833,-4.695002,23.843863,-27.646011,15.829439,-13.543833,-49.312634,28.432312,5.2820644,-1.6165873,-126.18562,-55.11779,108.12531,6.328114,-23.6468,0.9537393,-12.45321
697,12.331242561340332,4.105648994445801,65.6195068359375,9.629559780076509,2.4439567752225533,-70.97564644599775,15.170415,14.566117,4.061469,35.691326,-16.805649,-15.000033,-63.807434,-24.949757,22.7216,70.8949,5.871299,15.000033,-4.365343,-3.7700021,24.342604,-24.578957,13.558823,-13.850015,-50.355247,28.655678,4.6151404,-1.9941908,-129.1315,-55.105286,111.337006,15.03324,-25.278118,0.3607407,-11.00049
698,12.122530937194824,3.8153913021087646,65.55976867675781,10.037546543184234,2.6842563856828727,-70.48646120020368,14.70693,14.547867,4.060923,35.76831,-16.09384,-15.000033,-63.38995,-23.938457,23.802565,68.70119,5.532539,15.000033,-1.5660341,-2.6637094,24.82328,-21.79714,11.73789,-13.948301,-50.819607,28.545929,4.22351,-1.9364742,-131.05145,-54.741714,113.44341,25.160683,-26.513718,-0.4769744,-9.291055
699,11.921988487243652,3.4801104068756104,65.47834014892578,10.360058364324612,2.8970002175473506,-70.21693297018194,14.537446,14.601777,4.3756814,35.659813,-15.382054,-15.000033,-62.646294,-22.741556,24.913132,66.237946,4.891443,15.000033,1.0459236,-1.3300881,25.220587,-19.348652,10.318256,-13.903362,-51.143574,28.269808,3.9912212,-1.7701395,-132.423,-54.156986,113.88834,34.578278,-26.456785,-1.2205837,-7.7742987
700,11.73369026184082,3.116581439971924,65.37564086914062,10.715460041283746,3.072117530634964,-70.0475911222348,14.588214,14.610655,4.8880796,35.37489,-14.6857815,-15.000033,-61.992493,-21.891184,25.906462,64.30979,3.9380133,15.000033,3.3155477,0.25622657,25.494482,-17.544147,9.192942,-13.963065,-51.496216,28.062479,3.7969484,-1.8575407,-133.46431,-53.563656,111.96016,41.295364,-24.360916,-1.6864066,-6.7637863
701,11.54599380493164,2.763270854949951,65.26469421386719,11.098792504452865,3.2022930812067236,-70.06266790433439,14.987082,14.568224,5.7285066,34.81194,-13.985583,-15.000033,-61.42832,-21.409979,26.654074,63.02485,2.5466528,15.000033,5.4078727,1.9603137,25.614922,-16.731197,8.291585,-14.390428,-51.456825,28.292519,3.6077561,-2.4452717,-133.5551,-53.09896,105.463356,45.30428,-19.84451,-1.9429164,-6.608063
702,11.367329597473145,2.4099018573760986,65.14692687988281,11.450321878995862,3.3081420992721897,-70.29789571400234,15.725467,14.524743,6.9220834,33.9897,-13.271983,-15.000033,-60.785492,-21.015125,27.21142,61.981102,0.7963669,15.000033,7.4150457,3.5779343,25.550547,-16.986649,7.765181,-14.793784,-50.687878,28.704021,3.459836,-3.3892672,-132.19797,-52.66354,94.54285,47.860664,-13.923442,-2.1371777,-7.085814
703,11.188907623291016,1.976501226425171,64.99407196044922,11.803933157336076,3.4332905092003,-70.57193693540825,16.50733,14.449449,8.186576,33.11288,-12.588652,-15.000033,-60.24488,-20.724949,27.64973,61.23787,-1.0276966,15.000033,9.166662,5.058378,25.377537,-17.997883,7.6795807,-15.122564,-49.728428,29.161505,3.3799856,-4.342927,-130.04706,-52.09991,82.31,49.003487,-7.813576,-2.2366858,-7.66631
704,11.00775146484375,1.5051507949829102,64.82270812988281,12.200724024628459,3.616656520913625,-70.69913979353944,17.033007,14.322085,9.236161,32.396755,-11.985161,-15.000033,-59.9976,-20.574333,28.061079,60.863804,-2.6513672,15.000033,10.485062,6.2722716,25.08219,-19.670958,8.042829,-15.207393,-48.788387,29.458527,3.3593414,-5.071127,-127.459175,-51.358646,71.39639,48.663994,-2.863103,-2.1298401,-7.6685834
705,10.821313858032227,1.082332968711853,64.65604400634766,12.734613600509697,3.8758418396388086,-70.619923619428,17.267754,14.033979,9.98754,31.775227,-11.448099,-15.000033,-60.18125,-20.670372,28.519331,60.991024,-4.1043577,15.000033,11.411192,7.1662297,24.579065,-22.21946,8.782583,-15.206569,-47.779064,29.807138,3.373671,-5.5878024,-124.381645,-50.424347,61.72519,46.164402,0.82061785,-1.6272177,-6.7105207
706,10.63555908203125,0.6998569965362549,64.51080322265625,13.3576624659848,4.186573950997025,-70.4347500820893,17.35823,13.633703,10.597962,31.175552,-10.956187,-15.000033,-60.68764,-20.969255,28.970348,61.549644,-5.5035815,15.000033,12.097479,7.840694,23.885689,-25.743809,9.824429,-15.298505,-46.50355,30.20891,3.4242115,-5.9947004,-121.02988,-49.240936,52.258286,41.640068,3.9764297,-0.76097375,-5.265579
707,10.46933650970459,0.3759528398513794,64.39102172851562,13.908788816968197,4.522864996118926,-70.19679747367401,17.273067,13.34499,11.14598,30.815298,-10.554992,-15.000033,-61.33302,-21.286633,29.322226,62.313705,-6.7182455,15.000033,12.416932,8.321236,23.142971,-29.847248,11.136451,-15.442558,-45.06061,30.377914,3.5514758,-6.1771436,-117.696465,-47.817165,43.675373,36.22663,6.500674,0.28364006,-3.8226287
708,10.32475471496582,0.09043260663747787,64.29049682617188,14.224717251196157,4.8605180392170055,-69.9624959925381,16.975906,13.397843,11.708314,30.920712,-10.296213,-15.000033,-61.915176,-21.438816,29.466019,63.058475,-7.6125956,15.000033,12.288566,8.731726,22.479656,-34.194965,12.748479,-15.432676,-43.535786,29.833344,3.787938,-6.056869,-114.49124,-46.243073,36.792347,31.120556,8.306687,1.2625449,-2.821314
709,10.195722579956055,-0.17996996641159058,64.218505859375,14.286140770404664,5.229293229084867,-69.64424483211958,16.35836,13.858172,12.262987,31.507172,-10.194094,-15.000033,-62.474834,-21.468369,29.360912,63.809105,-8.087584,15.000033,11.536,9.0354395,21.852932,-38.697975,14.663321,-15.174215,-42.106613,28.35791,4.165256,-5.5108843,-110.91403,-44.615105,31.912712,26.209482,9.064775,2.185509,-2.4483633
710,10.070250511169434,-0.44842463731765747,64.18110656738281,14.170493807351455,5.632704704774708,-69.2474952720888,15.468735,14.614506,12.773524,32.465607,-10.219486,-15.000033,-63.077797,-21.445272,29.061012,64.65726,-8.238729,15.000033,10.2620735,9.209218,21.209318,-43.572166,16.856396,-14.874063,-40.641014,26.212086,4.6205926,-4.610754,-106.59561,-42.946987,28.335623,20.808216,8.96282,3.1357386,-2.3982217
711,9.930253982543945,-0.7086479663848877,64.16849517822266,13.85378974499316,6.009491526296439,-68.97151466072211,14.514009,15.636602,13.278793,33.829777,-10.379089,-15.000033,-63.55268,-21.225368,28.585726,65.47904,-8.223477,15.000033,8.7588825,9.343668,20.700659,-48.850212,19.312449,-14.88417,-38.85566,23.831646,5.0690317,-3.5349774,-101.74609,-41.225327,25.324707,15.223707,8.669543,3.9469638,-2.3421688
712,9.801467895507812,-0.9520125389099121,64.17078399658203,13.30843271843383,6.294894351401641,-69.01913186656101,13.72332,16.88861,13.805464,35.620247,-10.700988,-15.000033,-63.73477,-20.664738,27.95428,66.14901,-8.198171,15.000033,7.311624,9.510838,20.506462,-54.58672,22.006172,-15.561364,-36.50826,21.647034,5.459101,-2.4586995,-96.76298,-39.41275,22.24522,9.808763,8.851005,4.442851,-1.9672819
713,9.67885971069336,-1.1843059062957764,64.17049407958984,12.41129005556573,6.466718127799831,-69.48890224031183,13.130237,18.568878,14.382399,38.023388,-11.164004,-15.000033,-63.549038,-19.60137,27.088171,66.637566,-8.112915,15.000033,5.9950123,9.8025465,20.708323,-61.049053,24.92307,-16.937532,-33.78446,19.620478,5.9119077,-1.4416108,-91.55118,-37.47648,18.999979,4.513555,9.809055,4.4903083,-1.0752671
714,9.565117835998535,-1.4144333600997925,64.16468048095703,11.193158527386133,6.54734825193242,-70.26499022214591,12.676133,20.625856,14.921753,40.899372,-11.764362,-15.000033,-63.10925,-18.13192,25.996958,66.98693,-7.901574,15.000033,4.631058,10.115454,21.270084,-68.23455,28.013487,-18.99451,-30.7988,17.54463,6.4161696,-0.34817055,-85.822105,-35.381863,15.927221,-0.98576593,11.182421,4.217684,0.14216459
715,9.474939346313477,-1.637420415878296,64.15485382080078,9.874351771345106,6.541052041063785,-71.22319627443748,12.429349,22.641487,15.335426,43.81505,-12.53262,-15.000033,-62.539455,-16.513308,24.851538,67.18546,-7.699794,15.000033,3.1323783,10.270892,22.192797,-75.79628,31.153221,-21.908468,-27.271326,15.537419,6.7326617,0.9012952,-80.0016,-33.06395,13.231514,-6.5175667,12.619981,3.8259468,1.4009525
716,9.406244277954102,-1.8385274410247803,64.13101959228516,8.69848287972443,6.466305996450861,-72.23147540675113,12.412033,24.2024,15.602352,46.394917,-13.504382,-15.000033,-61.956207,-15.017344,23.832651,67.244125,-7.654467,15.000033,1.3973553,10.118384,23.415897,-83.28405,34.179977,-25.737906,-22.96993,13.770817,6.6059804,2.3263514,-74.59414,-30.48081,11.167373,-11.769376,13.702885,3.4943538,2.4245625
717,9.364330291748047,-2.0006589889526367,64.0816421508789,7.764479143468125,6.3050853977990045,-73.29503316685437,12.658619,25.1097,15.697217,48.636677,-14.764402,-15.000033,-61.365067,-13.708785,23.029903,67.164795,-7.843205,15.000033,-0.5770029,9.599149,24.920658,-90.840805,37.018436,-30.517017,-17.943804,12.554623,5.9835634,3.9114761,-69.627594,-27.668211,9.850157,-16.56504,14.100157,3.2671564,3.173039
718,9.34737491607666,-2.144580602645874,64.01979064941406,6.954531740027879,6.060551083007345,-74.46097686434548,13.113934,25.601387,15.687858,50.74764,-16.262129,-15.000033,-60.72483,-12.452441,22.356329,66.95373,-8.180595,15.000033,-2.7571087,8.849003,26.650124,-98.503876,39.61046,-36.031025,-12.533831,11.77011,4.991069,5.575807,-64.90977,-24.688572,9.3460455,-20.9435,14.024353,3.0388417,3.8256242
719,9.361245155334473,-2.279999256134033,63.94675827026367,6.1914375630225384,5.790691232294145,-75.66272710228648,13.6515,25.933807,15.714202,52.696377,-17.854439,-15.000033,-60.072575,-11.2387295,21.723925,66.64402,-8.572412,15.000033,-5.1451907,8.029803,28.401968,-105.627495,41.86763,-41.857452,-6.7349415,11.02057,3.6215975,7.1655936,-60.60381,-21.624132,9.72383,-24.76861,13.828854,2.7654324,4.4532847
720,9.380049705505371,-2.4157538414001465,63.87284469604492,5.396994175370936,5.602095271404361,-76.82983467982042,14.084913,26.369104,15.904391,54.46392,-19.398008,-15.000033,-59.498444,-10.053415,21.045753,66.25437,-8.909663,15.000033,-7.682552,7.3136435,29.793802,-111.457855,43.72664,-47.59887,-0.28399307,9.937449,1.8468344,8.514377,-56.783237,-18.576092,10.922083,-27.799536,13.904516,2.4024498,5.1235814
721,9.43088436126709,-2.552395820617676,63.794349670410156,4.5870861151254045,5.751154578038315,-77.92807835138656,14.089108,26.9733,16.329275,56.18383,-20.960295,-15.000033,-59.27539,-8.941035,20.305939,65.731445,-9.1726265,15.000033,-10.30018,6.8356833,29.793802,-115.03114,45.12236,-53.089096,7.641241,8.490252,-0.57623285,9.649994,-53.102222,-15.561646,12.900841,-29.371662,14.565118,1.8797793,5.92003
722,9.490832328796387,-2.673950672149658,63.722755432128906,3.778328802599213,5.847443167456365,-79.04251122448994,14.212454,27.607113,16.958475,57.7248,-22.56467,-15.000033,-58.995552,-7.8778434,19.543093,65.13653,-9.484177,15.000033,-12.990788,6.3120174,29.793802,-118.0835,46.1617,-58.89523,17.125948,6.891126,-3.4436486,10.501651,-49.88046,-12.704517,15.233087,-30.104675,15.562388,1.3166032,6.794315
723,9.55239486694336,-2.7739651203155518,63.65716552734375,2.994520138092683,5.918235808881294,-80.16515461020397,14.357052,28.169764,17.624712,59.009308,-24.073997,-15.000033,-58.719433,-6.8218884,18.837017,64.50459,-9.721857,15.000033,-15.576329,5.7334256,29.793802,-120.636314,46.913612,-64.89386,26.841751,5.253265,-6.287201,11.047849,-47.080338,-10.062486,17.667122,-30.32502,16.632603,0.77022773,7.5910153
724,9.60494613647461,-2.8615574836730957,63.60227966308594,2.2524794573200175,5.999335228534189,-81.2865056497627,14.402039,28.564886,18.153694,59.962997,-25.347174,-15.000033,-58.507328,-5.7337027,18.260342,63.86576,-9.762398,15.000033,-17.91745,5.131335,29.793802,-122.72345,47.441574,-70.90804,35.664043,3.665622,-8.689159,11.310243,-44.70932,-7.671331,20.031961,-30.337816,17.484507,0.2788856,8.148832
725,9.668837547302246,-2.939424753189087,63.56837844848633,1.5200743523434133,6.14874712448665,-82.41875703681598,14.229862,28.765337,18.459072,60.557793,-26.411488,-15.000033,-58.4165,-4.5714192,17.811018,63.21619,-9.526921,15.000033,-20.037058,4.599645,29.793802,-124.30837,47.800274,-77.97355,44.382793,2.2421596,-10.656545,11.094155,-42.827328,-5.5867767,22.417782,-30.158176,18.173399,-0.20643945,8.268832
726,9.745882987976074,-3.0022621154785156,63.55156326293945,0.7831661780060359,6.339714100010864,-83.55925009039302,13.905233,28.839792,18.640936,60.848827,-27.320837,-15.000033,-58.39742,-3.3690972,17.438894,62.536736,-9.096118,15.000033,-21.929361,4.1274333,29.793802,-125.65253,48.01063,-86.03854,53.529514,0.8334372,-12.353039,10.522422,-41.308376,-3.7998035,24.770365,-29.771587,18.824284,-0.71118116,8.053395
727,9.839592933654785,-3.054220676422119,63.55447769165039,0.08727619089237501,6.498868896615735,-84.67394342127376,13.560301,28.835865,18.80017,60.88574,-27.972956,-15.000033,-58.362686,-2.2041202,17.144005,61.837505,-8.585798,15.000033,-23.509523,3.6269395,29.793802,-126.811226,48.08556,-92.927376,61.584526,-0.8601118,-13.70887,10.037342,-39.96947,-2.234894,26.831491,-29.388906,19.240807,-1.1635091,7.793493
728,9.929365158081055,-3.082723617553711,63.5792121887207,-0.5137154775990005,6.571926090841597,-85.72586922994495,13.310675,28.793945,19.039513,60.720387,-28.264524,-15.000033,-58.241108,-1.1544462,16.932085,61.125607,-8.10408,15.000033,-24.75029,3.0076296,29.793802,-127.38477,48.086983,-96.20503,66.91755,-3.0941677,-14.721789,10.015456,-38.67396,-0.8201725,28.41058,-29.210596,19.235422,-1.4795492,7.7826056
729,10.022408485412598,-3.105987071990967,63.629276275634766,-0.9768255051612336,6.597897244231717,-86.72028251094187,13.122438,28.634874,19.402548,60.10642,-27.999588,-15.000033,-58.060806,-0.23837933,16.844275,60.39061,-7.64618,15.000033,-25.655869,2.1751916,29.793802,-127.02672,48.101845,-94.33347,68.99508,-6.5673447,-15.407229,10.601278,-37.44776,0.48165068,29.474033,-29.37672,18.449404,-1.5754037,8.196347
730,10.134603500366211,-3.1316518783569336,63.702972412109375,-1.341629617725075,6.614270577887928,-87.66912516169594,12.929954,28.365847,19.824373,59.105885,-27.289122,-15.000033,-57.85661,0.5822743,16.857248,59.63026,-7.157476,15.000033,-26.271751,1.24482,29.793802,-125.864494,48.150566,-88.7415,68.83915,-10.874159,-15.857458,11.598299,-36.392097,1.6338129,30.152008,-29.753498,17.080229,-1.5233638,8.850723
731,10.243353843688965,-3.158414363861084,63.79281234741211,-1.668394515996738,6.569318944224002,-88.54534563797343,12.797295,28.153372,20.254364,58.23701,-26.48734,-15.000033,-57.57139,1.322634,16.894732,58.86937,-6.687687,15.000033,-26.6521,0.3788657,29.793802,-124.15347,48.19515,-81.5509,67.14275,-14.623611,-16.17411,12.852402,-35.445137,2.6009283,30.532993,-30.185278,15.783937,-1.4636215,9.4968405
732,10.352912902832031,-3.1764984130859375,63.88664245605469,-2.012856093217965,6.407723308381887,-89.32201651524433,12.790646,28.167501,20.644627,58.02298,-25.9535,-15.000033,-57.14707,1.9972212,16.88467,58.129993,-6.28333,15.000033,-26.854124,-0.2796057,29.793802,-121.93369,48.200512,-74.802956,64.53439,-16.454023,-16.379265,14.163307,-34.536797,3.3604317,30.709751,-30.513783,15.212026,-1.5140281,9.877179
733,10.453879356384277,-3.1849112510681152,63.97772979736328,-2.41330634404204,6.0984801201921535,-90.03524312835135,12.967867,28.535677,21.014874,58.85041,-25.841002,-15.000033,-56.535927,2.661686,16.800268,57.392784,-5.95818,15.000033,-26.859425,-0.7014577,29.793802,-119.0235,48.121487,-68.53461,60.660995,-15.5759945,-16.37499,15.68308,-33.647327,3.9320657,30.685312,-30.692953,15.741618,-1.7210659,9.896892
734,10.535730361938477,-3.1995627880096436,64.07933807373047,-2.8335011678330013,5.669618486847347,-90.68587144012511,13.301744,29.136295,21.365036,60.348747,-25.942753,-15.000033,-55.76565,3.3008075,16.682316,56.650482,-5.6854568,15.000033,-26.664968,-0.97560775,29.793802,-115.54158,47.896168,-61.843624,55.274918,-12.912581,-16.062588,17.469856,-32.814484,4.3502126,30.430874,-30.798035,16.94863,-2.0150797,9.706113
735,10.598075866699219,-3.216601848602295,64.19276428222656,-3.2131706638791635,5.159165424944564,-91.19307074268815,13.716555,29.768744,21.62702,61.91267,-26.07594,-15.000033,-54.897156,3.8230495,16.562057,55.947365,-5.45192,15.000033,-26.382908,-1.1565136,29.793802,-111.66975,47.491776,-55.212517,49.159294,-9.707089,-15.460411,19.118721,-32.062347,4.6271496,30.013903,-30.848888,18.28627,-2.3312936,9.406458
736,10.660605430603027,-3.213198184967041,64.31281280517578,-3.4860823137715378,4.61342243767688,-91.47467750018924,14.113539,30.238152,21.759926,62.95174,-26.053692,-15.000033,-54.003773,4.129025,16.471985,55.336334,-5.2478123,15.000033,-26.151262,-1.3416417,29.793802,-107.56852,46.895702,-49.19235,43.131954,-7.2123995,-14.7029295,20.224874,-31.382456,4.793955,29.545723,-30.912663,19.19911,-2.6027825,9.086053
737,10.727221488952637,-3.180774688720703,64.43879699707031,-3.6225939220813337,4.020763717782498,-91.52675601043055,14.48766,30.487965,21.754711,63.29307,-25.80494,-15.000033,-53.101463,4.2065578,16.45037,54.87526,-5.0744824,15.000033,-25.97564,-1.5511491,29.793802,-103.07999,46.076496,-43.944252,37.10672,-5.6808796,-13.821232,20.722826,-30.670294,4.942012,29.145943,-31.020012,19.320633,-2.8333552,8.68244
738,10.793981552124023,-3.1223714351654053,64.58211517333984,-3.664978406630484,3.3498677502420913,-91.3873982281091,14.90005,30.627983,21.64661,63.255356,-25.4318,-15.000033,-52.136635,4.1022134,16.46379,54.530457,-4.943283,15.000033,-25.892265,-1.8570968,29.793802,-98.17986,45.013912,-39.291412,30.754944,-4.482793,-12.781543,20.829674,-30.344742,5.009975,28.432703,-30.890059,19.402678,-3.0262947,8.227445
739,10.854429244995117,-3.0523598194122314,64.74679565429688,-3.648356662581366,2.6678711169648763,-91.03977591496847,15.280391,30.719687,21.468071,63.010754,-25.011732,-15.000033,-51.13061,3.7905161,16.441837,54.21081,-4.8518715,15.000033,-25.864765,-2.1752946,29.793802,-93.06362,43.65799,-34.99905,24.342186,-3.509866,-11.696111,20.592064,-30.112577,5.0213323,27.671148,-30.773108,19.397167,-3.178251,7.7971725
740,10.9150390625,-2.9688942432403564,64.92607879638672,-3.6085577229895414,2.034789259045956,-90.46600844791345,15.566937,30.823,21.250532,62.72898,-24.622255,-15.000033,-50.09558,3.2521849,16.313334,53.823944,-4.7977977,15.000033,-25.891129,-2.4692907,29.793802,-88.023636,41.965733,-30.922792,18.250397,-2.6460931,-10.681017,20.05127,-29.823677,5.0043426,27.015333,-30.82781,19.397505,-3.2784734,7.492641
741,10.966769218444824,-2.8651020526885986,65.11937713623047,-3.5600584919185323,1.4511458138129507,-89.6324903706371,15.735935,30.986282,20.98384,62.50364,-24.300028,-15.000033,-49.02877,2.4689312,16.041597,53.383324,-4.812518,15.000033,-26.031033,-2.7513647,29.793802,-82.99075,39.888412,-27.005022,12.528451,-1.8532735,-9.751843,19.09803,-29.59511,4.9491477,26.385624,-30.978151,19.570337,-3.3018126,7.4064264
742,11.012449264526367,-2.7535572052001953,65.33035278320312,-3.488209262023513,0.8903865051542513,-88.55901141729187,15.820352,31.168716,20.65649,62.22817,-23.998823,-15.000033,-47.924458,1.4570397,15.662567,52.922363,-4.885077,15.000033,-26.230057,-3.0194259,29.793802,-77.90578,37.389545,-23.402979,6.9937778,-1.1456697,-8.879361,17.77806,-29.406271,4.853205,25.742722,-31.215065,19.775812,-3.2611628,7.4615016
743,11.064455032348633,-2.6274161338806152,65.56021881103516,-3.3827197579789656,0.36080246945985156,-87.30767699237602,15.85902,31.2958,20.298975,61.769844,-23.671862,-15.000033,-46.77804,0.25509942,15.210766,52.38312,-4.9515443,15.000033,-26.362314,-3.2725854,29.793802,-73.11757,34.514545,-20.322233,1.801995,-0.46884272,-8.107885,16.332989,-29.206556,4.6783166,25.023493,-31.604017,19.98172,-3.1846294,7.550645
744,11.126712799072266,-2.4917397499084473,65.81317138671875,-3.2305903761209476,-0.1264677892846855,-85.9403995820475,15.88868,31.290485,19.940855,60.99688,-23.274088,-15.000033,-45.588554,-1.0989299,14.721682,51.709003,-4.947728,15.000033,-26.317543,-3.4960527,29.793802,-68.86334,31.38325,-17.888166,-2.929974,0.2136768,-7.4707847,14.972778,-28.908518,4.3724194,24.213242,-32.23691,20.133282,-3.1046603,7.559106
745,11.19760513305664,-2.331541061401367,66.10266876220703,-3.0012102526462656,-0.5669543248150442,-84.4144252713086,15.927653,31.118265,19.604887,59.818035,-22.78017,-15.000033,-44.351925,-2.6629224,14.195577,50.91604,-4.9251776,15.000033,-26.158068,-3.7187684,29.793802,-64.87054,28.094135,-16.05485,-7.31187,0.8047341,-7.007271,13.665368,-28.451784,3.8986163,23.384901,-33.20632,20.273273,-3.0429976,7.425946
746,11.270231246948242,-2.1522209644317627,66.42764282226562,-2.706386527435289,-0.9614377684368823,-82.71908551941478,15.950359,30.816206,19.259441,58.319077,-22.222593,-15.000033,-43.073147,-4.4319177,13.605981,50.020473,-4.889524,15.000033,-25.951086,-3.9257333,29.793802,-60.852646,24.699654,-14.728091,-11.531427,1.298302,-6.688947,12.298771,-27.851954,3.247449,22.56179,-34.487995,20.437115,-2.984003,7.214358
747,11.355079650878906,-1.9562108516693115,66.77986907958984,-2.3208219004347095,-1.1056110928304106,-80.9683708927544,15.663578,30.337646,18.828133,56.693058,-21.654024,-15.000033,-42.015965,-6.3317304,13.021194,48.983532,-4.6840177,15.000033,-25.760586,-4.0026517,28.92824,-56.5301,21.230986,-13.873172,-15.3268,1.774869,-6.4922347,10.943719,-26.966986,2.524507,21.80428,-35.482433,20.656502,-2.9694242,6.947136
748,11.446331024169922,-1.7334325313568115,67.16192626953125,-1.9628606280353718,-1.1700147109367247,-79.26329536030154,15.276116,29.793684,18.291592,55.025948,-21.108042,-15.000033,-40.977386,-8.180971,12.383299,47.742485,-4.205863,15.000033,-25.378033,-3.9196768,27.894236,-52.671207,17.81879,-13.430146,-18.609842,2.4502492,-6.2977843,9.61801,-26.075499,1.7644794,20.953796,-36.371677,20.68739,-2.916392,6.741261
749,11.544634819030762,-1.493316888809204,67.57868957519531,-1.6595909943144949,-1.194579863124939,-77.58657968618887,14.871372,29.229021,17.684326,53.254646,-20.630693,-15.000033,-39.86625,-9.972168,11.642711,46.252552,-3.4794161,15.000033,-24.790453,-3.6921165,26.864075,-49.30441,14.613839,-13.355624,-21.392746,3.4634476,-6.064847,8.250252,-25.16421,0.9486274,20.002958,-37.300007,20.39634,-2.784441,6.6220474
750,11.643742561340332,-1.2296024560928345,68.03587341308594,-1.3798557677916274,-1.1775194142552647,-75.89558795002921,14.452164,28.62788,17.012918,51.335537,-20.192331,-15.000033,-38.68731,-11.756446,10.803443,44.557972,-2.5562668,15.000033,-24.096268,-3.392154,25.832771,-46.21673,11.691927,-13.579809,-23.76551,4.639829,-5.837513,6.845782,-24.238611,0.076603524,19.028263,-38.301273,19.88831,-2.6001384,6.546032
751,11.751612663269043,-0.9452589750289917,68.5216293334961,-1.1149668390352292,-1.125676867085102,-74.25653994017718,13.971658,27.976439,16.215145,49.420715,-19.709644,-15.000033,-37.51288,-13.467684,9.9371605,42.7506,-1.3731749,15.000033,-23.306332,-3.054626,24.840044,-43.545628,9.090035,-13.95172,-25.74997,5.670067,-5.633947,5.573856,-23.418367,-0.8330171,18.071638,-39.29453,19.358458,-2.4145849,6.496774
752,11.860344886779785,-0.6214774250984192,69.03237915039062,-0.8552490961397231,-1.044785873878315,-72.73662863017391,13.386212,27.251125,15.231751,47.65853,-19.10619,-15.000033,-36.42976,-15.051347,9.120845,40.920177,0.14626746,15.000033,-22.42092,-2.7099025,23.917328,-41.444344,6.817484,-14.320837,-27.365545,6.2588944,-5.4569006,4.6048284,-22.838272,-1.7513341,17.161304,-40.168385,18.998972,-2.2762098,6.4592714
753,11.973488807678223,-0.2642257511615753,69.5597915649414,-0.6089135597902722,-0.9270107356218815,-71.3507471746946,12.685328,26.454432,14.062283,46.069603,-18.352352,-15.000033,-35.438416,-16.488441,8.357141,39.02298,2.0685847,15.000033,-21.416859,-2.3510947,23.041517,-39.954693,4.8960934,-14.607469,-28.53395,6.1640983,-5.284994,4.0621777,-22.538101,-2.660352,16.31584,-40.87393,18.925251,-2.2134948,6.451904
754,12.082976341247559,0.12364240735769272,70.10398864746094,-0.3715501129494599,-0.7728040897992555,-70.06329513793078,11.898871,25.60135,12.740985,44.58544,-17.491438,-15.000033,-34.51489,-17.813871,7.620631,37.045223,4.334517,15.000033,-20.311224,-1.9929274,22.194283,-38.987858,3.3437355,-14.831925,-29.273342,5.590345,-5.102713,3.8523421,-22.473995,-3.5517068,15.529243,-41.432617,19.01046,-2.194185,6.4790215
755,12.196146965026855,0.541046679019928,70.65801239013672,-0.11633753166761412,-0.6000652173766289,-68.86525816520088,11.046217,24.675476,11.263184,43.220207,-16.5544,-15.000033,-33.71775,-19.058311,6.9566317,35.12145,6.824757,15.000033,-19.148436,-1.6875238,21.415247,-38.51438,2.138286,-15.018241,-29.740862,4.923005,-4.9229627,3.8130915,-22.65044,-4.409126,14.789273,-41.84701,19.067408,-2.1732917,6.5060573
756,12.30583667755127,0.996013343334198,71.20406341552734,0.1813661451520893,-0.42739772368545986,-67.74949235982314,10.1557455,23.653254,9.627118,41.98045,-15.572543,-15.000033,-33.107136,-20.25426,6.4134145,33.387947,9.417676,15.000033,-17.963907,-1.4771205,20.743156,-38.525635,1.2306033,-15.205837,-30.065094,4.554797,-4.76177,3.7691245,-23.069843,-5.2111235,14.074564,-42.11652,18.90287,-2.1043308,6.4998746
757,12.420148849487305,1.4777129888534546,71.73870086669922,0.5297883745485824,-0.24445127445850054,-66.74146787751893,9.210437,22.483818,7.790844,40.891636,-14.507644,-15.000033,-32.74582,-21.399538,6.02287,31.838867,12.375655,15.000033,-16.682579,-1.3498755,20.170897,-39.180443,0.6020052,-15.42683,-30.152544,4.6318154,-4.630939,3.7154264,-23.74211,-5.9451556,13.3350725,-42.245686,18.3762,-1.946142,6.4899554
758,12.532546997070312,1.9898587465286255,72.25640106201172,0.9195798419304776,-0.0479489056974737,-65.83725253414094,8.229917,21.179407,5.7882333,39.93429,-13.361597,-15.000033,-32.61252,-22.48522,5.7782345,30.438944,15.650557,15.000033,-15.287216,-1.2906449,19.685873,-40.45552,0.24484167,-15.668653,-29.948858,4.944376,-4.5246263,3.730539,-24.655518,-6.609929,12.582033,-42.233063,17.604465,-1.7286167,6.4921803
759,12.643867492675781,2.525397300720215,72.75005340576172,1.3449208577408673,0.13171957026044745,-64.98727180864284,7.292506,19.811123,3.72651,39.053604,-12.232232,-15.000033,-32.626762,-23.53332,5.6619697,29.253258,18.683363,15.000033,-13.911364,-1.3277022,19.31439,-42.079258,0.11402781,-15.899053,-29.615753,5.3580723,-4.430715,3.751909,-25.823883,-7.214667,11.867188,-42.02213,16.813639,-1.5132636,6.4579506
760,12.747714042663574,3.0782833099365234,73.21401977539062,1.7955229359951952,0.2627537800013082,-64.14194732347451,6.4667606,18.456234,1.7023463,38.19829,-11.219243,-15.000033,-32.682545,-24.562647,5.6437955,28.316639,20.920273,15.000033,-12.683315,-1.4721489,19.080248,-43.79906,0.14378832,-16.078539,-29.292648,5.7442656,-4.3372693,3.7076151,-27.248896,-7.774621,11.249222,-41.563725,16.221697,-1.3619246,6.332174
761,12.856653213500977,3.644486904144287,73.63941955566406,2.3276896038005828,0.33068697994960394,-63.30360521159807,5.7937365,16.915972,-0.45744145,37.27817,-10.260801,-15.000033,-32.76618,-25.636684,5.7761397,27.579689,22.198486,15.000033,-11.5786295,-1.7604953,18.998688,-45.718643,0.30081764,-16.209305,-28.941126,6.171942,-4.229586,3.5156238,-28.926748,-8.303097,10.732656,-40.855087,15.824,-1.2893642,6.0659375
762,12.966164588928223,4.209366321563721,74.01644897460938,2.9169868046912817,0.3449161661702829,-62.50330816547689,5.259456,15.2349615,-2.731533,36.352108,-9.358267,-15.000033,-32.898727,-26.713453,6.048343,26.995169,22.837894,15.000033,-10.5190115,-2.1425953,19.07281,-47.946976,0.5771055,-16.319311,-28.47844,6.6922655,-4.12156,3.2228386,-30.838114,-8.809858,10.280075,-39.940056,15.528319,-1.2625138,5.6974955
763,13.07945728302002,4.752217769622803,74.33106231689453,3.4364652855443345,0.32206331430298113,-61.72164299256619,4.7800646,13.833829,-4.7535024,35.593918,-8.667095,-15.000033,-33.02823,-27.67657,6.324448,26.601992,23.016542,15.000033,-9.558053,-2.4946606,19.284168,-50.25306,0.93832475,-16.397154,-27.960413,7.149511,-4.0414624,2.9472983,-32.942787,-9.300435,9.8976965,-38.845524,15.404924,-1.2756758,5.295516
764,13.172143936157227,5.291103839874268,74.58415985107422,3.7728911513466286,0.2940317652632419,-60.92267808404049,4.2066283,13.097662,-6.1662216,35.16968,-8.295054,-15.000033,-33.11531,-28.430433,6.4697194,26.444868,22.911446,15.000033,-8.752414,-2.6989794,19.58734,-52.424553,1.3332337,-16.425798,-27.42694,7.3874364,-4.014844,2.8032005,-35.163956,-9.767168,9.614813,-37.626686,15.4808035,-1.3239199,4.9226027
765,13.238571166992188,5.818408966064453,74.79335021972656,3.8916852865054303,0.28462661579416837,-60.07875178451681,3.4222205,13.166735,-6.8032017,35.138454,-8.35385,-15.000033,-33.16347,-28.958464,6.4244504,26.573051,22.475359,15.000033,-8.146806,-2.737968,19.948713,-54.507538,1.7433821,-16.387457,-26.813791,7.3317237,-4.0543942,2.805312,-37.62505,-10.257772,9.367577,-36.178688,15.979766,-1.4232079,4.6058326
766,13.301054000854492,6.360897541046143,74.95540618896484,3.8580158993263924,0.28344587452993747,-59.206476353204586,2.4772828,13.792824,-6.9026065,35.403893,-8.768094,-15.000033,-33.196594,-29.325993,6.2671347,26.954647,21.64667,15.000033,-7.665982,-2.6436472,20.39221,-56.615654,2.1518707,-16.303274,-26.10989,7.079382,-4.144714,2.8926973,-40.21381,-10.76669,9.203598,-34.61465,16.741432,-1.580159,4.2881455
767,13.350141525268555,6.914612770080566,75.06129455566406,3.715333770742942,0.27447049876505536,-58.330500253120505,1.4557052,14.781374,-6.6989384,35.8774,-9.287757,-15.000033,-33.222416,-29.567799,6.0781894,27.542873,20.57406,15.000033,-7.2714376,-2.449144,20.896706,-58.655094,2.5328228,-16.165195,-25.337292,6.7585754,-4.2682266,3.0490835,-42.792164,-11.261566,9.091238,-33.016117,17.53028,-1.7579095,3.9811714
768,13.403903007507324,7.460092544555664,75.10633087158203,3.5057932907938536,0.2403000426486056,-57.47547620805574,0.44604057,15.9372635,-6.435051,36.48325,-9.684569,-15.000033,-33.238186,-29.71851,5.9326706,28.275625,19.408108,15.000033,-6.932951,-2.1978562,21.43414,-60.53919,2.8588898,-15.964634,-24.497046,6.5022473,-4.4069667,3.2568634,-45.25126,-11.70383,8.978421,-31.429602,18.127705,-1.9133319,3.705406
769,13.450937271118164,7.994283676147461,75.09271240234375,3.1499241419936497,0.17653172169087136,-56.636073848822825,-0.68093705,17.528984,-5.9755454,37.452717,-9.996069,-15.000033,-33.202297,-29.686115,5.784327,29.172771,18.098915,15.000033,-6.6582317,-1.8261001,22.026714,-62.30197,3.1129196,-15.682615,-23.518303,6.3408904,-4.554051,3.4820576,-47.670837,-12.076738,8.846482,-29.759176,18.435703,-2.0286417,3.5585926
770,13.491731643676758,8.49976634979248,75.01834869384766,2.6318411437666382,0.0806110454963272,-55.821025397939955,-1.8913149,19.59559,-5.3050895,38.73873,-10.395418,-15.000033,-33.112545,-29.452332,5.6063614,30.261633,16.589378,15.000033,-6.442702,-1.3284881,22.68071,-64.00123,3.291431,-15.321368,-22.374443,6.2159786,-4.720422,3.736879,-50.089222,-12.384507,8.69795,-27.985931,18.585169,-2.122033,3.5112753
771,13.549491882324219,8.998406410217285,74.88333129882812,2.117747322281467,-0.04762251820731224,-55.05235452876679,-2.8984253,21.550184,-4.794131,39.856903,-10.741926,-15.000033,-33.038124,-29.197376,5.504196,31.480066,15.028306,15.000033,-6.240936,-0.849771,23.337923,-65.581924,3.3808346,-14.919262,-21.140429,6.1235013,-4.9141717,4.07834,-52.287556,-12.595028,8.548159,-26.31337,18.630499,-2.205158,3.3786488
772,13.63222599029541,9.486103057861328,74.69886779785156,1.802410980635982,-0.18635971820450628,-54.32221320280422,-3.4739387,22.75137,-4.758571,40.34282,-10.783257,-15.000033,-33.072308,-29.1452,5.5878806,32.766373,13.566721,15.000033,-6.0295057,-0.5808526,23.912127,-66.97887,3.375859,-14.550161,-19.892258,6.0675693,-5.1423163,4.576669,-54.03623,-12.636295,8.392204,-24.95152,18.613668,-2.285754,2.9909413
773,13.757755279541016,9.976666450500488,74.46047973632812,1.7717044987020996,-0.32436998396679345,-53.60136880054907,-3.5531785,22.883488,-5.436602,40.072525,-10.029616,-15.000033,-33.258827,-29.408669,5.9166846,34.11856,12.206728,15.000033,-5.872108,-0.571151,24.385132,-68.24736,3.2411427,-14.123373,-18.497498,6.009174,-5.4557514,5.27984,-55.44205,-12.496386,8.289268,-23.76097,18.500057,-2.3598464,2.1545439
774,13.921072959899902,10.469343185424805,74.1685791015625,1.923753758505716,-0.4725998986641026,-52.89798647264782,-3.2537632,22.33772,-6.563491,39.313534,-8.712135,-15.000033,-33.544174,-29.860168,6.4330683,35.554413,10.885729,15.000033,-5.752065,-0.7776667,24.78886,-69.38775,2.9969904,-13.709154,-16.951118,5.987307,-5.8319044,6.170345,-56.53748,-12.1433935,8.170175,-22.711348,18.259335,-2.4119058,1.0382653
775,14.109323501586914,10.943589210510254,73.813720703125,2.1705646208077094,-0.6358686510926168,-52.25086701784467,-2.6447861,21.518585,-7.712497,38.19776,-7.6307764,-15.000033,-33.875668,-30.3786,7.0627856,37.038364,9.659142,15.000033,-5.6238117,-1.0968395,25.114117,-70.31633,2.6553037,-13.283515,-15.492178,6.0609465,-6.1793275,7.0651636,-57.22981,-11.586057,8.037168,-21.947876,17.961351,-2.4543645,-0.06546504
776,14.327597618103027,11.428421974182129,73.33942413330078,2.422682512584582,-0.8067967079734988,-51.68528431931857,-1.8325934,20.79325,-8.507942,36.832935,-7.5544944,-15.000033,-34.20473,-30.849125,7.7122173,38.534985,8.584384,15.000033,-5.4406204,-1.4289391,25.341019,-70.943474,2.230172,-12.853419,-14.370367,6.2873073,-6.403889,7.7967253,-57.396343,-10.843618,7.8822446,-21.649445,17.68067,-2.5073395,-0.86496276
777,14.565958023071289,11.882984161376953,72.815673828125,2.6566790707703642,-0.9597438453183889,-51.18981737290319,-0.73850805,20.15039,-8.997599,34.9577,-8.886047,-15.000033,-34.56617,-31.270817,8.367178,40.08844,7.7273726,15.000033,-5.22294,-1.7463226,25.430805,-71.25415,1.7184975,-12.402857,-13.62057,6.734054,-6.462362,8.355575,-56.981907,-9.908906,7.684364,-21.927483,17.387035,-2.5789235,-1.3113248
778,14.82264232635498,12.296945571899414,72.27674865722656,2.896694791897031,-1.1065564805648942,-50.76190851987573,0.6675043,19.434885,-9.441587,32.576305,-11.167771,-15.000033,-34.955524,-31.668694,9.04816,41.69199,7.043065,15.000033,-4.987693,-2.0772204,25.407564,-71.290634,1.1170948,-11.935316,-13.126562,7.3467937,-6.4075794,8.82096,-56.05997,-8.775129,7.488707,-22.666883,17.056797,-2.6631558,-1.5560328
779,15.08974552154541,12.663473129272461,71.7298583984375,3.140929955799271,-1.2798830390673304,-50.41728970254353,2.1301467,18.74721,-9.75641,30.246729,-13.858818,-15.000033,-35.295593,-31.99646,9.716021,43.2668,6.4057612,15.000033,-4.7010965,-2.4213903,25.332237,-71.04437,0.447006,-11.494038,-12.920294,7.993188,-6.292128,9.160416,-54.69216,-7.481396,7.3903437,-23.719774,16.786259,-2.7657723,-1.6087072
780,15.3530855178833,12.981146812438965,71.16991424560547,3.416492352124263,-1.5102545104262235,-50.16334662640391,3.371481,18.162159,-9.74008,28.550892,-16.378847,-15.000033,-35.520737,-32.240078,10.352883,44.73162,5.6932106,15.000033,-4.32917,-2.8030117,25.270977,-70.49544,-0.25886598,-11.1295185,-13.059102,8.532339,-6.170865,9.346319,-52.919456,-6.094284,7.475468,-24.964727,16.682379,-2.8930519,-1.4844068
781,15.604792594909668,13.253795623779297,70.60968017578125,3.7031193322615463,-1.8135685761449374,-50.019563427074964,4.265715,17.763815,-9.095032,27.774826,-18.731184,-15.000033,-35.577396,-32.202774,11.132712,46.130966,4.987379,15.000033,-3.8524516,-3.2026422,25.24281,-69.57809,-1.0016742,-10.844777,-13.715356,8.931829,-6.049906,9.324297,-50.605225,-4.631703,7.790152,-26.542948,17.012407,-3.0990348,-1.1317486
782,15.842962265014648,13.508026123046875,70.06433868408203,4.0134993317962415,-2.170468535031952,-49.97171828304072,4.944331,17.461462,-7.928716,27.593441,-21.149158,-15.000033,-35.505123,-31.968845,11.998406,47.4876,4.311083,15.000033,-3.291925,-3.6299686,25.228596,-68.31743,-1.7889037,-10.63815,-14.831063,9.2554655,-5.9063444,9.127172,-47.73077,-3.099372,8.332336,-28.507381,17.650337,-3.3619952,-0.563618
783,16.074037551879883,13.742904663085938,69.54959106445312,4.4431893802979205,-2.557798729406021,-49.97733724183008,5.525641,17.048214,-6.6040688,27.663475,-23.386238,-15.000033,-35.41391,-31.983858,12.64264,48.68787,3.4667106,15.000033,-2.6652558,-4.169461,25.240705,-66.820435,-2.5857432,-10.551839,-16.130554,9.499028,-5.7513347,8.860764,-44.527378,-1.5722294,9.078194,-30.593546,18.13029,-3.5747786,0.10489411
784,16.30758285522461,13.957579612731934,69.09651184082031,5.086957905992857,-2.9489630862344844,-49.99102598771402,6.1384244,16.316929,-5.517232,27.618519,-25.206362,-15.000033,-35.435616,-32.7098,12.785807,49.611996,2.2636507,15.000033,-1.9857651,-4.892678,25.294827,-65.17937,-3.3396268,-10.620047,-17.360806,9.642099,-5.593165,8.636945,-41.24432,-0.15979794,9.968917,-32.529316,18.006638,-3.6420019,0.7402519
785,16.546430587768555,14.123983383178711,68.68622589111328,6.131491545232806,-3.4092135647118185,-50.00744006590839,6.922934,15.034139,-4.726354,27.313992,-26.485184,-15.000033,-35.640938,-34.663338,12.186304,50.20547,0.3604828,15.000033,-1.1911838,-5.9455,25.504158,-63.37501,-4.0474615,-10.87495,-18.564682,9.561473,-5.4408484,8.513648,-37.672127,1.1033595,11.018467,-34.45776,17.00115,-3.5133867,1.2785792
786,16.754207611083984,14.286826133728027,68.3343734741211,7.4515094086454425,-3.94879472094961,-50.03680603751853,7.8147197,13.396843,-4.0794225,26.907642,-27.36082,-15.000033,-35.891888,-37.508167,10.9867735,50.51092,-2.0919724,15.000033,-0.28836533,-7.204798,25.880157,-61.358906,-4.720623,-11.295272,-19.869781,9.293885,-5.285857,8.429287,-33.74972,2.2043395,12.229561,-36.47976,15.421417,-3.263966,1.7941145
787,16.918855667114258,14.430037498474121,68.05277252197266,8.68392122216905,-4.442096679552857,-50.06028238787611,8.613807,11.84727,-3.6227672,26.505783,-27.938913,-15.000033,-36.039936,-40.404106,9.514741,50.564938,-4.497291,15.000033,0.6120979,-8.33636,26.248802,-59.168377,-5.323534,-11.818973,-21.16336,9.042798,-5.109107,8.320162,-30.012638,3.0544202,13.465572,-38.21866,13.730777,-2.9918685,2.334894
788,17.048324584960938,14.532275199890137,67.86530303955078,9.5048397753298,-4.73434606835827,-50.072209243876635,9.089135,10.779754,-3.3494093,26.266094,-28.363314,-15.000033,-36.04558,-42.47715,8.231637,50.44515,-6.192084,15.000033,1.4013282,-9.041065,26.38442,-56.824158,-5.8045654,-12.374221,-22.363493,8.990924,-4.890211,8.126087,-27.02423,3.5404816,14.568345,-39.29292,12.431298,-2.792092,2.9120703
789,17.15363121032715,14.589139938354492,67.76078796386719,9.824072317155041,-4.729898824509339,-50.05905531492995,9.051807,10.291744,-3.2984328,26.380072,-28.686792,-15.000033,-35.96635,-43.474167,7.279432,50.1123,-6.9409757,15.000033,2.0398216,-9.20551,26.150358,-54.18811,-6.1275864,-12.933446,-23.523165,9.223433,-4.6042757,7.841167,-24.977688,3.5651865,15.540806,-39.508213,11.652248,-2.690127,3.568506
790,17.24211883544922,14.63813591003418,67.7430419921875,9.835153729243512,-4.515789685444179,-50.03271699518621,8.660842,10.157443,-3.4255188,26.736477,-28.838293,-15.000033,-35.84831,-43.846386,6.4586525,49.56516,-7.089483,15.000033,2.5632713,-9.0018635,25.666172,-51.25454,-6.2962327,-13.500343,-24.736713,9.604168,-4.268648,7.499527,-23.578741,3.1135747,16.42577,-39.13593,11.214279,-2.6381838,4.228298
791,17.304838180541992,14.667455673217773,67.79734802246094,9.665712921543102,-4.199441733416428,-50.02780861679629,8.183882,10.2532215,-3.5852797,27.061808,-28.790934,-15.000033,-35.725273,-43.786144,5.82646,48.956127,-6.813424,15.000033,3.0054622,-8.574728,25.08754,-48.26091,-6.344276,-14.073851,-25.985577,9.985259,-3.92546,7.103266,-22.509085,2.2812786,17.274395,-38.626835,10.973194,-2.6162672,4.7055526
792,17.345102310180664,14.645796775817871,67.902587890625,9.442559598182795,-3.8923264866384524,-50.078488521454986,7.8947687,10.461046,-3.6347742,27.076294,-28.514805,-15.000033,-35.625896,-43.49464,5.4360785,48.437283,-6.2949004,15.000033,3.399212,-8.100727,24.552933,-45.473785,-6.304814,-14.660141,-27.173347,10.238514,-3.615477,6.6500177,-21.551836,1.19547,18.006413,-38.321342,10.866826,-2.5959737,4.8653007
793,17.36554718017578,14.569475173950195,68.05741882324219,9.141562029985554,-3.617868125846415,-50.211139885496834,7.882383,10.824867,-3.524538,26.690723,-28.015568,-15.000033,-35.518066,-42.930073,5.3107367,48.010155,-5.4833703,15.000033,3.780469,-7.5722923,24.03997,-42.884415,-6.1790795,-15.27167,-28.225443,10.303586,-3.3744032,6.0981607,-20.761587,-0.08064696,18.574165,-38.123047,10.800994,-2.5538418,4.644165
794,17.36855697631836,14.467403411865234,68.26985931396484,8.713388797178899,-3.322871852721138,-50.4015632957621,7.999586,11.385682,-3.3366516,26.06058,-27.30503,-15.000033,-35.40248,-42.028103,5.421671,47.60249,-4.3202925,15.000033,4.112309,-6.939868,23.471617,-40.40113,-5.9553328,-15.883133,-29.153318,10.276834,-3.1701765,5.458149,-20.268457,-1.5352179,19.00712,-37.832836,10.820961,-2.5024924,4.15692
795,17.355152130126953,14.346644401550293,68.5435791015625,8.24445559426632,-3.0016400291550256,-50.60776723063956,8.166644,12.0245905,-3.1197965,25.275772,-26.363249,-15.000033,-35.35101,-40.95249,5.7366085,47.25523,-2.9756622,15.000033,4.3497734,-6.3098364,22.917889,-38.179443,-5.652056,-16.479141,-29.978296,10.268557,-2.9418683,4.8072314,-19.894691,-3.0969615,19.35786,-37.693348,10.99938,-2.470026,3.5400567
796,17.3244686126709,14.19336223602295,68.86619567871094,7.824409597935216,-2.644036501289341,-50.78984056680116,8.293516,12.619203,-2.924487,24.434633,-25.174417,-15.000033,-35.441868,-39.85422,6.2333055,47.012527,-1.6103745,15.000033,4.459129,-5.7927547,22.44049,-36.38802,-5.3042502,-17.052952,-30.695084,10.399868,-2.632882,4.2166386,-19.478231,-4.6597137,19.657297,-37.9153,11.389463,-2.4826021,2.9407854
797,17.269601821899414,14.007345199584961,69.23243713378906,7.5065663005861065,-2.2404366998761414,-50.931448279742675,8.37992,13.103341,-2.760341,23.489346,-23.675808,-15.000033,-35.790997,-38.85317,6.922266,47.016373,-0.13349564,15.000033,4.427196,-5.4568667,22.023157,-35.091408,-4.9233975,-17.60505,-31.230864,10.775816,-2.2091873,3.651638,-19.07146,-6.1563888,19.874376,-38.461914,12.103655,-2.5521765,2.3578553
798,17.196651458740234,13.79870319366455,69.6352310180664,7.229208003251917,-1.7940778038978844,-51.061432898890594,8.458589,13.56178,-2.5975907,22.423367,-21.901033,-15.000033,-36.324856,-37.8236,7.808002,47.196632,1.5115646,15.000033,4.2699013,-5.237189,21.61586,-34.21286,-4.5020304,-18.124495,-31.56024,11.324245,-1.7121798,3.0808399,-18.800959,-7.566876,19.999409,-39.130722,13.051728,-2.6662576,1.7492716
799,17.085702896118164,13.561187744140625,70.07050323486328,6.913247561118226,-1.313689714159956,-51.20669249144165,8.490591,14.092281,-2.4276414,21.369738,-19.971172,-15.000033,-36.83547,-36.552288,8.867157,47.279816,3.1120944,15.000033,3.9971533,-5.049108,21.229202,-33.711544,-4.0489907,-18.592478,-31.755651,11.895356,-1.1977565,2.5784173,-18.618788,-8.853839,20.075642,-39.88226,13.985228,-2.803618,1.2011622
800,16.938562393188477,13.300055503845215,70.53134155273438,6.485949961997881,-0.8149114302991303,-51.38805601657354,8.442475,14.78318,-2.248504,20.459478,-18.005154,-15.000033,-37.108425,-34.86683,10.083276,46.994892,4.432573,15.000033,3.612469,-4.8158827,20.877102,-33.55196,-3.584323,-18.992924,-31.875057,12.34244,-0.71840715,2.2206144,-18.484753,-9.969336,20.148306,-40.668716,14.647711,-2.935647,0.80025584
801,16.76533317565918,13.011344909667969,71.0193099975586,5.911149182463288,-0.310145389172029,-51.585772762853416,8.2863245,15.672418,-2.143083,19.728842,-15.938905,-15.000033,-37.028946,-32.586426,11.683373,46.26828,5.3460927,15.000033,3.0694642,-4.5207314,20.577324,-33.772186,-3.1338284,-19.304024,-31.916399,12.631269,-0.2464724,2.0428414,-18.477877,-10.864288,20.22327,-41.455925,14.981374,-3.062043,0.61328864
802,16.57020378112793,12.690532684326172,71.51659393310547,5.242799621462037,0.1918235473369562,-51.77876858438802,8.057942,16.694912,-2.1112494,19.103676,-13.740191,-15.000033,-36.685352,-29.915123,13.638632,45.24482,5.9494433,15.000033,2.352987,-4.219753,20.317005,-34.39396,-2.705935,-19.538988,-31.813261,12.844218,0.23404239,1.9961231,-18.656029,-11.516782,20.295246,-42.18496,15.101847,-3.1856058,0.58889186
803,16.363828659057617,12.35649299621582,72.01056671142578,4.547491025727958,0.6815510481876517,-51.98598411947153,7.807116,17.77497,-2.023927,18.569242,-11.57519,-15.000033,-36.196896,-27.257898,15.564218,43.978386,6.347542,15.000033,1.5149229,-3.9512105,20.067245,-35.354805,-2.2848985,-19.733183,-31.526953,12.9967165,0.6546021,2.0334976,-18.940235,-11.936154,20.382828,-42.792553,15.027358,-3.2793598,0.6353603
804,16.149625778198242,12.015787124633789,72.49392700195312,3.884010497927372,1.1643943496631204,-52.24272651751332,7.578914,18.84235,-1.7296238,18.10542,-9.60987,-15.000033,-35.732193,-24.972897,17.056047,42.511864,6.691873,15.000033,0.6207723,-3.7469442,19.795452,-36.574802,-1.839242,-19.930038,-31.052664,13.102753,0.94701207,2.1130729,-19.223303,-12.153127,20.50393,-43.256638,14.781964,-3.3190117,0.6563225
805,15.942229270935059,11.663824081420898,72.95187377929688,3.2435999740402686,1.6585177841245238,-52.54522918114011,7.401845,19.857523,-1.3101649,17.544441,-7.809141,-15.000033,-35.2742,-22.988874,18.14206,40.714207,6.9239707,15.000033,-0.3331416,-3.5930848,19.500584,-38.10754,-1.350528,-20.145618,-30.402662,13.142227,1.0673488,2.2805843,-19.473568,-12.177586,20.677206,-43.62613,14.293001,-3.2853801,0.62056905
806,15.737825393676758,11.303926467895508,73.37249755859375,2.609305625136184,2.154246628519501,-52.876210983090516,7.2475295,20.849798,-0.80129623,16.943262,-6.103717,-15.000033,-34.768616,-21.17471,19.035488,38.582943,7.011106,15.000033,-1.3866711,-3.492484,19.211369,-39.944424,-0.81887215,-20.37547,-29.6205,13.104448,1.060878,2.5482738,-19.734415,-12.008135,20.901896,-43.931767,13.579422,-3.1961215,0.577406
807,15.546207427978516,10.939300537109375,73.74810028076172,2.006135258426352,2.6339172838660896,-53.27791010742511,7.0610576,21.879894,0.036921814,16.642866,-4.623403,-15.000033,-34.367954,-19.714851,19.523785,36.354088,7.2127953,15.000033,-2.4993334,-3.4799635,18.920588,-41.912178,-0.23436049,-20.63285,-28.75071,13.016807,0.992752,2.8234963,-20.005033,-11.676847,21.15798,-44.131805,12.812001,-3.0830112,0.5510156
808,15.359933853149414,10.579339981079102,74.07434844970703,1.4377386634794909,3.086777845408014,-53.80888061906288,6.787569,23.045238,1.4425455,17.003975,-3.5232294,-15.000033,-34.23113,-18.735357,19.316587,34.277065,7.8157406,15.000033,-3.6077104,-3.562177,18.618464,-43.83615,0.42051315,-20.933372,-27.84672,12.900381,0.9294751,3.0159144,-20.250717,-11.237205,21.41894,-44.22439,12.16035,-2.982232,0.55748945
809,15.180169105529785,10.227341651916504,74.34674835205078,0.8874296840972287,3.5440373639933944,-54.508145899649634,6.359164,24.506653,3.67762,18.22851,-2.888787,-15.000033,-34.49937,-18.39753,17.902514,32.41095,8.96228,15.000033,-4.6798315,-3.7100809,18.284536,-45.746742,1.1596323,-21.294197,-26.924465,12.76233,0.8945398,3.0644894,-20.426994,-10.72821,21.684767,-44.262173,11.694583,-2.9023015,0.5822804
810,15.004884719848633,9.855555534362793,74.57588958740234,0.30810480537854523,3.9832721456614206,-55.3551933531879,5.9221835,26.289074,6.5222726,20.072998,-2.7060308,-15.000033,-34.959015,-18.468119,15.445893,30.641876,10.444468,15.000033,-5.739918,-3.8720033,17.95432,-47.696747,1.9821453,-21.714804,-25.991438,12.58289,0.8516828,3.0360577,-20.530428,-10.165101,21.967102,-44.285484,11.332448,-2.82983,0.6110093
811,14.8406982421875,9.46253776550293,74.76028442382812,-0.3340192212378884,4.321545655103861,-56.32330902884108,5.7433605,28.266533,9.518007,22.19544,-2.9357336,-15.000033,-35.288036,-18.503504,12.695718,28.965809,12.046944,15.000033,-6.795478,-4.0264015,17.691084,-49.554268,2.8812513,-22.181248,-25.085167,12.343937,0.7785328,3.0313535,-20.568356,-9.566976,22.255754,-44.292454,11.006079,-2.7661998,0.6563393
812,14.691579818725586,9.068436622619629,74.87445831298828,-1.0408582967822781,4.502668853931938,-57.38326587616373,6.001845,30.228695,12.253668,24.260262,-3.4470932,-15.000033,-35.290783,-18.12094,10.479411,27.351704,13.629233,15.000033,-7.8490644,-4.183377,17.529333,-51.19333,3.8493667,-22.67985,-24.232122,12.02953,0.6517995,3.1487803,-20.549898,-8.956723,22.528471,-44.270695,10.655608,-2.7163515,0.7314066
813,14.54449462890625,8.667400360107422,74.91813659667969,-1.8321349387455428,4.522068314517338,-58.56267831801973,6.7082906,32.247047,14.88485,26.395615,-4.2868867,-15.000033,-35.003956,-17.261826,8.906419,25.717941,15.4299,15.000033,-8.86832,-4.3353777,17.4824,-52.69188,4.896223,-23.249918,-23.36894,11.674612,0.4465822,3.4190998,-20.438173,-8.350207,22.758759,-44.26234,10.297721,-2.6985626,0.8556978
814,14.40578842163086,8.236957550048828,74.9029312133789,-2.682134796797115,4.407149389269199,-59.862476474563046,7.829195,34.364307,17.608072,28.671978,-5.4553404,-15.000033,-34.558712,-16.139183,7.623955,24.108803,17.445688,15.000033,-9.853869,-4.4949894,17.526129,-54.0891,6.0221987,-23.890104,-22.509604,11.272687,0.1801357,3.788179,-20.219328,-7.7549443,22.962873,-44.28452,9.959334,-2.7073197,1.0108665
815,14.272430419921875,7.791945934295654,74.82080078125,-3.497599205820464,4.185593962088668,-61.20459357688349,9.302563,36.23356,20.067408,30.72762,-6.682686,-15.000033,-34.006847,-14.844049,6.792463,22.645552,19.316202,15.000033,-10.859094,-4.7203646,17.59953,-55.207222,7.1998334,-24.51271,-21.776775,10.752369,-0.10913421,4.221146,-19.924625,-7.1786923,23.171621,-44.29653,9.595439,-2.7114544,1.1521932
816,14.147989273071289,7.3326802253723145,74.6707763671875,-4.183907167008463,3.897950910578821,-62.508110845283916,10.958019,37.482952,21.859045,32.227345,-7.6813397,-15.000033,-33.404087,-13.480357,6.563972,21.45873,20.67929,15.000033,-11.931998,-5.063839,17.627111,-55.882107,8.389624,-25.016468,-21.264751,10.047553,-0.38402176,4.677806,-19.577396,-6.6305285,23.409147,-44.25586,9.155497,-2.6791754,1.235959
817,14.029446601867676,6.867115020751953,74.45630645751953,-4.719497455718228,3.5248744439034856,-63.79158624917886,12.732974,37.914944,22.708672,33.11617,-8.361351,-15.000033,-32.73845,-11.950539,7.2803006,20.644053,21.618593,15.000033,-13.060026,-5.5655026,17.594612,-56.136784,9.58732,-25.422201,-20.881823,9.000705,-0.65420264,5.174311,-19.143198,-6.123398,23.653923,-44.16574,8.552056,-2.5904593,1.2198074
818,13.933883666992188,6.395472049713135,74.17973327636719,-5.142305868884617,3.0699051495006175,-65.08326443723232,14.604598,37.698875,22.857128,33.582226,-8.861761,-15.000033,-32.00989,-10.268972,8.770391,20.15074,22.265974,15.000033,-14.21058,-6.1839747,17.51652,-56.05711,10.795657,-25.749825,-20.585796,7.7045116,-0.9400424,5.716262,-18.595509,-5.6639853,23.89004,-44.066143,7.8349137,-2.4658988,1.1355292
819,13.849666595458984,5.91124153137207,73.84407806396484,-5.4551506381792185,2.60865391011274,-66.31712854711162,16.42893,37.043423,22.632946,33.6743,-9.244274,-15.000033,-31.282309,-8.691521,10.407857,19.887012,22.311304,15.000033,-15.400539,-6.843941,17.36194,-55.57422,11.974066,-25.882933,-20.532837,6.469984,-1.2150291,6.2474957,-17.980469,-5.2522407,24.132141,-43.958145,7.173065,-2.3339326,1.0541315
820,13.788824081420898,5.36934757232666,73.42713165283203,-5.664724376216949,2.218755165579883,-67.42667149045081,18.069674,36.19125,22.354683,33.44752,-9.564208,-15.000033,-30.645353,-7.467926,11.567155,19.758224,21.448557,15.000033,-16.643217,-7.4681115,17.105427,-54.62884,13.050115,-25.710062,-20.853062,5.618825,-1.4449142,6.7133565,-17.338692,-4.8824515,24.396723,-43.84221,6.724816,-2.2243433,1.0460469
821,13.73196792602539,4.8262176513671875,72.95860290527344,-5.711739721511133,1.932025290285828,-68.41745905388319,19.501102,34.91419,21.758764,32.619846,-9.73463,-15.000033,-30.055439,-6.7475514,12.069682,19.61644,19.23967,15.000033,-17.96274,-8.1077385,16.66799,-53.198566,13.960875,-25.194042,-21.49961,5.277733,-1.6037169,7.083104,-16.601341,-4.561853,24.668036,-43.724346,6.5659537,-2.137116,1.1455307
822,13.679716110229492,4.301668643951416,72.4667739868164,-5.631389235299836,1.7007782026647342,-69.32870918269523,20.827787,33.22841,20.765064,31.24753,-9.79222,-15.000033,-29.504944,-6.334147,12.258928,19.590202,15.943325,15.000033,-19.312414,-8.760694,16.101095,-51.366837,14.67061,-24.412313,-22.35659,5.2773256,-1.7080511,7.3939414,-15.743115,-4.2978053,24.921398,-43.633522,6.597133,-2.0587537,1.3099627
823,13.618868827819824,3.823345899581909,71.9696044921875,-5.565748156447105,1.498363285324086,-70.13304674219147,22.048187,31.740988,19.969154,29.921896,-9.925749,-15.000033,-29.154015,-5.981605,12.27214,19.954826,12.336103,15.000033,-20.598907,-9.289113,15.571013,-49.265316,15.142617,-23.442194,-23.423244,5.4751,-1.7848947,7.6951127,-14.874503,-4.080174,25.142693,-43.60042,6.7259307,-1.9984981,1.4991692
824,13.535367012023926,3.404900074005127,71.48017120361328,-5.632493024174401,1.307193170782876,-70.78934836201938,23.087494,31.011292,19.985353,29.266987,-10.281869,-15.000033,-29.168226,-5.4847913,12.227302,20.985092,9.178119,15.000033,-21.739388,-9.587539,15.235553,-47.024734,15.3406105,-22.374537,-24.694223,5.741853,-1.8629816,8.035301,-14.111117,-3.8823686,25.323572,-43.64242,6.8533354,-1.9665258,1.6749833
825,13.43738842010498,2.9769160747528076,71.03009796142578,-5.852616614443686,1.1473644374849545,-71.30834135368679,23.880919,31.30136,21.246973,29.629168,-10.97763,-15.000033,-29.708496,-4.780482,12.1092415,22.908947,6.593778,15.000033,-22.711372,-9.640125,15.125127,-44.62635,15.207272,-21.179148,-26.215414,6.1248574,-1.9450943,8.448976,-13.434366,-3.6784046,25.447392,-43.79167,7.035379,-1.9790653,1.9363449
826,13.336309432983398,2.575681209564209,70.58722686767578,-6.149868991062479,1.0125580422944318,-71.69444335455798,24.528896,32.272903,23.365957,30.631422,-11.9164715,-15.000033,-30.619473,-4.0012345,11.84235,25.475964,4.2248583,15.000033,-23.533352,-9.547714,15.174323,-42.11284,14.698638,-19.91124,-27.880442,6.6753616,-2.0145473,8.90673,-12.785503,-3.4587398,25.500788,-44.026043,7.290699,-2.0239131,2.2747529
827,13.219186782836914,2.2521841526031494,70.15657043457031,-6.486217186199894,0.8493801592839487,-71.89216545620312,25.155993,33.556637,25.728245,31.828997,-12.900188,-15.000033,-31.57901,-3.2613266,11.450027,28.211596,2.1287966,15.000033,-24.193357,-9.383402,15.382006,-39.68031,13.82722,-18.774363,-29.478525,7.2797594,-2.0753047,9.353694,-12.241937,-3.2244763,25.473791,-44.24633,7.472533,-2.0705402,2.493225
828,13.10004997253418,1.9859766960144043,69.76744079589844,-6.8319086360485795,0.6217312605910121,-71.84645887562922,25.777895,34.77026,27.695894,32.790813,-13.677356,-15.000033,-32.292553,-2.680326,10.967108,30.671263,0.3528259,15.000033,-24.695303,-9.191826,15.732239,-37.469418,12.6607485,-17.926718,-30.848564,7.8133383,-2.1360226,9.728691,-11.891295,-2.9827385,25.367445,-44.348633,7.428019,-2.090772,2.3928266
829,12.986773490905762,1.7667230367660522,69.43954467773438,-7.250366922716639,0.3130203328910775,-71.53032264281657,26.386026,35.930992,29.214083,33.466496,-14.169981,-15.000033,-32.7061,-2.23884,10.388198,32.817207,-1.0366666,15.000033,-25.102526,-8.937667,16.314379,-35.333828,11.227805,-17.343245,-32.161766,8.1842165,-2.2149773,10.064663,-11.818242,-2.7264085,25.230083,-44.30766,7.022782,-2.0795126,1.7886719
830,12.876862525939941,1.574310064315796,69.17778015136719,-7.740997672435485,-0.046102056390360184,-70.9749568660114,26.957222,37.20578,30.590963,34.07006,-14.497023,-15.000033,-32.962017,-1.9026853,9.715169,34.852043,-2.0791638,15.000033,-25.40593,-8.6042185,17.103434,-33.208622,9.545875,-16.962677,-33.4851,8.469122,-2.3073142,10.374668,-11.971199,-2.4511678,25.050072,-44.164833,6.366176,-2.0424016,0.8319975
831,12.77761459350586,1.3821804523468018,68.98562622070312,-8.183631763091865,-0.41031367019422177,-70.21576262262053,27.396782,38.42624,31.704111,34.565563,-14.669105,-15.000033,-33.08117,-1.770906,9.000138,36.724438,-2.9053714,15.000033,-25.54833,-8.248792,17.899416,-31.244736,7.7047563,-16.840988,-34.59447,8.833301,-2.386667,10.570246,-12.269678,-2.1808453,24.769482,-43.894485,5.6809196,-1.9736279,-0.17439632
832,12.68625259399414,1.1798080205917358,68.8680191040039,-8.451739412916487,-0.7394584885139877,-69.28957675760344,27.60274,39.419907,32.41613,34.906914,-14.699718,-15.000033,-33.08386,-1.9361256,8.291849,38.378155,-3.6438584,15.000033,-25.49255,-7.932492,18.50908,-29.554977,5.8366694,-17.00074,-35.310394,9.4309435,-2.422759,10.575214,-12.626103,-1.9561106,24.354328,-43.49307,5.19378,-1.8830009,-0.93386716
833,12.595975875854492,1.0080211162567139,68.80260467529297,-8.517737564802818,-1.0719779479233091,-68.19452377665324,27.639553,40.144703,32.754765,35.002132,-14.578825,-15.000033,-32.915234,-2.4264827,7.6043572,39.785957,-4.325714,15.000033,-25.272923,-7.7049465,18.95045,-27.909348,4.0077925,-17.396074,-35.801098,10.40667,-2.3874595,10.368437,-13.061557,-1.8053243,23.874708,-42.96563,5.0477104,-1.7814825,-1.4285891
834,12.501944541931152,0.892299234867096,68.78729248046875,-8.450000138348031,-1.4152404154350282,-66.91701686419832,27.51433,40.68939,32.755074,34.898254,-14.311217,-15.000033,-32.586296,-3.191304,6.9127936,40.98882,-4.8838563,15.000033,-24.93536,-7.530179,19.31811,-26.235126,2.24346,-18.00095,-36.200233,11.619541,-2.3055468,10.013069,-13.59477,-1.7346278,23.37054,-42.35927,5.1029906,-1.6707852,-1.8093024
835,12.401636123657227,0.8321267366409302,68.8139419555664,-8.263391098401614,-1.6887576734181102,-65.47725508233873,27.027931,41.077694,32.27584,34.752846,-13.929845,-15.000033,-32.215633,-4.2008576,6.204997,42.031433,-5.305023,15.000033,-24.461472,-7.3486853,19.530052,-24.91236,0.63698715,-18.799097,-36.25984,12.759912,-2.220231,9.568046,-14.128358,-1.7510604,22.759693,-41.74674,5.1704416,-1.5537481,-2.032261
836,12.286744117736816,0.8164539933204651,68.89229583740234,-7.969860633078746,-1.8128971381406056,-63.89413391820703,25.978312,41.320164,31.175375,34.719448,-13.463677,-15.000033,-31.924921,-5.4287567,5.4731355,42.961437,-5.5725737,15.000033,-23.83714,-7.1207423,19.511179,-24.293013,-0.68672085,-19.760113,-35.77612,13.514868,-2.1621616,9.11502,-14.554304,-1.8588657,21.971376,-41.222137,5.0588365,-1.4317853,-2.0526223
837,12.151128768920898,0.8203127384185791,69.02529907226562,-7.503374528734869,-1.731366625581711,-62.141831059803046,24.226189,41.339993,29.352118,34.80822,-12.893001,-15.000033,-31.775558,-6.949841,4.7257695,43.761482,-5.7070794,15.000033,-23.015759,-6.87836,19.167595,-24.44584,-1.6175545,-20.961802,-34.678158,13.650597,-2.1465735,8.726953,-14.74858,-2.0535514,20.94989,-40.88514,4.64068,-1.2945942,-1.7632878
838,11.996294021606445,0.8412943482398987,69.20999908447266,-6.867250189954894,-1.5139498502958235,-60.218614487125066,21.931005,41.10889,26.92261,34.937084,-12.204893,-15.000033,-31.698158,-8.7537155,3.972404,44.42717,-5.7148128,15.000033,-22.025541,-6.688137,18.594437,-25.102123,-2.1379628,-22.40424,-33.21573,13.343991,-2.1334398,8.400732,-14.768057,-2.326902,19.76453,-40.731934,4.0481486,-1.151313,-1.2198026
839,11.831441879272461,0.8768540620803833,69.4377670288086,-6.170208312485668,-1.26567657313781,-58.17910508841671,19.330381,40.707073,24.069248,35.13301,-11.443905,-15.000033,-31.610794,-10.686945,3.2019885,45.010563,-5.5406327,15.000033,-20.971674,-6.5477986,17.99408,-26.109886,-2.295117,-23.938337,-31.672794,12.917721,-2.0720916,8.090997,-14.797897,-2.6791816,18.520948,-40.677544,3.4932547,-1.0287012,-0.62027115
840,11.670273780822754,0.9557753801345825,69.69816589355469,-5.525841696407423,-1.0828412199112436,-56.07967043592836,16.646973,40.22761,20.959255,35.42352,-10.653345,-15.000033,-31.434456,-12.597708,2.4019818,45.57312,-5.137777,15.000033,-19.958702,-6.4219565,17.546875,-27.375177,-2.1601698,-25.368898,-30.267248,12.677878,-1.9226903,7.721886,-15.040077,-3.1225548,17.321516,-40.59998,3.1844902,-0.94484925,-0.1630933
841,11.505789756774902,1.0581363439559937,69.99095916748047,-4.9681363171375175,-0.979230202992133,-53.87921368799563,13.82648,39.71611,17.532795,35.904293,-9.7739315,-15.000033,-31.104269,-14.49332,1.4834243,46.08711,-4.4939804,15.000033,-18.989826,-6.2627354,17.26894,-29.018997,-1.7589096,-26.716728,-28.930792,12.794514,-1.6828969,7.2099695,-15.499997,-3.6606972,16.186176,-40.48669,3.214657,-0.9108726,0.092299394
842,11.346388816833496,1.1790043115615845,70.30474853515625,-4.435137079203074,-0.9120960581649278,-51.569104445323354,10.829792,39.057644,13.771294,36.529186,-8.79877,-15.000033,-30.675003,-16.439219,0.48016655,46.54337,-3.635547,15.000033,-18.006752,-6.0908113,17.070652,-31.083284,-1.0982071,-28.087841,-27.557693,13.066302,-1.380441,6.599149,-16.083597,-4.2948127,15.059736,-40.389484,3.458954,-0.91165197,0.25277466
843,11.194743156433105,1.3159550428390503,70.63385009765625,-3.897095158036321,-0.883636918467423,-49.25669696747484,7.8953276,38.14819,9.898675,37.120323,-7.857677,-15.000033,-30.250483,-18.376589,-0.4378131,47.025543,-2.5718138,15.000033,-17.048092,-5.948054,16.96524,-33.29895,-0.24375962,-29.421507,-26.340183,13.329998,-1.0229526,5.9932475,-16.864893,-5.0406594,13.969491,-40.254032,3.787572,-0.9232042,0.364609
844,11.051133155822754,1.4737656116485596,70.96365356445312,-3.3306780386161314,-0.8949460966239515,-47.051695830475744,5.26172,36.93268,6.140563,37.517193,-7.098298,-15.000033,-29.946764,-20.243307,-1.1000868,47.61219,-1.3015659,15.000033,-16.145678,-5.856514,16.953764,-35.438488,0.7119875,-30.607145,-25.404749,13.429427,-0.6154,5.481867,-17.921913,-5.925374,12.949748,-40.007973,4.066077,-0.922336,0.47076628
845,10.918621063232422,1.6666313409805298,71.28492736816406,-2.7548715779981174,-0.9368565236070873,-44.96942595661989,2.9576864,35.36761,2.391994,37.66039,-6.585415,-15.000033,-29.832346,-22.086775,-1.6533744,48.351826,0.4019086,15.000033,-15.271674,-5.7756085,17.038301,-37.60115,1.7063087,-31.584135,-24.707008,13.387794,-0.09859944,5.0168753,-19.293182,-6.9744763,11.988258,-39.645527,4.279617,-0.9120266,0.58358
846,10.793272018432617,1.8803825378417969,71.58447265625,-2.180878821875373,-1.0150153931421264,-42.97017864874497,0.93858033,33.53393,-1.3667186,37.66298,-6.2647457,-15.000033,-29.851118,-23.924591,-2.1287344,49.193024,2.4819813,15.000033,-14.381502,-5.674692,17.209188,-39.93238,2.7199605,-32.412716,-24.094122,13.288353,0.50753856,4.554981,-20.916737,-8.19881,11.08526,-39.2001,4.492309,-0.90383345,0.6726977
847,10.692259788513184,2.1277287006378174,71.84476470947266,-1.581999015437777,-1.153016562822302,-41.07237366210976,-0.7265241,31.607252,-4.834071,37.61112,-6.0925164,-15.000033,-29.926418,-25.631174,-2.1733413,50.04211,4.4993324,15.000033,-13.490717,-5.579084,17.4499,-42.274666,3.7328846,-33.135002,-23.528004,13.068072,1.0829505,4.1933327,-22.734509,-9.604538,10.28516,-38.644367,4.7016163,-0.88722795,0.71761316
848,10.613602638244629,2.387356758117676,72.05868530273438,-0.9352550273776222,-1.3730892199050435,-39.28046167968651,-2.0371675,29.761503,-7.754063,37.580845,-5.9976215,-15.000033,-29.962385,-27.04505,-1.4268073,50.786194,5.992554,15.000033,-12.626464,-5.5105705,17.743237,-44.479324,4.7296,-33.781048,-22.962831,12.649816,1.507991,4.029546,-24.687073,-11.1927395,9.630888,-37.950294,4.9013762,-0.8517016,0.6969298
849,10.55649185180664,2.6369099617004395,72.22702026367188,-0.2057420602241732,-1.6990453240457488,-37.5707004194015,-3.0103772,27.935614,-10.156817,37.53091,-5.976109,-15.000033,-29.920025,-27.938704,0.58262235,51.362156,6.818395,15.000033,-11.804337,-5.5051174,18.100151,-46.61869,5.704018,-34.331867,-22.305616,11.892022,1.7242496,4.1490684,-26.816614,-12.984004,9.138892,-37.102795,5.02263,-0.7674832,0.6113967
850,10.516348838806152,2.8669052124023438,72.34779357910156,0.5784427821172275,-2.1126124450738644,-35.942676728023244,-3.7068644,26.097153,-12.20455,37.435524,-6.045541,-15.000033,-29.788336,-28.425152,3.5073924,51.825916,7.220407,15.000033,-11.006307,-5.5169606,18.523512,-48.75016,6.652323,-34.772392,-21.586811,10.876513,1.7990187,4.4761257,-29.159945,-14.981505,8.822157,-36.11524,5.101546,-0.651568,0.4617319
851,10.480304718017578,3.083672285079956,72.40912628173828,1.3558171709714553,-2.560967220356907,-34.423743866796045,-4.249938,24.439562,-13.855778,37.38879,-6.143318,-15.000033,-29.563923,-28.869726,6.507915,52.244396,7.312396,15.000033,-10.215092,-5.463221,18.972225,-50.714962,7.5652246,-35.126907,-20.93772,9.855719,1.8039051,4.86681,-31.637854,-17.138577,8.70054,-35.003685,5.273082,-0.5618667,0.23374806
852,10.444339752197266,3.296022891998291,72.41053009033203,2.066104308629589,-2.985298338972946,-33.03684814021579,-4.772164,23.15044,-15.066538,37.482216,-6.2025986,-15.000033,-29.346804,-29.645273,8.7985525,52.680073,7.2045145,15.000033,-9.413349,-5.280557,19.397205,-52.368393,8.430942,-35.41488,-20.472643,9.083129,1.8187374,5.180695,-34.15762,-19.38086,8.7648735,-33.783844,5.660608,-0.555443,-0.07263193
853,10.409954071044922,3.4967844486236572,72.34627532958984,2.692046997057339,-3.3496779453915497,-31.79832213110111,-5.4218397,22.394537,-15.664432,37.833763,-6.250177,-15.000033,-29.287386,-31.013346,10.016553,53.181774,6.8616867,15.000033,-8.587139,-4.9702215,19.764786,-53.761875,9.249065,-35.62283,-20.103302,8.614689,1.840995,5.3847904,-36.85089,-21.698889,9.057559,-32.340443,6.378516,-0.68858016,-0.44062895
854,10.366019248962402,3.682927131652832,72.21379852294922,3.2722524981294723,-3.683311429581008,-30.68257894393568,-6.132892,22.026377,-15.759375,38.359623,-6.3158665,-15.000033,-29.37326,-32.742985,10.685681,53.706406,6.229634,15.000033,-7.7471375,-4.577592,20.100574,-54.966076,10.019878,-35.73215,-19.783493,8.321457,1.8399489,5.552217,-39.722305,-24.086378,9.586355,-30.715488,7.3163533,-0.9215181,-0.8638057
855,10.33126163482666,3.8533308506011963,72.02030181884766,3.82649172968638,-4.0234411948319355,-29.65022571458256,-6.713019,21.781155,-15.712113,38.848816,-6.325623,-15.000033,-29.487896,-34.461456,11.355296,54.174618,5.3923984,15.000033,-6.9123745,-4.131073,20.43915,-55.888676,10.7261715,-35.758114,-19.64536,8.1801405,1.858793,5.705472,-42.46997,-26.453688,10.205387,-29.145727,8.269321,-1.1627066,-1.3356289
856,10.32214641571045,4.01704740524292,71.7697982788086,4.379114665742656,-4.398625612511184,-28.663543819914185,-6.981766,21.38402,-15.867516,39.0903,-6.172287,-15.000033,-29.494114,-35.792515,12.543477,54.508125,4.4613233,15.000033,-6.1113377,-3.6925392,20.795176,-56.46193,11.336179,-35.730907,-19.761358,8.1734705,1.9413068,5.868683,-44.78594,-28.671843,10.718464,-27.827078,9.0142975,-1.312901,-1.8286612
857,10.34519100189209,4.181186676025391,71.46102905273438,4.976295783798752,-4.826859278517333,-27.712223817151063,-6.910783,20.712532,-16.349424,39.120407,-5.519226,-15.000033,-29.312162,-36.635242,14.537065,54.717884,3.2761939,15.000033,-5.381229,-3.3449304,21.173063,-56.72224,11.826,-35.668358,-20.029049,8.33212,2.1181107,6.051153,-46.764206,-30.678892,11.085571,-26.591156,9.398574,-1.3177387,-2.286757
858,10.389525413513184,4.340014457702637,71.08513641357422,5.598196834968744,-5.280342240272325,-26.822759573343927,-6.5990925,19.933346,-16.957253,39.02222,-4.5167646,-15.000033,-28.993444,-37.20861,16.971954,54.83734,1.8549924,15.000033,-4.7094374,-3.0840635,21.541803,-56.735195,12.185484,-35.563858,-20.345924,8.663825,2.3622627,6.237394,-48.513206,-32.4707,11.351548,-25.346601,9.5368805,-1.2292953,-2.7093298
859,10.463520050048828,4.484460353851318,70.64911651611328,6.16745421592777,-5.719947771579698,-26.00861252151652,-6.057733,19.207243,-17.550291,38.649162,-3.771655,-15.000033,-28.568089,-37.605186,19.373104,54.823547,0.58169276,15.000033,-4.0590034,-2.8441436,21.857382,-56.47176,12.398442,-35.41485,-20.783308,9.117558,2.630337,6.415111,-49.739166,-33.998936,11.421581,-24.374014,9.593891,-1.1048789,-3.150966
860,10.57519817352295,4.631767272949219,70.1447525024414,6.596122122401032,-6.114967998133348,-25.27548693555,-5.2910333,18.697138,-18.013956,37.855366,-3.8993177,-15.000033,-28.07104,-37.891747,21.282032,54.640877,-0.17599654,15.000033,-3.402584,-2.5597463,22.07501,-55.906246,12.44252,-35.226646,-21.396267,9.645856,2.8787518,6.575703,-50.1569,-35.190834,11.192476,-23.936897,9.728518,-1.0042487,-3.6574795
861,10.727720260620117,4.7777509689331055,69.56742858886719,6.82582327398239,-6.45950229858823,-24.623980605888768,-4.12773,18.44449,-18.446424,36.345406,-5.2550063,-15.000033,-27.418432,-37.8942,22.69478,54.135456,-0.063917756,15.000033,-2.759735,-2.1798844,22.15569,-54.956024,12.288889,-35.0028,-22.214115,10.32556,3.1108503,6.7356277,-49.69969,-35.972874,10.610728,-24.042944,9.833262,-0.90942043,-4.3524094
862,10.912583351135254,4.894229888916016,68.96802520751953,6.898912949321332,-6.779760228179153,-24.045216885878254,-2.595143,18.37087,-18.93577,34.26281,-7.468196,-15.000033,-26.581825,-37.624805,23.803534,53.399246,0.61031824,15.000033,-2.1689641,-1.7523817,22.120058,-53.667305,11.926377,-34.750378,-23.153671,11.163565,3.3452668,6.8909526,-48.58112,-36.321194,9.761021,-24.482126,9.844506,-0.79593366,-5.1645117
863,11.111903190612793,4.975150108337402,68.35379028320312,6.88156284883305,-7.0873711888765305,-23.52566430786617,-1.0138284,18.446867,-19.326162,32.132393,-10.056782,-15.000033,-25.725193,-37.411366,24.466873,52.753494,1.2336175,15.000033,-1.6390358,-1.3531945,22.009777,-52.189655,11.370971,-34.466297,-24.117506,12.007203,3.5591245,7.0034995,-46.95992,-36.250732,8.7685,-25.18103,9.99762,-0.72530127,-5.8574834
864,11.312992095947266,5.033543109893799,67.73246765136719,6.858934426138843,-7.38219749109208,-23.054690194047748,0.261237,18.619186,-19.389235,30.506178,-12.520147,-15.000033,-25.051096,-37.578396,24.561827,52.515587,1.2247014,15.000033,-1.1636877,-1.069112,21.868422,-50.66401,10.658454,-34.143055,-25.045149,12.696952,3.727495,7.0377145,-44.934814,-35.798317,7.7453113,-26.140541,10.518946,-0.76764065,-6.2022853
865,11.491080284118652,5.098200798034668,67.11936950683594,6.7950534807471294,-7.644378661405459,-22.602595797085012,1.0721483,18.97095,-18.894062,29.570852,-14.891952,-15.000033,-24.6272,-38.30237,23.781012,52.865154,0.34893066,15.000033,-0.76865155,-0.8702946,21.670366,-48.999233,9.811926,-33.752842,-26.089928,13.1703205,3.837993,6.9378996,-42.435516,-34.95581,6.652257,-27.488392,11.769767,-1.0359741,-6.098478
866,11.653326034545898,5.1121602058410645,66.503173828125,6.674279377976923,-7.862451585244342,-22.191097526153925,1.5997488,19.473524,-17.966421,29.045252,-17.375254,-15.000033,-24.393976,-39.394154,22.326538,53.62238,-1.0168678,15.000033,-0.45099822,-0.7229915,21.405539,-47.12323,8.842363,-33.310177,-27.296858,13.513269,3.9025743,6.742231,-39.463394,-33.699627,5.5282564,-29.22747,13.52741,-1.4632756,-5.6916914
867,11.801194190979004,5.0698347091674805,65.89291381835938,6.623770099724435,-8.053820402841662,-21.88687670973738,1.9898207,19.900164,-16.88078,28.788792,-19.719034,-15.000033,-24.35975,-40.63815,20.841263,54.54098,-2.5473046,15.000033,-0.16107084,-0.72429824,21.151077,-45.20805,7.780531,-32.852768,-28.444958,13.788554,3.9340932,6.5534205,-36.218243,-32.07778,4.5850654,-31.1679,15.167845,-1.8502162,-5.1206255
868,11.926305770874023,5.023364067077637,65.32936096191406,6.76989658183965,-8.249957122021717,-21.747120250046045,2.403659,20.032658,-15.933608,28.639534,-21.664915,-15.000033,-24.510496,-41.78447,19.930534,55.3515,-3.952599,15.000033,0.14987333,-0.96232474,21.00498,-43.417984,6.670444,-32.402916,-29.339165,14.054624,3.946172,6.4736786,-32.846546,-30.192225,4.001964,-33.14569,16.076546,-2.0079432,-4.5422845
869,12.013376235961914,4.9808430671691895,64.82833862304688,7.262518458909313,-8.485846845187133,-21.77727204852995,2.8835242,19.689537,-15.169127,28.572403,-23.139217,-15.000033,-24.90808,-42.88798,19.834276,56.030605,-5.292096,15.000033,0.51135397,-1.5591853,21.066486,-41.738956,5.539675,-31.925716,-30.091623,14.353976,3.9315114,6.5334387,-29.20465,-28.09595,3.7892244,-35.311893,16.104599,-1.869282,-4.000868
870,12.073989868164062,4.947065353393555,64.41065979003906,7.998559835480033,-8.741330593852465,-21.94580553846058,3.3555975,19.04345,-14.445802,28.651232,-24.27353,-15.000033,-25.533253,-44.03389,20.19559,56.683914,-6.6965513,15.000033,0.89380974,-2.4161654,21.306255,-40.069496,4.4040627,-31.417332,-30.838911,14.639015,3.8876934,6.680288,-25.170599,-25.809036,3.9117553,-37.80652,15.579124,-1.5535436,-3.4238312
871,12.115744590759277,4.908402442932129,64.09150695800781,8.722851444390503,-8.96992657139768,-22.251722167510795,3.8114383,18.409466,-13.790081,28.844461,-25.12023,-15.000033,-26.227457,-44.994427,20.685444,57.230366,-7.9994063,15.000033,1.2785851,-3.2868042,21.629261,-38.45006,3.2946198,-30.943954,-31.43605,14.827443,3.8362434,6.8954787,-20.90842,-23.430872,4.419064,-40.408344,14.625169,-1.1568198,-2.787716
872,12.157544136047363,4.84953498840332,63.854515075683594,9.179687507483923,-9.12377910880844,-22.695363089801,4.233182,18.09522,-13.2230425,29.135267,-25.73527,-15.000033,-26.815525,-45.541252,20.964216,57.60127,-9.03368,15.000033,1.6609894,-3.9092774,21.928408,-36.901257,2.2467034,-30.572649,-31.759151,14.829745,3.7974327,7.1649184,-16.627504,-21.109802,5.3237,-42.833508,13.399345,-0.77237123,-2.08424
873,12.181368827819824,4.7621049880981445,63.68728256225586,9.276430286069004,-9.198255427838733,-23.30090994289917,4.5874825,18.196943,-12.810542,29.612076,-26.115807,-15.000033,-27.20193,-45.598965,20.863552,57.7321,-9.768073,15.000033,2.09321,-4.133605,22.225317,-35.354324,1.2705266,-30.312033,-31.895061,14.501509,3.7684,7.5782056,-12.213368,-18.937939,6.622668,-45.103397,11.811517,-0.41542327,-1.3450028
874,12.19304370880127,4.6420063972473145,63.57697677612305,9.15418052020858,-9.219670965103115,-24.059104557616113,4.8896837,18.559923,-12.5172205,30.25196,-26.2245,-15.000033,-27.46883,-45.286594,20.567379,57.67863,-10.289885,15.000033,2.5783043,-4.0919757,22.559175,-33.78052,0.36673233,-30.135702,-31.932222,13.918567,3.735733,8.121488,-7.630973,-16.96654,8.305062,-47.268734,9.857862,-0.055092346,-0.571033
875,12.202007293701172,4.4927659034729,63.520694732666016,8.909034232591754,-9.190625382481818,-24.922349106932128,5.200904,19.099575,-12.210439,30.880135,-26.115858,-15.000033,-27.708725,-44.67911,20.267065,57.552258,-10.603168,15.000033,3.0333366,-3.9328053,22.823837,-32.232864,-0.44561398,-30.043898,-31.760115,13.313701,3.7067883,8.629613,-3.3159604,-15.280166,10.298471,-48.97937,7.8524776,0.29366186,0.25645834
876,12.195985794067383,4.328217506408691,63.512821197509766,8.63805991147097,-9.10877760620351,-25.84208609248822,5.5749726,19.721497,-11.746065,31.321423,-25.785408,-15.000033,-28.015724,-43.856247,20.156666,57.462494,-10.725967,15.000033,3.3578234,-3.7924218,22.917011,-30.735962,-1.1351242,-30.017817,-31.305576,12.912643,3.697009,8.93907,0.27732033,-13.952482,12.485847,-49.895058,6.1279826,0.6208415,1.1163371
877,12.18834400177002,4.145602703094482,63.566410064697266,8.324017920671386,-8.964209310550979,-26.835793517565854,6.046531,20.450563,-11.045726,31.546606,-25.274273,-15.000033,-28.399994,-42.77469,20.269003,57.399105,-10.650516,15.000033,3.4977193,-3.6369748,22.780937,-29.235176,-1.670325,-30.010313,-30.587826,12.672522,3.6913636,9.016718,3.0355353,-13.007403,14.877808,-49.843056,4.826955,0.9214393,1.9294369
878,12.187877655029297,3.9614458084106445,63.682430267333984,7.924997766255783,-8.764376902442738,-27.91750469206716,6.5842757,21.31114,-10.187199,31.643517,-24.539654,-15.000033,-28.811228,-41.42068,20.50652,57.307865,-10.383762,15.000033,3.455075,-3.3989298,22.472773,-27.658737,-2.0364006,-29.990122,-29.727045,12.498394,3.692772,8.951911,5.1412916,-12.419162,17.466923,-49.005997,3.7764845,1.2098956,2.6633532
879,12.182656288146973,3.7638518810272217,63.84782791137695,7.5071632943817574,-8.537457859726816,-29.03859477846582,7.1745267,22.194492,-9.26954,31.62074,-23.597538,-15.000033,-29.26812,-39.92276,20.864515,57.234318,-9.92491,15.000033,3.2306037,-3.1618228,22.08154,-26.033524,-2.2259066,-29.963486,-28.786528,12.528356,3.7475982,8.7625265,6.669715,-12.151096,20.089434,-47.688454,2.835011,1.5180573,3.3636718
880,12.153690338134766,3.552741527557373,64.06217193603516,7.135399367025161,-8.303984821467475,-30.149423443303775,7.7838197,23.00034,-8.391821,31.487946,-22.414408,-15.000033,-29.786543,-38.402122,21.335625,57.22839,-9.279444,15.000033,2.856899,-3.007784,21.697475,-24.431732,-2.235429,-29.948275,-27.786097,12.884125,3.900151,8.463187,7.720463,-12.16808,22.569742,-46.218895,1.8615372,1.8714589,4.095217
881,12.121133804321289,3.329630136489868,64.32332611083984,6.821771840213755,-8.085627453712771,-31.261189170818128,8.4611845,23.704638,-7.5737486,31.216934,-20.980312,-15.000033,-30.369003,-36.845245,21.97856,57.31477,-8.3811455,15.000033,2.2820354,-3.0037484,21.331863,-22.762941,-2.1032104,-30.036121,-26.718527,13.975013,4.1814384,8.018265,8.073524,-12.48281,24.99664,-44.453022,0.909895,2.2005868,4.8398933
882,12.074033737182617,3.0972402095794678,64.62234497070312,6.52675902924836,-7.863489034398347,-32.39408322251884,9.200944,24.363667,-6.760926,30.81588,-19.294575,-15.000033,-31.003258,-35.195087,22.772308,57.460323,-7.242156,15.000033,1.5704005,-3.0561948,20.940855,-21.199364,-1.7943445,-30.0926,-25.467676,15.467013,4.550039,7.4033895,7.869485,-13.0847225,27.374651,-42.416832,0.02927023,2.5166278,5.5707693
883,12.003961563110352,2.850099563598633,64.94798278808594,6.2457926410056155,-7.598527404493174,-33.51548192550423,9.8937,24.996273,-5.9514112,30.361357,-17.441635,-15.000033,-31.698168,-33.509697,23.598352,57.63747,-5.9843793,15.000033,0.74691975,-3.1273625,20.588211,-19.622646,-1.3209109,-30.179432,-24.27191,16.998468,4.9480405,6.734564,7.5417776,-13.898176,29.573898,-40.597775,-0.94339424,2.959403,6.374014
884,11.92595100402832,2.584758758544922,65.30705261230469,5.971604830882079,-7.248379869836398,-34.59252149091841,10.426333,25.624249,-5.149819,29.930588,-15.497215,-15.000033,-32.465675,-31.848787,24.339817,57.816517,-4.72674,15.000033,-0.09403543,-3.177264,20.309362,-18.065262,-0.6994379,-30.328484,-23.21306,18.096357,5.332421,6.1246953,7.538246,-14.81902,31.375042,-39.439327,-2.1941912,3.6639557,7.37424
885,11.826957702636719,2.3017818927764893,65.68914031982422,5.7037969993060855,-6.787232502530038,-35.60549784220413,10.745288,26.246191,-4.3836813,29.517603,-13.401918,-15.000033,-33.345787,-30.151567,25.091492,58.02978,-3.3722725,15.000033,-0.92321676,-3.2305012,20.084814,-16.621977,0.058370635,-30.587898,-22.189112,18.71059,5.725037,5.584502,7.925506,-15.779554,32.668114,-38.99294,-3.7994637,4.757338,8.684335
886,11.72294807434082,2.006599187850952,66.08992767333984,5.436780600038111,-6.240750883089945,-36.578103850135115,10.910575,26.86538,-3.6514869,29.098383,-11.145376,-15.000033,-34.319298,-28.402142,25.87253,58.276695,-1.8881905,15.000033,-1.7587571,-3.3084834,19.879126,-15.314175,0.94544137,-30.944471,-21.096752,19.0658,6.146274,5.065571,8.442895,-16.7635,33.552147,-38.95006,-5.7026362,6.111046,10.277886
887,11.600275039672852,1.7038494348526,66.49520111083984,5.1653923088962035,-5.649180649362889,-37.54107341242833,10.975309,27.499722,-2.9207814,28.730684,-8.884486,-15.000033,-35.32439,-26.7394,26.46117,58.48266,-0.4995371,15.000033,-2.5931046,-3.381584,19.703234,-14.037889,1.9440465,-31.341974,-20.021309,19.119629,6.5612617,4.5987563,9.027429,-17.750061,34.120823,-39.17918,-7.8941317,7.4719944,12.072671
888,11.466841697692871,1.3850291967391968,66.8919906616211,4.8922966343051915,-5.053855948080227,-38.523407196021914,10.997476,28.154999,-2.1589482,28.468086,-6.7772913,-15.000033,-36.306553,-25.311773,26.639174,58.573692,0.55970776,15.000033,-3.4189482,-3.4266682,19.569767,-12.685982,3.030052,-31.718836,-19.05107,18.828388,6.934695,4.2142057,9.615936,-18.717371,34.469673,-39.554745,-10.346426,8.594755,13.96964
889,11.32661247253418,1.0574421882629395,67.28014373779297,4.644575017282313,-4.4290898982598,-39.53120281799567,10.96849,28.80831,-1.3025795,28.273445,-4.774929,-15.000033,-37.346893,-24.218716,26.294117,58.530666,1.2508523,15.000033,-4.250593,-3.4677913,19.45506,-11.244846,4.191054,-32.048985,-18.145163,17.940153,7.271729,3.9625275,10.19927,-19.644377,34.560986,-40.063656,-13.280268,9.426766,16.11748
890,11.178951263427734,0.7055647373199463,67.64982604980469,4.415598941206032,-3.7687783335991925,-40.5478165294139,10.871268,29.45496,-0.39734587,28.140211,-2.8495984,-15.000033,-38.42173,-23.362303,25.563868,58.397327,1.6344558,15.000033,-5.0911536,-3.5075655,19.357924,-9.780478,5.42356,-32.35459,-17.252602,16.559626,7.5882306,3.8157256,10.797083,-20.51414,34.369526,-40.72497,-16.637283,10.037275,18.51228
891,11.02877140045166,0.33202552795410156,67.9912338256836,4.162508570999011,-3.1400961107356866,-41.57010758067651,10.740419,30.124651,0.42546746,28.160118,-1.1400146,-15.000033,-39.380867,-22.631304,24.581831,58.182957,1.7964743,15.000033,-5.9136724,-3.4999132,19.32875,-8.298121,6.7138457,-32.644135,-16.45148,15.18065,7.8632216,3.680542,11.388033,-21.31301,34.0135,-41.468636,-19.94001,10.424745,20.791185
892,10.880683898925781,-0.0587310828268528,68.30512237548828,3.842797533968835,-2.6106340434930075,-42.59580973732338,10.616685,30.844532,1.0243158,28.420786,0.18518311,-15.000033,-40.054092,-21.890625,23.504353,57.90338,1.7443454,15.000033,-6.690965,-3.40527,19.415361,-6.8055315,8.043002,-32.922295,-15.808454,14.300502,8.076908,3.4560895,11.9473095,-22.028505,33.61946,-42.22494,-22.706968,10.663433,22.585428
893,10.715158462524414,-0.4660387635231018,68.56715393066406,3.425558207466856,-2.1893377251323365,-43.64713154611811,10.492171,31.701464,1.4126182,28.983633,1.1329694,-15.000033,-40.45429,-21.16495,22.17889,57.606323,1.4884008,15.000033,-7.40553,-3.205371,19.639261,-5.3202643,9.399003,-33.19566,-15.26719,14.020882,8.215282,3.1203852,12.457119,-22.64957,33.204636,-42.97757,-24.862455,10.790779,23.814623
894,10.548184394836426,-0.8943778276443481,68.78887176513672,2.936453139474695,-1.8432481760971664,-44.71727187736221,10.353176,32.652634,1.6190698,29.781536,1.7383572,-15.000033,-40.63069,-20.498484,20.574373,57.25891,1.0137805,15.000033,-8.070441,-2.9280577,19.971247,-3.8468294,10.775715,-33.457626,-14.787072,14.091601,8.288347,2.719494,12.930823,-23.166025,32.714592,-43.747604,-26.636608,10.832226,24.654716
895,10.37485122680664,-1.338839054107666,68.9658432006836,2.4235966564801346,-1.56851049871744,-45.75842153132176,10.225624,33.533047,1.5556672,30.690805,1.9157342,-15.000033,-40.51544,-19.777374,19.051214,56.76735,0.3125435,15.000033,-8.702334,-2.6128469,20.373089,-2.37457,12.160232,-33.69976,-14.445513,14.483788,8.312339,2.2538507,13.39164,-23.569363,32.17015,-44.52983,-28.0151,10.882838,25.13311
896,10.219215393066406,-1.7997629642486572,69.10026550292969,1.9446142242542381,-1.354792187612635,-46.721926527063545,10.126708,34.174683,1.1631181,31.588629,1.6220654,-15.000033,-40.081806,-18.897673,17.985832,56.044262,-0.6112819,15.000033,-9.320817,-2.3067589,20.796017,-0.8937054,13.53487,-33.912663,-14.315977,15.168983,8.302668,1.7235898,13.856343,-23.852348,31.597614,-45.31106,-28.984056,11.029746,25.279516
897,10.070382118225098,-2.2631635665893555,69.1751708984375,1.4997942143244207,-1.2006704604610683,-47.58950566450044,10.061086,34.54776,0.33869156,32.447113,0.748293,-15.000033,-39.218006,-17.737356,17.611917,54.973362,-1.7690039,15.000033,-9.937255,-2.0053642,21.227337,0.5692954,14.888126,-34.131897,-14.383681,16.296148,8.25511,1.0916018,14.353937,-24.007116,30.995247,-46.10936,-29.472822,11.335738,25.020266
898,9.928507804870605,-2.7158570289611816,69.17695617675781,1.0799202780599848,-1.0933381288672859,-48.384347796968854,9.993916,34.73098,-0.82335895,33.336452,-0.6137311,-15.000033,-38.02975,-16.406992,17.721764,53.63976,-3.136274,15.000033,-10.534608,-1.7028989,21.669018,1.9982032,16.211508,-34.364315,-14.583772,17.829063,8.151111,0.37379295,14.86829,-24.027563,30.355534,-46.914196,-29.507765,11.754798,24.366076
899,9.804491996765137,-3.175122022628784,69.11286163330078,0.7275683701562053,-1.0127824147211595,-49.12270167090588,9.898836,34.720764,-2.0778499,34.28065,-2.1849792,-15.000033,-36.799877,-15.1317625,18.035358,52.2688,-4.672967,15.000033,-11.089568,-1.4424133,22.099398,3.4204679,17.48774,-34.557022,-14.916873,19.460526,7.991227,-0.35174966,15.347443,-23.909464,29.698685,-47.681652,-29.220472,12.199612,23.47173
900,9.686957359313965,-3.6512036323547363,69.01406860351562,0.47484662194803207,-0.9516495437609975,-49.82392316499775,9.773142,34.5192,-3.1920476,35.29196,-3.688435,-15.000033,-35.778767,-14.114412,18.239222,51.081997,-6.3529253,15.000033,-11.578586,-1.2582525,22.507956,4.8660884,18.693434,-34.655113,-15.381112,20.884651,7.786821,-1.0103961,15.732363,-23.650053,29.047728,-48.3575,-28.747353,12.583484,22.494244
901,9.573795318603516,-4.119266510009766,68.87772369384766,0.3711504381855446,-0.9362628477829017,-50.48640564313678,9.732348,33.948704,-4.272513,36.23538,-5.134512,-15.000033,-34.91758,-13.456758,18.252272,50.028667,-8.387254,15.000033,-11.99137,-1.1948646,22.875055,6.344899,19.815355,-34.68456,-15.97449,22.100334,7.541921,-1.630128,16.087267,-23.240139,28.388065,-48.97511,-27.99302,12.906297,21.425758
902,9.473402976989746,-4.565730571746826,68.7045669555664,0.37891490992485216,-0.97091868607803,-51.10579502625853,9.761111,33.066525,-5.381382,37.159046,-6.6450653,-15.000033,-34.09154,-13.014596,18.223818,49.03267,-10.7353735,15.000033,-12.332558,-1.2109321,23.213894,7.8211074,20.84346,-34.680656,-16.665422,23.244047,7.2539005,-2.2336512,16.409212,-22.674728,27.716375,-49.533577,-26.92866,13.189647,20.196194
903,9.360556602478027,-4.989185333251953,68.50379943847656,0.3999110877426539,-1.0196856086142156,-51.69587398662157,9.661209,32.2241,-6.2308464,38.33087,-8.106397,-15.000033,-33.431885,-12.614962,18.17709,48.279503,-12.996525,15.000033,-12.602243,-1.2128086,23.56814,9.255278,21.752941,-34.603592,-17.407564,24.219254,6.935831,-2.7436895,16.5399,-21.963392,27.066805,-49.93215,-25.79824,13.390518,18.876038
904,9.253569602966309,-5.3791184425354,68.2803955078125,0.34476490492744183,-1.0424027570275904,-52.26732248663555,9.222918,31.773232,-6.541321,40.00666,-9.3891945,-15.000033,-33.079857,-12.099785,18.144663,47.95537,-14.774326,15.000033,-12.808295,-1.1141226,23.977785,10.609397,22.50915,-34.409424,-18.15587,24.932653,6.6041408,-3.0872574,16.327055,-21.12467,26.471025,-50.079964,-24.84801,13.47986,17.536808
905,9.13430404663086,-5.72290563583374,68.05327606201172,0.20200052162303622,-1.010694487400066,-52.819112208191925,8.317348,31.99649,-5.948679,42.370792,-10.353067,-15.000033,-33.19144,-11.423494,18.142223,48.275337,-15.959381,15.000033,-12.942334,-0.88387865,24.42748,11.8697405,23.086319,-34.100212,-18.876635,25.333117,6.27303,-3.2806134,15.7800665,-20.166384,25.913092,-50.000214,-24.11436,13.41849,16.153502
906,8.991252899169922,-6.00524377822876,67.8446044921875,0.0024719111298034725,-0.9613960923061111,-53.35855384678649,7.1282754,32.705032,-4.743678,45.22961,-11.133155,-15.000033,-33.638306,-10.650916,18.136509,49.086445,-16.766226,15.000033,-12.993272,-0.5514421,24.913116,13.032909,23.46996,-33.71721,-19.563835,25.487026,5.9375424,-3.3574803,14.972453,-19.092896,25.364674,-49.73402,-23.48391,13.236966,14.707743
907,8.85544490814209,-6.2338480949401855,67.66307067871094,-0.26675056338302244,-0.94681929164265,-53.90235670116203,5.8842573,33.50276,-3.6202345,48.269356,-11.985735,-15.000033,-34.142082,-9.811296,18.103874,50.01494,-17.291014,15.000033,-12.970802,-0.13431899,25.482368,14.074072,23.640862,-33.275875,-20.206282,25.48005,5.586334,-3.2719495,13.852019,-17.931017,24.821114,-49.21861,-22.976482,13.022231,13.282264
908,8.743326187133789,-6.398470878601074,67.50303649902344,-0.5957385080924649,-1.0053907402331277,-54.44985568157123,4.7345095,33.901463,-3.229465,51.187523,-13.116258,-15.000033,-34.449734,-8.966972,18.034721,50.695946,-17.626286,15.000033,-12.908279,0.3318805,26.166338,14.97166,23.576557,-32.78201,-20.79097,25.400045,5.2059836,-2.977915,12.376855,-16.721973,24.277605,-48.411224,-22.602852,12.863363,11.951063
909,8.655608177185059,-6.516233921051025,67.3956527709961,-1.0450895564977254,-1.1584550559094968,-55.00659718651741,3.6420484,33.67211,-3.9721205,54.009556,-14.711212,-15.000033,-34.507717,-8.073183,17.884222,51.054913,-17.686275,15.000033,-12.834386,0.9127636,27.054136,15.756773,23.239178,-32.173435,-21.330147,25.178263,4.7719536,-2.4371793,10.483174,-15.496481,23.711672,-47.314148,-22.34574,12.741035,10.713871
910,8.590675354003906,-6.613069534301758,67.34209442138672,-1.5875140587498013,-1.3744836101801232,-55.55910433622533,2.529595,33.021103,-5.380306,56.882076,-16.58287,-15.000033,-34.460358,-7.1329484,17.678879,51.27457,-17.455421,15.000033,-12.753499,1.604439,28.088367,16.409233,22.61113,-31.465464,-21.786127,24.812624,4.2935925,-1.6898901,8.233505,-14.272578,23.106224,-45.977737,-22.198992,12.629555,9.528002
911,8.564620018005371,-6.68499755859375,67.32266235351562,-2.06874056862969,-1.6066215252327412,-56.071089001372265,1.4473984,32.100357,-6.772874,59.680428,-18.365026,-15.000033,-34.35722,-6.295191,17.52353,51.384274,-17.134966,15.000033,-12.671032,2.2567642,29.079504,16.847202,21.719675,-30.76415,-22.107367,24.488356,3.8099058,-0.8037932,5.778664,-13.076538,22.474447,-44.438286,-22.181145,12.608816,8.3993435
912,8.564126014709473,-6.747992992401123,67.33202362060547,-2.3360134884676467,-1.8010687577686049,-56.51354685227678,0.41147193,31.119799,-7.503313,62.271004,-19.711798,-15.000033,-34.251366,-5.708606,17.523958,51.424324,-16.931362,15.000033,-12.574814,2.7213168,29.793802,17.00604,20.605122,-30.194014,-22.23372,24.381153,3.3703754,0.1649106,3.263783,-11.914691,21.847603,-42.680553,-22.308329,12.7600975,7.331107
913,8.58365535736084,-6.810642242431641,67.36924743652344,-2.285793151030214,-1.861947934470591,-56.86799122627653,-0.68529016,30.044802,-7.3701253,64.6184,-20.462513,-15.000033,-34.233475,-5.478969,17.75982,51.395714,-16.911312,15.000033,-12.42854,2.9179919,29.793802,17.08854,19.240053,-29.777431,-22.092983,24.548555,2.9767005,1.2561412,0.75003916,-10.771067,21.267122,-40.46909,-22.521172,13.157097,6.232604
914,8.621099472045898,-6.857658863067627,67.4144058227539,-2.043362971632111,-1.9406116157860394,-57.14919446063949,-1.7002664,28.879784,-6.6959887,66.76228,-20.83843,-15.000033,-34.127956,-5.4926634,18.137743,51.28205,-16.979666,15.000033,-12.279542,2.9187443,29.793802,16.990545,17.655437,-29.302685,-21.986757,24.97321,2.6087747,2.487012,-1.8808604,-9.694416,20.677952,-38.211617,-22.895668,13.7312975,5.1667657
915,8.658778190612793,-6.8882293701171875,67.4587631225586,-1.7390889037850767,-2.0241206622112373,-57.38770531931708,-2.6959565,27.828712,-5.7107067,68.765564,-21.068483,-15.000033,-33.983173,-5.605971,18.549349,51.111744,-17.053274,15.000033,-12.175621,2.8708575,29.793802,16.549967,15.9779,-28.848696,-21.804708,25.42833,2.2920504,3.7470877,-4.5789204,-8.727627,20.10099,-35.9183,-23.382322,14.389406,4.227158
916,8.695704460144043,-6.909886837005615,67.5062026977539,-1.4993964097035037,-2.102843536261879,-57.62066610734839,-3.7185237,27.064373,-4.6664786,70.68704,-21.378193,-15.000033,-33.84439,-5.674268,18.894947,50.911087,-17.044348,15.000033,-12.130554,2.9190066,29.793802,15.638037,14.401448,-28.519915,-21.496647,25.664494,2.0424232,4.933515,-7.278596,-7.905094,19.546375,-33.6084,-23.931564,15.033811,3.505579
917,8.724599838256836,-6.919571876525879,67.55492401123047,-1.3270422488047506,-2.154448603686567,-57.87910040012629,-4.8058734,26.640293,-3.547529,72.57422,-21.805103,-15.000033,-33.774944,-5.6576853,19.193117,50.73414,-16.958504,15.000033,-12.091674,3.0875316,29.793802,14.223199,13.110643,-28.455706,-21.181347,25.537329,1.9032439,6.1156693,-10.00201,-7.2456145,19.014389,-31.30674,-24.542011,15.69353,3.052019
918,8.74295711517334,-6.916692733764648,67.61528015136719,-1.1637480434859326,-2.1855764557407302,-58.14453367817396,-5.919712,26.463402,-2.27563,74.38895,-22.238821,-15.000033,-33.743603,-5.6290593,19.487188,50.55076,-16.82192,15.000033,-11.9951935,3.2987356,29.793802,12.503634,12.166334,-28.636469,-21.054237,25.129034,1.8523711,7.3501606,-12.685041,-6.7462244,18.48961,-29.092783,-25.212591,16.404142,2.795238
919,8.753002166748047,-6.896661281585693,67.69369506835938,-1.0408720826865838,-2.2372275350876167,-58.38349945342649,-6.9804564,26.459503,-1.0151777,76.05889,-22.683739,-15.000033,-33.644344,-5.602068,19.727278,50.27469,-16.622046,15.000033,-11.843059,3.5390086,29.793802,10.672149,11.543776,-28.92617,-21.138105,24.54454,1.8009447,8.506197,-15.15844,-6.395971,17.966522,-27.029505,-25.904228,17.07507,2.648617
920,8.7595853805542,-6.840276718139648,67.78941345214844,-0.9889156709178065,-2.3484995591717794,-58.55645414236788,-7.920919,26.548357,0.07680717,77.509254,-23.138222,-15.000033,-33.371296,-5.5982227,19.860443,49.81495,-16.339937,15.000033,-11.672306,3.7953558,29.793802,8.894686,11.164709,-29.151932,-21.417746,23.917019,1.6633034,9.43901,-17.27234,-6.181577,17.456013,-25.168268,-26.580778,17.616812,2.5254748
921,8.77370548248291,-6.766175270080566,67.91908264160156,-1.0366162134685148,-2.540590406467127,-58.65012607458265,-8.734261,26.776917,0.997314,78.7355,-23.617844,-15.000033,-32.8835,-5.6071515,19.854456,49.141647,-15.963081,15.000033,-11.514866,4.10521,29.793802,7.113822,10.995178,-29.309196,-21.834108,23.188051,1.3837858,10.109037,-19.095112,-6.0958962,16.94789,-23.393646,-27.260775,17.974955,2.4737759
922,8.79809284210205,-6.688373565673828,68.08396911621094,-1.1600944108389406,-2.7933114857704853,-58.68618186697257,-9.449559,27.159422,1.8177379,79.77412,-24.118484,-15.000033,-32.23489,-5.620402,19.748455,48.304836,-15.514019,15.000033,-11.374096,4.456575,29.793802,5.254785,11.026517,-29.466253,-22.368294,22.330364,1.0159862,10.576367,-20.704496,-6.1293187,16.485748,-21.686623,-27.961016,18.209797,2.5098503
923,8.84097671508789,-6.604398727416992,68.2828598022461,-1.248444782757697,-3.067216356702296,-58.64898611702561,-10.082984,27.506348,2.5911295,80.5986,-24.589434,-14.689788,-31.492231,-5.751601,19.618183,47.344307,-15.0022335,15.000033,-11.189492,4.729037,29.770897,3.3593485,11.204159,-29.636862,-22.981686,21.547918,0.65808684,10.86873,-21.916872,-6.2827234,16.033014,-20.284573,-28.641764,18.388235,2.5376813
924,8.91184139251709,-6.509238243103027,68.51045227050781,-1.2728013774217786,-3.3245399610188135,-58.54739359845563,-10.653402,27.694588,3.2471347,81.1934,-24.988102,-14.1706295,-30.70378,-6.0160584,19.4942,46.289467,-14.456771,15.000033,-11.026464,4.8520722,29.687494,1.5768412,11.42528,-29.659002,-23.675478,21.044485,0.38943195,10.977804,-22.63736,-6.5352373,15.738949,-19.304102,-29.247084,18.605003,2.4087808
925,8.998116493225098,-6.409364223480225,68.7588882446289,-1.3214380382901123,-3.6105811016362015,-58.388419768233305,-11.119105,27.772495,3.6301382,81.55287,-25.31336,-13.847603,-29.787529,-6.332033,19.301237,45.0929,-13.849848,15.000033,-10.87325,4.8992605,29.615753,-0.1453738,11.6186075,-29.460243,-24.395386,20.985895,0.23082308,10.8003435,-22.845984,-6.8904476,15.619143,-18.793884,-29.86131,18.947271,2.059878
926,9.096450805664062,-6.306943893432617,69.02447509765625,-1.4044329775579765,-3.9308099452299516,-58.17069337270069,-11.489857,27.793694,3.7882805,81.68718,-25.582336,-13.65926,-28.731667,-6.6848826,19.036596,43.751057,-13.196824,15.000033,-10.736479,4.907704,29.541134,-1.9108915,11.760432,-29.093327,-25.054905,21.249779,0.1339174,10.357643,-22.6289,-7.3491797,15.633701,-18.631388,-30.479591,19.353054,1.571243
927,9.199872016906738,-6.191161632537842,69.3017578125,-1.50416626632129,-4.234146983122439,-57.94017102189224,-11.807404,27.763033,3.7844434,81.61817,-25.799852,-13.573395,-27.64166,-7.055629,18.732042,42.30574,-12.454689,15.000033,-10.600115,4.882605,29.429565,-3.7242603,11.836784,-28.64739,-25.604631,21.630161,0.08641384,9.85046,-22.032635,-7.891396,15.734905,-18.748253,-30.94125,19.675121,1.052494
928,9.315096855163574,-6.06989049911499,69.58865356445312,-1.6017120068956494,-4.47047724189101,-57.74239315424014,-12.109329,27.68508,3.6826847,81.36518,-25.971092,-13.556938,-26.616514,-7.4228435,18.427097,40.796844,-11.602849,15.000033,-10.452891,4.8225727,29.247923,-5.575751,11.841412,-28.205753,-26.012249,21.91907,0.08144085,9.480107,-21.116528,-8.4861,15.877439,-19.063215,-31.093134,19.760775,0.6131422
929,9.451823234558105,-5.938758373260498,69.88575744628906,-1.697648323013119,-4.622986024027519,-57.559343262978,-12.424953,27.59692,3.490043,80.94366,-26.116768,-13.568477,-25.656992,-7.8084707,18.094051,39.202007,-10.651033,15.000033,-10.3096485,4.714885,28.969181,-7.4743233,11.766835,-27.774729,-26.2474,22.094736,0.12271656,9.3067465,-19.840279,-9.1156,16.06266,-19.590944,-30.909819,19.526173,0.24256714
930,9.595345497131348,-5.8027191162109375,70.19062042236328,-1.7989208904087355,-4.7201555024132045,-57.37690358488206,-12.725592,27.481886,3.1768687,80.33829,-26.226357,-13.636423,-24.715425,-8.215207,17.722908,37.50883,-9.606744,15.000033,-10.174116,4.5585856,28.611643,-9.435482,11.607135,-27.306114,-26.313868,22.261333,0.21312763,9.218487,-18.215462,-9.779735,16.299326,-20.327108,-30.48484,19.05949,-0.09708534
931,9.742514610290527,-5.66115665435791,70.5052490234375,-1.8965089348854356,-4.779555688615715,-57.24730815901506,-12.961555,27.267544,2.7505872,79.527435,-26.26311,-13.830849,-23.824606,-8.599577,17.38207,35.777576,-8.443492,15.000033,-10.020634,4.37016,28.2154,-11.441193,11.364203,-26.798483,-26.243786,22.39985,0.34876508,9.16068,-16.372025,-10.468902,16.556871,-21.177618,-29.840921,18.466772,-0.3389637
932,9.907137870788574,-5.4923200607299805,70.82229614257812,-1.9810678268719384,-4.81913479148844,-57.22308161888589,-13.07945,26.885025,2.2182062,78.48662,-26.192484,-14.219689,-23.0205,-8.923242,17.143066,34.06905,-7.13438,15.000033,-9.8236885,4.1621614,27.819574,-13.466271,11.046243,-26.250788,-26.080704,22.492083,0.5256125,9.079992,-14.442808,-11.168074,16.807623,-22.043081,-28.999985,17.854996,-0.41618672
933,10.078466415405273,-5.31154727935791,71.14807891845703,-2.0505298491397483,-4.827681018639356,-57.306193460038756,-13.073088,26.285147,1.5287899,77.18084,-25.994953,-14.883931,-22.308868,-9.191941,17.009329,32.360817,-5.6499624,15.000033,-9.58398,3.9263468,27.418697,-15.495466,10.655383,-25.64474,-25.838455,22.52765,0.75133723,8.971639,-12.396156,-11.862015,17.042414,-22.9257,-27.895512,17.172201,-0.2980802
934,10.273360252380371,-5.104394435882568,71.4791488647461,-1.9586244322954105,-4.771704605579193,-57.4185032417189,-12.984552,25.355686,0.8967422,75.608215,-25.675299,-15.000033,-21.741337,-9.619551,17.014297,30.703932,-4.060082,15.000033,-9.3679495,3.5118,26.949095,-17.538803,10.1955595,-24.971603,-25.501764,22.5194,1.0240787,8.859836,-10.205996,-12.544841,17.28177,-23.841984,-26.54587,16.392351,-0.014738171
935,10.47715950012207,-4.87441349029541,71.80569458007812,-1.8218691357334371,-4.710213222321602,-57.621777714196526,-12.762495,24.309788,0.24695353,73.84928,-25.292921,-15.000033,-21.271706,-10.0377865,17.128418,29.116005,-2.3800864,15.000033,-9.136039,3.038384,26.479488,-19.595718,9.6812,-24.249228,-25.074604,22.485016,1.3283448,8.738392,-8.001483,-13.218483,17.546598,-24.724419,-25.097807,15.6656275,0.4051594
936,10.691637992858887,-4.624743938446045,72.1204605102539,-1.6966683355838945,-4.683077232119927,-57.95001127018163,-12.383163,23.294996,-0.40070984,71.977264,-24.891222,-15.000033,-20.882975,-10.360515,17.350962,27.637829,-0.64048487,15.000033,-8.863553,2.568705,26.053797,-21.679455,9.139269,-23.495783,-24.56077,22.426271,1.6480647,8.600405,-5.8976293,-13.89011,17.849072,-25.522501,-23.696474,15.139094,0.9226265
937,10.908430099487305,-4.355988025665283,72.416259765625,-1.5794418735314433,-4.6915233723550225,-58.42252827670289,-11.829028,22.327364,-1.030205,69.96969,-24.477375,-15.000033,-20.585545,-10.579796,17.718193,26.27096,1.197302,15.000033,-8.545407,2.093942,25.686888,-23.753601,8.582471,-22.707434,-24.00461,22.368162,2.0008924,8.44356,-3.8985343,-14.564068,18.21517,-26.231905,-22.222408,14.845864,1.488259
938,11.137838363647461,-4.069646835327148,72.68704986572266,-1.4589546585500774,-4.719474470320598,-59.021649518555826,-11.113437,21.353825,-1.6803646,67.802025,-24.03267,-15.000033,-20.380342,-10.725906,18.21461,24.991573,3.1392417,15.000033,-8.191204,1.5971795,25.364136,-25.814701,8.019768,-21.871264,-23.414997,22.291271,2.3887017,8.27377,-1.9494123,-15.2428465,18.631907,-26.8841,-20.650434,14.716929,2.1282327
939,11.368120193481445,-3.7724475860595703,72.93555450439453,-1.3496253378649277,-4.7743812042147304,-59.71416101843615,-10.274508,20.385517,-2.3710809,65.54049,-23.549957,-15.000033,-20.248821,-10.803619,18.779476,23.818472,5.0921707,15.000033,-7.8005743,1.103561,25.078228,-27.915691,7.4831743,-21.00462,-22.744265,22.12995,2.772362,8.100067,-0.056511536,-15.932578,19.042076,-27.508686,-19.263815,14.740967,2.9087157
940,11.611190795898438,-3.4587223529815674,73.1509780883789,-1.2618284145017555,-4.864256847077319,-60.46684440080847,-9.3497925,19.431719,-3.117222,63.248764,-23.019714,-15.000033,-20.17488,-10.817362,19.352882,22.774025,6.961431,15.000033,-7.442899,0.5948292,24.85325,-29.874392,6.942133,-20.207907,-22.14705,22.037437,3.124606,7.9627666,1.7145644,-16.633549,19.458096,-28.129549,-18.337751,14.902029,3.8937066
941,11.856346130371094,-3.140596628189087,73.32947540283203,-1.2003783297525827,-5.000477123464334,-61.288932432435296,-8.331779,18.465872,-3.9732857,60.864742,-22.324295,-15.000033,-20.14378,-10.7397375,19.99628,21.839073,8.796783,15.000033,-6.99616,0.13771969,24.667389,-32.03263,6.4861593,-19.381973,-21.342817,21.654179,3.4183028,7.8318157,3.4722037,-17.352354,19.767513,-28.782894,-17.971409,15.240902,5.1513343
942,12.106708526611328,-2.804250955581665,73.46792602539062,-1.1568023397969944,-5.175687227941858,-62.19134211062623,-7.204577,17.500286,-4.916478,58.379803,-21.506578,-15.000033,-20.167416,-10.580216,20.71551,21.012005,10.624578,15.000033,-6.5456877,-0.32764354,24.555676,-34.110134,6.0922337,-18.586054,-20.589668,21.207014,3.6885543,7.735578,5.152389,-18.086876,20.075443,-29.448902,-18.009068,15.737535,6.628996
943,12.358500480651855,-2.4645869731903076,73.56867218017578,-1.130230557918322,-5.369085175482975,-63.14200332525581,-6.0018873,16.60331,-5.844224,55.94286,-20.79754,-15.000033,-20.256758,-10.381805,21.364876,20.31824,12.320526,15.000033,-6.1024685,-0.78460526,24.469563,-36.141003,5.7673354,-17.815302,-19.851076,20.734755,3.9425879,7.6511307,6.7706494,-18.83578,20.351543,-30.134987,-18.379778,16.274504,8.231835
944,12.609058380126953,-2.1177423000335693,73.62421417236328,-1.117154643009343,-5.557833630978416,-64.10916053571667,-4.7689385,15.834075,-6.649119,53.70659,-20.427252,-15.000033,-20.432941,-10.186101,21.798546,19.795485,13.760752,15.000033,-5.6797805,-1.2208751,24.362572,-38.13315,5.533259,-17.071445,-19.122581,20.278152,4.1892977,7.559249,8.342432,-19.598269,20.565533,-30.849134,-19.00311,16.736471,9.862045
945,12.853445053100586,-1.7698442935943604,73.63622283935547,-1.1291148745530384,-5.745106348531567,-65.08789017230852,-3.4743848,15.156478,-7.442308,51.65519,-20.433935,-15.000033,-20.63016,-9.951389,22.143394,19.313019,15.001492,15.000033,-5.302494,-1.6328461,24.23009,-40.051773,5.3974195,-16.355337,-18.42136,19.853868,4.443189,7.4647875,9.838065,-20.375992,20.755342,-31.567705,-19.931398,17.095938,11.508625
946,13.101948738098145,-1.4283251762390137,73.59259796142578,-1.1627550833706213,-5.938350621608729,-66.09201704563311,-2.1192844,14.551692,-8.228233,49.728157,-20.696674,-15.000033,-20.860924,-9.670626,22.420826,18.896492,16.081388,15.000033,-4.959287,-2.0276823,24.089836,-41.903496,5.3664393,-15.665135,-17.746943,19.414654,4.6956925,7.3741937,11.256906,-21.168415,20.923944,-32.286125,-21.181,17.389301,13.221917
947,13.351642608642578,-1.090382695198059,73.49544525146484,-1.1905580506712372,-6.116804801675649,-67.1193515239841,-0.8073096,14.084905,-8.727262,47.99527,-21.202782,-15.000033,-21.268194,-9.432587,22.333656,18.813267,16.847696,15.000033,-4.639783,-2.4253197,23.933973,-43.6756,5.448864,-15.017178,-17.144588,18.969862,4.9257627,7.280399,12.632061,-21.966124,21.01916,-33.045868,-22.606716,17.607449,14.9885645
948,13.601448059082031,-0.744382917881012,73.34696197509766,-1.174467017996114,-6.260237850153705,-68.16762975243863,0.35345972,13.803695,-8.652401,46.525276,-21.936008,-15.000033,-21.99778,-9.33168,21.598402,19.342722,17.133583,15.000033,-4.327451,-2.846677,23.75277,-45.361507,5.658822,-14.424592,-16.650427,18.515924,5.112543,7.1747794,14.002943,-22.753574,20.980867,-33.886257,-24.063799,17.748644,16.79496
949,13.841324806213379,-0.39761582016944885,73.16564178466797,-1.1093083759490314,-6.35344956772373,-69.25766996230273,1.3463213,13.736239,-7.822954,45.361294,-22.99709,-15.000033,-23.132923,-9.44735,20.002201,20.595135,16.85644,15.000033,-4.0258346,-3.303238,23.511288,-46.943195,6.0099525,-13.879195,-16.295147,18.032604,5.283792,7.027381,15.32992,-23.52705,20.820177,-34.794212,-25.64029,17.769203,18.72048
950,14.085413932800293,-0.024508995935320854,72.96123504638672,-0.9868231078384909,-6.430888059602597,-70.36388173381557,2.2537367,13.794797,-6.415217,44.44607,-24.354382,-15.000033,-24.53274,-9.805836,17.78179,22.417532,16.045767,15.000033,-3.7678204,-3.8106716,23.23852,-48.405857,6.5059657,-13.377904,-16.063889,17.521774,5.4423575,6.8522534,16.595648,-24.283016,20.57247,-35.73991,-27.362095,17.668043,20.737648
951,14.321386337280273,0.3633953630924225,72.74686431884766,-0.7819663822376839,-6.545133339563312,-71.41006284051483,3.1172888,13.851096,-4.683308,43.704906,-25.799597,-15.000033,-25.997095,-10.440301,15.320696,24.67626,14.705559,15.000033,-3.5842693,-4.3987913,23.021404,-49.745346,7.1408987,-12.937837,-15.933799,17.01945,5.5293636,6.705126,17.869608,-24.997007,20.216677,-36.731167,-28.999107,17.532051,22.678244
952,14.538290977478027,0.7350965738296509,72.51588439941406,-0.4739456857111177,-6.737860973744613,-72.3298936321781,3.9582694,13.800257,-2.884937,43.064903,-27.124008,-15.000033,-27.358747,-11.340057,12.974355,27.232027,12.88594,15.000033,-3.4922342,-5.0870347,22.934385,-50.97099,7.89995,-12.577425,-15.862478,16.566553,5.484329,6.6411815,19.216389,-25.630363,19.728994,-37.762566,-30.334194,17.469498,24.385496
953,14.749794960021973,1.0927841663360596,72.27083587646484,-0.024711376746333478,-7.033615368283693,-73.14873893899914,4.800245,13.6562,-0.84470373,42.56252,-28.324305,-15.000033,-28.63404,-12.618186,10.663077,30.143518,10.369874,15.000033,-3.4592838,-5.9182453,22.98585,-52.14152,8.788435,-12.319746,-15.831295,16.196617,5.308068,6.66298,20.614985,-26.157217,19.08414,-38.813248,-31.267488,17.514887,25.850063
954,14.95318603515625,1.4535480737686157,72.02296447753906,0.545564767980857,-7.4358144086457525,-73.86512974347303,5.6824656,13.451796,1.4741949,42.194595,-29.497618,-15.000033,-29.802109,-14.337209,8.245904,33.40043,7.164063,15.000033,-3.5013852,-6.876991,23.157574,-53.242428,9.808052,-12.145327,-15.839238,15.884693,5.026787,6.743692,22.02233,-26.563988,18.313053,-39.85315,-31.943802,17.63348,27.156906
955,15.142599105834961,1.808714509010315,71.79041290283203,1.1543089791943073,-7.922848219238756,-74.39661197163748,6.583623,13.138648,3.6108434,41.844852,-30.582338,-15.000033,-30.718206,-16.307812,5.974516,36.75838,3.7349415,15.000033,-3.6873243,-7.8866587,23.445389,-54.19199,10.925635,-12.008433,-15.846593,15.591828,4.6154532,6.8921905,23.452559,-26.827011,17.483059,-40.856224,-32.522232,17.836525,28.298227
956,15.292267799377441,2.154975414276123,71.58991241455078,1.4738771253514966,-8.40924733446564,-74.79070588214896,7.381064,13.029015,5.163819,41.525127,-31.579975,-15.000033,-31.25827,-18.04501,3.4742036,39.8278,0.7194065,13.374746,-3.9637132,-8.618337,23.801239,-54.925762,12.0849495,-11.867946,-15.805637,15.288409,4.04617,7.1145434,24.906467,-26.916922,16.66121,-41.780895,-33.16333,18.127352,29.266304
957,15.408055305480957,2.4968764781951904,71.4188461303711,1.676009837332442,-8.877955552640014,-74.96883026588847,8.017486,12.852831,5.9681406,41.15225,-32.42667,-15.000033,-31.56402,-19.596941,1.2566054,42.80041,-1.8178349,10.879915,-4.3679304,-9.248156,24.217325,-55.543205,13.261985,-11.756716,-15.645951,14.965565,3.204239,7.4482346,26.427414,-26.799297,15.823339,-42.655155,-33.845837,18.565466,29.99785
958,15.484086036682129,2.8226795196533203,71.27409362792969,1.916588185396952,-9.356056495349414,-74.92626353396297,8.53199,12.48502,6.256845,40.73544,-33.122456,-15.000033,-31.725834,-21.145008,-0.47222453,45.829422,-4.1469817,8.517496,-4.899358,-9.936703,24.680017,-56.095173,14.447444,-11.701964,-15.360608,14.660857,2.1367471,7.8731356,27.974798,-26.459112,14.956978,-43.451744,-34.51914,19.133678,30.531353
959,15.52443790435791,3.131540536880493,71.15325164794922,2.1194433246685223,-9.809791866755425,-74.74574772169564,8.925703,12.09218,6.234591,40.345863,-33.69142,-15.000033,-31.709253,-22.52603,-1.8362262,48.723427,-6.250246,6.500324,-5.5110083,-10.5991335,25.110868,-56.463024,15.595904,-11.660061,-14.974386,14.405643,1.0588626,8.308255,29.45915,-25.909609,14.131634,-44.084625,-35.298084,19.712173,31.010221
960,15.55785083770752,3.4177513122558594,71.05684661865234,2.207125404234991,-10.2038581816097,-74.51123338766259,9.196869,11.841762,6.1116962,40.058388,-34.16102,-15.000033,-31.483585,-23.575575,-2.9610107,51.31347,-8.115844,5.0576773,-6.145679,-11.135236,25.442213,-56.53388,16.640951,-11.585351,-14.505941,14.232595,0.18598227,8.672091,30.829391,-25.186653,13.39287,-44.496803,-36.292416,20.177406,31.571592
961,15.556753158569336,3.6782355308532715,70.99044036865234,2.1115239806188364,-10.521468508729669,-74.17506521899145,9.274879,11.808439,5.8240423,39.95138,-34.563618,-15.000033,-31.029346,-24.189499,-3.8909903,53.582687,-9.687513,4.3321166,-6.834319,-11.466075,25.682194,-56.312126,17.530043,-11.468024,-13.905323,14.137859,-0.5428581,8.992177,32.184437,-24.29933,12.700796,-44.761635,-37.589405,20.479342,32.227562
962,15.55786418914795,3.9120430946350098,70.95564270019531,1.8861714423299774,-10.78040554108202,-73.71584491841902,9.177053,11.896591,5.3018203,39.972137,-34.878777,-15.000033,-30.407288,-24.44563,-4.6097813,55.64092,-10.956283,4.164495,-7.5572205,-11.637613,25.871965,-55.886665,18.246126,-11.344442,-13.147418,14.124406,-1.206098,9.289865,33.57228,-23.24618,12.009427,-44.92926,-39.100307,20.685303,32.905926
963,15.542247772216797,4.124833106994629,70.95633697509766,1.6351870692347676,-10.99724387284824,-73.25827078804879,9.0337515,12.018979,4.7487106,39.999397,-35.05828,-15.000033,-29.703962,-24.46176,-5.1382966,57.51588,-11.994862,4.343115,-8.186311,-11.730581,26.00254,-55.267174,18.779247,-11.231515,-12.3011055,14.226948,-1.6135573,9.476534,34.895866,-22.062632,11.346984,-44.956543,-40.66622,20.846603,33.60963
964,15.522271156311035,4.312242031097412,70.99885559082031,1.460832232784701,-11.190618342549751,-72.92702606327973,8.978765,12.090849,4.3695517,39.908623,-35.053574,-15.000033,-28.994062,-24.362862,-5.488818,59.221924,-12.87851,4.6587243,-8.606219,-11.820974,26.061604,-54.444115,19.130331,-11.132285,-11.452976,14.472173,-1.5755496,9.46081,36.074646,-20.809103,10.735792,-44.81383,-42.122307,21.021624,34.33629
965,15.482211112976074,4.48414421081543,71.07752990722656,1.3925699043053275,-11.371009065454212,-72.75693366144202,9.042598,12.095773,4.2211523,39.691986,-34.839108,-15.000033,-28.292824,-24.112082,-5.5991206,60.761578,-13.591061,5.163555,-8.811855,-11.909986,26.045713,-53.33922,19.292467,-10.993812,-10.6788645,14.882597,-0.9458198,9.14074,37.158527,-19.510168,10.154968,-44.514668,-43.411434,21.226307,35.011703
966,15.441150665283203,4.629641532897949,71.19573974609375,1.3742138012262162,-11.526856141026412,-72.68208209692101,9.155803,12.078926,4.193678,39.407135,-34.445225,-15.000033,-27.56987,-23.655567,-5.4980955,62.131454,-14.115008,5.9396076,-8.866696,-11.953665,25.965816,-51.974255,19.260471,-10.823596,-9.932196,15.444448,0.13719766,8.577863,38.201897,-18.171915,9.590215,-44.109188,-44.610897,21.440405,35.649216
967,15.392346382141113,4.761675834655762,71.34918212890625,1.3864277920287906,-11.646247442218161,-72.6759905584377,9.301538,12.04934,4.2421846,39.03193,-33.90703,-15.000033,-26.825111,-23.098501,-5.324036,63.334442,-14.513975,6.8187323,-8.767566,-11.958672,25.829544,-50.4827,19.049599,-10.708264,-9.118018,16.125904,1.4344159,7.928295,39.140213,-16.84436,9.065882,-43.637486,-45.758526,21.667923,36.376682
968,15.337594032287598,4.871957778930664,71.53624725341797,1.4059118639982233,-11.716780125917344,-72.71179841989326,9.463502,12.015891,4.321816,38.54362,-33.260178,-15.000033,-26.059326,-22.549658,-5.20766,64.37205,-14.841112,7.627535,-8.529411,-11.928003,25.641474,-48.966957,18.69388,-10.710991,-8.168083,16.883194,2.7132492,7.3538117,39.911793,-15.602586,8.613889,-43.145554,-46.88467,21.9138,37.31484
969,15.279309272766113,4.973867416381836,71.7476577758789,1.4469382568924125,-11.733642094081501,-72.81001272091444,9.669704,11.969735,4.4643927,37.891148,-32.495934,-15.000033,-25.289776,-22.004047,-5.1074986,65.24878,-15.08432,8.375246,-8.168833,-11.866188,25.382284,-47.35207,18.216347,-10.799613,-7.122299,17.673851,4.0059075,6.86577,40.50335,-14.4995,8.254886,-42.62568,-47.99102,22.230286,38.512768
970,15.19723129272461,5.053731918334961,71.99351501464844,1.5143492055840289,-11.70358256239526,-72.97580722732681,9.916885,11.910557,4.6782513,37.10261,-31.601732,-15.000033,-24.511078,-21.418861,-4.9735756,65.96225,-15.223833,9.135262,-7.7161584,-11.769731,25.050201,-45.5611,17.628885,-10.915501,-6.0484133,18.52559,5.405875,6.381064,40.95592,-13.54948,7.9802294,-42.082203,-49.04916,22.607616,39.888065
971,15.109078407287598,5.1225457191467285,72.25650787353516,1.575686647344013,-11.63222024140082,-73.15805577406721,10.141094,11.860215,4.882784,36.27715,-30.610476,-15.000033,-23.691513,-20.848234,-4.9174204,66.496925,-15.28626,9.824683,-7.207224,-11.631236,24.674335,-43.686527,16.959713,-11.080507,-4.920101,19.487144,6.7787533,5.929044,41.285854,-12.771615,7.7761784,-41.572536,-50.04244,22.95703,41.36256
972,15.019227981567383,5.181967258453369,72.54122924804688,1.603058927517683,-11.526241158904803,-73.30654090963317,10.278536,11.8401575,4.997835,35.514942,-29.555172,-15.000033,-22.802067,-20.350922,-5.0470753,66.83758,-15.294198,10.358542,-6.680842,-11.446442,24.28279,-41.816395,16.24793,-11.31612,-3.7120962,20.600256,7.991748,5.543382,41.504642,-12.185298,7.6355457,-41.154854,-50.94644,23.192833,42.853355
973,14.915816307067871,5.232629776000977,72.84125518798828,1.5808188490251291,-11.384618187282555,-73.41518159467105,10.324873,11.863835,5.002172,34.818832,-28.419916,-15.000033,-21.83408,-19.957432,-5.4087963,66.994064,-15.224001,10.636398,-6.139933,-11.215699,23.871885,-39.92737,15.51783,-11.637736,-2.4289396,21.964672,9.020447,5.2590604,41.572033,-11.827304,7.604892,-40.82008,-51.85176,23.28011,44.453014
974,14.801444053649902,5.273542881011963,73.15882110595703,1.5279458949620754,-11.205203060345342,-73.50889715498349,10.308957,11.917013,4.9380107,34.14675,-27.197182,-15.000033,-20.806082,-19.634245,-5.930858,66.97029,-15.065516,10.726049,-5.595464,-10.950701,23.420744,-37.948174,14.785129,-12.00519,-1.1089802,23.512545,9.936649,5.0491447,41.47868,-11.710193,7.690355,-40.53546,-52.720535,23.277918,46.15645
975,14.667560577392578,5.305429458618164,73.48408508300781,1.4647859694243461,-10.991832440766695,-73.58184622581798,10.219843,11.979699,4.8211164,33.525112,-25.928543,-15.000033,-19.729723,-19.342163,-6.5460033,66.740234,-14.860657,10.793977,-5.0935636,-10.671427,22.937662,-35.90606,14.074375,-12.366134,0.23212706,25.037163,10.753476,4.865506,41.272736,-11.8010235,7.8264008,-40.31413,-53.341747,23.248137,47.73818
976,14.53103256225586,5.335991382598877,73.81192779541016,1.4176241572901476,-10.749117811223194,-73.62850213567117,10.048529,12.031386,4.667434,32.97557,-24.652784,-15.000033,-18.616787,-19.040491,-7.1878695,66.27576,-14.652114,11.0070305,-4.666593,-10.399683,22.436733,-33.840523,13.411887,-12.683707,1.5830929,26.324781,11.482937,4.6671033,41.0039,-12.037036,7.946214,-40.167088,-53.51871,23.256838,48.982246
977,14.373736381530762,5.361551284790039,74.14002990722656,1.3797460418760712,-10.47333095511712,-73.63546442889923,9.782586,12.07263,4.4555316,32.50134,-23.35013,-15.000033,-17.446924,-18.735512,-7.885581,65.55255,-14.409388,11.429644,-4.2987676,-10.149748,21.923222,-31.755447,12.808563,-12.9683485,2.942067,27.347511,12.140475,4.4366355,40.661674,-12.382599,8.057761,-40.08414,-53.191776,23.304337,49.87926
978,14.21385383605957,5.385156631469727,74.46630096435547,1.3455073390433059,-10.163931692297522,-73.60988102111261,9.4310465,12.111069,4.1850896,32.089508,-22.008099,-15.000033,-16.222603,-18.440815,-8.656245,64.59068,-14.124922,11.964439,-3.9613194,-9.916871,21.392067,-29.649723,12.272084,-13.254033,4.328213,28.188604,12.719396,4.210482,40.215538,-12.833324,8.186272,-40.04266,-52.485386,23.365488,50.539154
979,14.05076789855957,5.406137466430664,74.78118896484375,1.3308235820190875,-9.8287439422728,-73.57567782044418,9.017085,12.135624,3.9046798,31.735891,-20.675344,-15.000033,-14.992626,-18.131294,-9.415521,63.43152,-13.879661,12.5329275,-3.6752923,-9.707014,20.847704,-27.531197,11.806244,-13.534248,5.7388277,28.83437,13.200102,4.034176,39.672546,-13.367404,8.304573,-40.03317,-51.484867,23.46366,50.927334
980,13.880316734313965,5.425772666931152,75.08163452148438,1.3487632942359753,-9.475052650215117,-73.55614404684874,8.560918,12.135933,3.6626034,31.442083,-19.404316,-15.000033,-13.804371,-17.786545,-10.081257,62.114693,-13.754212,13.053816,-3.4392984,-9.51074,20.294022,-25.459902,11.435187,-13.82128,7.213752,29.218834,13.561217,3.9530904,39.062847,-13.952626,8.362957,-40.05499,-50.278122,23.612886,51.009502
981,13.708724021911621,5.439320087432861,75.3677978515625,1.4093577669495767,-9.0952104248854,-73.5393750573438,8.0544405,12.096062,3.4520776,31.191908,-18.172756,-15.000033,-12.642645,-17.425684,-10.668185,60.62968,-13.750507,13.580602,-3.268236,-9.348925,19.725548,-23.420269,11.165377,-14.124787,8.752603,29.277761,13.789769,4.019218,38.374218,-14.566934,8.360718,-40.09395,-48.789833,23.810862,50.724434
982,13.532376289367676,5.470127582550049,75.62798309326172,1.5027904505355676,-8.688660465064421,-73.51807453810653,7.492245,12.024052,3.2550838,30.987337,-16.962584,-15.000033,-11.489291,-17.064425,-11.207897,58.963223,-13.835636,14.120478,-3.1425424,-9.221147,19.142973,-21.412655,10.999915,-14.4483595,10.356715,29.040495,13.900714,4.2010207,37.59688,-15.204793,8.316184,-40.144028,-47.01084,24.025671,50.107685
983,13.355360984802246,5.4972028732299805,75.8663558959961,1.619903914655855,-8.273971797216841,-73.52268692002255,6.9036145,11.943889,3.1051414,30.846819,-15.826662,-15.000033,-10.385957,-16.681421,-11.644347,57.153976,-14.036173,14.520585,-3.0389557,-9.116465,18.564573,-19.43171,10.92949,-14.772803,11.987565,28.659838,13.917882,4.419025,36.720787,-15.859801,8.2460375,-40.188114,-45.1309,24.226807,49.271404
984,13.174388885498047,5.5235819816589355,76.07527923583984,1.746364504946978,-7.869310188084074,-73.5835902289056,6.3155766,11.88146,3.034823,30.792936,-14.820077,-15.000033,-9.375504,-16.259048,-11.918283,55.244896,-14.376663,14.630876,-2.9316335,-9.020778,18.00835,-17.475657,10.936444,-15.081201,13.610974,28.291151,13.866894,4.592629,35.737446,-16.524439,8.1654005,-40.209248,-43.34162,24.39366,48.330826
985,12.98991870880127,5.5440673828125,76.25315856933594,1.8896966095154277,-7.4683321118218275,-73.7051621762272,5.736095,11.82922,3.054708,30.803068,-13.93842,-15.000033,-8.448919,-15.786308,-11.996689,53.1738,-14.906658,14.274817,-2.8089938,-8.933407,17.462471,-15.555369,11.014384,-15.392087,15.244468,27.924097,13.728763,4.710763,34.663616,-17.191463,8.056451,-40.220505,-41.63411,24.532207,47.278244
986,12.811014175415039,5.58953332901001,76.39286804199219,2.051588774490287,-7.065215954336173,-73.87170541194875,5.1490655,11.780326,3.1461453,30.87748,-13.160214,-15.000033,-7.5929546,-15.285481,-11.905828,50.965427,-15.599188,13.563035,-2.6786206,-8.857024,16.920248,-13.678198,11.162221,-15.710479,16.911575,27.498606,13.498248,4.8109045,33.49869,-17.85783,7.9168496,-40.21703,-39.92933,24.637024,46.067795
987,12.616278648376465,5.626092433929443,76.50386047363281,2.212127213302618,-6.678343834307753,-74.08438967646829,4.5528574,11.7596855,3.3004205,31.059778,-12.507526,-15.000033,-6.834705,-14.780653,-11.682554,48.767864,-16.362728,12.789133,-2.5421858,-8.78262,16.407257,-11.834942,11.364187,-15.9988,18.585033,27.097244,13.223075,4.885253,32.209454,-18.525366,7.78387,-40.16194,-38.316845,24.68471,44.761723
988,12.423789978027344,5.662389755249023,76.57875061035156,2.3502627856536957,-6.325910909124774,-74.34527428029965,3.9464064,11.791774,3.5095305,31.392693,-12.002114,-15.000033,-6.197373,-14.287818,-11.375492,46.70835,-17.102503,12.260836,-2.4022467,-8.698425,15.948537,-10.016808,11.596123,-16.217522,20.239315,26.805458,12.950414,4.927098,30.76492,-19.19975,7.6961985,-40.025707,-36.886017,24.660236,43.422573
989,12.226264953613281,5.726975917816162,76.61477661132812,2.46685869651304,-5.998456411596317,-74.65626951592512,3.3172116,11.881885,3.7820706,31.882605,-11.6579485,-15.000033,-5.675286,-13.790439,-10.962721,44.686283,-17.806623,12.145573,-2.2573342,-8.593743,15.533678,-8.224209,11.842622,-16.360266,21.87128,26.721684,12.685247,4.8945045,29.17011,-19.886118,7.6546464,-39.823463,-35.644176,24.553787,42.032536
990,12.02794075012207,5.805481910705566,76.6177978515625,2.570150794086181,-5.690680261614751,-75.01658832301287,2.6697834,12.018418,4.119644,32.51079,-11.461702,-15.000033,-5.250423,-13.286347,-10.439922,42.65785,-18.516941,12.260893,-2.1074948,-8.471197,15.150778,-6.4630895,12.099494,-16.443743,23.502338,26.781769,12.404976,4.8053117,27.436247,-20.585934,7.6478724,-39.562584,-34.551796,24.381332,40.57248
991,11.835561752319336,5.873571395874023,76.59526824951172,2.6581756387071125,-5.428600504479003,-75.42511780946099,2.0282588,12.201705,4.502897,33.28341,-11.39544,-15.000033,-4.926812,-12.808916,-9.889509,40.82636,-19.217464,12.4061165,-1.9562457,-8.337317,14.823888,-4.738343,12.35849,-16.466345,25.146923,26.823671,12.115074,4.7418737,25.544489,-21.299038,7.6955857,-39.201015,-33.627705,24.17515,39.10204
992,11.643692016601562,5.978526592254639,76.53409576416016,2.7268208650688686,-5.237431770854435,-75.88079779093437,1.4149544,12.433977,4.9090805,34.211178,-11.445454,-15.000033,-4.7174587,-12.381841,-9.388734,39.409523,-19.89724,12.385262,-1.8082193,-8.19576,14.577897,-3.0524104,12.609016,-16.425766,26.81613,26.689783,11.821899,4.7834907,23.475891,-22.023981,7.8199487,-38.702343,-32.8876,23.970272,37.677677
993,11.45457649230957,6.094290256500244,76.44861602783203,2.793295148986493,-5.123681981439546,-76.37901192533563,0.82452655,12.704368,5.339046,35.313095,-11.6109705,-15.000033,-4.6844015,-12.038221,-8.980748,38.56218,-20.549944,12.135276,-1.6592134,-8.05614,14.422164,-1.4277893,12.847442,-16.334024,28.563166,26.460308,11.495363,4.898234,21.227116,-22.761028,8.016187,-38.071465,-32.310944,23.774216,36.26835
994,11.264307022094727,6.2194085121154785,76.3365707397461,2.8487854281258014,-5.0734588115359935,-76.92241245626369,0.24876538,13.023261,5.7982535,36.58295,-11.901955,-15.000033,-4.8045835,-11.741821,-8.620912,38.137547,-21.185108,11.77919,-1.5086696,-7.9057746,14.34258,0.14578469,13.069922,-16.190475,30.365158,26.181908,11.142026,5.058966,18.808102,-23.507914,8.284698,-37.327385,-31.895376,23.579153,34.856422
995,11.090230941772461,6.347881317138672,76.20393371582031,2.865226222940907,-5.0845689975312816,-77.52188954882347,-0.28685772,13.42375,6.27061,37.976437,-12.309599,-15.000033,-4.9635,-11.4118185,-8.25342,37.903755,-21.813047,11.396191,-1.3628358,-7.7125363,14.3315735,1.7023152,13.263897,-15.97866,32.13059,25.646374,10.819599,5.349954,16.226675,-24.257675,8.649717,-36.460655,-31.682049,23.400589,33.51697
996,10.92870807647705,6.484546661376953,76.0526123046875,2.813010377095758,-5.154998775602828,-78.18867554199433,-0.7514067,13.934193,6.7396574,39.439705,-12.821292,-15.000033,-5.044107,-10.971285,-7.820958,37.625847,-22.43976,11.062464,-1.2251645,-7.443719,14.383051,3.2681713,13.412302,-15.684579,33.776188,24.647593,10.580356,5.854742,13.494329,-24.999762,9.132395,-35.468704,-31.71132,23.25637,32.32381
997,10.767304420471191,6.631915092468262,75.88057708740234,2.667480915611272,-5.294674773419843,-78.9499541998119,-1.1570624,14.594188,7.1842284,41.054417,-13.458712,-15.000033,-5.0027843,-10.377843,-7.3041673,37.226025,-23.083729,10.791603,-1.0726192,-7.0673566,14.505161,4.8171673,13.505351,-15.360146,35.395744,23.239925,10.454303,6.496011,10.594853,-25.733946,9.733678,-34.34493,-31.959307,23.153093,31.218243
998,10.630556106567383,6.765262126922607,75.70158386230469,2.4505744038060775,-5.504110463214565,-79.79387703879858,-1.4991779,15.377111,7.6112466,42.797653,-14.213906,-15.000033,-4.90007,-9.679219,-6.7329183,36.82909,-23.73117,10.544015,-0.9028236,-6.5972633,14.703692,6.330142,13.540295,-15.005486,37.009716,21.501923,10.392619,7.262753,7.548849,-26.454681,10.439104,-33.119896,-32.411358,23.091486,30.182915
999,10.51091480255127,6.901501655578613,75.51918029785156,2.201720697753156,-5.766826697594472,-80.67238349599172,-1.7336532,16.209726,8.0516205,44.480354,-15.041211,-15.000033,-4.7843223,-8.936924,-6.118664,36.521782,-24.34842,10.313106,-0.7435687,-6.0761137,14.971986,7.8338823,13.5121975,-14.535422,38.433437,19.263535,10.30955,8.337316,4.429819,-27.13917,11.230298,-31.854385,-33.126347,23.078947,29.356678
1000,10.386701583862305,7.04188346862793,75.33921813964844,1.9647103335822589,-6.06546122172678,-81.53564574283467,-1.8232088,17.019083,8.544724,45.9234,-15.897254,-15.000033,-4.703606,-8.214832,-5.478385,36.38829,-24.900383,10.093148,-0.6216543,-5.5551543,15.301879,9.353009,13.4176,-13.865655,39.487392,16.353607,10.093302,9.898389,1.3059814,-27.757889,12.078939,-30.599236,-34.171272,23.118196,28.882608
1001,10.273131370544434,7.194648742675781,75.1673583984375,1.7452084813361906,-6.424988921233832,-82.38129675465186,-1.7144752,17.813236,9.164598,47.101765,-16.810751,-14.906918,-4.654619,-7.5200415,-4.7986474,36.48916,-25.405867,9.867854,-0.5349045,-5.0614867,15.730599,10.939432,13.254301,-12.90502,40.047718,12.0870075,9.4232855,12.378793,-1.8458451,-28.294674,12.963081,-29.363396,-35.639664,23.1945,28.807196
1002,10.183210372924805,7.345125198364258,75.00192260742188,1.5810094908321595,-6.8360917584136915,-83.21026673760076,-1.4514844,18.536503,9.906488,48.084908,-17.775503,-14.547802,-4.645913,-6.9016128,-4.0771546,36.816246,-25.901241,9.663804,-0.48383045,-4.6274695,16.23669,12.58197,13.028332,-11.732049,40.23603,6.812138,8.258733,15.485372,-5.035729,-28.746826,13.870229,-28.124643,-37.484364,23.29723,29.057396
1003,10.105777740478516,7.491167068481445,74.84490966796875,1.4277504585241279,-7.247296729122176,-84.02409509303531,-1.1340438,19.21105,10.632223,48.905224,-18.741755,-14.233138,-4.6851025,-6.3036385,-3.3556724,37.253323,-26.32496,9.496062,-0.45007363,-4.1871424,16.753057,14.179924,12.748607,-10.5208645,40.25494,1.8677615,7.073079,18.37481,-8.172548,-29.107485,14.773239,-26.893396,-39.566113,23.424408,29.6042
1004,10.028717994689941,7.631574630737305,74.70085906982422,1.3196837670397359,-7.593184212564274,-84.79635367566382,-0.8771183,19.735853,11.253154,49.555473,-19.633669,-13.901721,-4.822375,-5.785478,-2.669235,37.750313,-26.652016,9.407499,-0.44949868,-3.7556365,17.208557,15.588801,12.429278,-9.430471,40.323364,-1.5128934,6.5882792,20.35876,-11.181983,-29.368975,15.656758,-25.675869,-41.74815,23.572308,30.422838
1005,9.957746505737305,7.774230003356934,74.57672882080078,1.2590114263903762,-7.85115884278462,-85.53308517312409,-0.71754724,20.10038,11.755163,50.042263,-20.460556,-13.508294,-5.1103663,-5.3482256,-2.0146885,38.346775,-26.846762,9.426853,-0.4868779,-3.3458562,17.60817,16.762623,12.061715,-8.366344,40.43049,-2.9043374,7.389417,21.268341,-14.106608,-29.531301,16.524813,-24.449696,-44.117218,23.705732,31.615604
1006,9.909972190856934,7.916346073150635,74.47538757324219,1.2262551791840486,-8.056152707552728,-86.24443805029696,-0.5992076,20.350327,12.181766,50.369987,-21.253891,-13.095813,-5.510647,-4.962726,-1.3800461,39.051254,-26.93269,9.526957,-0.5643736,-2.9534082,17.988478,17.750233,11.645958,-7.2681594,40.494545,-3.0516508,9.109052,21.540869,-16.989676,-29.596888,17.376171,-23.209564,-46.709385,23.796537,33.165325
1007,9.860218048095703,8.058013916015625,74.38327026367188,1.2301392779668943,-8.228799283892336,-86.91034128345588,-0.4974108,20.469482,12.530889,50.520973,-21.966572,-12.733789,-5.9364896,-4.643498,-0.7860259,39.761627,-26.972319,9.667202,-0.6937219,-2.5726676,18.333706,18.559725,11.229699,-6.3430333,40.60006,-2.5341098,11.117521,21.46109,-19.76091,-29.56189,18.201756,-21.982222,-49.315197,23.867516,34.87236
1008,9.815910339355469,8.1895112991333,74.30462646484375,1.27456371270013,-8.389171046016752,-87.5101576451186,-0.38703936,20.442276,12.802597,50.477467,-22.550518,-12.490974,-6.3045387,-4.406539,-0.25125435,40.379658,-27.029757,9.806803,-0.8662658,-2.2035105,18.632206,19.21924,10.890256,-5.8200984,40.80746,-1.9576311,12.769904,21.337786,-22.314367,-29.419136,18.97125,-20.823269,-51.72659,23.964556,36.54141
1009,9.783439636230469,8.309089660644531,74.23993682861328,1.3779166771653015,-8.547135729203479,-88.03555769864336,-0.2604589,20.222563,12.96937,50.217953,-22.977606,-12.382192,-6.5923324,-4.280375,0.21735314,40.889065,-27.118519,9.942965,-1.0615184,-1.8574746,18.895979,19.703445,10.68504,-5.8236337,41.18263,-1.3889858,14.061505,21.221157,-24.60526,-29.15557,19.649027,-19.743242,-53.97607,24.12097,38.26602
1010,9.755430221557617,8.418587684631348,74.18465423583984,1.532252129857842,-8.689299139524213,-88.49865504201706,-0.13203742,19.832542,13.042604,49.75597,-23.27621,-12.370905,-6.846894,-4.2489467,0.63211286,41.340546,-27.20808,10.095787,-1.2561558,-1.5481225,19.126724,20.02115,10.623897,-6.236225,41.66219,-0.5490145,15.279574,20.931828,-26.658583,-28.771292,20.222202,-18.726631,-56.156788,24.295864,40.111515
1011,9.728575706481934,8.528721809387207,74.13507080078125,1.7080499786115533,-8.8009710963047,-88.91015741338997,-0.0065929256,19.358606,13.081171,49.120975,-23.478727,-12.447853,-7.081742,-4.26543,1.002008,41.72319,-27.289616,10.258142,-1.4501274,-1.2797687,19.292597,20.266483,10.705702,-6.912952,42.108276,0.44697797,16.217937,20.483076,-28.505194,-28.292082,20.715332,-17.770056,-58.127625,24.463402,41.83839
1012,9.708451271057129,8.627193450927734,74.09446716308594,1.874307953023357,-8.867934195843832,-89.28039289808908,0.10803009,18.88924,13.142784,48.34656,-23.62117,-12.603822,-7.3138294,-4.282305,1.3361933,42.030846,-27.355453,10.421415,-1.6218293,-1.0337241,19.378445,20.504778,10.920704,-7.731183,42.385277,1.4797592,16.670557,19.901,-30.07052,-27.728397,21.145256,-16.951593,-59.82385,24.631996,43.195557
1013,9.688692092895508,8.713333129882812,74.06462860107422,2.038812812634085,-8.881248771718102,-89.60299612447486,0.21106511,18.418083,13.2470255,47.405704,-23.693443,-12.870633,-7.5574965,-4.3122616,1.6340071,42.27482,-27.41965,10.591669,-1.8168746,-0.8325249,19.346725,20.78347,11.275149,-8.700679,42.4524,2.5672371,16.460972,19.15011,-31.459665,-27.117884,21.525888,-16.210299,-61.146664,24.860971,44.15909
1014,9.666557312011719,8.794844627380371,74.04962921142578,2.211739535401696,-8.850560460291842,-89.87525326917643,0.30668837,17.912224,13.360079,46.28994,-23.683302,-13.239422,-7.8011565,-4.372391,1.8922029,42.453945,-27.480156,10.768408,-2.0010836,-0.6518713,19.228783,21.019157,11.77007,-9.898318,42.401,3.7397592,15.729787,18.252413,-32.570435,-26.450064,21.837364,-15.611899,-62.226143,25.171406,44.843372
1015,9.644230842590332,8.866942405700684,74.0529556274414,2.365635488319692,-8.790244698244825,-90.11244016094597,0.39709216,17.413998,13.462029,45.05573,-23.619732,-13.639972,-8.0237,-4.4269457,2.1189582,42.543728,-27.50358,10.933363,-2.1688163,-0.49356705,19.055136,21.213526,12.378353,-11.170757,42.237404,4.8951545,14.753751,17.32318,-33.477318,-25.752773,22.102468,-15.089178,-62.96205,25.485928,45.21721
1016,9.619524002075195,8.929803848266602,74.0739517211914,2.477818653888064,-8.714878728365044,-90.33015363663962,0.48473626,16.965624,13.53372,43.761417,-23.53186,-14.002394,-8.205134,-4.4403973,2.3214698,42.52185,-27.457016,11.068545,-2.319105,-0.34552392,18.862795,21.373413,13.051041,-12.365199,41.962513,5.9547553,13.814537,16.464752,-34.240875,-25.067446,22.355255,-14.594277,-63.25767,25.730541,45.24149
1017,9.602829933166504,8.987646102905273,74.11566162109375,2.5296799548022655,-8.625560931694181,-90.53315214487118,0.5751124,16.589334,13.574686,42.389812,-23.418776,-14.33428,-8.335876,-4.3867087,2.4982493,42.366848,-27.322279,11.163421,-2.4565089,-0.17630324,18.652775,21.49735,13.759156,-13.476811,41.57639,6.964804,12.875495,15.697652,-34.85478,-24.422192,22.609636,-14.146867,-63.0549,25.893744,44.859055
1018,9.593133926391602,9.041356086730957,74.17662811279297,2.53762820803155,-8.515994367489078,-90.71324263518176,0.66711134,16.262512,13.592445,40.920002,-23.26855,-14.661639,-8.428518,-4.290021,2.6460588,42.095463,-27.118767,11.22906,-2.589683,0.015891192,18.410885,21.570484,14.498855,-14.574458,41.09159,7.954677,11.8241005,14.977546,-35.298798,-23.827145,22.8646,-13.774155,-62.391487,26.016094,44.099014
1019,9.58517837524414,9.09292221069336,74.25247192382812,2.52810771598178,-8.389865230815525,-90.86593595432332,0.7506873,15.957415,13.580656,39.410843,-23.095844,-14.945643,-8.493002,-4.188667,2.7695663,41.737534,-26.867823,11.279864,-2.7224796,0.20304316,18.153605,21.587118,15.255821,-15.619267,40.522667,8.837021,10.834533,14.291843,-35.605133,-23.29329,23.137972,-13.445536,-61.330982,26.095854,43.05202
1020,9.577632904052734,9.153596878051758,74.34072875976562,2.5431551506333108,-8.24767358444152,-90.98058945695526,0.8113657,15.602912,13.530646,37.907047,-22.90613,-15.000033,-8.546705,-4.142973,2.8761396,41.33295,-26.59675,11.3362255,-2.875629,0.34291953,17.891182,21.552095,16.00796,-16.561842,39.88168,9.532607,10.082273,13.621138,-35.830853,-22.834557,23.457392,-13.108683,-59.92166,26.129335,41.80926
1021,9.581033706665039,9.209854125976562,74.44046783447266,2.574061362419201,-8.082153805944003,-91.06926875981412,0.84907967,15.240362,13.453105,36.410603,-22.719057,-15.000033,-8.597438,-4.135824,2.974616,40.87401,-26.296736,11.383093,-3.0425806,0.4533549,17.621077,21.458702,16.736614,-17.386889,39.159103,10.010869,9.647059,12.9463005,-35.978672,-22.460787,23.829048,-12.770739,-58.106,26.084883,40.34373
1022,9.589097023010254,9.263094902038574,74.55562591552734,2.588860257741147,-7.898592273606259,-91.13857712400647,0.87319463,14.909371,13.353801,34.911762,-22.531408,-15.000033,-8.625515,-4.124983,3.0566916,40.3314,-25.949945,11.411866,-3.2203097,0.5707653,17.341345,21.306843,17.437061,-18.119234,38.363586,10.331603,9.429216,12.274172,-36.04606,-22.180859,24.252417,-12.435986,-55.868473,25.936348,38.631905
1023,9.605878829956055,9.309334754943848,74.67598724365234,2.601455982182931,-7.715834259553751,-91.16956928283948,0.8944672,14.5750475,13.218633,33.43377,-22.31003,-15.000033,-8.612913,-4.1338205,3.1029768,39.724518,-25.578821,11.449243,-3.4200492,0.68251765,17.06696,21.096315,18.110945,-18.785297,37.538486,10.551945,9.335518,11.622904,-36.03443,-21.993105,24.736252,-12.090058,-53.360527,25.700329,36.766743
1024,9.626970291137695,9.351028442382812,74.7997817993164,2.6182079494306403,-7.553010863237687,-91.1430553546001,0.923888,14.204901,13.030306,31.999874,-22.021458,-15.000033,-8.540322,-4.185476,3.0951552,39.0704,-25.204288,11.521436,-3.648919,0.7756883,16.814215,20.82318,18.763819,-19.413883,36.727184,10.725161,9.271989,11.012426,-35.930634,-21.882282,25.286564,-11.725915,-50.74544,25.405525,34.834743
1025,9.646883964538574,9.392871856689453,74.93218994140625,2.6458221511773368,-7.415841747668372,-91.03942368087128,0.9592889,13.794427,12.783724,30.60389,-21.67114,-15.000033,-8.393835,-4.2965975,3.014449,38.363743,-24.831198,11.643356,-3.9667208,0.8272091,16.574854,20.531378,19.397247,-19.969542,35.907024,10.832663,9.242173,10.429166,-35.853798,-21.873138,25.92969,-11.243358,-47.845104,25.02863,32.78977
1026,9.678290367126465,9.423995971679688,75.07269287109375,2.6744410673273644,-7.293892969803105,-90.87334036765608,0.9973051,13.359658,12.4887,29.23716,-21.271748,-15.000033,-8.185128,-4.450826,2.8755875,37.59719,-24.44771,11.797547,-4.308429,0.87034553,16.359507,20.163885,20.012028,-20.491459,35.082207,10.859435,9.288947,9.867425,-35.649925,-21.941208,26.636055,-10.767461,-44.76174,24.53641,30.617321
1027,9.710572242736816,9.465975761413574,75.21162414550781,2.7062130155638124,-7.182326400573507,-90.67897623860262,1.0488887,12.899601,12.146929,27.918055,-20.799427,-15.000033,-7.9371796,-4.625149,2.711516,36.793774,-24.055225,11.961677,-4.6594973,0.89901316,16.152422,19.746138,20.606066,-20.965782,34.26446,10.855759,9.376379,9.3593,-35.4071,-22.08771,27.398184,-10.248861,-41.651466,23.94275,28.463085
1028,9.747406959533691,9.498563766479492,75.36080169677734,2.7369231850841205,-7.076234296630233,-90.49035147095917,1.1233895,12.418511,11.758386,26.668264,-20.232561,-15.000033,-7.672262,-4.794534,2.5545995,35.97384,-23.653166,12.11321,-4.9627175,0.9252194,15.953185,19.254763,21.177715,-21.417784,33.48548,10.873326,9.467021,8.93754,-35.070713,-22.290617,28.189796,-9.744749,-38.77316,23.29818,26.454647
1029,9.788866996765137,9.525078773498535,75.51554107666016,2.774515496435735,-6.974399558360854,-90.28822578681856,1.2142695,11.864024,11.231821,25.474684,-19.514107,-15.000033,-7.3846855,-4.9752235,2.392418,35.130314,-23.240416,12.253601,-5.2485595,0.92887026,15.745787,18.699259,21.726908,-21.836973,32.751564,10.914708,9.560626,8.626964,-34.698696,-22.549644,29.045317,-9.1741495,-35.976883,22.60414,24.498083
1030,9.834980010986328,9.545984268188477,75.66650390625,2.8178464903997362,-6.8799331655515035,-90.06466870269503,1.3215028,11.259756,10.595315,24.33529,-18.676094,-15.000033,-7.0658784,-5.171342,2.214329,34.257217,-22.817703,12.391929,-5.534981,0.9111639,15.534188,18.086798,22.251785,-22.214989,32.048805,10.955826,9.673937,8.404787,-34.308037,-22.867624,29.970135,-8.5289755,-33.197346,21.845398,22.568487
1031,9.877790451049805,9.569519996643066,75.80429077148438,2.85069979773339,-6.794244361678032,-89.86936358584971,1.4557452,10.718791,10.027562,23.29464,-17.832693,-15.000033,-6.7356825,-5.3422084,2.0555499,33.37566,-22.3875,12.520129,-5.761768,0.90299535,15.339811,17.409437,22.747938,-22.564861,31.373888,11.00823,9.794592,8.233018,-33.821854,-23.221048,30.900173,-7.933238,-30.780823,21.089544,20.876835
1032,9.90760326385498,9.595318794250488,75.93396759033203,2.8620219075153277,-6.717811321750736,-89.75131012516309,1.6205688,10.345362,9.708688,22.398996,-17.094152,-15.000033,-6.4148145,-5.4514337,1.9522792,32.50613,-21.95215,12.630504,-5.900565,0.9192952,15.169737,16.691101,23.209478,-22.871992,30.71573,11.081515,9.910921,8.074364,-33.272953,-23.593073,31.789194,-7.430099,-28.978937,20.432947,19.62474
1033,9.937834739685059,9.617652893066406,76.06294250488281,2.8436185380681764,-6.651865985822021,-89.73117136067515,1.7860581,10.202054,9.714012,21.759188,-16.497875,-15.000033,-6.095416,-5.474929,1.9176362,31.62469,-21.495216,12.715856,-5.9352746,0.9667811,15.025427,15.928854,23.635765,-23.13231,30.077276,11.197349,10.017967,7.93402,-32.653698,-23.968115,32.64959,-7.024039,-27.891052,19.93535,18.841461
1034,9.966113090515137,9.637328147888184,76.18943786621094,2.8077295964404625,-6.596124788537303,-89.78056821107407,1.9487077,10.212009,9.942658,21.336317,-15.988485,-15.000033,-5.770961,-5.443159,1.9344465,30.729046,-21.020845,12.783664,-5.8943067,1.0247585,14.896676,15.120949,24.026897,-23.34428,29.465803,11.344108,10.12249,7.827378,-31.973705,-24.336887,33.506565,-6.666525,-27.348228,19.5805,18.398891
1035,10.005708694458008,9.659172058105469,76.30420684814453,2.7915609010143894,-6.546027009091987,-89.86835520478394,2.1596947,10.237561,10.304553,20.916063,-15.525642,-14.937556,-5.476188,-5.423669,1.9928243,29.89222,-20.57333,12.8542385,-5.8142548,1.056934,14.772663,14.283416,24.377539,-23.502556,28.881815,11.483839,10.230131,7.7327447,-31.255505,-24.69195,34.333313,-6.347691,-27.226358,19.35822,18.257694
1036,10.05960750579834,9.686964988708496,76.40679168701172,2.8266035817078716,-6.49582809120114,-89.96331742716796,2.4689891,10.140501,10.703775,20.27885,-15.067284,-14.666225,-5.2468657,-5.4733524,2.081599,29.186419,-20.195192,12.943889,-5.725042,1.0388627,14.645089,13.422887,24.6803,-23.607807,28.330423,11.578734,10.346039,7.6291213,-30.49683,-25.024183,35.09773,-6.0750093,-27.423523,19.251461,18.38358
1037,10.113401412963867,9.712273597717285,76.49771881103516,2.8360079456295297,-6.447326586311241,-90.1057832364559,2.9073894,10.090273,11.225461,19.416336,-14.664696,-14.751799,-5.049537,-5.4843917,2.2009451,28.531445,-19.843052,13.034784,-5.5925927,1.0464038,14.523246,12.537492,24.929953,-23.654137,27.816406,11.60965,10.485229,7.5146327,-29.699272,-25.32734,35.80202,-5.8637667,-28.066177,19.312763,18.876585
1038,10.18013858795166,9.7385892868042,76.56963348388672,2.8309894528907336,-6.401072511779935,-90.29391085232812,3.4455144,10.075795,11.877523,18.412481,-14.311193,-15.000033,-4.8817744,-5.4674287,2.354489,27.923351,-19.512754,13.125708,-5.4215527,1.0680331,14.404131,11.623771,25.125088,-23.639084,27.343674,11.601054,10.6402645,7.4002767,-28.863947,-25.597536,36.465416,-5.69651,-29.1665,19.520744,19.721748
1039,10.257471084594727,9.761526107788086,76.63468933105469,2.867550790657091,-6.364907061176112,-90.4721564381315,4.0348353,9.949796,12.499979,17.311728,-13.9515295,-15.000033,-4.7620535,-5.512484,2.5203793,27.443312,-19.24708,13.223041,-5.2688622,1.0418371,14.285731,10.692404,25.26451,-23.564718,26.912905,11.580925,10.783596,7.2846,-28.009172,-25.833424,37.08767,-5.5161066,-30.437456,19.748425,20.714668
1040,10.331253051757812,9.785006523132324,76.6860580444336,2.8940467844467888,-6.3722137811704584,-90.63883342840906,4.5980167,9.822884,12.998397,16.367226,-13.649212,-15.000033,-4.625231,-5.5514684,2.67982,27.043247,-19.014896,13.292575,-5.1406407,1.0087986,14.203291,9.752956,25.347885,-23.434528,26.524782,11.577388,10.887791,7.1662188,-27.151226,-26.035208,37.66585,-5.269977,-31.58238,19.883863,21.642532
1041,10.411181449890137,9.80270767211914,76.72689056396484,2.914695104240128,-6.4349154200504515,-90.80200573969299,5.1426806,9.693837,13.354526,15.606601,-13.40295,-15.000033,-4.4567986,-5.5850043,2.8425224,26.72378,-18.817362,13.33726,-5.0330796,0.96665573,14.164391,8.815186,25.374846,-23.230452,26.177504,11.597809,10.935773,7.021498,-26.288214,-26.201744,38.207767,-4.963486,-32.620106,19.914455,22.530144
1042,10.489450454711914,9.81432056427002,76.75389862060547,2.935086509125139,-6.538538168855478,-90.96898182084601,5.695199,9.557243,13.627543,14.945044,-13.206114,-15.000033,-4.2766213,-5.61798,3.0143616,26.485947,-18.656273,13.364547,-4.9386635,0.91445214,14.156752,7.8739185,25.345982,-22.951431,25.872797,11.628138,10.945261,6.859165,-25.415508,-26.331678,38.71727,-4.6152606,-33.67195,19.89225,23.461094
1043,10.579690933227539,9.83572769165039,76.76954650878906,2.951776196456744,-6.670795206870025,-91.1200560007938,6.2139425,9.42478,13.825255,14.412762,-13.081988,-15.000033,-4.1028495,-5.654418,3.1759825,26.337013,-18.532875,13.363634,-4.8681765,0.85057586,14.1755295,6.911002,25.263372,-22.631607,25.618177,11.663317,10.940492,6.72637,-24.534609,-26.424704,39.17631,-4.204989,-34.591705,19.822392,24.303835
1044,10.672800064086914,9.852563858032227,76.77539825439453,2.962565476872964,-6.81875948461375,-91.23556175410891,6.6592145,9.3066025,13.955096,14.035956,-13.051646,-15.000033,-3.9535928,-5.698463,3.3080819,26.283768,-18.447613,13.324125,-4.8292394,0.77280396,14.215804,5.904902,25.129698,-22.309225,25.421904,11.697543,10.94594,6.670518,-23.642008,-26.481945,39.562603,-3.7166643,-35.23439,19.717386,24.928062
1045,10.771299362182617,9.873723030090332,76.77131652832031,2.958324930939146,-6.98359388819569,-91.30940351053636,7.0103297,9.217845,13.992358,13.872323,-13.156856,-15.000033,-3.8295422,-5.742443,3.4020834,26.331964,-18.402054,13.223767,-4.8205485,0.6862553,14.277622,4.8490705,24.946861,-21.985596,25.283556,11.736924,10.966459,6.7063146,-22.729431,-26.50442,39.869125,-3.141178,-35.53786,19.564457,25.29588
1046,10.868193626403809,9.90175724029541,76.7579574584961,2.9456189057913913,-7.17113913875484,-91.3528006884562,7.2955656,9.148458,13.944545,13.886635,-13.373697,-15.000033,-3.7226202,-5.787424,3.4698465,26.478218,-18.395676,13.075295,-4.8345017,0.5893944,14.364537,3.7528143,24.71618,-21.643938,25.199211,11.78117,10.989827,6.8082485,-21.79059,-26.491627,40.10322,-2.498784,-35.58966,19.371668,25.47875
1047,10.967769622802734,9.933989524841309,76.73439025878906,2.9419508464055437,-7.375727839349193,-91.37179000418676,7.537804,9.074006,13.86602,13.986861,-13.630358,-15.000033,-3.6344674,-5.8528495,3.5223243,26.707928,-18.423529,12.92058,-4.8702893,0.46819094,14.477019,2.6205378,24.439528,-21.293238,25.169756,11.815608,11.015251,6.963627,-20.837965,-26.444666,40.26773,-1.8080255,-35.46223,19.183527,25.511772
1048,11.068927764892578,9.97830581665039,76.70193481445312,2.9943291786762187,-7.583429085202183,-91.35628705623158,7.7701254,8.892328,13.780458,14.009012,-13.815822,-14.785146,-3.5929675,-6.003332,3.5684786,27.045952,-18.503334,12.813149,-4.939586,0.2806698,14.604466,1.4542667,24.118807,-20.9441,25.196812,11.82521,11.042297,7.1598306,-19.878387,-26.36564,40.361847,-1.0923797,-35.230453,19.042814,25.429312
1049,11.176186561584473,10.026378631591797,76.66526794433594,3.1030363383500967,-7.801712505579381,-91.31172602230565,8.000585,8.625632,13.722732,13.945051,-13.916475,-14.457828,-3.5806653,-6.232908,3.6116872,27.47168,-18.6238,12.759253,-5.03625,0.028770173,14.75941,0.24621873,23.754581,-20.594484,25.281202,11.794495,11.077537,7.416458,-18.913677,-26.254305,40.38952,-0.32479885,-34.78689,18.952038,25.147942
1050,11.298772811889648,10.085390090942383,76.6270523071289,3.2405612332718547,-8.03548331218691,-91.24261991306567,8.2125435,8.320597,13.673787,13.877002,-13.991134,-14.107343,-3.5880575,-6.5110974,3.6481721,27.97523,-18.778309,12.7312355,-5.154214,-0.26583198,14.944354,-0.99993706,23.347849,-20.234598,25.417603,11.735521,11.118923,7.732447,-17.939085,-26.109575,40.34963,0.49222967,-34.133972,18.887157,24.680933
1051,11.42059326171875,10.143573760986328,76.5875015258789,3.3920414503209178,-8.276535653249388,-91.15906143801091,8.391752,8.004006,13.610371,13.857129,-14.081827,-13.753924,-3.623491,-6.811806,3.6791897,28.550676,-18.96363,12.7179785,-5.2859206,-0.58210963,15.14768,-2.2680194,22.902264,-19.867325,25.60026,11.673283,11.152326,8.064644,-16.947262,-25.93394,40.231262,1.2890619,-33.51299,18.85503,24.206562
1052,11.542853355407715,10.204776763916016,76.53953552246094,3.5379214965427397,-8.517131297595617,-91.07079268318287,8.52354,7.7021375,13.509166,13.939048,-14.231089,-13.417724,-3.6935713,-7.107628,3.7059476,29.188501,-19.175074,12.708294,-5.421667,-0.90046453,15.358171,-3.545197,22.423092,-19.499483,25.824648,11.6321945,11.164222,8.369991,-15.929213,-25.733675,40.021397,1.99286,-33.162712,18.869232,23.902617
1053,11.666259765625,10.266793251037598,76.4752426147461,3.6662108390916543,-8.751486836975204,-90.97655063857351,8.599421,7.4225497,13.350566,14.135029,-14.464443,-13.084176,-3.8045518,-7.390605,3.7230203,29.890099,-19.422432,12.704579,-5.557669,-1.2129678,15.571842,-4.828468,21.908535,-19.125149,26.07694,11.609203,11.155961,8.649731,-14.866881,-25.512737,39.704586,2.5917,-33.123867,18.933558,23.770262
1054,11.797028541564941,10.351189613342285,76.39510345458984,3.7915151895603825,-8.9849793509153,-90.87247918908874,8.626544,7.15195,13.150922,14.4230995,-14.757157,-12.748723,-3.9508646,-7.677956,3.7326102,30.658371,-19.70413,12.710651,-5.6958194,-1.5308691,15.79644,-6.1298447,21.35845,-18.744545,26.363955,11.593905,11.133339,8.922596,-13.762469,-25.272646,39.288074,3.1090925,-33.27562,19.04337,23.729935
1055,11.914551734924316,10.442343711853027,76.30296325683594,3.9232822205765223,-9.226047452237566,-90.76336957510817,8.619261,6.8855653,12.941666,14.790373,-15.066871,-12.446549,-4.12353,-7.9740467,3.7456539,31.48855,-19.999556,12.717633,-5.832825,-1.8643802,16.039299,-7.4570184,20.783852,-18.376318,26.706717,11.599461,11.090018,9.170759,-12.630558,-25.016092,38.78631,3.516401,-33.6126,19.202517,23.839365
1056,12.037662506103516,10.531988143920898,76.2052230834961,4.074092959821169,-9.48335677863711,-90.65473655223575,8.59109,6.6181006,12.755456,15.224189,-15.352143,-12.212842,-4.315283,-8.282421,3.7754369,32.38002,-20.289707,12.715261,-5.964119,-2.226842,16.309376,-8.812577,20.202278,-18.040674,27.118225,11.636172,11.020242,9.376376,-11.484421,-24.747427,38.211845,3.7825773,-34.13192,19.412666,24.156918
1057,12.162439346313477,10.629359245300293,76.10145568847656,4.24994589221719,-9.763728602045948,-90.54772334707522,8.527046,6.3447227,12.60095,15.766885,-15.610458,-12.063628,-4.5216393,-8.613442,3.8299062,33.337788,-20.5893,12.706461,-6.0904775,-2.6347399,16.619799,-10.181479,19.617825,-17.717392,27.574327,11.712941,10.921413,9.522701,-10.311652,-24.469275,37.54338,3.8625252,-34.91696,19.677467,24.752462
1058,12.277664184570312,10.731574058532715,75.99630737304688,4.446300975727191,-10.0609576412434,-90.44032714916048,8.42613,6.0678105,12.462322,16.407207,-15.859418,-11.978342,-4.7464204,-8.9628935,3.9011106,34.358803,-20.901,12.694804,-6.2105355,-3.0797834,16.966692,-11.562456,19.029568,-17.405159,28.063913,11.81897,10.797705,9.622535,-9.102557,-24.181692,36.778847,3.7678711,-35.944565,19.983925,25.582035
1059,12.380404472351074,10.85071849822998,75.88955688476562,4.647024353504452,-10.364565697005736,-90.33108367710214,8.315462,5.7932587,12.33398,17.06826,-16.090508,-11.936526,-4.993742,-9.311783,3.9764686,35.426517,-21.18684,12.672495,-6.3145976,-3.540904,17.334982,-12.977764,18.452356,-17.154583,28.616825,11.929771,10.6525135,9.701995,-7.8724227,-23.884565,35.955326,3.5500233,-37.05277,20.31125,26.532728
1060,12.48064136505127,10.977943420410156,75.78240966796875,4.841134269114076,-10.663985498710534,-90.21853901900818,8.224536,5.52676,12.208879,17.669432,-16.294035,-11.916843,-5.2631507,-9.6486025,4.039853,36.51698,-21.405216,12.63458,-6.393638,-4.0014887,17.711676,-14.43811,17.90868,-17.014837,29.24882,12.019211,10.490203,9.7864685,-6.638647,-23.577942,35.107903,3.2610495,-38.078236,20.64621,27.489168
1061,12.576180458068848,11.113981246948242,75.67804718017578,5.037086495771877,-10.960671817248818,-90.10389358421698,8.155462,5.257623,12.091057,18.203909,-16.461462,-11.933826,-5.579599,-9.979179,4.1025805,37.67684,-21.553398,12.544682,-6.4422083,-4.4835024,18.110355,-15.951598,17.411528,-16.995823,29.94978,12.067316,10.307618,9.883661,-5.3889627,-23.257689,34.207428,2.8701296,-39.031418,21.01394,28.496872
1062,12.66059398651123,11.244134902954102,75.58552551269531,5.238316526651912,-11.25873683781197,-89.98750829579906,8.094192,4.985246,11.982623,18.70892,-16.599955,-11.992475,-5.934047,-10.307827,4.168081,38.899086,-21.649729,12.417121,-6.4653025,-4.994814,18.538433,-17.496786,16.958395,-17.07403,30.69409,12.084294,10.104687,9.978065,-4.120737,-22.92086,33.24585,2.3568492,-39.985165,21.40806,29.594942
1063,12.735113143920898,11.375957489013672,75.5019760131836,5.420647316525438,-11.551935250536921,-89.86663522395823,8.046205,4.732254,11.873695,19.170506,-16.722872,-12.056967,-6.279854,-10.615965,4.212051,40.08866,-21.688704,12.319855,-6.4724817,-5.495637,18.974113,-19.04015,16.547256,-17.24609,31.475033,12.087352,9.889403,10.059481,-2.865394,-22.569538,32.290462,1.7874088,-40.86242,21.780718,30.65165
1064,12.807421684265137,11.497093200683594,75.43255615234375,5.56106121436265,-11.833448568858245,-89.73868012508544,8.018703,4.522763,11.7541,19.57257,-16.841946,-12.091047,-6.5721693,-10.884648,4.2090464,41.15432,-21.665886,12.320203,-6.4770384,-5.9461474,19.394407,-20.54488,16.17757,-17.50448,32.284107,12.095681,9.669836,10.11741,-1.6569574,-22.209988,31.411263,1.2315774,-41.581745,22.09172,31.531006
1065,12.872435569763184,11.6205472946167,75.3717269897461,5.647335578596242,-12.104219842666234,-89.59585020225248,8.005351,4.362294,11.610927,19.925533,-16.969448,-12.0636425,-6.821931,-11.10256,4.165451,42.117527,-21.55294,12.440318,-6.4883056,-6.337533,19.807026,-22.024155,15.8513,-17.864046,33.125763,12.087698,9.445408,10.160738,-0.4828285,-21.844015,30.609432,0.6858328,-42.119595,22.345661,32.167538
1066,12.925561904907227,11.72822380065918,75.33087158203125,5.694113450310323,-12.366518368190517,-89.4411626184672,8.006756,4.2392592,11.452118,20.229912,-17.094124,-12.000778,-7.045689,-11.283144,4.089286,43.014004,-21.360712,12.64076,-6.5018296,-6.691465,20.22036,-23.48689,15.566501,-18.320438,33.996586,12.060125,9.213108,10.190146,0.6635519,-21.47258,29.85577,0.12174474,-42.515648,22.569082,32.6393
1067,12.979686737060547,11.828632354736328,75.29808044433594,5.710752949121832,-12.616189898218346,-89.28818744869102,8.035737,4.154006,11.299433,20.4662,-17.198921,-11.951445,-7.2161584,-11.440985,3.9636059,43.792675,-21.15457,12.89326,-6.5122485,-7.010638,20.613968,-24.885918,15.314421,-18.83197,34.87156,12.067735,8.977292,10.182983,1.7452277,-21.101301,29.175203,-0.43182465,-42.77862,22.75498,33.020195
1068,13.019539833068848,11.927414894104004,75.27505493164062,5.70181538481887,-12.849310124977896,-89.14987695438359,8.10579,4.106538,11.174828,20.613403,-17.266024,-11.964802,-7.3036714,-11.590946,3.7692735,44.39778,-20.997635,13.171309,-6.5143666,-7.295584,20.96369,-26.187498,15.090191,-19.367039,35.74259,12.153736,8.741824,10.117745,2.7229292,-20.741346,28.594261,-0.9389281,-42.91787,22.896244,33.384228
1069,13.05564022064209,12.009678840637207,75.26095581054688,5.664032795805225,-13.070591107893394,-89.03821701650494,8.237213,4.1074333,11.093932,20.652344,-17.289911,-12.064739,-7.279078,-11.715382,3.5123599,44.77512,-20.88087,13.601746,-6.505728,-7.5387793,21.278671,-27.379358,14.887764,-19.922356,36.606033,12.362372,8.501819,9.9888735,3.5918353,-20.404179,28.126062,-1.3997309,-42.89628,22.977558,33.740208
1070,13.08099365234375,12.083046913146973,75.2571029663086,5.595862432348866,-13.280164820279671,-88.9436102916922,8.417253,4.1535106,11.041952,20.599022,-17.28095,-12.221094,-7.1658335,-11.811447,3.1979642,44.970325,-20.776884,14.155305,-6.492378,-7.7401185,21.56697,-28.483562,14.702928,-20.508762,37.471325,12.668514,8.257008,9.808382,4.3778386,-20.095743,27.753881,-1.836571,-42.71831,23.01089,34.050045
1071,13.087709426879883,12.140105247497559,75.26605987548828,5.509221060276727,-13.466496767029197,-88.84537235658469,8.607825,4.225192,10.994464,20.487906,-17.245943,-12.402764,-7.008093,-11.920383,2.804151,45.068443,-20.721197,14.574771,-6.468262,-7.902039,21.79873,-29.548271,14.557236,-21.168282,38.37293,12.952557,8.014623,9.583903,5.1048846,-19.817734,27.446117,-2.2532227,-42.456585,23.02902,34.319283
1072,13.084832191467285,12.18356990814209,75.28306579589844,5.420261210295955,-13.618368285724026,-88.72427413580385,8.775303,4.2992315,10.927022,20.34421,-17.186855,-12.578531,-6.84878,-12.084617,2.3093333,45.15187,-20.753822,14.603659,-6.509084,-8.089656,21.976706,-30.346016,14.364172,-21.62913,39.11324,13.466128,7.7960825,9.297888,5.724845,-19.559742,27.250889,-2.6567874,-42.179497,23.059896,34.554485
1073,13.07274055480957,12.216327667236328,75.30812072753906,5.327114401081208,-13.733571009470314,-88.58092569762397,8.921866,4.3797393,10.842983,20.16187,-17.100445,-12.749417,-6.7024207,-12.343719,1.6431345,45.257713,-20.945934,14.040463,-6.4970307,-8.218513,22.039356,-31.248493,14.241443,-22.32782,40.040054,13.750787,7.57957,8.973194,6.322254,-19.329422,27.07817,-3.0197709,-41.881443,23.12625,34.740704
1074,13.05224323272705,12.231304168701172,75.34088134765625,5.225768052343777,-13.817904028049643,-88.4236423646508,9.0645485,4.472702,10.752054,19.92492,-16.983109,-12.928861,-6.540032,-12.664664,0.8380855,45.337624,-21.27268,13.071619,-6.526467,-8.359733,22.046968,-31.94008,14.118971,-22.92588,40.85953,14.208409,7.3773303,8.580872,6.82084,-19.12035,27.016869,-3.3643434,-41.529682,23.200542,34.8841
1075,13.023675918579102,12.250510215759277,75.37491607666016,5.116747023861933,-13.872295239570937,-88.24535219634748,9.178769,4.5748615,10.637847,19.677586,-16.855696,-13.104333,-6.3380523,-12.970253,0.023404056,45.33935,-21.62206,12.021576,-6.5819497,-8.48241,21.991096,-32.51705,14.000161,-23.495478,41.63957,14.668632,7.186455,8.160734,7.2504487,-18.930998,27.009113,-3.6778214,-41.17476,23.266352,35.00543
1076,12.975340843200684,12.256821632385254,75.40904998779297,5.002392028543163,-13.897501083177463,-88.03848117444555,9.23943,4.6809464,10.484263,19.463549,-16.738363,-13.263274,-6.0775905,-13.189315,-0.6727885,45.208504,-21.867287,11.211798,-6.6741004,-8.584829,21.884064,-32.96742,13.878654,-24.00332,42.33766,15.082173,7.0121784,7.741069,7.626388,-18.755293,27.01724,-3.9700131,-40.86638,23.301683,35.129868
1077,12.923238754272461,12.256538391113281,75.4463882446289,4.882142042053852,-13.887261112722673,-87.79015068599925,9.23763,4.7873707,10.276369,19.2765,-16.626326,-13.405228,-5.7487655,-13.32915,-1.2710847,44.939476,-21.950586,10.719799,-6.812057,-8.661157,21.70687,-33.30454,13.761965,-24.48759,42.981136,15.391748,6.8486776,7.3382993,7.9455338,-18.591156,27.045874,-4.2290945,-40.636215,23.29636,35.279144
1078,12.86280345916748,12.245567321777344,75.48404693603516,4.753070564304678,-13.842860434040771,-87.50774955087262,9.187368,4.8966923,10.026209,19.098282,-16.511816,-13.536067,-5.3658943,-13.417776,-1.8231794,44.55651,-21.93946,10.376121,-6.992146,-8.71835,21.462006,-33.515163,13.645834,-24.931816,43.570816,15.664561,6.697337,6.9323616,8.196368,-18.437729,27.11329,-4.451704,-40.452885,23.262299,35.43622
1079,12.790708541870117,12.222335815429688,75.5224609375,4.623767340668521,-13.777565368461737,-87.2165309768383,9.097948,5.0136333,9.758148,18.955643,-16.409939,-13.652928,-4.9515038,-13.418878,-2.2463195,44.052166,-21.886839,10.129556,-7.173287,-8.7531595,21.180397,-33.630856,13.53344,-25.337309,44.09724,15.911632,6.5689487,6.507139,8.406236,-18.291803,27.174665,-4.6544037,-40.272205,23.212835,35.565735
1080,12.713655471801758,12.195804595947266,75.55265808105469,4.4956251188467276,-13.704453915878595,-86.94057876602075,8.978193,5.143174,9.496685,18.875801,-16.336409,-13.752946,-4.5288997,-13.297193,-2.4564824,43.418095,-21.846262,9.928313,-7.3162403,-8.764911,20.89464,-33.675716,13.42721,-25.697517,44.54173,16.152475,6.474634,6.045657,8.601761,-18.147831,27.186718,-4.8563643,-40.050106,23.160645,35.632446
1081,12.62802505493164,12.16766357421875,75.57637023925781,4.378013355172217,-13.619285258202991,-86.68087510555294,8.82418,5.280694,9.243758,18.858986,-16.293165,-13.836398,-4.104769,-12.992867,-2.3165188,42.61543,-21.808094,9.766331,-7.4202447,-8.7624855,20.59997,-33.626995,13.317953,-25.979717,44.878593,16.428482,6.4299965,5.520457,8.786563,-18.001247,27.141901,-5.0688257,-39.783794,23.097576,35.644512
1082,12.52773666381836,12.133214950561523,75.59418487548828,4.263982232086732,-13.51738351308761,-86.42636671136324,8.633367,5.425136,8.98767,18.891653,-16.27175,-13.904444,-3.6677797,-12.548247,-1.9045649,41.663853,-21.750328,9.662165,-7.493078,-8.73978,20.279428,-33.502575,13.21125,-26.227074,45.144394,16.69027,6.4230323,4.9506364,8.952355,-17.85156,27.053883,-5.275452,-39.49563,23.020237,35.61533
1083,12.425569534301758,12.090435981750488,75.61072540283203,4.146613997452647,-13.41199387696036,-86.18369909765185,8.417797,5.5846643,8.732531,18.980658,-16.272865,-13.955163,-3.2116072,-12.079279,-1.4614776,40.636173,-21.707388,9.604113,-7.5383897,-8.69198,19.959084,-33.31599,13.109686,-26.43888,45.35435,16.93385,6.428797,4.3803496,9.080358,-17.69842,26.938047,-5.4503074,-39.178913,22.94665,35.518597
1084,12.320230484008789,12.050095558166504,75.62117004394531,4.0163885930330485,-13.316276942354543,-85.95986245297799,8.189005,5.7682095,8.482103,19.13295,-16.29724,-13.986627,-2.7334504,-11.693149,-1.2316447,39.60317,-21.713606,9.587289,-7.5615635,-8.614636,19.664303,-33.077522,13.013122,-26.607964,45.522186,17.161732,6.423318,3.853379,9.148907,-17.542969,26.811228,-5.565251,-38.827267,22.894922,35.328423
1085,12.222484588623047,12.00704288482666,75.6280517578125,3.8785553672079947,-13.222297902819685,-85.75350875314074,7.929081,5.971091,8.234123,19.365738,-16.348013,-14.000599,-2.2118196,-11.430921,-1.3052411,38.510685,-21.808258,9.667851,-7.55268,-8.506079,19.385342,-32.804096,12.932763,-26.753948,45.644577,17.342312,6.4024477,3.344084,9.173077,-17.38402,26.654972,-5.6343155,-38.40202,22.877214,35.01821
1086,12.118597030639648,11.962480545043945,75.62977600097656,3.7342077848882167,-13.126664926488417,-85.5618899116245,7.6393237,6.1902614,7.987099,19.66803,-16.42274,-13.997122,-1.6521331,-11.22291,-1.5478561,37.335907,-21.957773,9.837485,-7.5230207,-8.375207,19.116825,-32.457912,12.862855,-26.838718,45.69107,17.520533,6.3808036,2.83796,9.14687,-17.22082,26.476654,-5.662123,-37.91937,22.878782,34.60867
1087,11.997184753417969,11.914204597473145,75.64036560058594,3.5698992555329148,-13.049036586112331,-85.38970357901148,7.3570123,6.440846,7.74603,20.011156,-16.517075,-13.972791,-1.0930133,-11.008137,-1.8675604,36.19591,-22.087296,9.995555,-7.442953,-8.1950655,18.8683,-32.162663,12.846187,-27.049337,45.790318,17.503273,6.35096,2.417637,9.082092,-17.058353,26.273304,-5.6207194,-37.45201,22.880949,34.141384
1088,11.883720397949219,11.873762130737305,75.65325164794922,3.3710946694169484,-13.009176278525592,-85.24005787044392,7.1215215,6.7352786,7.5160356,20.361122,-16.623865,-13.92414,-0.57911116,-10.731335,-2.1679015,35.219036,-22.1298,10.033586,-7.371395,-7.9860764,18.682083,-31.7746,12.84655,-27.207699,45.848938,17.498335,6.3229475,2.1363761,8.914424,-16.899336,26.117908,-5.4765787,-37.074238,22.862751,33.662594
1089,11.774292945861816,11.834224700927734,75.67279052734375,3.119698103304389,-13.019264858139893,-85.11348253975936,6.9352274,7.099746,7.2944045,20.743052,-16.755108,-13.84983,-0.12808695,-10.371842,-2.4526322,34.47192,-22.066711,9.882534,-7.281262,-7.7118187,18.563993,-31.373093,12.871778,-27.415976,45.94298,17.37456,6.2815957,2.0422482,8.669621,-16.746948,25.983559,-5.228064,-36.79248,22.817705,33.170662
1090,11.666057586669922,11.79061222076416,75.69865417480469,2.8259225495314317,-13.066576366709315,-85.00700723836344,6.7808213,7.5214415,7.078741,21.159468,-16.90776,-13.75212,0.28336963,-9.961199,-2.7627568,33.877254,-21.935614,9.609263,-7.1710486,-7.3829064,18.49968,-30.94766,12.922742,-27.655704,46.0463,17.154327,6.2310905,2.0899487,8.357283,-16.601904,25.857248,-4.894337,-36.57196,22.756834,32.647263
1091,11.556838035583496,11.75361156463623,75.72756958007812,2.518697214051848,-13.133429042363456,-84.92134737777496,6.659552,7.9582515,6.8742948,21.561619,-17.063223,-13.632327,0.6662534,-9.528927,-3.0536666,33.361294,-21.762774,9.305716,-7.057729,-7.037462,18.465712,-30.485865,12.995633,-27.895603,46.15263,16.915333,6.192607,2.2233517,7.9593563,-16.468184,25.768847,-4.472228,-36.421307,22.694761,32.104965
1092,11.453527450561523,11.719306945800781,75.76293182373047,2.2302991092102356,-13.202624707848384,-84.85744656168615,6.5802283,8.365878,6.6882,21.887661,-17.195158,-13.491565,1.0415652,-9.105949,-3.2827487,32.833775,-21.565407,9.065549,-6.9582753,-6.7138968,18.43893,-29.975285,13.084967,-28.102236,46.256382,16.736202,6.187723,2.3865519,7.4583125,-16.351543,25.748446,-3.9597964,-36.347946,22.646555,31.555285
1093,11.35500717163086,11.683085441589355,75.80187225341797,1.958171784272324,-13.27769065562177,-84.81770266186925,6.541984,8.746272,6.5165253,22.1471,-17.311134,-13.308121,1.412644,-8.684048,-3.4319336,32.286255,-21.329079,8.91331,-6.8899674,-6.4189143,18.436506,-29.35161,13.16485,-28.17974,46.30983,16.721037,6.2319937,2.5951788,6.8154325,-16.25684,25.821966,-3.3332305,-36.32578,22.619919,30.962513
1094,11.263375282287598,11.667708396911621,75.83793640136719,1.6878049860002167,-13.365669712301537,-84.80102369219392,6.54069,9.119715,6.3583336,22.366844,-17.422161,-13.088885,1.7723184,-8.25275,-3.5269403,31.756979,-21.0481,8.79941,-6.8044267,-6.110064,18.447147,-28.775381,13.277301,-28.340593,46.4445,16.613058,6.301448,2.8824024,6.0866933,-16.18816,25.937855,-2.6083333,-36.356388,22.609915,30.329521
1095,11.179259300231934,11.651483535766602,75.87698364257812,1.4397580213790555,-13.453975424685977,-84.80345093903665,6.5804744,9.463118,6.226799,22.512968,-17.507057,-12.877734,2.1178656,-7.8441405,-3.586974,31.243818,-20.763584,8.706359,-6.724367,-5.8181357,18.457375,-28.174656,13.421268,-28.512503,46.586025,16.509674,6.3858275,3.1793923,5.306682,-16.143282,26.097597,-1.8457469,-36.491417,22.60691,29.733643
1096,11.094012260437012,11.623885154724121,75.91927337646484,1.2367845217763747,-13.53061765418975,-84.82237701184202,6.6644015,9.754056,6.1360183,22.55536,-17.547083,-12.716831,2.4453537,-7.4906836,-3.6312404,30.745535,-20.51714,8.616466,-6.6737676,-5.571227,18.450184,-27.478386,13.570398,-28.6029,46.67597,16.533012,6.4749694,3.418745,4.5045376,-16.118496,26.30681,-1.0965687,-36.782425,22.604057,29.250134
1097,11.013993263244629,11.588754653930664,75.96031951904297,1.0965360411872294,-13.586707970873885,-84.86690824774429,6.801222,9.971427,6.098682,22.464874,-17.532759,-12.619271,2.7359242,-7.2133026,-3.6506257,30.279213,-20.329185,8.528381,-6.6332736,-5.3739853,18.404062,-26.735716,13.725807,-28.660742,46.768677,16.648977,6.5793405,3.6097343,3.680942,-16.115929,26.563799,-0.34605315,-37.276947,22.599174,28.891893
1098,10.950989723205566,11.554079055786133,75.99894714355469,1.0029435588261773,-13.630903227994347,-84.9354818565071,6.987424,10.131644,6.105552,22.265713,-17.476067,-12.561024,2.996411,-6.992523,-3.639877,29.8423,-20.175594,8.449665,-6.602086,-5.2141886,18.337349,-25.941484,13.8844185,-28.67859,46.857426,16.852486,6.702245,3.777517,2.8212469,-16.13527,26.870243,0.419251,-37.93561,22.597471,28.62067
1099,10.895145416259766,11.521933555603027,76.0344009399414,0.9283566286847229,-13.676674446589601,-85.00920434143518,7.206877,10.26994,6.1356845,22.011179,-17.39102,-12.533063,3.2617457,-6.7975473,-3.62412,29.403198,-20.030071,8.375766,-6.5853496,-5.0684066,18.26621,-25.130503,14.048822,-28.706078,46.961193,17.061567,6.810071,3.8967118,1.9622772,-16.171202,27.197578,1.1624063,-38.680584,22.605255,28.433416
1100,10.825358390808105,11.498344421386719,76.06599426269531,0.8428300066535733,-13.737530009660606,-85.06856773913465,7.443657,10.421514,6.168083,21.75329,-17.291164,-12.526253,3.5672355,-6.5970573,-3.628504,28.928658,-19.865963,8.302578,-6.5867453,-4.9147997,18.207119,-24.334072,14.2224,-28.791195,47.09556,17.199404,6.869522,3.9424908,1.1408134,-16.214987,27.514883,1.8475662,-39.4366,22.626968,28.328476
1101,10.770858764648438,11.456181526184082,76.10385131835938,0.7453277996506306,-13.819939078820907,-85.1091273251749,7.7106915,10.585392,6.204191,21.482357,-17.169636,-12.544575,3.9283938,-6.393941,-3.6605282,28.408459,-19.679998,8.234209,-6.6032805,-4.756117,18.156782,-23.57418,14.41488,-28.974958,47.288635,17.235607,6.872642,3.897386,0.35852212,-16.262594,27.81866,2.476086,-40.255283,22.66157,28.345924
1102,10.711106300354004,11.41559886932373,76.1415786743164,0.6508344178151436,-13.91582887827209,-85.14080705923587,8.01132,10.746032,6.2530622,21.17802,-17.022652,-12.590717,4.323481,-6.2010965,-3.7061954,27.862251,-19.48601,8.170781,-6.6356163,-4.606229,18.111698,-22.807415,14.621617,-29.200256,47.503357,17.24231,6.838239,3.7765267,-0.4050533,-16.311966,28.12282,3.0639212,-41.15577,22.703434,28.475502
1103,10.651224136352539,11.371530532836914,76.1832504272461,0.5478043319260618,-14.016845477875655,-85.16648046287739,8.315947,10.917238,6.3046913,20.876482,-16.868105,-12.652603,4.7361774,-6.0009465,-3.758417,27.294342,-19.278856,8.10317,-6.6779017,-4.4495025,18.073318,-22.066057,14.844514,-29.478846,47.747635,17.169264,6.767723,3.6129227,-1.1446649,-16.359509,28.411692,3.6210318,-42.015724,22.75052,28.63689
1104,10.606759071350098,11.331376075744629,76.22428894042969,0.423932484819437,-14.114809870331635,-85.18854440637345,8.593655,11.112971,6.3490987,20.615221,-16.724493,-12.718517,5.1480455,-5.776331,-3.8101175,26.712782,-19.054085,8.022675,-6.7254844,-4.274098,18.046661,-21.356106,15.079566,-29.795408,48.006134,17.000792,6.6645527,3.4373624,-1.8547634,-16.399952,28.669851,4.151556,-42.712704,22.803259,28.751478
1105,10.561779975891113,11.28842544555664,76.26356506347656,0.26548566538123675,-14.21597529150288,-85.2076137314502,8.847797,11.351786,6.3849707,20.403519,-16.591736,-12.792348,5.5777698,-5.507313,-3.8636703,26.091284,-18.799288,7.922341,-6.7783203,-4.0677934,18.037584,-20.689852,15.326729,-30.17059,48.302326,16.669924,6.5109267,3.25877,-2.5416155,-16.429932,28.897606,4.6660633,-43.23538,22.87029,28.82662
1106,10.506587028503418,11.251709938049316,76.3048095703125,0.08275514787826592,-14.321844818539551,-85.22226234375577,9.091998,11.621001,6.417415,20.22028,-16.461176,-12.8778305,6.0287995,-5.207869,-3.9210927,25.43245,-18.518503,7.8091955,-6.837881,-3.8418386,18.041016,-20.056686,15.585343,-30.598755,48.634174,16.214325,6.312926,3.0592515,-3.2089984,-16.448513,29.100874,5.165421,-43.643986,22.94871,28.895622
1107,10.462019920349121,11.216409683227539,76.34142303466797,-0.10276920923590797,-14.416997439349206,-85.23176980686948,9.310632,11.88914,6.4455495,20.059553,-16.33935,-12.963903,6.460805,-4.9103236,-3.9758003,24.784664,-18.237816,7.695763,-6.9006343,-3.615978,18.0424,-19.44792,15.851444,-31.045763,48.967754,15.750671,6.107814,2.8323472,-3.8481164,-16.454609,29.273956,5.6450715,-43.922287,23.024569,28.916885
1108,10.420279502868652,11.193921089172363,76.37262725830078,-0.2652849997982737,-14.486468526927322,-85.23677778778227,9.490463,12.124143,6.4688473,19.908691,-16.228903,-13.039347,6.8352623,-4.6473308,-4.021729,24.19244,-17.981344,7.5946484,-6.963379,-3.4101837,18.02728,-18.852633,16.118168,-31.473965,49.268234,15.400221,5.932208,2.5725694,-4.451021,-16.44763,29.411692,6.100962,-44.05372,23.0841,28.848652
1109,10.376848220825195,11.176809310913086,76.40093994140625,-0.4039788413918472,-14.519529993300607,-85.23560908116391,9.614678,12.322165,6.485379,19.773155,-16.135586,-13.104453,7.132568,-4.4235845,-4.0572543,23.671728,-17.756598,7.506875,-7.0263486,-3.2248824,17.984928,-18.277048,16.38179,-31.885296,49.538902,15.193016,5.7903805,2.260655,-5.020726,-16.427095,29.509869,6.5423503,-44.0057,23.125982,28.662193
1110,10.345255851745605,11.153409957885742,76.42996978759766,-0.529693108310959,-14.526425507254693,-85.22894361505273,9.69436,12.498948,6.4954896,19.655807,-16.055595,-13.16416,7.377094,-4.2225747,-4.0867796,23.196367,-17.549896,7.4269285,-7.090881,-3.050259,17.92444,-17.721416,16.640175,-32.290306,49.79542,15.0730095,5.664158,1.9065174,-5.5611157,-16.392715,29.572758,6.9704227,-43.796116,23.15607,28.385227
1111,10.32517147064209,11.131216049194336,76.45281219482422,-0.6400400225964327,-14.522380617570347,-85.21974475033522,9.756236,12.651433,6.502305,19.543453,-15.979269,-13.214396,7.5926805,-4.046882,-4.113156,22.755373,-17.357725,7.357114,-7.154583,-2.889316,17.857954,-17.189096,16.892769,-32.689747,50.04231,15.001977,5.5544214,1.5507954,-6.06671,-16.346056,29.60885,7.37522,-43.485558,23.17188,28.060204
1112,10.313732147216797,11.109397888183594,76.47515106201172,-0.7347556569530508,-14.522610398746805,-85.2104085515922,9.827633,12.77682,6.5090938,19.421926,-15.896571,-13.250879,7.8031387,-3.898543,-4.139222,22.337317,-17.176569,7.2992043,-7.216548,-2.7459857,17.79933,-16.668442,17.136776,-33.067276,50.27048,14.961184,5.4629498,1.2328721,-6.5320535,-16.289465,29.627146,7.7428102,-43.133022,23.171278,27.729961
1113,10.307291984558105,11.089306831359863,76.49539947509766,-0.8084340724350062,-14.531640447473531,-85.19903670063296,9.912367,12.86849,6.513072,19.293077,-15.805903,-13.26915,8.016345,-3.7846797,-4.168013,21.9394,-17.007517,7.2550983,-7.280325,-2.6246927,17.749659,-16.16045,17.37144,-33.43003,50.47505,14.978104,5.3977404,0.94501394,-6.9532356,-16.225273,29.62581,8.069467,-42.717575,23.144966,27.39913
1114,10.30052661895752,11.069628715515137,76.51615142822266,-0.8650754773570299,-14.5411304495153,-85.1847559874749,10.001379,12.9293165,6.5148745,19.152891,-15.709251,-13.272779,8.217499,-3.7023325,-4.1972194,21.57048,-16.853214,7.2229843,-7.3450646,-2.5213199,17.702974,-15.668961,17.596317,-33.78176,50.660778,15.0543375,5.354539,0.6723863,-7.3323073,-16.154215,29.601366,8.359771,-42.219482,23.095535,27.047915
1115,10.298492431640625,11.05197811126709,76.53730773925781,-0.9096801441325744,-14.54748598898572,-85.17344011802892,10.08599,12.972598,6.518775,19.013266,-15.613557,-13.269434,8.400896,-3.638416,-4.2222605,21.228464,-16.70754,7.1992726,-7.404555,-2.426885,17.660599,-15.1941185,17.809578,-34.108418,50.841824,15.122499,5.3170357,0.4440434,-7.67429,-16.076992,29.563168,8.616293,-41.701107,23.040667,26.681389
1116,10.305130004882812,11.038805961608887,76.55681610107422,-0.9521540276171546,-14.546902394491335,-85.17033700299082,10.162943,13.010736,6.5303884,18.875172,-15.521626,-13.266804,8.5599575,-3.5800219,-4.238,20.91191,-16.56493,7.180617,-7.4531865,-2.3317893,17.624437,-14.733152,18.008142,-34.39202,51.029343,15.118688,5.269577,0.2888081,-7.9828453,-15.99267,29.52079,8.839237,-41.224064,22.998764,26.303791
1117,10.31900691986084,11.031523704528809,76.57421112060547,-0.9921809704819654,-14.539625196726751,-85.17799638031565,10.23224,13.04592,6.5504446,18.739399,-15.43457,-13.267843,8.692297,-3.5248332,-4.2433414,20.624437,-16.424927,7.166527,-7.4898305,-2.2332745,17.5964,-14.2908125,18.190056,-34.637905,51.23265,15.010043,5.2018123,0.23112,-8.256279,-15.899932,29.475061,9.02161,-40.78714,22.984657,25.895111
1118,10.333028793334961,11.023173332214355,76.5931396484375,-1.0274207999324738,-14.526989540477231,-85.19281993887493,10.297287,13.071757,6.576706,18.601105,-15.350067,-13.268391,8.801526,-3.479195,-4.241094,20.365463,-16.290297,7.1586137,-7.5176406,-2.1361716,17.574478,-13.864973,18.353945,-34.850014,51.444263,14.839561,5.1243105,0.24998449,-8.494589,-15.798323,29.422138,9.167278,-40.362877,22.985044,25.45963
1119,10.351475715637207,11.016592025756836,76.61042022705078,-1.05490636851691,-14.508080821507775,-85.21295669659243,10.354616,13.088016,6.608899,18.464125,-15.267818,-13.264476,8.889406,-3.443805,-4.2317214,20.129679,-16.160965,7.157286,-7.537846,-2.0425832,17.55366,-13.455132,18.499699,-35.021385,51.661175,14.641404,5.052257,0.30670327,-8.705507,-15.688351,29.366434,9.295717,-39.97376,22.97823,25.037518
1120,10.366942405700684,11.009600639343262,76.62894439697266,-1.0766574240014395,-14.481641007149776,-85.23619465261041,10.402893,13.094355,6.6472335,18.32692,-15.186621,-13.252516,8.9576,-3.419181,-4.216178,19.911835,-16.037136,7.1627073,-7.552832,-1.9553795,17.528978,-13.055963,18.62769,-35.140083,51.87702,14.45397,5.00117,0.3624824,-8.899554,-15.571835,29.314173,9.428587,-39.641735,22.943493,24.66975
1121,10.388614654541016,11.009807586669922,76.64752960205078,-1.0895524213505898,-14.438895969888204,-85.26066098204274,10.429521,13.08745,6.689756,18.191145,-15.107852,-13.227987,8.993477,-3.408569,-4.1947947,19.715725,-15.918068,7.1780357,-7.565503,-1.8735539,17.495539,-12.662566,18.736229,-35.18738,52.080307,14.288998,4.9816003,0.40534145,-9.075515,-15.450423,29.26073,9.561022,-39.39581,22.863426,24.37211
1122,10.421039581298828,11.010902404785156,76.66744995117188,-1.0945817455189821,-14.383291618653438,-85.287660011938,10.437211,13.068966,6.736595,18.06072,-15.033521,-13.194156,8.99931,-3.4108267,-4.167108,19.544497,-15.80513,7.202172,-7.5746665,-1.796037,17.45726,-12.279527,18.824825,-35.17594,52.27856,14.123769,4.9827676,0.45641872,-9.229529,-15.32443,29.20656,9.68414,-39.215725,22.754866,24.121346
1123,10.4512300491333,11.01179313659668,76.68551635742188,-1.0962378930582815,-14.331808321053241,-85.32088468564959,10.454027,13.045107,6.7924757,17.926012,-14.958004,-13.158455,9.003039,-3.419139,-4.1325445,19.384771,-15.697232,7.228808,-7.576041,-1.7248514,17.42396,-11.911283,18.8963,-35.134842,52.48633,13.952061,4.989392,0.526587,-9.363697,-15.192293,29.162638,9.808854,-39.05127,22.647802,23.899414
1124,10.48013687133789,11.016878128051758,76.6979751586914,-1.0937567082789308,-14.301635983125728,-85.36414472138154,10.506757,13.022099,6.8621516,17.779753,-14.876846,-13.128572,9.03158,-3.4273028,-4.0904694,19.224804,-15.59415,7.251812,-7.5656424,-1.6626493,17.405653,-11.560447,18.955935,-35.09247,52.715855,13.767605,4.985841,0.6262406,-9.480616,-15.050534,29.140041,9.946383,-38.852093,22.571703,23.688057
1125,10.506046295166016,11.020281791687012,76.71000671386719,-1.0882524813480259,-14.300972962090276,-85.42048377877549,10.610362,13.000118,6.9510074,17.615946,-14.785982,-13.107075,9.094325,-3.4355376,-4.038395,19.06614,-15.499133,7.268313,-7.5395994,-1.6140587,17.407133,-11.224653,19.008053,-35.049603,52.964928,13.562769,4.9709945,0.7627022,-9.5799055,-14.895168,29.144552,10.100856,-38.577297,22.542856,23.469479
1126,10.53577709197998,11.017756462097168,76.72331237792969,-1.078444659142371,-14.319437687401363,-85.48704044247945,10.747473,12.9760475,7.054944,17.440622,-14.689216,-13.089582,9.173913,-3.4470239,-3.9773712,18.91843,-15.412161,7.281913,-7.502177,-1.5783458,17.42275,-10.897964,19.053755,-34.990448,53.2223,13.344171,4.9520497,0.92815393,-9.664214,-14.724626,29.17034,10.269962,-38.262974,22.542326,23.257357
1127,10.567851066589355,11.00678539276123,76.7376480102539,-1.068311950691532,-14.346610993195057,-85.55893111362381,10.8970375,12.951699,7.1647563,17.264732,-14.593875,-13.07366,9.265843,-3.4588108,-3.9119663,18.76376,-15.325248,7.296415,-7.4617867,-1.5492332,17.44581,-10.583338,19.094172,-34.92495,53.49005,13.12027,4.9260826,1.1107622,-9.739773,-14.539462,29.210573,10.454551,-37.975506,22.546843,23.080925
1128,10.601733207702637,10.995567321777344,76.7516860961914,-1.0608546005449082,-14.371907423115811,-85.63091602217615,11.036325,12.928989,7.2709923,17.102499,-14.50892,-13.056945,9.357728,-3.4681602,-3.846565,18.599995,-15.2321615,7.315214,-7.425278,-1.5202692,17.469585,-10.284686,19.129946,-34.86427,53.771576,12.899619,4.8903284,1.2987185,-9.811287,-14.34216,29.256493,10.653638,-37.780293,22.533487,22.969639
1129,10.636030197143555,10.987627029418945,76.76465606689453,-1.0597443743435286,-14.395359943639548,-85.69997513137676,11.163215,12.910667,7.370433,16.956688,-14.437311,-13.041059,9.45509,-3.4721222,-3.783528,18.416277,-15.128274,7.3398633,-7.3949823,-1.4877954,17.496489,-10.003631,19.16126,-34.813023,54.07052,12.679227,4.833174,1.4978863,-9.872941,-14.1334095,29.30471,10.858175,-37.72108,22.49372,22.947132
1130,10.676777839660645,10.989317893981934,76.7769546508789,-1.0625479639025392,-14.42161293885269,-85.76981137888686,11.287952,12.894562,7.4681787,16.820902,-14.374624,-13.026519,9.559506,-3.4731643,-3.7199357,18.220947,-15.018206,7.3682337,-7.3662,-1.4562749,17.528547,-9.738958,19.18828,-34.766735,54.384903,12.455466,4.759608,1.7115024,-9.924173,-13.914077,29.35957,11.071631,-37.753887,22.440956,22.992657
1131,10.720585823059082,10.99396800994873,76.78972625732422,-1.065741403610571,-14.447035371820567,-85.8434594237539,11.408505,12.877026,7.5680003,16.692814,-14.317212,-13.009418,9.657384,-3.4760494,-3.652506,18.033453,-14.909809,7.3983374,-7.3345366,-1.4284776,17.561005,-9.486962,19.21024,-34.718674,54.70324,12.240388,4.6921687,1.9234577,-9.969677,-13.685315,29.421574,11.298743,-37.812103,22.385782,23.069084
1132,10.760541915893555,10.99972152709961,76.80088806152344,-1.0635773124802488,-14.467982891912238,-85.92506184398755,11.522889,12.853697,7.6737204,16.569838,-14.261683,-12.985776,9.740117,-3.4853084,-3.5780613,17.861774,-14.808785,7.4284415,-7.2959695,-1.4078314,17.588402,-9.244568,19.225903,-34.662567,55.015957,12.045662,4.6537027,2.1180584,-10.017317,-13.450171,29.49266,11.54872,-37.829407,22.339098,23.139992
1133,10.809932708740234,11.006081581115723,76.81201934814453,-1.0557135426571806,-14.48409635015821,-86.01641776174648,11.630932,12.82434,7.7868814,16.4532,-14.207601,-12.953874,9.79918,-3.5020673,-3.4949713,17.723022,-14.720114,7.4568553,-7.2459664,-1.3947304,17.609762,-9.012871,19.233093,-34.594006,55.32231,11.878612,4.6615157,2.297115,-10.064368,-13.210852,29.572598,11.819659,-37.782795,22.300743,23.200048
1134,10.859644889831543,11.014982223510742,76.82239532470703,-1.045553167576744,-14.496985780818886,-86.11525401958743,11.734242,12.790799,7.9052835,16.341917,-14.155719,-12.916065,9.8430395,-3.5238538,-3.405067,17.603802,-14.639231,7.4850683,-7.1875973,-1.3862647,17.628313,-8.794777,19.231194,-34.518333,55.62867,11.730579,4.6997905,2.467388,-10.105823,-12.967623,29.660484,12.10448,-37.70828,22.26625,23.267149
1135,10.906243324279785,11.021543502807617,76.8316421508789,-1.032775674158359,-14.50609902657554,-86.21888515565841,11.831909,12.752387,8.0273905,16.234509,-14.106875,-12.874538,9.87377,-3.5506327,-3.3103733,17.498499,-14.56145,7.515364,-7.1280894,-1.3820825,17.64419,-8.58817,19.221872,-34.44068,55.934635,11.5929985,4.74178,2.6207995,-10.147254,-12.721863,29.757483,12.407268,-37.629723,22.239563,23.33995
1136,10.95641040802002,11.02087688446045,76.84215545654297,-1.0167276592222052,-14.51064208832256,-86.32448891359837,11.923786,12.707921,8.151773,16.127317,-14.060542,-12.831306,9.890888,-3.582909,-3.2126243,17.406904,-14.48536,7.5500164,-7.07447,-1.3809812,17.658453,-8.391406,19.208738,-34.36843,56.237442,11.454109,4.760695,2.7489197,-10.1911,-12.473856,29.86401,12.726598,-37.568764,22.225077,23.416658
1137,11.010762214660645,11.030094146728516,76.85149383544922,-0.9971129743900445,-14.508758485359936,-86.42920634544134,12.007857,12.65507,8.275645,16.01762,-14.015268,-12.787147,9.89434,-3.6225333,-3.1137042,17.324877,-14.407612,7.591688,-7.03315,-1.383065,17.671318,-8.199257,19.194464,-34.296463,56.529076,11.323549,4.7505646,2.8379064,-10.240604,-12.223678,29.984747,13.06487,-37.539898,22.235138,23.501423
1138,11.07357406616211,11.038829803466797,76.86148834228516,-0.9743174176810379,-14.5010733965235,-86.53515165973835,12.084625,12.594946,8.400538,15.908402,-13.97218,-12.740879,9.883734,-3.6690145,-3.0121934,17.25469,-14.330459,7.638633,-6.999317,-1.3893212,17.683187,-8.011823,19.17996,-34.22262,56.808777,11.202697,4.72542,2.8954947,-10.291821,-11.970918,30.118132,13.418889,-37.528465,22.263712,23.59361
1139,11.135347366333008,11.049797058105469,76.8704833984375,-0.9496537681985836,-14.491536350620246,-86.64722796234636,12.160585,12.532087,8.531749,15.799193,-13.931312,-12.691886,9.86147,-3.7176619,-2.9048743,17.199768,-14.257361,7.686223,-6.963396,-1.4009001,17.694643,-7.8331637,19.166166,-34.156116,57.084793,11.070689,4.689252,2.945608,-10.342467,-11.717014,30.256552,13.786887,-37.51288,22.286777,23.684309
1140,11.194604873657227,11.061396598815918,76.87999725341797,-0.9231319637240362,-14.483977564882036,-86.77070045529138,12.240834,12.471474,8.674198,15.692986,-13.894442,-12.639637,9.829201,-3.7644265,-2.788675,17.16448,-14.192295,7.7300143,-6.9143662,-1.4181476,17.707155,-7.6693277,19.15395,-34.108627,57.36605,10.905202,4.645435,3.0122862,-10.385035,-11.463466,30.390238,14.161273,-37.472023,22.280115,23.7646
1141,11.249286651611328,11.0744047164917,76.88742065429688,-0.8955940460900633,-14.47807326694626,-86.9091621525744,12.330895,12.414203,8.832332,15.581066,-13.858908,-12.582168,9.786916,-3.8072321,-2.6610978,17.146593,-14.134026,7.770361,-6.8468437,-1.4411179,17.71943,-7.5225077,19.143864,-34.08546,57.657516,10.683284,4.5882063,3.1094,-10.414355,-11.211119,30.51535,14.536701,-37.397827,22.22996,23.842133
1142,11.306354522705078,11.085219383239746,76.89424133300781,-0.8649955743412149,-14.472006547384868,-87.05923572357024,12.421636,12.35852,9.001371,15.474932,-13.827446,-12.520246,9.733038,-3.848582,-2.524634,17.146273,-14.08205,7.8090725,-6.7665744,-1.4695833,17.731419,-7.3895755,19.135977,-34.08072,57.953407,10.422399,4.5176277,3.2214153,-10.434552,-10.96125,30.63689,14.917074,-37.301968,22.15163,23.91873
1143,11.371819496154785,11.098125457763672,76.9017105102539,-0.8328832744389183,-14.468039096114655,-87.21526451579466,12.514924,12.301701,9.176165,15.370867,-13.799229,-12.457711,9.670959,-3.8904328,-2.382397,17.163048,-14.03615,7.8441057,-6.678722,-1.5029229,17.747675,-7.268762,19.130047,-34.08879,58.244823,10.161373,4.4464874,3.3283868,-10.4484825,-10.714795,30.756466,15.303566,-37.194164,22.06433,23.976568
1144,11.435319900512695,11.114959716796875,76.9087142944336,-0.7987755054473935,-14.468065823026816,-87.37204840449597,12.609954,12.241163,9.351447,15.270413,-13.774962,-12.398257,9.603068,-3.935222,-2.2375762,17.198042,-13.997,7.873571,-6.588651,-1.54093,17.77241,-7.158534,19.125742,-34.103786,58.524002,9.93917,4.3879337,3.4106777,-10.46168,-10.473465,30.87649,15.700548,-37.082417,21.987438,23.99751
1145,11.494284629821777,11.132390022277832,76.91503143310547,-0.7634433047330387,-14.474630587647683,-87.52961277833823,12.710761,12.176704,9.527714,15.171582,-13.755984,-12.343346,9.530205,-3.982445,-2.0899088,17.25549,-13.9650345,7.891635,-6.4962807,-1.5830643,17.807934,-7.058623,19.12297,-34.127403,58.789963,9.772006,4.344524,3.455926,-10.475452,-10.238927,31.000847,16.109146,-36.969048,21.92535,23.976334
1146,11.561452865600586,11.149179458618164,76.92060852050781,-0.7258516438428639,-14.485855374896598,-87.6905600961011,12.817114,12.109441,9.707408,15.072662,-13.740668,-12.290919,9.450667,-4.0312963,-1.9381741,17.333786,-13.940177,7.9010096,-6.399191,-1.6291351,17.852165,-6.9694414,19.121634,-34.160984,59.0455,9.63791,4.309871,3.477069,-10.486049,-10.011579,31.127329,16.524433,-36.84826,21.867859,23.922667
1147,11.630155563354492,11.172943115234375,76.92221069335938,-0.6861674509337611,-14.49752968223622,-87.85243855070195,12.920596,12.038977,9.887008,14.977758,-13.726417,-12.239171,9.364886,-4.0828533,-1.7837952,17.421959,-13.919935,7.9124193,-6.2997103,-1.679428,17.901745,-6.8924627,19.121632,-34.20035,59.291573,9.515262,4.2834845,3.4925876,-10.490641,-9.791405,31.249672,16.944046,-36.721043,21.812605,23.841497
1148,11.691579818725586,11.192071914672852,76.92230987548828,-0.6436037971585792,-14.505265072737599,-88.01342699989584,13.010477,11.965747,10.06235,14.895728,-13.712951,-12.186487,9.271075,-4.1383924,-1.6282252,17.514072,-13.904737,7.9367065,-6.200005,-1.7342762,17.953606,-6.8263445,19.122318,-34.237007,59.526566,9.387251,4.2646728,3.5206563,-10.486228,-9.577733,31.361403,17.36401,-36.58793,21.757109,23.737736
1149,11.753092765808105,11.214912414550781,76.9238052368164,-0.5970276734062614,-14.503670554233977,-88.1788255534004,13.082076,11.889275,10.237596,14.823123,-13.69432,-12.1333065,9.1613865,-4.197826,-1.465702,17.60849,-13.892836,7.977471,-6.09594,-1.793916,18.00575,-6.77718,19.124027,-34.273743,59.75262,9.240607,4.2579703,3.5719917,-10.474242,-9.369431,31.46158,17.787298,-36.44283,21.701366,23.598783
1150,11.816802978515625,11.24068832397461,76.92323303222656,-0.5472402168715536,-14.496443050498577,-88.34778003077462,13.14091,11.809938,10.4131365,14.75911,-13.673692,-12.080224,9.03804,-4.260432,-1.297411,17.711363,-13.886201,8.028792,-5.9877057,-1.8578551,18.060349,-6.7437797,19.126915,-34.313835,59.969883,9.086933,4.2618785,3.6350768,-10.454468,-9.165559,31.55303,18.213642,-36.28809,21.64617,23.426466
1151,11.884391784667969,11.264008522033691,76.9239501953125,-0.4983408551121526,-14.493102006532785,-88.50862934297083,13.19868,11.727638,10.580204,14.700361,-13.656047,-12.025648,8.923147,-4.32694,-1.1358032,17.81014,-13.881435,8.087529,-5.8854356,-1.9266781,18.119358,-6.71502,19.130009,-34.351093,60.176285,8.944103,4.267405,3.6947775,-10.428416,-8.968184,31.63701,18.643312,-36.135956,21.590458,23.247984
1152,11.951364517211914,11.295942306518555,76.92481994628906,-0.4523379033701044,-14.503383526587957,-88.65046833320228,13.266861,11.642713,10.730107,14.644657,-13.64658,-11.968039,8.83826,-4.398194,-0.993323,17.89382,-13.875728,8.15049,-5.798661,-1.9992406,18.186007,-6.6815925,19.13185,-34.38093,60.370216,8.82858,4.265492,3.735955,-10.392199,-8.779745,31.713758,19.069506,-35.998394,21.533592,23.090027
1153,12.022614479064941,11.32446002960205,76.92372131347656,-0.40949836068398426,-14.536239996507042,-88.763508221967,13.3554735,11.549836,10.854841,14.589265,-13.647752,-11.9033165,8.79779,-4.48054,-0.87944055,17.962461,-13.8729925,8.221602,-5.7348557,-2.0788815,18.267061,-6.640803,19.130655,-34.402267,60.54974,8.756601,4.250564,3.7450933,-10.341946,-8.6030245,31.780401,19.485855,-35.875374,21.475336,22.957006
1154,12.089418411254883,11.350818634033203,76.92181396484375,-0.36848120715612404,-14.58442094035723,-88.85600203539285,13.4556055,11.450998,10.960771,14.536826,-13.656949,-11.833529,8.787613,-4.5714583,-0.7856081,18.020962,-13.873159,8.300989,-5.686525,-2.1639807,18.35919,-6.598238,19.125612,-34.41603,60.717064,8.717656,4.2287016,3.7335284,-10.277942,-8.439208,31.837303,19.89335,-35.76108,21.41631,22.835567
1155,12.169837951660156,11.360163688659668,76.9223861694336,-0.33039633716808864,-14.63319539948878,-88.9433783098584,13.55337,11.355957,11.061371,14.488732,-13.669636,-11.766306,8.786561,-4.6588473,-0.69725543,18.065323,-13.8683195,8.37984,-5.6416316,-2.2467835,18.449743,-6.559894,19.117613,-34.427547,60.878853,8.681289,4.2075233,3.7236323,-10.20568,-8.287948,31.890823,20.299631,-35.657837,21.356823,22.725967
1156,12.2470703125,11.37163257598877,76.92516326904297,-0.2992682547659417,-14.6678419531726,-89.04061123208704,13.63607,11.274273,11.170402,14.442437,-13.678851,-11.709222,8.774869,-4.7308626,-0.5998824,18.088678,-13.848212,8.449213,-5.589017,-2.320975,18.52568,-6.528978,19.108458,-34.439163,61.040222,8.619408,4.195015,3.7376482,-10.135089,-8.149388,31.948782,20.71862,-35.569046,21.296951,22.628733
1157,12.318512916564941,11.392343521118164,76.9272689819336,-0.27770762342571986,-14.682529542955393,-89.15297263581026,13.693073,11.2132635,11.29189,14.409106,-13.689402,-11.668015,8.744837,-4.780408,-0.48829308,18.08656,-13.80751,8.507,-5.524968,-2.3807163,18.582848,-6.5069213,19.10046,-34.45554,61.200165,8.524316,4.1947417,3.7834547,-10.062503,-8.027144,32.01413,21.146004,-35.505226,21.233883,22.546143
1158,12.386564254760742,11.416732788085938,76.92867279052734,-0.2627753008742795,-14.685995195215684,-89.27197810135291,13.736458,11.1658325,11.419018,14.380148,-13.699542,-11.637365,8.709112,-4.815051,-0.37084383,18.061087,-13.750768,8.557788,-5.4563713,-2.4317145,18.628464,-6.490389,19.09404,-34.47383,61.35517,8.410502,4.2021112,3.8484037,-9.986749,-7.919364,32.08313,21.580029,-35.462315,21.168558,22.47718
1159,12.44701862335205,11.436992645263672,76.93192291259766,-0.25186820461920234,-14.684528126040936,-89.39177517089902,13.773424,11.122343,11.546537,14.353106,-13.708695,-11.608363,8.670305,-4.8451624,-0.25233322,18.029015,-13.690988,8.602595,-5.3862367,-2.4823976,18.668089,-6.474097,19.087784,-34.482224,61.50194,8.286625,4.2121854,3.9233685,-9.911486,-7.820853,32.151104,22.020742,-35.417454,21.107449,22.417753
1160,12.512409210205078,11.457579612731934,76.93559265136719,-0.23844980745883243,-14.68434032041768,-89.50656377695195,13.814265,11.0727,11.669868,14.319477,-13.713767,-11.57215,8.633197,-4.8805757,-0.13777432,18.002995,-13.6385145,8.642638,-5.317336,-2.5398688,18.708206,-6.4552917,19.079826,-34.471783,61.638832,8.158529,4.2201505,3.9994636,-9.839278,-7.7281923,32.21325,22.467983,-35.34607,21.055346,22.362429
1161,12.579017639160156,11.470978736877441,76.93818664550781,-0.2197308912602745,-14.68718892458866,-89.61618406914015,13.861732,11.014532,11.788795,14.277768,-13.713389,-11.526002,8.597349,-4.9240313,-0.027881848,17.989664,-13.598925,8.675522,-5.2445545,-2.6033201,18.754509,-6.436096,19.07014,-34.438362,61.761307,8.020613,4.2231617,4.077369,-9.753889,-7.6557374,32.2612,22.89556,-35.242016,21.015574,22.320559
1162,12.653696060180664,11.479930877685547,76.941650390625,-0.2003529080491875,-14.68955112103071,-89.72284801613036,13.909948,10.953005,11.905386,14.233032,-13.71026,-11.474795,8.560967,-4.9702535,0.07975488,17.980854,-13.56536,8.701594,-5.169469,-2.6705754,18.801104,-6.417452,19.058228,-34.38696,61.87422,7.8719077,4.224205,4.1611023,-9.664278,-7.5970225,32.301056,23.319881,-35.118256,20.984686,22.290825
1163,12.716314315795898,11.50026798248291,76.9437255859375,-0.18047847889208773,-14.690296365258567,-89.82609813410446,13.953838,10.890974,12.017662,14.191282,-13.708088,-11.421054,8.524101,-5.0168586,0.18489055,17.971853,-13.533031,8.725711,-5.0920224,-2.7391999,18.846321,-6.399401,19.045969,-34.333004,61.97805,7.724364,4.227492,4.2453117,-9.570323,-7.5559716,32.338333,23.739609,-34.97719,20.958706,22.2581
1164,12.778444290161133,11.522523880004883,76.94624328613281,-0.16323084803797497,-14.688084145144444,-89.92454401625798,13.990916,10.830405,12.124333,14.152566,-13.707332,-11.367278,8.489109,-5.0614247,0.2865957,17.954006,-13.494971,8.75259,-5.0265994,-2.809458,18.883762,-6.3748355,19.030035,-34.27597,62.077484,7.5936666,4.2368803,4.325557,-9.495744,-7.5176916,32.39365,24.186113,-34.820004,20.935535,22.20333
1165,12.83895206451416,11.54496955871582,76.94989776611328,-0.14984350465327398,-14.679705505368187,-90.01657770907674,14.013458,10.774029,12.222586,14.123746,-13.711067,-11.314233,8.454768,-5.101519,0.38385007,17.922094,-13.447878,8.784152,-4.972716,-2.881437,18.906763,-6.34631,19.009546,-34.22359,62.17883,7.483061,4.253578,4.4015756,-9.44394,-7.481368,32.468616,24.66467,-34.637962,20.919914,22.12391
1166,12.899480819702148,11.559379577636719,76.95362854003906,-0.13807777478915909,-14.666725139532403,-90.10303772824348,14.0259,10.719772,12.3141165,14.101478,-13.717679,-11.260483,8.42008,-5.1390266,0.47706816,17.88228,-13.396022,8.81763,-4.9212623,-2.955313,18.921595,-6.3172083,18.98817,-34.176556,62.278557,7.3836226,4.2734385,4.4754233,-9.400635,-7.454493,32.549324,25.156157,-34.434822,20.910349,22.030031
1167,12.975061416625977,11.56238079071045,76.9601821899414,-0.12564314500225418,-14.655353083243767,-90.18771706533772,14.040907,10.663571,12.403712,14.075752,-13.723152,-11.205435,8.388465,-5.1778746,0.5688715,17.841015,-13.3433895,8.850917,-4.8779593,-3.031339,18.935282,-6.2846184,18.961346,-34.122368,62.37224,7.292763,4.299025,4.5468736,-9.370637,-7.4307017,32.641117,25.67002,-34.22818,20.89721,21.919346
1168,13.041874885559082,11.588411331176758,76.96481323242188,-0.11016997633403709,-14.65151016929652,-90.27396550287675,14.071577,10.60126,12.495888,14.036856,-13.724036,-11.148384,8.3601675,-5.2222133,0.6617716,17.81113,-13.297071,8.881831,-4.8339934,-3.1086202,18.95953,-6.249835,18.931158,-34.06165,62.45007,7.206456,4.332005,4.6146646,-9.342451,-7.41233,32.730827,26.19546,-34.03937,20.867432,21.793442
1169,13.115556716918945,11.599047660827637,76.97158813476562,-0.08895003291317148,-14.660207264957885,-90.35988953450745,14.128247,10.52869,12.58996,13.975069,-13.717076,-11.087339,8.344293,-5.2760043,0.7532175,17.788422,-13.255985,8.908725,-4.7942777,-3.188549,18.998629,-6.209011,18.895294,-33.98613,62.506615,7.134583,4.377067,4.677084,-9.316365,-7.3994613,32.825783,26.733837,-33.89483,20.823492,21.650995
1170,13.187994003295898,11.62537670135498,76.97403717041016,-0.06496333881676379,-14.677220834403347,-90.44469389736727,14.197972,10.449715,12.683396,13.905461,-13.708703,-11.023335,8.334858,-5.3361516,0.84309936,17.774397,-13.220546,8.933154,-4.757044,-3.2706828,19.047306,-6.163675,18.856125,-33.9025,62.545017,7.074633,4.43224,4.7348847,-9.293176,-7.394303,32.924454,27.284346,-33.77733,20.769299,21.492683
1171,13.263280868530273,11.633913040161133,76.97923278808594,-0.04033742313104659,-14.694337871606725,-90.53339938941953,14.27157,10.36945,12.780744,13.830017,-13.697222,-10.960112,8.321111,-5.396416,0.9371957,17.766445,-13.187061,8.95766,-4.712051,-3.3540323,19.099363,-6.1196437,18.819324,-33.8238,62.573784,7.0071115,4.488718,4.7911506,-9.269848,-7.3960795,33.012,27.840168,-33.64174,20.698256,21.323076
1172,13.316312789916992,11.64744758605957,76.98210144042969,-0.01520181388851598,-14.703396923812344,-90.63131780889627,14.333652,10.294352,12.88519,13.7624235,-13.686853,-10.901275,8.290437,-5.4508033,1.0410277,17.766256,-13.153914,8.984781,-4.667881,-3.4341836,19.14364,-6.081216,18.77014,-33.738445,62.617035,6.9235296,4.5357113,4.8512163,-9.257366,-7.4036984,33.096592,28.412361,-33.438007,20.606838,21.142313
1173,13.365654945373535,11.666282653808594,76.98405456542969,0.010313374939068162,-14.699636047671248,-90.74180017163104,14.376607,10.226019,12.998908,13.707876,-13.677261,-10.846741,8.234063,-5.4976177,1.1584277,17.777042,-13.1210165,9.016223,-4.597866,-3.5150642,19.178844,-6.0552506,18.727283,-33.675358,62.665543,6.797125,4.577543,4.9209795,-9.243912,-7.4144754,33.144203,28.989756,-33.161415,20.479145,20.965944
1174,13.42960262298584,11.68025016784668,76.9861831665039,0.03735068731010862,-14.688304358144745,-90.86159795063799,14.407155,10.161692,13.119343,13.66352,-13.669402,-10.794799,8.1600275,-5.5402384,1.285645,17.798513,-13.089811,9.050354,-4.51976,-3.5927434,19.206348,-6.04211,18.670376,-33.615173,62.730778,6.647337,4.615859,4.998795,-9.235824,-7.433216,33.178623,29.581059,-32.8329,20.324226,20.786726
1175,13.497919082641602,11.700042724609375,76.98601531982422,0.06568844584640868,-14.676283860684025,-90.98590326929043,14.440018,10.098444,13.244471,13.615391,-13.660374,-10.746971,8.081851,-5.580394,1.4178168,17.824015,-13.060386,9.08469,-4.4208274,-3.6771765,19.240408,-6.019211,18.644938,-33.58168,62.762783,6.4874787,4.647528,5.0648403,-9.224639,-7.4447923,33.183834,30.17411,-32.469944,20.158642,20.588766
1176,13.561717987060547,11.721806526184082,76.98649597167969,0.09070241526621163,-14.670286882977667,-91.10908392554818,14.485295,10.036613,13.37067,13.557181,-13.65102,-10.70502,8.0146475,-5.6178403,1.5486199,17.843452,-13.03044,9.116624,-4.339584,-3.7556257,19.281036,-6.0017824,18.60384,-33.536026,62.815804,6.366211,4.655981,5.109193,-9.223652,-7.463303,33.207848,30.777933,-32.065857,20.007792,20.347712
1177,13.621891021728516,11.738121032714844,76.98629760742188,0.11337721012741636,-14.674986423954541,-91.23327142092799,14.549183,9.976507,13.500593,13.489267,-13.644909,-10.673628,7.958892,-5.651872,1.680317,17.865623,-13.00581,9.143565,-4.257431,-3.8294568,19.337727,-5.9861712,18.561443,-33.50658,62.868137,6.2763424,4.635163,5.121937,-9.222067,-7.4829946,33.22551,31.380014,-31.617971,19.88129,20.063478
1178,13.68275260925293,11.750449180603027,76.98859405517578,0.1361752760281914,-14.685709301351723,-91.36033020999162,14.6279335,9.917229,13.63503,13.407968,-13.636894,-10.650467,7.9094524,-5.6823936,1.814482,17.888622,-12.98331,9.167493,-4.1726074,-3.9025333,19.405712,-5.9678884,18.526068,-33.487698,62.913498,6.206131,4.5915637,5.1111283,-9.225032,-7.499823,33.23404,31.988152,-31.126421,19.764482,19.74563
1179,13.742870330810547,11.76441764831543,76.989013671875,0.15867423986759477,-14.695805941832383,-91.48567252118083,14.705919,9.85809,13.768184,13.326816,-13.629712,-10.62661,7.8625045,-5.7127953,1.9470603,17.906727,-12.959637,9.192918,-4.0896196,-3.9729428,19.470383,-5.9550834,18.48165,-33.473705,62.969055,6.153924,4.547389,5.0930495,-9.228224,-7.5203633,33.248363,32.60754,-30.616653,19.640192,19.392225
1180,13.798187255859375,11.785164833068848,76.98970031738281,0.18213533874319102,-14.698353205607406,-91.6057257588268,14.769546,9.7972,13.894485,13.254877,-13.623401,-10.593022,7.8130207,-5.746985,2.0745423,17.917318,-12.932881,9.224207,-4.005913,-4.045843,19.521597,-5.9427786,18.438082,-33.46713,63.026707,6.1106896,4.523851,5.0812435,-9.230097,-7.540841,33.27312,33.246723,-30.120234,19.489288,19.002575
1181,13.855809211730957,11.797707557678223,76.99297332763672,0.20869479126675947,-14.689332642967939,-91.71525390197114,14.810127,9.731194,14.008278,13.196664,-13.618644,-10.54375,7.759377,-5.78924,2.1925802,17.916609,-12.901329,9.26513,-3.9308608,-4.113514,19.548292,-5.950565,18.361483,-33.471733,63.121895,6.0889378,4.527738,5.08689,-9.225079,-7.57567,33.315334,33.90548,-29.639116,19.314411,18.592138
1182,13.909218788146973,11.814618110656738,76.99459075927734,0.23794045520369697,-14.672881911824948,-91.81791419511943,14.837342,9.66162,14.114058,13.145176,-13.614455,-10.484846,7.7028847,-5.8368363,2.30448,17.909906,-12.867855,9.312479,-3.8562524,-4.1876965,19.563826,-5.953913,18.297009,-33.490498,63.20755,6.0813622,4.5491133,5.09507,-9.220815,-7.6058645,33.35967,34.5847,-29.165579,19.119976,18.158335
1183,13.966510772705078,11.821029663085938,76.99758911132812,0.2660941695192608,-14.6554205322051,-91.92232296977366,14.864203,9.594568,14.221553,13.095714,-13.610837,-10.424926,7.6485195,-5.881911,2.417332,17.897512,-12.832053,9.36028,-3.7753026,-4.266098,19.578497,-5.94239,18.251448,-33.504257,63.272514,6.073599,4.578271,5.0968943,-9.219501,-7.628414,33.413757,35.278774,-28.696188,18.898201,17.668335
1184,14.023094177246094,11.832019805908203,77.00141906738281,0.29048063985434436,-14.643437653500461,-92.03765446122699,14.90309,9.537248,14.340591,13.044528,-13.608117,-10.3727,7.6004934,-5.916056,2.538552,17.880615,-12.793988,9.40267,-3.686413,-4.3275223,19.594774,-5.9393826,18.172422,-33.493134,63.362877,6.0587044,4.606577,5.0920205,-9.20909,-7.6669655,33.49985,35.96781,-28.216883,18.64464,17.086988
1185,14.078656196594238,11.845015525817871,77.00470733642578,0.3102322679747033,-14.64029124409621,-92.17226618286668,14.964298,9.491963,14.480627,12.986023,-13.604525,-10.330483,7.5621185,-5.934956,2.6753628,17.856838,-12.751928,9.438046,-3.5691004,-4.3831315,19.623732,-5.9209685,18.104311,-33.454803,63.4329,6.024712,4.636436,5.066886,-9.196981,-7.7036767,33.608574,36.665333,-27.74465,18.335468,16.389305
1186,14.127490043640137,11.84808349609375,77.00546264648438,0.3249255099412086,-14.642303358664945,-92.31940696453026,15.038281,9.455544,14.634299,12.925793,-13.601738,-10.293636,7.5302625,-5.9433627,2.822168,17.826975,-12.706881,9.469517,-3.4465232,-4.4246135,19.655779,-5.903663,18.009933,-33.382748,63.519,5.988467,4.668443,5.0321617,-9.178575,-7.7584515,33.758327,37.363262,-27.27074,17.983067,15.5976715
1187,14.177417755126953,11.853999137878418,77.00621795654297,0.33875440976054233,-14.644093771029144,-92.46490612830489,15.113466,9.421471,14.7861395,12.862464,-13.597304,-10.26024,7.500563,-5.949051,2.9666264,17.794712,-12.661079,9.498495,-3.307508,-4.4734178,19.690428,-5.868075,17.953188,-33.324898,63.566853,5.9384766,4.703533,4.991414,-9.157468,-7.794525,33.88929,38.060543,-26.80225,17.614937,14.76505
1188,14.224905967712402,11.85861587524414,77.0060806274414,0.34978777989899923,-14.640836501743344,-92.5939815480163,15.1699915,9.387906,14.919953,12.814608,-13.600256,-10.228549,7.4684367,-5.9576607,3.0965161,17.764486,-12.617436,9.526264,-3.2094245,-4.5089345,19.71325,-5.8417964,17.85549,-33.24898,63.646294,5.904012,4.7314844,4.9660673,-9.124789,-7.8548126,34.041325,38.72071,-26.302584,17.273771,13.932829
1189,14.276872634887695,11.865069389343262,77.00640869140625,0.35740396090346943,-14.62911642363292,-92.69930047913532,15.205146,9.351215,15.028507,12.773196,-13.604869,-10.199986,7.431445,-5.9727726,3.205276,17.736687,-12.576506,9.552729,-3.1181147,-4.54586,19.724941,-5.823118,17.768204,-33.211647,63.723564,5.8570733,4.754989,4.951823,-9.076954,-7.9069543,34.154625,39.352165,-25.789125,16.958115,13.104908
1190,14.33199691772461,11.874022483825684,77.00627899169922,0.36305305060866927,-14.612225007621488,-92.78991033557413,15.225984,9.314529,15.121154,12.739755,-13.612966,-10.174793,7.3927608,-5.990291,3.300506,17.708689,-12.536542,9.577275,-3.0392342,-4.579746,19.727707,-5.808785,17.677052,-33.18639,63.806503,5.802985,4.7751102,4.944565,-9.019713,-7.958085,34.259003,39.96447,-25.261744,16.65244,12.257935
1191,14.379279136657715,11.876502990722656,77.00923156738281,0.36595749234682595,-14.595401874999615,-92.87542650123572,15.243834,9.27941,15.208575,12.709987,-13.622777,-10.149496,7.355386,-6.0074067,3.3911147,17.6819,-12.497702,9.600631,-2.962148,-4.6150084,19.72927,-5.7865305,17.59606,-33.16975,63.877285,5.754379,4.794801,4.9430566,-8.96081,-8.000584,34.349323,40.565956,-24.724613,16.354055,11.412106
1192,14.426596641540527,11.875386238098145,77.01309967041016,0.37065439553502,-14.583795938561918,-92.96650287742605,15.268033,9.247285,15.300687,12.685533,-13.635856,-10.120302,7.322777,-6.021431,3.4860034,17.656553,-12.459237,9.623544,-2.8771203,-4.6547356,19.737223,-5.746089,17.534801,-33.155643,63.921734,5.726052,4.816862,4.946304,-8.905701,-8.030775,34.42213,41.16127,-24.180897,16.061123,10.58778
1193,14.479917526245117,11.879430770874023,77.01490783691406,0.3750059007943334,-14.576841131513849,-93.06671688761618,15.298702,9.218665,15.401095,12.668766,-13.653655,-10.084613,7.29303,-6.031816,3.5887523,17.634571,-12.422031,9.644881,-2.7899976,-4.6787915,19.742308,-5.7247415,17.42759,-33.143322,64.01083,5.7386537,4.839471,4.9689617,-8.841185,-8.078888,34.49662,41.735233,-23.614979,15.780131,9.776999
1194,14.522555351257324,11.883694648742676,77.0163345336914,0.3795671477534001,-14.57251188546687,-93.17002032931845,15.332328,9.191708,15.504186,12.656639,-13.674441,-10.044787,7.2654,-6.0403976,3.6941972,17.614983,-12.385946,9.664713,-2.6897435,-4.7015467,19.748556,-5.702622,17.323626,-33.149483,64.09716,5.771985,4.864443,5.002253,-8.770123,-8.122702,34.54811,42.29346,-23.038227,15.506532,8.975712
1195,14.562918663024902,11.879179954528809,77.01771545410156,0.3833825604853769,-14.573505533560338,-93.27266271633698,15.369018,9.169193,15.606443,12.651224,-13.698704,-10.005171,7.2455273,-6.0458503,3.7982764,17.592617,-12.348581,9.685432,-2.5899796,-4.723694,19.761234,-5.6716857,17.225657,-33.151134,64.17036,5.808622,4.8870997,5.035178,-8.700121,-8.161197,34.584785,42.843468,-22.456846,15.23546,8.200304
1196,14.608023643493652,11.87705135345459,77.01849365234375,0.381898242865731,-14.582740018809906,-93.37028012143821,15.412285,9.151834,15.70478,12.647411,-13.723495,-9.969802,7.242099,-6.0476747,3.896852,17.556267,-12.304359,9.709667,-2.4980617,-4.7457366,19.786419,-5.629642,17.137081,-33.135036,64.22278,5.8269,4.903107,5.0569034,-8.633979,-8.193158,34.60601,43.38912,-21.87999,14.962112,7.468654
1197,14.655193328857422,11.882180213928223,77.01787567138672,0.3760626959560844,-14.6052966784375,-93.46227574509496,15.464663,9.143167,15.798898,12.650411,-13.751853,-9.941546,7.2616057,-6.0428424,3.9890475,17.502552,-12.250904,9.739033,-2.412403,-4.7707825,19.834467,-5.5672636,17.072153,-33.088142,64.23471,5.818735,4.9079075,5.0582523,-8.571694,-8.213668,34.605972,43.926254,-21.309221,14.6858225,6.771863
1198,14.68785285949707,11.89087200164795,77.01715087890625,0.36493607578185283,-14.63838005407112,-93.55089014038975,15.524939,9.141561,15.890489,12.658762,-13.78292,-9.9175205,7.2992177,-6.032531,4.0770926,17.435503,-12.190433,9.771936,-2.336894,-4.785531,19.89244,-5.5147424,16.978964,-33.01385,64.26592,5.805005,4.902152,5.0536404,-8.510783,-8.237978,34.59702,44.457523,-20.734537,14.41163,6.103487
1199,14.722980499267578,11.89344596862793,77.01629638671875,0.35272297452513846,-14.672560247409876,-93.63567745712336,15.5867,9.140627,15.979152,12.664436,-13.811871,-9.8935795,7.3420014,-6.022279,4.161134,17.362968,-12.128131,9.805617,-2.2646596,-4.805882,19.954851,-5.4392548,16.916014,-32.94591,64.25773,5.7798843,4.8986936,5.045446,-8.454336,-8.251794,34.57282,44.98523,-20.162472,14.137219,5.4889493
1200,14.768844604492188,11.89210319519043,77.01693725585938,0.34378223652434403,-14.69856560845267,-93.71729269180703,15.639191,9.136469,16.064075,12.6703615,-13.839568,-9.865504,7.377397,-6.016346,4.2412133,17.292103,-12.069499,9.837218,-2.2082512,-4.823539,20.001343,-5.3600063,16.84794,-32.899094,64.25448,5.754802,4.9041443,5.0495887,-8.408724,-8.26477,34.552654,45.524914,-19.590221,13.864621,4.9505177
1201,14.809579849243164,11.889241218566895,77.01863098144531,0.33552716703416535,-14.712847601742002,-93.79221046436908,15.6814785,9.126787,16.142735,12.668569,-13.860847,-9.831067,7.4047,-6.0169773,4.313801,17.218683,-12.013145,9.866324,-2.1661346,-4.8308992,20.023533,-5.295237,16.75094,-32.886375,64.286385,5.736402,4.922242,5.0710797,-8.368429,-8.282294,34.522,46.077335,-19.014431,13.595149,4.5054836
1202,14.848838806152344,11.891474723815918,77.0204849243164,0.3305314331673744,-14.720626549107443,-93.86198421408959,15.71704,9.114727,16.215939,12.664009,-13.879161,-9.7929125,7.4290323,-6.0212936,4.379884,17.142311,-11.957786,9.894193,-2.1348698,-4.841437,20.038439,-5.211234,16.677746,-32.89564,64.289566,5.711622,4.950187,5.0969787,-8.333838,-8.296186,34.478527,46.629547,-18.43626,13.328861,4.138356
1203,14.885642051696777,11.886713027954102,77.02188110351562,0.32567743716452247,-14.725968174684533,-93.93218911892679,15.753201,9.100324,16.290102,12.653809,-13.894188,-9.754002,7.450067,-6.0271816,4.446864,17.068974,-11.905151,9.92103,-2.1087875,-4.856543,20.050734,-5.1078167,16.626038,-32.917824,64.263985,5.6786113,4.981468,5.128105,-8.306291,-8.306614,34.445057,47.181297,-17.860601,13.066431,3.822085
1204,14.924165725708008,11.881012916564941,77.02342224121094,0.3238761216348951,-14.733239043863318,-94.00926161924988,15.799079,9.083179,16.37174,12.63288,-13.905152,-9.716951,7.468815,-6.0321627,4.5221167,17.00188,-11.855202,9.947123,-2.0718122,-4.8705254,20.061264,-5.010569,16.568064,-32.95928,64.246605,5.6340394,5.0080843,5.1697397,-8.279567,-8.318598,34.432796,47.73122,-17.294582,12.80803,3.5307288
1205,14.961089134216309,11.881799697875977,77.0261001586914,0.32484878521022126,-14.742709537103181,-94.09390513458652,15.855221,9.062953,16.461773,12.600068,-13.911359,-9.680649,7.4840393,-6.0359745,4.607352,16.9432,-11.808409,9.97189,-2.0219185,-4.87925,20.067928,-4.930652,16.487814,-33.024914,64.25516,5.579385,5.0249443,5.2282095,-8.251779,-8.335258,34.44141,48.280354,-16.726347,12.551022,3.265594
1206,14.996975898742676,11.876282691955566,77.02821350097656,0.3287872751158667,-14.752531171895768,-94.1830183941517,15.913519,9.040346,16.556086,12.566766,-13.91821,-9.644182,7.4960384,-6.04022,4.6987276,16.890547,-11.766443,9.995587,-1.9739234,-4.8977447,20.078506,-4.8212953,16.44052,-33.095047,64.217476,5.517275,5.0397944,5.2928944,-8.234807,-8.346015,34.470833,48.828682,-16.157753,12.296078,3.0382407
1207,15.032330513000488,11.869343757629395,77.03033447265625,0.33431512120268814,-14.762874039350141,-94.2774052388347,15.982014,9.015797,16.656523,12.518431,-13.918257,-9.611183,7.5064306,-6.043451,4.7949243,16.842045,-11.725164,10.018942,-1.919196,-4.912769,20.083567,-4.721789,16.384306,-33.18568,64.19638,5.4389787,5.054919,5.3635015,-8.217115,-8.359545,34.524963,49.374474,-15.607653,12.05224,2.8341548
1208,15.066574096679688,11.857715606689453,77.03133392333984,0.3392773341521235,-14.774628826759175,-94.37731162265626,16.061178,8.991681,16.763262,12.458245,-13.913278,-9.585184,7.520438,-6.044514,4.8942895,16.790066,-11.682741,10.043186,-1.8598326,-4.913177,20.081713,-4.6419015,16.296345,-33.29153,64.20965,5.344437,5.077686,5.4366803,-8.195885,-8.384585,34.612213,49.914555,-15.09862,11.827792,2.6405156
1209,15.09422492980957,11.844823837280273,77.03302001953125,0.3431520475146367,-14.786664084051079,-94.48381189097843,16.152994,8.96827,16.87756,12.380026,-13.899354,-9.570375,7.538102,-6.0425544,4.996791,16.732199,-11.637982,10.067974,-1.8016918,-4.9176784,20.084728,-4.531451,16.247263,-33.39368,64.17149,5.2430687,5.1176076,5.477906,-8.18803,-8.403511,34.73818,50.45928,-14.632093,11.616421,2.4445796
1210,15.128710746765137,11.839903831481934,77.0326156616211,0.34746120608833025,-14.798828014706814,-94.59643606622451,16.254457,8.945486,16.998484,12.289217,-13.879331,-9.563812,7.5580034,-6.0381074,5.1031947,16.670704,-11.5918255,10.09305,-1.7449602,-4.9140286,20.082985,-4.422967,16.18844,-33.504543,64.14005,5.131933,5.1671176,5.5065203,-8.181429,-8.430882,34.90719,51.00193,-14.189947,11.419011,2.2529998
1211,15.163920402526855,11.828155517578125,77.03500366210938,0.352201864988331,-14.81376023459745,-94.71298387188807,16.367075,8.920251,17.124416,12.185541,-13.8547,-9.558269,7.580355,-6.0335655,5.212565,16.610538,-11.546901,10.118982,-1.6878127,-4.9004245,20.076841,-4.3284025,16.104307,-33.627068,64.13673,4.991266,5.2141013,5.567264,-8.165144,-8.47717,35.107895,51.518562,-13.787504,11.247463,2.0914583
1212,15.197417259216309,11.81059455871582,77.03746795654297,0.36018022815379735,-14.833606793946615,-94.83131249590322,16.491411,8.889393,17.253105,12.069896,-13.826678,-9.546743,7.605808,-6.0321674,5.324003,16.55503,-11.504844,10.146564,-1.622367,-4.891318,20.071674,-4.2310224,16.031147,-33.773857,64.1306,4.788505,5.249815,5.6981683,-8.139971,-8.524847,35.319008,52.000156,-13.44662,11.111734,1.9846002
1213,15.226154327392578,11.79715347290039,77.03883361816406,0.37411229792701844,-14.859572652099182,-94.9536061092989,16.629196,8.850814,17.386803,11.942176,-13.796121,-9.524996,7.6322255,-6.0355315,5.44021,16.509798,-11.467794,10.177462,-1.5478389,-4.884661,20.06513,-4.1394467,15.9560175,-33.953922,64.1417,4.49534,5.263158,5.926106,-8.103323,-8.580515,35.544716,52.43997,-13.174841,11.033361,1.9439406
1214,15.259636878967285,11.782917976379395,77.0396957397461,0.39161733673731036,-14.890226407639867,-95.08029037173749,16.77995,8.806137,17.525705,11.800726,-13.761397,-9.49765,7.659809,-6.0417085,5.560587,16.471771,-11.434494,10.2107935,-1.46541,-4.8823647,20.057959,-4.04326,15.891288,-34.159542,64.15153,4.1331935,5.262108,6.2217045,-8.065505,-8.634425,35.78626,52.856937,-12.964411,11.000111,1.9537678
1215,15.292617797851562,11.77092170715332,77.04076385498047,0.4098599279639603,-14.923885844917754,-95.20591589452185,16.94031,8.75919,17.664719,11.64656,-13.721847,-9.47069,7.6942835,-6.0484095,5.679665,16.428635,-11.400104,10.243462,-1.3815447,-4.873256,20.048847,-3.9564185,15.812044,-34.375774,64.1757,3.7525043,5.2597976,6.5533905,-8.007342,-8.706509,36.04969,53.23005,-12.790431,10.977977,1.9962254
1216,15.325776100158691,11.754453659057617,77.04277038574219,0.42437346089658406,-14.958555506697547,-95.32544124086803,17.105398,8.713722,17.798111,11.483341,-13.679035,-9.450196,7.7388396,-6.053483,5.792197,16.373686,-11.362907,10.272424,-1.3041637,-4.861226,20.038862,-3.86743,15.731933,-34.58038,64.190445,3.4028313,5.2726517,6.8840036,-7.934865,-8.787757,36.336163,53.57036,-12.635469,10.930147,2.0532432
1217,15.352867126464844,11.73883056640625,77.04573822021484,0.4357570662932382,-14.99509693738737,-95.43835077519012,17.279203,8.669164,17.92652,11.303915,-13.629638,-9.437884,7.7972426,-6.0567546,5.897277,16.301504,-11.320287,10.296457,-1.2372595,-4.845801,20.029211,-3.772171,15.65216,-34.766693,64.18681,3.0934517,5.309563,7.2129345,-7.8464885,-8.878372,36.654003,53.87219,-12.517244,10.848414,2.1429112
1218,15.382911682128906,11.718850135803223,77.04788970947266,0.44468800590352114,-15.033919572741343,-95.54696777403612,17.4617,8.624441,18.051802,11.111337,-13.575703,-9.430547,7.8658733,-6.059194,5.997463,16.218407,-11.274607,10.317231,-1.1776521,-4.8292527,20.0194,-3.670543,15.576366,-34.945442,64.1682,2.79712,5.36077,7.5555935,-7.7474327,-8.974999,37.000687,54.141296,-12.438332,10.751515,2.2667181
1219,15.411114692687988,11.696659088134766,77.05096435546875,0.451518645005683,-15.073120142616098,-95.65063971908626,17.646965,8.580412,18.172138,10.912082,-13.518302,-9.426565,7.9421587,-6.0607915,6.092619,16.125782,-11.226962,10.336205,-1.1228169,-4.8142242,20.007578,-3.5610352,15.508891,-35.116383,64.138306,2.5149236,5.4153194,7.901048,-7.641956,-9.070305,37.362904,54.391415,-12.3568945,10.643662,2.3815727
1220,15.43769359588623,11.674201011657715,77.05351257324219,0.45616261973277705,-15.110640763537862,-95.74864201199534,17.828007,8.538549,18.285522,10.716498,-13.461302,-9.424237,8.021617,-6.0609574,6.18233,16.028107,-11.179792,10.354658,-1.0730346,-4.795601,19.992914,-3.4534674,15.436971,-35.279327,64.11624,2.2478807,5.460848,8.240181,-7.5206466,-9.180013,37.73436,54.611786,-12.225369,10.530888,2.4457428
1221,15.46462345123291,11.650267601013184,77.05654907226562,0.45744468559987556,-15.149234296023867,-95.8437368705743,18.012926,8.498325,18.394821,10.516351,-13.400682,-9.42438,8.109091,-6.058495,6.2697463,15.920955,-11.131468,10.372411,-1.0191884,-4.776873,19.975626,-3.341551,15.371655,-35.44239,64.09402,2.0085094,5.4956727,8.57386,-7.3914022,-9.286465,38.115696,54.82267,-12.064494,10.416372,2.4594977
1222,15.487784385681152,11.624531745910645,77.06011199951172,0.45598506484312484,-15.188681455754908,-95.93578107688127,18.203485,8.458921,18.500124,10.307367,-13.334966,-9.427407,8.205446,-6.053914,6.3540287,15.802704,-11.080846,10.389019,-0.9678099,-4.7540627,19.95635,-3.2292848,15.303648,-35.600403,64.07538,1.7929521,5.5251184,8.906999,-7.2482076,-9.404368,38.516426,55.007217,-11.883921,10.29741,2.442092
1223,15.511947631835938,11.598881721496582,77.06336212158203,0.45444650130952025,-15.223323209766454,-96.01810292176665,18.377829,8.423118,18.594612,10.115557,-13.276314,-9.431251,8.2991,-6.0499606,6.428716,15.685291,-11.033069,10.405092,-0.9251017,-4.7315016,19.932644,-3.1203597,15.23378,-35.74885,64.06338,1.5725932,5.551458,9.231918,-7.093151,-9.531529,38.910645,55.164467,-11.640699,10.165863,2.3779042
1224,15.534951210021973,11.571819305419922,77.06730651855469,0.45084034836878606,-15.247468878449325,-96.08393295734363,18.530825,8.387396,18.67366,9.931563,-13.217922,-9.43364,8.384611,-6.0506115,6.487037,15.567904,-10.986182,10.421535,-0.8992249,-4.714001,19.90079,-3.017242,15.165655,-35.88476,64.0589,1.314937,5.5765305,9.540603,-6.9354954,-9.660181,39.275345,55.30312,-11.290737,10.013104,2.250696
1225,15.553462982177734,11.547910690307617,77.0721435546875,0.44745381995521166,-15.257501393708202,-96.12505657501224,18.65091,8.352921,18.728325,9.765931,-13.164638,-9.434458,8.459781,-6.058382,6.520257,15.451702,-10.942226,10.43918,-0.9007018,-4.705235,19.856432,-2.9200945,15.099435,-36.013226,64.06624,1.0182549,5.601921,9.838707,-6.776887,-9.789072,39.610123,55.42324,-10.794921,9.831502,2.040357
1226,15.571102142333984,11.524287223815918,77.07635498046875,0.4436092797706163,-15.25732519756242,-96.1470586839924,18.747904,8.319339,18.764263,9.611822,-13.113876,-9.434697,8.52953,-6.07129,6.5342584,15.333404,-10.899957,10.457426,-0.92199415,-4.7026052,19.802526,-2.8274593,15.03504,-36.135456,64.08256,0.69608665,5.6260996,10.127848,-6.6145425,-9.91737,39.92504,55.524414,-10.186721,9.624981,1.7617626
1227,15.589225769042969,11.501717567443848,77.07915496826172,0.4389071027077332,-15.251712679815975,-96.16495808800597,18.832918,8.287771,18.79629,9.466367,-13.065227,-9.434141,8.591681,-6.084348,6.544417,15.21915,-10.858631,10.474864,-0.9468515,-4.7016797,19.745148,-2.7382662,14.972404,-36.236298,64.10157,0.34352687,5.646171,10.394196,-6.4504623,-10.045092,40.215237,55.614296,-9.532454,9.403463,1.4512223
1228,15.60965633392334,11.474377632141113,77.08419799804688,0.43516854128142735,-15.24550146267729,-96.19393492479304,18.919083,8.258527,18.839499,9.32314,-13.016143,-9.432499,8.645344,-6.0926814,6.5660486,15.113647,-10.817296,10.489967,-0.9585757,-4.6977944,19.69147,-2.6505089,14.911229,-36.298847,64.114944,-0.041927695,5.6595716,10.62397,-6.2846675,-10.171939,40.475235,55.6971,-8.898047,9.177963,1.1443787
1229,15.624753952026367,11.45564079284668,77.08863830566406,0.43031811478045184,-15.240476437368956,-96.23984587214323,19.008492,8.233381,18.900131,9.185553,-12.968636,-9.430435,8.6895485,-6.0937514,6.6054645,15.017923,-10.77461,10.5010605,-0.95047873,-4.688984,19.644718,-2.5634882,14.85155,-36.31383,64.11777,-0.49453226,5.662089,10.807792,-6.114615,-10.297342,40.699535,55.769825,-8.305568,8.9416,0.84144384
1230,15.643651962280273,11.435908317565918,77.09239959716797,0.42594806810825236,-15.233688596831936,-96.29417209668881,19.096228,8.2112,18.969624,9.05119,-12.920458,-9.427916,8.724906,-6.0903583,6.6537304,14.929786,-10.731723,10.509406,-0.93226296,-4.679353,19.600023,-2.4759529,14.795696,-36.291412,64.11187,-1.0014964,5.6579123,10.954816,-5.9445553,-10.416745,40.892654,55.838062,-7.718945,8.691118,0.52634305
1231,15.659700393676758,11.411439895629883,77.09626770019531,0.4218485313131391,-15.223927333585024,-96.34941486446152,19.178268,8.189331,19.04004,8.922,-12.874169,-9.423206,8.754469,-6.087023,6.7032495,14.845009,-10.688625,10.518091,-0.91361547,-4.669679,19.55404,-2.3922017,14.741,-36.24486,64.11041,-1.4971132,5.6523333,11.0786085,-5.775133,-10.535227,41.065594,55.901012,-7.1146646,8.4450245,0.21046145
1232,15.676267623901367,11.389131546020508,77.0992431640625,0.4195243547698132,-15.209269614221194,-96.39824894467827,19.251701,8.165307,19.103565,8.796394,-12.829994,-9.4148245,8.780975,-6.0876184,6.7465734,14.760002,-10.646248,10.530229,-0.9024881,-4.6612754,19.502623,-2.314895,14.687788,-36.19141,64.120605,-1.9183078,5.6547475,11.193271,-5.6107388,-10.651923,41.22689,55.96553,-6.4700265,8.221316,-0.09528526
1233,15.689496994018555,11.365511894226074,77.10363006591797,0.4191339883782888,-15.185268538229442,-96.4388533030527,19.312635,8.135663,19.158655,8.670774,-12.786402,-9.399858,8.799504,-6.096014,6.782091,14.675134,-10.604467,10.5482435,-0.8916285,-4.664269,19.436504,-2.2349575,14.653658,-36.13691,64.131935,-2.251299,5.6713905,11.305258,-5.469497,-10.725374,41.35499,56.07229,-5.780211,8.03166,-0.3964247
1234,15.7033052444458,11.348074913024902,77.10848236083984,0.4216674688755524,-15.15410079762939,-96.4757352574929,19.36336,8.103491,19.209787,8.549169,-12.7453,-9.379945,8.811405,-6.1084976,6.813752,14.589952,-10.561945,10.569948,-0.9076142,-4.660949,19.365423,-2.1588755,14.599379,-36.03701,64.15879,-2.5156715,5.6934795,11.408713,-5.313744,-10.842232,41.494957,56.131504,-5.035825,7.8697844,-0.6940942
1235,15.722038269042969,11.32159423828125,77.1126480102539,0.42502617501773104,-15.124657229134442,-96.50894181052946,19.41375,8.072382,19.256622,8.429236,-12.70444,-9.360352,8.826257,-6.120953,6.8420253,14.505028,-10.520353,10.591443,-0.9108391,-4.661279,19.295687,-2.0960917,14.557774,-35.956413,64.19774,-2.7444198,5.718116,11.490658,-5.1723094,-10.93205,41.607838,56.221165,-4.280723,7.7052546,-0.9792907
1236,15.73770809173584,11.29838752746582,77.11671447753906,0.4228579895000628,-15.106316549555565,-96.53889691693229,19.47287,8.047652,19.299683,8.312629,-12.664268,-9.346452,8.855201,-6.127831,6.867357,14.416671,-10.478562,10.608861,-0.92361003,-4.6523957,19.241678,-2.0530043,14.5054,-35.881683,64.2575,-2.942549,5.7400646,11.541633,-5.029037,-11.050186,41.74383,56.29425,-3.518235,7.5191126,-1.2399718
1237,15.750601768493652,11.279467582702637,77.12020111083984,0.4150858747811004,-15.102632734901372,-96.56568259719528,19.544456,8.031569,19.33882,8.200355,-12.625274,-9.339123,8.903552,-6.126919,6.8901772,14.322246,-10.4355345,10.621252,-0.9274545,-4.6387067,19.205065,-2.0318103,14.458432,-35.831306,64.33846,-3.1166615,5.7588797,11.552386,-4.8966928,-11.165507,41.88602,56.387527,-2.7390091,7.2877417,-1.4784173
1238,15.760625839233398,11.262618064880371,77.12346649169922,0.40539555607327366,-15.108121381410873,-96.58937862814119,19.623158,8.021337,19.373888,8.090638,-12.586098,-9.3357935,8.963843,-6.1208425,6.9101043,14.225672,-10.392896,10.6305275,-0.92914337,-4.6256056,19.17877,-2.0217042,14.421911,-35.791946,64.43058,-3.2588866,5.777826,11.529998,-4.7817903,-11.2650585,42.031303,56.509377,-1.941028,7.028165,-1.6992302
1239,15.765677452087402,11.244879722595215,77.12630462646484,0.3940700398224597,-15.11890265930724,-96.60941220350217,19.706678,8.011928,19.405134,7.98012,-12.5465555,-9.33602,9.029203,-6.1140647,6.9265075,14.132147,-10.352937,10.637584,-0.9364477,-4.612513,19.160164,-2.0231862,14.390322,-35.770752,64.52872,-3.3771641,5.797199,11.487589,-4.6779604,-11.362916,42.180714,56.63846,-1.1642464,6.7770224,-1.8943533
1240,15.77490234375,11.225943565368652,77.12991333007812,0.38406764207202915,-15.13090612003086,-96.62488595370392,19.796415,7.997294,19.432951,7.854449,-12.500995,-9.339771,9.093813,-6.110616,6.9381003,14.044569,-10.316943,10.643153,-0.9449995,-4.607214,19.141861,-2.0315557,14.372814,-35.787315,64.622246,-3.481743,5.8187604,11.43748,-4.6007347,-11.425345,42.315174,56.804813,-0.4610477,6.5674577,-2.0586972
1241,15.785137176513672,11.210062026977539,77.1324234008789,0.3768819560914832,-15.146682200167723,-96.63191636453206,19.886232,7.9789534,19.45221,7.7324166,-12.456733,-9.34938,9.161031,-6.1126575,6.9406366,13.964268,-10.286976,10.645719,-0.9754564,-4.6006885,19.133884,-2.053328,14.350343,-35.82785,64.718,-3.565282,5.842604,11.382643,-4.520886,-11.516406,42.456066,56.93735,0.1574763,6.423741,-2.1872833
1242,15.794600486755371,11.196918487548828,77.13371276855469,0.36970020824331856,-15.167281158413248,-96.63185413450493,19.981625,7.9574423,19.464859,7.603519,-12.408927,-9.364252,9.231914,-6.1177926,6.935892,13.890505,-10.262206,10.645444,-1.0062968,-4.6004944,19.131815,-2.0894644,14.338358,-35.90685,64.818726,-3.63028,5.86947,11.315806,-4.46409,-11.576347,42.578045,57.10243,0.7041855,6.320096,-2.2867746
1243,15.804190635681152,11.181790351867676,77.13482666015625,0.3636727798754172,-15.18568321763149,-96.63342774214145,20.074352,7.9355755,19.47871,7.4761353,-12.362193,-9.379055,9.297727,-6.1227903,6.932555,13.821157,-10.238964,10.645533,-1.0384771,-4.60113,19.127275,-2.1314313,14.332212,-36.00591,64.9159,-3.677666,5.894568,11.236708,-4.4313946,-11.617481,42.697628,57.29736,1.2216675,6.2317066,-2.3620312
1244,15.807968139648438,11.161237716674805,77.13616943359375,0.35784383476185333,-15.194364204268236,-96.64554029633643,20.158546,7.915894,19.502403,7.352582,-12.318012,-9.388759,9.348855,-6.124453,6.939013,13.755161,-10.213768,10.649144,-1.0627828,-4.5957794,19.107895,-2.175849,14.325519,-36.133366,65.00806,-3.726326,5.9129844,11.151095,-4.3895187,-11.673988,42.836575,57.473923,1.7660785,6.140558,-2.4249408
1245,15.810543060302734,11.140573501586914,77.13801574707031,0.35105436324972994,-15.191031190696723,-96.67020114461552,20.23038,7.900184,19.537428,7.2362127,-12.277919,-9.391308,9.383122,-6.1213183,6.9572,13.691233,-10.18528,10.657064,-1.0753154,-4.58077,19.075533,-2.224537,14.320144,-36.28424,65.092514,-3.7708952,5.9161024,11.04295,-4.351373,-11.742663,42.97694,57.652946,2.362165,6.031301,-2.4668536
1246,15.817858695983887,11.120716094970703,77.13947296142578,0.346296362308874,-15.179560544467375,-96.70322017962907,20.295391,7.8859687,19.579855,7.122532,-12.239989,-9.389645,9.405077,-6.1156025,6.9825163,13.631132,-10.155852,10.667505,-1.0834577,-4.563915,19.031898,-2.2756646,14.319185,-36.45525,65.17168,-3.8064075,5.9092836,10.916192,-4.3321834,-11.794931,43.1201,57.85969,2.979005,5.9183984,-2.4885135
1247,15.826325416564941,11.099742889404297,77.14073181152344,0.3417520351168522,-15.163001610824937,-96.74255381701323,20.355078,7.871552,19.62834,7.011267,-12.202879,-9.386018,9.416622,-6.1089444,7.014764,13.576501,-10.12719,10.680254,-1.0838591,-4.5444617,18.981897,-2.3310344,14.32043,-36.647697,65.24219,-3.8288667,5.9082212,10.795179,-4.3170133,-11.8494625,43.27009,58.063305,3.5565412,5.817168,-2.49409
1248,15.832260131835938,11.084672927856445,77.14282989501953,0.3405464255259978,-15.144009507481645,-96.78704048201693,20.39159,7.862278,19.678934,6.9481406,-12.190506,-9.382887,9.419799,-6.103246,7.0531635,13.529312,-10.101019,10.694819,-1.0799128,-4.5264125,18.930834,-2.387625,14.322614,-36.841984,65.2983,-3.820818,5.929163,10.701713,-4.315553,-11.8903055,43.42596,58.270916,4.02374,5.740633,-2.4869413
1249,15.843698501586914,11.06702995300293,77.14437103271484,0.34307400044333397,-15.121505286247412,-96.83968113046777,20.408127,7.855131,19.73577,6.9247456,-12.198272,-9.379889,9.411114,-6.099451,7.101841,13.491826,-10.078369,10.712178,-1.0607679,-4.5048723,18.87628,-2.4508693,14.324665,-37.065666,65.33893,-3.7938178,5.9838524,10.648108,-4.3030863,-11.94685,43.593285,58.447346,4.355064,5.696747,-2.4659843
1250,15.851898193359375,11.050912857055664,77.14533996582031,0.348398066513711,-15.094498198683146,-96.8999476779636,20.422049,7.845242,19.80068,6.9003816,-12.204892,-9.376136,9.39041,-6.096024,7.159481,13.463618,-10.058774,10.732001,-1.0394967,-4.4845223,18.818914,-2.5171187,14.326099,-37.289562,65.36655,-3.734495,6.061089,10.617123,-4.311072,-11.986634,43.76718,58.639095,4.57758,5.675394,-2.4280238
1251,15.856744766235352,11.030937194824219,77.14750671386719,0.3537523773533848,-15.066437896428814,-96.96148669741267,20.434544,7.835051,19.865984,6.8759656,-12.210884,-9.372826,9.36671,-6.092264,7.218195,13.437356,-10.039373,10.752664,-1.0113233,-4.461943,18.759064,-2.5854347,14.326446,-37.52678,65.387054,-3.658886,6.142357,10.600813,-4.3171926,-12.029563,43.947746,58.81426,4.755331,5.670695,-2.3846853
1252,15.865034103393555,11.017913818359375,77.14883422851562,0.35727058337406076,-15.040710411566232,-97.01719617118947,20.446817,7.8271656,19.924286,6.8516226,-12.215582,-9.371293,9.3492365,-6.0875425,7.270286,13.405125,-10.016777,10.772594,-0.9825807,-4.4374113,18.703346,-2.6535645,14.324844,-37.759583,65.40374,-3.564939,6.2089257,10.586789,-4.3215938,-12.080977,44.1289,58.96463,4.937152,5.67598,-2.3424137
1253,15.871156692504883,11.003363609313965,77.14981079101562,0.35765441560707645,-15.018574618335304,-97.06501409421188,20.450607,7.8250136,19.97109,6.8464913,-12.228715,-9.372007,9.336853,-6.081706,7.313201,13.372403,-9.99335,10.792983,-0.96293306,-4.416042,18.654114,-2.7169733,14.323291,-37.968113,65.41238,-3.4324148,6.2518725,10.569943,-4.3467975,-12.115994,44.31209,59.11798,5.11711,5.6966486,-2.298507
1254,15.880352020263672,10.989437103271484,77.15032196044922,0.357915073133232,-14.997833968250946,-97.1093351841281,20.452087,7.8241467,20.012194,6.845908,-12.243143,-9.37407,9.326224,-6.0755715,7.3517013,13.340118,-9.969425,10.814152,-0.9424332,-4.3942103,18.603981,-2.7790353,14.320277,-38.183434,65.41592,-3.2807033,6.28229,10.560312,-4.3731365,-12.153782,44.507416,59.25456,5.285708,5.734515,-2.2539995
1255,15.887510299682617,10.974905014038086,77.15153503417969,0.3555565310773171,-14.977734024739314,-97.15085381505921,20.452896,7.8254414,20.050367,6.845277,-12.256785,-9.377278,9.319928,-6.068201,7.386923,13.300893,-9.9425745,10.833116,-0.923608,-4.3705516,18.55636,-2.8375218,14.315868,-38.383026,65.41378,-3.1142716,6.312332,10.556499,-4.4033585,-12.19088,44.701412,59.37882,5.4463253,5.773268,-2.211097
1256,15.892237663269043,10.964044570922852,77.15156555175781,0.350582597575497,-14.957200946291767,-97.18976842885404,20.452778,7.8308353,20.088015,6.8445396,-12.270112,-9.381424,9.317846,-6.0579567,7.4202685,13.253079,-9.913169,10.847239,-0.90833944,-4.343422,18.509789,-2.8905294,14.309525,-38.56129,65.409935,-2.952216,6.3537583,10.561067,-4.4316034,-12.229976,44.893196,59.487385,5.614305,5.7975893,-2.1766343
1257,15.896943092346191,10.951942443847656,77.15161895751953,0.34206562416791697,-14.936436459737045,-97.22616684873888,20.451818,7.840587,20.125849,6.8445086,-12.284339,-9.387312,9.322811,-6.04497,7.4516053,13.190999,-9.879099,10.854748,-0.8981328,-4.312483,18.465193,-2.9356165,14.302392,-38.7092,65.39849,-2.7855895,6.417784,10.578132,-4.4652367,-12.265348,45.07913,59.593315,5.8049793,5.8004184,-2.1539936
1258,15.900789260864258,10.938959121704102,77.15188598632812,0.33079239845109354,-14.915894584401961,-97.26000759507119,20.450075,7.8536925,20.162697,6.8439693,-12.297534,-9.394768,9.333228,-6.0300264,7.4807634,13.11921,-9.8417015,10.857526,-0.8938115,-4.278571,18.421202,-2.9733872,14.293188,-38.834843,65.381035,-2.6132495,6.4952664,10.606578,-4.5004296,-12.302527,45.268703,59.688076,6.0118,5.7913933,-2.1408224
1259,15.902702331542969,10.92535400390625,77.15315246582031,0.31825617680028445,-14.894801352236486,-97.29177204897985,20.44693,7.868797,20.197807,6.844063,-12.310656,-9.401955,9.348176,-6.0140696,7.5076137,13.037358,-9.800184,10.857751,-0.89435494,-4.2426486,18.378283,-3.005047,14.280376,-38.93711,65.3651,-2.4433475,6.568181,10.63482,-4.5338693,-12.345851,45.458908,59.760742,6.1985183,5.7775702,-2.1274695
1260,15.908111572265625,10.914031028747559,77.15524291992188,0.30388301526891875,-14.872956364930152,-97.32164242592657,20.44191,7.885086,20.23051,6.8444014,-12.323289,-9.4070215,9.365607,-5.9976315,7.5318637,12.9480715,-9.755237,10.857474,-0.8866672,-4.208562,18.337942,-3.0341234,14.271734,-39.024776,65.355354,-2.2843196,6.619293,10.648978,-4.5723796,-12.372555,45.622326,59.827324,6.3148637,5.763431,-2.102429
1261,15.915909767150879,10.905634880065918,77.15888977050781,0.2871562446738019,-14.850051480766199,-97.35049620944905,20.435062,7.902705,20.261242,6.845005,-12.335188,-9.408318,9.386185,-5.9803324,7.5543,12.849604,-9.706187,10.856643,-0.8866723,-4.1736236,18.293234,-3.0514925,14.258819,-39.08986,65.35515,-2.1367426,6.6359468,10.646538,-4.605721,-12.406699,45.79645,59.86026,6.3711653,5.7456937,-2.065906
1262,15.920402526855469,10.898823738098145,77.16197204589844,0.27064549318331177,-14.826535171773497,-97.3780555761534,20.426804,7.9222207,20.289967,6.845968,-12.3468075,-9.407256,9.410549,-5.9622707,7.5745897,12.741364,-9.652695,10.854457,-0.8750831,-4.1386757,18.253366,-3.0691679,14.2501335,-39.139862,65.3594,-1.9898033,6.6310167,10.629781,-4.6400547,-12.428104,45.935204,59.878155,6.3597245,5.7219973,-2.0163767
1263,15.923108100891113,10.887408256530762,77.16537475585938,0.2518240274278144,-14.801869299313179,-97.40290168962605,20.416468,7.9425254,20.316223,6.8463955,-12.356959,-9.406521,9.436508,-5.94394,7.591994,12.628083,-9.597054,10.851612,-0.8761617,-4.1037073,18.208797,-3.075523,14.236539,-39.171837,65.36974,-1.8706948,6.620567,10.614953,-4.673845,-12.457412,46.09835,59.880497,6.3280587,5.705161,-1.9704732
1264,15.926798820495605,10.869917869567871,77.16828918457031,0.23401730668646525,-14.775547914866209,-97.4234247363284,20.402203,7.96359,20.338549,6.8484974,-12.366759,-9.408889,9.462419,-5.9264927,7.604626,12.514167,-9.54158,10.849052,-0.87944585,-4.0710983,18.166513,-3.0821605,14.220617,-39.194294,65.388504,-1.7906234,6.621675,10.609943,-4.707872,-12.48835,46.259995,59.87592,6.2757506,5.709312,-1.9317731
1265,15.926003456115723,10.859225273132324,77.17204284667969,0.2147355114863537,-14.745756423161769,-97.43986355531217,20.383957,7.9848228,20.357939,6.8488812,-12.374609,-9.416401,9.486515,-5.9098325,7.612413,12.398763,-9.485645,10.846597,-0.8706527,-4.0402055,18.12578,-3.0941913,14.207692,-39.22206,65.41398,-1.7642274,6.643987,10.618197,-4.7436266,-12.510669,46.401363,59.87573,6.1794753,5.7396836,-1.8995553
1266,15.931522369384766,10.850272178649902,77.17507934570312,0.1961399948007263,-14.712966821325436,-97.45254442134195,20.361734,8.006855,20.37398,6.8489842,-12.381065,-9.427121,9.510361,-5.8934517,7.615424,12.279889,-9.428411,10.843997,-0.8787185,-4.0105343,18.078709,-3.0978003,14.187121,-39.232285,65.45078,-1.7836789,6.6746984,10.638186,-4.780555,-12.541013,46.57276,59.86319,6.0655074,5.7911096,-1.8770314
1267,15.931703567504883,10.839856147766113,77.17953491210938,0.1774085361297551,-14.681603264577005,-97.46148005117911,20.339254,8.029263,20.386673,6.850135,-12.3872795,-9.437882,9.536212,-5.8774257,7.6155963,12.161469,-9.371754,10.841555,-0.87345386,-3.982281,18.039461,-3.1073387,14.170445,-39.246983,65.49291,-1.8262335,6.7059155,10.657538,-4.817569,-12.562601,46.715897,59.85421,5.932975,5.8476343,-1.855339
1268,15.93595027923584,10.82801628112793,77.18314361572266,0.15836925162290205,-14.655519141933164,-97.46602186280768,20.319729,8.051171,20.394972,6.8520246,-12.3927355,-9.445277,9.567337,-5.862295,7.6134977,12.044848,-9.316317,10.839676,-0.8814769,-3.9564207,18.005398,-3.112406,14.147971,-39.24772,65.544876,-1.8751812,6.7246075,10.6736145,-4.8577075,-12.587747,46.876236,59.84662,5.8381815,5.8989816,-1.840134
1269,15.935089111328125,10.82189655303955,77.18523406982422,0.14061803508827855,-14.637683455649283,-97.46511789917413,20.306526,8.072267,20.397917,6.8530912,-12.3963375,-9.446823,9.607193,-5.848436,7.609484,11.930291,-9.26251,10.839795,-0.8935242,-3.933798,17.98371,-3.1172142,14.124085,-39.239048,65.607254,-1.9277252,6.7264047,10.682739,-4.902883,-12.611237,47.033596,59.844822,5.7738338,5.9455037,-1.8301247
1270,15.932156562805176,10.814997673034668,77.18907928466797,0.12336275913035522,-14.62515546761269,-97.45939048160105,20.296532,8.093291,20.39626,6.8549275,-12.399153,-9.444801,9.652964,-5.835282,7.6029983,11.816557,-9.209238,10.84127,-0.909035,-3.9129512,17.970793,-3.1219842,14.098042,-39.222374,65.679436,-1.9933413,6.7178445,10.688834,-4.9510336,-12.633006,47.18947,59.844475,5.725888,5.9926543,-1.8254708
1271,15.933136940002441,10.806629180908203,77.19107818603516,0.1060708302126447,-14.614037814677241,-97.45114858197063,20.286901,8.113959,20.3922,6.856864,-12.4015045,-9.443351,9.699453,-5.822614,7.5942717,11.705326,-9.157569,10.841257,-0.9089765,-3.8951979,17.963184,-3.1312416,14.082281,-39.222694,65.74949,-2.0753698,6.707841,10.690828,-4.9965467,-12.644332,47.319057,59.854126,5.6854835,6.0311775,-1.820606
1272,15.931304931640625,10.800610542297363,77.1930160522461,0.08831030390990434,-14.600038584941732,-97.44229667831682,20.274015,8.135091,20.387474,6.8582053,-12.403046,-9.446739,9.742821,-5.8098197,7.5831428,11.594187,-9.1059065,10.837156,-0.91270214,-3.8784916,17.950884,-3.138733,14.068032,-39.223705,65.81582,-2.1673777,6.702158,10.690857,-5.042285,-12.652988,47.453922,59.876904,5.6671042,6.0542397,-1.8148074
1273,15.929423332214355,10.793863296508789,77.19607543945312,0.06856326159666651,-14.581149077069151,-97.43237127194548,20.256216,8.157968,20.382153,6.859044,-12.403964,-9.458064,9.785608,-5.796193,7.5673966,11.4739065,-9.051062,10.826092,-0.9246099,-3.860543,17.930492,-3.1432562,14.0524645,-39.224792,65.879395,-2.2792666,6.702581,10.687259,-5.0885587,-12.6607485,47.60485,59.91465,5.675249,6.0551724,-1.8076326
1274,15.926069259643555,10.784078598022461,77.20053100585938,0.049614938676203535,-14.560006550586058,-97.42135019833714,20.23523,8.181341,20.3758,6.8594527,-12.403936,-9.474421,9.822682,-5.7819676,7.5491266,11.361138,-8.998928,10.810042,-0.9368689,-3.8430257,17.907612,-3.1501052,14.034923,-39.226807,65.94553,-2.406018,6.7058544,10.67989,-5.1316705,-12.667528,47.756638,59.96017,5.7012634,6.04,-1.7997919
1275,15.927907943725586,10.780449867248535,77.20479583740234,0.03147156867313963,-14.538892118126673,-97.4097915546957,20.214203,8.204091,20.368622,6.860225,-12.404316,-9.490973,9.859117,-5.7682548,7.530308,11.249821,-8.947292,10.79416,-0.9441637,-3.8258407,17.885984,-3.1594942,14.020047,-39.237087,66.00879,-2.5340366,6.710269,10.673047,-5.173901,-12.671674,47.8972,60.014908,5.744987,6.0183144,-1.7908875
1276,15.921842575073242,10.77609920501709,77.20806884765625,0.014484011208014609,-14.520336889814388,-97.39925757608009,20.195219,8.225528,20.361517,6.8622694,-12.405371,-9.50321,9.897482,-5.755734,7.513786,11.139311,-8.895482,10.783184,-0.94396913,-3.8101828,17.869564,-3.1724598,14.008819,-39.255405,66.066895,-2.6454532,6.7149053,10.671063,-5.2147994,-12.673682,48.01931,60.07443,5.8045454,6.000657,-1.7815673
1277,15.91826343536377,10.768257141113281,77.21083068847656,-0.0005829274651438689,-14.505015344093458,-97.39039149672632,20.180252,8.244218,20.355288,6.863597,-12.406706,-9.508524,9.938031,-5.745357,7.500903,11.029814,-8.843152,10.779485,-0.9541078,-3.7964277,17.852972,-3.1794293,13.994926,-39.26959,66.12337,-2.7378774,6.717818,10.6802,-5.2643695,-12.67424,48.156387,60.15072,5.900742,5.9866886,-1.7805117
1278,15.92112922668457,10.767369270324707,77.21379852294922,-0.014649543312042951,-14.492070947223082,-97.38269098771593,20.167759,8.261457,20.349773,6.8652124,-12.408429,-9.5099745,9.979795,-5.736011,7.4904604,10.921585,-8.7905855,10.780009,-0.9471757,-3.7833269,17.8463,-3.1950574,13.98689,-39.29589,66.17371,-2.8140705,6.721994,10.692678,-5.3089886,-12.673595,48.258106,60.228024,6.0035467,5.9721336,-1.7782782
1279,15.91838264465332,10.761235237121582,77.2161636352539,-0.027747452430279283,-14.47994888905797,-97.37398754357531,20.15597,8.278147,20.342566,6.8661537,-12.409427,-9.510717,10.023589,-5.7273126,7.479311,10.811759,-8.737301,10.782039,-0.95226634,-3.7716677,17.833944,-3.2033172,13.97739,-39.31944,66.220726,-2.8860238,6.725423,10.708159,-5.3568773,-12.670998,48.376823,60.315586,6.1397867,5.960629,-1.7753892
1280,15.913430213928223,10.75793170928955,77.21853637695312,-0.040573252681677906,-14.46828158595546,-97.36242230571835,20.144352,8.294799,20.332022,6.8669243,-12.410408,-9.513741,10.070618,-5.719038,7.464966,10.699347,-8.684195,10.782686,-0.9428463,-3.7600737,17.829748,-3.21727,13.972765,-39.340134,66.2545,-2.935648,6.7297735,10.715009,-5.396561,-12.668978,48.45046,60.3932,6.270122,5.9562335,-1.7520632
1281,15.91026782989502,10.754971504211426,77.22093200683594,-0.05516050892205527,-14.45750025083861,-97.34691624533328,20.132858,8.312234,20.317078,6.868473,-12.411803,-9.520098,10.124408,-5.711239,7.4462123,10.578076,-8.627961,10.782677,-0.95099056,-3.7506914,17.815632,-3.2182605,13.96522,-39.351685,66.28004,-2.9863722,6.7336817,10.718016,-5.4368587,-12.663356,48.54862,60.475483,6.4455442,5.9647,-1.7143115
1282,15.90254020690918,10.748802185058594,77.22256469726562,-0.06760621182505774,-14.447602108926976,-97.32852584332446,20.121061,8.329622,20.298212,6.8708377,-12.413258,-9.52799,10.18413,-5.7044754,7.424148,10.449335,-8.5689945,10.783132,-0.9581984,-3.741909,17.8053,-3.2190402,13.9591,-39.353672,66.29507,-3.0199578,6.7373753,10.71491,-5.476795,-12.655922,48.62272,60.55786,6.6362123,5.9825034,-1.6581463
1283,15.89472770690918,10.740335464477539,77.22504425048828,-0.08195831418088648,-14.437252979325182,-97.30876163519984,20.109577,8.346828,20.278349,6.8719096,-12.41425,-9.536594,10.245891,-5.697832,7.400484,10.316513,-8.508419,10.781468,-0.9485506,-3.7317197,17.801445,-3.2284634,13.957714,-39.361504,66.302475,-3.0325665,6.74161,10.707737,-5.5041804,-12.653426,48.654575,60.626736,6.8090453,5.999412,-1.5933148
1284,15.890069007873535,10.732430458068848,77.22724151611328,-0.09685299392398206,-14.42661697301672,-97.28822293629476,20.09655,8.367258,20.258333,6.8738885,-12.415099,-9.545906,10.304448,-5.688524,7.375942,10.189678,-8.451041,10.774953,-0.95394164,-3.7200234,17.788536,-3.2285428,13.954669,-39.373528,66.30803,-3.0413985,6.7450614,10.708517,-5.5400205,-12.646169,48.72896,60.71338,6.990732,6.002976,-1.5461792
1285,15.885824203491211,10.727654457092285,77.22894287109375,-0.10593148157239404,-14.409235886350768,-97.27082890734543,20.076942,8.380874,20.241743,6.873375,-12.413983,-9.554428,10.293188,-5.6772895,7.3606186,10.192523,-8.460695,10.76174,-0.9515471,-3.7134323,17.771463,-3.2343032,13.951925,-39.385605,66.31282,-3.017039,6.748485,10.7126255,-5.5693965,-12.637624,48.79114,60.798306,7.136574,5.989346,-1.509889
1286,15.877169609069824,10.718612670898438,77.23133087158203,-0.11839443920599275,-14.390375198172718,-97.25094261939344,20.053389,8.39879,20.223768,6.8760204,-12.414021,-9.563925,10.287872,-5.6640024,7.3421474,10.179476,-8.461961,10.742719,-0.96154803,-3.7034683,17.746437,-3.2315638,13.9478,-39.393753,66.31344,-2.9751153,6.750479,10.721825,-5.6075687,-12.6221285,48.872093,60.905018,7.2830048,5.962143,-1.483023
1287,15.871257781982422,10.71585750579834,77.23291778564453,-0.13054846521630056,-14.372420470356824,-97.23210191858091,20.031713,8.415942,20.206575,6.8772964,-12.413602,-9.57325,10.279127,-5.6504116,7.324357,10.175875,-8.468758,10.723659,-0.9565852,-3.6934292,17.728167,-3.23875,13.945179,-39.408165,66.31344,-2.9214027,6.753444,10.728905,-5.6339498,-12.610236,48.927467,60.994896,7.40824,5.9336395,-1.4573077
1288,15.865056037902832,10.712305068969727,77.23487854003906,-0.13890331229623898,-14.357145008641853,-97.21428372777127,20.013863,8.429327,20.189413,6.8782544,-12.413685,-9.581067,10.271792,-5.6402407,7.3070393,10.176153,-8.479017,10.710546,-0.94681793,-3.6849647,17.712208,-3.244981,13.943419,-39.42225,66.31134,-2.8752694,6.756221,10.732516,-5.6586137,-12.601536,48.97774,61.080166,7.533087,5.9091206,-1.4321523
1289,15.857479095458984,10.704702377319336,77.23657989501953,-0.14495146960877228,-14.34687756051385,-97.19948983903875,20.003399,8.439066,20.173544,6.8785367,-12.415507,-9.5867605,10.2765255,-5.633535,7.2909236,10.162944,-8.484776,10.706184,-0.9238127,-3.679064,17.705795,-3.2551687,13.942911,-39.43096,66.30627,-2.827999,6.75908,10.73083,-5.6707335,-12.598731,49.00271,61.14114,7.643066,5.8950853,-1.40402
1290,15.855884552001953,10.70268726348877,77.23729705810547,-0.148994964328507,-14.339179344157222,-97.18649329123686,19.996782,8.446863,20.158258,6.8786736,-12.418036,-9.59108,10.284451,-5.6285777,7.275304,10.14903,-8.491606,10.707065,-0.92579293,-3.6767776,17.685009,-3.245496,13.939313,-39.43741,66.3002,-2.804032,6.760179,10.733906,-5.7029915,-12.580042,49.098763,61.23458,7.79709,5.880203,-1.3895762
1291,15.845952987670898,10.695651054382324,77.23590087890625,-0.15115941506078265,-14.332800021631959,-97.17297110942465,19.990671,8.453516,20.142199,6.8803973,-12.420969,-9.59559,10.292729,-5.6251044,7.2589674,10.138569,-8.500689,10.708788,-0.9059699,-3.6746383,17.678679,-3.2506971,13.937759,-39.441254,66.29351,-2.766226,6.763904,10.72906,-5.718405,-12.570894,49.1412,61.29748,7.912573,5.8691874,-1.3708512
1292,15.838132858276367,10.689298629760742,77.23491668701172,-0.15433444145751984,-14.325899543519027,-97.15511586379263,19.982254,8.45968,20.123343,6.880883,-12.420419,-9.601881,10.2986965,-5.6226735,7.239781,10.132066,-8.510527,10.70717,-0.8966691,-3.6758428,17.668417,-3.2523243,13.935819,-39.43978,66.29052,-2.7385128,6.7712183,10.722002,-5.7380633,-12.558226,49.19955,61.365894,8.0278225,5.856489,-1.3622608
1293,15.830123901367188,10.687561988830566,77.2349624633789,-0.15716337411287154,-14.318205734903596,-97.1313051198602,19.970268,8.465681,20.099932,6.88083,-12.415569,-9.612411,10.305544,-5.621618,7.215934,10.123274,-8.517543,10.700578,-0.8821774,-3.679876,17.663923,-3.2629933,13.934604,-39.43545,66.29101,-2.7118766,6.7858486,10.707477,-5.7504106,-12.547726,49.24171,61.41976,8.119299,5.8455544,-1.3609581
1294,15.819499969482422,10.682472229003906,77.23456573486328,-0.15747829951163073,-14.3100434517679,-97.10314066039795,19.95548,8.470659,20.072702,6.8813505,-12.408336,-9.625391,10.309083,-5.6222706,7.188695,10.121542,-8.52755,10.691569,-0.8702925,-3.6846364,17.66077,-3.2732596,13.93389,-39.42744,66.290115,-2.6914706,6.8045273,10.688106,-5.7647843,-12.539804,49.28461,61.47309,8.203362,5.8337007,-1.3655887
1295,15.811549186706543,10.676451683044434,77.23475646972656,-0.15949568112608706,-14.30233966900711,-97.07403042883993,19.941135,8.476192,20.045536,6.8815174,-12.400545,-9.637015,10.312326,-5.6225514,7.16078,10.122118,-8.538303,10.681386,-0.8767814,-3.6926606,17.653837,-3.2733514,13.93311,-39.404095,66.289055,-2.6754181,6.823039,10.668921,-5.787581,-12.524824,49.352726,61.533493,8.293351,5.8192277,-1.3779715
1296,15.806145668029785,10.671899795532227,77.23561096191406,-0.16265202790015576,-14.296100724200507,-97.0482402672024,19.930779,8.484187,20.02275,6.88184,-12.395427,-9.643444,10.317854,-5.6200795,7.1352167,10.121341,-8.547945,10.671405,-0.8640443,-3.6964545,17.651812,-3.2832172,13.933045,-39.398415,66.294235,-2.6599064,6.8378096,10.651174,-5.7942705,-12.518019,49.38504,61.572525,8.368068,5.7999883,-1.3872217
1297,15.799254417419434,10.666955947875977,77.23613739013672,-0.16925340392510763,-14.290584183686557,-97.0263061734058,19.923992,8.496265,20.005905,6.882402,-12.393509,-9.640966,10.32636,-5.613802,7.112134,10.115899,-8.55445,10.661844,-0.87463343,-3.69929,17.639616,-3.2746027,13.933156,-39.383118,66.29884,-2.6515164,6.8476243,10.639429,-5.8165693,-12.497898,49.453987,61.634464,8.465232,5.767028,-1.4013264
1298,15.786785125732422,10.65755844116211,77.2363510131836,-0.1757849083989771,-14.28588457205043,-97.00714240506744,19.919538,8.5108,19.993387,6.8847647,-12.394731,-9.632541,10.333373,-5.605083,7.091256,10.115077,-8.562722,10.652094,-0.8684634,-3.6990018,17.63057,-3.2750425,13.933607,-39.384052,66.310684,-2.6442323,6.855891,10.628607,-5.8243957,-12.48368,49.491997,61.67726,8.5491295,5.7275653,-1.4143782
1299,15.778125762939453,10.65069580078125,77.2380599975586,-0.18288441282894258,-14.283051502667385,-96.9881635759489,19.917917,8.525496,19.980814,6.886118,-12.396239,-9.62403,10.344042,-5.5958347,7.0704465,10.111568,-8.569435,10.642083,-0.8571632,-3.6964707,17.62579,-3.2788396,13.934012,-39.39157,66.32482,-2.642357,6.8597517,10.618605,-5.8265924,-12.477664,49.51498,61.70861,8.622717,5.6898756,-1.4264784
1300,15.772357940673828,10.646622657775879,77.23997497558594,-0.19097587719674702,-14.282382082068965,-96.96638199590858,19.916914,8.539981,19.96356,6.8884106,-12.397316,-9.621667,10.3577795,-5.586706,7.047977,10.108038,-8.576759,10.631672,-0.8474276,-3.6943257,17.622864,-3.28357,13.934438,-39.403664,66.342735,-2.6553462,6.8559113,10.609695,-5.8285832,-12.471395,49.543934,61.739082,8.698878,5.659619,-1.44283
1301,15.764506340026855,10.642387390136719,77.24063873291016,-0.19759778271856848,-14.286743143468014,-96.94289355648995,19.921106,8.553142,19.941551,6.8883247,-12.396337,-9.627992,10.377488,-5.577461,7.0257335,10.104568,-8.584661,10.620688,-0.8462647,-3.6970596,17.616724,-3.281529,13.935403,-39.423367,66.36709,-2.6966577,6.8409834,10.604657,-5.83484,-12.458324,49.604156,61.7792,8.793651,5.6431947,-1.4704568
1302,15.755465507507324,10.633378982543945,77.24116516113281,-0.2051191301426805,-14.294863957554032,-96.91827953857207,19.92898,8.565928,19.916506,6.8889756,-12.396048,-9.639372,10.402511,-5.5679245,7.0036077,10.099617,-8.592386,10.609251,-0.8495804,-3.7018526,17.61505,-3.2764454,13.937563,-39.436897,66.39248,-2.746199,6.81737,10.599343,-5.849176,-12.435648,49.667137,61.8291,8.885869,5.6343255,-1.5006373
1303,15.745264053344727,10.631024360656738,77.2413101196289,-0.21033718019582304,-14.302277516618906,-96.89170125939727,19.934444,8.578121,19.889044,6.890252,-12.39528,-9.652673,10.42622,-5.5595713,6.9791055,10.096699,-8.600847,10.597814,-0.8438104,-3.7057838,17.619993,-3.2814646,13.9389515,-39.453667,66.42011,-2.791665,6.792849,10.59432,-5.8519664,-12.425546,49.70373,61.855366,8.953349,5.6309514,-1.5280393
1304,15.732340812683105,10.624393463134766,77.24042510986328,-0.21660580308376307,-14.304605503590839,-96.86127562769235,19.933338,8.588701,19.859734,6.8908434,-12.393831,-9.66456,10.444596,-5.5538645,6.949545,10.093055,-8.607963,10.5868435,-0.8440529,-3.713023,17.61811,-3.285453,13.941437,-39.471016,66.44501,-2.832846,6.7756147,10.594641,-5.8540926,-12.410702,49.739998,61.882793,8.998559,5.627299,-1.5565369
1305,15.724226951599121,10.622086524963379,77.24040985107422,-0.22019792017882092,-14.297534724098382,-96.8255688074903,19.918444,8.596884,19.827477,6.8914065,-12.39034,-9.674318,10.45148,-5.552876,6.9121523,10.092641,-8.61467,10.576299,-0.8504005,-3.7194374,17.61177,-3.290233,13.94295,-39.482098,66.46172,-2.8629723,6.76738,10.600877,-5.8569393,-12.402699,49.758686,61.906387,8.994606,5.620618,-1.5823431
1306,15.715104103088379,10.617697715759277,77.24068450927734,-0.22310319743794213,-14.285290858639224,-96.78619680112504,19.896431,8.603114,19.793121,6.891814,-12.3866205,-9.683567,10.452485,-5.5549326,6.869592,10.092316,-8.620069,10.565862,-0.8606167,-3.7279794,17.603643,-3.2973423,13.944104,-39.48938,66.475555,-2.8866124,6.764903,10.612079,-5.8567133,-12.397953,49.766346,61.92069,8.9530525,5.616978,-1.6091774
1307,15.702056884765625,10.611708641052246,77.2402114868164,-0.22530486826874918,-14.272176374974007,-96.74479373958594,19.87271,8.609855,19.756525,6.8933682,-12.382887,-9.692875,10.454607,-5.557422,6.8243814,10.08954,-8.624811,10.555937,-0.869766,-3.7378235,17.591778,-3.3059123,13.946619,-39.503822,66.49153,-2.9089482,6.764395,10.624188,-5.8545337,-12.387848,49.77371,61.93814,8.91867,5.611558,-1.6330923
1308,15.689042091369629,10.6060209274292,77.23828887939453,-0.22945851249558613,-14.264571299073967,-96.70476389904766,19.857428,8.618646,19.720026,6.8928194,-12.377689,-9.703034,10.466789,-5.5572257,6.7811494,10.08036,-8.629289,10.546711,-0.8753623,-3.7448375,17.58479,-3.3145955,13.94842,-39.515667,66.506546,-2.9162881,6.764092,10.631077,-5.851167,-12.381778,49.779457,61.954056,8.920833,5.6049285,-1.644657
1309,15.67650032043457,10.599910736083984,77.23882293701172,-0.237405625886303,-14.265152888620255,-96.66676135422645,19.852287,8.631237,19.682907,6.894907,-12.37364,-9.714571,10.488634,-5.552891,6.7408805,10.073381,-8.639485,10.538912,-0.8722677,-3.749801,17.578285,-3.324183,13.9513445,-39.5397,66.52666,-2.916383,6.762941,10.63184,-5.8444653,-12.372687,49.793,61.9772,8.986534,5.5939517,-1.6408827
1310,15.668190956115723,10.592557907104492,77.24114227294922,-0.24523680008379234,-14.270319139073052,-96.62964145781449,19.854359,8.645803,19.64505,6.8956966,-12.368436,-9.726983,10.5173855,-5.5462484,6.701557,10.065277,-8.652191,10.532234,-0.8662588,-3.7525344,17.574312,-3.332582,13.953694,-39.561646,66.54622,-2.9014773,6.762436,10.628321,-5.8357697,-12.366083,49.80726,61.999844,9.087281,5.581167,-1.6240708
1311,15.656922340393066,10.583301544189453,77.2419662475586,-0.2531835432923897,-14.275578276339361,-96.59212672400737,19.856651,8.660509,19.606518,6.8965945,-12.363478,-9.739186,10.548428,-5.539411,6.662183,10.053211,-8.663456,10.525424,-0.86044586,-3.7552292,17.568035,-3.340488,13.956646,-39.588913,66.565796,-2.8863487,6.7630553,10.624797,-5.826533,-12.358347,49.825882,62.02396,9.205104,5.567412,-1.6071254
1312,15.64624309539795,10.576742172241211,77.2431869506836,-0.25979755611981603,-14.275264058008842,-96.55413694409944,19.85199,8.672828,19.568043,6.8974714,-12.358296,-9.749932,10.570189,-5.5345016,6.6229434,10.046386,-8.675217,10.517348,-0.8599857,-3.7583148,17.558847,-3.3475997,13.959794,-39.614613,66.58245,-2.877556,6.7651815,10.624057,-5.8205285,-12.350457,49.843494,62.049934,9.315449,5.5529838,-1.6001506
1313,15.634408950805664,10.572141647338867,77.24311828613281,-0.26400690910778873,-14.265861988675955,-96.51420085522922,19.835339,8.68123,19.528448,6.898361,-12.353099,-9.758536,10.5784855,-5.5331097,6.582603,10.044844,-8.686663,10.506591,-0.8661491,-3.7635765,17.538988,-3.3521283,13.965306,-39.652695,66.59627,-2.8872108,6.7701836,10.630281,-5.8197803,-12.336407,49.86636,62.087837,9.423704,5.5352845,-1.6128477
1314,15.62208366394043,10.56461238861084,77.24608612060547,-0.2671880733540578,-14.25194046893227,-96.47332625041962,19.813953,8.687027,19.488668,6.897609,-12.347267,-9.76576,10.581307,-5.5337176,6.5421386,10.042501,-8.696025,10.494144,-0.88152146,-3.7684495,17.524275,-3.3592834,13.968189,-39.671215,66.605995,-2.8832295,6.7769623,10.636567,-5.821597,-12.330037,49.87762,62.11325,9.517206,5.5196223,-1.6297932
1315,15.610540390014648,10.554097175598145,77.24748229980469,-0.27174790263789633,-14.236731229892685,-96.43200365953989,19.789362,8.693961,19.448448,6.8996606,-12.342521,-9.772726,10.583204,-5.533942,6.5013156,10.039962,-8.704979,10.48237,-0.8926031,-3.77338,17.499075,-3.3635778,13.9749565,-39.71455,66.617355,-2.9044998,6.784031,10.644957,-5.8270364,-12.312928,49.90386,62.16047,9.629789,5.499255,-1.6529113
1316,15.603421211242676,10.54787540435791,77.24828338623047,-0.274615183377132,-14.227637603490201,-96.39386228057397,19.773886,8.702177,19.41185,6.901305,-12.338899,-9.780391,10.594491,-5.5325794,6.463497,10.032088,-8.7119055,10.473986,-0.9000333,-3.777783,17.484896,-3.3685317,13.979211,-39.737537,66.62687,-2.9107072,6.789193,10.646922,-5.829065,-12.302459,49.918636,62.192196,9.717965,5.4880834,-1.6621844
1317,15.590561866760254,10.54268741607666,77.24764251708984,-0.2793713238356828,-14.226433192003482,-96.35951104578142,19.769775,8.712811,19.379562,6.9018803,-12.335334,-9.789104,10.614806,-5.528528,6.4296293,10.024049,-8.71955,10.471263,-0.89749706,-3.7814949,17.477667,-3.3719437,13.982955,-39.754692,66.63538,-2.9149,6.791895,10.642153,-5.827406,-12.293529,49.930984,62.217823,9.795069,5.4850435,-1.6566391
1318,15.579178810119629,10.529497146606445,77.24664306640625,-0.2840541199043301,-14.228950708886163,-96.32889551655958,19.772146,8.723711,19.351454,6.9018774,-12.3326645,-9.798118,10.638416,-5.523601,6.399945,10.017177,-8.727692,10.472586,-0.89066476,-3.7836714,17.47608,-3.3743098,13.984306,-39.76208,66.64138,-2.9171765,6.7929487,10.633829,-5.823716,-12.2906685,49.936523,62.236324,9.855611,5.488216,-1.6411737
1319,15.567463874816895,10.522445678710938,77.24571990966797,-0.28998966024681294,-14.234595309418818,-96.29661209899275,19.777212,8.737442,19.321978,6.9026556,-12.330366,-9.807578,10.670658,-5.5168085,6.3678303,10.00138,-8.732344,10.473505,-0.88080853,-3.7854388,17.47215,-3.377379,13.987149,-39.78024,66.65162,-2.9265373,6.793754,10.623189,-5.818664,-12.284721,49.95112,62.258797,9.924326,5.491784,-1.6246651
1320,15.557042121887207,10.513198852539062,77.24564361572266,-0.2971455343069051,-14.237537597262609,-96.2634673486331,19.778706,8.751239,19.291952,6.904038,-12.328763,-9.816913,10.69833,-5.509882,6.334759,9.988466,-8.738858,10.470365,-0.8742605,-3.787635,17.463675,-3.3782814,13.992106,-39.80648,66.659836,-2.9420958,6.795497,10.61702,-5.814543,-12.274224,49.97116,62.283905,9.985912,5.4947605,-1.6147007
1321,15.545138359069824,10.506900787353516,77.24496459960938,-0.3051546840972417,-14.237989648400287,-96.22725608357707,19.776762,8.76594,19.259241,6.9051886,-12.328116,-9.826753,10.7215,-5.5019345,6.298203,9.981524,-8.750008,10.461026,-0.8727683,-3.789521,17.45266,-3.380036,13.996956,-39.834263,66.66853,-2.9540799,6.7986445,10.612761,-5.811648,-12.263984,49.992714,62.3079,10.038182,5.498537,-1.6101297
1322,15.534110069274902,10.49600601196289,77.24514770507812,-0.3149799199463514,-14.237747572356325,-96.18912007535711,19.773094,8.78235,19.225143,6.9065595,-12.327613,-9.837308,10.744782,-5.4928846,6.2592435,9.973295,-8.761332,10.447911,-0.87369704,-3.7906237,17.438885,-3.3817215,14.001899,-39.86645,66.67822,-2.9673069,6.802442,10.609784,-5.8075333,-12.253377,50.017357,62.330185,10.083889,5.503799,-1.6088424
1323,15.521269798278809,10.48703384399414,77.24535369873047,-0.323531749733795,-14.236206436288445,-96.15221596377788,19.766804,8.798241,19.191595,6.9108067,-12.328697,-9.846687,10.764035,-5.483983,6.22136,9.969633,-8.774626,10.434033,-0.87404,-3.7922792,17.422941,-3.3817482,14.007727,-39.90256,66.68631,-2.9848309,6.8064766,10.609139,-5.805706,-12.240194,50.045353,62.35812,10.126263,5.5065417,-1.6093659
1324,15.511112213134766,10.481022834777832,77.24624633789062,-0.3306573523161561,-14.233366106954174,-96.11878520260058,19.75678,8.8130045,19.160513,6.9197373,-12.3305025,-9.853699,10.780698,-5.476734,6.1871843,9.963126,-8.784032,10.422472,-0.87460065,-3.7935047,17.413315,-3.3857484,14.011152,-39.924915,66.69388,-2.9944239,6.8093505,10.608979,-5.806869,-12.232389,50.066204,62.38111,10.155663,5.5052576,-1.6052066
1325,15.498927116394043,10.476266860961914,77.24774169921875,-0.33397533145460173,-14.227708298978783,-96.09021169386627,19.743734,8.824829,19.133179,6.9284606,-12.329721,-9.857211,10.790369,-5.4713607,6.158777,9.958768,-8.791399,10.414046,-0.87474954,-3.797396,17.401356,-3.3847861,14.017601,-39.946037,66.69645,-3.0105574,6.8107395,10.612756,-5.8153334,-12.216253,50.095932,62.41872,10.185802,5.493326,-1.599848
1326,15.48918342590332,10.471324920654297,77.24886322021484,-0.33510240552615506,-14.220507767400342,-96.06697041976699,19.73081,8.833591,19.110401,6.9337087,-12.325582,-9.858308,10.794363,-5.4673314,6.1358867,9.957406,-8.797738,10.407159,-0.86971265,-3.798717,17.39906,-3.3902378,14.018226,-39.949062,66.698364,-3.011121,6.8106823,10.616164,-5.8192477,-12.214858,50.10177,62.437973,10.189206,5.480245,-1.5883875
1327,15.478402137756348,10.465723037719727,77.25004577636719,-0.33803529418996775,-14.212812699703601,-96.04226121168654,19.714643,8.842821,19.08574,6.944118,-12.324102,-9.858133,10.799423,-5.464004,6.111461,9.952195,-8.801999,10.40096,-0.8675531,-3.8021002,17.394737,-3.3978512,14.0206995,-39.958626,66.702965,-3.0187414,6.8115344,10.621604,-5.829268,-12.209059,50.12355,62.465992,10.200772,5.4626007,-1.5776806
1328,15.467921257019043,10.459699630737305,77.25028991699219,-0.3394706026396899,-14.20628121910935,-96.01812272330177,19.698343,8.85328,19.061138,6.9582844,-12.32614,-9.858339,10.806074,-5.4604654,6.086084,9.94804,-8.8078985,10.394637,-0.87387353,-3.806025,17.384932,-3.3930469,14.025542,-39.966476,66.7025,-3.032525,6.813813,10.629914,-5.8473206,-12.19495,50.1658,62.506252,10.225725,5.4522743,-1.5756162
1329,15.4600248336792,10.456965446472168,77.250244140625,-0.340216229081238,-14.202453282128838,-95.99485603847553,19.689718,8.860604,19.037601,6.964848,-12.326971,-9.858063,10.816539,-5.4594693,6.0600796,9.944512,-8.81642,10.389216,-0.8694869,-3.8091698,17.382315,-3.393091,14.027281,-39.9703,66.70284,-3.0281591,6.819871,10.637488,-5.857881,-12.189425,50.18346,62.527702,10.232241,5.4589343,-1.5764815
1330,15.449850082397461,10.44965934753418,77.24951171875,-0.34039611539513454,-14.199970615019346,-95.97237632690721,19.681778,8.867839,19.014288,6.9737434,-12.3305235,-9.857178,10.828844,-5.459349,6.0334406,9.941045,-8.826067,10.384427,-0.8693901,-3.813898,17.377052,-3.386613,14.03015,-39.974197,66.70088,-3.025784,6.8282504,10.648358,-5.872326,-12.178747,50.216595,62.552807,10.246261,5.4740863,-1.58515
1331,15.436583518981934,10.439066886901855,77.2494888305664,-0.34110015465801724,-14.197549731178642,-95.95178613359403,19.67683,8.875171,18.99336,6.9782395,-12.332399,-9.857105,10.840084,-5.457924,6.008729,9.939294,-8.836121,10.378761,-0.8585031,-3.8168218,17.376812,-3.3884797,14.030929,-39.977043,66.70384,-3.0146744,6.835721,10.65583,-5.8783655,-12.175752,50.226887,62.56295,10.240664,5.490503,-1.5894692
1332,15.426102638244629,10.432257652282715,77.24935913085938,-0.3454670440419098,-14.195839431779602,-95.92733712285022,19.668327,8.887044,18.9691,6.990275,-12.337409,-9.859192,10.855722,-5.453422,5.981,9.931108,-8.841929,10.370615,-0.8624895,-3.8199098,17.369375,-3.3833222,14.03321,-39.986324,66.70747,-3.0214708,6.8435483,10.665355,-5.8963184,-12.165045,50.272835,62.59133,10.256648,5.5004897,-1.5952458
1333,15.4158296585083,10.426730155944824,77.24854278564453,-0.3531168855761426,-14.192781324028536,-95.90337717005417,19.66063,8.903124,18.946766,6.998279,-12.339486,-9.865334,10.865984,-5.4427595,5.9556527,9.9299345,-8.848357,10.358516,-0.8733484,-3.8230731,17.357578,-3.3732889,14.037131,-39.98765,66.712296,-3.031511,6.8472404,10.671281,-5.92304,-12.145004,50.33344,62.6366,10.26777,5.498588,-1.5946932
1334,15.404484748840332,10.419888496398926,77.24987030029297,-0.36380771825405256,-14.190084648014121,-95.87887997647385,19.652683,8.922883,18.924753,7.0079036,-12.342454,-9.8742075,10.878256,-5.4283013,5.930619,9.924493,-8.850849,10.34377,-0.8684912,-3.8210483,17.353096,-3.377445,14.03854,-39.99653,66.724075,-3.0373437,6.8493567,10.672775,-5.938975,-12.13785,50.365875,62.66207,10.258786,5.4928765,-1.5849807
1335,15.394559860229492,10.414395332336426,77.2510986328125,-0.3743599875891036,-14.186906773541763,-95.85447802296565,19.643862,8.943079,18.9028,7.0190053,-12.345962,-9.882933,10.8883505,-5.4133253,5.905977,9.922552,-8.855196,10.328462,-0.8792298,-3.8205447,17.339308,-3.3707798,14.041053,-40.007656,66.73449,-3.0582383,6.8517647,10.676498,-5.9635434,-12.1239805,50.430088,62.704468,10.268367,5.482863,-1.5792688
1336,15.384300231933594,10.409222602844238,77.25312805175781,-0.381807207881248,-14.184353227826918,-95.83167801718322,19.635815,8.960383,18.881763,7.0294642,-12.348038,-9.888998,10.899425,-5.4014626,5.882105,9.919455,-8.860674,10.314743,-0.88697314,-3.820809,17.330269,-3.3697898,14.043046,-40.01837,66.7451,-3.0734956,6.857422,10.677965,-5.9824605,-12.113654,50.47448,62.734287,10.269853,5.4750085,-1.5721426
1337,15.372206687927246,10.4029541015625,77.2545394897461,-0.3860448383422258,-14.181818827680015,-95.81013510662137,19.628464,8.973052,18.861885,7.0380607,-12.347574,-9.889918,10.910336,-5.3947105,5.858492,9.916305,-8.868896,10.3033285,-0.89673644,-3.8224661,17.322338,-3.369673,14.044613,-40.03084,66.753044,-3.0895827,6.8687186,10.678281,-5.997343,-12.106444,50.507946,62.757236,10.270945,5.467559,-1.5668548
1338,15.364151954650879,10.39697551727295,77.2564926147461,-0.38789219038146955,-14.179463843660306,-95.78986937227134,19.621128,8.983028,18.843172,7.047123,-12.346338,-9.887733,10.919033,-5.390645,5.8359404,9.917723,-8.881192,10.293,-0.90794456,-3.8261912,17.31451,-3.3706214,14.046553,-40.045177,66.76041,-3.1063893,6.883577,10.677164,-6.00915,-12.099415,50.53634,62.774887,10.270083,5.4605303,-1.5629803
1339,15.353861808776855,10.3914155960083,77.25731658935547,-0.3892064165179582,-14.177302495327439,-95.76946628836949,19.612272,8.993489,18.823381,7.0592966,-12.346455,-9.886172,10.930005,-5.3869214,5.8129845,9.915012,-8.891715,10.283045,-0.9252938,-3.827691,17.303991,-3.3685062,14.048355,-40.06464,66.76739,-3.1321201,6.8980465,10.677766,-6.025412,-12.093314,50.569584,62.79998,10.280202,5.451264,-1.5578842
1340,15.344944953918457,10.384187698364258,77.25675964355469,-0.3927238110477971,-14.177207716731937,-95.74987802666979,19.607363,9.004731,18.804377,7.0693536,-12.3471575,-9.889055,10.94353,-5.3811827,5.792177,9.911154,-8.900939,10.272417,-0.9414456,-3.8297846,17.29244,-3.3648498,14.050951,-40.086205,66.77818,-3.1513643,6.908215,10.679781,-6.0379295,-12.0851555,50.604515,62.820408,10.293194,5.4469986,-1.5522236
1341,15.333511352539062,10.376912117004395,77.25535583496094,-0.3970033371748076,-14.177838852130925,-95.7329206217275,19.607979,9.016066,18.787363,7.071862,-12.34639,-9.898576,10.954272,-5.3722615,5.7759166,9.913906,-8.912043,10.259933,-0.9506074,-3.8293488,17.288647,-3.3667006,14.051532,-40.09233,66.79255,-3.142668,6.912571,10.679423,-6.045253,-12.083801,50.611294,62.823605,10.28806,5.4497476,-1.5388762
1342,15.321784973144531,10.37069034576416,77.25360107421875,-0.4029529283788616,-14.181175009753666,-95.71444344886645,19.609894,9.030234,18.767956,7.0786757,-12.349517,-9.912503,10.972069,-5.360913,5.758661,9.910025,-8.919896,10.246048,-0.9624742,-3.8304062,17.279825,-3.369446,14.05489,-40.119003,66.817764,-3.1446316,6.911996,10.682214,-6.0550857,-12.075757,50.63466,62.831646,10.299936,5.4559565,-1.5220429
1343,15.311427116394043,10.3641357421875,77.25181579589844,-0.40889383737501095,-14.185324629955982,-95.69722071499535,19.615845,9.042726,18.750303,7.0793138,-12.349623,-9.927226,10.988677,-5.3499665,5.7433214,9.909474,-8.929146,10.233654,-0.97282946,-3.8304262,17.275099,-3.3710408,14.057981,-40.135387,66.83806,-3.135334,6.911575,10.683723,-6.061626,-12.069447,50.643772,62.83439,10.303195,5.4633923,-1.5057237
1344,15.302567481994629,10.357409477233887,77.25038146972656,-0.4138497821639823,-14.192897550513088,-95.67822871245384,19.623302,9.055859,18.730988,7.0838666,-12.3513975,-9.939488,11.012683,-5.340483,5.7245936,9.903395,-8.936596,10.224783,-0.9789334,-3.8302848,17.268732,-3.373782,14.062019,-40.168568,66.86178,-3.144053,6.9109893,10.687082,-6.066021,-12.060472,50.655132,62.84521,10.320783,5.4670844,-1.4925615
1345,15.29389476776123,10.353878021240234,77.24937438964844,-0.41967561035454926,-14.204934910449529,-95.65688219626765,19.63509,9.067947,18.71009,7.0899863,-12.353271,-9.9487505,11.043066,-5.333775,5.702184,9.896223,-8.944804,10.221472,-0.9863073,-3.830924,17.269848,-3.3772876,14.065862,-40.194874,66.88107,-3.150286,6.9155817,10.688122,-6.067199,-12.051825,50.661697,62.850784,10.339192,5.470222,-1.4819162
1346,15.284659385681152,10.34443187713623,77.24910736083984,-0.42493493124095877,-14.220404675261008,-95.63420023943135,19.651403,9.079082,18.688688,7.0950656,-12.354634,-9.95663,11.077737,-5.328507,5.6776204,9.889139,-8.953835,10.222026,-0.9977521,-3.8300817,17.27583,-3.3803585,14.067462,-40.213528,66.89826,-3.156604,6.922321,10.687621,-6.0673633,-12.04821,50.667244,62.85322,10.361178,5.472222,-1.4714949
1347,15.27734088897705,10.337913513183594,77.24836730957031,-0.43040814517402287,-14.236645749761005,-95.61118936915942,19.667303,9.090751,18.667192,7.1023602,-12.357347,-9.962925,11.114717,-5.323396,5.6525793,9.879652,-8.961926,10.223278,-1.0067251,-3.8294277,17.279629,-3.383914,14.069773,-40.24365,66.91779,-3.1691115,6.9258523,10.689998,-6.063838,-12.04263,50.674446,62.855843,10.388032,5.4732256,-1.464473
1348,15.270050048828125,10.330154418945312,77.24822998046875,-0.43475810854368857,-14.249557954119556,-95.59064800292589,19.67991,9.101916,18.647951,7.11004,-12.361605,-9.967006,11.145897,-5.3180003,5.6304994,9.8724,-8.969845,10.222393,-1.0108746,-3.8287575,17.276892,-3.3870935,14.072973,-40.284782,66.93908,-3.1847072,6.9213324,10.697019,-6.057671,-12.034008,50.67848,62.861732,10.411575,5.472651,-1.4603397
1349,15.263630867004395,10.323200225830078,77.24860382080078,-0.4388576589357558,-14.257306078962117,-95.57300501830487,19.687176,9.11236,18.63162,7.117755,-12.367873,-9.966771,11.169093,-5.3121977,5.6122375,9.8672695,-8.977801,10.218905,-1.0177832,-3.8280241,17.268559,-3.3885658,14.075633,-40.324696,66.96157,-3.1917284,6.902502,10.709459,-6.053633,-12.026583,50.679947,62.87001,10.422489,5.470796,-1.4564182
1350,15.25528621673584,10.315760612487793,77.24905395507812,-0.4438016979697438,-14.261960891181834,-95.55714474717156,19.690338,9.122561,18.617275,7.127551,-12.376422,-9.963173,11.187409,-5.305941,5.596557,9.864088,-8.986183,10.214203,-1.0297959,-3.8270085,17.258253,-3.388133,14.077214,-40.356834,66.983696,-3.1903422,6.8735123,10.725339,-6.049913,-12.022219,50.682602,62.87415,10.42684,5.4680214,-1.4531572
1351,15.247047424316406,10.30954360961914,77.24821472167969,-0.4470912281230161,-14.266817540790258,-95.54195925650438,19.694395,9.1325035,18.60386,7.1369762,-12.385351,-9.960206,11.20591,-5.2997828,5.581347,9.860404,-8.993532,10.208205,-1.0320079,-3.8254423,17.243576,-3.3891017,14.07992,-40.40886,67.007805,-3.1995895,6.845074,10.743235,-6.04019,-12.013855,50.67909,62.8819,10.433083,5.4642425,-1.4530996
1352,15.239912033081055,10.301532745361328,77.2470474243164,-0.4509064313555455,-14.274979293975358,-95.52702120964304,19.7037,9.1419115,18.591635,7.1433215,-12.391399,-9.962021,11.226354,-5.293925,5.566404,9.860593,-9.0027075,10.200782,-1.0429302,-3.8233821,17.237263,-3.3866408,14.08102,-40.428646,67.02381,-3.1968522,6.8267403,10.753932,-6.034498,-12.01005,50.67547,62.885338,10.4367895,5.4607434,-1.451341
1353,15.232983589172363,10.295877456665039,77.24517822265625,-0.45512477332246104,-14.288700948136418,-95.51243844521517,19.720371,9.152343,18.58123,7.1478972,-12.394985,-9.9710655,11.252495,-5.287678,5.551391,9.8613,-9.010678,10.190629,-1.0464691,-3.8192039,17.2348,-3.3840392,14.082098,-40.447353,67.035545,-3.204252,6.822957,10.760026,-6.023543,-12.005173,50.663857,62.890488,10.443179,5.455367,-1.4516307
1354,15.226076126098633,10.290611267089844,77.2430191040039,-0.4589556048630676,-14.305969657005836,-95.49826574520972,19.743883,9.16199,18.57283,7.146446,-12.39433,-9.984645,11.28039,-5.28143,5.5370183,9.866443,-9.020239,10.1782055,-1.0450447,-3.813776,17.23763,-3.3827105,14.08309,-40.459793,67.04346,-3.212365,6.827907,10.762297,-6.0102806,-11.998343,50.63994,62.895206,10.445153,5.449081,-1.4521314
1355,15.218989372253418,10.283456802368164,77.2417221069336,-0.4640364887931982,-14.323427401799435,-95.48399373096055,19.766985,9.171392,18.563953,7.146272,-12.394338,-9.999385,11.310182,-5.2758536,5.522204,9.867811,-9.028042,10.1661215,-1.0490601,-3.8083575,17.240583,-3.377961,14.083337,-40.46024,67.04801,-3.214656,6.8367643,10.761194,-5.9986377,-11.994386,50.620884,62.89975,10.449331,5.443592,-1.4526467
1356,15.212557792663574,10.274605751037598,77.24134063720703,-0.4675709134752844,-14.337516549046558,-95.46892345460012,19.785683,9.179178,18.552198,7.1462994,-12.394765,-10.011724,11.335946,-5.2711625,5.5058784,9.871556,-9.03905,10.156715,-1.0585865,-3.8041053,17.240047,-3.3715262,14.083384,-40.459705,67.051926,-3.2111814,6.844707,10.757859,-5.9888754,-11.990966,50.607487,62.90129,10.459685,5.4418488,-1.4525824
1357,15.205639839172363,10.266386985778809,77.24034881591797,-0.470359032660846,-14.345278430874568,-95.45393841740429,19.796444,9.184544,18.53767,7.1464353,-12.395763,-10.020584,11.355964,-5.268212,5.4889913,9.872581,-9.050526,10.151008,-1.0711668,-3.8010201,17.233982,-3.365011,14.083337,-40.459343,67.055954,-3.197566,6.8510947,10.752026,-5.9819064,-11.989826,50.60091,62.901413,10.474091,5.4444995,-1.4515584
1358,15.19879150390625,10.258573532104492,77.23921203613281,-0.47349099354489493,-14.353633622911863,-95.43469990603754,19.805796,9.189899,18.51675,7.1487207,-12.39854,-10.027941,11.382824,-5.26598,5.4666486,9.864228,-9.060126,10.147351,-1.081912,-3.7965283,17.220589,-3.3492668,14.08301,-40.460915,67.05577,-3.1682007,6.860619,10.741068,-5.96475,-11.985354,50.57934,62.901176,10.483365,5.4521093,-1.4477699
1359,15.190328598022461,10.248785018920898,77.23878479003906,-0.47424280722142703,-14.359825241498644,-95.41738428141741,19.813953,9.1939,18.497675,7.1485505,-12.399819,-10.034909,11.404875,-5.26437,5.4462495,9.860173,-9.07179,10.145031,-1.0966073,-3.7943804,17.209784,-3.34021,14.082807,-40.462597,67.059654,-3.1467137,6.868914,10.730494,-5.9561753,-11.983175,50.569897,62.900963,10.501746,5.458931,-1.4456085
1360,15.187422752380371,10.241912841796875,77.23839569091797,-0.4785209384645362,-14.3703366668546,-95.39819459467422,19.825592,9.2005205,18.478678,7.1515145,-12.403079,-10.042948,11.433749,-5.2615905,5.42425,9.851715,-9.080481,10.142767,-1.1041793,-3.7909243,17.19953,-3.32939,14.082071,-40.4709,67.06414,-3.125994,6.8789544,10.719748,-5.94308,-11.975386,50.547596,62.90552,10.514314,5.4630847,-1.4430213
1361,15.179790496826172,10.236043930053711,77.23816680908203,-0.4825028829599969,-14.385299211520355,-95.38009215348433,19.843624,9.209051,18.463451,7.1535907,-12.406441,-10.0528755,11.465332,-5.257414,5.4037905,9.846518,-9.089383,10.141306,-1.1176436,-3.7892401,17.196074,-3.3210661,14.08177,-40.47409,67.07099,-3.1171703,6.8897867,10.710305,-5.9363875,-11.972371,50.541515,62.908703,10.537541,5.462451,-1.4427259
1362,15.171764373779297,10.228792190551758,77.23682403564453,-0.4874789120163043,-14.403770525121198,-95.36159990787982,19.8662,9.219578,18.44965,7.156005,-12.410869,-10.06399,11.502172,-5.251785,5.382716,9.838516,-9.096414,10.140707,-1.1301486,-3.7869422,17.194284,-3.3106065,14.081364,-40.478485,67.076866,-3.1113958,6.902655,10.701026,-5.9291162,-11.967457,50.53533,62.914093,10.5619,5.458811,-1.4432588
1363,15.167524337768555,10.22146987915039,77.23554229736328,-0.4934685003635641,-14.422735784682565,-95.34201898819148,19.88741,9.230051,18.43511,7.160318,-12.415378,-10.074577,11.5389185,-5.246819,5.361239,9.831469,-9.103358,10.139692,-1.1447594,-3.7858562,17.193731,-3.3022037,14.081158,-40.48288,67.08604,-3.108967,6.9129972,10.691877,-5.9246106,-11.963971,50.53165,62.9201,10.589032,5.454423,-1.4440088
1364,15.16213607788086,10.215204238891602,77.23395538330078,-0.4958229717215721,-14.43988946639599,-95.32087452577731,19.906216,9.237512,18.41787,7.1622033,-12.416805,-10.082926,11.571086,-5.243978,5.3388968,9.829683,-9.112894,10.136871,-1.1625031,-3.7871912,17.193224,-3.294738,14.081103,-40.487095,67.09735,-3.1062896,6.9174356,10.68334,-5.9230657,-11.960859,50.52919,62.92511,10.618793,5.4512453,-1.4452493
1365,15.156112670898438,10.210492134094238,77.23243713378906,-0.49807766801158676,-14.452919931338846,-95.29812173248033,19.916645,9.242326,18.39767,7.1668353,-12.416163,-10.088274,11.596984,-5.2437615,5.316361,9.830988,-9.123496,10.131556,-1.1838068,-3.790817,17.19146,-3.2898526,14.081213,-40.490208,67.111336,-3.1039176,6.9132495,10.676078,-5.9248695,-11.958815,50.528244,62.92758,10.651426,5.4498267,-1.4474174
1366,15.149843215942383,10.206475257873535,77.23108673095703,-0.49850580529846145,-14.465479633738969,-95.27212402500547,19.923721,9.245499,18.373634,7.1729455,-12.414228,-10.091453,11.62361,-5.245425,5.2912803,9.830041,-9.132526,10.124656,-1.2085117,-3.7967112,17.189564,-3.285734,14.081755,-40.49566,67.129616,-3.1039596,6.901159,10.669727,-5.931437,-11.954419,50.52974,62.9347,10.689438,5.4484425,-1.450112
1367,15.143510818481445,10.204660415649414,77.22981262207031,-0.4988354711141723,-14.478178355439121,-95.24554871011976,19.931255,9.2476015,18.34893,7.176902,-12.410998,-10.09412,11.648668,-5.247641,5.2661543,9.832106,-9.143088,10.116761,-1.2360914,-3.8032553,17.189032,-3.2826436,14.082189,-40.49913,67.14869,-3.10367,6.8888936,10.66248,-5.9379396,-11.952321,50.530735,62.937225,10.725872,5.447635,-1.4522468
1368,15.13715934753418,10.199432373046875,77.22985076904297,-0.5002859794637811,-14.494664068740141,-95.21723780856038,19.942272,9.251608,18.321997,7.183734,-12.411736,-10.097763,11.678857,-5.248892,5.238742,9.834579,-9.154981,10.1083765,-1.268064,-3.8100436,17.19189,-3.2798927,14.083123,-40.505463,67.17008,-3.1055834,6.879728,10.652616,-5.9448514,-11.948996,50.53224,62.938488,10.759755,5.4471593,-1.4521395
1369,15.129420280456543,10.192365646362305,77.22875213623047,-0.5050379121211512,-14.516718004612606,-95.18618392960138,19.959986,9.258244,18.292912,7.189346,-12.414903,-10.103599,11.717819,-5.2483068,5.208254,9.8335285,-9.166557,10.098794,-1.3031538,-3.8157132,17.198048,-3.2774074,14.084237,-40.517456,67.194756,-3.1135046,6.876276,10.640323,-5.9496574,-11.945565,50.532303,62.93816,10.793217,5.4459825,-1.4506373
1370,15.125885963439941,10.186614036560059,77.22657012939453,-0.5110979649279886,-14.541793271257806,-95.15344369367283,19.980734,9.266308,18.262081,7.196213,-12.420911,-10.110466,11.759433,-5.2465124,5.1761665,9.835531,-9.180693,10.087979,-1.3384145,-3.82119,17.20632,-3.2772622,14.0859785,-40.538044,67.223465,-3.1270354,6.8762646,10.626182,-5.951345,-11.940791,50.52842,62.93457,10.824518,5.444781,-1.4483382
1371,15.121288299560547,10.181323051452637,77.22625732421875,-0.5169889942587763,-14.568717730638866,-95.1198703595138,20.002882,9.274467,18.229744,7.203176,-12.426945,-10.116914,11.804245,-5.245068,5.1426806,9.83585,-9.194203,10.077449,-1.3658687,-3.8276114,17.215376,-3.2804236,14.089897,-40.57373,67.25402,-3.1430404,6.8770194,10.610688,-5.9494767,-11.930479,50.511795,62.932457,10.848209,5.443736,-1.443643
1372,15.115732192993164,10.17778205871582,77.226318359375,-0.5225187454303352,-14.595520013083176,-95.08666606506162,20.025503,9.281104,18.196594,7.209364,-12.431796,-10.121273,11.848111,-5.245011,5.108899,9.837382,-9.207441,10.068996,-1.4046694,-3.8353696,17.228191,-3.2801497,14.092755,-40.594173,67.27929,-3.1477087,6.8747277,10.592434,-5.952286,-11.9239855,50.501125,62.9257,10.862434,5.4452095,-1.4337566
1373,15.111117362976074,10.173505783081055,77.22543334960938,-0.5255982187977327,-14.622427967899885,-95.0561061433475,20.047634,9.287052,18.162693,7.2185993,-12.436828,-10.122637,11.8920765,-5.2459135,5.0754538,9.839201,-9.220166,10.062468,-1.431942,-3.8434467,17.241718,-3.2821846,14.098401,-40.632915,67.301315,-3.153969,6.867746,10.575188,-5.951024,-11.912214,50.47103,62.920975,10.858326,5.448155,-1.4144574
1374,15.107858657836914,10.169828414916992,77.22406005859375,-0.5288251905269645,-14.649329536015419,-95.02716285268274,20.070168,9.291893,18.128658,7.2280917,-12.441448,-10.121904,11.935419,-5.2477345,5.0425487,9.841705,-9.23233,10.057262,-1.4808747,-3.852816,17.257257,-3.2746534,14.100139,-40.643417,67.317,-3.1451542,6.857429,10.55703,-5.9542894,-11.909036,50.46175,62.906128,10.8506975,5.4544554,-1.3893082
1375,15.104354858398438,10.167876243591309,77.22232055664062,-0.5313879306221001,-14.678320017500685,-94.99413154094458,20.092646,9.297181,18.090895,7.238523,-12.445456,-10.120918,11.985661,-5.2502728,5.005572,9.835581,-9.240315,10.053537,-1.5190078,-3.8631852,17.276655,-3.2747371,14.105724,-40.673897,67.335365,-3.1386092,6.847237,10.534366,-5.955418,-11.900238,50.43276,62.893826,10.83223,5.4610157,-1.3642565
1376,15.097679138183594,10.162972450256348,77.22235107421875,-0.5332980265129309,-14.703172938141522,-94.95937401264636,20.109262,9.29979,18.054815,7.246792,-12.447683,-10.121004,12.024795,-5.254392,4.969854,9.840062,-9.252935,10.051526,-1.5647496,-3.87505,17.294136,-3.2754498,14.107567,-40.686768,67.35261,-3.1192477,6.845027,10.501815,-5.9606786,-11.897691,50.424088,62.88044,10.825067,5.463524,-1.3541296
1377,15.089503288269043,10.165066719055176,77.21968078613281,-0.5359446508974085,-14.733000552380295,-94.91004198234292,20.124462,9.302037,18.00909,7.2550583,-12.447941,-10.122667,12.0782995,-5.261649,4.9231853,9.828688,-9.259339,10.052823,-1.6014588,-3.892306,17.322363,-3.300494,14.113038,-40.721188,67.387314,-3.101378,6.849589,10.450626,-5.9650335,-11.890598,50.40262,62.865276,10.82165,5.46286,-1.3606116
1378,15.081342697143555,10.164478302001953,77.21892547607422,-0.5365497515124051,-14.76082491565308,-94.85615747359655,20.13488,9.301775,17.962154,7.2618833,-12.446272,-10.124938,12.125872,-5.2710004,4.874976,9.823705,-9.269049,10.056773,-1.6428547,-3.9123232,17.350979,-3.3282757,14.117767,-40.74825,67.42178,-3.073982,6.861873,10.388284,-5.972762,-11.884841,50.39156,62.8498,10.82465,5.458994,-1.3804204
1379,15.075124740600586,10.167839050292969,77.21580505371094,-0.5375849078469622,-14.786684030788763,-94.80310056871924,20.142572,9.302017,17.916433,7.268557,-12.443918,-10.127934,12.171232,-5.27997,4.827551,9.816845,-9.276359,10.060306,-1.6798092,-3.9324799,17.377748,-3.358417,14.1239,-40.779583,67.45693,-3.044908,6.8742275,10.324163,-5.9798408,-11.877571,50.381317,62.83583,10.82913,5.454485,-1.404702
1380,15.070920944213867,10.167807579040527,77.21369934082031,-0.5387069396068135,-14.807457735428722,-94.75874757848021,20.148684,9.303381,17.876804,7.2750998,-12.442188,-10.131366,12.208303,-5.2863836,4.7863126,9.812574,-9.282368,10.060452,-1.7032113,-3.9508848,17.39594,-3.3828459,14.136909,-40.825897,67.48409,-3.0224688,6.8810067,10.269109,-5.984158,-11.862219,50.363445,62.830906,10.829242,5.4513254,-1.4247999
1381,15.064823150634766,10.167072296142578,77.21444702148438,-0.5411211983493611,-14.821062136136195,-94.72700157934972,20.153297,9.306388,17.846996,7.279367,-12.440527,-10.136409,12.232222,-5.288336,4.7544494,9.813839,-9.286947,10.055443,-1.7278346,-3.9630108,17.403517,-3.393539,14.146275,-40.857246,67.503494,-2.9912114,6.8764195,10.225644,-5.9874744,-11.851397,50.355556,62.824997,10.826679,5.450863,-1.4399276
1382,15.060998916625977,10.1657133102417,77.21318817138672,-0.5452819824025886,-14.829307505954446,-94.70313116663903,20.15554,9.310968,17.823175,7.2827454,-12.438509,-10.142867,12.248673,-5.2874956,4.728239,9.815265,-9.289024,10.047153,-1.753379,-3.9715998,17.404503,-3.4000287,14.151779,-40.87957,67.52309,-2.9534261,6.8640637,10.1881075,-5.989359,-11.845453,50.354565,62.815655,10.822202,5.452866,-1.4539381
1383,15.056796073913574,10.165552139282227,77.21199798583984,-0.5478815993933057,-14.836472053074285,-94.68227468648402,20.157455,9.31533,17.801208,7.286214,-12.436975,-10.147998,12.261911,-5.286164,4.7042317,9.819278,-9.291244,10.038116,-1.7788881,-3.9778457,17.405146,-3.4050782,14.154813,-40.897137,67.53896,-2.9122963,6.853248,10.154619,-5.991515,-11.842413,50.355255,62.8061,10.816858,5.456427,-1.4629397
1384,15.053303718566895,10.164432525634766,77.21243286132812,-0.5525142594951163,-14.847417349730417,-94.65786989500171,20.160017,9.319819,17.775322,7.2926726,-12.436868,-10.149497,12.281611,-5.286093,4.6768985,9.819104,-9.292629,10.030528,-1.7930762,-3.9856524,17.407717,-3.4193938,14.161689,-40.942364,67.55757,-2.8872464,6.851213,10.123856,-5.9876394,-11.83571,50.35064,62.79959,10.818028,5.4608374,-1.4673063
1385,15.048749923706055,10.163850784301758,77.21172332763672,-0.5541426436601562,-14.864091283112861,-94.62907996797504,20.164743,9.322448,17.743235,7.301574,-12.438227,-10.144846,12.306215,-5.288729,4.64501,9.823778,-9.297963,10.024542,-1.822404,-3.9940233,17.421478,-3.434392,14.164632,-40.96384,67.570335,-2.8485491,6.86339,10.093344,-5.9909754,-11.833042,50.349194,62.792885,10.814253,5.470458,-1.4557856
1386,15.046748161315918,10.158218383789062,77.21337890625,-0.5560091605385024,-14.884653383359334,-94.59673017615265,20.169285,9.325653,17.705828,7.3153687,-12.4419775,-10.136153,12.337636,-5.292372,4.6088605,9.824537,-9.301981,10.019014,-1.8342692,-4.003825,17.438744,-3.46666,14.172027,-41.024902,67.59043,-2.8306408,6.884583,10.065153,-5.9870176,-11.826295,50.33546,62.78715,10.815915,5.482936,-1.4372499
1387,15.042990684509277,10.165069580078125,77.21277618408203,-0.5582284842753846,-14.904543674877878,-94.56681360191129,20.17464,9.328212,17.6722,7.327908,-12.445522,-10.126901,12.367708,-5.295946,4.576067,9.824759,-9.306059,10.014789,-1.8513504,-4.012144,17.457943,-3.493477,14.176975,-41.066116,67.603584,-2.8028355,6.907142,10.039628,-5.9873214,-11.821918,50.326675,62.783546,10.816356,5.4934025,-1.41699
1388,15.037263870239258,10.171614646911621,77.21063995361328,-0.5586369281388357,-14.919842868407784,-94.54429722687816,20.179197,9.330994,17.648487,7.336521,-12.446671,-10.121029,12.390518,-5.2983017,4.551962,9.824949,-9.309819,10.012819,-1.8470361,-4.0189967,17.470957,-3.5202575,14.185042,-41.123634,67.61496,-2.785123,6.924526,10.018938,-5.981785,-11.81484,50.313057,62.78474,10.825216,5.494122,-1.4081885
1389,15.031707763671875,10.17406177520752,77.21089935302734,-0.557950586457874,-14.929641891089446,-94.53098398472991,20.18452,9.332931,17.639063,7.3400736,-12.445049,-10.118752,12.406234,-5.3000164,4.5395994,9.822782,-9.312924,10.015658,-1.8421862,-4.02408,17.481188,-3.5361238,14.189424,-41.150875,67.61793,-2.7527049,6.9331155,10.001505,-5.981222,-11.811183,50.31504,62.789173,10.846202,5.482034,-1.4146652
1390,15.028539657592773,10.174439430236816,77.21112060546875,-0.5564214023674808,-14.936092864998477,-94.52384452912835,20.188648,9.334925,17.639061,7.3433084,-12.443044,-10.118387,12.417615,-5.30142,4.535343,9.818219,-9.315392,10.021947,-1.8303801,-4.028135,17.488293,-3.5485048,14.192769,-41.17125,67.61766,-2.7198296,6.937246,9.987974,-5.9810185,-11.808653,50.324707,62.79815,10.877466,5.4604063,-1.4315518
1391,15.028331756591797,10.172051429748535,77.21136474609375,-0.5546419341953736,-14.93975118702203,-94.52053445614321,20.192883,9.33744,17.643291,7.341489,-12.438354,-10.120481,12.4238,-5.3010273,4.5352592,9.815196,-9.317501,10.027063,-1.8144507,-4.031659,17.48919,-3.5554993,14.198919,-41.19932,67.61384,-2.699033,6.940153,9.979327,-5.979597,-11.80418,50.346615,62.810963,10.918304,5.436311,-1.4521285
1392,15.024818420410156,10.174605369567871,77.21092987060547,-0.555277817667021,-14.941412235590183,-94.5188527077458,20.193487,9.342472,17.645493,7.3426,-12.436284,-10.1254635,12.425884,-5.2969046,4.5354953,9.813435,-9.317519,10.026181,-1.8023555,-4.032388,17.492525,-3.562936,14.201634,-41.210304,67.61045,-2.669334,6.944083,9.971722,-5.982999,-11.802439,50.36005,62.822506,10.940709,5.418999,-1.4600768
1393,15.020124435424805,10.177638053894043,77.21300506591797,-0.5607079654259433,-14.940619290818335,-94.51888709912626,20.190907,9.351257,17.64445,7.3422565,-12.434365,-10.135358,12.4216795,-5.2872443,4.5358152,9.816044,-9.316158,10.015789,-1.7925305,-4.0296545,17.493006,-3.569033,14.203964,-41.222923,67.60725,-2.6475017,6.950734,9.967859,-5.9870872,-11.801014,50.37581,62.83252,10.952838,5.4111347,-1.4572154
1394,15.014004707336426,10.179553985595703,77.21317291259766,-0.5664880256381613,-14.937419659939026,-94.52167411037266,20.186422,9.362445,17.642775,7.339744,-12.431992,-10.149203,12.413608,-5.27371,4.5375495,9.8181925,-9.312012,9.999266,-1.7813503,-4.0250006,17.491533,-3.573839,14.206731,-41.23382,67.60399,-2.626031,6.957776,9.967386,-5.9900165,-11.79936,50.389515,62.840122,10.95213,5.409281,-1.4472622
1395,15.009912490844727,10.181782722473145,77.21440887451172,-0.5731521506509334,-14.932250811355571,-94.52618245392878,20.178738,9.374542,17.642313,7.339511,-12.430357,-10.163583,12.400287,-5.2590194,4.5410423,9.824966,-9.308919,9.981866,-1.7686638,-4.0186343,17.488619,-3.578329,14.208302,-41.24389,67.600136,-2.6129436,6.9651732,9.968987,-5.9954014,-11.798417,50.402096,62.851696,10.954391,5.405994,-1.4333917
1396,15.007002830505371,10.18718433380127,77.21504211425781,-0.5785032983271859,-14.927101312169025,-94.53013708718255,20.170609,9.384425,17.643265,7.340496,-12.428531,-10.174699,12.389097,-5.2471757,4.5443316,9.826976,-9.303788,9.969215,-1.7582215,-4.01508,17.483524,-3.5798776,14.212019,-41.26063,67.59593,-2.6155155,6.9704127,9.973675,-6.0039062,-11.796077,50.427208,62.868637,10.969749,5.3977523,-1.4200758
1397,15.004693984985352,10.191122055053711,77.2162094116211,-0.5802254353470488,-14.922575599432834,-94.53257300483443,20.163643,9.390447,17.645496,7.3386774,-12.423177,-10.181425,12.379202,-5.2400937,4.5465508,9.8280945,-9.2981615,9.963469,-1.7471606,-4.0146136,17.483995,-3.582738,14.212881,-41.2634,67.59247,-2.6133695,6.972786,9.980081,-6.008976,-11.79564,50.433197,62.878246,10.977355,5.3840632,-1.4030496
1398,15.00245475769043,10.195171356201172,77.21688842773438,-0.5819205272249125,-14.915236428506494,-94.5364797268375,20.152668,9.395546,17.650705,7.3399396,-12.41847,-10.185947,12.3658,-5.2343273,4.550838,9.828225,-9.291164,9.961031,-1.7381159,-4.015844,17.483093,-3.586095,14.215256,-41.269993,67.58861,-2.6268563,6.974296,9.991928,-6.0247784,-11.794495,50.453465,62.900467,11.002622,5.358298,-1.3797871
1399,14.998878479003906,10.199773788452148,77.2177734375,-0.5821246684167881,-14.909384672463196,-94.54031823653145,20.142199,9.400291,17.655764,7.3425074,-12.413601,-10.189213,12.355629,-5.229641,4.5543785,9.825125,-9.283192,9.960343,-1.732892,-4.0175242,17.482685,-3.5846565,14.218446,-41.27243,67.58193,-2.646857,6.9742074,10.001695,-6.041938,-11.792985,50.47793,62.923027,11.027423,5.337605,-1.3586282
1400,14.995318412780762,10.204083442687988,77.2177734375,-0.582848895281409,-14.906233660021778,-94.54492753582701,20.136414,9.405496,17.661339,7.3418236,-12.407289,-10.192282,12.347163,-5.2240043,4.558589,9.823843,-9.277264,9.959447,-1.7219573,-4.018478,17.485893,-3.5868976,14.21967,-41.2734,67.57861,-2.6647758,6.973102,10.001901,-6.054474,-11.792549,50.49128,62.937893,11.035418,5.3300953,-1.3390979
1401,14.991572380065918,10.210030555725098,77.21741485595703,-0.5847435178831257,-14.906915510891244,-94.55152462425382,20.133148,9.412947,17.667286,7.345605,-12.403192,-10.195212,12.342371,-5.2167416,4.5637064,9.823111,-9.274117,9.958169,-1.7089204,-4.0175323,17.49355,-3.591741,14.221069,-41.275673,67.57779,-2.692063,6.9702673,9.989047,-6.0691032,-11.79214,50.50852,62.950954,11.033448,5.340385,-1.3230286
1402,14.98718547821045,10.214909553527832,77.2170639038086,-0.586743480380297,-14.910376517262538,-94.55912191751192,20.133987,9.420519,17.6742,7.348226,-12.398464,-10.197416,12.3414135,-5.20911,4.5695057,9.819743,-9.271019,9.957564,-1.6941776,-4.0164876,17.50363,-3.5975955,14.222379,-41.27873,67.57893,-2.7278898,6.9658546,9.967349,-6.0850163,-11.79187,50.528423,62.963585,11.025447,5.362762,-1.3094214
1403,14.984601974487305,10.220882415771484,77.21763610839844,-0.5890167477649227,-14.913914866444806,-94.56694657723816,20.133139,9.429057,17.680632,7.3540745,-12.395496,-10.199483,12.339613,-5.2010436,4.5753994,9.817763,-9.268262,9.956864,-1.6799012,-4.0155625,17.51382,-3.6034894,14.224286,-41.28255,67.57987,-2.7627501,6.961229,9.945023,-6.0995216,-11.791567,50.550865,62.972927,11.013805,5.3872805,-1.2976371
1404,14.980795860290527,10.22604751586914,77.21788787841797,-0.5919032379478623,-14.915524159666491,-94.57421337624318,20.130856,9.436491,17.686522,7.3567367,-12.391531,-10.201871,12.336506,-5.193488,4.58118,9.813795,-9.262649,9.955516,-1.6825919,-4.016619,17.518303,-3.6013443,14.228963,-41.284508,67.57589,-2.8051915,6.95583,9.930409,-6.1235175,-11.790478,50.602436,62.988575,11.022842,5.4057555,-1.2894303
1405,14.978981018066406,10.23173999786377,77.21902465820312,-0.5923393908878621,-14.913621950695077,-94.5803865981932,20.124805,9.441781,17.69052,7.358519,-12.389046,-10.204574,12.3272295,-5.186988,4.586412,9.814705,-9.256422,9.953564,-1.6722382,-4.0175533,17.522465,-3.604776,14.230237,-41.28649,67.57313,-2.819515,6.9523106,9.924525,-6.133893,-11.790284,50.613216,62.993732,11.004355,5.4157476,-1.2768128
1406,14.976202011108398,10.235502243041992,77.22039031982422,-0.593543002352138,-14.908295120309344,-94.58782388152723,20.11527,9.446908,17.695215,7.359033,-12.386447,-10.207828,12.314201,-5.1801085,4.5932527,9.813982,-9.246801,9.951104,-1.6757035,-4.019381,17.52302,-3.6061754,14.234976,-41.292877,67.5679,-2.8489752,6.947001,9.925525,-6.1575017,-11.789027,50.65267,63.00414,11.002749,5.4232497,-1.2648952
1407,14.972879409790039,10.241283416748047,77.22142028808594,-0.5957961530005128,-14.903696617039069,-94.59372079748901,20.106411,9.451524,17.698761,7.3581557,-12.383006,-10.210698,12.3023405,-5.1737976,4.598712,9.812864,-9.236938,9.948233,-1.6739907,-4.0216365,17.52411,-3.6084964,14.2389,-41.298225,67.56244,-2.8633611,6.943397,9.926881,-6.1733055,-11.78791,50.676323,63.01033,10.991153,5.4263573,-1.2542274
1408,14.971145629882812,10.250431060791016,77.22235107421875,-0.5967173160679297,-14.900638546885556,-94.59820243777227,20.09779,9.456297,17.701393,7.3608065,-12.381032,-10.212304,12.290708,-5.1679635,4.6028523,9.816174,-9.230849,9.9450865,-1.6729531,-4.0229106,17.5266,-3.6116962,14.24229,-41.305496,67.55693,-2.875534,6.9414663,9.925893,-6.189035,-11.786927,50.700237,63.018913,10.985782,5.424242,-1.247217
1409,14.970074653625488,10.255181312561035,77.22267150878906,-0.5973047455992242,-14.900315917999643,-94.60045564617336,20.091429,9.461354,17.702637,7.364215,-12.37814,-10.21197,12.284209,-5.1629133,4.6040087,9.817123,-9.225611,9.941528,-1.6694106,-4.0241494,17.531898,-3.6183045,14.24396,-41.312084,67.55393,-2.8760116,6.9426274,9.921167,-6.1986966,-11.786535,50.715885,63.024837,10.97755,5.415146,-1.2446349
1410,14.967849731445312,10.261251449584961,77.2228012084961,-0.5989881638149592,-14.901574913400616,-94.60088424655527,20.085304,9.466961,17.70279,7.3707213,-12.376658,-10.210307,12.281067,-5.158378,4.6031995,9.815895,-9.22055,9.937431,-1.66946,-4.0262675,17.536625,-3.6260934,14.24761,-41.325813,67.55211,-2.8790824,6.945782,9.915902,-6.2098336,-11.785766,50.74654,63.034946,10.982405,5.3981733,-1.2483256
1411,14.965167999267578,10.268232345581055,77.22230529785156,-0.6013911185965024,-14.90337815716346,-94.60166245390076,20.080336,9.472342,17.703577,7.375453,-12.373541,-10.208854,12.276332,-5.153694,4.603236,9.818636,-9.217508,9.933172,-1.6688658,-4.028873,17.541716,-3.6335852,14.252579,-41.33768,67.55019,-2.8773234,6.948621,9.907854,-6.217603,-11.784862,50.773567,63.04181,10.987292,5.3814354,-1.2529258
1412,14.962289810180664,10.273303985595703,77.22209930419922,-0.6026783257891634,-14.904386172855887,-94.60468740202998,20.07542,9.477808,17.706152,7.379879,-12.370464,-10.209139,12.270583,-5.14816,4.6055264,9.820991,-9.213703,9.928724,-1.6696243,-4.030245,17.546158,-3.6375175,14.258685,-41.348145,67.5452,-2.8813963,6.948719,9.897531,-6.2262716,-11.783796,50.802372,63.0475,11.003226,5.369944,-1.2575316
1413,14.960291862487793,10.280277252197266,77.22151947021484,-0.6040831020482184,-14.905571340841313,-94.6109390088004,20.07238,9.484304,17.711683,7.381788,-12.365673,-10.212855,12.265161,-5.1407466,4.611208,9.820211,-9.20696,9.924056,-1.6669545,-4.0295925,17.553482,-3.6456206,14.262448,-41.353634,67.544136,-2.884794,6.9450903,9.878349,-6.2349052,-11.78325,50.819035,63.04899,11.022459,5.3669243,-1.2577589
1414,14.95655345916748,10.283589363098145,77.22240447998047,-0.6052175427957772,-14.907037099847626,-94.61924917864809,20.07111,9.490759,17.719173,7.381634,-12.359833,-10.218548,12.2592325,-5.1326222,4.6190014,9.820223,-9.200243,9.919166,-1.6639763,-4.027878,17.561337,-3.6540418,14.265577,-41.357826,67.54449,-2.8912024,6.939121,9.853871,-6.2437234,-11.782873,50.834835,63.049137,11.052583,5.3681517,-1.2578672
1415,14.952881813049316,10.290791511535645,77.22333526611328,-0.6074964895546315,-14.907485476380495,-94.62824777090329,20.067854,9.4972105,17.727367,7.3830824,-12.354523,-10.224015,12.250227,-5.1243186,4.628258,9.822846,-9.194212,9.914266,-1.6636335,-4.026736,17.567595,-3.6609974,14.270792,-41.36226,67.54459,-2.9001899,6.9313407,9.832171,-6.252403,-11.782328,50.85584,63.0481,11.084534,5.3713284,-1.2592239
1416,14.951043128967285,10.29877758026123,77.22406005859375,-0.6077021236618337,-14.90512990360873,-94.63723990952128,20.061127,9.501983,17.735136,7.3848615,-12.349573,-10.2267,12.2383175,-5.1178226,4.6378317,9.824817,-9.187125,9.909821,-1.6659297,-4.0254707,17.570871,-3.665999,14.275981,-41.36927,67.54399,-2.910518,6.9224133,9.822433,-6.261985,-11.781838,50.878616,63.049946,11.108216,5.3739214,-1.262703
1417,14.94920825958252,10.308713912963867,77.22523498535156,-0.6070665141368761,-14.89952606101936,-94.64568812263344,20.04985,9.5045805,17.74228,7.386547,-12.344235,-10.224961,12.221437,-5.1137915,4.6481056,9.829192,-9.180254,9.90576,-1.6683692,-4.0239573,17.571363,-3.6733646,14.278116,-41.378063,67.54843,-2.9174027,6.9100194,9.830671,-6.2689934,-11.78176,50.8903,63.0528,11.1059885,5.377252,-1.2672502
1418,14.950126647949219,10.315190315246582,77.22651672363281,-0.6068306295104685,-14.891197381233093,-94.65389917546429,20.034256,9.506221,17.749102,7.3899636,-12.339833,-10.2204275,12.201643,-5.1109385,4.6591997,9.832411,-9.171753,9.901867,-1.6720968,-4.022359,17.568552,-3.6813378,14.28021,-41.393383,67.55585,-2.929459,6.894212,9.851781,-6.2754307,-11.781784,50.904858,63.056385,11.097996,5.38152,-1.2750735
1419,14.950987815856934,10.321227073669434,77.22803497314453,-0.6041089388264596,-14.88129356919016,-94.66316043421027,20.017365,9.506887,17.75663,7.3930926,-12.335184,-10.215784,12.178006,-5.1087008,4.671019,9.839032,-9.164581,9.898522,-1.6730801,-4.021268,17.55996,-3.6896248,14.28515,-41.428486,67.56487,-2.955548,6.879962,9.87666,-6.278826,-11.78204,50.930466,63.060852,11.099746,5.3838305,-1.2856573
1420,14.946605682373047,10.329423904418945,77.22967529296875,-0.6026225812101602,-14.872289187183718,-94.6735034032087,20.002996,9.508346,17.765373,7.3931494,-12.328524,-10.213911,12.15599,-5.1053643,4.6824055,9.842734,-9.156193,9.895857,-1.6685168,-4.0188184,17.553867,-3.6974814,14.292093,-41.46106,67.567444,-2.9719403,6.873962,9.890077,-6.279993,-11.782877,50.947056,63.061897,11.102088,5.3828464,-1.2912222
1421,14.945363998413086,10.339853286743164,77.23048400878906,-0.6020627080314189,-14.866282500463928,-94.68502681521699,19.9922,9.511144,17.77542,7.393208,-12.321132,-10.216089,12.139003,-5.1008434,4.692789,9.841197,-9.14608,9.895011,-1.6659262,-4.0144324,17.555162,-3.7048917,14.2928505,-41.46473,67.566124,-2.9578872,6.878612,9.8864765,-6.285258,-11.783054,50.94992,63.062355,11.094925,5.379018,-1.286226
1422,14.945115089416504,10.349026679992676,77.23094177246094,-0.6020444073171607,-14.857482987632618,-94.7005108956744,19.979742,9.514425,17.789415,7.392018,-12.312232,-10.220748,12.114868,-5.094947,4.705988,9.844079,-9.137542,9.8952875,-1.6585824,-4.0092444,17.558584,-3.7231781,14.296337,-41.474182,67.56573,-2.9437485,6.891108,9.872446,-6.2991476,-11.7843275,50.959602,63.066208,11.0984745,5.3695564,-1.2773615
1423,14.942678451538086,10.357343673706055,77.23169708251953,-0.6004263305701298,-14.850387547137764,-94.71461415252983,19.96907,9.518085,17.801598,7.3902345,-12.303313,-10.22613,12.095341,-5.0890446,4.7171764,9.842505,-9.127104,9.895066,-1.6534672,-4.0035777,17.561722,-3.734739,14.297536,-41.4773,67.56254,-2.9226153,6.9051147,9.856632,-6.308427,-11.784938,50.964695,63.067463,11.098932,5.3603573,-1.2670543
1424,14.941251754760742,10.36505126953125,77.23248291015625,-0.601251594909972,-14.843108440236927,-94.72650282376776,19.957405,9.5216055,17.811163,7.3889394,-12.296161,-10.230523,12.075206,-5.0831914,4.727281,9.843512,-9.117358,9.892379,-1.6519138,-3.9990077,17.564928,-3.747355,14.301252,-41.484142,67.56192,-2.9080951,6.915401,9.842049,-6.320183,-11.78749,50.980183,63.070522,11.109719,5.3507442,-1.2593977
1425,14.938918113708496,10.3732328414917,77.23403930664062,-0.6021615938803225,-14.83591733201162,-94.73408561680887,19.94423,9.525393,17.815443,7.3887463,-12.291324,-10.234244,12.055852,-5.077216,4.734651,9.847505,-9.108628,9.885314,-1.651157,-3.9944975,17.566732,-3.7558832,14.302912,-41.49035,67.563896,-2.8903925,6.9213157,9.831743,-6.3270764,-11.7890215,50.989994,63.074825,11.116349,5.3431563,-1.2533551
1426,14.935920715332031,10.379183769226074,77.23466491699219,-0.6025755618728571,-14.827738101456125,-94.73961731598263,19.928312,9.529375,17.816591,7.3909388,-12.289101,-10.237887,12.035224,-5.07129,4.7406516,9.85414,-9.100618,9.875317,-1.6532444,-3.9907508,17.565512,-3.7654681,14.3047085,-41.505604,67.57059,-2.884941,6.9252753,9.822499,-6.33451,-11.791309,51.012123,63.082367,11.138211,5.334173,-1.2507993
1427,14.934147834777832,10.386201858520508,77.2349624633789,-0.60392151990209,-14.820404387155564,-94.74490629222014,19.913809,9.5333,17.817904,7.3919315,-12.286574,-10.240519,12.015905,-5.065127,4.746572,9.859752,-9.092151,9.86556,-1.6566764,-3.986715,17.563026,-3.7715008,14.3071995,-41.52418,67.57691,-2.8811834,6.9267335,9.814348,-6.3387337,-11.7958765,51.038387,63.08628,11.162727,5.3254585,-1.2495471
1428,14.931288719177246,10.395846366882324,77.23634338378906,-0.6039123620584917,-14.813964735990908,-94.75300383137919,19.900982,9.537133,17.823187,7.393019,-12.282639,-10.241248,11.997165,-5.0594287,4.754533,9.864029,-9.083597,9.859453,-1.657863,-3.982645,17.565536,-3.779161,14.30788,-41.533447,67.5829,-2.8647416,6.92522,9.804094,-6.3464417,-11.797399,51.048473,63.09009,11.1728525,5.3172064,-1.2451338
1429,14.930621147155762,10.405208587646484,77.23760986328125,-0.6029590172104929,-14.808199427174229,-94.7664541053383,19.888887,9.541511,17.835436,7.3962183,-12.277544,-10.238083,11.978001,-5.05371,4.7665677,9.865581,-9.073671,9.858808,-1.6575451,-3.978553,17.56855,-3.7887297,14.308543,-41.549194,67.59209,-2.8536031,6.9172363,9.793278,-6.3580337,-11.799145,51.06329,63.09324,11.191123,5.3084774,-1.2423114
1430,14.929935455322266,10.416231155395508,77.23837280273438,-0.6016103701500907,-14.803628663389958,-94.78302193766456,19.878246,9.545917,17.852026,7.4009733,-12.272238,-10.232018,11.960246,-5.0482764,4.7809205,9.863658,-9.062055,9.861643,-1.6568348,-3.9742427,17.57284,-3.7964833,14.309199,-41.565067,67.60046,-2.838544,6.9049835,9.781558,-6.36997,-11.801018,51.075985,63.093513,11.2068615,5.3003697,-1.23914
1431,14.927606582641602,10.425802230834961,77.2391357421875,-0.5993924831946712,-14.799090843750214,-94.7988538814099,19.867126,9.550621,17.867659,7.4059114,-12.266789,-10.226962,11.942859,-5.0429516,4.7945533,9.86216,-9.051483,9.8649435,-1.6576067,-3.9699743,17.577457,-3.8049612,14.309748,-41.58171,67.609474,-2.8275352,6.892749,9.770797,-6.381924,-11.802544,51.087673,63.092434,11.220932,5.291164,-1.2365746
1432,14.923256874084473,10.437237739562988,77.2408218383789,-0.599885899860721,-14.794385198461072,-94.80875786939394,19.855585,9.554831,17.87745,7.4083514,-12.26174,-10.226552,11.927129,-5.03804,4.8036494,9.860191,-9.04166,9.865698,-1.6598663,-3.965597,17.579323,-3.8142595,14.310676,-41.609413,67.618744,-2.8280666,6.8859067,9.763709,-6.3906384,-11.805875,51.103176,63.091457,11.232605,5.279221,-1.2360631
1433,14.922130584716797,10.444708824157715,77.24226379394531,-0.6008448308446444,-14.79077308047681,-94.8099294980327,19.845568,9.558215,17.877848,7.4043107,-12.255714,-10.234007,11.91484,-5.033455,4.805789,9.860104,-9.035665,9.862983,-1.6724371,-3.9626937,17.582079,-3.8183036,14.310891,-41.61609,67.62284,-2.8166401,6.8874593,9.75715,-6.3964195,-11.806609,51.106224,63.089626,11.218244,5.2645845,-1.2338095
1434,14.919942855834961,10.453288078308105,77.2430648803711,-0.6013303822399512,-14.785848413950594,-94.80620003101546,19.833485,9.561533,17.872753,7.3988705,-12.250436,-10.246625,11.903651,-5.0293026,4.803789,9.85844,-9.030231,9.858398,-1.6897802,-3.9595363,17.584173,-3.8240156,14.311207,-41.624542,67.627014,-2.8082316,6.892802,9.751542,-6.4035206,-11.807739,51.109474,63.090576,11.195272,5.244434,-1.2320409
1435,14.91816520690918,10.462102890014648,77.24407196044922,-0.6042203098732447,-14.78056268137596,-94.8005407066298,19.819338,9.565029,17.865757,7.39584,-12.246357,-10.259158,11.890667,-5.0250654,4.800581,9.859873,-9.026148,9.852806,-1.7080669,-3.9559352,17.587547,-3.8328578,14.311566,-41.637196,67.630615,-2.8087633,6.9005976,9.748136,-6.411844,-11.809236,51.112724,63.09154,11.169216,5.2241306,-1.229227
1436,14.913771629333496,10.472701072692871,77.244384765625,-0.6049328673581121,-14.777199676431938,-94.79891692594973,19.80695,9.568477,17.86235,7.3950453,-12.241878,-10.266797,11.878793,-5.0208325,4.800447,9.860382,-9.019513,9.846793,-1.7215003,-3.9535234,17.593254,-3.8416524,14.31189,-41.649258,67.63396,-2.8123903,6.9075036,9.747387,-6.420429,-11.810615,51.11518,63.089687,11.14592,5.2155337,-1.2243844
1437,14.91137409210205,10.482419967651367,77.24641418457031,-0.6042190131825825,-14.77510199719085,-94.80215314642808,19.795094,9.571102,17.863556,7.3991733,-12.237984,-10.266158,11.8639765,-5.017163,4.804219,9.8658495,-9.012565,9.839151,-1.7243755,-3.9523387,17.602621,-3.85601,14.312619,-41.67361,67.63905,-2.8281446,6.914924,9.749806,-6.428912,-11.814913,51.117344,63.081425,11.12556,5.223387,-1.2146062
1438,14.906972885131836,10.491351127624512,77.24746704101562,-0.6027301676441816,-14.774526825631124,-94.8077712691745,19.784445,9.573301,17.866852,7.404483,-12.233146,-10.260677,11.848781,-5.013975,4.809824,9.873405,-9.004835,9.829939,-1.7300549,-3.952935,17.615118,-3.8660107,14.312969,-41.682735,67.639725,-2.8373077,6.9235473,9.752884,-6.4410357,-11.816887,51.12021,63.072605,11.097654,5.2427754,-1.1996686
1439,14.902862548828125,10.501465797424316,77.24784088134766,-0.5996696405603312,-14.774024133014823,-94.81542558822322,19.774805,9.575935,17.872026,7.40999,-12.228598,-10.255065,11.833462,-5.009832,4.81707,9.880354,-8.996098,9.822002,-1.7345845,-3.9532151,17.629519,-3.8788173,14.313472,-41.69416,67.64129,-2.85339,6.929611,9.759082,-6.4549775,-11.819202,51.1252,63.062054,11.079342,5.263444,-1.1876134
1440,14.901762962341309,10.513179779052734,77.24803924560547,-0.599935361184933,-14.774130889227688,-94.82363409354156,19.767187,9.58054,17.877647,7.4127636,-12.223771,-10.254258,11.821013,-5.003652,4.824687,9.883143,-8.985962,9.818258,-1.7392637,-3.9517035,17.639353,-3.8842447,14.313681,-41.698933,67.64058,-2.861921,6.930203,9.766457,-6.4632335,-11.819843,51.127937,63.054348,11.074744,5.273127,-1.1844598
1441,14.900691986083984,10.522120475769043,77.24803924560547,-0.6022581169819505,-14.773033335487966,-94.83457410694142,19.761,9.588266,17.8857,7.4124665,-12.2200575,-10.26093,11.809212,-4.9935517,4.8344707,9.880291,-8.972942,9.82145,-1.7448975,-3.9470193,17.648926,-3.8904274,14.313977,-41.705475,67.63948,-2.8765495,6.922458,9.781095,-6.4732857,-11.8204155,51.131577,63.044945,11.095834,5.271966,-1.1928385
1442,14.896188735961914,10.532054901123047,77.2469711303711,-0.6068212962462266,-14.771304990769488,-94.84788584296633,19.755363,9.598728,17.89563,7.411075,-12.216737,-10.272244,11.799341,-4.9805245,4.8460426,9.871483,-8.956693,9.829342,-1.7494112,-3.940169,17.657913,-3.8966098,14.31507,-41.716763,67.63848,-2.8967092,6.9075313,9.801618,-6.484206,-11.821945,51.137573,63.0364,11.138751,5.2623425,-1.2110872
1443,14.8908052444458,10.543910026550293,77.24690246582031,-0.6123459356903502,-14.770064919336464,-94.8622871873195,19.749615,9.6111145,17.907187,7.411395,-12.214128,-10.2844925,11.792365,-4.9660373,4.858849,9.856836,-8.93773,9.836876,-1.748619,-3.9306016,17.669697,-3.907583,14.316515,-41.740334,67.63917,-2.9305615,6.8887715,9.825792,-6.496923,-11.8235445,51.149574,63.02879,11.198954,5.2494626,-1.2374104
1444,14.890111923217773,10.553564071655273,77.24724578857422,-0.6151229438440085,-14.769487507341642,-94.87380233597061,19.744396,9.620159,17.91713,7.4100113,-12.20891,-10.293049,11.783618,-4.954879,4.869859,9.84872,-8.923428,9.839853,-1.7469234,-3.9239588,17.677069,-3.917603,14.319106,-41.76719,67.639984,-2.9576993,6.8772426,9.840212,-6.5020237,-11.8260765,51.1603,63.0205,11.23765,5.243054,-1.2583629
1445,14.887287139892578,10.566607475280762,77.24766540527344,-0.6157826999561256,-14.769696716833685,-94.88219906387572,19.73651,9.626054,17.92593,7.412621,-12.203015,-10.296849,11.771262,-4.947835,4.8797555,9.850416,-8.9162655,9.836037,-1.747158,-3.9203167,17.68817,-3.931504,14.322393,-41.78601,67.63899,-2.9708316,6.873722,9.8421955,-6.5083604,-11.82898,51.16707,63.01211,11.24593,5.247573,-1.2730603
1446,14.884408950805664,10.575845718383789,77.24860382080078,-0.6152028669212868,-14.770655366025807,-94.88818716362415,19.72883,9.630022,17.934286,7.4136167,-12.193935,-10.298254,11.758543,-4.943125,4.8889623,9.854728,-8.911547,9.828243,-1.7517215,-3.9177582,17.701208,-3.9456344,14.323779,-41.792793,67.63708,-2.9702191,6.8741684,9.836125,-6.5169787,-11.830006,51.171467,63.00696,11.234058,5.258043,-1.2841663
1447,14.881753921508789,10.58768081665039,77.25100708007812,-0.6134912364868483,-14.77161050681466,-94.89465837615967,19.719717,9.633735,17.942593,7.4182286,-12.186864,-10.298117,11.744469,-4.938871,4.8985343,9.861834,-8.908271,9.819051,-1.7548429,-3.9162574,17.715538,-3.9640367,14.326601,-41.80224,67.63725,-2.9722707,6.875086,9.828085,-6.5268674,-11.83191,51.179012,63.001923,11.221255,5.2683024,-1.2943258
1448,14.880144119262695,10.598637580871582,77.25279998779297,-0.6121863023695884,-14.771899355910136,-94.90336268158383,19.711798,9.637929,17.951271,7.42106,-12.180875,-10.297466,11.729528,-4.9331737,4.909328,9.868921,-8.903494,9.811182,-1.7571841,-3.914345,17.726421,-3.976142,14.330025,-41.808994,67.63501,-2.975842,6.8732853,9.824189,-6.5352015,-11.8342,51.18563,63.00003,11.211505,5.271353,-1.3012388
1449,14.878288269042969,10.609158515930176,77.25470733642578,-0.6122349178410201,-14.771753195047792,-94.91439816952516,19.703365,9.643606,17.959463,7.4266043,-12.178804,-10.295033,11.715279,-4.9257183,4.9215364,9.873019,-8.8945875,9.805741,-1.7586596,-3.9105105,17.734728,-3.981506,14.332645,-41.810383,67.63057,-2.9789407,6.866949,9.825992,-6.541167,-11.835939,51.188904,63.000618,11.2011795,5.2650585,-1.3030112
1450,14.873504638671875,10.61933422088623,77.25552368164062,-0.6125804372640554,-14.771520256147069,-94.92662810114446,19.696098,9.649081,17.96749,7.4310985,-12.178082,-10.290676,11.701571,-4.9178023,4.9345045,9.875372,-8.883156,9.801147,-1.7594302,-3.9064672,17.740833,-3.9839609,14.33406,-41.809258,67.62709,-2.98199,6.8579345,9.830247,-6.546731,-11.836932,51.190327,63.006218,11.187979,5.2529464,-1.3006511
1451,14.869007110595703,10.629157066345215,77.25651550292969,-0.6130285941572141,-14.77058325322747,-94.94058488757976,19.688282,9.655477,17.97655,7.4368796,-12.178354,-10.28755,11.686139,-4.9087143,4.948334,9.879454,-8.872471,9.796149,-1.759638,-3.9019656,17.746553,-3.9845178,14.337123,-41.803562,67.621796,-2.9832137,6.848998,9.835226,-6.552857,-11.839143,51.19108,63.01181,11.178939,5.2379894,-1.2972256
1452,14.866320610046387,10.63802719116211,77.25655364990234,-0.6148021213163228,-14.76874922270123,-94.95555470974709,19.680868,9.662755,17.987675,7.4410534,-12.177145,-10.288629,11.670105,-4.8988876,4.9625473,9.882284,-8.862461,9.789653,-1.7614055,-3.8985991,17.751814,-3.9813807,14.3419895,-41.791393,67.61086,-2.9806707,6.8436894,9.838773,-6.559322,-11.8426895,51.19281,63.013866,11.17902,5.224327,-1.2958287
1453,14.864139556884766,10.649649620056152,77.25641632080078,-0.616691427556356,-14.766231472434992,-94.97217637177519,19.676079,9.670726,18.001495,7.439514,-12.171186,-10.29603,11.652889,-4.888097,4.976848,9.884903,-8.854285,9.780039,-1.7565403,-3.8953233,17.75302,-3.9803298,14.343487,-41.785603,67.605286,-2.9806159,6.8421845,9.8428755,-6.5612807,-11.843801,51.192295,63.014175,11.195735,5.2112055,-1.299197
1454,14.860648155212402,10.660629272460938,77.25704193115234,-0.6167234873023625,-14.762509734742757,-94.99143682560985,19.67171,9.679081,18.018139,7.4365916,-12.163981,-10.307668,11.633237,-4.87654,4.9924808,9.8894415,-8.848265,9.768305,-1.748985,-3.8925443,17.752705,-3.9781475,14.345258,-41.775898,67.59879,-2.978565,6.842858,9.846733,-6.564267,-11.845202,51.19094,63.015984,11.223268,5.196042,-1.3040814
1455,14.856605529785156,10.667421340942383,77.25665283203125,-0.6186166298383841,-14.758191696417441,-95.01091495924399,19.666725,9.688764,18.035536,7.434214,-12.157075,-10.3203945,11.612992,-4.8640766,5.008266,9.8939905,-8.842187,9.757344,-1.7422663,-3.8895206,17.751257,-3.9749713,14.346571,-41.76542,67.591515,-2.9739344,6.8460264,9.849856,-6.5665083,-11.846258,51.18934,63.01638,11.253926,5.182514,-1.3100077
1456,14.849119186401367,10.674878120422363,77.2569580078125,-0.6204015843663598,-14.754490881737597,-95.02798412933507,19.662466,9.698919,18.051506,7.431598,-12.151454,-10.330711,11.596521,-4.851218,5.02215,9.894311,-8.833405,9.749891,-1.7393979,-3.886812,17.748734,-3.9734428,14.347519,-41.758827,67.58854,-2.9705162,6.8505607,9.852003,-6.5670385,-11.846995,51.18795,63.01632,11.279048,5.173796,-1.3160942
1457,14.850117683410645,10.685795783996582,77.25823211669922,-0.625316641822025,-14.747265186772106,-95.04710996553798,19.653194,9.713417,18.071444,7.4332237,-12.149421,-10.338635,11.577239,-4.8343744,5.039154,9.891387,-8.819739,9.747024,-1.7407593,-3.8816173,17.74562,-3.9699118,14.350153,-41.739964,67.57994,-2.9519393,6.860537,9.849865,-6.570844,-11.848957,51.187046,63.016,11.300492,5.168718,-1.3232716
1458,14.839256286621094,10.691540718078613,77.25985717773438,-0.632065069884276,-14.740145999828037,-95.06374765223828,19.643415,9.729434,18.090342,7.4362893,-12.149365,-10.345096,11.561128,-4.8164854,5.0541945,9.884334,-8.80328,9.747544,-1.7457501,-3.876652,17.739876,-3.96727,14.352738,-41.72755,67.57524,-2.9359717,6.8729396,9.846652,-6.571057,-11.850615,51.18723,63.013493,11.319966,5.1681566,-1.3314579
1459,14.833518981933594,10.69837760925293,77.26109313964844,-0.6377547717727295,-14.733577685604931,-95.08055659008164,19.634022,9.745131,18.108934,7.4404464,-12.150675,-10.350726,11.546196,-4.799165,5.069171,9.8772135,-8.787488,9.749088,-1.749244,-3.8717391,17.733744,-3.965296,14.35525,-41.71889,67.57188,-2.9215107,6.8853498,9.843909,-6.5697274,-11.852047,51.187035,63.01072,11.338873,5.1694107,-1.3405596
1460,14.831331253051758,10.706220626831055,77.26177215576172,-0.64117559466684,-14.729573211386118,-95.09739638738891,19.628567,9.75763,18.126165,7.441986,-12.150973,-10.355939,11.533164,-4.784781,5.084287,9.872415,-8.775428,9.749521,-1.7504556,-3.8678272,17.730135,-3.9626327,14.358145,-41.710896,67.5672,-2.9104016,6.894732,9.843596,-6.567213,-11.853589,51.18613,63.00684,11.3553705,5.1712575,-1.3498559
1461,14.831953048706055,10.714117050170898,77.26258850097656,-0.6426804525953713,-14.729518532951467,-95.11262613374184,19.628128,9.764548,18.139,7.441199,-12.151351,-10.36,11.524378,-4.7756987,5.0973825,9.870022,-8.76949,9.749069,-1.7489045,-3.865173,17.729418,-3.960979,14.358742,-41.708588,67.56464,-2.9061954,6.8983893,9.846997,-6.5646353,-11.853907,51.185497,63.005867,11.368156,5.173891,-1.3574458
1462,14.830032348632812,10.721487045288086,77.26207733154297,-0.6431594961710553,-14.730470043961652,-95.13068474978519,19.630737,9.769305,18.153215,7.439842,-12.152997,-10.363597,11.516255,-4.768414,5.1131024,9.868335,-8.766134,9.748234,-1.7436386,-3.862257,17.729952,-3.9568496,14.360223,-41.701973,67.558784,-2.8995805,6.899847,9.852085,-6.5599375,-11.854876,51.184635,63.002537,11.378358,5.1794505,-1.3670034
1463,14.825084686279297,10.729185104370117,77.26133728027344,-0.6425011617071372,-14.733385744250814,-95.1475695211917,19.634504,9.77316,18.165989,7.439213,-12.154805,-10.3669195,11.50981,-4.762081,5.127792,9.867904,-8.764035,9.746455,-1.7392874,-3.8606508,17.732243,-3.9537396,14.361383,-41.696545,67.55433,-2.897042,6.9006677,9.858307,-6.5558233,-11.855738,51.183464,62.99928,11.388662,5.183653,-1.3765212
1464,14.819826126098633,10.733967781066895,77.2608871459961,-0.6422659251936546,-14.736374360495645,-95.16627187027902,19.639465,9.779448,18.182116,7.436478,-12.154091,-10.371342,11.5015335,-4.7528133,5.1449456,9.86992,-8.761151,9.74252,-1.7369652,-3.8598766,17.737452,-3.9477322,14.363829,-41.680683,67.54425,-2.8891249,6.905232,9.864435,-6.550902,-11.857607,51.177914,62.989,11.3977165,5.1863084,-1.3893683
1465,14.816401481628418,10.740434646606445,77.2610092163086,-0.645493985187252,-14.738946430889479,-95.18593164940542,19.642406,9.789761,18.201803,7.436882,-12.153014,-10.377122,11.491082,-4.7395372,5.1643014,9.873088,-8.75561,9.734702,-1.7315886,-3.8590755,17.74065,-3.945059,14.364487,-41.67296,67.538826,-2.8899539,6.915299,9.8723135,-6.545297,-11.857973,51.17229,62.979176,11.418489,5.185441,-1.409812
1466,14.810546875,10.750375747680664,77.26095581054688,-0.6487565329237007,-14.74176600563393,-95.2068984207275,19.644827,9.802877,18.224154,7.439738,-12.152374,-10.38377,11.480264,-4.723568,5.1854835,9.875506,-8.747779,9.724041,-1.7257626,-3.8588948,17.74581,-3.9425592,14.365466,-41.658672,67.5321,-2.8884158,6.9290323,9.880334,-6.5387936,-11.858268,51.160236,62.965607,11.439661,5.1831355,-1.4345306
1467,14.805841445922852,10.758009910583496,77.26161193847656,-0.6515372218494014,-14.746029892058093,-95.22872228447636,19.649149,9.816298,18.247452,7.441885,-12.150871,-10.3907795,11.470081,-4.706818,5.207614,9.879682,-8.74055,9.713506,-1.7192124,-3.8596787,17.75617,-3.9407196,14.367481,-41.63541,67.52228,-2.8792758,6.943068,9.887502,-6.5329547,-11.858695,51.138966,62.948105,11.451188,5.1791205,-1.4568199
1468,14.799688339233398,10.765207290649414,77.26099395751953,-0.6539257801070406,-14.752935116532548,-95.24938408272837,19.655752,9.828685,18.267847,7.4446187,-12.149979,-10.397444,11.464281,-4.6913815,5.2281766,9.881303,-8.732925,9.706454,-1.7152528,-3.8608642,17.770512,-3.9391816,14.371549,-41.61018,67.51146,-2.8721728,6.9506,9.894052,-6.5284266,-11.859247,51.11168,62.929966,11.45084,5.1704974,-1.46838
1469,14.793965339660645,10.77379035949707,77.26033020019531,-0.6559588182988848,-14.76287949388365,-95.26890274105104,19.666046,9.839662,18.28453,7.4459243,-12.149099,-10.403616,11.463866,-4.676698,5.2469425,9.880199,-8.724802,9.703467,-1.7159871,-3.8612444,17.780556,-3.9367967,14.372981,-41.59989,67.50823,-2.8849761,6.950511,9.904213,-6.522439,-11.859301,51.097183,62.916504,11.453806,5.1525397,-1.4715744
1470,14.790804862976074,10.782674789428711,77.25963592529297,-0.6595407415052351,-14.77636291400558,-95.28776923560427,19.680937,9.849878,18.299551,7.444635,-12.1471615,-10.409705,11.467611,-4.6621594,5.2652698,9.877897,-8.716057,9.702995,-1.713357,-3.862008,17.801222,-3.939511,14.376557,-41.58044,67.5026,-2.8871896,6.9462385,9.911144,-6.516527,-11.85964,51.057007,62.897472,11.430158,5.1292796,-1.4617546
1471,14.786834716796875,10.790282249450684,77.25916290283203,-0.6618432126903653,-14.790141678782499,-95.30653801120913,19.694115,9.85998,18.313784,7.4483523,-12.14775,-10.41571,11.472308,-4.6486583,5.2827544,9.875431,-8.708792,9.704466,-1.7147357,-3.863148,17.815752,-3.9390566,14.378621,-41.569073,67.501236,-2.903173,6.9377713,9.921864,-6.5098987,-11.859825,51.03309,62.88222,11.417418,5.10581,-1.4529327
1472,14.784736633300781,10.800570487976074,77.25916290283203,-0.6622251722177716,-14.803375409449554,-95.32528295823735,19.709196,9.868273,18.329765,7.4469156,-12.144973,-10.421726,11.478198,-4.637062,5.2997165,9.870877,-8.703396,9.707415,-1.7114245,-3.8655252,17.832474,-3.940261,14.382207,-41.552433,67.49829,-2.9117951,6.926691,9.931976,-6.5041018,-11.860312,50.99942,62.86689,11.397345,5.0900187,-1.4436959
1473,14.780698776245117,10.809319496154785,77.2587661743164,-0.662507210171059,-14.816794568353407,-95.34507534181965,19.72451,9.876552,18.34895,7.447084,-12.14268,-10.428543,11.484304,-4.626568,5.316577,9.866638,-8.700071,9.710007,-1.7070494,-3.8690143,17.848694,-3.9404976,14.38544,-41.534393,67.495735,-2.921361,6.911306,9.945706,-6.499022,-11.860779,50.97154,62.8523,11.377011,5.0849876,-1.4352959
1474,14.773030281066895,10.818411827087402,77.25713348388672,-0.661811699280844,-14.83026259240028,-95.36517080588405,19.74044,9.884396,18.369904,7.4461308,-12.138937,-10.435913,11.4909,-4.6168733,5.3330297,9.862232,-8.698518,9.713083,-1.7039275,-3.8734183,17.861774,-3.9382937,14.388285,-41.515526,67.49557,-2.9349208,6.8910394,9.962825,-6.494516,-11.861114,50.95236,62.840176,11.361263,5.0857925,-1.4269814
1475,14.76740837097168,10.823519706726074,77.25616455078125,-0.6590167007181535,-14.842079785094231,-95.3843010078765,19.754341,9.889948,18.389622,7.4454045,-12.135094,-10.442209,11.498077,-4.6102614,5.348304,9.855033,-8.699007,9.720213,-1.7015724,-3.8782794,17.869938,-3.934661,14.389314,-41.50193,67.49521,-2.9514987,6.8716183,9.9794855,-6.4902105,-11.861214,50.94147,62.832176,11.353459,5.0888762,-1.4245313
1476,14.764860153198242,10.830973625183105,77.2559585571289,-0.6547751422128077,-14.851713091883283,-95.40132324566895,19.76777,9.890884,18.40688,7.4398446,-12.129135,-10.446136,11.506528,-4.608135,5.36219,9.842439,-8.70206,9.734736,-1.7027984,-3.884865,17.881802,-3.9287698,14.391708,-41.466843,67.48642,-2.948054,6.854846,9.988984,-6.4866953,-11.861524,50.917156,62.81829,11.337467,5.092687,-1.4277724
1477,14.761929512023926,10.837202072143555,77.25599670410156,-0.6491094696974123,-14.85622875198395,-95.41331643288036,19.773252,9.886935,18.417576,7.4351916,-12.123073,-10.447271,11.513999,-4.611802,5.3727064,9.824286,-8.709764,9.756687,-1.7053766,-3.891594,17.884039,-3.9204798,14.393315,-41.43818,67.47327,-2.945103,6.844075,9.989515,-6.4810133,-11.861799,50.90105,62.80776,11.334349,5.093783,-1.4431404
1478,14.76004695892334,10.83968734741211,77.25532531738281,-0.640006195064961,-14.857110743676394,-95.42230336997791,19.774698,9.879071,18.424166,7.4291844,-12.116005,-10.44639,11.51959,-4.619793,5.3810344,9.805635,-8.723142,9.784542,-1.7090325,-3.8985863,17.880613,-3.911671,14.394171,-41.41236,67.45776,-2.9420128,6.8361506,9.984092,-6.47381,-11.86201,50.887886,62.798237,11.336884,5.0948486,-1.4664967
1479,14.755906105041504,10.844766616821289,77.25450897216797,-0.6297500495573893,-14.85721312315202,-95.43178147662674,19.776112,9.868457,18.43117,7.4214277,-12.108306,-10.443615,11.52771,-4.631163,5.389186,9.779959,-8.73524,9.819621,-1.7171098,-3.9072936,17.880053,-3.8979716,14.39532,-41.367954,67.43503,-2.9234297,6.8308754,9.9784565,-6.468963,-11.8625965,50.868805,62.78702,11.339743,5.0970693,-1.4964486
1480,14.754141807556152,10.852413177490234,77.25275421142578,-0.6177195535566377,-14.857781999373927,-95.44572385912248,19.779037,9.856377,18.443132,7.413888,-12.101408,-10.439086,11.536667,-4.644454,5.399884,9.750108,-8.743609,9.863299,-1.7239246,-3.9181268,17.880373,-3.885356,14.396262,-41.327965,67.41652,-2.9121246,6.826075,9.983336,-6.4658813,-11.863288,50.85059,62.77792,11.3626585,5.0978575,-1.5364916
1481,14.753283500671387,10.858733177185059,77.25055694580078,-0.6026464631460743,-14.85984768153269,-95.46617324203194,19.785078,9.842966,18.462296,7.4065013,-12.094925,-10.430376,11.546901,-4.659805,5.4151354,9.716654,-8.748422,9.919018,-1.7258931,-3.9317017,17.883965,-3.873591,14.396815,-41.28974,67.401985,-2.899662,6.8227153,9.99895,-6.461802,-11.863825,50.825386,62.7675,11.413436,5.099277,-1.5899842
1482,14.750130653381348,10.864048957824707,77.24832153320312,-0.5854780294841007,-14.862124206514375,-95.49067637111169,19.792984,9.82763,18.485975,7.3981633,-12.088433,-10.418229,11.56052,-4.67764,5.4329953,9.674142,-8.748667,9.985144,-1.7234364,-3.9473672,17.88748,-3.862568,14.3970375,-41.254944,67.3909,-2.8882902,6.821082,10.021725,-6.4569573,-11.864341,50.794693,62.75888,11.48641,5.100691,-1.6553882
1483,14.750176429748535,10.87063217163086,77.24552917480469,-0.5669809874147095,-14.863500382329594,-95.51647324064687,19.800236,9.810508,18.510805,7.389145,-12.082244,-10.4074955,11.570826,-4.697102,5.45025,9.634988,-8.7498045,10.055361,-1.7199013,-3.963878,17.890495,-3.8527875,14.396923,-41.228207,67.38166,-2.8870528,6.81967,10.053164,-6.452072,-11.864584,50.76625,62.749626,11.5604,5.099188,-1.7260565
1484,14.750184059143066,10.879284858703613,77.24250793457031,-0.5481739876244591,-14.863309394249113,-95.54120265360731,19.809189,9.790783,18.533918,7.3714375,-12.072744,-10.40312,11.581419,-4.7180753,5.463283,9.592158,-8.747522,10.123536,-1.7173406,-3.980334,17.897831,-3.8484366,14.396632,-41.200325,67.37301,-2.8977404,6.8169265,10.093032,-6.452691,-11.865334,50.730324,62.740932,11.604475,5.0919485,-1.792459
