Frame,root_translateX,root_translateY,root_translateZ,root_rotateX,root_rotateY,root_rotateZ,left_hip_pitch_joint_dof,left_hip_roll_joint_dof,left_hip_yaw_joint_dof,left_knee_joint_dof,left_ankle_pitch_joint_dof,left_ankle_roll_joint_dof,right_hip_pitch_joint_dof,right_hip_roll_joint_dof,right_hip_yaw_joint_dof,right_knee_joint_dof,right_ankle_pitch_joint_dof,right_ankle_roll_joint_dof,waist_yaw_joint_dof,waist_roll_joint_dof,waist_pitch_joint_dof,left_shoulder_pitch_joint_dof,left_shoulder_roll_joint_dof,left_shoulder_yaw_joint_dof,left_elbow_joint_dof,left_wrist_roll_joint_dof,left_wrist_pitch_joint_dof,left_wrist_yaw_joint_dof,right_shoulder_pitch_joint_dof,right_shoulder_roll_joint_dof,right_shoulder_yaw_joint_dof,right_elbow_joint_dof,right_wrist_roll_joint_dof,right_wrist_pitch_joint_dof,right_wrist_yaw_joint_dof
0,-0.11287987232208252,1.6674695014953613,77.8302001953125,-0.5931822693717362,-3.464975875171175,-88.08478489693518,8.980796,9.194895,13.962628,7.7834435,-12.824001,-8.390513,7.759535,-6.97581,-8.397774,7.187393,-10.643209,9.614274,-5.3760066,0.3023417,8.050899,-0.038479105,11.225278,-34.37952,61.04307,4.708843,2.1896558,0.46929288,-0.07711578,-14.893369,38.254765,59.035732,-15.308699,-5.325776,-3.7849874
1,-0.11522064357995987,1.6600791215896606,77.8315200805664,-0.5810685367194816,-3.4342526873346055,-88.00330958053092,8.944045,9.159172,13.877572,7.7379527,-12.809896,-8.410674,7.7708893,-7.0062027,-8.49976,7.15333,-10.653821,9.650906,-5.4416027,0.2796182,8.070963,-0.056347482,11.224572,-34.38643,61.012997,4.711528,2.2032773,0.4804254,-0.04273678,-14.911756,38.167194,58.987682,-15.284617,-5.33827,-3.7758992
2,-0.11321651935577393,1.655280590057373,77.83233642578125,-0.5684257824637492,-3.4030602281652755,-87.92652426828126,8.909139,9.123918,13.796521,7.6916585,-12.795798,-8.432113,7.779348,-7.0365205,-8.59743,7.1226163,-10.665655,9.685171,-5.491794,0.25559512,8.0886345,-0.083768636,11.222647,-34.409576,60.994133,4.711323,2.2176497,0.49193665,9.726443e-05,-14.927031,38.063885,58.939426,-15.274016,-5.351783,-3.7672858
3,-0.10689620673656464,1.653085470199585,77.83402252197266,-0.5563705312419109,-3.3731546894133912,-87.84054056064818,8.869973,9.088284,13.70756,7.650811,-12.784101,-8.450785,7.793623,-7.0680704,-8.703355,7.0872636,-10.676555,9.723411,-5.5408406,0.23226523,8.111177,-0.11573102,11.219206,-34.43398,60.97254,4.7112617,2.23061,0.5039248,0.04408757,-14.940056,37.947987,58.88527,-15.252708,-5.3643126,-3.756241
4,-0.10091323405504227,1.6517308950424194,77.83564758300781,-0.5446280947733951,-3.346399831884998,-87.731487016279,8.825223,9.050201,13.599743,7.612666,-12.773262,-8.462681,7.8197083,-7.10312,-8.829245,7.0447474,-10.686761,9.771834,-5.5908294,0.20878205,8.1473055,-0.15862663,11.212855,-34.453796,60.944736,4.715002,2.2391973,0.5156072,0.095853515,-14.953937,37.802624,58.806423,-15.206649,-5.3728933,-3.7389362
5,-0.09623803198337555,1.6509692668914795,77.83783721923828,-0.5298539784049819,-3.3189133926852747,-87.59778512629285,8.768468,9.0058,13.472996,7.58011,-12.764229,-8.461902,7.856235,-7.1459484,-8.975324,6.9899535,-10.694827,9.837802,-5.6490493,0.18356119,8.193888,-0.21062417,11.203247,-34.46703,60.909615,4.715502,2.2403812,0.5289705,0.15208115,-14.968921,37.639557,58.705418,-15.140589,-5.3728786,-3.7206712
6,-0.08793347328901291,1.6526278257369995,77.8381118774414,-0.5111661909017823,-3.291217802669666,-87.44636499706395,8.703526,8.954849,13.332789,7.5523114,-12.757452,-8.452536,7.890906,-7.198395,-9.134727,6.9465423,-10.711778,9.916362,-5.7028403,0.15719315,8.24929,-0.27697924,11.187041,-34.485085,60.87466,4.7139015,2.2363455,0.5440027,0.22022925,-14.990449,37.44786,58.57992,-15.063901,-5.367386,-3.6996071
7,-0.074384905397892,1.6592131853103638,77.84085083007812,-0.4932693992653608,-3.271054890325937,-87.27635312276242,8.640852,8.902191,13.175777,7.5236025,-12.749545,-8.445599,7.9195657,-7.255242,-9.309359,6.9436903,-10.751946,9.994638,-5.7620234,0.1326289,8.320587,-0.34696382,11.165133,-34.488018,60.829052,4.7259297,2.2320807,0.55663615,0.29124746,-15.016657,37.23628,58.42984,-14.946469,-5.3639407,-3.6656325
8,-0.06341619044542313,1.6662966012954712,77.84246826171875,-0.4855557275473558,-3.2664495777290483,-87.08665490074677,8.586469,8.853752,12.997903,7.4975624,-12.742055,-8.451848,7.9706407,-7.3068924,-9.505509,6.941449,-10.793106,10.060087,-5.816044,0.11486842,8.417327,-0.42729422,11.132342,-34.4767,60.77438,4.76504,2.2324476,0.5634985,0.37351936,-15.053858,36.981472,58.239147,-14.768841,-5.371186,-3.605238
9,-0.04833349213004112,1.6743000745773315,77.84120178222656,-0.49481499458560285,-3.2787923359014144,-86.87394017191852,8.536382,8.820507,12.795084,7.484263,-12.738077,-8.476645,8.04714,-7.343669,-9.729083,6.9386377,-10.835769,10.108339,-5.8892255,0.10541985,8.543087,-0.4984528,11.102495,-34.42324,60.691814,4.83213,2.2440193,0.5484351,0.44313824,-15.084897,36.70681,58.03111,-14.52192,-5.3893533,-3.5061858
10,-0.023798895999789238,1.6831318140029907,77.83988189697266,-0.519004419604484,-3.3021728950049565,-86.63802174612958,8.410442,8.817675,12.557153,7.64228,-12.821756,-8.515286,8.142237,-7.367687,-9.978349,6.935461,-10.880021,10.1461315,-5.9520035,0.111310236,8.693599,-0.5896431,11.060017,-34.36639,60.608433,4.916837,2.262105,0.5201845,0.53141576,-15.1280575,36.373272,57.77875,-14.229832,-5.4151382,-3.373326
11,0.005910343956202269,1.7000949382781982,77.83238983154297,-0.5699298192411001,-3.3302289674773387,-86.37728086236291,7.976087,8.90547,12.246,8.457477,-13.252882,-8.563758,8.249557,-7.3675537,-10.252058,6.9314814,-10.922913,10.176298,-6.0249543,0.14229412,8.856499,-0.6783254,11.011246,-34.292503,60.505543,5.031978,2.2765887,0.5045009,0.622216,-15.177052,36.021362,57.49644,-13.876489,-5.447997,-3.2379754
12,0.0411597415804863,1.7196459770202637,77.8248291015625,-0.6110403575028478,-3.371325971401211,-86.10757531756796,7.607584,8.957547,11.932233,9.155403,-13.628291,-8.610119,8.3741255,-7.3840456,-10.528796,6.9277973,-10.961774,10.206363,-6.0924087,0.15965283,9.032089,-0.75870734,10.95975,-34.207497,60.376152,5.1864905,2.2769468,0.52732664,0.71417654,-15.229118,35.66245,57.183807,-13.456127,-5.488831,-3.1284666
13,0.08246859908103943,1.7359107732772827,77.81692504882812,-0.6576342553160301,-3.43288622791364,-85.82455354653344,7.2969656,8.99419,11.608652,9.773553,-13.972881,-8.659731,8.526772,-7.403057,-10.814255,6.924957,-11.000772,10.227048,-6.1403527,0.18798032,9.228088,-0.8470757,10.881822,-34.130993,60.24766,5.355035,2.2499158,0.6134832,0.83986866,-15.310201,35.264977,56.80474,-12.936111,-5.5347505,-3.0302389
14,0.12918628752231598,1.752126932144165,77.80763244628906,-0.7098859976212135,-3.5123597244138973,-85.5260220857227,7.023629,9.02322,11.271078,10.346336,-14.29968,-8.713734,8.703955,-7.4210463,-11.1117525,6.9234505,-11.039895,10.238179,-6.197194,0.21885851,9.443146,-0.9200445,10.800513,-34.03176,60.09409,5.5443826,2.2053032,0.74072886,0.96462756,-15.395537,34.862675,56.39629,-12.323162,-5.586034,-2.9391806
15,0.1806754171848297,1.7673187255859375,77.79678344726562,-0.7420736014019776,-3.594225963908692,-85.22079994097982,6.777961,9.013014,10.930093,10.856738,-14.59645,-8.757453,8.885523,-7.4653015,-11.4104185,6.9213896,-11.070352,10.25702,-6.2435236,0.2266713,9.664614,-0.99624026,10.71852,-33.92179,59.909622,5.805316,2.1655037,0.87477696,1.0856068,-15.483657,34.4561,55.959564,-11.693117,-5.6485996,-2.882416
16,0.23557600378990173,1.7913689613342285,77.78987884521484,-0.7328030215807325,-3.663553433584618,-84.91698408964744,6.554629,8.934687,10.595755,11.280084,-14.846908,-8.776124,9.050153,-7.560803,-11.7002945,6.9204535,-11.084639,10.299872,-6.2695875,0.18767713,9.879188,-1.0864966,10.641485,-33.80279,59.683475,6.1903358,2.1529639,0.98059803,1.189859,-15.571816,34.05997,55.504936,-11.116842,-5.7289925,-2.8886871
17,0.29212504625320435,1.8138859272003174,77.77942657470703,-0.6757519213025612,-3.7186470414701622,-84.61520400288639,6.350642,8.785295,10.26518,11.621888,-15.056193,-8.766944,9.195223,-7.717024,-11.988046,6.9220495,-11.102618,10.367592,-6.2761993,0.09949009,10.082447,-1.1857618,10.572566,-33.679443,59.411304,6.731925,2.1762693,1.0560164,1.2718045,-15.656693,33.68543,55.05157,-10.558562,-5.834602,-2.9695683
18,0.34396588802337646,1.8432203531265259,77.74502563476562,-0.5369303072034692,-3.7575339300436643,-84.32853178049135,6.124967,8.540552,9.949159,11.973296,-15.272456,-8.7358675,8.629081,-8.129146,-12.163748,8.407504,-11.899641,10.457706,-6.2503242,-0.073048525,10.266521,-1.287141,10.512685,-33.548065,59.094925,7.3969674,2.2231493,1.116132,1.336836,-15.736447,33.323086,54.5911,-9.99892,-5.9615545,-3.1084971
19,0.39471113681793213,1.8878536224365234,77.69648742675781,-0.3165527509488555,-3.786640516009492,-84.05217011525184,5.9033966,8.194971,9.65192,12.286829,-15.465168,-8.6821165,7.6568055,-8.729977,-12.250036,10.73082,-13.09452,10.56148,-6.194504,-0.33602837,10.442424,-1.400573,10.466604,-33.40007,58.73144,8.135396,2.283908,1.1515846,1.3886155,-15.809923,32.957447,54.091278,-9.533522,-6.099231,-3.2921462
20,0.44331076741218567,1.9311649799346924,77.6279296875,0.011380684922531754,-3.8066986635408555,-83.79313226912383,5.6726003,7.723774,9.385659,12.590671,-15.643321,-8.605762,6.52206,-9.4895935,-12.254108,13.35864,-14.358204,10.677136,-6.103374,-0.72485083,10.611843,-1.5291929,10.444416,-33.220863,58.311848,8.899759,2.349109,1.1528474,1.4201332,-15.866669,32.58026,53.532616,-9.256809,-6.2362766,-3.5099416
21,0.4802311360836029,1.9893454313278198,77.53998565673828,0.4991577498531765,-3.7942444301886904,-83.56489728027574,5.4378967,7.0580497,9.169499,12.819397,-15.773281,-8.493566,5.182909,-10.468741,-12.151758,16.312468,-15.749589,10.802555,-5.95255,-1.2889514,10.746409,-1.6723052,10.442429,-33.023952,57.8481,9.694842,2.4017053,1.1513766,1.4547386,-15.921879,32.176765,52.897396,-9.219186,-6.3729734,-3.7780626
22,0.5139641761779785,2.053508758544922,77.42803192138672,1.1177732349247937,-3.7590239066334594,-83.35865563523869,5.204127,6.2351737,8.988991,12.99086,-15.865148,-8.349808,3.6670682,-11.631168,-11.945854,19.545681,-17.249172,10.93275,-5.7685256,-2.0002165,10.8509655,-1.8193877,10.4582205,-32.795727,57.341225,10.542345,2.4517326,1.1417348,1.4585423,-15.953168,31.783258,52.237568,-9.356146,-6.512432,-4.1036005
23,0.5509377121925354,2.1197688579559326,77.29486846923828,1.7667224139728814,-3.75125905131643,-83.14862593292122,4.959909,5.386516,8.808871,13.247056,-15.995267,-8.200908,2.1038117,-12.841674,-11.661698,22.89945,-18.665232,11.065532,-5.5420966,-2.7532475,11.013254,-1.9991062,10.510098,-32.557285,56.74656,11.409666,2.5280104,1.0519203,1.4683759,-15.995167,31.335857,51.461655,-9.617523,-6.647248,-4.4306407
24,0.5869726538658142,2.1904594898223877,77.14344787597656,2.3510644464536745,-3.8199607822597255,-82.91107781346439,4.6804514,4.639496,8.595314,13.749451,-16.24176,-8.072317,0.61465955,-13.972362,-11.333939,26.246634,-19.821407,11.204718,-5.317786,-3.4535654,11.2909565,-2.2157667,10.5973,-32.281815,56.040348,12.2700205,2.6571689,0.8167338,1.4522818,-16.041046,30.867716,50.56991,-9.924024,-6.7687564,-4.723569
25,0.6054638624191284,2.2637670040130615,76.99188232421875,2.8814753363810905,-3.980652000612704,-82.65074262386219,4.384342,3.9784582,8.358757,14.492544,-16.609526,-7.969121,-0.8065655,-15.032562,-10.953387,29.65726,-20.701738,11.332661,-5.086395,-4.119169,11.70096,-2.4601946,10.720756,-31.952026,55.211082,13.084434,2.8405497,0.39956635,1.4240294,-16.087225,30.359165,49.55847,-10.308323,-6.8669853,-4.984474
26,0.6199950575828552,2.347346305847168,76.82473754882812,3.3990322858334343,-4.205884207075307,-82.37853491397732,4.0698576,3.3480542,8.112953,15.410952,-17.062979,-7.879048,-2.2162306,-16.065416,-10.509848,33.176556,-21.394447,11.461927,-4.83462,-4.7867756,12.208498,-2.725694,10.883856,-31.58031,54.26781,13.8800535,3.0617585,-0.16015142,1.3848017,-16.134295,29.815731,48.437714,-10.78916,-6.9474173,-5.2310815
27,0.6284690499305725,2.4380297660827637,76.64929962158203,3.8473494001195583,-4.478486727784046,-82.0794497457721,3.6887605,2.8126547,7.8324413,16.558115,-17.612997,-7.8021674,-3.5581853,-16.999691,-10.052995,36.639153,-21.888725,11.645015,-4.573587,-5.384833,12.80042,-3.0461953,11.08201,-31.207163,53.233402,14.731822,3.3181634,-0.817038,1.31584,-16.19671,29.25623,47.193485,-11.286564,-7.0279536,-5.440175
28,0.6247949600219727,2.524907112121582,76.46810913085938,4.1675238285571305,-4.780301971944435,-81.73721863878707,3.193897,2.4390717,7.491807,17.986801,-18.269936,-7.739124,-4.7832656,-17.76836,-9.635681,39.900124,-22.182358,11.92907,-4.3163896,-5.837406,13.461677,-3.4589777,11.303978,-30.875097,52.136635,15.715116,3.6061983,-1.5258367,1.20708,-16.299883,28.696781,45.7997,-11.720584,-7.126662,-5.5866547
29,0.6209331750869751,2.6056344509124756,76.2776107788086,4.31546054530232,-5.116453436358332,-81.33823239560706,2.5407043,2.2752757,7.0729904,19.800816,-19.076008,-7.7042336,-5.877027,-18.332602,-9.30732,42.986774,-22.17976,12.3840065,-4.0658903,-6.0883374,14.206177,-3.989094,11.540566,-30.600485,51.007725,16.824036,3.9156153,-2.3374617,1.098958,-16.45851,28.113642,44.205578,-12.00332,-7.250663,-5.638014
30,0.6202194094657898,2.6981494426727295,76.07728576660156,4.321539925362515,-5.489421250319872,-80.8913369106375,1.7711575,2.2765543,6.5917172,21.92287,-20.003126,-7.697177,-6.870858,-18.726969,-9.041316,45.984646,-21.928738,12.965576,-3.8145175,-6.172109,15.03189,-4.6190686,11.788086,-30.367289,49.834263,18.030127,4.2430873,-3.2572696,1.0034481,-16.678791,27.50149,42.411877,-12.196476,-7.3889146,-5.611168
31,0.5989355444908142,2.7949414253234863,75.87427520751953,4.238174024760323,-5.878991338410734,-80.41424924962075,0.9727622,2.370749,6.0723624,24.128893,-20.954542,-7.695953,-7.781641,-18.997524,-8.779677,48.82534,-21.634619,13.549748,-3.5641627,-6.1508875,15.899667,-5.321581,12.042215,-30.166666,48.581036,19.37468,4.597254,-4.1736774,0.8714782,-16.977709,26.908175,40.461735,-12.444147,-7.532426,-5.554301
32,0.5618432760238647,2.884188413619995,75.6673583984375,4.124765729442899,-6.266304984714991,-79.92628386719056,0.22672006,2.4846857,5.541653,26.211214,-21.83734,-7.6762996,-8.623346,-19.196148,-8.465765,51.427925,-21.4964,14.01744,-3.3178763,-6.092213,16.772348,-6.06922,12.298076,-29.987524,47.211456,20.898304,4.9904447,-4.9772396,0.65583533,-17.37854,26.387053,38.391567,-12.8889065,-7.671744,-5.515279
33,0.5161650776863098,2.9623053073883057,75.45719909667969,3.9491261699736073,-6.664928912585983,-79.41318999212858,-0.48780975,2.6563373,4.9809117,28.235888,-22.675056,-7.628399,-9.366975,-19.268068,-8.09098,53.786133,-21.565027,14.330161,-3.0860746,-5.9627123,17.669403,-6.8886614,12.552736,-29.85243,45.76658,22.676075,5.426405,-5.627354,0.3880445,-17.895248,25.96195,36.17001,-13.652808,-7.836242,-5.511707
34,0.4695947766304016,3.040024995803833,75.24423217773438,3.69556474720017,-7.0771298989729425,-78.87021881570155,-1.1943716,2.9016416,4.382794,30.263176,-23.495117,-7.568877,-10.013218,-19.20398,-7.6958256,55.936974,-21.73151,14.561848,-2.868548,-5.7390804,18.599491,-7.784853,12.8033285,-29.761538,44.25042,24.666927,5.898236,-6.195197,0.09225939,-18.531475,25.60653,33.7667,-14.626322,-8.019045,-5.5126357
35,0.4150218665599823,3.10945987701416,75.03755950927734,3.4495509252904446,-7.468985487471479,-78.33227481505766,-1.8286035,3.1168118,3.7936244,32.102943,-24.22642,-7.5077615,-10.623942,-19.133425,-7.2882667,57.85915,-21.956263,14.760991,-2.6518807,-5.5087614,19.510942,-8.697506,13.0452385,-29.6674,42.56758,26.735971,6.4059644,-6.739131,-0.28609586,-19.292686,25.305714,31.213396,-15.603791,-8.156685,-5.490914
36,0.3616279363632202,3.171753406524658,74.83941650390625,3.2998420642510817,-7.809311894225069,-77.83616518037059,-2.331903,3.2032979,3.261564,33.577152,-24.803764,-7.4512553,-11.263636,-19.194977,-6.867671,59.534035,-22.197662,14.972457,-2.4239705,-5.361812,20.351463,-9.562611,13.275359,-29.513706,40.619217,28.75165,6.9488325,-7.3152943,-0.79994714,-20.18567,25.05188,28.540874,-16.378975,-8.1857195,-5.4169006
37,0.2912444472312927,3.2250449657440186,74.65840148925781,3.2767362335513175,-8.1109512065834,-77.41590595439264,-2.6836183,3.1482732,2.810785,34.688946,-25.248886,-7.3951683,-11.960954,-19.396248,-6.397672,60.99155,-22.507078,15.000033,-2.1484556,-5.333752,21.123217,-10.36096,13.49308,-29.267874,38.323013,30.757545,7.5697317,-7.978422,-1.4607319,-21.23161,24.901495,25.714449,-16.8463,-8.071955,-5.3031373
38,0.2074713408946991,3.2644503116607666,74.50464630126953,3.3253078846276813,-8.384562382804983,-77.04862858672327,-2.9270675,3.015388,2.4127316,35.539104,-25.59527,-7.3346667,-12.679893,-19.675335,-5.8735094,62.228165,-22.881926,15.000033,-1.8442647,-5.3631597,21.84607,-11.11824,13.701135,-28.955198,35.7407,32.805225,8.251489,-8.69464,-2.2265205,-22.435871,24.86152,22.707575,-17.126547,-7.8537326,-5.152282
39,0.12278459221124649,3.291292428970337,74.38807678222656,3.4104998293026862,-8.593387944783318,-76.69004349864403,-3.108912,2.8386111,2.036428,36.107918,-25.800026,-7.2809224,-13.397355,-20.03258,-5.406923,63.168304,-23.193417,15.000033,-1.5769024,-5.397434,22.492672,-11.840249,13.902764,-28.608753,32.990917,34.769978,8.909683,-9.377334,-3.0811563,-23.76861,24.841494,19.585878,-17.356337,-7.581781,-4.9239016
40,0.038005050271749496,3.3138740062713623,74.3148422241211,3.4710647160984096,-8.694824670615244,-76.30440086892229,-3.2874563,2.6804664,1.6530621,36.393116,-25.830837,-7.2528586,-14.093433,-20.445242,-5.117815,63.7272,-23.305164,15.000033,-1.4002342,-5.3696427,23.028849,-12.539264,14.10007,-28.266918,30.200895,36.5191,9.4692,-9.928703,-4.027261,-25.179296,24.740116,16.44772,-17.678894,-7.3099165,-4.582299
41,-0.05532095581293106,3.3249456882476807,74.30065155029297,3.52147304502046,-8.67437738896433,-75.90563274700654,-3.4747052,2.5371768,1.2804086,36.397873,-25.689306,-7.2386513,-14.793106,-20.966692,-5.0306406,63.90113,-23.211815,15.000033,-1.3210639,-5.3006234,23.41988,-13.212346,14.297045,-27.945631,27.357061,38.00171,9.949684,-10.296235,-5.119677,-26.63813,24.554928,13.335091,-18.181602,-7.01216,-4.0839076
42,-0.1678377389907837,3.326723098754883,74.34181213378906,3.5845723355096775,-8.556544877468626,-75.50383059166361,-3.6398547,2.383142,0.9238348,36.121754,-25.388937,-7.232533,-15.497365,-21.595081,-5.0793753,63.729958,-22.974993,15.000033,-1.3129138,-5.22818,23.683096,-13.853991,14.495607,-27.625227,24.413588,39.285946,10.393456,-10.53134,-6.373194,-28.137968,24.342848,10.242335,-18.783403,-6.6809464,-3.4626777
43,-0.3051041066646576,3.314007043838501,74.44740295410156,3.622815314793023,-8.356708686793533,-75.05827259414409,-3.7760122,2.248477,0.53508484,35.55462,-24.914389,-7.262754,-16.14635,-22.22744,-5.2540145,63.19286,-22.558456,15.000033,-1.3805723,-5.111177,23.86308,-14.478429,14.689796,-27.291035,21.456108,40.413998,10.761569,-10.6836815,-7.7413335,-29.657084,24.084946,7.2116675,-19.373278,-6.396875,-2.8051982
44,-0.459712415933609,3.303767681121826,74.606201171875,3.6009466711411955,-8.089767375781848,-74.5293973801549,-3.8764105,2.1646004,0.06527638,34.687317,-24.25131,-7.3572497,-16.679024,-22.760225,-5.5470486,62.26937,-21.925533,15.000033,-1.5218383,-4.9093676,24.003157,-15.1133,14.866538,-26.936882,18.586174,41.42716,11.013934,-10.800023,-9.179674,-31.166212,23.752115,4.2972126,-19.841778,-6.2366614,-2.2012556
45,-0.6352300643920898,3.305732011795044,74.81221008300781,3.5126268971409034,-7.750355059862994,-73.90246396346008,-3.93468,2.142131,-0.5203938,33.49151,-23.385714,-7.4833493,-17.063873,-23.215946,-6.033424,60.91174,-21.007154,15.000033,-1.7510121,-4.616037,24.096851,-15.763591,15.010954,-26.558422,15.834191,42.344208,11.132455,-10.858383,-10.705382,-32.638687,23.313322,1.5233706,-20.2252,-6.252301,-1.6034136
46,-0.823868989944458,3.270928144454956,75.08052825927734,3.3759738357404663,-7.3317313323592135,-73.2015224015627,-3.953126,2.1766524,-1.1946659,31.981293,-22.330307,-7.636518,-17.329683,-23.629557,-6.7054267,59.147324,-19.847057,15.000033,-2.0613272,-4.2534404,24.118956,-16.43494,15.116173,-26.166222,13.178226,43.1379,11.147408,-10.832878,-12.373685,-34.06456,22.809011,-1.0842743,-20.56474,-6.393456,-0.9956897
47,-1.033011794090271,3.219426155090332,75.39551544189453,3.193722726163357,-6.846168823711012,-72.44807931534169,-3.9424815,2.2801702,-1.9161865,30.215368,-21.114851,-7.886037,-17.512985,-23.910702,-7.422666,57.064102,-18.575413,15.000033,-2.4184444,-3.8235242,24.08413,-17.158829,15.182523,-25.775421,10.646425,43.779533,11.087215,-10.763663,-14.191968,-35.444965,22.316082,-3.4771242,-20.762625,-6.576024,-0.5151351
48,-1.2606077194213867,3.1635262966156006,75.74268341064453,2.9779656685312395,-6.3086614252880215,-71.6564594605739,-3.9004908,2.4437673,-2.643519,28.22562,-19.755693,-8.299591,-17.65006,-23.992874,-8.029586,54.745564,-17.319384,15.000033,-2.7953787,-3.3412948,24.012945,-17.9605,15.21533,-25.398596,8.257241,44.241276,10.977596,-10.694158,-16.158894,-36.78775,21.909225,-5.6214476,-20.720886,-6.7125006,-0.29648125
49,-1.507948398590088,3.105062961578369,76.11199951171875,2.7076413648545707,-5.7163191103339255,-70.83557550795089,-3.769273,2.6895528,-3.4418674,25.879887,-18.183508,-8.799329,-17.699171,-23.808634,-8.524806,52.07066,-16.063705,15.000033,-3.188293,-2.7765648,23.911896,-18.815685,15.212241,-25.023281,6.0129733,44.47681,10.802653,-10.630347,-18.285559,-38.09038,21.626244,-7.5079646,-20.311827,-6.790267,-0.40473068
50,-1.7617216110229492,3.053398370742798,76.4848861694336,2.3913934292519823,-5.0641690056056,-69.97412426140083,-3.561751,3.023932,-4.3171444,23.196669,-16.41133,-9.373124,-17.649187,-23.41748,-8.959478,49.02422,-14.749342,15.000033,-3.617792,-2.1362476,23.774643,-19.719717,15.169793,-24.643423,3.904617,44.514217,10.556031,-10.549115,-20.592716,-39.34587,21.445673,-9.146398,-19.62348,-6.851578,-0.76032346
51,-2.0413284301757812,2.9970624446868896,76.8427734375,2.0538747596487053,-4.359925598230497,-69.06884190164452,-3.3902242,3.4422514,-5.1406646,20.436779,-14.59067,-10.202639,-17.579576,-22.902847,-9.268247,45.82096,-13.429364,15.000033,-4.0763955,-1.4551662,23.60084,-20.725645,15.096566,-24.283497,1.9272152,44.435463,10.276025,-10.45251,-23.064991,-40.561558,21.33996,-10.559805,-18.886034,-6.894254,-1.278328
52,-2.3395814895629883,2.9563868045806885,77.17007446289062,1.7163309018931674,-3.6136973705581483,-68.11667501378533,-3.3561368,3.9334571,-5.787486,17.838411,-12.86159,-11.478384,-17.570522,-22.339682,-9.399201,42.681923,-12.157159,15.000033,-4.5553217,-0.7584281,23.39467,-21.879726,15.007894,-23.969307,0.06286068,44.320408,10.000957,-10.343045,-25.687346,-41.75662,21.280613,-11.779728,-18.32378,-6.910525,-1.8718897
53,-2.650176763534546,2.911738395690918,77.45668029785156,1.346757580615575,-2.7813044584833273,-67.0888689973146,-3.4070554,4.4835567,-6.3692756,15.0931425,-11.090666,-13.581048,-17.639845,-21.671198,-9.287141,39.52246,-11.040905,15.000033,-5.0664916,-0.011162758,23.12558,-23.177696,14.908008,-23.724754,-1.6953362,44.14069,9.722474,-10.201174,-28.433071,-42.94543,21.256231,-12.849274,-17.98887,-6.863872,-2.5705566
54,-2.9361021518707275,2.878159523010254,77.6931381225586,1.106704296414913,-1.8914460741981574,-65.96230376540248,-3.2502978,4.7738357,-6.9499645,11.693714,-9.005633,-15.000033,-17.786692,-21.107922,-8.872291,36.356144,-10.058189,15.000033,-5.6383734,0.6507079,22.813358,-24.59796,14.790652,-23.53577,-3.35053,43.86367,9.4279375,-10.03301,-31.310873,-44.13469,21.283815,-13.76602,-17.755417,-6.7697845,-3.398308
55,-3.2128517627716064,2.8636386394500732,77.8834228515625,0.9753186223825754,-1.0522784581565465,-64.80664417996785,-2.9348788,4.922667,-7.25726,8.18271,-6.854434,-15.000033,-17.938578,-20.691008,-8.324885,33.371742,-8.9911995,15.000033,-6.2261577,1.2486426,22.55807,-26.1556,14.660358,-23.368744,-4.92225,43.56488,9.146404,-9.878786,-34.33424,-45.33488,21.374199,-14.522579,-17.591238,-6.6936746,-4.2643585
56,-3.5129382610321045,2.858538866043091,78.04163360595703,0.8554915782984127,-0.3388241487080026,-63.70989858042114,-3.6101544,5.193745,-6.9955196,7.30292,-6.014803,-15.000033,-18.019245,-20.330381,-7.8744025,30.677452,-7.5799823,15.000033,-6.762839,1.8367078,22.442884,-27.85805,14.538425,-23.194798,-6.4442825,43.323376,8.903353,-9.777458,-37.464058,-46.558517,21.508497,-15.162661,-17.474796,-6.700506,-5.083951
57,-3.8431649208068848,2.8658435344696045,78.17315673828125,0.8024072315107773,0.2774767003923787,-62.651833447397834,-4.5075593,5.6523104,-5.8863564,7.291733,-5.4639606,-15.000033,-18.09089,-20.109125,-7.542879,28.308914,-5.596024,15.000033,-7.2368183,2.3567557,22.471443,-29.72145,14.44375,-23.041906,-7.989251,43.136295,8.705689,-9.780342,-40.88682,-47.818848,21.72899,-15.578673,-17.395027,-6.7911563,-5.841791
58,-4.213099479675293,2.854301691055298,78.26878356933594,0.8182849008157951,0.8413108660239602,-61.595787686199294,-5.3086896,6.2478466,-4.106249,7.320247,-4.791903,-15.000033,-18.183855,-20.007978,-7.265736,26.191563,-3.2194202,15.000033,-7.7016525,2.7989688,22.588207,-31.698036,14.384782,-22.903004,-9.560287,42.96879,8.538072,-9.853161,-44.42274,-49.126526,21.994196,-15.949984,-17.385687,-6.9315443,-6.583799
59,-4.605389595031738,2.837892532348633,78.3067626953125,0.8849040906147896,1.3117830800734505,-60.57272175530095,-6.896293,6.9215612,-2.0634298,9.493182,-5.179205,-15.000033,-18.27172,-19.997755,-7.0423098,24.391485,-0.8504672,15.000033,-8.123488,3.1856492,22.824083,-33.75427,14.360694,-22.772903,-11.137928,42.835365,8.397727,-9.900768,-48.02609,-50.461655,22.306034,-16.239767,-17.419285,-7.1420846,-7.3206005
60,-4.9997968673706055,2.8250598907470703,78.27941131591797,0.9553991586939201,1.6395255571334297,-59.62358811249423,-8.656693,7.8127584,-0.023733899,12.767915,-6.156207,-15.000033,-18.309725,-20.007448,-6.8640943,22.964521,1.1098661,15.000033,-8.481156,3.556051,23.202906,-35.858177,14.367056,-22.627945,-12.675916,42.756493,8.281369,-9.83112,-51.618256,-51.785275,22.653957,-16.425432,-17.474941,-7.4431505,-8.059705
61,-5.418056964874268,2.800358772277832,78.1914291381836,0.9017228759634258,1.7800133160099179,-58.78515922733236,-10.437609,9.233099,2.1765997,17.068933,-7.7614217,-15.000033,-18.194502,-19.901052,-6.898708,21.834373,2.7577987,15.000033,-8.769658,4.0296597,23.781738,-38.038216,14.413904,-22.443325,-14.178421,42.80185,8.205934,-9.623726,-55.345764,-53.089596,23.096182,-16.4062,-17.529737,-7.8987036,-8.821946
62,-5.856732368469238,2.7658727169036865,78.03787231445312,0.6253886994613584,1.7354427403781811,-58.068212593613644,-12.175941,11.343822,4.4873343,22.24108,-9.910327,-15.000033,-17.913366,-19.567196,-7.1584163,20.977488,4.2450933,15.000033,-8.987044,4.695519,24.578342,-40.29472,14.502684,-22.22103,-15.664621,42.93739,8.170615,-9.328979,-59.24686,-54.369926,23.649668,-16.194897,-17.599112,-8.477828,-9.59174
63,-6.290727138519287,2.7050132751464844,77.81378173828125,0.23758908211745638,1.5448834680250472,-57.45703154190614,-13.604111,13.760729,6.4163175,27.461248,-12.089662,-15.000033,-17.608957,-19.098583,-7.3201513,20.56072,5.2384315,15.000033,-9.118507,5.4312663,25.518274,-42.570995,14.605172,-21.99272,-17.078121,43.046375,8.143725,-8.959417,-63.06442,-55.573383,24.194223,-15.897891,-17.733845,-9.059378,-10.321144
64,-6.707563877105713,2.6335768699645996,77.51945495605469,-0.05639227598204261,1.2850376702274133,-56.895466541946504,-14.669589,15.877443,7.57641,32.154606,-13.844849,-15.000033,-17.485617,-18.703747,-7.0283866,20.789757,5.383108,15.000033,-9.165343,6.022605,26.456104,-44.877308,14.691709,-21.789236,-18.28415,42.983196,8.087778,-8.529924,-66.50921,-56.631245,24.570526,-15.589504,-18.001202,-9.5249815,-10.953449
65,-7.1105265617370605,2.5449330806732178,77.16151428222656,-0.138122601608564,0.9664314929330134,-56.34910069716514,-15.475757,17.36874,7.8666434,36.43348,-15.16802,-15.000033,-17.623703,-18.466871,-5.9803295,21.848059,4.4286895,15.000033,-9.166717,6.3331695,27.346046,-47.181335,14.729514,-21.630962,-19.250542,42.727917,7.983958,-7.963108,-69.58388,-57.501575,24.765585,-15.171282,-18.434547,-9.895282,-11.535866
66,-7.488343715667725,2.4839842319488525,76.76640319824219,0.0016041938540606003,0.5936032649485241,-55.80585346925561,-16.136402,18.311415,7.6220903,40.590786,-16.264996,-14.772619,-17.99091,-18.41515,-4.403038,23.635115,2.6389904,15.000033,-9.129483,6.374654,28.161657,-49.628662,14.748012,-21.467731,-19.889318,42.272095,7.8378277,-7.292291,-72.4104,-58.188236,24.829205,-14.551021,-19.020264,-10.217745,-12.064893
67,-7.853730201721191,2.413363218307495,76.29417419433594,0.25240506930366935,0.20246728656516205,-55.294452037232915,-16.70478,18.923523,7.09002,44.57757,-17.12082,-14.422782,-18.504698,-18.465292,-2.7844844,25.797733,0.44756085,15.000033,-9.068317,6.24397,28.921106,-52.045895,14.726581,-21.310001,-20.373455,41.866547,7.6859245,-6.666163,-74.928116,-58.66752,24.690313,-13.8778,-19.72004,-10.415858,-12.410405
68,-8.213047981262207,2.3207879066467285,75.73921203613281,0.48925408475962906,-0.17551908797257063,-54.84026681762189,-17.207216,19.482815,6.441772,48.31188,-17.709755,-14.408227,-19.097162,-18.55631,-1.5910195,28.034283,-1.7914033,15.000033,-8.955613,6.067573,29.618652,-54.4348,14.655045,-21.146759,-20.71753,41.636196,7.557936,-6.2422805,-77.04423,-58.919346,24.272522,-13.28123,-20.51064,-10.42329,-12.429568
69,-8.575385093688965,2.2135729789733887,75.13800811767578,0.7487618786372319,-0.4132349720895566,-54.437973939678926,-17.79092,19.935383,5.6786537,51.817635,-17.876745,-14.884441,-19.92271,-18.798346,-0.95450926,30.36908,-4.251064,15.000033,-8.701285,5.8276653,29.793802,-56.609364,14.495853,-21.100279,-20.799347,41.534546,7.461301,-6.0013876,-78.39287,-58.870033,23.521399,-12.711474,-21.416422,-10.122178,-11.975059
70,-8.91914176940918,2.135439157485962,74.520263671875,1.162640904879983,-0.6193867070047641,-54.029416960228076,-18.334236,20.029339,4.894804,55.134285,-17.698507,-15.000033,-20.923752,-19.334063,-0.58540267,32.9604,-7.076737,15.000033,-8.400571,5.368754,29.793802,-58.874207,14.171782,-21.096014,-20.523033,41.611267,7.37046,-5.9246297,-79.26598,-58.492943,22.421024,-12.112641,-22.495564,-9.61414,-11.080189
71,-9.258005142211914,2.080042839050293,73.8865966796875,1.6215018830234085,-0.825685323074547,-53.628485983361266,-18.80693,19.979885,4.119792,58.239674,-17.485193,-15.000033,-22.041365,-19.974518,-0.31110433,35.70308,-9.861149,15.000033,-8.160619,4.822331,29.793802,-61.05458,13.787478,-20.99266,-20.184368,41.845238,7.281608,-6.001564,-80.0444,-57.870228,21.303015,-11.485025,-23.657658,-9.139258,-10.100975
72,-9.5814847946167,2.048501491546631,73.264404296875,1.9384443015053237,-1.0275129351359715,-53.288531455347936,-19.23702,20.07591,3.2959602,61.12982,-17.54154,-15.000033,-23.234821,-20.410988,0.014413312,38.468933,-12.174426,15.000033,-8.00091,4.379553,29.793802,-62.986546,13.370704,-20.726374,-19.911966,42.216774,7.1861935,-6.206435,-80.80806,-57.069504,20.34681,-10.87923,-24.826061,-8.934945,-9.401185
73,-9.8941068649292,2.0387837886810303,72.6356201171875,2.038438736481584,-1.2372392355682003,-53.05854237431327,-19.63528,20.391016,2.3000946,63.830807,-17.978777,-15.000033,-24.595095,-20.521255,0.45084444,41.430458,-13.904903,15.000033,-7.8806233,4.1342583,29.793802,-64.645645,12.9351845,-20.256084,-19.733156,42.774754,7.074039,-6.5838294,-81.51679,-56.12363,19.537302,-10.29278,-26.01029,-9.105707,-9.094999
74,-10.190953254699707,2.0357954502105713,72.0236587524414,2.004536422720942,-1.4519734990480888,-52.912856097850415,-19.986319,20.801048,1.1660603,66.3454,-18.628777,-15.000033,-26.099579,-20.454016,0.9165523,44.6008,-15.292075,15.000033,-7.7745266,4.012569,29.793802,-66.090515,12.487143,-19.629433,-19.618034,43.49758,6.9496374,-7.123407,-82.08729,-55.03349,18.769106,-9.743926,-27.23668,-9.492954,-9.008286
75,-10.475988388061523,2.050689697265625,71.45781707763672,1.9306119888153412,-1.636808542207043,-52.77243093648244,-20.287079,21.234663,0.051865473,68.59435,-19.339556,-15.000033,-27.566813,-20.359068,1.3507384,47.650345,-16.45028,15.000033,-7.761348,3.9079041,29.793802,-67.30387,12.045386,-18.900349,-19.599321,44.266098,6.8259163,-7.7251415,-82.5804,-53.84906,18.08662,-9.29722,-28.406544,-9.927449,-9.071366
76,-10.744967460632324,2.0722832679748535,70.96467590332031,1.9057978110045766,-1.7544213695856634,-52.55870801464319,-20.547733,21.634272,-0.90221727,70.499374,-19.953337,-15.000033,-28.823517,-20.368822,1.6867757,50.231285,-17.485556,15.000033,-7.915401,3.728507,29.793802,-68.25804,11.627231,-18.12132,-19.726841,44.950485,6.722098,-8.288733,-83.0628,-52.64268,17.549765,-9.019624,-29.414335,-10.238142,-9.214526
77,-10.993606567382812,2.079474449157715,70.53744506835938,1.9414060155792854,-1.7634795788160635,-52.23661294770544,-20.82172,21.977026,-1.7519611,72.020325,-20.430672,-15.000033,-29.859016,-20.509245,1.8794127,52.24612,-18.389837,15.000033,-8.287388,3.4567075,29.793802,-68.91105,11.229681,-17.27072,-20.064257,45.50843,6.650485,-8.818452,-83.522964,-51.473705,17.173092,-9.022677,-30.131107,-10.366666,-9.507638
78,-11.202238082885742,2.075361728668213,70.16590881347656,1.9879029059604447,-1.6931293621413175,-51.855472118391404,-21.102371,22.311049,-2.5789108,73.20733,-20.844576,-15.000033,-30.7612,-20.704279,1.9597423,53.882504,-19.119162,15.000033,-8.801381,3.1609437,29.793802,-69.30375,10.834181,-16.34783,-20.575363,45.9937,6.6033874,-9.354402,-83.87524,-50.354897,16.88964,-9.293407,-30.633707,-10.398871,-9.959533
79,-11.365084648132324,2.0700771808624268,69.84410095214844,2.04037702790978,-1.61282017656004,-51.46216892297215,-21.311337,22.691261,-3.2846,74.11612,-21.20582,-15.000033,-31.516052,-20.929325,1.978867,55.230427,-19.721952,15.000033,-9.358369,2.8692667,29.793802,-69.53691,10.439037,-15.429991,-21.142931,46.427784,6.5722914,-9.853999,-84.13828,-49.29711,16.656443,-9.674032,-31.076235,-10.390128,-10.399306
80,-11.508071899414062,2.0716359615325928,69.57218170166016,2.09404238427573,-1.5902067704851637,-51.10380004545423,-21.368553,23.174055,-3.7621713,74.801735,-21.52593,-15.000033,-32.10957,-21.155926,1.9885646,56.37338,-20.24597,15.000033,-9.852466,2.6095924,29.793802,-69.698494,10.051056,-14.597662,-21.669147,46.82592,6.550644,-10.271991,-84.299225,-48.298363,16.42318,-10.024342,-31.63624,-10.393559,-10.660921
81,-11.634458541870117,2.092862844467163,69.34063720703125,2.1658859467853513,-1.6604632101496646,-50.7708167674322,-21.226582,23.805332,-3.9432542,75.25007,-21.79575,-15.000033,-32.508896,-21.408655,1.9915268,57.33166,-20.721857,15.000033,-10.279118,2.3618248,29.793802,-69.76586,9.667064,-13.8648205,-22.129587,47.181,6.552919,-10.57086,-84.31015,-47.34898,16.171787,-10.3448715,-32.41641,-10.42246,-10.650822
82,-11.75565242767334,2.125696897506714,69.15205383300781,2.2506876064624897,-1.7831495073625407,-50.44736916882093,-20.93174,24.549973,-3.8911407,75.44223,-22.018692,-15.000033,-32.731464,-21.68934,1.9583817,58.061474,-21.117691,15.000033,-10.681938,2.1157844,29.793802,-69.7148,9.281109,-13.1991205,-22.568819,47.48777,6.5805745,-10.782432,-84.17989,-46.449287,15.9255705,-10.704429,-33.306274,-10.454377,-10.472028
83,-11.861083984375,2.1804826259613037,69.01066589355469,2.311323211844507,-1.9102749904232244,-50.169928713872906,-20.543016,25.339355,-3.6913528,75.426865,-22.22511,-15.000033,-32.838467,-21.934134,1.8953849,58.54952,-21.387291,15.000033,-11.028816,1.9104187,29.793802,-69.61994,8.904941,-12.609604,-22.988522,47.76345,6.6070366,-10.964949,-83.99069,-45.613598,15.705377,-11.066522,-34.159393,-10.486944,-10.255783
84,-11.93630313873291,2.2583065032958984,68.92347717285156,2.3116458484202664,-1.9910539634738464,-49.97370994753181,-20.126223,26.103424,-3.4339669,75.25282,-22.439083,-15.000033,-32.8927,-22.085175,1.8103249,58.78102,-21.48424,15.000033,-11.28816,1.7857115,29.793802,-69.54882,8.55973,-12.106924,-23.400589,48.018665,6.606885,-11.174518,-83.81254,-44.863716,15.521838,-11.404964,-34.824566,-10.51249,-10.134118
85,-11.979220390319824,2.362971782684326,68.89408874511719,2.2182134154605757,-2.009169174816032,-49.89678065679598,-19.690203,26.885908,-3.1200657,74.92668,-22.709032,-15.000033,-32.913414,-22.08233,1.702712,58.74111,-21.38502,15.000033,-11.426912,1.7825878,29.793802,-69.49813,8.257817,-11.696116,-23.817598,48.24313,6.577148,-11.430389,-83.65202,-44.21766,15.3867235,-11.715991,-35.2356,-10.521112,-10.136612
86,-11.986212730407715,2.501157283782959,68.92243957519531,2.060244216630846,-1.9904195557315576,-49.910306187829256,-19.19947,27.700285,-2.6954575,74.426765,-23.007284,-15.000033,-32.867348,-21.973667,1.5696462,58.43886,-21.115183,15.000033,-11.467127,1.8691821,29.793802,-69.432076,7.9954696,-11.376267,-24.238615,48.42451,6.5337653,-11.69708,-83.46496,-43.676548,15.288292,-12.025111,-35.471577,-10.515784,-10.197257
87,-11.96531867980957,2.659282684326172,69.00614166259766,1.8954557305947664,-1.945816336223701,-49.946867295070476,-18.66037,28.427803,-2.180479,73.758064,-23.238384,-15.000033,-32.74155,-21.8551,1.4162523,57.902653,-20.709696,15.000033,-11.462675,1.9760824,29.793802,-69.36676,7.768353,-11.1510515,-24.653913,48.576263,6.479198,-11.948692,-83.23846,-43.2314,15.194433,-12.355717,-35.60137,-10.506462,-10.303762
88,-11.9158353805542,2.835329294204712,69.14982604980469,1.780418731120481,-1.8857974787834058,-49.938805793312646,-18.084812,28.948463,-1.6060463,72.9255,-23.304022,-15.000033,-32.52216,-21.82549,1.245413,57.16066,-20.202574,15.000033,-11.469452,2.033287,29.793802,-69.31882,7.5736513,-11.022588,-25.052553,48.71234,6.4156313,-12.160072,-82.96086,-42.867046,15.071259,-12.726742,-35.69685,-10.504088,-10.443197
89,-11.850235939025879,3.021897077560425,69.345703125,1.7357512313005172,-1.806999524257386,-49.86269818011065,-17.48257,29.209896,-0.9691349,71.91075,-23.17529,-15.000033,-32.205135,-21.916332,1.0572138,56.20809,-19.599894,15.000033,-11.506051,2.0169618,29.793802,-69.29636,7.414621,-11.003476,-25.43894,48.851746,6.3308215,-12.348997,-82.63256,-42.57872,14.917787,-13.13932,-35.720703,-10.521445,-10.662348
90,-11.758288383483887,3.2213337421417236,69.59205627441406,1.7127972915819805,-1.7067014536377094,-49.76287351050842,-16.848946,29.297033,-0.27757865,70.719666,-22.904802,-15.000033,-31.788342,-22.053652,0.8370766,55.02645,-18.881014,15.000033,-11.535738,1.9805214,29.793802,-69.28835,7.2923937,-11.089684,-25.81103,48.981075,6.228295,-12.519918,-82.252625,-42.365116,14.745279,-13.583036,-35.657017,-10.551358,-10.951028
91,-11.64526653289795,3.4326260089874268,69.87989807128906,1.7168868764448184,-1.5913556320511282,-49.65008250752109,-16.182474,29.232517,0.43807274,69.38616,-22.509333,-15.000033,-31.291056,-22.233719,0.60122585,53.65191,-18.05454,15.000033,-11.559781,1.9163979,29.793802,-69.291016,7.2042823,-11.255859,-26.154406,49.074623,6.1335363,-12.631837,-81.8308,-42.212944,14.544105,-14.063317,-35.611526,-10.573238,-11.208654
92,-11.518452644348145,3.6597416400909424,70.20631408691406,1.7300101179935903,-1.4703365742832717,-49.54584522512969,-15.477325,29.069086,1.1406771,67.946045,-22.009438,-15.000033,-30.719194,-22.428013,0.35025886,52.109196,-17.123821,15.000033,-11.570284,1.8397479,29.793802,-69.29603,7.1451344,-11.475197,-26.450434,49.106876,6.0713053,-12.643184,-81.37358,-42.100746,14.305836,-14.581813,-35.693554,-10.566479,-11.334326
93,-11.369226455688477,3.900705575942993,70.56388092041016,1.7519067549295997,-1.3445502240030893,-49.44334305512011,-14.73602,28.775944,1.8129398,66.387794,-21.365232,-15.000033,-30.053528,-22.632282,0.07090926,50.36524,-16.076384,15.000033,-11.579297,1.7579601,29.793802,-69.309616,7.12307,-11.758547,-26.6901,49.071434,6.0458746,-12.532772,-80.90289,-42.021023,14.0443535,-15.128429,-35.98835,-10.507906,-11.252346
94,-11.202370643615723,4.1614580154418945,70.94572448730469,1.7864598892367352,-1.2109961592323664,-49.33778315514532,-13.9635105,28.346678,2.4618669,64.69675,-20.58284,-15.000033,-29.294308,-22.85454,-0.23805676,48.42018,-14.91278,15.000033,-11.589454,1.6527946,29.793802,-69.33963,7.1414633,-12.119348,-26.872358,48.988735,6.0450206,-12.326443,-80.39453,-41.95821,13.738383,-15.7119665,-36.430515,-10.422439,-11.024872
95,-11.01693058013916,4.4372124671936035,71.33836364746094,1.8287009010842035,-1.0711348063177248,-49.24957230720212,-13.156385,27.862106,3.0981548,62.90295,-19.749836,-15.000033,-28.479641,-23.078032,-0.5557466,46.34053,-13.662168,15.000033,-11.588445,1.527423,29.793802,-69.34982,7.190478,-12.503538,-27.030312,48.857224,6.065568,-12.056129,-79.86669,-41.90867,13.413097,-16.30486,-36.888145,-10.342205,-10.778415
96,-10.820160865783691,4.726465225219727,71.73711395263672,1.8739937822320445,-0.9277119617889732,-49.198259360003426,-12.307658,27.399036,3.7394617,61.03783,-18.952234,-15.000033,-27.64649,-23.290554,-0.85970277,44.19068,-12.351181,15.000033,-11.559679,1.3773574,29.793802,-69.3195,7.246312,-12.864616,-27.180637,48.686504,6.1021943,-11.755954,-79.32418,-41.86051,13.076447,-16.884928,-37.23708,-10.3025,-10.632623
97,-10.615644454956055,5.0133514404296875,72.13468933105469,1.9202727631605423,-0.7798558055498106,-49.19356327473295,-11.400721,26.967299,4.4010825,59.08332,-18.172705,-15.000033,-26.767529,-23.477709,-1.1530639,41.906166,-10.957046,15.000033,-11.494323,1.205443,29.793802,-69.244736,7.29924,-13.205385,-27.310684,48.459064,6.164502,-11.404007,-78.759094,-41.804306,12.734899,-17.441265,-37.457752,-10.327089,-10.626602
98,-10.398098945617676,5.309480667114258,72.52696990966797,1.9705185885785086,-0.6278725933724051,-49.223262638805444,-10.442264,26.526516,5.072533,57.030346,-17.378544,-15.000033,-25.833725,-23.643875,-1.447851,39.474133,-9.473567,15.000033,-11.4024935,1.0039414,29.793802,-69.14414,7.35817,-13.551064,-27.404709,48.184372,6.24941,-10.993442,-78.15929,-41.734207,12.368245,-17.994392,-37.62037,-10.396186,-10.688648
99,-10.170754432678223,5.607752799987793,72.9021224975586,2.027709769427992,-0.47555961309980654,-49.273773025850694,-9.457582,26.073654,5.737955,54.92152,-16.628965,-15.000033,-24.912992,-23.80869,-1.7336693,37.04115,-7.954093,15.000033,-11.295477,0.7764079,29.793802,-69.016785,7.4095416,-13.86965,-27.492538,47.91185,6.3274875,-10.584658,-77.570946,-41.659733,11.993673,-18.528376,-37.730408,-10.468199,-10.784234
100,-9.933653831481934,5.913035869598389,73.2610855102539,2.0948639516471945,-0.3267197885110645,-49.331773222763964,-8.469204,25.603067,6.3798585,52.79463,-15.982591,-15.000033,-24.075113,-23.998734,-1.9982756,34.75878,-6.4542494,15.000033,-11.176893,0.5147415,29.793802,-68.876175,7.438634,-14.14619,-27.583244,47.69515,6.3735604,-10.236471,-76.99499,-41.589504,11.584329,-19.064793,-37.793186,-10.508225,-10.87124
101,-9.693739891052246,6.230246067047119,73.59449768066406,2.1748479507821106,-0.17814995070107356,-49.39674013215589,-7.462516,25.132776,7.041136,50.609894,-15.441942,-15.000033,-23.30809,-24.21985,-2.2301428,32.58846,-4.904662,15.000033,-11.038835,0.21530265,29.793802,-68.71865,7.4271398,-14.380146,-27.670418,47.548267,6.374018,-9.96263,-76.4103,-41.52706,11.120132,-19.612091,-37.776558,-10.502317,-10.951498
102,-9.447962760925293,6.549561023712158,73.89396667480469,2.2781409857988946,0.04041837752967431,-49.47185949118248,-6.512733,24.630775,7.711226,48.363068,-14.971863,-15.000033,-22.67963,-24.465818,-2.4204793,30.491545,-3.3069198,15.000033,-10.863912,-0.1128394,29.543299,-68.3996,7.3419228,-14.604369,-27.699348,47.42041,6.340932,-9.707628,-75.64575,-41.449368,10.631503,-20.142227,-37.684143,-10.476895,-11.069766
103,-9.200064659118652,6.879787921905518,74.15557098388672,2.4082063516043553,0.3732169448624895,-49.55194807805822,-5.7163353,24.041012,8.290912,46.137966,-14.560292,-15.000033,-22.300709,-24.752722,-2.590934,28.591906,-1.7949288,15.000033,-10.654612,-0.45728472,28.848198,-67.84273,7.14918,-14.830605,-27.62865,47.301228,6.28534,-9.451137,-74.63362,-41.327705,10.175736,-20.598484,-37.585808,-10.455069,-11.22487
104,-8.944437980651855,7.214521408081055,74.37638092041016,2.536691484490118,0.6819829441371572,-49.64116048305959,-4.948349,23.353031,8.676877,43.996883,-14.215811,-15.000033,-22.050892,-25.06595,-2.7823772,26.998634,-0.53152794,15.000033,-10.428026,-0.81423575,28.168762,-67.366264,6.894272,-15.02168,-27.51635,47.246914,6.2278137,-9.239279,-73.70759,-41.213894,9.733003,-21.010584,-37.556374,-10.445675,-11.344446
105,-8.689898490905762,7.549639701843262,74.5449447631836,2.681332121463798,0.9717194853502464,-49.73903054782928,-4.1886454,22.503735,8.79406,41.87821,-13.866825,-15.000033,-21.927141,-25.450935,-3.0310116,25.652868,0.5178296,15.000033,-10.1808195,-1.2010032,27.50005,-66.94545,6.59361,-15.182424,-27.387474,47.259644,6.1850505,-9.064945,-72.85604,-41.14118,9.290886,-21.399946,-37.592155,-10.450229,-11.443361
106,-8.436284065246582,7.8918890953063965,74.658935546875,2.8356848806642754,1.245752274622572,-49.849457348956,-3.4240324,21.545797,8.7017,39.759758,-13.538849,-15.000033,-21.910936,-25.892284,-3.310833,24.51643,1.41224,15.000033,-9.904166,-1.6112734,26.842146,-66.563416,6.2501945,-15.3167515,-27.246613,47.326786,6.1483917,-8.927104,-72.03442,-41.121567,8.828515,-21.792328,-37.653023,-10.456534,-11.53092
107,-8.180635452270508,8.24258804321289,74.72103118896484,2.957944743932987,1.486217310214192,-49.97605258070791,-2.6951704,20.624407,8.507592,37.794704,-13.3840685,-15.000033,-22.009514,-26.305908,-3.5494869,23.73271,2.0391846,15.000033,-9.596246,-2.000068,26.236414,-66.26098,5.8791137,-15.424093,-27.09748,47.41174,6.1037035,-8.825728,-71.25227,-41.15551,8.351026,-22.191069,-37.731842,-10.455288,-11.580999
108,-7.932672023773193,8.607817649841309,74.73772430419922,3.009203888909165,1.6779634982981468,-50.119221889850046,-2.0557804,19.877296,8.3323965,36.149002,-13.5543995,-15.000033,-22.239454,-26.616955,-3.6720452,23.45969,2.2811978,15.000033,-9.263836,-2.3255904,25.722467,-66.0735,5.5053763,-15.500324,-26.952759,47.476147,6.037578,-8.760411,-70.583046,-41.236298,7.8906584,-22.545612,-37.817368,-10.440032,-11.567707
109,-7.694982528686523,8.976849555969238,74.70489501953125,2.9720703222257043,1.8255313332860899,-50.293948922225205,-1.5140234,19.332253,8.178578,34.850258,-14.145208,-15.000033,-22.650734,-26.80793,-3.690723,23.819593,2.0198371,15.000033,-8.907986,-2.5722618,25.297195,-65.989044,5.149131,-15.531978,-26.842476,47.51444,5.9439077,-8.7443285,-69.9765,-41.353592,7.4323936,-22.912304,-37.95547,-10.401368,-11.459501
110,-7.467998027801514,9.346839904785156,74.61669921875,2.8714178472927525,1.9364736118063377,-50.493425807962176,-1.056055,18.922188,8.010013,33.837074,-15.063328,-15.000033,-23.228144,-26.921793,-3.631918,24.712519,1.3383461,15.000033,-8.537333,-2.7687087,24.943968,-65.9808,4.818317,-15.522359,-26.774023,47.53717,5.8340907,-8.770402,-69.467094,-41.503555,6.9855313,-23.256447,-38.13144,-10.347735,-11.278256
111,-7.259782314300537,9.71545696258545,74.47929382324219,2.735447565705924,2.0000392146212516,-50.682716177695575,-0.7080297,18.633707,7.897319,33.144485,-16.176516,-15.000033,-23.89179,-26.974506,-3.4441729,25.967915,0.42188725,15.000033,-8.181768,-2.938652,24.669353,-66.04363,4.52005,-15.483835,-26.725462,47.532093,5.719254,-8.809239,-69.02847,-41.677242,6.5585356,-23.590824,-38.28281,-10.287651,-11.081877
112,-7.066736221313477,10.09010124206543,74.30166625976562,2.5927250953817467,2.005146130494731,-50.82703430303804,-0.49419057,18.449526,7.906884,32.804924,-17.352116,-15.000033,-24.551977,-26.982721,-3.0771039,27.398748,-0.5376492,15.000033,-7.869035,-3.10674,24.483803,-66.1767,4.261118,-15.429989,-26.66994,47.487225,5.610799,-8.831364,-68.69497,-41.86484,6.1779857,-23.873543,-38.3405,-10.231917,-10.927398
113,-6.893195152282715,10.465069770812988,74.0921401977539,2.4349136356385004,1.935770755710019,-50.92358283486183,-0.47491908,18.411013,8.100195,32.97228,-18.626,-15.000033,-25.231554,-26.908537,-2.4355788,29.10478,-1.588503,15.000033,-7.6139617,-3.2627347,24.412197,-66.39497,4.058994,-15.343842,-26.623867,47.38381,5.5101137,-8.83365,-68.47533,-42.056328,5.854619,-24.115547,-38.26225,-10.182775,-10.833258
114,-6.737102508544922,10.841047286987305,73.85792541503906,2.2546587490453778,1.8015732094801615,-50.988504405706,-0.6188483,18.511019,8.433487,33.58555,-20.046104,-15.000033,-25.95236,-26.744911,-1.5811806,31.12433,-2.7920175,15.000033,-7.4087605,-3.4031541,24.441998,-66.67975,3.9236298,-15.220653,-26.606806,47.228935,5.4134564,-8.829789,-68.38776,-42.246597,5.5913115,-24.302982,-38.094948,-10.136017,-10.767521
115,-6.595160007476807,11.21410083770752,73.60509490966797,2.0825682527460563,1.6289175805385476,-51.014687397052896,-0.810194,18.655748,8.809208,34.34976,-21.505066,-15.000033,-26.621286,-26.561026,-0.6982435,33.174427,-3.9778602,15.000033,-7.2498527,-3.5631053,24.521362,-66.97896,3.8411996,-15.091285,-26.592726,47.05522,5.322355,-8.816311,-68.36805,-42.43393,5.3687162,-24.459242,-37.915554,-10.087622,-10.712625
116,-6.463359355926514,11.566479682922363,73.33650207519531,1.9489498056157268,1.4450666973471027,-50.99465083547307,-0.9362046,18.747763,9.130329,34.967907,-22.891075,-15.000033,-27.15512,-26.445913,0.038743086,34.98341,-4.9817553,15.000033,-7.1246777,-3.7765207,24.59723,-67.25784,3.781713,-14.988313,-26.537178,46.897636,5.236277,-8.791045,-68.3372,-42.622353,5.1540346,-24.611431,-37.800568,-10.03459,-10.649516
117,-6.349126815795898,11.893522262573242,73.06465148925781,1.8621698097988204,1.2325057360402307,-50.90639867832562,-1.0046079,18.78016,9.383714,35.46571,-24.215591,-15.000033,-27.53109,-26.425177,0.6335497,36.53518,-5.8189273,15.000033,-7.03404,-4.0638843,24.693941,-67.55106,3.7185214,-14.9225235,-26.399937,46.766838,5.1524663,-8.736217,-68.28267,-42.820747,4.927306,-24.758444,-37.77583,-9.978545,-10.586392
118,-6.246121883392334,12.191951751708984,72.80187225341797,1.8052149192772073,0.9849568348000028,-50.76097387364884,-1.0643504,18.79855,9.616466,35.968155,-25.524975,-15.000033,-27.796423,-26.461102,1.1655477,37.960472,-6.5603566,15.000033,-6.9659133,-4.399605,24.8259,-67.88704,3.642923,-14.88081,-26.188736,46.652798,5.068257,-8.661372,-68.23943,-43.03706,4.699001,-24.882814,-37.797276,-9.922213,-10.526975
119,-6.144698143005371,12.464126586914062,72.55672454833984,1.770014057637989,0.7469404316182455,-50.60025185257898,-1.0644912,18.780788,9.824654,36.320705,-26.756224,-15.000033,-27.975636,-26.549177,1.575706,39.202614,-7.1241374,15.000033,-6.8969846,-4.7504478,24.9193,-68.21822,3.5521512,-14.85795,-25.925362,46.562992,4.982764,-8.605102,-68.12445,-43.274727,4.4586544,-25.059734,-37.839134,-9.860871,-10.4459505
120,-6.034087181091309,12.70185661315918,72.32915496826172,1.7497280784617923,0.5636894674968042,-50.465757007074934,-0.9552637,18.70349,10.003811,36.369755,-27.847006,-15.000033,-28.093464,-26.690868,1.8067586,40.203278,-7.4269133,15.000033,-6.7986927,-5.083545,24.909008,-68.503746,3.4456832,-14.856019,-25.636225,46.50262,4.897452,-8.604733,-67.98664,-43.535492,4.241156,-25.248375,-37.87165,-9.795536,-10.317076
121,-5.910968780517578,12.903340339660645,72.13408660888672,1.749955208439492,0.4581073909041828,-50.37722438534195,-0.67394286,18.531883,10.164579,35.954243,-28.829536,-15.000033,-28.16446,-26.917715,1.8157568,40.94038,-7.3491096,15.000033,-6.6710787,-5.397352,24.75938,-68.71918,3.3162694,-14.859622,-25.310621,46.468792,4.8167896,-8.6731415,-67.79465,-43.82831,4.04111,-25.494778,-37.91284,-9.722443,-10.074679
122,-5.792120456695557,13.05713939666748,71.96990966796875,1.7711340798159851,0.40318844318381813,-50.309541017783125,-0.26358995,18.286963,10.301187,35.191498,-29.719093,-15.000033,-28.174713,-27.224249,1.6451342,41.448875,-6.967712,15.000033,-6.5244813,-5.7044826,24.5114,-68.89476,3.1598902,-14.874211,-24.936426,46.46077,4.737933,-8.789866,-67.5372,-44.158657,3.8416755,-25.799036,-37.96514,-9.641969,-9.752793
123,-5.669473648071289,13.162757873535156,71.84132385253906,1.8000991001694224,0.3690944625584946,-50.23652722360045,0.16596718,18.029022,10.386054,34.35106,-30.42994,-15.000033,-28.111275,-27.554205,1.3696215,41.76318,-6.49359,15.000033,-6.3520746,-5.992132,24.214655,-69.06139,2.986046,-14.928856,-24.546364,46.485317,4.6520586,-8.941692,-67.26042,-44.50846,3.6618786,-26.08169,-37.99146,-9.556929,-9.477529
124,-5.551828861236572,13.224437713623047,71.74958038330078,1.8249290778472056,0.32490952294943587,-50.131261763852834,0.50746167,17.817009,10.396874,33.702023,-30.874645,-15.000033,-27.95742,-27.853115,1.0645818,41.91212,-6.1356106,15.000033,-6.1735015,-6.2587924,23.902624,-69.23055,2.8244064,-15.038988,-24.174603,46.550266,4.548717,-9.117297,-66.85842,-44.850227,3.4601562,-26.404728,-37.943695,-9.467824,-9.37178
125,-5.451560974121094,13.246824264526367,71.71468353271484,1.872179750094072,0.271721025141554,-49.97706853010862,0.6711251,17.63559,10.297547,33.421288,-31.036903,-15.000033,-27.715305,-28.143831,0.75590205,41.85164,-6.000884,15.000033,-6.005338,-6.5347376,23.565355,-69.41094,2.7037086,-15.221971,-23.82012,46.70661,4.4201927,-9.326266,-66.360306,-45.160534,3.2507746,-26.73972,-37.821804,-9.38162,-9.491444
126,-5.36828088760376,13.229812622070312,71.7349624633789,1.9389942329634662,0.22243078149264245,-49.791149549828454,0.7360024,17.462887,10.111019,33.33139,-30.961857,-15.000033,-27.392374,-28.443834,0.40324697,41.588257,-5.9625154,15.000033,-5.857048,-6.823727,23.187122,-69.574615,2.6366818,-15.46038,-23.483648,46.92645,4.2763762,-9.567865,-65.78852,-45.42943,3.0442808,-27.088333,-37.65142,-9.2989235,-9.76082
127,-5.306756973266602,13.174674987792969,71.82218170166016,1.9703143814206854,0.16400561677111494,-49.596664999036065,0.848362,17.34543,9.906642,33.167675,-30.653467,-15.000033,-26.97696,-28.681568,-0.019518819,41.21614,-5.877973,15.000033,-5.71175,-7.080477,22.814041,-69.69409,2.619417,-15.7364855,-23.206038,47.097103,4.139054,-9.811655,-65.20496,-45.63899,2.8639596,-27.400583,-37.445015,-9.215708,-10.107638
128,-5.254310607910156,13.071674346923828,71.98062896728516,1.9116016139892593,0.0835444856382845,-49.416589662723325,1.1525822,17.32919,9.753672,32.66723,-30.116419,-15.000033,-26.461351,-28.782406,-0.53381056,40.834225,-5.6056075,15.000033,-5.5716243,-7.2671757,22.47316,-69.73717,2.6481788,-16.019804,-23.01037,47.113888,4.025426,-10.032373,-64.51815,-45.7814,2.6587853,-27.763138,-37.18667,-9.126918,-10.455262
129,-5.20413875579834,12.933866500854492,72.20404052734375,1.7494088523961697,-0.04606234580411371,-49.280234844163,1.7868727,17.411764,9.688122,31.640621,-29.317543,-15.000033,-25.801239,-28.714705,-1.1445975,40.43822,-5.1281867,15.000033,-5.3845983,-7.36014,22.191935,-69.68549,2.7216256,-16.322067,-22.925285,46.904987,3.935098,-10.231582,-63.76636,-45.838223,2.474965,-28.118849,-36.828716,-9.032179,-10.838536
130,-5.164966583251953,12.764516830444336,72.49073028564453,1.5124412127531424,-0.20987834106047176,-49.16718746488784,2.6413221,17.575333,9.667535,30.27191,-28.268244,-15.000033,-25.020802,-28.517206,-1.8355695,39.98891,-4.516835,15.000033,-5.183083,-7.390728,21.93707,-69.55526,2.8477504,-16.643345,-22.919489,46.546562,3.8591144,-10.4237795,-62.92233,-45.806038,2.3011801,-28.50158,-36.389526,-8.93704,-11.276971
131,-5.13956880569458,12.576988220214844,72.82831573486328,1.2101996090017129,-0.3564986826240529,-49.02627715779968,3.4863846,17.839857,9.645173,28.857082,-27.038872,-15.000033,-24.217241,-28.224564,-2.5934122,39.532337,-3.7615902,15.000033,-5.0362377,-7.389268,21.687464,-69.39635,3.0157623,-16.971539,-22.951754,46.142384,3.8112476,-10.594545,-62.091793,-45.693115,2.1227539,-28.856964,-36.005325,-8.848249,-11.676246
132,-5.144298076629639,12.37129020690918,73.20378112792969,0.8522835017101054,-0.43442255253896433,-48.80638503653129,4.085032,18.2226,9.574563,27.694992,-25.70042,-15.000033,-23.483543,-27.876003,-3.4085894,39.10972,-2.8499608,15.000033,-5.0150733,-7.3840737,21.414463,-69.25787,3.2044227,-17.290123,-22.973078,45.80214,3.801166,-10.731149,-61.29014,-45.520355,1.8826287,-29.206741,-35.7995,-8.766496,-11.941537
133,-5.17202091217041,12.153555870056152,73.616943359375,0.43038326140126454,-0.42102455171257946,-48.48909670260952,4.406508,18.721476,9.399914,26.767286,-24.21611,-15.000033,-22.832396,-27.470089,-4.297331,38.715527,-1.7285409,15.000033,-5.131028,-7.3648405,21.098732,-69.14881,3.3902702,-17.601082,-22.96694,45.55598,3.8450227,-10.828251,-60.556488,-45.30324,1.5794283,-29.525284,-35.86985,-8.686811,-11.980256
134,-5.227570533752441,11.924962043762207,74.05868530273438,-0.058512204198922564,-0.34519493062253426,-48.10471884689836,4.546902,19.325296,9.156751,25.962097,-22.574957,-15.000033,-22.223946,-26.985886,-5.2554255,38.32944,-0.41606948,15.000033,-5.334022,-7.3120723,20.758013,-69.05517,3.5644286,-17.911474,-22.946262,45.352455,3.9288385,-10.895064,-59.803707,-45.04767,1.2054051,-29.865646,-36.120533,-8.605626,-11.866154
135,-5.314210891723633,11.68415355682373,74.52764129638672,-0.59724975050631,-0.23209898939979945,-47.675825552978665,4.4672723,20.038084,8.93192,25.424583,-20.880014,-15.000033,-21.664873,-26.434793,-6.2457237,37.9655,0.9891484,15.000033,-5.5808816,-7.240141,20.439445,-69.01176,3.7212605,-18.231579,-22.903297,45.17467,4.0206704,-10.93723,-59.065388,-44.761726,0.77297765,-30.18097,-36.39383,-8.533008,-11.751506
136,-5.419964790344238,11.425394058227539,75.01472473144531,-1.1682310999217782,-0.1069649939524068,-47.223882690581924,4.1387486,20.871159,8.810024,25.29749,-19.229399,-15.000033,-21.160255,-25.830204,-7.2334847,37.641533,2.3883927,15.000033,-5.836,-7.164803,20.185604,-69.04766,3.8586874,-18.56708,-22.831816,45.004303,4.088105,-10.960507,-58.33051,-44.454617,0.28038236,-30.464544,-36.53014,-8.4748335,-11.790811
137,-5.556390285491943,11.165497779846191,75.5132827758789,-1.803299307472758,0.027994904045396837,-46.76518250136141,3.5441558,21.89269,8.763046,25.650795,-17.552279,-15.000033,-20.699959,-25.204573,-8.439142,37.382812,3.91418,15.000033,-6.076323,-7.071156,20.02014,-69.188385,3.973214,-18.930286,-22.73384,44.866653,4.1289487,-10.979297,-57.566845,-44.12803,-0.30165425,-30.726042,-36.4576,-8.430535,-12.057358
138,-5.71642541885376,10.90705394744873,76.00260162353516,-2.501782530891325,0.1878753355553206,-46.28379867427169,2.7111712,23.081055,8.742795,26.373344,-15.8117075,-15.000033,-20.279337,-24.545221,-9.814994,37.169365,5.5708523,15.000033,-6.3229485,-6.9539237,19.916807,-69.41635,4.059571,-19.317596,-22.607628,44.7612,4.1580553,-10.986061,-56.783043,-43.783344,-0.9676374,-30.97057,-36.266773,-8.398437,-12.458806
139,-5.894617557525635,10.645936012268066,76.4705810546875,-3.1967453443273963,0.3723695419463462,-45.75369257767352,1.6952149,24.320837,8.815595,27.32233,-14.147703,-15.000033,-19.908222,-23.791656,-10.925796,36.93205,7.0727887,15.000033,-6.607677,-6.8397923,19.843231,-69.6913,4.114206,-19.70754,-22.447025,44.630318,4.1691265,-10.954115,-56.01603,-43.428493,-1.6709682,-31.201529,-36.04293,-8.378473,-12.903772
140,-6.085904121398926,10.391295433044434,76.90355682373047,-3.822119399041352,0.579855162937604,-45.149563359346295,0.5489497,25.503912,9.061764,28.370972,-12.710518,-15.000033,-19.60173,-22.876411,-11.328333,36.598797,8.130084,15.000033,-6.9613795,-6.752622,19.768229,-69.97221,4.136329,-20.076035,-22.24616,44.414364,4.155101,-10.857075,-55.3159,-43.076836,-2.3578346,-31.407564,-35.871037,-8.366768,-13.301273
141,-6.276438236236572,10.128893852233887,77.29254150390625,-4.393529655928344,0.8232544576512003,-44.43343553764742,-0.8067298,26.77532,9.731451,29.689669,-11.491784,-15.000033,-19.38501,-21.63478,-10.686049,36.18613,8.608184,15.000033,-7.424021,-6.6650796,19.683792,-70.25411,4.1246843,-20.419483,-22.009077,44.057465,4.104239,-10.667264,-54.706017,-42.734802,-3.0247817,-31.558935,-35.73441,-8.355018,-13.650537
142,-6.45614767074585,9.864006996154785,77.63384246826172,-4.9354138436718005,1.0974815626879935,-43.626552016516094,-2.3604658,28.158998,10.701132,31.285027,-10.427523,-15.000033,-19.21989,-20.155647,-9.313131,35.728413,8.667047,15.000033,-7.969783,-6.570061,19.611288,-70.555,4.077951,-20.745817,-21.739595,43.604412,4.0214024,-10.406543,-54.16841,-42.40465,-3.6892014,-31.661327,-35.598366,-8.344357,-13.9941
143,-6.624007225036621,9.61224365234375,77.92356872558594,-5.386475690922651,1.3733506604863825,-42.79181583937372,-3.9371495,29.335442,11.5178175,32.801895,-9.597506,-15.000033,-19.037298,-18.766876,-7.7301607,35.18281,8.4621,15.000033,-8.531067,-6.5295415,19.559921,-70.86633,3.996879,-21.049023,-21.435192,43.147255,3.9256392,-10.1226635,-53.68848,-42.09671,-4.329272,-31.751724,-35.52256,-8.347048,-14.309387
144,-6.776068210601807,9.37159252166748,78.14917755126953,-5.680711372743219,1.6234000593368452,-41.9935147982665,-5.3744497,29.94847,11.751203,33.87776,-9.082453,-15.000033,-18.797905,-17.806786,-6.4428434,34.50052,8.160696,15.000033,-9.04052,-6.6091404,19.531631,-71.17597,3.8839936,-21.321901,-21.100645,42.777897,3.8374498,-9.862803,-53.27577,-41.82821,-4.9106936,-31.845984,-35.56473,-8.374433,-14.5748
145,-6.926395893096924,9.134586334228516,78.31396484375,-5.782110132090259,1.853471698395875,-41.231003057265724,-6.6814594,29.798119,11.215309,34.41593,-9.061618,-15.000033,-18.504103,-17.312382,-5.454808,33.60879,7.70837,15.000033,-9.500178,-6.8394012,19.514984,-71.4954,3.7395647,-21.56145,-20.722511,42.503757,3.771115,-9.617404,-52.950615,-41.61916,-5.4358234,-31.95425,-35.78827,-8.434746,-14.772723
146,-7.07244348526001,8.898305892944336,78.41923522949219,-5.72848045878239,2.0657160478332326,-40.476156963475,-7.9126787,29.08627,10.193555,34.62171,-9.46648,-15.000033,-18.173414,-17.126925,-4.5321794,32.55452,7.051132,15.000033,-9.933806,-7.178565,19.51398,-71.82217,3.5612836,-21.769653,-20.313421,42.28013,3.7134857,-9.367819,-52.710197,-41.476307,-5.9168057,-32.05435,-36.139874,-8.515915,-14.92258
147,-7.212882995605469,8.663851737976074,78.47119140625,-5.571227446755978,2.2316859301332017,-39.758084518727635,-8.974632,28.064188,8.96629,34.566544,-9.988514,-15.000033,-17.813768,-17.280348,-3.8290107,31.444942,6.3770022,15.000033,-10.3037815,-7.5788527,19.547056,-72.124825,3.3501153,-21.944471,-19.907482,42.11854,3.645214,-9.147579,-52.51606,-41.39062,-6.3361354,-32.13402,-36.505627,-8.598289,-15.058218
148,-7.331258773803711,8.436366081237793,78.47114562988281,-5.359997165122744,2.3317298805920577,-39.10496572008254,-9.790478,26.986326,7.8080277,34.305378,-10.286833,-15.000033,-17.451847,-17.797688,-3.5105743,30.397806,5.866324,15.000033,-10.578903,-7.996485,19.626427,-72.3696,3.1113248,-22.083965,-19.53967,42.031963,3.5472424,-8.990547,-52.339138,-41.342197,-6.671301,-32.17377,-36.774963,-8.663779,-15.211807
149,-7.433489799499512,8.217109680175781,78.42213439941406,-5.0260789102264205,2.3513500392068893,-38.49733791456416,-10.2960005,25.662708,6.6001625,33.611416,-10.086088,-15.000033,-17.085258,-18.841164,-3.665341,29.406124,5.4988894,15.000033,-10.770883,-8.502893,19.757652,-72.535645,2.8500857,-22.185625,-19.215435,42.065086,3.409682,-8.917254,-52.174496,-41.30852,-6.894003,-32.161835,-36.90859,-8.721838,-15.415663
150,-7.520198822021484,8.012493133544922,78.32341003417969,-4.5832360000097685,2.299592548356786,-37.93231880332354,-10.524603,24.080532,5.2488575,32.51234,-9.608114,-15.000033,-16.71333,-20.307505,-4.2300997,28.42517,5.164059,15.000033,-10.895842,-9.091383,19.93441,-72.64573,2.5726252,-22.250341,-18.911438,42.19785,3.2450025,-8.905753,-52.046474,-41.285114,-7.0154514,-32.106884,-36.97775,-8.781463,-15.640998
151,-7.598780632019043,7.8107805252075195,78.1766357421875,-4.193626868819718,2.2055074810505215,-37.452985974521575,-10.597464,22.723564,4.0638933,31.457142,-9.238265,-15.000033,-16.369057,-21.844164,-5.130973,27.529837,4.9141545,15.000033,-10.938342,-9.608675,20.14515,-72.724945,2.2871532,-22.283318,-18.62911,42.34553,3.0680509,-8.925618,-51.958176,-41.28309,-7.0778284,-32.021294,-37.035633,-8.823465,-15.830014
152,-7.677992343902588,7.610131740570068,77.97318267822266,-4.006684836843545,2.106778656334777,-37.099287246597115,-10.672839,22.03212,3.3681898,30.923502,-9.378816,-15.000033,-16.077557,-23.129576,-6.2619805,26.782803,4.839307,15.000033,-10.882653,-9.907451,20.372732,-72.79548,2.0013716,-22.290844,-18.373539,42.421337,2.8939993,-8.946408,-51.9115,-41.322895,-7.1283426,-31.920212,-37.130146,-8.824416,-15.924775
153,-7.753261089324951,7.419395446777344,77.72431945800781,-4.105154027532148,2.011143422278841,-36.89740131326643,-10.793659,22.256725,3.3792372,31.142113,-10.230311,-15.000033,-15.798701,-24.169483,-7.89698,26.15084,5.064247,15.000033,-10.704256,-9.896539,20.629257,-72.81839,1.7115493,-22.264732,-18.180498,42.39479,2.7162511,-8.972544,-51.904686,-41.423298,-7.1747837,-31.813667,-37.2354,-8.74645,-15.864982
154,-7.822906970977783,7.236687660217285,77.40859985351562,-4.387956183293846,1.8963656827971023,-36.8168776001901,-10.875469,23.108574,3.8928485,31.82427,-11.584202,-15.000033,-15.505335,-25.11063,-9.983282,25.631874,5.498327,15.000033,-10.414854,-9.670161,20.923483,-72.79212,1.413781,-22.205124,-18.045017,42.311966,2.5306988,-9.015339,-51.93728,-41.588337,-7.196782,-31.692684,-37.330666,-8.608859,-15.69938
155,-7.88279914855957,7.051965713500977,77.01826477050781,-4.719119737270044,1.7628274857033197,-36.816066373493726,-10.902158,24.196348,4.610446,32.67615,-13.199641,-15.000033,-15.278463,-25.882986,-11.881056,25.322666,5.9733944,15.000033,-10.055841,-9.370537,21.223158,-72.79241,1.1187974,-22.131823,-17.918531,42.20028,2.3573282,-9.055106,-52.01263,-41.81327,-7.1963964,-31.538889,-37.473324,-8.477303,-15.534901
156,-7.945333480834961,6.865458011627197,76.58609008789062,-4.960187827690755,1.6242369832130568,-36.85132506799896,-10.897263,25.104359,5.219484,33.424046,-14.77876,-15.000033,-15.23782,-26.438223,-12.937145,25.297642,6.353177,15.000033,-9.676389,-9.146528,21.486574,-72.88881,0.84814054,-22.067188,-17.758053,42.08486,2.216845,-9.071015,-52.12783,-42.086536,-7.1766458,-31.345474,-37.7219,-8.419096,-15.477083
157,-8.004338264465332,6.680872440338135,76.1366958618164,-5.076947428057526,1.497152213038966,-36.94633324454705,-10.8573265,25.735636,5.7186365,33.994507,-16.28509,-15.000033,-15.552509,-26.73843,-12.735611,25.67987,6.6971836,15.000033,-9.280154,-9.028308,21.69172,-73.06197,0.6194513,-22.008741,-17.58692,41.96242,2.131073,-9.038887,-52.317772,-42.396988,-7.10839,-31.079473,-38.205074,-8.476362,-15.592954
158,-8.075465202331543,6.493727684020996,75.65855407714844,-5.143289073025628,1.376050201423467,-37.11408725123153,-10.789167,26.298592,6.237904,34.548725,-17.847523,-15.000033,-16.11974,-26.815397,-11.697808,26.362537,7.081347,15.000033,-8.856582,-8.94315,21.857708,-73.27157,0.44121882,-21.947203,-17.433884,41.817932,2.084966,-8.974858,-52.57735,-42.73926,-6.9909163,-30.7572,-38.85767,-8.604099,-15.814399
159,-8.162095069885254,6.30120849609375,75.15388488769531,-5.185382255171206,1.2475074777358657,-37.29266423831618,-10.765426,26.821966,6.6474504,35.183624,-19.393396,-15.000033,-16.673542,-26.735516,-10.435368,27.094877,7.3789883,15.000033,-8.434955,-8.8848,22.005087,-73.555664,0.32068303,-21.899641,-17.264183,41.658386,2.04562,-8.917456,-52.859703,-43.108837,-6.86698,-30.432186,-39.44779,-8.7421255,-16.04148
160,-8.274195671081543,6.091113090515137,74.6186294555664,-5.2248101218672485,1.0950029255161622,-37.418152654418535,-10.850844,27.334433,6.8210945,35.98436,-20.84503,-15.000033,-16.973227,-26.609211,-9.551351,27.67675,7.4290366,15.000033,-8.043414,-8.851837,22.157207,-73.95375,0.26222196,-21.884523,-17.044714,41.491596,1.9804015,-8.905004,-53.07876,-43.50014,-6.803548,-30.18704,-39.7367,-8.833622,-16.171432
161,-8.416993141174316,5.855165958404541,74.08181762695312,-5.292028564342104,0.9229185829791393,-37.50281438139903,-11.110958,27.881346,6.685534,37.036907,-22.238234,-15.000033,-16.963812,-26.394758,-9.177475,28.048862,7.231847,15.000033,-7.6687064,-8.8417225,22.31404,-74.537384,0.27211484,-21.913612,-16.728935,41.321434,1.880478,-8.964521,-53.246487,-43.913322,-6.823904,-30.016754,-39.58312,-8.869214,-16.151602
162,-8.59110164642334,5.588912487030029,73.55899810791016,-5.369960527096799,0.7371829720623241,-37.57047631578016,-11.495538,28.427109,6.320372,38.264236,-23.597063,-15.000033,-16.829027,-26.087542,-9.003837,28.437218,6.803008,15.000033,-7.304401,-8.856328,22.466938,-75.26083,0.35158622,-21.981337,-16.355976,41.14124,1.7648312,-9.068251,-53.366623,-44.346752,-6.9109507,-29.91202,-39.135143,-8.879198,-16.042978
163,-8.779315948486328,5.292506217956543,73.0367660522461,-5.401369927870183,0.5246934183356095,-37.57721422441677,-11.890185,28.88035,5.837902,39.504642,-24.821077,-15.000033,-16.688345,-25.857388,-8.9370775,29.037584,6.027573,15.000033,-6.9816623,-8.908973,22.626957,-75.998344,0.49021012,-22.082355,-16.000526,40.945873,1.6430563,-9.172659,-53.41093,-44.790306,-7.0363855,-29.896877,-38.604084,-8.872096,-15.910035
164,-8.942780494689941,4.993866920471191,72.55089569091797,-5.3286116176147225,0.2715185406345328,-37.48101062130987,-12.178793,29.15894,5.3539805,40.602688,-25.807919,-15.000033,-16.583582,-25.843779,-8.886209,29.903713,4.8329964,15.000033,-6.7276154,-9.016217,22.804369,-76.63273,0.6714045,-22.208658,-15.728636,40.73291,1.5235784,-9.235799,-53.348305,-45.229702,-7.173679,-29.990349,-38.2039,-8.859279,-15.816239
165,-9.084794044494629,4.689085483551025,72.10319519042969,-5.08571054321113,-0.05601639119668039,-37.18056769219024,-12.405715,29.168766,4.7867603,41.648815,-26.546257,-15.000033,-16.413868,-26.147491,-8.864308,31.0117,2.9810946,15.000033,-6.5973096,-9.256689,23.025051,-77.250984,0.8966573,-22.387484,-15.474683,40.49105,1.3962282,-9.22573,-53.113277,-45.677437,-7.3992767,-30.265408,-37.975513,-8.846278,-15.727823
166,-9.21192741394043,4.351914405822754,71.71019744873047,-4.716644940629453,-0.4440356778978513,-36.729013738781696,-12.598796,28.970224,4.1248283,42.684147,-27.08773,-15.000033,-16.151772,-26.658852,-8.908072,32.266937,0.62109786,15.000033,-6.552417,-9.606135,23.278055,-77.8863,1.1646,-22.616447,-15.220082,40.227352,1.2605262,-9.1719,-52.721878,-46.138103,-7.717729,-30.699797,-37.807743,-8.827748,-15.6266365
167,-9.317216873168945,3.9820220470428467,71.39611053466797,-4.326890952890954,-0.8346912804647326,-36.31334921958297,-12.623843,28.72938,3.576977,43.486004,-27.420128,-15.000033,-15.909169,-27.183556,-8.970358,33.5447,-1.713761,15.000033,-6.4887533,-9.92589,23.514706,-78.34675,1.4503559,-22.830645,-15.082378,39.97162,1.1361345,-9.128022,-52.26582,-46.57068,-7.9853034,-31.169556,-37.694225,-8.798758,-15.600392
168,-9.397782325744629,3.5969860553741455,71.18567657470703,-4.024053887518724,-1.1659470934911407,-36.121266167878034,-12.3568945,28.627949,3.3363812,43.83448,-27.528866,-15.000033,-15.814749,-27.517963,-8.987426,34.73586,-3.5051436,15.000033,-6.316381,-10.078249,23.675312,-78.445435,1.7242441,-22.956493,-15.152789,39.760986,1.0404484,-9.151346,-51.827717,-46.909725,-8.051941,-31.565739,-37.635635,-8.755884,-15.734498
169,-9.448366165161133,3.2134809494018555,71.08402252197266,-3.824232505369212,-1.4185893069036486,-36.23825567745458,-11.68642,28.716217,3.5200765,43.566612,-27.4074,-15.000033,-15.8962,-27.633717,-9.009462,35.78452,-4.6566815,15.000033,-5.981932,-10.021846,23.712559,-78.11624,1.9698478,-22.959023,-15.454305,39.623093,0.97962636,-9.261297,-51.408726,-47.09019,-7.8271856,-31.8734,-37.706123,-8.695513,-16.132214
170,-9.493951797485352,2.830047607421875,71.08662414550781,-3.6725615794094195,-1.6262773070537633,-36.550873451002204,-10.708275,28.897263,3.991862,42.83323,-27.057936,-15.000033,-16.089746,-27.629513,-9.042958,36.74938,-5.4207244,15.000033,-5.564888,-9.853348,23.653248,-77.4795,2.1958523,-22.87512,-15.893979,39.54519,0.94002897,-9.431321,-50.95825,-47.099155,-7.4003115,-32.161003,-37.908237,-8.625322,-16.71368
171,-9.538453102111816,2.449861764907837,71.17857360839844,-3.573089894365572,-1.801860483577835,-36.95137200107389,-9.614596,29.14005,4.5651917,41.883312,-26.475471,-15.000033,-16.39253,-27.489225,-8.945281,37.70022,-5.8168554,15.000033,-5.16095,-9.633911,23.557482,-76.63203,2.409676,-22.74835,-16.39338,39.49877,0.911614,-9.64623,-50.52974,-46.964573,-6.8701,-32.407253,-38.142113,-8.562548,-17.288094
172,-9.596803665161133,2.0744030475616455,71.34257507324219,-3.5320549684683393,-1.957611643893002,-37.33312277917988,-8.604346,29.426458,5.055294,40.970448,-25.657042,-15.000033,-16.795765,-27.186975,-8.579852,38.702713,-5.8676133,15.000033,-4.8607802,-9.409434,23.486416,-75.668686,2.6174853,-22.616007,-16.887564,39.453968,0.8841688,-9.890994,-50.170845,-46.74391,-6.341605,-32.588207,-38.288963,-8.526474,-17.670473
173,-9.66698169708252,1.7027043104171753,71.56771087646484,-3.5509539727435673,-2.112809497622203,-37.72838496853208,-7.601899,29.742542,5.4799476,40.0244,-24.556116,-15.000033,-17.370361,-26.677938,-7.79546,39.883022,-5.4529395,15.000033,-4.642998,-9.156352,23.473099,-74.56829,2.810452,-22.43651,-17.422201,39.451115,0.853709,-10.235261,-49.91775,-46.46184,-5.793068,-32.676464,-38.271793,-8.513613,-17.780806
174,-9.763583183288574,1.325038194656372,71.84855651855469,-3.6349028258404728,-2.2556972216007534,-38.17694331662381,-6.5603776,30.106249,5.917123,38.96268,-23.18873,-15.000033,-18.079582,-25.961227,-6.7197423,41.15769,-4.597206,15.000033,-4.461183,-8.839289,23.483679,-73.29431,2.980826,-22.199953,-18.027893,39.48769,0.8258759,-10.661036,-49.741444,-46.123604,-5.1862555,-32.6854,-38.153214,-8.513735,-17.73287
175,-9.88737964630127,0.9374911785125732,72.17247772216797,-3.7948464840280525,-2.352026853171697,-38.58214504442185,-5.7161007,30.562803,6.272322,38.024284,-21.653954,-15.000033,-18.752148,-25.09049,-5.639106,42.287827,-3.5577505,15.000033,-4.3590064,-8.478517,23.486433,-71.91969,3.1370425,-21.995743,-18.621346,39.470215,0.8068887,-11.0205,-49.616863,-45.771324,-4.5949507,-32.62947,-38.02119,-8.533482,-17.630838
176,-10.035674095153809,0.5330402851104736,72.53032684326172,-4.037722592345922,-2.367239369912012,-38.84521932492459,-5.2950287,31.162495,6.449111,37.44523,-20.051126,-15.000033,-19.230742,-24.156124,-4.829644,43.043785,-2.5870545,15.000033,-4.370219,-8.092286,23.459034,-70.510956,3.2927616,-21.920998,-19.135233,39.298843,0.8057947,-11.163651,-49.508434,-45.46701,-4.109565,-32.52833,-37.952953,-8.576303,-17.582287
177,-10.21616268157959,0.10246466845273972,72.90699005126953,-4.414975254274086,-2.2861672264265698,-38.96074833513403,-5.3485126,31.997925,6.4131365,37.270737,-18.266779,-15.000033,-19.513393,-23.079197,-4.324279,43.43008,-1.5823442,15.000033,-4.4816523,-7.6337614,23.413668,-69.05899,3.4559324,-22.005463,-19.57419,38.902996,0.82876563,-11.026571,-49.383793,-45.24492,-3.7664623,-32.385582,-37.979473,-8.643674,-17.62139
178,-10.420742988586426,-0.34730854630470276,73.28199768066406,-4.9066636263575765,-2.13140650918811,-38.97231265509974,-5.760145,33.017265,6.196856,37.37374,-16.294552,-15.000033,-19.668388,-21.874191,-3.9964592,43.549023,-0.46382695,15.000033,-4.66425,-7.0943203,23.370964,-67.53156,3.624665,-22.201216,-19.98739,38.345566,0.8690922,-10.694702,-49.257687,-45.11293,-3.5313,-32.193684,-38.036316,-8.726577,-17.696316
179,-10.650936126708984,-0.8256328105926514,73.64250946044922,-5.404041077094391,-1.9227083976198838,-38.85298294070717,-6.4935355,34.044388,5.798987,37.72612,-14.397541,-15.000033,-19.670597,-20.76886,-3.836966,43.33371,0.45551318,15.000033,-4.9310384,-6.5537205,23.319626,-65.95121,3.795182,-22.487137,-20.378489,37.72732,0.9161758,-10.242462,-49.16436,-45.095825,-3.3857129,-31.973394,-38.055305,-8.807148,-17.78647
180,-10.893695831298828,-1.329379916191101,73.96622467041016,-5.795632031362115,-1.6773699821592052,-38.57817985807854,-7.5054417,34.89738,5.229054,38.3016,-12.842,-15.000033,-19.499483,-19.978537,-3.8174198,42.71404,0.86418176,15.000033,-5.293962,-6.0927715,23.247599,-64.33349,3.957886,-22.842405,-20.75845,37.14659,0.96150583,-9.743206,-49.123363,-45.22989,-3.3200011,-31.753475,-37.95865,-8.868301,-17.874016
181,-11.136706352233887,-1.8493387699127197,74.23846435546875,-6.118376507669376,-1.3840003162594907,-38.09631800227452,-8.954686,35.731457,4.4871874,39.32821,-11.638823,-15.000033,-19.062471,-19.445427,-3.9270635,41.527515,0.48617828,15.000033,-5.7872353,-5.672507,23.15793,-62.666107,4.0972614,-23.299475,-21.116392,36.539745,1.0148824,-9.101734,-49.136925,-45.535324,-3.3600163,-31.527515,-37.72625,-8.895711,-17.95997
182,-11.374939918518066,-2.374738931655884,74.455810546875,-6.398703292656066,-1.0415250819402215,-37.44245806823384,-10.800582,36.53682,3.5337374,40.720085,-10.649413,-15.000033,-18.402676,-19.091227,-4.155569,39.852318,-0.44574276,15.000033,-6.3731623,-5.266668,23.066694,-60.948925,4.2034135,-23.863085,-21.451986,35.88535,1.0712333,-8.316742,-49.181183,-46.017124,-3.5132535,-31.289526,-37.38991,-8.896242,-18.057531
183,-11.594402313232422,-2.88671875,74.61136627197266,-6.511345956090554,-0.6745215704993479,-36.71385618003727,-12.691262,36.90994,2.3965635,42.01097,-9.921608,-15.000033,-17.704273,-19.104313,-4.504314,37.983402,-1.4696187,15.000033,-6.9699497,-4.9727817,22.968182,-59.207596,4.275267,-24.465204,-21.810602,35.342293,1.1074126,-7.602667,-49.242737,-46.69159,-3.7388752,-31.073576,-36.94474,-8.88201,-18.166632
184,-11.794548034667969,-3.3615901470184326,74.70279693603516,-6.3393304252567155,-0.3003573216376186,-35.995750649816465,-14.266595,36.493553,1.1761901,42.763664,-9.523679,-15.000033,-17.157143,-19.66918,-5.0008106,36.232826,-2.1274116,15.000033,-7.510481,-4.874855,22.848227,-57.455986,4.3148727,-25.03346,-22.256771,35.06743,1.1083249,-7.173478,-49.373077,-47.57914,-3.9493897,-30.866327,-36.398556,-8.863585,-18.290443
185,-11.977529525756836,-3.7987940311431885,74.7381362915039,-5.730280976405943,0.0946993016606882,-35.218551603929455,-15.440239,34.846397,-0.2798734,42.79113,-9.675549,-15.000033,-16.78676,-21.090422,-5.7012515,34.601315,-2.3792043,15.000033,-8.069921,-5.1161966,22.673,-55.68736,4.32212,-25.551966,-22.79815,35.151234,1.079616,-7.1093802,-49.617058,-48.715233,-4.142429,-30.670597,-35.68201,-8.835572,-18.419369
186,-12.143510818481445,-4.2136030197143555,74.72440338134766,-4.802140512883775,0.48960276758422633,-34.37193497725753,-16.315878,32.33341,-1.902992,42.351604,-10.323531,-15.000033,-16.471169,-23.150314,-6.6224604,32.950893,-2.450014,15.000033,-8.659356,-5.593369,22.461988,-53.887527,4.2949924,-26.045774,-23.412283,35.493774,1.028064,-7.288934,-49.921288,-50.124104,-4.3722873,-30.522642,-34.75894,-8.790865,-18.55824
187,-12.296452522277832,-4.615897178649902,74.66895294189453,-3.8457222707703727,0.8364293051691842,-33.62187733457441,-16.88242,29.818483,-3.2822144,41.679375,-11.10555,-15.000033,-16.197758,-25.248167,-7.6969485,31.393238,-2.2949607,15.000033,-9.062283,-5.9771214,22.31086,-52.064663,4.2150636,-26.53801,-24.167486,35.946003,0.9455994,-7.61546,-50.433243,-51.735527,-4.421357,-30.254486,-33.88876,-8.729493,-18.749752
188,-12.45063591003418,-5.018308162689209,74.56977081298828,-3.1312849315025764,1.1300438182742139,-33.11233920063716,-17.238178,28.117428,-4.0073004,41.027054,-11.58541,-15.000033,-16.000008,-26.825886,-8.822806,30.054821,-1.8588028,15.000033,-9.226311,-6.043775,22.20476,-50.213444,4.1027384,-26.971554,-25.020054,36.392998,0.8156215,-8.01346,-50.971107,-53.51979,-4.3372993,-29.988825,-33.055206,-8.671514,-19.002117
189,-12.616066932678223,-5.432821750640869,74.43323516845703,-2.7473933875453027,1.417067897926927,-32.89025264939726,-17.463535,27.476503,-3.852422,40.39245,-11.451801,-15.000033,-15.879701,-27.764742,-10.183541,28.822577,-0.7745624,15.000033,-9.093913,-5.710775,22.131567,-48.28327,3.9629204,-27.345398,-26.014874,36.856415,0.60700876,-8.543932,-51.59314,-55.457253,-4.0529156,-29.686686,-32.315483,-8.630326,-19.370436
190,-12.780149459838867,-5.849951267242432,74.24972534179688,-2.5292977012485864,1.7095753189346823,-32.87229355911233,-17.54303,27.416819,-3.0769248,39.67436,-10.97666,-15.000033,-15.859534,-28.382717,-11.746918,27.696566,0.83694303,15.000033,-8.752637,-5.1437154,22.060898,-46.283348,3.7993958,-27.66862,-27.139166,37.383266,0.33096707,-9.223043,-52.373833,-57.54208,-3.5494008,-29.338102,-31.624767,-8.601402,-19.825016
191,-12.941555976867676,-6.259436130523682,74.02136993408203,-2.3575765577521746,1.9655825536696139,-32.99159946030569,-17.454939,27.638577,-1.9704,38.98224,-10.561622,-15.000033,-16.024887,-28.818968,-13.056847,26.98478,2.266882,15.000033,-8.27529,-4.4492626,22.008253,-44.30882,3.6277394,-27.977427,-28.346775,37.86377,0.050366227,-9.891914,-53.317924,-59.720863,-2.8237393,-28.945053,-31.013401,-8.5682535,-20.264072
192,-13.060567855834961,-6.636415958404541,73.72000885009766,-2.1261966430894814,2.132822571664205,-33.175796505872235,-17.167332,27.862886,-0.84559155,38.40363,-10.599067,-15.000033,-16.431923,-29.193542,-13.632093,26.970541,2.7638397,15.000033,-7.748828,-3.7329812,22.00119,-42.45572,3.474534,-28.307446,-29.58124,38.197678,-0.16589352,-10.393721,-54.39243,-61.908047,-1.9015408,-28.527514,-30.52213,-8.517092,-20.580206
193,-13.144089698791504,-6.980534076690674,73.34974670410156,-1.832253938028248,2.2280780646253184,-33.38425352348852,-16.687561,28.108997,0.26917693,37.93852,-11.263074,-15.000033,-17.138905,-29.453066,-13.196346,27.813421,1.9702528,15.000033,-7.2241907,-3.0126438,22.003181,-40.662193,3.3647923,-28.666573,-30.834839,38.31067,-0.29366535,-10.650444,-55.570133,-64.07237,-0.7862146,-28.119534,-30.248451,-8.450888,-20.706263
194,-13.213541984558105,-7.299241542816162,72.97075653076172,-1.5199381528460818,2.2658166289259682,-33.65866934728631,-16.014643,28.481815,1.5199609,37.537678,-12.311453,-15.000033,-18.10223,-29.549875,-12.04696,29.32452,0.3366054,15.000033,-6.669504,-2.263578,22.00993,-38.898094,3.3154986,-29.030602,-32.1408,38.271942,-0.36610904,-10.758638,-56.855732,-66.2025,0.5229752,-27.736177,-30.157934,-8.38014,-20.702776
195,-13.284071922302246,-7.643866539001465,72.54585266113281,-1.1621534177578579,2.1882388407401616,-34.047067280350205,-15.1217165,28.850748,2.8280232,37.213036,-13.504402,-15.000033,-19.21144,-29.588505,-10.556589,31.24141,-1.6664437,15.000033,-6.0527067,-1.5303093,22.10205,-37.326492,3.3470764,-29.383179,-33.469883,38.194492,-0.3973555,-10.826141,-58.217304,-68.219864,1.9705952,-27.39127,-30.10905,-8.310023,-20.646759
196,-13.361523628234863,-7.999798774719238,72.08563995361328,-0.740103999914891,1.936455047694577,-34.60189327403926,-13.98081,29.102236,4.1115117,36.98006,-14.610638,-15.000033,-20.337862,-29.688074,-9.08563,33.291496,-3.5920463,15.000033,-5.3509355,-0.8612167,22.358753,-36.123177,3.4861054,-29.698381,-34.77317,38.188423,-0.40146267,-10.963033,-59.55718,-70.00423,3.4429293,-27.116533,-29.975826,-8.255367,-20.606083
197,-13.44430160522461,-8.346014022827148,71.61273193359375,-0.2045366456474833,1.4188233676839943,-35.35000658525022,-12.519517,29.171484,5.3054023,36.911358,-15.63301,-15.000033,-21.48917,-29.97567,-7.6773925,35.640873,-5.5180454,15.000033,-4.5485463,-0.34162235,22.852991,-35.328304,3.7739055,-29.968918,-36.04447,38.26111,-0.3940841,-11.190058,-60.757214,-71.475914,4.8576097,-26.927402,-29.76395,-8.253279,-20.61277
198,-13.516783714294434,-8.660372734069824,71.14502716064453,0.42674549652837257,0.6927792533266173,-36.26471588507594,-10.779831,29.130701,6.4548798,36.97417,-16.675682,-15.000033,-22.704449,-30.34446,-6.1419716,38.327465,-7.6108804,15.000033,-3.7057903,0.048408035,23.52325,-34.82778,4.238457,-30.186285,-37.31592,38.36174,-0.36070782,-11.45206,-61.786263,-72.61288,6.1833987,-26.835691,-29.568079,-8.30302,-20.606277
199,-13.570552825927734,-8.970879554748535,70.69376373291016,1.062309361361636,-0.07542232419950833,-37.32075475733904,-8.8964815,29.081331,7.655799,37.026,-17.666105,-15.000033,-23.90272,-30.588802,-4.488009,40.92049,-9.599739,15.000033,-2.9079027,0.42431626,24.245518,-34.56937,4.8749614,-30.323347,-38.58059,38.519585,-0.27118623,-11.745337,-62.64779,-73.37915,7.3609014,-26.854322,-29.400822,-8.362713,-20.515251
200,-13.597295761108398,-9.287928581237793,70.2907943725586,1.6036240603229917,-0.7173904619349875,-38.4905904351607,-6.997014,29.12635,9.017961,36.926228,-18.530935,-15.000033,-25.010803,-30.506641,-2.7474346,43.02491,-11.22642,15.000033,-2.2277114,0.8888027,24.880808,-34.53138,5.6561112,-30.344105,-39.79225,38.761574,-0.09718913,-12.070453,-63.329205,-73.73296,8.32432,-26.998745,-29.280794,-8.393047,-20.265232
201,-13.607953071594238,-9.602685928344727,69.94572448730469,2.059698419597028,-1.276108357545504,-39.78428836801018,-4.967052,29.257103,10.659878,36.613075,-19.216192,-15.000033,-25.944017,-30.049047,-0.8650045,44.599937,-12.473507,15.000033,-1.6420672,1.423664,25.44361,-34.66357,6.550748,-30.27629,-40.97437,39.22357,0.17148605,-12.441045,-63.734642,-73.60562,8.999144,-27.298454,-29.18859,-8.34413,-19.769203
202,-13.607759475708008,-9.896772384643555,69.67155456542969,2.471418795205394,-1.8113104123463994,-41.21060946504771,-2.7696602,29.40898,12.51165,36.1636,-19.773788,-15.000033,-26.745789,-29.333195,1.1274918,45.8696,-13.478533,15.000033,-1.1431642,1.9587986,25.979048,-34.989754,7.548121,-30.133797,-42.094517,39.89625,0.514154,-12.857759,-63.841385,-72.97616,9.403969,-27.724829,-29.153524,-8.261059,-19.075912
203,-13.584074020385742,-10.171561241149902,69.47262573242188,2.7782053723719984,-2.1824310571262084,-42.73435091785687,-0.64980197,29.62115,14.413795,35.66144,-20.290384,-15.000033,-27.536503,-28.396889,3.0578244,46.838356,-14.217693,15.000033,-0.7921917,2.5314155,26.377983,-35.692432,8.672694,-29.777027,-42.97147,40.45395,0.9054952,-13.307783,-63.79647,-71.91915,9.667626,-28.183062,-29.2525,-8.243427,-18.317583
204,-13.53139591217041,-10.422450065612793,69.35538482666016,2.913689366140421,-2.2495631744955498,-44.319995427516055,1.1466659,29.95253,16.210873,35.195847,-20.870087,-15.000033,-28.448957,-27.272043,4.760246,47.495712,-14.648325,15.000033,-0.6783342,3.1777422,26.568874,-36.764065,9.923654,-29.24263,-43.58962,40.796215,1.3362037,-13.744496,-63.861507,-70.54826,9.985758,-28.577879,-29.524778,-8.377073,-17.645664
205,-13.423789978027344,-10.65176773071289,69.31460571289062,2.8146128991950223,-1.89777854677305,-45.964588845837454,2.5302641,30.496912,17.976204,34.710323,-21.54971,-15.000033,-29.571527,-25.9131,6.1544123,47.78094,-14.704148,15.000033,-0.8473794,3.987543,26.467472,-37.989716,11.244524,-28.553509,-44.196384,40.978848,1.7850598,-14.223398,-64.156624,-68.91269,10.46361,-28.937181,-29.94068,-8.67621,-17.09994
206,-13.280083656311035,-10.851667404174805,69.33036804199219,2.511287112260654,-1.2400625493003579,-47.6851049914658,3.655758,31.212013,19.794834,34.21224,-22.308502,-15.000033,-30.794409,-24.314507,7.316765,47.699245,-14.413692,15.000033,-1.1750401,4.958358,26.12041,-39.619003,12.650152,-27.573254,-44.592167,40.81943,2.2556047,-14.762108,-64.607315,-67.04072,11.08129,-29.235895,-30.47019,-9.086875,-16.615461
207,-13.124568939208984,-10.99893856048584,69.3851089477539,2.079458950117757,-0.47424201936904486,-49.47850439502286,4.624888,31.975649,21.513018,33.891964,-23.157915,-15.000033,-31.972134,-22.563126,8.335135,47.334606,-13.881858,15.000033,-1.6215429,5.941414,25.744583,-41.77983,14.171833,-26.61904,-44.550117,40.575363,2.8122158,-15.175611,-65.29103,-64.99094,11.860296,-29.352385,-31.109457,-9.576555,-16.210634
208,-12.96902847290039,-11.102803230285645,69.47412872314453,1.5984333978217173,0.2070761980913093,-51.33891718705467,5.528401,32.680157,22.945898,33.92133,-24.082706,-15.000033,-32.972427,-20.752491,9.313698,46.77957,-13.215611,15.000033,-2.0473397,6.8403306,25.489557,-45.023956,15.953749,-25.716532,-43.571846,39.955097,3.494971,-15.321962,-66.18395,-62.88774,12.759867,-29.121063,-31.85372,-10.11635,-15.892031
209,-12.831761360168457,-11.172740936279297,69.58537292480469,1.0193315469561062,0.7715301703126697,-53.30692695582636,6.370831,33.43906,24.054436,34.367844,-25.138939,-15.000033,-33.725494,-18.818777,10.26969,45.92269,-12.369636,15.000033,-2.4130929,7.7189703,25.43528,-49.47335,18.122747,-24.892874,-41.89273,38.794685,4.3864074,-15.125501,-67.22447,-60.809464,13.740299,-28.552254,-32.636047,-10.737721,-15.747559
210,-12.69727897644043,-11.217631340026855,69.70549011230469,0.31517422298056924,1.309439788061545,-55.37178922561457,7.106485,34.284508,24.924458,35.13044,-26.31456,-15.000033,-34.313522,-16.752926,11.158198,44.73411,-11.295801,15.000033,-2.81504,8.573283,25.549103,-54.78392,20.6921,-24.346275,-39.869297,37.267426,5.445685,-14.5989275,-68.37879,-58.759205,14.72506,-27.8006,-33.42315,-11.419793,-15.77477
211,-12.56726360321045,-11.232685089111328,69.83232879638672,-0.3932925778801196,1.8247724724135528,-57.44776464105876,7.7211547,34.983055,25.50495,36.107426,-27.452055,-15.000033,-34.855488,-14.727728,12.003798,43.45772,-10.112781,15.000033,-3.2946014,9.208117,25.822254,-60.909313,23.633,-24.439098,-37.144047,35.55328,6.529285,-13.724548,-69.61369,-56.735607,15.56063,-26.94551,-34.299885,-12.0505,-15.84953
212,-12.431957244873047,-11.2026948928833,69.96479797363281,-0.7996583311067063,2.389507398563107,-59.380997325448206,8.062593,34.99314,25.61792,37.116226,-28.34131,-14.738606,-35.596245,-13.115705,12.940694,42.41671,-8.97689,15.000033,-4.0018287,9.255864,26.183914,-67.614624,26.843302,-25.575802,-33.493244,34.030174,7.498644,-12.501294,-70.94269,-54.743645,16.0784,-26.088205,-35.28078,-12.528592,-15.8414955
213,-12.287100791931152,-11.138477325439453,70.0916519165039,-1.103642507006599,2.938615580627142,-61.27926012250843,8.162413,34.430897,25.086605,38.26064,-28.923346,-14.196839,-36.4295,-11.6558,13.907096,41.555717,-7.817903,15.000033,-4.8148746,8.899883,26.729696,-75.49358,30.283125,-27.952461,-28.81228,32.63875,8.4377,-10.778516,-72.402054,-52.826653,16.147497,-25.212154,-36.565845,-12.81726,-15.632173
214,-12.143113136291504,-11.075958251953125,70.18755340576172,-1.446201653585784,3.442718806744361,-63.20732631545351,8.160138,33.703396,24.176449,39.621384,-29.306673,-14.330631,-37.256687,-10.177858,14.826588,40.75568,-6.5964875,15.000033,-5.755103,8.292636,27.531273,-84.56121,33.847576,-31.599459,-23.444265,31.151272,9.351952,-8.577887,-73.98159,-50.98266,15.835079,-24.384434,-38.03879,-12.978739,-15.320873
215,-11.996739387512207,-11.017642974853516,70.25276184082031,-1.796055432818699,3.910779872840944,-65.09139774317633,8.160033,32.99193,23.316156,41.07137,-29.586794,-14.748744,-38.082985,-8.77473,15.584332,40.09873,-5.448866,15.000033,-6.9630523,7.554654,28.516754,-93.73791,37.273277,-36.227596,-17.658596,29.612854,9.964611,-6.2787867,-75.71275,-49.128307,15.456126,-23.640028,-39.323513,-13.069406,-15.072042
216,-11.846096992492676,-10.984038352966309,70.28105163574219,-2.1234110677745766,4.3519124625704455,-66.85695455565255,8.263434,32.494236,22.905125,42.47096,-29.839476,-15.000033,-38.91816,-7.533763,16.065445,39.671528,-4.5143805,15.000033,-8.470919,6.8932447,29.507645,-101.82033,40.27911,-41.190605,-11.459879,28.275734,10.000749,-4.3575206,-77.65485,-47.163673,15.413341,-22.832449,-40.099655,-13.148773,-15.031944
217,-11.68935489654541,-10.974641799926758,70.27243041992188,-2.393525663090467,4.961616823988146,-68.53793768754318,8.286703,32.261265,23.086975,43.944344,-30.10608,-15.000033,-40.03324,-6.5078154,16.183659,39.520092,-3.741647,15.000033,-10.074676,6.452768,29.793802,-108.29629,42.72181,-46.17576,-4.2579865,27.765984,9.308275,-3.0190573,-79.469505,-45.02573,15.828141,-21.66402,-40.189907,-13.209401,-15.388699
218,-11.535452842712402,-11.00118350982666,70.21202850341797,-2.634002382910171,5.6002676714670585,-70.15862163976973,8.351522,32.207447,23.645262,45.489708,-30.338451,-15.000033,-41.278076,-5.635489,16.026358,39.614384,-3.1084242,15.000033,-11.716868,6.184495,29.793802,-114.03238,44.607388,-51.28119,3.9693663,28.022211,8.111054,-2.1262424,-81.37783,-42.74757,16.49205,-20.101748,-39.87871,-13.23992,-15.972829
219,-11.379591941833496,-11.082361221313477,70.10441589355469,-2.8576480398056407,6.128669177095668,-71.62678254727749,8.540715,32.298573,24.361118,46.884228,-30.479044,-15.000033,-42.416965,-4.8800564,15.772694,39.885067,-2.7233489,15.000033,-13.431882,6.0527596,29.793802,-119.04368,45.957493,-56.361443,12.652386,28.168442,6.662163,-1.5067357,-83.36536,-40.398903,17.317902,-18.338991,-39.518055,-13.303079,-16.521088
220,-11.22938060760498,-11.207797050476074,69.94393920898438,-3.057249779317027,6.499142902943171,-72.8489164327527,8.808713,32.482525,25.001858,47.93236,-30.471405,-15.000033,-43.306393,-4.222543,15.609169,40.24592,-2.6713805,15.000033,-15.219052,6.0605226,29.793802,-123.17982,46.79817,-61.259785,21.535973,27.237356,5.1668468,-1.008482,-85.27306,-38.033543,18.323238,-16.533424,-39.488792,-13.444082,-16.80709
221,-11.105828285217285,-11.375194549560547,69.73216247558594,-3.2249354307268536,6.7373976990413915,-73.76325818560359,9.110665,32.884853,25.62265,48.623825,-30.288311,-15.000033,-43.918064,-3.6700757,15.569914,40.671642,-3.0818741,15.000033,-17.171394,6.2535233,29.793802,-126.36538,47.13608,-66.68092,32.174484,24.150784,3.3753774,-0.46891913,-87.1284,-35.670498,19.571281,-14.685906,-39.841076,-13.659098,-16.759117
222,-11.00144100189209,-11.572574615478516,69.48089599609375,-3.3532123990504736,6.8591135172961355,-74.42670088815603,9.462032,33.432278,26.288042,49.050854,-29.964432,-14.629373,-44.325165,-3.2401376,15.560269,41.20725,-3.8655155,15.000033,-19.135408,6.512113,29.793802,-129.09682,47.03666,-72.86471,44.744896,19.726877,1.3987756,-0.10989742,-88.808525,-33.34721,20.822962,-12.823372,-40.37404,-13.929465,-16.502539
223,-10.905441284179688,-11.796006202697754,69.20819091796875,-3.4527450108865523,6.807578477825085,-74.93041846358928,9.975186,33.953754,26.852968,49.178585,-29.53512,-14.534447,-44.54199,-2.874155,15.584573,41.909107,-4.8325152,15.000033,-20.865934,6.647298,29.793802,-131.54979,46.614452,-78.51014,56.552242,15.745876,-0.14214149,-0.20346086,-90.10205,-31.137686,21.848368,-11.104665,-41.052822,-14.262111,-16.12303
224,-10.804048538208008,-12.032266616821289,68.93448638916016,-3.522121946250595,6.564327232393624,-75.3639176828402,10.680613,34.212425,27.13646,48.96689,-29.03265,-15.000033,-44.618706,-2.5326054,15.653017,42.812233,-5.772689,15.000033,-22.257824,6.5558763,29.793802,-133.35184,45.996098,-81.80902,64.84629,13.940802,-0.8040162,-0.974891,-90.95281,-29.116213,22.629969,-9.676413,-41.79607,-14.63901,-15.733302
225,-10.668841361999512,-12.258442878723145,68.70047760009766,-3.158087656733691,6.2045742131606385,-75.58079042888328,11.359264,33.420467,26.918327,48.029964,-28.373112,-15.000033,-44.78139,-2.599465,16.071255,44.210632,-6.7756357,15.000033,-23.449549,5.90191,29.793802,-134.24619,45.48055,-81.53289,69.00792,15.851772,-0.31220993,-3.2899454,-91.32393,-27.617037,23.25511,-8.949003,-42.494022,-15.04225,-15.306465
226,-10.51965618133545,-12.486444473266602,68.50199890136719,-2.5513292885073082,5.700064596892051,-75.61971361582943,12.117658,32.05078,26.359547,46.535774,-27.600584,-15.000033,-44.89068,-2.9037807,16.701231,45.94034,-7.882278,15.000033,-24.6162,4.833265,29.793802,-134.30145,44.74742,-78.84836,71.21952,20.285011,0.6974433,-6.81628,-91.71829,-26.013994,23.911226,-8.253123,-43.35418,-15.502082,-14.801736
227,-10.369452476501465,-12.718433380126953,68.33514404296875,-1.9278185239316392,5.09041635101462,-75.59401164824163,12.9226465,30.59034,25.531815,45.051636,-26.848965,-15.000033,-44.82547,-3.2601948,17.344763,47.61772,-8.947233,15.000033,-25.523525,3.7596989,29.793802,-133.76947,44.080265,-75.20477,71.737656,24.686827,1.5810609,-9.975834,-91.861595,-24.753185,24.547075,-7.8615966,-44.15142,-15.923383,-14.353961
228,-10.217951774597168,-12.959556579589844,68.21302032470703,-1.485098678829026,4.419306590398296,-75.59647570318273,13.7198515,29.498404,24.538246,44.14256,-26.227407,-15.000033,-44.49317,-3.5114474,17.81209,48.91422,-9.850324,15.000033,-26.082182,3.0145087,29.793802,-132.77805,43.51427,-72.0529,70.9826,26.45494,2.1641858,-11.061647,-91.785965,-23.862982,25.17774,-7.660239,-44.795433,-16.232952,-14.084833
229,-10.085996627807617,-13.195228576660156,68.13153839111328,-1.3312309961821331,3.6693738580068014,-75.74013155581127,14.58204,28.93758,23.410192,44.059395,-25.836601,-15.000033,-43.86915,-3.4960914,18.064459,49.785557,-10.557629,15.000033,-26.180702,2.7420263,29.793802,-131.23994,43.082493,-69.78136,68.4283,23.4186,2.4413028,-8.629003,-91.48033,-23.372831,25.890728,-7.659686,-45.288795,-16.425917,-14.045428
230,-9.967971801757812,-13.4156494140625,68.0947036743164,-1.34016713704606,2.830580339778573,-75.93590038173855,15.507187,28.63468,22.109818,44.454926,-25.566137,-15.000033,-43.01372,-3.3408434,18.191969,50.408455,-11.139238,15.000033,-25.891623,2.736029,29.793802,-129.13943,42.79659,-67.56135,63.922604,17.380917,2.2383409,-3.8984156,-90.895,-23.269506,26.639751,-7.937494,-45.673542,-16.544998,-14.153153
231,-9.872390747070312,-13.62761402130127,68.12230682373047,-1.3501226894964233,1.9704517267002268,-75.96777255404633,16.300774,28.384085,20.647488,44.997234,-25.196854,-15.000033,-41.976173,-3.327445,18.19931,50.787098,-11.631396,15.000033,-25.465046,2.7875743,29.793802,-126.52246,42.642254,-64.97471,58.416386,11.766457,1.7489531,0.81629086,-90.014305,-23.488863,27.237907,-8.492822,-45.900936,-16.589619,-14.330706
232,-9.80545425415039,-13.834836959838867,68.22478485107422,-1.1949716100532135,1.1616778417201268,-75.62942655066233,16.765007,27.986668,19.038307,45.373997,-24.53652,-15.000033,-40.812164,-3.747672,18.099981,50.929905,-12.073859,15.000033,-25.20517,2.6677613,29.793802,-123.4707,42.55262,-61.70924,52.9165,9.869669,2.0267494,3.4246898,-88.83372,-23.908104,27.508743,-9.322033,-45.92741,-16.562798,-14.502961
233,-9.764213562011719,-14.018288612365723,68.40541076660156,-0.7887627922524935,0.3770140015099252,-74.7843066864377,16.850395,27.339804,17.157795,45.484215,-23.518318,-15.000033,-39.4948,-4.7740817,17.892275,50.915092,-12.555241,15.000033,-25.296646,2.2656305,29.793802,-119.90007,42.425583,-57.592854,47.360348,13.717932,4.115363,3.1102111,-87.359,-24.406822,27.42585,-10.348188,-45.748356,-16.426897,-14.730158
234,-9.743505477905273,-14.176397323608398,68.66999053955078,-0.24215557846017147,-0.42045897021191214,-73.57680438492152,16.689846,26.561842,15.05844,45.509266,-22.264126,-15.000033,-37.99419,-6.2247925,17.558321,50.707973,-13.025077,15.000033,-25.591692,1.7043653,29.793802,-115.79222,42.20076,-52.823837,41.283108,21.347168,7.21177,0.7726439,-85.67586,-24.945887,27.089294,-11.487982,-45.424118,-16.20017,-15.026603
235,-9.715225219726562,-14.301851272583008,69.02153778076172,0.32420951931260444,-1.1629701260858054,-72.22403630658654,16.337765,25.793337,13.015902,45.564632,-20.870485,-15.000033,-36.37176,-7.85586,17.093603,50.158207,-13.323847,15.000033,-25.917559,1.1041007,29.793802,-111.350044,41.856396,-47.70454,35.095215,29.750816,9.930671,-2.666717,-83.87466,-25.518177,26.523333,-12.754076,-45.004192,-15.9674425,-15.252056
236,-9.668375015258789,-14.403663635253906,69.44630432128906,0.7961398598299135,-1.7723397817059576,-70.9357146432589,15.817455,25.172441,11.2835245,45.757732,-19.418516,-15.000033,-34.697723,-9.41998,16.498915,49.129406,-13.290887,15.000033,-26.106161,0.60271406,29.793802,-106.71864,41.38963,-42.489258,29.208427,35.61642,11.463509,-5.6975203,-82.0305,-26.134148,25.76794,-14.176664,-44.519722,-15.812155,-15.265252
237,-9.61111068725586,-14.48038387298584,69.9426498413086,1.1254004488509108,-2.1912075226227077,-69.69750676573001,14.982029,24.796247,9.83229,46.222065,-17.792717,-15.000033,-32.95857,-10.880783,15.698734,47.505344,-12.904758,15.000033,-26.204954,0.25893548,29.793802,-101.63181,40.745544,-36.89588,23.592297,37.53884,11.858835,-7.777408,-80.09068,-26.780285,24.768261,-15.845452,-43.919277,-15.765126,-14.956377
238,-9.546022415161133,-14.54178524017334,70.50834655761719,1.3842034116043853,-2.4681309592579095,-68.41409167138073,13.83739,24.558508,8.53125,46.861954,-15.981016,-15.000033,-31.118279,-12.341204,14.705485,45.398537,-12.248306,15.000033,-26.326155,0.0070780334,29.793802,-95.9656,39.826855,-30.905468,17.918112,37.327694,11.669351,-9.531678,-78.05074,-27.43008,23.560015,-17.716864,-43.166794,-15.771956,-14.430121
239,-9.476564407348633,-14.577995300292969,71.1323471069336,1.6932524708820231,-2.5714797963286697,-67.16862546431585,12.48536,24.260412,7.471407,47.465916,-14.215068,-15.000033,-29.37127,-13.809092,13.704536,43.03789,-11.321649,15.000033,-26.342588,-0.18554354,29.398703,-89.81803,38.55108,-25.19666,12.23197,36.445793,11.310444,-10.974441,-75.70898,-28.018293,22.343338,-19.63087,-42.414658,-15.796612,-13.915591
240,-9.39683723449707,-14.585809707641602,71.79763793945312,2.110336123342726,-2.6214025446615024,-66.05098190665515,11.236737,23.790152,6.7781825,47.782574,-12.731043,-15.000033,-27.730288,-15.254064,12.832705,40.62576,-10.135828,15.000033,-26.088524,-0.40651602,28.744282,-83.93357,36.94455,-20.520382,6.8876324,36.482212,11.106991,-12.196525,-73.30675,-28.51313,21.220125,-21.364534,-41.82256,-15.811658,-13.55946
241,-9.313282012939453,-14.570738792419434,72.49016571044922,2.63495037432728,-2.7134016785270902,-65.10466326156491,10.272099,23.16939,6.6079273,47.702385,-11.614402,-15.000033,-26.028492,-16.669085,12.1046,37.99274,-8.633509,15.000033,-25.43832,-0.6928191,28.098822,-78.59042,35.14814,-17.113493,2.0103958,38.20473,11.171463,-13.29357,-70.95838,-28.934175,20.100126,-22.949024,-41.47697,-15.846835,-13.338326
242,-9.223958969116211,-14.524579048156738,73.1907730102539,3.2230631348625187,-2.7981803249724577,-64.2753201978511,9.433017,22.485472,6.853487,47.359776,-10.733212,-15.000033,-24.282038,-18.0508,11.429865,35.110626,-6.841055,15.000033,-24.503775,-1.0208651,27.464956,-73.451485,33.23469,-14.580175,-2.5620959,40.69139,11.2807045,-14.242665,-68.630646,-29.288467,18.918245,-24.48169,-41.282078,-15.912433,-13.166583
243,-9.141192436218262,-14.456847190856934,73.89816284179688,3.830500572558526,-2.8438110614423184,-63.50903939804668,8.614493,21.763626,7.2549405,46.857197,-10.0049515,-15.000033,-22.706394,-19.367388,10.782053,32.39211,-4.902124,15.000033,-23.423225,-1.3790337,26.830954,-68.56124,31.230652,-12.635791,-6.8266764,43.066895,11.243863,-14.976446,-66.45719,-29.594791,17.763636,-25.885134,-41.163296,-15.951671,-13.059706
244,-9.062874794006348,-14.366065979003906,74.5973129272461,4.4184594205240595,-2.820243218598833,-62.752690179609296,7.7174015,21.022808,7.556338,46.299538,-9.347627,-15.000033,-21.518408,-20.59939,10.152706,30.243256,-2.9544408,15.000033,-22.300943,-1.764004,26.17282,-64.06108,29.121937,-11.048755,-10.696759,44.451653,10.903397,-15.393418,-64.477875,-29.874094,16.71731,-27.129658,-41.097744,-15.906404,-13.03284
245,-8.988364219665527,-14.259725570678711,75.27008819580078,5.02683729582178,-2.699328954036866,-62.027724065316576,6.7276487,20.168613,7.7206097,45.652042,-8.884494,-15.000033,-20.818874,-21.76239,9.73136,28.67225,-0.8213107,15.000033,-21.118862,-2.2256563,25.44372,-59.928017,26.91969,-9.704383,-14.018395,44.40308,10.152021,-15.35472,-62.847218,-30.183096,15.768136,-28.087894,-41.005543,-15.750381,-13.084158
246,-8.921403884887695,-14.131708145141602,75.9097900390625,5.663881570797992,-2.505001777145192,-61.34999913299484,5.6932807,19.232903,7.866453,44.87048,-8.608468,-15.000033,-20.507887,-22.86854,9.49328,27.508749,1.4901543,15.000033,-19.807014,-2.7429671,24.688564,-56.092915,24.663832,-8.725548,-16.856987,43.477154,9.098656,-14.964553,-61.393215,-30.535492,14.888558,-28.90649,-40.97529,-15.505787,-13.21641
247,-8.862817764282227,-13.991289138793945,76.5076675415039,6.249077448706428,-2.286648750027057,-60.65657740063907,4.6196094,18.40788,7.981656,44.054867,-8.2426405,-15.000033,-20.465149,-23.910696,9.109525,26.843744,3.5967147,15.000033,-18.454905,-3.2395594,23.967138,-52.636677,22.41111,-8.201445,-19.374437,42.32174,7.9197087,-14.482366,-60.078205,-30.948433,14.09411,-29.595427,-40.928818,-15.227399,-13.418732
248,-8.81209659576416,-13.838571548461914,77.04670715332031,6.7033033263650115,-2.0931486100777548,-59.88396614453494,3.5194016,17.86664,8.057426,43.31296,-7.5214305,-15.000033,-20.532549,-24.897917,8.23142,26.73515,5.134389,15.000033,-17.171732,-3.6382294,23.32405,-49.61837,20.233576,-8.191419,-21.732939,41.581856,6.808206,-14.146423,-58.984528,-31.454962,13.402377,-30.063257,-40.719936,-14.975696,-13.678896
249,-8.769112586975098,-13.678282737731934,77.53363037109375,6.999375413156382,-1.8775491180563255,-59.025085009576905,2.3305025,17.654346,8.121476,42.68324,-6.2578034,-15.000033,-20.761522,-25.94118,6.4335365,27.286676,6.0674567,15.000033,-15.925266,-3.898982,22.712374,-47.075447,18.2245,-8.735596,-23.87598,41.39523,5.768572,-14.0030365,-58.077362,-32.08439,12.807509,-30.320704,-40.292347,-14.741907,-14.036842
250,-8.740714073181152,-13.519099235534668,77.97392272949219,7.1924480742944645,-1.6277988861148196,-58.10972163958786,1.069372,17.65281,8.175312,42.11171,-4.6394396,-15.000033,-21.17563,-27.06385,4.018157,28.4305,6.5904627,15.000033,-14.690341,-4.10029,22.125769,-44.9159,16.41537,-9.7405405,-25.74006,41.43325,4.733109,-13.919131,-57.32852,-32.838795,12.282795,-30.43025,-39.695374,-14.501691,-14.494528
251,-8.715160369873047,-13.351680755615234,78.35779571533203,7.315192703831709,-1.4473935554249797,-57.130736028125774,-0.13971357,17.800957,8.18006,41.575302,-2.9239125,-15.000033,-21.564037,-28.116627,1.7091634,29.93659,6.697325,15.000033,-13.533618,-4.2902865,21.65211,-43.130714,14.790441,-11.045722,-27.368935,41.52916,3.776828,-13.859783,-56.70973,-33.702347,11.81819,-30.446882,-39.027786,-14.28806,-14.981232
252,-8.686217308044434,-13.19001293182373,78.65203857421875,7.384713694836936,-1.446198293590645,-56.081008372750155,-1.1683187,18.047792,8.08165,41.05739,-1.3886945,-15.000033,-21.723314,-28.880323,0.22073539,31.533188,6.3859973,15.000033,-12.474059,-4.465858,21.362295,-41.898853,13.37506,-12.405024,-28.644995,41.3306,2.9434054,-13.820582,-56.174244,-34.67137,11.397892,-30.391014,-38.407864,-14.135455,-15.415289
253,-8.656455039978027,-13.030312538146973,78.8613052368164,7.396119450854957,-1.6848994627070617,-54.93100061638626,-1.9852102,18.383682,7.8297195,40.569344,-0.06942693,-15.000033,-21.63142,-29.200422,-0.10223643,33.3214,5.4506116,15.000033,-11.593996,-4.659363,21.330908,-41.101933,12.119429,-13.956067,-29.758976,40.92475,2.2914946,-13.8188,-55.832928,-35.73056,11.078999,-30.226976,-37.771133,-14.053526,-15.805028
254,-8.6088228225708,-12.85906982421875,79.00498962402344,7.32624196008018,-2.0906579816251503,-53.695774327534544,-2.672664,18.832623,7.454748,40.129433,1.1567378,-15.000033,-21.389326,-29.150492,0.28253058,35.359787,3.9748702,15.000033,-10.818723,-4.82469,21.47524,-40.828938,11.033125,-15.674437,-30.561184,40.326477,1.7697634,-13.8685055,-55.65784,-36.886368,10.849395,-29.9287,-37.103237,-14.027831,-16.175537
255,-8.548774719238281,-12.69502067565918,79.0888442993164,7.166266730870317,-2.576139434079742,-52.43541001915292,-3.264296,19.397161,7.0263605,39.71645,2.261386,-15.000033,-20.984407,-28.835342,0.8829089,37.287285,2.390851,15.000033,-10.113735,-4.950305,21.726915,-40.893063,10.075587,-17.364132,-31.116783,39.681446,1.3527503,-13.869308,-55.514122,-38.10585,10.634924,-29.607656,-36.536346,-14.038941,-16.50225
256,-8.488022804260254,-12.554487228393555,79.11518859863281,6.911702832458541,-3.058183393376834,-51.20905043485094,-3.7878625,20.080322,6.610808,39.311382,3.2052574,-15.000033,-20.411575,-28.414364,1.2355275,38.75344,1.1108,15.000033,-9.463877,-5.0237756,22.015026,-41.069664,9.175428,-18.854576,-31.514853,39.20419,1.0067499,-13.722841,-55.30462,-39.330444,10.384388,-29.33519,-36.211456,-14.0666685,-16.755535
257,-8.42554759979248,-12.43873405456543,79.08787536621094,6.505530739497467,-3.5645031535382126,-50.01895393334488,-4.237318,20.984646,6.199223,38.939804,3.9485283,-15.000033,-19.576931,-27.847769,1.2715482,39.647575,0.15021686,15.000033,-8.886639,-4.988214,22.357689,-41.40778,8.298455,-20.091564,-31.703117,38.95829,0.74888426,-13.397106,-55.070713,-40.528633,10.129404,-29.059404,-36.318047,-14.137908,-16.877771
258,-8.363606452941895,-12.330779075622559,79.00662994384766,5.966201578390606,-4.123567096227853,-48.83376002745859,-4.6101346,22.071878,5.7612305,38.60127,4.511369,-15.000033,-18.52473,-27.091236,1.2382336,40.169865,-0.6903018,15.000033,-8.397711,-4.863083,22.763153,-41.997807,7.441723,-21.150032,-31.641556,38.85488,0.58003956,-12.952438,-54.898457,-41.697132,9.922353,-28.699873,-36.748817,-14.257391,-16.893648
259,-8.290609359741211,-12.2317533493042,78.8843002319336,5.407678964096178,-4.656591194570467,-47.663984948673296,-4.926544,23.136566,5.3362093,38.233307,4.9500856,-15.000033,-17.446619,-26.336958,1.1610125,40.42166,-1.3180933,15.000033,-7.9726086,-4.74625,23.13611,-42.719517,6.591838,-22.03735,-31.394533,38.853237,0.43206444,-12.4392805,-54.69652,-42.82138,9.721364,-28.33037,-37.208176,-14.368026,-16.889406
260,-8.199501037597656,-12.130891799926758,78.71983337402344,4.948597015239742,-5.082628124258469,-46.524161128533834,-5.1983294,23.977459,4.9759927,37.767197,5.3472047,-15.000033,-16.53277,-25.783724,1.0490506,40.508987,-1.6327636,15.000033,-7.5825834,-4.7409506,23.381525,-43.456104,5.7305007,-22.769175,-31.016403,38.921146,0.23637298,-11.908981,-54.36195,-43.882557,9.470427,-28.027765,-37.399998,-14.4145565,-16.94656
261,-8.086274147033691,-12.026811599731445,78.51992797851562,4.615755148281092,-5.3694594295674785,-45.42447106888139,-5.422738,24.586401,4.7387238,37.151695,5.743985,-15.000033,-15.835343,-25.429775,0.9720108,40.348976,-1.3803238,15.000033,-7.20624,-4.8715444,23.460875,-44.21624,4.840911,-23.331818,-30.44794,39.11916,-0.037587468,-11.3105955,-53.837887,-44.860703,9.154949,-27.781445,-37.19657,-14.384326,-17.083288
262,-7.95963716506958,-11.930590629577637,78.27496337890625,4.353672726017618,-5.563543641598741,-44.35644359455734,-5.580177,25.055496,4.6024046,36.417206,6.115782,-15.000033,-15.2476225,-25.205519,0.89131725,39.9162,-0.6737897,15.000033,-6.8652625,-5.0919743,23.426159,-45.063587,3.9200685,-23.717506,-29.663431,39.455032,-0.3485071,-10.640643,-53.185135,-45.75364,8.798338,-27.551367,-36.778618,-14.312246,-17.251314
263,-7.81777286529541,-11.83128547668457,77.97943878173828,4.163303261708383,-5.705203729535178,-43.3111304934911,-5.679667,25.326658,4.452666,35.67684,6.3964896,-15.000033,-14.736452,-25.18504,0.69163567,39.454403,-0.026138064,15.000033,-6.581965,-5.393917,23.320791,-45.974266,2.9788325,-23.950884,-28.769808,39.798893,-0.66053146,-10.022741,-52.489944,-46.576073,8.402828,-27.3609,-36.31461,-14.210913,-17.434677
264,-7.661416530609131,-11.725655555725098,77.63155364990234,4.039907143157935,-5.831349736893818,-42.27949188290488,-5.7266107,25.354374,4.173618,35.03804,6.5234427,-15.000033,-14.259746,-25.43974,0.25131312,39.19144,0.058687884,15.000033,-6.3765306,-5.768888,23.19033,-46.916252,2.0375326,-24.062525,-27.884119,40.0166,-0.94004136,-9.579683,-51.810028,-47.355663,7.952229,-27.258944,-35.963005,-14.090126,-17.61853
265,-7.490687847137451,-11.59854793548584,77.24592590332031,4.038025949033755,-5.935030862256368,-41.24508829459594,-5.7067533,25.011717,3.6530206,34.524544,6.6942463,-15.000033,-13.838563,-26.1133,-0.54059917,39.19678,-0.59492326,15.000033,-6.259381,-6.2818136,23.025387,-47.851677,1.1099764,-24.042227,-27.047684,40.070053,-1.1681439,-9.413826,-51.076363,-48.11327,7.389577,-27.313496,-35.69713,-13.925085,-17.842842
266,-7.301077365875244,-11.462985038757324,76.81109619140625,4.1382597924129465,-6.006283819268208,-40.221587010834284,-5.6103435,24.38268,2.9756563,34.085846,6.8693547,-15.000033,-13.462199,-27.123129,-1.608607,39.337418,-1.7068784,15.000033,-6.197856,-6.9006,22.830235,-48.797794,0.19605228,-23.898298,-26.231205,40.023823,-1.3645117,-9.431969,-50.294327,-48.8451,6.7355604,-27.4701,-35.459515,-13.715404,-18.107328
267,-7.1029767990112305,-11.322826385498047,76.33551025390625,4.223175737867734,-6.072590159571027,-39.24278705376495,-5.457209,23.73517,2.312665,33.71641,6.626731,-15.000033,-13.049385,-28.19878,-2.7883794,39.540264,-3.091294,15.000033,-6.1815357,-7.488975,22.640844,-49.805,-0.69411695,-23.659021,-25.41178,39.89724,-1.5583454,-9.469209,-49.539276,-49.558567,6.0460353,-27.69119,-35.318783,-13.50745,-18.329304
268,-6.8856000900268555,-11.16737174987793,75.76205444335938,4.180545519394566,-6.157321742222781,-38.34097321136923,-5.2880497,23.323967,1.8277181,33.418613,5.5423727,-15.000033,-12.548888,-29.069723,-3.893862,39.749004,-4.561836,15.000033,-6.2073975,-7.9147706,22.483522,-50.913437,-1.5419834,-23.349396,-24.575907,39.71116,-1.778972,-9.360031,-48.878284,-50.271637,5.373076,-27.951021,-35.332825,-13.345406,-18.426737
269,-6.666680335998535,-11.011478424072266,75.1431655883789,3.9559377550486103,-6.253042985643666,-37.50476571148534,-5.0938773,23.226892,1.549208,33.15673,3.2381983,-15.000033,-11.908554,-29.659367,-4.947718,39.956673,-6.2174387,15.000033,-6.3084006,-8.123993,22.335411,-52.10349,-2.333965,-22.956907,-23.75162,39.412804,-2.045213,-9.003058,-48.374104,-50.994915,4.749294,-28.238258,-35.580437,-13.233064,-18.363558
270,-6.4392595291137695,-10.837855339050293,74.51370239257812,3.6176459692133274,-6.348314803616286,-36.72281367723722,-4.8816776,23.311588,1.4005369,32.95725,0.025551653,-15.000033,-11.188718,-30.102434,-6.0082407,40.205288,-8.110333,15.000033,-6.4831743,-8.186262,22.187603,-53.34452,-3.0624971,-22.470629,-22.963657,39.00904,-2.339971,-8.506023,-47.994446,-51.728966,4.160315,-28.564398,-36.00356,-13.146206,-18.192
271,-6.201539039611816,-10.630241394042969,73.8795394897461,3.2385030717704715,-6.454525061487079,-36.023482449171944,-4.705711,23.504269,1.3917997,32.887352,-3.466032,-15.000033,-10.507231,-30.454626,-6.948902,40.49302,-9.965532,15.000033,-6.6572676,-8.156857,22.100431,-54.66549,-3.7205772,-21.935913,-22.204395,38.605824,-2.6351652,-8.013065,-47.710365,-52.47087,3.6142101,-28.896418,-36.486343,-13.0876045,-17.96288
272,-5.963366508483887,-10.382234573364258,73.2628173828125,2.893720807474573,-6.589384488862429,-35.43603167550204,-4.6094465,23.718891,1.5193652,33.008816,-6.6171913,-15.000033,-9.976359,-30.779184,-7.6527896,40.817165,-11.510942,15.000033,-6.775021,-8.106783,22.121689,-56.092216,-4.296298,-21.387623,-21.447874,38.311737,-2.8995876,-7.668077,-47.44227,-53.231236,3.0788121,-29.249569,-36.870754,-13.061123,-17.722786
273,-5.745533466339111,-10.101566314697266,72.6668701171875,2.570366790977941,-6.7996875409816715,-34.9545161985069,-4.6197543,23.99784,1.8326517,33.435005,-9.466023,-15.000033,-9.605076,-31.081293,-8.076134,41.26841,-12.782666,15.000033,-6.817693,-8.034838,22.321316,-57.735893,-4.7861643,-20.832752,-20.654886,38.16184,-3.1239111,-7.516941,-47.268463,-54.023617,2.5951045,-29.564709,-37.174,-13.074636,-17.470037
274,-5.556454658508301,-9.788933753967285,72.10514831542969,2.238964066579204,-7.066251533614715,-34.56857253078815,-4.704,24.360348,2.3222299,34.098804,-12.276283,-15.000033,-9.334898,-31.326824,-8.295267,41.815014,-13.899924,15.000033,-6.8294535,-7.918971,22.648518,-59.535854,-5.183876,-20.25158,-19.851131,38.096493,-3.3235123,-7.479844,-47.169975,-54.86302,2.1415877,-29.891262,-37.422005,-13.124189,-17.183031
275,-5.382164001464844,-9.448131561279297,71.61589050292969,1.9492280045787715,-7.302751757806316,-34.30012770178688,-4.825785,24.674295,2.867676,34.80706,-14.790868,-15.000033,-9.182733,-31.539394,-8.368819,42.282154,-14.717388,15.000033,-6.7659206,-7.7518954,23.030123,-61.264217,-5.499653,-19.700964,-19.171883,38.058533,-3.494609,-7.499556,-47.06588,-55.70064,1.7055907,-30.253891,-37.63466,-13.183742,-16.89822
276,-5.204844951629639,-9.076391220092773,71.24410247802734,1.7541305421299063,-7.422001373514567,-34.170625127559646,-4.9292355,24.809912,3.3576453,35.330097,-16.733246,-15.000033,-9.15876,-31.754648,-8.3556795,42.47484,-15.068955,15.000033,-6.6071215,-7.5510006,23.371504,-62.70752,-5.7448964,-19.221495,-18.713717,37.998608,-3.6353078,-7.5228357,-46.848427,-56.461517,1.2489735,-30.69769,-37.815453,-13.236955,-16.640049
277,-5.012605667114258,-8.6802978515625,71.02902221679688,1.7213648738497338,-7.391321270482123,-34.21774064166839,-4.956129,24.664047,3.78011,35.540073,-18.007631,-15.000033,-9.344516,-32.041553,-8.191519,42.381718,-14.892261,15.000033,-6.334174,-7.387149,23.642385,-63.848427,-5.9134398,-18.827272,-18.499718,37.94889,-3.7376497,-7.586698,-46.441498,-57.09448,0.70143247,-31.286036,-37.998333,-13.299794,-16.338205
278,-4.815656661987305,-8.277032852172852,70.98163604736328,1.8074397334475212,-7.259684452145126,-34.418296556423236,-4.9415736,24.325245,4.1852636,35.558823,-18.763578,-15.000033,-9.70697,-32.37354,-7.8681264,42.084538,-14.272813,15.000033,-5.9751205,-7.257394,23.886513,-64.80277,-5.9988837,-18.502813,-18.443983,37.924755,-3.804007,-7.7023168,-45.89141,-57.586662,0.07820562,-31.991919,-38.19225,-13.387172,-15.991745
279,-4.623476982116699,-7.884489059448242,71.07679748535156,1.899892653284324,-7.060747382375948,-34.70070706310142,-4.9760265,23.950623,4.547886,35.54734,-19.101149,-15.000033,-10.095385,-32.646927,-7.5191603,41.53897,-13.265843,15.000033,-5.5918117,-7.0687866,24.110016,-65.55898,-6.016805,-18.231024,-18.474052,37.854874,-3.849692,-7.7810025,-45.296276,-57.92498,-0.5141892,-32.706436,-38.348232,-13.480785,-15.731531
280,-4.4420695304870605,-7.4959917068481445,71.28948211669922,1.8857415664577248,-6.828132780702833,-34.994326810980134,-5.1469626,23.698261,4.847622,35.66891,-19.118258,-15.000033,-10.3563385,-32.754948,-7.284995,40.69903,-11.924484,15.000033,-5.2475305,-6.727301,24.31108,-66.11462,-5.9931083,-17.984789,-18.501476,37.6728,-3.892648,-7.7366214,-44.78239,-58.10234,-0.9411009,-33.308334,-38.41567,-13.558371,-15.686326
281,-4.256593704223633,-7.093212604522705,71.60084533691406,1.6907834559904453,-6.567067654268663,-35.31143060864054,-5.4811945,23.66549,5.079245,35.994396,-18.786457,-15.000033,-10.416492,-32.559433,-7.1734366,39.44287,-10.172482,15.000033,-4.943569,-6.118405,24.475948,-66.39808,-5.9607887,-17.742794,-18.516396,37.29998,-3.9393647,-7.4976153,-44.433395,-58.09988,-1.062244,-33.735657,-38.38716,-13.620817,-15.962966
282,-4.075001239776611,-6.680148124694824,71.99617767333984,1.3897319468447402,-6.26081998585642,-35.68014013674074,-5.9211836,23.74507,5.2528596,36.417473,-18.06718,-15.000033,-10.369597,-32.147625,-7.1274605,37.8335,-8.013128,15.000033,-4.6610703,-5.334122,24.605701,-66.48392,-5.893647,-17.493654,-18.51703,36.78497,-3.9892337,-7.1367235,-44.146732,-57.91278,-0.9994295,-34.092056,-38.29057,-13.6834545,-16.463463
283,-3.898731231689453,-6.253150939941406,72.45919036865234,1.0987610560889998,-5.916563922732192,-36.05512067723087,-6.4461513,23.786789,5.36106,36.86604,-17.055351,-15.000033,-10.3372555,-31.740444,-7.1728363,36.139626,-5.6368427,15.000033,-4.418339,-4.550408,24.688194,-66.483795,-5.797408,-17.278913,-18.486933,36.307724,-4.0369105,-6.7646747,-44.027145,-57.57317,-0.7615959,-34.28753,-38.16788,-13.724473,-17.02503
284,-3.7405807971954346,-5.824406623840332,72.97621154785156,0.935513016989615,-5.540369200493676,-36.38951258488372,-7.033937,23.64114,5.402161,37.262703,-15.842579,-15.000033,-10.441292,-31.569122,-7.332443,34.63441,-3.2419975,15.000033,-4.234307,-3.9478586,24.733303,-66.54848,-5.658844,-17.114798,-18.3935,36.021973,-4.0787463,-6.5005274,-44.068306,-57.13617,-0.46786895,-34.323563,-38.026577,-13.725396,-17.482883
285,-3.6048576831817627,-5.406100749969482,73.52996826171875,0.9157618090957909,-5.117420298236924,-36.680538512773474,-7.7198124,23.283218,5.336071,37.623245,-14.360083,-15.000033,-10.730753,-31.687363,-7.583375,33.31635,-0.6176417,15.000033,-4.0777736,-3.5220237,24.754023,-66.66242,-5.48616,-17.014313,-18.233461,35.993633,-4.113671,-6.3772063,-44.21864,-56.61935,-0.15222517,-34.193523,-37.789577,-13.645076,-17.852194
286,-3.4710843563079834,-4.9934539794921875,74.109375,0.989364050011204,-4.650469437778162,-36.945086020101435,-8.49733,22.774782,5.1780887,37.960766,-12.576341,-15.000033,-11.161576,-31.962318,-7.908166,32.116932,2.2046235,15.000033,-3.940604,-3.1934438,24.751158,-66.774086,-5.287568,-16.965614,-18.024513,36.128292,-4.142209,-6.3302145,-44.441383,-56.028183,0.19460616,-33.936718,-37.456253,-13.504646,-18.204527
287,-3.3430683612823486,-4.574241638183594,74.69612121582031,1.1685850664104875,-4.1691145548875115,-37.16405887255534,-9.288605,22.112137,5.0193844,38.210346,-10.652106,-15.000033,-11.701661,-32.36541,-8.338284,31.185822,4.684985,15.000033,-3.864257,-3.0105243,24.731571,-66.95385,-5.0532246,-16.97072,-17.803198,36.33242,-4.157149,-6.3258905,-44.782024,-55.403618,0.5496013,-33.586983,-37.17381,-13.367946,-18.466503
288,-3.220982551574707,-4.150788307189941,75.28275299072266,1.4569528485999532,-3.704652010204488,-37.32023230151112,-10.0064335,21.311731,4.963562,38.301655,-8.755831,-15.000033,-12.276109,-32.887177,-8.929578,30.60432,6.3422847,15.000033,-3.893144,-3.0090346,24.70639,-67.255356,-4.7654047,-17.036882,-17.62429,36.504997,-4.1498237,-6.3290606,-45.27553,-54.808956,0.87377673,-33.19196,-37.067272,-13.292433,-18.569368
289,-3.086115598678589,-3.722466230392456,75.84497833251953,1.936582496279357,-3.251947947213575,-37.348109412823604,-10.643136,20.20972,5.0377703,38.11852,-6.7611465,-15.000033,-12.846851,-33.73301,-9.887951,30.365421,7.0174575,15.000033,-4.075822,-3.2672877,24.6785,-67.68873,-4.414209,-17.20784,-17.534122,36.62946,-4.113703,-6.354241,-45.916626,-54.291397,1.120634,-32.752598,-37.191532,-13.2786045,-18.449646
290,-2.944852828979492,-3.2909388542175293,76.36713409423828,2.5699117777988496,-2.8099200601858194,-37.26974415589599,-11.222096,18.883703,5.212904,37.71871,-4.6441183,-15.000033,-13.413806,-34.867985,-11.1477995,30.394234,7.015715,15.000033,-4.373586,-3.7138696,24.6623,-68.20545,-4.0096016,-17.477089,-17.533056,36.741505,-4.052151,-6.4085307,-46.672123,-53.856857,1.3019053,-32.26417,-37.452644,-13.288985,-18.172262
291,-2.8066773414611816,-2.868751287460327,76.8213119506836,3.1769714886052296,-2.4065666635111977,-37.20908091815343,-11.7266,17.706345,5.4882593,37.333073,-2.735606,-15.000033,-13.9669895,-35.923145,-12.354654,30.642723,6.5939784,15.000033,-4.7015266,-4.1654916,24.673388,-68.77151,-3.5643835,-17.772614,-17.595827,36.82381,-3.972139,-6.4476624,-47.546818,-53.508556,1.4761825,-31.767635,-37.74116,-13.32195,-17.85408
292,-2.662865400314331,-2.4636189937591553,77.20339965820312,3.5833424778938006,-2.055219607810781,-37.2988667450763,-12.161956,17.02495,5.84068,37.217976,-1.3630517,-15.000033,-14.527393,-36.509903,-13.12864,31.051357,6.0090356,15.000033,-4.9669456,-4.4421105,24.71804,-69.351395,-3.0915864,-18.017096,-17.694925,36.860897,-3.8815262,-6.428672,-48.56533,-53.24553,1.7214816,-31.285902,-37.952824,-13.372616,-17.613062
293,-2.5244534015655518,-2.053877830505371,77.50861358642578,3.7373730882475398,-1.730205484186491,-37.56712092497388,-12.593514,16.941938,6.2645125,37.505825,-0.65059614,-15.000033,-15.137778,-36.466747,-13.327637,31.615799,5.1686974,15.000033,-5.152862,-4.491298,24.78361,-69.97607,-2.5920057,-18.218937,-17.829845,36.84322,-3.7806396,-6.310649,-49.800503,-53.082733,2.0740383,-30.798674,-38.081688,-13.462416,-17.444633
294,-2.390476942062378,-1.643486499786377,77.74803924560547,3.7346868126124075,-1.4264675654701167,-37.95372742909095,-13.008103,17.258642,6.748913,38.05692,-0.41257924,-15.000033,-15.800084,-36.000614,-13.156009,32.3631,3.9905531,15.000033,-5.295679,-4.401266,24.867327,-70.64587,-2.0662298,-18.402807,-18.01638,36.782143,-3.6674469,-6.1284137,-51.252934,-53.022457,2.5232563,-30.276926,-38.178894,-13.580573,-17.30282
295,-2.249356985092163,-1.2350919246673584,77.93162536621094,3.6262522182726786,-1.183157832304742,-38.462947045375266,-13.297786,17.857592,7.251598,38.721302,-0.5190531,-15.000033,-16.485863,-35.267326,-12.745016,33.28726,2.7411933,15.000033,-5.3819633,-4.215382,24.984478,-71.28506,-1.5273794,-18.512747,-18.24269,36.697315,-3.5472164,-5.953848,-52.817654,-53.031654,3.0572236,-29.744024,-38.220413,-13.676459,-17.23929
296,-2.1034274101257324,-0.8286254405975342,78.04580688476562,3.4624711926086578,-1.0396733983630144,-39.0982977770135,-13.3538885,18.622097,7.7402472,39.34616,-0.8394062,-15.000033,-17.14075,-34.426544,-12.239031,34.346893,1.7069764,15.000033,-5.394857,-3.9814892,25.150034,-71.83132,-0.9974691,-18.494402,-18.480354,36.61159,-3.4256244,-5.8595376,-54.397655,-53.05106,3.6711257,-29.20736,-38.206963,-13.703726,-17.301796
297,-1.9490666389465332,-0.43056225776672363,78.08040618896484,3.1957197130090305,-1.0302528200599992,-39.91354059688884,-13.143565,19.681398,8.238926,40.028164,-1.551952,-15.000033,-17.732635,-33.402443,-11.655315,35.562923,0.963239,15.000033,-5.296409,-3.6714664,25.391342,-72.30186,-0.48744452,-18.316294,-18.676863,36.546265,-3.2981927,-5.8959126,-56.015087,-53.04312,4.3831844,-28.657713,-38.147625,-13.646012,-17.551802
298,-1.7911138534545898,-0.0520438551902771,78.05304718017578,2.8194309648921454,-1.1307999825087827,-40.89247860812896,-12.705316,21.058443,8.769128,40.78165,-2.6731505,-15.000033,-18.276814,-32.1409,-10.949508,36.946877,0.35274905,15.000033,-5.105544,-3.2838283,25.689444,-72.73865,0.004416254,-18.01104,-18.826683,36.494076,-3.1657782,-6.016831,-57.706795,-52.997635,5.1927905,-28.082808,-38.060455,-13.537797,-17.939629
299,-1.6291059255599976,0.3174583911895752,77.96776580810547,2.447248482045004,-1.288266242020947,-41.93033731345008,-12.054494,22.461582,9.30107,41.347984,-3.8161306,-15.000033,-18.787338,-30.843094,-10.166237,38.42339,-0.1659492,15.000033,-4.9042153,-2.921389,25.979528,-73.12144,0.47831166,-17.620487,-18.952595,36.4393,-3.0423083,-6.1503563,-59.362858,-52.90307,6.0287876,-27.517628,-37.93515,-13.414504,-18.340559
300,-1.4428681135177612,0.6712976694107056,77.82887268066406,2.193703763060466,-1.4419524187970394,-42.9195709733269,-11.238191,23.575888,9.782602,41.503475,-4.592272,-15.000033,-19.292877,-29.710844,-9.331228,39.91911,-0.6348078,15.000033,-4.771303,-2.6953566,26.19514,-73.43692,0.9319974,-17.19269,-19.074327,36.366623,-2.9413996,-6.223583,-60.85147,-52.74983,6.8004723,-27.011497,-37.76813,-13.314281,-18.627443
301,-1.2491415739059448,1.0075100660324097,77.64202117919922,2.051716704336351,-1.5978688794482612,-43.86156326720472,-10.238381,24.42553,10.238826,41.191998,-4.7408466,-15.000033,-19.795502,-28.648428,-8.271064,41.44135,-0.90345895,15.000033,-4.7119627,-2.6122053,26.331385,-73.66152,1.3633628,-16.716368,-19.17691,36.27014,-2.8719223,-6.211804,-62.11738,-52.527115,7.462533,-26.587833,-37.512672,-13.257393,-18.758091
302,-1.0398017168045044,1.330716848373413,77.40904998779297,1.9722618788912032,-1.7758782644228586,-44.80281176137594,-9.05963,25.129894,10.684498,40.556007,-4.522241,-15.000033,-20.272236,-27.582552,-7.0385237,43.007782,-0.9941775,15.000033,-4.6853037,-2.6289964,26.41795,-73.820526,1.7713331,-16.181911,-19.246113,36.160244,-2.8242862,-6.154525,-63.20473,-52.232334,8.041338,-26.233673,-37.197983,-13.225278,-18.79793
303,-0.8127614855766296,1.6549278497695923,77.12718963623047,2.012100913393864,-1.9311659427978507,-45.70207475322867,-7.789096,25.505875,11.041203,39.650238,-4.2812877,-15.000033,-20.732162,-26.772053,-5.968462,44.549244,-1.1951051,15.000033,-4.7158165,-2.7934556,26.429697,-73.96539,2.1602309,-15.633667,-19.292648,36.050144,-2.7855527,-6.0767226,-64.12961,-51.889095,8.541155,-25.946133,-36.901497,-13.198841,-18.77969
304,-0.570431649684906,1.9886672496795654,76.7978744506836,2.2327550937206713,-2.0202435424950704,-46.516958498370826,-6.506171,25.366037,11.215813,38.505413,-4.3465586,-15.000033,-21.205782,-26.500286,-5.361171,46.012043,-1.8108156,15.000033,-4.8206944,-3.1528628,26.34709,-74.14785,2.533359,-15.120595,-19.338093,35.94853,-2.741481,-6.001444,-64.90129,-51.53496,8.961337,-25.728357,-36.701008,-13.156413,-18.738943
305,-0.30792906880378723,2.322237968444824,76.42984008789062,2.726621603296002,-2.0145919954511498,-47.22093052158991,-5.119657,24.432127,11.016267,36.821297,-4.665131,-15.000033,-21.685995,-27.011688,-5.3557386,47.377697,-2.9794016,15.000033,-5.0215592,-3.784362,26.12376,-74.338425,2.8830903,-14.641073,-19.417023,35.833958,-2.6868873,-5.9196806,-65.48285,-51.19385,9.296419,-25.609423,-36.59673,-13.07304,-18.683773
306,-0.031891901046037674,2.6544864177703857,76.03163146972656,3.426246035017605,-1.9564554863553798,-47.854780841066166,-3.591501,22.886477,10.463448,34.637527,-5.093663,-15.000033,-22.156075,-28.108349,-5.734146,48.667828,-4.519434,15.000033,-5.283007,-4.6233354,25.797447,-74.53094,3.2019718,-14.174494,-19.508753,35.706932,-2.6295025,-5.8228264,-65.87848,-50.87369,9.545854,-25.585255,-36.54528,-12.962268,-18.59943
307,0.24630269408226013,2.975762367248535,75.55696868896484,4.15459501966732,-1.9001595982828963,-48.466217337420666,-2.0997353,21.229807,9.812262,32.50759,-5.8274093,-15.000033,-22.641314,-29.434416,-6.2794056,49.891106,-6.243346,15.000033,-5.547663,-5.5060916,25.46664,-74.80333,3.4972556,-13.742418,-19.567947,35.608627,-2.5741463,-5.7348614,-66.16003,-50.592564,9.716781,-25.621407,-36.55508,-12.859854,-18.488201
308,0.513477623462677,3.291102409362793,75.03862762451172,4.752918511534432,-1.8810877876095295,-49.08155047829637,-0.88485485,19.934668,9.396669,31.041245,-7.0661387,-15.000033,-23.191544,-30.657589,-6.78276,51.06891,-7.968609,15.000033,-5.782662,-6.288923,25.213533,-75.219345,3.7883058,-13.367801,-19.559591,35.57794,-2.5251272,-5.6795187,-66.39372,-50.37928,9.807511,-25.693415,-36.61635,-12.80101,-18.352205
309,0.7558726668357849,3.5899877548217773,74.47074890136719,5.209385233036674,-1.8859232112722204,-49.69519391433263,-0.062105946,19.050695,9.344983,30.456905,-9.045254,-15.000033,-23.811073,-31.836384,-7.380217,52.157185,-9.786293,15.000033,-5.996771,-6.963828,25.026976,-75.81075,4.0906396,-13.060934,-19.494072,35.642628,-2.4764776,-5.6771436,-66.60791,-50.260246,9.818311,-25.806402,-36.770977,-12.803558,-18.17146
310,0.9772759675979614,3.8741097450256348,73.8631362915039,5.59995214823446,-1.8993010221743625,-50.28613211631369,0.47160864,18.345144,9.5048275,30.468317,-11.620669,-15.000033,-24.466745,-33.11323,-8.139912,53.164642,-11.756759,15.000033,-6.2037454,-7.5927,24.880388,-76.528,4.401309,-12.813982,-19.404972,35.765945,-2.4259515,-5.707086,-66.75372,-50.237267,9.745519,-25.983522,-37.0045,-12.840777,-17.958092
311,1.1607064008712769,4.1424970626831055,73.24282836914062,5.923159384768943,-1.9406558340782916,-50.84962766835411,0.7743425,17.838179,9.858751,30.948883,-14.403494,-15.000033,-25.196169,-34.289658,-8.724591,54.196835,-13.643085,15.000033,-6.3897843,-8.166787,24.815733,-77.30764,4.713589,-12.6238785,-19.301216,35.894215,-2.3842945,-5.7332125,-66.77711,-50.30057,9.574454,-26.23622,-37.215473,-12.883553,-17.75938
312,1.300286889076233,4.407633304595947,72.61888122558594,6.185170469492972,-2.0250933361006123,-51.38309028736911,0.9137593,17.536528,10.363414,31.760357,-17.017792,-15.000033,-26.070604,-35.162598,-8.765594,55.36669,-15.199279,15.000033,-6.522545,-8.678649,24.880177,-78.098274,5.0111394,-12.491524,-19.189833,35.970287,-2.3610759,-5.7173524,-66.6389,-50.416595,9.313273,-26.554369,-37.347294,-12.900278,-17.625902
313,1.3950527906417847,4.677870750427246,71.99729919433594,6.407447605390922,-2.1820870041911435,-51.87302212645868,0.8987947,17.494854,11.17765,32.955223,-19.407927,-15.000033,-27.117928,-35.68639,-8.124669,56.70649,-16.414843,15.000033,-6.6070666,-9.174028,25.11032,-78.95716,5.2933226,-12.440087,-19.019632,35.983902,-2.36909,-5.63476,-66.33904,-50.584038,8.937484,-26.909838,-37.36499,-12.892204,-17.608831
314,1.4539653062820435,4.9342827796936035,71.39047241210938,6.588161884260146,-2.3929582530184894,-52.329582433582175,0.7214658,17.699907,12.279936,34.560196,-21.75734,-15.000033,-28.318624,-35.95156,-7.0036054,58.16985,-17.403818,15.000033,-6.645018,-9.651173,25.471327,-79.89267,5.5619497,-12.463009,-18.800877,35.967014,-2.4001234,-5.5107527,-65.88967,-50.807198,8.44708,-27.317917,-37.314064,-12.875388,-17.666443
315,1.4933017492294312,5.1840901374816895,70.81330108642578,6.697983460361692,-2.5983274954644715,-52.78506574107124,0.4417767,18.067352,13.383096,36.354115,-23.995974,-15.000033,-29.6696,-35.947086,-5.5535007,59.7378,-18.105066,15.000033,-6.621147,-10.033367,25.889164,-80.77496,5.804007,-12.501808,-18.61914,35.935017,-2.4352014,-5.3871846,-65.287445,-51.04647,7.891016,-27.80992,-37.242054,-12.842342,-17.705256
316,1.5231659412384033,5.418614387512207,70.26606750488281,6.706166159919115,-2.7371884537442495,-53.26705482329704,0.0984086,18.5009,14.198643,38.122814,-26.049797,-15.000033,-31.159267,-35.66699,-3.9354002,61.386696,-18.455587,15.000033,-6.5586076,-10.256441,26.26609,-81.465385,6.0129776,-12.488586,-18.5397,35.91567,-2.4587219,-5.311867,-64.55044,-51.25439,7.322501,-28.408392,-37.1604,-12.792863,-17.622328
317,1.5475996732711792,5.635931015014648,69.74932098388672,6.578949065547857,-2.766130143500644,-53.75022018864507,-0.41357952,18.994337,14.575432,39.88802,-27.912333,-15.000033,-32.86018,-35.06156,-2.1500065,63.235588,-18.27343,15.000033,-6.494213,-10.284683,26.571949,-81.94765,6.187075,-12.406364,-18.564856,35.92889,-2.4717557,-5.298094,-63.717197,-51.391552,6.774502,-29.093052,-37.062805,-12.703047,-17.36294
318,1.5640215873718262,5.833103179931641,69.26773834228516,6.330567001284235,-2.7280056468030147,-54.230828609547494,-1.0825973,19.602474,14.68078,41.735832,-29.617603,-15.000033,-34.702385,-34.12774,-0.2147146,65.26177,-17.660835,15.000033,-6.4302745,-10.159283,26.846575,-82.282005,6.335924,-12.282322,-18.652925,35.965046,-2.483337,-5.324734,-62.811153,-51.447517,6.248076,-29.825232,-36.95741,-12.586597,-16.98478
319,1.5681531429290771,5.994068145751953,68.81757354736328,6.006645684899766,-2.691989345712045,-54.76458013522816,-1.7025054,20.308046,14.713053,43.544353,-31.142546,-15.000033,-36.463417,-32.943764,1.7071384,67.214714,-16.972889,15.000033,-6.3208528,-9.919536,27.1153,-82.45243,6.4665766,-12.121416,-18.816095,35.994007,-2.4865184,-5.3831997,-61.838768,-51.40252,5.779043,-30.587345,-36.934166,-12.493867,-16.563473
320,1.5615665912628174,6.108610153198242,68.40321350097656,5.6594741046387265,-2.728851371594172,-55.403102587159566,-2.0634866,21.086378,14.872999,45.19667,-32.46748,-15.000033,-37.939816,-31.601112,3.5066497,68.843925,-16.561977,15.000033,-6.126909,-9.60958,27.400991,-82.43952,6.586468,-11.926584,-19.070526,35.987297,-2.4746997,-5.466269,-60.818127,-51.23065,5.4143,-31.34979,-37.08605,-12.476274,-16.173756
321,1.5490611791610718,6.167142868041992,68.02455139160156,5.260066508074515,-2.8677232175078333,-56.18977626357697,-2.1110895,21.999542,15.203383,46.72683,-33.569393,-15.000033,-39.06091,-29.896002,5.323485,70.12212,-16.54665,15.000033,-5.8156486,-9.203706,27.727947,-82.19452,6.703353,-11.672548,-19.459303,35.925343,-2.4366016,-5.6092,-59.74255,-50.895123,5.199954,-32.122456,-37.518265,-12.575017,-15.835801
322,1.537550687789917,6.17030143737793,67.69085693359375,4.7958258993175695,-3.0813514877321677,-57.07645145518727,-1.9420472,23.033619,15.59949,48.16849,-34.460335,-15.000033,-39.89488,-27.869373,7.1513906,71.17271,-16.758602,15.000033,-5.446698,-8.697885,28.076271,-81.72644,6.828622,-11.36584,-19.963665,35.828125,-2.3788378,-5.80542,-58.640553,-50.383118,5.13776,-32.89626,-38.171513,-12.76022,-15.506861
323,1.539638876914978,6.119461536407471,67.4124755859375,4.355488701581155,-3.345782472930704,-57.98186649736434,-1.572182,24.034222,16.057306,49.405388,-35.176407,-15.000033,-40.52388,-25.99443,8.76221,71.96442,-17.08537,15.000033,-5.104256,-8.177688,28.402534,-81.11206,6.972317,-11.060071,-20.506119,35.720566,-2.3209674,-5.982429,-57.585445,-49.716583,5.2103744,-33.608864,-38.895355,-12.974982,-15.168236
324,1.5509190559387207,6.027694225311279,67.18515014648438,4.032732668136573,-3.6220752009803725,-58.83743656525217,-1.0348809,24.846916,16.582716,50.334385,-35.754505,-15.000033,-41.09285,-24.739973,9.971706,72.456795,-17.378994,15.000033,-4.8560576,-7.731735,28.654968,-80.43328,7.142165,-10.806552,-21.006912,35.626736,-2.2828352,-6.067103,-56.621834,-48.945595,5.370995,-34.22237,-39.512917,-13.159831,-14.80013
325,1.5630189180374146,5.899605751037598,66.99205780029297,3.860486693189799,-3.914466309040083,-59.645521781864424,-0.29169658,25.422237,17.21108,50.90419,-36.195526,-15.000033,-41.686596,-24.287407,10.711034,72.67977,-17.609045,15.000033,-4.685497,-7.377683,28.834633,-79.67595,7.3154855,-10.606729,-21.4536,35.525,-2.2663784,-5.984419,-55.70701,-48.08875,5.588398,-34.751835,-40.036922,-13.311738,-14.344787
326,1.574843406677246,5.744386672973633,66.8265380859375,3.7958660542164107,-4.2278813836354745,-60.444889461317395,0.6504053,25.830463,17.941883,51.18646,-36.48581,-15.000033,-42.278027,-24.371292,11.15519,72.631454,-17.817572,15.000033,-4.5459976,-7.0726285,28.961096,-78.8202,7.480636,-10.439414,-21.880701,35.41282,-2.2628953,-5.7910624,-54.790695,-47.152405,5.862528,-35.240395,-40.52398,-13.457389,-13.8329315
327,1.5900321006774902,5.572090148925781,66.69003295898438,3.8129559927499583,-4.516416402585299,-61.22698463789336,1.6821555,26.098797,18.721111,51.260544,-36.652782,-15.000033,-42.863842,-24.785528,11.482167,72.21843,-17.936094,15.000033,-4.4435887,-6.80249,29.019745,-77.94327,7.667324,-10.320518,-22.292593,35.33272,-2.2731693,-5.60735,-53.953777,-46.175213,6.221957,-35.65571,-40.879513,-13.567882,-13.378975
328,1.608132004737854,5.3796844482421875,66.574951171875,3.8830806915931464,-4.738693115954355,-61.98035683757131,2.6951869,26.262888,19.48963,51.20466,-36.725803,-15.000033,-43.42665,-25.320976,11.85552,71.34906,-17.908257,15.000033,-4.396506,-6.5463877,28.999895,-77.102516,7.9306884,-10.257688,-22.71874,35.31396,-2.2945032,-5.550786,-53.288525,-45.212894,6.6950574,-35.960407,-40.991386,-13.606209,-13.103267
329,1.6259565353393555,5.148209571838379,66.48970031738281,4.043200909633999,-4.874054505707153,-62.68841840280806,3.6600258,26.266787,20.240894,51.003517,-36.71241,-15.000033,-44.059414,-26.149008,12.217819,70.022194,-17.72234,15.000033,-4.4270835,-6.3184586,28.874825,-76.30235,8.313827,-10.2558155,-23.205606,35.404095,-2.3375022,-5.6784368,-52.82229,-44.308075,7.2931724,-36.15787,-40.70856,-13.524822,-13.060844
330,1.6396006345748901,4.886857986450195,66.42586517333984,4.280836619813728,-4.950219501448756,-63.3597013807735,4.628996,26.121344,20.988771,50.62653,-36.594326,-15.000033,-44.736073,-27.2969,12.482501,68.27119,-17.415794,15.000033,-4.5328417,-6.1060243,28.669691,-75.48702,8.818991,-10.294764,-23.77192,35.54786,-2.3935227,-5.911527,-52.50668,-43.4624,8.003664,-36.272747,-40.110638,-13.341059,-13.19619
331,1.6343871355056763,4.597038745880127,66.39286804199219,4.5054976222601475,-4.995431186213583,-64.02454609843632,5.614535,25.964684,21.712461,50.1355,-36.369812,-15.000033,-45.252533,-28.352777,12.76935,66.050476,-16.994026,15.000033,-4.693197,-5.8511405,28.44242,-74.62538,9.437261,-10.343647,-24.40041,35.623917,-2.431942,-6.1657166,-52.2991,-42.66052,8.8073015,-36.32722,-39.435287,-13.114382,-13.45845
332,1.6075879335403442,4.271215915679932,66.39189147949219,4.628834993210912,-5.031317995842456,-64.71737142082968,6.629922,25.927599,22.408455,49.593426,-36.03401,-15.000033,-45.40574,-28.911428,13.228978,63.312115,-16.4502,15.000033,-4.882696,-5.5072756,28.244877,-73.69315,10.154485,-10.375731,-25.067192,35.51782,-2.421469,-6.358015,-52.22202,-41.882797,9.700258,-36.27716,-38.905266,-12.911768,-13.790918
333,1.5544300079345703,3.918718099594116,66.42053985595703,4.625062935355729,-5.059558006369187,-65.49036862360825,7.7350554,26.027592,23.126322,48.944065,-35.57467,-15.000033,-45.090683,-28.811926,13.931518,59.83103,-15.691756,15.000033,-5.0524535,-5.0351143,28.091887,-72.68213,10.974493,-10.401683,-25.773972,35.15221,-2.3494973,-6.4801908,-52.24165,-41.120815,10.742303,-36.15372,-38.501507,-12.71863,-14.29728
334,1.475159764289856,3.5252299308776855,66.46815490722656,4.544547221142046,-5.072290917225572,-66.30868240262907,8.907956,26.190556,23.861364,48.176704,-34.98922,-15.000033,-44.40369,-28.325258,14.820017,55.676533,-14.745042,15.000033,-5.2376175,-4.478529,27.951971,-71.60734,11.903925,-10.422071,-26.527527,34.608826,-2.2342455,-6.572691,-52.406517,-40.374077,11.930235,-35.915886,-38.12199,-12.51687,-14.9641
335,1.373053789138794,3.0977671146392822,66.52949523925781,4.431727974266563,-5.075945254448533,-67.07912035340465,10.04226,26.399809,24.525549,47.422466,-34.318306,-15.000033,-43.456833,-27.701197,15.874458,51.24217,-13.761632,15.000033,-5.5270076,-3.9171705,27.805508,-70.481636,12.925401,-10.396635,-27.309155,34.009727,-2.0929997,-6.626642,-52.65918,-39.623386,13.121038,-35.597248,-37.93521,-12.351331,-15.559503
336,1.2487750053405762,2.6308300495147705,66.58750915527344,4.319837061395458,-5.069376161889715,-67.71288260557921,11.025882,26.657576,25.04096,46.81297,-33.58471,-15.000033,-42.379955,-27.159164,17.04148,46.93034,-12.900765,15.000033,-5.995895,-3.433688,27.627256,-69.33416,14.008094,-10.296362,-28.071976,33.485035,-1.9452335,-6.635546,-52.984955,-38.852367,14.150204,-35.190918,-38.075546,-12.2726555,-15.841626
337,1.0975350141525269,2.1250791549682617,66.6388168334961,4.204641734864187,-5.067482995119196,-68.19478602768316,11.859092,26.988323,25.383503,46.38313,-32.77855,-15.000033,-41.042816,-26.640276,18.514143,42.513763,-12.199138,15.000033,-6.653862,-3.0260441,27.427729,-68.15556,15.121048,-10.102404,-28.796844,33.07654,-1.787686,-6.6206956,-53.271862,-38.033886,14.937573,-34.762516,-38.905285,-12.331749,-15.647263
338,0.9226020574569702,1.5873603820800781,66.67132568359375,4.079312504652036,-5.067359386583107,-68.56742919202662,12.590684,27.382719,25.597517,46.063732,-31.892286,-15.000033,-39.428173,-26.116869,20.258997,37.855377,-11.558724,15.000033,-7.4534163,-2.6733086,27.20495,-66.96867,16.262524,-9.846591,-29.46497,32.731266,-1.6174227,-6.583053,-53.620754,-37.179424,15.55681,-34.23129,-40.201786,-12.511738,-15.12503
339,0.7277054786682129,1.0206745862960815,66.67963409423828,3.968025940023569,-5.034309604151166,-68.83709734310236,13.172317,27.802843,25.695435,45.845657,-30.981085,-15.000033,-37.865593,-25.759256,21.824818,33.54107,-10.937361,15.000033,-8.349315,-2.3904433,26.93488,-65.84717,17.433313,-9.583961,-30.063295,32.42644,-1.4514092,-6.4791684,-54.02675,-36.308487,16.074547,-33.64346,-41.415382,-12.722892,-14.527677
340,0.4994637370109558,0.4412037432193756,66.66431427001953,3.8882196558150763,-4.929843052020861,-69.01453110287068,13.5521755,28.226997,25.69426,45.723583,-30.100912,-15.000033,-36.70012,-25.648968,22.74371,30.212425,-10.32218,15.000033,-9.279906,-2.173414,26.600023,-64.86798,18.629936,-9.37534,-30.585903,32.128834,-1.3058132,-6.262935,-54.416435,-35.434475,16.555573,-33.101738,-42.04602,-12.849932,-14.106782
341,0.2598487138748169,-0.1379634141921997,66.6269760131836,3.836666182520571,-4.698342789497966,-69.07012078359124,13.647356,28.670975,25.603182,45.708824,-29.2711,-15.000033,-36.064632,-25.831459,22.734854,28.133371,-9.801318,15.000033,-10.271898,-2.0181608,26.143496,-64.0949,19.86323,-9.260828,-30.968185,31.807217,-1.1960384,-5.894375,-54.74265,-34.570255,16.983847,-32.61983,-41.771637,-12.818187,-13.945271
342,0.002464073244482279,-0.718580424785614,66.56468963623047,3.7979286880551886,-4.365390019907701,-69.01483434950588,13.498655,29.151335,25.41533,45.801933,-28.458906,-15.000033,-35.787506,-26.17274,22.091618,27.002941,-9.395606,15.000033,-11.334105,-1.9035096,25.591434,-63.46881,21.129343,-9.214151,-31.24325,31.490196,-1.1103036,-5.4024158,-55.02583,-33.71962,17.331812,-32.182796,-40.93058,-12.692792,-13.9094925
343,-0.2713850736618042,-1.266442060470581,66.49394989013672,3.7681048390080396,-4.01345514230625,-68.92105305256685,13.2400255,29.647274,25.12356,45.982677,-27.642523,-15.000033,-35.77553,-26.470272,21.23465,26.645496,-8.991861,15.000033,-12.378887,-1.8033645,25.045555,-62.880905,22.396526,-9.177012,-31.542467,31.220581,-1.0232598,-4.8541613,-55.355152,-32.883034,17.648073,-31.790722,-39.98312,-12.564687,-13.913755
344,-0.5695456862449646,-1.7982943058013916,66.40367126464844,3.7423429507218904,-3.725825222643181,-68.86060520320075,13.010948,30.136583,24.727024,46.22627,-26.79572,-15.000033,-35.943775,-26.535376,20.587904,26.86483,-8.449435,15.000033,-13.350766,-1.7109402,24.591877,-62.19198,23.629463,-9.061146,-31.986101,31.054161,-0.9140228,-4.3259673,-55.95318,-32.094406,17.961212,-31.336376,-39.26066,-12.536895,-13.854193
345,-0.8976532816886902,-2.34417462348938,66.28097534179688,3.7066811903077874,-3.4743325524764876,-68.85760619976732,12.809075,30.618042,24.205101,46.49377,-25.94056,-15.000033,-36.393826,-26.289082,20.163877,27.78812,-7.6436925,15.000033,-14.203013,-1.5948601,24.234444,-61.509216,24.80482,-8.914066,-32.565727,31.108463,-0.7799501,-3.8228366,-56.71045,-31.342121,18.24763,-30.941336,-38.928513,-12.633255,-13.722739
346,-1.2492012977600098,-2.892075300216675,66.14523315429688,3.666950056087449,-3.2274049712980344,-68.8766108899126,12.579153,31.101093,23.57997,46.800594,-25.072664,-15.000033,-37.152122,-25.864347,19.739683,29.459301,-6.6741624,15.000033,-15.004286,-1.4800662,23.927393,-60.769318,25.893408,-8.774971,-33.274445,31.419159,-0.6262177,-3.3096523,-57.634712,-30.631542,18.487686,-30.566843,-38.70569,-12.807333,-13.560425
347,-1.6061819791793823,-3.429257392883301,65.98838806152344,3.649497092758063,-3.0680097662037804,-68.89832096807001,12.373345,31.58878,22.90005,47.223324,-24.146173,-15.000033,-38.006287,-25.363504,19.381329,31.543783,-5.728757,15.000033,-15.637,-1.3561175,23.709665,-60.08459,26.944378,-8.432988,-33.88798,31.445274,-0.47806114,-2.8410115,-58.673878,-30.008957,18.700161,-30.132986,-38.64248,-13.013111,-13.3620825
348,-1.9641836881637573,-3.9439427852630615,65.81396484375,3.6792052268153976,-3.0865569116295455,-68.897023670215,12.249256,32.08562,22.209827,47.827602,-23.104256,-15.000033,-38.718098,-24.880024,19.204212,33.694565,-4.985175,15.000033,-16.254385,-1.327405,23.702387,-58.754642,27.78851,-7.9157295,-34.902077,31.414524,-0.28293929,-2.3610687,-59.94448,-29.469625,19.008217,-29.621122,-38.656788,-13.187159,-13.16641
349,-2.319019079208374,-4.447478771209717,65.62653350830078,3.7642505819461536,-3.358186531582335,-68.89142592614836,12.26727,32.5875,21.480812,48.688953,-21.932194,-15.000033,-39.211872,-24.345732,19.344765,35.917915,-4.386866,15.000033,-16.764154,-1.396326,23.964098,-56.94351,28.340631,-7.1231256,-36.150337,31.066051,-0.0664367,-1.8599436,-61.49096,-29.035086,19.399996,-28.993483,-38.843037,-13.340632,-12.943494
350,-2.683093547821045,-4.941476345062256,65.43989562988281,3.882736804923696,-3.825922276197293,-68.88449317404898,12.388914,33.12153,20.706842,49.74464,-20.63924,-15.000033,-39.569706,-23.70741,19.683704,38.32808,-3.8689764,15.000033,-17.131763,-1.5225581,24.441349,-54.840504,28.565851,-6.161952,-37.543858,30.543734,0.1575323,-1.3543575,-63.24238,-28.71833,19.823896,-28.30411,-39.189583,-13.492232,-12.699803
351,-3.0551412105560303,-5.458341121673584,65.25440979003906,4.016967385085247,-4.38125564937261,-68.82136814008167,12.504695,33.714058,19.927315,50.87939,-19.264824,-15.000033,-39.805096,-23.095398,20.020555,40.763657,-3.5855596,15.000033,-17.380838,-1.6544218,24.997559,-52.48874,28.4648,-5.18307,-39.045097,30.080248,0.37892333,-0.9393341,-65.0817,-28.548195,20.24788,-27.5289,-39.509956,-13.614887,-12.476594
352,-3.4380362033843994,-6.00865364074707,65.07833862304688,4.159208169452034,-4.9110805204815104,-68.64542838210562,12.500667,34.369892,19.179647,51.971027,-17.830692,-15.000033,-39.96109,-22.662558,20.186726,43.088047,-3.6982856,15.000033,-17.539333,-1.7397091,25.49894,-49.907272,28.06007,-4.3332944,-40.653038,29.899422,0.59415776,-0.7086311,-66.87102,-28.553621,20.660416,-26.665848,-39.64959,-13.673429,-12.317992
353,-3.8320562839508057,-6.562911033630371,64.92460632324219,4.3025639289934725,-5.456705947926439,-68.28718108651739,12.302544,35.120182,18.338747,53.09045,-16.290197,-15.000033,-40.021618,-22.502733,20.142078,45.40155,-4.3943257,15.000033,-17.649431,-1.8314302,25.982435,-46.985928,27.317583,-3.6459224,-42.44922,30.074114,0.82492477,-0.674884,-68.62253,-28.75978,21.042446,-25.705622,-39.50847,-13.640837,-12.271506
354,-4.230561256408691,-7.121924877166748,64.78343963623047,4.4571678140694555,-6.053573044543451,-67.79086264923706,11.97308,35.921486,17.404621,54.261475,-14.645545,-15.000033,-39.98159,-22.533577,20.010561,47.74134,-5.5389204,15.000033,-17.659208,-1.9316233,26.495821,-43.784977,26.211912,-3.1323407,-44.41998,30.492702,1.0644059,-0.7913955,-70.36229,-29.182808,21.408855,-24.69423,-39.199787,-13.535955,-12.305563
355,-4.615097522735596,-7.697902679443359,64.6671142578125,4.641925757522703,-6.577648007145432,-67.2741294015361,11.608443,36.651875,16.589834,55.293705,-13.020947,-15.000033,-39.924633,-22.666693,19.880472,49.89403,-6.812815,15.000033,-17.516315,-1.916278,26.918938,-40.4913,24.82221,-2.8574262,-46.481873,31.11194,1.2683436,-1.0628619,-72.053986,-29.842262,21.819887,-23.663803,-38.81795,-13.394437,-12.342482
356,-4.969189167022705,-8.254301071166992,64.59795379638672,4.877696203742447,-6.905900237007454,-66.85978181945912,11.314026,37.219303,16.128742,56.00918,-11.54249,-15.000033,-39.93941,-22.796242,19.833012,51.658882,-7.9031057,15.000033,-17.166546,-1.6553003,27.136385,-37.37433,23.320642,-2.7901313,-48.466293,31.754921,1.391103,-1.4919939,-73.6247,-30.74324,22.348438,-22.673637,-38.490135,-13.246956,-12.309371
357,-5.284196853637695,-8.800016403198242,64.5738296508789,5.235576028976958,-6.976831723388613,-66.53123478379078,11.056269,37.540943,16.059399,56.366707,-10.234949,-15.000033,-40.11722,-22.971943,19.941969,53.053722,-8.828666,15.000033,-16.628368,-1.2365658,27.059874,-34.197697,21.778387,-2.953496,-50.546272,32.516033,1.4630693,-2.0848608,-75.0816,-31.877865,23.037352,-21.726885,-38.25764,-13.064766,-12.153382
358,-5.535574436187744,-9.332559585571289,64.60836029052734,5.685389484489157,-6.868451561858826,-66.24232529602439,10.819404,37.686653,16.284279,56.47486,-9.057238,-15.000033,-40.400517,-23.220854,20.156445,54.18351,-9.730009,15.000033,-15.941527,-0.7091018,26.761063,-31.017082,20.221588,-3.3011065,-52.656704,33.309643,1.4936104,-2.8227096,-76.46065,-33.234737,23.863062,-20.803795,-38.040127,-12.840812,-11.929893
359,-5.720144271850586,-9.835357666015625,64.70932006835938,6.098529864914092,-6.665847404634679,-66.07165717651242,10.745499,37.80024,16.847881,56.377773,-8.036948,-15.000033,-40.648907,-23.391783,20.365185,54.969303,-10.478772,15.000033,-15.141021,0.01585882,26.409592,-28.1961,18.698273,-3.9478836,-54.583614,34.129192,1.4786223,-3.5937345,-77.66223,-34.74689,24.739285,-20.053366,-37.810844,-12.637936,-11.735324
360,-5.840414047241211,-10.284460067749023,64.88272094726562,6.341909426538111,-6.450558251270854,-66.09917711388387,10.96984,38.03069,17.790205,56.12024,-7.197956,-15.000033,-40.716286,-23.337008,20.45256,55.32524,-10.942988,15.000033,-14.239397,1.068675,26.152159,-26.187532,17.36116,-4.7177367,-55.977776,34.67173,1.3936071,-4.329964,-78.61061,-36.337715,25.598637,-19.555677,-37.556465,-12.526132,-11.655122
361,-5.908989906311035,-10.670001983642578,65.13255310058594,6.372742546110043,-6.230299274218728,-66.41512933309157,11.665559,38.53685,19.452961,55.676018,-6.4715247,-15.000033,-40.564194,-22.960903,20.403103,55.18217,-11.077573,15.000033,-13.244531,2.452342,26.066858,-24.637733,16.261415,-5.663576,-57.100418,35.01787,1.247663,-4.949225,-79.47649,-37.972916,26.46845,-19.30085,-37.245377,-12.55401,-11.737584
362,-5.945511341094971,-10.997395515441895,65.44060516357422,6.26871010205982,-5.9694005058769335,-66.95822448283266,12.771001,39.164555,21.765903,55.044342,-5.89525,-15.000033,-40.270313,-22.362963,20.286766,54.597454,-10.953825,15.000033,-12.144663,4.084931,26.032099,-23.470402,15.438742,-6.656807,-57.96888,35.117508,1.0627229,-5.5115147,-80.134575,-39.62818,27.34249,-19.299795,-36.987278,-12.681434,-11.918898
363,-5.958039283752441,-11.276322364807129,65.80194854736328,6.081052686923385,-5.679036171565896,-67.57648083885873,14.00511,39.611248,24.102654,54.297657,-5.622473,-15.000033,-39.86963,-21.696886,20.113083,53.671967,-10.610935,15.000033,-11.071941,5.8177886,25.978205,-23.067999,14.969496,-7.634037,-58.345406,35.09489,0.930243,-6.0447254,-80.34638,-41.216408,28.00325,-19.566048,-36.753914,-12.858584,-12.113991
364,-5.965638160705566,-11.511429786682129,66.21070861816406,5.855919508036806,-5.365549044780981,-68.11263648795776,15.003798,39.636578,25.777283,53.50385,-5.7645946,-15.000033,-39.395607,-21.10897,19.877705,52.509075,-10.093592,15.000033,-10.188497,7.4918327,25.85005,-23.818039,14.963147,-8.46465,-57.998684,35.009556,0.9459741,-6.564753,-79.96124,-42.633194,28.224058,-20.036797,-36.46192,-13.043366,-12.231747
365,-5.982532024383545,-11.70839786529541,66.65647888183594,5.540321922586189,-5.078249647410123,-68.51194813321099,15.634396,39.302895,26.462294,52.652626,-6.4048257,-15.000033,-38.732372,-20.587893,19.467607,51.079865,-9.44529,15.000033,-9.56413,9.073369,25.703245,-25.886747,15.491102,-9.229392,-57.01855,34.886925,1.1638222,-7.074932,-78.70107,-43.75392,27.774216,-20.819841,-36.176357,-13.24718,-12.231512
366,-6.002536773681641,-11.855207443237305,67.13768005371094,5.119103827494105,-4.794615012060382,-68.86079860145627,16.040712,38.80163,26.565035,51.750717,-7.4131813,-15.000033,-37.89458,-20.040735,18.896187,49.334938,-8.633514,15.000033,-9.154849,10.584578,25.569803,-29.03373,16.55303,-9.993631,-55.56615,34.658653,1.5602083,-7.500942,-76.808914,-44.535686,26.767458,-21.814777,-35.90031,-13.499197,-12.157871
367,-6.009855270385742,-11.954001426696777,67.65544128417969,4.700352963932067,-4.411163611533606,-69.21290166617013,16.249208,38.094753,26.45518,50.858257,-8.567471,-15.000033,-37.108917,-19.496025,18.342402,47.36344,-7.5983605,15.000033,-8.876729,11.9592495,25.37452,-33.084023,18.108974,-10.762105,-53.50122,34.3088,2.1091855,-7.7331805,-74.522545,-44.97841,25.40218,-22.913015,-35.705273,-13.765523,-12.062906
368,-6.000366687774658,-12.020118713378906,68.21149444580078,4.39988510295361,-3.827072640087409,-69.62262036930174,16.2911,37.068836,26.463514,49.988308,-9.678917,-15.000033,-36.608997,-19.009726,17.993544,45.25834,-6.2674947,15.000033,-8.639188,13.139993,25.038387,-37.85172,20.121124,-11.50229,-50.672054,33.80338,2.7662778,-7.685872,-72.12506,-45.124615,23.917416,-23.988363,-35.632046,-14.013279,-11.994946
369,-5.9582061767578125,-12.041570663452148,68.79646301269531,4.3046853843166515,-2.9585244995792754,-70.05380034079604,16.021141,35.397697,26.407463,49.028847,-10.780102,-15.000033,-36.48445,-18.730366,17.929043,42.939713,-4.5742216,15.000033,-8.430783,14.092414,24.456701,-43.43968,22.583282,-12.137901,-47.204582,33.060204,3.5879664,-7.2766414,-69.48378,-44.978806,22.30277,-25.112062,-35.72544,-14.219151,-11.970925
370,-5.884803771972656,-12.028824806213379,69.38813018798828,4.3165801652573395,-1.8807454616570076,-70.49563979941566,15.464041,33.251984,26.155224,47.96701,-11.954604,-15.000033,-36.58575,-18.576035,18.01131,40.386986,-2.5695815,15.000033,-8.297918,14.843699,23.743158,-49.961445,25.480875,-12.921287,-43.188995,32.104065,4.5527864,-6.5368867,-66.60434,-44.50389,20.517073,-26.342634,-35.92391,-14.394048,-11.9791565
371,-5.789454460144043,-11.970617294311523,69.96678924560547,4.293833499418702,-0.7304840613510405,-71.03710136891482,14.907198,31.180325,26.10345,46.93412,-13.098342,-15.000033,-36.802444,-18.308477,18.142712,37.788815,-0.35864848,15.000033,-8.266542,15.418036,23.149551,-57.178402,28.731424,-14.32453,-38.451195,31.139626,5.5006237,-5.5658655,-63.804108,-43.68917,18.729391,-27.653801,-36.19583,-14.55477,-12.022685
372,-5.676288604736328,-11.86955451965332,70.51322937011719,4.111628096980193,0.35791102676267544,-71.76624515053527,14.6346445,29.682043,26.660112,46.078518,-14.089449,-15.000033,-37.04284,-17.728827,18.260954,35.33569,1.9627179,15.000033,-8.370886,15.853459,22.909899,-64.98018,32.20196,-16.77503,-32.697674,30.30311,6.271785,-4.4990087,-61.53979,-42.56042,17.17198,-28.872992,-36.466118,-14.723708,-12.097854
373,-5.5538763999938965,-11.746116638183594,71.02239990234375,3.761649264140825,1.415629033867813,-72.76299012673286,14.774151,28.80694,28.207645,45.42707,-14.889075,-15.000033,-37.359425,-16.81485,18.426489,32.844967,4.6594467,15.000033,-8.575507,16.218254,23.026014,-73.636024,35.79882,-20.284382,-26.025599,29.904024,6.9789577,-3.4013648,-59.880157,-41.150314,15.919384,-29.94319,-36.74436,-14.916663,-12.190178
374,-5.426980972290039,-11.616838455200195,71.4820785522461,3.308338387379764,2.4838911995822768,-73.95773355808592,15.185994,28.230824,30.439587,44.882893,-15.56133,-15.000033,-37.796673,-15.744506,18.69328,30.276978,7.6983,15.000033,-9.001534,16.494158,23.440908,-83.15524,39.4064,-24.84555,-18.706354,29.738525,7.6485925,-2.2084758,-58.733837,-39.457916,15.000148,-30.926788,-37.03371,-15.115976,-12.30673
375,-5.312920570373535,-11.492891311645508,71.88809967041016,2.75231621633045,3.4467257635719997,-75.2142935275898,15.758992,27.884617,32.75004,44.43755,-16.13814,-15.000033,-38.231922,-14.611987,18.979628,28.001026,10.554236,15.000033,-9.83111,16.703125,24.214783,-92.784935,42.827625,-30.553259,-10.866709,29.141195,7.928766,-0.95682865,-58.25838,-37.482315,14.610897,-31.716194,-37.363594,-15.300583,-12.4537115
376,-5.23505973815918,-11.39743709564209,72.2223129272461,2.1010626230976626,4.198020456231296,-76.39952337237395,16.36283,27.73758,34.53941,44.092255,-16.653818,-15.000033,-38.553844,-13.4322605,19.188438,26.44721,12.665879,15.000033,-11.1678705,16.92385,25.339817,-101.593445,45.845356,-37.217857,-2.527719,27.66132,7.415115,0.25252318,-58.562695,-35.252426,14.903668,-32.141468,-37.775944,-15.459492,-12.620532
377,-5.195446968078613,-11.304696083068848,72.49576568603516,1.2477290979057243,4.680301489162627,-77.53518083663167,17.050453,28.00394,35.750156,43.95469,-17.17281,-15.000033,-38.640938,-11.983285,19.295591,25.595476,13.906766,15.000033,-12.925551,17.290323,26.878775,-109.81064,48.379536,-44.943832,7.278471,25.245886,5.6150904,1.5288332,-59.633537,-32.842354,15.773685,-32.11786,-38.301144,-15.56071,-12.820676
378,-5.189874172210693,-11.204936027526855,72.71466827392578,0.2365157278601899,4.961124798871001,-78.66966164294062,17.87552,28.632534,36.690372,43.996082,-17.672743,-15.000033,-38.608543,-10.293957,19.348475,25.31787,14.536291,15.000033,-14.917139,17.813047,28.687315,-117.6467,50.407692,-53.422447,18.119617,22.395117,2.8770344,2.6768694,-61.233913,-30.313234,17.008633,-31.654308,-38.92707,-15.632391,-13.034651
379,-5.210928440093994,-11.119380950927734,72.862548828125,-0.6668811426207455,5.3073700446585965,-79.72064777165824,18.452711,29.20771,37.278465,44.075397,-18.06517,-15.000033,-38.891586,-8.734832,19.357975,25.886896,14.6143465,15.000033,-16.807526,18.424711,29.793802,-123.80855,51.880627,-61.689266,28.248167,19.492733,0.103186846,3.2970314,-62.715805,-27.692308,18.481232,-30.622639,-39.618565,-15.762336,-13.251518
380,-5.247952938079834,-11.036731719970703,72.93110656738281,-1.2349384932405816,5.844031487393177,-80.62642120029614,18.578135,29.336836,37.44071,44.017418,-18.239841,-15.000033,-39.749523,-7.6485195,19.307537,27.586742,14.181882,15.000033,-18.34557,19.012451,29.793802,-127.73264,52.76734,-69.037346,36.68382,16.8304,-1.8393049,3.0570054,-63.70644,-25.009468,20.026041,-29.08695,-40.371452,-16.015028,-13.425058
381,-5.289685249328613,-10.95555591583252,72.9305648803711,-1.474982440129135,6.324504818772379,-81.34978779681317,18.499239,28.988626,37.049202,43.7745,-18.185223,-15.000033,-41.14288,-7.088041,19.072111,31.162056,13.092917,15.000033,-19.803776,19.37682,29.793802,-130.67615,53.196983,-77.34551,44.97031,14.085105,-2.689373,1.2680233,-64.654434,-22.35618,21.559893,-27.460957,-41.125763,-16.363073,-13.560361
382,-5.329425811767578,-10.895127296447754,72.86672973632812,-1.4555880859811132,6.700951194066477,-81.894315418074,18.30642,28.325108,36.140995,43.416824,-17.941057,-15.000033,-42.81705,-7.0066843,18.779768,36.1144,11.40686,15.000033,-21.190819,19.462732,29.793802,-133.33017,53.199543,-86.98178,53.843468,11.147994,-2.7687023,-1.5177433,-65.46224,-19.742476,22.976862,-25.84062,-41.869675,-16.769388,-13.683986
383,-5.3529253005981445,-10.88754940032959,72.72589111328125,-1.2272811169376148,6.914657268859788,-82.30002466461933,18.223288,27.394835,35.002968,42.812122,-17.428127,-15.000033,-44.196186,-7.346554,18.644464,40.99784,9.34411,15.000033,-22.4434,19.14703,29.793802,-135.68985,52.824314,-95.522,61.67347,8.320731,-2.4057143,-4.044965,-66.058365,-17.161531,24.121311,-24.355713,-42.622765,-17.198225,-13.696364
384,-5.378231048583984,-10.949115753173828,72.54133605957031,-0.8902849073222334,6.965711326542052,-82.65649019071108,18.421345,26.299557,33.960926,41.847973,-16.577625,-15.000033,-44.84079,-7.8876796,18.720554,44.530704,7.102477,15.000033,-23.46935,18.44312,29.793802,-136.99174,52.278675,-99.9683,66.52569,5.9601464,-2.1424127,-5.264804,-66.45752,-14.659018,24.932198,-23.112467,-43.401512,-17.600864,-13.504026
385,-5.40140438079834,-11.080323219299316,72.32496643066406,-0.4607921639897162,6.880478711383901,-83.00157465863175,19.018007,24.983994,33.20863,40.213707,-15.206906,-15.000033,-44.550613,-8.560105,18.992434,46.372444,4.553811,15.000033,-24.217916,17.376635,29.793802,-136.6076,51.845264,-98.28486,67.37879,3.7839587,-2.350218,-4.673602,-66.572426,-12.30069,25.487326,-22.258003,-44.26821,-17.961184,-13.009523
386,-5.4274001121521,-11.259368896484375,72.08625793457031,0.08446749245792633,6.678634939264002,-83.30690464625819,19.904251,23.449493,32.543556,38.036144,-13.427443,-15.000033,-43.639317,-9.409995,19.358961,47.257374,1.6491808,15.000033,-24.72281,16.124937,29.793802,-134.99117,51.62865,-92.15583,65.38323,1.8171849,-2.7850366,-2.9243212,-66.514984,-10.199337,25.960972,-21.673368,-45.185375,-18.286934,-12.2960825
387,-5.460406303405762,-11.462747573852539,71.81867980957031,0.702974009839089,6.379228565104174,-83.57880004310604,20.868843,21.885578,31.721655,35.888313,-11.617766,-15.000033,-42.508926,-10.342848,19.677996,47.616295,-1.3096397,15.000033,-24.995583,14.855316,29.793802,-132.94057,51.588673,-84.35424,61.75339,0.8171627,-3.0573173,-0.78927785,-66.5289,-8.472164,26.357267,-21.18879,-45.99783,-18.56376,-11.540368
388,-5.511432647705078,-11.682353973388672,71.52301788330078,1.3656942725952215,6.008324919034897,-83.81770134716223,21.672564,20.47035,30.524975,34.395508,-10.152781,-15.000033,-41.574535,-11.278782,19.831598,47.880596,-4.0194993,15.000033,-25.048372,13.643242,29.793802,-130.67415,51.692303,-77.5451,57.632122,1.4959098,-2.7341294,0.8854837,-66.81733,-7.2100573,26.611557,-20.713228,-46.54177,-18.773989,-10.917896
389,-5.587514400482178,-11.893594741821289,71.20951080322266,2.2646066670098466,5.779583856065047,-84.02915051023969,22.054686,19.002468,28.930988,33.708168,-9.106259,-15.000033,-41.207275,-12.372675,19.843279,47.96408,-6.4924035,15.000033,-24.725283,12.43315,28.934841,-126.93411,51.879353,-71.80555,52.371426,4.915249,-1.4089674,2.0067565,-66.94584,-6.4367895,26.742598,-20.186481,-46.71718,-18.967302,-10.483088
390,-5.698432922363281,-12.066845893859863,70.8756103515625,3.333863656924859,5.530930563163134,-84.21095013314874,22.305716,17.469374,27.086676,33.513706,-8.303626,-15.000033,-41.017895,-13.604302,19.735802,47.725727,-8.872122,15.000033,-24.151617,11.1410055,27.774342,-122.04707,52.076904,-65.84152,45.50927,10.351861,0.706098,2.8179352,-67.06093,-6.1277723,26.787497,-19.77462,-46.628613,-19.121899,-10.124335
391,-5.8301591873168945,-12.192928314208984,70.51535034179688,4.336514801760157,5.186260827645902,-84.33527702310934,22.392435,16.156773,25.000967,33.90819,-7.7563925,-15.000033,-40.850136,-14.747947,19.578684,47.513702,-10.992458,15.000033,-23.47626,9.914852,26.755398,-116.50043,52.26237,-59.580166,38.09415,15.803199,3.0259168,3.1611066,-67.21806,-6.226856,26.715544,-19.536028,-46.358753,-19.166946,-9.885291
392,-5.960959434509277,-12.244437217712402,70.16494750976562,5.05326747115154,4.726291646671626,-84.37386418980866,22.207306,15.3208,22.675102,34.987408,-7.4613624,-15.000033,-40.607067,-15.568879,19.473509,47.664944,-12.684598,15.000033,-22.827993,8.907862,26.13138,-110.676025,52.410305,-52.99138,31.229645,19.285217,4.8925996,3.1325464,-67.408226,-6.6117244,26.48606,-19.466675,-45.995613,-19.048147,-9.818904
393,-6.082946300506592,-12.233241081237793,69.85882568359375,5.3416578394264365,4.126142755607032,-84.36498136569216,21.658213,15.100197,19.938694,37.005955,-7.6154222,-15.000033,-40.32369,-15.82502,19.515732,48.401344,-13.821306,15.000033,-22.239803,8.206642,26.053652,-104.395805,52.48663,-45.893116,25.055504,19.760742,6.068585,2.839863,-67.86914,-7.1863737,26.06384,-19.398792,-45.60319,-18.687275,-10.012719
394,-6.198631763458252,-12.190913200378418,69.61366271972656,5.350434686359924,3.4064410470842343,-84.3019353225862,20.829885,15.230616,16.849522,39.75921,-8.095851,-15.000033,-40.0253,-15.696691,19.64387,49.490158,-14.5273285,15.000033,-21.714245,7.7467017,26.346176,-97.22073,52.42116,-38.19642,18.858559,18.453049,6.898915,2.3455615,-68.64968,-7.9035306,25.541033,-19.218994,-45.145294,-18.14811,-10.416056
395,-6.312448501586914,-12.147909164428711,69.44145202636719,5.29435075456258,2.616858317177669,-84.09360240272942,19.87746,15.407721,13.750941,42.67372,-8.431945,-15.000033,-39.60226,-15.5771885,19.730331,50.58761,-15.017616,15.000033,-21.331532,7.4084344,26.79718,-89.38695,52.12518,-30.214655,12.616964,16.773344,7.582595,1.7918006,-69.48935,-8.692305,25.024822,-19.04104,-44.553047,-17.589989,-10.868711
396,-6.4232177734375,-12.12756061553955,69.34793090820312,5.388359139091981,1.80394520833262,-83.65899081875993,18.94188,15.406389,11.008835,45.249603,-8.202516,-15.000033,-38.94305,-15.85978,19.65543,51.3453,-15.50659,15.000033,-21.139996,6.984925,27.222832,-81.39053,51.51396,-22.440723,6.5196147,16.158188,8.276453,1.2540885,-70.10027,-9.463792,24.541971,-19.049292,-43.768932,-17.174181,-11.200936
397,-6.5066328048706055,-12.120539665222168,69.32861328125,5.67571788175216,0.9360724330612543,-82.93720628315539,18.033962,15.20356,8.626231,47.431614,-7.125467,-15.000033,-37.949593,-16.675344,19.358303,51.68466,-16.046347,15.000033,-21.193178,6.315688,27.64412,-73.35688,50.52487,-14.955552,0.84635335,17.299582,9.040088,0.62120265,-70.37649,-10.128789,23.92754,-19.374693,-42.660984,-16.966421,-11.31705
398,-6.557570934295654,-12.110261917114258,69.37158966064453,6.04654155459564,-0.001272313957722044,-81.98713215760709,17.082537,14.96095,6.4920945,49.493027,-5.4999466,-15.000033,-36.69148,-17.817862,18.905563,51.779934,-16.521185,15.000033,-21.460432,5.433572,28.163208,-65.29536,49.059937,-7.758083,-4.4063807,19.323015,9.735409,-0.15564412,-70.52344,-10.637855,23.15053,-19.872744,-41.32279,-16.88065,-11.311373
399,-6.5915398597717285,-12.086150169372559,69.47380828857422,6.4720212081365736,-0.9331056409641507,-80.9068177061132,16.063713,14.787072,4.7493963,51.466732,-3.783412,-15.000033,-35.316692,-19.154257,18.35238,51.67248,-16.889174,15.000033,-21.756432,4.4231277,28.65942,-57.764545,47.044064,-1.3895397,-9.23776,21.38897,10.221098,-0.9148233,-70.64,-11.010997,22.343122,-20.34529,-40.051258,-16.861307,-11.278609
400,-6.621707439422607,-12.032074928283691,69.62191009521484,6.91932593966329,-1.7805504722440804,-79.79324716670253,14.942587,14.763549,3.4535422,53.352936,-2.407253,-15.000033,-33.98395,-20.53957,17.754913,51.409393,-17.108692,15.000033,-21.844677,3.4281852,28.977015,-51.4216,44.498585,3.531247,-13.517635,22.729877,10.387462,-1.446961,-70.78237,-11.347109,21.627998,-20.605515,-39.14233,-16.862413,-11.302567
401,-6.667634010314941,-11.954712867736816,69.79388427734375,7.433819649624663,-2.5484516017662395,-78.63221742175575,13.659119,14.752974,2.3328643,55.215996,-1.3255441,-15.000033,-32.699207,-22.004637,17.141985,51.00485,-17.204842,15.000033,-21.610777,2.4953432,29.036427,-46.181934,41.573288,6.9526825,-17.111805,23.135204,10.146195,-1.6406391,-70.89373,-11.784798,21.007359,-20.658844,-38.71806,-16.910997,-11.420978
402,-6.748440265655518,-11.862778663635254,69.9937973022461,7.999325784459488,-3.2727188501457114,-77.387445217552,12.218236,14.765022,1.3605187,57.023098,-0.32303512,-15.000033,-31.38163,-23.580784,16.454552,50.441803,-17.185123,15.000033,-21.14325,1.6198043,28.934214,-41.613743,38.41434,9.224252,-20.203245,23.075241,9.575842,-1.6215618,-70.88727,-12.395465,20.429823,-20.68241,-38.579037,-17.01022,-11.585714
403,-6.8337082862854,-11.749019622802734,70.2249755859375,8.49561423859829,-3.918178224339465,-76.12757528990986,10.702441,15.080728,0.89365995,58.618217,0.3239809,-15.000033,-30.05679,-25.108606,15.6358595,49.72107,-17.00602,15.000033,-20.497158,0.91356915,28.762362,-37.7469,35.12973,10.448518,-23.127186,22.848654,8.82986,-1.5332623,-70.79918,-13.184518,19.95603,-20.706736,-38.54336,-17.083015,-11.7480545
404,-6.904236316680908,-11.60037899017334,70.48322296142578,8.797782301436767,-4.444319603335723,-74.91785704829451,9.198751,16.03395,1.313594,59.852577,0.33752194,-15.000033,-28.754473,-26.423729,14.633122,48.845154,-16.622742,15.000033,-19.701387,0.496242,28.594725,-34.70505,31.806093,10.696277,-26.11703,22.76729,8.066736,-1.5132146,-70.67588,-14.1157,19.62842,-20.708778,-38.451538,-17.05927,-11.850385
405,-6.940842628479004,-11.427530288696289,70.7719955444336,8.809181630019848,-4.835482473400045,-73.7691153019316,7.761445,18.061378,3.0597196,60.691486,-0.76672083,-15.000033,-27.40611,-27.433353,13.336272,47.71369,-16.034395,15.000033,-18.717905,0.49954587,28.452194,-32.4504,28.538166,9.932684,-29.226986,22.821377,7.2695346,-1.5712764,-70.578255,-15.164933,19.476515,-20.642042,-38.295605,-16.880949,-11.824836
406,-6.961105823516846,-11.2474946975708,71.07911682128906,8.610668975661413,-5.129206684188547,-72.67340204584072,6.47542,20.947708,5.8919888,61.23089,-2.7569,-15.000033,-26.001965,-28.196745,11.827695,46.378548,-15.27695,15.000033,-17.540094,0.8346294,28.29428,-30.812717,25.438406,8.298127,-32.233307,22.86855,6.3710713,-1.669388,-70.49054,-16.32916,19.484526,-20.505816,-38.147964,-16.597193,-11.722574
407,-6.965427875518799,-11.059576988220215,71.4044189453125,8.348947984598382,-5.351519251563186,-71.65091259637185,5.4242053,24.017717,9.166506,61.516838,-4.803672,-15.000033,-24.683956,-28.805628,10.344966,45.05576,-14.351172,15.000033,-16.247667,1.2723037,28.087257,-29.78206,22.588135,6.1196876,-34.921833,23.003414,5.4639254,-1.8520061,-70.33303,-17.579128,19.611326,-20.338423,-37.979626,-16.302969,-11.660801
408,-6.943186283111572,-10.859138488769531,71.74920654296875,8.167525361636566,-5.50970072254196,-70.69380724682345,4.5078754,26.570902,12.121642,61.59678,-6.03573,-15.000033,-23.615414,-29.383469,9.098181,43.955147,-13.248647,15.000033,-14.95792,1.5726469,27.79499,-29.377329,20.029676,3.7366397,-37.107117,23.31155,4.643825,-2.1505654,-70.04012,-18.870615,19.803696,-20.166412,-37.749126,-16.099142,-11.751484
409,-6.912078857421875,-10.656856536865234,72.1196060180664,8.095860180053354,-5.556011352844185,-69.79546962490839,3.6031659,28.575184,14.816517,61.462555,-6.1662574,-15.000033,-22.874884,-29.954712,8.150961,43.054855,-11.875137,15.000033,-13.68326,1.6991506,27.368294,-29.740381,17.78158,1.1042844,-38.787746,23.785425,3.9280684,-2.5452638,-69.610695,-20.156174,20.108932,-19.939373,-37.481728,-16.01968,-12.055128
410,-6.874505519866943,-10.448528289794922,72.51329040527344,8.070732602438449,-5.498964089746934,-68.95357016808067,2.7507088,30.340502,17.559885,61.109814,-5.663076,-15.000033,-22.388672,-30.485687,7.3970366,42.267765,-10.262473,15.000033,-12.3709545,1.7214804,26.824038,-30.876804,15.834401,-1.8318055,-39.94013,24.345427,3.2880144,-2.9961593,-69.04588,-21.412333,20.503572,-19.656372,-37.21072,-16.018665,-12.49546
411,-6.817802906036377,-10.217150688171387,72.91062927246094,8.079409502356325,-5.409120400314739,-68.13987073460875,1.8921218,31.691223,19.818926,60.5685,-4.7507424,-15.000033,-22.103699,-31.020716,6.7566543,41.69582,-8.581147,15.000033,-11.077363,1.5666207,26.241793,-32.560104,14.140349,-4.741522,-40.467815,24.979088,2.746306,-3.4989035,-68.30749,-22.634426,20.834929,-19.419115,-36.90332,-16.07684,-12.977804
412,-6.749955654144287,-9.963994026184082,73.3044204711914,8.110014605334658,-5.350302379380604,-67.31734552768835,0.9300416,32.44116,21.033272,59.846264,-3.6437144,-15.000033,-21.967146,-31.607758,6.1445003,41.438812,-6.9994206,15.000033,-9.89925,1.1771799,25.706495,-34.501995,12.642721,-7.287422,-40.362118,25.699392,2.3158708,-4.063961,-67.44566,-23.831015,20.970121,-19.265923,-36.47988,-16.172539,-13.409584
413,-6.67582893371582,-9.707986831665039,73.67819213867188,8.206046677009695,-5.276122772626932,-66.48085555951457,-0.285966,32.322567,20.885246,58.88562,-2.1671119,-15.000033,-22.110466,-32.312416,5.6021485,41.572147,-5.3651485,15.000033,-8.834809,0.51702267,25.19966,-36.814816,11.319407,-9.404647,-39.54859,26.559225,2.0093172,-4.835099,-66.357864,-24.972095,20.89403,-19.272604,-36.084057,-16.33373,-13.659613
414,-6.586502552032471,-9.460419654846191,74.02104187011719,8.369186818344344,-5.1672040877765,-65.63488866009058,-1.6779276,31.488922,19.71681,57.67847,-0.27676335,-15.000033,-22.526218,-33.116722,5.1689854,42.02065,-3.654002,15.000033,-7.892647,-0.39119843,24.717558,-39.4999,10.148829,-11.238742,-38.185936,27.569593,1.8077849,-5.755,-65.12774,-26.041567,20.682232,-19.347431,-35.681915,-16.56066,-13.809445
415,-6.499392509460449,-9.238275527954102,74.32394409179688,8.515890533070658,-5.126281549368522,-64.76104200423406,-2.999377,30.379593,17.94889,56.31459,1.6071578,-15.000033,-22.936493,-33.934475,4.744518,42.65204,-2.2197192,15.000033,-7.101324,-1.4629623,24.371672,-42.17558,9.062298,-12.871103,-36.57364,28.707253,1.6767154,-6.5445023,-63.83092,-27.035933,20.362453,-19.460423,-35.14026,-16.77588,-14.103843
416,-6.4105682373046875,-9.033206939697266,74.57870483398438,8.545083193514342,-5.25067847451876,-63.840628211354385,-4.0640974,29.449692,15.957564,54.897953,3.0781634,-15.000033,-23.050661,-34.65934,4.2002783,43.333885,-1.420903,15.000033,-6.407348,-2.5274637,24.209427,-44.745693,8.084247,-14.147175,-34.734306,29.6091,1.5546827,-6.991956,-62.578285,-28.006294,19.965664,-19.474127,-34.312706,-16.912123,-14.779813
417,-6.3223676681518555,-8.838818550109863,74.770751953125,8.414758892843665,-5.601405212454263,-62.83939390568559,-4.8845363,28.62618,13.418537,53.422314,3.9734247,-15.000033,-22.764395,-35.32888,3.3828928,44.18353,-1.468867,15.000033,-5.8897347,-3.6285331,24.330576,-47.022297,7.136657,-15.296544,-32.765873,30.600298,1.4904929,-6.8379793,-61.284523,-28.943382,19.496061,-19.490528,-32.896988,-16.963545,-16.108799
418,-6.220352649688721,-8.672709465026855,74.90022277832031,8.164481693517887,-6.11142886912855,-61.77665139084754,-5.510296,27.742672,10.268903,51.87962,4.517678,-15.000033,-22.214293,-35.965176,2.381099,45.217186,-2.143719,15.000033,-5.495201,-4.7592096,24.652225,-49.250877,6.223609,-16.23026,-30.503477,31.626493,1.4864072,-6.3054214,-59.958702,-29.861837,18.943872,-19.464891,-31.046701,-17.00494,-17.892794
419,-6.110463619232178,-8.520651817321777,74.96806335449219,7.817653937749142,-6.672100683748687,-60.70811387357902,-5.9286127,27.113869,7.241145,50.336544,4.928702,-15.000033,-21.487461,-36.43861,1.3981804,46.13996,-3.1294906,15.000033,-5.164141,-5.837238,25.054163,-51.236668,5.334113,-16.960104,-28.295868,32.62846,1.512435,-5.7342296,-58.647034,-30.776796,18.31034,-19.451197,-29.338408,-17.039433,-19.703459
420,-5.983011245727539,-8.364527702331543,74.97920227050781,7.411316429190226,-7.173059757920298,-59.69114428034146,-6.199402,27.023056,5.0493307,48.833485,5.4283247,-15.000033,-20.70834,-36.622658,0.6606029,46.670227,-4.106542,15.000033,-4.8325458,-6.790043,25.406765,-52.806374,4.456264,-17.496326,-26.462292,33.541203,1.5242162,-5.4692903,-57.42163,-31.708517,17.596039,-19.47047,-28.332537,-17.01498,-21.112408
421,-5.8477091789245605,-8.212340354919434,74.93914031982422,6.9210939613389355,-7.599567758407071,-58.7226676275689,-6.372238,27.72159,4.0583067,47.341198,6.0269804,-15.000033,-19.855457,-36.363285,0.29464424,46.677307,-5.1961927,15.000033,-4.508172,-7.5871086,25.679924,-53.86822,3.5750701,-17.768175,-25.050514,34.382256,1.5193805,-5.7143774,-56.281254,-32.66682,16.758223,-19.523579,-28.31593,-16.810074,-21.984512
422,-5.707640171051025,-8.061861038208008,74.85285186767578,6.350761302171068,-8.001037787989079,-57.773050758863,-6.4739003,28.94353,3.8390484,45.820732,6.6320915,-15.000033,-18.915833,-35.775887,0.17551091,46.334427,-6.491272,15.000033,-4.2034593,-8.273468,25.92659,-54.567883,2.6920674,-17.810211,-23.871395,35.181683,1.5045786,-6.2550807,-55.164585,-33.65709,15.797291,-19.610603,-28.934336,-16.451427,-22.554213
423,-5.550158977508545,-7.906347274780273,74.7200927734375,5.785225478883656,-8.36781302592655,-56.867058189553596,-6.536743,30.191828,3.8910596,44.310555,7.2947063,-15.000033,-18.025629,-35.142193,0.15968235,45.818493,-7.63115,15.000033,-3.8626637,-8.89923,26.147936,-55.077168,1.8244488,-17.802504,-22.885658,35.897022,1.4506878,-6.803468,-54.051643,-34.69633,14.779244,-19.76074,-29.786924,-16.090403,-22.952654
424,-5.38072395324707,-7.750515460968018,74.55233764648438,5.29878963216909,-8.68865621032177,-56.035659502736024,-6.569937,31.031944,3.7157607,42.838234,8.092487,-15.000033,-17.302952,-34.72607,0.072250016,45.29482,-8.24438,15.000033,-3.4264836,-9.505004,26.351955,-55.55442,0.99665445,-17.927298,-22.0688,36.481976,1.3389468,-7.0677767,-52.915188,-35.808216,13.762848,-20.020504,-30.471756,-15.884149,-23.319876
425,-5.187089920043945,-7.58880090713501,74.348388671875,4.916288975374366,-8.966794002644145,-55.32793154789106,-6.521671,31.352407,3.1081238,41.3144,9.375545,-15.000033,-16.758123,-34.584858,-0.13244733,44.727932,-8.164098,15.000033,-2.8254242,-10.10346,26.54347,-55.9267,0.21550994,-18.237152,-21.495659,36.907593,1.1544666,-6.900399,-51.70338,-37.013985,12.730316,-20.437252,-30.965128,-15.92063,-23.645607
426,-4.976044654846191,-7.418011665344238,74.11284637451172,4.591151345935431,-9.2091197970968,-54.718578464146006,-6.3910246,31.413937,2.3543036,39.773876,10.991084,-15.000033,-16.325651,-34.573586,-0.3711267,44.058212,-7.615474,15.000033,-2.0944147,-10.6644125,26.73352,-56.14361,-0.522786,-18.652687,-21.164633,37.19716,0.9190714,-6.4758353,-50.408905,-38.31824,11.6310005,-21.006474,-31.445845,-16.101145,-23.877914
427,-4.756927013397217,-7.230030536651611,73.8318099975586,4.293204367780993,-9.41131650075887,-54.129580435183975,-6.262335,31.360647,1.6663429,38.432835,12.253812,-15.000033,-16.005709,-34.63817,-0.6340954,43.414642,-6.8174233,15.000033,-1.3359517,-11.162862,26.935202,-56.3942,-1.206812,-19.147469,-20.938997,37.37776,0.67112875,-5.985274,-49.07969,-39.71351,10.478089,-21.687119,-31.818226,-16.304676,-24.096542
428,-4.544131278991699,-7.035178184509277,73.51629638671875,3.99122264308561,-9.566143890484454,-53.48080343274068,-6.211892,31.328608,1.2624086,37.47968,12.493944,-15.000033,-15.799784,-34.734753,-0.9065085,42.921787,-5.9825563,15.000033,-0.66910905,-11.584684,27.150665,-56.856686,-1.8125607,-19.6862,-20.690533,37.474003,0.4482773,-5.6195254,-47.764156,-41.186962,9.291322,-22.447886,-31.983192,-16.410744,-24.377834
429,-4.361502170562744,-6.8228654861450195,73.18690490722656,3.6976303702551716,-9.651980485316846,-52.77136989162796,-6.1780763,31.333948,1.3252728,36.970806,11.378567,-15.000033,-15.73781,-34.81784,-1.1169941,42.47562,-4.8998756,15.000033,-0.12514967,-11.931236,27.346704,-57.52361,-2.3127267,-20.273857,-20.47446,37.445587,0.24518411,-5.4097524,-46.49691,-42.73101,8.105238,-23.295746,-31.881655,-16.40062,-24.755947
430,-4.160947799682617,-6.5814056396484375,72.78983306884766,3.4276920914804454,-9.678926575915527,-52.036916501514504,-6.1436706,31.308714,1.6820543,36.797176,9.324757,-15.000033,-15.813647,-34.935062,-1.2929099,42.05607,-3.5414295,15.000033,0.3344282,-12.225758,27.523563,-58.296993,-2.6979313,-20.92172,-20.348877,37.28644,0.047976166,-5.260382,-45.264206,-44.34088,6.9099216,-24.23152,-31.572636,-16.337252,-25.185537
431,-3.9175662994384766,-6.292376518249512,72.2784194946289,3.1595421590886508,-9.683709725079364,-51.250552614165926,-6.2532253,31.264458,2.0234103,36.894894,6.7832537,-15.000033,-15.967296,-35.17507,-1.5708001,41.901806,-2.3866801,15.000033,0.7085771,-12.473628,27.743837,-59.218277,-2.9828112,-21.610294,-20.207335,37.068558,-0.11660705,-5.169066,-44.107674,-45.992157,5.6960454,-25.14806,-31.169424,-16.221916,-25.626081
432,-3.669957160949707,-5.970119476318359,71.71343994140625,2.8631390626729014,-9.704836650639946,-50.38762721333708,-6.641799,31.223234,2.0617228,37.19212,4.195759,-15.000033,-16.13374,-35.625313,-2.0822527,42.252502,-1.9167576,15.000033,0.97126245,-12.699803,28.043476,-60.33336,-3.1879237,-22.29952,-19.903635,36.877724,-0.22539076,-5.1376266,-42.96931,-47.676926,4.3987613,-26.028698,-30.72695,-16.05908,-26.025122
433,-3.4481232166290283,-5.635617733001709,71.13021087646484,2.4989305479581607,-9.741211318754347,-49.39427361393901,-7.406281,31.219643,1.713674,37.72571,1.4896595,-15.000033,-16.263435,-36.39958,-3.071359,43.296234,-2.4551947,15.000033,1.073893,-12.898135,28.42567,-61.70009,-3.3370926,-23.013073,-19.388237,36.742867,-0.2594305,-5.2050395,-41.895454,-49.41322,2.9970737,-26.833817,-30.280914,-15.8294735,-26.372725
434,-3.274862766265869,-5.3172831535339355,70.49366760253906,2.0851278068046812,-9.774690871636466,-48.30227428259584,-8.463625,31.24379,1.138611,38.539658,-1.5271759,-15.000033,-16.385752,-37.43804,-4.3914075,44.87594,-3.6886852,15.000033,1.0472698,-13.057716,28.870935,-63.280094,-3.445008,-23.76573,-18.733913,36.620197,-0.23753436,-5.3586955,-40.853382,-51.20705,1.4963218,-27.6049,-29.784018,-15.538543,-26.694515
435,-3.1450741291046143,-4.995002269744873,69.83827209472656,1.6801716806551539,-9.821907680560164,-47.215627474007285,-9.662263,31.25551,0.43793193,39.54624,-4.5797424,-15.000033,-16.569305,-38.549633,-5.5834055,46.71229,-5.14366,15.000033,0.9987929,-13.178456,29.395073,-64.97616,-3.520041,-24.50915,-17.998276,36.483345,-0.1922968,-5.5206237,-39.745625,-53.01297,-0.08751713,-28.383142,-29.202507,-15.22644,-26.993881
436,-3.0583343505859375,-4.671596050262451,69.16905975341797,1.3440732408705185,-9.839663502122898,-46.23429090102318,-10.922644,31.205275,-0.29805496,40.664642,-7.4000974,-15.000033,-16.986397,-39.517384,-6.1813827,48.519817,-6.331014,15.000033,0.9909,-13.265991,29.793802,-66.56046,-3.561927,-25.178839,-17.216738,36.289116,-0.16380441,-5.6031904,-38.46456,-54.746536,-1.6286712,-29.12748,-28.50161,-14.949452,-27.273294
437,-2.980501174926758,-4.3426008224487305,68.47818756103516,1.0956256294355773,-9.781083076515213,-45.32843844535413,-12.313123,31.038631,-1.0860621,41.86201,-9.985644,-15.000033,-17.766937,-40.31337,-6.0642385,50.328667,-7.182793,15.000033,0.88746846,-13.373608,29.793802,-67.90121,-3.560075,-25.716211,-16.29359,36.057014,-0.174968,-5.5773616,-37.36408,-56.33335,-2.6400113,-29.50244,-27.639685,-14.728952,-27.549116
438,-2.9149253368377686,-4.014663219451904,67.78717803955078,0.8978029439321202,-9.747722827174824,-44.467351859863385,-13.751866,30.78698,-1.9440135,43.166813,-12.465937,-15.000033,-18.727793,-41.01229,-5.487062,52.240673,-7.9424253,15.000033,0.7073128,-13.523968,29.793802,-69.311676,-3.4731278,-26.167774,-15.227296,35.821575,-0.19350825,-5.5048776,-36.55812,-57.791977,-3.3120496,-29.65428,-26.686996,-14.53193,-27.790882
439,-2.848250150680542,-3.6933839321136475,67.11901092529297,0.7334514103504131,-9.73159529548829,-43.74368915743493,-15.17886,30.527113,-2.8057976,44.614647,-14.753552,-15.000033,-19.82779,-41.53728,-4.5334697,54.099396,-8.569683,15.000033,0.5418401,-13.635695,29.793802,-70.60845,-3.2897825,-26.539803,-14.233369,35.56419,-0.21838401,-5.4204144,-35.917744,-59.095573,-3.7475462,-29.736074,-25.827423,-14.342381,-27.989857
440,-2.773054599761963,-3.3923826217651367,66.487060546875,0.5875676487049398,-9.72870774245653,-43.248651632238214,-16.530958,30.33878,-3.6061373,46.238987,-16.757095,-15.000033,-21.01296,-41.82184,-3.2935956,55.752117,-9.025201,15.000033,0.47542074,-13.633652,29.793802,-71.64707,-3.0107443,-26.814413,-13.477347,35.27784,-0.24952264,-5.364584,-35.36439,-60.185375,-4.0146065,-29.853174,-25.26409,-14.143165,-28.134298
441,-2.7061426639556885,-3.1082727909088135,65.91160583496094,0.4987045661529029,-9.741715815645314,-43.01204118799715,-17.809181,30.177683,-4.3682837,48.10283,-18.409485,-15.000033,-22.3083,-41.859253,-1.6803411,57.181602,-9.282748,15.000033,0.56011575,-13.537044,29.793802,-72.464165,-2.6193388,-26.988699,-12.904034,34.9505,-0.28471825,-5.350437,-34.7937,-61.006126,-4.1892824,-30.06182,-25.117786,-13.935171,-28.204958
442,-2.6372134685516357,-2.837637424468994,65.37834167480469,0.4606129830678053,-9.772043731392673,-42.9806510688241,-19.035725,30.023115,-5.1081786,50.157375,-19.770079,-15.000033,-23.696844,-41.6632,0.27705014,58.465557,-9.37565,15.000033,0.7459257,-13.397673,29.793802,-73.14117,-2.1029027,-27.089983,-12.414771,34.59171,-0.3211326,-5.35185,-34.194767,-61.54426,-4.2914333,-30.352633,-25.272741,-13.734514,-28.19658
443,-2.5697062015533447,-2.5782313346862793,64.86953735351562,0.39604654150573054,-9.814304482122813,-43.11863996875738,-20.179789,29.995348,-5.7624183,52.258297,-20.923887,-15.000033,-25.051937,-41.219757,2.31398,59.586586,-9.357896,15.000033,0.9640974,-13.182037,29.793802,-73.61911,-1.4834821,-27.125761,-12.0883665,34.22887,-0.35902646,-5.355828,-33.659264,-61.80901,-4.280129,-30.69482,-25.58137,-13.542784,-28.123049
444,-2.4993646144866943,-2.3245272636413574,64.38739013671875,0.22490094939437424,-9.86435046890131,-43.390913606890905,-21.215092,30.217354,-6.2804747,54.25981,-21.955816,-15.000033,-26.260754,-40.530766,4.1811833,60.52602,-9.279052,15.000033,1.1520398,-12.849094,29.793802,-73.85352,-0.80765456,-27.093122,-11.983668,33.89212,-0.40096456,-5.3519583,-33.293777,-61.82878,-4.100304,-31.047415,-25.891226,-13.358303,-28.003582
445,-2.445692777633667,-2.092468500137329,63.96049880981445,-0.09741270736893796,-9.898737196136628,-43.82477292191445,-22.208548,30.797312,-6.6634393,56.18779,-22.812311,-15.000033,-27.329601,-39.52561,5.854959,61.244152,-9.087945,15.000033,1.3482689,-12.315646,29.793802,-73.84388,-0.10990709,-26.954287,-12.114638,33.62805,-0.4499534,-5.3592973,-33.065086,-61.607372,-3.7645462,-31.426174,-26.1699,-13.169691,-27.853964
446,-2.4075281620025635,-1.8833614587783813,63.583831787109375,-0.5250358819394052,-9.932440561090745,-44.423046913578744,-23.158499,31.656105,-6.966819,58.09015,-23.466866,-15.000033,-28.278187,-38.24289,7.4343505,61.76332,-8.784447,15.000033,1.5842835,-11.612837,29.793802,-73.64402,0.596262,-26.711964,-12.40089,33.414726,-0.50678056,-5.3794394,-32.90719,-61.144547,-3.314836,-31.842484,-26.4954,-12.979407,-27.664614
447,-2.3693675994873047,-1.6994457244873047,63.24723815917969,-0.994326759805143,-10.01697578854828,-45.114149792501685,-23.936544,32.639225,-7.211801,59.859863,-24.042276,-15.000033,-29.04441,-36.85696,8.884251,62.14948,-8.485768,15.000033,1.7908379,-10.866274,29.793802,-73.29119,1.2876389,-26.419031,-12.776036,33.18079,-0.5716911,-5.3766,-32.894733,-60.481842,-2.7274141,-32.225536,-26.871807,-12.810153,-27.422201
448,-2.3245224952697754,-1.539182424545288,62.92897033691406,-1.433559826425518,-10.201322808553055,-45.8279289789364,-24.412313,33.59182,-7.3997593,61.40012,-24.666166,-15.000033,-29.586742,-35.53962,10.190892,62.471336,-8.309217,15.000033,1.8982879,-10.191546,29.793802,-72.81704,1.9350117,-26.120453,-13.184193,32.855618,-0.64582455,-5.316001,-33.14389,-59.688488,-1.9457052,-32.475357,-27.294107,-12.679677,-27.120066
449,-2.2631895542144775,-1.4040565490722656,62.626094818115234,-1.873077141069329,-10.51448423863393,-46.56172198773098,-24.531078,34.541306,-7.5507317,62.67251,-25.37738,-15.000033,-29.823736,-34.178497,11.413457,62.663177,-8.258738,15.000033,1.8958805,-9.538876,29.793802,-72.130745,2.4946504,-25.787697,-13.659348,32.367374,-0.75196123,-5.1726727,-33.715027,-58.80758,-0.907915,-32.536377,-27.782572,-12.590089,-26.707386
450,-2.190553903579712,-1.281587839126587,62.32560348510742,-2.327655570718599,-10.928820964578712,-47.34380015672511,-24.365606,35.55356,-7.649154,63.735844,-26.106443,-15.000033,-29.810608,-32.74675,12.568278,62.713715,-8.287578,15.000033,1.8313123,-8.845627,29.793802,-71.26103,2.944992,-25.393103,-14.199773,31.778168,-0.88674104,-4.9735985,-34.551243,-57.847942,0.34985745,-32.429672,-28.313799,-12.524237,-26.219383
451,-2.1125662326812744,-1.1781644821166992,62.03501892089844,-2.707627845332193,-11.395624711290257,-48.15808386842794,-23.970482,36.53158,-7.6205893,64.641846,-26.81926,-15.000033,-29.738668,-31.52585,13.582804,62.77227,-8.414413,15.000033,1.7250892,-8.206617,29.793802,-70.407,3.3068576,-24.983492,-14.710318,31.216555,-1.0115438,-4.7621665,-35.57698,-56.827366,1.7182387,-32.187096,-28.811024,-12.468148,-25.779251
452,-2.0427255630493164,-1.1008490324020386,61.759037017822266,-2.9269770529030077,-11.860519676392297,-48.997273320153404,-23.402897,37.380802,-7.3885756,65.447685,-27.485819,-15.000033,-29.818893,-30.78843,14.379731,62.98995,-8.6364765,15.000033,1.5985264,-7.716851,29.793802,-69.74669,3.631804,-24.609186,-15.132594,30.803625,-1.084607,-4.5799904,-36.714916,-55.769783,3.087914,-31.859245,-29.19514,-12.405457,-25.507177
453,-1.9758429527282715,-1.0477333068847656,61.50017547607422,-2.9331344006086346,-12.308652164597826,-49.870677548124675,-22.638556,38.050217,-6.899063,66.150734,-28.104431,-15.000033,-30.153978,-30.665098,14.918882,63.39265,-9.029394,15.000033,1.4463404,-7.4371943,29.793802,-69.296326,3.9563186,-24.293205,-15.507651,30.596176,-1.0729455,-4.467645,-37.97835,-54.680416,4.439505,-31.46139,-29.435982,-12.32085,-25.449526
454,-1.9084440469741821,-1.0198116302490234,61.266780853271484,-2.7781863363770074,-12.765512757930834,-50.785323119628586,-21.65327,38.595837,-6.1973515,66.730545,-28.69196,-15.000033,-30.646692,-30.986032,15.268642,63.902412,-9.553547,15.000033,1.2568405,-7.308655,29.793802,-68.93361,4.288425,-24.011635,-15.898368,30.508823,-1.0020875,-4.3890824,-39.379444,-53.55467,5.817307,-30.987423,-29.567833,-12.222032,-25.538837
455,-1.8384922742843628,-1.0132863521575928,61.05503463745117,-2.5352987970324263,-13.23294371451035,-51.7318928433931,-20.502062,39.0834,-5.3571944,67.21624,-29.248133,-15.000033,-31.204466,-31.569065,15.508984,64.51192,-10.031357,15.000033,1.0397583,-7.2417297,29.793802,-68.61993,4.6456723,-23.741243,-16.290298,30.449203,-0.9175562,-4.2714205,-40.86311,-52.4075,7.233572,-30.44998,-29.613096,-12.123796,-25.723892
456,-1.7761863470077515,-1.0340009927749634,60.86574172973633,-2.2790841784168205,-13.711096842168484,-52.701311245959374,-19.240074,39.57982,-4.44752,67.63601,-29.771318,-15.000033,-31.730556,-32.2283,15.717709,65.21424,-10.284702,15.000033,0.80523676,-7.142294,29.793802,-68.30897,5.0498886,-23.45828,-16.678205,30.321602,-0.8651408,-4.0407567,-42.37015,-51.26762,8.6956215,-29.868132,-29.587046,-12.042816,-25.956507
457,-1.7013890743255615,-1.080775499343872,60.683799743652344,-1.927269001465212,-14.213820285409959,-53.67309544732067,-17.822296,39.971542,-3.411224,68.00754,-30.278425,-15.000033,-32.338192,-33.180782,15.967818,66.14513,-10.272563,15.000033,0.51467174,-7.095101,29.793802,-68.01942,5.5191236,-23.174316,-17.05472,30.100618,-0.8531157,-3.6360736,-43.923782,-50.163025,10.267875,-29.26176,-29.331133,-11.962795,-26.32885
458,-1.6217550039291382,-1.147344708442688,60.51198959350586,-1.47383231735616,-14.74467395239933,-54.64781385796297,-16.23738,40.24935,-2.251685,68.3112,-30.76578,-15.000033,-33.022472,-34.4362,16.239925,67.258224,-10.121186,15.000033,0.15799026,-7.1084094,29.793802,-67.72524,6.0604224,-22.890581,-17.462711,29.82739,-0.8598673,-3.1090949,-45.56252,-49.096058,11.958581,-28.60668,-28.879528,-11.8780985,-26.840776
459,-1.5534653663635254,-1.2481499910354614,60.35477066040039,-1.1021451732604464,-15.274669373542324,-55.66627126445331,-14.577301,40.64836,-1.0896956,68.51856,-31.203049,-15.000033,-33.522076,-35.502987,16.428034,68.275246,-9.856702,15.000033,-0.19283941,-6.9764023,29.793802,-67.32725,6.6753407,-22.571434,-17.97187,29.510004,-0.88576907,-2.5554905,-47.235897,-48.05507,13.675857,-27.878958,-28.544289,-11.819938,-27.30033
460,-1.519160270690918,-1.372888207435608,60.22205352783203,-0.9872310559660142,-15.761117693618967,-56.78977617054803,-12.919265,41.421597,0.004167712,68.605125,-31.554926,-15.000033,-33.597397,-35.900997,16.373867,68.928665,-9.452534,15.000033,-0.44812244,-6.4969487,29.793802,-66.741905,7.36253,-22.1839,-18.641125,29.16145,-0.9290412,-2.0713866,-48.873978,-47.02791,15.3075905,-27.071896,-28.635736,-11.817667,-27.508484
461,-1.5311031341552734,-1.5403770208358765,60.12691879272461,-1.2867403066680136,-16.192181614364614,-58.09121487755836,-11.246512,42.800404,1.032974,68.536316,-31.79747,-15.000033,-33.07518,-35.381886,15.81228,69.138115,-8.622659,15.000033,-0.53613245,-5.487431,29.793802,-65.936745,8.121794,-21.721254,-19.503662,28.781893,-0.9962285,-1.6706681,-50.4607,-46.016315,16.860998,-26.186388,-29.37335,-11.88473,-27.363031
462,-1.5815728902816772,-1.7429964542388916,60.056095123291016,-1.875260440288022,-16.59541550251246,-59.514382988330176,-9.476074,44.596405,2.097537,68.322105,-31.939045,-15.000033,-32.160137,-34.282448,14.859851,69.076965,-7.4196997,15.000033,-0.5443287,-4.0975595,29.793802,-64.94678,8.960227,-21.186127,-20.517096,28.372824,-1.0861065,-1.3092316,-52.028976,-45.032,18.412115,-25.233274,-30.536787,-12.013208,-26.982325
463,-1.6381632089614868,-1.9714478254318237,60.00522232055664,-2.5051124126529514,-16.975120946791147,-60.93425785637571,-7.609738,46.44324,3.2715764,68.01768,-31.987911,-15.000033,-31.161196,-32.964756,13.931152,68.851,-6.343366,15.000033,-0.58653504,-2.6056025,29.793802,-63.78658,9.876958,-20.568567,-21.658909,27.935553,-1.1837597,-0.99114984,-53.6012,-44.05197,19.976765,-24.201262,-31.833717,-12.192563,-26.50737
464,-1.6879756450653076,-2.2366764545440674,59.93995666503906,-2.9221768899679326,-17.32835696634255,-62.24107909933115,-5.665581,47.96261,4.5861883,67.69163,-32.004684,-15.000033,-30.31335,-31.728498,13.464042,68.52635,-5.938289,15.000033,-0.77357364,-1.3183758,29.793802,-62.483074,10.874239,-19.858793,-22.881481,27.47954,-1.2740661,-0.7228353,-55.179493,-43.0541,21.510267,-23.113804,-32.927444,-12.410256,-26.063576
465,-1.724739909172058,-2.5375161170959473,59.85798263549805,-3.0915887076355544,-17.665899073843335,-63.404289854506025,-3.660514,49.089634,5.997479,67.37905,-32.011864,-15.000033,-29.52569,-30.462109,13.703071,67.975075,-6.5243583,15.000033,-1.1331257,-0.2719167,29.793802,-60.954136,11.944244,-19.032644,-24.199572,26.983852,-1.3529832,-0.50970834,-56.808567,-42.009438,23.03585,-21.90209,-33.778515,-12.690709,-25.651323
466,-1.7703936100006104,-2.883023262023926,59.763084411621094,-3.1383019963211085,-17.98681516945049,-64.47682786030288,-1.599362,50.00191,7.4737396,67.04371,-31.989384,-15.000033,-28.668491,-29.041044,14.413003,67.19344,-7.805421,15.000033,-1.6235759,0.6673585,29.793802,-59.182755,13.08537,-18.080946,-25.645315,26.451792,-1.428619,-0.34794933,-58.491867,-40.9018,24.572685,-20.560064,-34.546936,-13.034357,-25.211061
467,-1.8266220092773438,-3.2448108196258545,59.67703628540039,-3.0550917108537594,-18.248254733463046,-65.49685043553586,0.46823564,50.70796,9.040452,66.65636,-31.90943,-15.000033,-27.912096,-27.712109,15.285946,66.41609,-9.405002,15.000033,-2.199468,1.464165,29.793802,-57.30592,14.304917,-17.030111,-27.205065,25.913874,-1.5023886,-0.2231298,-60.170113,-39.72646,26.0455,-19.207846,-35.22786,-13.380153,-24.781027
468,-1.9033021926879883,-3.6071884632110596,59.60359573364258,-2.845803501013189,-18.400898699779525,-66.51100577811778,2.491553,51.22727,10.729284,66.18863,-31.743603,-15.000033,-27.4553,-26.704802,15.974806,65.875336,-10.9182,15.000033,-2.8082829,2.092563,29.793802,-55.447933,15.604076,-15.919259,-28.879545,25.420208,-1.5732951,-0.1153367,-61.786373,-38.489426,27.367805,-17.975464,-35.81312,-13.666528,-24.398663
469,-2.0063929557800293,-3.978203535079956,59.55487060546875,-2.459589890098739,-18.40086517142696,-67.5590945049091,4.4544673,51.518986,12.5956955,65.65716,-31.502886,-15.000033,-27.47644,-26.146042,16.363424,65.70242,-12.31231,15.000033,-3.4272335,2.5016332,29.793802,-53.519806,16.969494,-14.774058,-30.779942,25.042004,-1.648211,0.011864241,-63.366024,-37.191387,28.491903,-16.900312,-36.251595,-13.855102,-24.105509
470,-2.131366729736328,-4.350728988647461,59.538108825683594,-1.9242365961818984,-18.28151082001441,-68.61572863915102,6.3592334,51.59269,14.578951,65.070175,-31.198275,-15.000033,-27.845417,-25.897028,16.60681,65.74957,-13.751018,15.000033,-4.036122,2.759049,29.793802,-51.632977,18.454388,-13.445838,-32.76505,24.541767,-1.7353132,0.11539023,-64.94676,-35.862072,29.437056,-15.899915,-36.557804,-13.986363,-23.858635
471,-2.2895727157592773,-4.716894626617432,59.55882263183594,-1.3595474063514645,-18.08640297241296,-69.62517600169883,8.156179,51.55011,16.543932,64.38994,-30.796782,-15.000033,-28.323929,-25.754498,16.760593,65.82625,-15.125321,15.000033,-4.689052,2.9334593,29.793802,-49.75554,20.014761,-11.981483,-34.81032,24.001535,-1.800559,0.18151493,-66.46958,-34.493168,30.251247,-15.004118,-36.82874,-14.106661,-23.603971
472,-2.477541446685791,-5.064794540405273,59.62042999267578,-0.8776812647324698,-17.855013703995724,-70.53439937103906,9.7979555,51.495167,18.371548,63.58454,-30.26277,-15.000033,-28.679892,-25.517466,16.896542,65.74123,-16.329483,15.000033,-5.4095387,3.0968468,29.736435,-47.917458,21.542496,-10.481575,-36.7949,23.533506,-1.8142744,0.18526986,-67.81359,-33.06491,30.94941,-14.214441,-37.15921,-14.274899,-23.278347
473,-2.6978390216827393,-5.393818378448486,59.72917175292969,-0.4946574140605809,-17.525695626480232,-71.32070964678279,11.168336,51.44205,20.015652,62.652275,-29.601925,-15.000033,-28.913794,-25.147938,17.030178,65.40973,-17.383287,15.000033,-6.1563377,3.2994864,29.393051,-46.33376,22.988853,-8.99864,-38.409393,23.069927,-1.7933327,0.097309396,-68.78259,-31.580994,31.482147,-13.539479,-37.618526,-14.543167,-22.819239
474,-2.946784496307373,-5.708897113800049,59.87822341918945,-0.15606789771602256,-17.188055573161215,-72.01379886655842,12.442089,51.344097,21.568007,61.57896,-28.818743,-15.000033,-29.023348,-24.750124,17.13054,64.93457,-18.342607,15.000033,-6.93385,3.513953,29.143866,-45.0287,24.372366,-7.454422,-39.888103,22.669418,-1.7412976,-0.102745116,-69.672646,-30.084633,31.83259,-12.983475,-38.154903,-14.86482,-22.246067
475,-3.214848518371582,-6.002525329589844,60.07316589355469,0.15230346493824817,-16.8687291516858,-72.63972915482076,13.654502,51.201836,23.03582,60.408867,-27.91386,-15.000033,-29.077589,-24.338425,17.219336,64.430885,-19.11825,15.000033,-7.6884737,3.7073407,28.973545,-43.955875,25.684797,-5.9101353,-41.183716,22.310781,-1.6445423,-0.3726773,-70.47949,-28.601906,32.05444,-12.485189,-38.65233,-15.174736,-21.694216
476,-3.500472068786621,-6.27353572845459,60.30704879760742,0.4436181598729513,-16.59415060540339,-73.22570794458622,14.843335,51.01986,24.431936,59.185764,-26.882029,-15.000033,-29.141338,-23.922678,17.311932,64.01309,-19.622849,15.000033,-8.36365,3.8479316,28.858278,-43.086964,26.898285,-4.445561,-42.236298,21.99235,-1.4910942,-0.67233247,-71.19842,-27.152359,32.200733,-11.971506,-38.998203,-15.405608,-21.295166
477,-3.799806594848633,-6.51763391494751,60.57750701904297,0.7568912477479205,-16.39791864431493,-73.78854441822844,16.048765,50.737095,25.765747,57.908997,-25.702784,-15.000033,-29.2774,-23.506811,17.484772,63.817215,-19.79108,15.000033,-8.909648,3.92291,28.816334,-42.54596,28.003405,-3.0796173,-42.94353,21.707842,-1.2520771,-1.0425044,-71.8029,-25.747652,32.26865,-11.437504,-39.122684,-15.524884,-21.113869
478,-4.1116509437561035,-6.733373641967773,60.89630889892578,1.0760772253017594,-16.25775374752493,-74.31218708183103,17.231865,50.37522,27.020828,56.560135,-24.382256,-15.000033,-29.430208,-23.074398,17.702112,63.74615,-19.686209,15.000033,-9.355584,3.962719,28.842842,-42.350334,29.007862,-1.8176142,-43.34484,21.478216,-0.9470176,-1.498048,-72.294464,-24.405016,32.239845,-10.922505,-39.097744,-15.569251,-21.068388
479,-4.4315900802612305,-6.9181389808654785,61.271812438964844,1.319899128410629,-16.114198856006293,-74.77259823473277,18.317812,50.05846,28.178848,55.161884,-22.970854,-15.000033,-29.492722,-22.614302,17.80756,63.567978,-19.412727,15.000033,-9.748932,4.0046773,28.87886,-42.370537,29.903885,-0.72538084,-43.543827,21.322958,-0.63877183,-1.9619848,-72.711235,-23.150873,32.14604,-10.410598,-39.034565,-15.573398,-21.06966
480,-4.758795261383057,-7.0917487144470215,61.71210479736328,1.4098600664747771,-15.909175159876863,-75.14503842855731,19.238428,49.913403,29.237204,53.746967,-21.52668,-15.000033,-29.363134,-22.117891,17.650354,63.05027,-19.07367,15.000033,-10.13493,4.0862846,28.867773,-42.45336,30.665947,0.13236833,-43.66315,21.274065,-0.39028773,-2.3568163,-73.085655,-22.018621,32.018757,-9.8986845,-39.04131,-15.571504,-21.029905
481,-5.093677520751953,-7.253952980041504,62.21842956542969,1.36159249441418,-15.629974834846502,-75.40339317205317,19.967815,49.944504,30.244223,52.298515,-19.954586,-15.000033,-29.009718,-21.64294,17.200172,62.11948,-18.697653,15.000033,-10.518364,4.1822095,28.793173,-42.60428,31.26949,0.72628045,-43.710865,21.366991,-0.22478773,-2.6966538,-73.42102,-21.048454,31.85941,-9.39508,-39.185787,-15.547188,-20.94671
482,-5.440615177154541,-7.4120259284973145,62.79573440551758,1.2078266560707607,-15.30924970663715,-75.56798665241104,20.541681,50.0858,31.190054,50.832317,-18.288372,-15.000033,-28.491516,-21.174402,16.538557,60.900448,-18.227701,15.000033,-10.856378,4.297358,28.68665,-42.905212,31.709568,1.0645144,-43.636425,21.587719,-0.11233144,-3.020297,-73.669716,-20.264807,31.659475,-8.943454,-39.38994,-15.486574,-20.862492
483,-5.793690204620361,-7.561221599578857,63.4228630065918,0.8981926789116693,-14.960477369217388,-75.68566521604619,20.990736,50.36983,31.998598,49.43794,-16.79545,-15.000033,-27.84395,-20.610952,15.688596,59.450905,-17.636549,15.000033,-11.123448,4.513002,28.567905,-43.332794,31.993847,1.1572889,-43.453655,21.875505,-0.035745114,-3.2873266,-73.790985,-19.66741,31.433704,-8.578541,-39.542236,-15.427733,-20.755274
484,-6.156760215759277,-7.710055351257324,64.08344268798828,0.38416814959015094,-14.598720294987666,-75.80246226226542,21.338648,50.870068,32.603065,48.23758,-15.742257,-15.000033,-27.097324,-19.844973,14.6770525,57.819515,-16.893673,15.000033,-11.302549,4.9064445,28.45935,-43.85355,32.13746,1.0275826,-43.179447,22.165682,0.02470182,-3.454526,-73.76307,-19.233685,31.195904,-8.322573,-39.534405,-15.41004,-20.601883
485,-6.528518199920654,-7.871045112609863,64.75395202636719,-0.5645909317203435,-14.266346963593042,-75.94891970445424,21.765348,52.105354,33.173542,47.404087,-15.298426,-15.000033,-26.130259,-18.625078,13.32944,55.96265,-15.998889,15.000033,-11.386384,5.680456,28.418037,-44.42968,32.14357,0.64427876,-42.82,22.427832,0.06947958,-3.472364,-73.565796,-18.945408,30.959494,-8.150006,-39.314816,-15.456206,-20.383549
486,-6.9105000495910645,-8.023268699645996,65.43632507324219,-1.777339093182934,-13.937172399628846,-76.07422737300392,22.045086,53.884106,33.756847,47.050842,-15.372107,-14.211195,-24.979948,-17.160883,11.765953,53.805786,-14.934735,15.000033,-11.4065895,6.6584234,28.398401,-45.05261,32.011387,0.02417472,-42.39551,22.697618,0.09211974,-3.373719,-73.226875,-18.794725,30.716265,-8.046789,-38.953766,-15.540054,-20.115791
487,-7.230766296386719,-8.049850463867188,66.21654510498047,-1.6350950286346677,-13.17822245575318,-75.79115113817771,20.346157,53.697292,33.686035,47.019653,-15.943288,-7.8037868,-24.50871,-17.37401,11.02451,51.582664,-13.742088,15.000033,-11.630632,6.2986493,27.76542,-45.64382,31.779577,-0.71396285,-42.051926,23.0148,0.08977046,-3.2473311,-72.772,-18.771338,30.419039,-8.098637,-38.560493,-15.624806,-19.846457
488,-7.545320510864258,-8.027936935424805,66.99462890625,-1.483758952890515,-12.4259296926527,-75.57917075147004,18.50559,53.017857,32.936565,46.81445,-16.214413,-3.8868768,-24.052044,-17.522821,10.380151,49.245396,-12.368484,15.000033,-11.746502,5.9578147,27.202446,-46.35177,31.464163,-1.4540713,-41.633892,23.373255,0.094172336,-3.152326,-72.34206,-18.845434,30.101513,-8.243612,-38.137672,-15.690201,-19.572292
489,-7.842002868652344,-7.957813739776611,67.7763442993164,-1.3085506920202523,-11.673417285308668,-75.4376450588002,16.63846,51.523605,31.270681,45.982327,-15.910886,-3.553257,-23.630632,-17.612629,9.886332,46.768578,-10.752399,15.000033,-11.774062,5.6104326,26.722061,-47.153465,31.064966,-2.1761348,-41.16472,23.78768,0.10769276,-3.0960414,-71.95525,-18.985067,29.772287,-8.460081,-37.67488,-15.74441,-19.282745
490,-8.133404731750488,-7.854600429534912,68.55953979492188,-1.116537416725361,-10.902125396444502,-75.32867710756358,14.787,49.44038,28.982971,44.710762,-15.347506,-5.5090246,-23.229364,-17.681652,9.480194,44.1425,-8.929022,15.000033,-11.746879,5.246267,26.281643,-48.0175,30.584133,-2.9061575,-40.646835,24.2319,0.122488685,-3.0440376,-71.60397,-19.171013,29.43878,-8.711076,-37.160275,-15.797597,-18.972122
491,-8.423115730285645,-7.7139668464660645,69.33110046386719,-0.9412133632573383,-10.14992813185343,-75.28487031724411,13.1054945,47.22933,26.64202,43.470024,-14.791853,-8.256811,-22.82141,-17.692059,9.108569,41.440712,-7.01055,15.000033,-11.640365,4.9092627,25.902918,-48.94095,30.038204,-3.6059024,-40.0696,24.696924,0.14147641,-3.0004218,-71.35209,-19.392246,29.099422,-8.972708,-36.644585,-15.82732,-18.669882
492,-8.704275131225586,-7.549717903137207,70.08352661132812,-0.8169472929185221,-9.454767886848964,-75.33867008963027,11.61965,45.348034,24.721142,42.757072,-14.349354,-10.317446,-22.373356,-17.601227,8.72743,38.72136,-5.1014767,15.000033,-11.427567,4.640872,25.607578,-49.95032,29.460352,-4.226471,-39.39559,25.146967,0.16639556,-2.9705937,-71.2582,-19.644361,28.751799,-9.229782,-36.175003,-15.811788,-18.406418
493,-8.99549674987793,-7.3721113204956055,70.80858612060547,-0.7580758303616087,-8.820929051711909,-75.54047356872542,10.234622,43.76381,23.09094,42.685432,-13.923499,-11.524222,-21.81752,-17.341425,8.317115,35.73317,-2.993866,15.000033,-11.073385,4.4467816,25.421562,-51.04457,28.867334,-4.750335,-38.629772,25.571909,0.20904747,-2.9498105,-71.34288,-19.915518,28.39824,-9.495858,-35.777493,-15.730016,-18.173824
494,-9.289868354797363,-7.184121131896973,71.49526977539062,-0.7414106897730653,-8.232985914482617,-75.85242673320967,8.908288,42.246593,21.536688,43.016953,-13.485813,-12.621307,-21.159922,-16.962755,7.917747,32.471172,-0.6749912,15.000033,-10.614991,4.285474,25.331482,-52.21127,28.262995,-5.19225,-37.78656,25.979357,0.2675765,-2.9314868,-71.58861,-20.192862,28.042284,-9.761647,-35.426563,-15.600211,-17.963835
495,-9.59330940246582,-7.0031256675720215,72.1250228881836,-0.728225454031016,-7.700919715490355,-76.18035614454601,7.678952,40.958652,20.339651,43.703636,-13.083194,-13.501162,-20.49421,-16.581171,7.5817795,29.399647,1.4232227,15.000033,-10.133907,4.1194572,25.303612,-53.435505,27.660128,-5.5686607,-36.872417,26.384186,0.32787618,-2.9103353,-71.98838,-20.475779,27.687647,-9.994286,-35.089695,-15.460153,-17.805813
496,-9.890374183654785,-6.835052490234375,72.6946029663086,-0.6956778610771414,-7.228232262383207,-76.43812383497048,6.584731,40.095455,19.783287,44.683525,-12.7450695,-14.036,-19.95255,-16.299944,7.343918,27.039364,2.8637414,15.000033,-9.706339,3.9240646,25.304754,-54.700108,27.077667,-5.895068,-35.89904,26.797981,0.3767092,-2.879029,-72.52513,-20.774681,27.332777,-10.174575,-34.72644,-15.347514,-17.728226
497,-10.181349754333496,-6.650289058685303,73.21394348144531,-0.631991841114278,-6.806422660832417,-76.63544539467212,5.678214,39.84249,20.183176,46.041054,-12.494368,-14.093576,-19.605278,-16.141178,7.2351336,25.510612,3.3897278,15.000033,-9.325521,3.6857867,25.333063,-56.014843,26.52852,-6.1700516,-34.86833,27.325645,0.43190715,-2.8904297,-73.209564,-21.096077,26.975632,-10.330629,-34.25907,-15.281149,-17.772299
498,-10.469291687011719,-6.459437370300293,73.67205047607422,-0.5605934775821112,-6.4338740383721404,-76.81549246625812,4.9396825,40.099262,21.305643,47.77187,-12.300894,-13.733504,-19.398499,-16.034458,7.221999,24.588638,3.2602549,15.000033,-8.961667,3.424858,25.412386,-57.364788,26.00848,-6.3950334,-33.801517,27.942413,0.49801633,-2.9214735,-74.03896,-21.43795,26.617662,-10.483384,-33.723885,-15.2399,-17.912508
499,-10.762746810913086,-6.270954132080078,74.06593322753906,-0.5217285590109195,-6.119851227081564,-76.94742141297931,4.292356,40.64504,22.613222,49.678,-12.112332,-13.119602,-19.30586,-15.93174,7.250126,24.334927,2.7654414,15.000033,-8.615435,3.201092,25.533188,-58.821716,25.546211,-6.547409,-32.62519,28.3464,0.5289188,-2.8667977,-74.95803,-21.810833,26.264202,-10.587317,-33.274582,-15.199823,-18.073929
500,-11.066584587097168,-6.081287860870361,74.40400695800781,-0.5456306091797821,-5.87396671809159,-76.99692409191239,3.6138935,41.224194,23.546635,51.552536,-11.8531065,-12.447865,-19.295786,-15.796719,7.2723403,24.801712,2.2004056,15.000033,-8.390297,2.9959195,25.724483,-60.044537,25.055117,-6.7611012,-31.65715,28.615963,0.5299897,-2.5637605,-75.90365,-22.19325,25.915163,-10.693202,-33.031612,-15.134066,-18.191172
501,-11.369610786437988,-5.8902692794799805,74.6845474243164,-0.6412604892512725,-5.697882705671103,-76.94632299232478,2.8395245,41.86026,24.050667,53.44706,-11.536941,-11.627811,-19.42903,-15.633399,7.274443,26.213007,1.5363404,15.000033,-8.2029,2.8982277,25.940378,-61.439247,24.611673,-6.919831,-30.489819,28.210056,0.4182502,-1.9343975,-76.93766,-22.62723,25.575441,-10.672265,-33.145023,-15.025019,-18.221737
502,-11.669411659240723,-5.6971049308776855,74.90086364746094,-0.7826730700838779,-5.59095063307507,-76.81265684247472,2.0386715,42.64695,24.385157,55.426834,-11.191885,-10.60001,-19.675917,-15.484467,7.2880983,28.43608,0.66744393,15.000033,-8.126035,2.8094885,26.223543,-62.684666,24.148745,-7.1390157,-29.4427,27.587257,0.2544495,-1.0256544,-78.041664,-23.097967,25.234917,-10.652221,-33.477165,-14.887105,-18.217718
503,-11.965719223022461,-5.512934684753418,75.04901885986328,-0.9506405539992338,-5.555163892475354,-76.61140012158991,1.2292327,43.41258,24.429768,57.31684,-10.737964,-9.647945,-19.877949,-15.36188,7.333722,31.003132,-0.2310535,15.000033,-8.084714,2.747858,26.540878,-63.887733,23.672365,-7.333023,-28.443035,26.961376,0.06398643,-0.11121943,-79.08332,-23.598246,24.890326,-10.612324,-33.86345,-14.750076,-18.20918
504,-12.26151180267334,-5.347982406616211,75.13113403320312,-1.1352982676277619,-5.589006968756395,-76.36089431274162,0.42055959,43.97776,24.063517,58.941948,-10.082589,-9.071462,-19.897617,-15.252896,7.426356,33.476456,-0.9968389,15.000033,-8.055684,2.69884,26.882473,-64.9738,23.177464,-7.469759,-27.59631,26.68435,-0.08807327,0.5706113,-79.93319,-24.09852,24.537985,-10.585663,-34.1224,-14.642361,-18.233828
505,-12.560708999633789,-5.1905975341796875,75.15584564208984,-1.3425448659973018,-5.723259628215361,-76.05239696157136,-0.39409906,44.260242,23.170494,60.255733,-9.136657,-9.017652,-19.727388,-15.155435,7.5359077,35.975006,-1.5213269,15.000033,-8.059677,2.664759,27.276852,-65.93045,22.65671,-7.538505,-26.946917,26.939487,-0.174583,0.96193475,-80.61085,-24.571566,24.190763,-10.524931,-34.196964,-14.566552,-18.326551
506,-12.860916137695312,-5.043018817901611,75.12129974365234,-1.5746405402437882,-5.946964802213335,-75.67700980436854,-1.2257837,44.32485,21.83208,61.347836,-7.9649205,-9.344338,-19.421072,-15.077107,7.657971,38.63565,-1.9039747,15.000033,-8.107526,2.6515238,27.71315,-66.794716,22.118221,-7.547597,-26.429724,27.506302,-0.22913237,1.185389,-81.19387,-25.009012,23.854723,-10.391305,-34.198513,-14.510719,-18.457798
507,-13.160771369934082,-4.90969705581665,75.03380584716797,-1.8151672785332662,-6.192501315613273,-75.25769942141038,-2.0763278,44.22247,20.220634,62.263344,-6.7047167,-9.920939,-18.962114,-14.991906,7.842014,41.098125,-2.318132,15.000033,-8.182309,2.64672,28.124662,-67.5088,21.564623,-7.508991,-26.039125,28.18228,-0.26561823,1.2827946,-81.652306,-25.405325,23.515038,-10.243593,-34.176945,-14.482022,-18.569767
508,-13.458566665649414,-4.801416873931885,74.89405059814453,-2.049881154026318,-6.390929479056234,-74.82017476684176,-2.9498274,44.025055,18.51362,63.04864,-5.4921284,-10.598956,-18.349771,-14.870383,8.140724,43.0306,-2.9510114,15.000033,-8.2580185,2.64658,28.442778,-68.030945,21.001072,-7.4290776,-25.75204,28.74782,-0.3012139,1.2936479,-81.951195,-25.760508,23.154722,-10.143364,-34.183193,-14.487462,-18.604382
509,-13.747151374816895,-4.718312740325928,74.70206451416016,-2.265244889028266,-6.538575494262194,-74.34925999436055,-3.9217658,43.591637,16.478193,63.695553,-4.125591,-11.426884,-17.545795,-14.710441,8.63517,44.45237,-3.836243,15.000033,-8.347879,2.636019,28.654213,-68.31884,20.42347,-7.299474,-25.589012,29.188251,-0.3369858,1.1777167,-82.04204,-26.069872,22.746029,-10.105122,-34.19984,-14.551661,-18.521317
510,-14.046936988830566,-4.6525421142578125,74.45606231689453,-2.469961540586218,-6.664071926629718,-73.83818091842025,-4.927015,42.906498,14.131859,64.191734,-2.632223,-12.480291,-16.574532,-14.524929,9.270782,45.52907,-4.8904757,15.000033,-8.456382,2.6203933,28.790998,-68.411575,19.83315,-7.1214232,-25.549053,29.598757,-0.3681495,0.9300907,-81.957726,-26.329596,22.303368,-10.09473,-34.21494,-14.663597,-18.359932
511,-14.344843864440918,-4.61384916305542,74.14663696289062,-2.6829042577068405,-6.750447262603959,-73.33023312425901,-5.8055534,42.2909,12.011404,64.57723,-1.4724003,-13.59283,-15.543674,-14.288196,9.90264,46.17015,-6.1342244,15.000033,-8.559096,2.62577,28.85808,-68.35729,19.24112,-6.92298,-25.60167,29.952435,-0.39736485,0.6473809,-81.784966,-26.548338,21.87172,-10.108162,-34.268078,-14.776994,-18.181849
512,-14.638660430908203,-4.5923590660095215,73.79373931884766,-2.87994442392483,-6.765836702505534,-72.84707387352,-6.477204,42.075993,10.661315,64.886375,-1.077828,-14.507316,-14.588255,-14.03179,10.403968,46.301,-7.6011987,15.000033,-8.648678,2.6355488,28.840618,-68.21039,18.669254,-6.728185,-25.716722,30.207098,-0.42638758,0.42585096,-81.60138,-26.745762,21.493471,-10.154206,-34.395878,-14.845257,-18.049215
513,-14.931853294372559,-4.59187126159668,73.39974975585938,-3.091176391797142,-6.69086915051618,-72.38929176402621,-6.9329944,42.5279,10.334384,65.08424,-1.7185432,-15.000033,-13.625097,-13.662494,10.8460245,45.553116,-9.3971,15.000033,-8.720473,2.6736066,28.717987,-67.93188,18.120203,-6.5391264,-25.91407,30.298416,-0.4436677,0.31313822,-81.356766,-26.929743,21.162443,-10.28383,-34.644638,-14.836014,-17.979061
514,-15.207897186279297,-4.606276512145996,72.97123718261719,-3.3666983179948504,-6.566208827182089,-71.97044133124814,-7.2115517,43.53454,10.748659,65.16589,-3.0919275,-15.000033,-12.601054,-13.130309,11.302356,44.0621,-11.468871,15.000033,-8.758733,2.7915235,28.53224,-67.5121,17.589449,-6.3488874,-26.201874,30.264315,-0.44901556,0.25307164,-81.02965,-27.10181,20.861212,-10.490391,-34.9696,-14.780521,-17.937654
515,-15.469511032104492,-4.613188743591309,72.51713562011719,-3.6145791994886003,-6.409114848952603,-71.58367424837425,-7.3920207,44.670876,11.50095,65.20105,-4.749797,-15.000033,-11.758063,-12.66897,11.631352,42.561054,-13.6362915,15.000033,-8.773585,2.9044065,28.314026,-67.0586,17.096493,-6.1724243,-26.534277,30.19968,-0.4611275,0.1880485,-80.70695,-27.269142,20.596579,-10.710068,-35.29905,-14.724468,-17.914864
516,-15.708632469177246,-4.593662261962891,72.0301513671875,-3.7604120301512216,-6.232919326623218,-71.22783313919642,-7.548487,45.62822,12.354064,65.27293,-6.254459,-15.000033,-11.347448,-12.488303,11.61427,41.784885,-15.697787,15.000033,-8.779984,2.9429457,28.096617,-66.66139,16.674961,-6.0201006,-26.880867,30.201704,-0.49609053,0.06339153,-80.48355,-27.44441,20.37952,-10.887086,-35.54653,-14.7141695,-17.901178
517,-15.930299758911133,-4.55139684677124,71.51258087158203,-3.748998756130207,-6.011791722044502,-70.94451786784809,-7.701603,46.344425,13.322395,65.46495,-7.532415,-15.000033,-11.605363,-12.720383,11.014618,42.098103,-17.682604,15.000033,-8.741023,2.8502853,27.857035,-66.352104,16.353935,-5.89927,-27.24522,30.305002,-0.5667145,-0.1508595,-80.37608,-27.635744,20.219604,-11.025872,-35.67654,-14.771332,-17.916275
518,-16.11994743347168,-4.474610805511475,70.98989868164062,-3.641550504285595,-5.749831521213327,-70.71690132990113,-7.799003,46.98275,14.508545,65.71457,-8.80126,-15.000033,-12.338712,-13.236544,9.973805,43.05473,-19.663157,15.000033,-8.674659,2.6738362,27.596478,-66.07093,16.138449,-5.8008556,-27.652178,30.441393,-0.6572495,-0.4138814,-80.33031,-27.841135,20.104576,-11.170153,-35.73034,-14.867325,-17.959595
519,-16.283985137939453,-4.365166664123535,70.48387145996094,-3.547377303879544,-5.502420246033312,-70.46334550008153,-7.832191,47.595257,15.784672,65.89545,-10.06456,-15.000033,-13.157582,-13.821246,8.814666,44.17421,-21.500181,15.000033,-8.663626,2.517959,27.38542,-65.77663,16.018139,-5.716401,-28.102098,30.558445,-0.7408542,-0.67405117,-80.32644,-28.050072,20.011904,-11.317773,-35.75416,-14.972182,-17.992308
520,-16.425453186035156,-4.2279767990112305,70.0169448852539,-3.5759454135560333,-5.317685259101794,-70.1118316008261,-7.807378,48.23426,17.022501,65.8806,-11.322465,-15.000033,-13.692865,-14.22853,7.8554873,44.97807,-23.048164,15.000033,-8.7801,2.4936728,27.28524,-65.427345,15.972326,-5.6386833,-28.591383,30.611336,-0.791333,-0.8814946,-80.34939,-28.246582,19.922405,-11.458954,-35.799545,-15.0565605,-17.975435
521,-16.528480529785156,-4.07377290725708,69.60899353027344,-3.820463923047663,-5.207190580151814,-69.64524545125349,-7.680287,49.03226,18.329805,65.59245,-12.650413,-15.000033,-13.845113,-14.301897,7.16534,45.32491,-24.27674,15.000033,-9.062951,2.7035763,27.33843,-65.001945,15.999304,-5.5569997,-29.151197,30.592512,-0.80752134,-0.9995483,-80.439354,-28.424953,19.842571,-11.567982,-35.89003,-15.1153,-17.880814
522,-16.59653091430664,-3.913846492767334,69.2646713256836,-4.202468654157264,-5.134452253573521,-69.10346921099398,-7.4811034,49.902435,19.717358,65.11417,-14.011639,-15.000033,-13.824993,-14.1856985,6.5851316,45.473373,-25.262354,15.000033,-9.462627,3.0698662,27.496635,-64.524826,16.101574,-5.475679,-29.771662,30.52656,-0.8029119,-1.064736,-80.594536,-28.580362,19.784184,-11.646862,-36.009197,-15.163487,-17.735
523,-16.635557174682617,-3.764554500579834,68.98445129394531,-4.576723694666018,-5.078975493654663,-68.50828787814994,-7.3302865,50.589504,20.911148,64.55214,-15.246518,-15.000033,-13.727444,-14.073106,6.0806775,45.541786,-26.011494,15.000033,-9.931643,3.4346442,27.678774,-64.002205,16.260212,-5.399241,-30.397491,30.434181,-0.7745821,-1.1407833,-80.75948,-28.711351,19.736908,-11.7148075,-36.105198,-15.205448,-17.578083
524,-16.65445899963379,-3.622631072998047,68.76679229736328,-4.801460755622916,-5.030968233189977,-67.8837242819837,-7.336299,50.86319,21.643312,64.01056,-16.211624,-15.000033,-13.63164,-14.158106,5.616296,45.64618,-26.527899,15.000033,-10.401072,3.6450849,27.806837,-63.46498,16.442226,-5.3385077,-30.958107,30.331772,-0.7214284,-1.2931135,-80.86775,-28.815348,19.689137,-11.7937765,-36.147877,-15.243878,-17.449883
525,-16.647642135620117,-3.487008810043335,68.61382293701172,-4.837786020875243,-5.016667536150855,-67.20087507953878,-7.500175,50.641342,21.814676,63.453648,-16.932936,-15.000033,-13.552761,-14.502256,5.195952,45.900913,-26.785048,15.000033,-10.895266,3.6693487,27.883772,-62.877857,16.62582,-5.2757287,-31.452087,30.21809,-0.63483816,-1.5736667,-80.922455,-28.89004,19.639862,-11.86443,-36.106125,-15.287139,-17.347073
526,-16.604827880859375,-3.338762044906616,68.5402603149414,-4.7634940529117795,-5.042716928683094,-66.46193807479887,-7.748898,50.07294,21.593084,62.84257,-17.481302,-15.000033,-13.438041,-15.001092,4.838508,46.214054,-26.789051,15.000033,-11.426018,3.5941436,27.941933,-62.24851,16.81003,-5.2078595,-31.900349,30.09344,-0.5224062,-1.9424837,-80.95834,-28.942331,19.59861,-11.911532,-36.003033,-15.331462,-17.251339
527,-16.51287841796875,-3.187765121459961,68.55541229248047,-4.6057253728496805,-5.076462374150422,-65.73682923992216,-8.072049,49.291264,21.12345,62.28066,-17.789425,-15.000033,-13.257238,-15.603633,4.5233545,46.386467,-26.586847,15.000033,-11.902178,3.4395661,27.951632,-61.671726,16.98242,-5.188431,-32.26552,29.996721,-0.4045238,-2.3227115,-80.94402,-28.983332,19.563572,-11.970994,-35.896954,-15.361298,-17.181047
528,-16.386028289794922,-3.0342955589294434,68.65406799316406,-4.391329341631331,-5.0808969716320975,-65.09447653647267,-8.471152,48.42888,20.54486,61.8711,-17.787245,-15.000033,-12.983326,-16.252531,4.2242846,46.22199,-26.226452,15.000033,-12.230324,3.2269757,27.88123,-61.247818,17.124483,-5.2730665,-32.505886,29.966476,-0.30333373,-2.6394768,-80.84408,-29.033878,19.528837,-12.084694,-35.837772,-15.361844,-17.153128
529,-16.24187660217285,-2.8917794227600098,68.82158660888672,-4.099950813484242,-5.046894910369161,-64.53074016691293,-8.984262,47.4703,19.84844,61.659626,-17.389933,-15.000033,-12.555074,-16.963457,3.908465,45.581577,-25.719486,15.000033,-12.382026,2.936755,27.695549,-61.00038,17.211206,-5.501992,-32.588768,30.052862,-0.22837728,-2.9062426,-80.59882,-29.113867,19.466358,-12.280211,-35.833145,-15.318469,-17.197065
530,-16.086904525756836,-2.7522919178009033,69.04827117919922,-3.723129024925521,-4.9944489502609635,-64.01409203584765,-9.589228,46.360554,18.996056,61.584766,-16.657494,-15.000033,-12.00586,-17.753836,3.5904493,44.598564,-25.040176,15.000033,-12.380452,2.5675235,27.421076,-60.908264,17.236351,-5.86369,-32.522514,30.224371,-0.16792357,-3.151105,-80.19586,-29.237816,19.369375,-12.569512,-35.86813,-15.240663,-17.29561
531,-15.916646957397461,-2.6049458980560303,69.3246841430664,-3.306093186774658,-4.927496721260322,-63.57190905245524,-10.215859,45.168762,18.06728,61.58652,-15.735542,-15.000033,-11.45377,-18.568226,3.3143635,43.48772,-24.178963,15.000033,-12.2548895,2.1739786,27.106009,-60.955452,17.207756,-6.288346,-32.34656,30.407543,-0.11991013,-3.3357618,-79.762314,-29.424623,19.292305,-12.894229,-35.885277,-15.154956,-17.391928
532,-15.719625473022461,-2.437737464904785,69.63776397705078,-2.891017205250207,-4.8495078052043255,-63.2327382369759,-10.803456,43.95659,17.120148,61.609833,-14.788109,-15.000033,-11.025185,-19.358107,3.124158,42.461224,-23.10114,15.000033,-12.018756,1.8058406,26.80874,-61.13805,17.143847,-6.726161,-32.100456,30.524128,-0.07550765,-3.4122486,-79.385895,-29.686571,19.2796,-13.231501,-35.862915,-15.084035,-17.433733
533,-15.495159149169922,-2.2563648223876953,69.98847961425781,-2.491318701283249,-4.755511761113333,-63.04291370303677,-11.376237,42.781166,16.167725,61.756477,-13.714472,-15.000033,-10.721232,-20.077566,3.0822878,41.46255,-21.773596,15.000033,-11.619063,1.4871186,26.537771,-61.509144,17.06605,-7.1838894,-31.775015,30.513552,-0.028366745,-3.3304694,-79.07785,-30.03416,19.354055,-13.597523,-35.778156,-15.043892,-17.381405
534,-15.242953300476074,-2.0581188201904297,70.37362670898438,-2.0747097263117076,-4.639166712684649,-62.96944795962915,-11.9809065,41.566795,15.163634,62.015545,-12.46498,-15.000033,-10.506125,-20.774223,3.148458,40.421883,-20.212677,15.000033,-11.089082,1.1757905,26.261923,-62.026463,16.98148,-7.671581,-31.375149,30.42623,0.018406898,-3.1248956,-78.82559,-30.483461,19.487986,-13.992247,-35.600163,-15.01939,-17.272358
535,-14.960214614868164,-1.8397387266159058,70.7833251953125,-1.6276495381678266,-4.506302502219566,-62.925879804460386,-12.563006,40.217514,14.098407,62.154335,-11.254479,-15.000033,-10.436899,-21.52646,3.2317736,39.53612,-18.514456,15.000033,-10.496309,0.83795285,25.999472,-62.618645,16.863775,-8.1851425,-30.929127,30.324501,0.06106849,-2.8677406,-78.50808,-30.99402,19.62714,-14.469308,-35.476116,-14.975245,-17.177778
536,-14.644651412963867,-1.5891081094741821,71.20447540283203,-1.1450118782482095,-4.3693905410000875,-62.83147521853018,-13.032915,38.669067,12.97499,61.947628,-10.327031,-15.000033,-10.558108,-22.40398,3.2440064,38.996838,-16.769262,15.000033,-10.016734,0.43919733,25.740227,-63.11897,16.709328,-8.631716,-30.490946,30.302546,0.08646262,-2.6549404,-78.31894,-31.587475,19.773779,-14.855392,-35.28445,-14.898583,-17.150724
537,-14.302043914794922,-1.316776156425476,71.62801361083984,-0.6120514330922374,-4.2330058953053324,-62.68184874861787,-13.351949,36.738014,11.624447,61.3067,-9.783538,-15.000033,-10.882098,-23.414238,3.252935,38.810505,-14.83183,15.000033,-9.6162405,-0.024676317,25.509958,-63.58338,16.495405,-9.024028,-30.040857,30.376486,0.094210796,-2.4990866,-78.15294,-32.235966,19.948196,-15.234121,-35.17999,-14.7575445,-17.225065
538,-13.944832801818848,-1.0341465473175049,72.04723358154297,-0.042811491401556226,-4.1024391700413965,-62.52608737874091,-13.512159,34.545345,10.104139,60.36607,-9.518802,-15.000033,-11.379154,-24.513031,3.2990725,38.88519,-12.707951,15.000033,-9.246278,-0.5287475,25.304253,-64.04614,16.221956,-9.371615,-29.559387,30.51424,0.08498964,-2.3646128,-78.05706,-32.940136,20.167889,-15.571799,-35.10373,-14.575577,-17.359854
539,-13.575185775756836,-0.7407970428466797,72.44398498535156,0.5209464713709893,-3.9895623647706455,-62.360564289829526,-13.497292,32.497505,8.732057,59.237427,-9.455183,-15.000033,-12.020104,-25.68962,3.2588096,39.263382,-10.721976,15.000033,-8.896744,-1.0505425,25.121754,-64.45138,15.886553,-9.703938,-29.061445,30.688444,0.06301416,-2.2400613,-77.97081,-33.685307,20.357527,-15.877623,-35.016342,-14.386982,-17.527552
540,-13.195215225219727,-0.4526064395904541,72.80390167236328,1.044725224849115,-3.8989751105624846,-62.16575559525901,-13.351463,30.980585,7.8172245,58.028793,-9.475434,-15.000033,-12.768526,-26.941618,3.003009,39.985153,-9.205808,15.000033,-8.572716,-1.5764551,24.95041,-64.747444,15.488901,-10.0514345,-28.556137,30.869831,0.03239031,-2.114276,-77.8254,-34.44956,20.430742,-16.159023,-34.881706,-14.227528,-17.698652
541,-12.804935455322266,-0.1715777963399887,73.11514282226562,1.5787567508269045,-3.8332256982924036,-61.899691674329794,-13.087285,29.98126,7.4592414,56.711246,-9.662135,-15.000033,-13.663011,-28.436169,2.454641,41.182163,-8.212,15.000033,-8.321666,-2.1693032,24.785837,-64.92876,15.030065,-10.417861,-28.025263,31.046207,-0.0117603075,-1.9700085,-77.639145,-35.22087,20.361238,-16.395634,-34.6983,-14.111476,-17.860214
542,-12.403347969055176,0.0927281603217125,73.3674087524414,2.1299124908652676,-3.8011128235354645,-61.55852302575346,-12.7091675,29.28941,7.463191,55.238163,-10.016449,-15.000033,-14.658034,-30.14437,1.7314854,42.78005,-7.6108255,15.000033,-8.15522,-2.8329535,24.640055,-65.019844,14.513186,-10.789274,-27.465273,31.236332,-0.06896242,-1.8182526,-77.43859,-35.997517,20.194149,-16.579924,-34.486935,-14.020769,-18.02659
543,-12.002381324768066,0.3428274691104889,73.55506896972656,2.6057551691394223,-3.801667646883405,-61.18125666039629,-12.272577,28.991823,7.7261934,53.69704,-10.302936,-15.000033,-15.600684,-31.777576,0.95208764,44.52251,-7.4620113,15.000033,-8.025094,-3.4613512,24.514515,-65.008934,13.9436245,-11.169304,-26.91581,31.458153,-0.1278196,-1.6895051,-77.16796,-36.770878,19.948277,-16.740265,-34.247097,-13.943018,-18.210787
544,-11.625717163085938,0.5686008334159851,73.67745208740234,2.90474867092822,-3.8150409175874276,-60.82922181572669,-11.839077,29.20736,8.173804,52.190273,-10.299327,-15.000033,-16.380577,-33.033978,0.19071923,46.165855,-7.783877,15.000033,-7.864077,-3.9375014,24.396313,-64.88328,13.328119,-11.565313,-26.419584,31.733917,-0.1762524,-1.6130749,-76.776566,-37.528793,19.643103,-16.900986,-33.979076,-13.866957,-18.425041
545,-11.263765335083008,0.7694814801216125,73.73821258544922,2.9260295456743832,-3.823486880514729,-60.54115909957312,-11.43772,30.261131,8.9922085,50.819447,-10.012937,-15.000033,-16.979795,-33.801575,-0.704504,47.731354,-8.750219,15.000033,-7.638979,-4.1760244,24.271162,-64.64188,12.66922,-11.989956,-25.96855,32.09173,-0.20302382,-1.58901,-76.253876,-38.255505,19.277374,-17.046406,-33.653477,-13.787024,-18.707342
546,-10.91683292388916,0.9603919386863708,73.73655700683594,2.7455490381037855,-3.838525241504107,-60.29620094899952,-11.00355,31.979956,10.237435,49.52767,-9.604115,-15.000033,-17.454647,-34.25894,-1.759562,49.330677,-10.27618,15.000033,-7.3808923,-4.2545013,24.14374,-64.28987,11.970609,-12.435793,-25.548027,32.512066,-0.2177466,-1.6035472,-75.641945,-38.94395,18.849379,-17.154268,-33.284584,-13.712099,-19.038803
547,-10.563875198364258,1.153419017791748,73.6832046508789,2.5194129096934073,-3.865056842699559,-60.07424866342799,-10.502006,33.75632,11.600594,48.195465,-9.0468025,-15.000033,-17.860722,-34.511925,-2.716428,50.86472,-11.967126,15.000033,-7.1120925,-4.293014,24.015974,-63.82166,11.241713,-12.880729,-25.199064,32.94537,-0.23890667,-1.6635094,-74.96411,-39.597553,18.372408,-17.251528,-32.935955,-13.650626,-19.347942
548,-10.19732666015625,1.355656623840332,73.57758331298828,2.3974743187507146,-3.892940915759333,-59.840850132779174,-9.950939,34.996834,12.706283,46.670002,-8.220728,-15.000033,-18.274738,-34.657707,-3.3155847,52.228645,-13.418734,15.000033,-6.8651056,-4.4092293,23.879868,-63.23341,10.497344,-13.300285,-24.963266,33.334232,-0.28515908,-1.775632,-74.23848,-40.22766,17.858385,-17.368587,-32.670322,-13.609627,-19.563831
549,-9.824352264404297,1.5753474235534668,73.43479919433594,2.394888729911139,-3.910913919696477,-59.590502458962405,-9.376366,35.65217,13.5009,44.827244,-6.793937,-15.000033,-18.736023,-34.647366,-3.464786,53.41059,-14.663809,15.000033,-6.651456,-4.6142106,23.72312,-62.498802,9.74395,-13.691462,-24.87123,33.65204,-0.36219788,-1.9759911,-73.456055,-40.831593,17.292246,-17.511995,-32.511414,-13.597698,-19.642815
550,-9.442597389221191,1.8013070821762085,73.2543716430664,2.4329708612659986,-3.9174234575727245,-59.34197184705579,-8.794764,36.00699,14.1246605,42.76805,-4.8813295,-15.000033,-19.227066,-34.428303,-3.3138843,54.46795,-15.867879,15.000033,-6.4555097,-4.8494744,23.549007,-61.62516,8.983106,-14.07047,-24.899782,33.92822,-0.45935294,-2.2472618,-72.613976,-41.40478,16.672855,-17.668217,-32.422333,-13.6075115,-19.631815
551,-9.062405586242676,2.031942367553711,73.03866577148438,2.5268200787356303,-3.917283651028837,-59.09116815108342,-8.2372465,35.99554,14.436667,40.66189,-2.9943333,-15.000033,-19.745668,-34.098263,-2.9614859,55.40669,-16.83277,15.000033,-6.288299,-5.1318135,23.361504,-60.645752,8.227398,-14.433195,-25.015932,34.193893,-0.57048935,-2.517098,-71.67876,-41.97438,16.007883,-17.905493,-32.354504,-13.619988,-19.593292
552,-8.679286003112793,2.264805316925049,72.78228759765625,2.6883832372664727,-3.914651962944448,-58.83598827295549,-7.710643,35.563015,14.301155,38.660103,-1.648526,-15.000033,-20.280214,-33.761017,-2.506011,56.221676,-17.358002,15.000033,-6.095645,-5.462086,23.210367,-59.628567,7.473719,-14.814135,-25.201265,34.465237,-0.68281746,-2.7029743,-70.76671,-42.548634,15.358344,-18.137403,-32.311035,-13.61372,-19.60315
553,-8.291105270385742,2.5091142654418945,72.49327087402344,2.936853568199902,-3.912310985822145,-58.60972169222779,-7.1173186,34.548946,13.478166,36.606358,-0.82654667,-15.000033,-20.837221,-33.225216,-1.7519238,56.798695,-17.130117,15.000033,-5.8745575,-5.8623424,23.082932,-58.524384,6.7263184,-15.185091,-25.470938,34.770435,-0.8018177,-2.7758,-69.76533,-43.150513,14.680835,-18.495054,-32.259117,-13.570149,-19.678152
554,-7.9108147621154785,2.7643556594848633,72.17960357666016,3.251935174861995,-3.933111209172813,-58.42450172499322,-6.384873,33.077053,12.092304,34.457577,-0.33584848,-15.000033,-21.370392,-32.498665,-0.74054015,57.174282,-16.372364,15.000033,-5.6074915,-6.3147974,23.002708,-57.33234,5.981935,-15.556815,-25.833208,35.086678,-0.928282,-2.777249,-68.65715,-43.786182,13.950472,-18.971598,-32.207134,-13.5028715,-19.783442
555,-7.563282012939453,3.0105371475219727,71.8753433227539,3.593573331243437,-3.9959138311661264,-58.237243611908525,-5.6097083,31.500021,10.550905,32.54428,-0.42881155,-15.000033,-21.842655,-31.989258,0.111024976,57.574482,-15.645433,15.000033,-5.319526,-6.7816205,22.987652,-56.14441,5.241614,-15.953693,-26.22768,35.37881,-1.0534073,-2.7492228,-67.493065,-44.46708,13.196778,-19.492388,-32.14718,-13.441161,-19.899197
556,-7.1854143142700195,3.266432046890259,71.44305419921875,3.9315396816233203,-4.085318530079905,-57.9820484237105,-5.0043473,30.13213,9.264377,31.213413,-1.3113837,-15.000033,-22.290443,-32.113487,0.42374521,58.223396,-15.458405,15.000033,-5.0816493,-7.2383437,23.003872,-55.040115,4.515996,-16.381445,-26.588785,35.61414,-1.1705645,-2.736911,-66.26342,-45.221653,12.426425,-20.041742,-32.04787,-13.413621,-20.00386
557,-6.784542083740234,3.532845973968506,70.91648864746094,4.264191513536398,-4.174259324801683,-57.63656382438555,-4.664663,29.010042,8.369436,30.604939,-3.3220267,-15.000033,-22.779799,-33.161007,-0.049801696,59.22156,-15.979936,15.000033,-4.921544,-7.6822157,23.012774,-54.010803,3.7997317,-16.831373,-26.930637,35.766613,-1.2697948,-2.7417426,-65.01625,-46.06808,11.673024,-20.599812,-31.90036,-13.428955,-20.098724
558,-6.401582717895508,3.794630527496338,70.34506225585938,4.60531303720681,-4.271407181239575,-57.21646579327553,-4.5442567,27.96843,7.625014,30.57096,-6.259005,-15.000033,-23.263844,-34.87774,-1.0407904,60.427616,-16.92096,15.000033,-4.8173847,-8.123496,23.029793,-53.02496,3.0885377,-17.29702,-27.274597,35.857933,-1.35826,-2.744325,-63.697903,-47.014385,10.899212,-21.21258,-31.703394,-13.468536,-20.195082
559,-6.058846950531006,4.041549205780029,69.76178741455078,4.9562232771849475,-4.393107302913002,-56.70147223529002,-4.6838326,26.993233,6.910211,31.012766,-9.478777,-15.000033,-23.654207,-36.867268,-2.14395,61.699684,-18.074707,15.000033,-4.7354264,-8.560964,23.110733,-52.138924,2.3901696,-17.82556,-27.591454,35.923058,-1.448106,-2.7485967,-62.22471,-48.055885,10.032232,-21.88797,-31.481323,-13.520661,-20.291597
560,-5.778623580932617,4.27156925201416,69.17717742919922,5.326074922968849,-4.546391074083363,-56.08617972325226,-5.0986032,26.064665,6.128902,31.797295,-12.321588,-15.000033,-23.931604,-38.71501,-2.9325728,62.90054,-19.200623,15.000033,-4.645787,-9.007645,23.289434,-51.409042,1.728179,-18.44954,-27.840742,35.993813,-1.5522187,-2.7599185,-60.44125,-49.191185,8.953124,-22.692049,-31.228975,-13.574984,-20.38234
561,-5.53800630569458,4.488576412200928,68.58544921875,5.772253020606209,-4.731006873676521,-55.296771016600644,-5.8550906,25.11627,5.293986,32.939034,-14.698951,-15.000033,-24.129246,-40.467224,-3.3119495,64.04166,-20.344418,15.000033,-4.587679,-9.559827,23.582895,-50.90205,1.1240724,-19.205696,-28.000591,36.06984,-1.6811856,-2.7679968,-58.31551,-50.436203,7.5959845,-23.65637,-30.981146,-13.633984,-20.417765
562,-5.333572864532471,4.696865558624268,68.0295181274414,6.2753216523925435,-4.943319534851367,-54.36244986424012,-6.921384,24.158329,4.4815726,34.474823,-16.912647,-15.000033,-24.2749,-42.297314,-3.4939387,65.176056,-21.589088,15.000033,-4.5318646,-10.182522,23.982433,-50.585896,0.5748798,-20.08157,-28.108034,36.126488,-1.8203424,-2.765569,-55.828705,-51.778854,5.953421,-24.774107,-30.730509,-13.7002,-20.4204
563,-5.161052703857422,4.913802146911621,67.51187133789062,6.739746525886058,-5.174016225785667,-53.44232612899326,-8.141419,23.280888,3.6915834,36.27696,-18.89225,-15.000033,-24.401258,-43.95844,-3.4879065,66.23677,-22.717611,15.000033,-4.3713975,-10.705232,24.456324,-50.352253,0.070049286,-21.017529,-28.210743,36.170414,-1.9461614,-2.7665546,-52.856342,-53.16828,3.9836428,-26.05127,-30.364557,-13.7671795,-20.487722
564,-5.018778324127197,5.135756969451904,67.01837158203125,7.070244544494633,-5.405613067900378,-52.693868909148634,-9.351286,22.585466,2.9136305,38.21927,-20.571539,-15.000033,-24.540562,-45.197758,-3.307673,67.16558,-23.514133,15.000033,-3.9717846,-10.929597,25.001692,-50.086597,-0.41673186,-21.982538,-28.385986,36.202847,-2.0336354,-2.782286,-49.433334,-54.489185,1.7613578,-27.36581,-29.879265,-13.829766,-20.725388
565,-4.888622283935547,5.359797477722168,66.52179718017578,7.225849430152729,-5.627305983806094,-52.0747264430286,-10.723569,22.100908,1.9878588,40.53267,-21.884615,-15.000033,-24.659214,-45.92785,-2.9587667,67.95495,-23.900196,15.000033,-3.3666606,-10.817664,25.608011,-49.818512,-0.89558375,-22.943312,-28.582514,36.219395,-2.0808818,-2.8232667,-45.647823,-55.692802,-0.6586819,-28.632757,-29.244003,-13.904811,-21.232155
566,-4.779128551483154,5.533779621124268,66.08610534667969,7.260003075916538,-5.84785707822492,-51.52949095685865,-12.2442875,21.788721,0.9458958,43.179585,-22.888103,-15.000033,-24.764833,-46.291195,-2.4466722,68.6543,-23.99974,15.000033,-2.6439354,-10.472135,26.250143,-49.588837,-1.3553807,-23.889523,-28.756783,36.231964,-2.1037986,-2.8896875,-41.53165,-56.76943,-3.2683084,-29.870434,-28.479982,-14.0026455,-21.922455
567,-4.682165145874023,5.634639263153076,65.75320434570312,7.223069041677448,-6.07587840308545,-51.192794180273914,-13.494277,21.665274,0.06218781,45.63917,-23.69919,-15.000033,-24.925564,-46.382153,-1.7988348,69.2824,-23.90457,15.000033,-1.7906094,-9.887921,26.89172,-49.256622,-1.7875502,-24.817446,-29.03685,36.269398,-2.1060123,-2.980916,-37.24004,-57.607635,-5.879452,-31.015202,-27.735645,-14.100118,-22.625046
568,-4.573513984680176,5.678194046020508,65.51598358154297,7.171999987434338,-6.313850925981152,-51.19780850514686,-14.083118,21.729542,-0.36332688,47.400383,-24.433002,-15.000033,-25.198591,-46.289696,-1.0353354,69.84182,-23.704327,15.000033,-0.8455883,-9.087301,27.467882,-48.66685,-2.1681323,-25.696453,-29.528326,36.367195,-2.0945663,-3.1039574,-33.09756,-58.035492,-8.140404,-31.929424,-27.206635,-14.174624,-23.15827
569,-4.434250354766846,5.678979396820068,65.36553192138672,7.088150851192118,-6.587149394218986,-51.62343024857548,-13.843851,22.037512,-0.20560151,48.298897,-25.108747,-15.000033,-25.507639,-45.98226,-0.22663242,70.2998,-23.402739,15.000033,0.15872459,-8.07024,27.961563,-47.626587,-2.4552436,-26.48531,-30.299776,36.585922,-2.0869548,-3.277441,-29.281422,-57.91815,-9.779354,-32.58253,-26.997433,-14.237569,-23.480604
570,-4.26421594619751,5.637095928192139,65.2901382446289,6.955572908235137,-6.886744435714458,-52.382735787430356,-13.012042,22.55742,0.38112223,48.61877,-25.664154,-15.000033,-25.817856,-45.42154,0.63914347,70.65846,-22.96323,15.000033,1.1174451,-6.945625,28.329824,-46.2526,-2.585366,-27.138124,-31.205832,36.903355,-2.0797486,-3.5059242,-25.679707,-57.27049,-10.885921,-33.14408,-26.964128,-14.314834,-23.65211
571,-4.080064296722412,5.572411060333252,65.27973175048828,6.8392985952229735,-7.156699843811781,-53.360987614908936,-11.807605,23.143135,1.2975351,48.523594,-26.08863,-15.000033,-26.252039,-44.673847,1.6735324,70.962456,-22.406605,15.000033,2.0460145,-5.7376924,28.61825,-44.832,-2.5459352,-27.742771,-32.239937,37.19589,-2.0349681,-3.7514594,-22.859154,-56.053204,-11.10215,-33.256626,-27.415367,-14.38983,-23.669384
572,-3.89796781539917,5.470879554748535,65.32215881347656,6.803777736704567,-7.342301721554989,-54.444269195692726,-10.458532,23.662693,2.4256742,48.174747,-26.364784,-15.000033,-26.925667,-43.809277,2.9869378,71.25873,-21.757391,15.000033,2.6935163,-4.7717032,28.623644,-43.680332,-2.2567205,-28.14963,-33.038403,37.399162,-1.9350371,-4.0183725,-20.245045,-54.46232,-11.036544,-33.41102,-27.754356,-14.46718,-23.48383
573,-3.7207624912261963,5.331068515777588,65.4107437133789,6.928621655012394,-7.435840393148068,-55.58786886834417,-8.987195,24.005953,3.751339,47.58592,-26.491941,-15.000033,-27.933022,-43.007236,4.686588,71.76066,-20.898254,15.000033,3.1149623,-4.015148,28.393242,-42.633545,-1.720009,-28.498678,-33.811897,37.43038,-1.7767551,-4.2252245,-17.931461,-52.521996,-10.655644,-33.403904,-28.111187,-14.519995,-22.979273
574,-3.5403780937194824,5.16474723815918,65.54839324951172,7.151975265041809,-7.458171775112461,-56.861592167674395,-7.2837133,24.258171,5.329775,46.678036,-26.475029,-15.000033,-29.164135,-42.144726,6.669873,72.375046,-19.845417,15.000033,3.3854954,-3.3751652,27.981804,-41.589466,-0.934903,-28.773523,-34.649895,37.34617,-1.5680654,-4.3979278,-15.843258,-50.236897,-9.926382,-33.30183,-28.532911,-14.559264,-22.213522
575,-3.3718466758728027,4.96275520324707,65.74329376220703,7.320857088300395,-7.392281916681886,-58.31591275871994,-5.382187,24.584915,7.1439385,45.480625,-26.310263,-15.000033,-30.40989,-40.8751,8.716736,72.69459,-18.842014,15.000033,3.5851703,-2.7652752,27.465725,-40.879936,0.1275019,-28.879087,-35.434505,37.221615,-1.2768179,-4.642791,-13.852739,-47.72273,-8.964139,-33.368565,-28.925985,-14.611586,-21.462206
576,-3.2298636436462402,4.72651481628418,65.99317932128906,7.296928237515647,-7.237789743782768,-59.993555050765046,-3.2949293,25.132668,9.194498,44.022144,-25.993773,-15.000033,-31.444298,-38.91716,10.617973,72.31292,-18.15956,15.000033,3.7954092,-2.079585,26.935686,-40.804565,1.5011989,-28.756529,-36.0947,37.123756,-0.8680218,-5.0588803,-11.87723,-45.166508,-7.8824,-33.824192,-29.165636,-14.685472,-21.01002
577,-3.1045620441436768,4.461064338684082,66.30484771728516,7.012615739194857,-7.026935654986206,-61.957746134034664,-0.8676429,25.950712,11.592428,42.17439,-25.458942,-15.000033,-32.078213,-35.94745,12.494928,71.04119,-18.02385,15.000033,4.060265,-1.193611,26.429968,-41.322334,3.1980102,-28.405737,-36.89536,37.240143,-0.32012877,-5.901581,-9.913615,-42.70305,-6.68651,-34.671036,-28.988173,-14.737012,-21.020983
578,-3.0088608264923096,4.16004753112793,66.65711212158203,6.569122882261302,-6.801889274162374,-64.12791849949492,1.9221923,26.85439,14.322652,39.95092,-24.716118,-15.000033,-32.348934,-32.30042,14.494614,69.10448,-18.32695,15.000033,4.291286,-0.16584069,25.938414,-42.238777,5.2089267,-27.89429,-37.88378,37.471767,0.34210446,-7.033755,-8.078071,-40.37185,-5.2953777,-35.706444,-28.478344,-14.754649,-21.337212
579,-2.923692226409912,3.828876495361328,67.02104949951172,6.08462123982185,-6.556583052204962,-66.35094962558844,4.8437214,27.667648,17.212545,37.601166,-23.886093,-15.000033,-32.46885,-28.680882,16.468662,66.711235,-18.789919,15.000033,4.400119,0.8317402,25.453793,-43.65011,7.5321245,-27.305878,-38.633755,37.445637,1.0965159,-7.9542527,-6.501457,-38.216263,-3.6918182,-36.80571,-28.025917,-14.789963,-21.756742
580,-2.839261293411255,3.4848451614379883,67.36863708496094,5.657391273823354,-6.230120569778876,-68.52645548712051,7.6105113,28.294777,20.101992,35.399612,-23.12106,-15.000033,-32.79802,-25.726961,18.157858,64.066124,-18.986273,15.000033,4.352991,1.6469665,24.9222,-45.68875,10.167542,-26.751839,-38.697197,36.77435,1.9352288,-8.148049,-5.302346,-36.275158,-1.8743144,-37.850292,-28.018564,-14.88513,-22.082458
581,-2.7505476474761963,3.123674154281616,67.68834686279297,5.263946798526122,-5.73454625343816,-70.73489701805535,10.189258,28.76727,23.094486,33.311577,-22.436474,-15.000033,-33.56033,-23.435339,19.377714,61.01316,-18.70123,15.000033,4.2140884,2.2951376,24.236898,-48.46581,13.108909,-26.184141,-38.20811,35.10345,2.9032235,-7.3581233,-4.488607,-34.592205,0.18907313,-38.84644,-28.596178,-15.026989,-22.313393
582,-2.6632204055786133,2.7582030296325684,67.97085571289062,4.844726695425268,-5.110115639598666,-73.02290195165278,12.700371,29.120874,26.250565,31.242397,-21.804928,-15.000033,-34.58017,-21.486382,20.224384,57.451935,-18.101917,15.000033,3.9613416,2.8289697,23.429684,-51.92428,16.329039,-25.713121,-37.296318,32.74018,3.9406407,-5.8415933,-4.099786,-33.17732,2.5236573,-39.76245,-29.518444,-15.184849,-22.560493
583,-2.6048758029937744,2.384364604949951,68.197021484375,4.416513461279289,-4.455908948931484,-75.27070837116909,15.046412,29.381477,29.337614,29.41599,-21.333672,-15.000033,-35.682926,-19.948881,20.714348,53.68867,-17.29669,15.000033,3.5469742,3.2000604,22.620827,-56.192554,19.833817,-25.651543,-35.37585,30.071764,4.882811,-3.8844168,-4.1430006,-31.978786,5.0004544,-40.51973,-30.60953,-15.371217,-22.797184
584,-2.570852756500244,2.0081050395965576,68.36510467529297,4.000685515139052,-3.8660735021829766,-77.3594473763925,17.12432,29.630793,32.110023,28.0666,-21.121868,-15.000033,-36.71709,-18.872608,20.86857,50.07469,-16.41635,15.000033,2.84943,3.3291714,21.972921,-61.217636,23.587976,-26.485111,-32.00787,27.763422,5.6221123,-1.7690457,-4.629483,-30.90434,7.546123,-41.120388,-31.708813,-15.610586,-22.981829
585,-2.5545899868011475,1.619040608406067,68.4648666381836,3.614903881772752,-3.3037488281154976,-79.30351474179864,18.903164,29.95238,34.644398,27.261822,-21.248535,-15.000033,-37.802883,-18.483782,20.378252,46.555115,-15.534698,15.000033,1.9369627,3.1626742,21.450832,-67.65343,27.61399,-28.458155,-26.976164,25.790993,6.2433066,0.84292,-5.466991,-29.884186,10.089632,-41.652214,-32.90915,-15.970008,-23.106207
586,-2.5604817867279053,1.2180978059768677,68.50392150878906,3.2149775337887343,-2.755682893754395,-81.15441273315483,20.45566,30.386581,37.014915,26.917862,-21.694,-15.000033,-38.900543,-18.574915,19.125088,43.0306,-14.6863165,15.000033,0.733488,2.6892269,21.056261,-75.529686,31.847944,-31.781418,-20.65849,23.79469,6.7262125,4.0032587,-6.6943264,-28.895924,12.744581,-42.181087,-34.27687,-16.434256,-23.176043
587,-2.6184329986572266,0.8136547207832336,68.48583221435547,2.755860690915059,-2.322419216251733,-82.85020156045927,21.816046,30.982573,38.997665,27.010702,-22.297022,-15.000033,-39.68507,-18.57009,17.61974,39.80458,-13.966727,15.000033,-1.0094473,2.0213025,20.937693,-83.7518,36.058044,-36.473923,-13.541463,21.902569,6.874218,6.8606315,-8.437622,-27.922085,15.6280575,-42.64169,-35.628067,-16.913046,-23.141077
588,-2.734924077987671,0.42093604803085327,68.42083740234375,2.227331670440566,-2.0669724393942372,-84.33796941600963,22.973911,31.744556,40.35628,27.496298,-22.868315,-15.000033,-39.978252,-17.968699,16.604197,37.141716,-13.256054,15.000033,-3.295714,1.3713366,21.13893,-91.247375,39.992245,-42.115185,-5.916471,20.257936,6.5368085,8.45898,-10.628679,-26.940367,18.636656,-42.971027,-36.77087,-17.314981,-22.94131
589,-2.9220030307769775,0.036134298890829086,68.3113784790039,1.5770732190572634,-1.9962240544667529,-85.56359239825336,23.833984,32.820427,40.884827,28.485384,-23.430616,-15.000033,-39.67871,-16.61174,16.449608,35.001522,-12.358636,15.000033,-6.0607185,0.8276251,21.690992,-98.21138,43.53953,-48.691673,2.9326034,19.398705,5.615669,8.042731,-13.123851,-25.942287,21.584688,-43.224194,-37.636494,-17.646137,-22.601482
590,-3.1511950492858887,-0.35382112860679626,68.16679382324219,0.8553283242680807,-2.057591298158468,-86.5526361364602,24.405426,34.141388,40.711113,29.892673,-23.996475,-15.000033,-38.989513,-14.842663,16.881775,33.29652,-11.309478,15.000033,-9.138287,0.38556784,22.456491,-105.0112,46.668053,-56.062305,12.731591,19.227201,4.261196,6.1851354,-15.8283,-24.914843,24.386873,-43.38935,-38.32619,-17.94915,-22.125692
591,-3.394340991973877,-0.7145594358444214,67.99952697753906,0.22009754086179112,-2.2105546717310287,-87.38611918993054,24.813734,35.36402,40.110355,31.38773,-24.34891,-15.000033,-38.269257,-12.961694,17.762009,32.236065,-10.27585,15.000033,-12.223224,0.07079038,23.234482,-110.971115,49.33489,-63.481483,22.298275,19.082512,2.7688901,3.9437053,-18.581123,-23.82151,26.944815,-43.404854,-38.882977,-18.180874,-21.443748
592,-3.623480796813965,-1.0736467838287354,67.80242156982422,-0.17371500921029825,-2.409537346991993,-88.16949357901447,25.183167,36.181103,39.39949,32.717083,-24.321724,-15.000033,-37.87317,-11.218027,18.905571,32.03641,-9.439206,15.000033,-14.992898,-0.13585441,23.87636,-115.51191,51.528038,-70.30415,30.9773,18.316114,1.4714994,2.359888,-21.210861,-22.631336,29.149326,-43.274273,-39.353153,-18.302166,-20.48689
593,-3.8347814083099365,-1.4309500455856323,67.57027435302734,-0.22191601637673214,-2.6374301833153955,-88.88591244004432,25.426313,36.465878,38.53852,33.888134,-23.853231,-15.000033,-37.961838,-9.513751,20.614792,33.11106,-8.927826,15.000033,-17.464907,-0.304932,24.44515,-118.53342,53.25252,-77.62751,40.39264,16.407484,0.32480577,1.66951,-23.601133,-21.334255,30.945028,-43.161118,-39.686325,-18.268866,-19.123262
594,-4.0380659103393555,-1.7836415767669678,67.30577087402344,-0.027611300447985668,-2.9290316842724287,-89.50603631925601,25.521257,36.43791,37.44715,35.088383,-23.079107,-15.000033,-38.25432,-7.7066145,22.827314,35.227215,-8.630802,15.000033,-19.64953,-0.5477848,25.026268,-120.81118,54.510178,-85.80384,51.02706,13.900254,-0.6906236,1.3897105,-25.729631,-19.915277,32.264935,-43.15939,-39.881058,-18.120298,-17.435644
595,-4.241851329803467,-2.1455256938934326,67.01305389404297,0.2454736655767056,-3.307789095199073,-90.12671580589326,25.691698,36.32504,36.398655,36.35248,-22.144367,-15.000033,-38.506596,-5.9944167,24.818213,37.636566,-8.3740635,15.000033,-21.295637,-0.8819447,25.530922,-122.59541,55.344223,-92.7385,60.381424,11.4523325,-1.3830208,1.4173621,-27.680777,-18.37299,33.064533,-43.11409,-40.056057,-17.942984,-15.665687
596,-4.431744575500488,-2.525033712387085,66.70458984375,0.4339238924078522,-3.777658270103284,-90.84637268741767,26.148293,36.31903,35.63642,37.65293,-21.160322,-15.000033,-38.607254,-4.6527243,25.903801,39.64441,-8.003513,15.000033,-22.259192,-1.2416072,25.922234,-123.3547,55.921364,-95.64548,65.90182,9.785211,-1.7022897,1.5324411,-29.670603,-16.754843,33.384796,-42.82918,-40.32204,-17.822409,-14.043537
597,-4.607662200927734,-2.9054670333862305,66.40201568603516,0.46732082409836206,-4.338947791418255,-91.82774067984612,27.104294,36.404064,35.36005,38.918747,-20.098093,-15.000033,-38.64147,-3.8469753,25.628494,41.006695,-7.266426,15.000033,-22.419262,-1.5601662,26.284695,-122.45325,56.46118,-92.339775,66.69925,8.888974,-1.7139641,1.8144381,-31.68039,-15.104614,33.144848,-42.49562,-40.94235,-17.831343,-12.429547
598,-4.759503364562988,-3.293299674987793,66.1380386352539,0.46023195586321186,-4.972990257778575,-92.98829432714804,28.396585,36.46768,35.429306,40.17264,-18.913685,-15.000033,-38.732708,-3.4586194,24.45706,42.152924,-6.282163,15.000033,-21.995274,-1.8116374,26.648462,-119.994316,57.016273,-84.340836,64.30308,8.507719,-1.4794899,2.3839025,-33.76495,-13.49939,32.453526,-42.11869,-41.79198,-17.91687,-10.758593
599,-4.91728401184082,-3.702561616897583,65.90084838867188,0.5269294268661681,-5.644851906709591,-94.0518204144172,29.660458,36.534412,35.53187,41.47859,-17.662418,-15.000033,-38.862648,-3.3436623,23.132008,43.415634,-5.4965377,15.000033,-21.367777,-2.0261421,26.944563,-116.53582,57.532566,-74.59288,59.92682,8.93058,-0.93118984,2.9767497,-36.181602,-12.063667,31.617395,-41.35162,-42.3822,-17.953259,-9.381349
600,-5.104685306549072,-4.122440814971924,65.68708801269531,0.7543139568708084,-6.333043109473583,-94.71811271713145,30.526846,36.64837,35.303623,42.891296,-16.40366,-15.000033,-38.950798,-3.3240342,22.402115,45.066853,-5.3939614,15.000033,-20.88609,-2.2446525,27.13424,-112.23679,57.996048,-65.846466,54.750908,10.40396,-0.030960502,3.1896102,-39.089397,-10.929173,30.937828,-39.919212,-42.236145,-17.782875,-8.666576
601,-5.312976837158203,-4.546147346496582,65.47801971435547,1.1772262363116008,-7.092714044973219,-94.95736521621757,31.070704,36.74793,34.728832,44.339046,-15.11462,-15.000033,-38.890167,-3.2323086,22.620764,47.214283,-6.26989,15.000033,-20.57109,-2.5081024,27.252922,-106.712875,58.402416,-58.310898,48.24527,13.5675745,1.4619758,2.765481,-42.443645,-10.151006,30.584564,-37.934467,-41.065716,-17.317696,-8.954289
602,-5.543450832366943,-4.964847087860107,65.28219604492188,1.7400961204268537,-7.918381658589139,-94.90176374285734,31.417622,36.803513,33.93216,45.792904,-13.75167,-15.000033,-38.696087,-3.1637688,23.338621,49.655643,-7.8094125,15.000033,-20.290922,-2.7954516,27.332184,-99.77272,58.66338,-50.480953,39.64143,18.034578,3.452186,1.8098997,-46.082626,-9.703394,30.457403,-35.647015,-39.15441,-16.661304,-10.025236
603,-5.788144111633301,-5.355237007141113,65.10507202148438,2.3812891874709,-8.706882850093125,-94.48039942801228,31.268457,36.922367,32.73196,47.37634,-12.364396,-15.000033,-38.453705,-3.323732,24.100056,52.167393,-9.587611,15.000033,-20.171112,-3.065755,27.36069,-91.462234,58.666775,-42.25687,29.952461,22.452238,5.4110804,0.44887686,-50.022346,-9.561632,30.494268,-32.982464,-36.891094,-15.922618,-11.420807
604,-6.069849967956543,-5.7213215827941895,64.93331909179688,3.0290476027708926,-9.36075462678496,-93.61889725145737,30.33206,37.219223,30.957598,49.205544,-10.985148,-15.000033,-38.269398,-3.949557,24.479485,54.546165,-11.236335,15.000033,-20.351744,-3.3706112,27.354473,-82.19308,58.250023,-33.91294,20.468548,25.399487,6.8436112,-1.0047408,-54.26467,-9.679619,30.622345,-29.937742,-34.67768,-15.172911,-12.674833
605,-6.408773899078369,-6.075904846191406,64.75861358642578,3.6836965197230502,-9.852620810761723,-92.16637772588395,28.336409,37.71706,28.290937,51.37485,-9.596263,-15.000033,-38.191956,-5.24752,24.37428,56.79749,-12.756064,15.000033,-20.955563,-3.8536558,27.268993,-72.05706,57.135826,-25.731453,11.447736,26.011408,7.6642103,-2.3558557,-58.806923,-9.981637,30.789207,-26.70532,-32.45352,-14.272677,-13.902233
606,-6.797292232513428,-6.409366607666016,64.5888900756836,4.374148935764063,-10.250337843590662,-90.19755157563262,25.466799,38.244087,24.857414,53.764637,-8.158665,-15.000033,-38.159515,-7.081051,24.02907,59.008247,-14.318159,15.000033,-21.787542,-4.585319,27.100853,-61.5564,55.056087,-18.358345,2.495976,25.136309,8.199299,-3.564543,-63.617252,-10.425252,30.931023,-23.331228,-30.050371,-13.271081,-15.270388
607,-7.211585998535156,-6.720224857330322,64.4207763671875,5.0675846157513895,-10.59702069056029,-87.97864965144184,22.13545,38.6752,21.177923,56.18971,-6.691348,-15.000033,-38.132465,-9.182502,23.556032,61.108894,-15.837801,15.000033,-22.449383,-5.4144754,26.903915,-51.870872,52.001232,-12.6795845,-5.8617773,24.026148,8.56075,-4.522472,-68.66534,-11.068771,30.98482,-19.46043,-27.770918,-12.455033,-16.358223
608,-7.623159885406494,-7.01270866394043,64.25385284423828,5.723561541082155,-10.92385538296631,-85.77646929397147,18.769709,38.98647,17.80973,58.48901,-5.236092,-15.000033,-38.079323,-11.26483,23.058725,63.036537,-17.231874,15.000033,-22.646996,-6.0823283,26.799812,-43.558548,48.241238,-8.900282,-13.343677,23.999466,8.77239,-5.3117623,-73.99961,-12.045311,31.12503,-14.699697,-25.912718,-12.056018,-16.755987
609,-8.030359268188477,-7.28900146484375,64.09297943115234,6.335130668445415,-11.224985014669564,-83.49465864917326,15.256418,39.225407,14.705741,60.663456,-3.8087718,-15.000033,-37.98302,-13.421865,22.481054,64.78952,-18.527588,15.000033,-22.525972,-6.5485897,26.854656,-35.823887,44.071526,-6.645785,-20.296282,25.638279,8.726462,-6.1159215,-79.80484,-13.453691,31.226622,-9.2415085,-24.603619,-12.101657,-16.133123
610,-8.445180892944336,-7.531069278717041,63.93280792236328,6.9052036230503235,-11.48758757394282,-81.03917682203533,11.428721,39.409245,11.6353,62.8109,-2.3990452,-15.000033,-37.869884,-15.754222,21.794565,66.40387,-19.751688,15.000033,-22.25044,-6.862189,27.108925,-28.191528,39.65167,-5.712482,-27.101404,28.19386,8.356179,-6.9474106,-86.08135,-15.304275,31.600739,-3.309256,-23.624388,-12.407678,-14.812747
611,-8.864749908447266,-7.739544868469238,63.767921447753906,7.42287187610378,-11.718549141701049,-78.69414607432078,7.653995,39.5671,8.903735,64.90139,-0.9987337,-15.000033,-37.788387,-17.961477,21.149391,67.884224,-20.834557,15.000033,-21.61503,-6.8768396,27.658327,-21.387623,35.201977,-6.0443287,-33.4729,30.932135,7.708394,-7.7716117,-92.592155,-17.525944,33.199512,3.3957386,-22.69783,-12.87901,-13.387322
612,-9.269353866577148,-7.8997931480407715,63.594825744628906,7.8723080347663235,-11.919352159090623,-76.74515832468123,4.281255,39.773293,6.7805266,66.92359,0.37666136,-15.000033,-37.80315,-19.738964,20.692263,69.23717,-21.697502,15.000033,-20.377409,-6.4818234,28.517124,-16.149963,30.994404,-7.398861,-38.922466,33.089943,6.875562,-8.565243,-98.97808,-19.966259,36.80214,11.112937,-21.551224,-13.457533,-12.40545
613,-9.659645080566406,-8.015564918518066,63.42015075683594,8.202396269688501,-12.113055678348807,-75.28629852064924,1.2918632,40.158978,5.2280445,69.0197,1.7530612,-15.000033,-37.92264,-20.92594,20.432663,70.494194,-22.306673,15.000033,-18.4475,-5.660235,29.723814,-12.371662,27.26179,-9.362872,-43.101646,34.268597,5.863077,-9.446032,-105.71354,-22.530962,42.590427,20.331966,-20.080856,-14.215402,-12.199798
614,-10.023387908935547,-8.083673477172852,63.239200592041016,8.496413373980333,-11.979863483309302,-74.1203687984528,-1.8834611,40.631733,4.0490003,71.235405,3.103814,-15.000033,-38.53775,-21.731905,20.389309,71.68177,-22.664436,15.000033,-15.908808,-4.6822157,29.793802,-9.971817,24.049866,-12.243491,-44.824883,34.72437,4.695842,-10.367639,-111.30649,-25.098606,49.744225,30.030107,-18.584087,-15.205314,-12.449822
615,-10.350892066955566,-8.107860565185547,63.07084655761719,8.757894870291516,-11.799820005674306,-73.22206624879968,-4.6491375,41.197197,3.369475,73.194885,4.366947,-15.000033,-39.226944,-22.264479,20.482502,72.73826,-22.894411,15.000033,-12.994788,-3.697602,29.793802,-8.815425,21.370863,-15.310529,-45.442398,34.90376,3.5735035,-11.11194,-115.987946,-27.59812,57.910336,39.148552,-17.219889,-16.194305,-12.470703
616,-10.64760684967041,-8.095033645629883,62.92060470581055,9.088567119966225,-11.58984950834554,-72.51937584119385,-6.7532687,41.775726,3.340475,74.61091,5.4833198,-15.000033,-39.931633,-22.700024,20.735577,73.628716,-23.088776,15.000033,-10.051475,-2.920134,29.793802,-8.767206,19.178549,-18.214058,-45.674538,35.20957,2.6310036,-11.425428,-119.318634,-29.958065,66.797035,46.98129,-16.175064,-17.046154,-11.666714
617,-10.932205200195312,-8.081605911254883,62.800777435302734,9.580840707795781,-11.256653191246341,-72.14415120559822,-8.132988,42.39998,4.1974316,75.52132,6.5471563,-15.000033,-40.83001,-22.927153,21.337019,74.36403,-23.204004,15.000033,-7.019394,-2.4069102,29.793802,-9.792653,17.486223,-20.825697,-45.742645,35.753574,1.8800404,-11.0112705,-121.331696,-32.196503,78.54447,54.70572,-15.819369,-17.868027,-9.362587
618,-11.20910358428955,-8.098589897155762,62.7216682434082,10.170031550943785,-10.812764636939855,-72.08350563376668,-8.869929,43.12302,5.8498964,76.0703,7.5291715,-15.000033,-41.902588,-22.883675,22.206692,74.96425,-23.212906,15.000033,-3.8601866,-2.0213652,29.793802,-11.708241,16.223211,-23.16148,-45.558235,36.330566,1.2826067,-10.028693,-123.34396,-34.327736,93.15362,62.779297,-16.03055,-18.651525,-6.1977825
619,-11.465636253356934,-8.117798805236816,62.68734359741211,10.755428923761286,-10.388608785817935,-72.02945198842293,-8.999042,43.846107,7.9998016,76.13462,8.202319,-15.000033,-42.873665,-22.871386,23.004667,75.40992,-23.217026,15.000033,-0.92560613,-1.7063793,29.793802,-14.233624,15.199689,-25.218208,-45.251877,36.86443,0.8452071,-8.947309,-125.85478,-36.247707,106.51174,69.50573,-16.166655,-19.176754,-3.4297183
620,-11.703736305236816,-8.14113712310791,62.692718505859375,11.253451144960854,-10.12732036173902,-71.6723456813448,-8.584456,44.433155,10.34184,75.566956,8.375085,-15.000033,-43.46678,-23.232115,23.422668,75.67861,-23.32365,15.000033,1.2409736,-1.7377146,29.793802,-17.137022,14.294424,-26.757324,-44.746487,37.352737,0.54039955,-8.320519,-127.74871,-37.861523,113.311195,73.50353,-15.9355955,-19.332417,-2.2408924
621,-11.918411254882812,-8.168910026550293,62.74610137939453,11.681435145005551,-9.982434847967184,-70.92203975214491,-7.5661764,44.906654,13.12915,74.2653,7.9456916,-15.000033,-43.707474,-24.121729,23.388334,75.73808,-23.590384,15.000033,2.497312,-1.5187867,29.793802,-19.828444,13.4222355,-27.776861,-45.013996,37.559258,0.31696382,-8.171378,-128.39975,-39.22339,113.06368,74.64391,-13.106134,-19.209135,-3.1216109
622,-12.109107971191406,-8.209436416625977,62.84421157836914,12.085323439292893,-9.888430281047269,-69.93253220536766,-5.970699,45.18771,16.406982,72.3066,7.0993476,-15.000033,-43.722378,-25.372938,23.06951,75.60241,-23.948221,15.000033,2.9824636,-1.0884838,29.793802,-22.497133,12.600518,-28.253813,-45.8744,37.601578,0.16880623,-8.298265,-127.86918,-40.441437,108.290764,74.078896,-8.430317,-19.081423,-5.2258167
623,-12.278051376342773,-8.261089324951172,62.97459411621094,12.410286928904336,-9.889817001375944,-68.75045607930626,-4.1997313,45.038258,19.425325,69.82012,6.045645,-15.000033,-43.462627,-26.83742,22.506866,75.314606,-24.292383,15.000033,2.6791792,-0.9326899,29.793802,-25.524437,11.976475,-28.113676,-46.41897,37.67108,0.17377342,-8.731541,-126.285835,-41.5522,100.455986,72.39276,-4.82572,-19.042835,-7.6062965
624,-12.405924797058105,-8.320619583129883,63.136661529541016,12.570181533976431,-9.967487438395002,-67.41523562450307,-2.7692595,44.36322,21.38816,66.96218,4.9466953,-15.000033,-42.940517,-28.336075,21.721422,74.92083,-24.508821,15.000033,1.8324609,-0.8427267,29.793802,-28.88839,11.696589,-27.594145,-46.47627,37.72187,0.44809785,-9.341221,-124.213905,-42.58129,92.74801,69.81469,-4.1868353,-18.95178,-9.135218
625,-12.499836921691895,-8.370606422424316,63.32417297363281,12.460442252597081,-10.157466784670852,-65.78870369217462,-1.9026934,43.1669,21.80906,63.679066,3.6357,-15.000033,-42.02108,-29.898203,20.549723,74.45977,-24.586477,15.000033,0.36286286,-0.6293289,29.793802,-32.54539,11.787232,-26.768057,-46.280544,37.75058,1.1752852,-10.226931,-121.34798,-43.58133,84.91434,65.4799,-8.066042,-18.593412,-9.340043
626,-12.541894912719727,-8.400757789611816,63.543975830078125,12.115860322793408,-10.446990543181952,-63.92777460794178,-1.2398534,41.583893,21.096918,59.915188,2.0026102,-15.000033,-40.680443,-31.521595,18.974333,73.90867,-24.579596,15.000033,-1.5912123,-0.33797884,29.793802,-36.602886,12.208979,-25.766808,-45.846973,37.766815,2.256124,-11.352206,-117.48782,-44.49975,75.534195,59.020855,-14.995946,-18.015257,-8.888141
627,-12.546674728393555,-8.421601295471191,63.79277801513672,11.678428064722883,-10.632421055930696,-62.130389447146065,-0.56456363,39.801933,19.86196,55.86193,0.28983253,-15.000033,-39.27873,-32.99123,17.275423,73.22302,-24.455297,15.000033,-3.4856222,-0.1456741,29.36582,-41.168133,12.931131,-24.943077,-44.44528,37.63573,3.3984308,-12.343818,-112.66645,-45.257942,66.056816,51.672585,-22.245699,-17.372742,-8.323767
628,-12.509088516235352,-8.442010879516602,64.0709457397461,11.323043487480861,-10.639503606003787,-60.70126841731946,0.40444174,37.981033,18.767462,51.6565,-1.1870601,-15.000033,-38.08243,-34.16022,15.774782,72.35067,-24.204283,15.000033,-5.0251517,-0.19868122,28.584312,-46.072487,13.8165,-24.719208,-41.84493,37.656666,4.3007026,-12.864854,-107.4897,-45.8458,58.25888,45.03784,-27.037403,-16.752783,-8.136508
629,-12.430743217468262,-8.452885627746582,64.3861312866211,11.134493775666908,-10.552558459756169,-59.71554922881017,1.8664453,36.117462,18.032187,47.143597,-2.2117648,-15.000033,-37.072914,-35.07127,14.592411,71.25998,-23.852915,15.000033,-6.143945,-0.41830096,27.70386,-51.930355,14.985206,-24.660412,-37.836422,37.36623,4.8290887,-13.062475,-102.339455,-46.40207,53.36419,39.86464,-28.313305,-16.135715,-8.594835
630,-12.306620597839355,-8.4502534866333,64.7576675415039,11.00831456174673,-10.413974884589662,-59.0087550769089,3.6686318,34.223053,17.317465,42.276627,-2.9651854,-15.000033,-36.12344,-35.79765,13.560485,69.98215,-23.407701,15.000033,-7.1863317,-0.77305645,26.813683,-58.20684,16.380043,-25.04424,-33.03278,37.215775,5.1667166,-13.001406,-96.8785,-46.94674,50.156086,35.21829,-27.650967,-15.503972,-9.403126
631,-12.15450668334961,-8.424824714660645,65.16959381103516,10.826313269582386,-10.228129999880155,-58.5288529048838,5.640737,32.491467,16.523624,37.341038,-3.6471295,-15.000033,-35.171368,-36.279354,12.553409,68.53738,-22.846363,15.000033,-8.1568575,-1.0777963,26.039976,-64.63722,17.888536,-25.813078,-27.58417,36.87068,5.3502893,-12.55841,-91.28123,-47.446655,47.37944,30.80702,-26.221197,-14.919785,-10.205956
632,-11.966209411621094,-8.383883476257324,65.60858154296875,10.471632222899405,-9.995584777774962,-58.21758219722357,7.592974,31.130259,15.611593,32.668068,-4.4388766,-15.000033,-34.154457,-36.449112,11.439603,66.94257,-22.14371,15.000033,-9.069408,-1.1107291,25.51789,-70.834496,19.323198,-26.858467,-21.707653,36.14821,5.4001694,-11.630918,-85.64474,-47.768173,43.71802,26.25799,-25.316158,-14.40481,-10.594674
633,-11.750980377197266,-8.317474365234375,66.0596694946289,9.852618263273358,-9.69646843797295,-58.18172528452204,9.575447,30.301678,14.606674,28.239658,-5.4048257,-15.000033,-33.100616,-36.12513,10.215664,65.2027,-21.304167,15.000033,-9.797438,-0.6655815,25.273676,-76.747375,20.555262,-27.985771,-15.380596,35.109154,5.306826,-10.147509,-80.09049,-47.789597,39.002964,21.691994,-25.117176,-13.963007,-10.286502
634,-11.513527870178223,-8.22469711303711,66.53443908691406,9.042706031102757,-9.326454739462644,-58.377322538231994,11.48068,29.996986,13.707962,24.18302,-6.432242,-15.000033,-32.05754,-35.415237,8.950034,63.292328,-20.329678,15.000033,-10.359693,0.16641566,25.204176,-82.57678,21.543444,-29.195297,-8.4778595,33.862537,5.0070715,-8.247382,-74.60394,-47.457535,34.032482,17.369127,-25.050312,-13.595728,-9.558631
635,-11.272058486938477,-8.097710609436035,67.03990173339844,8.202500311362275,-8.917683346102786,-58.54737693039166,12.958529,29.987705,13.048442,20.942772,-7.4969263,-15.000033,-30.979769,-34.681126,7.638222,61.18158,-19.190275,15.000033,-10.989728,1.1644361,25.219358,-88.25656,22.249268,-30.539963,-0.9445433,32.339325,4.4200983,-6.1834693,-69.494354,-46.745914,29.34659,13.365337,-24.98945,-13.29263,-8.81092
636,-11.031935691833496,-7.929415225982666,67.60110473632812,7.499506752312092,-8.503850717364656,-58.45479624306429,13.83597,29.885443,12.612633,18.61919,-8.513418,-15.000033,-29.809782,-34.272194,6.271098,58.861664,-17.866022,15.000033,-11.915409,2.07532,25.223276,-93.74912,22.650002,-32.10862,7.4499483,30.48383,3.4783728,-4.212488,-65.00723,-45.697166,25.39391,9.736697,-24.84695,-13.039699,-8.440213
637,-10.784438133239746,-7.715913772583008,68.20960998535156,6.970168292833255,-8.065694178139195,-58.00257298645431,14.1128235,29.409195,12.151446,16.929684,-9.409791,-15.000033,-28.487776,-34.27093,4.7605667,56.26373,-16.370169,15.000033,-13.284422,2.8688588,25.18701,-99.30119,22.705786,-33.906635,17.83775,28.137264,1.9334816,-2.1743789,-61.253555,-44.39079,22.278208,6.5504127,-24.646353,-12.825713,-8.613997
638,-10.543344497680664,-7.459074020385742,68.84807586669922,6.536814591803607,-7.592571049981271,-57.34169353042896,14.006569,28.657665,11.652061,15.63581,-10.188945,-15.000033,-27.046455,-34.470776,3.1142726,53.428165,-14.709469,15.000033,-14.86224,3.6945293,25.076632,-104.75,22.422794,-35.776752,29.832312,25.516796,-0.083587624,-0.12440804,-58.069656,-42.907867,19.766222,3.8952472,-24.46837,-12.669947,-9.096918
639,-10.302021980285645,-7.182112216949463,69.51678466796875,6.193483909081711,-7.126062412526723,-56.60392357121428,13.731688,27.805605,11.404616,14.752414,-10.800707,-15.000033,-25.566246,-34.768158,1.4622624,50.537388,-12.892036,15.000033,-16.358156,4.4953847,24.81038,-109.51056,21.890074,-37.65118,41.4046,23.01346,-2.0144515,1.4831707,-54.948875,-41.343838,17.563658,1.5025878,-24.337002,-12.599634,-9.676518
640,-10.060408592224121,-6.888846397399902,70.1980972290039,5.944111335741259,-6.713664836966564,-55.92158843804437,13.471563,27.037338,11.707079,14.338511,-11.228248,-15.000033,-24.142494,-35.097084,-0.062842965,47.762714,-10.896443,15.000033,-17.558027,5.166098,24.421846,-113.15918,21.227612,-39.58593,50.709225,20.868727,-3.32244,2.304978,-51.598244,-39.761276,15.442865,-0.8941346,-24.198576,-12.63564,-10.136578
641,-9.8245849609375,-6.595783710479736,70.89311981201172,5.805862485544162,-6.368146273606296,-55.227538808452124,13.149195,26.366306,12.749286,14.527096,-11.465748,-15.000033,-22.700998,-35.504566,-1.4977266,45.039,-8.6581,15.000033,-18.60531,5.6430984,24.047777,-115.86277,20.521544,-42.155567,58.184902,18.938046,-3.7158916,1.8861295,-48.03193,-38.202488,13.359595,-3.4630783,-23.949448,-12.781343,-10.458611
642,-9.583893775939941,-6.301037788391113,71.59363555908203,5.771322048156205,-6.068625599761458,-54.48517277117184,12.694527,25.709242,14.324128,15.251316,-11.529155,-15.000033,-21.236734,-35.985897,-2.9038668,42.329258,-6.2119417,15.000033,-19.57292,5.9631963,23.699228,-117.92616,19.800707,-45.25439,64.768,17.075676,-3.4754064,0.6297741,-44.29494,-36.68085,11.3292885,-6.203014,-23.601662,-13.028986,-10.727572
643,-9.320565223693848,-6.003295421600342,72.27876281738281,5.810347702494223,-5.808274992492688,-53.87022753647641,12.273184,25.107956,16.142597,16.306847,-11.446884,-15.000033,-19.96232,-36.432484,-4.1390476,39.839664,-3.7049372,15.000033,-20.253325,6.151439,23.308598,-119.27029,19.086578,-48.01043,69.673096,15.457392,-3.0399208,-0.53672993,-40.343502,-35.165123,9.349461,-9.109381,-23.25167,-13.365885,-10.890132
644,-9.032221794128418,-5.717038154602051,72.94161224365234,5.894176764888425,-5.580047979053981,-53.5620571143309,12.071555,24.59439,17.91908,17.472157,-11.236657,-15.000033,-19.094856,-36.767887,-5.0384517,37.780155,-1.2913226,15.000033,-20.486685,6.22427,22.82219,-119.71324,18.39217,-49.517822,71.955,14.205486,-2.9235477,-0.7450999,-36.257027,-33.607094,7.5064425,-12.088095,-22.995607,-13.77436,-10.899655
645,-8.719303131103516,-5.441330909729004,73.56645202636719,6.078187923514557,-5.386999361615263,-53.67872487733779,12.228839,24.150866,19.817741,18.784948,-10.851898,-15.000033,-18.788267,-37.07465,-5.3951135,36.172825,1.1729792,15.000033,-20.145613,6.1409235,22.153349,-119.14931,17.74434,-49.384083,70.831696,13.017437,-3.504857,0.69182724,-32.039238,-31.96248,5.8451962,-15.021226,-22.862555,-14.28873,-10.675271
646,-8.40405559539795,-5.167524337768555,74.14492797851562,6.351770016052543,-5.233416991224626,-54.10467136447001,12.652511,23.751732,21.900925,20.287735,-10.282628,-15.000033,-18.925772,-37.379284,-5.306792,34.950703,3.6770792,15.000033,-19.392353,5.8987336,21.341133,-117.70071,17.17364,-48.107296,67.01634,11.978484,-4.4873204,3.1364295,-27.840742,-30.245049,4.4226065,-17.803566,-22.797163,-14.896478,-10.267857
647,-8.10010814666748,-4.891966342926025,74.6749496459961,6.594419235832585,-5.113994329073334,-54.66690876875204,13.165283,23.413979,23.734222,21.789425,-9.609173,-15.000033,-19.2791,-37.556458,-5.08171,34.137302,5.873951,15.000033,-18.508802,5.565336,20.510315,-115.45623,16.681177,-46.101234,61.643944,11.715521,-5.317723,5.4775443,-23.955374,-28.516935,3.3381522,-20.349506,-22.779657,-15.509824,-9.824193
648,-7.824217319488525,-4.610527992248535,75.161376953125,6.683684290572178,-5.0176676135450835,-55.18442183479104,13.555649,23.172247,24.894339,23.134592,-8.92041,-15.000033,-19.574265,-37.5071,-5.0769043,33.69574,7.4638014,15.000033,-17.76997,5.215302,19.814585,-112.48649,16.236973,-43.795883,55.822475,12.742508,-5.4004707,6.6145306,-20.599682,-26.87306,2.632034,-22.663778,-22.781372,-16.042189,-9.492837
649,-7.583991527557373,-4.323862075805664,75.59457397460938,6.586999934126611,-4.9185509328941714,-55.66366580576667,13.742718,23.049707,25.256353,24.374218,-8.21809,-15.000033,-19.769266,-37.284447,-5.668633,33.589718,8.388759,15.000033,-17.169184,4.8705735,19.265285,-108.46131,15.784399,-40.89489,49.09904,15.881978,-4.3239155,5.9634767,-17.739443,-25.386473,2.2847803,-24.783836,-22.834507,-16.476429,-9.31222
650,-7.362595081329346,-4.03184175491333,75.97698211669922,6.375196580850761,-4.829864464221664,-56.17895609430981,13.837959,23.017403,25.068003,25.57046,-7.464931,-15.000033,-19.970182,-36.94156,-6.5970087,33.78758,8.843204,15.000033,-16.492098,4.530088,18.694633,-103.3561,15.296916,-37.18473,40.94141,20.668713,-2.544719,4.1221333,-15.181028,-24.091383,2.162793,-26.64599,-22.924599,-16.853746,-9.209477
651,-7.158593654632568,-3.7473196983337402,76.2952880859375,6.081430163135223,-4.798126056560581,-56.6488706056756,13.880069,23.065725,24.470245,26.65868,-6.71896,-15.000033,-20.122828,-36.38255,-7.289618,34.246174,8.9225645,15.000033,-15.76684,4.2333927,18.071886,-97.73667,14.788125,-33.383984,32.45208,25.593216,-0.7771907,1.7956651,-12.916983,-23.018272,2.1497607,-28.198635,-22.95851,-17.174063,-9.16508
652,-6.9659271240234375,-3.487964630126953,76.54497528076172,5.7318000129302416,-4.871666078832846,-56.989566168524135,13.908315,23.199724,23.590372,27.57345,-6.0338693,-15.000033,-20.16288,-35.501434,-7.1856627,34.929985,8.717288,15.000033,-15.0981,3.9968407,17.46349,-92.097275,14.30942,-30.250313,24.72389,29.062439,0.4341371,-0.16267574,-10.97978,-22.16301,2.1701171,-29.464573,-22.850067,-17.436325,-9.158295
653,-6.7785964012146,-3.2322819232940674,76.73828887939453,5.295888649722938,-5.09942594060586,-57.1370468237745,13.920753,23.42953,22.229992,28.283415,-5.431975,-15.000033,-20.019243,-34.09352,-5.891369,35.94248,8.09983,15.000033,-14.662016,3.794122,16.97901,-86.21895,13.889211,-28.006218,17.796389,30.321114,1.0131803,-1.5268079,-9.466544,-21.516891,2.330811,-30.446417,-22.533415,-17.636858,-9.249897
654,-6.596273422241211,-2.969865083694458,76.88329315185547,4.767070872469167,-5.455039735642444,-57.14268144338189,13.92072,23.753952,20.39515,28.822147,-4.8847456,-15.000033,-19.697548,-32.22144,-3.841912,37.298573,7.0196643,15.000033,-14.453589,3.6235065,16.622978,-79.7425,13.523271,-26.32995,11.0042925,30.278435,1.2763377,-2.6983714,-8.390652,-21.076075,2.6689377,-31.148571,-22.086983,-17.777876,-9.424111
655,-6.421698570251465,-2.7136693000793457,76.97624206542969,4.197361220376089,-5.866711092905238,-57.09401621735235,13.954984,24.166447,18.503574,29.198015,-4.3585234,-15.000033,-19.250937,-30.19018,-1.6898407,38.818848,5.6910944,15.000033,-14.342752,3.5058439,16.355982,-72.910675,13.22633,-25.05543,4.416602,29.804348,1.3870919,-3.6973395,-7.670924,-20.820553,3.0271237,-31.656382,-21.634895,-17.866514,-9.54875
656,-6.244627952575684,-2.4551267623901367,77.01604461669922,3.645317056452727,-6.2511519689848525,-57.08729061630026,14.035256,24.670612,16.971428,29.447273,-3.8218894,-15.000033,-18.796019,-28.355268,-0.025613634,40.292446,4.383168,15.000033,-14.171801,3.4545853,16.128927,-66.05215,13.041338,-23.976814,-1.8265284,29.770525,1.4896077,-4.5509353,-7.1881256,-20.72234,3.2198436,-32.095425,-21.294617,-17.912655,-9.482967
657,-6.0769853591918945,-2.1969540119171143,77.00076293945312,3.076155429555152,-6.586859075187162,-57.16228083518047,14.156241,25.350945,15.878859,29.55631,-3.2320025,-15.000033,-18.38041,-26.728699,1.0606989,41.71445,3.0860043,15.000033,-13.937895,3.4974055,15.92764,-59.161976,12.948828,-23.02275,-7.5633726,30.47052,1.5851431,-5.192608,-6.999992,-20.735693,3.2412136,-32.427044,-21.162844,-17.897993,-9.075347
658,-5.916309833526611,-1.9338233470916748,76.9360122680664,2.476250430688895,-6.9144370567380955,-57.26346745694396,14.293278,26.184107,15.005223,29.518799,-2.617174,-15.000033,-17.961895,-25.1751,1.8896207,43.18056,1.70116,15.000033,-13.756666,3.5906537,15.825701,-52.07524,12.974298,-22.288044,-12.963761,31.39525,1.6073,-5.6135664,-7.14602,-20.878939,3.1914084,-32.6624,-21.145405,-17.828407,-8.433156
659,-5.756535530090332,-1.6653127670288086,76.80872344970703,1.9359139481733145,-7.230935067614321,-57.35481678532489,14.412029,27.018566,14.324415,29.399721,-2.0531337,-15.000033,-17.563147,-23.847557,2.5253491,44.59561,0.41289195,15.000033,-13.631705,3.631135,15.820838,-45.09199,13.0959,-21.676296,-18.035007,32.276466,1.5473653,-5.984798,-7.5816417,-21.145134,3.1308537,-32.827415,-21.147066,-17.74252,-7.8198123
660,-5.598932266235352,-1.3935974836349487,76.6241683959961,1.545700340500439,-7.532824169818222,-57.403825798129525,14.482811,27.702852,13.815845,29.26796,-1.6180396,-15.000033,-17.200209,-22.89166,3.0274508,45.84812,-0.5845228,15.000033,-13.529826,3.52198,15.893373,-38.554707,13.275124,-21.0928,-22.72395,32.859974,1.4005141,-6.4757857,-8.231346,-21.537878,3.0916576,-32.954952,-21.062391,-17.674376,-7.506527
661,-5.441211700439453,-1.1005291938781738,76.37939453125,1.3290995117796884,-7.824693169650269,-57.455076749949576,14.546417,28.276424,13.626313,29.074663,-1.20806,-15.000033,-16.916838,-22.350685,3.3992114,46.980247,-0.98343855,15.000033,-13.368957,3.245285,16.033932,-32.500504,13.497856,-20.495934,-26.88767,33.0983,1.1630154,-7.1936097,-9.076876,-22.052315,3.0399616,-33.065605,-20.83681,-17.63538,-7.578154
662,-5.281447410583496,-0.7853246331214905,76.07819366455078,1.2351447717234072,-8.10167737768683,-57.513814048308596,14.593918,28.792322,13.720143,28.821003,-0.8267895,-15.000033,-16.694046,-22.14961,3.6261613,48.00624,-0.9490987,15.000033,-13.1466,2.8365173,16.225485,-26.864847,13.757996,-19.91945,-30.471289,33.114914,0.8498516,-8.01981,-10.13263,-22.67655,2.9545624,-33.12853,-20.527433,-17.608152,-7.8937936
663,-5.125899791717529,-0.4552640914916992,75.7226791381836,1.2609356139614094,-8.349560885852714,-57.48928494347954,14.527147,29.12381,13.802023,28.652498,-0.7125023,-15.000033,-16.454865,-22.262781,3.7414424,48.778725,-0.9972206,15.000033,-12.913551,2.280881,16.423365,-21.828876,14.005194,-19.433496,-33.559216,32.99227,0.4934067,-8.7799,-11.333547,-23.398264,2.8489425,-33.119576,-20.194088,-17.584164,-8.385069
664,-4.9712748527526855,-0.11717261373996735,75.32939147949219,1.39720881969952,-8.55242480373662,-57.28925385322848,14.250494,29.151136,13.574495,28.718878,-1.1059706,-15.000033,-16.12103,-22.661285,3.7721796,49.15984,-1.6609515,15.000033,-12.688625,1.5790511,16.571346,-17.637672,14.169426,-19.136246,-36.171837,32.832424,0.11827527,-9.307691,-12.582212,-24.210484,2.702812,-33.021786,-19.901716,-17.55417,-8.979401
665,-4.823654651641846,0.23824530839920044,74.85609436035156,1.7258272901851306,-8.686498109422393,-56.848274023613605,13.71499,28.672747,12.858991,29.039227,-2.1529086,-15.000033,-15.634734,-23.487747,3.7383523,48.95875,-3.1989756,15.000033,-12.434296,0.66960424,16.571068,-14.482567,14.208059,-19.090662,-38.06683,32.63881,-0.29945973,-9.574161,-13.812663,-25.113695,2.4763212,-32.79286,-19.657833,-17.547857,-9.804656
666,-4.686481952667236,0.6189053058624268,74.3064193725586,2.2216359001427373,-8.77547037249812,-56.233145403349376,12.982559,27.803793,11.850112,29.596506,-3.7459738,-15.000033,-15.0379925,-24.73164,3.570697,48.29821,-5.2772183,15.000033,-12.098976,-0.39563257,16.450417,-12.311662,14.124438,-19.24829,-39.166687,32.408485,-0.76385194,-9.688076,-15.055798,-26.120317,2.157213,-32.431236,-19.441113,-17.564697,-10.839385
667,-4.563165664672852,1.0306631326675415,73.7101058959961,2.7104759584799667,-8.872230501255375,-55.54922065936414,12.110632,26.902866,10.807405,30.49012,-5.7412295,-15.000033,-14.403888,-26.12756,3.180544,47.506577,-7.5373874,15.000033,-11.688342,-1.4409655,16.343586,-10.985149,13.931883,-19.539793,-39.77224,32.23474,-1.2252947,-9.686916,-16.366482,-27.253471,1.7782835,-31.988035,-19.272701,-17.546165,-11.7890625
668,-4.463576316833496,1.4696881771087646,73.04499053955078,3.028452818699508,-9.020753781128732,-54.8971220581856,11.152148,26.328423,9.984246,31.766525,-7.954473,-15.000033,-13.816286,-27.379242,2.5450315,46.91347,-9.62984,15.000033,-11.2115,-2.2967317,16.375452,-10.3544445,13.645753,-19.896307,-40.200294,32.20364,-1.6333958,-9.600571,-17.800112,-28.538992,1.3808517,-31.522114,-19.169357,-17.430712,-12.3644285
669,-4.37954044342041,1.927047610282898,72.3633041381836,3.1258069675470836,-9.222975063417417,-54.26288985289933,10.044001,26.214073,9.477657,33.55509,-10.468891,-15.000033,-13.235593,-28.454828,1.5145522,46.52097,-11.622975,15.000033,-10.664507,-2.9115353,16.554966,-10.506595,13.283398,-20.319027,-40.48943,32.406326,-1.971358,-9.431683,-19.398832,-30.006006,0.9637639,-31.044424,-19.117157,-17.155794,-12.401779
670,-4.313164710998535,2.3949878215789795,71.67483520507812,3.0878610258300143,-9.45165111678671,-53.60680135785518,8.76729,26.352604,9.135327,35.784695,-13.330071,-15.000033,-12.635948,-29.461193,0.17760573,46.185246,-13.652607,15.000033,-10.055488,-3.3627768,16.81939,-11.436211,12.849633,-20.806547,-40.53343,32.76619,-2.2624948,-9.159017,-21.156944,-31.66167,0.562577,-30.522345,-19.10972,-16.765804,-12.097267
671,-4.245891571044922,2.8857035636901855,70.9892578125,2.9644471022849292,-9.699422608295777,-52.98566226729117,7.4490404,26.596558,8.832289,38.152275,-16.257853,-15.000033,-12.151654,-30.324678,-1.074848,46.02669,-15.480624,15.000033,-9.412804,-3.6797023,17.175339,-12.8695135,12.334941,-21.28564,-40.41997,33.114967,-2.519042,-8.778603,-23.053267,-33.4812,0.27188164,-29.94808,-19.175714,-16.360071,-11.700793
672,-4.173555374145508,3.4043338298797607,70.31891632080078,2.804907443124787,-9.960979479640859,-52.454199804686105,6.226261,26.79488,8.450016,40.353565,-18.97496,-15.000033,-11.928334,-30.999023,-1.8522753,46.165333,-16.873203,15.000033,-8.775824,-3.9007413,17.628336,-14.541361,11.728824,-21.672796,-40.2283,33.288292,-2.7578382,-8.293683,-25.086765,-35.422607,0.19654252,-29.295145,-19.34606,-16.03831,-11.4549
673,-4.092162609100342,3.957378387451172,69.67658996582031,2.6073940441355594,-10.274171443043558,-52.030833783182835,5.129877,26.944254,7.92888,42.405746,-21.472433,-15.000033,-12.076998,-31.456036,-1.9552555,46.780865,-17.773642,15.000033,-8.149209,-4.035637,18.233427,-16.54665,11.027761,-21.924713,-39.944447,33.175762,-2.9904866,-7.6554813,-27.378263,-37.5011,0.42762136,-28.480314,-19.717293,-15.862342,-11.480317
674,-4.0041728019714355,4.546105861663818,69.07875061035156,2.352094578683287,-10.628779523038268,-51.68354951222196,4.099022,27.110895,7.341452,44.421295,-23.86767,-15.000033,-12.515818,-31.745296,-1.6150377,47.768467,-18.311935,15.000033,-7.531808,-4.0519133,18.96409,-18.967897,10.237212,-22.044653,-39.54746,32.889534,-3.2139988,-6.887165,-29.965223,-39.715942,0.97835314,-27.520535,-20.245052,-15.763358,-11.636072
675,-3.906156063079834,5.146695613861084,68.5398941040039,2.0711155743057987,-10.953006933052034,-51.3903801215964,3.1412234,27.251574,6.773127,46.23856,-26.075,-15.000033,-13.092362,-31.936716,-1.0972869,48.810005,-18.534363,15.000033,-6.943187,-3.9478586,19.711533,-21.534998,9.36819,-22.04423,-39.091045,32.604748,-3.4212165,-6.1002674,-32.675655,-41.968006,1.7712181,-26.553886,-20.752882,-15.650598,-11.752365
676,-3.8038744926452637,5.749117374420166,68.08921813964844,1.7975251137445485,-11.176583700995058,-51.13122398455371,2.263364,27.328426,6.31114,47.69453,-28.005669,-15.000033,-13.647613,-32.101658,-0.6612107,49.5788,-18.48411,15.000033,-6.3983665,-3.7618365,20.366144,-23.986166,8.439383,-21.959635,-38.605335,32.49556,-3.5965376,-5.4025455,-35.27191,-44.107437,2.6477857,-25.737509,-21.08569,-15.446552,-11.632432
677,-3.6932334899902344,6.345620632171631,67.74476623535156,1.5493695667532554,-11.269350277975605,-50.941602697732606,1.5241344,27.32163,6.0266294,48.660408,-29.677795,-15.000033,-14.251448,-32.240368,-0.24801458,50.084324,-18.113983,15.000033,-5.8938856,-3.5636916,20.909023,-26.32018,7.461357,-21.797367,-38.06765,32.654404,-3.7330534,-4.7707214,-37.672436,-46.04158,3.510095,-25.108948,-21.171257,-15.108678,-11.077312
678,-3.5827386379241943,6.91691780090332,67.50867462158203,1.3083695554361214,-11.273233232310101,-50.81976904348551,0.9062726,27.265251,5.8599124,49.24469,-31.119545,-15.000033,-14.945116,-32.32096,0.23431541,50.462814,-17.418571,15.000033,-5.4272966,-3.376396,21.391983,-28.670647,6.4471583,-21.547422,-37.4422,32.98418,-3.8318346,-4.1616817,-39.9335,-47.759743,4.3636055,-24.617624,-21.14625,-14.704438,-10.20248
679,-3.4677512645721436,7.465647220611572,67.37736511230469,1.052138187788731,-11.222738849097214,-50.689434067392746,0.30175406,27.199326,5.7017627,49.638805,-32.25611,-15.000033,-15.527241,-32.35922,0.586567,50.579647,-16.508057,15.000033,-5.0314484,-3.1885097,21.817034,-30.92936,5.4119563,-21.268353,-36.7682,33.413757,-3.8832693,-3.6426208,-41.98721,-49.24069,5.158471,-24.297913,-21.161448,-14.323489,-9.278617
680,-3.358276844024658,7.981335163116455,67.3498306274414,0.7529094120034294,-11.148570408671125,-50.47356145416812,-0.4009901,27.161373,5.4396133,50.03796,-33.01293,-15.000033,-15.798887,-32.377758,0.61384034,50.30219,-15.491638,15.000033,-4.6901155,-2.9700866,22.16554,-33.154255,4.4324126,-20.896944,-35.949703,33.664715,-3.8954647,-3.305936,-43.70987,-50.478107,5.8039756,-24.171452,-21.371378,-14.06215,-8.564184
681,-3.271087169647217,8.471173286437988,67.41260528564453,0.39071843115566496,-11.064257446765188,-50.115693738438836,-1.266302,27.167158,4.9851465,50.51402,-33.326626,-15.000033,-15.641607,-32.38656,0.19750562,49.550278,-14.395755,15.000033,-4.5020013,-2.7318707,22.465502,-35.164608,3.5332346,-20.50242,-35.147205,33.792667,-3.8356228,-3.1782346,-45.11804,-51.435535,6.2655044,-24.243013,-21.891815,-13.979671,-8.042681
682,-3.210191011428833,8.936408996582031,67.571044921875,-0.01468055730331743,-10.949117973055605,-49.66858483327029,-2.221083,27.187716,4.4136524,50.948734,-33.247665,-15.000033,-15.183851,-32.37405,-0.52866185,48.411755,-13.164549,15.000033,-4.449575,-2.5032525,22.725616,-36.970715,2.7096398,-20.115139,-34.386124,33.897903,-3.7065582,-3.1970098,-46.324314,-52.08685,6.6056046,-24.41387,-22.657532,-14.019629,-7.600849
683,-3.1710047721862793,9.374170303344727,67.8230972290039,-0.42013253116337534,-10.788309190917333,-49.22008497400064,-3.173549,27.195835,3.8576126,51.25491,-32.86298,-15.000033,-14.596754,-32.333107,-1.383895,47.003925,-11.7797,15.000033,-4.4444513,-2.3252485,22.895857,-38.68951,1.990111,-19.703972,-33.541058,33.969265,-3.5568588,-3.2941244,-47.24164,-52.481403,6.825673,-24.73237,-23.444826,-14.09513,-7.353371
684,-3.1425089836120605,9.795931816101074,68.1567153930664,-0.7830405156481434,-10.567804050512372,-48.85832507717731,-4.0339546,27.172266,3.4516115,51.349533,-32.264294,-15.000033,-14.0542965,-32.25435,-2.1915874,45.44685,-10.224418,15.000033,-4.367271,-2.2164087,22.97351,-40.37074,1.3899645,-19.33077,-32.589996,34.05404,-3.4229848,-3.3800406,-47.869007,-52.686287,6.9631863,-25.187971,-24.055393,-14.109644,-7.4277687
685,-3.1270041465759277,10.199569702148438,68.57029724121094,-1.128854121495895,-10.273370372404369,-48.646986396603765,-4.7182145,27.182117,3.294127,51.110374,-31.436798,-15.000033,-13.562165,-32.046844,-2.971678,43.653767,-8.40096,15.000033,-4.096792,-2.096063,22.971134,-42.001152,0.9096251,-19.0455,-31.540384,34.15458,-3.2953756,-3.425546,-48.243023,-52.707005,7.085755,-25.708487,-24.441357,-14.016714,-8.035209
686,-3.1213266849517822,10.585190773010254,69.05396270751953,-1.4642278654325909,-9.918361192595881,-48.527016863645024,-5.296579,27.22661,3.2871697,50.618855,-30.346241,-15.000033,-13.043622,-31.724714,-3.8065765,41.603573,-6.3558207,15.000033,-3.7359216,-1.9769181,22.888853,-43.53711,0.54962516,-18.816599,-30.430527,34.2516,-3.1586316,-3.4757106,-48.364727,-52.544147,7.165237,-26.32369,-24.687471,-13.861668,-9.057106
687,-3.1254310607910156,10.966416358947754,69.58103942871094,-1.7322181473089853,-9.524168205226243,-48.40243912391154,-5.9076405,27.191006,3.2777667,50.092255,-29.048273,-15.000033,-12.551414,-31.436207,-4.6211457,39.519566,-4.296588,15.000033,-3.4156966,-1.9690628,22.752825,-45.026478,0.31224552,-18.62093,-29.3015,34.307156,-3.0384946,-3.5473979,-48.28976,-52.242176,7.150297,-27.04867,-24.881258,-13.683594,-10.138828
688,-3.136122226715088,11.345684051513672,70.1283187866211,-1.869998407814404,-9.111120448182781,-48.176165628642785,-6.686155,26.94752,3.1176937,49.737644,-27.598372,-15.000033,-12.147543,-31.350187,-5.334074,37.646454,-2.4479752,15.000033,-3.210741,-2.1519287,22.628345,-46.52643,0.1807277,-18.484272,-28.232557,34.276257,-2.956346,-3.6493955,-48.22756,-51.84255,7.07151,-27.755783,-25.169977,-13.51996,-10.936006
689,-3.148242473602295,11.719528198242188,70.68541717529297,-1.8605852759587242,-8.677314202634307,-47.82280020262916,-7.6963806,26.44236,2.712872,49.65655,-25.95588,-15.000033,-11.87585,-31.519197,-5.853499,36.05398,-0.74522364,15.000033,-3.1367977,-2.542209,22.5112,-48.046375,0.14095652,-18.40652,-27.19657,34.13127,-2.9253302,-3.8237395,-48.114857,-51.375343,6.874463,-28.493263,-25.524227,-13.368006,-11.367817
690,-3.1645429134368896,12.081284523010254,71.24327087402344,-1.7310172281848324,-8.213998133021132,-47.39321961505014,-8.849005,25.730581,2.1699445,49.713852,-24.09631,-15.000033,-11.7406435,-31.863699,-6.2423472,34.700253,0.8167462,15.000033,-3.1282098,-3.0839875,22.388245,-49.565342,0.18107806,-18.40371,-26.173592,33.900097,-2.930653,-4.051577,-47.875866,-50.84857,6.552175,-29.304941,-25.886488,-13.211028,-11.621857
691,-3.189896821975708,12.444405555725098,71.80106353759766,-1.4895210087409796,-7.732864292931444,-46.9014587454516,-10.03856,24.85456,1.6564294,49.75102,-22.10883,-15.000033,-11.70235,-32.365135,-6.669239,33.60364,1.9684286,15.000033,-3.1957972,-3.758241,22.275658,-51.078503,0.29168665,-18.474453,-25.227959,33.628353,-2.9575944,-4.2608438,-47.606472,-50.282364,6.1694965,-30.14932,-26.307777,-13.0642395,-11.753069
692,-3.240593433380127,12.802875518798828,72.3504638671875,-1.1587637633716894,-7.250353928604302,-46.360500800088815,-11.15862,23.885174,1.3481004,49.614567,-20.10401,-15.000033,-11.660362,-32.998375,-7.3237906,32.68852,2.5080287,15.000033,-3.3594968,-4.5360584,22.187006,-52.575558,0.46673715,-18.607986,-24.424002,33.35873,-2.9925792,-4.380316,-47.420715,-49.705544,5.8106704,-30.969063,-26.83443,-12.939812,-11.81834
693,-3.307663679122925,13.168904304504395,72.88850402832031,-0.6490564712997762,-6.737137130720597,-45.6815618117251,-12.248993,22.571548,1.2398261,49.157356,-17.89242,-15.000033,-11.490436,-33.935272,-8.461935,31.791147,2.2870378,15.000033,-3.6906312,-5.509739,22.095247,-54.088158,0.7074723,-18.82861,-23.779696,33.11351,-3.0450492,-4.3902855,-47.310616,-49.129784,5.467725,-31.776999,-27.518784,-12.835037,-11.803261
694,-3.3772871494293213,13.540573120117188,73.39325714111328,-6.805151954561629e-05,-6.202107079221924,-44.88836587286788,-13.334305,21.025126,1.312095,48.50073,-15.495702,-15.000033,-11.209339,-35.100414,-9.958291,30.909918,1.5137383,15.000033,-4.156969,-6.633442,21.99858,-55.60623,1.0092357,-19.13366,-23.267262,32.862625,-3.1181974,-4.3296885,-47.233604,-48.55694,5.112503,-32.591824,-28.31556,-12.74319,-11.691348
695,-3.433288335800171,13.918551445007324,73.85347747802734,0.5811307708021424,-5.71120130570258,-44.16094972593119,-14.314933,19.828169,1.6641749,47.906128,-13.330404,-15.000033,-10.92567,-36.107983,-11.403089,30.16571,0.55748034,15.000033,-4.6270256,-7.6733,21.944805,-57.052612,1.3530396,-19.466558,-22.884026,32.57866,-3.19065,-4.2170734,-47.25859,-48.005196,4.8066516,-33.35803,-29.123228,-12.670601,-11.542422
696,-3.474182367324829,14.303276062011719,74.25629425048828,0.9072198458856445,-5.324223867351262,-43.673927427138075,-15.099292,19.485855,2.324599,47.632576,-11.81386,-15.000033,-10.797266,-36.626453,-12.336871,29.72559,-0.24475165,15.000033,-4.973974,-8.413006,21.983828,-58.35052,1.7136768,-19.759853,-22.618612,32.239906,-3.2432768,-4.0745206,-47.457508,-47.504368,4.625659,-34.020527,-29.838724,-12.615275,-11.420134
697,-3.5022716522216797,14.684097290039062,74.56917572021484,0.9131871737583338,-5.0641699044607975,-43.46550183059267,-15.657335,20.266638,3.4328616,47.732292,-11.211589,-15.000033,-10.89243,-36.556828,-12.562114,29.702606,-0.857444,15.000033,-5.1488905,-8.775222,22.161154,-59.53379,2.076396,-20.017303,-22.472134,31.80529,-3.2794561,-3.874096,-47.868137,-47.09331,4.593601,-34.56305,-30.433777,-12.576239,-11.339017
698,-3.5189971923828125,15.0634183883667,74.81362915039062,0.7122462844085051,-4.904670884195352,-43.458713035902626,-15.997168,21.817314,4.897275,48.08206,-11.327589,-15.000033,-11.129703,-36.098194,-12.300401,29.97938,-1.4314085,15.000033,-5.193007,-8.876372,22.454712,-60.63629,2.4349248,-20.25618,-22.439161,31.303589,-3.3107548,-3.6198518,-48.44883,-46.78438,4.673699,-35.005478,-30.95323,-12.546182,-11.276618
699,-3.5176944732666016,15.44057846069336,74.97908782958984,0.39422807906409063,-4.833075247272085,-43.65042291301064,-16.098097,23.69215,6.365726,48.665413,-11.875529,-15.000033,-11.4611225,-35.396027,-11.7108345,30.405327,-1.9345239,15.000033,-5.1187344,-8.802455,22.8134,-61.58749,2.7770076,-20.427465,-22.48977,30.818974,-3.3293827,-3.3822873,-49.15201,-46.55415,4.8471227,-35.336704,-31.409405,-12.51411,-11.238684
700,-3.49259090423584,15.829694747924805,75.07766723632812,0.04093479032424041,-4.821411447778398,-44.020458243042256,-16.00681,25.45237,7.453492,49.45234,-12.467701,-15.000033,-11.843182,-34.59489,-10.974521,30.83124,-2.338796,15.000033,-4.9647636,-8.636953,23.166658,-62.318348,3.0885415,-20.481285,-22.583847,30.439444,-3.3264742,-3.2329826,-49.95163,-46.355434,5.107948,-35.523247,-31.82274,-12.4729,-11.226503
701,-3.4506494998931885,16.228544235229492,75.11280059814453,-0.3891896157688501,-4.861786607973617,-44.60884033666435,-15.793321,27.175112,8.043829,50.571102,-13.138155,-15.000033,-12.294093,-33.602768,-10.0517435,31.234924,-2.676661,15.000033,-4.714898,-8.336272,23.494093,-62.817616,3.364185,-20.384577,-22.695234,30.185715,-3.2884946,-3.2179868,-50.8956,-46.156685,5.477759,-35.526722,-32.185867,-12.433074,-11.204667
702,-3.398375988006592,16.626371383666992,75.08740997314453,-0.9262401273208749,-4.972108983244306,-45.40685025377895,-15.424772,29.057129,8.32768,51.955982,-14.014081,-15.000033,-12.813168,-32.371532,-8.900954,31.701935,-2.9570587,15.000033,-4.3702164,-7.878562,23.822636,-63.13261,3.6064303,-20.164473,-22.821531,30.018919,-3.2237093,-3.2931194,-51.989777,-45.951385,5.959259,-35.356606,-32.50526,-12.400007,-11.176744
703,-3.33161997795105,17.02634620666504,74.99982452392578,-1.47491777449445,-5.144535281958658,-46.305979518869684,-14.868552,30.817385,8.349507,53.32007,-14.783986,-15.000033,-13.343529,-31.12058,-7.706648,32.240475,-3.126942,15.000033,-4.009201,-7.3815303,24.142736,-63.285088,3.8135748,-19.866756,-22.951324,29.934324,-3.1553452,-3.3936777,-53.13239,-45.7262,6.5068235,-35.068134,-32.823338,-12.359562,-11.19959
704,-3.252063751220703,17.420766830444336,74.85993194580078,-1.9343345866183255,-5.363821449659319,-47.196629774386935,-14.099757,32.15916,8.171016,54.39764,-15.125286,-15.000033,-13.841176,-30.079044,-6.6420994,32.848644,-3.1269329,15.000033,-3.7074795,-6.973384,24.444073,-63.3056,3.9810913,-19.542406,-23.06584,29.92717,-3.1069021,-3.4549367,-54.21279,-45.46638,7.06483,-34.71766,-33.18374,-12.299909,-11.326367
705,-3.159437417984009,17.822351455688477,74.6689682006836,-2.3321330966584948,-5.653402344868406,-48.109026245013276,-13.116864,33.065304,7.6714077,55.316494,-14.663018,-15.000033,-14.25645,-29.19906,-5.7854443,33.462025,-2.8447948,15.000033,-3.4433093,-6.635136,24.743057,-63.17267,4.1004424,-19.189476,-23.131681,30.045414,-3.0809429,-3.4526625,-55.20557,-45.15174,7.6296453,-34.298496,-33.627464,-12.211072,-11.616429
706,-3.054234504699707,18.22796630859375,74.43061828613281,-2.697868271508266,-6.008077207547324,-49.07830945726852,-11.928992,33.65192,6.8875546,56.153778,-13.639727,-15.000033,-14.637762,-28.407824,-5.0406065,34.114532,-2.360178,15.000033,-3.1933744,-6.329696,25.035387,-62.89049,4.1691704,-18.792347,-23.153578,30.278725,-3.066421,-3.4243033,-56.1587,-44.77688,8.214616,-33.78896,-34.126633,-12.104195,-12.019064
707,-2.921922206878662,18.644880294799805,74.14511108398438,-2.9217017494297597,-6.367391124269156,-50.00843569805408,-10.536729,33.826958,6.1290464,56.60398,-12.691423,-15.000033,-15.09617,-27.89694,-4.3005667,34.933765,-1.8779585,15.000033,-3.023906,-6.162168,25.28211,-62.52322,4.19476,-18.38174,-23.177279,30.53482,-3.0665605,-3.396758,-57.041874,-44.35936,8.77447,-33.24918,-34.61908,-11.997936,-12.425397
708,-2.764310836791992,19.06003189086914,73.81773376464844,-2.8998218872623673,-6.672121199232905,-50.80959675534815,-8.960319,33.517933,5.6765065,56.38032,-12.46813,-15.000033,-15.743561,-27.840937,-3.4321165,36.043457,-1.5980506,15.000033,-2.9902008,-6.2340035,25.450703,-62.13198,4.1888084,-17.993662,-23.253466,30.719765,-3.0836,-3.3941827,-57.808083,-43.934757,9.254365,-32.76114,-35.038048,-11.912884,-12.728578
709,-2.5717179775238037,19.49681854248047,73.45318603515625,-2.5036659000372516,-6.914427519091219,-51.464234604211974,-7.027702,32.39134,5.502235,55.081524,-13.1673355,-15.000033,-16.657516,-28.38865,-2.2504327,37.489536,-1.4910647,15.000033,-3.109249,-6.67015,25.526562,-61.681084,4.151873,-17.629932,-23.413132,30.806139,-3.1205463,-3.4308233,-58.420742,-43.524017,9.650728,-32.33789,-35.355095,-11.8523035,-12.935653
710,-2.3464763164520264,19.953664779663086,73.02566528320312,-1.8273465665331787,-7.1473553097130385,-52.05215262056385,-4.7853255,30.548206,5.3398385,52.96305,-14.470382,-15.000033,-17.745422,-29.36106,-0.8074973,39.139458,-1.441388,15.000033,-3.3090754,-7.3732324,25.553213,-61.153896,4.0789685,-17.279318,-23.634008,30.83971,-3.174076,-3.4881723,-58.89433,-43.132835,9.979203,-31.960032,-35.600677,-11.804842,-13.097336
711,-2.1082096099853516,20.400592803955078,72.53956604003906,-1.1146825434925443,-7.378189190734481,-52.605008045914914,-2.6225553,28.586897,5.1498647,50.74491,-16.237059,-15.000033,-18.879946,-30.446434,0.64939296,40.867138,-1.5227369,15.000033,-3.5339243,-8.104887,25.570257,-60.64138,3.9746914,-16.959276,-23.885952,30.836319,-3.2367496,-3.5407617,-59.285057,-42.781017,10.22036,-31.640491,-35.790512,-11.7679405,-13.171739
712,-1.8875850439071655,20.816020965576172,72.0185775756836,-0.5929535650844672,-7.579951042016116,-53.11064717895302,-0.9638566,27.147226,5.0884323,49.177937,-18.29239,-15.000033,-19.970068,-31.403746,1.8231503,42.60989,-1.8384846,15.000033,-3.7699153,-8.644093,25.591032,-60.228508,3.8494334,-16.69085,-24.152246,30.81078,-3.3006353,-3.5621014,-59.619858,-42.4977,10.338292,-31.417223,-35.94031,-11.740021,-13.121195
713,-1.6998870372772217,21.202415466308594,71.45179748535156,-0.35834444961257733,-7.699454532153077,-53.54970790367025,-0.006134333,26.491774,5.3951416,48.522747,-20.764091,-15.000033,-21.072493,-32.225605,2.55867,44.442924,-2.5221164,15.000033,-4.049286,-8.89868,25.571085,-59.921505,3.7096984,-16.482359,-24.45778,30.744831,-3.3694592,-3.5481026,-59.911392,-42.31186,10.306158,-31.309889,-36.03923,-11.710718,-12.857185
714,-1.5409914255142212,21.56867218017578,70.8402328491211,-0.2700782456312219,-7.748502083724585,-53.90696952234695,0.47599298,26.26874,6.019333,48.380127,-23.662073,-15.000033,-22.235552,-33.073284,3.035452,46.40029,-3.4984958,15.000033,-4.384033,-9.00266,25.511717,-59.680176,3.5523124,-16.328701,-24.814444,30.63381,-3.4442065,-3.5091076,-60.103127,-42.23361,10.126775,-31.335623,-36.075687,-11.679739,-12.432085
715,-1.421133279800415,21.919677734375,70.21426391601562,-0.19043811317747417,-7.779062050516628,-54.158348693623786,0.6834598,26.214287,6.801209,48.519463,-26.600325,-15.000033,-23.367897,-33.99689,3.4373806,48.379395,-4.5688953,15.000033,-4.7463613,-9.093847,25.483612,-59.522766,3.374382,-16.22974,-25.17784,30.513618,-3.513653,-3.4408655,-60.151173,-42.259007,9.81729,-31.497808,-36.05963,-11.661645,-12.016329
716,-1.3445751667022705,22.250272750854492,69.59420013427734,0.012708990539798168,-7.842093249619717,-54.281268831051655,0.8191646,26.046146,7.543538,48.694214,-29.199436,-15.000033,-24.373796,-35.033962,3.9472096,50.262302,-5.524933,15.000033,-5.1118994,-9.31126,25.549788,-59.464962,3.1753254,-16.181772,-25.503222,30.419762,-3.5671551,-3.3401678,-59.987,-42.37411,9.39178,-31.821716,-36.009033,-11.671458,-11.777763
717,-1.303176999092102,22.563228607177734,69.00626373291016,0.4320781165786007,-7.968755658648017,-54.20462786142218,0.9395851,25.66886,8.32247,48.802082,-31.443226,-15.000033,-25.271646,-36.341145,4.672168,52.128468,-6.42186,15.000033,-5.540486,-9.778291,25.755924,-59.53722,2.9559693,-16.177784,-25.794498,30.34449,-3.5888462,-3.1876836,-59.58052,-42.574574,8.834422,-32.344353,-35.933968,-11.73584,-11.83997
718,-1.2871203422546387,22.849306106567383,68.46601104736328,0.9823253510100738,-8.13446948685677,-53.95981145318163,0.95023924,25.242195,9.210651,48.97807,-33.504025,-15.000033,-26.097378,-37.854595,5.5168386,53.984764,-7.334332,15.000033,-6.0246353,-10.403146,26.056969,-59.725807,2.7173977,-16.219452,-26.065233,30.276075,-3.5889513,-2.9914904,-58.9584,-42.861618,8.138971,-33.045914,-35.823067,-11.841866,-12.083518
719,-1.287302017211914,23.103145599365234,67.98810577392578,1.524901491604467,-8.296374722410587,-53.68153164786071,0.8190628,24.84959,9.980695,49.323467,-35.29298,-15.000033,-26.782562,-39.26812,6.3293056,55.613556,-8.073064,15.000033,-6.4379773,-10.9926605,26.37937,-59.97276,2.4588828,-16.316595,-26.293648,30.243156,-3.5952196,-2.788981,-58.172745,-43.217293,7.3448997,-33.83367,-35.666172,-11.94883,-12.317759
720,-1.2934426069259644,23.34329605102539,67.57439422607422,1.9215953786744782,-8.400532908134291,-53.50771745912093,0.50309783,24.574469,10.39933,49.95139,-36.722363,-15.000033,-27.254421,-40.274033,6.9225802,56.81837,-8.449226,15.000033,-6.6690207,-11.3525915,26.638674,-60.208614,2.183188,-16.472013,-26.45505,30.278807,-3.6363306,-2.6199806,-57.22503,-43.613964,6.4755006,-34.67217,-35.452698,-12.014645,-12.350277
721,-1.3205294609069824,23.554710388183594,67.20730590820312,2.120607460332223,-8.411006527979298,-53.42040678829595,-0.19699247,24.427162,10.211328,51.12229,-37.719547,-15.000033,-27.50902,-40.677177,7.39515,57.676178,-8.195618,15.000033,-6.720457,-11.430283,26.818016,-60.418663,1.8792511,-16.707218,-26.52271,30.415552,-3.7345679,-2.4529104,-56.115253,-44.040833,5.5046206,-35.54341,-35.180542,-12.024572,-12.0877285
722,-1.3693735599517822,23.728221893310547,66.87820434570312,2.196624131787794,-8.359744962705934,-53.36700785759174,-1.1897974,24.369583,9.596435,52.702923,-38.350056,-15.000033,-27.57115,-40.687847,7.751689,58.272594,-7.48445,15.000033,-6.63847,-11.324132,26.962608,-60.636517,1.5425019,-17.014744,-26.51316,30.630285,-3.869725,-2.2812302,-54.85991,-44.490532,4.437848,-36.450294,-34.86825,-12.001469,-11.646074
723,-1.4254567623138428,23.841428756713867,66.60102844238281,2.206565643102799,-8.285713593146975,-53.43263292637349,-2.0877917,24.409914,8.977373,54.198647,-38.73699,-15.000033,-27.414328,-40.60896,7.6696906,58.43189,-6.776929,15.000033,-6.396338,-11.073275,27.06863,-60.855103,1.2020386,-17.346607,-26.470224,30.871517,-4.0070176,-2.1833131,-53.5337,-44.936855,3.3639772,-37.354412,-34.516876,-11.962251,-11.143228
724,-1.4799754619598389,23.886301040649414,66.4144287109375,2.2123112246868972,-8.223366686908223,-53.70467160735126,-2.5163946,24.551353,8.78845,55.113514,-38.997463,-15.000033,-27.018412,-40.72391,6.8583164,57.96941,-6.524327,15.000033,-5.9733825,-10.718388,27.129103,-61.059895,0.9105881,-17.65084,-26.460371,31.076204,-4.110229,-2.2353427,-52.34027,-45.328888,2.453514,-38.113747,-34.157032,-11.92523,-10.69971
725,-1.5472215414047241,23.87455940246582,66.31527709960938,2.2051048286006094,-8.205329748015599,-54.259012216179805,-2.3221147,24.845797,9.184688,55.32998,-39.16101,-15.000033,-26.169538,-41.1733,4.80529,56.567905,-7.0060267,15.000033,-5.332102,-10.223252,27.141714,-61.180656,0.7341691,-17.904642,-26.5366,31.201942,-4.185568,-2.4886267,-51.389946,-45.605648,1.8484623,-38.642643,-33.819016,-11.900235,-10.2574005
726,-1.6290135383605957,23.826568603515625,66.30271911621094,2.1486723260576452,-8.19215098028918,-55.04156469329499,-1.7396058,25.281069,9.935914,55.116714,-39.164597,-15.000033,-24.889729,-41.64971,1.7833401,54.39398,-7.884015,15.000033,-4.551239,-9.595586,27.073061,-61.191326,0.71054,-18.113869,-26.699448,31.276264,-4.2426424,-2.889205,-50.67123,-45.74396,1.5263503,-38.97081,-33.500008,-11.882212,-9.774995
727,-1.722946047782898,23.73411750793457,66.35365295410156,2.08312357316793,-8.116302402621633,-55.936635327939214,-0.9658029,25.744507,10.904105,54.54592,-38.987106,-15.000033,-23.563942,-41.835693,-1.2631594,51.988846,-8.721787,15.000033,-3.7685566,-8.94895,26.887953,-61.161385,0.83058786,-18.28042,-26.928816,31.343136,-4.2514753,-3.354732,-50.25984,-45.756626,1.4409759,-39.067547,-33.202103,-11.868768,-9.3998785
728,-1.8229444026947021,23.587709426879883,66.4635238647461,2.0609636422322253,-7.923744325043362,-56.813131811514765,-0.18942109,26.103533,11.933434,53.684147,-38.605648,-15.000033,-22.657906,-41.602882,-3.3323622,49.91865,-9.139583,15.000033,-3.1214445,-8.413013,26.571774,-61.167824,1.0674965,-18.408176,-27.201344,31.45112,-4.184419,-3.8035896,-50.13682,-45.68755,1.4779763,-38.981876,-32.899563,-11.853404,-9.283904
729,-1.9341133832931519,23.409786224365234,66.65409088134766,2.139905661448825,-7.58692889321002,-57.65373906801629,0.55229,26.274712,13.022842,52.52249,-38.020645,-15.000033,-22.352867,-41.023468,-4.055067,48.271248,-9.130553,15.000033,-2.5845115,-8.043302,26.092934,-61.264275,1.3750838,-18.522718,-27.478292,31.64419,-4.01877,-4.259022,-50.296,-45.57472,1.6113316,-38.692524,-32.571724,-11.845389,-9.554312
730,-2.0635716915130615,23.214244842529297,66.92343139648438,2.2786362539399567,-7.146730413259606,-58.51113671052473,1.3652556,26.322002,14.234098,51.026474,-37.24127,-15.000033,-22.399538,-40.247864,-3.9709566,46.772957,-8.91062,15.000033,-2.0798743,-7.7645006,25.489767,-61.42617,1.7375546,-18.62396,-27.759413,31.895725,-3.7786853,-4.7522087,-50.681293,-45.43105,1.8474118,-38.22889,-32.220432,-11.842903,-10.106548
731,-2.199268102645874,23.005170822143555,67.25696563720703,2.399230230836322,-6.6647269183413265,-59.35917372037369,2.2805278,26.332901,15.502415,49.21895,-36.25922,-15.000033,-22.632853,-39.350014,-3.4582639,45.464684,-8.467229,15.000033,-1.6550113,-7.500859,24.862188,-61.63436,2.1477473,-18.677427,-28.063896,32.15174,-3.5096958,-5.2182193,-51.27123,-45.262283,2.162602,-37.643463,-31.871632,-11.821536,-10.744975
732,-2.347125768661499,22.785884857177734,67.65029907226562,2.4219870612993164,-6.198894562166029,-60.17628389022874,3.3217814,26.394363,16.771738,47.136223,-35.065258,-15.000033,-22.911602,-38.368652,-2.8989606,44.388836,-7.769336,15.000033,-1.358074,-7.1725554,24.304914,-61.865883,2.6045063,-18.650139,-28.408705,32.357697,-3.2552032,-5.590217,-52.03941,-45.06829,2.5307572,-36.99111,-31.550804,-11.7551,-11.273262
733,-2.509957790374756,22.551267623901367,68.10505676269531,2.3511954611842696,-5.767911609805161,-61.000121046841066,4.583421,26.451567,18.120152,44.64581,-33.646965,-15.000033,-23.288488,-37.28823,-2.304305,43.629414,-6.734265,15.000033,-1.1695734,-6.7678413,23.843184,-62.15264,3.1138916,-18.518724,-28.823942,32.53371,-3.0098014,-5.8568735,-53.02242,-44.85083,2.952662,-36.262558,-31.26219,-11.611957,-11.6688
734,-2.6711013317108154,22.292797088623047,68.63042449951172,2.2152821057201724,-5.337668975019713,-61.832725280495616,6.019036,26.447744,19.563427,41.761936,-32.004158,-15.000033,-23.815283,-36.084084,-1.5249405,43.14282,-5.38442,15.000033,-1.071038,-6.316285,23.424484,-62.489826,3.6752918,-18.308218,-29.296074,32.69657,-2.7552078,-6.050969,-54.21105,-44.610497,3.4337437,-35.443146,-30.990267,-11.412307,-12.028675
735,-2.846524238586426,22.010976791381836,69.2071762084961,1.9771055221292337,-4.890992979733782,-62.60194545086429,7.4553647,26.481905,20.967342,38.730156,-30.150864,-15.000033,-24.34757,-34.755413,-0.694228,42.760033,-3.8550332,15.000033,-1.1073182,-5.8003716,23.026518,-62.80808,4.2763042,-18.058163,-29.772785,32.783176,-2.5141597,-6.1718206,-55.50402,-44.34168,3.947657,-34.58125,-30.732492,-11.208,-12.333631
736,-3.042665719985962,21.706159591674805,69.8224868774414,1.5982167338199642,-4.4141936431110524,-63.23576270521767,8.720516,26.681984,22.192253,35.816578,-28.118605,-15.000033,-24.7401,-33.31229,0.062922105,42.309814,-2.2826576,15.000033,-1.3197125,-5.206225,22.630995,-63.050915,4.896449,-17.808537,-30.187796,32.732414,-2.3097363,-6.2188606,-56.779255,-44.03759,4.4526415,-33.74083,-30.488457,-11.052443,-12.561363
737,-3.2671258449554443,21.383560180664062,70.46558380126953,1.044615273676988,-3.892463208787645,-63.713097800882345,9.841462,27.06479,23.206417,32.87845,-25.772999,-15.000033,-24.948772,-31.665272,0.7986321,41.720284,-0.5439179,15.000033,-1.7325064,-4.4989758,22.228413,-63.194736,5.517113,-17.557823,-30.535786,32.467712,-2.158261,-6.154278,-58.013805,-43.693184,4.9336762,-32.93897,-30.214884,-10.947074,-12.672914
738,-3.512467861175537,21.054004669189453,71.11433410644531,0.34190752757887183,-3.3412705564449543,-64.07587817035422,10.872597,27.569418,24.083408,29.85451,-23.150137,-15.000033,-25.046299,-29.840532,1.5437156,41.07993,1.3865447,15.000033,-2.3081348,-3.6913166,21.837288,-63.296703,6.1331763,-17.292803,-30.816399,32.04877,-2.0467367,-5.992877,-59.237354,-43.31229,5.393417,-32.159542,-29.93249,-10.8699045,-12.687277
739,-3.7931532859802246,20.71357536315918,71.75130462646484,-0.44531267348137615,-2.795921484040075,-64.34577453253597,11.685309,28.255404,24.84562,27.174725,-20.556059,-15.000033,-25.064499,-28.017157,2.1599355,40.467167,3.1968257,15.000033,-2.9940627,-2.8464477,21.488773,-63.424545,6.744136,-17.040054,-30.974695,31.621456,-1.9525546,-5.81209,-60.467094,-42.906857,5.8338103,-31.365389,-29.72781,-10.8382635,-12.666352
740,-4.113143444061279,20.356773376464844,72.3488998413086,-1.2535586969708845,-2.2888085782945886,-64.54454748213074,12.145403,29.204668,25.496132,25.320065,-18.360712,-15.000033,-25.046404,-26.37264,2.5141869,39.96309,4.607943,15.000033,-3.7398899,-2.0327399,21.208801,-63.64012,7.351963,-16.826258,-30.959995,31.330162,-1.8518054,-5.689164,-61.624573,-42.489605,6.2287364,-30.602648,-29.698658,-10.868502,-12.676627
741,-4.4679789543151855,19.982192993164062,72.90351867675781,-2.123351151605733,-1.8082043254040883,-64.6401830013982,12.139776,30.631805,26.02287,24.498568,-16.613295,-15.000033,-25.001734,-24.903814,2.5117648,39.667175,5.4725986,15.000033,-4.572061,-1.2270247,20.994095,-63.963913,7.955591,-16.664402,-30.729733,31.23488,-1.735859,-5.6636295,-62.751663,-42.071926,6.5790515,-29.811981,-29.9253,-10.990312,-12.736609
742,-4.842455863952637,19.595460891723633,73.41432189941406,-3.073102261250387,-1.3443413434430322,-64.63590574683954,11.738676,32.47843,26.361979,24.493563,-15.203508,-15.000033,-24.902838,-23.5089,2.2426906,39.502163,5.9799447,15.000033,-5.500477,-0.3968219,20.84425,-64.366776,8.5510845,-16.542044,-30.31863,31.252325,-1.6183434,-5.688659,-63.82351,-41.65672,6.8833566,-29.034283,-30.340796,-11.183183,-12.815336
743,-5.222067832946777,19.213895797729492,73.86746978759766,-4.005095447105494,-0.9305039568821628,-64.60356402113236,11.099374,34.428776,26.455482,25.115854,-14.208691,-15.000033,-24.747198,-22.22434,1.8598416,39.307022,6.3299055,15.000033,-6.446629,0.39401743,20.786669,-64.84554,9.137098,-16.452785,-29.794756,31.305607,-1.5061829,-5.7105155,-64.85253,-41.250145,7.1604896,-28.291077,-30.785286,-11.397057,-12.895715
744,-5.612944602966309,18.85371208190918,74.266845703125,-4.810348002176227,-0.5980312653091762,-64.61296974639454,10.418743,36.140438,26.304539,26.107487,-13.653549,-15.000033,-24.543438,-21.097303,1.5230825,38.930027,6.7207417,15.000033,-7.3369246,1.0702811,20.840498,-65.3899,9.713236,-16.390146,-29.230646,31.318096,-1.4053224,-5.674433,-65.884865,-40.86207,7.4351,-27.582716,-31.08461,-11.582975,-12.959189
745,-6.007221698760986,18.503055572509766,74.6187973022461,-5.479261402728488,-0.3436981960971963,-64.65382606194946,9.680063,37.626392,25.931175,27.507381,-13.583537,-15.000033,-24.317379,-20.172407,1.1741418,38.412724,7.1592445,15.000033,-8.1812,1.6178924,21.013596,-66.037415,10.279351,-16.368347,-28.59257,31.287418,-1.306522,-5.569192,-66.89742,-40.506344,7.702083,-26.958796,-31.174118,-11.730837,-12.99695
746,-6.397204875946045,18.153339385986328,74.91687774658203,-6.062010053252562,-0.15161464613955458,-64.69818934129093,8.84693,39.00768,25.338747,29.29801,-13.881687,-15.000033,-24.062408,-19.409222,0.76503384,37.820248,7.5477924,15.000033,-9.009862,2.0705163,21.291147,-66.77777,10.83349,-16.386183,-27.866446,31.245457,-1.2099781,-5.4225287,-67.941536,-40.19413,7.9646072,-26.352734,-31.121077,-11.867185,-13.018983
747,-6.779576778411865,17.810983657836914,75.17086791992188,-6.500389826115506,-0.020665946893691885,-64.77648016202218,8.070034,40.062443,24.548775,31.172077,-14.343493,-15.000033,-23.763943,-18.785875,0.487417,37.050484,7.924829,15.000033,-9.771918,2.3977277,21.634624,-67.51549,11.361908,-16.41917,-27.17067,31.165308,-1.1355972,-5.234544,-68.89154,-39.887432,8.209288,-25.832964,-31.068121,-11.980361,-13.050038
748,-7.133589744567871,17.492454528808594,75.3836441040039,-6.53817479588058,0.1252669236060837,-64.85045103253246,7.3102536,40.211555,23.56864,32.825485,-14.788926,-13.681937,-23.533564,-18.535088,0.61994857,36.05347,8.319302,15.000033,-10.49715,2.384988,21.901623,-68.153076,11.861185,-16.44094,-26.613222,31.028551,-1.1062676,-5.0121827,-69.75845,-39.544697,8.440045,-25.339317,-31.10651,-12.07333,-13.10055
749,-7.482334136962891,17.171550750732422,75.53565216064453,-6.5522779071116775,0.10224525312648301,-65.06486340564575,6.96762,40.087612,22.45698,34.40615,-15.313502,-13.134019,-23.047783,-18.111343,1.1235968,34.549133,8.8002615,15.000033,-11.063115,2.3623137,22.302074,-68.73533,12.337799,-16.440474,-26.154606,30.818779,-1.1407633,-4.740505,-70.65822,-39.149914,8.697811,-24.782125,-31.240952,-12.140233,-13.17676
750,-7.832494258880615,16.84276008605957,75.62960052490234,-6.521040344040413,-0.06225479721343828,-65.38417072885098,6.9096723,39.727013,21.210243,36.06475,-16.004974,-13.185569,-22.357733,-17.620794,1.8970002,32.648743,9.334836,15.000033,-11.500858,2.3042898,22.820196,-69.28571,12.793411,-16.428654,-25.758562,30.549055,-1.2240548,-4.422732,-71.500175,-38.680733,8.974056,-24.253931,-31.482416,-12.179688,-13.271474
751,-8.166454315185547,16.50552749633789,75.6728515625,-6.448889339015389,-0.2952883148081481,-65.78560017051738,7.045007,39.195614,19.976498,37.70396,-16.734056,-13.57131,-21.584766,-17.17924,2.7308505,30.64306,9.859729,15.000033,-11.850622,2.218712,23.361261,-69.71398,13.224261,-16.369814,-25.462397,30.260872,-1.323427,-4.0940294,-72.268684,-38.120796,9.248358,-23.718513,-31.774164,-12.226078,-13.350386
752,-8.484861373901367,16.14653205871582,75.66616821289062,-6.34671636091323,-0.5222110225384362,-66.24991617067518,7.2929044,38.562706,18.906546,39.190178,-17.34249,-14.022694,-20.861765,-16.872944,3.401719,28.829107,10.309917,15.000033,-12.129925,2.1307952,23.834856,-69.93649,13.613152,-16.236732,-25.309513,29.992338,-1.4048927,-3.7861965,-72.859344,-37.43166,9.502,-23.21663,-32.13223,-12.305191,-13.388132
753,-8.794288635253906,15.775440216064453,75.61614990234375,-6.209382413834509,-0.7444474365784375,-66.81184295972723,7.7088003,37.8078,18.071424,40.480625,-17.820484,-14.496876,-20.208105,-16.744677,3.8061001,27.176609,10.806963,15.000033,-12.3541155,2.0281959,24.214891,-69.9207,13.971034,-16.00245,-25.289686,29.73966,-1.454855,-3.5111716,-73.376396,-36.622555,9.723926,-22.628141,-32.473843,-12.453829,-13.341104
754,-9.095847129821777,15.395853996276855,75.51683807373047,-6.03484585328964,-0.9922368010551903,-67.46994055403889,8.303553,36.89561,17.390644,41.638687,-18.246176,-15.000033,-19.561617,-16.716265,4.068783,25.563917,11.319808,15.000033,-12.489397,1.9180498,24.555117,-69.71471,14.295301,-15.696759,-25.393038,29.482729,-1.4914604,-3.2471395,-73.75305,-35.66978,9.93083,-22.036861,-32.901085,-12.641243,-13.243373
755,-9.382771492004395,15.01163387298584,75.37791442871094,-5.6805718367556715,-1.1864508538378535,-68.10800335653293,8.849125,35.643612,16.776098,42.643513,-18.557062,-15.000033,-19.049309,-16.901842,4.360997,24.23484,11.570273,15.000033,-12.647109,1.6546823,24.762936,-69.326965,14.589706,-15.32455,-25.602413,29.272608,-1.5380803,-3.0034442,-74.017746,-34.59263,10.129847,-21.46193,-33.344624,-12.844243,-13.13457
756,-9.661394119262695,14.616616249084473,75.19596862792969,-5.302976324589346,-1.338503013061192,-68.69487277540406,9.308201,34.345425,16.1535,43.524868,-18.71423,-15.000033,-18.604418,-17.054277,4.73854,23.290426,11.329199,15.000033,-12.857557,1.3672234,24.884148,-68.77995,14.852766,-14.882257,-25.888565,29.160208,-1.6147883,-2.7852628,-74.22145,-33.440403,10.334754,-20.912989,-33.70481,-13.036653,-13.05616
757,-9.940598487854004,14.215103149414062,74.97700500488281,-4.882693976101235,-1.4239709603936495,-69.22773039500102,9.629968,32.88364,15.3681965,44.24015,-18.63158,-15.000033,-18.219019,-17.185429,5.283696,22.795301,10.534208,15.000033,-13.1180725,1.0438391,24.88918,-68.03189,15.063514,-14.362919,-26.273844,29.170197,-1.7355012,-2.5788324,-74.29846,-32.231396,10.529513,-20.421627,-33.91348,-13.203712,-13.045659
758,-10.216385841369629,13.814690589904785,74.71843719482422,-4.417904183024312,-1.4664739512810387,-69.74108581426249,9.901091,31.27076,14.525247,44.798363,-18.371899,-15.000033,-17.88215,-17.335264,5.921026,22.651583,9.323093,15.000033,-13.387909,0.69103533,24.796892,-67.102844,15.210125,-13.770037,-26.75171,29.27132,-1.8857825,-2.3854706,-74.251144,-30.974524,10.713743,-19.978851,-34.012924,-13.359865,-13.073737
759,-10.503957748413086,13.394146919250488,74.38430786132812,-3.9599393243805503,-1.5068828834079118,-70.21808309193273,10.194235,29.796001,13.914732,45.28799,-18.093653,-15.000033,-17.622375,-17.468536,6.536212,22.811403,7.7274127,15.000033,-13.655324,0.35870963,24.675663,-66.10551,15.30394,-13.123524,-27.286621,29.4168,-2.0426886,-2.2292337,-74.18091,-29.705553,10.919245,-19.57139,-34.11559,-13.511742,-13.092391
760,-10.796073913574219,12.970171928405762,73.98902893066406,-3.562922042390633,-1.5827326556804486,-70.63881163464454,10.560347,28.755089,13.7991905,45.799603,-17.93368,-15.000033,-17.468855,-17.548481,7.00955,23.215672,5.7904816,15.000033,-13.917832,0.09777937,24.596872,-65.12868,15.3663025,-12.445208,-27.870026,29.566664,-2.1817145,-2.1307847,-74.19617,-28.476608,11.172609,-19.188091,-34.316803,-13.663797,-13.057579
761,-11.095678329467773,12.547953605651855,73.56297302246094,-3.192082215214109,-1.6841759119667203,-70.98197119544916,11.01162,28.237373,14.370514,46.305283,-17.862112,-15.000033,-17.455856,-17.603996,7.28204,23.877731,3.298665,15.000033,-14.178716,-0.125739,24.535105,-64.14402,15.396658,-11.739395,-28.533354,29.7091,-2.2979589,-2.0914476,-74.2578,-27.324053,11.452406,-18.87735,-34.62919,-13.800475,-12.966333
762,-11.392558097839355,12.143346786499023,73.11146545410156,-2.8353853870755885,-1.7933137940490622,-71.25889090834679,11.510377,28.099985,15.422461,46.781994,-17.799683,-15.000033,-17.583803,-17.632523,7.4235,24.845612,0.29278615,15.000033,-14.428431,-0.31666675,24.473654,-63.124195,15.381671,-11.00387,-29.284113,29.859325,-2.401851,-2.095601,-74.31318,-26.256563,11.740536,-18.656454,-34.986393,-13.919344,-12.84604
763,-11.675948143005371,11.759101867675781,72.62654876708984,-2.5799147316375177,-1.9360378471210942,-71.49985816172584,12.026376,28.288626,16.613678,47.3375,-17.814192,-15.000033,-17.839943,-17.546144,7.504746,26.123852,-2.788538,15.000033,-14.644041,-0.37845182,24.497637,-62.15788,15.337178,-10.236339,-30.083069,30.001133,-2.4940257,-2.1422367,-74.45376,-25.28386,12.067155,-18.458252,-35.3626,-14.044574,-12.6977625
764,-11.93821907043457,11.39731216430664,72.12252044677734,-2.513626848181209,-2.142067789050783,-71.73715488303667,12.530653,28.74584,17.606037,48.068077,-17.985949,-15.000033,-18.183355,-17.26034,7.5996113,27.682919,-5.4949865,15.000033,-14.807636,-0.21540152,24.699484,-61.314816,15.2975445,-9.42894,-30.912024,30.112896,-2.5733457,-2.228165,-74.77067,-24.408796,12.464312,-18.214907,-35.733982,-14.198205,-12.525272
765,-12.186301231384277,11.076976776123047,71.61051940917969,-2.7192516909119813,-2.440137865121772,-72.001036607615,13.059015,29.58222,18.354462,49.028824,-18.434425,-15.000033,-18.651423,-16.669085,7.7407947,29.653486,-7.753218,15.000033,-14.908137,0.270756,25.157877,-60.610035,15.290811,-8.536576,-31.829762,30.186512,-2.642558,-2.3718786,-75.33668,-23.63421,12.970678,-17.92965,-36.11576,-14.401315,-12.298156
766,-12.416938781738281,10.807823181152344,71.13629150390625,-3.130185428963505,-2.812579524936655,-72.26526668398,13.627232,30.788576,19.025513,50.142036,-19.088741,-15.000033,-19.227575,-15.833278,7.8745837,31.973818,-9.779817,15.000033,-14.974504,1.0003598,25.817375,-59.977383,15.318355,-7.574086,-32.859154,30.227715,-2.6971476,-2.5630412,-76.08575,-22.95058,13.558585,-17.640755,-36.50879,-14.634591,-12.029612
767,-12.638442039489746,10.578907012939453,70.69918823242188,-3.611230552325586,-3.217320521790724,-72.47863039854037,14.159301,32.12553,19.593182,51.313705,-19.75454,-15.000033,-19.785034,-14.937219,7.957019,34.32996,-11.563033,15.000033,-15.043628,1.8055549,26.562199,-59.384823,15.388936,-6.602856,-33.903267,30.208693,-2.727989,-2.7620378,-76.90598,-22.342413,14.15982,-17.318602,-36.86385,-14.86294,-11.783268
768,-12.858163833618164,10.367225646972656,70.29241943359375,-4.028614194159677,-3.6088031745408427,-72.59160526335259,14.571392,33.347195,20.029161,52.456234,-20.23608,-15.000033,-20.202124,-14.172525,7.9573936,36.415432,-13.089918,15.000033,-15.152931,2.5103009,27.277819,-58.790905,15.508897,-5.6979294,-34.86725,30.122047,-2.725294,-2.9227595,-77.68408,-21.788359,14.705529,-16.940674,-37.13401,-15.050724,-11.621482
769,-13.065388679504395,10.16176986694336,69.93077850341797,-4.403102971783574,-4.021155197444055,-72.62071872924625,14.900752,34.44942,20.31325,53.59089,-20.519608,-15.000033,-20.46115,-13.527368,7.9025626,38.26569,-14.327607,15.000033,-15.312945,3.127227,28.010706,-58.172245,15.70298,-4.8262196,-35.752037,29.910053,-2.679483,-3.013332,-78.458534,-21.26622,15.201022,-16.461094,-37.294937,-15.194336,-11.562899
770,-13.243829727172852,9.962861061096191,69.6478271484375,-4.786681818032202,-4.461427335298269,-72.58159796490273,15.168229,35.5349,20.461777,54.741966,-20.697056,-15.000033,-20.614124,-12.932776,7.809591,40.00018,-15.289923,15.000033,-15.520512,3.7204666,28.797552,-57.540237,15.984652,-3.9576504,-36.612125,29.592394,-2.595599,-3.0601592,-79.270226,-20.764668,15.673322,-15.902952,-37.38119,-15.312565,-11.57138
771,-13.403999328613281,9.781673431396484,69.46510314941406,-5.100816441023698,-4.8413281324891235,-72.42832592355366,15.252505,36.517006,20.495369,55.848305,-20.728199,-15.000033,-20.65684,-12.506983,7.6440535,41.459057,-16.045378,15.000033,-15.769635,4.1942086,29.503984,-56.925873,16.330048,-3.176376,-37.412632,29.280083,-2.4845536,-3.10895,-80.00895,-20.289614,16.086338,-15.342539,-37.44112,-15.404452,-11.625796
772,-13.546030044555664,9.610454559326172,69.38308715820312,-5.25407227010379,-5.021937973072327,-72.12150792402892,14.959626,37.296494,20.422178,56.869007,-20.58168,-15.000033,-20.657991,-12.374316,7.3738565,42.494595,-16.655113,15.000033,-16.004917,4.4534073,29.793802,-56.35444,16.675602,-2.623722,-37.975143,29.075144,-2.3644598,-3.192523,-80.402245,-19.860584,16.390388,-14.862691,-37.51663,-15.477119,-11.718026
773,-13.68272590637207,9.432151794433594,69.38790893554688,-5.171856841862731,-5.002667654001524,-71.59513942573525,14.247418,37.8082,20.253199,57.77766,-20.14175,-15.000033,-20.560913,-12.643361,6.971177,43.039684,-17.149088,15.000033,-16.255238,4.4360213,29.793802,-55.91162,16.999596,-2.29994,-38.37805,29.058935,-2.2220478,-3.3917396,-80.58874,-19.530363,16.575964,-14.458135,-37.642117,-15.516095,-11.843881
774,-13.812878608703613,9.256851196289062,69.45979309082031,-4.930471112657159,-4.898450140133882,-70.88680087026077,13.279315,38.11791,19.986498,58.586525,-19.457966,-15.000033,-20.289783,-13.208372,6.448778,43.17691,-17.492525,15.000033,-16.529535,4.2292237,29.793802,-55.60784,17.318197,-2.1187794,-38.765175,29.1908,-2.0535092,-3.6867247,-80.78121,-19.339434,16.68672,-14.105939,-37.77779,-15.510092,-11.996242
775,-13.931467056274414,9.081518173217773,69.60073852539062,-4.662374057169549,-4.773181308873923,-70.1115087363274,12.21582,38.324436,19.617971,59.290665,-18.734526,-15.000033,-19.849014,-13.857777,5.830977,42.979053,-17.660341,15.000033,-16.734797,3.9774725,29.793802,-55.42158,17.621496,-2.0583174,-39.063892,29.3751,-1.8977246,-3.9848228,-80.909355,-19.290993,16.756985,-13.832023,-37.86675,-15.474649,-12.142931
776,-14.037437438964844,8.920483589172363,69.79818725585938,-4.497218694871014,-4.68718622293184,-69.38501090583466,11.212439,38.52632,19.136156,59.885723,-18.173517,-15.000033,-19.247643,-14.384645,5.1470304,42.52044,-17.628723,15.000033,-16.78433,3.8171399,29.793802,-55.313843,17.873951,-2.120704,-39.21301,29.558243,-1.7917435,-4.1927767,-80.908,-19.362103,16.81725,-13.64818,-37.86152,-15.428526,-12.249291
777,-14.11446475982666,8.762800216674805,70.04148864746094,-4.553097823628906,-4.6537811980785255,-68.75279040931122,10.313654,38.978596,18.598991,60.499874,-17.818174,-15.000033,-18.409206,-14.634593,4.352692,41.67176,-17.368162,15.000033,-16.619965,3.8628697,29.749834,-55.2906,18.0447,-2.3478272,-39.117493,29.748396,-1.769422,-4.289854,-80.72005,-19.543552,16.868347,-13.529334,-37.727257,-15.372152,-12.285241
778,-14.159811973571777,8.622737884521484,70.3279800415039,-4.733701305592351,-4.653232737391982,-68.15046248759066,9.438056,39.55375,17.975422,61.093533,-17.545635,-15.000033,-17.33653,-14.732573,3.4529617,40.43281,-16.898857,15.000033,-16.29616,4.0304937,29.710241,-55.370037,18.132532,-2.7180629,-38.860928,29.982466,-1.8078781,-4.3368278,-80.43081,-19.843882,16.904507,-13.457864,-37.507084,-15.296391,-12.271243
779,-14.178098678588867,8.487387657165527,70.65907287597656,-4.841887479348537,-4.629581777313673,-67.52931703676634,8.479182,39.772274,17.13591,61.431244,-17.31567,-15.000033,-16.246147,-14.91513,2.5533717,39.09581,-16.273556,15.000033,-15.887847,4.143519,29.592941,-55.48046,18.141754,-3.173841,-38.533844,30.225536,-1.8632618,-4.3444276,-80.033485,-20.24982,16.94457,-13.459771,-37.254196,-15.214248,-12.268225
780,-14.165848731994629,8.373409271240234,71.0352554321289,-4.676037607388924,-4.525672657866716,-66.83596549321362,7.357148,39.16417,15.984699,61.273373,-17.11018,-15.000033,-15.359737,-15.437493,1.7430499,37.970306,-15.5517,15.000033,-15.478002,4.0241995,29.31819,-55.557026,18.090912,-3.6362264,-38.215115,30.423208,-1.8942634,-4.327704,-79.539314,-20.735151,17.014214,-13.542845,-37.02831,-15.141146,-12.335592
781,-14.121227264404297,8.285553932189941,71.46023559570312,-4.108756748117442,-4.314586828941557,-66.03746193522981,6.032009,37.29087,14.277207,60.462612,-17.044777,-15.000033,-14.708192,-16.479187,1.0195001,37.054646,-14.738228,15.000033,-15.103955,3.5504954,28.831268,-55.5717,18.000135,-4.0932703,-37.929283,30.565258,-1.8930742,-4.2761726,-78.95288,-21.272907,17.148115,-13.692335,-36.86451,-15.081071,-12.529152
782,-14.05989933013916,8.211722373962402,71.91552734375,-3.287506172120631,-4.047723215118006,-65.17206632685965,4.6849756,34.5462,12.195238,59.152824,-17.160723,-15.000033,-14.168506,-17.854221,0.32683343,36.214504,-13.805541,15.000033,-14.735003,2.844537,28.210443,-55.54761,17.879137,-4.5625057,-37.638832,30.667988,-1.8788896,-4.185498,-78.29799,-21.84982,17.330864,-13.880163,-36.73313,-15.028607,-12.802829
783,-13.980521202087402,8.148751258850098,72.39058685302734,-2.42007903010929,-3.7780473180370278,-64.28872664027,3.5085537,31.703592,10.248845,57.564262,-17.313953,-15.000033,-13.745225,-19.280947,-0.32158825,35.572433,-12.766105,15.000033,-14.358359,2.0819676,27.57283,-55.48447,17.72271,-5.0318117,-37.349205,30.746002,-1.8472497,-4.075295,-77.612305,-22.456291,17.511023,-14.104105,-36.5975,-14.98442,-13.063368
784,-13.892035484313965,8.089214324951172,72.86678314208984,-1.6954895247970971,-3.5335042154697147,-63.42318632980083,2.5506968,29.499077,8.905943,55.915485,-17.275986,-15.000033,-13.472045,-20.5177,-0.89915574,35.26431,-11.638654,15.000033,-13.967128,1.4266601,27.00538,-55.385067,17.519459,-5.486554,-37.063206,30.809849,-1.7966855,-3.9687197,-76.92887,-23.088175,17.636559,-14.360543,-36.420742,-14.948922,-13.2178755
785,-13.796046257019043,8.03027057647705,73.33324432373047,-1.0982501197975796,-3.291590429441484,-62.58237482081061,1.7582387,27.971907,8.317722,54.16349,-16.906805,-15.000033,-13.423749,-21.574926,-1.329189,35.357456,-10.360574,15.000033,-13.562074,0.87925905,26.484468,-55.24405,17.263002,-5.8995056,-36.79337,30.856789,-1.7043641,-3.876092,-76.26313,-23.744413,17.713348,-14.647156,-36.18026,-14.936761,-13.195791
786,-13.696191787719727,7.981817245483398,73.78816223144531,-0.5404043319935992,-3.0367483584505917,-61.740964321059614,1.0646273,26.747772,8.193247,52.202812,-16.315659,-15.000033,-13.575478,-22.583544,-1.6296538,35.763893,-8.939156,15.000033,-13.15274,0.35791743,25.966982,-55.058437,16.95221,-6.2903423,-36.5324,30.89195,-1.5798341,-3.7854388,-75.60043,-24.422644,17.765392,-14.957837,-35.903805,-14.941921,-13.061423
787,-13.5875883102417,7.935583591461182,74.22135925292969,-0.0733095794789666,-2.7918602214289376,-60.87492197429341,0.422721,25.90383,8.357577,50.178528,-15.593167,-15.000033,-13.831111,-23.508347,-1.9151164,36.404465,-7.5056157,15.000033,-12.752683,-0.11031316,25.484768,-54.837887,16.587727,-6.7095084,-36.258293,30.927221,-1.4733205,-3.6892748,-74.93255,-25.126154,17.770828,-15.286873,-35.621185,-14.935556,-12.9235525
788,-13.482575416564941,7.881146430969238,74.62188720703125,0.2501379982444377,-2.5805380136993055,-59.96261552449595,-0.20740454,25.523865,8.647727,48.24445,-14.841542,-15.000033,-14.087681,-24.312237,-2.3065727,37.202065,-6.193023,15.000033,-12.3647585,-0.49768016,25.071587,-54.595516,16.169285,-7.2150493,-35.947643,30.97409,-1.4315417,-3.579506,-74.23197,-25.85921,17.70172,-15.638571,-35.37212,-14.889248,-12.891612
789,-13.382291793823242,7.821922779083252,74.98344421386719,0.3695054378886461,-2.3975301050229665,-59.007967265656426,-0.8313694,25.798456,9.187908,46.450565,-14.051268,-15.000033,-14.348943,-24.959398,-2.9149632,38.205143,-4.877311,15.000033,-11.983866,-0.75713,24.73343,-54.324738,15.690152,-7.81835,-35.592354,31.037607,-1.4784526,-3.4301066,-73.477516,-26.625317,17.532532,-16.0273,-35.15706,-14.794556,-12.996581
790,-13.286237716674805,7.750004768371582,75.30477905273438,0.33722654509535904,-2.229630842902728,-58.01944480166389,-1.4393033,26.58387,10.049747,44.726727,-13.1840925,-15.000033,-14.657423,-25.497509,-3.6488829,39.435036,-3.539933,15.000033,-11.591373,-0.92229927,24.449268,-54.034115,15.143079,-8.510458,-35.196583,31.11506,-1.5840554,-3.2510676,-72.6362,-27.41642,17.273714,-16.482996,-34.992035,-14.665428,-13.181139
791,-13.195067405700684,7.662956237792969,75.58200073242188,0.260570394176248,-2.08963422047315,-56.984308884097956,-2.0485654,27.491074,10.971857,43.056095,-12.31322,-15.000033,-14.960308,-26.00218,-4.3271694,40.771755,-2.4792411,15.000033,-11.215593,-1.0862262,24.20497,-53.72443,14.542499,-9.281957,-34.770706,31.213322,-1.7198364,-3.093717,-71.795135,-28.25209,16.956144,-16.941418,-34.81999,-14.516241,-13.415691
792,-13.098514556884766,7.568548679351807,75.80303192138672,0.24155357338105976,-1.9895988784495895,-55.88728184993124,-2.6841714,28.159456,11.664207,41.413834,-11.493736,-15.000033,-15.207171,-26.531456,-4.766841,42.0898,-1.9936856,15.000033,-10.868562,-1.3399265,23.997673,-53.408386,13.904774,-10.145202,-34.325977,31.337563,-1.8525506,-3.0006788,-70.97402,-29.150402,16.603487,-17.398169,-34.62505,-14.356425,-13.675328
793,-12.998583793640137,7.478330135345459,75.96731567382812,0.2893075289384594,-1.9392402478820037,-54.70181068074059,-3.3528721,28.585848,12.086802,39.783836,-10.783368,-15.000033,-15.40701,-27.081217,-4.9269276,43.503235,-2.2821383,15.000033,-10.5563345,-1.7133914,23.832668,-53.109222,13.234186,-11.141502,-33.84141,31.480766,-1.9776652,-2.9924734,-70.149826,-30.125084,16.183395,-17.873335,-34.35946,-14.176069,-13.974563
794,-12.89350700378418,7.382240295410156,76.05667114257812,0.350719402609363,-1.9284380535602241,-53.44343320118717,-4.0449753,28.942911,12.370582,38.178246,-10.134234,-15.000033,-15.576174,-27.610064,-4.906757,45.020634,-3.1404912,15.000033,-10.253671,-2.1548579,23.716618,-52.82335,12.524709,-12.268205,-33.31639,31.636742,-2.1086884,-3.0368497,-69.22649,-31.171335,15.670445,-18.443563,-34.072838,-13.971659,-14.322662
795,-12.792322158813477,7.284781455993652,76.0773696899414,0.43128261286962566,-1.938812295604356,-52.15916115693305,-4.7647314,29.159702,12.460707,36.60956,-9.429383,-15.000033,-15.686212,-28.112537,-4.739761,46.36679,-4.2662253,15.000033,-9.965178,-2.6296015,23.644175,-52.504856,11.788482,-13.438964,-32.797604,31.817314,-2.2410197,-3.10352,-68.36035,-32.302914,15.127975,-18.979237,-33.770103,-13.771318,-14.682442
796,-12.686162948608398,7.190202713012695,76.03706359863281,0.5346298939599906,-1.9525605972682862,-50.89636911269258,-5.515933,29.175869,12.307274,35.094543,-8.546499,-15.000033,-15.70932,-28.586273,-4.455958,47.270138,-5.3652143,15.000033,-9.674891,-3.100182,23.613464,-52.1208,11.039117,-14.5835495,-32.33094,32.024952,-2.3677592,-3.1562328,-67.50723,-33.51016,14.602459,-19.52814,-33.56229,-13.591788,-15.022714
797,-12.578073501586914,7.0984015464782715,75.94403076171875,0.6651101956197414,-1.967562539153847,-49.65491444872688,-6.2902517,28.944786,11.874333,33.51626,-7.357533,-15.000033,-15.638679,-28.989702,-3.990034,47.648067,-6.467584,15.000033,-9.395704,-3.5680246,23.6264,-51.683697,10.291139,-15.696349,-31.914433,32.26406,-2.4850714,-3.1829054,-66.750114,-34.782166,14.118637,-20.045694,-33.48916,-13.436856,-15.333238
798,-12.468148231506348,7.008248329162598,75.80330657958984,0.8167347298128689,-1.9946301431686775,-48.41581376004089,-7.073052,28.530022,11.196946,31.901562,-5.956095,-15.000033,-15.490013,-29.339151,-3.3554864,47.65743,-7.700393,15.000033,-9.136299,-4.0476956,23.687391,-51.20087,9.548054,-16.805866,-31.538073,32.526516,-2.5951068,-3.1994734,-66.0848,-36.109703,13.660805,-20.525084,-33.50571,-13.294434,-15.633877
799,-12.3494234085083,6.915889739990234,75.61456298828125,0.9783307274839935,-2.0364326385355764,-47.19864142956758,-7.855239,28.02435,10.320057,30.48136,-4.5682974,-15.000033,-15.262079,-29.73383,-2.7131703,47.365364,-8.892094,15.000033,-8.892546,-4.5265326,23.789108,-50.630966,8.81188,-17.879688,-31.22109,32.79992,-2.7021043,-3.2173238,-65.44955,-37.498383,13.225229,-20.978172,-33.531734,-13.165002,-15.931861
800,-12.222843170166016,6.828187942504883,75.37655639648438,1.1397053086301487,-2.0929268243836567,-46.022877351147656,-8.645339,27.513187,9.287946,29.499945,-3.422434,-15.000033,-14.962553,-30.266613,-2.2245266,46.838943,-9.870017,15.000033,-8.658079,-4.9906926,23.92377,-49.928158,8.083827,-18.887188,-30.987883,33.071133,-2.8107357,-3.2484968,-64.81126,-38.965576,12.814248,-21.394646,-33.475933,-13.049252,-16.235819
801,-12.090766906738281,6.7303667068481445,75.08897399902344,1.3082827534640933,-2.169630792917554,-44.89957118502961,-9.489526,26.975357,7.979795,29.088877,-2.3576293,-15.000033,-14.55595,-30.952442,-1.9177902,45.943077,-10.606964,15.000033,-8.412153,-5.453859,24.123438,-49.068428,7.362635,-19.833336,-30.861395,33.339203,-2.9292984,-3.2977219,-64.18926,-40.515713,12.406735,-21.780817,-33.34545,-12.948476,-16.527029
802,-11.955182075500488,6.627528190612793,74.75328063964844,1.4874476195858397,-2.263244261649987,-43.81655805844724,-10.373873,26.369844,6.4259777,29.113503,-1.3317951,-15.000033,-14.057741,-31.742422,-1.720273,44.689407,-11.188769,15.000033,-8.164007,-5.921911,24.37618,-48.08238,6.6504755,-20.734024,-30.8177,33.60843,-3.054032,-3.3587744,-63.573082,-42.15319,11.999361,-22.164526,-33.171196,-12.861994,-16.807074
803,-11.84949779510498,6.519155979156494,74.43093872070312,1.6594334624555342,-2.3582022854985936,-42.75765923029055,-11.232315,25.74944,4.8849225,29.424883,-0.75135964,-15.000033,-13.5489435,-32.62568,-1.6441443,43.356674,-11.611208,15.000033,-7.930971,-6.355332,24.62606,-47.00234,5.9453783,-21.595198,-30.841356,33.877644,-3.168481,-3.422525,-62.95932,-43.89062,11.644683,-22.48437,-32.91513,-12.786579,-17.124302
804,-11.691116333007812,6.434216499328613,74.00797271728516,1.8044509568588234,-2.440167113941883,-41.70670366125065,-12.0079565,25.179205,3.600239,29.881088,-1.0310378,-15.000033,-13.107813,-33.596035,-1.6973116,42.229942,-11.870703,15.000033,-7.735632,-6.712638,24.814047,-45.859177,5.2425766,-22.41535,-30.914745,34.146038,-3.2570193,-3.481265,-62.322742,-45.747944,11.390783,-22.70201,-32.533047,-12.718612,-17.527546
805,-11.48121166229248,6.367786884307861,73.47254180908203,1.946221320969896,-2.495149317140348,-40.62794424480713,-12.659798,24.62387,2.6699598,30.463554,-2.55447,-15.000033,-12.788397,-34.799675,-1.898051,41.4018,-11.9492445,15.000033,-7.6386194,-7.0132008,24.901403,-44.597645,4.5247264,-23.166473,-31.061563,34.42407,-3.2985966,-3.5249302,-61.71079,-47.760178,11.309661,-22.779058,-31.917633,-12.647874,-18.04479
806,-11.257086753845215,6.304477214813232,72.89893341064453,2.0863797959335595,-2.5343840417671606,-39.537015809523965,-13.256036,24.069479,1.9339445,31.279924,-5.028134,-15.000033,-12.533873,-36.18914,-2.243961,40.72288,-11.870594,15.000033,-7.6066437,-7.259782,24.92755,-43.22526,3.7820225,-23.860037,-31.28151,34.708824,-3.309327,-3.5625188,-61.132175,-49.938606,11.368915,-22.747765,-31.109629,-12.578893,-18.652227
807,-11.04832649230957,6.22282600402832,72.31820678710938,2.1712717335452782,-2.580844742305875,-38.497609767083986,-13.886195,23.630688,1.2773784,32.337337,-7.824344,-15.000033,-12.251122,-37.471233,-2.696111,40.09985,-11.66501,15.000033,-7.526829,-7.3981667,24.94422,-41.87445,3.030805,-24.548508,-31.509256,34.978645,-3.3281488,-3.613386,-60.463577,-52.260666,11.433435,-22.689482,-30.284119,-12.534349,-19.313381
808,-10.867386817932129,6.113753318786621,71.73633575439453,2.1439310567739285,-2.6555036965767456,-37.5790803507579,-14.622438,23.419357,0.59487987,33.61162,-10.302861,-15.000033,-11.858164,-38.349724,-3.1980333,39.437466,-11.338281,15.000033,-7.290481,-7.383549,24.99838,-40.674797,2.3077767,-25.281864,-31.677244,35.210197,-3.3912876,-3.6938515,-59.533817,-54.684006,11.331829,-22.707447,-29.619589,-12.537816,-19.983952
809,-10.709736824035645,5.971296310424805,71.1526870727539,1.9241442389797963,-2.7126886644705706,-36.80125934324277,-15.560539,23.562492,-0.12250853,35.111073,-12.364832,-15.000033,-11.3739,-38.626762,-3.749943,38.59907,-10.653596,15.000033,-6.885991,-7.1791224,25.059303,-39.616493,1.6519514,-26.061218,-31.799118,35.40799,-3.5108783,-3.7950895,-58.26692,-57.216156,10.995053,-22.820236,-29.193483,-12.606311,-20.695045
810,-10.554516792297363,5.7965779304504395,70.56749725341797,1.5632773248198382,-2.759845354420204,-36.12606990395114,-16.630894,23.957216,-0.83651274,36.807453,-14.309525,-15.000033,-10.850459,-38.50572,-4.3595395,37.69333,-9.67532,15.000033,-6.3676214,-6.834027,25.116186,-38.64162,1.0749485,-26.871582,-31.918951,35.57049,-3.660848,-3.9037757,-56.644806,-59.861774,10.424869,-23.016357,-28.899645,-12.726027,-21.44949
811,-10.416340827941895,5.617202281951904,70.01695251464844,1.1976170326044577,-2.895785931855256,-35.538032401889545,-17.644985,24.371304,-1.5721375,38.6142,-16.09612,-15.000033,-10.257605,-38.29442,-4.9747157,36.994503,-8.861283,15.000033,-5.746138,-6.4271603,25.237904,-37.79018,0.57186526,-27.71722,-32.01897,35.671406,-3.8200593,-4.033538,-54.610146,-62.545174,9.557915,-23.318453,-28.64007,-12.873332,-22.157492
812,-10.283722877502441,5.470455169677734,69.49186706542969,0.9622699238572195,-3.2160319402699087,-35.02475994881987,-18.404308,24.587877,-2.3316164,40.455826,-17.69452,-15.000033,-9.551748,-38.287445,-5.5366096,36.761127,-8.67197,15.000033,-5.0485864,-6.040512,25.487104,-37.09562,0.13480014,-28.581211,-32.07185,35.6863,-3.969675,-4.204698,-52.146595,-65.14083,8.341635,-23.723648,-28.333681,-13.032506,-22.71859
813,-10.175342559814453,5.319239616394043,68.94771575927734,0.8974097421439512,-3.827757053730079,-34.50843722993425,-18.916046,24.500837,-3.258185,42.516605,-19.094936,-15.000033,-8.539542,-38.598927,-6.157824,37.202045,-9.468764,15.000033,-4.3448687,-5.738826,25.93293,-36.566162,-0.22909558,-29.453718,-32.030087,35.558018,-4.1192555,-4.4301662,-49.279396,-67.56027,6.796212,-24.097084,-28.053284,-13.208431,-23.097893
814,-10.071052551269531,5.15209436416626,68.4181900024414,0.9244618448448332,-4.654769756267132,-34.023589535601175,-19.2465,24.268785,-4.292172,44.767853,-20.316296,-15.000033,-7.292909,-39.053604,-6.8301854,38.137085,-10.940881,15.000033,-3.651964,-5.4759984,26.508532,-36.157803,-0.5041766,-30.298403,-31.919626,35.321445,-4.273388,-4.703798,-46.10188,-69.770836,4.993953,-24.394493,-27.847307,-13.41529,-23.337172
815,-9.938261985778809,4.968227386474609,67.941162109375,1.0053426430875418,-5.5134461573420666,-33.72598511162532,-19.302162,24.07668,-5.130562,46.83526,-21.380772,-15.000033,-6.147613,-39.502064,-7.3164907,39.211464,-12.537562,15.000033,-2.9353414,-5.1650124,27.069735,-35.803658,-0.68509966,-31.053898,-31.849884,35.100517,-4.4071693,-5.018446,-42.77291,-71.71939,3.0230834,-24.73494,-27.600035,-13.652384,-23.4519
816,-9.767128944396973,4.778360366821289,67.55841064453125,1.1106950261687716,-6.215974010819946,-33.76914485799588,-19.004402,24.085606,-5.474472,48.342285,-22.310993,-15.000033,-5.4480166,-39.79852,-7.3781734,40.066498,-13.709471,15.000033,-2.1621478,-4.730934,27.46187,-35.450336,-0.77051836,-31.656101,-31.904509,35.022415,-4.498986,-5.3685822,-39.473995,-73.34331,1.0079426,-25.241018,-27.204466,-13.920749,-23.45544
817,-9.576234817504883,4.582370281219482,67.28189849853516,1.2737478079798843,-6.72742548879619,-34.20198202265901,-18.279156,24.300276,-5.2090945,49.146347,-23.112991,-15.000033,-5.2484055,-39.95769,-6.9901366,40.601284,-14.37116,15.000033,-1.2915752,-4.178834,27.6384,-35.070786,-0.7588839,-32.084694,-32.10325,35.201504,-4.5426717,-5.7749796,-36.280178,-74.56717,-0.9320478,-25.950697,-26.540428,-14.220526,-23.3453
818,-9.370105743408203,4.382526397705078,67.11014556884766,1.505892538959785,-7.138242545755789,-34.94093240217712,-17.188545,24.62632,-4.4975605,49.463573,-23.773548,-15.000033,-5.364711,-40.03553,-6.2725625,40.996597,-14.800491,15.000033,-0.3795386,-3.5842986,27.661768,-34.697857,-0.63636404,-32.34518,-32.37321,35.548573,-4.554965,-6.237536,-33.266262,-75.36852,-2.696326,-26.778025,-25.735373,-14.55628,-23.107569
819,-9.161627769470215,4.173279762268066,67.02027893066406,1.7470667243556812,-7.448296179524132,-35.937808589259824,-15.858018,25.061447,-3.4568872,49.454273,-24.286646,-15.000033,-5.785746,-39.952484,-5.204525,41.311417,-14.987137,15.000033,0.47594458,-2.974222,27.546305,-34.359413,-0.3829152,-32.42918,-32.691486,35.88887,-4.547257,-6.7169085,-30.592056,-75.8026,-4.203845,-27.68328,-25.041302,-14.932932,-22.74257
820,-8.950493812561035,3.954105854034424,67.0031509399414,1.935407030224099,-7.662676595987377,-37.1439884391765,-14.411865,25.615337,-2.2079928,49.2785,-24.644901,-15.000033,-6.4996176,-39.62559,-3.768799,41.608437,-14.920206,15.000033,1.186378,-2.348872,27.316233,-34.07276,0.021898467,-32.339474,-33.062588,36.0419,-4.5271487,-7.171618,-28.38779,-75.97561,-5.4086285,-28.623419,-24.6872,-15.350855,-22.25841
821,-8.721847534179688,3.734105110168457,67.04965209960938,2.034943858544244,-7.75696512110753,-38.5811754643614,-12.830148,26.350872,-0.7105877,48.887604,-24.873402,-15.000033,-7.5268774,-38.988262,-1.903403,41.87389,-14.563979,15.000033,1.7611483,-1.6431915,26.942564,-33.739075,0.57998985,-32.056526,-33.595154,35.95999,-4.4961567,-7.586208,-26.710072,-75.96954,-6.2920165,-29.642046,-24.845665,-15.858815,-21.567673
822,-8.474096298217773,3.5252344608306885,67.16023254394531,2.0765075706130642,-7.740471474306292,-40.26049325660907,-11.038917,27.22305,1.0946679,48.226646,-24.960907,-15.000033,-8.820141,-38.09145,0.33358496,42.077656,-13.927354,15.000033,2.2540913,-0.8500732,26.4397,-33.35123,1.289359,-31.593466,-34.315624,35.729866,-4.4478636,-7.9809313,-25.52171,-75.81218,-6.842816,-30.750486,-25.321657,-16.437803,-20.71598
823,-8.223998069763184,3.326819896697998,67.33116149902344,2.099311675294951,-7.6717704221208844,-42.11833004775502,-9.087857,28.09717,3.1007967,47.450027,-24.85991,-15.000033,-10.27329,-37.024433,2.7806644,42.271282,-13.088875,15.000033,2.6443167,-0.046340715,25.898365,-33.07258,2.1683445,-31.010498,-35.10055,35.37142,-4.3745146,-8.366587,-24.771006,-75.53509,-7.0697737,-31.860533,-25.791069,-16.978546,-19.903664
824,-7.975124359130859,3.1341969966888428,67.56124114990234,2.14300022696732,-7.604087781607307,-44.093492168898244,-7.042654,28.852077,5.184516,46.711536,-24.521915,-15.000033,-11.801135,-35.86941,5.2906537,42.503597,-12.112451,15.000033,2.9069133,0.697165,25.411634,-33.065453,3.2497575,-30.377247,-35.83958,34.90362,-4.2673116,-8.751793,-24.390936,-75.1688,-6.997689,-32.884155,-25.932098,-17.361076,-19.326239
825,-7.721906661987305,2.9389829635620117,67.84194946289062,2.228494130576582,-7.58038094715832,-46.19267768291724,-4.845945,29.452051,7.328106,45.992493,-23.883066,-15.000033,-13.394342,-34.58481,8.025467,42.88444,-10.908931,15.000033,3.0104787,1.353316,25.033901,-33.245552,4.5486255,-29.730545,-36.6292,34.285084,-4.1617374,-9.146495,-24.34653,-74.74685,-6.650949,-33.856422,-25.616262,-17.54207,-19.141645
826,-7.468914031982422,2.7313671112060547,68.16183471679688,2.32107803607838,-7.5639180872840095,-48.44213691023087,-2.4891055,29.9694,9.579377,45.23088,-22.980707,-15.000033,-15.055148,-33.11592,10.9647665,43.351604,-9.44928,15.000033,2.9773917,1.9850857,24.71571,-33.565464,6.064762,-29.044294,-37.52568,33.521065,-4.045265,-9.533912,-24.653044,-74.2819,-6.0410743,-34.80767,-25.019629,-17.582676,-19.21485
827,-7.223077774047852,2.5026865005493164,68.51276397705078,2.3849386866460325,-7.491867635746008,-50.81255044985629,-0.11864325,30.456245,11.907177,44.51906,-21.925121,-15.000033,-16.756426,-31.544449,13.725603,43.708664,-7.95568,15.000033,2.8717883,2.6469376,24.386162,-34.274857,7.8206863,-28.30405,-38.325054,32.678047,-3.8395317,-9.882183,-25.304188,-73.757355,-5.1805205,-35.643024,-24.284063,-17.51438,-19.297804
828,-6.97727108001709,2.2544913291931152,68.87388610839844,2.3901700807268274,-7.303492558568474,-53.27600068138868,2.1241019,30.956936,14.29072,43.95043,-20.83155,-15.000033,-18.51543,-29.984013,15.953041,43.752205,-6.6457725,15.000033,2.7644074,3.37261,23.971725,-35.62933,9.855048,-27.519016,-38.821167,31.815805,-3.4667547,-10.155408,-26.274002,-73.13349,-4.094875,-36.272224,-23.559355,-17.365751,-19.140226
829,-6.7358198165893555,1.9813166856765747,69.23281860351562,2.360425826041748,-6.969621300518871,-55.857414432219876,4.255495,31.442574,16.885204,43.4829,-19.598864,-15.000033,-20.374498,-28.491508,17.658718,43.32008,-5.6214113,15.000033,2.619511,4.0978017,23.45149,-37.471916,12.146234,-26.81851,-39.32076,31.279581,-2.8509612,-10.451643,-27.607708,-72.35348,-2.761592,-36.729614,-22.715528,-17.078545,-18.615847
830,-6.500502109527588,1.6991409063339233,69.57562255859375,2.293363696297005,-6.537985785769033,-58.5628670009129,6.3441234,31.904526,19.653572,43.1004,-18.208824,-15.000033,-22.32192,-27.004652,19.004858,42.53769,-4.750093,15.000033,2.5520353,4.8311176,22.780952,-40.21985,14.787705,-25.984497,-39.479828,30.423157,-2.0634968,-10.789811,-29.11429,-71.42487,-1.2930557,-36.98929,-21.767614,-16.661852,-17.861834
831,-6.26894474029541,1.3990215063095093,69.88142395019531,2.1279566500149385,-6.056452644389827,-61.338102064014834,8.327169,32.404194,22.286924,42.92878,-16.928934,-15.000033,-24.32697,-25.493538,19.859325,41.60659,-3.8569632,15.000033,2.4146032,5.5383415,22.14065,-43.526844,17.716036,-25.495981,-39.203773,29.588747,-1.209973,-10.798735,-30.868683,-70.33948,0.33074346,-37.110615,-21.00936,-16.2334,-17.06725
832,-6.043523788452148,1.083299160003662,70.1358642578125,1.804180169219762,-5.576106550925815,-64.12963875782452,10.140666,33.01045,24.467726,43.087288,-16.046658,-15.000033,-26.358303,-23.929874,20.090088,40.74002,-2.7855046,15.000033,2.2684147,6.26575,21.583035,-47.765198,20.922792,-25.47289,-37.822296,28.343727,-0.4296716,-10.208482,-32.744286,-69.11802,2.0159566,-37.03713,-20.754503,-15.926821,-16.391327
833,-5.829080104827881,0.7643638849258423,70.32390594482422,1.2815487650424409,-5.057299448231001,-66.98612306540785,11.74003,33.82511,26.18066,43.630424,-15.65063,-15.000033,-28.529303,-22.363945,19.454195,39.85329,-1.5323087,15.000033,2.185677,7.0783997,21.067554,-53.252895,24.42609,-26.010473,-35.400505,26.41406,0.2679065,-8.672517,-34.65504,-67.760895,3.6911929,-36.7794,-21.177664,-15.77478,-15.832479
834,-5.615614891052246,0.435392290353775,70.44462585449219,0.5935723504204526,-4.510723275319164,-69.90995278179365,13.174859,34.781384,27.553333,44.48333,-15.612896,-15.000033,-30.75742,-20.828835,18.030682,38.82333,-0.1653337,15.000033,2.1027725,7.8794055,20.62068,-59.967747,28.21131,-27.268915,-32.150745,23.914347,0.8675736,-6.4005003,-36.589565,-66.252686,5.3180547,-36.41079,-22.070406,-15.715337,-15.320454
835,-5.4086151123046875,0.11488059163093567,70.49718475341797,-0.18628595836074144,-4.043052526041961,-72.77726867500684,14.4847145,35.703056,28.477465,45.55892,-15.876984,-15.000033,-32.78443,-19.276432,16.220568,37.84857,1.3570322,15.000033,1.749419,8.497359,20.461704,-67.34703,32.14357,-29.535946,-27.992458,21.39277,1.2523785,-3.9591203,-38.65567,-64.589096,6.9304414,-36.03076,-23.148438,-15.731842,-14.914007
836,-5.221024036407471,-0.19676357507705688,70.49983978271484,-0.9717602177140728,-3.737925380211456,-75.47065150167715,15.686542,36.419434,28.84924,46.755955,-16.366302,-15.000033,-34.44682,-17.647274,14.473529,37.17666,3.096767,15.000033,0.907701,8.849005,20.75399,-74.84513,36.014122,-32.897816,-22.79949,19.377493,1.3795165,-1.9826373,-40.980415,-62.784946,8.603375,-35.66852,-24.131176,-15.80219,-14.6603565
837,-5.049162864685059,-0.4950151741504669,70.45123291015625,-1.8310699261037826,-3.5653074829462366,-78.0034247885561,16.631369,36.999584,28.40758,48.231644,-17.105577,-15.000033,-35.81517,-15.905754,12.487702,36.84453,5.4074035,15.000033,-0.3821449,9.074994,21.488663,-82.74191,39.697105,-37.38804,-16.509151,18.36524,1.3636471,-0.7719363,-43.642,-60.887787,10.381162,-35.204407,-25.003967,-15.930184,-14.633971
838,-4.889264106750488,-0.796021044254303,70.35042572021484,-2.7530752102687885,-3.475481243352133,-80.42492165902279,17.312286,37.484035,27.270742,49.9596,-18.08619,-15.000033,-37.017815,-14.141551,10.17134,36.75303,8.178866,15.000033,-2.0298636,9.270181,22.55723,-91.14405,43.10276,-42.85432,-9.513803,17.955421,1.2151463,-0.03235134,-46.628914,-58.913322,12.299597,-34.59285,-25.887312,-16.110514,-14.7826185
839,-4.727858543395996,-1.1257541179656982,70.19407653808594,-3.5483218183651393,-3.50925665308774,-82.6784883278291,17.977865,37.704327,25.934229,51.569855,-19.184603,-15.000033,-38.023468,-12.395132,8.371064,36.986828,10.735867,15.000033,-4.068812,9.370222,23.897013,-99.09373,46.079453,-48.76346,-2.1065722,17.493567,0.7696714,0.43525508,-49.908627,-56.825226,14.440158,-33.86983,-26.735817,-16.312624,-14.950621
840,-4.562035083770752,-1.510709285736084,69.97720336914062,-4.050841336531388,-3.7105653158083487,-84.70751623989425,18.897757,37.55213,24.909283,52.711178,-20.293606,-15.000033,-38.780823,-10.610297,7.985824,37.64001,12.349326,15.000033,-6.4472384,9.304463,25.403067,-105.73359,48.502316,-54.540936,5.983741,16.391516,-0.1405726,0.8042482,-53.34703,-54.563644,16.798983,-33.03732,-27.514671,-16.512812,-14.986597
841,-4.380053520202637,-1.9389936923980713,69.70968627929688,-4.158220489257779,-4.129612599656656,-86.45994767057694,20.144732,36.88434,24.193586,53.367073,-21.49496,-15.000033,-39.271004,-8.510808,9.868602,39.044147,12.854124,15.000033,-9.1813965,8.947561,27.144537,-111.20016,50.308277,-60.535698,16.548494,14.212085,-1.9244928,1.2367145,-56.8916,-52.067413,19.258787,-32.050682,-28.185942,-16.697674,-14.880309
842,-4.196763515472412,-2.4014246463775635,69.39167022705078,-3.9671375264959408,-4.69987989763462,-88.01416550052629,21.563486,35.823776,23.580664,53.724075,-22.817472,-15.000033,-39.473022,-6.063294,13.363575,41.07213,12.691953,15.000033,-12.066736,8.30309,28.976496,-115.82881,51.504868,-66.76993,29.363197,11.703226,-4.2303967,1.48608,-60.322296,-49.307793,21.59417,-30.873922,-28.798784,-16.901934,-14.694294
843,-4.021643161773682,-2.885254383087158,69.04584503173828,-3.582054998500727,-5.092521409532033,-89.50514911363707,22.796564,34.64235,23.2177,53.809906,-24.10271,-15.000033,-39.60214,-3.6624002,17.170301,43.139908,11.998539,15.000033,-14.561925,7.6695933,29.793802,-119.0666,52.098335,-72.421715,41.803513,9.342778,-6.1426177,1.3045971,-62.758457,-46.519314,23.697823,-29.557491,-29.399452,-17.165112,-14.498472
844,-3.876568078994751,-3.455812931060791,68.64679718017578,-3.176918037482552,-5.341238818061967,-91.02142047061943,23.980463,33.642475,23.320946,53.494213,-25.14876,-15.000033,-39.629997,-1.7872118,19.973385,44.719624,10.71827,15.000033,-16.742191,6.959199,29.793802,-121.10053,52.295086,-77.04802,51.88354,7.626657,-6.906891,0.44283146,-64.61874,-43.2476,25.661087,-27.91996,-30.107021,-17.564642,-14.181107
845,-3.7500526905059814,-4.085821151733398,68.21691131591797,-2.8663547222855565,-5.67542063014948,-92.51508730162759,25.52662,33.044586,24.20121,52.42468,-25.929983,-15.000033,-39.26208,-0.73172235,21.265972,45.53173,8.336922,15.000033,-18.669914,6.285983,29.793802,-122.10663,52.24371,-80.49815,60.277386,7.0563407,-6.07291,-1.9280895,-65.98723,-39.912777,27.316021,-26.430101,-30.866665,-18.079033,-13.802484
846,-3.614203929901123,-4.725198745727539,67.78250122070312,-2.5445650305292458,-6.08488710248157,-93.95049104915452,27.347382,32.60375,25.677647,50.73104,-26.537273,-15.000033,-38.59774,-0.2747567,21.776764,45.91815,4.9834,15.000033,-20.433456,5.542812,29.793802,-122.12748,52.06368,-83.237175,68.178635,7.2532935,-4.2368355,-5.4083643,-66.890236,-36.57243,28.696928,-25.138458,-31.630058,-18.671913,-13.383125
847,-3.4567370414733887,-5.368426322937012,67.3410415649414,-2.1617339654120067,-6.490407450584739,-95.40130383872734,29.1623,32.025513,27.245241,48.90134,-26.90523,-15.000033,-37.979195,-0.068589486,22.007278,46.26959,1.4731066,15.000033,-21.905441,4.738704,29.793802,-121.51149,51.87506,-85.03428,74.627235,7.4747586,-2.3471553,-8.540864,-67.64715,-33.34756,29.827116,-24.006222,-32.407135,-19.232565,-12.844645
848,-3.2641491889953613,-6.020021438598633,66.9117660522461,-1.671957333289359,-6.797816274269878,-96.94462820513952,30.66121,31.054226,28.357145,47.421368,-26.958319,-15.000033,-37.74763,0.27038944,22.492056,46.989956,-1.3664665,15.000033,-22.95354,3.9488702,29.793802,-120.54755,51.795555,-85.50536,78.32491,6.81377,-1.251799,-9.8091955,-68.59372,-30.411514,30.731947,-23.00356,-33.20142,-19.637857,-12.121383
849,-3.041642427444458,-6.6756486892700195,66.51512908935547,-0.9895210430017264,-6.919169046127341,-98.71289227663623,31.801735,29.445045,29.024553,46.187187,-26.600943,-15.000033,-38.087975,0.8546631,23.442684,48.20552,-3.3328352,15.000033,-23.429102,3.2059922,29.793802,-119.25176,51.953674,-84.08351,78.15706,4.0416937,-1.4450644,-8.307448,-69.92832,-27.975765,31.47752,-22.318258,-34.055504,-19.81786,-11.024518
850,-2.815408706665039,-7.293181896209717,66.15707397460938,-0.19050677552699913,-6.901517453408893,-100.62069916338605,32.707382,27.43026,29.465864,45.026752,-25.90365,-15.000033,-38.78435,1.5198087,24.558485,49.68611,-4.864693,15.000033,-23.419317,2.593492,29.793802,-117.49743,52.40929,-80.83927,74.82622,-0.035933763,-2.5425875,-5.03675,-71.37087,-26.149176,32.111732,-22.089521,-34.916805,-19.822983,-9.673546
851,-2.6164731979370117,-7.845887660980225,65.82118225097656,0.5607820344004444,-6.860475786707225,-102.42522609742899,33.34034,25.498722,29.495893,44.356976,-25.070316,-15.000033,-39.568638,2.2293267,25.630777,51.306892,-6.1002707,15.000033,-23.157131,2.2063656,29.793802,-115.32611,53.11913,-76.51273,69.68352,-3.4422398,-3.856737,-1.267715,-72.54702,-24.893679,32.596916,-22.210405,-35.64654,-19.71602,-8.458583
852,-2.4737868309020996,-8.332183837890625,65.4990463256836,1.1241408432753568,-6.91910290976361,-103.89123013525709,33.671425,24.107977,28.9562,44.59332,-24.305264,-15.000033,-40.192307,2.9196138,26.459679,52.956013,-7.169078,15.000033,-22.891687,2.054372,29.793802,-112.60603,53.974815,-72.02091,64.21754,-4.333742,-4.360003,1.876379,-73.11126,-24.047913,32.845825,-22.523388,-36.125465,-19.568499,-7.7608457
853,-2.3824849128723145,-8.751757621765137,65.18058776855469,1.4303199638505466,-7.12200735791049,-105.00466842555376,33.6651,23.428196,27.789652,46.18162,-23.721262,-15.000033,-40.67923,3.6740537,26.983435,54.730076,-7.9760613,15.000033,-22.647745,2.1543658,29.793802,-109.251236,54.863785,-67.82857,58.513332,-1.5211391,-3.3460643,4.436192,-73.10443,-23.484392,32.84786,-22.872486,-36.305225,-19.39039,-7.813361
854,-2.330031156539917,-9.139403343200684,64.89727783203125,1.5893914710860686,-7.417217822825841,-105.87236187891656,33.375526,23.101477,26.12991,48.745083,-23.158785,-15.000033,-41.12333,4.4687066,27.32596,56.646706,-8.498656,15.000033,-22.325487,2.3989677,29.793802,-105.299614,55.72061,-63.519962,51.97727,3.674782,-1.2129074,6.7780905,-72.73025,-23.16375,32.63316,-23.281378,-36.285942,-19.167206,-8.339554
855,-2.2983949184417725,-9.529651641845703,64.69219970703125,1.7325681045048549,-7.776062893136217,-106.4463278624127,32.901127,22.789461,24.09365,51.468906,-22.412397,-15.000033,-41.400383,5.060747,27.577028,58.470615,-8.965171,15.000033,-22.014488,2.598336,29.793802,-100.69476,56.502228,-58.723305,45.090797,9.217302,1.3483944,8.384046,-71.92676,-23.016748,32.16738,-23.84185,-36.164276,-18.931314,-8.962793
856,-2.2878258228302,-9.921540260314941,64.57735443115234,1.9892821786387622,-8.166961887407396,-106.68547923685323,32.350834,22.23861,21.818459,53.600636,-21.332409,-15.000033,-41.391354,5.2166824,27.828272,59.971603,-9.605439,15.000033,-21.837435,2.5567105,29.793802,-95.24516,57.148388,-52.855804,38.234917,13.258814,3.435918,9.010446,-70.64457,-22.93388,31.417189,-24.64162,-36.030746,-18.713295,-9.311876
857,-2.2982170581817627,-10.29615306854248,64.53643798828125,2.391697338332035,-8.633300247490823,-106.45488934944542,31.74834,21.468302,19.233797,55.037437,-19.851986,-15.000033,-40.991158,4.7691293,28.077024,61.10409,-10.533468,15.000033,-21.991526,2.156187,29.793802,-88.47803,57.505928,-45.21468,31.16402,15.254817,4.704077,8.480517,-68.75237,-22.759462,30.305681,-25.667278,-35.825066,-18.478151,-9.31856
858,-2.3238136768341064,-10.635445594787598,64.53972625732422,2.875457945277498,-9.179505584923195,-105.82452189099376,31.090668,20.578539,16.332293,56.16022,-18.081562,-15.000033,-40.2929,3.8655877,28.290636,61.983288,-11.613537,15.000033,-22.471111,1.5142051,29.793802,-80.495026,57.39514,-36.24221,23.607471,16.16287,5.5403886,7.0874295,-66.51274,-22.38867,29.01021,-26.700552,-35.53436,-18.219807,-9.186226
859,-2.3467774391174316,-10.937756538391113,64.55838775634766,3.4137240218177047,-9.71275856881135,-105.0659769267174,30.440195,19.526365,13.347632,57.001873,-16.178316,-15.000033,-39.4814,2.751294,28.50946,62.61988,-12.683814,15.000033,-23.077944,0.7619678,29.793802,-72.03864,56.695866,-27.088394,15.993833,16.544672,6.1332097,5.4868493,-64.401054,-21.79986,27.820145,-27.584467,-35.33418,-18.015057,-8.943879
860,-2.3543174266815186,-11.22720718383789,64.6062240600586,3.981703153837111,-10.140905099295399,-104.44965399019893,29.842604,18.288353,10.496215,57.594624,-14.290068,-15.000033,-38.735947,1.6849703,28.776768,63.03221,-13.593491,15.000033,-23.496922,0.06561369,29.793802,-64.05763,55.459892,-19.00639,8.941906,17.010344,6.669075,4.2881765,-62.788055,-21.080954,26.8972,-28.204138,-35.414165,-17.954182,-8.587554
861,-2.3624181747436523,-11.514037132263184,64.70109558105469,4.5756906037991865,-10.425969468331807,-104.06763145135541,29.334719,16.82551,7.763345,57.885555,-12.438116,-15.000033,-38.106567,0.75253195,29.115982,63.22012,-14.343972,15.000033,-23.557245,-0.5270986,29.793802,-56.600643,53.78846,-12.212304,2.5652483,17.754044,7.2197437,3.6418653,-61.59166,-20.32809,26.120707,-28.669127,-35.968052,-18.127602,-7.9232574
862,-2.37504506111145,-11.777454376220703,64.85902404785156,5.204006180542426,-10.618077456865834,-103.77452953786054,28.900719,15.197348,5.037752,57.889225,-10.563468,-15.000033,-37.506077,-0.17492539,29.496994,63.177914,-15.002668,15.000033,-23.370615,-1.1130553,29.793802,-49.483273,51.668148,-6.328707,-3.413974,18.439442,7.695116,3.2509122,-60.534004,-19.569769,25.347427,-29.122614,-36.832024,-18.480597,-7.010214
863,-2.3742823600769043,-12.00628662109375,65.08113861083984,5.848595617519287,-10.75534582672838,-103.48133240605192,28.479689,13.532938,2.3807163,57.73122,-8.679489,-15.000033,-36.90682,-1.1571115,29.880768,62.915916,-15.512438,15.000033,-22.995651,-1.6645606,29.793802,-43.05001,49.14595,-1.4333591,-8.960117,19.027744,8.012665,2.9885478,-59.687763,-18.854107,24.677454,-29.449917,-37.683025,-18.88291,-6.201115
864,-2.3694729804992676,-12.191702842712402,65.36644744873047,6.492112427230153,-10.880104575206103,-103.09745664157238,27.99905,11.951692,-0.14321244,57.535107,-6.7978954,-15.000033,-36.274837,-2.255978,30.228209,62.444187,-15.818635,15.000033,-22.488007,-2.1580424,29.793802,-37.681026,46.345097,2.377414,-13.93392,19.487492,8.08042,2.717639,-59.11035,-18.24338,24.193226,-29.543541,-38.198887,-19.189508,-5.8413296
865,-2.3407392501831055,-12.32956314086914,65.70277404785156,7.1365500142651355,-10.984400605055578,-102.65711136884394,27.468025,10.406818,-2.61089,57.23823,-4.9161587,-15.000033,-35.626694,-3.4408557,30.570143,61.752365,-15.883071,15.000033,-21.79836,-2.5754464,29.793802,-33.151268,43.448875,5.2274733,-18.318256,19.71095,7.794299,2.3703918,-58.781002,-17.799109,23.957495,-29.409212,-38.20462,-19.375803,-6.155802
866,-2.2926414012908936,-12.425034523010254,66.08746337890625,7.78448448005774,-11.04386165227416,-102.1918078294838,26.900888,8.875261,-5.0450377,56.817436,-3.0458539,-15.000033,-34.98295,-4.6780834,30.903463,60.84003,-15.741657,15.000033,-20.944382,-2.9356394,29.793802,-29.07082,40.573788,7.3221483,-22.2753,19.719002,7.2164183,2.0030355,-58.614822,-17.53315,23.92374,-29.178358,-37.881607,-19.500208,-6.93812
867,-2.2165608406066895,-12.46149730682373,66.50230407714844,8.421013693582855,-11.084018911985947,-101.59832918774278,26.201302,7.5071187,-7.276088,56.446327,-1.1769173,-15.000033,-34.309265,-6.0511813,31.136255,59.72332,-15.44507,15.000033,-20.07745,-3.2599397,29.793802,-25.624538,37.77287,8.725458,-25.826017,19.70543,6.499379,1.6525482,-58.614597,-17.424973,24.009157,-28.884523,-37.44974,-19.539295,-7.870927
868,-2.1455628871917725,-12.44304370880127,66.95684051513672,9.044588260344694,-11.132834849970916,-100.77010481468177,25.253101,6.4413114,-9.112987,56.26416,0.76058215,-15.000033,-33.564945,-7.657462,31.183392,58.414795,-15.044713,15.000033,-19.3249,-3.564742,29.793802,-23.059618,35.070446,9.490081,-28.960835,19.896341,5.798275,1.3644955,-58.802296,-17.447277,24.11693,-28.531559,-37.145096,-19.465511,-8.625504
869,-2.078866481781006,-12.372790336608887,67.44581604003906,9.681316844812976,-11.217086446765551,-99.62505482091507,23.965086,5.5979023,-10.700985,56.304756,2.9340858,-15.000033,-32.70991,-9.593548,31.016222,56.897114,-14.57556,15.000033,-18.72379,-3.862724,29.793802,-21.485188,32.53125,9.624739,-31.539593,20.374334,5.0937552,1.1575581,-59.26498,-17.58937,24.243176,-28.05419,-37.03731,-19.221376,-9.128618
870,-2.019806146621704,-12.268689155578613,67.97406005859375,10.32883215125942,-11.322134887895972,-98.22693200582208,22.374025,4.9440894,-12.049777,56.4689,5.3422937,-15.000033,-31.760015,-11.795951,30.665604,55.159584,-13.997373,15.000033,-18.20503,-4.1524625,29.793802,-20.714405,30.231853,9.231029,-33.538578,21.007986,4.3298917,1.0061357,-59.986732,-17.851711,24.431463,-27.452131,-37.00275,-18.837854,-9.546799
871,-1.955102801322937,-12.129315376281738,68.53787231445312,10.950220377132018,-11.409986041734676,-96.66885090628251,20.528328,4.6163955,-12.876197,56.722622,7.7240357,-15.000033,-30.757593,-14.134402,30.129288,53.228294,-13.252491,15.000033,-17.749165,-4.423612,29.793802,-20.548544,28.179173,8.501943,-35.15537,21.712719,3.6069467,0.89726055,-60.844803,-18.227879,24.649776,-26.824867,-36.990948,-18.415354,-9.907588
872,-1.8962171077728271,-11.953368186950684,69.13352966308594,11.50355121887226,-11.416154719984045,-95.03476612123346,18.435272,4.75053,-12.929396,57.053997,9.795875,-15.000033,-29.77629,-16.472717,29.406511,51.140644,-12.2885275,15.000033,-17.349163,-4.6411066,29.702404,-20.776752,26.32703,7.5916243,-36.56859,22.418987,3.0152338,0.80898464,-61.680954,-18.703098,24.881222,-26.234928,-36.94428,-18.057655,-10.245468
873,-1.837980031967163,-11.743709564208984,69.75790405273438,12.00534265422606,-11.312121588144278,-93.27476518708899,15.977905,5.338731,-12.209755,57.59634,11.712131,-15.000033,-28.802097,-18.862074,28.4518,48.83664,-11.093062,15.000033,-17.030457,-4.7843165,29.342993,-21.520237,24.634863,6.4264317,-37.639957,23.155523,2.5896075,0.7598032,-62.472363,-19.256239,25.178156,-25.560472,-36.869278,-17.771574,-10.581501
874,-1.7869048118591309,-11.513486862182617,70.39872741699219,12.429082363651187,-11.154986475420829,-91.36663924052598,13.226802,6.35257,-10.913764,58.321392,13.488879,-15.000033,-27.748236,-21.284899,27.224417,46.34139,-9.707529,15.000033,-16.791025,-4.837961,28.877441,-22.807295,23.09798,5.040584,-38.378456,23.953545,2.2815077,0.74832696,-63.35741,-19.890656,25.538145,-24.796928,-36.796978,-17.50814,-10.883987
875,-1.7314897775650024,-11.271485328674316,71.04015350341797,12.69231364461271,-10.912826227023452,-89.42936899817103,10.379884,7.8713837,-9.097636,59.01904,14.597973,-15.000033,-26.715927,-23.507156,25.782227,43.84952,-8.1568775,15.000033,-16.556686,-4.739498,28.321264,-24.358177,21.694958,3.5553021,-38.864807,24.758589,2.038806,0.72829276,-64.18587,-20.587357,25.90589,-24.076897,-36.70537,-17.301794,-11.143983
876,-1.6719259023666382,-11.029701232910156,71.66901397705078,12.726902418618506,-10.552759045662892,-87.59199902223997,7.653639,9.987381,-6.7559257,59.47598,14.528314,-15.000033,-25.833002,-25.31054,24.225574,41.562084,-6.473484,15.000033,-16.264591,-4.4422436,27.694872,-25.863008,20.399963,2.1019561,-39.20722,25.52178,1.8040622,0.6468231,-64.84206,-21.312843,26.230995,-23.507381,-36.565853,-17.189083,-11.349064
877,-1.6169050931930542,-10.784210205078125,72.27204132080078,12.442757213679695,-10.020509847314795,-85.91527289926385,5.1582108,13.11068,-3.4345167,59.58152,12.422645,-15.000033,-25.14228,-26.53333,22.58455,39.459526,-4.5802197,15.000033,-15.8825245,-3.8395905,26.983652,-27.28764,19.191633,0.7092086,-39.41804,26.240778,1.5528595,0.47229284,-65.36074,-22.039698,26.555912,-23.041096,-36.335266,-17.216509,-11.463588
878,-1.5722264051437378,-10.543014526367188,72.8389892578125,11.92151901269387,-9.391347860768459,-84.41202406717467,3.0807612,17.187317,0.9767198,59.44749,8.697982,-15.000033,-24.559082,-27.274506,20.90466,37.49996,-2.5276144,15.000033,-15.398133,-3.0094862,26.23239,-28.740417,18.05972,-0.6614902,-39.47631,26.944351,1.3143988,0.23256385,-65.83158,-22.755949,26.904938,-22.598612,-36.041,-17.355164,-11.49919
879,-1.5239098072052002,-10.319367408752441,73.37268829345703,11.370623802943555,-8.805433409734468,-83.09319627623233,1.6257311,21.481983,5.8987017,59.213726,4.8302336,-15.000033,-24.057884,-27.779482,19.30555,35.830578,-0.53114396,15.000033,-14.811389,-2.2007673,25.528107,-30.134546,17.00461,-1.9988804,-39.446236,27.632727,1.1096914,-0.038335398,-66.20006,-23.443544,27.19733,-22.242794,-35.78866,-17.527422,-11.516431
880,-1.455167531967163,-10.106949806213379,73.88217163085938,10.95555113240056,-8.35924081453733,-81.89116150923489,0.6627783,25.17921,10.432483,59.07095,2.3238678,-15.000033,-23.636393,-28.315062,17.819185,34.59751,1.1982735,15.000033,-14.191944,-1.6230156,24.920483,-31.3851,16.039043,-3.2874663,-39.387177,28.303759,0.96132386,-0.30580798,-66.41939,-24.084314,27.349295,-22.030483,-35.675575,-17.656504,-11.576508
881,-1.3625425100326538,-9.923781394958496,74.37139129638672,10.676084436081288,-8.035529416473688,-80.77164197440968,-0.058933802,28.20401,14.332965,59.12834,1.7652133,-15.000033,-23.399778,-28.991758,16.378738,33.89954,2.7740798,15.000033,-13.581977,-1.2837106,24.404404,-32.46905,15.186433,-4.521961,-39.31824,28.963367,0.8976893,-0.5845954,-66.48933,-24.659037,27.354486,-21.975077,-35.810246,-17.729986,-11.674494
882,-1.25816011428833,-9.753301620483398,74.83466339111328,10.452670772128391,-7.7937125994022916,-79.745809808247,-0.51250154,30.893463,17.964067,59.303574,2.2871068,-15.000033,-23.315765,-29.692036,14.985122,33.649097,4.2051415,15.000033,-12.976664,-1.0907946,23.96599,-33.426224,14.45484,-5.7048054,-39.219448,29.60448,0.9024622,-0.8823753,-66.446014,-25.15604,27.252125,-22.03154,-36.11887,-17.786774,-11.783762
883,-1.1415702104568481,-9.6112699508667,75.26140594482422,10.273945504975405,-7.642491163320336,-78.75072799064066,-0.77860004,33.10122,21.068275,59.490467,3.277618,-15.000033,-23.192238,-30.344381,13.673163,33.672348,5.1905675,15.000033,-12.42252,-1.0461546,23.600327,-34.264202,13.8294525,-6.8364387,-39.10384,30.210827,0.9307876,-1.1556064,-66.28909,-25.572895,27.021881,-22.164433,-36.42737,-17.826092,-11.935954
884,-1.0227099657058716,-9.486268043518066,75.64602661132812,10.131639210756433,-7.562238055318212,-77.70651016110251,-1.012025,34.68901,23.391748,59.555946,4.1679935,-15.000033,-22.862722,-30.888088,12.44496,33.760235,5.5105615,15.000033,-11.977234,-1.141607,23.2691,-34.99264,13.284405,-7.9144692,-38.980682,30.767094,0.93564695,-1.3641664,-66.0266,-25.920198,26.644564,-22.338219,-36.54789,-17.84827,-12.1617
885,-0.8910475373268127,-9.358973503112793,75.98287200927734,10.054350053080046,-7.522984870078145,-76.51031164703525,-1.4333307,35.53777,24.764956,59.458897,5.057901,-15.000033,-22.345013,-31.48998,11.097877,33.964233,4.9663825,15.000033,-11.716834,-1.4188076,22.920532,-35.61805,12.809445,-8.9679165,-38.84168,31.282736,0.89963824,-1.4777813,-65.61539,-26.202946,26.079824,-22.573591,-36.404366,-17.843328,-12.5092
886,-0.7485328912734985,-9.232128143310547,76.2670669555664,10.02647493718641,-7.506505626804366,-75.19503738840407,-2.0940835,35.76835,25.259378,59.24411,6.246513,-15.000033,-21.724813,-32.136562,9.645523,34.32192,3.789248,15.000033,-11.616458,-1.8442693,22.554619,-36.145935,12.405309,-9.99579,-38.684914,31.766987,0.8490412,-1.5291553,-65.06498,-26.422964,25.348425,-22.881218,-36.10107,-17.815678,-12.949581
887,-0.6076194047927856,-9.112292289733887,76.49626922607422,9.966469586505903,-7.496457720924946,-73.8927130587698,-2.8802834,35.599983,25.027973,58.90411,7.4559436,-15.000033,-20.99374,-32.476456,8.444066,34.607803,2.4339314,15.000033,-11.562398,-2.2952652,22.197636,-36.59013,12.055491,-10.961319,-38.519897,32.210796,0.79784495,-1.5722811,-64.436195,-26.585972,24.529955,-23.2186,-35.747227,-17.78444,-13.39986
888,-0.45591360330581665,-9.002317428588867,76.67474365234375,9.801820451625073,-7.4819571323592236,-72.74271088580979,-3.6480513,35.239353,24.231722,58.43525,8.391213,-15.000033,-20.162045,-32.160667,7.8890038,34.59189,1.3351355,15.000033,-11.436287,-2.6507728,21.876453,-36.954662,11.7329035,-11.825111,-38.36227,32.61335,0.75856185,-1.667097,-63.80575,-26.702297,23.712164,-23.528646,-35.44465,-17.766382,-13.776075
889,-0.31032654643058777,-8.890936851501465,76.80433654785156,9.455351602292778,-7.460223738428907,-71.78109805468715,-4.416636,34.694294,22.691938,57.842205,8.949628,-15.000033,-19.123167,-30.802773,8.304394,34.064926,0.53427684,15.000033,-11.202059,-2.8272395,21.599392,-37.255955,11.423406,-12.57384,-38.194626,32.976444,0.72931635,-1.8652067,-63.18596,-26.781292,22.88636,-23.787025,-35.166237,-17.76464,-14.071388
890,-0.16247528791427612,-8.78872013092041,76.88714599609375,9.001383184474053,-7.4795820246385425,-70.92020168689284,-5.1342583,33.82131,20.410725,57.11846,9.253664,-15.000033,-17.861607,-28.710009,9.472705,33.196594,-0.3423571,15.000033,-10.940649,-2.9237068,21.374804,-37.498085,11.125895,-13.22968,-38.00376,33.310375,0.7001518,-2.130586,-62.563698,-26.831419,22.021559,-24.005821,-34.852432,-17.770206,-14.32456
891,0.007407184690237045,-8.705117225646973,76.9137954711914,8.59207594180797,-7.585593658778701,-70.13104823039812,-5.5835156,32.62715,17.812584,56.25463,9.351408,-15.000033,-16.55548,-26.567661,10.956871,32.331127,-1.3763719,15.000033,-10.643203,-3.0720947,21.23027,-37.708378,10.823279,-13.83544,-37.787167,33.612926,0.6702052,-2.3880339,-61.819855,-26.830809,21.170794,-24.29167,-34.687607,-17.770498,-14.530042
892,0.2165389508008957,-8.636372566223145,76.88494110107422,8.349654583110677,-7.758438394262291,-69.41732712497553,-5.66101,31.194008,15.323735,55.256958,9.337123,-15.000033,-15.489534,-25.007755,12.261138,31.801916,-2.395454,15.000033,-10.394901,-3.3733609,21.105686,-37.81294,10.517357,-14.3199,-37.587296,33.900986,0.63220024,-2.5825653,-61.285515,-26.835848,20.383123,-24.414059,-34.484856,-17.781986,-14.651172
893,0.4702705442905426,-8.57125186920166,76.79946899414062,8.315805924808505,-7.981441108898005,-68.82527140064012,-5.372967,29.42138,12.842189,54.115803,9.200508,-15.000033,-14.822902,-24.126358,13.381188,31.748835,-3.1406906,15.000033,-10.0682745,-3.8419578,21.01715,-37.86177,10.184531,-14.755548,-37.363724,34.162487,0.58996207,-2.6736822,-60.65767,-26.815273,19.664013,-24.614166,-34.538937,-17.775814,-14.671066
894,0.7594473361968994,-8.493453025817871,76.67041778564453,8.395726170241163,-8.23872887722243,-68.3618711699345,-4.7813544,27.381592,10.209965,52.85645,8.920519,-15.000033,-14.417424,-23.574059,14.490884,31.984121,-3.639257,15.000033,-9.654778,-4.3878417,20.961369,-37.87239,9.816138,-15.136357,-37.09919,34.40417,0.54214376,-2.7066705,-59.946793,-26.754173,18.995714,-24.861458,-34.79787,-17.758606,-14.60524
895,1.0599782466888428,-8.393665313720703,76.5237045288086,8.485401524592453,-8.478025144909388,-67.97240974044263,-3.9955645,25.443722,7.7336564,51.5362,8.617431,-15.000033,-14.148424,-23.283705,15.32031,32.307026,-4.0484824,15.000033,-9.276332,-4.92787,20.874332,-37.81769,9.4341755,-15.393682,-36.84649,34.64337,0.48257065,-2.7296543,-59.476437,-26.726793,18.385431,-24.908285,-34.904964,-17.765247,-14.506529
896,1.326839804649353,-8.323875427246094,76.30581665039062,8.499899140110475,-8.662969256237805,-67.59311686288163,-3.1338084,23.934204,5.715711,50.18729,8.399893,-15.000033,-13.85385,-23.222544,15.600678,32.47751,-4.5551333,15.000033,-8.87241,-5.3678236,20.77132,-37.7887,9.035142,-15.616643,-36.64051,34.859203,0.41828296,-2.7623763,-58.895947,-26.713963,17.858824,-25.04653,-35.035587,-17.778515,-14.481284
897,1.5784412622451782,-8.26215648651123,76.05376434326172,8.451947908073008,-8.776650932110172,-67.21870882699879,-2.2346714,22.952923,4.3610544,48.75504,8.564944,-15.000033,-13.47284,-23.560307,15.060717,32.35065,-5.215164,15.000033,-8.467306,-5.735432,20.612463,-37.75721,8.624054,-15.776655,-36.48456,35.05719,0.34453627,-2.818379,-58.27129,-26.730219,17.410713,-25.204203,-35.05724,-17.819767,-14.571341
898,1.8321067094802856,-8.194918632507324,75.76531219482422,8.379477813880827,-8.842197290010896,-66.87246012276398,-1.2806859,22.292593,3.4548023,47.22266,8.978651,-15.000033,-13.0788355,-24.260538,13.908368,32.060734,-5.9194465,15.000033,-8.050186,-6.064391,20.417084,-37.71017,8.200176,-15.878163,-36.366398,35.237823,0.2633033,-2.8773863,-57.60665,-26.781002,17.028303,-25.385466,-35.02295,-17.8787,-14.727402
899,2.1065011024475098,-8.113268852233887,75.45123291015625,8.237759167153685,-8.887146970805292,-66.53158628044052,-0.29118782,21.802467,2.685435,45.666824,9.104078,-15.000033,-12.7141485,-25.006083,12.605747,31.788784,-6.6153817,15.000033,-7.6332455,-6.2969275,20.237116,-37.697422,7.760351,-15.953725,-36.288986,35.39614,0.1806369,-2.9304595,-56.87421,-26.85396,16.715206,-25.650282,-35.075714,-17.926826,-14.879028
900,2.4043824672698975,-8.009588241577148,75.11839294433594,7.989769040491103,-8.942540423006378,-66.16879441907636,0.73061824,21.341381,1.7351196,44.162388,8.401462,-15.000033,-12.430138,-25.503044,11.617243,31.72354,-7.2885647,15.000033,-7.3442187,-6.3990803,20.085644,-37.684834,7.319421,-15.964204,-36.287567,35.568947,0.09864318,-2.9798415,-56.473347,-27.018347,16.457788,-25.714077,-35.02587,-17.965082,-14.926803
901,2.719590425491333,-7.890748977661133,74.75373077392578,7.610849131727521,-9.01709068689753,-65.76531892645096,1.8509678,20.839506,0.36791486,42.660927,6.548021,-15.000033,-12.244776,-25.678396,11.065261,31.938503,-8.0048895,15.000033,-7.135485,-6.327185,19.996992,-37.72661,6.872985,-15.945461,-36.386494,35.723713,0.019101514,-3.0052032,-56.187057,-27.277206,16.248425,-25.7778,-35.068394,-17.967812,-14.858108
902,3.0586256980895996,-7.747112274169922,74.363037109375,7.1272729797733465,-9.088889142599474,-65.32951451396237,3.0429578,20.410131,-1.1774321,41.140934,3.9048898,-15.000033,-12.14407,-25.69243,10.695489,32.336662,-8.765013,15.000033,-6.9690804,-6.105845,19.947575,-37.824146,6.413111,-15.909108,-36.56035,35.859795,-0.05886659,-3.0116348,-55.894234,-27.616106,16.086613,-25.918226,-35.21602,-17.942272,-14.7228565
903,3.4183106422424316,-7.56304931640625,73.92858123779297,6.570202980758795,-9.143527292554754,-64.8728252151625,4.1615057,20.178291,-2.512442,39.721146,0.94578373,-15.000033,-12.12228,-25.613024,10.40144,32.84343,-9.4837475,15.000033,-6.866729,-5.7824726,19.916609,-37.945362,5.94258,-15.853066,-36.763435,36.008255,-0.13122843,-3.0247257,-55.728416,-28.04755,15.987345,-26.007149,-35.308125,-17.902327,-14.552842
904,3.7817020416259766,-7.3603925704956055,73.48516845703125,5.981074182078207,-9.172263322806664,-64.41438949455579,5.0647154,20.22314,-3.2633388,38.52025,-1.8830122,-15.000033,-12.172195,-25.518803,10.090238,33.38617,-10.07443,15.000033,-6.8018837,-5.4011383,19.899286,-38.10843,5.476559,-15.768479,-36.918007,36.143288,-0.19539621,-3.070253,-55.69054,-28.577686,15.960353,-26.025208,-35.26881,-17.851398,-14.389847
905,4.148303031921387,-7.128641605377197,73.05933380126953,5.317810145280625,-9.169768307949868,-63.937187086343066,5.71044,20.659891,-3.173976,37.568024,-4.645339,-15.000033,-12.321136,-25.388191,9.718114,34.032627,-10.54787,15.000033,-6.8525243,-4.9338713,19.91107,-38.194035,4.9846463,-15.704821,-37.140137,36.38839,-0.23795103,-3.1450763,-55.90715,-29.21648,16.060692,-25.919281,-35.0297,-17.79501,-14.238986
906,4.522267818450928,-6.862189769744873,72.6497802734375,4.5870236373103275,-9.143461851466498,-63.44384723502526,6.1819754,21.375536,-2.4779136,36.80084,-7.5317483,-15.000033,-12.561733,-25.204763,9.345202,34.79413,-10.94809,15.000033,-6.9391184,-4.349885,19.938076,-38.409706,4.514769,-15.511831,-37.27511,36.50734,-0.28546253,-3.268584,-56.284035,-29.981264,16.260508,-25.723717,-34.679176,-17.72687,-14.079016
907,4.89060115814209,-6.573029518127441,72.2652816772461,3.9051694242922594,-9.107430857864664,-62.98745259620502,6.53166,22.098265,-1.5578096,36.18637,-10.273429,-15.000033,-12.822339,-25.047413,9.034886,35.49009,-11.215499,15.000033,-7.0094767,-3.8058124,20.008657,-38.577282,4.033484,-15.4295225,-37.444935,36.71906,-0.31209195,-3.3802936,-56.670944,-30.825092,16.494795,-25.57559,-34.26389,-17.628939,-13.932201
908,5.249356269836426,-6.282140254974365,71.92169189453125,3.373974537000083,-9.0759890464025,-62.617564929980894,6.791609,22.577915,-0.8212638,35.709225,-12.613384,-15.000033,-13.031688,-24.992157,8.850778,35.946537,-11.2929945,15.000033,-6.9360733,-3.3980825,20.08756,-38.852715,3.5939429,-15.382214,-37.455414,36.84364,-0.33877328,-3.4896064,-56.98248,-31.732183,16.669655,-25.444286,-33.79758,-17.50222,-13.791753
909,5.590467929840088,-5.979983329772949,71.6239013671875,3.029424820471269,-9.063611244640061,-62.35940586352159,6.9537897,22.759544,-0.33861613,35.38998,-14.537941,-15.000033,-13.205892,-25.060625,8.870423,36.17774,-11.196642,15.000033,-6.721192,-3.2015128,20.198038,-39.150276,3.1986413,-15.470063,-37.383774,36.99312,-0.34483048,-3.573995,-57.190834,-32.679012,16.794376,-25.383978,-33.25911,-17.32773,-13.650505
910,5.909156322479248,-5.6708984375,71.39443969726562,2.8066931805410946,-9.063107569577731,-62.18339702601727,6.993883,22.788206,0.071722806,35.247948,-16.181847,-15.000033,-13.364339,-25.203442,9.038088,36.257668,-10.952137,15.000033,-6.4143124,-3.1358168,20.334335,-39.4895,2.8644981,-15.609135,-37.23119,37.106377,-0.3362881,-3.650016,-57.383743,-33.66919,16.903404,-25.328844,-32.63407,-17.119514,-13.503126
911,6.214730262756348,-5.361588001251221,71.2619857788086,2.645782093625837,-9.054187950795374,-62.05359763446993,6.9148283,22.71867,0.37663132,35.249424,-17.495085,-15.000033,-13.438266,-25.390875,9.215537,36.089672,-10.49664,15.000033,-6.037545,-3.1287677,20.490702,-39.819935,2.5851746,-15.814956,-37.034843,37.180347,-0.3157745,-3.6995099,-57.41326,-34.66117,16.940044,-25.381422,-32.07867,-16.904741,-13.380432
912,6.531056880950928,-5.0452704429626465,71.2314453125,2.4963605225383474,-9.017818103439955,-61.93436756824598,6.7262397,22.599905,0.547843,35.35784,-18.425892,-15.000033,-13.365167,-25.597723,9.270753,35.57984,-9.7655525,15.000033,-5.621897,-3.1115687,20.647833,-40.112885,2.3560576,-16.071117,-36.803173,37.19354,-0.29170218,-3.7135396,-57.236824,-35.606018,16.850958,-25.53299,-31.703156,-16.720636,-13.300508
913,6.85370397567749,-4.723054885864258,71.29654693603516,2.3877773061173313,-8.955299091914661,-61.81474681521765,6.4770646,22.365349,0.5519053,35.482822,-18.913979,-15.000033,-13.102534,-25.860716,9.17331,34.64933,-8.728232,15.000033,-5.1822915,-3.1155071,20.80671,-40.338654,2.1787848,-16.401468,-36.546616,37.127773,-0.26687956,-3.6623929,-56.833645,-36.467056,16.602367,-25.778156,-31.622347,-16.589403,-13.244782
914,7.158160209655762,-4.412139415740967,71.4451675415039,2.33594588696784,-8.875106397782643,-61.713225616227156,6.1507726,22.010084,0.41168988,35.66464,-18.999998,-15.000033,-12.69653,-26.183182,8.993824,33.370003,-7.416821,15.000033,-4.71097,-3.1676617,20.968336,-40.525555,2.0611932,-16.790945,-36.24677,36.991566,-0.2383476,-3.5628507,-56.174656,-37.2249,16.219604,-26.149878,-31.796556,-16.49125,-13.203049
915,7.446286201477051,-4.114339351654053,71.67123413085938,2.2684159970558637,-8.767800256777226,-61.638894485279124,5.666917,21.66954,0.18535373,36.058403,-18.783796,-15.000033,-12.222899,-26.479132,8.756175,31.8767,-5.872134,15.000033,-4.2336135,-3.1969535,21.117426,-40.68295,1.9976697,-17.187592,-35.914253,36.85779,-0.201497,-3.4706483,-55.46698,-37.866264,15.799317,-26.485655,-32.00545,-16.404776,-13.206162
916,7.724279880523682,-3.8131322860717773,71.95720672607422,2.112584893756651,-8.624170430940884,-61.60182975537351,4.9440217,21.476606,-0.07004349,36.820126,-18.36391,-15.000033,-11.761994,-26.65755,8.48264,30.30579,-4.1318145,15.000033,-3.7591448,-3.125456,21.231945,-40.845295,1.978155,-17.525003,-35.534035,36.774197,-0.15562733,-3.4470747,-54.751278,-38.366405,15.424001,-26.763357,-32.111504,-16.30142,-13.289596
917,7.996086120605469,-3.501774311065674,72.29547119140625,1.8153758083150173,-8.433398222504797,-61.620547711572506,3.948037,21.502686,-0.349568,38.02916,-17.713816,-15.000033,-11.293717,-26.633846,8.16323,28.595655,-2.1303182,15.000033,-3.284433,-2.888706,21.291677,-40.968906,1.9867574,-17.787085,-35.108032,36.793354,-0.09229044,-3.5251834,-54.02207,-38.683487,15.139338,-26.949808,-32.04975,-16.164032,-13.491039
918,8.26070785522461,-3.18940806388855,72.6751480102539,1.4295828680467302,-8.20197591858284,-61.686278477625365,2.7337346,21.645409,-0.6911925,39.571114,-16.78925,-15.000033,-10.801132,-26.449434,7.7847624,26.73131,0.103632495,15.000033,-2.8188927,-2.5418265,21.29291,-41.07347,2.0330632,-17.967691,-34.613056,36.858166,-0.021662978,-3.6775324,-53.323265,-38.804195,14.946343,-27.007332,-31.919409,-16.014648,-13.776075
919,8.501738548278809,-2.883726119995117,73.08464813232422,1.0399255132567016,-7.94616209629907,-61.76765683610174,1.3512138,21.77952,-1.0960226,41.308292,-15.65176,-15.000033,-10.372705,-26.213732,7.3645544,24.913652,2.4129608,15.000033,-2.412779,-2.1974306,21.256418,-41.19645,2.1117115,-18.104326,-34.076866,36.967506,0.040985554,-3.8567002,-52.74551,-38.757122,14.852007,-26.952759,-31.822027,-15.87869,-14.081505
920,8.721327781677246,-2.5763397216796875,73.50779724121094,0.728609277080002,-7.682094571594965,-61.831568781959405,-0.15057762,21.789442,-1.5538566,43.112965,-14.368682,-15.000033,-10.098193,-26.063187,6.929988,23.337324,4.6488876,15.000033,-2.0938482,-1.9736731,21.211624,-41.40827,2.2545042,-18.22478,-33.50886,37.06626,0.08259549,-4.0122557,-52.337517,-38.587334,14.810009,-26.831055,-31.848255,-15.78587,-14.336777
921,8.93595027923584,-2.253051996231079,73.93862915039062,0.5086600149489129,-7.405730709133567,-61.87040668320585,-1.876058,21.629261,-2.1453404,45.13902,-12.788903,-15.000033,-10.056243,-26.072939,6.442482,22.073803,7.00276,15.000033,-1.8496804,-1.8683072,21.172964,-41.747334,2.4595509,-18.313215,-32.876057,37.14723,0.08951253,-4.150756,-52.097458,-38.3376,14.820357,-26.641169,-31.988636,-15.725225,-14.546084
922,9.157054901123047,-1.922607183456421,74.36646270751953,0.34111087913015814,-7.110589015008482,-61.90037313506278,-3.803044,21.348265,-2.834189,47.379993,-10.9286175,-15.000033,-10.216073,-26.16455,5.9271383,21.081327,9.432134,15.000033,-1.6712388,-1.836123,21.142122,-42.11341,2.7027645,-18.426756,-32.24601,37.29561,0.08050802,-4.277859,-51.944256,-38.008163,14.870932,-26.437393,-32.19749,-15.681946,-14.746482
923,9.382829666137695,-1.5785807371139526,74.78094482421875,0.2234018065099668,-6.810983731405039,-61.92366192026427,-5.707565,21.018099,-3.4228127,49.496967,-9.109927,-15.000033,-10.478382,-26.272364,5.4949045,20.316763,11.509021,15.000033,-1.562003,-1.8799781,21.11163,-42.48912,2.9646082,-18.592457,-31.669724,37.4751,0.07114067,-4.3728685,-51.92492,-37.627285,14.94641,-26.217216,-32.4776,-15.6713505,-14.928853
924,9.609811782836914,-1.2364376783370972,75.15829467773438,0.14458516872932037,-6.522083277262214,-61.94386548766234,-7.3771462,20.747942,-3.727056,51.174984,-7.6769323,-15.000033,-10.701328,-26.336565,5.231194,19.653677,12.859907,15.000033,-1.4238803,-1.9562265,21.04071,-43.199284,3.3397472,-18.60601,-30.919886,37.270382,0.04966395,-4.4542828,-51.995453,-37.274254,14.970145,-25.975557,-32.850708,-15.710573,-15.07562
925,9.839777946472168,-0.9008187055587769,75.47865295410156,0.15714490613034188,-6.2260938736745075,-61.909942899038924,-8.850088,20.516361,-3.6709964,52.461094,-6.6319585,-15.000033,-10.808914,-26.431051,5.131099,18.94041,13.370496,15.000033,-1.4346192,-2.185379,20.988699,-43.716797,3.7142158,-18.865068,-30.478727,37.15732,0.06569097,-4.425781,-52.25998,-36.958,14.974282,-25.806433,-33.30939,-15.809582,-15.202089
926,10.071218490600586,-0.5742052793502808,75.73458862304688,0.24345410894770364,-5.9223250205341404,-61.83387715116177,-10.2212515,20.321098,-3.3561604,53.51091,-5.8280597,-15.000033,-10.853567,-26.585155,5.142517,18.206692,13.302042,15.000033,-1.540571,-2.5258064,20.95044,-44.125988,4.024795,-19.333323,-30.225904,37.15654,0.10009859,-4.3220844,-52.631504,-36.68352,14.940101,-25.724691,-33.84997,-15.953779,-15.314252
927,10.306792259216309,-0.2599943280220032,75.89784240722656,0.29918842259708395,-5.655486986590714,-61.815558312439194,-11.355771,20.28192,-2.8928952,54.152836,-5.388813,-15.000033,-10.851683,-26.669481,5.2643065,17.537376,12.872313,15.000033,-1.4589853,-2.773866,20.882463,-45.16344,4.457844,-19.490402,-29.529621,36.591904,0.100908466,-4.266901,-52.95013,-36.51201,14.785656,-25.638704,-34.40538,-16.111078,-15.414312
928,10.552094459533691,0.048286110162734985,75.98060607910156,0.22691408450935768,-5.467631462038135,-61.95927286957393,-12.111621,20.488623,-2.4008656,54.195538,-5.4404664,-15.000033,-10.82705,-26.543453,5.5016174,17.023087,12.293036,15.000033,-1.3640331,-2.891781,20.937513,-45.845634,4.875517,-19.807718,-29.272215,36.377945,0.1553956,-4.1891723,-53.342365,-36.35568,14.683344,-25.633627,-34.832066,-16.212444,-15.574847
929,10.804890632629395,0.34832173585891724,76.00153350830078,-0.03987353951500767,-5.382681222068388,-62.330520793623926,-12.381009,21.086811,-1.8231763,53.421604,-6.277255,-15.000033,-10.738609,-26.045616,5.9881005,16.61657,11.470027,15.000033,-1.0890727,-2.7741272,21.072035,-46.63955,5.321428,-20.04322,-29.04838,36.184666,0.23578322,-4.1614814,-53.803127,-36.21214,14.6125145,-25.611471,-35.127514,-16.257551,-15.806435
930,11.058146476745605,0.6375705599784851,75.97509765625,-0.41716150142409025,-5.3787694951737155,-62.86115565708748,-12.24661,21.976624,-1.0790131,51.980785,-7.7476344,-15.000033,-10.592324,-25.299942,6.69372,16.306286,10.323148,15.000033,-0.73001856,-2.527016,21.276823,-47.41398,5.7845163,-20.284357,-28.965708,36.0791,0.34511897,-4.146409,-54.369305,-36.070408,14.580124,-25.588476,-35.342163,-16.269238,-16.088594
931,11.325435638427734,0.9247586131095886,75.90597534179688,-0.8030409748807897,-5.430864788841579,-63.45894912541374,-11.866323,22.887331,-0.28551948,50.248222,-9.324145,-15.000033,-10.485273,-24.565973,7.364768,16.244812,9.086232,15.000033,-0.35842708,-2.2500145,21.518345,-48.175972,6.2616034,-20.471699,-28.943666,35.98415,0.460443,-4.1308064,-54.967308,-35.909096,14.546825,-25.54079,-35.524227,-16.265461,-16.353249
932,11.612119674682617,1.2196645736694336,75.80703735351562,-1.1054231622672508,-5.508960540425295,-64.03244250098707,-11.4145,23.532078,0.3637761,48.589554,-10.481297,-15.000033,-10.502411,-24.085703,7.722401,16.547121,8.024249,15.000033,-0.071349226,-2.0382454,21.768187,-48.846138,6.730393,-20.589104,-28.96904,35.90445,0.56414443,-4.0933166,-55.539856,-35.690315,14.49369,-25.451578,-35.726624,-16.263302,-16.533722
933,11.918590545654297,1.5148377418518066,75.67020416259766,-1.3083941695756742,-5.613373959397423,-64.57608100911753,-10.870312,23.816557,0.7533257,46.866863,-10.865958,-15.000033,-10.63877,-23.930298,7.5977125,17.227259,7.1999974,15.000033,0.1170688,-1.9068028,22.01761,-49.42188,7.1808457,-20.625225,-29.022566,35.849552,0.6532404,-4.023964,-56.096226,-35.37217,14.421317,-25.27167,-35.96021,-16.268785,-16.595196
934,12.240333557128906,1.8242379426956177,75.4881362915039,-1.461224843960042,-5.755000826719987,-65.13187442196663,-10.174119,23.892727,0.9776391,44.960323,-10.82875,-15.000033,-10.856214,-23.965918,7.161417,18.220984,6.4847097,15.000033,0.23968144,-1.810193,22.270168,-49.928623,7.6141605,-20.588356,-29.099972,35.841576,0.7355215,-3.9387484,-56.686485,-34.941334,14.356355,-24.99046,-36.214874,-16.279156,-16.571198
935,12.573379516601562,2.1481447219848633,75.26663970947266,-1.5869300512080382,-5.915286820433443,-65.6793410838836,-9.452202,23.836136,1.1016023,43.258934,-10.899332,-15.000033,-11.171392,-24.124481,6.637541,19.48753,5.8711863,15.000033,0.2836044,-1.7425238,22.514462,-50.37688,8.026621,-20.470871,-29.176414,35.864784,0.8062196,-3.8604872,-57.335598,-34.42107,14.311502,-24.621035,-36.492462,-16.299667,-16.497656
936,12.910553932189941,2.4929966926574707,75.0141830444336,-1.7020307876936929,-6.079559180757401,-66.19788012597695,-8.828585,23.727293,1.1946334,42.150394,-11.604639,-15.000033,-11.598171,-24.331566,6.2499557,20.98021,5.3541074,15.000033,0.24028863,-1.6954551,22.74883,-50.761,8.398787,-20.28867,-29.248518,35.927673,0.8625905,-3.807939,-58.02852,-33.854332,14.290705,-24.218157,-36.798832,-16.329887,-16.416538
937,13.287811279296875,2.844802141189575,74.67071533203125,-1.7955275046497567,-6.233537701318946,-66.66470430512852,-8.299471,23.482336,1.1625253,41.76718,-13.248788,-15.000033,-12.20872,-24.636591,6.0948815,22.833714,4.9792485,15.000033,0.08985412,-1.6673495,22.96004,-51.07897,8.704986,-20.026636,-29.309965,36.03619,0.8994136,-3.789848,-58.752983,-33.274544,14.285852,-23.793903,-37.148846,-16.366844,-16.318464
938,13.676114082336426,3.201045036315918,74.27247619628906,-1.8549946133216013,-6.394231748489255,-67.09268372414319,-7.8184247,23.09306,0.98331016,41.90566,-15.499051,-15.000033,-12.9383955,-25.065224,6.056305,24.962322,4.7609024,15.000033,-0.14310522,-1.6636299,23.162594,-51.34951,8.928348,-19.701672,-29.350677,36.200916,0.919107,-3.7954283,-59.49856,-32.693462,14.280484,-23.340502,-37.516205,-16.407354,-16.193773
939,14.039113998413086,3.5520071983337402,73.85429382324219,-1.9133289083744764,-6.585813593634176,-67.51781300132396,-7.4463434,22.766096,0.85279274,42.45047,-17.931576,-15.000033,-13.626644,-25.48994,6.0259495,27.042904,4.621592,15.000033,-0.37635082,-1.6689836,23.389055,-51.655327,9.075315,-19.353163,-29.332344,36.38042,0.92633325,-3.819378,-60.21331,-32.12742,14.246553,-22.909588,-37.858383,-16.449322,-16.083565
940,14.354104042053223,3.9017319679260254,73.43397521972656,-2.0114197856106024,-6.827248199265571,-67.9817638306781,-7.235353,22.713926,0.9879282,43.27031,-20.118605,-15.000033,-14.148519,-25.7839,5.8708954,28.81597,4.457311,15.000033,-0.52314264,-1.6589967,23.671722,-52.06479,9.167049,-19.022774,-29.235783,36.529663,0.92758167,-3.8526618,-60.81833,-31.590818,14.15833,-22.583536,-38.15125,-16.488222,-16.0307
941,14.621183395385742,4.239786148071289,72.99528503417969,-2.205458201365313,-7.126895899804378,-68.53785961569886,-7.217072,23.110357,1.5609564,44.425472,-22.00515,-15.000033,-14.47635,-25.850855,5.466637,30.247597,4.334416,15.000033,-0.539215,-1.5919865,24.02509,-52.591667,9.221963,-18.69757,-29.071749,36.64097,0.92251337,-3.9076598,-61.358604,-31.105865,14.003062,-22.35094,-38.374546,-16.530796,-16.082138
942,14.849050521850586,4.573681354522705,72.54484558105469,-2.462266286337294,-7.468089128833972,-69.15998078552136,-7.349518,23.808079,2.433915,45.946575,-23.794127,-15.000033,-14.726428,-25.792593,4.8979397,31.54839,4.256468,15.000033,-0.4689846,-1.4855891,24.433392,-53.18233,9.239613,-18.370132,-28.872738,36.737793,0.91144174,-3.978836,-61.84307,-30.68313,13.790622,-22.202353,-38.53365,-16.573725,-16.205725
943,15.056389808654785,4.890820503234863,72.07331848144531,-2.687354544064723,-7.832237580272864,-69.7687888530886,-7.5663757,24.538227,3.361318,47.641182,-25.443022,-15.000033,-14.966791,-25.759405,4.338333,32.793053,4.0198374,15.000033,-0.3667383,-1.4033676,24.876654,-53.817535,9.224639,-18.06935,-28.639061,36.802357,0.8989903,-4.035251,-62.215588,-30.32463,13.529831,-22.150663,-38.59996,-16.605125,-16.319881
944,15.25874137878418,5.208708763122559,71.6116714477539,-2.7929581623708875,-8.201692231995839,-70.27676976375784,-7.806081,25.034733,4.0921645,49.320778,-26.918444,-15.000033,-15.227533,-25.888319,3.9724689,33.999542,3.4281452,15.000033,-0.30720767,-1.4165274,25.336576,-54.46169,9.184127,-17.825098,-28.381044,36.829056,0.8910505,-4.0452867,-62.46997,-30.034761,13.231215,-22.167158,-38.51223,-16.617329,-16.34029
945,15.46886157989502,5.531547546386719,71.16992950439453,-2.724440261107492,-8.588339650964722,-70.63226403614279,-8.089826,25.202349,4.5645204,51.01765,-28.194544,-15.000033,-15.500473,-26.2385,3.879965,35.17051,2.3400466,15.000033,-0.31140965,-1.5917848,25.849556,-55.139355,9.1155205,-17.661123,-28.086405,36.78012,0.8867604,-3.972565,-62.538143,-29.81062,12.867522,-22.32232,-38.196503,-16.59264,-16.23223
946,15.666751861572266,5.840245246887207,70.74011993408203,-2.540085030349457,-8.998179623706163,-70.88783762285088,-8.435788,25.190971,4.9058228,52.802383,-29.297367,-15.000033,-15.752965,-26.712893,3.952626,36.263718,0.8973661,15.000033,-0.34382054,-1.8802294,26.413506,-55.85417,9.016896,-17.557007,-27.759064,36.67294,0.8843256,-3.8422031,-62.458458,-29.655758,12.4417925,-22.596472,-37.69009,-16.541203,-16.043327
947,15.856608390808105,6.1321539878845215,70.32506561279297,-2.3272511388794195,-9.40448444420359,-71.10530606206369,-8.783757,25.105515,5.1485977,54.553146,-30.284397,-15.000033,-15.963085,-27.20706,4.0961165,37.208527,-0.675575,15.000033,-0.375562,-2.1675336,26.961624,-56.552223,8.8969,-17.484858,-27.429388,36.564655,0.8893844,-3.7118652,-62.2712,-29.56122,12.012636,-22.924236,-37.182697,-16.485266,-15.821564
948,16.04749870300293,6.39948034286499,69.93864440917969,-2.1677319085024327,-9.78117641403659,-71.34747721753018,-9.078858,25.053928,5.32381,56.15572,-31.210083,-15.000033,-16.114079,-27.616201,4.2197266,37.942894,-2.160537,15.000033,-0.38722524,-2.338123,27.425186,-57.171234,8.774806,-17.411686,-27.13728,36.510242,0.9080103,-3.6395757,-62.036175,-29.508175,11.650718,-23.220016,-36.866714,-16.449646,-15.613647
949,16.236854553222656,6.652063369750977,69.5670394897461,-2.0900233260690975,-10.13066372048747,-71.58706895591995,-9.356372,25.029808,5.342181,57.64936,-32.065403,-15.000033,-16.15455,-27.940916,4.266705,38.412483,-3.574012,15.000033,-0.431513,-2.356823,27.79886,-57.661137,8.6787195,-17.307966,-26.931551,36.50744,0.95315754,-3.6304216,-61.780663,-29.480188,11.389894,-23.450449,-36.852974,-16.45264,-15.414875
950,16.4164981842041,6.876786231994629,69.2176742553711,-2.0483313315234093,-10.463799546931815,-71.80362522135077,-9.632923,24.989317,5.221395,59.07687,-32.830082,-15.000033,-16.113821,-28.233173,4.2866025,38.670174,-5.009587,15.000033,-0.51093686,-2.2942312,28.109585,-58.06478,8.596966,-17.196037,-26.773699,36.535378,1.0177368,-3.658046,-61.484062,-29.462252,11.191672,-23.644485,-37.027725,-16.48372,-15.200156
951,16.575035095214844,7.069971561431885,68.89423370361328,-2.015755001116811,-10.765977821784123,-72.0714004845777,-9.824962,24.985859,5.150458,60.323654,-33.53961,-15.000033,-16.088627,-28.45338,4.355165,38.802567,-6.360343,15.000033,-0.5628811,-2.1795247,28.349346,-58.382126,8.55745,-17.093067,-26.668034,36.59254,1.0837353,-3.7256832,-61.18056,-29.4495,11.064712,-23.800135,-37.23663,-16.5097,-15.006565
952,16.708234786987305,7.235452651977539,68.60093688964844,-1.9664032840683972,-11.021993328423486,-72.46571241527094,-9.847285,25.07193,5.316142,61.273495,-34.229282,-15.000033,-16.175707,-28.554901,4.5610895,38.894836,-7.521695,15.000033,-0.5081308,-2.0438406,28.504234,-58.64783,8.554302,-17.029976,-26.574545,36.69076,1.1303746,-3.8396564,-60.88357,-29.436567,10.996873,-23.920858,-37.328896,-16.502014,-14.863441
953,16.812786102294922,7.382469654083252,68.34496307373047,-1.8707221540419126,-11.225710188825877,-73.0651093884123,-9.602564,25.269123,5.860395,61.83374,-34.95149,-15.000033,-16.438478,-28.487902,5.0523553,38.956467,-8.496206,15.000033,-0.27429008,-1.9113327,28.554134,-58.879616,8.583427,-17.01175,-26.46213,36.873566,1.1477647,-4.031957,-60.563858,-29.413519,10.977793,-24.022058,-37.25718,-16.452013,-14.777594
954,16.900596618652344,7.5210862159729,68.13554382324219,-1.7481680109462552,-11.38428066902499,-73.81065211288106,-9.157254,25.54033,6.6555643,62.08585,-35.670902,-15.000033,-16.810415,-28.282915,5.746808,38.94696,-9.330876,15.000033,0.0518549,-1.7795137,28.512993,-59.00919,8.709997,-17.0206,-26.409885,37.107338,1.1566455,-4.278337,-60.257523,-29.348448,11.034878,-24.07648,-37.110992,-16.37754,-14.733064
955,16.954317092895508,7.651204586029053,67.96878814697266,-1.6461940585707484,-11.503980225862685,-74.57198351138713,-8.673065,25.852757,7.4812913,62.17648,-36.292034,-15.000033,-17.18761,-28.016394,6.392027,38.86601,-9.9826,15.000033,0.36844823,-1.616095,28.416134,-59.069134,8.905173,-17.055218,-26.407885,37.314034,1.1609436,-4.5291123,-59.981155,-29.261387,11.145037,-24.091888,-36.932827,-16.29478,-14.713694
956,16.96889305114746,7.7756667137146,67.84053802490234,-1.6152367587450138,-11.592295972687571,-75.21829460837661,-8.31615,26.181389,8.113711,62.2517,-36.719326,-15.000033,-17.470888,-27.763634,6.736764,38.713356,-10.408714,15.000033,0.57942396,-1.4107456,28.301048,-59.105293,9.165269,-17.136446,-26.431677,37.408924,1.1722809,-4.7266874,-59.709457,-29.153967,11.2413,-24.113373,-36.763847,-16.23231,-14.6892395
957,16.9434871673584,7.891534328460693,67.75953674316406,-1.7017856797917958,-11.624427711662978,-75.73481829873394,-8.178813,26.57189,8.473911,62.373066,-36.924305,-15.000033,-17.651354,-27.524267,6.583348,38.408764,-10.477487,15.000033,0.67725855,-1.1225741,28.147173,-59.153053,9.492901,-17.285885,-26.467672,37.36045,1.195386,-4.859617,-59.436302,-29.029463,11.306001,-24.143072,-36.577126,-16.198986,-14.65266
958,16.873592376708984,7.999732494354248,67.73017883300781,-1.8683537307505989,-11.604545519663995,-76.18458492369781,-8.159864,27.021536,8.687598,62.453327,-36.9551,-15.000033,-17.77913,-27.263554,6.109985,37.979355,-10.24389,15.000033,0.7136048,-0.7743528,27.944809,-59.189247,9.888488,-17.494478,-26.522148,37.215652,1.2254755,-4.9560738,-59.16026,-28.888739,11.361817,-24.17309,-36.36123,-16.181356,-14.616995
959,16.777151107788086,8.09618854522705,67.75210571289062,-2.0390038952487557,-11.587233472935292,-76.55384968811597,-8.139124,27.43834,8.83366,62.41956,-36.8422,-15.000033,-17.842312,-27.006752,5.6299357,37.579765,-9.951566,15.000033,0.6770099,-0.4403402,27.749298,-59.162582,10.337158,-17.731787,-26.616098,37.012894,1.2581987,-5.018888,-58.875824,-28.73148,11.415796,-24.219242,-36.181053,-16.170464,-14.58636
960,16.65399932861328,8.177515029907227,67.82302856445312,-2.1387474452720143,-11.62819765052643,-76.82662892069163,-7.9934263,27.733328,8.989227,62.200603,-36.6135,-15.000033,-17.825401,-26.78001,5.4603357,37.36632,-9.862378,15.000033,0.5561116,-0.19034348,27.61606,-59.026833,10.813781,-17.967531,-26.76206,36.796528,1.2877685,-5.0525637,-58.57828,-28.558731,11.47606,-24.297874,-36.102867,-16.158083,-14.56415
961,16.506200790405273,8.246119499206543,67.93517303466797,-2.1309088071473035,-11.762075683141079,-76.9676523606351,-7.6832666,27.84532,9.159266,61.779037,-36.26021,-15.000033,-17.720484,-26.626116,5.7352467,37.414032,-10.120418,15.000033,0.33173534,-0.063701905,27.58631,-58.80862,11.306295,-18.21,-26.938826,36.550198,1.3066483,-5.054375,-58.255276,-28.377552,11.527216,-24.427155,-36.18798,-16.138426,-14.553645
962,16.34699249267578,8.295843124389648,68.07882690429688,-2.0598223418028265,-11.951471943106162,-76.99693399313726,-7.2791576,27.83435,9.307863,61.1946,-35.77131,-15.000033,-17.544884,-26.516558,6.2753086,37.64175,-10.569464,15.000033,0.023984293,-0.012665952,27.619013,-58.53344,11.810345,-18.472477,-27.132755,36.26693,1.3175253,-5.025546,-57.904694,-28.192572,11.565761,-24.597622,-36.386272,-16.116842,-14.552027
963,16.158910751342773,8.321554183959961,68.26056671142578,-1.9777573751402506,-12.14663889640343,-76.97909595218549,-6.817495,27.789768,9.448131,60.455532,-35.18215,-15.000033,-17.299088,-26.379164,6.9028573,37.934467,-10.995713,15.000033,-0.3181903,0.027909014,27.646046,-58.161285,12.310313,-18.725283,-27.3563,36.002464,1.3281093,-4.9788766,-57.54031,-28.000511,11.61896,-24.77437,-36.598896,-16.102673,-14.552537
964,15.947551727294922,8.334712028503418,68.48094177246094,-1.9400588099672629,-12.300327279768275,-76.97770371896374,-6.3312263,27.80468,9.594945,59.569138,-34.523727,-15.000033,-16.978102,-26.135818,7.455795,38.17975,-11.214735,15.000033,-0.64646745,0.12869015,27.60037,-57.658638,12.786955,-18.933205,-27.613052,35.808968,1.344492,-4.929877,-57.179363,-27.79379,11.715857,-24.914593,-36.73019,-16.105345,-14.547865
965,15.699355125427246,8.33321762084961,68.73271179199219,-1.9817274979339907,-12.407895358353377,-77.01065715959105,-5.813342,27.92681,9.750043,58.51926,-33.80095,-15.000033,-16.53252,-25.693804,7.938012,38.298298,-11.1446905,15.000033,-0.9489713,0.33086824,27.471163,-57.019627,13.223925,-19.08549,-27.893093,35.72956,1.3726528,-4.890136,-56.82057,-27.567955,11.871511,-25.005949,-36.730526,-16.132767,-14.5464525
966,15.417097091674805,8.312788963317871,69.01498413085938,-2.068516752560975,-12.494981702951845,-77.04027547666854,-5.2471843,28.096846,9.907515,57.30687,-32.99823,-15.000033,-15.972287,-25.1214,8.417836,38.365513,-10.907234,15.000033,-1.2490062,0.59470356,27.292307,-56.276382,13.617597,-19.199507,-28.177135,35.73153,1.4049581,-4.8532844,-56.459385,-27.325327,12.069328,-25.060797,-36.663437,-16.179117,-14.547379
967,15.117722511291504,8.284780502319336,69.32209014892578,-2.150280967419146,-12.560019242705094,-77.04798847340099,-4.6529202,28.250128,10.069892,55.96699,-32.117058,-15.000033,-15.382145,-24.57507,8.830388,38.49795,-10.62706,15.000033,-1.5558994,0.8696121,27.067661,-55.436455,13.967177,-19.28759,-28.463314,35.76511,1.4292392,-4.80491,-56.104523,-27.065691,12.287994,-25.086264,-36.601337,-16.23238,-14.530402
968,14.806358337402344,8.246098518371582,69.64189147949219,-2.173275208642431,-12.597745316522957,-77.01862398202691,-4.053735,28.322338,10.24071,54.534668,-31.15903,-15.000033,-14.8529,-24.210932,9.116182,38.809288,-10.417686,15.000033,-1.8765035,1.103745,26.796774,-54.505814,14.274614,-19.361206,-28.754347,35.778454,1.4333388,-4.7302427,-55.766033,-26.786764,12.50661,-25.085497,-36.617016,-16.280708,-14.475318
969,14.476884841918945,8.196733474731445,69.973876953125,-2.11559223340565,-12.601358286401181,-76.94031103101555,-3.4545975,28.272884,10.414904,52.993637,-30.11701,-15.000033,-14.413882,-24.09724,9.236322,39.346157,-10.281553,15.000033,-2.2208076,1.2774506,26.468967,-53.466404,14.538777,-19.421583,-29.051207,35.749557,1.4078132,-4.607938,-55.435303,-26.482033,12.718123,-25.058758,-36.73699,-16.326876,-14.348357
970,14.134112358093262,8.139986991882324,70.31690216064453,-2.004329447219806,-12.574479018838433,-76.82508166356098,-2.8442144,28.138155,10.592736,51.329994,-28.993103,-15.000033,-14.017261,-24.14589,9.235456,40.038883,-10.160791,15.000033,-2.5821574,1.417394,26.08565,-52.319946,14.758337,-19.465725,-29.351896,35.710716,1.3614584,-4.451384,-55.112324,-26.150227,12.934858,-25.00293,-36.921314,-16.376724,-14.168662
971,13.760903358459473,8.069185256958008,70.66790771484375,-1.8671438132583211,-12.52516393994802,-76.6952907633407,-2.2279701,27.971584,10.783796,49.593056,-27.80127,-15.000033,-13.636201,-24.269514,9.180097,40.81753,-10.073923,15.000033,-2.9400446,1.5422523,25.662775,-51.10228,14.937814,-19.495157,-29.659271,35.687653,1.3093305,-4.297775,-54.815662,-25.79911,13.161306,-24.921007,-37.1419,-16.421772,-13.996495
972,13.378071784973145,7.995225429534912,71.02030181884766,-1.7297262007135834,-12.461640766461361,-76.57352807576349,-1.608918,27.82931,10.998814,47.828247,-26.558945,-15.000033,-13.247152,-24.381618,9.133041,41.61632,-10.036299,15.000033,-3.272745,1.6717963,25.21825,-49.84846,15.085018,-19.51146,-29.98002,35.702538,1.2671195,-4.183455,-54.5615,-25.442183,13.400802,-24.821053,-37.368378,-16.452362,-13.893223
973,12.972785949707031,7.91032600402832,71.3730697631836,-1.5952291710558268,-12.383954342092439,-76.47485671643166,-0.95384836,27.719849,11.263646,45.990196,-25.25598,-15.000033,-12.854546,-24.490086,9.071416,42.443737,-10.083638,15.000033,-3.5678108,1.8132138,24.753311,-48.523502,15.199071,-19.52017,-30.340994,35.78765,1.2470888,-4.1313725,-54.342667,-25.08665,13.653181,-24.713154,-37.615566,-16.454685,-13.882366
974,12.545530319213867,7.822940349578857,71.7149658203125,-1.4502364347425611,-12.288483251627667,-76.38381838240281,-0.27227348,27.612,11.565379,44.072643,-23.888046,-15.000033,-12.467389,-24.635666,8.978677,43.327255,-10.199817,15.000033,-3.8349588,1.9563155,24.26155,-47.126812,15.279442,-19.518148,-30.730938,35.91305,1.2382461,-4.117057,-54.14747,-24.734238,13.912611,-24.601255,-37.888485,-16.435476,-13.93024
975,12.107357025146484,7.731588363647461,72.04212188720703,-1.2977058821408018,-12.177621918339378,-76.27860949308958,0.366209,27.508972,11.855447,42.18559,-22.483923,-15.000033,-12.0671625,-24.775194,8.920452,44.22228,-10.31516,15.000033,-4.101176,2.0916977,23.757017,-45.684307,15.323776,-19.515768,-31.159998,36.06379,1.2262985,-4.0995493,-53.996693,-24.386845,14.184515,-24.476215,-38.139076,-16.414335,-14.014987
976,11.641092300415039,7.638515472412109,72.35318756103516,-1.1429470648327553,-12.053702044533843,-76.13743117127287,0.89234203,27.419905,12.085714,40.438896,-21.071545,-15.000033,-11.636261,-24.861637,8.961378,45.087666,-10.362975,15.000033,-4.364459,2.2219172,23.239067,-44.340202,15.359133,-19.475529,-31.533691,36.11209,1.1884104,-4.049458,-53.890705,-24.056345,14.455944,-24.327522,-38.324436,-16.413055,-14.111691
977,11.16245174407959,7.540434837341309,72.64481353759766,-0.9775323939206113,-11.911218543950284,-75.95639989469156,1.2956148,27.347914,12.267689,38.845375,-19.636133,-15.000033,-11.198147,-24.88188,9.169792,45.98063,-10.39181,15.000033,-4.6636224,2.3309429,22.717731,-42.95689,15.371292,-19.437386,-31.973606,36.15092,1.1235542,-3.9284382,-53.850796,-23.735868,14.749796,-24.16412,-38.397747,-16.426517,-14.239547
978,10.666815757751465,7.44155740737915,72.91081237792969,-0.8009002834480028,-11.75064840468052,-75.74709028076974,1.6076388,27.29469,12.417549,37.35694,-18.172695,-15.000033,-10.751353,-24.855152,9.492544,46.898903,-10.413433,15.000033,-4.9829235,2.4254177,22.18773,-41.526295,15.351923,-19.402884,-32.47031,36.1979,1.0410393,-3.7639253,-53.867638,-23.422176,15.061728,-23.986666,-38.394943,-16.447014,-14.402693
979,10.157515525817871,7.346436977386475,73.14849853515625,-0.6339191291079627,-11.58416846788566,-75.51110631436205,1.8254527,27.270933,12.494098,35.988117,-16.721428,-15.000033,-10.242414,-24.781837,9.808063,47.712067,-10.305511,15.000033,-5.2902546,2.5258393,21.654375,-40.18958,15.325133,-19.339397,-32.92074,36.16896,0.95065767,-3.6015751,-53.925674,-23.127901,15.369348,-23.79064,-38.381897,-16.48742,-14.562746
980,9.634747505187988,7.249340534210205,73.35816955566406,-0.4974257595204751,-11.423924184364017,-75.24880612527572,1.9460292,27.28778,12.455225,34.75366,-15.321975,-15.000033,-9.621043,-24.664171,9.993339,48.294098,-9.94791,15.000033,-5.5977793,2.6363373,21.15106,-38.88837,15.291316,-19.287306,-33.40069,36.1444,0.877647,-3.4659762,-54.033703,-22.859968,15.676103,-23.59035,-38.41284,-16.555433,-14.687947
981,9.090275764465332,7.155175685882568,73.5418930053711,-0.398753764523694,-11.27389874166163,-74.9482276138237,1.9632814,27.349352,12.276493,33.65457,-13.956126,-15.000033,-8.883384,-24.492037,10.049726,48.716415,-9.073754,15.000033,-5.910375,2.7659628,20.68121,-37.637794,15.254062,-19.23644,-33.907413,36.10231,0.8296297,-3.383011,-54.182636,-22.627178,15.972086,-23.390984,-38.50413,-16.666248,-14.764867
982,8.528608322143555,7.057075023651123,73.6944351196289,-0.32844447927067055,-11.128058288091005,-74.61143748839606,1.8823006,27.455692,11.981785,32.68158,-12.610932,-15.000033,-8.055731,-24.267757,10.023448,49.01394,-7.826203,15.000033,-6.2288446,2.909799,20.237904,-36.41703,15.21203,-19.189505,-34.44901,36.04503,0.7966683,-3.3277183,-54.369164,-22.43133,16.26095,-23.198523,-38.620514,-16.809202,-14.81492
983,7.955790996551514,6.964662551879883,73.81002807617188,-0.2789245016216805,-10.985482620936574,-74.26046914066792,1.7183537,27.610003,11.601885,31.83287,-11.332931,-15.000033,-7.1338553,-24.018753,9.86547,49.006668,-6.70288,15.000033,-6.5288496,3.0618389,19.817686,-35.259106,15.169919,-19.154982,-34.98562,35.975567,0.7664623,-3.263999,-54.591694,-22.271502,16.546963,-23.012894,-38.74719,-16.956251,-14.853582
984,7.371476173400879,6.867762088775635,73.88805389404297,-0.2405337163255747,-10.843567254218677,-73.91759785596582,1.4870176,27.811047,11.169481,31.10391,-10.167219,-15.000033,-6.1141396,-23.768055,9.5422,48.517548,-6.203575,15.000033,-6.78498,3.2120667,19.417578,-34.192486,15.136165,-19.143904,-35.48282,35.899174,0.72796345,-3.1543307,-54.84441,-22.148914,16.831022,-22.841991,-38.86771,-17.079687,-14.896357
985,6.751150608062744,6.768863677978516,73.9109878540039,-0.23954299027150755,-10.698293881801524,-73.5766468174058,1.1649913,28.090023,10.646141,30.513752,-9.120454,-15.000033,-4.90062,-23.473137,9.004821,47.29701,-6.4994736,15.000033,-7.003069,3.3737254,19.03017,-33.21043,15.11505,-19.163216,-35.93799,35.8104,0.67836404,-2.9761746,-55.13332,-22.049126,17.121662,-22.674034,-38.985405,-17.176605,-14.958646
986,6.119860649108887,6.6652655601501465,73.8929672241211,-0.2652895995765538,-10.552421937681002,-73.22792985870427,0.7556199,28.431534,10.028492,30.047579,-8.166166,-15.000033,-3.520899,-23.104942,8.328223,45.491535,-7.303139,15.000033,-7.1867766,3.5400386,18.65961,-32.30928,15.109593,-19.214796,-36.36312,35.705894,0.6260836,-2.7503746,-55.44298,-21.98593,17.40297,-22.528105,-39.102043,-17.261581,-15.026613
987,5.483859539031982,6.566075325012207,73.83141326904297,-0.27063997600948425,-10.411126325184325,-72.88972663220075,0.3115039,28.765293,9.404701,29.658592,-7.3003874,-15.000033,-2.1582465,-22.719147,7.6534834,43.52419,-8.440035,15.000033,-7.3281746,3.6706486,18.313755,-31.504301,15.113933,-19.280825,-36.75798,35.606083,0.5718711,-2.5120995,-55.777264,-21.959196,17.663649,-22.404152,-39.21247,-17.335543,-15.069751
988,4.845466613769531,6.472736358642578,73.72996520996094,-0.19985433371711284,-10.279451109059046,-72.58410543133911,-0.117616,29.025414,8.86698,29.308975,-6.5249667,-15.000033,-1.009224,-22.406937,7.0771894,41.840324,-9.737686,15.000033,-7.431313,3.7559457,18.01524,-30.744793,15.131711,-19.313164,-37.199615,35.521893,0.5129011,-2.2970803,-56.109196,-21.906212,18.002552,-22.331003,-39.44035,-17.368788,-15.091174
989,4.22251033782959,6.39443826675415,73.59290313720703,-0.02518217183207399,-10.141195327330676,-72.3032356940359,-0.5498951,29.177261,8.433393,28.996323,-5.8339195,-15.000033,-0.105750866,-22.218847,6.6138754,40.46439,-11.278837,15.000033,-7.5630264,3.7205336,17.708673,-30.036135,15.168383,-19.286083,-37.61847,35.4779,0.44853947,-2.1045928,-56.699158,-21.895977,18.315617,-22.102528,-39.50906,-17.404318,-15.019215
990,3.615380048751831,6.329299449920654,73.42969512939453,0.22088563136620998,-9.99855658872649,-72.04238780052776,-1.000169,29.260782,8.063412,28.738548,-5.2286754,-15.000033,0.6385585,-22.127598,6.188084,39.20522,-13.112855,15.000033,-7.693873,3.6155055,17.421885,-29.351088,15.240243,-19.21318,-38.07963,35.442062,0.37916186,-1.9158387,-57.40799,-21.924223,18.657602,-21.848639,-39.539032,-17.414366,-14.90501
991,3.012716770172119,6.283463478088379,73.22959899902344,0.5002089035520713,-9.88352392955902,-71.82924143342424,-1.4098525,29.322454,7.763909,28.52753,-4.7197638,-15.000033,1.197662,-22.120018,5.7307615,38.20884,-15.032562,15.000033,-7.7459164,3.4866905,17.20609,-28.764275,15.318255,-19.144697,-38.545773,35.42097,0.31332332,-1.7487233,-58.062897,-21.958002,18.999472,-21.674458,-39.63798,-17.408453,-14.783506
992,2.426806926727295,6.252518177032471,73.00379180908203,0.7743596394905363,-9.828500625926962,-71.69106845488267,-1.724108,29.411186,7.536883,28.358961,-4.319039,-15.000033,1.5512773,-22.172997,5.1812744,37.617195,-16.833036,15.000033,-7.756422,3.3929257,17.11113,-28.219547,15.412569,-19.002829,-39.076557,35.41025,0.24883819,-1.6354185,-58.7665,-21.988688,19.372488,-21.478085,-39.743828,-17.394302,-14.697614
993,1.8654297590255737,6.246469497680664,72.7666244506836,1.0644340021528333,-9.847537169273476,-71.63771612910462,-1.9386195,29.50059,7.3744087,28.262962,-4.045361,-15.000033,1.6404836,-22.350786,4.432838,37.573875,-18.538015,15.000033,-7.7333155,3.308551,17.1482,-27.735392,15.52532,-18.766003,-39.66199,35.4249,0.18129456,-1.5988206,-59.61185,-22.019812,19.770224,-21.193995,-39.822235,-17.37975,-14.640322
994,1.327915906906128,6.264791488647461,72.52622985839844,1.380180764766214,-9.923676133080336,-71.65174939478669,-2.078288,29.578423,7.2749825,28.231974,-3.887515,-15.000033,1.4991244,-22.64685,3.5329144,37.97126,-20.224611,15.000033,-7.6572795,3.2179477,17.29401,-27.331367,15.644649,-18.476917,-40.275265,35.463203,0.11203272,-1.6186732,-60.51433,-22.035648,20.18962,-20.889698,-39.934845,-17.357727,-14.596182
995,0.8171799778938293,6.303864479064941,72.2886734008789,1.6569779636229867,-10.04106324258339,-71.72036951673772,-2.1369154,29.716738,7.249643,28.21176,-3.8134332,-15.000033,1.2471521,-22.909018,2.678606,38.579422,-21.805954,15.000033,-7.573677,3.1796556,17.529274,-26.934956,15.764827,-18.118933,-40.930775,35.505394,0.048024565,-1.6653816,-61.45853,-22.033125,20.62503,-20.54282,-40.003082,-17.335114,-14.574097
996,0.3223816156387329,6.351351737976074,72.06655883789062,1.828612976557219,-10.18161556630219,-71.83419464622335,-2.110872,29.990139,7.312058,28.150736,-3.7915497,-15.000033,0.99734676,-22.976566,2.0707304,39.163013,-23.190268,15.000033,-7.494103,3.2546165,17.835678,-26.501114,15.87267,-17.705772,-41.629612,35.531384,-0.00197941,-1.705935,-62.348927,-21.995052,21.071136,-20.193316,-40.018013,-17.313486,-14.586624
997,-0.14996972680091858,6.414116859436035,71.86820983886719,1.8446962059691907,-10.37098083985508,-72.01780841778216,-1.9598082,30.463024,7.443533,28.044893,-3.8658109,-15.000033,0.7885522,-22.752903,1.7876495,39.676,-24.354538,15.000033,-7.41879,3.5033467,18.253805,-26.030542,15.960206,-17.20494,-42.387547,35.550823,-0.03295094,-1.7503704,-63.22402,-21.911333,21.537024,-19.8075,-39.92963,-17.296844,-14.656709
998,-0.5964372158050537,6.492516994476318,71.68761444091797,1.7503042435347975,-10.608012353488009,-72.26927008768212,-1.7003083,31.08458,7.6509514,27.925922,-4.040819,-15.000033,0.5578517,-22.33185,1.7182168,40.22861,-25.345064,15.000033,-7.3360524,3.8831172,18.775517,-25.551626,16.025179,-16.623781,-43.18449,35.569363,-0.051722154,-1.8124356,-64.09682,-21.772837,22.026709,-19.380928,-39.78626,-17.28243,-14.77133
999,-1.0285416841506958,6.576827049255371,71.53266906738281,1.6257772325943334,-10.83327926096562,-72.54112754311386,-1.4055111,31.75338,7.992047,27.779451,-4.2259707,-15.000033,0.2603627,-21.84106,1.7819223,40.827396,-26.177248,15.000033,-7.277478,4.29338,19.30182,-25.02808,16.063892,-16.007198,-43.98792,35.57121,-0.06851373,-1.8673776,-64.93737,-21.584728,22.519558,-18.92221,-39.630276,-17.272123,-14.881229
1000,-1.4530794620513916,6.660233974456787,71.41007995605469,1.5476777288885617,-10.98678559367057,-72.78599486000383,-1.1478018,32.365505,8.52112,27.591545,-4.3312345,-15.000033,-0.14495158,-21.408155,1.8995056,41.477913,-26.870852,15.000033,-7.259491,4.632476,19.735739,-24.444822,16.071127,-15.412766,-44.750904,35.53705,-0.09320476,-1.8891922,-65.69091,-21.35996,22.99176,-18.45494,-39.520374,-17.26496,-14.938598
1001,-1.8595492839813232,6.751084327697754,71.31512451171875,1.512007816754132,-11.039269695372989,-73.01383661666864,-0.95515513,32.95125,9.276099,27.372898,-4.3501863,-15.000033,-0.72021675,-21.017605,2.1092002,42.238117,-27.407434,15.000033,-7.271658,4.904812,20.049547,-23.78846,16.03875,-14.83542,-45.46813,35.446,-0.13215224,-1.8645581,-66.333725,-21.10721,23.438555,-17.988642,-39.451138,-17.257866,-14.923431
1002,-2.2344586849212646,6.855008125305176,71.2437744140625,1.4869005307229293,-11.028499130957146,-73.24414189475367,-0.7812562,33.543247,10.228007,27.138475,-4.3405924,-15.000033,-1.4184406,-20.611954,2.4337687,43.083874,-27.786987,15.000033,-7.300676,5.1540136,20.296581,-23.085276,15.962927,-14.26108,-46.150497,35.315086,-0.1795469,-1.8101403,-66.88948,-20.83239,23.866581,-17.516552,-39.395123,-17.251379,-14.863957
1003,-2.584045648574829,6.967540740966797,71.20467376708984,1.5086542004475798,-10.994255894516535,-73.44368177469468,-0.59351414,34.039932,11.320865,26.883038,-4.3040557,-15.000033,-2.120604,-20.27549,2.7710466,43.89773,-28.044521,15.000033,-7.3548155,5.336406,20.50087,-22.384546,15.847258,-13.739137,-46.77723,35.18303,-0.22628416,-1.7437748,-67.375145,-20.549915,24.273516,-17.040373,-39.381622,-17.249773,-14.785508
1004,-2.9088594913482666,7.085898399353027,71.19738006591797,1.6185453244780241,-10.975227530081826,-73.57819811626942,-0.360411,34.339478,12.493431,26.58751,-4.226807,-15.000033,-2.7153502,-20.095184,3.023211,44.566345,-28.217201,15.000033,-7.4409347,5.4084597,20.684902,-21.736336,15.7003,-13.319986,-47.32626,35.087723,-0.2617188,-1.6827089,-67.80255,-20.282722,24.65228,-16.57129,-39.435207,-17.25669,-14.713713
1005,-3.2154123783111572,7.2156453132629395,71.21781921386719,1.8339421258681388,-10.983066193871846,-73.62595014132923,-0.07668924,34.459682,13.846564,26.234825,-4.074973,-15.000033,-3.185592,-20.108936,3.166169,45.097744,-28.303469,15.000033,-7.562549,5.3298554,20.853899,-21.1374,15.522311,-13.04696,-47.78397,35.037323,-0.27696633,-1.6124676,-68.14513,-20.05306,24.980957,-16.130535,-39.609283,-17.273066,-14.650677
1006,-3.5045032501220703,7.357266426086426,71.27393341064453,2.1335386992089895,-10.996743384751381,-73.60959995019643,0.2408804,34.433746,15.370869,25.836655,-3.8611844,-15.000033,-3.589595,-20.271006,3.2577388,45.542686,-28.289375,15.000033,-7.7031493,5.1336837,20.993916,-20.578074,15.31287,-12.893634,-48.15728,35.012962,-0.27851677,-1.529652,-68.38976,-19.875486,25.262527,-15.726151,-39.86551,-17.295155,-14.585969
1007,-3.771944284439087,7.509815692901611,71.36431121826172,2.4949379646734204,-11.003613822837664,-73.55866171705286,0.58164763,34.187214,16.825766,25.391994,-3.6170025,-15.000033,-3.929305,-20.541555,3.319039,45.843857,-28.187828,15.000033,-7.8385243,4.8885064,21.098871,-20.102318,15.084651,-12.807807,-48.456806,35.010277,-0.28183424,-1.4636953,-68.560135,-19.75481,25.534437,-15.360973,-40.10607,-17.318426,-14.528167
1008,-4.000589847564697,7.667356014251709,71.49047088623047,2.888542929313731,-10.988347774382772,-73.5010234872276,0.92571396,33.65444,17.959738,24.891909,-3.3599117,-15.000033,-4.210673,-20.875576,3.3687742,45.946445,-28.012625,15.000033,-7.9505363,4.6638155,21.164494,-19.749271,14.857922,-12.7312,-48.69688,35.01798,-0.30087355,-1.4415365,-68.68243,-19.685194,25.834259,-15.031672,-40.237373,-17.338425,-14.485183
1009,-4.201122760772705,7.8462653160095215,71.64095306396484,3.362494337183301,-10.944098160685364,-73.41910994944315,1.2954328,32.654205,18.655672,24.165668,-2.9853072,-15.000033,-4.433838,-21.340916,3.4071634,45.829685,-27.772818,15.000033,-8.0539055,4.4160576,21.181314,-19.525536,14.648478,-12.665284,-48.894123,35.049522,-0.33480155,-1.4832021,-68.76617,-19.662884,26.169743,-14.73553,-40.21835,-17.353748,-14.454246
1010,-4.363405227661133,8.046537399291992,71.81321716308594,3.903486905572101,-10.878899942041782,-73.30529758139541,1.6913925,31.282084,19.048254,23.219511,-2.5012128,-15.000033,-4.5973415,-21.928041,3.4222243,45.524364,-27.458025,15.000033,-8.158534,4.1328335,21.157393,-19.39557,14.460072,-12.62858,-49.054733,35.099903,-0.37432566,-1.5646195,-68.79885,-19.68557,26.521524,-14.477378,-40.1047,-17.366514,-14.432584
1011,-4.500268936157227,8.255099296569824,72.00464630126953,4.4005996680231165,-10.800459510016877,-73.20221670667455,2.0682464,29.886232,19.274904,22.318485,-2.09998,-15.000033,-4.7042756,-22.478487,3.412832,45.05444,-27.053982,15.000033,-8.24822,3.9236233,21.11617,-19.3248,14.300258,-12.580696,-49.19165,35.13004,-0.42002514,-1.6458219,-68.78742,-19.74249,26.887249,-14.256437,-39.94221,-17.379725,-14.426626
1012,-4.616348743438721,8.471382141113281,72.21141815185547,4.748304667681487,-10.713883934116689,-73.15111817145652,2.3650947,28.810112,19.479763,21.783815,-1.9752067,-15.000033,-4.762711,-22.840559,3.3797448,44.448814,-26.548906,15.000033,-8.307354,3.8969607,21.078575,-19.28481,14.156303,-12.480852,-49.30862,35.106407,-0.47741967,-1.6939725,-68.74048,-19.820587,27.272184,-14.0671425,-39.782265,-17.394217,-14.445347
1013,-4.713677406311035,8.682455062866211,72.43225860595703,4.90324434259611,-10.618073283784815,-73.17695065425556,2.5334148,28.15662,19.604496,21.78087,-2.2687726,-15.000033,-4.7705235,-22.947256,3.3225856,43.692127,-25.927898,15.000033,-8.329164,4.109639,21.059206,-19.266233,14.038235,-12.300028,-49.42876,35.01198,-0.5567357,-1.7002639,-68.67449,-19.90153,27.693275,-13.899696,-39.61771,-17.41533,-14.493095
1014,-4.795065879821777,8.899147033691406,72.6672134399414,4.928485181978064,-10.510448417753706,-73.25329265770522,2.612022,27.73962,19.614689,22.150759,-2.8543684,-15.000033,-4.726655,-22.890902,3.2397606,42.778446,-25.201603,15.000033,-8.334532,4.489232,21.044548,-19.271317,13.948253,-12.054082,-49.55279,34.86811,-0.6534769,-1.6839427,-68.60112,-19.976698,28.152603,-13.73811,-39.432434,-17.44192,-14.564232
1015,-4.864438056945801,9.112812042236328,72.91297912597656,4.8952053749267534,-10.393860659369924,-73.344283343143,2.6708155,27.462122,19.692938,22.736399,-3.5168467,-15.000033,-4.636786,-22.76862,3.135553,41.750076,-24.405891,15.000033,-8.337868,4.918769,21.009996,-19.2963,13.907596,-11.793726,-49.650948,34.694214,-0.7370218,-1.6350327,-68.49886,-20.025072,28.588402,-13.581226,-39.273987,-17.47769,-14.638387
1016,-4.92216157913208,9.328010559082031,73.17021942138672,4.871567833901893,-10.271252343236872,-73.41423126129348,2.7775903,27.228436,20.015078,23.380806,-4.045037,-15.000033,-4.5075283,-22.677773,3.0137055,40.65081,-23.57599,15.000033,-8.374072,5.3167596,20.940615,-19.314167,13.8886385,-11.524019,-49.71618,34.504314,-0.79558116,-1.5685503,-68.37195,-20.062824,29.004168,-13.428016,-39.174118,-17.504343,-14.720641
1017,-4.963654041290283,9.556236267089844,73.42925262451172,4.870704583115517,-10.145023386494396,-73.45639548855021,2.9656956,27.036758,20.711603,24.06675,-4.3646364,-15.000033,-4.321565,-22.635721,2.8681264,39.45638,-22.705313,15.000033,-8.456677,5.6760564,20.837648,-19.306738,13.889435,-11.235649,-49.763676,34.2757,-0.8226317,-1.4635893,-68.22294,-20.093176,29.421442,-13.273592,-39.167755,-17.51743,-14.823524
1018,-4.989902019500732,9.77987289428711,73.69607543945312,4.858678579453761,-10.013404907506446,-73.48957322057561,3.1965833,26.935612,21.658731,24.880457,-4.60037,-15.000033,-4.083042,-22.589037,2.6977704,38.15723,-21.78264,15.000033,-8.5696125,6.0399575,20.709124,-19.288174,13.919219,-10.919508,-49.794487,34.007114,-0.82805943,-1.3230053,-68.0564,-20.113022,29.840645,-13.118497,-39.22407,-17.523863,-14.943736
1019,-5.0144267082214355,10.001853942871094,73.9608154296875,4.829172685591042,-9.872603957152052,-73.51621476190564,3.437911,26.898123,22.65445,25.796661,-4.8397517,-15.000033,-3.8270445,-22.529917,2.5124156,36.814285,-20.835493,15.000033,-8.688984,6.3861656,20.549763,-19.28337,13.99358,-10.604563,-49.7882,33.745464,-0.8161231,-1.1849213,-67.85164,-20.11439,30.208002,-12.983318,-39.295464,-17.528223,-15.055408
1020,-5.031603813171387,10.220915794372559,74.21766662597656,4.782271044626973,-9.719692230772342,-73.53848860878351,3.6538668,26.894285,23.495548,26.787199,-5.16765,-15.000033,-3.589677,-22.454638,2.3256576,35.49322,-19.895618,15.000033,-8.781383,6.698928,20.347742,-19.346014,14.108723,-10.328807,-49.69269,33.541286,-0.7930112,-1.0928837,-67.58366,-20.098024,30.469193,-12.884711,-39.33369,-17.535625,-15.132003
1021,-5.048681735992432,10.441572189331055,74.46141815185547,4.710174985736336,-9.547261070159335,-73.5506282640094,3.8330631,26.943356,24.183668,27.874788,-5.624263,-15.000033,-3.368573,-22.361126,2.1278946,34.180336,-18.951143,15.000033,-8.844673,6.984342,20.090263,-19.476883,14.260888,-10.100929,-49.503113,33.42006,-0.7555318,-1.0617502,-67.2351,-20.069757,30.614801,-12.826709,-39.318233,-17.542574,-15.16452
1022,-5.05585241317749,10.66860294342041,74.69200134277344,4.617150564658053,-9.359563965108052,-73.55419471556401,3.996799,27.054848,24.80785,29.066408,-6.15999,-15.000033,-3.1481755,-22.250751,1.9164344,32.850418,-17.991703,15.000033,-8.8892,7.2484326,19.785124,-19.662699,14.450211,-9.906634,-49.233685,33.352135,-0.7018973,-1.0676816,-66.81693,-20.033545,30.669306,-12.807218,-39.27513,-17.547941,-15.167832
1023,-5.063636779785156,10.887968063354492,74.90827941894531,4.516989181251543,-9.170208478144856,-73.56084875092428,4.1559434,27.176878,25.296606,30.299932,-6.7196245,-15.000033,-2.9437003,-22.13137,1.7167504,31.549664,-17.050106,15.000033,-8.916737,7.481378,19.460987,-19.902563,14.677447,-9.726954,-48.900166,33.29901,-0.64483184,-1.1014149,-66.35804,-19.990406,30.654669,-12.828765,-39.22578,-17.551968,-15.161099
1024,-5.070376873016357,11.118009567260742,75.10382843017578,4.419035221492759,-8.992156162679013,-73.58171443385253,4.319017,27.2544,25.580254,31.511202,-7.2477055,-15.000033,-2.7705872,-22.009518,1.5522127,30.320547,-16.153614,15.000033,-8.930257,7.6723766,19.146511,-20.192665,14.943604,-9.543421,-48.519604,33.223194,-0.59709346,-1.1532859,-65.88677,-19.938293,30.592344,-12.894275,-39.19401,-17.55504,-15.163417
1025,-5.0750861167907715,11.35861873626709,75.27969360351562,4.330559197850978,-8.820700909638441,-73.6197269087414,4.4738264,27.273464,25.62717,32.703613,-7.754629,-15.000033,-2.6365118,-21.890034,1.4309925,29.162312,-15.296123,15.000033,-8.928386,7.8165894,18.836147,-20.54085,15.251614,-9.348189,-48.0826,33.109257,-0.5681219,-1.2467619,-65.40155,-19.87244,30.478693,-13.008023,-39.185265,-17.556295,-15.176703
1026,-5.076809406280518,11.592150688171387,75.43502807617188,4.242582931262718,-8.650534491034472,-73.66803662168941,4.6152053,27.259846,25.480364,33.907757,-8.263369,-15.000033,-2.53357,-21.770128,1.3407003,28.056667,-14.4664135,15.000033,-8.913965,7.917976,18.518976,-20.942636,15.6027975,-9.151218,-47.587154,32.978214,-0.54892564,-1.3778576,-64.895035,-19.790356,30.306559,-13.165904,-39.185604,-17.556091,-15.191941
1027,-5.081473350524902,11.835554122924805,75.56755065917969,4.154710952091284,-8.496751113764951,-73.72455660940653,4.7591643,27.21816,25.182396,35.104065,-8.730368,-15.000033,-2.4502578,-21.651676,1.2751385,27.017899,-13.684928,15.000033,-8.893241,7.9796653,18.215534,-21.37776,15.9934025,-8.964553,-47.06291,32.848217,-0.5244238,-1.4957308,-64.381676,-19.692005,30.093956,-13.355512,-39.198895,-17.556053,-15.211674
1028,-5.08577823638916,12.082088470458984,75.6772232055664,4.0649176779279825,-8.37309722365735,-73.78682798526131,4.922159,27.152044,24.77596,36.272877,-9.111927,-15.000033,-2.3792853,-21.53146,1.2294716,26.065874,-12.973465,15.000033,-8.876805,8.005419,17.946407,-21.820251,16.415844,-8.7974,-46.541332,32.740685,-0.48050144,-1.5507878,-63.885674,-19.58135,29.861477,-13.559759,-39.219578,-17.558468,-15.238152
1029,-5.084580421447754,12.33646297454834,75.75984954833984,3.974432771210499,-8.281404649768618,-73.86443691122913,5.1054173,27.054764,24.237013,37.42115,-9.380283,-15.000033,-2.3175116,-21.413368,1.2107106,25.190804,-12.333737,15.000033,-8.854346,7.994934,17.709902,-22.280842,16.869686,-8.652708,-46.012043,32.68425,-0.40543285,-1.5320355,-63.400154,-19.458942,29.602222,-13.789225,-39.25291,-17.56251,-15.268228
1030,-5.082916259765625,12.587836265563965,75.82325744628906,3.8859550959451443,-8.214978248042312,-73.9551073245962,5.304716,26.919512,23.56116,38.550137,-9.562208,-15.000033,-2.270032,-21.300388,1.2206696,24.38865,-11.754376,15.000033,-8.824807,7.946038,17.49741,-22.76808,17.3553,-8.527509,-45.463154,32.660908,-0.31018034,-1.4662832,-62.917343,-19.32486,29.30931,-14.045987,-39.297787,-17.567513,-15.301867
1031,-5.077860355377197,12.845680236816406,75.86275482177734,3.793972160413374,-8.175432937662153,-74.03869875576518,5.524671,26.756573,22.817478,39.639954,-9.699674,-15.000033,-2.2342315,-21.191246,1.2445687,23.674446,-11.239652,15.000033,-8.807687,7.862481,17.317518,-23.259386,17.861757,-8.423629,-44.91481,32.620464,-0.21558955,-1.3616627,-62.450535,-19.18382,29.00425,-14.31346,-39.34705,-17.574705,-15.346179
1032,-5.0688347816467285,13.110533714294434,75.87750244140625,3.6915564410467807,-8.164449415595229,-74.09505364364345,5.7716236,26.579393,22.07379,40.667755,-9.833118,-15.000033,-2.2033155,-21.08672,1.2664417,23.05629,-10.790364,15.000033,-8.820536,7.752104,17.178165,-23.738596,18.370825,-8.342747,-44.377407,32.514153,-0.14439276,-1.2291479,-62.01175,-19.044012,28.707598,-14.570684,-39.39236,-17.585133,-15.408802
1033,-5.052325248718262,13.380284309387207,75.8712387084961,3.574729671740156,-8.190029658502105,-74.1243967880286,6.056169,26.409735,21.336966,41.64935,-9.974621,-15.000033,-2.1654778,-20.981817,1.2898226,22.533594,-10.413894,15.000033,-8.856447,7.6215334,17.084251,-24.226994,18.871498,-8.293611,-43.832443,32.31524,-0.11341078,-1.0648787,-61.593346,-18.911463,28.41822,-14.821607,-39.443245,-17.603888,-15.503145
1034,-5.026208877563477,13.654094696044922,75.84149169921875,3.4479665408957327,-8.249534544163936,-74.13603883747138,6.375054,26.236984,20.577358,42.590466,-10.103668,-15.000033,-2.1263316,-20.880484,1.3222841,22.10081,-10.105983,15.000033,-8.904017,7.4697585,17.028849,-24.734116,19.36068,-8.277329,-43.27144,32.059,-0.11023675,-0.8696662,-61.188103,-18.79002,28.12744,-15.076257,-39.499012,-17.628227,-15.621523
1035,-4.993795871734619,13.931934356689453,75.79621124267578,3.3185117261618853,-8.327547912325938,-74.12405688569642,6.709975,26.02975,19.80494,43.458134,-10.214167,-15.000033,-2.111038,-20.794998,1.3564823,21.771605,-9.857829,15.000033,-8.969215,7.2956553,17.001965,-25.23269,19.83009,-8.285715,-42.715115,31.789085,-0.11387021,-0.66256136,-60.79926,-18.683638,27.845322,-15.327888,-39.54516,-17.646294,-15.740242
1036,-4.947668075561523,14.224639892578125,75.73627471923828,3.1944631079150496,-8.409194399117304,-74.08281736730795,7.042575,25.756605,19.029568,44.221382,-10.3018875,-15.000033,-2.142011,-20.737383,1.3835317,21.554537,-9.657453,15.000033,-9.059825,7.09921,16.992535,-25.694017,20.268316,-8.308323,-42.184376,31.550732,-0.103531614,-0.46360135,-60.437313,-18.596756,27.587854,-15.566706,-39.565315,-17.646358,-15.835302
1037,-4.900461196899414,14.51906681060791,75.6620864868164,3.0838765072199132,-8.495023728796404,-74.01146364038362,7.3736053,25.388859,18.235834,44.877792,-10.302357,-15.000033,-2.2300713,-20.718857,1.4093897,21.471163,-9.515028,15.000033,-9.168459,6.875074,17.000538,-26.136158,20.668,-8.350154,-41.665962,31.345291,-0.073843665,-0.27252787,-60.09362,-18.528862,27.353024,-15.802436,-39.55136,-17.614876,-15.893429
1038,-4.840058326721191,14.826573371887207,75.57242584228516,2.982072339097444,-8.59255657305647,-73.91410014083927,7.715706,24.952394,17.428513,45.443577,-10.24237,-15.000033,-2.361135,-20.72892,1.4373298,21.510767,-9.432579,15.000033,-9.293356,6.6283045,17.029652,-26.56851,21.027304,-8.411825,-41.149815,31.155588,-0.03826096,-0.08310366,-59.772984,-18.48273,27.135586,-16.031515,-39.506752,-17.561892,-15.929455
1039,-4.768045425415039,15.140463829040527,75.47100830078125,2.871016828128207,-8.695779938683472,-73.79212392216834,8.0647335,24.495867,16.642488,45.917374,-10.254587,-15.000033,-2.519487,-20.748802,1.4540709,21.63276,-9.385719,15.000033,-9.435487,6.3766184,17.076284,-26.963339,21.341196,-8.488746,-40.65711,30.996,-0.00048983574,0.09285935,-59.469585,-18.461716,26.945086,-16.237041,-39.466793,-17.507998,-15.963759
1040,-4.686317443847656,15.45746898651123,75.35894775390625,2.7316614727337987,-8.798092579225544,-73.64629822267938,8.413493,24.066246,15.905749,46.29494,-10.468722,-15.000033,-2.6910129,-20.757906,1.4447825,21.798592,-9.350604,15.000033,-9.599646,6.1393456,17.13545,-27.291845,21.602736,-8.573524,-40.207687,30.881954,0.032826874,0.2440377,-59.183662,-18.471048,26.788319,-16.403708,-39.45781,-17.474184,-16.016848
1041,-4.599699974060059,15.77951431274414,75.23705291748047,2.5700318543498684,-8.900549684843982,-73.47661359650313,8.765404,23.636114,15.198548,46.588158,-10.938181,-15.000033,-2.889613,-20.761446,1.4125184,22.03444,-9.336295,15.000033,-9.781999,5.9140053,17.207886,-27.559792,21.806297,-8.666339,-39.80083,30.835434,0.06756625,0.35884705,-58.920105,-18.513424,26.672113,-16.525473,-39.511646,-17.468391,-16.108007
1042,-4.504849910736084,16.107473373413086,75.10346221923828,2.3897604542029307,-9.005233185749068,-73.28305300875442,9.120948,23.19348,14.50592,46.795532,-11.588875,-15.000033,-3.1168833,-20.765224,1.3622816,22.348423,-9.349279,15.000033,-9.978406,5.697225,17.294323,-27.78379,21.94997,-8.771076,-39.421066,30.843517,0.10366678,0.4443318,-58.67559,-18.590302,26.592482,-16.612366,-39.606182,-17.47813,-16.222164
1043,-4.397322177886963,16.43933868408203,74.961181640625,2.170689670977163,-9.105719938538291,-73.06425081655844,9.46467,22.808819,13.859131,46.889366,-12.352746,-15.000033,-3.3416157,-20.744825,1.2797006,22.674667,-9.363305,15.000033,-10.18894,5.5083213,17.39004,-27.952883,22.032549,-8.892338,-39.070755,30.871391,0.12669128,0.51752084,-58.423885,-18.7033,26.535896,-16.67585,-39.697517,-17.492908,-16.328524
1044,-4.286798000335693,16.775205612182617,74.80915832519531,1.8939260408143463,-9.19477372841466,-72.81769536805078,9.780488,22.554512,13.290981,46.836147,-13.154162,-15.000033,-3.5340166,-20.678013,1.1509867,22.951258,-9.357058,15.000033,-10.417493,5.367475,17.488556,-28.054167,22.052174,-9.030881,-38.75403,30.883545,0.121244766,0.5940214,-58.144016,-18.834358,26.499615,-16.714855,-39.7583,-17.502472,-16.396107
1045,-4.17697286605835,17.103153228759766,74.6509017944336,1.5295810491239634,-9.27156326475542,-72.54071227154287,10.058466,22.483784,12.78,46.61977,-13.957059,-15.000033,-3.6868186,-20.526812,0.9620492,23.169573,-9.325234,15.000033,-10.654915,5.299467,17.596983,-28.101198,22.012583,-9.199126,-38.46733,30.861174,0.075760536,0.6883284,-57.812145,-19.019983,26.469242,-16.77348,-39.767838,-17.500935,-16.407497
1046,-4.058566093444824,17.434314727783203,74.48804473876953,1.0931188517204358,-9.336927634182429,-72.23236530733908,10.302918,22.554197,12.320634,46.261497,-14.800316,-15.000033,-3.8180342,-20.31329,0.7208154,23.362616,-9.281093,15.000033,-10.910814,5.290236,17.714058,-28.0877,21.910172,-9.384244,-38.215343,30.82764,-0.00086369546,0.78616244,-57.457787,-19.238276,26.459562,-16.820816,-39.75435,-17.494991,-16.382534
1047,-3.9288461208343506,17.77145004272461,74.32230377197266,0.6423927164992052,-9.386500539966182,-71.89316073637688,10.524299,22.690798,11.973561,45.769936,-15.714905,-15.000033,-3.928158,-20.108473,0.4407537,23.513483,-9.214362,15.000033,-11.174569,5.2899203,17.824743,-28.021763,21.745758,-9.602879,-37.981968,30.805176,-0.084442295,0.8739014,-57.054855,-19.492994,26.458002,-16.852234,-39.720055,-17.491142,-16.346676
1048,-3.788403034210205,18.11660385131836,74.16073608398438,0.23479477695720544,-9.416207824576079,-71.52465244847794,10.731219,22.814672,11.79486,45.1585,-16.73682,-15.000033,-4.020293,-19.982473,0.13772832,23.609165,-9.116698,15.000033,-11.427351,5.248705,17.915075,-27.916655,21.51919,-9.878832,-37.753124,30.815817,-0.15043287,0.9387764,-56.55854,-19.78808,26.449858,-16.879227,-39.680687,-17.494717,-16.326519
1049,-3.632378578186035,18.461849212646484,74.00420379638672,-0.12538299857352025,-9.42102286819771,-71.11609394411295,10.933293,22.924715,11.834688,44.358315,-17.928879,-15.000033,-4.102156,-19.94722,-0.19731013,23.6594,-8.991444,15.000033,-11.681646,5.157258,17.979183,-27.77213,21.227186,-10.212641,-37.541508,30.858994,-0.18713732,0.979903,-55.982384,-20.131668,26.432882,-16.895296,-39.621906,-17.51682,-16.336655
1050,-3.461757183074951,18.80908966064453,73.86029815673828,-0.4614287032232999,-9.404888951635755,-70.67125495244595,11.122768,23.05203,12.056827,43.38515,-19.254032,-15.000033,-4.16994,-19.969824,-0.5673898,23.665758,-8.839788,15.000033,-11.932731,5.0398536,18.024172,-27.592754,20.868196,-10.603405,-37.343094,30.92508,-0.20937605,1.0035536,-55.32407,-20.526358,26.409662,-16.913435,-39.54875,-17.550447,-16.361174
1051,-3.282477378845215,19.162487030029297,73.72125244140625,-0.7625788517984711,-9.376591016912798,-70.21257449440151,11.286488,23.161987,12.382821,42.37181,-20.597048,-15.000033,-4.2101407,-20.05204,-0.9466381,23.608036,-8.65424,15.000033,-12.148704,4.8956804,18.053568,-27.385319,20.44756,-11.061009,-37.122932,31.02544,-0.2325698,1.0071878,-54.54657,-20.971626,26.367115,-16.947426,-39.47261,-17.576448,-16.3792
1052,-3.0872819423675537,19.51919937133789,73.59457397460938,-1.0211417489527497,-9.34568010295095,-69.76289118850838,11.410263,23.22327,12.730394,41.45453,-21.844646,-15.000033,-4.2068777,-20.189915,-1.3104904,23.460419,-8.42505,15.000033,-12.307107,4.7219286,18.070229,-27.149633,19.976902,-11.585892,-36.846725,31.168402,-0.27147976,0.98889565,-53.641266,-21.471886,26.292969,-16.994663,-39.380184,-17.577482,-16.367912
1053,-2.8868699073791504,19.8741397857666,73.47697448730469,-1.2460939205146933,-9.317253384749138,-69.31440128191022,11.4792595,23.263298,13.127112,40.68613,-23.009413,-15.000033,-4.146367,-20.377016,-1.6757789,23.211079,-8.118101,15.000033,-12.407084,4.5222826,18.08721,-26.882736,19.45515,-12.183944,-36.53556,31.355785,-0.32146215,0.92562145,-52.55795,-22.020555,26.183842,-17.100332,-39.328445,-17.529617,-16.32642
1054,-2.679370641708374,20.222976684570312,73.37699127197266,-1.4371471528338045,-9.286984227272466,-68.86003633833322,11.506067,23.28546,13.602068,39.9889,-24.139666,-15.000033,-4.039837,-20.615753,-2.0461454,22.876701,-7.753047,15.000033,-12.447566,4.295995,18.101751,-26.595594,18.880018,-12.863495,-36.192722,31.580048,-0.37703568,0.827786,-51.271416,-22.606485,26.03931,-17.282892,-39.339664,-17.447298,-16.266554
1055,-2.4563393592834473,20.571035385131836,73.30345916748047,-1.5731181234079183,-9.250302246864942,-68.42290685677558,11.515175,23.225906,14.068836,39.305317,-25.176725,-15.000033,-3.9085367,-20.916426,-2.3808308,22.471977,-7.3930483,15.000033,-12.432286,4.029141,18.090406,-26.276924,18.269135,-13.609225,-35.778107,31.841305,-0.45019445,0.7455137,-49.92042,-23.2494,25.852392,-17.42158,-39.25695,-17.374525,-16.182028
1056,-2.2249720096588135,20.913761138916016,73.256591796875,-1.6307958293023581,-9.202286894913287,-68.02596035343707,11.530714,23.023104,14.437803,38.57359,-26.058361,-15.000033,-3.7733672,-21.285658,-2.6386268,22.008991,-7.104364,15.000033,-12.281743,3.716021,18.052488,-25.983227,17.64034,-14.478709,-35.238697,32.126358,-0.5474614,0.7386444,-48.335773,-23.928904,25.60001,-17.626032,-39.161247,-17.340296,-16.080238
1057,-1.9882926940917969,21.252445220947266,73.23007202148438,-1.589522010132626,-9.156400324808018,-67.67883935274642,11.582407,22.634935,14.678776,37.75144,-26.755745,-15.000033,-3.627789,-21.744072,-2.803295,21.484905,-6.8741665,15.000033,-11.997425,3.3282619,17.997437,-25.69357,17.00353,-15.4842415,-34.575935,32.446156,-0.6690039,0.86746967,-46.546997,-24.640995,25.27424,-17.871153,-38.984474,-17.371393,-15.928403
1058,-1.755820393562317,21.58341407775879,73.21980285644531,-1.4692633650216664,-9.11053391713774,-67.36774351302634,11.65099,22.105455,14.836496,36.873768,-27.302141,-15.000033,-3.4682064,-22.278614,-2.9001799,20.899574,-6.683045,15.000033,-11.595436,2.8783028,17.93509,-25.39854,16.358517,-16.613916,-33.819397,32.797047,-0.80695343,1.0926815,-44.52976,-25.377115,24.873259,-18.185116,-38.772095,-17.442417,-15.737155
1059,-1.5218794345855713,21.91232681274414,73.22632598876953,-1.3058268943837614,-9.038313890437127,-67.08077795367305,11.68149,21.504097,14.93005,36.00722,-27.734104,-15.000033,-3.320724,-22.848185,-2.9538357,20.27049,-6.581792,15.000033,-11.094698,2.4109235,17.845701,-25.118196,15.714989,-17.821945,-32.96458,33.148872,-0.95872396,1.319188,-42.3225,-26.128302,24.397675,-18.53459,-38.566235,-17.520235,-15.566772
1060,-1.2868753671646118,22.230144500732422,73.2458267211914,-1.1361936141374473,-8.913357032521729,-66.80648616046508,11.620822,20.899597,14.981845,35.21635,-28.087013,-15.000033,-3.213422,-23.409138,-2.987196,19.61804,-6.624997,15.000033,-10.514717,1.9691496,17.711727,-24.866657,15.087911,-19.062353,-32.016655,33.47047,-1.1215221,1.4538082,-39.953396,-26.879778,23.849327,-18.897827,-38.418484,-17.571112,-15.479108
1061,-1.0522147417068481,22.537355422973633,73.28819274902344,-0.9573329700405351,-8.722031176658447,-66.54711414705551,11.447205,20.286995,14.976388,34.51521,-28.351955,-15.000033,-3.1606164,-23.964447,-3.0008838,18.94048,-6.856343,15.000033,-9.845522,1.5465893,17.51861,-24.63051,14.48523,-20.340862,-30.969952,33.740147,-1.3120664,1.4708998,-37.400093,-27.619854,23.222212,-19.27966,-38.406075,-17.585197,-15.509232
1062,-0.814232349395752,22.838808059692383,73.34334564208984,-0.7541710516294182,-8.480745008377289,-66.30756364388597,11.194545,19.640242,14.909549,33.86652,-28.513151,-15.000033,-3.148018,-24.530127,-2.9911609,18.23239,-7.240736,15.000033,-9.090328,1.1250116,17.286076,-24.39389,13.908818,-21.668703,-29.84014,33.974117,-1.5248739,1.4242309,-34.668613,-28.337141,22.52432,-19.678143,-38.477627,-17.58153,-15.6197405
1063,-0.5838903784751892,23.129043579101562,73.40428161621094,-0.5462656740843609,-8.206949905084068,-66.07994672010757,10.887973,18.996029,14.821042,33.26949,-28.602407,-15.000033,-3.1552005,-25.083914,-2.9734783,17.497936,-7.7060027,15.000033,-8.293614,0.7292734,17.045635,-24.160957,13.367021,-23.003098,-28.675165,34.19742,-1.7243266,1.339279,-31.828854,-29.008678,21.78812,-20.05967,-38.5071,-17.569317,-15.7637415
1064,-0.36069318652153015,23.40770721435547,73.47701263427734,-0.3487716831950449,-7.918630507378043,-65.85650963299443,10.551964,18.389566,14.75044,32.72442,-28.65252,-15.000033,-3.150839,-25.603664,-2.9638197,16.72183,-8.173822,15.000033,-7.5120354,0.3820651,16.82348,-23.928665,12.874781,-24.289282,-27.523811,34.433723,-1.8747287,1.2412952,-28.981031,-29.603981,21.06428,-20.366491,-38.3694,-17.558863,-15.892982
1065,-0.1464007943868637,23.67653465270996,73.55559539794922,-0.16642170220529676,-7.607274749914905,-65.63775687367422,10.169961,17.833183,14.710012,32.252228,-28.66454,-15.000033,-3.1112046,-26.074835,-2.976344,15.84183,-8.634249,15.000033,-6.775095,0.09559049,16.603352,-23.667114,12.451771,-25.493597,-26.41611,34.705093,-1.9562888,1.1044695,-26.160315,-30.093193,20.384893,-20.556337,-38.078938,-17.56103,-15.95972
1066,0.05859169363975525,23.93787384033203,73.63806915283203,0.01006516659281891,-7.267815376647842,-65.42734116603691,9.736424,17.305975,14.679257,31.846756,-28.624273,-15.000033,-3.055279,-26.507002,-3.0014553,14.8769245,-9.122728,15.000033,-6.0801077,-0.1544316,16.369465,-23.360746,12.1092615,-26.624989,-25.33763,34.989346,-1.9903337,0.92855656,-23.380821,-30.46009,19.771215,-20.607973,-37.69542,-17.570074,-15.998314
1067,0.2578028440475464,24.18746566772461,73.72552490234375,0.1870761737273966,-6.924076770801982,-65.22227090510829,9.291435,16.79142,14.648489,31.469534,-28.542875,-15.000033,-3.022917,-26.920721,-3.0141003,13.951628,-9.631159,15.000033,-5.43471,-0.40073702,16.145668,-23.027927,11.845934,-27.694635,-24.264057,35.24887,-2.002801,0.77599436,-20.711304,-30.703106,19.260548,-20.499437,-37.1676,-17.57339,-16.083168
1068,0.44507402181625366,24.435903549194336,73.81655883789062,0.3713678906125296,-6.599507221690902,-65.01899279261676,8.876434,16.272396,14.607873,31.078653,-28.430084,-15.000033,-3.0761085,-27.338762,-2.9793453,13.232537,-10.167303,15.000033,-4.838748,-0.671471,15.957564,-22.696556,11.651807,-28.71719,-23.161564,35.445866,-2.0207791,0.7069715,-18.204617,-30.832087,18.880114,-20.218239,-36.444412,-17.559113,-16.290003
1069,0.6307202577590942,24.68170738220215,73.90887451171875,0.5740994360748879,-6.291975909587242,-64.81225070229918,8.492884,15.729362,14.550366,30.664238,-28.2782,-15.000033,-3.2283924,-27.771673,-2.8545947,12.737391,-10.763331,15.000033,-4.279731,-0.9773804,15.797632,-22.390589,11.521847,-29.715649,-21.990501,35.532326,-2.0612836,0.7703066,-15.83733,-30.855148,18.642752,-19.77052,-35.34121,-17.518341,-16.679596
1070,0.8087770938873291,24.92105484008789,74.00688934326172,0.7881411149654219,-5.99074835405851,-64.60529424405922,8.123344,15.174197,14.483127,30.244429,-28.083475,-15.000033,-3.4577892,-28.208208,-2.6661322,12.402918,-11.41361,15.000033,-3.758165,-1.3034523,15.653361,-22.097153,11.455892,-30.678291,-20.767097,35.543407,-2.1073654,0.9216677,-13.592417,-30.778313,18.538088,-19.159224,-33.94451,-17.469023,-17.197893
1071,0.9743392467498779,25.153764724731445,74.10293579101562,0.9930531781770716,-5.707755849731204,-64.4070795983911,7.779238,14.636999,14.415631,29.823204,-27.864372,-15.000033,-3.7741036,-28.640724,-2.4788895,12.27723,-12.077891,15.000033,-3.2876043,-1.6362379,15.543292,-21.792562,11.447154,-31.572163,-19.544552,35.56615,-2.1351197,1.079573,-11.528302,-30.616905,18.547403,-18.378885,-32.604412,-17.433811,-17.747873
1072,1.1325212717056274,25.382930755615234,74.19872283935547,1.1672195745935758,-5.454206782827895,-64.22632572093713,7.4729004,14.146551,14.35732,29.403122,-27.639046,-15.000033,-4.1716013,-29.056948,-2.3631058,12.382347,-12.704139,15.000033,-2.878803,-1.9607273,15.486549,-21.45498,11.483815,-32.36662,-18.372766,35.689823,-2.120803,1.1615021,-9.69444,-30.391687,18.644867,-17.43066,-31.66983,-17.423674,-18.232243
1073,1.264096736907959,25.612932205200195,74.30354309082031,1.1271801625771445,-5.195179731956713,-64.12649412288482,7.113662,13.961971,14.320611,29.143507,-27.48486,-15.000033,-4.7533445,-29.080769,-2.1152525,12.775282,-13.33424,13.79956,-2.468157,-2.0893695,15.46601,-21.08905,11.556434,-33.058666,-17.266493,35.977596,-2.046206,1.1322864,-8.076578,-30.120531,18.811789,-16.334057,-31.257591,-17.436188,-18.637531
1074,1.3886183500289917,25.849119186401367,74.41056060791016,1.013915787982172,-4.9458533895687,-64.06096751566248,6.750009,13.88188,14.290907,28.942348,-27.346664,-15.000033,-5.471623,-28.993362,-1.8051993,13.437386,-13.994083,12.245732,-2.0799549,-2.1560607,15.481605,-20.714533,11.661535,-33.671566,-16.188185,36.370502,-1.9291569,1.0368594,-6.624221,-29.812353,19.044342,-15.110209,-31.169231,-17.457342,-19.013178
1075,1.503156065940857,26.078683853149414,74.5171890258789,0.88879984324994,-4.730709586638569,-64.01201097047247,6.427355,13.827789,14.269271,28.747965,-27.205215,-15.000033,-6.114866,-28.895243,-1.7008874,14.086989,-14.472626,10.948811,-1.7301617,-2.2283726,15.545774,-20.333233,11.794766,-34.21201,-15.117448,36.774254,-1.8004841,0.91592854,-5.3422337,-29.477339,19.338627,-13.75457,-31.281115,-17.47767,-19.355167
1076,1.6061034202575684,26.30378532409668,74.62431335449219,0.7672615545461772,-4.570351532199069,-63.970234678776855,6.1771417,13.777581,14.256875,28.540897,-27.056793,-15.000033,-6.4539595,-28.818752,-2.068761,14.400857,-14.532068,10.379491,-1.4278363,-2.3314505,15.672474,-19.946495,11.951467,-34.684414,-14.035335,37.09368,-1.6908593,0.8111345,-4.237594,-29.126312,19.692509,-12.258243,-31.471048,-17.490017,-19.660524
1077,1.7000867128372192,26.52437973022461,74.72810363769531,0.6544629083111719,-4.485570138947356,-63.927745130072836,6.0166774,13.725152,14.247819,28.324656,-26.905375,-15.000033,-6.301782,-28.805618,-3.213725,14.118748,-13.933134,10.965714,-1.1785204,-2.4733515,15.888948,-19.557207,12.129938,-35.086292,-12.952849,37.3301,-1.5977274,0.70394367,-3.3160157,-28.768763,20.104338,-10.618736,-31.7956,-17.487644,-19.92219
1078,1.7950443029403687,26.749160766601562,74.82526397705078,0.5448378718221513,-4.4594166443717365,-63.888948451949425,5.926486,13.67307,14.241624,28.101652,-26.74896,-14.991648,-5.8290353,-28.816187,-4.8993497,13.492664,-12.83504,12.33596,-0.97382486,-2.6397688,16.182892,-19.16587,12.329403,-35.418423,-11.878101,37.52558,-1.5095156,0.58124983,-2.5531173,-28.408989,20.563534,-8.857995,-32.287693,-17.473455,-20.146296
1079,1.881265640258789,26.966806411743164,74.92060852050781,0.4817516539472752,-4.4495169043860265,-63.84724721802145,5.8766413,13.514213,14.201115,27.804127,-26.547663,-14.723762,-5.392147,-28.847767,-6.563526,13.038762,-11.652156,13.785182,-0.81781083,-2.860025,16.500816,-18.768415,12.545757,-35.69101,-10.782718,37.648586,-1.440888,0.49246532,-1.9131794,-28.048794,21.055752,-7.008945,-32.789993,-17.454021,-20.34665
1080,1.9625558853149414,27.186784744262695,75.02394104003906,0.39668307496020505,-4.438862278970339,-63.831309606830544,5.8540783,13.390513,14.185652,27.477024,-26.326712,-14.470955,-5.256724,-28.784027,-7.7012086,13.14469,-10.791341,14.600708,-0.6819148,-3.0572338,16.814465,-18.363188,12.770438,-35.914024,-9.63458,37.668015,-1.4078486,0.48902652,-1.3627136,-27.688349,21.567698,-5.102567,-33.14586,-17.437557,-20.536602
1081,2.0431032180786133,27.392118453979492,75.13549041748047,0.2731402137030221,-4.4319986360279024,-63.84615370068294,5.857545,13.325376,14.194674,27.135769,-26.091745,-14.23721,-5.541937,-28.617085,-8.140718,14.021433,-10.382996,14.486118,-0.5583991,-3.215428,17.131245,-17.956545,12.995493,-36.09105,-8.408526,37.511566,-1.435523,0.61921275,-0.90711033,-27.328669,22.103825,-3.137948,-33.266956,-17.426659,-20.71175
1082,2.1189723014831543,27.589136123657227,75.24693298339844,0.1281989007014496,-4.440945199755182,-63.88521871026352,5.8975596,13.298215,14.223993,26.780329,-25.844425,-14.01607,-6.0351367,-28.381592,-8.203749,15.323625,-10.163689,13.870933,-0.45080036,-3.3542929,17.466515,-17.553457,13.217476,-36.219467,-7.1175547,37.219444,-1.5103068,0.84258616,-0.5498514,-26.969625,22.662437,-1.1084642,-33.251404,-17.41737,-20.867535
1083,2.1847474575042725,27.781890869140625,75.36251831054688,-0.011925059505757455,-4.45103547057272,-63.9403307565177,5.9659905,13.27198,14.274283,26.391764,-25.579842,-13.805483,-6.5495677,-28.099043,-8.122145,16.669664,-9.998232,13.16298,-0.36444014,-3.4978988,17.793001,-17.155876,13.435289,-36.301296,-5.779997,36.926052,-1.5881498,1.0774717,-0.26435283,-26.610928,23.22169,0.97462803,-33.22113,-17.408747,-21.015932
1084,2.2437546253204346,27.965560913085938,75.47482299804688,-0.1260358231470555,-4.447545208029118,-64.00403623842791,6.0540004,13.218406,14.345816,25.952105,-25.292862,-13.604555,-6.9336157,-27.79443,-8.099784,17.748781,-9.79826,12.759887,-0.30477118,-3.661176,18.084608,-16.761873,13.648092,-36.338882,-4.4188724,36.7679,-1.6229955,1.2439936,-0.024212323,-26.252491,23.758358,3.0994303,-33.297916,-17.399754,-21.168741
1085,2.303708791732788,28.13848304748535,75.58196258544922,-0.21080521618489276,-4.428594369095818,-64.0774228039819,6.165573,13.132015,14.441536,25.451412,-24.979643,-13.413209,-7.158956,-27.453926,-8.137504,18.499199,-9.582594,12.786925,-0.27009234,-3.8508544,18.33906,-16.368227,13.854954,-36.323948,-3.0421154,36.82071,-1.5848075,1.2963989,0.16346082,-25.895355,24.277828,5.276147,-33.51747,-17.399689,-21.341383
1086,2.356773614883423,28.28887176513672,75.69761657714844,-0.2803404545862904,-4.401277044571025,-64.16397486495978,6.303471,13.029768,14.560822,24.89987,-24.642836,-13.232669,-7.3245535,-27.062887,-8.131762,19.11567,-9.406457,13.027885,-0.25734952,-4.05416,18.569197,-15.975888,14.054966,-36.258633,-1.6376725,36.999557,-1.5035412,1.2853515,0.29066163,-25.53948,24.786015,7.505674,-33.81319,-17.405796,-21.523876
1087,2.421093225479126,28.441390991210938,75.80936431884766,-0.3413071370655593,-4.36203047029985,-64.25975555562603,6.4544153,12.921537,14.69699,24.314154,-24.2885,-13.063757,-7.4730306,-26.649218,-8.122869,19.682457,-9.255571,13.36194,-0.26803553,-4.2547708,18.770092,-15.59625,14.248198,-36.1626,-0.19158709,37.194386,-1.421587,1.2768569,0.38436502,-25.18442,25.259342,9.758098,-34.15477,-17.396599,-21.688541
1088,2.4773788452148438,28.577816009521484,75.92103576660156,-0.40265275581970905,-4.308020225899679,-64.36062133934252,6.609818,12.815688,14.844174,23.701439,-23.922405,-12.907231,-7.648731,-26.23929,-8.150965,20.287176,-9.10732,13.66693,-0.3019152,-4.4364285,18.938349,-15.241742,14.434762,-36.057816,1.3089112,37.29513,-1.3808504,1.3376245,0.4755838,-24.828926,25.671095,12.002495,-34.512142,-17.353378,-21.80756
1089,2.532280683517456,28.70815086364746,76.03182220458984,-0.46604016092436823,-4.234698202790849,-64.46371276469253,6.763284,12.714583,14.999511,23.064018,-23.541416,-12.764168,-7.863197,-25.835253,-8.225291,20.953156,-8.958126,13.923034,-0.3612376,-4.598075,19.071125,-14.918986,14.6142645,-35.942112,2.8849912,37.283115,-1.4056163,1.4944557,0.5687925,-24.469992,26.003544,14.233804,-34.918945,-17.256521,-21.825392
1090,2.5904898643493652,28.824359893798828,76.14126586914062,-0.5264331964580257,-4.145218211566738,-64.57197742669663,6.9221764,12.614331,15.166166,22.395496,-23.143167,-12.633253,-8.096075,-25.421057,-8.325075,21.634499,-8.819984,14.193095,-0.44266886,-4.747467,19.171036,-14.622211,14.786119,-35.80947,4.5254407,37.213867,-1.4692297,1.7086285,0.6515911,-24.10703,26.270634,16.466602,-35.378258,-17.122469,-21.771242
1091,2.65181827545166,28.92742156982422,76.24601745605469,-0.5836459256811215,-4.046847064214282,-64.68923070739203,7.0909967,12.51549,15.345639,21.70491,-22.736015,-12.511755,-8.333496,-25.005735,-8.447372,22.299326,-8.68466,14.478543,-0.5384,-4.8824105,19.242117,-14.345044,14.950409,-35.6754,6.19561,37.088306,-1.5369745,1.948827,0.7254467,-23.745615,26.495192,18.703016,-35.812584,-16.984991,-21.744322
1092,2.7022759914398193,29.027462005615234,76.35122680664062,-0.6409663987414408,-3.945357579446437,-64.81934422658028,7.2737474,12.417862,15.539352,21.002687,-22.329407,-12.396883,-8.563044,-24.602324,-8.587465,22.924677,-8.547097,14.778153,-0.64052,-4.999913,19.289791,-14.078629,15.107111,-35.555325,7.857019,36.90895,-1.5740765,2.1838481,0.7953331,-23.394926,26.698942,20.939098,-36.14261,-16.876099,-21.845057
1093,2.756009340286255,29.117176055908203,76.45033264160156,-0.7123984427766875,-3.837970918199882,-64.96988828410935,7.4589915,12.348267,15.751293,20.309935,-21.934006,-12.295362,-8.778297,-24.175684,-8.741299,23.492025,-8.387378,15.000033,-0.74025905,-5.0801167,19.309654,-13.823782,15.254926,-35.45241,9.511629,36.644356,-1.5678974,2.420158,0.8659569,-23.06083,26.876808,23.184498,-36.386055,-16.809284,-22.133104
1094,2.806532382965088,29.1998233795166,76.54907989501953,-0.8279492153300084,-3.71501479731047,-65.15351128119278,7.62556,12.348948,15.989365,19.660048,-21.56431,-12.217598,-8.986021,-23.674053,-8.927686,23.990051,-8.197011,15.000033,-0.82894105,-5.09742,19.296507,-13.584405,15.393287,-35.35823,11.174261,36.304195,-1.5394506,2.669439,0.93798363,-22.745192,27.019154,25.429947,-36.57016,-16.764496,-22.54407
1095,2.851729154586792,29.26361846923828,76.64602661132812,-0.9360946973603973,-3.589671310879834,-65.34919992052986,7.807575,12.342312,16.242544,18.992737,-21.190428,-12.145003,-9.189947,-23.202633,-9.14921,24.456827,-8.017243,15.000033,-0.92839545,-5.1003766,19.266134,-13.356232,15.524474,-35.269436,12.825118,35.950737,-1.5033132,2.9085753,1.0112216,-22.451591,27.141384,27.643208,-36.628963,-16.724749,-22.993286
1096,2.9019243717193604,29.32828140258789,76.73969268798828,-1.027240100334359,-3.467147122361388,-65.5562188732821,8.0127945,12.314097,16.511196,18.29804,-20.80733,-12.073967,-9.3911,-22.786446,-9.4243145,24.88914,-7.8648396,15.000033,-1.0443444,-5.098227,19.227037,-13.13146,15.652862,-35.180775,14.440395,35.646713,-1.4734198,3.114554,1.0840266,-22.185432,27.260788,29.78926,-36.495834,-16.672709,-23.395071
1097,2.9534223079681396,29.392871856689453,76.82774353027344,-1.101095869626497,-3.348088048285507,-65.77399001573498,8.247704,12.255578,16.796104,17.563465,-20.408556,-12.002373,-9.59337,-22.439354,-9.757257,25.306221,-7.74537,15.000033,-1.1822317,-5.092329,19.182838,-12.90749,15.783581,-35.08686,16.005215,35.41361,-1.4453064,3.2611501,1.1527545,-21.949593,27.383762,31.874605,-36.101887,-16.612555,-23.756233
1098,3.0031447410583496,29.455957412719727,76.91158294677734,-1.1590073614991188,-3.230427504592518,-66.00272684596516,8.507226,12.17404,17.09658,16.795382,-19.996868,-11.932913,-9.791041,-22.14882,-10.136704,25.700945,-7.646596,15.000033,-1.3406537,-5.0783367,19.130213,-12.683041,15.919071,-34.989006,17.526634,35.215565,-1.4135716,3.3672414,1.2188078,-21.7455,27.502554,33.91023,-35.498203,-16.553766,-24.1126
1099,3.0559725761413574,29.50263023376465,76.99136352539062,-1.20871499438376,-3.112164160609912,-66.24175431273392,8.782506,12.079772,17.41031,16.01117,-19.582146,-11.869316,-9.976032,-21.90024,-10.555424,26.040318,-7.5623374,15.000033,-1.5146383,-5.0546126,19.068724,-12.452606,16.058449,-34.89217,19.01214,35.02939,-1.3906027,3.4771447,1.2912209,-21.57493,27.611221,35.86578,-34.797882,-16.48704,-24.423216
1100,3.107211112976074,29.535114288330078,77.0666275024414,-1.25527573999222,-2.992194400707706,-66.49075912358398,9.066784,11.983472,17.735435,15.222899,-19.171925,-11.815147,-10.139765,-21.678406,-11.006405,26.288225,-7.4848676,15.000033,-1.6982635,-5.0187697,18.997412,-12.2134,16.19845,-34.802303,20.47249,34.83225,-1.389216,3.6350832,1.3795182,-21.440002,27.702913,37.710915,-34.113644,-16.400465,-24.647205
1101,3.160614490509033,29.56659507751465,77.13666534423828,-1.3035811921908893,-2.8706941309611667,-66.75168558430374,9.359805,11.889645,18.07212,14.436635,-18.766096,-11.771451,-10.278797,-21.4872,-11.516772,26.447187,-7.415373,15.000033,-1.8899583,-4.9643855,18.919785,-11.9627495,16.335453,-34.713005,21.905828,34.63634,-1.4220747,3.8565834,1.4872755,-21.342272,27.761381,39.437252,-33.47108,-16.281637,-24.790329
1102,3.2132275104522705,29.588613510131836,77.1994857788086,-1.3480940217551087,-2.7491546796778894,-67.0236684897295,9.667735,11.791495,18.421099,13.637523,-18.35804,-11.7363,-10.395487,-21.331911,-12.0807085,26.530415,-7.3551683,15.000033,-2.0915177,-4.892551,18.835655,-11.706432,16.467724,-34.625412,23.313599,34.44919,-1.4802995,4.1173615,1.6108022,-21.282406,27.792452,41.060555,-32.811867,-16.138363,-24.86939
1103,3.2639448642730713,29.605426788330078,77.25485229492188,-1.386318607978025,-2.6245078729920963,-67.30216946750222,9.974153,11.689379,18.776268,12.850737,-17.960762,-11.707749,-10.492552,-21.19767,-12.640173,26.522406,-7.3003287,15.000033,-2.3013816,-4.8098974,18.737991,-11.458819,16.591425,-34.559345,24.714027,34.239117,-1.5422355,4.399844,1.749025,-21.260849,27.823082,42.586308,-32.12097,-15.987987,-24.85959
1104,3.309701442718506,29.610761642456055,77.30607604980469,-1.4149878977363994,-2.494540935404425,-67.58239115119612,10.269489,11.5816145,19.1332,12.087414,-17.582708,-11.683742,-10.573401,-21.069736,-13.137414,26.407501,-7.2468295,15.000033,-2.522557,-4.728712,18.621302,-11.221963,16.718607,-34.528614,26.11001,33.972397,-1.5887531,4.686847,1.8919384,-21.275114,27.885155,44.02604,-31.384676,-15.846991,-24.736881
1105,3.3539958000183105,29.61014175415039,77.3452377319336,-1.4332008058980994,-2.354205076528171,-67.8616225354394,10.543648,11.466773,19.488733,11.354366,-17.223822,-11.660899,-10.644531,-20.949877,-13.560912,26.185312,-7.2024946,15.000033,-2.7584026,-4.649021,18.476362,-11.003856,16.84156,-34.53904,27.5176,33.620506,-1.622177,4.9967523,2.034685,-21.325523,27.988863,45.386814,-30.584232,-15.717632,-24.47481
1106,3.3963634967803955,29.599899291992188,77.3807373046875,-1.4426220044217581,-2.206121882678166,-68.14230333859886,10.806346,11.347137,19.845678,10.639969,-16.879385,-11.640994,-10.699185,-20.84442,-13.941883,25.860538,-7.1654162,15.000033,-3.011248,-4.566369,18.311132,-10.788982,16.971134,-34.576584,28.91267,33.206783,-1.6520178,5.330033,2.1779418,-21.415802,28.12093,46.661854,-29.731186,-15.587678,-24.093346
1107,3.4291441440582275,29.580121994018555,77.40593719482422,-1.447866219534106,-2.059130916950003,-68.42851168065032,11.060008,11.232722,20.204647,9.9639635,-16.559729,-11.629511,-10.727506,-20.739006,-14.285971,25.429592,-7.119093,15.000033,-3.2678478,-4.476614,18.138117,-10.584375,17.101604,-34.643444,30.295975,32.77933,-1.6661495,5.645736,2.3330019,-21.538885,28.26387,47.844822,-28.861532,-15.452018,-23.637848
1108,3.4616968631744385,29.5467472076416,77.42565155029297,-1.4520048820941034,-1.9224321982517398,-68.72442708500728,11.30925,11.130844,20.56713,9.343376,-16.27416,-11.63182,-10.717462,-20.620981,-14.598673,24.885601,-7.0455723,15.000033,-3.5169153,-4.3775687,17.971008,-10.390809,17.231737,-34.739307,31.659885,32.386703,-1.6510909,5.9026628,2.5111222,-21.68582,28.4019,48.927933,-28.010984,-15.307582,-23.153748
1109,3.483743190765381,29.50814437866211,77.43550872802734,-1.4524042641785584,-1.7971976025986407,-69.03044598620541,11.556404,11.037324,20.933899,8.776375,-16.022022,-11.650867,-10.669803,-20.490452,-14.867895,24.219719,-6.939017,15.000033,-3.7579725,-4.2735567,17.809204,-10.212048,17.359436,-34.863823,33.01333,32.04191,-1.5940793,6.0957937,2.7073004,-21.852045,28.532515,49.91549,-27.174526,-15.147467,-22.620531
1110,3.5039544105529785,29.4642276763916,77.4429702758789,-1.4479381168526,-1.6788778909156266,-69.34464951372763,11.798556,10.949532,21.304146,8.257061,-15.800187,-11.683279,-10.588223,-20.35455,-15.095689,23.436298,-6.808802,15.000033,-3.9953225,-4.1655316,17.645662,-10.049372,17.484234,-35.018932,34.361843,31.71898,-1.5042311,6.2459116,2.9131172,-22.036278,28.66385,50.81858,-26.340353,-14.973422,-22.026714
1111,3.522172212600708,29.409208297729492,77.44086456298828,-1.444483639927745,-1.567961231284919,-69.66758625929255,12.033685,10.87676,21.677849,7.790351,-15.60964,-11.725482,-10.467225,-20.20476,-15.308241,22.547388,-6.658056,15.000033,-4.224893,-4.047997,17.483643,-9.900214,17.607964,-35.207226,35.693905,31.40766,-1.399917,6.3506045,3.1312413,-22.234005,28.795998,51.644115,-25.534897,-14.797845,-21.429808
1112,3.5324959754943848,29.348159790039062,77.4332046508789,-1.447352291444065,-1.4650124032584642,-70.00018526913512,12.215804,10.845526,22.046434,7.480504,-15.503881,-11.774125,-10.302977,-20.033926,-15.530526,21.566328,-6.490625,15.000033,-4.442212,-3.9173288,17.32576,-9.761888,17.734268,-35.43157,36.997665,31.097597,-1.2992736,6.407343,3.3623464,-22.439404,28.929388,52.40225,-24.78414,-14.635671,-20.88725
1113,3.530972719192505,29.278409957885742,77.42479705810547,-1.4564822775155901,-1.3694502938126107,-70.34313797839734,12.294563,10.877105,22.400526,7.4407616,-15.543997,-11.824759,-10.090263,-19.837622,-15.760599,20.465467,-6.296855,15.000033,-4.6456084,-3.7728956,17.172775,-9.638494,17.865658,-35.693256,38.268738,30.79285,-1.1994717,6.401095,3.6006598,-22.649317,29.069324,53.101658,-24.093594,-14.488454,-20.41266
1114,3.528825283050537,29.197681427001953,77.4109115600586,-1.4676904170290677,-1.281599235469487,-70.69603678001211,12.387166,10.919546,22.76267,7.4085984,-15.591258,-11.8796425,-9.831055,-19.61978,-15.987305,19.242495,-6.0751576,15.000033,-4.8383856,-3.6202874,17.023365,-9.528141,18.003067,-35.9893,39.511448,30.496717,-1.0924565,6.337907,3.8439283,-22.861929,29.215403,53.740585,-23.450321,-14.351224,-19.97578
1115,3.516078472137451,29.109912872314453,77.39376068115234,-1.4803539659223321,-1.2034197916273348,-71.05757948426782,12.4971695,10.972768,23.133072,7.3828554,-15.643137,-11.946676,-9.527913,-19.387493,-16.2235,17.945986,-5.8411283,15.000033,-5.023229,-3.4652033,16.876781,-9.420665,18.148268,-36.318756,40.72747,30.194386,-0.98867786,6.246726,4.095608,-23.073479,29.359625,54.31535,-22.852901,-14.230587,-19.568916
1116,3.492478370666504,29.017459869384766,77.37226104736328,-1.493815097810967,-1.136797209616224,-71.42690786388822,12.629445,11.036373,23.512531,7.359978,-15.696459,-12.0335865,-9.183313,-19.143438,-16.483614,16.62059,-5.608131,15.000033,-5.2026215,-3.3124127,16.73254,-9.305866,18.30368,-36.68073,41.917706,29.870892,-0.8990314,6.1563787,4.3604975,-23.277645,29.494436,54.821,-22.299587,-14.132693,-19.18388
1117,3.460592031478882,28.91438865661621,77.34725952148438,-1.4948795592032804,-1.0788667043118156,-71.80685837336179,12.781278,11.095196,23.902687,7.3392076,-15.750762,-12.14267,-8.791331,-18.899242,-16.792126,15.231363,-5.399719,15.000033,-5.374055,-3.1776152,16.582224,-9.185722,18.47228,-37.081734,43.083378,29.526718,-0.82507306,6.068676,4.638463,-23.470142,29.625582,55.266968,-21.795206,-14.080246,-18.827988
1118,3.41762638092041,28.79151153564453,77.31795501708984,-1.485805453353789,-1.0296819767152754,-72.19691315958607,12.9517765,11.151285,24.302616,7.3221807,-15.808132,-12.269136,-8.350893,-18.646204,-17.13537,13.761485,-5.1975174,15.000033,-5.537647,-3.0577767,16.42782,-9.062903,18.655218,-37.51934,44.22135,29.168192,-0.76109725,5.9697747,4.923685,-23.649164,29.756445,55.657578,-21.338993,-14.064552,-18.502106
1119,3.3657002449035645,28.66813850402832,77.28787994384766,-1.4908563483520103,-0.9955578804682865,-72.59123370561548,13.1462345,11.233446,24.709421,7.3094664,-15.865509,-12.410816,-7.8718114,-18.358152,-17.470324,12.287216,-4.956451,15.000033,-5.699067,-2.929262,16.284313,-8.929948,18.851557,-37.980743,45.329895,28.787302,-0.7071704,5.8655148,5.2113028,-23.813084,29.874275,55.984463,-20.923277,-14.043984,-18.189648
1120,3.312135934829712,28.541521072387695,77.25344848632812,-1.5368826966741922,-0.9831676299306669,-72.98473395976676,13.37056,11.373145,25.121323,7.3022547,-15.921344,-12.566025,-7.372949,-18.009527,-17.751944,10.903642,-4.6387353,15.000033,-5.863241,-2.7644353,16.167488,-8.779541,19.05862,-38.452267,46.40729,28.37758,-0.6635873,5.761835,5.4983315,-23.95962,29.965214,56.236435,-20.54162,-13.977096,-17.874426
1121,3.259251594543457,28.403621673583984,77.21562194824219,-1.6423866328280827,-0.999163871279457,-73.38163241651868,13.631892,11.592581,25.546528,7.3022017,-15.977801,-12.73334,-6.861167,-17.595364,-17.987417,9.679779,-4.2828403,15.000033,-6.027351,-2.5435514,16.089647,-8.6202545,19.275087,-38.943783,47.461124,27.909935,-0.6439598,5.6735153,5.776698,-24.087843,30.03068,56.412796,-20.194752,-13.840522,-17.567192
1122,3.190277099609375,28.260358810424805,77.1931381225586,-1.8165680183915187,-1.0306411785237097,-73.81194543595096,13.921886,11.910016,26.015005,7.3173957,-16.03678,-12.926128,-6.319456,-17.046206,-18.184702,8.475907,-3.8535192,14.729809,-6.161997,-2.260341,16.03366,-8.455489,19.500504,-39.45781,48.493324,27.398396,-0.6435379,5.5930405,6.0491924,-24.196756,30.076815,56.52125,-19.88598,-13.661407,-17.272617
1123,3.099088191986084,28.111440658569336,77.18342590332031,-2.0199655155699716,-1.0741393424378058,-74.24684722188614,14.230664,12.274585,26.492304,7.342385,-16.091808,-13.139056,-5.746342,-16.421442,-18.3178,7.2524586,-3.300922,14.393854,-6.2918735,-1.9545245,15.985577,-8.273152,19.732565,-39.973953,49.496563,26.89595,-0.6347888,5.4933352,6.3274283,-24.28544,30.096968,56.566208,-19.614086,-13.472877,-16.96562
1124,2.9960501194000244,27.95015525817871,77.16905212402344,-2.2105817899655396,-1.125201101084465,-74.65652441772717,14.546318,12.632955,26.941341,7.372307,-16.137096,-13.366321,-5.4849863,-15.894098,-18.267506,6.711466,-2.9668152,14.187453,-6.442789,-1.66821,15.930478,-8.059969,19.967752,-40.47104,50.463776,26.456722,-0.5898903,5.347779,6.6234517,-24.353203,30.084755,56.551167,-19.376944,-13.308274,-16.620909
1125,2.8877944946289062,27.77646255493164,77.14196014404297,-2.3808964405390975,-1.188204086932867,-75.03563696284247,14.873866,12.979653,27.357393,7.4078417,-16.178267,-13.612552,-5.3927765,-15.427897,-18.0436,6.557398,-2.645952,14.174582,-6.6212373,-1.4095962,15.8684635,-7.8126645,20.205025,-40.951992,51.396835,26.09279,-0.4985404,5.1444197,6.9478226,-24.398767,30.025705,56.461945,-19.170073,-13.168048,-16.206188
1126,2.773819923400879,27.593347549438477,77.10655975341797,-2.553180930289883,-1.2653123606023433,-75.3949715922916,15.2174015,13.343694,27.75505,7.4533887,-16.217012,-13.880033,-5.330921,-14.95511,-17.710651,6.52497,-2.227291,14.284564,-6.8167434,-1.1542487,15.808698,-7.5403724,20.443275,-41.425995,52.30179,25.776413,-0.37621906,4.900005,7.2902155,-24.422174,29.927404,56.3037,-18.995909,-13.037511,-15.743299
1127,2.64371657371521,27.403244018554688,77.07331085205078,-2.721036690391379,-1.3439628289081182,-75.73869894209685,15.560831,13.711835,28.134117,7.506166,-16.240953,-14.156158,-5.2600303,-14.469552,-17.336266,6.4917965,-1.7219789,14.41797,-7.021656,-0.90640885,15.741761,-7.245915,20.679167,-41.879288,53.179066,25.50436,-0.23386633,4.6307464,7.636103,-24.425138,29.816336,56.107048,-18.862864,-12.92708,-15.287558
1128,2.5027456283569336,27.20579719543457,77.03807830810547,-2.8811130288448807,-1.4112921356829418,-76.07186786564424,15.887382,14.075677,28.494625,7.566238,-16.237963,-14.431815,-5.1981273,-13.987406,-16.975124,6.4619436,-1.2115024,14.477427,-7.2293987,-0.6685392,15.658913,-6.932282,20.907906,-42.297516,54.0299,25.272684,-0.08307694,4.3530426,7.9682355,-24.410635,29.721472,55.90377,-18.778244,-12.847376,-14.894205
1129,2.3604421615600586,27.007823944091797,77.00701141357422,-3.036976007600461,-1.4596424892608157,-76.39134874297929,16.101927,14.485606,28.809214,7.8300056,-16.313768,-14.704555,-5.1567903,-13.508196,-16.625488,6.435567,-0.67463845,14.4366,-7.443183,-0.43228176,15.551823,-6.6021814,21.125711,-42.69247,54.867085,25.07468,0.06823145,4.0586247,8.28852,-24.381086,29.644793,55.694855,-18.746593,-12.816034,-14.586079
1130,2.209479570388794,26.80729103088379,76.9832534790039,-3.1891064784872523,-1.496787476914036,-76.6958895182141,16.22493,14.940187,29.080172,8.274701,-16.460882,-14.978995,-5.125267,-13.029876,-16.262667,6.4096193,-0.08123168,14.348003,-7.665744,-0.19789807,15.426999,-6.255077,21.331076,-43.066776,55.690823,24.915281,0.22707102,3.7433696,8.606698,-24.336153,29.573225,55.46262,-18.761568,-12.82309,-14.330241
1131,2.0569262504577637,26.60422706604004,76.9664306640625,-3.3397514291872263,-1.5324108873712008,-76.99103910090064,16.31684,15.375552,29.289427,8.749861,-16.592108,-15.000033,-5.090401,-12.554334,-15.912394,6.386583,0.49933863,14.23326,-7.890287,0.035690524,15.2988405,-5.8857384,21.522877,-43.388542,56.483536,24.811323,0.40453553,3.4292076,8.9117775,-24.276884,29.513865,55.217377,-18.81447,-12.838334,-14.099052
1132,1.8959786891937256,26.395153045654297,76.95063018798828,-3.4915503587356236,-1.5719450172728269,-77.27893529772547,16.389921,15.825378,29.47849,9.275379,-16.703762,-15.000033,-5.0392847,-12.082457,-15.605169,6.3659816,0.9982458,14.111771,-8.119369,0.26540664,15.176438,-5.4850574,21.700611,-43.620476,57.223125,24.782106,0.61120135,3.1380267,9.192252,-24.203045,29.47713,54.966335,-18.895115,-12.830835,-13.864302
1133,1.7346497774124146,26.1879825592041,76.93888092041016,-3.6339268008416457,-1.6089578459781064,-77.54919117579007,16.44006,16.276875,29.64313,9.832529,-16.787111,-15.000033,-4.9786844,-11.631203,-15.355532,6.352086,1.4196222,14.001418,-8.367525,0.47974387,15.051543,-5.04769,21.863657,-43.75682,57.91544,24.847359,0.8547243,2.8723521,9.44075,-24.116745,29.475199,54.709736,-19.022846,-12.7947645,-13.630813
1134,1.5595706701278687,25.975059509277344,76.93128204345703,-3.780951061525045,-1.6526396692891612,-77.81365773225528,16.471823,16.758371,29.797297,10.454111,-16.86587,-15.000033,-4.9026227,-11.175305,-15.139008,6.3394957,1.7930708,13.883489,-8.621623,0.6941334,14.932785,-4.574772,22.011961,-43.811794,58.565903,24.994537,1.1265831,2.620546,9.665872,-24.018087,29.501898,54.44146,-19.194695,-12.745801,-13.40908
1135,1.3739346265792847,25.763235092163086,76.93162536621094,-3.933361996105082,-1.7006554580967317,-78.07630412510976,16.480392,17.268757,29.933401,11.145634,-16.93399,-15.000033,-4.812342,-10.711596,-14.944795,6.32612,2.0850239,13.733555,-8.873525,0.9115333,14.819833,-4.0721602,22.146393,-43.78428,59.15742,25.18829,1.413162,2.3841293,9.870973,-23.906317,29.538805,54.171547,-19.369429,-12.686782,-13.181264
1136,1.1752549409866333,25.544885635375977,76.94559478759766,-4.09110884329698,-1.7515124538497637,-78.34112625925829,16.460926,17.806522,30.043678,11.912064,-16.985603,-15.000033,-4.7155123,-10.238371,-14.761744,6.32492,2.2535553,13.526865,-9.115618,1.1349521,14.712452,-3.5447536,22.268541,-43.672302,59.670933,25.393497,1.7013505,2.1647434,10.059587,-23.779884,29.567614,53.909985,-19.506283,-12.620123,-12.929721
1137,0.9735605716705322,25.326696395874023,76.95747375488281,-4.26500518668397,-1.8049029707745958,-78.60724107043379,16.406221,18.391386,30.119287,12.768715,-17.026083,-15.000033,-4.60589,-9.738643,-14.595376,6.3244863,2.261946,13.229686,-9.348581,1.3769723,14.617456,-2.9874227,22.378391,-43.450737,60.092003,25.608822,2.0010955,1.9506614,10.230267,-23.637526,29.578115,53.64783,-19.595009,-12.544568,-12.647264
1138,0.7673385143280029,25.10540199279785,76.97733306884766,-4.454442037448777,-1.8614300337492136,-78.87260223169675,16.32447,19.017141,30.167168,13.69527,-17.052889,-15.000033,-4.4904346,-9.2185955,-14.447458,6.338001,2.1334305,12.863022,-9.576543,1.6329322,14.532712,-2.3969774,22.475277,-43.126575,60.430656,25.851782,2.314665,1.7443411,10.382418,-23.479212,29.58068,53.38326,-19.658953,-12.459281,-12.344366
1139,0.5599873661994934,24.88516616821289,77.0018539428711,-4.634135896341891,-1.9200272849760711,-79.13951188765864,16.225191,19.649914,30.201431,14.66877,-17.049513,-15.000033,-4.365233,-8.704019,-14.307556,6.3480854,1.9531132,12.484454,-9.795235,1.8794725,14.4451475,-1.7866335,22.56081,-42.75353,60.70849,26.10839,2.61813,1.5697125,10.516235,-23.30618,29.590424,53.139885,-19.702955,-12.367597,-12.030018
1140,0.34626883268356323,24.66400909423828,77.02888488769531,-4.782240164268351,-1.979816309230372,-79.41055627761484,16.120789,20.253387,30.237452,15.661587,-17.000576,-15.000033,-4.2363796,-8.22407,-14.163432,6.3575096,1.7958428,12.152001,-9.998492,2.092742,14.341419,-1.1690592,22.63759,-42.384678,60.94667,26.366705,2.887851,1.4512317,10.635803,-23.12037,29.617702,52.93937,-19.735632,-12.272573,-11.71327
1141,0.1272384375333786,24.434099197387695,77.0645523071289,-4.890234935762644,-2.0391848395564702,-79.6918340370387,16.019537,20.812967,30.290453,16.663504,-16.897053,-15.000033,-4.1055293,-7.787495,-14.010383,6.363233,1.6770371,11.884024,-10.183501,2.2630818,14.21564,-0.5316817,22.706701,-42.00862,61.133728,26.679003,3.1228702,1.394186,10.74138,-22.921309,29.661184,52.783554,-19.745245,-12.173637,-11.377341
1142,-0.09466976672410965,24.20553207397461,77.10261535644531,-4.969840232133483,-2.0988454105559184,-79.98056605249235,15.916025,21.34851,30.349684,17.68695,-16.747822,-15.000033,-3.9708416,-7.378406,-13.854307,6.364136,1.5601126,11.648621,-10.353083,2.40377,14.075878,0.12697648,22.768057,-41.605556,61.261753,27.031853,3.334523,1.3859988,10.83226,-22.708347,29.715033,52.66071,-19.73303,-12.069298,-11.023926
1143,-0.32065504789352417,23.971837997436523,77.14169311523438,-5.031918360307706,-2.1614516218431894,-80.26569602817413,15.800546,21.875547,30.390656,18.741375,-16.565737,-15.000033,-3.8328629,-6.9889674,-13.699641,6.3719435,1.4346334,11.429129,-10.508439,2.5259407,13.929716,0.7778506,22.822424,-41.215508,61.356598,27.315697,3.5185533,1.4247638,10.910792,-22.483473,29.782858,52.570568,-19.723408,-11.962124,-10.689153
1144,-0.5485928058624268,23.73527717590332,77.18082427978516,-5.084364293949847,-2.229265985447512,-80.53592021404012,15.663537,22.406776,30.388933,19.8347,-16.362709,-15.000033,-3.6822586,-6.6115327,-13.551686,6.3769813,1.3025684,11.209152,-10.6491995,2.641006,13.785205,1.3904327,22.870316,-40.88086,61.444878,27.420609,3.6703694,1.5094773,10.983533,-22.24874,29.866585,52.50877,-19.740408,-11.855314,-10.408665
1145,-0.7734927535057068,23.5007381439209,77.2209243774414,-5.124115375659758,-2.3005985082896165,-80.79055832602633,15.504391,22.930676,30.338995,20.96047,-16.133028,-15.000033,-3.5200331,-6.2553883,-13.408517,6.3835487,1.1601974,10.989248,-10.770258,2.7430055,13.637979,1.9603882,22.911755,-40.61259,61.52804,27.28165,3.7800353,1.6662843,11.058003,-22.00465,29.963512,52.479004,-19.79029,-11.757449,-10.189775
1146,-1.0107473134994507,23.263757705688477,77.25883483886719,-5.144369456402119,-2.375106666662547,-81.03491918286379,15.328831,23.441917,30.254694,22.113594,-15.871737,-15.000033,-3.3443713,-5.9209547,-13.268772,6.384632,1.0125474,10.776746,-10.872151,2.8293624,13.486316,2.5001762,22.94669,-40.39132,61.595367,26.967278,3.8519442,1.8882027,11.131739,-21.750587,30.071768,52.478638,-19.860254,-11.664342,-10.013681
1147,-1.2455154657363892,23.027040481567383,77.29669952392578,-5.165675892837767,-2.4557464089383023,-81.26696314601278,15.134553,23.964624,30.139708,23.30701,-15.592997,-15.000033,-3.1617682,-5.5919724,-13.136087,6.398778,0.85016894,10.565334,-10.962318,2.9153166,13.340849,3.0061934,22.975498,-40.210274,61.655594,26.572535,3.9036639,2.1247313,11.192905,-21.489573,30.192173,52.498943,-19.946114,-11.560535,-9.877185
1148,-1.4785442352294922,22.789899826049805,77.32947540283203,-5.203021032533073,-2.546186083043038,-81.48448860576853,14.921116,24.52284,29.997475,24.547853,-15.308043,-15.000033,-2.9607072,-5.2465963,-13.016065,6.4064465,0.6840159,10.34825,-11.048632,3.0185962,13.213256,3.4739506,22.99855,-40.06489,61.71676,26.190874,3.9539733,2.3249874,11.2330065,-21.22582,30.325373,52.526062,-20.04353,-11.43013,-9.776379
1149,-1.7108910083770752,22.562345504760742,77.35726928710938,-5.261699326487988,-2.6442905001139216,-81.68490762772083,14.681266,25.118973,29.813272,25.839632,-15.01505,-15.000033,-2.7441435,-4.8813972,-12.911288,6.4105196,0.5117485,10.120246,-11.134263,3.1437812,13.102624,3.9018912,23.01726,-39.96815,61.782425,25.799435,3.9968169,2.4807847,11.255071,-20.962236,30.47191,52.550846,-20.16878,-11.257401,-9.7246275
1150,-1.9451985359191895,22.33193588256836,77.38143920898438,-5.332055675533252,-2.749299439777175,-81.86996981609954,14.418321,25.739164,29.59045,27.172588,-14.706889,-15.000033,-2.516456,-4.5081186,-12.817916,6.4219766,0.32632127,9.886426,-11.214941,3.2823088,13.004939,4.293303,23.032225,-39.918156,61.84607,25.363907,4.025764,2.617172,11.265072,-20.699518,30.630539,52.577297,-20.31774,-11.054465,-9.7182255
1151,-2.1773922443389893,22.097843170166016,77.40362548828125,-5.411782627641054,-2.866363086678227,-82.04432045440348,14.146012,26.384129,29.356268,28.539742,-14.391981,-15.000033,-2.2688656,-4.128527,-12.731805,6.4300737,0.135381,9.655841,-11.287541,3.4300334,12.926203,4.6510057,23.04205,-39.88688,61.901802,24.961657,4.060257,2.7336624,11.255963,-20.439817,30.800238,52.61559,-20.453466,-10.847255,-9.72776
1152,-2.409282684326172,21.86283302307129,77.42212677001953,-5.498628132804312,-3.0003783959211057,-82.21240702019264,13.875813,27.055262,29.135778,29.938858,-14.076173,-15.000033,-1.9983768,-3.7450647,-12.648255,6.4354987,-0.059696004,9.437245,-11.350172,3.5832763,12.872743,4.9794707,23.043669,-39.84279,61.943188,24.672756,4.1197724,2.8298588,11.220807,-20.18594,30.981691,52.67446,-20.53846,-10.662019,-9.7240095
1153,-2.639742851257324,21.63319969177246,77.4325942993164,-5.593501362788484,-3.1538088903789694,-82.37504614431049,13.616108,27.749823,28.928772,31.362461,-13.756392,-15.000033,-1.7028896,-3.3564644,-12.565394,6.438773,-0.2601081,9.235906,-11.403758,3.7434921,12.846363,5.2768836,23.034729,-39.792744,61.968185,24.527727,4.2200484,2.9005415,11.159073,-19.940495,31.179644,52.75662,-20.548784,-10.504235,-9.713031
1154,-2.8678829669952393,21.40308380126953,77.44114685058594,-5.696645057201575,-3.323104300960845,-82.52994272542804,13.35832,28.46502,28.720499,32.81281,-13.429394,-15.000033,-1.3864044,-2.962358,-12.48544,6.4419603,-0.4672142,9.04593,-11.449941,3.912434,12.843395,5.541702,23.014385,-39.747475,61.9824,24.482182,4.3474946,2.947733,11.075542,-19.704367,31.393583,52.854603,-20.507683,-10.360335,-9.705612
1155,-3.093083620071411,21.177013397216797,77.44720458984375,-5.806186558904927,-3.5047522559645117,-82.6771861119676,13.097859,29.198124,28.516027,34.285007,-13.097673,-15.000033,-1.0535656,-2.565404,-12.409562,6.4424853,-0.6762533,8.858704,-11.488487,4.0869823,12.861454,5.775146,22.982103,-39.684647,61.99192,24.49958,4.4781337,2.9821115,10.968938,-19.478306,31.614822,52.963554,-20.450489,-10.227879,-9.68059
1156,-3.310471296310425,20.954875946044922,77.4536361694336,-5.92049370311171,-3.6950546647536724,-82.81684660884372,12.828447,29.948946,28.318228,35.777454,-12.765382,-15.000033,-0.70568836,-2.1675422,-12.33912,6.434261,-0.8817951,8.665747,-11.520005,4.264159,12.898921,5.9818063,22.937635,-39.578217,62.000156,24.546204,4.587673,3.0139925,10.839229,-19.261974,31.83656,53.07694,-20.41199,-10.10421,-9.616608
1157,-3.5311155319213867,20.7353515625,77.45326232910156,-6.040042047741456,-3.898033790182547,-82.94935177977727,12.554974,30.723019,28.129553,37.29487,-12.438675,-15.000033,-0.34994996,-1.7699269,-12.273999,6.443327,-1.0987538,8.462309,-11.545044,4.444098,12.959614,6.1614623,22.881197,-39.42663,62.0078,24.654442,4.668855,3.0380743,10.68354,-19.056437,32.059895,53.196793,-20.404406,-9.995077,-9.50362
1158,-3.7430777549743652,20.52569007873535,77.45316314697266,-6.165572402832277,-4.113981639527185,-83.07505856724575,12.27923,31.516653,27.942373,38.833466,-12.11276,-15.000033,0.027606389,-1.3688576,-12.212915,6.4407096,-1.3120375,8.253686,-11.563624,4.628459,13.043296,6.313126,22.812922,-39.241028,62.012077,24.828945,4.734786,3.0511546,10.504383,-18.861654,32.287785,53.322975,-20.408283,-9.899691,-9.354188
1159,-3.9604830741882324,20.305191040039062,77.45077514648438,-6.293795758683594,-4.333908298720017,-83.19480467145065,11.987511,32.31818,27.744213,40.384922,-11.778461,-15.000033,0.4091174,-0.96953887,-12.152983,6.4386654,-1.5256053,8.047116,-11.574197,4.814164,13.141505,6.4384856,22.732529,-39.0156,62.012993,24.99296,4.7920914,3.0674815,10.301778,-18.677221,32.517487,53.453823,-20.409607,-9.80572,-9.181442
1160,-4.167300224304199,20.092273712158203,77.44788360595703,-6.421661147319887,-4.548545213111076,-83.30961186939065,11.665435,33.116276,27.522665,41.942314,-11.427684,-15.000033,0.7837857,-0.57609993,-12.091647,6.433652,-1.7343197,7.8500795,-11.575711,4.9982743,13.245712,6.5388503,22.63982,-38.745113,62.0115,25.068573,4.847369,3.1016204,10.074985,-18.502846,32.746223,53.588696,-20.394484,-9.700711,-8.99872
1161,-4.374098300933838,19.882551193237305,77.4398193359375,-6.550207619684444,-4.7559740505523145,-83.41613166238238,11.298162,33.91971,27.261292,43.52456,-11.062607,-15.000033,1.1479379,-0.1869833,-12.031583,6.430815,-1.9415334,7.666157,-11.567853,5.181714,13.356177,6.6146116,22.533543,-38.408524,62.00711,25.020144,4.8979893,3.1593385,9.826518,-18.336819,32.97342,53.721786,-20.347176,-9.58149,-8.805188
1162,-4.568920612335205,19.682201385498047,77.43112182617188,-6.680926988920588,-4.961035409306923,-83.51594300189511,10.89435,34.72949,26.964472,45.12902,-10.687263,-15.000033,1.5102624,0.20028429,-11.972209,6.4252925,-2.1462736,7.49085,-11.551044,5.36588,13.476594,6.6654882,22.413359,-38.01417,62.000328,24.894768,4.9417853,3.2325363,9.554085,-18.17844,33.201546,53.856922,-20.278765,-9.454417,-8.595575
1163,-4.767948150634766,19.481395721435547,77.42288970947266,-6.808150824375992,-5.1650191352622565,-83.6175970903985,10.475594,35.52266,26.655293,46.71765,-10.2960825,-15.000033,1.8690139,0.57734793,-11.9057045,6.4190836,-2.3470287,7.3203974,-11.524145,5.546682,13.603202,6.6899805,22.281233,-37.602608,61.993095,24.737484,4.986057,3.315101,9.252635,-18.029932,33.430668,54.005707,-20.21717,-9.321507,-8.3762665
1164,-4.957290172576904,19.287227630615234,77.41372680664062,-6.923446907345792,-5.369928085419119,-83.72914763973307,10.062462,36.28025,26.358065,48.25788,-9.886478,-15.000033,2.221803,0.9366063,-11.825399,6.4156733,-2.5434415,7.1507325,-11.485643,5.722614,13.733701,6.6874714,22.140036,-37.214542,61.98391,24.594511,5.0380836,3.4003925,8.92038,-17.893473,33.659786,54.17319,-20.189095,-9.184823,-8.15262
1165,-5.140743732452393,19.092994689941406,77.40609741210938,-7.021440043740664,-5.5727551055902556,-83.84500944471856,9.652955,36.997227,26.092455,49.74362,-9.440735,-15.000033,2.5679762,1.2692611,-11.737145,6.4123077,-2.734406,6.979991,-11.440962,5.8901606,13.8646555,6.657196,21.9915,-36.85197,61.970974,24.468658,5.100663,3.480586,8.553778,-17.771729,33.889492,54.361942,-20.225279,-9.037557,-7.9163117
1166,-5.312244892120361,18.914098739624023,77.4010238647461,-7.102272692657603,-5.772134013201363,-83.96154043111578,9.240911,37.69484,25.93498,51.200184,-8.975125,-14.580936,2.9045806,1.571445,-11.643057,6.4130826,-2.9212217,6.814436,-11.387866,6.052737,13.999826,6.6000614,21.835934,-36.497078,61.95232,24.337488,5.169576,3.5609207,8.158213,-17.664858,34.118385,54.56261,-20.30361,-8.881486,-7.666678
1167,-5.474836826324463,18.73476219177246,77.4002456665039,-7.167220894120966,-5.967765014843002,-84.08316775690245,8.827684,38.371906,25.812208,52.625847,-8.520672,-13.986453,3.2321272,1.8476137,-11.538563,6.4150004,-3.1016352,6.65818,-11.323979,6.205313,14.136522,6.5173497,21.6745,-36.160522,61.929478,24.210482,5.2417893,3.654731,7.7411556,-17.572216,34.34216,54.7724,-20.371607,-8.731626,-7.421837
1168,-5.624514579772949,18.56777000427246,77.40132141113281,-7.183403592571789,-6.1363642802218274,-84.18127523513157,8.366637,38.984,25.682846,54.01257,-8.104379,-13.178415,3.5316653,2.0484786,-11.44693,6.420733,-3.2766018,6.5280504,-11.276723,6.3140316,14.249675,6.40584,21.50781,-35.856556,61.906155,24.09363,5.3142424,3.77572,7.3102202,-17.49085,34.55479,54.987835,-20.377985,-8.602954,-7.200198
1169,-5.77034854888916,18.399309158325195,77.40414428710938,-7.189233364070728,-6.3091762207200635,-84.29237828989505,7.909431,39.617573,25.598549,55.414413,-7.7088704,-12.035907,3.829812,2.2337348,-11.335803,6.4263873,-3.4432447,6.413839,-11.206221,6.413336,14.373849,6.261123,21.337032,-35.590942,61.8884,23.994444,5.3913045,3.9328957,6.8705535,-17.418821,34.74462,55.20412,-20.294512,-8.503638,-6.997331
1170,-5.909804344177246,18.238100051879883,77.4039535522461,-7.185645167789276,-6.485035071571706,-84.41453051468578,7.4591956,40.266296,25.559402,56.816177,-7.3307,-10.648882,4.125463,2.4034343,-11.208617,6.4327903,-3.6030385,6.311686,-11.114776,6.5048347,14.507039,6.085002,21.162848,-35.35703,61.87265,23.906673,5.4729757,4.117037,6.4168043,-17.355873,34.916924,55.42582,-20.153978,-8.423864,-6.8070445
1171,-6.04100227355957,18.082172393798828,77.40445709228516,-7.1703079599033215,-6.653922379807343,-84.54949012803097,7.0229816,40.848915,25.501585,58.123383,-7.0281777,-9.285307,4.408555,2.5561588,-11.067835,6.4381614,-3.7552211,6.2178626,-11.006942,6.590448,14.634977,5.8921247,20.987019,-35.14863,61.84442,23.818811,5.5493903,4.3139577,5.9442286,-17.303013,35.092716,55.662666,-19.996672,-8.351158,-6.644869
1172,-6.164522647857666,17.92498207092285,77.4046401977539,-7.144880799816099,-6.805752183885059,-84.6979329474987,6.602422,41.274025,25.35059,59.243153,-6.8522367,-8.224675,4.6663246,2.6895785,-10.916255,6.4442086,-3.8995442,6.1289115,-10.888525,6.67175,14.743543,5.69869,20.812014,-34.95794,61.78746,23.720455,5.610992,4.509166,5.447784,-17.262184,35.293667,55.923683,-19.862463,-8.273173,-6.525965
1173,-6.27800989151001,17.771562576293945,77.40734100341797,-7.106986659055203,-6.939352407819495,-84.86521091546578,6.2251186,41.56551,25.169914,60.189434,-6.753739,-7.5044174,4.896773,2.8037832,-10.751044,6.450361,-4.03473,6.040804,-10.754631,6.7477465,14.829229,5.509695,20.639898,-34.781643,61.689972,23.600334,5.65042,4.7032385,4.9248157,-17.23486,35.533188,56.212555,-19.75866,-8.187472,-6.4639363
1174,-6.380163192749023,17.627389907836914,77.41100311279297,-7.059014484032594,-7.059110744829927,-85.04842494622667,5.8762403,41.74602,24.963896,61.003654,-6.720998,-6.9988523,5.105525,2.8990026,-10.572986,6.456332,-4.1609364,5.9565015,-10.60647,6.816945,14.900294,5.319544,20.471651,-34.62204,61.558205,23.467112,5.674408,4.901819,4.378389,-17.220736,35.79963,56.521336,-19.66367,-8.100458,-6.4469547
1175,-6.479836463928223,17.483367919921875,77.41207885742188,-6.999017289499084,-7.163663094800916,-85.23572628226842,5.492044,41.71353,24.566677,61.6328,-6.8585095,-6.7497487,5.2922072,2.974463,-10.391594,6.4643307,-4.2821326,5.882848,-10.458989,6.880558,14.959983,5.1284275,20.307682,-34.480198,61.403786,23.340563,5.693588,5.0980496,3.8141422,-17.218529,36.07427,56.841015,-19.57633,-8.013688,-6.452549
1176,-6.5611891746521,17.34750747680664,77.41739654541016,-6.9315955697911145,-7.251415113179114,-85.41535429338386,5.0111737,41.36486,23.816584,62.028522,-7.271583,-6.796464,5.4600925,3.0291715,-10.215786,6.4715652,-4.4004045,5.826778,-10.326345,6.939692,15.011647,4.9360023,20.14817,-34.35705,61.239063,23.240822,5.7189703,5.2852473,3.2375457,-17.225956,36.339565,57.16273,-19.494621,-7.9284334,-6.458261
1177,-6.642396926879883,17.219318389892578,77.41901397705078,-6.85787745387324,-7.322118559961682,-85.58662788198045,4.40479,40.5879,22.558668,62.154385,-8.136957,-7.2006273,5.6068807,3.0622296,-10.045415,6.480134,-4.517954,5.7956014,-10.2117815,6.9960794,15.055284,4.744794,19.993074,-34.253242,61.057537,23.177221,5.758875,5.4596987,2.6440053,-17.241692,36.601124,57.497204,-19.42424,-7.8469434,-6.46654
1178,-6.705520153045654,17.092649459838867,77.4225845336914,-6.775639921059272,-7.379288137821852,-85.75742801181123,3.7487268,39.478645,20.962442,62.059902,-9.375378,-7.8921328,5.734306,3.077069,-9.874562,6.4909086,-4.6336293,5.7832227,-10.105054,7.0490847,15.091234,4.5542893,19.84259,-34.168137,60.85657,23.138079,5.8060565,5.62572,2.0308158,-17.26597,36.865932,57.848557,-19.363964,-7.767983,-6.486895
1179,-6.763047695159912,16.96563720703125,77.42750549316406,-6.68918630244197,-7.426193003004511,-85.92777583225278,3.1287277,38.24727,19.339561,61.816,-10.700482,-8.720479,5.8493366,3.07902,-9.704093,6.5006905,-4.7446904,5.776645,-10.001261,7.0980186,15.123298,4.3586273,19.697021,-34.10405,60.653294,23.109266,5.8477836,5.788048,1.4115095,-17.29687,37.114975,58.191216,-19.304596,-7.6876574,-6.506377
1180,-6.816586971282959,16.8421630859375,77.43375396728516,-6.60125015680035,-7.4635881646124025,-86.09484096277984,2.5936,37.08944,17.957008,61.480503,-11.805527,-9.569617,5.9534802,3.0703557,-9.538341,6.5098066,-4.849096,5.7635736,-9.896934,7.1401653,15.152248,4.15029,19.55689,-34.06558,60.46663,23.075943,5.871443,5.9518123,0.7974454,-17.332287,37.32915,58.50344,-19.235912,-7.602077,-6.5128627
1181,-6.865633487701416,16.722591400146484,77.44342041015625,-6.503962726576974,-7.486751641850115,-86.25955990563986,2.1315765,36.013775,16.8312,61.041016,-12.616384,-10.484393,6.0412097,3.0460978,-9.3776245,6.518718,-4.9455075,5.738912,-9.788881,7.1718116,15.173196,3.9246817,19.421658,-34.059696,60.306973,23.02716,5.8707814,6.1321306,0.18492544,-17.371485,37.509052,58.788467,-19.14641,-7.5072227,-6.5010824
1182,-6.9067864418029785,16.60568618774414,77.454345703125,-6.402174976786355,-7.495962739859019,-86.4220490780832,1.7155114,34.93743,15.824022,60.468678,-13.296416,-11.506276,6.112554,3.0070045,-9.220865,6.527829,-5.035473,5.709707,-9.67942,7.195265,15.186292,3.685893,19.290918,-34.083485,60.163376,22.97305,5.853619,6.321731,-0.43002737,-17.41424,37.6618,59.056442,-19.044968,-7.406228,-6.478477
1183,-6.940346717834473,16.490196228027344,77.46699523925781,-6.299620147671806,-7.497513012843174,-86.57671841475252,1.3455538,33.900566,14.938131,59.786076,-13.874077,-12.542404,6.1759963,2.9600482,-9.071155,6.535843,-5.1205015,5.6829453,-9.575447,7.214633,15.197706,3.439567,19.166157,-34.125446,60.02333,22.93029,5.8281007,6.492066,-1.0384716,-17.459805,37.778374,59.298237,-18.95281,-7.30601,-6.452352
1184,-6.968453407287598,16.384916305541992,77.482177734375,-6.202625477076453,-7.498071806033722,-86.71784308176737,1.0209215,32.94197,14.174723,59.017025,-14.372927,-13.501179,6.2402315,2.9132748,-8.93183,6.5433207,-5.2040896,5.6654263,-9.483667,7.231766,15.21468,3.1975145,19.0588,-34.17402,59.863594,22.913982,5.8025956,6.613104,-1.6334922,-17.504803,37.847977,59.507885,-18.892797,-7.214014,-6.4303617
1185,-6.9915080070495605,16.27248764038086,77.49526977539062,-6.112495331149819,-7.49681551756513,-86.84713370805073,0.74345803,32.07645,13.563041,58.16,-14.759198,-14.379781,6.3029795,2.8657556,-8.800374,6.55038,-5.284938,5.659619,-9.40588,7.2520266,15.236869,2.9508872,18.95286,-34.227444,59.692963,22.937756,5.779349,6.6753044,-2.2143033,-17.555294,37.864994,59.683372,-18.883379,-7.12857,-6.4075546
1186,-7.00162410736084,16.174299240112305,77.51492309570312,-5.983603771438202,-7.47138395338861,-86.92495652452106,0.46502823,31.220335,13.10394,57.189396,-15.013059,-15.000033,6.3451986,2.7473874,-8.712902,6.5633607,-5.367485,5.678626,-9.376645,7.2280164,15.242505,2.7024405,18.859806,-34.29111,59.506702,22.98875,5.7541027,6.6937127,-2.789975,-17.607868,37.834717,59.83356,-18.909296,-7.0475907,-6.3831577
1187,-7.001233100891113,16.07651138305664,77.53700256347656,-5.818497242917248,-7.427092777925456,-86.94888298444172,0.17866415,30.34588,12.782724,56.10521,-15.1923065,-15.000033,6.372548,2.5593789,-8.671712,6.5846562,-5.455103,5.7223697,-9.392622,7.1652675,15.2339525,2.4514937,18.778212,-34.365185,59.318085,23.049967,5.724991,6.683025,-3.3489661,-17.662699,37.768246,59.947643,-18.93818,-6.975923,-6.3673368
1188,-6.996657848358154,15.975698471069336,77.55565643310547,-5.6693524092083445,-7.388884725846801,-86.9577233031173,-0.083822906,29.48849,12.419396,54.921608,-15.367155,-15.000033,6.4118085,2.383495,-8.645029,6.604697,-5.546506,5.767043,-9.416262,7.1052933,15.230255,2.202541,18.709652,-34.447517,59.1373,23.105854,5.6900477,6.6569676,-3.8804932,-17.718433,37.678375,60.018715,-18.938343,-6.918225,-6.3705754
1189,-6.9846577644348145,15.876753807067871,77.57256317138672,-5.535872556270719,-7.356892519395916,-86.9429956512856,-0.3301706,28.631,11.976087,53.629208,-15.5420265,-15.000033,6.464473,2.2176847,-8.640572,6.6245646,-5.643749,5.813667,-9.45308,7.048684,15.230426,1.9476563,18.647644,-34.54177,58.979744,23.15074,5.644035,6.610255,-4.375706,-17.77931,37.556946,60.03736,-18.902863,-6.8799977,-6.3989463
1190,-6.973811149597168,15.774345397949219,77.5857925415039,-5.415823089065777,-7.329286331466318,-86.90970185366393,-0.5506447,27.79072,11.496028,52.226658,-15.687414,-15.000033,6.5282464,2.060321,-8.653655,6.642461,-5.744337,5.8631716,-9.503549,6.992914,15.234944,1.6933106,18.597628,-34.643925,58.831047,23.193863,5.58954,6.5376563,-4.8464055,-17.840874,37.40505,60.015778,-18.8478,-6.857354,-6.446293
1191,-6.955443382263184,15.675873756408691,77.59452819824219,-5.3132153440427405,-7.307755211108407,-86.8735133493404,-0.7291222,27.004337,11.026114,50.734146,-15.81706,-15.000033,6.5998764,1.9187328,-8.6699295,6.659849,-5.8457656,5.9121475,-9.548819,6.9457335,15.244689,1.4376043,18.554134,-34.75771,58.685925,23.241257,5.5363555,6.457657,-5.2919354,-17.90932,37.232746,59.951874,-18.776304,-6.840531,-6.501811
1192,-6.939728736877441,15.568378448486328,77.5999526977539,-5.2282611357115325,-7.29330243654442,-86.84983016989929,-0.85136074,26.305618,10.616719,49.16862,-15.940933,-15.000033,6.679015,1.799374,-8.675576,6.674076,-5.9453864,5.9573517,-9.577734,6.910741,15.260604,1.1881155,18.517912,-34.87732,58.53044,23.299906,5.494245,6.387527,-5.722045,-17.98358,37.060207,59.85505,-18.689047,-6.819862,-6.555969
1193,-6.913369178771973,15.464530944824219,77.6047592163086,-5.166805497085433,-7.286438425914137,-86.84112408835249,-0.9192482,25.706202,10.277228,47.527405,-16.066635,-15.000033,6.7640033,1.7066839,-8.668987,6.6861687,-6.042712,5.996992,-9.588181,6.8908587,15.286396,0.9436639,18.488111,-35.00362,58.36108,23.376146,5.4719257,6.3303947,-6.137833,-18.065344,36.881237,59.715897,-18.593126,-6.784119,-6.600803
1194,-6.882998466491699,15.35626220703125,77.6070327758789,-5.125270504583911,-7.285333989294204,-86.83864761258828,-0.9424098,25.187273,9.985842,45.802986,-16.18311,-15.000033,6.8556647,1.6351016,-8.657933,6.6949835,-6.138675,6.0332804,-9.587963,6.8828025,15.319627,0.7023448,18.464321,-35.136806,58.184547,23.465656,5.461911,6.277558,-6.53574,-18.155432,36.691143,59.533707,-18.483816,-6.741362,-6.6432576
1195,-6.853943347930908,15.251819610595703,77.60494995117188,-5.094297560240771,-7.286586807352068,-86.83975637283227,-0.924386,24.733723,9.745855,44.010166,-16.274712,-15.000033,6.951062,1.5759195,-8.643681,6.702283,-6.233599,6.0692906,-9.578907,6.8824716,15.351095,0.46457425,18.444998,-35.276356,58.00772,23.557417,5.4503126,6.2291594,-6.9120307,-18.253922,36.50469,59.32495,-18.350967,-6.7106404,-6.6957984
1196,-6.818314075469971,15.140292167663574,77.60015106201172,-5.07139615981185,-7.28644614039192,-86.84162683710781,-0.867146,24.328194,9.56164,42.160957,-16.324492,-15.000033,7.0484176,1.5200846,-8.627679,6.7074156,-6.326548,6.1080995,-9.563757,6.8853307,15.371362,0.23140348,18.42781,-35.419575,57.83816,23.641472,5.4232197,6.1855836,-7.265749,-18.360909,36.33825,59.109875,-18.18337,-6.711258,-6.7712154
1197,-6.776845455169678,15.025615692138672,77.59349822998047,-5.058850581853916,-7.278378900090541,-86.83990410924952,-0.7808005,23.991997,9.467846,40.250076,-16.35537,-15.000033,7.141554,1.4738073,-8.615392,6.710507,-6.4165034,6.147249,-9.545774,6.896848,15.372575,-0.0025999506,18.412054,-35.57142,57.67847,23.726744,5.381338,6.1442204,-7.5957017,-18.476465,36.195663,58.88902,-17.961206,-6.754797,-6.875868
1198,-6.729391098022461,14.91273307800293,77.5877456665039,-5.05694647437402,-7.265247565992978,-86.83593967959159,-0.6636235,23.71668,9.460424,38.27172,-16.365244,-15.000033,7.2325144,1.4366014,-8.605484,6.7108097,-6.5031705,6.186772,-9.524236,6.916552,15.360744,-0.23672736,18.39714,-35.730076,57.525803,23.81598,5.330617,6.1061125,-7.9026923,-18.600216,36.068695,58.65336,-17.695684,-6.8292418,-7.001817
1199,-6.670724391937256,14.801274299621582,77.5826187133789,-5.052242037335738,-7.258489555566899,-86.83585159995879,-0.49962926,23.44005,9.482745,36.238247,-16.301748,-15.000033,7.330905,1.3903054,-8.589308,6.714001,-6.5933137,6.23312,-9.496253,6.929866,15.346522,-0.46258906,18.380672,-35.885773,57.382282,23.885582,5.2648764,6.077377,-8.191149,-18.732275,35.957397,58.411194,-17.423183,-6.918053,-7.1402507
1200,-6.614059925079346,14.684873580932617,77.57787322998047,-5.028227938493564,-7.269825323708893,-86.84669844235592,-0.2724929,23.104671,9.472701,34.162483,-16.11283,-15.000033,7.449305,1.3177974,-8.557544,6.7153974,-6.686309,6.292803,-9.459117,6.9234295,15.340869,-0.6723088,18.35913,-36.02777,57.251366,23.91276,5.1779284,6.0641108,-8.465496,-18.87251,35.862503,58.170513,-17.179146,-7.0045505,-7.282613
1201,-6.541332721710205,14.562378883361816,77.57637023925781,-4.981745426775669,-7.301828644683885,-86.86201519495799,0.032460514,22.656841,9.363747,31.934114,-15.75009,-15.000033,7.593899,1.2104229,-8.514718,6.713438,-6.784901,6.3714666,-9.417652,6.893116,15.346121,-0.8666273,18.32942,-36.15333,57.138798,23.887718,5.063299,6.069988,-8.727447,-19.022041,35.789154,57.93511,-16.96394,-7.0922527,-7.4384093
1202,-6.461907386779785,14.442902565002441,77.57357025146484,-4.921776686418214,-7.3484686143694775,-86.8811102522803,0.40627703,22.139872,9.201808,29.577473,-15.249952,-15.000033,7.748866,1.0776044,-8.463699,6.7273,-6.897498,6.464326,-9.371646,6.8474193,15.356299,-1.051044,18.29055,-36.26789,57.045437,23.824568,4.925817,6.0914383,-8.974964,-19.18127,35.736565,57.700916,-16.760435,-7.1875596,-7.608215
1203,-6.378756523132324,14.323355674743652,77.57352447509766,-4.852322270514515,-7.408152450872842,-86.91891800679699,0.82425755,21.646452,9.095842,27.31605,-14.691542,-15.000033,7.9199862,0.9345443,-8.393198,6.730111,-7.00328,6.5617914,-9.311452,6.792249,15.369897,-1.2243,18.242472,-36.37277,56.967236,23.736551,4.7763414,6.1238604,-9.20564,-19.347965,35.693554,57.46353,-16.58285,-7.2769556,-7.7707734
1204,-6.293663501739502,14.19937801361084,77.57432556152344,-4.776114839119907,-7.478702684394301,-86.98943171240307,1.2465693,21.26317,9.162283,25.398294,-14.165556,-15.000033,8.094927,0.78952956,-8.292298,6.73297,-7.102263,6.655077,-9.227818,6.729795,15.384508,-1.385596,18.186258,-36.470795,56.90076,23.634691,4.625725,6.1628604,-9.419066,-19.518503,35.649353,57.222073,-16.44475,-7.347147,-7.9052877
1205,-6.212127685546875,14.071249961853027,77.58216857910156,-4.678305178103675,-7.579072671842961,-87.11418149102853,1.6765895,21.015245,9.480729,23.905838,-13.643634,-15.000033,8.295578,0.6317467,-8.138894,6.725894,-7.1888404,6.741231,-9.102238,6.6425915,15.414816,-1.5343232,18.122213,-36.557518,56.846825,23.506577,4.465978,6.213349,-9.620756,-19.691084,35.60622,56.976395,-16.355923,-7.3900814,-8.006494
1206,-6.133808612823486,13.951730728149414,77.59187316894531,-4.55549322141493,-7.705220057426387,-87.28085095566011,2.107987,20.847265,9.983223,22.754084,-13.129471,-15.000033,8.516775,0.45337722,-7.944177,6.717699,-7.2706695,6.826137,-8.94423,6.528998,15.458195,-1.6713055,18.050552,-36.632984,56.80729,23.351265,4.294847,6.275594,-9.810322,-19.864876,35.56724,56.729862,-16.308601,-7.4141374,-8.086274
1207,-6.045731544494629,13.83495807647705,77.60336303710938,-4.434322476374277,-7.820850422744671,-87.45258694043551,2.5006642,20.724714,10.564503,21.910862,-12.748599,-15.000033,8.722397,0.27141044,-7.7465115,6.7079287,-7.345418,6.914015,-8.785995,6.415567,15.485628,-1.7976173,17.972786,-36.706577,56.778587,23.198402,4.1318145,6.3381333,-9.982251,-20.03701,35.5268,56.489002,-16.284912,-7.430339,-8.14986
1208,-5.940470218658447,13.720930099487305,77.61710357666016,-4.343707089965455,-7.887773768152545,-87.58998702119364,2.8308055,20.620018,11.112408,21.298883,-12.592575,-15.000033,8.87246,0.109980576,-7.586627,6.701691,-7.4142466,7.008116,-8.661567,6.3343434,15.466022,-1.9145103,17.891315,-36.790066,56.757267,23.075136,3.9966722,6.389652,-10.13092,-20.203615,35.478493,56.261517,-16.267902,-7.4498773,-8.20234
1209,-5.827919960021973,13.615006446838379,77.62137603759766,-4.320340469475272,-7.8775768132594495,-87.67920724388354,3.0739594,20.578182,11.620764,20.98881,-12.756068,-15.000033,8.935736,0.0059634056,-7.4802074,6.6973186,-7.4725466,7.105938,-8.588642,6.3232727,15.373221,-2.01205,17.806688,-36.877686,56.732224,22.99005,3.902058,6.4288187,-10.262647,-20.363272,35.43016,56.057343,-16.257864,-7.477141,-8.237139
1210,-5.7065043449401855,13.52121639251709,77.60150909423828,-4.3173187054796776,-7.807502422641692,-87.71694368469052,3.2588143,20.529728,12.110909,20.913383,-13.119073,-14.762473,8.933714,-0.0999276,-7.426401,6.6994696,-7.5263753,7.2180753,-8.570494,6.333712,15.219869,-2.092346,17.71843,-36.966007,56.707527,22.926893,3.8350549,6.4614143,-10.380822,-20.515743,35.38203,55.873665,-16.263655,-7.5060105,-8.254706
1211,-5.57511568069458,13.431469917297363,77.59392547607422,-4.318245505139077,-7.729976223648256,-87.74920875906183,3.4493856,20.489285,12.569109,20.906563,-13.509488,-14.6040745,8.921385,-0.20356359,-7.379343,6.701726,-7.5754724,7.332843,-8.553171,6.34362,15.055329,-2.170097,17.62932,-37.069263,56.700138,22.880384,3.777593,6.485634,-10.472357,-20.657885,35.3177,55.69823,-16.278837,-7.5313888,-8.269513
1212,-5.442834377288818,13.340465545654297,77.60505676269531,-4.2665195309145005,-7.684997956522108,-87.78263766909888,3.7053523,20.350744,12.9544115,20.729773,-13.715227,-14.482744,8.945933,-0.37054408,-7.327843,6.704904,-7.6261663,7.4576955,-8.518691,6.2874827,14.916282,-2.2619529,17.543472,-37.203236,56.725918,22.84292,3.7116582,6.500153,-10.526546,-20.785536,35.218685,55.521248,-16.298561,-7.548734,-8.296888
1213,-5.309548377990723,13.246564865112305,77.63029479980469,-4.136419379359429,-7.691934770930801,-87.81863710533159,4.05935,20.069773,13.239428,20.30196,-13.648404,-14.405724,9.029668,-0.6306004,-7.267886,6.711588,-7.6823897,7.59765,-8.460896,6.1329484,14.819448,-2.372816,17.464342,-37.375694,56.790844,22.82615,3.6388261,6.505665,-10.541436,-20.895088,35.074554,55.342846,-16.334446,-7.555827,-8.342708
1214,-5.181282997131348,13.15288257598877,77.65943145751953,-3.9611020147776856,-7.7266613884171935,-87.85413607027934,4.471929,19.710909,13.450642,19.7536,-13.430579,-14.398878,9.144978,-0.94466454,-7.2057705,6.719115,-7.7393594,7.7474966,-8.388838,5.9184256,14.743763,-2.492685,17.393272,-37.57891,56.882458,22.8275,3.5667233,6.5022125,-10.523045,-20.984833,34.894955,55.16926,-16.386034,-7.555556,-8.398525
1215,-5.054941654205322,13.062488555908203,77.67852783203125,-3.7723407957828705,-7.764307851151796,-87.8892175908122,4.889631,19.32524,13.625385,19.17109,-13.165691,-14.417622,9.261172,-1.278506,-7.146028,6.7272644,-7.7939935,7.900409,-8.311114,5.6800275,14.6679945,-2.6083512,17.33262,-37.79678,56.98373,22.824059,3.4867163,6.4865513,-10.480155,-21.053045,34.697857,55.00916,-16.429567,-7.551398,-8.4588785
1216,-4.929490089416504,12.981404304504395,77.69309997558594,-3.6007367963613093,-7.779557627221417,-87.92388526824507,5.260785,18.963205,13.803528,18.640259,-12.956841,-14.418587,9.350444,-1.5960821,-7.0931005,6.7347183,-7.844576,8.048926,-8.247809,5.453392,14.572973,-2.6951973,17.291563,-37.999386,57.066086,22.79487,3.3895698,6.454,-10.431637,-21.09195,34.51546,54.87594,-16.438076,-7.5464597,-8.5193615
1217,-4.799349784851074,12.89996337890625,77.7053451538086,-3.455273033816808,-7.763170453051253,-87.96149493400011,5.5693617,18.64094,13.993287,18.184872,-12.82903,-14.405341,9.400515,-1.8856839,-7.046062,6.741274,-7.8885503,8.187835,-8.15761,5.2586026,14.446258,-2.7956188,17.24711,-38.237232,57.169716,22.714214,3.266982,6.408966,-10.332884,-21.125944,34.298775,54.736965,-16.406105,-7.541106,-8.577424
1218,-4.659022808074951,12.81235408782959,77.7220458984375,-3.3183611057014777,-7.729322977620139,-88.00073803704065,5.8425364,18.331417,14.174454,17.760092,-12.7285,-14.395495,9.429269,-2.1667645,-7.0029364,6.74696,-7.928144,8.321882,-8.082375,5.069801,14.305066,-2.8712585,17.21534,-38.45904,57.26357,22.611092,3.1242545,6.3480597,-10.224076,-21.141758,34.09749,54.616863,-16.33686,-7.532516,-8.6386175
1219,-4.518005847930908,12.729583740234375,77.74040985107422,-3.1845719978275144,-7.687457526778327,-88.03481419469638,6.0942063,18.021185,14.345176,17.351751,-12.641236,-14.368639,9.449377,-2.4492939,-6.96634,6.752558,-7.9658556,8.459106,-7.994531,4.8815813,14.154995,-2.952763,17.184704,-38.705,57.369255,22.498236,2.9793093,6.2746077,-10.076589,-21.147251,33.869167,54.49062,-16.259378,-7.523971,-8.693642
1220,-4.374880790710449,12.651473045349121,77.75839233398438,-3.0437175763162965,-7.64736455034937,-88.05719274449643,6.3393874,17.695112,14.504065,16.944712,-12.552107,-14.304432,9.473441,-2.7441716,-6.939091,6.7586284,-8.0037985,8.607797,-7.9132953,4.6847196,14.00637,-3.0282881,17.154892,-38.954468,57.47461,22.403194,2.8480077,6.188143,-9.903649,-21.14273,33.63083,54.358475,-16.191784,-7.5167165,-8.73644
1221,-4.231904983520508,12.570834159851074,77.77498626708984,-2.895320405526699,-7.609079417248744,-88.06514989372718,6.576969,17.34985,14.652317,16.542038,-12.459905,-14.194187,9.501901,-3.0538576,-6.923348,6.7646914,-8.041093,8.771564,-7.8505816,4.4776077,13.86058,-3.0909214,17.127413,-39.197956,57.57461,22.330084,2.7324271,6.0827985,-9.705686,-21.127312,33.38012,54.21495,-16.14135,-7.505892,-8.763177
1222,-4.085265636444092,12.494988441467285,77.78899383544922,-2.742395278868477,-7.568472472322549,-88.06267209813103,6.802192,16.99304,14.790695,16.147646,-12.371831,-14.050444,9.529579,-3.3728933,-6.917249,6.7706385,-8.077174,8.945562,-7.811714,4.2651567,13.715568,-3.1325366,17.106241,-39.42443,57.6621,22.271132,2.6238666,5.9590755,-9.490271,-21.103437,33.134632,54.064716,-16.089647,-7.4916267,-8.778431
1223,-3.9341862201690674,12.417668342590332,77.801513671875,-2.585378537461279,-7.528864993283552,-88.05282492010055,7.0245357,16.624716,14.917441,15.749205,-12.281125,-13.885241,9.559178,-3.7006948,-6.9173093,6.7766476,-8.1134205,9.125597,-7.7356763,4.045075,13.563704,-3.202065,17.07715,-39.703396,57.7804,22.21285,2.5258262,5.8330626,-9.230948,-21.060497,32.84553,53.917133,-16.048584,-7.4863462,-8.786749
1224,-3.7803781032562256,12.343290328979492,77.81413269042969,-2.4251297297963403,-7.493528331335364,-88.03884930817576,7.2565413,16.244984,15.031473,15.329237,-12.183261,-13.710857,9.594184,-4.035624,-6.9201107,6.782913,-8.1521225,9.307208,-7.6982546,3.8222718,13.421369,-3.2287586,17.057045,-39.923443,57.862633,22.188486,2.4341319,5.7075834,-8.990075,-21.022629,32.647614,53.786762,-15.968371,-7.4952707,-8.79616
1225,-3.6284372806549072,12.26773738861084,77.82669067382812,-2.259751479863415,-7.463932635905034,-88.01771218525623,7.5018125,15.8496,15.129395,14.885133,-12.078568,-13.525084,9.636735,-4.381003,-6.928906,6.7892394,-8.194387,9.493146,-7.6311736,3.590118,13.275329,-3.2720253,17.031227,-40.180225,57.961876,22.186266,2.3544812,5.58813,-8.720731,-20.969513,32.44788,53.67506,-15.8633795,-7.531663,-8.808098
1226,-3.4708597660064697,12.190946578979492,77.83821105957031,-2.0887422105492317,-7.438081987881356,-87.98906566394896,7.7557836,15.438928,15.21375,14.4240265,-11.969504,-13.324269,9.684585,-4.736362,-6.944263,6.7976513,-8.240901,9.6844425,-7.6011624,3.3551905,13.137969,-3.2756839,17.014282,-40.386387,58.02469,22.224026,2.2823033,5.463734,-8.454569,-20.929176,32.320827,53.56498,-15.713725,-7.584402,-8.818576
1227,-3.3166661262512207,12.119220733642578,77.84806823730469,-1.916444755651517,-7.414508543063629,-87.96030054744487,8.021761,15.019852,15.291476,13.937089,-11.850583,-13.119248,9.734163,-5.0948534,-6.9589357,6.8059154,-8.28617,9.87432,-7.548537,3.1191287,13.003169,-3.287683,16.99584,-40.60829,58.096478,22.258247,2.2167928,5.345711,-8.165297,-20.884233,32.201317,53.456295,-15.574932,-7.6405616,-8.823164
1228,-3.156207799911499,12.049066543579102,77.8574447631836,-1.7453925965771544,-7.3915789021467955,-87.9389613965378,8.30199,14.59833,15.37,13.417313,-11.71721,-12.920564,9.780628,-5.4510436,-6.9654765,6.8147407,-8.326664,10.056203,-7.4742208,2.8861501,12.873127,-3.3088458,16.972834,-40.83305,58.1842,22.26631,2.153934,5.240242,-7.8714304,-20.835066,32.109215,53.357887,-15.472232,-7.684233,-8.819362
1229,-2.998487949371338,11.98157787322998,77.86622619628906,-1.5783434655088302,-7.367068850589869,-87.9273653660903,8.597903,14.173716,15.449269,12.857377,-11.567672,-12.7300005,9.793069,-5.8063984,-6.958241,6.8805237,-8.390472,10.224589,-7.388217,2.660794,12.750969,-3.3314776,16.946754,-41.045254,58.279858,22.250488,2.0878878,5.149201,-7.5794973,-20.790077,32.067993,53.26008,-15.407634,-7.710227,-8.806857
1230,-2.8346986770629883,11.914767265319824,77.87496185302734,-1.4116639381233618,-7.3422324226244955,-87.9213192225457,8.910256,13.742398,15.52638,12.260264,-11.404317,-12.543864,9.761652,-6.165282,-6.939528,7.029346,-8.493283,10.384285,-7.2712817,2.4381096,12.624079,-3.3822808,16.89657,-41.281765,58.423386,22.212822,2.0235846,5.0737467,-7.2827373,-20.726316,32.046265,53.19025,-15.377315,-7.7283134,-8.790238
1231,-2.6680259704589844,11.851424217224121,77.88400268554688,-1.2475105734253777,-7.320809180912325,-87.91902106101561,9.242115,13.306667,15.6051445,11.628914,-11.22453,-12.363806,9.730612,-6.5226684,-6.9158683,7.1792455,-8.593709,10.543433,-7.1734486,2.2219377,12.51516,-3.3992548,16.859028,-41.460564,58.529472,22.175106,1.9664818,4.999785,-6.985505,-20.687996,32.084217,53.106163,-15.351983,-7.7394357,-8.761965
1232,-2.500739574432373,11.791200637817383,77.8888168334961,-1.0842456117142505,-7.306898063351092,-87.91877634878703,9.594683,12.868952,15.688423,10.969068,-11.027505,-12.190521,9.711274,-6.877465,-6.891037,7.319337,-8.688538,10.710122,-7.054499,2.0069153,12.407435,-3.4265006,16.797974,-41.637123,58.665077,22.121151,1.9282389,4.9318724,-6.6742635,-20.635715,32.11987,53.05,-15.34614,-7.7496576,-8.724543
1233,-2.330502986907959,11.730899810791016,77.89591217041016,-0.923078758358973,-7.305066064816547,-87.916572820039,9.97349,12.428423,15.775884,10.276737,-10.811058,-12.02822,9.710121,-7.2306232,-6.870337,7.450317,-8.778568,10.888468,-6.9376936,1.7918772,12.312946,-3.440539,16.730408,-41.780144,58.79761,22.052876,1.9146876,4.8651447,-6.3537207,-20.583937,32.17621,53.00499,-15.352149,-7.7561097,-8.673751
1234,-2.168482542037964,11.669023513793945,77.89846801757812,-0.7653960022385295,-7.311495867651779,-87.91399984169551,10.374662,11.985762,15.865299,9.552161,-10.576582,-11.875479,9.721202,-7.580572,-6.8511395,7.5728593,-8.862881,11.073289,-6.8152156,1.5793328,12.226103,-3.4526114,16.64986,-41.90504,58.9425,21.967606,1.9199324,4.803487,-6.0263653,-20.527428,32.254086,52.977993,-15.373985,-7.7581067,-8.612151
1235,-2.005362033843994,11.610830307006836,77.90097045898438,-0.6110671048113264,-7.3183415892916015,-87.91884690342019,10.794976,11.543706,15.958722,8.787478,-10.320503,-11.724294,9.732824,-7.9229865,-6.8242946,7.68644,-8.9406595,11.258579,-6.6881447,1.3734558,12.152972,-3.432878,16.594128,-41.991756,59.04127,21.884577,1.9323425,4.739977,-5.682725,-20.489124,32.345837,52.93981,-15.407727,-7.760619,-8.539287
1236,-1.8376260995864868,11.552715301513672,77.90253448486328,-0.4631787874070913,-7.31729067739895,-87.93851156895587,11.2220545,11.107982,16.056381,7.993498,-10.043468,-11.566449,9.72979,-8.253589,-6.77999,7.7966022,-9.014351,11.438304,-6.5479403,1.1796643,12.0683155,-3.41012,16.512184,-42.050014,59.165302,21.817417,1.9401629,4.682342,-5.349537,-20.433102,32.45085,52.955563,-15.455353,-7.769602,-8.466366
1237,-1.6757941246032715,11.499823570251465,77.90291595458984,-0.3368288927763811,-7.305491234946504,-87.9747056942028,11.488205,10.744061,16.125397,7.5301013,-9.936522,-11.401363,9.715704,-8.554439,-6.7148194,7.8868546,-9.0763235,11.609894,-6.40016,1.0144862,11.971348,-3.381011,16.396318,-42.05812,59.318245,21.782553,1.9400594,4.6258426,-5.0379505,-20.354425,32.582966,53.04282,-15.509195,-7.793874,-8.404111
1238,-1.5098018646240234,11.448051452636719,77.89886474609375,-0.22266529771948104,-7.2864540209466275,-88.02259376504855,11.588823,10.445089,16.166723,7.4146686,-10.009963,-11.233747,9.691736,-8.835565,-6.634869,7.965478,-9.130371,11.77688,-6.244993,0.8676599,11.8728285,-3.3336148,16.277016,-42.02511,59.463017,21.764126,1.9386116,4.5685368,-4.729382,-20.273403,32.735615,53.16355,-15.569497,-7.8279786,-8.343814
1239,-1.346962809562683,11.394612312316895,77.89527130126953,-0.11545241407734165,-7.257137021107162,-88.07218355430024,11.67247,10.157308,16.207405,7.3093495,-10.083246,-11.066026,9.658082,-9.106111,-6.5549965,8.033961,-9.175605,11.941017,-6.0933456,0.72991395,11.766796,-3.2706404,16.15383,-41.965576,59.605324,21.750845,1.937144,4.5193725,-4.421089,-20.186184,32.891144,53.305923,-15.656572,-7.855997,-8.266517
1240,-1.1861798763275146,11.343395233154297,77.88986206054688,-0.01962184400274832,-7.209531570937783,-88.10785825048508,11.725663,9.883282,16.239115,7.2123003,-10.152293,-10.902623,9.610078,-9.364954,-6.495833,8.093966,-9.210795,12.102547,-5.961206,0.60058594,11.642369,-3.1978002,16.027384,-41.89898,59.754173,21.725855,1.9372934,4.487491,-4.111411,-20.089434,33.029854,53.461624,-15.793303,-7.8622937,-8.153229
1241,-1.0277477502822876,11.286933898925781,77.88136291503906,0.06735005738755026,-7.139547211006373,-88.13384976593365,11.747061,9.621351,16.265448,7.1172194,-10.213676,-10.742414,9.545266,-9.61511,-6.4560237,8.141089,-9.232155,12.261101,-5.84462,0.47572607,11.492927,-3.1123054,15.897372,-41.827732,59.91426,21.683977,1.9393407,4.4860926,-3.7984345,-19.979113,33.1527,53.632744,-15.985191,-7.836169,-7.9884624
1242,-0.8709316253662109,11.238164901733398,77.87357330322266,0.1531194153893487,-7.052469162263107,-88.15681044288107,11.744018,9.36579,16.290655,7.0246263,-10.268841,-10.582808,9.463532,-9.860463,-6.425151,8.183321,-9.245742,12.416414,-5.736153,0.35101137,11.324127,-3.0147135,15.76357,-41.74514,60.083233,21.63207,1.9425306,4.5070806,-3.4857152,-19.853535,33.267612,53.827454,-16.221619,-7.7888536,-7.7862377
1243,-0.7184373140335083,11.198402404785156,77.86869812011719,0.23946027946999648,-6.953961768218418,-88.16611824072008,11.722184,9.109371,16.30733,6.9309673,-10.314086,-10.42554,9.372797,-10.10751,-6.4099975,8.222483,-9.254664,12.570099,-5.644461,0.22182062,11.144001,-2.909845,15.626748,-41.65062,60.25187,21.580694,1.9469626,4.5267606,-3.176414,-19.71415,33.364162,54.040382,-16.500711,-7.73768,-7.571172
1244,-0.5674383640289307,11.159611701965332,77.86520385742188,0.33009217928773354,-6.8500031435724065,-88.15100634732137,11.65007,8.857814,16.301397,6.912083,-10.386492,-10.2717905,9.281268,-10.360901,-6.417314,8.259272,-9.26107,12.723946,-5.577051,0.08554665,10.961916,-2.8033218,15.488277,-41.545,60.409706,21.539667,1.9527487,4.521309,-2.870754,-19.564138,33.430504,54.262203,-16.81902,-7.69974,-7.3676553
1245,-0.41683703660964966,11.118439674377441,77.86373901367188,0.4232612552575272,-6.7381793209134395,-88.10562911733673,11.549361,8.604676,16.272219,6.908791,-10.451802,-10.124003,9.189679,-10.621253,-6.452916,8.290778,-9.264874,12.879755,-5.5372314,-0.056862142,10.77459,-2.6910574,15.3487425,-41.41823,60.5519,21.520632,1.9607605,4.478642,-2.562185,-19.405502,33.464996,54.490105,-17.201962,-7.6808753,-7.1766067
1246,-0.2725411057472229,11.080184936523438,77.86051177978516,0.516057092970304,-6.616992696911587,-88.0360517551893,11.426326,8.352582,16.22446,6.9050555,-10.502648,-9.979745,9.096232,-10.884263,-6.512434,8.314724,-9.263388,13.036247,-5.520803,-0.2020865,10.580152,-2.5720692,15.20836,-41.27362,60.682602,21.51491,1.9706503,4.413042,-2.2519312,-19.238997,33.474136,54.726448,-17.640646,-7.6719737,-6.9864974
1247,-0.12446556985378265,11.054238319396973,77.8578109741211,0.6092285767425637,-6.493958602452289,-87.95023691352594,11.290796,8.101855,16.163326,6.9010983,-10.542381,-9.833311,9.003172,-11.14955,-6.5873528,8.338919,-9.259581,13.190672,-5.5230117,-0.34854886,10.389775,-2.455022,15.068063,-41.131413,60.8045,21.503931,1.9807086,4.340971,-1.9457302,-19.065346,33.452114,54.962933,-18.08696,-7.666957,-6.802839
1248,0.01774618774652481,11.026361465454102,77.8551254272461,0.7015878986954037,-6.3766508955541585,-87.85587442575863,11.153808,7.851109,16.094791,6.8973804,-10.575708,-9.678541,8.912156,-11.413459,-6.670262,8.368789,-9.254428,13.34003,-5.537724,-0.49560708,10.214689,-2.350166,14.929264,-41.01371,60.920303,21.467634,1.989193,4.278804,-1.6487792,-18.885357,33.39255,55.19074,-18.491655,-7.659514,-6.6306553
1249,0.15585407614707947,11.00534725189209,77.8522720336914,0.7946609667978621,-6.264312702295157,-87.74556086341977,11.013442,7.598072,16.014795,6.895114,-10.60295,-9.512294,8.825952,-11.680876,-6.7695165,8.402205,-9.246341,13.485162,-5.570817,-0.64470994,10.055153,-2.258191,14.792853,-40.924835,61.02672,21.393435,1.9967049,4.2307506,-1.358046,-18.698769,33.27959,55.40555,-18.878843,-7.643834,-6.4615197
1250,0.29236626625061035,10.990775108337402,77.85135650634766,0.8888470952391629,-6.153813271822722,-87.61823282389086,10.865812,7.34318,15.922374,6.8926735,-10.6211815,-9.338575,8.742087,-11.948779,-6.886567,8.437982,-9.235976,13.626959,-5.6209598,-0.795984,9.9060755,-2.1749554,14.659091,-40.855392,61.123108,21.293728,2.0038896,4.187988,-1.0712061,-18.505535,33.120296,55.611088,-19.261133,-7.624542,-6.295644
1251,0.4308985471725464,10.978911399841309,77.85061645507812,0.9814518803401537,-6.049105169112284,-87.4916354890995,10.719944,7.0910845,15.827247,6.8909464,-10.634197,-9.162041,8.659745,-12.214223,-7.0013714,8.478415,-9.224236,13.764116,-5.6735272,-0.9458536,9.771478,-2.101188,14.528201,-40.804127,61.214085,21.188225,2.0092654,4.1474414,-0.7932877,-18.307707,32.93983,55.809975,-19.578524,-7.610088,-6.151715
1252,0.5670405030250549,10.970505714416504,77.85276794433594,1.0702063587022228,-5.954086496001228,-87.38376919395915,10.586288,6.845531,15.739755,6.8888783,-10.644774,-8.987259,8.57862,-12.470546,-7.094775,8.522506,-9.211038,13.894778,-5.713994,-1.0912371,9.655349,-2.0374732,14.400451,-40.7703,61.304836,21.095552,2.011324,4.105987,-0.52944726,-18.1091,32.764793,56.004833,-19.768776,-7.6079593,-6.0485806
1253,0.6996749639511108,10.963807106018066,77.853271484375,1.1581167815223314,-5.868561294965876,-87.29239714665476,10.46419,6.603642,15.65311,6.8884907,-10.654341,-8.812888,8.496441,-12.717611,-7.1684003,8.574319,-9.200499,14.019377,-5.745084,-1.2319322,9.559891,-1.9850333,14.27587,-40.755054,61.397064,21.015465,2.0074222,4.0627356,-0.27534023,-17.91091,32.59586,56.188614,-19.77832,-7.6249256,-6.002651
1254,0.8285819292068481,10.96588134765625,77.8508529663086,1.2446395802086958,-5.790924189466875,-87.2103047697691,10.352363,6.36395,15.565281,6.888385,-10.662421,-8.637495,8.418984,-12.958747,-7.2316732,8.6229725,-9.186049,14.138544,-5.77304,-1.3688413,9.483152,-1.9431084,14.154551,-40.758415,61.487423,20.938745,1.9990876,4.0193386,-0.029848542,-17.713808,32.422123,56.361374,-19.651812,-7.654612,-6.000083
1255,0.9513407945632935,10.969364166259766,77.8492202758789,1.3272940509351963,-5.721942164396365,-87.14803471790924,10.254918,6.132599,15.493167,6.8886075,-10.671109,-8.465424,8.336583,-13.1878395,-7.2738113,8.680398,-9.168508,14.250097,-5.787852,-1.4995927,9.423174,-1.9073313,14.036556,-40.773907,61.57038,20.87546,1.99078,3.9761286,0.20086236,-17.519924,32.250908,56.52912,-19.474184,-7.6851587,-6.013197
1256,1.0765973329544067,10.971619606018066,77.849853515625,1.4005166273730751,-5.662251734278705,-87.11564456181422,10.175556,5.9188604,15.452867,6.8893538,-10.682357,-8.30091,8.248092,-13.399138,-7.285613,8.745287,-9.1421385,14.352246,-5.7809362,-1.6187183,9.378812,-1.870503,13.921736,-40.790966,61.637924,20.8398,1.9867935,3.9332926,0.4112295,-17.332066,32.090694,56.696808,-19.329885,-7.7045403,-6.0145106
1257,1.2034971714019775,10.97452163696289,77.84923553466797,1.4673661637435638,-5.6197660272488275,-87.11373112042973,10.122359,5.7202735,15.4446125,6.889614,-10.694302,-8.142361,8.166262,-13.593753,-7.264346,8.807166,-9.102801,14.449006,-5.748831,-1.7270404,9.357938,-1.8346726,13.809337,-40.814266,61.690636,20.835985,1.9890692,3.88906,0.6013772,-17.153107,31.945042,56.866173,-19.217768,-7.7089505,-6.001365
1258,1.3215107917785645,10.98252010345459,77.8492660522461,1.5278912463618988,-5.590555198373831,-87.13791318030493,10.090147,5.5335665,15.461174,6.8898478,-10.707049,-7.988134,8.076147,-13.776109,-7.2121954,8.892328,-9.066367,14.539684,-5.6965384,-1.8256141,9.358558,-1.8020037,13.699032,-40.845768,61.731075,20.857391,1.9948523,3.8439124,0.77621627,-16.983932,31.808538,57.030506,-19.100342,-7.704965,-5.986525
1259,1.437499761581421,10.994132995605469,77.85138702392578,1.5770934367949798,-5.5612063549389825,-87.18948002991607,10.063886,5.3699274,15.505549,6.8911653,-10.723776,-7.8431964,7.9802046,-13.9343405,-7.138801,8.961354,-9.006573,14.614785,-5.6298666,-1.9084177,9.3678875,-1.7684964,13.592026,-40.876106,61.756374,20.895027,2.001693,3.8015985,0.93234646,-16.82421,31.678524,57.18622,-19.005178,-7.695871,-5.966053
1260,1.5475215911865234,11.008758544921875,77.85314178466797,1.6100588273893697,-5.515890069748606,-87.2711092187012,10.027519,5.2356873,15.582287,6.891971,-10.746089,-7.711734,7.842231,-14.062334,-7.044388,9.049314,-8.936256,14.665524,-5.5539923,-1.9731685,9.370453,-1.7294044,13.490912,-40.894226,61.76238,20.94068,2.0071557,3.7655427,1.0645453,-16.673084,31.55454,57.33184,-18.95827,-7.6852117,-5.9364076
1261,1.6424678564071655,11.026294708251953,77.8477554321289,1.6725402780239669,-5.42913898681983,-87.4075291366757,9.957169,5.0844846,15.718438,6.8899746,-10.7747345,-7.590121,7.1707206,-14.259564,-6.782252,10.09512,-9.343347,14.687237,-5.4478726,-2.0640502,9.336859,-1.682072,13.40055,-40.898407,61.745773,21.000376,2.0089433,3.7342432,1.1778369,-16.527435,31.43063,57.459652,-18.983437,-7.6724696,-5.8951745
1262,1.743591547012329,11.049339294433594,77.84452819824219,1.711478702559689,-5.336468462313116,-87.57345757001082,9.886214,4.9738,15.885827,6.8888993,-10.810225,-7.4836097,6.572804,-14.398271,-6.517806,10.941879,-9.625667,14.677167,-5.333314,-2.1304579,9.309466,-1.6254872,13.321223,-40.889908,61.70176,21.078817,2.009368,3.7064848,1.2656932,-16.387753,31.310083,57.57955,-19.060616,-7.6568894,-5.8455844
1263,1.8373874425888062,11.06937026977539,77.84309387207031,1.7436018353922114,-5.236985181638798,-87.75876987005726,9.811232,4.876622,16.073483,6.886546,-10.845558,-7.3865356,5.9641266,-14.521879,-6.249178,11.775874,-9.888284,14.662121,-5.2154403,-2.1915228,9.282018,-1.5636653,13.252384,-40.876373,61.637337,21.152163,2.0113835,3.6848853,1.3280041,-16.254818,31.204578,57.696266,-19.153063,-7.639516,-5.790044
1264,1.9196815490722656,11.088005065917969,77.84115600585938,1.7843178715548744,-5.134097910059124,-87.95074553919122,9.732112,4.773599,16.267159,6.884442,-10.876747,-7.294452,5.34273,-14.652558,-5.9974117,12.621947,-10.147798,14.666656,-5.102106,-2.2602527,9.25324,-1.4981874,13.192377,-40.86121,61.558266,21.201353,2.0179505,3.6721272,1.3643498,-16.129667,31.124905,57.815384,-19.22479,-7.621478,-5.7311406
1265,2.002272367477417,11.112526893615723,77.84050750732422,1.8277401554806478,-5.021722843475692,-88.15512955698381,9.6430855,4.671085,16.472563,6.8819537,-10.901907,-7.2087526,4.6866665,-14.7849,-5.7525897,13.505322,-10.410206,14.67456,-4.9876547,-2.3286917,9.220845,-1.4265382,13.142436,-40.83949,61.457226,21.210886,2.0322566,3.6706583,1.3724328,-16.021885,31.079695,57.9359,-19.25675,-7.605387,-5.6624146
1266,2.087233304977417,11.142057418823242,77.8372573852539,1.868149897519976,-4.900462035415179,-88.37556268650553,9.546661,4.5759697,16.694145,6.8778553,-10.923231,-7.1309214,3.9951148,-14.910469,-5.5065303,14.425355,-10.675571,14.680386,-4.870361,-2.395504,9.181746,-1.3556856,13.093339,-40.812607,61.350464,21.194138,2.0520349,3.6801343,1.3438067,-15.913493,31.061745,58.075134,-19.274164,-7.5898485,-5.5876207
1267,2.168958902359009,11.172508239746094,77.83241271972656,1.9204440002005798,-4.783235896203099,-88.59647244477884,9.45353,4.4706254,16.91593,6.8732085,-10.942025,-7.05685,3.3006144,-15.051335,-5.282775,15.362928,-10.950547,14.725735,-4.7636538,-2.466201,9.158256,-1.2722211,13.068123,-40.790146,61.19999,21.174395,2.0712416,3.6913786,1.3278996,-15.855262,31.053959,58.14899,-19.289434,-7.5696855,-5.5076923
1268,2.240097999572754,11.201129913330078,77.82745361328125,1.997773227153149,-4.683128088125235,-88.80159399072653,9.375129,4.33708,17.122011,6.8675632,-10.9582205,-6.9826145,2.6341655,-15.229323,-5.105289,16.303242,-11.243497,14.851707,-4.685494,-2.5740159,9.134142,-1.2005814,13.031283,-40.777786,61.085785,21.183311,2.0848732,3.7064767,1.2717756,-15.751194,31.054071,58.265614,-19.339092,-7.5403023,-5.450634
1269,2.3021152019500732,11.229520797729492,77.8204574584961,2.089275990863402,-4.5977867326524295,-89.00620962691988,9.311363,4.1929855,17.325504,6.865496,-10.972817,-6.914219,2.0046716,-15.4170885,-4.981468,17.20812,-11.5353,15.000033,-4.6217732,-2.6936514,9.13032,-1.1194054,13.012848,-40.77595,60.945065,21.224936,2.0898142,3.7221208,1.2245232,-15.67356,31.052364,58.330242,-19.433638,-7.4936876,-5.4087954
1270,2.3603355884552,11.258552551269531,77.80827331542969,2.1881759054287815,-4.521646376028958,-89.21440492286912,9.25756,4.048429,17.530989,6.865185,-10.984239,-6.854253,1.3830664,-15.58964,-4.8931656,18.117805,-11.837625,15.000033,-4.5692425,-2.8259556,9.1355715,-1.0350635,13.005404,-40.781677,60.795635,21.284496,2.0897992,3.7416244,1.158678,-15.590514,31.058603,58.389565,-19.560932,-7.4349704,-5.3811984
1271,2.4144108295440674,11.290607452392578,77.79088592529297,2.2942232126168207,-4.4605663203920445,-89.4096015309444,9.218111,3.8977594,17.72428,6.8659825,-10.997959,-6.7983685,0.778261,-15.770825,-4.8262343,19.048077,-12.166645,15.000033,-4.5331006,-2.972281,9.150366,-0.9509151,13.012,-40.80423,60.642563,21.354721,2.0883625,3.7582624,1.0878874,-15.50597,31.066324,58.431515,-19.68608,-7.377907,-5.3592267
1272,2.4612667560577393,11.315945625305176,77.76966094970703,2.406038453117199,-4.418939508490144,-89.57987006083923,9.195884,3.745083,17.895195,6.8680634,-11.018737,-6.745653,0.20488569,-15.959493,-4.7592826,19.993391,-12.52616,15.000033,-4.51264,-3.127626,9.176163,-0.87449354,13.03242,-40.855915,60.493828,21.426916,2.0887048,3.7659664,1.0328194,-15.42864,31.066908,58.433002,-19.773409,-7.3360324,-5.3331347
1273,2.5006649494171143,11.341512680053711,77.750244140625,2.5240930533414803,-4.400234494380715,-89.72311236487762,9.195126,3.5866132,18.042732,6.86766,-11.048357,-6.694271,-0.3338457,-16.157984,-4.692876,20.953537,-12.90237,15.000033,-4.5078416,-3.297255,9.215979,-0.80658007,13.0676155,-40.9365,60.346596,21.50862,2.0934877,3.7572765,0.9934325,-15.354934,31.051834,58.393394,-19.80764,-7.3139515,-5.2993965
1274,2.5314557552337646,11.362550735473633,77.72425842285156,2.6508600100448128,-4.400704442761268,-89.84612348360919,9.210313,3.421662,18.17202,6.869229,-11.085466,-6.6450562,-0.8442379,-16.366842,-4.6363688,21.92723,-13.296589,15.000033,-4.520462,-3.4751477,9.269264,-0.74869585,13.105353,-41.03695,60.205402,21.603567,2.0994763,3.7382617,0.9716476,-15.302188,31.031088,58.302574,-19.804422,-7.303392,-5.260458
1275,2.5558176040649414,11.378413200378418,77.69470977783203,2.783057323202102,-4.414547989849195,-89.94926269480834,9.239014,3.2531111,18.282415,6.8694496,-11.122932,-6.6006937,-1.3255945,-16.581982,-4.5783033,22.905235,-13.730811,15.000033,-4.538846,-3.666739,9.325408,-0.6956839,13.166832,-41.176968,60.06801,21.687479,2.104403,3.7202127,0.9578025,-15.240354,31.003391,58.19183,-19.79558,-7.301302,-5.2260695
1276,2.5769267082214355,11.38805866241455,77.66465759277344,2.917788462635192,-4.436190197275675,-90.03277871374604,9.276974,3.0850735,18.372978,6.866345,-11.153533,-6.5638576,-1.7753835,-16.797348,-4.50686,23.874706,-14.225079,15.000033,-4.569928,-3.8585956,9.376953,-0.651291,13.238107,-41.3525,59.952393,21.745344,2.1031237,3.7167368,0.9611368,-15.188028,30.991697,58.048573,-19.796207,-7.3026323,-5.1991053
1277,2.5963001251220703,11.395785331726074,77.6363754272461,3.0627628322102485,-4.467849832220015,-90.09472434138017,9.326522,2.904644,18.442646,6.8588843,-11.175438,-6.5323353,-2.2117555,-17.033276,-4.4074607,24.890802,-14.85153,15.000033,-4.6127687,-4.057665,9.426803,-0.62142825,13.321103,-41.575752,59.86019,21.76805,2.0909178,3.7360795,0.982728,-15.146485,30.989902,57.86587,-19.81546,-7.3061533,-5.179334
1278,2.6091976165771484,11.40052604675293,77.60417938232422,3.2182857817390156,-4.511249052889051,-90.13525347447215,9.387871,2.7134426,18.491552,6.8482585,-11.192234,-6.505447,-2.6252775,-17.286196,-4.2888184,25.931263,-15.571217,15.000033,-4.6726556,-4.261401,9.475919,-0.611225,13.398667,-41.834618,59.802933,21.770529,2.0702922,3.771553,1.0233983,-15.122467,30.999908,57.639908,-19.83759,-7.313686,-5.1635427
1279,2.60990047454834,11.400542259216309,77.57426452636719,3.3675027407583498,-4.560474761920143,-90.15776922185287,9.456142,2.5342567,18.521387,6.8360496,-11.205912,-6.487911,-2.9713058,-17.516895,-4.172581,26.864681,-16.237467,15.000033,-4.7304792,-4.462734,9.519983,-0.6006526,13.498483,-42.132782,59.749077,21.755297,2.0517013,3.807567,1.0908417,-15.104269,31.01029,57.382095,-19.860743,-7.327763,-5.1541295
1280,2.6021487712860107,11.390164375305176,77.54962921142578,3.4935163610468503,-4.609685864640617,-90.16584804395303,9.526226,2.3916543,18.53374,6.8271465,-11.221381,-6.484497,-3.2116232,-17.683561,-4.0813494,27.57282,-16.70588,15.000033,-4.794787,-4.644118,9.546904,-0.582207,13.600803,-42.438034,59.713493,21.739283,2.042732,3.833298,1.1770412,-15.0939,31.046179,57.115993,-19.871624,-7.348918,-5.1546216
1281,2.583698272705078,11.371193885803223,77.52986907958984,3.5893261182163,-4.656793577835102,-90.15992434372806,9.595938,2.2923765,18.528666,6.8222365,-11.237431,-6.4975066,-3.3341737,-17.768017,-4.0097623,28.022552,-16.929504,15.000033,-4.862428,-4.802922,9.552664,-0.55753547,13.70459,-42.761787,59.69727,21.721592,2.0493207,3.8486743,1.2836454,-15.087928,31.111244,56.840828,-19.862013,-7.379786,-5.1672845
1282,2.5522701740264893,11.345392227172852,77.51069641113281,3.6672168348749024,-4.705050600026749,-90.13838675457184,9.668642,2.2238636,18.505278,6.8185534,-11.252048,-6.52413,-3.3611984,-17.794579,-3.9508238,28.280245,-16.9885,15.000033,-4.9358006,-4.9466925,9.54155,-0.53221256,13.809404,-43.10796,59.7036,21.698055,2.0656557,3.8596115,1.4081349,-15.085707,31.19951,56.55382,-19.839853,-7.418816,-5.190724
1283,2.514915943145752,11.311026573181152,77.49381256103516,3.7291993748028336,-4.7571439385998255,-90.10231311293872,9.748303,2.1794348,18.46602,6.815624,-11.269135,-6.56133,-3.3049607,-17.793722,-3.9222124,28.377024,-16.934872,15.000033,-5.0120063,-5.076908,9.518516,-0.5047147,13.913887,-43.45821,59.734947,21.671947,2.08351,3.862511,1.5511957,-15.085879,31.298893,56.262318,-19.819616,-7.4617543,-5.2215967
1284,2.4769022464752197,11.272075653076172,77.47647857666016,3.778620198144487,-4.815341108521181,-90.05255995611653,9.838574,2.1530209,18.412462,6.8103185,-11.289819,-6.606041,-3.176421,-17.792513,-3.9427423,28.340097,-16.818382,15.000033,-5.0888333,-5.1938834,9.488434,-0.47360694,14.016166,-43.794697,59.794247,21.645523,2.0944963,3.8539293,1.7121948,-15.086089,31.39879,55.974148,-19.814621,-7.5041194,-5.256563
1285,2.42996883392334,11.222391128540039,77.45801544189453,3.8144486971561973,-4.8826620500091265,-89.97820644805323,9.940581,2.1447086,18.334553,6.8042574,-11.317129,-6.657951,-2.9748855,-17.7989,-4.00928,28.161474,-16.583477,15.000033,-5.176587,-5.2965217,9.450684,-0.43958923,14.115681,-44.12496,59.887894,21.619637,2.096373,3.8337343,1.8957994,-15.085856,31.49208,55.687805,-19.838991,-7.548692,-5.3033543
1286,2.3754889965057373,11.16534423828125,77.4436264038086,3.834507265840837,-4.957220833655337,-89.88227443243399,10.0539875,2.1573603,18.234716,6.794448,-11.347224,-6.7185802,-2.69927,-17.797338,-4.115079,27.838654,-16.230011,15.000033,-5.272539,-5.3839836,9.403581,-0.4048445,14.212069,-44.456024,60.014084,21.591919,2.0936444,3.8036678,2.100595,-15.084199,31.585785,55.40021,-19.881502,-7.5965257,-5.3607855
1287,2.309675693511963,11.105254173278809,77.43438720703125,3.839878386252054,-5.033760626426059,-89.78788760098134,10.173041,2.1964178,18.134756,6.7887917,-11.381191,-6.789478,-2.3626046,-17.768486,-4.271517,27.414192,-15.893308,14.890744,-5.3559184,-5.458266,9.347386,-0.36761013,14.3002405,-44.76168,60.16944,21.565975,2.0881846,3.763802,2.3121455,-15.081168,31.691471,55.12863,-19.92188,-7.640393,-5.4142075
1288,2.226577043533325,11.035642623901367,77.42623138427734,3.798551979935991,-5.102147398971951,-89.74827450507414,10.29701,2.3154793,18.085697,6.7906346,-11.418004,-6.8860974,-1.9631194,-17.62814,-4.4741325,26.86511,-15.673705,14.494364,-5.374499,-5.4872274,9.285297,-0.3251592,14.38238,-45.01846,60.34452,21.542576,2.0817566,3.7137837,2.517535,-15.075229,31.819038,54.88546,-19.938992,-7.6733108,-5.448628
1289,2.1371469497680664,10.96801471710205,77.40984344482422,3.7791336898628454,-5.163128692905146,-89.72455317796891,10.417921,2.4195013,18.051413,6.7938094,-11.455668,-6.9837036,-1.4933325,-17.530884,-4.7860236,26.243238,-15.705875,14.2185,-5.36529,-5.538348,9.2029085,-0.27387407,14.459495,-45.23009,60.544823,21.529251,2.0713027,3.6492102,2.7216709,-15.065244,31.969658,54.669464,-19.92809,-7.689413,-5.4557266
1290,2.038601875305176,10.896292686462402,77.396484375,3.768077436998403,-5.220357646021868,-89.71067491846821,10.540426,2.523445,18.025782,6.795434,-11.493173,-7.085738,-0.95050913,-17.449106,-5.1853957,25.524115,-15.892434,14.008603,-5.335427,-5.596189,9.102277,-0.2208913,14.520004,-45.40433,60.785294,21.524658,2.056531,3.5729117,2.9275687,-15.052625,32.1406,54.477646,-19.898888,-7.6935897,-5.445071
1291,1.9301854372024536,10.822644233703613,77.38623046875,3.7302652382066332,-5.284295230173651,-89.70724125303299,10.676193,2.666331,18.00795,6.7983994,-11.529805,-7.1974864,-0.35256535,-17.321932,-5.5968943,24.721468,-16.080648,13.850413,-5.284485,-5.621772,9.008365,-0.17415227,14.55452,-45.52739,61.056355,21.515589,2.044764,3.4928992,3.1261134,-15.04263,32.32551,54.31537,-19.859001,-7.6956515,-5.4258037
1292,1.8171619176864624,10.745174407958984,77.39511108398438,3.6299530331552106,-5.3655792590158455,-89.71494833484942,10.837038,2.8872898,17.996952,6.8024654,-11.562376,-7.3244195,0.28245044,-17.092628,-5.944732,23.84954,-16.118237,13.726598,-5.2237945,-5.5843916,8.942401,-0.11455986,14.589036,-45.582527,61.309624,21.47933,2.0454516,3.4155376,3.2954395,-15.030365,32.54567,54.2001,-19.80409,-7.703413,-5.4127455
1293,1.6990019083023071,10.660425186157227,77.41712951660156,3.447583706946748,-5.479309848792547,-89.73705594141946,11.041351,3.2129292,17.992393,6.8098536,-11.592657,-7.4742823,0.9893374,-16.724846,-6.2085953,22.861753,-15.949128,13.654786,-5.1568265,-5.4635463,8.924598,-0.038037155,14.622077,-45.544704,61.5435,21.418509,2.0605316,3.334,3.429232,-15.015054,32.808807,54.131676,-19.727922,-7.723872,-5.4108357
1294,1.5860568284988403,10.585639953613281,77.44123077392578,3.2030339063320517,-5.616352917733415,-89.77166319222677,11.277517,3.6183276,17.995485,6.8191133,-11.620325,-7.642375,1.7680253,-16.256472,-6.4264493,21.759964,-15.655585,13.636088,-5.058177,-5.276807,8.940676,0.03239575,14.638678,-45.45525,61.789646,21.334496,2.0859218,3.2487473,3.5541356,-15.003485,33.079063,54.090668,-19.639925,-7.752062,-5.4095807
1295,1.4692355394363403,10.511114120483398,77.468994140625,2.9281902858037614,-5.7512588666424485,-89.81193458111487,11.512548,4.0655227,18.008345,6.829748,-11.64458,-7.815044,2.5451748,-15.736805,-6.6123476,20.634754,-15.294487,13.625473,-4.9889402,-5.054623,8.955266,0.13366859,14.647962,-45.261826,62.015594,21.251259,2.1167855,3.1713014,3.6253157,-14.98955,33.42045,54.114693,-19.5376,-7.774903,-5.4067516
1296,1.3418731689453125,10.432867050170898,77.50125122070312,2.650817318229908,-5.858185262558698,-89.85143860991126,11.713086,4.5150476,18.03229,6.8410077,-11.663701,-7.978447,3.2457166,-15.215443,-6.783054,19.58149,-14.925509,13.57817,-4.9101176,-4.818837,8.948227,0.23505008,14.643534,-45.032295,62.22953,21.164852,2.1505868,3.1157062,3.6770658,-14.980858,33.761772,54.17945,-19.454916,-7.7854486,-5.386864
1297,1.2197589874267578,10.358168601989746,77.536376953125,2.362484265477547,-5.929633563344272,-89.8941621261713,11.873516,4.979093,18.07315,6.8530564,-11.680703,-8.1300535,3.8524642,-14.683279,-6.9372406,18.615156,-14.540611,13.475364,-4.869196,-4.558278,8.903804,0.36942267,14.622866,-44.702484,62.4195,21.08892,2.1888351,3.085787,3.6653504,-14.976321,34.187607,54.327385,-19.3657,-7.777349,-5.3580275
1298,1.0959333181381226,10.28999137878418,77.57528686523438,2.0506888028391725,-5.979717575034767,-89.94155762145911,12.008878,5.471216,18.128077,6.868629,-11.696607,-8.276723,4.406333,-14.12006,-7.070148,17.687542,-14.116056,13.342974,-4.833218,-4.26336,8.841088,0.51569337,14.584306,-44.30837,62.6009,21.007666,2.232943,3.0751958,3.6168444,-14.978864,34.656002,54.533207,-19.2747,-7.7577267,-5.320111
1299,0.9745954275131226,10.22226619720459,77.61302185058594,1.747334758959242,-6.013946632022346,-89.98400894863784,12.121092,5.953825,18.183924,6.8828473,-11.702487,-8.418955,4.9176993,-13.567484,-7.1930594,16.803503,-13.690006,13.203976,-4.8007154,-3.9688456,8.771089,0.66717154,14.532895,-43.86348,62.7651,20.933596,2.2753117,3.0784569,3.5542989,-14.985955,35.114407,54.759174,-19.20745,-7.7305417,-5.263471
1300,0.8538706302642822,10.159713745117188,77.64740753173828,1.48285180105478,-6.037907719073097,-90.01191618422334,12.211213,6.3889985,18.227957,6.8950753,-11.692353,-8.55701,5.3921866,-13.069591,-7.315873,15.974104,-13.303034,13.080675,-4.789358,-3.71171,8.701893,0.82117826,14.469892,-43.36241,62.907856,20.880514,2.3074968,3.0905547,3.482441,-14.994229,35.535503,54.984333,-19.18325,-7.6987505,-5.1814184
1301,0.7313901782035828,10.10162353515625,77.68013000488281,1.2663045211601698,-6.0451102863436414,-90.02894710291076,12.273065,6.7631264,18.26564,6.9049864,-11.660372,-8.688814,5.8154116,-12.643323,-7.4321203,15.206407,-12.963672,12.979139,-4.7954354,-3.5044537,8.631545,0.97882754,14.396303,-42.788765,63.03366,20.859081,2.322401,3.11925,3.398209,-15.00021,35.914074,55.21603,-19.213285,-7.666514,-5.06709
1302,0.6135107278823853,10.048748016357422,77.71031188964844,1.0829092538943208,-6.03478195011694,-90.03863256269598,12.309932,7.0957103,18.300777,6.911715,-11.611357,-8.814645,6.179856,-12.266604,-7.538328,14.509672,-12.655742,12.885613,-4.8207464,-3.3287253,8.555764,1.143348,14.309282,-42.140343,63.142513,20.86193,2.325976,3.1639216,3.2916372,-15.002932,36.27588,55.47052,-19.282623,-7.630891,-4.927464
1303,0.4941614270210266,10.003677368164062,77.73571014404297,0.9216694928561864,-6.020944097559113,-90.03065493422142,12.334324,7.4001517,18.316687,6.918141,-11.556118,-8.938738,6.5226154,-11.923399,-7.6526723,13.853698,-12.371174,12.793296,-4.8549857,-3.1759584,8.484315,1.3040167,14.217955,-41.473785,63.216698,20.867752,2.3303998,3.2060413,3.1860301,-15.002945,36.591263,55.7161,-19.38429,-7.5866766,-4.7712975
1304,0.37657880783081055,9.95738410949707,77.75785064697266,0.769538586322796,-6.0181344984105465,-89.99441436474542,12.35916,7.6898713,18.29716,6.925118,-11.504063,-9.065278,6.8790164,-11.599714,-7.7917566,13.2138,-12.103402,12.696158,-4.91175,-3.0355844,8.424351,1.4592404,14.11904,-40.812943,63.24376,20.868073,2.3468823,3.228046,3.0888436,-15.001755,36.86145,55.931343,-19.502462,-7.526937,-4.609242
1305,0.25883960723876953,9.913553237915039,77.7757797241211,0.6318651478716338,-6.028474986133972,-89.9237125975893,12.385538,7.961381,18.231798,6.931397,-11.4554825,-9.195982,7.249798,-11.298822,-7.9621577,12.599458,-11.860011,12.590296,-4.9813232,-2.9122891,8.379731,1.6125156,14.018812,-40.1445,63.206757,20.862434,2.3890646,3.215695,3.0142689,-14.999984,37.05945,56.099045,-19.67073,-7.4407616,-4.42458
1306,0.14044414460659027,9.87491226196289,77.79158020019531,0.5107766695661692,-6.0446892877568015,-89.82519671522016,12.407349,8.209869,18.131113,6.936765,-11.406062,-9.328552,7.617987,-11.024928,-8.154595,12.019095,-11.641412,12.479019,-5.0666313,-2.809686,8.346314,1.7655952,13.9176445,-39.45533,63.113525,20.856146,2.447349,3.1811805,2.9512234,-14.998331,37.19993,56.235302,-19.883493,-7.3349857,-4.218057
1307,0.018867870792746544,9.832686424255371,77.803955078125,0.39649972734944045,-6.067071301465924,-89.70785492033885,12.428323,8.4464655,18.010902,6.9417887,-11.358348,-9.461033,7.992096,-10.765435,-8.361311,11.448675,-11.431529,12.367514,-5.162654,-2.7146702,8.323765,1.9020194,13.818431,-38.816494,62.98277,20.835766,2.4999552,3.1464062,2.8950045,-14.99824,37.30169,56.347775,-20.076113,-7.230818,-4.0240073
1308,-0.09754203259944916,9.79645824432373,77.81539916992188,0.2813289698453987,-6.095833428791442,-89.5807890287962,12.451281,8.682505,17.886738,6.946724,-11.313528,-9.591601,8.383243,-10.504411,-8.575118,10.857714,-11.211609,12.261131,-5.25941,-2.6142726,8.312462,2.002612,13.729237,-38.310326,62.833187,20.780521,2.525299,3.133185,2.8455176,-15.001125,37.3771,56.439537,-20.184702,-7.1490526,-3.8763707
1309,-0.21111567318439484,9.766443252563477,77.82501983642578,0.16432270405141336,-6.133807421350549,-89.44211620864243,12.4784975,8.919012,17.760696,6.9527473,-11.272974,-9.719751,8.798849,-10.238794,-8.799211,10.237509,-10.9784975,12.163417,-5.349484,-2.5099733,8.317338,2.0712647,13.661119,-37.95238,62.65107,20.66659,2.5151212,3.1445036,2.8069987,-15.008281,37.41803,56.501022,-20.187733,-7.0915546,-3.77748
1310,-0.3263697028160095,9.735695838928223,77.83172607421875,0.051050326681489816,-6.17973594650729,-89.28846654670019,12.503152,9.151629,17.624458,6.9693775,-11.240953,-9.846447,9.234224,-9.976656,-9.035914,9.599455,-10.739081,12.071296,-5.44573,-2.4074798,8.3364105,2.1175194,13.608272,-37.695942,62.432747,20.510107,2.4813285,3.1696672,2.775916,-15.018908,37.42905,56.53333,-20.118364,-7.0477753,-3.711567
1311,-0.44083237648010254,9.704975128173828,77.83855438232422,-0.060352848271739645,-6.227997299113624,-89.12654096831754,12.483975,9.392325,17.472912,7.0792623,-11.261154,-9.971867,9.685427,-9.714752,-9.278003,8.933574,-10.486333,11.98032,-5.5549064,-2.302422,8.360316,2.1401505,13.562401,-37.53233,62.198174,20.36083,2.4335265,3.2082138,2.7446566,-15.034024,37.42516,56.5577,-19.99939,-7.020112,-3.685837
1312,-0.5508084297180176,9.6736421585083,77.84185028076172,-0.16937197006668656,-6.2725999118855365,-88.96357070573818,12.459173,9.627641,17.31451,7.187516,-11.283262,-10.095899,10.141399,-9.451748,-9.516616,8.2443,-10.216037,11.885743,-5.6674075,-2.1947525,8.381281,2.1370163,13.534641,-37.480846,61.953953,20.253252,2.3829267,3.258477,2.7171726,-15.047171,37.402306,56.586155,-19.858286,-7.011971,-3.7066534
1313,-0.6629400253295898,9.644885063171387,77.84225463867188,-0.2681382922707747,-6.3111999507834495,-88.80193519838959,12.431234,9.848014,17.1496,7.2829075,-11.303256,-10.2171545,10.504882,-9.2122555,-9.732466,7.7332907,-10.034791,11.786373,-5.7967963,-2.0901525,8.395749,2.104074,13.517951,-37.54443,61.70658,20.207993,2.3263705,3.3267977,2.6884506,-15.059637,37.3653,56.62144,-19.698263,-7.0324116,-3.789719
1314,-0.7713863253593445,9.621048927307129,77.84125518798828,-0.3534473610464673,-6.342521127354021,-88.64201822042374,12.399083,10.048205,16.98209,7.363652,-11.319205,-10.3349,10.66379,-9.02219,-9.9103155,7.6357155,-10.067185,11.687158,-5.913625,-1.9912395,8.401785,2.0319734,13.510652,-37.7504,61.45722,20.190174,2.262131,3.4137158,2.6774533,-15.075736,37.286144,56.645878,-19.511316,-7.0781164,-3.9259698
1315,-0.8839176893234253,9.592659950256348,77.83731842041016,-0.4342894297112689,-6.370235733639171,-88.48211749986098,12.363169,10.240304,16.812862,7.4404926,-11.333859,-10.451443,10.8143215,-8.838922,-10.086183,7.545341,-10.101522,11.589364,-6.035328,-1.8928938,8.405348,1.9453884,13.516822,-38.023994,61.19684,20.200077,2.1942768,3.502974,2.6605682,-15.088628,37.206833,56.67975,-19.29194,-7.1310744,-4.086753
1316,-0.9889281392097473,9.565301895141602,77.8318862915039,-0.5047717032139782,-6.3914465652478745,-88.32768313052034,12.327324,10.4156065,16.650831,7.502749,-11.338343,-10.567238,10.953102,-8.670895,-10.25737,7.4589972,-10.136656,11.497476,-6.131327,-1.8004552,8.401378,1.8404211,13.532908,-38.35101,60.940487,20.217365,2.1294763,3.5831094,2.6479216,-15.102316,37.12166,56.720917,-19.043428,-7.1741333,-4.241329
1317,-1.092858076095581,9.541186332702637,77.82826232910156,-0.5611451739092457,-6.404317448256416,-88.18217293361494,12.2908,10.570889,16.499891,7.5506506,-11.331896,-10.685823,11.072142,-8.523043,-10.420316,7.3870754,-10.177672,11.411612,-6.2078094,-1.7161579,8.385483,1.7211615,13.557928,-38.731255,60.68288,20.252111,2.066915,3.660576,2.6345506,-15.118158,37.048225,56.770275,-18.734835,-7.202959,-4.3934193
1318,-1.192541241645813,9.512313842773438,77.82356262207031,-0.6095897656810507,-6.410992996638475,-88.04199064640659,12.252971,10.711584,16.35465,7.58714,-11.317682,-10.805861,11.177537,-8.388909,-10.5779085,7.323717,-10.221234,11.329491,-6.2880163,-1.6354835,8.360426,1.5910386,13.588071,-39.157055,60.42164,20.313957,2.0032194,3.7386038,2.6094315,-15.134078,36.996437,56.834686,-18.372395,-7.226557,-4.5559006
1319,-1.2836620807647705,9.491244316101074,77.8194808959961,-0.6497128075696306,-6.414548148029276,-87.90264921716357,12.214062,10.838438,16.211254,7.616002,-11.298796,-10.92019,11.275946,-8.267504,-10.733932,7.264632,-10.265709,11.252519,-6.3675017,-1.559253,8.334381,1.4504559,13.6192465,-39.59245,60.16639,20.390486,1.9413102,3.7991683,2.5735812,-15.149446,36.95359,56.91607,-18.011847,-7.2471666,-4.712136
1320,-1.377527117729187,9.468453407287598,77.81536865234375,-0.6836056565015944,-6.417812509696808,-87.76008252651157,12.171961,10.952336,16.06526,7.6459465,-11.280597,-11.021793,11.373784,-8.158101,-10.892407,7.2058926,-10.309333,11.18211,-6.4191794,-1.4886632,8.317853,1.2946092,13.657171,-40.030235,59.920475,20.460484,1.885786,3.8246782,2.548744,-15.169556,36.87927,56.997177,-17.714878,-7.266953,-4.8442883
1321,-1.4697338342666626,9.447636604309082,77.80890655517578,-0.7078870580849157,-6.424874220506017,-87.61298022107525,12.130208,11.050673,15.915526,7.677198,-11.264297,-11.107846,11.473945,-8.06345,-11.054948,7.1528583,-10.357638,11.120055,-6.493067,-1.4250486,8.313892,1.138683,13.685352,-40.39998,59.688885,20.553698,1.8298887,3.8045607,2.4924078,-15.186616,36.831753,57.114838,-17.479883,-7.2880154,-4.9587135
1322,-1.5527563095092773,9.429047584533691,77.80389404296875,-0.7242991534111046,-6.43305086804157,-87.46344012318112,12.089183,11.13393,15.764354,7.7042747,-11.246147,-11.182315,11.575111,-7.981938,-11.219897,7.1008463,-10.40723,11.065423,-6.530103,-1.36605,8.3192625,0.95592314,13.719301,-40.803154,59.47048,20.644234,1.7773021,3.7526171,2.4534633,-15.211836,36.74443,57.228916,-17.292995,-7.31,-5.0577984
1323,-1.6311192512512207,9.40839958190918,77.8001937866211,-0.7376173961106534,-6.435807344884686,-87.3129183368765,12.040262,11.207839,15.613064,7.731073,-11.226121,-11.248385,11.667302,-7.908737,-11.383856,7.052342,-10.454865,11.016009,-6.610084,-1.3092523,8.320745,0.78879875,13.737411,-41.118763,59.26726,20.755323,1.7298487,3.677884,2.369903,-15.229376,36.71243,57.38519,-17.131996,-7.322377,-5.13409
1324,-1.7050212621688843,9.388339042663574,77.79695892333984,-0.7491812760202498,-6.426429889332193,-87.16324872342219,11.977087,11.275833,15.463626,7.7549295,-11.200655,-11.309195,11.742793,-7.8399425,-11.543468,7.0037274,-10.493457,10.969371,-6.660412,-1.2509288,8.311566,0.6105842,13.753737,-41.439816,59.086407,20.833405,1.6995547,3.5964334,2.3071022,-15.252667,36.65063,57.524662,-17.010418,-7.3185225,-5.1701417
1325,-1.7800524234771729,9.370553970336914,77.79496002197266,-0.7578297145393506,-6.40018815654572,-87.011767770846,11.890868,11.33804,15.312801,7.7800794,-11.169993,-11.363943,11.796025,-7.7756433,-11.700484,6.955667,-10.521888,10.925278,-6.741171,-1.1914021,8.28584,0.45077896,13.760792,-41.680294,58.917774,20.90358,1.6895978,3.490101,2.2167659,-15.27185,36.622334,57.686443,-16.922092,-7.290762,-5.1519117
1326,-1.8494956493377686,9.357743263244629,77.79462432861328,-0.7634979187663428,-6.361536276473409,-86.85894562504659,11.789235,11.391049,15.161482,7.802255,-11.133323,-11.411536,11.831437,-7.7191334,-11.854869,6.910426,-10.543287,10.884753,-6.8105593,-1.1310447,8.248418,0.28529695,13.761644,-41.905365,58.769745,20.953178,1.6974928,3.361899,2.1325996,-15.295367,36.58331,57.846687,-16.87355,-7.245307,-5.0891514
1327,-1.910995364189148,9.34694766998291,77.79460906982422,-0.7661860064752768,-6.318505582804006,-86.71042738144571,11.685365,11.436711,15.015858,7.819038,-11.093222,-11.454603,11.839379,-7.6727123,-12.000026,6.907734,-10.581948,10.846386,-6.885321,-1.073078,8.209288,0.12581274,13.755043,-42.083538,58.640034,21.000254,1.7090358,3.2413185,2.0344536,-15.319207,36.56159,58.015133,-16.848724,-7.1925344,-5.0115747
1328,-1.9745522737503052,9.335201263427734,77.79344177246094,-0.7665470576182869,-6.27892345459899,-86.57208597267994,11.587889,11.478014,14.881452,7.8362746,-11.055673,-11.495878,11.84643,-7.631236,-12.134178,6.9076,-10.619134,10.809068,-6.9524193,-1.0186465,8.177299,-0.028532764,13.741482,-42.22719,58.53077,21.04771,1.7123859,3.1610851,1.928595,-15.343746,36.555305,58.179897,-16.833363,-7.143435,-4.947704
1329,-2.0309247970581055,9.324376106262207,77.79325866699219,-0.7620725066284338,-6.244672912566894,-86.44460102971897,11.500819,11.513981,14.760663,7.851296,-11.021133,-11.533778,11.856221,-7.5958624,-12.25698,6.9072185,-10.653058,10.772364,-7.008511,-0.9683764,8.154853,-0.18001287,13.719233,-42.339558,58.4503,21.10263,1.7039373,3.1373758,1.8173096,-15.371193,36.56247,58.342537,-16.835072,-7.098104,-4.9064474
1330,-2.0877397060394287,9.314007759094238,77.79411315917969,-0.7553228416646306,-6.211383757186835,-86.32551388718733,11.419407,11.543397,14.650562,7.8615446,-10.985965,-11.567726,11.863626,-7.5672574,-12.369999,6.9071717,-10.6827755,10.736896,-7.0557427,-0.9207214,8.136399,-0.33410254,13.682341,-42.419865,58.404884,21.159994,1.6897417,3.1515868,1.7054645,-15.406379,36.58097,58.49815,-16.856945,-7.0507407,-4.87155
1331,-2.1390891075134277,9.303606033325195,77.79493713378906,-0.7473108801638063,-6.178744416803745,-86.21469299083886,11.340462,11.569556,14.548171,7.871114,-10.9508095,-11.601524,11.867223,-7.541756,-12.473923,6.9081526,-10.710194,10.703402,-7.0978703,-0.8685618,8.120402,-0.49189946,13.623468,-42.46661,58.38584,21.206697,1.6739157,3.1831634,1.5924152,-15.454622,36.612644,58.637314,-16.87927,-7.0058117,-4.8337717
1332,-2.1902668476104736,9.297051429748535,77.79537200927734,-0.7377566738336565,-6.146455511697105,-86.11258573492701,11.264695,11.593782,14.451595,7.8771014,-10.912573,-11.639013,11.867141,-7.5162787,-12.569201,6.9076796,-10.73593,10.672595,-7.1333537,-0.81754935,8.10616,-0.6444452,13.563854,-42.485207,58.3626,21.223778,1.6616917,3.209362,1.4729748,-15.501404,36.654427,58.76042,-16.886116,-6.967699,-4.785866
1333,-2.2412261962890625,9.293810844421387,77.79549407958984,-0.7273861012752542,-6.114373572748476,-86.01839372438965,11.192861,11.615034,14.358456,7.876065,-10.867331,-11.683515,11.861886,-7.491202,-12.655676,6.9076414,-10.761381,10.646552,-7.1584044,-0.75661665,8.09156,-0.81106895,13.469333,-42.474304,58.368664,21.199898,1.6530876,3.2322953,1.365367,-15.576372,36.70714,58.838593,-16.86494,-6.934368,-4.713685
1334,-2.2913639545440674,9.29151439666748,77.79557037353516,-0.7162621617798964,-6.082866298779704,-85.93208118207951,11.124962,11.633009,14.270258,7.8696094,-10.817245,-11.732358,11.853259,-7.4677324,-12.73342,6.907126,-10.785621,10.624008,-7.1717467,-0.6971493,8.080164,-0.9743484,13.374144,-42.43631,58.375267,21.143013,1.6470721,3.2577927,1.2573864,-15.655039,36.767178,58.893684,-16.830954,-6.9054956,-4.6268225
1335,-2.3361189365386963,9.291497230529785,77.79556274414062,-0.7073832847601136,-6.05132928474943,-85.85552121498912,11.059342,11.650695,14.191668,7.862985,-10.768758,-11.780059,11.839555,-7.4446726,-12.801988,6.907025,-10.807075,10.6015835,-7.1785975,-0.6384259,8.072139,-1.1293834,13.285721,-42.37877,58.370193,21.07371,1.6425549,3.2820208,1.1430752,-15.732216,36.830826,58.93856,-16.796816,-6.884157,-4.5460515
1336,-2.376920461654663,9.29003620147705,77.79447937011719,-0.700304522348959,-6.019193762219621,-85.79097523699686,10.996086,11.671339,14.127319,7.85814,-10.72681,-11.821001,11.820559,-7.4200096,-12.861163,6.9071174,-10.82413,10.575934,-7.1832924,-0.5750765,8.067695,-1.27697,13.200073,-42.30856,58.350986,21.01469,1.6382585,3.3022144,1.0225827,-15.811074,36.893677,58.976803,-16.773561,-6.8731403,-4.490768
1337,-2.4144160747528076,9.291629791259766,77.79486083984375,-0.6975769454643396,-5.9856185776344,-85.73983196890325,10.932644,11.697111,14.080727,7.859349,-10.694542,-11.852891,11.794572,-7.3933926,-12.910227,6.9067354,-10.834863,10.546638,-7.185583,-0.50217044,8.067561,-1.4235853,13.103283,-42.21886,58.32906,20.969856,1.6326681,3.3209627,0.903195,-15.903944,36.954483,58.996372,-16.762747,-6.8756375,-4.46611
1338,-2.451275587081909,9.295446395874023,77.79423522949219,-0.696632390067174,-5.951280311617297,-85.70061719973756,10.87113,11.725304,14.048809,7.86181,-10.667368,-11.878829,11.76286,-7.3654995,-12.949669,6.9059386,-10.840881,10.515294,-7.1802907,-0.42863926,8.071326,-1.5617775,13.016318,-42.114964,58.290012,20.923447,1.62757,3.3372784,0.77633524,-15.991651,37.01137,59.01172,-16.761917,-6.890248,-4.4632416
1339,-2.483203887939453,9.302345275878906,77.79586791992188,-0.6980679074458221,-5.917210963400521,-85.6710623471482,10.811302,11.754962,14.02533,7.867085,-10.644625,-11.902113,11.726492,-7.337203,-12.980532,6.906466,-10.844307,10.48174,-7.1745944,-0.3482725,8.078218,-1.6974187,12.923912,-42.002403,58.246048,20.883913,1.6236436,3.3493562,0.6485751,-16.089973,37.072227,59.01005,-16.764439,-6.909308,-4.4736657
1340,-2.513597011566162,9.308509826660156,77.79632568359375,-0.7023895566097605,-5.884817147592207,-85.64899287876865,10.756494,11.78391,14.004748,7.8690658,-10.620636,-11.926049,11.689853,-7.3087206,-13.004341,6.9058833,-10.846227,10.445459,-7.168096,-0.26174635,8.087603,-1.8264107,12.835012,-41.89868,58.187546,20.85316,1.6230683,3.3529708,0.5179164,-16.190422,37.133484,58.999435,-16.771475,-6.926459,-4.491496
1341,-2.5414741039276123,9.317346572875977,77.79667663574219,-0.70798072709596,-5.8549663639317995,-85.63900136008343,10.707683,11.8123865,13.988536,7.871183,-10.598661,-11.9506855,11.650354,-7.279861,-13.016371,6.907154,-10.847109,10.404959,-7.161321,-0.16661845,8.100365,-1.9441868,12.753028,-41.807583,58.105965,20.836443,1.6277684,3.3431945,0.37908858,-16.290861,37.19739,58.979,-16.785313,-6.941093,-4.522174
1342,-2.563143491744995,9.326769828796387,77.79833221435547,-0.7183490089339791,-5.826738048021804,-85.6398183278444,10.663275,11.841237,13.978467,7.8730893,-10.578169,-11.9747,11.60844,-7.250531,-13.018415,6.9077506,-10.844959,10.361137,-7.1540966,-0.062342122,8.116969,-2.0557778,12.67122,-41.72074,58.01009,20.82951,1.6358374,3.324114,0.23772125,-16.400063,37.264397,58.94121,-16.803774,-6.9558873,-4.565134
