Frame,root_translateX,root_translateY,root_translateZ,root_rotateX,root_rotateY,root_rotateZ,left_hip_pitch_joint_dof,left_hip_roll_joint_dof,left_hip_yaw_joint_dof,left_knee_joint_dof,left_ankle_pitch_joint_dof,left_ankle_roll_joint_dof,right_hip_pitch_joint_dof,right_hip_roll_joint_dof,right_hip_yaw_joint_dof,right_knee_joint_dof,right_ankle_pitch_joint_dof,right_ankle_roll_joint_dof,waist_yaw_joint_dof,waist_roll_joint_dof,waist_pitch_joint_dof,left_shoulder_pitch_joint_dof,left_shoulder_roll_joint_dof,left_shoulder_yaw_joint_dof,left_elbow_joint_dof,left_wrist_roll_joint_dof,left_wrist_pitch_joint_dof,left_wrist_yaw_joint_dof,right_shoulder_pitch_joint_dof,right_shoulder_roll_joint_dof,right_shoulder_yaw_joint_dof,right_elbow_joint_dof,right_wrist_roll_joint_dof,right_wrist_pitch_joint_dof,right_wrist_yaw_joint_dof
0,0.2909586429595947,2.6174075603485107,77.04330444335938,-1.8794057443428698,-11.38875474612238,-91.64750465956345,23.450426,11.556013,19.039461,6.9737,-15.327738,-11.6957,17.567026,-4.9873743,-1.25375,6.9239087,-12.143357,11.532206,-2.1581366,-2.5360205,17.230602,-4.8488636,13.709741,-43.42435,66.82709,-2.6480796,6.3745937,9.838562,-7.58533,-11.256089,56.636578,65.62778,13.940816,2.93995,-2.9831593
1,0.29205507040023804,2.612588882446289,77.0431137084961,-1.831808553401133,-11.323114742157824,-91.65509321882205,23.36967,11.490513,19.034094,6.973338,-15.332493,-11.65327,17.49153,-5.0560484,-1.2689631,6.923818,-12.176065,11.595291,-2.089607,-2.5721831,17.186499,-4.8151536,13.719144,-43.272747,66.727486,-2.5782537,6.3973627,9.916183,-7.6964746,-11.232439,56.90645,65.49711,13.75772,3.3374693,-2.8172338
2,0.29812800884246826,2.6124684810638428,77.04331970214844,-1.7870507455390003,-11.266423692339762,-91.66770655523737,23.302893,11.428344,19.034502,6.9730945,-15.339679,-11.61514,17.42586,-5.1213303,-1.2766017,6.9244733,-12.20675,11.653301,-2.0507329,-2.6120274,17.146433,-4.761127,13.727671,-43.077232,66.62924,-2.495429,6.414424,9.993273,-7.8071446,-11.212262,57.202442,65.376076,13.656389,3.706708,-2.6624136
3,0.3086303472518921,2.6237988471984863,77.04437255859375,-1.7377648537055195,-11.191953116345278,-91.67015264231105,23.208305,11.359745,19.023565,6.973076,-15.342455,-11.568396,17.340942,-5.1937566,-1.298946,6.9244175,-12.242625,11.721075,-2.0046597,-2.6500034,17.09868,-4.7237635,13.735768,-42.89824,66.51715,-2.4163733,6.4410424,10.069835,-7.932289,-11.194494,57.51711,65.22482,13.409799,4.134455,-2.4848368
4,0.3208177983760834,2.6412813663482666,77.04911041259766,-1.6792959361431639,-11.073008123262305,-91.64728311041841,23.042904,11.274005,18.984442,6.9744396,-15.334383,-11.49991,17.206665,-5.28494,-1.357692,6.9243517,-12.292506,11.813163,-1.9490087,-2.6869688,17.029518,-4.7213,13.745628,-42.75016,66.366516,-2.3446112,6.491627,10.1445265,-8.1017,-11.17402,57.891457,65.005424,12.804576,4.7120137,-2.2502532
5,0.3318052589893341,2.660757303237915,77.05685424804688,-1.5986728113971753,-10.910122070122574,-91.60868315782977,22.811214,11.158946,18.926258,6.9770637,-15.328593,-11.405754,17.0233,-5.4119854,-1.4475579,6.9230437,-12.369952,11.941404,-1.857159,-2.7341363,16.939459,-4.746584,13.754026,-42.621254,66.18052,-2.3162508,6.573328,10.246388,-8.317597,-11.151941,58.34072,64.707375,11.822709,5.4625916,-1.9210829
6,0.34968024492263794,2.6934523582458496,77.06803894042969,-1.4986509125930636,-10.715319550093607,-91.55893861163221,22.532307,11.019881,18.85337,6.979949,-15.323958,-11.292183,16.803602,-5.5690236,-1.559095,6.9226675,-12.468128,12.094817,-1.7836692,-2.7963483,16.83177,-4.7661324,13.765477,-42.45249,65.952286,-2.303786,6.6766143,10.3651705,-8.590653,-11.113467,58.903454,64.375694,10.579031,6.330306,-1.5150752
7,0.3682865798473358,2.737555742263794,77.08438873291016,-1.398092756670016,-10.478892785350938,-91.47485662473345,22.183134,10.874109,18.74041,6.985597,-15.292788,-11.161274,16.540451,-5.73421,-1.7083983,6.921329,-12.561852,12.2537565,-1.6803713,-2.8469129,16.701502,-4.8551435,13.780686,-42.39549,65.70309,-2.2660236,6.7941017,10.444636,-8.872429,-11.065918,59.42969,63.987423,8.987083,7.2881327,-1.0637231
8,0.3849884569644928,2.785137891769409,77.10396575927734,-1.3208430460267933,-10.191093021572378,-91.3316285197027,21.74225,10.743232,18.560883,6.9964714,-15.20825,-11.013789,16.224392,-5.8816133,-1.9128664,6.919253,-12.625875,12.39957,-1.5544357,-2.858828,16.543745,-5.062114,13.798444,-42.533386,65.440216,-2.142673,6.9166403,10.427121,-9.136686,-11.028367,59.841614,63.52294,6.981465,8.309484,-0.5969802
9,0.4156143069267273,2.8418469429016113,77.12596893310547,-1.2905496302612134,-9.828978436429686,-91.11261093769018,20.929764,10.749032,18.237814,7.5670066,-15.383106,-10.852611,15.831874,-5.975409,-2.1915872,6.9123955,-12.6621065,12.539617,-1.4799154,-2.811743,16.328398,-5.360452,13.842715,-42.945152,65.14447,-2.031359,7.070799,10.328983,-9.439609,-10.95487,60.2703,63.071712,4.446355,9.370573,-0.091912486
10,0.44636136293411255,2.9068734645843506,77.14209747314453,-1.3234640955400223,-9.389319900010825,-90.81846223472816,19.352077,11.030962,17.702494,9.554078,-16.272345,-10.678487,15.357831,-6.007882,-2.5429416,6.9020677,-12.679525,12.675635,-1.4125942,-2.6926253,16.05428,-5.7485223,13.914754,-43.612106,64.81665,-1.9391297,7.2539883,10.167901,-9.761443,-10.845322,60.656433,62.619274,1.4183167,10.474606,0.48973718
11,0.48840609192848206,2.9959323406219482,77.15169525146484,-1.3844240057568002,-8.909176312427226,-90.46465722721709,17.59173,11.349622,17.092583,11.763209,-17.196554,-10.482412,14.843078,-6.033399,-2.9453883,6.8909197,-12.664305,12.790618,-1.341223,-2.543308,15.759437,-6.1882563,14.002485,-44.26025,64.413414,-1.6158665,7.410561,9.887755,-10.051025,-10.722286,60.886673,62.068226,-1.8499949,11.642045,1.1209092
12,0.5362665057182312,3.106705904006958,77.15580749511719,-1.439636866166421,-8.423697766722677,-90.05771145346222,15.752453,11.637487,16.454613,14.050179,-18.026114,-10.2590685,14.329292,-6.090042,-3.3880239,6.8804054,-12.601224,12.873426,-1.2504929,-2.4017117,15.481753,-6.6495876,14.106346,-44.636787,63.895134,-0.8217264,7.478581,9.432085,-10.259865,-10.597764,60.827747,61.332657,-5.1168704,12.903082,1.7687893
13,0.591031014919281,3.215646266937256,77.15951538085938,-1.5136863948330812,-7.913615362691688,-89.60267435980957,13.788388,11.918798,15.778176,16.463524,-18.76218,-10.003722,13.791374,-6.138746,-3.8637908,6.8697724,-12.502958,12.908757,-1.1165929,-2.2282166,15.201028,-7.1058345,14.229896,-44.673,63.220413,0.79279566,7.4263754,8.676319,-10.371486,-10.480099,60.417896,60.392128,-8.44427,14.378761,2.4245245
14,0.6584530472755432,3.34061598777771,77.16498565673828,-1.6097372826528653,-7.373716237553159,-89.0982141143596,11.6936245,12.200851,15.047874,19.008099,-19.441387,-9.709741,13.219912,-6.1620126,-4.3804235,6.859026,-12.371847,12.915821,-0.95296115,-2.020654,14.910097,-7.5772014,14.378939,-44.501873,62.418526,3.0052547,7.262753,7.6916122,-10.417373,-10.373128,59.738224,59.277493,-11.939015,16.01504,3.1405256
15,0.7368691563606262,3.4757466316223145,77.1530990600586,-1.6501864256205838,-6.865530728413116,-88.5412038348658,9.575536,12.400727,14.301651,21.615116,-20.062708,-9.383698,12.586715,-6.257835,-4.938122,7.071976,-12.295732,12.9343195,-0.7962475,-1.8882548,14.673056,-8.105881,14.558629,-44.17123,61.546276,5.1991143,7.0103927,6.7165346,-10.422421,-10.284507,58.86275,57.976345,-15.421793,17.587788,3.944396
16,0.8127780556678772,3.617953062057495,77.12678527832031,-1.5944501726868459,-6.43620880582513,-87.91929083036483,7.6000204,12.448211,13.596189,24.051128,-20.528198,-9.035252,11.263265,-6.543236,-5.4746943,8.975208,-13.018061,12.983778,-0.69376874,-1.9051394,14.5407295,-8.7326145,14.773598,-43.724007,60.659492,6.765163,6.728345,5.980853,-10.407992,-10.224293,57.869473,56.46915,-18.692854,18.877184,4.8256736
17,0.8680747151374817,3.7686164379119873,77.08880615234375,-1.3991203532961496,-6.0553098585166225,-87.2073559362992,5.7309175,12.289399,12.9898815,26.302465,-20.774387,-8.639254,9.663569,-7.0708303,-6.0335584,11.650849,-14.143779,13.0708065,-0.65100193,-2.123436,14.479277,-9.465404,15.025453,-43.139435,59.805298,7.455052,6.4090633,5.4962053,-10.358827,-10.203689,56.76219,54.720818,-21.91826,19.95108,5.82104
18,0.9141501784324646,3.9341442584991455,77.04093933105469,-1.0944276123136008,-5.708541540357267,-86.41851452793851,3.913232,11.967261,12.460878,28.450144,-20.845646,-8.212499,7.999074,-7.793217,-6.6166015,14.595156,-15.387335,13.1653595,-0.6404407,-2.4956481,14.471062,-10.290232,15.315735,-42.410633,58.944584,7.622653,6.0503187,5.1503334,-10.268673,-10.2293215,55.49936,52.727383,-25.130842,20.883686,6.903042
19,0.955453634262085,4.1080522537231445,76.97418975830078,-0.7373548834323316,-5.4630667668594075,-85.600154359929,2.273659,11.547952,11.945187,30.419674,-20.81175,-7.829633,6.298857,-8.630975,-7.1942863,17.860664,-16.567078,13.233518,-0.6539363,-2.955692,14.589574,-11.21561,15.648673,-41.606224,58.00091,7.567753,5.735356,4.9793973,-10.167593,-10.300463,54.088646,50.51394,-27.891615,21.490341,7.9068227
20,0.983288586139679,4.301350116729736,76.89480590820312,-0.3868746633773487,-5.383293790150367,-84.80084981960992,0.9443192,11.093474,11.371286,32.127216,-20.745098,-7.5583663,4.597204,-9.500348,-7.7426457,21.495161,-17.498661,13.241777,-0.6818022,-3.4391809,14.908014,-12.247938,16.030552,-40.797356,56.893852,7.58933,5.543031,5.022748,-10.086557,-10.408834,52.537888,48.112198,-29.737846,21.612123,8.63919
21,0.9946437478065491,4.504169464111328,76.8038558959961,-0.03480506158951048,-5.508553220279459,-83.99538186133397,-0.06362505,10.584469,10.705654,33.62344,-20.607338,-7.3846774,2.9271376,-10.436735,-8.283219,25.6003,-18.199656,13.159894,-0.7381956,-3.9625704,15.475193,-13.394821,16.47022,-39.99298,55.60734,7.71971,5.5015388,5.2726817,-10.015741,-10.552925,50.76889,45.5662,-30.307768,21.070257,8.929487
22,0.9980064630508423,4.677106857299805,76.71068572998047,0.3419844799327369,-5.7965642870809715,-83.17117271169312,-0.81302845,9.993471,9.9910755,34.928463,-20.378738,-7.285085,1.2866101,-11.494028,-8.800911,30.078526,-18.72975,12.9792,-0.81174177,-4.5577903,16.239014,-14.650636,16.970278,-39.172043,54.174896,7.814197,5.5685654,5.7108107,-9.934946,-10.733632,48.797882,42.841614,-29.913,20.02816,8.902618
23,0.9892812967300415,4.8375725746154785,76.60931396484375,0.7091842099408693,-6.187221889819802,-82.39617291760729,-1.2839435,9.377011,9.258619,35.918747,-20.166216,-7.306375,-0.3630711,-12.596059,-9.231022,34.726887,-18.981823,12.70698,-0.86255324,-5.176705,17.122454,-15.999852,17.5252,-38.35553,52.589447,7.904376,5.7162595,6.363,-9.864839,-10.938629,46.78497,39.868134,-29.090229,18.843033,8.805004
24,0.9759749174118042,5.004538059234619,76.49057006835938,1.027840841744943,-6.618693633351849,-81.7367315613578,-1.4583496,8.798205,8.53444,36.473755,-20.080366,-7.492348,-2.0656667,-13.649161,-9.523398,39.35412,-18.8568,12.364568,-0.8582199,-5.765415,18.048449,-17.422976,18.12376,-37.554703,50.846348,8.026775,5.917236,7.256039,-9.837802,-11.142661,44.896847,36.592247,-28.357775,17.87555,8.855316
25,0.957224428653717,5.165416240692139,76.35529327392578,1.292937511049427,-7.104312798615035,-81.2343049304922,-1.2558992,8.27038,7.7937064,36.485294,-20.17004,-7.904968,-3.8979425,-14.659573,-9.684032,44.15884,-18.168642,11.949303,-0.7867903,-6.3200912,19.020966,-18.944921,18.77359,-36.813107,48.974953,8.171405,6.172021,8.537046,-9.862388,-11.3230095,43.154476,32.97731,-27.55922,17.166973,9.120859
26,0.9118996858596802,5.330850124359131,76.2029800415039,1.5180589084833342,-7.664866296566418,-80.84317178342216,-0.7092826,7.7754903,7.0233006,36.0416,-20.37721,-8.490989,-5.819389,-15.669662,-9.7427025,49.17831,-17.033506,11.420828,-0.67497927,-6.8621297,20.065777,-20.55879,19.47832,-36.114655,46.96504,8.319042,6.4955177,10.143396,-9.934886,-11.470002,41.487644,29.097721,-26.510674,16.548597,9.479918
27,0.8683491349220276,5.489975929260254,76.03959655761719,1.700702005571815,-8.249740227364482,-80.49974587007681,0.026244987,7.336684,6.2687135,35.322266,-20.65266,-9.116669,-7.709498,-16.614298,-9.704932,53.999313,-15.810361,10.791951,-0.5545668,-7.368493,21.137175,-22.197058,20.20947,-35.36648,44.767147,8.497748,6.882028,11.790161,-10.078084,-11.574022,39.928864,25.074505,-25.677338,16.064644,9.834048
28,0.8131043314933777,5.639514446258545,75.87220764160156,1.8361896528090655,-8.809024305070785,-80.14173740762152,0.79106134,6.9748907,5.5754876,34.512573,-20.944326,-9.658433,-9.453362,-17.391077,-9.584488,58.209915,-14.853907,10.124073,-0.46019208,-7.812105,22.184004,-23.805052,20.921206,-34.466198,42.367523,8.736154,7.3238597,13.195998,-10.322959,-11.623556,38.51397,21.042227,-25.524235,15.749678,10.07662
29,0.7541244029998779,5.779195785522461,75.70625305175781,1.9252300638373847,-9.405185818508299,-79.83068073921557,1.7672873,6.7061753,5.0127244,33.450775,-21.327522,-10.125914,-10.993976,-17.98827,-9.423155,61.84561,-14.280021,9.378445,-0.36400884,-8.183584,23.223597,-25.412754,21.594599,-33.353878,39.805653,9.04277,7.8764296,14.342727,-10.69011,-11.612214,37.29588,16.956287,-26.51699,15.682694,10.229974
30,0.6874198317527771,5.902559280395508,75.55390930175781,1.9630584355757401,-10.038354126194479,-79.57385176229815,2.9656157,6.5278964,4.536099,32.103638,-21.795914,-10.562279,-12.406241,-18.41666,-9.224896,65.092384,-13.886531,8.589298,-0.26166913,-8.48597,24.257498,-27.046576,22.23233,-32.08947,37.12814,9.40361,8.523592,15.364614,-11.171538,-11.5360775,36.24078,12.804378,-28.299936,15.813719,10.331238
31,0.597123920917511,5.99618673324585,75.43932342529297,1.9458374679603108,-10.565768695827098,-79.22950401043,3.9553726,6.423471,4.022551,30.880629,-22.186558,-10.918094,-13.784027,-18.587597,-8.945357,67.77797,-13.559131,7.966869,-0.2194352,-8.7189,25.212511,-28.646492,22.80679,-30.731339,34.339996,9.833604,9.148791,16.211767,-11.755753,-11.382741,35.24826,8.76811,-30.103548,15.987655,10.289385
32,0.48734256625175476,6.074366569519043,75.37567901611328,1.8680424732410834,-10.844995742906487,-78.65652098579264,4.30326,6.3691435,3.3485844,30.199434,-22.339048,-11.159733,-15.224172,-18.40759,-8.539718,69.72688,-13.181462,7.727351,-0.3017237,-8.886403,26.011965,-30.190493,23.264837,-29.346378,31.488558,10.343535,9.632787,16.83857,-12.440548,-11.133006,34.216522,5.0493546,-31.15107,16.057526,9.995702
33,0.33620405197143555,6.157740592956543,75.37425231933594,1.719942300533208,-10.792686313010194,-77.82452568358086,3.8139312,6.3782973,2.5108583,30.249086,-22.23541,-11.2514,-16.810987,-17.740122,-7.9741488,70.85826,-12.75705,8.005191,-0.5255064,-8.972155,26.59061,-31.80701,23.560068,-27.92872,28.658287,10.974514,9.949906,17.23088,-13.227163,-10.754668,33.070827,1.671378,-31.25437,16.011866,9.414817
34,0.12458935379981995,6.273456573486328,75.42204284667969,1.5125196535988665,-10.499081414881083,-76.80825642321798,2.7442744,6.431751,1.5654924,30.774881,-21.946922,-11.22693,-18.466846,-16.65936,-7.2903914,71.279106,-12.344641,8.687101,-0.8478629,-8.97665,26.985691,-33.525208,23.666037,-26.45161,25.902802,11.741981,10.15496,17.423721,-14.1449995,-10.234788,31.860783,-1.4000669,-30.829912,15.916365,8.59909
35,-0.12514160573482513,6.4260406494140625,75.52122497558594,1.2786123953119475,-10.083245581764254,-75.62594525073789,1.3443727,6.4543147,0.4781466,31.52964,-21.44833,-11.164066,-20.042007,-15.400268,-6.5464964,71.089226,-11.912359,9.603562,-1.2254646,-8.917206,27.272453,-35.30201,23.579952,-25.036394,23.304008,12.502798,10.245076,17.450045,-15.209483,-9.595729,30.656668,-4.067733,-30.009039,15.7367325,7.5662293
36,-0.3993794322013855,6.58492374420166,75.66328430175781,1.0413136550175273,-9.662758591356104,-74.29350972441658,-0.12715243,6.3837943,-0.7841175,32.265186,-20.711727,-11.156952,-21.39008,-14.197271,-5.790956,70.38932,-11.415578,10.578141,-1.6365701,-8.835121,27.5516,-36.97394,23.275202,-23.720558,20.823814,13.208836,10.223129,17.344498,-16.418318,-8.882838,29.5507,-6.2981625,-28.920341,15.435149,6.341278
37,-0.7088760137557983,6.7239484786987305,75.83883666992188,0.7983383495805478,-9.233014177652269,-72.78927535803416,-1.6457232,6.238859,-2.2585788,32.931835,-19.702896,-11.247117,-22.492973,-13.066593,-5.076683,69.09877,-10.858246,11.574228,-2.0725193,-8.734469,27.848572,-38.56501,22.713923,-22.502636,18.46361,13.820723,10.038746,17.067286,-17.765953,-8.12922,28.555994,-8.090414,-27.454931,14.980684,4.88322
38,-1.0394796133041382,6.844666481018066,76.04601287841797,0.5464838958373056,-8.740537059986485,-71.11320241509057,-3.3121161,6.0276427,-3.921049,33.638863,-18.438717,-11.408738,-23.408846,-11.933416,-4.342066,67.191284,-10.26565,12.655203,-2.5435758,-8.595267,28.124956,-40.17477,21.869425,-21.347105,16.261086,14.394594,9.701936,16.63134,-19.223234,-7.3472333,27.617449,-9.52023,-25.601667,14.365086,3.2132003
39,-1.382881999015808,6.942672252655029,76.27613067626953,0.3207485209365554,-8.233041995074863,-69.31320865296348,-5.0576134,5.689389,-5.712376,34.39392,-16.97767,-11.65268,-24.109444,-10.872731,-3.466097,64.8554,-9.612303,13.803121,-3.0328429,-8.407213,28.381077,-41.813984,20.763449,-20.310644,14.265089,14.931571,9.3057165,16.146875,-20.730698,-6.5624747,26.713142,-10.67608,-23.634933,13.599497,1.4508386
40,-1.7312411069869995,7.040373802185059,76.517822265625,0.14527693360762428,-7.7590597806067745,-67.43578749007418,-6.8177943,5.1655703,-7.5704393,35.20959,-15.379289,-11.988152,-24.566689,-9.944113,-2.3352437,62.28337,-8.870979,15.000033,-3.5271184,-8.164205,28.625834,-43.439537,19.456398,-19.442595,12.454433,15.432326,8.947364,15.712721,-22.222204,-5.812025,25.828379,-11.667715,-21.816343,12.715581,-0.2917287
41,-2.1077890396118164,7.1312031745910645,76.76223754882812,-0.1202267428092924,-7.290720231586874,-65.54825363007801,-8.725153,4.57937,-9.642587,36.312523,-13.712758,-12.282013,-24.765774,-9.091597,-1.344698,59.275337,-7.92259,15.000033,-3.9837465,-7.726982,28.883041,-44.956985,17.983664,-18.727673,10.691232,15.859087,8.640011,15.290689,-23.696192,-5.126322,25.002956,-12.513242,-20.117897,11.665683,-2.0657911
42,-2.485507011413574,7.203291416168213,77.00523376464844,-0.41711393784359657,-6.830178952394021,-63.5879401227422,-10.711588,3.8541145,-11.92054,37.585854,-11.916843,-12.626917,-24.696726,-8.246763,-0.16583294,55.80128,-6.821622,15.000033,-4.447125,-7.1688647,29.180752,-46.34012,16.351421,-18.131563,8.919781,16.212969,8.339279,14.841476,-25.148603,-4.5167856,24.24845,-13.2287245,-18.429077,10.446069,-3.8942966
43,-2.865044116973877,7.260218143463135,77.23335266113281,-0.6614208953839475,-6.43240128562069,-61.52090407325757,-12.538891,3.0164373,-14.14068,38.714455,-10.005027,-13.441411,-24.340885,-7.52917,1.2336218,52.191383,-5.6787686,15.000033,-4.9333014,-6.583313,29.516085,-47.623363,14.5917425,-17.67572,7.2097187,16.555246,8.059611,14.45606,-26.481295,-3.9867346,23.520086,-13.95597,-16.892775,9.186837,-5.640352
44,-3.243898630142212,7.306180000305176,77.43673706054688,-0.8372018808142384,-6.121265397218396,-59.34485285937057,-14.063422,2.1877077,-16.048351,39.483463,-8.076307,-15.000033,-23.718092,-6.989936,2.825897,48.756283,-4.584394,15.000033,-5.4504204,-6.000098,29.793802,-48.794003,12.732506,-17.359503,5.6538982,16.949253,7.81199,14.223089,-27.611437,-3.5072303,22.795567,-14.757779,-15.629351,8.029853,-7.18454
45,-3.5645956993103027,7.3255720138549805,77.61975860595703,-0.5492299683018478,-5.917506550696414,-57.0129259939841,-15.112473,0.9512279,-16.921268,39.43142,-5.7743635,-15.000033,-22.937012,-7.0967975,4.9548087,45.71576,-3.628697,15.000033,-6.0663967,-5.78146,29.793802,-49.68562,10.78831,-17.214233,4.28984,17.376778,7.592069,14.196355,-28.472963,-3.0575721,22.123947,-15.51627,-14.645024,7.023638,-8.537492
46,-3.8617305755615234,7.3229169845581055,77.75958251953125,-0.015793915116761235,-5.849121150420927,-54.55089403054824,-15.8496275,-0.41506442,-17.187664,38.907127,-3.2772036,-15.000033,-21.906431,-7.606179,7.4331555,42.84015,-2.740339,15.000033,-6.733839,-5.754878,29.793802,-50.388664,8.777346,-17.217558,2.976686,17.831621,7.4095144,14.312933,-29.174133,-2.6497912,21.486248,-16.312618,-13.9004,6.1154604,-9.7611
47,-4.156411647796631,7.268739700317383,77.83839416503906,0.5512667460551868,-5.859131026931821,-52.03444280934291,-16.550447,-1.5920187,-16.965347,38.45646,-1.0602484,-15.000033,-20.688158,-8.256039,9.945604,40.176674,-1.9699196,15.000033,-7.390144,-5.747168,29.793802,-50.94895,6.733077,-17.306946,1.6944839,18.26772,7.2603917,14.49226,-29.6886,-2.2950342,20.8393,-17.23013,-13.293941,5.2732306,-10.8283615
48,-4.450477123260498,7.177786350250244,77.85018920898438,1.0281918913774044,-5.894329663208112,-49.53355336136796,-17.432072,-2.383526,-16.381004,38.532806,0.4879139,-15.000033,-19.374277,-8.858036,12.248735,37.84717,-1.4000151,15.000033,-7.975586,-5.667903,29.793802,-51.41489,4.6995115,-17.42793,0.4226641,18.635515,7.139092,14.653258,-29.993961,-2.0040653,20.139635,-18.354387,-12.7205715,4.460853,-11.706721
49,-4.748077869415283,7.0379838943481445,77.78977966308594,1.4020360613940903,-5.946210103205437,-47.01796979495959,-18.52861,-2.7471309,-15.353342,39.15777,1.2787992,-15.000033,-17.948507,-9.338438,14.511754,35.914677,-0.8739661,15.000033,-8.514734,-5.513443,29.793802,-51.745026,2.6937616,-17.581383,-0.8885826,18.904186,7.0424933,14.768765,-30.078232,-1.7836052,19.383966,-19.726114,-12.105814,3.6499474,-12.376317
50,-5.048722267150879,6.867806434631348,77.6668701171875,1.7270135615857336,-6.033406529851773,-44.461227371316774,-19.733734,-2.80653,-13.924982,40.104664,1.5806181,-15.000033,-16.407658,-9.805414,16.772676,34.32368,-0.40607253,15.000033,-9.032618,-5.3233542,29.793802,-51.91383,0.7179087,-17.816725,-2.237545,19.094694,6.9762063,14.8836355,-29.939856,-1.6299297,18.608612,-21.321915,-11.503399,2.8733618,-12.86197
51,-5.338162422180176,6.674875259399414,77.47998809814453,1.9882500138415815,-6.144728454274674,-41.94909587107446,-21.016615,-2.6248353,-12.429917,41.41922,1.5291938,-15.000033,-14.859017,-10.31891,18.623644,33.018753,-0.3280114,15.000033,-9.4640045,-5.0826154,29.793802,-51.992012,-1.199854,-18.146925,-3.5656674,19.234642,6.9457326,15.023825,-29.596533,-1.5330054,17.82223,-23.10901,-10.988202,2.184462,-13.197144
52,-5.620388031005859,6.463146209716797,77.2344970703125,2.1720838378499896,-6.2677263451354435,-39.567863260751025,-22.352955,-2.2676427,-11.195315,43.142868,1.2560012,-15.000033,-13.397986,-10.923947,19.661415,31.925022,-0.9619403,15.000033,-9.755348,-4.782101,29.793802,-52.04385,-3.013754,-18.571602,-4.828526,19.345467,6.95711,15.214754,-29.088018,-1.4776238,17.034771,-25.034569,-10.630202,1.636156,-13.418323
53,-5.890237331390381,6.225032329559326,76.91787719726562,2.253538845532242,-6.379028637686681,-37.30925001906522,-23.801542,-1.6715895,-10.259078,45.360188,0.7123176,-15.000033,-11.972419,-11.609666,19.657093,30.978199,-2.575489,15.000033,-9.907917,-4.411042,29.793802,-52.06178,-4.6921325,-19.108,-6.060423,19.30532,7.0500865,15.514403,-28.416702,-1.447849,16.258312,-27.16481,-10.446144,1.2687384,-13.522019
54,-6.16064453125,5.956683158874512,76.5431137084961,2.2316969207205495,-6.494661799631419,-35.15330426824883,-25.322756,-0.8087501,-9.541398,47.991165,-0.18455029,-15.000033,-10.541276,-12.284267,18.887516,30.22304,-4.923184,15.000033,-9.951792,-3.9699059,29.793802,-51.995384,-6.2250304,-19.75485,-7.295492,19.130768,7.208663,15.89409,-27.590458,-1.4278495,15.501636,-29.475485,-10.388209,1.0468212,-13.500107
55,-6.415217399597168,5.707442760467529,76.12178802490234,2.134488764378784,-6.650996867953501,-33.160575640458276,-26.776337,0.18130447,-9.147421,50.827637,-1.282915,-15.000033,-9.220557,-12.894382,17.694046,29.75372,-7.553813,15.000033,-9.886603,-3.4758515,29.793802,-51.854286,-7.598419,-20.468504,-8.490576,19.049072,7.35609,16.248093,-26.65705,-1.3955067,14.782878,-31.78223,-10.454757,0.90932226,-13.386304
56,-6.646675109863281,5.496136665344238,75.65813446044922,2.001678612561088,-6.881317261094122,-31.381317011182396,-28.028875,1.127978,-9.144263,53.667034,-2.4327762,-15.000033,-8.131309,-13.426875,16.39366,29.671593,-10.041427,15.000033,-9.724315,-2.9646378,29.793802,-51.649677,-8.795241,-21.195751,-9.609257,19.289597,7.421264,16.467361,-25.676603,-1.3254488,14.119587,-33.89214,-10.6518955,0.7953805,-13.213442
57,-6.858233451843262,5.314864635467529,75.15974426269531,1.8665459332782413,-7.2257065171566275,-29.762446567853594,-29.077873,1.8816929,-9.635696,56.567966,-3.6455991,-15.000033,-7.2688613,-13.992875,14.763504,30.07729,-12.479797,15.000033,-9.487774,-2.488399,29.793802,-51.395916,-9.799619,-21.962637,-10.649858,19.902021,7.382913,16.503443,-24.627604,-1.183447,13.491942,-35.79366,-11.094691,0.70391494,-12.968766
58,-7.053757667541504,5.148498058319092,74.63687896728516,1.7037761858930573,-7.653372629180706,-28.28610391583651,-29.979536,2.5239174,-10.549857,59.582386,-4.969952,-15.000033,-6.5682216,-14.5543,12.6932535,30.90863,-15.039202,15.000033,-9.192642,-2.0408316,29.793802,-51.089394,-10.602426,-22.770731,-11.634378,20.763708,7.2816787,16.423195,-23.541628,-0.9562851,12.902806,-37.53447,-11.751644,0.65830874,-12.635978
59,-7.217679977416992,5.00454044342041,74.10244750976562,1.4735190962206544,-8.087481297978975,-27.05388099415769,-30.710442,3.239027,-11.65176,62.532005,-6.298784,-15.000033,-6.084817,-14.925566,10.686782,32.005688,-17.406967,15.000033,-8.835559,-1.5694361,29.793802,-50.714684,-11.199466,-23.53323,-12.56734,21.843426,7.1393166,16.289461,-22.534044,-0.66369563,12.417308,-39.027973,-12.42949,0.6369921,-12.244514
60,-7.337489128112793,4.883470058441162,73.60625457763672,1.1355535412604354,-8.449751796751432,-26.182480140127616,-31.259281,4.248739,-12.704881,65.24308,-7.533025,-15.000033,-5.896255,-14.94025,9.29127,33.201916,-19.279802,15.000033,-8.396369,-1.0019611,29.793802,-50.256702,-11.58982,-24.164299,-13.463365,23.112007,6.9776793,16.162867,-21.692713,-0.34682482,12.105031,-40.218105,-12.93605,0.62263054,-11.829919
61,-7.449921131134033,4.824406147003174,73.16944122314453,0.6025772041319559,-8.720866091297092,-25.750474579554705,-31.668106,5.7280216,-13.728368,67.73432,-8.653872,-15.000033,-6.106808,-14.459754,8.712495,34.56829,-20.528448,15.000033,-7.8183336,-0.20013678,29.793802,-49.73134,-11.754756,-24.63534,-14.338318,24.714333,6.7914,16.012457,-21.0574,-0.040092956,11.971511,-41.05425,-13.143936,0.6285676,-11.362924
62,-7.57990026473999,4.834531307220459,72.77754211425781,-0.0736941295954947,-8.946936795604838,-25.684983957816453,-31.941845,7.5444727,-14.807139,70.069954,-9.704967,-15.000033,-6.653247,-13.621005,8.651933,36.14243,-21.33198,15.000033,-7.128379,0.7770237,29.793802,-49.13492,-11.6868725,-24.999338,-15.21541,26.608042,6.5682654,15.825709,-20.556477,0.2476389,11.989128,-41.606598,-13.175534,0.6637188,-10.848099
63,-7.713945388793945,4.9076008796691895,72.42861938476562,-0.7283353566587042,-9.136097755320025,-25.883998418584973,-32.01402,9.478431,-15.792437,72.150795,-10.683954,-15.000033,-7.3626847,-12.678473,8.9137535,37.709602,-21.844183,15.000033,-6.418437,1.7066503,29.793802,-48.422512,-11.414767,-25.28878,-16.10658,28.49292,6.3246064,15.686544,-20.115187,0.5048572,12.155087,-41.981148,-13.190236,0.70417464,-10.366769
64,-7.830491542816162,5.009711742401123,72.14141082763672,-1.1937558893863436,-9.29351137643222,-26.2459875806452,-31.809978,11.307558,-16.527828,73.89165,-11.596036,-15.000033,-8.070352,-11.894347,9.312768,39.05806,-22.215586,15.000033,-5.7694345,2.3689067,29.793802,-47.554897,-10.993894,-25.526117,-17.000374,30.075735,6.081777,15.673195,-19.635353,0.7247109,12.489345,-42.29394,-13.374408,0.723888,-10.004128
65,-7.912903785705566,5.111911773681641,71.9138412475586,-1.4001239406783783,-9.397558400503028,-26.870996598300803,-31.251772,13.052921,-16.90664,75.26175,-12.466092,-15.000033,-8.836412,-11.29361,9.948788,40.19949,-22.440086,15.000033,-5.0901837,2.7010174,29.793802,-46.54796,-10.452389,-25.694748,-17.838268,31.345915,5.8019795,15.892364,-19.073133,0.8893294,13.007416,-42.57094,-13.825984,0.71800977,-9.801057
66,-7.948709964752197,5.227305889129639,71.7449951171875,-1.440622868320602,-9.450964310800984,-27.772252423451878,-30.380486,14.811538,-16.995586,76.32116,-13.286601,-15.000033,-9.709524,-10.754937,10.871645,41.230095,-22.448204,15.000033,-4.3601537,2.830008,29.793802,-45.419647,-9.799336,-25.780561,-18.622866,32.450184,5.492437,16.2691,-18.468266,0.9890201,13.690443,-42.758118,-14.432858,0.7004095,-9.711378
67,-7.943802356719971,5.384201526641846,71.62567138671875,-1.3929886214630696,-9.487274448605882,-28.717484494715467,-29.299198,16.467638,-16.902891,77.131256,-14.021951,-15.000033,-10.527268,-10.321951,11.841461,42.072227,-22.312872,15.000033,-3.7639945,2.8086588,29.793802,-44.151405,-9.072678,-25.800373,-19.400612,33.33727,5.2390146,16.603758,-17.877737,1.0265067,14.456887,-42.81885,-15.020979,0.67043036,-9.677561
68,-7.90176248550415,5.583901882171631,71.5509033203125,-1.3333678430960065,-9.543955878568266,-29.472743353363065,-28.124075,17.90383,-16.753546,77.75664,-14.638754,-15.000033,-11.127006,-10.05414,12.624013,42.646473,-22.115768,15.000033,-3.4713104,2.692663,29.793802,-42.760536,-8.332207,-25.773445,-20.19116,33.960907,5.12266,16.695269,-17.34629,1.0117441,15.217983,-42.736088,-15.424549,0.62650275,-9.637445
69,-7.852461338043213,5.818162441253662,71.51275634765625,-1.1457552842430907,-9.672466515119508,-29.955746409605094,-26.785894,18.972675,-16.43806,78.17306,-15.084672,-14.972628,-11.42299,-10.142061,13.208645,42.93853,-21.911268,15.000033,-3.5409346,2.3430178,29.793802,-41.255325,-7.6297,-25.696756,-20.90736,34.270966,5.1881504,16.452595,-16.861755,0.94285464,15.946645,-42.462257,-15.575537,0.53062266,-9.592803
70,-7.801525115966797,6.091578960418701,71.49729919433594,-0.9013543043313513,-9.83816368892832,-30.31453105415057,-25.281622,19.87259,-15.917634,78.39195,-15.412731,-14.599113,-11.502291,-10.424425,13.689935,42.94828,-21.62234,15.000033,-3.826344,1.865788,29.793802,-39.694275,-6.9910073,-25.562645,-21.494041,34.323322,5.380205,15.990857,-16.384523,0.81599116,16.670269,-42.048874,-15.582852,0.39704618,-9.567058
71,-7.745596885681152,6.399137496948242,71.5035400390625,-0.6992976946993913,-9.959697167193047,-30.591379087332154,-23.758041,20.655474,-15.419855,78.45745,-15.68469,-14.295346,-11.508937,-10.7513485,14.065967,42.7443,-21.215715,15.000033,-4.2546163,1.3928101,29.793802,-38.18742,-6.428852,-25.389927,-22.00195,34.235382,5.6275806,15.416492,-15.947161,0.6289595,17.334631,-41.62457,-15.5011,0.29880363,-9.51995
72,-7.677182674407959,6.747396945953369,71.53827667236328,-0.6364648369516976,-9.95103311734587,-30.825732942996225,-22.389688,21.43266,-15.041282,78.414116,-15.95867,-14.011446,-11.587692,-10.980441,14.338965,42.3845,-20.651854,15.000033,-4.7542615,1.0592685,29.793802,-36.829636,-5.9488654,-25.205254,-22.497887,34.119175,5.858318,14.83707,-15.570547,0.3861913,17.896084,-41.32329,-15.399464,0.30886826,-9.412812
73,-7.59755277633667,7.128266334533691,71.59063720703125,-0.7650124346174887,-9.778280988522674,-30.966069059672485,-21.27258,22.209917,-14.862708,78.29321,-16.243824,-13.748293,-11.754162,-11.093864,14.440534,41.847176,-19.904175,15.000033,-5.3728194,0.91033953,29.793802,-35.61904,-5.561348,-25.01053,-22.985949,33.98372,6.092808,14.204521,-15.264881,0.07978535,18.337576,-41.15377,-15.220082,0.46435508,-9.206155
74,-7.512059211730957,7.5409770011901855,71.66082000732422,-1.0223697811734183,-9.446884125997615,-31.011930612256435,-20.36208,22.928114,-14.818435,78.07525,-16.506058,-13.527292,-11.995079,-11.164967,14.3955,41.123074,-18.99911,15.000033,-6.138266,0.88030434,29.608418,-34.441483,-5.2974787,-24.79052,-23.353853,33.75397,6.353532,13.49527,-15.008901,-0.2670156,18.68838,-40.913315,-14.931774,0.7213568,-8.948097
75,-7.420083045959473,7.980228424072266,71.7462387084961,-1.335361969314428,-8.99343665572464,-31.079073423417796,-19.545156,23.607515,-14.776765,77.71875,-16.74317,-13.331372,-12.337919,-11.19088,14.339727,40.26885,-17.965569,15.000033,-6.921979,0.93122786,29.212076,-33.347733,-5.165706,-24.57203,-23.555643,33.44978,6.5770755,12.843541,-14.77166,-0.619092,18.95553,-40.6124,-14.676411,1.0287335,-8.702117
76,-7.326112747192383,8.448384284973145,71.83851623535156,-1.6405953758740868,-8.51559139295687,-31.281291692137252,-18.622849,24.277147,-14.598929,77.17269,-16.959953,-13.1458435,-12.731788,-11.166416,14.405728,39.333622,-16.841702,15.000033,-7.5792418,1.0139703,28.83927,-32.492332,-5.1386356,-24.39102,-23.641914,33.132206,6.701325,12.366374,-14.547163,-0.95524865,19.134287,-40.4383,-14.636034,1.3330483,-8.500878
77,-7.234264373779297,8.939760208129883,71.93861389160156,-1.944158880804176,-7.985877234027192,-31.634133863914652,-17.613703,24.935701,-14.286095,76.449,-17.240826,-12.961948,-13.203877,-11.077871,14.616198,38.292397,-15.593304,15.000033,-8.114717,1.1330094,28.474924,-31.854118,-5.2015715,-24.236593,-23.64699,32.787373,6.681407,12.111415,-14.357901,-1.2567784,19.22224,-40.388103,-14.925187,1.6545949,-8.3053
78,-7.125300884246826,9.459510803222656,72.03755187988281,-2.2752090510883956,-7.3905286979508675,-32.08145852816818,-16.571287,25.566378,-13.892911,75.56508,-17.556583,-12.78815,-13.740194,-10.93762,14.900967,37.122498,-14.213861,15.000033,-8.595405,1.2961986,28.092722,-31.394962,-5.3490806,-24.100199,-23.562788,32.404034,6.5604897,12.005926,-14.226628,-1.5166317,19.225216,-40.400604,-15.444167,2.0072553,-8.096773
79,-7.013253688812256,9.998872756958008,72.13355255126953,-2.6025080175809774,-6.807969409987079,-32.62758705095302,-15.395723,26.16579,-13.358654,74.48773,-17.740368,-12.635105,-14.277341,-10.773536,15.258198,35.8775,-12.777079,15.000033,-8.989611,1.4574877,27.735302,-31.149,-5.555528,-23.998816,-23.366758,32.002327,6.4058185,11.997716,-14.144529,-1.7313439,19.163258,-40.452324,-16.017538,2.3298154,-7.958238
80,-6.902764797210693,10.560442924499512,72.22197723388672,-2.894110951244737,-6.316016299968937,-33.276023652628396,-13.98565,26.727837,-12.6204,73.18161,-17.62419,-12.513249,-14.753447,-10.6140995,15.687692,34.61388,-11.358438,15.000033,-9.269548,1.5680603,27.447031,-31.137741,-5.7809334,-23.948467,-23.05126,31.598797,6.2860765,12.037258,-14.100012,-1.8994625,19.064032,-40.53028,-16.471575,2.5638695,-7.9770665
81,-6.794410705566406,11.127245903015137,72.29978942871094,-3.1266182496000314,-5.940127835239681,-34.06225214810148,-12.344637,27.200226,-11.671516,71.76284,-16.942987,-12.142522,-15.141188,-10.455042,16.250805,33.298275,-9.929578,15.000033,-9.412375,1.5980021,27.266777,-31.359795,-5.9948263,-23.964157,-22.660824,31.20228,6.2218723,12.167502,-14.112543,-2.0165792,18.942835,-40.64234,-16.803358,2.6815188,-8.210789
82,-6.6835737228393555,11.699743270874023,72.35902404785156,-3.3216023264161274,-5.638276245074875,-34.97083660707078,-10.517516,27.592056,-10.536733,70.21704,-15.864654,-11.605386,-15.474308,-10.291231,16.927309,31.913292,-8.464077,15.000033,-9.453358,1.5651063,27.16731,-31.767912,-6.184266,-24.032064,-22.234318,30.792336,6.176973,12.401743,-14.192704,-2.078775,18.797071,-40.78765,-17.09071,2.7208247,-8.603485
83,-6.567470550537109,12.277583122253418,72.39566802978516,-3.5117099449552347,-5.386141496114488,-35.93006869520045,-8.453504,27.970387,-9.204628,68.30675,-14.869046,-11.465862,-15.789016,-10.133585,17.59896,30.549152,-7.047024,15.000033,-9.450535,1.4927257,27.093798,-32.315292,-6.3338513,-24.12469,-21.765038,30.338043,6.135642,12.646292,-14.313151,-2.0882764,18.625412,-40.937496,-17.277693,2.7214034,-9.074405
84,-6.447038173675537,12.851448059082031,72.40412902832031,-3.729537904828764,-5.1585241905159895,-36.86930558312293,-6.086272,28.38375,-7.6656265,65.77624,-14.425714,-12.296912,-16.12589,-9.987301,18.145622,29.300085,-5.7646065,15.000033,-9.46468,1.4043534,26.990492,-32.949993,-6.428889,-24.218729,-21.247358,29.814543,6.083803,12.808124,-14.447678,-2.052138,18.427546,-41.066853,-17.303791,2.7211213,-9.543245
85,-6.3180694580078125,13.428647994995117,72.37346649169922,-3.988889530660049,-4.9461414456412625,-37.78994457795462,-3.2185667,28.88913,-5.7534456,62.26582,-14.627027,-14.622125,-16.48407,-9.83714,18.562551,28.137066,-4.6262393,15.000033,-9.516094,1.3181279,26.849785,-33.67185,-6.4535623,-24.304092,-20.710337,29.18492,6.029957,12.864366,-14.604663,-1.9792559,18.22028,-41.179058,-17.065924,2.724899,-10.057515
86,-6.159232139587402,14.0577392578125,72.31822967529297,-3.6391189566544804,-4.709247192080274,-38.59644442570063,-0.019872999,28.713745,-2.7161717,57.914974,-15.086094,-15.000033,-17.04767,-10.424707,19.186838,27.312717,-3.799132,15.000033,-9.677002,0.6165773,26.565279,-34.487316,-6.40411,-24.420637,-20.166246,28.476225,5.9760547,12.863804,-14.8005,-1.845323,17.98651,-41.284016,-16.630978,2.7043605,-10.635254
87,-5.99383020401001,14.702714920043945,72.22008514404297,-3.154566877842242,-4.481234909866349,-39.36893501973913,3.2007139,28.026285,0.25177437,53.283688,-15.7563,-15.000033,-17.713074,-11.169842,19.778652,26.700293,-3.1270854,15.000033,-9.861421,-0.25864658,26.227627,-35.348736,-6.2711906,-24.568254,-19.61331,27.731155,5.9077415,12.825737,-14.99352,-1.6711458,17.729385,-41.395054,-16.176205,2.6636515,-11.166773
88,-5.83929443359375,15.320512771606445,72.08473205566406,-2.803333315686584,-4.303256936323186,-40.142991990396766,6.117313,27.113758,2.5300515,48.973633,-16.670424,-15.000033,-18.400616,-11.748769,20.179123,26.270662,-2.5315042,15.000033,-10.002603,-1.0607704,25.910763,-36.225445,-6.0559926,-24.756567,-19.027742,26.993402,5.808587,12.767906,-15.138656,-1.4740359,17.432802,-41.52725,-15.879738,2.609449,-11.538338
89,-5.697359085083008,15.900161743164062,71.92407989501953,-2.646159731460178,-4.167294869636632,-40.92284927854983,8.664942,26.12125,4.0279183,45.037678,-18.09042,-15.000033,-19.11036,-12.101226,20.34287,26.030407,-2.044664,15.000033,-10.115275,-1.7329116,25.615938,-37.11631,-5.762453,-24.977497,-18.434624,26.25004,5.67724,12.665934,-15.227043,-1.2631825,17.082096,-41.704475,-15.765706,2.5517886,-11.706403
90,-5.54238224029541,16.454591751098633,71.75103759765625,-2.6014115989821343,-4.068971378430873,-41.70147986603027,11.016391,25.065588,5.0178056,41.192684,-19.977053,-15.000033,-19.848623,-12.3223295,20.326118,25.973238,-1.6814668,15.000033,-10.210733,-2.3435996,25.331144,-38.040817,-5.392457,-25.234018,-17.833502,25.482035,5.523248,12.519545,-15.270793,-1.0415502,16.68626,-41.926308,-15.741294,2.4876916,-11.738261
91,-5.410923480987549,16.9703426361084,71.55598449707031,-2.616438588674689,-4.049260310166512,-42.468254269879246,13.20884,24.060553,5.723881,37.588276,-21.930582,-15.000033,-20.573702,-12.45295,20.163467,26.114567,-1.3851485,15.000033,-10.246862,-2.9393528,25.10042,-38.98162,-4.9481254,-25.562075,-17.181782,24.74088,5.3449144,12.38406,-15.249916,-0.8201879,16.274498,-42.184856,-15.810722,2.4058516,-11.691606
92,-5.299931049346924,17.466636657714844,71.3536605834961,-2.6221513594699726,-4.144611907605779,-43.2097071011311,15.273429,23.162365,6.39881,34.3722,-23.523693,-15.000033,-21.252842,-12.556622,19.896894,26.470427,-1.0961987,15.000033,-10.182856,-3.5798345,24.96631,-39.92093,-4.431363,-25.999788,-16.437517,24.078173,5.1389303,12.315067,-15.139813,-0.6164175,15.87357,-42.477222,-15.97407,2.2947288,-11.625464
93,-5.21481466293335,17.931671142578125,71.15888977050781,-2.5897404239994715,-4.378843294742817,-43.93844031494017,17.202097,22.373758,7.149584,31.642096,-24.666508,-15.000033,-21.90715,-12.653438,19.528854,27.12195,-0.84948665,15.000033,-9.990161,-4.307158,24.94968,-40.901863,-3.8374631,-26.560123,-15.57852,23.538597,4.877519,12.320129,-14.907526,-0.43917534,15.471871,-42.83396,-16.311604,2.1439192,-11.575311
94,-5.139495372772217,18.360021591186523,70.98917388916016,-2.539570398105277,-4.724760210871988,-44.648448907652295,18.977194,21.675142,7.9206676,29.333017,-25.570236,-15.000033,-22.545929,-12.742705,19.05021,28.038496,-0.6663891,15.000033,-9.699315,-5.0929227,25.031733,-41.9156,-3.1669366,-27.230791,-14.639658,23.082174,4.5704484,12.373262,-14.562229,-0.29005113,15.062201,-43.262287,-16.790827,1.9620706,-11.508957
95,-5.07325553894043,18.754785537719727,70.85026550292969,-2.47148275317593,-5.141380574235621,-45.300618347438366,20.61309,21.045921,8.710764,27.341198,-26.252195,-15.000033,-23.120625,-12.860303,18.496067,29.062426,-0.45841452,15.000033,-9.355684,-5.8961887,25.193491,-42.873573,-2.4338949,-28.008049,-13.665895,22.633848,4.2692857,12.4795265,-14.138132,-0.17820625,14.678076,-43.731716,-17.242699,1.7659203,-11.384597
96,-5.007184982299805,19.11280059814453,70.74901580810547,-2.3899401296101592,-5.587653173214169,-45.856828819751726,22.126831,20.469776,9.5030575,25.556988,-26.730703,-15.000033,-23.58675,-13.026687,17.900215,30.05053,-0.15514818,15.000033,-9.000588,-6.666974,25.413788,-43.696133,-1.6601688,-28.884,-12.697738,22.117771,4.0246058,12.64223,-13.659796,-0.118040055,14.352648,-44.22062,-17.49925,1.5727936,-11.1606245
97,-4.961691856384277,19.44179916381836,70.69114685058594,-2.259959478658263,-6.1027288707463585,-46.31470209816462,23.542006,19.927,10.385365,24.023886,-26.989893,-15.000033,-23.940735,-13.299422,17.21482,31.055044,0.26669896,15.000033,-8.586409,-7.4497323,25.745586,-44.449997,-0.8545655,-29.905039,-11.672269,21.54362,3.8562334,12.927278,-13.081499,-0.12422858,14.085544,-44.7856,-17.498789,1.3902425,-10.875951
98,-4.930835247039795,19.73322296142578,70.68061828613281,-2.083727193982573,-6.697007631010294,-46.69470907558855,24.847168,19.423777,11.357792,22.79619,-27.036692,-15.000033,-24.19698,-13.659559,16.454008,32.125973,0.7588848,15.000033,-8.098986,-8.250945,26.191416,-45.163464,-0.023776261,-31.061796,-10.589834,20.94266,3.731885,13.311356,-12.390589,-0.20142014,13.859307,-45.432545,-17.332787,1.210519,-10.53999
99,-4.903987407684326,19.987506866455078,70.71937561035156,-1.9339376941300666,-7.283095203855824,-46.99476338990661,26.00344,18.99946,12.262835,21.781977,-26.923218,-15.000033,-24.3445,-13.998931,15.71495,33.098587,1.3371071,15.000033,-7.630143,-8.957711,26.639532,-45.709793,0.8103708,-32.24938,-9.55971,20.276436,3.6239867,13.660496,-11.667356,-0.34958237,13.674656,-46.06529,-17.061,1.0287677,-10.062504
100,-4.865642547607422,20.20928955078125,70.80613708496094,-1.8902591547794323,-7.769686428104803,-47.21271752634465,26.969261,18.70658,12.945207,20.88758,-26.697954,-15.000033,-24.382692,-14.192374,15.082204,33.813515,2.0207283,15.000033,-7.2684975,-9.452568,26.966005,-45.973434,1.6222197,-33.35326,-8.6659565,19.510912,3.5065305,13.836984,-10.991828,-0.56641513,13.52794,-46.584103,-16.745996,0.8405341,-9.35234
101,-4.809412956237793,20.40330696105957,70.93408966064453,-1.9983053706875151,-8.126226753371846,-47.33754347785593,27.701693,18.598562,13.356878,20.136658,-26.360706,-15.000033,-24.321712,-14.225235,14.472535,34.202724,2.9208143,15.000033,-7.0157485,-9.674831,27.14616,-45.966526,2.3997366,-34.375004,-7.8429613,18.473406,3.3828187,13.816012,-10.341353,-0.8571757,13.385454,-46.99245,-16.320831,0.62019694,-8.280579
102,-4.747105598449707,20.552019119262695,71.0946273803711,-2.210282992147906,-8.404274713406663,-47.37851738461568,28.233557,18.64962,13.59427,19.583445,-25.900768,-15.000033,-24.16656,-14.146182,13.86601,34.364468,3.9968262,15.000033,-6.8138437,-9.692476,27.237394,-45.761646,3.139825,-35.357914,-7.0384846,17.243555,3.2668595,13.663781,-9.67793,-1.2257177,13.244736,-47.344086,-15.776778,0.38787752,-6.929171
103,-4.692556858062744,20.663358688354492,71.27850341796875,-2.4734533300216928,-8.633812274810122,-47.36269922539205,28.63577,18.797918,13.719246,19.176525,-25.344688,-15.000033,-23.909721,-13.925634,13.435444,34.37806,5.0457783,15.000033,-6.663723,-9.579591,27.234236,-45.332146,3.832434,-36.244583,-6.3463607,16.169323,3.1510034,13.378675,-9.058462,-1.6620182,13.153767,-47.613636,-15.273074,0.19968459,-5.524785
104,-4.627334117889404,20.734943389892578,71.4821548461914,-2.73638719489142,-8.845251830713032,-47.31499253721589,28.983603,18.979408,13.790331,18.85353,-24.718231,-15.000033,-23.540205,-13.532225,13.356054,34.32317,5.8601575,15.000033,-6.572495,-9.412879,27.12981,-44.649937,4.4659123,-36.973774,-5.856702,15.59885,3.023681,12.958495,-8.54934,-2.147383,13.165015,-47.76103,-14.976592,0.09906346,-4.2934227
105,-4.555718898773193,20.755456924438477,71.70124053955078,-3.025470379624872,-9.06261763323396,-47.241177739055125,29.33936,19.21998,13.819529,18.571226,-23.997854,-15.000033,-22.963358,-12.793272,13.876158,34.146984,6.386363,15.000033,-6.560083,-9.174759,26.907497,-43.64247,5.0294213,-37.515835,-5.5495477,15.668905,2.8635814,12.3867235,-8.207149,-2.6797957,13.32741,-47.70808,-14.957719,0.11282798,-3.2619867
106,-4.483602046966553,20.73855972290039,71.93074798583984,-3.3549933236278564,-9.269220533422788,-47.118036830814376,29.660286,19.539087,13.768757,18.360493,-23.17565,-15.000033,-22.193228,-11.787421,14.843272,33.833065,6.697499,15.000033,-6.620813,-8.842462,26.5816,-42.351677,5.521658,-37.902283,-5.3734207,16.179264,2.6743348,11.671299,-7.987981,-3.2599025,13.600978,-47.494293,-15.127263,0.2023426,-2.3197265
107,-4.421342849731445,20.693632125854492,72.1700439453125,-3.64868573107644,-9.435727643355971,-46.93650672907104,29.844923,19.86361,13.623644,18.295565,-22.305986,-15.000033,-21.402328,-10.860661,15.828104,33.520405,6.808634,15.000033,-6.7223206,-8.490277,26.185593,-40.91621,5.9454956,-38.168175,-5.3695016,16.977074,2.4778647,10.848665,-7.816958,-3.8664658,13.906185,-47.24551,-15.412215,0.30636498,-1.4803017
108,-4.3447489738464355,20.630165100097656,72.42002868652344,-3.838692392280438,-9.520286821511885,-46.70084017746276,29.782652,20.121723,13.378305,18.45514,-21.447449,-15.000033,-20.78997,-10.335067,16.397425,33.3462,6.7565613,15.000033,-6.820348,-8.1899,25.740475,-39.479073,6.306756,-38.35322,-5.5707765,17.90867,2.2993298,9.953943,-7.621391,-4.462751,14.161823,-47.073715,-15.743365,0.36525443,-0.75360537
109,-4.275252342224121,20.550472259521484,72.676025390625,-3.887774071279047,-9.507787098243222,-46.43502374908536,29.457617,20.26927,13.051464,18.832209,-20.583132,-15.000033,-20.450895,-10.322249,16.391382,33.383667,6.560864,15.000033,-6.8991423,-7.971161,25.217815,-37.994694,6.602871,-38.434246,-6.0327744,19.132685,2.1393514,8.9268265,-7.4130974,-5.018051,14.368421,-46.95663,-16.207184,0.35551062,-0.13380188
110,-4.226191997528076,20.466886520385742,72.93087005615234,-3.838025755993665,-9.415582325432394,-46.13319258862011,28.918653,20.348438,12.639352,19.3905,-19.690216,-15.000033,-20.276073,-10.639022,16.052698,33.548786,6.21292,15.000033,-6.981216,-7.802417,24.608492,-36.41508,6.8298078,-38.406754,-6.710549,20.664528,1.9681678,7.775065,-7.2395663,-5.5243044,14.5597105,-46.822945,-16.81246,0.30677027,0.39341405
111,-4.196803092956543,20.374231338500977,73.18462371826172,-3.743755295643273,-9.250796158885501,-45.762205060068915,28.13875,20.421923,12.106555,20.176544,-18.813482,-15.000033,-20.180143,-11.163739,15.525304,33.71865,5.8093166,15.000033,-7.0744495,-7.656971,23.954039,-34.88591,6.9964986,-38.341225,-7.487561,22.13085,1.7842827,6.6327076,-7.0786963,-5.9829326,14.704453,-46.717056,-17.375122,0.24353051,0.83128345
112,-4.176340103149414,20.265491485595703,73.43936920166016,-3.655199431009372,-9.021492760873468,-45.28950617099569,27.093508,20.550825,11.416792,21.228724,-17.995047,-15.000033,-20.081818,-11.769354,14.955679,33.778133,5.435409,15.000033,-7.1916246,-7.5052366,23.296417,-33.535973,7.1152925,-38.310894,-8.260552,23.173403,1.6084293,5.6331697,-6.911373,-6.4017663,14.770118,-46.682415,-17.705564,0.19328406,1.1817514
113,-4.175604343414307,20.146808624267578,73.69010162353516,-3.5673062094507406,-8.69414635697509,-44.70231238937352,25.708096,20.7302,10.543453,22.598436,-17.242012,-15.000033,-20.023506,-12.535308,14.248191,33.716614,5.0859475,15.000033,-7.3392086,-7.34465,22.612999,-32.391193,7.1999273,-38.321198,-9.048252,23.678398,1.4571186,4.769998,-6.717114,-6.780552,14.741095,-46.746517,-17.738056,0.15998341,1.452352
114,-4.1791911125183105,20.023887634277344,73.93498992919922,-3.460864973432355,-8.275893486480687,-44.014266188361034,24.028585,20.916658,9.5054455,24.215433,-16.515005,-15.000033,-20.020483,-13.490634,13.35858,33.590157,4.716119,15.000033,-7.5181713,-7.1840777,21.892532,-31.374094,7.2555857,-38.33858,-9.90808,23.841873,1.333998,3.9844174,-6.5147543,-7.117746,14.638807,-46.875984,-17.577162,0.13372421,1.6392269
115,-4.197848320007324,19.885601043701172,74.1719741821289,-3.3655043174440182,-7.829821451900792,-43.23702058631412,22.19913,21.113989,8.33272,25.958666,-15.79693,-15.000033,-19.954185,-14.430748,12.513699,33.371635,4.360167,15.000033,-7.806204,-7.030588,21.210478,-30.214874,7.2135124,-38.4057,-10.926384,24.0223,1.2572927,3.3452067,-6.4008408,-7.4201455,14.559761,-47.010403,-17.291496,0.12311386,1.7217182
116,-4.221304893493652,19.73236846923828,74.39419555664062,-3.317934697572454,-7.417982816050354,-42.3881065943938,20.35537,21.341675,7.0621333,27.72543,-15.075241,-15.000033,-19.720749,-15.144205,11.930891,33.01851,4.1149855,15.000033,-7.9073386,-6.7831874,20.556608,-29.753365,7.2348347,-38.470264,-11.518916,23.504799,1.2135531,2.845354,-6.1656923,-7.7166586,14.276706,-47.214138,-16.95076,0.13201486,1.6918515
117,-4.253607749938965,19.56247329711914,74.59473419189453,-3.3242506832752245,-7.039967425027704,-41.447466203197834,18.474482,21.60494,5.663743,29.536175,-14.342443,-15.000033,-19.28948,-15.586166,11.689698,32.490566,4.009454,15.000033,-8.118922,-6.5114985,20.016226,-29.118704,7.2244067,-38.619152,-12.283527,23.020311,1.2416763,2.5866458,-6.0200825,-8.012385,14.027283,-47.43243,-16.526209,0.16976148,1.5204461
118,-4.2922492027282715,19.37895965576172,74.77982330322266,-3.3657099105577606,-6.6686630169885746,-40.417877136600254,16.502298,21.880514,4.12838,31.4265,-13.6016655,-15.000033,-18.724348,-15.86289,11.667059,31.814217,4.016862,15.000033,-8.326222,-6.1901917,19.531212,-28.671684,7.203875,-38.807365,-12.992451,22.237019,1.3242886,2.5068338,-5.8601484,-8.309631,13.708807,-47.710873,-15.995357,0.2290897,1.2198615
119,-4.332073211669922,19.181594848632812,74.94110107421875,-3.423704051566641,-6.319722047753353,-39.35092190867985,14.530822,22.125517,2.5187075,33.307507,-12.87021,-15.000033,-18.070908,-16.002455,11.820439,31.07397,4.0722733,15.000033,-8.522767,-5.84595,19.103779,-28.315266,7.1681013,-39.019444,-13.6755495,21.361391,1.4347427,2.5503836,-5.7375455,-8.617441,13.36813,-48.000755,-15.418117,0.29573485,0.80929625
120,-4.367737293243408,18.98399543762207,75.07164764404297,-3.4789025730198344,-6.009788985787221,-38.29753148124612,12.651918,22.308428,0.903156,35.09846,-12.168272,-15.000033,-17.377031,-16.03383,12.103662,30.357853,4.111958,15.000033,-8.672124,-5.494825,18.726942,-28.059069,7.1214056,-39.222717,-14.289803,20.504631,1.5437062,2.6516304,-5.6762376,-8.949421,13.028188,-48.264183,-14.854284,0.35642344,0.30666393
121,-4.40436315536499,18.781259536743164,75.17312622070312,-3.537536091662799,-5.744768370548205,-37.23670258135866,10.850913,22.435287,-0.7470781,36.820736,-11.486298,-15.000033,-16.612411,-15.923062,12.589729,29.649689,4.1345367,15.000033,-8.789442,-5.130965,18.409018,-27.912195,7.066746,-39.421444,-14.844618,19.644608,1.647026,2.8337653,-5.6778536,-9.314952,12.695666,-48.513233,-14.311481,0.41186568,-0.32072616
122,-4.446625232696533,18.555774688720703,75.2413101196289,-3.603283780120988,-5.518685104887395,-36.15010948956886,9.095274,22.513123,-2.4527824,38.511887,-10.8237295,-15.000033,-15.76096,-15.678543,13.2835,28.918407,4.1603,15.000033,-8.889263,-4.750206,18.153675,-27.866957,7.004571,-39.62686,-15.361295,18.73384,1.7546568,3.117859,-5.7248445,-9.716429,12.36171,-48.76939,-13.7579365,0.46537378,-1.0744591
123,-4.484739780426025,18.330154418945312,75.27523040771484,-3.6570552914074557,-5.3298888203996295,-35.09443712074368,7.447823,22.529026,-4.1262407,40.123478,-10.216775,-15.000033,-14.891065,-15.38811,14.032219,28.222485,4.167069,15.000033,-8.932943,-4.370003,17.945278,-27.912176,6.9409857,-39.81274,-15.823173,17.838234,1.8623748,3.4334984,-5.8112264,-10.156734,12.025233,-49.011948,-13.192516,0.509351,-1.8896458
124,-4.517335891723633,18.10220718383789,75.27698516845703,-3.682554048333513,-5.174476068473243,-34.12874648693663,5.9677587,22.483145,-5.6747937,41.610775,-9.7035475,-15.000033,-14.07748,-15.12768,14.677635,27.619629,4.1401186,15.000033,-8.88996,-4.0069056,17.768095,-28.00511,6.880632,-39.955963,-16.237997,17.0501,1.9689217,3.7115135,-5.938653,-10.637745,11.695525,-49.221436,-12.614936,0.5376106,-2.7023895
125,-4.552652835845947,17.871219635009766,75.24454498291016,-3.6989438876017067,-5.058505306347498,-33.259709561756374,4.6716857,22.39822,-7.120924,42.958252,-9.277256,-15.000033,-13.29585,-14.844324,15.24561,27.062023,4.2170973,15.000033,-8.739972,-3.6431608,17.627867,-28.162086,6.8282676,-40.059364,-16.603498,16.37726,2.0787141,3.9432998,-6.0973153,-11.163227,11.372657,-49.41467,-12.0233,0.56666934,-3.5287015
126,-4.582796573638916,17.635173797607422,75.17572021484375,-3.7094373771873945,-4.982375737324351,-32.45841726670313,3.52565,22.284414,-8.493188,44.20206,-8.929561,-15.000033,-12.520981,-14.518863,15.795976,26.54028,4.3608336,15.000033,-8.506622,-3.2766564,17.52916,-28.39049,6.7871404,-40.130894,-16.92872,15.774934,2.1921673,4.1623597,-6.290555,-11.734938,11.057565,-49.59845,-11.417083,0.5926836,-4.393031
127,-4.612957954406738,17.395206451416016,75.07990264892578,-3.6785521542548056,-4.929181769978286,-31.735741949900074,2.5061827,22.136547,-9.703544,45.374527,-8.694261,-15.000033,-11.836177,-14.274231,16.21781,26.168629,4.3008265,15.000033,-8.218982,-2.942718,17.449963,-28.64114,6.759675,-40.15378,-17.230291,15.252454,2.303534,4.3611603,-6.5449147,-12.349311,10.762518,-49.72063,-10.801308,0.5804339,-5.2427993
128,-4.647010803222656,17.1675968170166,74.94837188720703,-3.5721905417393396,-4.8797227091510225,-31.105091982512402,1.5866222,21.953638,-10.663076,46.50485,-8.60247,-15.000033,-11.328756,-14.227701,16.396385,26.059687,3.770023,15.000033,-7.8980513,-2.6749046,17.364819,-28.88953,6.75402,-40.103596,-17.507526,14.794916,2.4070773,4.5300317,-6.884713,-12.999652,10.496811,-49.727375,-10.184081,0.4961184,-6.022863
129,-4.683319091796875,16.962024688720703,74.79058837890625,-3.3393122830487547,-4.825701400678929,-30.589117381262334,0.7727543,21.685944,-11.340524,47.585655,-8.656353,-15.000033,-11.067445,-14.4806385,16.258503,26.312191,2.5894594,15.000033,-7.530447,-2.5236092,17.254374,-29.128347,6.7796702,-39.968952,-17.768812,14.371676,2.501367,4.66034,-7.322992,-13.680166,10.268932,-49.612644,-9.566348,0.33446324,-6.711535
130,-4.720093727111816,16.757497787475586,74.5836410522461,-3.015201344486841,-4.778733497519664,-30.173152556983535,0.069656484,21.367935,-11.785452,48.608276,-8.841173,-15.000033,-10.98996,-14.954454,15.859147,26.843613,0.93428713,15.000033,-7.1142416,-2.4584608,17.138264,-29.368645,6.8434024,-39.760216,-18.01862,13.99214,2.5904567,4.758434,-7.85504,-14.38935,10.081328,-49.391407,-8.947876,0.11361571,-7.3365755
131,-4.750985145568848,16.542390823364258,74.33851623535156,-2.6970873752317535,-4.748019529247837,-29.815152215073287,-0.5542006,21.124323,-12.036957,49.602066,-9.166041,-15.000033,-10.985272,-15.4956255,15.279047,27.488644,-0.92425376,15.000033,-6.696218,-2.3914907,17.051765,-29.579199,6.9435472,-39.49373,-18.274078,13.73433,2.677231,4.8392625,-8.483977,-15.126553,9.942709,-49.0456,-8.335625,-0.16445556,-7.9172707
132,-4.785295009613037,16.31391716003418,74.06124877929688,-2.4824439132934972,-4.7392582067376985,-29.47733714151489,-1.1348801,21.079258,-12.137059,50.60023,-9.642608,-15.000033,-10.951887,-15.930113,14.61618,28.087694,-2.7038949,15.000033,-6.312891,-2.2310746,17.02135,-29.753597,7.0762157,-39.180584,-18.533588,13.657375,2.764132,4.9158707,-9.207205,-15.892737,9.855034,-48.56022,-7.7365165,-0.4982897,-8.472316
133,-4.827784061431885,16.093612670898438,73.76262664794922,-2.388927505895845,-4.750991273599135,-29.170371521472443,-1.6935824,21.252098,-12.130911,51.647728,-10.3089285,-15.000033,-10.890671,-16.228413,13.8106785,28.627518,-4.401741,15.000033,-5.940823,-1.9537264,17.048004,-29.914291,7.2412825,-38.82502,-18.788618,13.78644,2.8709457,4.9770703,-10.023622,-16.689547,9.809061,-47.935566,-7.154545,-0.9292012,-9.001746
134,-4.865475177764893,15.894049644470215,73.45657348632812,-2.3673005256317903,-4.78059385082438,-28.908793289677853,-2.2090998,21.588787,-11.993371,52.71594,-11.151221,-15.000033,-10.849817,-16.465586,12.844778,29.19131,-6.1432924,15.000033,-5.5711026,-1.6052939,17.119894,-30.0478,7.4367523,-38.423687,-19.047144,14.095574,2.9904764,5.020637,-10.932465,-17.516087,9.811773,-47.187057,-6.5855527,-1.4433147,-9.496369
135,-4.918967247009277,15.714868545532227,73.13565063476562,-2.4155427736496775,-4.828206057590746,-28.665536817139984,-2.654797,22.105804,-11.657706,53.724766,-12.103333,-15.000033,-10.80986,-16.61327,11.897332,29.766792,-7.8377414,15.000033,-5.2523513,-1.196281,17.23678,-30.11716,7.656044,-37.969727,-19.317432,14.54642,3.084706,5.0711117,-11.928238,-18.370401,9.88652,-46.317844,-6.0250134,-1.9568534,-9.961312
136,-4.973913669586182,15.558746337890625,72.79637145996094,-2.5318029462200644,-4.89292038054849,-28.413741157181686,-3.0027938,22.819813,-11.053497,54.596016,-13.09735,-15.000033,-10.750662,-16.644814,11.147413,30.334177,-9.391025,15.000033,-5.035555,-0.73760396,17.399378,-30.081877,7.8876038,-37.456314,-19.604916,15.107392,3.115912,5.153828,-13.010736,-19.24915,10.059342,-45.32865,-5.4658227,-2.3859973,-10.403637
137,-5.023316860198975,15.417732238769531,72.44029998779297,-2.7358493880971313,-4.981508372873897,-28.14021065665048,-3.2187116,23.787376,-10.121069,55.30607,-14.164805,-15.000033,-10.670935,-16.515228,10.678505,30.913664,-10.800819,15.000033,-4.9236054,-0.20716494,17.616154,-29.979013,8.125147,-36.87282,-19.885538,15.817138,3.054254,5.2822065,-14.197474,-20.157536,10.342866,-44.192223,-4.869291,-2.7439249,-10.853674
138,-5.066649436950684,15.286628723144531,72.07844543457031,-3.0194830482975488,-5.090641614613495,-27.862871266411418,-3.3121898,24.984844,-8.902771,55.900665,-15.324839,-15.000033,-10.587687,-16.245853,10.391032,31.511883,-12.122598,15.000033,-4.894514,0.39227557,17.887396,-29.802681,8.36213,-36.227814,-20.167536,16.692318,2.927845,5.4424534,-15.4882555,-21.094872,10.733605,-42.920734,-4.2480326,-3.0638578,-11.301705
139,-5.095630645751953,15.177029609680176,71.72588348388672,-3.339144093971093,-5.204994656534877,-27.599563151015843,-3.3156977,26.304247,-7.478059,56.3975,-16.491758,-15.000033,-10.503481,-15.911266,10.18653,32.079132,-13.336139,15.000033,-4.9408255,1.0154508,18.197235,-29.517248,8.594452,-35.5312,-20.457527,17.604546,2.785209,5.6138477,-16.8254,-22.0401,11.208839,-41.588196,-3.6749532,-3.2907062,-11.694841
140,-5.125275135040283,15.094807624816895,71.39080810546875,-3.653165862255633,-5.3089314812060895,-27.36760132036075,-3.2696004,27.636429,-5.928901,56.817986,-17.581154,-15.000033,-10.418973,-15.59321,9.967273,32.561886,-14.409897,15.000033,-5.067282,1.6091775,18.532095,-29.051563,8.809854,-34.80651,-20.78035,18.46483,2.6743376,5.778056,-18.168697,-22.960104,11.752328,-40.252655,-3.2256038,-3.3682659,-11.975574
141,-5.145787239074707,15.027716636657715,71.08280944824219,-3.9879770312529192,-5.406734820235798,-27.179545222532354,-3.0941012,29.088354,-4.050858,57.087925,-18.66975,-15.000033,-10.328977,-15.276643,9.709711,32.952484,-15.34129,15.000033,-5.283687,2.1913002,18.886234,-28.400518,8.9978895,-34.016205,-21.105686,19.303238,2.5557,5.9241056,-19.584652,-23.843616,12.38056,-38.854042,-2.895117,-3.2278879,-12.100464
142,-5.156607627868652,14.99782943725586,70.8082046508789,-4.351595066619392,-5.501305708206664,-27.02028678546475,-2.7707658,30.656008,-1.8535931,57.22984,-19.763304,-15.000033,-10.231392,-14.935923,9.4709635,33.274563,-16.159101,15.000033,-5.5872974,2.769718,19.266724,-27.602251,9.15198,-33.167538,-21.417631,20.15694,2.420998,6.06417,-21.077719,-24.685389,13.099619,-37.37377,-2.6555824,-2.9155567,-12.106688
143,-5.16571044921875,14.997275352478027,70.59049224853516,-4.680262148596883,-5.5756867695079535,-26.86945424366726,-2.4682908,32.08261,0.236873,57.404163,-20.676296,-15.000033,-10.138694,-14.646566,9.250178,33.509624,-16.797966,15.000033,-5.9487767,3.27521,19.67149,-26.693354,9.266814,-32.352306,-21.727076,20.919832,2.3643055,6.2098284,-22.493399,-25.456587,13.84648,-35.947933,-2.5498116,-2.5416944,-12.046162
144,-5.168163299560547,15.013959884643555,70.44200134277344,-4.9140869748884155,-5.617389400341876,-26.708862182730382,-2.393776,33.135906,1.7641292,57.76227,-21.229418,-15.000033,-10.051382,-14.4740305,9.053934,33.64201,-17.221643,15.000033,-6.332357,3.6351562,20.09447,-25.722477,9.337103,-31.67085,-22.028934,21.489412,2.4804547,6.3722987,-23.672297,-26.119936,14.53958,-34.703255,-2.6256156,-2.2176769,-11.959441
145,-5.168087482452393,15.045324325561523,70.36189270019531,-5.037925502561943,-5.629615870286639,-26.561807981809157,-2.581832,33.790134,2.6560454,58.310543,-21.399988,-15.000033,-9.963681,-14.4268055,8.899074,33.646553,-17.413593,15.000033,-6.7236013,3.8179808,20.53722,-24.665386,9.361539,-31.089514,-22.294855,21.86193,2.857376,6.500877,-24.612768,-26.65289,15.177211,-33.60234,-2.945172,-1.9548118,-11.825027
146,-5.166093349456787,15.089380264282227,70.3428955078125,-5.086246364461817,-5.620113933885339,-26.430445007104918,-2.9593368,34.1674,3.1186619,58.970634,-21.279255,-15.000033,-9.871008,-14.467606,8.778692,33.536884,-17.396118,15.000033,-7.15121,3.854094,20.994905,-23.501144,9.332896,-30.585882,-22.525019,22.113869,3.423635,6.6082516,-25.407234,-27.05335,15.791303,-32.565758,-3.4789298,-1.7013261,-11.616761
147,-5.163157939910889,15.155982971191406,70.37477111816406,-5.075314331424364,-5.584047386850809,-26.265280917703087,-3.5954232,34.265305,3.097799,59.76736,-20.861189,-15.000033,-9.775452,-14.602911,8.656704,33.35397,-17.184507,15.000033,-7.610588,3.7784843,21.430872,-22.38742,9.25874,-30.248533,-22.677816,22.163616,4.0331798,6.793201,-26.00508,-27.32456,16.314983,-31.662434,-4.1387873,-1.4744592,-11.366369
148,-5.1606621742248535,15.251189231872559,70.4525375366211,-5.020484123644794,-5.515053581824078,-26.015641810581357,-4.5526476,34.075844,2.5495644,60.726334,-20.137129,-15.000033,-9.680825,-14.837647,8.498619,33.14127,-16.794256,15.000033,-8.077912,3.6304574,21.803778,-21.520245,9.166016,-30.162285,-22.68929,21.886581,4.539659,7.156429,-26.326883,-27.479563,16.657738,-30.975845,-4.8350744,-1.2908776,-11.103303
149,-5.165049076080322,15.376518249511719,70.5743637084961,-4.897595477962032,-5.408858528400836,-25.64715123228247,-5.9251933,33.500305,1.3460977,61.950127,-18.966257,-15.000033,-9.560645,-15.216188,8.281486,32.866096,-16.215155,15.000033,-8.573564,3.3737185,22.110249,-20.866913,9.07606,-30.38637,-22.582838,21.208544,4.9391084,7.815638,-26.30747,-27.523308,16.801384,-30.56626,-5.6159396,-1.1484704,-10.858463
150,-5.153228759765625,15.530206680297852,70.74138641357422,-4.697792257738864,-5.270306963376735,-25.192292912460857,-7.616434,32.534374,-0.39027837,63.392498,-17.393686,-15.000033,-9.427352,-15.732127,8.030649,32.5259,-15.446014,15.000033,-9.097629,2.9977942,22.369623,-20.336586,8.990209,-30.864933,-22.401169,20.20694,5.2872806,8.695292,-25.987585,-27.46495,16.783596,-30.394505,-6.5041704,-1.0415148,-10.612442
151,-5.161445140838623,15.70426082611084,70.9420166015625,-4.458874284081175,-5.107477694288445,-24.701092468581212,-9.403722,31.318424,-2.3345976,64.854355,-15.689668,-15.000033,-9.338674,-16.313478,7.781032,32.200397,-14.50406,15.000033,-9.602702,2.5712144,22.581156,-20.013176,8.915887,-31.515211,-22.139465,18.996351,5.5309873,9.608477,-25.4702,-27.315304,16.595488,-30.38501,-7.358764,-0.9818786,-10.314539
152,-5.156932830810547,15.893739700317383,71.16983795166016,-4.225040430401852,-4.927064798671661,-24.22376359324588,-11.093981,30.016495,-4.208446,66.13455,-14.124956,-15.000033,-9.347166,-16.886106,7.5760016,31.975313,-13.436179,15.000033,-10.049049,2.172888,22.755812,-19.958006,8.864694,-32.251778,-21.823555,17.695904,5.62614,10.364175,-24.85146,-27.100706,16.237738,-30.479761,-8.03574,-0.98024225,-9.924584
153,-5.155791759490967,16.111698150634766,71.420654296875,-4.013718602723614,-4.722096824039319,-23.716603265065686,-12.7818165,28.583477,-6.1405697,67.34337,-12.587061,-15.000033,-9.415669,-17.455528,7.3510146,31.814636,-12.193389,15.000033,-10.45462,1.8273606,22.894587,-20.213352,8.8444,-33.151585,-21.442373,16.072538,5.5431404,11.027918,-24.051645,-26.830864,15.66964,-30.736584,-8.475245,-1.0625529,-9.389391
154,-5.152237415313721,16.34705352783203,71.68809509277344,-3.7918789799859822,-4.493663598224098,-23.1729974701513,-14.485969,26.943554,-8.184079,68.52868,-10.99246,-15.000033,-9.531657,-18.062593,7.1167955,31.69745,-10.782157,15.000033,-10.82528,1.4904969,23.006882,-20.725384,8.856453,-34.231644,-21.022873,14.145334,5.3061814,11.654836,-23.033806,-26.50469,14.898482,-31.200474,-8.74753,-1.2138189,-8.753945
155,-5.1513991355896,16.610759735107422,71.96165466308594,-3.544472199620213,-4.258182886814103,-22.701224504388456,-15.9618,25.271908,-10.029289,69.40262,-9.667637,-15.000033,-9.79265,-18.674047,7.0072446,31.714523,-9.2613535,15.000033,-11.104114,1.1516135,23.115225,-21.408117,8.891362,-35.32176,-20.646069,12.421469,4.9787145,12.0395775,-21.963226,-26.128603,14.002951,-31.78346,-8.913028,-1.381776,-8.12211
156,-5.1360955238342285,16.9196720123291,72.23609924316406,-3.2707983933285285,-4.031029317074447,-22.41098587904922,-17.00975,23.783836,-11.422454,69.68315,-8.946935,-15.000033,-10.296797,-19.23821,7.1523566,31.948364,-7.6780405,15.000033,-11.24302,0.81439465,23.235746,-22.183622,8.936339,-36.234962,-20.369162,11.398411,4.640398,11.982506,-21.035597,-25.714664,13.073405,-32.361004,-9.029405,-1.5140531,-7.598637
157,-5.115492343902588,17.268321990966797,72.49630737304688,-2.93813350710854,-3.8011093933659916,-22.297138331236305,-17.590769,22.39567,-12.382112,69.2369,-9.085898,-15.000033,-11.102952,-19.762232,7.692604,32.476044,-5.9956617,15.000033,-11.254512,0.4661241,23.361717,-23.051847,8.9790535,-36.92927,-20.204939,11.330159,4.286373,11.311152,-20.273556,-25.272038,12.096114,-32.90729,-9.080979,-1.6109698,-7.175841
158,-5.081543445587158,17.622392654418945,72.75105285644531,-2.582355638762071,-3.566494917211373,-22.319609312273407,-17.843668,21.087015,-13.108982,68.236916,-9.870429,-15.000033,-12.137203,-20.226662,8.517532,33.205486,-4.1706433,15.000033,-11.154967,0.13797197,23.494345,-24.05554,9.015918,-37.493114,-20.109556,11.902375,3.8803704,10.1771345,-19.592928,-24.79955,11.045321,-33.479702,-9.045418,-1.6922072,-6.8146267
159,-5.057941913604736,17.993221282958984,72.98295593261719,-2.302234664134108,-3.349106275016912,-22.52528743843451,-17.872467,20.162634,-13.629697,66.86207,-10.90984,-15.000033,-13.296006,-20.542913,9.396891,33.993015,-2.33946,15.000033,-10.91475,-0.10613549,23.652506,-25.168127,9.049531,-37.937683,-20.06485,12.7706785,3.458269,8.87214,-19.031843,-24.292398,9.993624,-34.064445,-8.979501,-1.7362634,-6.571431
160,-5.02984094619751,18.374820709228516,73.18160247802734,-2.1779805085063497,-3.1641826648745153,-22.952136585250212,-17.789253,19.910975,-13.907263,65.29323,-11.786726,-15.000033,-14.496573,-20.662834,10.085889,34.71705,-0.6360251,15.000033,-10.522505,-0.22289112,23.839863,-26.36027,9.091424,-38.260742,-20.055002,13.587467,3.0735326,7.6794024,-18.655987,-23.743732,9.0303135,-34.620926,-8.942721,-1.72235,-6.502614
161,-5.009597301483154,18.737957000732422,73.33885955810547,-2.3019572930945604,-3.0173181706175694,-23.651734562897328,-17.686245,20.651716,-13.780307,63.59071,-12.522522,-15.000033,-15.740476,-20.406227,10.672269,35.358345,1.0033911,15.000033,-9.950424,-0.13325036,24.08815,-27.615822,9.153461,-38.43992,-20.115322,14.485275,2.7447753,6.5557704,-18.512276,-23.152538,8.166929,-35.1171,-8.992332,-1.6387781,-6.6453233
162,-4.990933895111084,19.082021713256836,73.45075988769531,-2.589600336051613,-2.900911355833676,-24.587815407121113,-17.478403,22.13846,-13.222205,61.65536,-13.290318,-15.000033,-17.06301,-19.882547,11.213561,35.99028,2.615221,15.000033,-9.222087,0.09842931,24.375744,-28.951132,9.244155,-38.478546,-20.241678,15.567983,2.4316752,5.3907285,-18.572342,-22.52259,7.3647456,-35.564304,-9.08821,-1.4988192,-6.9592257
163,-4.949625492095947,19.423051834106445,73.51221466064453,-2.846007685090525,-2.8037196693747184,-25.66006512092425,-17.008436,23.78331,-12.39231,59.419453,-13.886116,-15.000033,-18.457775,-19.498877,11.444694,36.646206,4.0194883,15.000033,-8.412885,0.28881177,24.624262,-30.360682,9.369692,-38.420197,-20.385609,16.46863,2.1330903,4.359473,-18.789707,-21.851828,6.638516,-35.988,-9.1439085,-1.3198475,-7.38634
164,-4.902257919311523,19.77077865600586,73.51583862304688,-2.8818231918659034,-2.7010530471528433,-26.757636828700377,-16.152071,24.97134,-11.54066,56.813164,-14.081921,-15.000033,-19.934475,-19.655567,11.133183,37.36144,5.023296,15.000033,-7.6122317,0.2522044,24.752201,-31.828297,9.532802,-38.30928,-20.502579,16.831738,1.8661553,3.633558,-19.12682,-21.13379,6.0104585,-36.40394,-9.075357,-1.1207774,-7.868496
165,-4.827014923095703,20.127408981323242,73.46442413330078,-2.643578572637759,-2.5889403238536435,-27.916095793604846,-14.841764,25.599554,-10.757649,53.63375,-13.485347,-15.000033,-21.567701,-20.545368,10.099968,38.183525,5.50508,15.000033,-6.7866054,-0.07658122,24.75058,-33.375248,9.74704,-38.185703,-20.580494,16.471815,1.6450813,3.287938,-19.572533,-20.36361,5.4670944,-36.82717,-8.843557,-0.86120754,-8.442638
166,-4.72700834274292,20.489519119262695,73.3493881225586,-2.2265208850297333,-2.486004682830726,-29.158334023013197,-13.146696,25.913048,-9.964379,49.974518,-12.327757,-15.000033,-23.30297,-21.949518,8.554236,39.093754,5.5408015,15.000033,-5.8981547,-0.60391366,24.670015,-35.07029,10.0391,-38.00806,-20.609823,15.532215,1.4695725,3.2099164,-20.120687,-19.543951,4.9716525,-37.249107,-8.500681,-0.5505115,-9.120086
167,-4.589430809020996,20.870454788208008,73.15911865234375,-1.67870944965693,-2.3955319106272612,-30.35527714954343,-11.184051,25.838907,-9.259651,46.189987,-11.279832,-15.000033,-24.960848,-23.636772,6.837636,40.002262,5.2715435,15.000033,-5.1003737,-1.2846425,24.539036,-36.749813,10.385383,-37.741756,-20.674528,14.372663,1.3400762,3.3063812,-20.813791,-18.673988,4.5786543,-37.62148,-8.096172,-0.2808804,-9.809086
168,-4.437553405761719,21.255290985107422,72.89863586425781,-1.0592826642534723,-2.3169126139673413,-31.39241253614419,-9.067023,25.33713,-8.753039,42.607517,-11.006962,-15.000033,-26.402151,-25.347607,5.2802086,40.82803,4.8678136,15.000033,-4.502203,-2.0496442,24.354435,-38.373558,10.747081,-37.31722,-20.754478,13.261164,1.2556143,3.4747124,-21.667341,-17.751457,4.318087,-37.895554,-7.6865077,-0.14218976,-10.415793
169,-4.2325873374938965,21.644447326660156,72.57621002197266,-0.30877577034978354,-2.239840560960247,-32.26023778436678,-6.6071534,24.14801,-8.735434,39.07505,-11.832837,-15.000033,-27.671625,-27.153193,3.895074,41.583786,4.397617,15.000033,-4.1279716,-2.9351332,24.053911,-40.00503,11.105415,-36.709988,-20.782236,12.0906,1.2125721,3.7151446,-22.70671,-16.772371,4.18899,-38.044594,-7.2303877,-0.15026289,-10.947473
170,-3.9941604137420654,22.020259857177734,72.19874572753906,0.5358780571516958,-2.1962613764966106,-33.04534811894292,-3.781644,22.419037,-9.2855215,35.452175,-13.400025,-15.000033,-28.808132,-29.080284,2.5256412,42.31137,3.7769468,15.000033,-3.884838,-3.911997,23.673302,-41.678856,11.454187,-35.951557,-20.733715,10.772345,1.2047238,4.070098,-23.906267,-15.732256,4.163592,-38.086067,-6.720056,-0.2600169,-11.443546
171,-3.752877950668335,22.35365867614746,71.78776550292969,1.2832067939958576,-2.2150384077813454,-33.76167415031557,-0.9829177,20.740805,-10.03686,32.08402,-15.323107,-15.000033,-29.682388,-30.828089,1.184058,42.932972,2.999433,15.000033,-3.7225192,-4.821649,23.315262,-43.315247,11.75878,-35.051136,-20.644493,9.615418,1.2342315,4.502701,-25.20917,-14.629212,4.232246,-38.0338,-6.260102,-0.46641427,-11.855504
172,-3.5477418899536133,22.61515235900879,71.35559844970703,1.7913818140987323,-2.287641023947193,-34.38095980188839,1.3179036,19.64963,-10.387654,29.348236,-17.126081,-15.000033,-30.202208,-32.164165,-0.12149872,43.388218,2.0446901,15.000033,-3.6202962,-5.5530934,23.045446,-44.861965,11.96416,-34.017437,-20.521727,8.92558,1.309074,4.973121,-26.543583,-13.463339,4.382592,-37.919254,-5.957664,-0.7625205,-12.136825
173,-3.38869571685791,22.812049865722656,70.9225845336914,2.009398272302309,-2.4104858260207997,-34.890437115727096,2.9413283,19.356316,-9.754242,27.4843,-18.834152,-15.000033,-30.22543,-33.02517,-1.5309561,43.580437,0.70558137,15.000033,-3.5985115,-6.061733,22.81228,-46.38374,12.018577,-32.814037,-20.229763,8.844205,1.4204273,5.521401,-27.896595,-12.219639,4.625439,-37.73037,-5.8269963,-1.190058,-12.29448
174,-3.261002540588379,22.927213668823242,70.5128173828125,2.050474951462803,-2.571921354940163,-35.29226551693263,4.1201277,19.51301,-8.395064,26.304434,-20.620008,-15.000033,-29.868456,-33.573254,-3.02869,43.579117,-0.93216646,15.000033,-3.6469352,-6.440957,22.577618,-47.97486,11.894789,-31.459345,-19.705713,9.192808,1.5768548,6.1440835,-29.264364,-10.889831,4.9335446,-37.474213,-5.819027,-1.7370696,-12.346647
175,-3.1883254051208496,22.987348556518555,70.15782928466797,2.0528213953099708,-2.7361479768109502,-35.5705521418341,4.977726,19.789492,-6.8647003,25.520052,-22.16244,-15.000033,-29.444685,-33.962166,-4.326868,43.555553,-2.4504275,15.000033,-3.714503,-6.823962,22.414234,-49.617256,11.572199,-30.043411,-19.063988,9.80653,1.8155497,6.73848,-30.605188,-9.501173,5.2429256,-37.20669,-5.934354,-2.315758,-12.262677
176,-3.170001983642578,23.012292861938477,69.89810180664062,2.149455667794596,-2.8581186626175406,-35.70388514124234,5.608707,19.874754,-5.7897596,24.810595,-23.12677,-15.000033,-29.261734,-34.337463,-5.1213493,43.665554,-3.4305987,15.000033,-3.7544522,-7.3267555,22.39086,-51.2728,11.03396,-28.647106,-18.448524,10.519118,2.167273,7.203687,-31.869009,-8.101666,5.5050807,-37.008324,-6.1781344,-2.8357062,-12.020218
177,-3.217989921569824,23.0098819732666,69.75486755371094,2.4636065252012886,-2.922124628128607,-35.699526733974096,6.1056895,19.615347,-5.2566643,23.918396,-23.353601,-15.000033,-29.477999,-34.774807,-5.1253853,43.940075,-3.74794,15.000033,-3.6154025,-7.9620996,22.613218,-52.961582,10.207282,-27.266865,-17.98972,11.408533,2.6892204,7.4859133,-32.55228,-6.5392804,6.07421,-37.445004,-7.0241733,-3.2841713,-11.638851
178,-3.331688404083252,22.9898624420166,69.73455047607422,2.9069314685311194,-2.955070684167531,-35.56936181544446,6.3965445,19.201103,-4.959419,23.074009,-23.067194,-15.000033,-29.928074,-35.181953,-4.529092,44.29792,-3.6305313,15.000033,-3.5893888,-8.951589,22.818157,-54.81784,9.161655,-25.776524,-17.160067,12.6009445,3.3498037,7.607823,-34.075886,-5.213378,5.89079,-37.030853,-7.063044,-3.771612,-10.85311
179,-3.50192928314209,22.95624351501465,69.80460357666016,3.272466829036894,-2.9558762427743064,-35.29193354187742,6.2795315,18.871532,-4.954943,22.688467,-22.449476,-15.000033,-30.41173,-35.45379,-3.7754564,44.698544,-3.1770937,15.000033,-3.488004,-9.771706,23.159882,-56.68655,7.8674154,-24.301325,-16.421267,13.771128,4.028524,7.6853924,-35.224422,-3.9882638,5.893202,-36.9682,-7.4562473,-4.1821856,-10.130793
180,-3.7042484283447266,22.91343116760254,69.94202423095703,3.364535745033529,-2.9277660313713803,-34.84710560270761,5.5640197,18.84523,-5.309192,23.178728,-21.722322,-15.000033,-30.720816,-35.499317,-3.302652,45.1124,-2.4924884,15.000033,-3.4636023,-10.295365,23.532764,-58.49409,6.38959,-22.875523,-15.731025,14.689626,4.6110206,7.803106,-36.295963,-2.896031,5.9764743,-36.861015,-8.058699,-4.482086,-9.563512
181,-3.9211251735687256,22.853473663330078,70.13748931884766,3.089117818482122,-2.8445809981677064,-34.214063974590076,4.170723,19.191778,-6.173118,24.66937,-20.935143,-15.000033,-30.837866,-35.356125,-3.4090564,45.626766,-1.4269588,15.000033,-3.6085598,-10.444247,23.91328,-60.099297,4.7687125,-21.455704,-15.255776,15.255597,5.1263785,7.947589,-37.421288,-1.9994882,6.167567,-36.556065,-8.920775,-4.6505857,-9.201732
182,-4.1547770500183105,22.76677703857422,70.38069915771484,2.5544141055695166,-2.6999212998065936,-33.40149364744105,2.2100778,19.770267,-7.4923286,26.873962,-19.943314,-15.000033,-30.855453,-35.055927,-3.8286402,46.226196,0.018694488,15.000033,-3.8858588,-10.314197,24.336197,-61.51889,3.0169842,-20.009687,-15.01243,15.596902,5.615858,8.09479,-38.58698,-1.3171928,6.4321475,-36.125065,-9.947526,-4.7150965,-8.971115
183,-4.416098594665527,22.630708694458008,70.6637954711914,1.8626276233935217,-2.520798749297892,-32.43251714486919,-0.22772989,20.4826,-9.047279,29.581131,-18.663439,-15.000033,-30.724354,-34.492664,-4.158352,46.71457,1.5156096,15.000033,-4.2245607,-9.997049,24.81787,-62.85083,1.1779692,-18.626894,-14.853767,15.809811,5.9883294,8.334048,-39.72039,-0.8346049,6.6545215,-35.69085,-10.878486,-4.7015333,-8.812711
184,-4.719481468200684,22.426467895507812,70.98619079589844,1.1201877519677854,-2.342825764577389,-31.33333303984306,-3.0351653,21.233942,-10.628152,32.58957,-17.018478,-15.000033,-30.392876,-33.548428,-3.9850464,46.887886,2.7314742,15.000033,-4.5583763,-9.604505,25.372488,-64.17317,-0.6806348,-17.40831,-14.641266,15.988565,6.1549115,8.756304,-40.759914,-0.52223444,6.7081866,-35.3664,-11.445266,-4.6378326,-8.655453
185,-5.066497325897217,22.162973403930664,71.33628845214844,0.2237679704073718,-2.1829997489579123,-30.09660337894967,-6.3821106,22.092215,-12.434807,36.153133,-14.744959,-15.000033,-29.771618,-31.81807,-2.9732535,46.62488,3.64166,15.000033,-4.914878,-9.0884285,26.036247,-65.39171,-2.516056,-16.363136,-14.449577,16.140715,6.0351577,9.348209,-41.734425,-0.35543904,6.5740294,-35.12095,-11.544761,-4.489744,-8.4509735
186,-5.448876857757568,21.86109733581543,71.69927978515625,-0.8328835245769968,-2.0318349493097236,-28.700290568842483,-10.199014,22.949001,-14.613327,40.16931,-11.928418,-15.000033,-28.860321,-29.499142,-1.4084653,46.049202,4.3582745,15.000033,-5.361069,-8.45269,26.807978,-66.43495,-4.3167977,-15.474934,-14.364493,16.205952,5.6997604,10.083855,-42.688065,-0.32669652,6.3373833,-34.89129,-11.334128,-4.2547784,-8.238465
187,-5.854267120361328,21.529333114624023,72.0523452758789,-1.7898197558854587,-1.8862313746281008,-27.16133709745686,-14.07789,23.532576,-16.776693,44.046036,-9.029999,-15.000033,-27.785118,-27.374092,0.22074123,45.34516,4.7795954,15.000033,-5.863313,-7.890991,27.636509,-67.40507,-6.0575614,-14.806021,-14.285772,16.17603,5.2859225,11.034266,-43.561996,-0.42783582,6.0302205,-34.76911,-10.942041,-4.0086427,-8.080405
188,-6.270045280456543,21.193145751953125,72.38001251220703,-2.408684304489125,-1.7266006729207657,-25.522103085622604,-17.67856,23.73011,-18.449772,47.309937,-6.6046443,-15.000033,-26.746868,-26.177687,1.4073114,44.706997,4.8638377,15.000033,-6.3593946,-7.56302,28.445223,-68.39928,-7.7072825,-14.410148,-14.126055,16.037226,4.928977,12.273367,-44.28522,-0.6413992,5.699166,-34.85907,-10.515976,-3.8285065,-8.040113
189,-6.685488700866699,20.846418380737305,72.66170501708984,-2.656601831666227,-1.5096677869989072,-23.6784523152458,-21.252821,23.752607,-19.263062,49.995255,-4.7965374,-15.000033,-25.818764,-26.046913,2.0490565,44.229908,4.567927,15.000033,-6.9392667,-7.5233183,29.229275,-69.47454,-9.245913,-14.326694,-13.8832035,15.7537365,4.67467,13.8853655,-44.952644,-0.97385365,5.296534,-35.20843,-10.000329,-3.7037103,-8.164198
190,-7.072253704071045,20.48568344116211,72.87838745117188,-2.663852464095643,-1.2142008296320457,-21.670730375720716,-24.951103,23.688742,-19.499681,52.392944,-3.376024,-15.000033,-24.986307,-26.575134,2.3976963,43.810677,3.9595048,15.000033,-7.6303496,-7.655069,29.793802,-70.37954,-10.67853,-14.497271,-13.61675,15.3139715,4.426523,15.81115,-45.561203,-1.3979698,4.8678837,-35.584137,-9.339169,-3.6142607,-8.425976
191,-7.406078338623047,20.129566192626953,73.01588439941406,-2.4426967716422063,-0.8524957053578491,-19.75727518567797,-28.292915,23.329088,-19.581558,54.427784,-2.3152742,-15.000033,-24.337036,-27.67821,2.4461617,43.334263,3.1941237,15.000033,-8.295417,-7.866425,29.793802,-70.79592,-12.000334,-14.81303,-13.322571,14.755475,4.106942,17.902737,-45.95417,-1.8343958,4.554246,-35.652756,-8.646602,-3.626978,-8.752855
192,-7.667102813720703,19.800493240356445,73.07257080078125,-2.0211504092801396,-0.6508082374967755,-18.165498241352473,-30.567287,22.460459,-19.928677,56.015034,-1.5675981,-15.000033,-23.657347,-29.277248,2.1428616,42.654644,2.396554,15.000033,-8.632349,-8.142481,29.793802,-71.094284,-13.165944,-15.292458,-12.968466,14.1867695,3.6908295,20.030512,-45.98305,-2.258267,4.366312,-35.779984,-8.122009,-3.7706237,-9.006347
193,-7.860800743103027,19.499666213989258,73.04944610595703,-1.243818016734082,-0.6530552189700871,-16.834866733619588,-31.619793,20.668621,-20.745472,57.1856,-1.1021957,-15.000033,-22.859043,-31.808311,1.181026,41.731277,1.3964578,15.000033,-8.702807,-8.620975,29.793802,-71.30616,-14.136959,-16.007053,-12.498394,13.469282,3.1094031,22.480064,-45.73878,-2.648025,4.3304133,-35.857403,-7.8015532,-4.172894,-9.221497
194,-7.97802734375,19.198974609375,72.95364379882812,-0.1680105029403079,-0.8222164171211171,-15.665472016759177,-31.747742,18.234009,-21.770601,57.965687,-0.9293521,-15.000033,-21.89116,-35.159946,-0.46560964,40.599728,0.16417871,15.000033,-8.62053,-9.289989,29.793802,-71.43692,-14.89448,-16.95743,-11.938945,12.626937,2.3876083,25.221066,-45.293266,-2.9912553,4.4203854,-35.9134,-7.6287513,-4.7697935,-9.425686
195,-8.031315803527832,18.9051513671875,72.78656005859375,0.8836435677798771,-1.083735685838712,-14.838511318272397,-31.148724,15.9417515,-22.75849,58.27838,-1.0284082,-15.000033,-20.845371,-38.4289,-2.3195114,39.25707,-0.9121859,15.000033,-8.275857,-9.877281,29.793802,-71.417496,-15.436499,-17.986055,-11.384528,11.953581,1.6493168,27.651766,-44.510647,-3.2778697,4.581899,-36.06077,-7.537626,-5.3208594,-9.507386
196,-8.034608840942383,18.61451530456543,72.55979919433594,1.6123746312960434,-1.3308087551131151,-14.539668566739213,-30.04516,14.548202,-23.433504,58.05939,-1.3988947,-15.000033,-19.964836,-40.72837,-3.7063055,37.738235,-1.4087652,15.000033,-7.527003,-10.113581,29.793802,-71.1969,-15.783213,-18.946749,-10.930679,11.71844,1.0576328,29.17768,-43.203884,-3.48605,4.785479,-36.477703,-7.506863,-5.583657,-9.361877
197,-7.994015693664551,18.321523666381836,72.28218078613281,1.9742617825885997,-1.546960732951048,-14.892639052845112,-28.303547,14.162353,-23.815897,57.227245,-1.9003414,-15.000033,-19.36275,-41.870197,-4.3675003,35.926914,-1.071225,15.000033,-6.2123046,-9.962018,29.793802,-70.82696,-15.95255,-19.810324,-10.47356,11.996687,0.6719159,29.621037,-41.24368,-3.5973127,4.967387,-37.227837,-7.4836235,-5.4270244,-8.866964
198,-7.9153852462768555,18.028667449951172,71.93814849853516,2.1304816685692827,-1.768408322030558,-15.777469219244752,-25.876177,14.396318,-24.004965,55.836308,-2.5892813,-15.000033,-18.966267,-42.32137,-4.5611296,33.859287,-0.15660499,15.000033,-4.4285126,-9.578114,29.793802,-70.37608,-15.955401,-20.628859,-9.958023,12.627269,0.4186681,29.306664,-38.681786,-3.5948792,5.1928306,-38.293896,-7.5425415,-5.006521,-8.11196
199,-7.801511287689209,17.733257293701172,71.53115844726562,2.117232750099088,-1.9640007052415593,-17.0025195371495,-23.10756,15.21624,-23.77313,54.01126,-3.72508,-15.000033,-18.818491,-42.234028,-4.2760615,31.812376,1.0013776,15.000033,-2.4117262,-9.0505905,29.793802,-69.73245,-15.782235,-21.501348,-9.606466,13.5449705,0.27563146,28.426924,-35.64606,-3.5278597,5.4617424,-39.717316,-7.6809025,-4.517576,-7.267019
200,-7.620827674865723,17.454269409179688,71.04460906982422,1.9742646243186748,-2.105869661345429,-18.375801041690757,-20.327566,16.5632,-22.898716,51.868996,-5.562058,-15.000033,-18.950813,-41.764297,-3.5259016,30.063387,2.066136,15.000033,-0.42847627,-8.407676,29.793802,-68.89657,-15.434372,-22.362669,-9.591991,14.649119,0.20826682,27.123924,-32.26013,-3.4310565,5.9165373,-41.53224,-8.011954,-4.147682,-6.543503
201,-7.4047698974609375,17.197601318359375,70.49434661865234,1.6762116024449487,-2.1326798904885345,-19.923976464616754,-17.430632,18.587685,-21.108265,49.083515,-8.455886,-15.000033,-19.414726,-40.83322,-2.2267585,28.577278,3.0630615,15.000033,1.5246644,-7.59661,29.626272,-67.67252,-14.925769,-23.153576,-10.026585,16.069597,0.17236452,25.142586,-28.402063,-3.3438673,6.596953,-43.71391,-8.709372,-3.918169,-6.0564175
202,-7.180976867675781,16.943649291992188,69.90660095214844,1.250007532806591,-1.8410658713867056,-21.700512632481672,-14.470716,21.072588,-18.500034,45.6852,-12.100096,-15.000033,-20.4243,-39.468456,-0.40040916,27.245878,4.1305604,15.000033,3.2441409,-6.6155634,28.20517,-65.2549,-14.2514305,-23.659004,-10.903058,17.736927,0.08239872,22.443037,-24.430243,-3.2181284,7.627941,-45.032394,-9.572866,-3.7642856,-5.741011
203,-6.945770263671875,16.68647003173828,69.29647064208984,0.8018485741299382,-1.5610099061275224,-23.579576274109343,-11.37147,23.501635,-15.447244,42.297874,-15.832909,-15.000033,-21.585363,-37.958363,1.7194085,26.232035,5.049432,15.000033,4.8487425,-5.676363,26.695183,-62.591686,-13.364249,-24.122934,-12.107851,19.418768,0.017462872,19.609808,-20.4079,-3.0858877,8.803239,-46.38209,-10.3080845,-3.694596,-5.374073
204,-6.710691928863525,16.4256591796875,68.67192077636719,0.41195792382920643,-1.376972084355055,-25.44280438897325,-8.4688,25.52462,-12.394076,39.6291,-19.038256,-15.000033,-22.851004,-36.51628,3.9484072,25.743986,5.6487536,15.000033,6.1917953,-4.879791,25.270458,-59.83925,-12.19496,-24.647505,-13.604467,20.83253,0.062060922,17.191807,-16.736525,-2.9866562,9.991981,-47.5921,-10.419058,-3.7385511,-4.787297
205,-6.481679439544678,16.171192169189453,68.03087615966797,0.015098457061004726,-1.2421955173722696,-27.231246197574013,-6.0788097,27.297462,-9.403163,37.949947,-21.71966,-15.000033,-24.32111,-35.082794,6.3263974,25.97999,5.928506,15.000033,7.2132163,-4.0713043,23.862469,-56.91488,-10.663907,-25.274807,-15.525694,21.955812,0.34711078,15.482954,-13.313243,-2.9113667,11.16991,-48.695744,-9.607241,-3.921892,-3.854662
206,-6.2755279541015625,15.904901504516602,67.39401245117188,-0.4229348426700111,-1.1278980509060268,-29.030660019142527,-3.990055,29.029764,-6.2600546,36.90607,-24.194849,-15.000033,-25.98495,-33.50017,8.89041,26.81199,5.981407,15.000033,7.941573,-3.2133422,22.385605,-53.655636,-8.742176,-25.883038,-17.966597,22.908848,0.82194495,14.129131,-10.095771,-2.8576534,12.432709,-49.649647,-8.163601,-4.1915917,-2.6881385
207,-6.099049091339111,15.61404800415039,66.78144073486328,-0.7913509867076448,-1.1354205511560433,-30.94625723136453,-1.8385223,30.564056,-3.0291233,36.280834,-26.3236,-15.000033,-27.666227,-31.80529,11.46481,27.959114,5.8141766,15.000033,8.378104,-2.5112505,21.01049,-50.121376,-6.4527855,-26.343916,-20.810633,23.625935,1.3283222,12.704402,-7.528176,-2.8774369,13.860705,-50.210564,-6.5242624,-4.4578958,-1.5031335
208,-5.93755578994751,15.273139953613281,66.2093276977539,-0.9674799552058733,-1.366772358078106,-33.07497637750007,0.734373,31.693579,0.20159538,35.831833,-27.944323,-15.000033,-29.199604,-30.077185,13.88257,29.146666,5.415256,15.000033,8.546516,-2.151719,19.941504,-46.42552,-3.8525116,-26.553785,-23.906275,24.04949,1.702957,10.788727,-6.0137353,-3.050351,15.500406,-50.18246,-5.1180162,-4.6577377,-0.5407877
209,-5.795859336853027,14.905296325683594,65.70021057128906,-0.8781296655508813,-1.9359323456396835,-35.514869604135136,3.9515254,32.321968,3.441611,35.48631,-28.921963,-15.000033,-30.534407,-28.330341,16.0986,30.375582,4.723894,15.000033,8.530305,-2.1644175,19.353567,-42.3781,-0.928387,-26.440994,-27.329159,24.024027,1.7866207,8.0828085,-5.78495,-3.4562266,17.365711,-49.436497,-3.8124373,-4.832334,0.13527884
210,-5.67503023147583,14.560888290405273,65.26412963867188,-0.5885064769540753,-2.7477651957259526,-38.19566150131867,7.5545177,32.577892,6.6890717,35.34015,-29.351858,-15.000033,-31.758947,-26.519402,18.187643,31.809528,3.7336876,15.000033,8.241914,-2.364978,19.142391,-37.93196,2.3476849,-25.954046,-31.239525,23.6213,1.7354815,4.8581553,-6.586784,-4.097722,19.490421,-48.14679,-2.4409966,-5.001134,0.60011834
211,-5.553919315338135,14.17973518371582,64.8647689819336,-0.18637602460909655,-3.588742243349677,-40.95764519803176,11.154781,32.57515,9.801524,35.407383,-29.43093,-15.000033,-32.940006,-24.657883,20.181255,33.40348,2.541285,15.000033,7.529326,-2.6598592,19.111088,-33.502815,5.9062567,-25.07169,-35.52361,23.116508,1.8295337,1.5755593,-8.005917,-4.9077864,21.888206,-46.67578,-1.3858846,-5.1041517,0.8273055
212,-5.401308536529541,13.762319564819336,64.48365020751953,0.22198256287998686,-4.25413587827784,-43.6354649458634,14.357719,32.457848,12.646344,35.73393,-29.383966,-15.000033,-34.137577,-22.751167,22.125088,35.0756,1.2511989,15.000033,6.331616,-3.0160685,19.049528,-29.589958,9.5727415,-23.916626,-39.9006,22.889547,2.3033512,-1.2731688,-9.54814,-5.781951,24.47702,-45.46161,-1.0370932,-5.0865464,0.8212193
213,-5.25238561630249,13.318625450134277,64.09622192382812,0.6874723004658263,-4.711776392377181,-46.21322270560143,17.00503,32.184616,15.133197,36.472622,-29.183521,-15.000033,-35.402603,-20.820227,24.166698,36.834625,-0.26966155,15.000033,4.6908193,-3.5724497,18.866508,-26.23348,13.126412,-22.592876,-44.265327,23.32773,3.3581758,-3.7417173,-11.154749,-6.655241,27.227938,-44.58841,-1.9340938,-4.884937,0.47494775
214,-5.118381500244141,12.869159698486328,63.696956634521484,1.2266409377950744,-5.053541220703445,-48.77436344952753,19.297237,31.767477,17.322668,37.561085,-28.754747,-15.000033,-36.701004,-18.840431,26.2454,38.694435,-2.0049145,15.000033,2.8252509,-4.3182015,18.608644,-23.567303,16.468626,-21.219309,-48.301952,24.248625,4.778203,-6.038637,-12.923089,-7.516447,30.011833,-43.922337,-3.7366836,-4.5368195,-0.12888663
215,-4.989583969116211,12.428143501281738,63.28542709350586,1.65903526466876,-5.2853503039195555,-51.288815010540205,21.377665,31.451715,19.351929,38.78218,-28.25167,-15.000033,-37.95589,-16.743107,28.110497,40.56105,-3.6522193,15.000033,0.9664314,-4.996649,18.245567,-22.324917,19.62763,-20.114464,-51.276478,25.170149,6.1936054,-7.892128,-14.584677,-8.359185,32.52949,-43.51391,-5.521562,-4.150876,-0.6896351
216,-4.864880084991455,11.987664222717285,62.86261749267578,1.80448636411342,-5.431050165617484,-53.7211484908516,23.403963,31.440552,21.357,39.922356,-27.849123,-15.000033,-39.09918,-14.487025,29.502642,42.335773,-4.9167995,15.000033,-0.6984541,-5.361995,17.787945,-23.192192,22.72339,-19.638851,-52.55609,25.531101,7.284587,-8.998968,-15.910968,-9.188457,34.516457,-43.357197,-6.367708,-3.869845,-0.9240233
217,-4.736839294433594,11.539345741271973,62.43286895751953,1.5959049001719585,-5.477684069948074,-56.085154241201174,25.40896,31.7847,23.43978,40.948055,-27.5725,-15.000033,-40.18406,-12.034208,30.355995,43.988434,-5.6794996,15.000033,-2.1326714,-5.321788,17.17744,-26.677912,25.822805,-20.040928,-52.06283,24.997734,7.949574,-9.07276,-16.768322,-10.017262,35.931465,-43.48828,-5.7785687,-3.7700377,-0.6815967
218,-4.609902381896973,11.081319808959961,62.002342224121094,1.1226685753108516,-5.445838028560005,-58.38837570593272,27.341042,32.357258,25.545036,41.969067,-27.338114,-15.000033,-41.25572,-9.445958,30.809011,45.544704,-6.1129313,15.000033,-3.4847336,-5.0650578,16.49172,-32.329556,28.899027,-21.439075,-50.244705,23.89634,8.38599,-8.304489,-17.308311,-10.865576,36.926704,-43.91338,-4.324617,-3.7630255,-0.13474873
219,-4.488665580749512,10.633492469787598,61.57423400878906,0.4624789539448139,-5.418731152331955,-60.58187718414726,29.232586,33.081753,27.574673,42.99112,-27.149265,-15.000033,-42.248524,-6.8405213,30.927261,47.011024,-6.379072,15.000033,-4.8610883,-4.7969656,15.978779,-39.41833,31.96525,-23.891462,-47.346725,22.49596,8.73077,-7.0876513,-17.735807,-11.752215,37.542564,-44.602848,-2.6944132,-3.764193,0.4985516
220,-4.376954078674316,10.200444221496582,61.1470947265625,-0.3010507388079347,-5.469806892695315,-62.61809202962278,31.113249,33.893982,29.42636,44.012074,-27.000425,-15.000033,-43.085793,-4.321764,30.799728,48.398457,-6.6422853,15.000033,-6.397385,-4.731983,15.877545,-47.138252,35.022633,-27.443483,-43.7272,21.182749,9.143523,-5.784053,-18.28978,-12.688566,37.84222,-45.512215,-1.5741427,-3.7103732,0.99269503
221,-4.278689384460449,9.781644821166992,60.728790283203125,-1.2147380093283522,-5.626864713344445,-64.52653759979725,33.05848,34.853104,31.12819,45.03973,-26.921415,-15.000033,-43.757378,-1.8458816,30.370274,49.714645,-6.8723326,15.000033,-8.168406,-4.9061975,16.270824,-55.948814,38.10519,-32.200397,-39.657898,19.845985,9.754923,-4.458615,-19.06702,-13.69172,37.72523,-46.674175,-1.2365682,-3.5507102,1.3018572
222,-4.214540004730225,9.38369369506836,60.321754455566406,-2.2890303828434857,-5.853099390172225,-66.31760648979149,35.047115,35.961338,32.734577,46.064922,-26.898584,-15.000033,-44.3324,0.6041957,29.64042,50.93447,-6.990454,15.000033,-10.2832,-5.2292438,17.100033,-65.78942,41.135445,-37.9882,-35.512947,18.349464,10.413421,-2.8784273,-20.080797,-14.765108,37.338844,-48.046833,-1.2833414,-3.3335192,1.5319554
223,-4.176562786102295,9.002735137939453,59.94031524658203,-3.3892851268799493,-6.1105962694960105,-67.91456039671606,36.923817,37.08918,34.131832,47.075493,-26.891476,-15.000033,-44.844,2.8914309,28.775839,52.03702,-7.0644517,15.000033,-12.765924,-5.641213,18.252108,-75.49571,43.95827,-44.27793,-31.287342,16.846329,10.868599,-1.0532752,-21.40484,-15.878645,37.013214,-49.35667,-1.4085332,-3.1549048,1.6815293
224,-4.182572364807129,8.645065307617188,59.587364196777344,-4.386365818408045,-6.350133577160848,-69.2429643931559,38.50537,38.129364,35.17634,48.06578,-26.867266,-15.000033,-45.31472,4.8793807,27.936829,53.015076,-7.1760087,15.000033,-15.514794,-6.062249,19.536648,-83.98971,46.448765,-50.570118,-26.648935,15.557608,10.875075,0.9389268,-23.050587,-16.97692,37.005802,-50.31426,-1.3249851,-3.1090434,1.7532188
225,-4.225132942199707,8.320189476013184,59.27937698364258,-5.265172481135963,-6.575718547051805,-70.26913684500978,39.722927,39.10508,35.752163,49.049557,-26.834333,-15.000033,-45.69868,6.5396214,27.141493,53.86544,-7.3437243,15.000033,-18.50241,-6.563936,20.920616,-91.43083,48.60216,-57.399826,-20.707983,14.305941,10.344885,3.2043383,-24.979252,-18.016249,37.35612,-50.828594,-0.7547349,-3.3050544,1.6405612
226,-4.301787853240967,8.031618118286133,59.006996154785156,-6.087571528678844,-6.790668053644258,-71.03991793867368,40.635365,40.0901,35.919495,50.02905,-26.820967,-15.000033,-45.99787,7.947347,26.324959,54.60763,-7.5310884,15.000033,-21.662058,-7.166869,22.369297,-98.498146,50.418465,-64.86261,-13.702186,13.166565,9.397593,5.6609178,-27.158049,-18.97564,37.848057,-50.996433,0.06473084,-3.6646187,1.3998617
227,-4.3938798904418945,7.771255016326904,58.77340316772461,-6.844342512863775,-6.940166830018957,-71.60559562915523,41.245083,41.06345,35.797844,50.990467,-26.820992,-15.000033,-46.2932,9.118063,25.51747,55.266537,-7.7289715,15.000033,-24.761457,-7.7394724,23.71904,-104.91083,51.85154,-71.8772,-6.62544,12.71766,8.196122,7.970822,-29.519297,-19.846197,38.270718,-50.91221,0.69578826,-3.9975579,1.2743703
228,-4.483518600463867,7.530686855316162,58.57697677612305,-7.526107115527711,-6.97458795357451,-72.01753682348587,41.567745,41.996838,35.5194,51.92024,-26.823101,-15.000033,-46.664623,10.074453,24.745354,55.867928,-7.9313264,15.000033,-27.542078,-8.114025,24.88412,-110.16178,52.880768,-77.21395,-0.2918397,13.484147,6.9581585,9.838799,-31.905182,-20.614977,38.521694,-50.709785,0.5639689,-4.1147633,1.478884
229,-4.566750526428223,7.300334930419922,58.40632247924805,-8.138185602300547,-6.8413688071093715,-72.23120873529359,41.491528,42.90202,34.978725,52.828148,-26.825886,-15.000033,-47.144882,10.770319,23.991348,56.41167,-8.152925,15.000033,-30.000896,-8.212536,25.906538,-113.99449,53.537106,-80.90345,6.3247695,16.553259,5.535095,11.102378,-34.232758,-21.279345,38.519066,-50.521873,-0.61666614,-3.8934493,2.3392534
230,-4.640265941619873,7.0897064208984375,58.258705139160156,-8.687449763303698,-6.57441086586733,-72.24348078997916,41.023136,43.786293,34.136044,53.71706,-26.833612,-15.000033,-47.678165,11.216384,23.252312,56.89164,-8.392117,15.000033,-32.17373,-8.156418,26.862217,-116.60027,53.872356,-83.49212,13.570769,21.286375,3.9761205,12.057061,-36.503105,-21.855679,38.262814,-50.31666,-2.49185,-3.4941962,3.666612
231,-4.712226867675781,6.89852237701416,58.12214660644531,-9.159645517765211,-6.260165551183507,-72.1686611455115,40.385384,44.608562,33.245502,54.559574,-26.83493,-15.000033,-48.21445,11.510934,22.56847,57.319847,-8.621166,15.000033,-33.92301,-8.080937,27.737354,-117.99047,53.939125,-84.43895,19.683008,25.534956,2.735155,12.955417,-38.819794,-22.381691,37.740906,-49.909878,-4.519378,-3.123189,4.897969
232,-4.771805763244629,6.738996505737305,57.994564056396484,-9.540888451598828,-5.987225521174319,-72.12026039619636,39.826366,45.33483,32.583714,55.327644,-26.816366,-15.000033,-48.702194,11.757348,21.98953,57.707806,-8.809399,15.000033,-35.16628,-8.08999,28.509348,-118.138306,53.79543,-83.11413,22.88437,27.184483,2.187574,13.908709,-41.348892,-22.919294,37.00767,-49.102028,-6.1427684,-2.926215,5.4428697
233,-4.827197551727295,6.616245746612549,57.88176727294922,-9.84237822500801,-5.763735806311701,-72.13397977455504,39.415085,45.972336,32.254776,56.03987,-26.771927,-15.000033,-49.133484,11.979036,21.516264,58.02864,-8.936822,15.000033,-35.856556,-8.154301,29.179714,-117.070076,53.465492,-78.74097,22.276182,24.564234,2.4457414,15.178679,-44.144646,-23.532223,36.05837,-48.0094,-7.3871303,-2.9697256,4.874339
234,-4.878476619720459,6.516190052032471,57.79197311401367,-10.065101640780934,-5.546926963661715,-72.14860623423775,39.035587,46.53727,32.120373,56.706444,-26.706896,-15.000033,-49.53213,12.127434,21.130898,58.28742,-9.023365,15.000033,-36.074463,-8.188602,29.771566,-114.8804,52.935028,-71.85368,19.000217,19.129639,3.1250248,16.68151,-47.11847,-24.26091,34.951847,-46.726833,-8.507468,-3.1315331,3.570775
235,-4.940300464630127,6.430513381958008,57.72036361694336,-10.122075228334507,-5.232309145731706,-72.14341545097615,38.45872,46.963676,32.019676,57.345425,-26.650793,-15.000033,-50.033318,12.14214,20.894817,58.55231,-9.084653,15.000033,-36.080933,-8.201636,29.793802,-111.255486,52.16302,-63.775898,14.320852,13.51109,3.939322,18.009743,-50.104443,-25.07035,33.973515,-44.899273,-9.156134,-3.290574,2.1045947
236,-5.017592906951904,6.367307186126709,57.666419982910156,-10.057077427129924,-4.958555942307116,-72.06934551776929,37.87855,47.28444,31.950346,57.857914,-26.580452,-15.000033,-50.490387,12.054315,20.763142,58.85786,-9.149512,15.000033,-35.96778,-8.307552,29.793802,-106.68603,51.12523,-55.93723,9.391494,10.305712,4.836261,18.514181,-53.39153,-25.97533,33.12575,-42.382313,-9.089023,-3.3130586,1.1655252
237,-5.117749214172363,6.330404281616211,57.62579345703125,-9.852196506559913,-4.7602986821499655,-71.95554981317188,37.402218,47.476746,32.032253,58.205563,-26.492407,-15.000033,-50.88026,11.891542,20.766111,59.21876,-9.227059,15.000033,-35.787178,-8.567876,29.793802,-100.8967,49.69191,-48.213104,3.828683,10.629627,6.191713,17.761005,-57.085716,-26.950632,32.39255,-39.2027,-7.69943,-3.1058402,1.0177948
238,-5.241246223449707,6.32232666015625,57.60212707519531,-9.526142719502921,-4.621356926994898,-71.80610912286349,37.009487,47.5587,32.269447,58.42023,-26.385855,-15.000033,-51.210663,11.653985,20.889118,59.60494,-9.298163,15.000033,-35.4917,-8.963521,29.793802,-94.2421,47.66615,-40.282036,-2.9323657,12.922328,7.944773,16.12374,-61.16529,-27.966068,31.749754,-35.50435,-5.3248,-2.767313,1.2851204
239,-5.3816938400268555,6.340371131896973,57.59645080566406,-9.101662025384943,-4.477596172514939,-71.54698224559203,36.476284,47.568768,32.397552,58.561634,-26.263182,-15.000033,-51.522938,11.278254,21.083887,60.00127,-9.373527,15.000033,-35.10544,-9.453428,29.793802,-87.52784,44.94875,-33.077923,-9.869175,15.7772,9.49834,14.162247,-65.491455,-29.00494,31.296513,-31.21884,-3.0515592,-2.4833364,1.6474557
240,-5.553221225738525,6.379390716552734,57.60892105102539,-8.603329075001291,-4.272702522883443,-71.1027603383878,35.586876,47.544373,32.15227,58.68981,-26.12957,-15.000033,-51.85608,10.700593,21.296041,60.391792,-9.452743,15.000033,-34.5972,-9.992553,29.793802,-81.3901,41.601135,-27.405777,-15.860185,17.783857,10.372302,12.529361,-69.771385,-30.079031,31.077547,-26.342728,-2.0107143,-2.464863,1.8310217
241,-5.743974208831787,6.4362568855285645,57.6453857421875,-8.004264450628693,-4.000823909245156,-70.45747760929964,34.3459,47.460693,31.557795,58.766953,-25.99,-15.000033,-52.21841,9.905762,21.56513,60.7876,-9.556395,15.000033,-33.941414,-10.582896,29.793802,-75.23174,37.68968,-23.261074,-21.020065,18.46639,10.370868,11.37073,-74.06783,-31.197752,31.099018,-20.695051,-2.918766,-2.7539117,1.8474723
242,-5.9626054763793945,6.513243675231934,57.70381164550781,-7.299918306845951,-3.6923729489341652,-69.64545133690032,32.84838,47.302055,30.723894,58.779404,-25.843374,-15.000033,-52.59583,8.926299,21.907501,61.18685,-9.676364,15.000033,-33.110664,-11.214664,29.793802,-68.583534,33.248386,-20.271357,-26.015095,18.665747,9.795915,10.389497,-78.396515,-32.38869,31.317139,-14.381139,-5.0660152,-3.2395408,1.8034742
243,-6.203153610229492,6.608244895935059,57.77651596069336,-6.5483489900782645,-3.337974165379302,-68.66532873639296,31.009155,47.107315,29.517763,58.815857,-25.677242,-15.000033,-52.995663,7.772546,22.246964,61.55646,-9.785384,15.000033,-32.079857,-11.7073555,29.793802,-61.981197,28.470499,-18.31141,-30.584837,18.938597,8.966557,9.518036,-82.68217,-33.719875,31.854277,-7.5309796,-7.34267,-3.9035885,1.5505611
244,-6.4616546630859375,6.72011137008667,57.867984771728516,-5.807588929764266,-2.9249832439038688,-67.51717574686656,28.741072,46.90743,27.810696,58.968033,-25.474571,-15.000033,-53.42092,6.463142,22.522017,61.870358,-9.879501,15.000033,-30.876593,-11.903431,29.793802,-56.048187,23.656433,-17.127249,-34.40824,19.755005,8.196165,8.662033,-86.86151,-35.24739,32.87003,-0.3108974,-8.602438,-4.727101,0.9706347
245,-6.733721733093262,6.847365856170654,57.975643157958984,-5.059642978374414,-2.4311070128433365,-66.15612348587537,25.953836,46.656834,25.504728,59.25012,-25.23694,-15.000033,-53.89143,4.9466634,22.734282,62.128956,-9.966731,15.000033,-29.59902,-11.834886,29.793802,-50.57899,19.07988,-16.642063,-37.51343,21.329212,7.502198,7.783081,-91.07258,-36.958374,34.67898,7.750309,-8.047181,-5.89044,-0.13346303
246,-7.025624752044678,6.980556488037109,58.09487533569336,-4.277647612923927,-1.8687567239154563,-64.59340969164137,22.731129,46.30274,22.71496,59.619244,-24.969877,-15.000033,-54.410984,3.2324786,22.919474,62.339325,-10.040959,15.000033,-28.324991,-11.622736,29.793802,-45.02817,14.864053,-16.886038,-40.169674,23.227076,6.732593,6.9476304,-95.28747,-38.771748,37.15955,16.394772,-6.4012914,-7.3655705,-1.5789672
247,-7.330173492431641,7.12816858291626,58.22526168823242,-3.514638980853482,-1.2832886832664714,-62.91609707143912,19.256254,45.86712,19.629726,60.075596,-24.655052,-15.000033,-54.94213,1.4270434,23.054268,62.486404,-10.086976,15.000033,-27.052313,-11.277459,29.793802,-39.756577,11.05737,-17.58082,-42.22189,24.92528,5.9737535,6.2160835,-99.23624,-40.621582,39.766106,24.417603,-4.7924824,-8.798558,-2.9285069
248,-7.654204368591309,7.284936904907227,58.360809326171875,-2.819966966543325,-0.7186119094715935,-61.21399255034719,15.7,45.38753,16.421707,60.619347,-24.276623,-15.000033,-55.44499,-0.35955146,23.11316,62.561417,-10.080681,15.000033,-25.747198,-10.777928,29.793802,-35.130604,7.6614184,-18.335932,-43.576405,25.937529,5.336936,5.6355124,-102.721535,-42.48535,41.96754,30.760834,-4.335056,-9.780565,-3.8479414
249,-7.988264560699463,7.4502716064453125,58.50425338745117,-2.187138150769485,-0.1856133486169806,-59.48531451843737,12.016283,44.830074,12.993875,61.29564,-23.77921,-15.000033,-55.907166,-2.1287105,23.101664,62.566853,-10.018967,15.000033,-24.376278,-10.099211,29.793802,-31.198505,4.705045,-18.8185,-44.07788,25.94371,4.896896,5.3121243,-105.89154,-44.40578,43.832603,35.573223,-6.04281,-10.075301,-4.2327633
250,-8.3364839553833,7.618591785430908,58.650177001953125,-1.593538558355392,0.32916022373636483,-57.697725713684,8.197129,44.14531,9.3436985,62.085365,-23.183714,-15.000033,-56.34023,-3.9252996,23.02719,62.509922,-9.912262,15.000033,-22.961885,-9.289362,29.793802,-27.78134,2.2196248,-19.102314,-43.81811,25.276958,4.624467,5.2056913,-108.83049,-46.391,45.52717,39.392788,-9.076817,-9.92991,-4.293604
251,-8.704766273498535,7.777919769287109,58.802635192871094,-1.0645220171794447,0.8269205344924903,-55.89528436664934,4.430873,43.383858,5.7482862,62.88622,-22.580215,-15.000033,-56.7318,-5.6950727,22.883272,62.394436,-9.785276,15.000033,-21.545698,-8.401507,29.793802,-24.871593,0.1839616,-19.37114,-43.167572,24.458963,4.4741096,5.128785,-111.322296,-48.38536,46.716778,41.926346,-11.770994,-9.666615,-4.2105765
252,-9.075366973876953,7.928404808044434,58.95977783203125,-0.6234813346937651,1.311074209154286,-54.11972951248564,0.870462,42.62243,2.4399557,63.59592,-22.068527,-15.000033,-57.079037,-7.4009466,22.64333,62.228,-9.64355,15.000033,-20.182877,-7.488858,29.793802,-22.495356,-1.4380113,-19.811422,-42.453644,24.015785,4.392151,4.876851,-113.14525,-50.31717,47.042587,42.904724,-12.486059,-9.603026,-4.1878505
253,-9.445460319519043,8.064189910888672,59.12152099609375,-0.2830821043709833,1.8094105261073914,-52.3636365059714,-2.5878122,41.89094,-0.6897705,64.20721,-21.66872,-15.000033,-57.394943,-9.025657,22.295252,62.019474,-9.503096,15.000033,-18.885046,-6.472308,29.793802,-20.760756,-2.6224136,-20.349422,-41.628708,24.19092,4.4246655,4.3117876,-114.40089,-52.161995,46.36659,42.139904,-10.122966,-9.931077,-4.3240967
254,-9.807840347290039,8.190203666687012,59.286720275878906,-0.0187316799228926,2.3138376250758013,-50.61470447961955,-5.9894323,41.14552,-3.7341843,64.76495,-21.33084,-15.000033,-57.675186,-10.597575,21.852087,61.770657,-9.353921,15.000033,-17.649605,-5.3669033,29.793802,-19.603437,-3.339019,-20.826654,-40.61687,24.678782,4.5745764,3.5745695,-115.19571,-53.93647,44.875862,39.939907,-5.784748,-10.479692,-4.469714
255,-10.167707443237305,8.306015968322754,59.45166778564453,0.19533803336359046,2.777556191546868,-48.90049605361606,-9.146546,40.40546,-6.4728,65.24799,-21.039936,-15.000033,-57.871098,-12.12089,21.34793,61.477737,-9.198266,15.000033,-16.499128,-4.3510737,29.793802,-18.812664,-3.65314,-21.358143,-39.656425,25.187994,4.7233896,2.8656673,-115.270744,-55.620815,42.660652,36.769756,-1.144166,-10.979989,-4.4986267
256,-10.506597518920898,8.42183780670166,59.616737365722656,0.3752657209567651,3.154484856677635,-47.24568062103188,-11.89187,39.71747,-8.698657,65.63538,-20.785374,-15.000033,-57.936176,-13.609274,20.802284,61.134136,-9.02757,15.000033,-15.435359,-3.5729587,29.793802,-18.225225,-3.6937695,-22.078873,-38.912506,25.428427,4.756434,2.3683653,-114.32209,-57.1648,39.784172,33.1007,2.11623,-11.137879,-4.3479977
257,-10.815793991088867,8.539512634277344,59.77864074707031,0.5086271033113151,3.430286094193795,-45.63896742427316,-14.240375,39.08067,-10.496692,65.93511,-20.572723,-15.000033,-57.848892,-15.070378,20.19355,60.765545,-8.847143,15.000033,-14.412711,-2.9886374,29.793802,-18.048443,-3.5269268,-23.00151,-38.25475,25.224266,4.602539,2.0889754,-112.23851,-58.495163,36.132626,28.872763,3.4658048,-10.806597,-4.0058317
258,-11.09348201751709,8.653162002563477,59.94305419921875,0.5865625959981,3.640930566330053,-44.067159581513245,-16.321068,38.51403,-11.972932,66.16016,-20.408024,-15.000033,-57.63465,-16.500025,19.51349,60.375404,-8.678174,15.000033,-13.439289,-2.5434418,29.793802,-18.193247,-3.2455196,-24.275335,-37.67888,24.989382,4.3403316,1.9539746,-109.13292,-59.532936,31.62106,23.910587,3.859363,-10.155783,-3.5319426
259,-11.334681510925293,8.780067443847656,60.123680114746094,0.6075600189305334,3.7945370630561954,-42.556436437931495,-18.127012,38.130634,-12.966944,66.28584,-20.28349,-15.000033,-57.288017,-17.878635,18.775122,59.910442,-8.492651,15.000033,-12.449372,-2.1389155,29.793802,-18.790476,-2.8338428,-25.488451,-37.025616,24.411264,4.038344,1.8736382,-105.31106,-60.25191,26.760195,18.689875,3.8608406,-9.370763,-2.9967096
260,-11.531982421875,8.93211555480957,60.314327239990234,0.5799055055209473,3.9174021668282655,-41.13105592063497,-19.671694,38.034096,-13.317046,66.29018,-20.191357,-15.000033,-56.833836,-19.191944,17.999552,59.321564,-8.246916,15.000033,-11.491179,-1.8015385,29.793802,-19.406181,-2.3990054,-26.74671,-36.53395,23.808384,3.7914968,1.8623009,-101.025475,-60.606422,21.945108,13.636283,4.0358243,-8.635599,-2.4873178
261,-11.693177223205566,9.103507995605469,60.5105094909668,0.4849352430474284,4.010519578453354,-39.792899219105784,-20.945803,38.345535,-12.85203,66.22157,-20.083124,-15.000033,-56.24618,-20.432276,17.15895,58.590576,-7.944839,15.000033,-10.580939,-1.4895,29.793802,-20.073915,-2.0274465,-28.055668,-36.200504,23.151941,3.5987113,1.9170406,-96.37842,-60.541653,17.449392,8.816795,4.454854,-7.9714475,-2.056675
262,-11.829596519470215,9.307250022888184,60.708499908447266,0.3139771430424891,4.067322508343828,-38.531007745974705,-21.947199,39.00858,-11.707894,66.07765,-19.982018,-15.000033,-55.510048,-21.596981,16.23511,57.746002,-7.603574,15.000033,-9.729911,-1.1562258,29.793802,-20.901026,-1.7615198,-29.414371,-35.96438,22.410992,3.4101179,2.024882,-91.56947,-59.999847,13.341484,4.1429276,4.8338695,-7.2969027,-1.6882282
263,-11.941366195678711,9.523179054260254,60.90968704223633,0.09149383079050429,4.09085084189733,-37.34987480786762,-22.679392,39.854862,-10.172545,65.759224,-19.988514,-15.000033,-54.655807,-22.683073,15.2603445,56.81263,-7.2206674,15.000033,-8.965241,-0.7926741,29.793802,-21.761957,-1.6118706,-30.71376,-35.80584,21.733698,3.23655,2.1389868,-86.9929,-58.98706,9.750095,-0.18926853,5.1687574,-6.630863,-1.3588724
264,-12.008332252502441,9.764788627624512,61.106689453125,-0.15110807061577713,4.082748330883945,-36.2519382547801,-23.160418,40.698666,-8.533966,65.16053,-20.197786,-15.000033,-53.716534,-23.696503,14.279328,55.80994,-6.7944164,15.000033,-8.288944,-0.39945424,29.793802,-22.589373,-1.5566151,-31.824991,-35.65949,21.216925,3.0927951,2.2137818,-82.96193,-57.562263,6.7365184,-4.0022364,5.4627695,-5.992401,-1.0286618
265,-12.036323547363281,10.022073745727539,61.306007385253906,-0.41935250606994495,4.059912545217233,-35.246811579199495,-23.345776,41.6024,-6.6268697,64.14362,-20.696339,-15.000033,-52.717598,-24.624407,13.294459,54.743904,-6.3291664,15.000033,-7.6827507,0.015902173,29.793802,-23.352203,-1.6020015,-32.833946,-35.534332,20.977118,2.9964728,2.262282,-79.39098,-55.754013,4.299813,-7.3440247,5.752871,-5.382683,-0.66800505
266,-12.031453132629395,10.291509628295898,61.50309371948242,-0.718972738840362,4.012936812519077,-34.327532212935004,-23.199184,42.59278,-4.3384037,62.803066,-21.408195,-15.000033,-51.632793,-25.471539,12.290499,53.601425,-5.8231897,15.000033,-7.133943,0.44750544,29.793802,-24.254097,-1.7139741,-33.62719,-35.33811,20.782717,2.9334855,2.2796242,-76.09008,-53.602856,2.4009993,-10.3598385,6.0022078,-4.792519,-0.28892004
267,-12.006183624267578,10.573027610778809,61.699424743652344,-1.01200453025018,3.9230139503485337,-33.47123588235968,-22.828215,43.42868,-2.079889,61.372738,-22.19116,-15.000033,-50.451496,-26.273678,11.294002,52.374783,-5.2579618,15.000033,-6.6942387,0.8215052,29.793802,-25.09285,-1.8897288,-34.255512,-35.158176,20.737755,2.8871717,2.273162,-73.10624,-51.169353,0.9011924,-13.068652,6.1506505,-4.2260213,0.09649182
268,-11.954179763793945,10.873213768005371,61.89970397949219,-1.2712346986799505,3.7637209371895675,-32.65488663699588,-22.405878,43.923428,-0.31404436,60.086475,-22.867174,-15.000033,-49.146088,-27.060102,10.3229265,51.061172,-4.64375,15.000033,-6.367127,1.101238,29.793802,-25.85473,-2.102205,-34.637672,-34.94988,20.757315,2.8363302,2.2268443,-70.457535,-48.55391,-0.37324756,-15.471815,6.141208,-3.6852267,0.4877664
269,-11.87464427947998,11.177084922790527,62.1083984375,-1.5039055987854772,3.5171954197004744,-31.89486151699327,-21.976763,44.021084,0.7441275,58.974392,-23.494692,-15.000033,-47.715805,-27.812862,9.389243,49.675045,-3.991097,15.000033,-6.0829396,1.3102326,29.793802,-26.528475,-2.3482714,-34.812813,-34.687183,20.837845,2.7720027,2.1354852,-68.07382,-45.809746,-1.5081477,-17.523628,5.7993774,-3.132735,0.90376
270,-11.771207809448242,11.503890037536621,62.32281494140625,-1.7269905005319472,3.2001012155731967,-31.194876052592342,-21.505077,43.857944,1.3219995,57.921482,-24.120426,-15.000033,-46.16993,-28.517162,8.47713,48.212856,-3.3014433,15.000033,-5.8242292,1.4697373,29.793802,-27.164406,-2.6278296,-34.815506,-34.364822,20.982838,2.7068655,2.010245,-65.79584,-42.972042,-2.5219042,-19.331196,5.2626867,-2.5810845,1.357753
271,-11.648547172546387,11.849899291992188,62.554771423339844,-1.9282795010300953,2.8435243350685013,-30.516686936192816,-21.027803,43.514343,1.588755,56.94468,-24.682335,-15.000033,-44.50848,-29.216047,7.5499063,46.62945,-2.497998,15.000033,-5.6289616,1.5534245,29.793802,-27.785759,-2.9240086,-34.665585,-34.017754,21.168743,2.6545262,1.8767875,-63.61896,-40.11197,-3.4503818,-20.999052,4.9107237,-2.1042023,1.837518
272,-11.501822471618652,12.21230697631836,62.811851501464844,-2.095332065309714,2.4830414892461397,-29.819871940804628,-20.598633,43.086185,1.7395234,56.058395,-25.04969,-15.000033,-42.73294,-29.947052,6.5696826,44.890106,-1.5298271,15.000033,-5.5004396,1.5586894,29.793802,-28.422155,-3.2104747,-34.40551,-33.696774,21.343317,2.6290166,1.7648482,-61.532803,-37.303787,-4.3228464,-22.63459,5.0838585,-1.7675731,2.3117998
273,-11.348381042480469,12.58275032043457,63.10292434692383,-2.219741545931469,2.1144695140756182,-29.078431407932417,-20.279345,42.532555,1.68107,55.345306,-25.220135,-15.000033,-40.801373,-30.734644,5.5031047,42.949047,-0.39964047,15.000033,-5.4451547,1.4850128,29.793802,-29.044687,-3.4746778,-34.04631,-33.451424,21.525747,2.6328158,1.7052687,-59.469593,-34.60908,-5.2359314,-24.244734,6.1262913,-1.5991437,2.7873428
274,-11.18438720703125,12.959580421447754,63.429569244384766,-2.3135208175760043,1.7277948353117214,-28.317522900310987,-20.038805,41.839634,1.3612652,54.775715,-25.232939,-15.000033,-38.725433,-31.541716,4.3670244,40.838932,0.86500674,15.000033,-5.4102626,1.3695291,29.793802,-29.641027,-3.7209485,-33.62084,-33.27458,21.714622,2.659865,1.6845742,-57.409977,-32.048946,-6.188141,-25.794401,7.807328,-1.5446744,3.260873
275,-10.998814582824707,13.33790397644043,63.797874450683594,-2.3891797878425467,1.3473046630254706,-27.574704997093225,-19.758894,41.089535,1.0120369,54.19862,-25.139917,-15.000033,-36.594257,-32.322723,3.1971972,38.62808,2.3360624,15.000033,-5.355501,1.2396979,29.793802,-30.24019,-3.9436371,-33.178116,-33.13491,21.854118,2.7113376,1.6632631,-55.385223,-29.64065,-7.0816507,-27.36556,9.657236,-1.5503665,3.6931462
276,-10.791686058044434,13.717863082885742,64.21258544921875,-2.4562766312535462,0.9976235490066163,-26.887869295481174,-19.328976,40.359,0.855759,53.46237,-24.998068,-15.000033,-34.50385,-33.04262,2.0332694,36.38644,4.0836215,15.000033,-5.2499037,1.1177733,29.793802,-30.864305,-4.1262145,-32.7565,-33.011272,21.883068,2.7883136,1.6015532,-53.434982,-27.403578,-7.81193,-29.029198,11.204489,-1.5736496,4.04608
277,-10.574129104614258,14.112504959106445,64.66300201416016,-2.507170154070772,0.669409068454392,-26.254404506332687,-18.696611,39.65084,0.94754046,52.50515,-24.820902,-15.000033,-32.427555,-33.719383,0.8500424,34.098614,6.1302304,15.000033,-5.0906262,1.0014039,29.793802,-31.472876,-4.253071,-32.352627,-32.934536,21.730547,2.8994277,1.4938908,-51.530025,-25.353973,-8.368277,-30.794397,12.491242,-1.6539756,4.273446
278,-10.353331565856934,14.501440048217773,65.14654541015625,-2.5370740324788343,0.35707396905494404,-25.656824507092338,-17.944426,38.92755,1.1608708,51.41542,-24.577658,-15.000033,-30.34789,-34.36115,-0.35840532,31.753292,8.427436,15.000033,-4.893384,0.88834614,29.793802,-32.043453,-4.320153,-31.960655,-32.93821,21.440027,3.0425367,1.3644441,-49.66408,-23.498396,-8.811311,-32.604248,13.720644,-1.8042947,4.407811
279,-10.127218246459961,14.89525318145752,65.66207122802734,-2.556054251689392,0.09038142924782486,-25.112219379804593,-17.163734,38.20667,1.449239,50.262684,-24.254389,-15.000033,-28.386143,-34.934162,-1.5078027,29.4357,10.930433,15.000033,-4.6610885,0.7908265,29.793802,-32.625984,-4.3267946,-31.60777,-33.00657,21.124311,3.2026823,1.216525,-47.914764,-21.845495,-9.150808,-34.424747,14.6647005,-1.9471589,4.52973
280,-9.895537376403809,15.29089641571045,66.19843292236328,-2.571844093826243,-0.10158295439637367,-24.639063293334644,-16.438402,37.506527,1.7724632,49.116356,-23.838514,-15.000033,-26.671478,-35.41667,-2.5038128,27.234812,13.594792,15.000033,-4.3977485,0.7178642,29.793802,-33.272106,-4.2755046,-31.31877,-33.11597,20.897568,3.3638701,1.0524004,-46.365757,-20.406227,-9.395997,-36.21529,15.092643,-2.0034444,4.7153406
281,-9.66322135925293,15.69460678100586,66.73805236816406,-2.578364017100679,-0.18339244648420946,-24.264191146465667,-15.764072,36.82873,2.1725438,47.945408,-23.343575,-15.000033,-25.278639,-35.877533,-3.4380076,25.133453,16.63951,15.000033,-4.0896816,0.6613961,29.716072,-33.940224,-4.169509,-31.110643,-33.246246,20.779686,3.5290673,0.866458,-44.99804,-19.201971,-9.538884,-37.961464,14.769962,-1.9411204,4.993406
282,-9.43200397491455,16.099742889404297,67.28250122070312,-2.5565648567544774,-0.0014962541504524552,-23.97639395543477,-15.331624,36.14597,2.6377203,46.75846,-22.763144,-15.000033,-24.379515,-36.325268,-4.2700276,23.150002,19.996897,15.000033,-3.7713544,0.5897271,28.8802,-34.29989,-4.089151,-30.959562,-33.18008,20.622444,3.688115,0.69633514,-43.752182,-18.200094,-9.45682,-39.16383,13.885742,-1.8515677,5.311776
283,-9.212186813354492,16.508827209472656,67.83744812011719,-2.5248851091328115,0.22542083331300355,-23.73003634584714,-14.969431,35.479866,3.100561,45.613564,-22.05808,-15.000033,-23.738224,-36.64096,-4.7440343,21.40159,23.16724,15.000033,-3.4500506,0.53310436,28.04196,-34.776897,-4.0121818,-30.81379,-33.07475,20.51265,3.8398468,0.5094649,-42.76511,-17.410896,-9.345172,-40.207596,12.8199625,-1.7436683,5.6465826
284,-9.009681701660156,16.92319107055664,68.40748596191406,-2.4915960486472915,0.4535962651165403,-23.48489542648671,-14.726536,34.831917,3.4692516,44.605392,-21.202293,-15.000033,-23.293755,-36.71912,-4.60192,19.949942,25.691086,15.000033,-3.1518905,0.50560504,27.293806,-35.43537,-3.9236002,-30.647562,-32.95401,20.43169,3.9716053,0.32278582,-42.107857,-16.817526,-9.25622,-41.048965,11.9758215,-1.6576105,5.9568853
285,-8.829523086547852,17.330852508544922,68.98944091796875,-2.4510202319081063,0.7056198701741629,-23.258404775685925,-14.602884,34.20707,3.7921367,43.72287,-20.176971,-15.000033,-23.088226,-36.540066,-3.6152458,18.724655,27.609661,15.000033,-2.876877,0.50605136,26.617521,-36.28408,-3.8013778,-30.452438,-32.830788,20.398382,4.0750666,0.1252502,-41.802105,-16.421816,-9.185213,-41.680096,11.47193,-1.5927185,6.2974844
286,-8.667153358459473,17.72427749633789,69.58346557617188,-2.3956547417751435,0.9992711134990166,-23.067244877551147,-14.580318,33.59972,4.100046,42.933987,-19.00306,-15.000033,-23.127783,-36.18121,-1.9799149,17.695963,29.149258,15.000033,-2.6193905,0.52127916,25.973442,-37.26208,-3.632295,-30.245682,-32.725113,20.411825,4.1589155,-0.08411894,-41.81998,-16.226841,-9.111462,-42.117134,11.086958,-1.5300488,6.663916
287,-8.523795127868652,18.097673416137695,70.1720199584961,-2.3236490761213906,1.254067807840176,-22.845036263467343,-14.667129,32.985264,4.2532454,42.31161,-17.706734,-15.000033,-23.347584,-35.711426,-0.042045154,17.175165,30.000067,15.000033,-2.4208598,0.5316495,25.445724,-38.34329,-3.4210508,-30.02924,-32.64701,20.424034,4.2366357,-0.27798513,-42.148224,-16.196684,-9.064868,-42.361546,10.714501,-1.476891,6.9296265
288,-8.416919708251953,18.421550750732422,70.73472595214844,-2.2441993384967986,1.410470246551576,-22.542157527362875,-14.877,32.350323,4.13426,41.916595,-16.308138,-15.000033,-23.57676,-35.16621,1.7744159,17.21847,30.000067,15.000033,-2.3071184,0.52521074,25.099495,-39.52254,-3.1854546,-29.79937,-32.582718,20.39457,4.321155,-0.43025863,-42.751785,-16.273901,-9.078798,-42.431206,10.243332,-1.4401132,6.9808693
289,-8.331436157226562,18.72779655456543,71.28987121582031,-2.2360122982491406,1.5453789483556446,-22.247479645827347,-15.320808,31.778986,3.7048967,41.81788,-14.719243,-15.000033,-23.13364,-34.378136,3.115967,16.387827,30.000067,15.000033,-2.195752,0.5655319,24.874603,-40.86664,-2.9283988,-29.531141,-32.490482,20.337824,4.4117346,-0.55431813,-43.630432,-16.44107,-9.183993,-42.35962,9.500514,-1.3995973,6.807855
290,-8.287354469299316,19.023595809936523,71.83463287353516,-2.249310466405936,1.610034214306712,-21.907352365600396,-15.9134655,31.206484,2.996416,41.9731,-12.974874,-15.000033,-22.668472,-33.399025,4.562966,15.949822,29.083805,15.000033,-2.1400259,0.60188925,24.801863,-42.37459,-2.6460872,-29.23275,-32.35521,20.270237,4.5042872,-0.66190994,-44.775707,-16.694023,-9.364353,-42.146038,8.584057,-1.3528913,6.475108
291,-8.257792472839355,19.3298282623291,72.37255096435547,-2.1819766413589337,1.5961213834370571,-21.46335149136566,-16.533503,30.50696,2.1823502,42.21504,-11.194054,-15.000033,-22.300558,-32.566208,5.805185,16.056911,27.677856,15.000033,-2.2047462,0.55995524,24.885904,-43.943798,-2.356432,-28.928776,-32.233162,20.173206,4.5981417,-0.7165634,-46.107864,-16.99043,-9.555092,-41.822395,7.773279,-1.3368961,5.9993944
292,-8.250593185424805,19.658308029174805,72.89192199707031,-1.98918787463745,1.590389015037588,-20.943951593259133,-17.12016,29.659033,1.5149472,42.351856,-9.486752,-15.000033,-22.0962,-32.123264,6.4455404,16.475594,26.404654,15.000033,-2.3822718,0.42923093,25.04519,-45.48909,-2.090624,-28.626272,-32.164654,20.036783,4.6891613,-0.6808639,-47.525856,-17.269724,-9.689779,-41.45455,7.339556,-1.3937802,5.410879
293,-8.250429153442383,20.00954818725586,73.384521484375,-1.6138324527625625,1.6065721617623587,-20.30283513081692,-17.680212,28.540648,1.0292517,42.29934,-7.7348757,-15.000033,-22.097773,-32.190975,6.3132954,17.256475,25.36086,15.000033,-2.722388,0.13370062,25.282372,-47.075996,-1.8676351,-28.298347,-32.10732,19.8402,4.795998,-0.54526234,-49.07242,-17.509722,-9.777421,-41.02324,7.4257555,-1.5672358,4.682348
294,-8.265304565429688,20.365089416503906,73.83834838867188,-1.1143402458279583,1.6132651270945055,-19.561811999113107,-18.232473,27.248756,0.65326554,42.16408,-5.923149,-15.000033,-22.211782,-32.594456,5.6039605,18.341385,24.331602,15.000033,-3.1924598,-0.29145572,25.611477,-48.75795,-1.6916286,-27.932446,-32.006306,19.603672,4.9126906,-0.33405071,-50.75039,-17.707792,-9.853173,-40.53295,7.8420973,-1.8322781,3.8273869
295,-8.279818534851074,20.71773910522461,74.24365234375,-0.6077067727191383,1.5878160708827251,-18.815017542137358,-18.72557,26.064379,0.40830806,42.0617,-4.330756,-15.000033,-22.386646,-33.164173,4.5394216,19.628452,23.27808,15.000033,-3.694923,-0.7175367,26.001957,-50.440212,-1.5748371,-27.554771,-31.870037,19.381266,5.000251,-0.06291843,-52.40973,-17.824987,-9.911028,-40.0636,8.3764925,-2.1276703,2.9434881
296,-8.272819519042969,21.076095581054688,74.59680938720703,-0.20769583303433967,1.5126421355594102,-18.153285571034928,-19.116642,25.239498,0.27167672,42.099747,-3.2382433,-15.000033,-22.558977,-33.732906,3.3308818,20.997175,22.169413,15.000033,-4.1180067,-1.0234427,26.423832,-52.03901,-1.542396,-27.216738,-31.686005,19.23483,5.0221567,0.25840983,-53.8704,-17.805208,-9.968327,-39.7223,8.813806,-2.383703,2.1345809
297,-8.257847785949707,21.426620483398438,74.89736938476562,0.05480148606553243,1.3671516140278852,-17.564360833240166,-19.418938,24.858118,0.25068918,42.348904,-2.8275127,-15.000033,-22.674349,-34.280903,2.0021212,22.45108,20.916903,15.000033,-4.536704,-1.1860287,26.906103,-53.590164,-1.5813047,-26.828863,-31.43126,19.157513,4.945377,0.6147409,-55.203087,-17.577919,-9.982449,-39.479916,9.10779,-2.575928,1.4391129
298,-8.240010261535645,21.769428253173828,75.13900756835938,0.24172047362938726,1.1598991728546986,-17.00365911516921,-19.64415,24.756956,0.31019902,42.7429,-2.949356,-15.000033,-22.73683,-34.909782,0.43767267,24.032305,19.54825,15.000033,-4.957205,-1.296957,27.453735,-55.137096,-1.7006246,-26.440357,-31.079231,19.145796,4.8021684,1.0291439,-56.392956,-17.142313,-10.024186,-39.36208,9.364144,-2.7397902,0.826472
299,-8.20188045501709,22.109630584716797,75.31918334960938,0.37763358618788756,0.9205080128579697,-16.512683949819056,-19.762754,24.818754,0.35779193,43.178207,-3.3441598,-15.000033,-22.778791,-35.626167,-1.3683361,25.678614,18.226906,15.000033,-5.338488,-1.3784223,27.993458,-56.621464,-1.9030596,-26.041826,-30.621986,19.208918,4.63576,1.4697282,-57.350643,-16.493162,-10.043308,-39.376904,9.535798,-2.8949454,0.25836545
300,-8.158883094787598,22.45473289489746,75.43708801269531,0.48757704518817174,0.6828962821675997,-16.135242380186636,-19.748196,24.924614,0.3063014,43.55233,-3.7557936,-15.000033,-22.83992,-36.438255,-3.4116137,27.334112,17.098413,15.000033,-5.625187,-1.451792,28.44898,-57.98059,-2.1931117,-25.651535,-30.05918,19.357733,4.4910336,1.9109901,-57.96864,-15.629541,-9.996435,-39.546562,9.580965,-3.060493,-0.30232424
301,-8.091771125793457,22.798351287841797,75.4981460571289,0.5584792659236887,0.4526933931839453,-15.879574296641982,-19.639647,25.104244,0.121427365,43.941475,-4.2736464,-15.000033,-22.903564,-37.43481,-5.923496,29.018183,16.177458,15.000033,-5.80459,-1.4979584,28.824018,-59.21329,-2.582895,-25.285383,-29.384333,19.628925,4.376893,2.363842,-58.23137,-14.530822,-9.84156,-39.89159,9.397896,-3.2503943,-0.91819614
302,-8.010083198547363,23.13848304748535,75.49795532226562,0.5844074752682087,0.20762850066623617,-15.714084229227366,-19.437067,25.400682,-0.15026268,44.364803,-4.987873,-15.000033,-22.890255,-38.61303,-8.850742,30.758993,15.3591585,15.000033,-5.91875,-1.5148983,29.15503,-60.356262,-3.0740988,-24.927383,-28.587465,20.007942,4.2718883,2.8332832,-58.169712,-13.188053,-9.592947,-40.413578,9.03167,-3.4473732,-1.5506366
303,-7.909816741943359,23.474868774414062,75.43114471435547,0.6023875359328933,-0.050238530027055445,-15.629324638159522,-19.071056,25.712006,-0.47095662,44.642242,-5.6141067,-15.000033,-22.818737,-39.822556,-11.728205,32.536842,14.627377,15.000033,-5.9836364,-1.5444119,29.409779,-61.393345,-3.6505706,-24.562548,-27.682283,20.424463,4.1745586,3.2877862,-57.75599,-11.633163,-9.278139,-41.089146,8.666304,-3.6281142,-2.0887737
304,-7.790132522583008,23.807355880737305,75.3035659790039,0.6495398685789937,-0.3103535576501661,-15.625734090946763,-18.477272,25.935734,-0.7972673,44.596725,-5.863295,-15.000033,-22.78481,-40.889526,-14.056328,34.320114,13.9986515,15.000033,-6.0024314,-1.6200405,29.55294,-62.29406,-4.286293,-24.183613,-26.704527,20.802494,4.0822463,3.699398,-56.980267,-9.923773,-8.925622,-41.879543,8.498833,-3.7754552,-2.428687
305,-7.6462321281433105,24.14125633239746,75.11043548583984,0.6709995585084008,-0.5664622291402456,-15.748414231805254,-17.72254,26.177128,-1.1988909,44.331314,-5.3690944,-15.000033,-22.87567,-41.72832,-15.788427,36.133183,13.644362,15.000033,-5.92522,-1.6684339,29.586811,-63.016045,-4.979885,-23.802275,-25.677553,21.074991,4.004369,4.072912,-55.807156,-8.07645,-8.526256,-42.765854,8.7164755,-3.881173,-2.5117657
306,-7.481813430786133,24.467784881591797,74.85494995117188,0.669462860443276,-0.8178413372785623,-15.98793396749264,-16.827408,26.443111,-1.6726753,43.90473,-4.3835173,-15.000033,-23.075447,-42.431118,-17.133253,37.97432,13.52006,15.000033,-5.7589874,-1.6905925,29.52636,-63.572495,-5.734043,-23.430155,-24.604889,21.29094,3.938351,4.422478,-54.24064,-6.0947647,-8.030276,-43.76969,9.180216,-3.959296,-2.4126835
307,-7.290077209472656,24.802310943603516,74.53699493408203,0.7707145758756805,-1.0549892187558592,-16.27328182764377,-15.646148,26.496239,-2.0429482,43.055786,-3.521695,-15.000033,-23.401632,-43.0618,-17.939339,39.764107,13.348511,15.000033,-5.5784054,-1.8310184,29.354109,-64.00624,-6.521051,-23.067081,-23.507853,21.545092,3.863962,4.7385955,-52.35654,-4.036895,-7.4083447,-44.885612,9.607015,-4.0260215,-2.230428
308,-7.074841022491455,25.149324417114258,74.15715789794922,1.1006079504901798,-1.2707333955157478,-16.542954172321558,-14.01446,26.104744,-2.1371195,41.497295,-3.382315,-15.000033,-23.882442,-43.668385,-18.05057,41.415726,12.865487,15.000033,-5.4457507,-2.2225666,29.06105,-64.3349,-7.295918,-22.719984,-22.44593,21.92252,3.7632606,5.018761,-50.274666,-1.995995,-6.642047,-46.068073,9.728045,-4.099046,-2.0767164
309,-6.824236869812012,25.542524337768555,73.68882751464844,1.777892077946668,-1.4396306819325002,-16.799307413103254,-11.654699,24.96125,-2.0270765,38.717266,-4.21979,-15.000033,-24.765835,-44.093636,-16.862421,42.969078,12.054072,15.000033,-5.3773623,-2.9328954,28.60267,-64.48467,-8.046081,-22.381632,-21.51013,22.471886,3.6043568,5.293194,-48.016926,-0.014587042,-5.685374,-47.28062,9.406582,-4.1978216,-2.0760167
310,-6.542048454284668,25.93419647216797,73.18287658691406,2.677447064615356,-1.5965717334648966,-17.121943755306226,-8.666182,23.225937,-2.0093422,34.905685,-5.6990995,-15.000033,-25.986204,-44.24053,-14.618957,44.452045,11.05663,15.000033,-5.2926035,-3.8389893,28.028603,-64.44334,-8.77466,-22.057732,-20.688946,23.124844,3.409464,5.5620613,-45.559635,1.8910137,-4.53932,-48.498566,8.825214,-4.3074427,-2.1550648
311,-6.240966320037842,26.293506622314453,72.65821838378906,3.5656144881920864,-1.809209509258906,-17.536033983152656,-5.477746,21.395893,-2.1571374,30.856892,-7.5294824,-15.000033,-27.11434,-44.324413,-12.444201,45.788647,9.826189,15.000033,-5.126934,-4.7780933,27.4619,-64.30068,-9.454203,-21.78306,-19.920351,23.782198,3.241351,5.782261,-43.015198,3.650501,-3.3041892,-49.65589,8.210456,-4.3964486,-2.1399758
312,-5.941781044006348,26.56926727294922,72.11051940917969,4.258190627724443,-2.1054980849249,-18.00248227110733,-2.6104565,19.991087,-2.223287,27.465172,-9.354256,-15.000033,-27.778492,-44.728634,-11.444129,46.885384,8.325815,15.000033,-4.865611,-5.6158366,26.992294,-64.113594,-10.042747,-21.60853,-19.192179,24.332615,3.16224,5.9139113,-40.533253,5.168325,-2.1152217,-50.676846,7.8021803,-4.436375,-1.8754494
313,-5.644272804260254,26.774198532104492,71.54463195800781,4.7631488590922,-2.5080748983741845,-18.516788916741636,-0.16079155,19.128607,-1.763028,25.007841,-11.248102,-15.000033,-27.73721,-45.906136,-12.356536,47.63498,6.214256,15.000033,-4.5251455,-6.3481817,26.600464,-63.796516,-10.525541,-21.541843,-18.595589,24.734589,3.2151418,5.949347,-38.115902,6.388658,-0.9817599,-51.533882,7.773863,-4.42117,-1.3203304
314,-5.3896942138671875,26.963340759277344,71.01583099365234,5.165838693312738,-2.976181728200074,-19.068143046789604,2.080246,18.539907,-0.8713315,23.04069,-13.309852,-15.000033,-27.145723,-47.602062,-14.565839,48.107044,3.593365,15.000033,-4.123458,-7.0056453,26.244995,-63.30454,-10.91001,-21.572483,-18.177462,25.031466,3.3582149,5.913401,-35.75667,7.3076644,0.10394121,-52.243057,7.984215,-4.36219,-0.59765196
315,-5.190734386444092,27.10195541381836,70.54174041748047,5.467757905433666,-3.426018504482315,-19.580875950946552,3.9993079,18.134243,0.11837052,21.456715,-15.163803,-15.000033,-26.35993,-49.23926,-17.002699,48.455288,1.1322156,15.000033,-3.6651206,-7.5713763,25.963232,-62.744934,-11.18471,-21.737606,-17.873627,25.238716,3.5268483,5.8156457,-33.58739,7.9215326,1.0097525,-52.82375,8.206478,-4.261596,0.19728981
316,-5.021559238433838,27.196884155273438,70.17139434814453,5.694338037653292,-3.778505833576728,-19.972148405406653,5.4989023,17.815565,0.82986295,20.130852,-16.438366,-15.000033,-25.920351,-50.294216,-18.39184,48.832275,-0.46280277,15.000033,-3.164019,-8.052076,25.793015,-62.215458,-11.329909,-22.080376,-17.630678,25.36676,3.6584847,5.6687636,-31.731466,8.232961,1.6088634,-53.305862,8.21402,-4.1304784,0.9680654
317,-4.918114185333252,27.22722625732422,69.93698120117188,5.9167904181010735,-4.038983672321197,-20.268419849186998,6.6385384,17.511196,1.2508868,18.96878,-16.994207,-15.000033,-26.144659,-50.632477,-18.064566,49.21889,-0.9207549,15.000033,-2.5596864,-8.538653,25.78609,-61.776257,-11.3203745,-22.641989,-17.402113,25.370468,3.7306628,5.466411,-30.2037,8.219032,1.7818551,-53.720665,7.846429,-3.9362912,1.8615437
318,-4.920200824737549,27.196544647216797,69.84891510009766,6.126398199971734,-4.2467039145999035,-20.49653878235159,7.4543715,17.277006,1.5955975,18.08179,-17.046524,-15.000033,-26.762745,-50.559483,-16.731209,49.561085,-0.62959933,15.000033,-1.8382251,-9.012811,25.932434,-61.25635,-11.146707,-23.504543,-17.341084,25.262678,3.7955158,5.2386937,-28.809809,7.875907,1.643586,-54.192482,7.256712,-3.7052271,2.847932
319,-4.994068145751953,27.134185791015625,69.86324310302734,6.233533213058247,-4.385536705011612,-20.567776401988816,7.81525,17.216967,1.7866504,17.661743,-16.776625,-15.000033,-27.500334,-50.25561,-15.105824,49.962807,0.12752895,15.000033,-1.1937212,-9.343771,26.133472,-60.705296,-10.84622,-24.430038,-17.39653,25.098236,3.8590083,4.951947,-27.704758,7.2900467,1.3357853,-54.538506,6.715373,-3.5128608,3.6161628
320,-5.120048999786377,27.042203903198242,69.94705963134766,6.145929847551916,-4.431846029943142,-20.394829412644988,7.574962,17.435709,1.73515,17.89231,-16.358362,-15.000033,-28.089497,-49.895054,-13.887383,50.506195,1.0726898,15.000033,-0.7874766,-9.422995,26.281029,-60.088852,-10.460096,-25.299816,-17.569162,24.973763,3.9400833,4.607091,-26.923643,6.5768833,1.0364424,-54.69077,6.4693174,-3.4243827,3.8648171
321,-5.251392364501953,26.906797409057617,70.10845184326172,5.785767439113077,-4.323645215822437,-19.905986326606648,6.599533,18.013771,1.3375846,18.836636,-15.806635,-15.000033,-28.468985,-49.53156,-13.391375,51.263763,2.2738965,15.000033,-0.6945559,-9.194219,26.275585,-59.409138,-9.990268,-26.10132,-17.788128,24.955648,4.025685,4.1512733,-26.52646,5.7997513,0.7709577,-54.55886,6.619787,-3.475289,3.40044
322,-5.390442848205566,26.722013473510742,70.34037780761719,5.205866958020582,-4.0766986231959095,-19.160255355077812,4.982631,18.88145,0.63914335,20.35605,-15.01749,-15.000033,-28.762201,-49.050476,-13.23486,52.1635,3.8342733,15.000033,-0.8342337,-8.748393,26.172651,-58.713486,-9.424658,-26.888527,-18.018473,24.99746,4.1108627,3.6013849,-26.46645,4.965078,0.47349042,-54.199287,6.9947734,-3.622143,2.4608269
323,-5.549654483795166,26.476898193359375,70.62649536132812,4.507127328744996,-3.7768790562104586,-18.26568591583247,2.9160492,19.920233,-0.23253426,22.316519,-13.978175,-15.000033,-28.99896,-48.372974,-13.042086,53.051838,5.53846,15.000033,-1.1428792,-8.195681,26.085756,-58.061386,-8.789308,-27.6062,-18.280312,25.027208,4.220724,3.0522764,-26.67443,4.101355,0.16600189,-53.715744,7.440845,-3.8018312,1.39758
324,-5.752542495727539,26.171640396118164,70.94979095458984,3.7909322354567543,-3.5190036319603877,-17.3342456025031,0.60630417,21.015131,-1.1498878,24.592783,-12.684566,-15.000033,-29.210289,-47.408344,-12.432235,53.780827,7.172077,15.000033,-1.5414608,-7.652289,26.130722,-57.53464,-8.135769,-28.194704,-18.565935,24.980974,4.379102,2.5954032,-27.070171,3.251211,-0.13427442,-53.226906,7.7960005,-3.942063,0.566508
325,-5.984919548034668,25.82587242126465,71.30158233642578,3.0590572947471775,-3.348969113657824,-16.34416574922299,-1.9696205,22.124374,-2.3093376,27.26625,-11.018756,-15.000033,-29.40145,-46.18708,-11.3735695,54.478256,8.803866,15.000033,-2.0537996,-7.160057,26.356676,-57.15624,-7.5099635,-28.611647,-18.781727,24.841152,4.6098948,2.2154887,-27.693066,2.4357092,-0.49575657,-52.720924,8.123381,-4.002935,0.09686071
326,-6.24661111831665,25.45372772216797,71.68524932861328,2.2557338182722964,-3.1927653571491894,-15.259953733925915,-4.873556,23.258196,-3.7693963,30.271288,-8.970526,-15.000033,-29.567743,-44.6855,-10.055608,55.15188,10.537302,15.000033,-2.6793714,-6.6551027,26.686874,-56.936592,-6.930949,-28.89529,-18.884865,24.659151,4.8920302,1.8732587,-28.547112,1.6559688,-0.9116796,-52.164673,8.460911,-4.0262704,-0.19602919
327,-6.5454535484313965,25.04795265197754,72.0903549194336,1.3992823482294208,-2.994009334477376,-14.173543581430442,-7.9550586,24.429476,-5.177433,33.319374,-6.73267,-15.000033,-29.664845,-42.774017,-8.460959,55.4968,12.162252,15.000033,-3.2980437,-6.1096463,27.065104,-56.941982,-6.407675,-29.112888,-18.936789,24.474432,5.182393,1.6238619,-29.499691,0.9210491,-1.2846075,-51.64939,8.638679,-4.0531397,-0.42336068
328,-6.880001544952393,24.603740692138672,72.49935150146484,0.49724236861009785,-2.7261925879787516,-13.164152629966468,-11.085339,25.72622,-6.1971965,36.18453,-4.544901,-15.000033,-29.563728,-40.372246,-6.60881,55.225136,13.393123,15.000033,-3.8043473,-5.4846444,27.456167,-57.23104,-5.940638,-29.332962,-19.009392,24.323034,5.437905,1.5229516,-30.420534,0.2492725,-1.5116855,-51.268898,8.480694,-4.1236415,-0.6972879
329,-7.246660232543945,24.09055519104004,72.89112854003906,-0.5919162401254057,-2.3919099149062815,-12.223222173258,-14.501083,27.503042,-6.665759,38.996227,-2.2662172,-15.000033,-29.071005,-36.896763,-4.0777116,54.092125,13.970279,15.000033,-4.168589,-4.653328,27.915163,-57.924644,-5.5287957,-29.573935,-19.105276,24.240881,5.6635914,1.5765295,-31.42849,-0.35571012,-1.6185077,-51.061264,7.847748,-4.253374,-1.0160829
330,-7.598114967346191,23.52262306213379,73.24996185302734,-1.8522409352486457,-2.116085930033117,-11.246176074537368,-18.176487,29.620377,-7.019706,41.837063,0.121579014,-15.000033,-27.986923,-32.637257,-0.9895918,52.333393,13.843925,15.000033,-4.504879,-3.6651988,28.543526,-58.961994,-5.1772985,-29.799564,-19.186739,24.198051,5.877334,1.7585608,-32.541237,-0.8920489,-1.6428461,-50.975136,6.855951,-4.412825,-1.3312055
331,-7.907867431640625,22.9528865814209,73.56751251220703,-2.997884819814021,-1.9916701257035399,-10.202986385533965,-21.614933,31.43765,-7.5994515,44.488197,2.1687417,-15.000033,-26.437967,-28.85051,1.9194393,50.398735,13.205644,15.000033,-4.8976297,-2.7833302,29.304642,-60.130585,-4.8890567,-29.994009,-19.258696,24.13189,6.0554643,2.076701,-33.48303,-1.3392068,-1.518804,-50.96705,5.727617,-4.573185,-1.677685
332,-8.163386344909668,22.4200496673584,73.82710266113281,-3.7221399519443668,-1.9158099593621722,-9.17678356808875,-24.40781,32.38554,-8.416384,46.76987,3.4544282,-15.000033,-25.010546,-26.730204,3.8396373,48.717487,12.603477,15.000033,-5.385006,-2.2706687,29.793802,-61.04911,-4.6655083,-30.12105,-19.314453,23.963913,6.1613855,2.54172,-34.00922,-1.6534126,-1.1513766,-50.78769,4.6882477,-4.7163596,-2.0927062
333,-8.353456497192383,21.947696685791016,74.00651550292969,-3.9203195547897107,-1.7763870015996204,-8.184467014397656,-26.5221,32.32174,-9.292451,48.69654,3.6977446,-15.000033,-24.048857,-26.72001,4.2197666,47.38926,12.386383,15.000033,-5.9688697,-2.2049117,29.793802,-61.70485,-4.502006,-30.189106,-19.329096,23.584908,6.1441154,3.2608867,-34.119125,-1.7853731,-0.4786175,-50.320103,3.7964406,-4.879868,-2.5116973
334,-8.50592041015625,21.509052276611328,74.11528778076172,-3.766444247322047,-1.6711529078395628,-7.226403236297925,-28.046072,31.64255,-10.046415,50.393116,3.1686616,-15.000033,-23.272665,-28.067154,3.53875,46.16429,12.358029,15.000033,-6.5463934,-2.463666,29.793802,-62.507156,-4.375714,-30.23226,-19.309435,23.100294,6.048611,4.189161,-33.8742,-1.7441987,0.4031253,-50.012234,2.9122834,-5.048912,-2.9078364
335,-8.609912872314453,21.09128189086914,74.16026306152344,-3.3806103716540012,-1.6097062539856464,-6.4227752926886055,-28.9458,30.653973,-10.587756,51.84191,2.324652,-15.000033,-22.63242,-30.137959,2.4193394,44.934128,12.399612,15.000033,-7.066254,-2.961063,29.793802,-63.258484,-4.2778683,-30.20105,-19.285006,22.702375,5.954254,5.1140213,-33.213352,-1.5548822,1.4581468,-49.907013,1.9675673,-5.147429,-3.4012299
336,-8.655007362365723,20.708789825439453,74.13232421875,-2.8791351439341386,-1.5985453484996608,-5.896505284430732,-29.208838,29.643831,-10.860758,53.017525,1.6220081,-15.000033,-22.100273,-32.319458,1.5263368,43.58562,12.388288,15.000033,-7.4682207,-3.6057053,29.793802,-63.752995,-4.209436,-30.060541,-19.283058,22.574366,5.9475126,5.8249664,-32.05529,-1.2522479,2.6553438,-50.051056,0.8987225,-5.0942717,-4.116024
337,-8.64418888092041,20.373422622680664,74.03255462646484,-2.1669596564895373,-1.6436724338162114,-5.650283584074011,-28.807598,28.46032,-10.842285,54.05266,1.2037835,-15.000033,-21.669943,-34.738037,0.9500509,42.044636,12.220498,15.000033,-7.7308116,-4.4533777,29.793802,-63.911785,-4.193714,-29.804356,-19.326157,22.704998,6.0701737,6.2792206,-30.21519,-0.8019726,4.075171,-50.465057,-0.3118819,-4.887523,-5.3603806
338,-8.581686973571777,20.061786651611328,73.86546325683594,-1.230510496440199,-1.750489436027768,-5.6314338712676,-27.777225,27.02349,-10.592731,54.906208,0.8058663,-15.000033,-21.334057,-37.599262,0.28192863,40.342358,11.937,15.000033,-7.8808427,-5.534441,29.793802,-63.85697,-4.238309,-29.467258,-19.36186,23.013435,6.27335,6.583492,-27.740814,-0.2099615,5.7401686,-51.135628,-1.6303766,-4.546178,-6.953952
339,-8.480671882629395,19.7659912109375,73.61968994140625,-0.307094038285077,-1.9059899966923806,-5.889636613255708,-26.200848,25.712887,-10.206234,55.28405,0.2668959,-15.000033,-21.125486,-40.420643,-0.47370347,38.54609,11.682221,15.000033,-7.894367,-6.672255,29.793802,-63.646095,-4.3229237,-29.091324,-19.375065,23.562706,6.510147,6.755595,-24.907578,0.4044393,7.5710797,-52.043114,-3.11515,-4.034237,-8.324267
340,-8.346392631530762,19.47731590270996,73.29389190673828,0.3728975720903618,-2.085726634507217,-6.470765341957906,-24.149504,24.904524,-9.775136,54.896782,-0.5394178,-15.000033,-21.110336,-42.742535,-1.2208676,36.76767,11.656971,15.000033,-7.7561884,-7.6936646,29.793802,-63.33033,-4.3989205,-28.712488,-19.38067,24.414476,6.7341104,6.814235,-22.14618,0.79556566,9.189889,-53.06491,-4.545328,-3.342332,-8.89342
341,-8.16958236694336,19.186901092529297,72.89193725585938,0.7429256353029182,-2.115737508361384,-7.503275610442142,-21.63574,24.71046,-9.379504,53.567284,-1.5766673,-15.000033,-21.61259,-44.501736,-1.9489363,35.0436,11.991942,15.000033,-7.5474286,-8.354456,29.078203,-62.23591,-4.470597,-28.149628,-19.59926,25.73242,6.894326,6.735581,-19.395897,0.93032604,10.92274,-53.613327,-6.003652,-2.5193906,-8.66819
342,-7.964310646057129,18.892671585083008,72.4176025390625,0.9173490183109251,-2.0849582336253003,-8.916738161509446,-18.580545,24.934011,-8.919378,51.481873,-2.762768,-15.000033,-22.48179,-45.914898,-2.6525328,33.338867,12.571151,15.000033,-7.2378716,-8.76816,28.01233,-60.614983,-4.537771,-27.430746,-20.04786,27.431364,7.0264506,6.513143,-16.481983,0.82715803,12.778722,-54.04896,-7.562409,-1.5802457,-7.9340053
343,-7.726579189300537,18.612520217895508,71.87065124511719,0.9952990286215746,-2.0246783537733264,-10.463075339005083,-15.278041,25.412285,-8.189642,48.921806,-4.170754,-15.000033,-23.554367,-47.013527,-3.0783384,31.704832,13.292122,15.000033,-6.9962945,-9.138101,26.788464,-58.75185,-4.5602107,-26.685003,-20.594795,29.102612,7.146084,6.2116847,-13.896001,0.38398698,14.247808,-54.399532,-9.096556,-0.50129735,-6.7456293
344,-7.466368198394775,18.36725616455078,71.24088287353516,1.0943192593155617,-1.9334023567897882,-11.906277111605277,-12.045265,25.915394,-7.0563755,46.141838,-5.8999567,-15.000033,-24.728794,-47.850777,-2.9379091,30.17631,14.0695915,15.000033,-7.0216317,-9.632621,25.44945,-56.77498,-4.4828434,-26.01603,-21.162666,30.321657,7.269228,5.899442,-12.095573,-0.5293184,14.912631,-54.61087,-10.496972,0.7497278,-5.2092357
345,-7.216363906860352,18.1333065032959,70.58403015136719,1.306595727240924,-1.8033891113282365,-13.260164100082678,-8.682906,26.257729,-5.369029,42.811863,-8.25626,-15.000033,-26.118917,-48.577446,-2.137882,28.686895,14.990487,15.000033,-7.3962345,-10.350722,23.913446,-54.58667,-4.257467,-25.389427,-21.83909,30.944702,7.417761,5.6026535,-11.050827,-2.0664108,14.694014,-54.9013,-11.847007,2.1707194,-3.095184
346,-6.957634449005127,17.886011123657227,69.9227523803711,1.5666377735815624,-1.6465101192184393,-14.640201188896523,-5.0511413,26.415054,-3.3782644,38.86317,-11.13136,-15.000033,-27.72643,-49.14711,-0.7905083,27.194637,16.099327,15.000033,-7.988769,-11.139284,22.230635,-52.115005,-3.8786008,-24.760012,-22.769104,31.19215,7.5876336,5.289956,-10.315531,-4.2768044,13.876466,-55.48338,-13.184412,3.7238824,-0.47784907
347,-6.714092254638672,17.59817886352539,69.24766540527344,1.7589277265769618,-1.4846302076546716,-15.956955307365368,-1.596369,26.49497,-1.508439,34.97007,-13.993894,-15.000033,-29.273527,-49.338505,1.0635202,25.807775,17.229221,15.000033,-8.682822,-11.812162,20.632261,-49.54179,-3.3586895,-24.22079,-23.91744,31.193138,7.759675,4.9401746,-9.737088,-7.0832877,12.574525,-56.245834,-14.310075,5.425876,2.0914927
348,-6.508215427398682,17.228654861450195,68.57931518554688,1.7720848528718307,-1.3294161431109788,-17.099501923344707,1.1932999,26.774889,0.033725176,31.874056,-16.266361,-15.000033,-30.465317,-48.962395,3.3434126,24.684238,18.184288,15.000033,-9.376932,-12.218644,19.329695,-47.058083,-2.7224693,-23.879051,-25.181313,31.08509,7.9115176,4.532121,-9.282572,-10.313834,10.845692,-56.94404,-15.012514,7.331851,4.074135
349,-6.368941783905029,16.763845443725586,67.94029235839844,1.5015635693622311,-1.1901066751239398,-18.114417201662658,3.1745486,27.575884,1.5465537,29.91659,-17.850996,-15.000033,-31.208122,-47.733624,6.40174,23.788322,18.87615,15.000033,-10.111852,-12.343329,18.341564,-44.672676,-1.9550273,-23.721956,-26.459957,30.748762,8.04073,4.021292,-9.215475,-13.868265,8.482608,-57.413994,-14.906576,9.676242,5.20357
350,-6.287468910217285,16.215290069580078,67.3786849975586,1.0349490533772419,-1.0779986696688606,-18.99950443324278,4.6130905,28.775053,3.160938,28.693863,-18.996939,-15.000033,-31.526197,-45.896152,10.055597,23.149008,19.330868,15.000033,-10.947034,-12.307612,17.569101,-42.32437,-1.0364017,-23.682076,-27.765574,30.1774,8.163101,3.431309,-9.447968,-17.734055,5.5022616,-57.69372,-14.2125635,12.389597,5.804621
351,-6.291136264801025,15.605033874511719,66.9233169555664,0.5541815367785973,-0.9818377668910974,-19.575564209210537,5.578832,30.07093,4.5239797,27.876574,-19.625376,-15.000033,-31.42646,-44.02808,13.478289,23.016842,19.550232,15.000033,-11.818601,-12.177474,17.010136,-40.087738,0.0024543656,-23.800219,-29.13542,29.674063,8.272117,2.8409698,-9.587254,-21.81911,2.2475486,-57.707554,-13.608654,15.080244,6.256047
352,-6.3356547355651855,14.944952964782715,66.58824920654297,0.24403420745768015,-0.8530070530528022,-19.695051346612424,6.087842,31.145071,5.2588253,27.140612,-19.665901,-15.000033,-31.081167,-42.650753,15.9252405,23.595762,19.61454,15.000033,-12.654144,-12.033876,16.600286,-38.054787,1.0961694,-24.142843,-30.53398,29.55203,8.349563,2.3252852,-9.37962,-25.97259,-0.93532115,-57.283485,-13.836185,17.350424,7.0373983
353,-6.368009090423584,14.228561401367188,66.36336517333984,0.1797590628514877,-0.6634585454860369,-19.201636655715713,5.9490237,31.896347,5.105049,26.520588,-19.040316,-15.000033,-30.632631,-41.769222,17.641813,25.309246,19.863731,15.000033,-13.586126,-11.965984,16.284935,-36.32306,2.209778,-24.79795,-31.789557,30.141043,8.359472,1.8791478,-9.123885,-30.092669,-3.956585,-56.067215,-15.4897585,19.101957,8.57582
354,-6.426579475402832,13.421991348266602,66.19485473632812,0.23684130851032806,-0.43878914124992796,-18.225036839684527,5.172678,32.53854,4.288219,26.167658,-17.81571,-15.000033,-29.970705,-41.083202,18.819147,27.846678,20.209494,15.000033,-14.629167,-11.943851,16.04639,-34.888226,3.339539,-25.729324,-32.80228,31.241102,8.309917,1.465214,-9.027107,-34.16917,-6.893397,-54.036633,-18.150661,20.468489,10.651951
355,-6.5003437995910645,12.527958869934082,66.06160736083984,0.3250304421897994,-0.1777823810789578,-17.07105092935316,4.0480127,33.187416,3.1821651,25.942904,-16.144835,-15.000033,-29.095808,-40.687054,18.818512,30.351719,20.124317,15.000033,-15.485679,-11.870048,15.839534,-33.758602,4.4757576,-26.778429,-33.592693,32.28206,8.245512,1.1020291,-8.656368,-38.19068,-9.74942,-51.57218,-21.012533,21.437767,12.761588
356,-6.603419780731201,11.554892539978027,65.94136047363281,0.38161905551469677,0.1444008820455817,-16.050436713854154,2.850986,33.94219,2.1679246,25.718302,-14.184706,-15.000033,-28.146639,-40.72967,17.165436,32.095417,19.04227,15.000033,-15.8754,-11.681665,15.585691,-32.8871,5.600794,-27.784695,-34.22237,32.73002,8.218494,0.80398977,-7.6329837,-42.134323,-12.570534,-49.00163,-23.202166,22.093573,14.354364
357,-6.726151466369629,10.459810256958008,65.79378509521484,0.3769883103010615,0.6207669297081175,-15.27862877493541,1.6201528,34.87472,1.2745857,25.40171,-11.865126,-15.000033,-27.130154,-41.455677,12.964558,32.77834,16.547512,15.000033,-15.618309,-11.36074,15.166752,-32.23189,6.6772776,-28.804262,-34.64285,32.404266,8.274622,0.5871661,-6.0302186,-46.012207,-15.247297,-45.85459,-24.548079,22.422638,15.169069
358,-6.887759208679199,9.297660827636719,65.65261840820312,0.35120376144141774,1.2557655408336375,-14.597906552767027,0.18244211,35.938324,0.33563688,25.091562,-9.134079,-15.000033,-25.891045,-42.661896,6.704898,32.875954,13.10812,15.000033,-14.9356575,-10.964235,14.592477,-31.740164,7.6728683,-29.938702,-34.86877,31.734604,8.378875,0.44158274,-3.8626425,-49.843277,-17.93004,-42.27666,-25.395863,22.443954,15.486056
359,-7.082181930541992,8.169782638549805,65.5896224975586,0.3554319314714408,1.9237599514368002,-13.891369167476164,-1.4973756,37.040215,-0.5879476,24.940434,-6.1797743,-15.000033,-24.42773,-43.836773,0.09476668,32.845886,9.412871,15.000033,-14.000225,-10.536303,13.982512,-31.705788,8.638613,-30.956,-34.80861,30.722063,8.469754,0.31808144,-1.1947954,-53.548794,-20.743162,-38.88806,-25.89982,22.327787,15.590709
360,-7.297390937805176,7.022458076477051,65.55841827392578,0.4558663955613626,2.4475083584567123,-13.025348292476462,-3.4123614,38.04612,-1.4436314,25.062397,-3.1501534,-15.000033,-22.98187,-44.61453,-4.9966784,33.13351,5.9966993,15.000033,-13.221044,-10.202228,13.534499,-31.792114,9.556242,-31.94629,-34.815205,30.020687,8.497234,0.22443327,1.592041,-56.984257,-23.504902,-36.291985,-26.246523,22.2173,15.817235
361,-7.522971153259277,5.852357864379883,65.56214141845703,0.7386397793004076,2.718093065106247,-11.967472326741474,-5.4765453,38.878384,-2.2636096,25.41087,0.1666027,-15.000033,-21.627787,-44.961548,-7.9327207,33.6454,2.6354504,15.000033,-12.51992,-10.093804,13.298956,-32.326813,10.4626,-32.898846,-34.645622,29.59027,8.423714,0.16034195,4.673702,-60.09198,-26.362505,-34.663643,-26.728897,22.143782,16.43758
362,-7.745413303375244,4.6605658531188965,65.59394836425781,1.1482758412317913,2.801361039520991,-10.787629792985488,-7.685917,39.563446,-3.1349728,25.955723,3.7163517,-15.000033,-20.298285,-45.08668,-9.738341,34.19235,-0.90080905,15.000033,-11.741074,-10.152743,13.219531,-33.317986,11.384065,-33.83423,-34.248325,29.191032,8.288114,0.129596,8.177762,-62.839314,-29.350302,-33.694836,-27.2089,22.018711,17.239277
363,-7.994229316711426,3.501878261566162,65.6900405883789,1.5319172019985727,2.7613833364786826,-9.515726653314914,-10.138913,40.10947,-4.100645,26.858423,6.898856,-15.000033,-19.128489,-45.08595,-10.982351,35.055862,-4.186385,15.000033,-11.100229,-10.205197,13.326961,-34.25526,12.280983,-34.73402,-33.967,28.944813,8.148021,0.11158944,11.572908,-65.12429,-31.98981,-33.301254,-27.271383,21.805002,17.841839
364,-8.256900787353516,2.3443214893341064,65.81670379638672,1.722705924976449,2.679613963778023,-8.18217740236737,-12.918124,40.55606,-5.1724014,28.230213,9.164157,-15.000033,-18.229021,-45.01826,-12.217867,36.490032,-6.7959213,15.000033,-10.783043,-10.088525,13.615567,-34.812664,13.105422,-35.49334,-33.97935,28.824514,8.059522,0.065750934,14.245094,-66.85708,-33.699596,-33.42474,-26.541018,21.467064,17.86436
365,-8.562606811523438,1.172730565071106,65.97356414794922,1.616151905429806,2.539584511264131,-6.7174191074821445,-16.218117,41.05665,-6.407072,30.174135,10.309678,-15.000033,-17.512682,-44.819733,-13.580084,38.630375,-8.70624,15.000033,-10.788784,-9.740608,14.076004,-35.235,13.885034,-35.992916,-34.09417,28.586695,8.041449,-0.074176304,16.073269,-67.97182,-34.27259,-34.266346,-24.534477,20.930243,16.938702
366,-8.901176452636719,0.015203445218503475,66.17402648925781,1.3239742935255747,2.2960079448210284,-5.163854766995634,-19.869827,41.49437,-7.8036675,32.60612,10.591537,-15.000033,-16.928526,-44.497944,-14.748955,41.251663,-10.093815,15.000033,-11.02918,-9.321365,14.74904,-35.530613,14.61811,-36.373455,-34.32368,28.420082,8.065687,-0.26149017,17.235613,-68.4664,-33.900425,-35.936623,-21.643223,20.188873,15.341492
367,-9.258079528808594,-1.016458511352539,66.44351196289062,0.9930659429850942,2.0190385505412185,-3.686995407081729,-23.436773,41.590633,-9.179877,35.334003,10.278683,-15.000033,-16.623892,-44.211357,-15.61229,44.068214,-10.855091,15.000033,-11.39575,-8.93227,15.627291,-35.59355,15.281675,-36.63257,-34.789772,28.279997,8.110371,-0.42831346,17.889502,-68.38465,-32.818535,-38.19987,-18.77801,19.352448,13.636235
368,-9.602190971374512,-1.8917454481124878,66.77835845947266,0.7611852169030803,1.804995418649754,-2.4191033111373352,-26.507208,41.13412,-10.267687,38.142742,9.726948,-15.000033,-16.76793,-44.091686,-16.092907,46.83752,-10.901101,15.000033,-11.819816,-8.635433,16.674633,-35.328526,15.840529,-36.751854,-35.59701,28.11578,8.152167,-0.50759244,18.189825,-67.81954,-31.225674,-40.763832,-16.820541,18.609337,12.383358
369,-9.96285629272461,-2.659329414367676,67.18187713623047,0.6529810492458451,1.6794722975119942,-1.3103696662408881,-29.024467,39.95547,-11.006189,41.027405,9.005482,-15.000033,-17.387302,-44.27156,-16.3782,49.6615,-10.025346,15.000033,-12.428589,-8.336509,17.96979,-34.55436,16.244442,-36.634453,-36.95092,27.795834,8.176148,-0.44076726,18.208273,-66.754555,-28.855099,-43.83109,-15.953793,18.032303,11.721539
370,-10.335886001586914,-3.3607449531555176,67.62342071533203,0.5845036590653705,1.619108001039836,-0.2873829601634995,-31.20162,38.287537,-11.391421,44.07328,7.993636,-15.000033,-18.431791,-44.597404,-16.41054,52.62285,-8.335731,15.000033,-13.258747,-8.030392,19.49207,-33.404232,16.472075,-36.32924,-38.684006,27.395506,8.19667,-0.2758266,18.062046,-65.18709,-25.777195,-47.500473,-15.754076,17.547943,11.320439
371,-10.704172134399414,-4.012618064880371,68.07768249511719,0.5181848312417767,1.6578947933079093,0.5537600595313741,-33.090942,36.563675,-11.274771,47.18758,6.7881913,-15.000033,-19.981724,-44.745724,-15.78422,55.466267,-6.2089257,15.000033,-14.056277,-7.820522,21.050201,-32.25373,16.538239,-36.041294,-40.38204,27.147139,8.234468,-0.106235854,17.90628,-63.31432,-22.725363,-51.24852,-16.091696,17.163101,11.088919
372,-11.05677604675293,-4.641726016998291,68.51811218261719,0.41908206822764366,1.8297767705589423,1.1080804524539511,-34.773857,35.209637,-10.586012,50.293236,5.482375,-15.000033,-22.09027,-44.40697,-14.1793585,57.954685,-4.011572,15.000033,-14.541173,-7.721615,22.447525,-31.412022,16.470675,-35.94652,-41.722588,27.28404,8.308003,-0.025419762,17.69609,-61.440887,-20.411678,-54.446846,-16.697376,16.891779,10.944506
373,-11.41158390045166,-5.24833345413208,68.92054748535156,0.28584393954308823,2.215722857039307,1.3256250679866761,-36.408176,34.374825,-9.102304,53.49785,4.0611434,-15.000033,-25.075556,-43.29756,-11.121318,60.23514,-1.5102357,15.000033,-14.706034,-7.6249514,23.634111,-30.820684,16.273087,-35.982838,-42.84585,28.04905,8.437919,-0.10157854,17.066841,-59.742336,-18.813118,-56.994656,-17.513832,16.803957,10.9837675
374,-11.76500129699707,-5.822197914123535,69.2686538696289,0.08570661867775747,2.7910064018697125,1.2723648154349807,-38.004757,33.891907,-7.0110683,56.82522,2.4774537,-15.000033,-28.626112,-41.508373,-7.180418,62.382103,1.3912606,15.000033,-14.7344675,-7.4202676,24.675243,-30.256094,15.936647,-36.036278,-43.929028,29.257288,8.6025305,-0.2735104,15.863841,-58.247543,-17.495975,-58.991344,-18.514858,16.895603,11.16983
375,-12.099527359008789,-6.385921478271484,69.54752349853516,-0.21528490700679456,3.4054633667490384,1.0150555663498575,-39.36396,33.621178,-4.867328,60.067554,0.78862256,-15.000033,-31.903627,-39.491226,-3.5105944,64.068954,4.080424,15.000033,-14.637751,-7.1607213,25.52851,-29.771898,15.481569,-36.14105,-44.707867,30.469408,8.757134,-0.44932023,14.116361,-57.056587,-16.392998,-60.000134,-19.443659,17.085373,11.203204
376,-12.389967918395996,-6.9487786293029785,69.7366943359375,-0.5804841078624432,3.8874156739831567,0.6125194535486422,-40.20962,33.307667,-3.1701689,62.98186,-0.9510972,-15.000033,-34.331676,-37.86775,-0.92005825,64.96831,5.9644976,15.000033,-14.381811,-6.9074907,26.225548,-29.414946,14.962922,-36.306824,-45.043335,31.210424,8.8604765,-0.53223234,12.313364,-56.2585,-15.824692,-59.931145,-20.007719,17.321947,10.754128
377,-12.615272521972656,-7.504387378692627,69.83097839355469,-0.9309019444117513,4.209325574854009,-0.00808930275573355,-40.3913,32.55273,-2.118925,65.71649,-2.5954008,-15.000033,-36.018913,-36.955944,0.5918946,64.98236,6.7635236,15.000033,-13.954079,-6.7821746,26.707872,-29.123663,14.424937,-36.50069,-44.94616,31.176847,8.899957,-0.43326068,10.245283,-55.91935,-15.838079,-58.581806,-19.91362,17.610977,9.363599
378,-12.761275291442871,-8.056386947631836,69.8440170288086,-1.2702643904271065,4.439333127191807,-0.847421597478855,-40.076492,31.470709,-1.3765663,68.303734,-4.179724,-15.000033,-37.30699,-36.475437,1.5574234,64.29837,6.8294597,15.000033,-13.4298115,-6.7491393,26.989937,-28.812527,13.891162,-36.653233,-44.591408,30.673374,8.897678,-0.22074303,7.775326,-56.072315,-16.248423,-56.138203,-19.3709,17.9838,7.267704
379,-12.833606719970703,-8.595660209655762,69.78382873535156,-1.6692865644422805,4.544735564912291,-1.753385587666046,-39.423115,30.63879,-0.66012454,70.34203,-5.9224315,-15.000033,-38.096756,-36.174747,2.1230667,63.017097,6.52457,15.000033,-12.851571,-6.658752,27.201067,-28.496439,13.380752,-36.77907,-44.065353,30.152346,8.871281,-0.020597512,5.3603683,-56.754555,-16.902256,-52.945286,-18.865614,18.393793,5.2004876
380,-12.846268653869629,-9.14709758758545,69.6936264038086,-2.1998185447088843,4.489614688043339,-2.5803299561710085,-38.532055,30.758448,0.29355335,71.466194,-8.069208,-15.000033,-38.27678,-35.816338,2.4328954,61.24863,6.214882,15.000033,-12.251248,-6.3475637,27.473024,-28.169487,12.894562,-36.927525,-43.46686,30.10055,8.843169,0.044970777,3.4169652,-57.995243,-17.63324,-49.300312,-18.88477,18.83941,3.899298
381,-12.80969524383545,-9.703958511352539,69.50028991699219,-2.9796376319793527,4.185387861128537,-3.3828395684835226,-37.046036,32.59075,1.9197809,71.29889,-11.148755,-15.000033,-37.65768,-35.394886,2.2976935,58.816914,5.803297,15.000033,-11.590316,-5.7227855,27.850845,-27.844975,12.426421,-37.073658,-42.715996,30.760582,8.824707,-0.07841134,1.9725715,-59.852905,-18.477898,-45.236042,-19.839924,19.479124,3.7266688
382,-12.73189640045166,-10.261483192443848,69.22000885009766,-3.89810966587658,3.6549062173350864,-4.225471746267837,-34.791275,35.767223,4.3872495,70.17939,-14.977695,-15.000033,-36.396034,-35.032574,1.7866633,55.72479,5.1851325,15.000033,-10.86868,-4.9048223,28.26963,-27.47129,11.970831,-37.21248,-41.848343,31.87241,8.799347,-0.3132088,0.81422144,-62.352055,-19.438335,-40.607998,-21.396418,20.269447,4.204267
383,-12.64633846282959,-10.81658935546875,68.89222717285156,-4.6796541968626055,3.057106264210301,-4.951624029329528,-32.194397,39.119,7.2814116,68.783516,-18.807192,-15.000033,-34.8856,-34.73052,1.4462172,52.371517,4.6317387,15.000033,-10.240173,-4.080904,28.692312,-26.749493,11.474343,-37.593307,-41.23539,33.431355,8.754556,-0.5640675,-0.13647239,-65.43173,-20.240904,-35.363037,-22.914955,20.930378,4.8181767
384,-12.55990219116211,-11.363414764404297,68.55458068847656,-5.1405499661681695,2.5917183871985423,-5.386207727713914,-30.13563,41.375816,9.395249,67.73555,-21.658789,-15.000033,-33.480835,-34.451054,1.7113172,49.147144,4.439664,15.000033,-9.561808,-3.2392194,28.887781,-26.72949,11.115861,-37.51843,-40.347004,33.781506,8.662877,-0.8714995,-0.5504758,-68.98667,-20.868122,-29.298355,-23.75519,21.213732,5.0442853
385,-12.496265411376953,-11.910417556762695,68.20751190185547,-5.218951496456893,2.3386064306842314,-5.383905334864058,-29.193163,42.020576,9.759469,67.0132,-23.0904,-15.000033,-32.18449,-34.16384,2.956453,45.995426,4.846892,15.000033,-9.1765375,-2.5750391,28.975002,-26.304682,10.822722,-37.79622,-39.98142,34.232716,8.541901,-1.1370543,-0.5547306,-73.02929,-21.226385,-22.21784,-23.56046,21.002813,4.662577
386,-12.473305702209473,-12.472265243530273,67.84912109375,-5.043052424804189,2.1833899598699738,-5.062161275377054,-28.99087,41.72055,8.864886,66.32326,-23.600916,-15.000033,-30.757282,-33.947216,4.8216233,42.75293,5.626277,15.000033,-8.927268,-1.988051,28.929842,-25.90545,10.615021,-38.099854,-39.71451,34.45118,8.394123,-1.4272583,-0.120299384,-77.579994,-21.416386,-14.153712,-22.733902,20.457224,3.9499643
387,-12.470049858093262,-13.068127632141113,67.4818115234375,-4.752001667573396,2.0412381560879957,-4.653100097867119,-29.204805,41.046944,7.3116703,65.8547,-23.528912,-15.000033,-29.212086,-33.834663,6.626946,39.66543,6.354578,15.000033,-8.704575,-1.3510364,28.822477,-25.37756,10.502902,-38.39378,-39.676548,34.40457,8.228913,-1.671411,0.3101375,-82.43538,-21.162594,-5.6940155,-21.746393,19.70848,3.254277
388,-12.497695922851562,-13.717545509338379,67.10273742675781,-4.499268777508869,1.8535283184805995,-4.376771779071979,-29.546362,40.58123,5.6974697,65.76356,-23.208458,-15.000033,-27.63733,-33.769405,7.7098026,36.98138,6.62719,15.000033,-8.363115,-0.5950413,28.707369,-24.712942,10.510996,-38.634846,-39.85243,34.00668,8.056983,-1.8139002,0.2792922,-87.11718,-20.14222,2.4634445,-21.207157,18.872696,2.9838514
389,-12.525754928588867,-14.41703987121582,66.70983123779297,-4.336107882333286,1.6324194489994368,-4.282148022059927,-30.082764,40.439453,3.9714167,66.12117,-22.520716,-15.000033,-26.005228,-33.648434,7.7582664,34.669647,6.555704,15.000033,-7.599928,0.07944914,28.581787,-24.294939,10.68468,-39.033943,-39.855495,33.05277,7.9241085,-1.7963369,0.32181567,-90.862885,-18.432013,10.649324,-22.143019,17.854143,3.4240105
390,-12.544800758361816,-15.163518905639648,66.32192993164062,-4.185705944698599,1.3961853925007075,-4.253226486174038,-30.890745,40.351933,1.9200369,66.82842,-21.356094,-15.000033,-24.321442,-33.438057,7.2100763,32.64445,6.3356524,15.000033,-6.3741484,0.29378828,28.376436,-24.398396,11.042478,-39.723526,-39.255383,31.673002,7.8385406,-1.6632984,0.88220257,-93.108215,-16.56322,18.822441,-24.310017,16.69294,4.1116505
391,-12.548062324523926,-15.934768676757812,65.93468475341797,-4.019399107005378,1.1317951205458767,-4.257266913483709,-31.788778,40.30285,-0.189678,67.750275,-20.054134,-15.000033,-22.782877,-33.168823,6.514988,31.084171,5.6581764,15.000033,-5.016056,0.16753173,28.115812,-24.631104,11.549617,-40.491604,-38.377724,30.273026,7.7394857,-1.5114273,1.4067042,-94.22872,-14.961091,25.700918,-26.229227,15.655952,4.570379
392,-12.4962797164917,-16.732627868652344,65.5177230834961,-3.80563942246801,0.8303412901634657,-4.264728207246296,-32.603348,40.2534,-2.1141317,68.75048,-18.964422,-15.000033,-21.552435,-32.91055,6.1031103,30.133595,4.119027,15.000033,-4.002114,-0.064111985,27.857702,-24.44375,12.160036,-40.95709,-37.730625,29.291777,7.5422153,-1.4733261,1.0163448,-94.80311,-13.710523,29.942137,-26.561546,14.848381,4.6264725
393,-12.41451358795166,-17.530420303344727,65.08358001708984,-3.4424092627411897,0.4887788521912543,-4.263184901206129,-33.28315,40.143127,-3.7360556,69.86518,-18.126665,-15.000033,-20.607298,-32.78162,6.0087547,29.814177,1.0713755,15.000033,-3.5252695,-0.36446536,27.553896,-23.660425,12.88075,-40.911148,-37.427467,29.004751,7.1754026,-1.6727812,-0.81799316,-95.076706,-12.7058115,30.886387,-24.723682,14.250494,4.240729
394,-12.353496551513672,-18.25376319885254,64.67599487304688,-2.9662167362775675,0.1275197440196541,-4.2786858355020065,-33.925488,39.964798,-5.215841,71.14299,-17.387497,-15.000033,-19.921982,-32.75314,6.002071,30.089996,-3.1297553,15.000033,-3.4549744,-0.64929867,27.22758,-22.324547,13.734037,-40.431576,-37.548393,29.121794,6.676794,-2.0198803,-3.7319913,-95.165375,-11.760883,29.481853,-21.475086,13.692973,3.7197554
395,-12.326933860778809,-18.89137840270996,64.30207824707031,-2.55241113462445,-0.23133987299082517,-4.334321595949473,-34.582726,39.756832,-6.7304273,72.47027,-16.803354,-15.000033,-19.609873,-32.683575,6.0932283,30.976234,-7.418211,15.000033,-3.763545,-0.74753374,27.031656,-20.323162,14.689749,-39.542118,-38.380093,29.245884,6.1324153,-2.3493485,-7.3896155,-95.11311,-10.707565,26.715881,-17.710678,13.044786,3.41989
396,-12.318767547607422,-19.468446731567383,63.941036224365234,-2.3909586325604053,-0.5714272636257799,-4.44772994007669,-35.311348,39.58461,-8.457636,73.72821,-16.419403,-15.000033,-19.741344,-32.376263,6.332782,32.445503,-10.750988,15.000033,-4.363591,-0.48728383,27.126049,-17.657597,15.626068,-38.33819,-40.07796,28.978241,5.6380353,-2.499916,-11.37772,-94.935394,-9.455838,23.607784,-14.274565,12.225368,3.655237
397,-12.301933288574219,-20.013288497924805,63.5902099609375,-2.596768518111758,-0.8681740280556377,-4.621772912020349,-36.25758,39.449432,-10.684815,74.95356,-16.26776,-15.000033,-20.537142,-31.693216,6.7954535,34.803345,-12.788235,15.000033,-4.566769,0.4449102,27.294786,-15.400529,15.701963,-37.93975,-41.27743,28.128374,5.4468346,-2.0473099,-13.797536,-94.824905,-9.528497,20.549532,-10.904841,11.131603,4.465489
398,-12.291960716247559,-20.532419204711914,63.27091979980469,-3.0591209701218878,-1.1383299267306992,-4.840553870768236,-37.34143,39.31251,-13.243483,76.18497,-16.299196,-15.000033,-21.825863,-30.718607,7.360934,37.88852,-14.084237,15.000033,-5.1123066,1.7439148,27.780785,-12.293976,15.7437935,-37.187866,-43.412025,26.961184,5.2073216,-1.559041,-16.766033,-94.608635,-9.642821,16.63426,-7.4004984,9.962826,5.7263494
399,-12.307857513427734,-21.002777099609375,63.00718688964844,-3.6404403011498867,-1.4276451634039875,-5.098614402970178,-38.308277,39.233635,-15.62971,77.31136,-16.445919,-15.000033,-23.102293,-29.596653,7.835661,40.972347,-14.969042,15.000033,-6.0275183,3.1648421,28.675062,-8.486663,15.7703495,-36.02174,-46.562286,25.746197,4.8129015,-1.2765912,-20.140308,-94.19696,-9.647683,12.151483,-3.9911942,8.9609165,7.09355
400,-12.32561206817627,-21.416776657104492,62.790252685546875,-4.191598040692078,-1.8056714298032737,-5.389248978788201,-38.892414,39.300377,-17.329033,78.21531,-16.6599,-15.000033,-23.889128,-28.515926,8.111023,43.38345,-15.800981,15.000033,-6.7059846,4.567435,29.765198,-5.5038557,15.745634,-35.351543,-49.496563,24.464287,4.495134,-0.7676577,-22.936472,-93.77308,-9.636976,8.00598,-0.6733396,8.244543,7.990965
401,-12.313703536987305,-21.775930404663086,62.61163330078125,-4.643554405796915,-1.9283814277988585,-5.756780015152583,-39.392365,39.439552,-18.158674,78.82634,-16.914091,-15.000033,-24.552368,-27.59007,8.22673,44.982597,-16.551695,15.000033,-7.4929185,5.484314,29.793802,-1.7905176,15.545546,-34.618046,-52.44349,23.312244,3.9739435,-0.5471162,-25.792002,-92.14985,-8.235455,3.8523474,1.6871156,7.8640738,8.369734
402,-12.266664505004883,-22.089279174804688,62.47950744628906,-5.119736482639302,-2.2542642855536243,-6.161333773174857,-39.397736,39.72246,-18.399023,79.19484,-17.309084,-15.000033,-24.740263,-26.669636,8.237503,46.10848,-17.139612,15.000033,-8.004947,6.0343733,29.793802,0.36541164,14.648832,-34.85458,-53.68831,22.573452,3.7086546,0.13098894,-30.054558,-89.26857,-4.794538,0.6458787,3.0551026,7.607098,8.216248
403,-12.196791648864746,-22.363805770874023,62.37849426269531,-5.594575279198162,-2.638168261409086,-6.582854311285704,-39.276558,40.229954,-18.217194,79.5106,-17.797989,-15.000033,-24.746819,-25.764015,8.214907,46.96935,-17.626604,15.000033,-8.415189,6.7069654,29.793802,1.7850994,13.360056,-35.473778,-54.38393,22.074757,3.4978197,0.79161066,-33.31089,-86.22321,-2.0505104,-2.1771936,4.261253,7.437903,7.8287992
404,-12.12031364440918,-22.63397789001465,62.28874969482422,-6.0400136701275855,-3.0518005382377567,-6.997248884174265,-39.2373,41.060284,-17.764513,79.92629,-18.31571,-15.000033,-24.6985,-24.867325,8.231347,47.750427,-18.097235,15.000033,-8.783679,7.2296386,29.793802,2.1447916,11.865705,-36.050076,-54.257557,21.811365,3.3626034,1.2632234,-35.353134,-82.513435,-0.40186277,-4.85375,5.2612615,7.25127,7.417817
405,-12.04784870147705,-22.913986206054688,62.201194763183594,-6.414800534890389,-3.502993076134058,-7.452733499589298,-39.258152,42.314823,-16.925465,80.48697,-18.903177,-15.000033,-24.635256,-23.978651,8.373485,48.494354,-18.595755,15.000033,-9.039237,7.537278,29.793802,1.3744558,10.321926,-36.530308,-53.432846,21.817291,3.338346,1.5600402,-36.140224,-77.992775,0.14227338,-7.541541,6.1369934,7.044805,6.987559
406,-11.99245834350586,-23.173978805541992,62.11739730834961,-6.732012592398843,-3.99325738838875,-7.960919063963876,-39.208313,43.927834,-15.638942,81.11115,-19.58348,-15.000033,-24.497034,-23.109156,8.601261,49.101902,-19.064058,15.000033,-9.198539,7.620546,29.793802,-0.19217873,8.801181,-36.922142,-52.198235,22.038342,3.4019177,1.773579,-35.879307,-72.683266,-0.1254712,-10.376849,6.7724714,6.858306,6.513022
407,-11.941842079162598,-23.393041610717773,62.04893493652344,-7.046680713712763,-4.483665853061929,-8.450558163811294,-39.13907,45.764088,-14.14317,81.75255,-20.273766,-15.000033,-24.262121,-22.273338,8.792625,49.547455,-19.447014,15.000033,-9.345681,7.527198,29.793802,-2.2647598,7.3598237,-37.11716,-50.67585,22.309027,3.4987733,1.929088,-35.042915,-66.84326,-0.7565735,-13.391723,7.105924,6.651747,6.1987777
408,-11.897357940673828,-23.568952560424805,62.01149368286133,-7.418436371392867,-4.929236395628058,-8.84493855924065,-39.144848,47.68703,-12.69933,82.36353,-20.890656,-15.000033,-23.914448,-21.485502,8.82432,49.800808,-19.692812,15.000033,-9.54156,7.376601,29.793802,-4.5778403,6.033868,-37.082073,-48.989395,22.461767,3.5728137,2.0525203,-34.045727,-60.81106,-1.3644464,-16.509491,7.0878315,6.3892827,6.2580724
409,-11.829859733581543,-23.70768928527832,62.0046501159668,-7.913128265225138,-5.327394379029564,-9.166296922928577,-39.34144,49.900204,-11.322311,83.02576,-21.490894,-15.000033,-23.46495,-20.662724,8.6696,49.8835,-19.805557,15.000033,-9.723621,7.377433,29.793802,-7.1515718,4.8433857,-36.926826,-47.214787,22.441433,3.6145906,2.153257,-32.87509,-54.81612,-1.7945119,-19.764107,6.7548294,6.0717807,6.898173
410,-11.73126220703125,-23.815767288208008,62.02914047241211,-8.453518862066328,-5.722098651383045,-9.475416734014868,-39.521194,52.438923,-9.783491,83.75748,-22.206005,-15.000033,-22.922932,-19.831057,8.454094,49.80157,-19.804796,15.000033,-9.7855015,7.538313,29.793802,-10.034074,3.781099,-36.789837,-45.390747,22.304712,3.6517625,2.2529771,-31.46096,-48.910152,-2.0157778,-23.140102,6.2941995,5.7191424,7.940185
411,-11.659286499023438,-23.830860137939453,62.12968063354492,-8.456808353915868,-5.778340582866235,-9.253264048880414,-39.911236,54.481216,-7.043367,84.54824,-23.021414,-11.546984,-22.48131,-19.99678,8.164144,49.469894,-19.648893,15.000033,-10.33585,7.231307,29.793802,-13.134185,2.8852525,-36.51566,-43.761406,22.135565,3.6810837,2.3379812,-30.034525,-43.19824,-2.118384,-26.763023,5.921305,5.344264,9.033345
412,-11.590392112731934,-23.768972396850586,62.26446533203125,-8.428449672476289,-5.802455869283057,-8.924561805263806,-39.912945,55.97088,-4.5507855,85.0264,-23.71695,-8.94133,-21.904215,-20.314873,7.7821474,48.878567,-19.329529,15.000033,-10.90607,6.8619757,29.793802,-16.133001,2.117246,-36.196236,-42.178955,21.895065,3.7179246,2.4757993,-28.647005,-37.783928,-2.0763927,-30.277185,5.891706,4.941683,9.858268
413,-11.523630142211914,-23.64556121826172,62.43555450439453,-8.498838646722973,-5.856048727463364,-8.52830766581067,-39.56844,56.962418,-2.5778866,85.02167,-24.10489,-7.7803135,-21.092966,-20.614906,7.240264,47.994457,-18.855583,15.000033,-11.435082,6.5657144,29.793802,-18.925203,1.3913932,-35.960056,-40.615036,21.630138,3.7682974,2.7104776,-27.287518,-32.73354,-1.8878725,-33.553673,6.4624906,4.495134,10.339206
414,-11.449910163879395,-23.47077178955078,62.64203643798828,-8.6406007120701,-5.911079427928994,-8.045853042129984,-39.073135,57.606754,-0.9747881,84.669426,-24.211002,-7.5333233,-20.085625,-20.933823,6.537699,46.848583,-18.227865,15.000033,-11.866655,6.425923,29.793802,-21.956818,0.7265853,-35.5544,-38.86283,20.98869,3.8185635,2.9700131,-25.831596,-28.083412,-1.6100926,-36.683662,7.495123,4.0217032,10.642847
415,-11.375057220458984,-23.246530532836914,62.87689971923828,-8.770992762902962,-5.950733637837248,-7.570508272084276,-38.502327,57.813457,0.17886548,84.14475,-23.975548,-8.076799,-18.999231,-21.28009,5.8280025,45.490723,-17.433054,15.000033,-12.223634,6.3196936,29.793802,-24.839933,0.070945755,-35.236298,-37.169075,20.44769,3.8659043,3.2476275,-24.452295,-23.834986,-1.2001445,-39.625355,8.6671,3.5654085,10.783382
416,-11.291472434997559,-22.9804630279541,63.14844512939453,-8.813944408815898,-5.976604837492454,-7.1938560931067395,-37.908066,57.501606,0.7874869,83.62415,-23.373962,-9.289677,-17.94092,-21.685575,5.231016,43.96845,-16.426962,15.000033,-12.453204,6.166339,29.793802,-27.608715,-0.5730674,-34.908005,-35.51052,20.046303,3.9026272,3.4788368,-23.259884,-20.006073,-0.7191501,-42.355095,9.636363,3.1683831,10.783987
417,-11.202286720275879,-22.668201446533203,63.45068359375,-8.75416447349214,-5.990761007408164,-6.904644092508754,-37.276817,56.51876,0.6692896,83.083496,-22.38218,-11.503706,-16.865234,-22.160719,4.749508,42.21426,-15.232909,15.000033,-12.560841,5.9599705,29.793802,-30.231339,-1.2059437,-34.546997,-33.906273,19.820457,3.935497,3.6446836,-22.259474,-16.60164,-0.13935933,-44.883354,10.496968,2.7922564,10.469925
418,-11.116942405700684,-22.304344177246094,63.77582550048828,-8.584737776700162,-5.962836563677,-6.616769700100229,-36.626747,54.85283,-0.07935043,82.46504,-21.099545,-14.643126,-15.7512245,-22.769533,4.298452,40.229584,-13.867036,15.000033,-12.62489,5.701394,29.793802,-32.765614,-1.8261818,-34.15075,-32.348373,19.70502,3.9663444,3.766572,-21.425531,-13.624399,0.5007272,-47.217148,11.371685,2.4208417,9.869789
419,-11.077178955078125,-21.847169876098633,64.1604995727539,-7.8994931281843055,-5.620126863455976,-5.994138895152418,-36.324123,52.483067,-0.18446682,81.97718,-19.693562,-15.000033,-14.863562,-24.202263,3.7764745,38.13516,-12.237446,15.000033,-13.000567,5.02169,29.793802,-35.404266,-2.3746266,-33.73935,-30.970968,19.726532,3.9892414,3.8419833,-20.732119,-11.09857,1.0216471,-49.68125,11.930058,2.1464088,9.294656
420,-11.047712326049805,-21.341951370239258,64.56381225585938,-7.174568756669924,-5.33953853584688,-5.604371665399449,-35.96565,50.17516,-0.3004398,81.592445,-18.184175,-15.000033,-14.134285,-25.58514,3.4327667,36.090443,-10.303271,15.000033,-13.189905,4.3191686,29.793802,-37.918297,-2.8638663,-33.36481,-29.650826,19.76861,3.985674,3.9279194,-20.370457,-9.003965,1.322027,-51.743893,11.926694,2.0562415,9.036035
421,-11.008408546447754,-20.810102462768555,64.99217224121094,-6.404346256565338,-5.128218339955293,-5.478519554824809,-35.568886,47.89437,-0.52367663,81.38547,-16.453884,-15.000033,-13.585677,-26.929789,3.3029008,34.09756,-8.011456,15.000033,-13.176493,3.5572124,29.793802,-40.331753,-3.2922046,-33.014545,-28.371761,19.854767,3.948153,4.007294,-20.390879,-7.3504376,1.2399836,-53.446754,10.927724,2.2921238,9.323174
422,-10.9774751663208,-20.252649307250977,65.43863677978516,-5.52160604468878,-4.865736260562858,-5.544760525730745,-35.208694,45.45774,-0.8306189,81.29257,-14.524227,-15.000033,-13.303429,-28.34499,3.3663776,32.10866,-5.4000278,15.000033,-13.049064,2.6979823,29.444336,-42.43915,-3.6832147,-32.664146,-27.084202,19.95465,3.873105,4.0860825,-20.83121,-6.1138525,0.8623125,-54.506744,9.223005,2.7373219,9.923259
423,-10.96379280090332,-19.66363525390625,65.89410400390625,-4.592602833528487,-4.594083095601412,-5.764785763951281,-34.80346,42.938793,-1.2032255,81.15507,-12.64791,-15.000033,-13.246129,-29.752165,3.5885017,30.179066,-2.576685,15.000033,-12.849285,1.8302864,28.987936,-44.339314,-4.0492554,-32.305824,-25.847923,20.064053,3.77388,4.1769524,-21.565468,-5.229023,0.35235858,-55.078835,7.5308876,3.1452153,10.474292
424,-10.963719367980957,-19.036741256713867,66.35116577148438,-3.691905494076686,-4.356303167372017,-6.11259139333935,-34.271656,40.415424,-1.6640382,80.82186,-11.073708,-15.000033,-13.370267,-31.067024,3.938418,28.371946,0.34786072,15.000033,-12.589056,1.050966,28.64625,-46.113987,-4.377771,-31.953371,-24.732052,20.157438,3.6674373,4.30699,-22.454487,-4.6151648,-0.10050688,-55.305943,6.571323,3.3053758,10.595843
425,-10.963866233825684,-18.379344940185547,66.80601501464844,-2.7989360408432593,-4.1831624464542605,-6.577574948865395,-33.582584,37.526535,-2.4822567,80.29779,-9.755752,-15.000033,-13.632623,-32.231674,4.7990065,26.627165,3.575708,15.000033,-12.288604,0.29873124,28.448082,-47.83258,-4.64398,-31.572168,-23.678904,20.283195,3.5532851,4.4334064,-23.637314,-4.2608256,-0.5446414,-55.013123,6.759511,3.1409283,10.196037
426,-10.958982467651367,-17.70526885986328,67.25088500976562,-1.8982096783797282,-4.081873798042913,-7.194044618567699,-32.690598,34.355724,-3.590038,79.64774,-8.651759,-15.000033,-14.042945,-33.307438,6.092424,24.940304,7.0830913,15.000033,-11.915299,-0.45601872,28.390837,-49.470856,-4.8196726,-31.173477,-22.715567,20.443872,3.4296072,4.5594335,-25.081585,-4.172419,-1.0174487,-54.30016,7.5870233,2.7749867,9.486249
427,-10.957947731018066,-17.018938064575195,67.67373657226562,-1.0875494294827073,-3.9937044133739397,-7.990065372346606,-31.647816,31.648531,-4.5917826,78.83035,-7.928538,-15.000033,-14.710527,-34.34056,7.109337,23.49403,10.397999,15.000033,-11.449854,-1.0971062,28.421661,-50.86996,-4.8937144,-30.822477,-21.93727,20.530212,3.3055997,4.787384,-26.559917,-4.243889,-1.3902763,-53.3937,8.496515,2.316083,8.571517
428,-10.976668357849121,-16.316709518432617,68.05331420898438,-0.46790288674119956,-3.82869667026559,-8.954602124893073,-30.628046,30.13414,-5.114935,77.81547,-7.6444983,-15.000033,-15.759259,-35.3605,7.090932,22.485998,13.032122,15.000033,-10.892788,-1.4766177,28.448013,-51.967957,-4.959165,-30.522837,-21.328415,20.433159,3.1799307,5.1912656,-27.910604,-4.4031715,-1.5670007,-52.448444,8.944311,1.8915043,7.5340357
429,-10.995890617370605,-15.615924835205078,68.38526916503906,-0.10090893002094004,-3.529940686020316,-10.078768596280025,-29.811743,30.262907,-4.8846817,76.65124,-7.8734746,-15.000033,-17.232437,-36.434643,5.528847,21.889141,14.854018,15.000033,-10.262043,-1.5986886,28.420301,-52.743694,-4.9876785,-30.33581,-20.826483,20.05394,3.0702786,5.898384,-29.137272,-4.5333467,-1.5201461,-51.423634,8.671862,1.5294398,6.306458
430,-11.015695571899414,-14.911219596862793,68.67487335205078,0.08926244399883315,-3.1614652393620424,-11.321300211138944,-29.072323,31.508665,-4.10974,75.34269,-8.493581,-15.000033,-18.944523,-37.56022,2.8605146,21.636658,16.046635,15.000033,-9.595604,-1.5772631,28.380646,-53.30318,-4.984238,-30.212482,-20.355402,19.47971,2.9609709,6.82039,-30.343086,-4.6449747,-1.3439479,-50.225986,8.022313,1.1881119,4.9074025
431,-11.016653060913086,-14.235001564025879,68.89468383789062,0.21207462245961153,-2.7948176064565824,-12.614253915723383,-28.175398,33.12707,-3.1321063,73.80059,-9.230269,-15.000033,-20.698257,-38.671997,-0.24593471,21.848495,16.62504,15.000033,-8.8631,-1.4660279,28.375519,-53.617516,-4.978951,-30.203918,-20.052744,18.893606,2.8297007,7.786672,-31.267508,-4.649094,-0.9837731,-49.196884,7.1339245,0.89456254,3.5728898
432,-10.993592262268066,-13.599930763244629,69.05520629882812,0.3607532523960928,-2.4679404943950973,-13.900232472242678,-26.976519,34.400932,-2.3661635,71.93077,-9.784909,-15.000033,-22.421352,-39.6956,-3.085628,22.643604,16.675455,15.000033,-8.219023,-1.3854097,28.37486,-53.711555,-4.94793,-30.127813,-19.928736,18.487555,2.6491761,8.562546,-31.893211,-4.500714,-0.45593703,-48.39673,6.4022703,0.6545643,2.5755546
433,-10.9679536819458,-12.9594144821167,69.1679458618164,0.4911130114678432,-2.16419055155983,-15.237731310290641,-25.553762,35.35104,-1.971293,69.81167,-10.193852,-15.000033,-24.182707,-40.66093,-5.8612304,24.082418,16.098991,15.000033,-7.4898057,-1.2958013,28.411371,-53.583336,-4.9138637,-30.165997,-20.010395,18.403559,2.4403946,9.125638,-32.029556,-4.0887017,0.14810106,-48.0509,5.7186832,0.53530276,2.15476
434,-10.940278053283691,-12.280632972717285,69.24668884277344,0.5610990713282843,-1.8722173212544941,-16.61522860023375,-23.980268,36.311596,-1.6893678,67.473045,-10.591803,-15.000033,-25.923948,-41.65894,-8.86136,26.092176,14.873289,15.000033,-6.7380786,-1.1941698,28.466793,-53.26689,-4.881066,-30.272758,-20.19462,18.519926,2.2106671,9.56966,-31.776566,-3.3922985,0.90664387,-48.00491,4.9359856,0.5002248,2.1431425
435,-10.904966354370117,-11.586065292358398,69.28411102294922,0.6694767531153101,-1.5893126169758975,-17.89684397155875,-22.193214,37.017914,-1.4122529,64.73174,-10.78264,-15.000033,-27.599602,-42.641994,-11.397841,28.57418,13.312317,15.000033,-6.098511,-1.1870319,28.48044,-52.767246,-4.8559856,-30.38955,-20.453133,18.627638,1.9472944,9.966151,-31.17927,-2.4631565,1.8714583,-48.18069,4.244205,0.40542927,2.2458835
436,-10.849437713623047,-10.891753196716309,69.27625274658203,0.9347352161912034,-1.2983863653689036,-18.97480513661102,-20.119638,37.151516,-1.0793982,61.3723,-10.545831,-15.000033,-29.324411,-43.50433,-12.684802,31.419655,11.808654,15.000033,-5.667494,-1.3702677,28.38296,-52.074574,-4.8532057,-30.465784,-20.787876,18.514435,1.633995,10.38517,-30.29381,-1.4017982,3.0887656,-48.48767,3.8437736,0.11498919,2.14397
437,-10.776508331298828,-10.19304370880127,69.22354125976562,1.3896634829155439,-0.9557913985871912,-19.87344224584027,-17.686739,36.48787,-0.90711385,56.995,-9.335285,-15.000033,-31.404303,-43.95496,-12.114499,34.752876,10.705429,15.000033,-5.4042263,-1.7066786,28.148184,-51.17213,-4.8994803,-30.496761,-21.240936,18.010435,1.2123777,10.851607,-28.994352,-0.25114045,4.7409043,-48.990963,3.8703742,-0.5234252,1.6313256
438,-10.67032527923584,-9.493441581726074,69.11056518554688,1.9722232071400931,-0.578082576647872,-20.70235789868707,-14.919653,35.195927,-0.9679984,51.770004,-7.401357,-15.000033,-33.833385,-43.937496,-10.200033,38.56644,9.779212,15.000033,-5.2104235,-2.1458538,27.814297,-50.073154,-5.0049267,-30.50861,-21.797886,17.268644,0.7017105,11.316938,-27.290956,0.9673243,6.7675905,-49.692234,4.2006674,-1.4051031,0.9081133
439,-10.516114234924316,-8.795982360839844,68.91297149658203,2.6670931399627555,-0.24443339948670817,-21.479174777743534,-11.893126,33.513577,-1.0429885,46.3161,-5.689901,-15.000033,-36.2866,-43.70328,-7.7741714,42.535885,8.606714,15.000033,-5.0877213,-2.7428913,27.413597,-48.788734,-5.1595354,-30.503595,-22.418997,16.552732,0.20406625,11.746531,-25.499582,2.163914,8.820324,-50.366302,4.6598926,-2.2696235,0.23992749
440,-10.322802543640137,-8.09439754486084,68.61389923095703,3.474989091718593,-0.027467757276922633,-22.175446744419396,-8.732557,31.63948,-0.9213329,41.245136,-5.142151,-15.000033,-38.45988,-43.657158,-5.5488725,46.321262,6.809788,15.000033,-5.0325994,-3.4872386,27.001036,-47.294716,-5.3652544,-30.517622,-23.170177,16.108118,-0.17332229,12.118838,-23.765497,3.3067136,10.817908,-50.976437,4.7815623,-2.8519084,-0.19520845
441,-10.068792343139648,-7.387674808502197,68.23789978027344,4.511715454044873,0.02582792707119429,-22.6671237120516,-5.2626967,29.304146,-0.7778239,36.38763,-6.289475,-15.000033,-40.28224,-44.021156,-3.3542728,50.1214,3.8749557,15.000033,-5.259804,-4.5930347,26.466639,-45.48795,-5.607533,-30.477245,-24.020592,16.060482,-0.35493025,12.508087,-22.448242,4.185859,11.938356,-51.157475,5.453626,-3.0241303,-0.29334602
442,-9.769911766052246,-6.69107723236084,67.82666015625,5.7068164348302,-0.06659903992959494,-23.026173274903552,-1.4439998,26.47319,-0.97041357,31.37581,-8.529979,-15.000033,-41.888763,-44.49702,-0.92296267,54.02699,0.21194452,15.000033,-5.5579133,-5.7826676,25.93341,-43.363785,-5.9493637,-30.499481,-25.154057,16.229153,-0.40858173,12.921088,-20.90353,4.9111876,13.110199,-51.527813,5.9351063,-2.9563248,-0.3435241
443,-9.46462631225586,-6.079794406890869,67.38235473632812,6.8095451815669295,-0.23746637580215674,-23.440562772774612,2.3068542,23.737787,-1.3288546,26.608343,-11.12446,-15.000033,-43.353283,-44.92719,1.2741846,57.53992,-3.198631,15.000033,-5.7982693,-6.9234657,25.43904,-41.237194,-6.342352,-30.512554,-26.254606,16.493105,-0.44372278,13.178956,-19.71106,5.401309,13.860399,-51.690784,6.493074,-2.7695882,-0.17872104
444,-9.226991653442383,-5.55415153503418,66.95378875732422,7.609728430283218,-0.37218958392384194,-24.04408627740023,5.485296,21.703423,-1.2989519,22.593636,-13.286625,-15.000033,-44.78099,-45.254986,2.8040948,60.14322,-5.457707,15.000033,-5.8021784,-7.7747765,25.076546,-39.32174,-6.728296,-30.554417,-27.247494,16.700151,-0.5713333,13.12147,-18.99495,5.663111,14.4198265,-51.691452,6.672549,-2.6059272,0.22251013
445,-9.078388214111328,-5.107189178466797,66.57071685791016,8.113598776380051,-0.4894372673961991,-24.87503672371296,7.966523,20.545023,-0.04037156,19.610561,-14.920464,-15.000033,-46.211155,-45.80936,3.3605816,61.56454,-6.328144,15.000033,-5.579848,-8.421317,24.864136,-37.52949,-7.0458145,-30.611288,-28.205751,16.749752,-0.8814611,12.653474,-19.037851,5.6552706,14.599364,-51.38654,6.380221,-2.4556165,1.1328619
446,-8.979387283325195,-4.706055641174316,66.25452423095703,8.462846962243677,-0.6273132206917025,-25.830608219606198,9.954521,19.864487,2.2732472,17.464823,-16.388475,-15.000033,-47.585026,-46.640987,3.2676814,62.119556,-6.365681,15.000033,-5.23581,-8.965823,24.783329,-35.721004,-7.275542,-30.69592,-29.266106,16.720356,-1.2922337,11.884348,-19.589045,5.3792343,14.503281,-50.92281,5.7412095,-2.2799575,2.4207697
447,-8.923303604125977,-4.3084611892700195,66.03125762939453,8.715554921350316,-0.6859923601499943,-26.835201407270013,11.403399,19.393837,4.9039903,16.02707,-17.544977,-15.000033,-48.926785,-47.295197,3.1281052,62.156384,-5.8584967,15.000033,-4.813317,-9.360292,24.79,-34.06015,-7.387976,-30.791325,-30.329569,16.745213,-1.6598455,10.946276,-20.295826,4.8732424,14.359538,-50.45742,5.0991616,-2.1548877,3.5937197
448,-8.918534278869629,-3.8987762928009033,65.93519592285156,8.928798573192312,-0.5352241259813002,-27.79916165729952,12.2515955,18.926958,6.975756,15.132681,-18.29197,-15.000033,-50.322174,-47.315872,3.5689366,62.014076,-5.0344253,15.000033,-4.373378,-9.562152,24.798262,-32.699947,-7.346312,-30.880243,-31.295795,16.96474,-1.8446242,9.974078,-20.821177,4.2105913,14.402034,-50.130222,4.7758074,-2.1325204,4.156219
449,-8.987954139709473,-3.534487724304199,65.97537231445312,9.158967068211599,-0.07314367503673345,-28.67365833851479,12.310211,18.421284,8.218607,14.89538,-18.562263,-15.000033,-51.917202,-46.64019,4.751209,61.715347,-3.6950083,15.000033,-3.9319544,-9.615377,24.76729,-31.618261,-7.0931754,-30.981462,-32.18225,17.402945,-1.8722113,9.0159445,-21.263174,3.4231248,14.649606,-49.861267,4.8989506,-2.2572181,3.8360965
450,-9.099101066589355,-3.2458555698394775,66.10051727294922,9.382975439085154,0.6080101005633063,-29.521282638278716,11.668539,18.014431,9.135373,15.441826,-18.475718,-15.000033,-53.59858,-45.49608,6.310589,61.10329,-1.780201,15.000033,-3.4790835,-9.577533,24.738764,-30.699282,-6.5929275,-31.096214,-33.077076,17.983992,-1.8005065,8.001248,-21.79179,2.5173798,15.005088,-49.562946,5.285324,-2.487861,2.9568903
451,-9.219635009765625,-3.0430378913879395,66.27678680419922,9.527808918062329,1.3655100755881062,-30.396259507493404,10.6818495,17.799755,9.934666,16.55197,-18.194715,-15.000033,-55.068165,-43.884254,8.082049,60.244377,0.29190952,15.000033,-3.042529,-9.4166355,24.728138,-29.984283,-5.8589945,-31.181025,-33.959637,18.712748,-1.5447097,6.883826,-22.164856,1.5604486,15.531166,-49.373814,5.7377954,-2.7366266,1.9173565
452,-9.34318733215332,-2.8955001831054688,66.4949951171875,9.515314527925119,2.052006004043674,-31.356016807110183,9.69627,17.883215,10.836063,18.002516,-17.851696,-15.000033,-56.036373,-41.811787,9.937084,59.20264,2.0928767,15.000033,-2.6526847,-9.10818,24.735828,-29.56437,-4.9301643,-31.146381,-34.744682,19.60268,-1.0246416,5.604387,-22.183176,0.63600844,16.222818,-49.380108,6.098858,-2.9017766,1.1386437
453,-9.46367073059082,-2.800611734390259,66.74163055419922,9.295559961202654,2.641901788001657,-32.39464825760222,8.679609,18.375418,11.837954,19.914593,-17.422941,-15.000033,-56.386677,-39.2471,11.8779745,58.01687,3.5336013,15.000033,-2.3118443,-8.607763,24.749401,-29.358105,-3.8343267,-30.936237,-35.348484,20.774315,-0.12592594,4.02087,-21.850908,-0.2103198,17.012115,-49.52753,6.467569,-2.9488888,0.6979221
454,-9.58515739440918,-2.768678665161133,67.01116180419922,8.880272754758382,3.1799219078498426,-33.45910496224509,7.5307927,19.259459,12.778696,22.292551,-16.826635,-15.000033,-56.185955,-36.252937,13.932223,56.64895,4.7822666,15.000033,-2.0327134,-7.907634,24.775896,-29.413586,-2.5793066,-30.590353,-35.774044,22.22165,1.0485758,2.1813507,-21.265606,-0.9510051,17.9617,-49.75821,6.787152,-2.9312105,0.3999701
455,-9.683575630187988,-2.780048131942749,67.2843017578125,8.30764996588322,3.6178092217532765,-34.54891365220059,6.487589,20.41309,13.65442,24.758287,-16.131617,-15.000033,-55.47087,-32.974636,16.116184,55.048256,5.792102,15.000033,-1.8938864,-7.106042,24.819126,-30.012482,-1.1678003,-30.12832,-36.016495,23.770979,2.2636359,0.31302798,-20.532581,-1.5913717,19.002695,-50.012554,6.9640236,-2.857579,0.29996988
456,-9.753287315368652,-2.845130205154419,67.55033874511719,7.645254105056218,3.910768445021997,-35.67368848796456,5.7741275,21.667625,14.498732,26.969444,-15.420737,-15.000033,-54.30525,-29.55325,18.502636,53.15667,6.531356,15.000033,-1.9463336,-6.3268414,24.897675,-31.416218,0.39089265,-29.621464,-36.08402,25.229948,3.3094962,-1.3344812,-19.717764,-2.148845,20.08461,-50.276237,6.8850293,-2.7395825,0.44247556
457,-9.797831535339355,-2.943648099899292,67.8060302734375,6.872471449122626,4.001988570108031,-36.85504460130095,5.474698,23.03915,15.35785,28.914696,-14.678149,-15.000033,-52.412613,-25.656704,21.587515,50.742176,6.852813,15.000033,-2.1808898,-5.522635,25.070663,-33.67457,2.0691707,-29.008,-36.12839,26.696623,4.176666,-2.7761004,-18.700485,-2.6081047,21.217104,-50.60062,6.2391586,-2.5220194,0.9612874
458,-9.799745559692383,-3.066807985305786,68.04766082763672,6.01886919599023,3.8662372500708644,-38.025450806449676,5.514312,24.52009,16.161556,30.715557,-13.8498745,-15.000033,-49.770004,-21.510359,25.45348,47.9385,6.686163,15.000033,-2.6193504,-4.709071,25.371367,-36.679646,3.8489032,-28.353006,-36.047443,28.21884,4.9665856,-4.1131196,-17.473202,-2.9553797,22.450808,-50.98599,5.1359773,-2.2321749,1.7947725
459,-9.7681884765625,-3.1902174949645996,68.25635528564453,5.230921350384803,3.5877278259698606,-39.13507431118615,5.807337,25.892786,16.86042,32.315987,-13.072624,-15.000033,-46.97871,-17.920862,29.404383,45.220383,6.2195554,15.000033,-3.2763953,-4.124918,25.718363,-40.445663,5.7486367,-27.958097,-35.491413,29.49741,5.6741834,-5.201423,-16.2988,-3.248096,23.703314,-51.34501,4.1997085,-1.9910495,2.6916792
460,-9.709596633911133,-3.306500196456909,68.42222595214844,4.5897473069662755,3.3309013316225915,-40.22015760135969,6.196571,27.029463,17.466833,33.71388,-12.496271,-15.000033,-44.82716,-15.427077,32.402584,42.97899,5.966629,15.000033,-4.065292,-3.935309,25.991137,-44.98363,7.7962184,-28.167599,-34.187027,30.208477,6.311716,-5.8743587,-15.3667755,-3.57722,24.935396,-51.69027,4.010853,-1.8985093,3.372404
461,-9.660067558288574,-3.4249181747436523,68.5228500366211,4.073226181941481,3.207488583286396,-41.423040449798705,6.6464014,27.946724,18.096163,34.90224,-12.163182,-15.000033,-43.77686,-14.087425,33.750526,41.237644,6.4573555,15.000033,-4.851256,-4.1196675,26.115181,-50.530506,10.005769,-29.070766,-32.32822,30.061382,6.9242415,-5.969128,-14.551408,-3.993079,26.255722,-52.170464,4.920834,-1.996725,3.601661
462,-9.608190536499023,-3.5510551929473877,68.55814361572266,3.614925043573014,3.1625112481389372,-42.74630336266323,7.192607,28.744186,18.773977,35.92628,-12.009333,-15.000033,-43.429676,-13.406473,33.89663,39.760754,7.4402056,15.000033,-5.705183,-4.5881186,26.166409,-56.947548,12.3466425,-30.589636,-30.163906,29.247486,7.5053024,-5.5750213,-13.816739,-4.5121408,27.697838,-52.80968,6.563585,-2.223147,3.5617182
463,-9.557849884033203,-3.6957669258117676,68.5303955078125,3.187956918980881,3.123875491538697,-44.03490697638542,7.7696404,29.482052,19.389187,36.87399,-12.019323,-15.000033,-43.30016,-12.97819,33.436516,38.536568,8.230342,15.000033,-6.841565,-5.33302,26.226244,-63.683956,14.755468,-32.783012,-27.54157,28.164984,7.9913807,-4.9161425,-13.503712,-5.187785,29.0753,-53.414394,8.486651,-2.4982162,3.5924628
464,-9.51158332824707,-3.8678386211395264,68.44117736816406,2.7661924296248794,3.0224001733978,-45.12734284566457,8.308879,30.22221,19.82163,37.825405,-12.174166,-15.000033,-42.93982,-12.464692,33.01885,37.539524,8.193738,15.000033,-8.442396,-6.3039403,26.356728,-70.2191,17.148426,-35.667484,-24.279627,27.225163,8.318716,-4.240563,-13.895222,-6.091993,30.179152,-53.819824,10.241107,-2.7234907,4.018478
465,-9.458945274353027,-4.055797100067139,68.2942123413086,2.3377711209673504,2.8361682189286617,-46.005914552241606,8.814637,30.986887,20.032959,38.811016,-12.49126,-15.000033,-42.22393,-11.817683,32.765064,36.723892,7.006215,15.000033,-10.555854,-7.5112133,26.53266,-76.78599,19.482693,-39.357845,-20.309639,26.43615,8.549799,-3.7861226,-14.934428,-7.2979584,30.952715,-54.17093,11.73664,-2.8343809,5.067288
466,-9.404647827148438,-4.259697437286377,68.08716583251953,1.916999370138567,2.611893808429503,-46.74885446896872,9.300825,31.744146,20.092607,39.78609,-12.969135,-15.000033,-41.427887,-11.232186,32.346836,36.111855,5.072961,15.000033,-13.102084,-8.858911,26.662128,-83.455215,21.720434,-43.71771,-15.975815,25.632452,8.657917,-3.4025493,-16.48687,-8.836533,31.536146,-54.500145,13.206011,-2.8689432,6.493599
467,-9.358953475952148,-4.464332103729248,67.82999420166016,1.519952655946019,2.385095376782513,-47.336240291982236,9.712832,32.47616,20.043135,40.71679,-13.553024,-15.000033,-40.738136,-10.741949,31.77802,35.78698,2.8850553,15.000033,-15.986572,-10.138348,26.693974,-89.61239,23.807405,-48.339245,-11.458581,24.981121,8.460049,-2.777768,-18.647676,-10.702612,31.974234,-54.50374,14.695249,-2.8867908,7.9148145
468,-9.333220481872559,-4.668861389160156,67.53857421875,1.1645097080736635,2.1867374374200845,-47.74540456637496,10.001007,33.162262,19.922234,41.571934,-14.193617,-15.000033,-40.3221,-10.371074,31.090534,35.83747,0.9226713,15.000033,-19.046364,-11.186732,26.620098,-94.748924,25.705902,-52.8616,-6.6947684,24.675646,7.790367,-1.598015,-21.46148,-12.864011,32.29033,-53.933502,16.242739,-2.9711766,8.959931
469,-9.32198715209961,-4.871524810791016,67.21539306640625,0.8651685881450546,2.042601533052624,-47.936522350056045,10.1083355,33.792473,19.730095,42.355324,-14.89502,-15.000033,-40.267754,-10.159898,30.211811,36.345417,-0.7782629,15.000033,-22.373886,-12.074552,26.445826,-98.98348,27.431011,-57.880196,-0.59897435,24.966496,6.369458,0.48734567,-25.079277,-15.317125,32.35083,-52.74901,18.009293,-3.1886723,9.618758
470,-9.320319175720215,-5.045329570770264,66.86619567871094,0.6153988499359977,1.92852972974899,-47.92908066041148,10.072108,34.36918,19.442999,43.08777,-15.682159,-15.000033,-40.473354,-10.081671,29.160519,37.257416,-2.4490628,15.000033,-25.912971,-12.862759,26.16038,-102.701,29.009216,-63.43111,6.6659503,25.805174,4.4152403,3.2388568,-29.352718,-18.066534,32.25405,-51.13803,19.916096,-3.498469,10.0702
471,-9.32401180267334,-5.2073774337768555,66.49246978759766,0.3984837985472494,1.8008011775257147,-47.790520979099675,9.985597,34.89893,19.06642,43.761703,-16.531393,-15.000033,-40.808132,-10.060565,28.125984,38.45338,-4.0271525,15.000033,-29.279888,-13.450116,25.824959,-105.79277,30.434225,-68.31234,13.444337,26.849266,2.5184095,6.0837464,-33.922928,-21.071272,32.35764,-49.236683,21.668905,-3.853326,10.22926
472,-9.35018253326416,-5.34075403213501,66.10672760009766,0.19251579274312391,1.6176273059206796,-47.590749529574936,9.942232,35.391735,18.604124,44.366817,-17.423222,-15.000033,-41.137383,-10.018117,27.287018,39.79953,-5.440295,15.000033,-32.12587,-13.757778,25.550077,-108.027374,31.681803,-71.217064,18.159489,27.627766,1.2024305,8.403079,-38.51936,-24.251028,33.011265,-47.155014,22.98523,-4.2141886,10.007238
473,-9.381064414978027,-5.483649730682373,65.70421600341797,-0.026229705486299864,1.3725622542122393,-47.30536499283322,9.940128,35.85144,17.961508,44.86888,-18.39298,-15.000033,-41.44324,-9.9298115,26.690569,41.327892,-6.652315,15.000033,-34.4286,-13.776043,25.435541,-109.28414,32.740913,-71.741875,20.77601,27.957418,0.4990143,10.052857,-43.391136,-27.530188,34.330765,-44.89781,24.06623,-4.5781,9.192064
474,-9.411483764648438,-5.638400554656982,65.29310607910156,-0.24499916651676978,1.089218064164162,-46.91506792656459,9.937546,36.275032,17.169628,45.283318,-19.439339,-15.000033,-41.78192,-9.8280325,26.22615,43.074837,-7.713171,15.000033,-36.34178,-13.596535,25.480825,-109.5976,33.62194,-70.54743,22.186592,28.019274,0.123272285,11.330377,-48.662243,-30.860607,36.24792,-42.461475,24.937038,-4.9893856,7.90826
475,-9.441610336303711,-5.796385765075684,64.88411712646484,-0.43090971943544704,0.7706245663201289,-46.49741896881564,9.965481,36.670986,16.42452,45.676514,-20.479073,-15.000033,-42.131855,-9.726337,25.844837,44.918503,-8.682004,15.000033,-37.822002,-13.3109865,25.647001,-108.916504,34.312805,-67.90159,22.274836,27.820477,0.06808562,12.252606,-54.152832,-34.20068,38.701725,-39.763844,25.261429,-5.4452734,6.570761
476,-9.481104850769043,-5.943170070648193,64.49150085449219,-0.5493875678477826,0.4190536937078125,-46.126784013332156,10.0547695,37.04908,15.92324,46.11397,-21.430296,-15.000033,-42.474594,-9.646132,25.517212,46.738987,-9.605216,15.000033,-38.846554,-12.999266,25.865332,-107.20464,34.783287,-64.068054,20.867006,27.379547,0.33666536,12.843091,-59.641235,-37.521927,41.64604,-36.755516,24.664724,-5.9189053,5.5835905
477,-9.530680656433105,-6.067432880401611,64.11357879638672,-0.5829191630930698,0.021034264322582777,-45.85796321903012,10.304131,37.374863,15.758348,46.549248,-22.303791,-15.000033,-42.84458,-9.577034,25.276,48.579838,-10.466571,15.000033,-39.3842,-12.682493,26.103197,-104.37082,34.946857,-58.536446,17.380383,26.47221,1.1014024,13.1416445,-65.334274,-40.816,45.11295,-33.50457,22.806488,-6.3422575,5.1518965
478,-9.589469909667969,-6.179534435272217,63.75846862792969,-0.5519043273414673,-0.4199924336249358,-45.638628440180014,10.669109,37.657413,15.810562,46.967907,-23.13334,-15.000033,-43.23327,-9.520261,25.128426,50.469563,-11.240261,15.000033,-39.489464,-12.32411,26.39216,-100.53701,34.694866,-51.391735,11.982917,25.104046,2.3087654,13.18338,-71.42627,-44.058228,49.214195,-30.128714,20.017347,-6.734494,5.01798
479,-9.648859024047852,-6.286854267120361,63.42664337158203,-0.4766825503829643,-0.8759672168085307,-45.38126817869957,10.962415,37.970997,15.955786,47.485676,-23.8644,-15.000033,-43.568954,-9.5252285,25.020813,52.284473,-11.96203,15.000033,-39.27737,-11.95767,26.755917,-96.04015,33.938175,-43.868057,5.6694236,23.649616,3.6426768,12.980325,-77.55019,-47.174736,53.91697,-26.639585,16.815588,-7.190628,4.891614
480,-9.720276832580566,-6.3947224617004395,63.12531661987305,-0.3784428112708594,-1.321211111741396,-44.99963939951218,10.998808,38.379997,16.059725,48.218403,-24.453629,-15.000033,-43.786285,-9.65251,24.886614,53.898724,-12.656511,15.000033,-38.887478,-11.677669,27.195454,-91.193375,32.61856,-37.241734,-0.4356751,22.528442,4.793448,12.507547,-83.31731,-50.08603,59.04479,-22.940338,13.746994,-7.766771,4.50845
481,-9.815674781799316,-6.493729591369629,62.85923767089844,-0.2752905656258216,-1.774499917031935,-44.49080782832743,10.820584,38.942757,16.206972,49.16131,-24.910309,-15.000033,-43.834805,-9.887152,24.735746,55.280025,-13.349386,15.000033,-38.36012,-11.574497,27.685366,-85.76421,30.618513,-31.636925,-6.3573375,21.93233,5.782485,11.61196,-88.63019,-52.763977,64.73359,-18.902897,10.4665365,-8.547574,3.6146243
482,-9.936498641967773,-6.576046466827393,62.61635971069336,-0.15323137288664943,-2.2436939443486787,-43.896197282862154,10.50029,39.602287,16.420692,50.263866,-25.255442,-15.000033,-43.769615,-10.219015,24.5987,56.502365,-14.015754,15.000033,-37.615337,-11.653424,28.186213,-79.921585,27.812998,-26.71267,-12.427252,21.680927,6.7574654,10.420799,-93.756424,-55.20026,70.920204,-14.518382,6.779908,-9.424727,2.3780234
483,-10.086228370666504,-6.651974678039551,62.4023323059082,0.013671424970658264,-2.6884918524576964,-43.19532255406754,9.895216,40.26377,16.492104,51.56056,-25.438862,-15.000033,-43.671455,-10.693865,24.467617,57.60595,-14.635218,15.000033,-36.54565,-11.789075,28.672962,-74.30019,24.274994,-22.843086,-18.034258,21.738495,7.56649,9.203749,-98.626236,-57.376953,77.09272,-9.639976,3.3780918,-10.200894,1.2343107
484,-10.26140022277832,-6.707820415496826,62.20998001098633,0.2522221096912035,-3.0689690504752445,-42.36707042835414,8.851849,40.831066,16.204063,53.091198,-25.410044,-15.000033,-43.62139,-11.354001,24.33016,58.63275,-15.187528,15.000033,-35.092796,-11.806418,29.128973,-69.2456,20.283766,-20.204947,-22.734285,22.035522,8.050369,8.151356,-103.09118,-59.29439,82.72933,-4.050416,1.0281409,-10.752228,0.70544636
485,-10.464577674865723,-6.746267318725586,62.04069900512695,0.5891704867296802,-3.3735547963530834,-41.35438019740705,7.1625576,41.295124,15.379544,55.02528,-25.101181,-15.000033,-43.652626,-12.252329,24.18001,59.6278,-15.680628,15.000033,-33.37685,-11.686578,29.545174,-63.936188,16.137732,-18.822056,-26.98461,22.53231,8.095938,7.26954,-106.994965,-60.966293,87.9414,2.694756,0.45093936,-11.031064,1.433124
486,-10.691771507263184,-6.766814708709717,61.88920593261719,1.0216255677927115,-3.5921271751044266,-40.186740229744665,4.9111943,41.64787,14.157066,57.283863,-24.555754,-15.000033,-43.772022,-13.360047,24.04896,60.560677,-16.114147,15.000033,-31.528332,-11.433106,29.793802,-57.69136,12.018893,-18.507572,-31.301321,23.214718,7.780693,6.402051,-110.31203,-62.382397,92.94561,10.454858,1.0946081,-11.117798,3.0229306
487,-10.930264472961426,-6.761700630187988,61.76224899291992,1.5142963282071569,-3.7144720175795585,-38.97067944727159,2.424865,41.82839,12.814327,59.533833,-23.886745,-15.000033,-43.974663,-14.59059,23.95699,61.348763,-16.460247,15.000033,-29.564425,-10.928775,29.793802,-51.257645,8.112454,-18.916376,-35.21712,23.971003,7.253062,5.458634,-113.16572,-63.53221,97.35204,18.55623,1.9013131,-11.123828,4.468467
488,-11.170304298400879,-6.71690034866333,61.66319274902344,1.9915655786033992,-3.8213981846842233,-37.81369437078227,0.15686606,41.853493,11.649892,61.42974,-23.208145,-15.000033,-44.125,-15.825471,23.87382,61.906296,-16.702452,15.000033,-27.474024,-10.1205845,29.793802,-45.76156,4.6028657,-19.54276,-38.258514,24.697561,6.7026687,4.3679214,-115.924995,-64.45877,100.74357,26.36552,1.8597744,-11.232609,4.7910085
489,-11.401933670043945,-6.649672031402588,61.60007095336914,2.4470321041247773,-3.8803155813657777,-36.65736733724507,-2.0278063,41.74979,10.623617,63.009323,-22.45812,-15.000033,-44.229324,-17.109203,23.752974,62.219456,-16.850906,15.000033,-25.232296,-9.0411415,29.793802,-41.282887,1.6239107,-20.247822,-40.29897,25.283577,6.148333,3.123451,-118.30002,-65.20766,102.99016,34.776566,-0.065973215,-11.57636,3.225742
490,-11.617011070251465,-6.558887004852295,61.5694694519043,2.8979480956079327,-3.9112889538927647,-35.472087369038974,-4.2163963,41.533802,9.646601,64.41119,-21.604359,-15.000033,-44.278965,-18.462473,23.593084,62.33047,-16.915014,15.000033,-22.967665,-7.8125935,29.793802,-37.35394,-0.75237066,-21.091501,-41.622826,25.731285,5.5541778,1.8090577,-120.21294,-65.83301,104.14473,43.79879,-3.0354195,-11.885074,0.48714167
491,-11.811777114868164,-6.429714679718018,61.58494186401367,3.3498518206265424,-3.984650375019581,-34.404131627891225,-6.0050864,41.19934,8.93822,65.47248,-20.803352,-15.000033,-44.225433,-19.764647,23.477045,62.245605,-16.875494,15.000033,-20.831493,-6.4923353,29.793802,-34.170296,-2.532405,-21.838675,-42.448666,26.102085,5.0310917,0.54825246,-121.80545,-66.40304,103.71609,51.513306,-5.4796844,-11.959263,-2.1695123
492,-11.970321655273438,-6.266898155212402,61.65239715576172,3.817129698980783,-4.151593208447801,-33.59866180510976,-7.0239215,40.734287,8.695764,66.03613,-20.222013,-15.000033,-44.053642,-20.907118,23.490444,61.971237,-16.702654,15.000033,-18.893925,-5.1102457,29.793802,-31.961954,-3.781446,-22.30134,-42.97938,26.480364,4.672195,-0.5521655,-123.147705,-66.9759,101.0952,56.103188,-5.912906,-11.891208,-3.5317488
493,-12.087691307067871,-6.069060802459717,61.76213455200195,4.325164390663407,-4.426087991797534,-33.151822611794515,-7.0747247,40.11275,9.048419,65.98151,-19.947569,-15.000033,-43.769505,-21.835596,23.707287,61.48668,-16.382376,15.000033,-16.970547,-3.5095844,29.793802,-30.938818,-4.5258675,-22.390722,-43.070084,26.97517,4.494221,-1.4692061,-124.7157,-67.578766,95.45262,56.93389,-3.072061,-11.879592,-3.219029
494,-12.160405158996582,-5.853567123413086,61.9015998840332,4.866317850843812,-4.7622905487387515,-32.967540035757544,-6.4404,39.345913,9.826655,65.42271,-19.883762,-15.000033,-43.395035,-22.62405,24.066416,60.79728,-15.93315,15.000033,-14.981164,-1.6953229,29.793802,-30.93753,-4.760954,-22.219616,-42.70051,27.540531,4.4468923,-2.2408543,-126.263214,-68.206055,87.10051,55.353645,1.7327291,-11.84688,-2.0203104
495,-12.19457721710205,-5.625988483428955,62.06321716308594,5.4043901227017495,-5.121325499166935,-32.90227711836271,-5.4747157,38.481133,10.778875,64.55106,-19.92176,-15.000033,-42.941074,-23.355133,24.46443,59.94835,-15.374267,15.000033,-13.17674,-0.026604045,29.793802,-31.701359,-4.5002823,-21.864683,-42.15997,28.058767,4.5100045,-2.8902557,-127.27784,-68.85229,78.07072,52.31657,6.723574,-11.595836,-0.5084916
496,-12.203275680541992,-5.396790027618408,62.24256134033203,5.903607851946108,-5.460334844024039,-32.81058930685143,-4.5239296,37.5756,11.669496,63.561756,-19.951809,-15.000033,-42.43008,-24.11134,24.796457,58.98232,-14.722486,15.000033,-11.790269,1.1899601,29.793802,-32.99088,-3.8379202,-21.45239,-41.71773,28.409071,4.667354,-3.446776,-126.89145,-69.54136,69.981064,48.525864,10.071062,-11.041006,0.86278814
497,-12.198017120361328,-5.14641809463501,62.45089340209961,6.387048897743212,-5.802769608834133,-32.73663525225169,-3.4256508,36.608334,12.596484,62.337227,-20.043365,-15.000033,-41.872536,-24.860762,25.11863,57.932945,-14.012109,15.000033,-10.748201,1.948867,29.793802,-34.908092,-2.912417,-21.001955,-41.324383,28.551289,4.9395685,-3.8915799,-124.75046,-70.2772,62.956486,43.45272,11.190976,-10.109919,2.199779
498,-12.192611694335938,-4.863738059997559,62.68854904174805,6.854884745425296,-6.160179362397292,-32.73383434274093,-2.0999796,35.563206,13.591554,60.82499,-20.23685,-15.000033,-41.254665,-25.568909,25.446661,56.767544,-13.219646,15.000033,-9.874005,2.4822183,29.793802,-37.65056,-1.822297,-20.5537,-40.713768,28.58093,5.3198385,-4.2366276,-121.28041,-71.02111,56.169426,36.746117,11.183728,-8.865938,3.727454
499,-12.193902015686035,-4.557339668273926,62.96275329589844,7.23988638725554,-6.475327154346784,-32.665331424792086,-0.97050047,34.534794,14.375175,59.32073,-20.364248,-15.000033,-40.55335,-26.301672,25.629108,55.43174,-12.285334,15.000033,-9.235258,2.8095546,29.793802,-41.176445,-0.62740815,-20.28632,-39.77263,28.578573,5.7552004,-4.55716,-116.32945,-71.71253,49.248714,29.312544,10.831585,-7.5120463,5.2389526
500,-12.203805923461914,-4.229369163513184,63.28292465209961,7.480374437580251,-6.683153362228033,-32.38789341533213,-0.44805148,33.628452,14.703317,58.135822,-20.254297,-15.000033,-39.762154,-27.137346,25.49863,53.869823,-11.13146,15.000033,-8.901031,2.949376,29.792048,-45.38597,0.6295409,-20.388227,-38.471813,28.6165,6.195958,-4.916772,-109.90143,-72.256325,42.013603,22.13226,10.948202,-6.243001,6.4978514
501,-12.22572135925293,-3.884410858154297,63.65593719482422,7.535630662692064,-6.647834673101071,-31.850322079569576,-0.79535294,32.900806,14.434166,57.40838,-19.863647,-15.000033,-38.98234,-28.066053,24.966219,52.045574,-9.764736,15.000033,-8.904692,2.8432121,29.346497,-50.245956,1.8672599,-20.924751,-36.844315,28.715166,6.6419435,-5.321884,-101.26011,-72.49491,34.480377,15.181247,11.859253,-5.095415,7.290423
502,-12.260360717773438,-3.511669397354126,64.08545684814453,7.443690371774973,-6.51625587554055,-31.141468630854273,-1.6118926,32.309612,13.762955,56.941402,-19.267622,-15.000033,-38.07447,-29.037748,24.103176,49.999508,-8.23173,15.000033,-9.283258,2.5426857,28.920706,-55.814342,3.0515537,-21.759008,-35.164307,28.882153,7.1010427,-5.782506,-90.93403,-72.26369,26.796537,7.942322,13.151021,-3.973773,7.7551584
503,-12.310236930847168,-3.1109137535095215,64.5630111694336,7.30009854791567,-6.30137208983022,-30.271778263433127,-2.770489,31.773083,12.937581,56.633205,-18.471777,-15.000033,-37.088474,-30.088495,23.045792,47.77755,-6.4645257,15.000033,-9.972303,2.2022004,28.628235,-61.681686,4.142551,-22.883953,-33.335815,28.975245,7.5379844,-6.223494,-79.99721,-71.366066,19.12754,0.73529214,14.502651,-2.9255953,8.05021
504,-12.382622718811035,-2.6758713722229004,65.08453369140625,7.198935221929626,-6.01888460453777,-29.252021493549343,-4.148201,31.208134,12.21135,56.378925,-17.494705,-15.000033,-36.093636,-31.27654,21.922472,45.430527,-4.3731127,15.000033,-10.89883,1.9608091,28.535389,-67.50811,5.107881,-24.2461,-31.153908,28.865738,7.917506,-6.5787573,-69.72407,-69.61973,11.857165,-6.0007663,15.531431,-1.998396,8.38723
505,-12.46810245513916,-2.210390090942383,65.64996337890625,7.178919173719273,-5.638693765659283,-27.956875551548016,-5.908091,30.487354,11.588174,56.193512,-16.180645,-15.000033,-35.056816,-32.741302,20.684923,42.894295,-1.8689913,15.000033,-12.201639,1.8131741,28.594994,-73.40552,5.9410086,-25.764994,-28.675568,28.58762,8.372378,-7.025751,-60.641174,-66.85798,5.5539446,-12.0173025,15.949269,-1.1887062,8.924579
506,-12.574585914611816,-1.7105993032455444,66.23734283447266,7.187127022138839,-5.159881519999582,-26.42057792056542,-8.039434,29.684254,10.995168,56.11126,-14.568489,-15.000033,-33.93914,-34.399612,19.249271,40.173717,0.98962307,15.000033,-13.995484,1.6888127,28.686205,-79.47264,6.6861496,-27.27781,-25.923986,28.244267,8.861868,-7.5669084,-52.761845,-63.05418,0.82335705,-17.465176,15.849506,-0.50008297,9.537749
507,-12.69558334350586,-1.1761870384216309,66.81625366210938,7.1763610245727,-4.642983565597269,-24.89593725705412,-10.165407,29.01248,10.549812,56.05456,-12.9707775,-15.000033,-32.82044,-35.98788,17.735786,37.42553,4.058013,15.000033,-16.099802,1.5747044,28.783829,-85.43766,7.405002,-28.750683,-22.536303,27.772322,9.096458,-7.859852,-46.338135,-58.376675,-2.1849465,-22.434233,15.400495,0.029842336,10.087052
508,-12.818365097045898,-0.6035784482955933,67.37118530273438,7.100894372249567,-4.153983992081346,-23.637925090079527,-11.924692,28.668417,10.317555,55.952255,-11.711467,-15.000033,-31.806362,-37.258247,16.310911,34.80618,7.1845665,15.000033,-18.265875,1.4485683,28.938946,-91.033646,8.136939,-30.300066,-18.178865,27.054583,8.786835,-7.5499687,-41.225815,-53.139557,-3.8098054,-27.097744,14.910657,0.3750497,10.4609995
509,-12.92674732208252,-0.017871631309390068,67.89550018310547,6.964575133294125,-3.7070197351330583,-22.61754836700988,-13.308232,28.623283,10.301251,55.757183,-10.863684,-15.000033,-30.90626,-38.23581,15.083676,32.252556,10.6752615,15.000033,-20.42942,1.3933694,29.275856,-96.29102,8.8736925,-32.13633,-12.627164,25.932331,7.740058,-6.4719944,-36.975212,-47.57396,-4.523819,-31.487932,14.624846,0.49184766,10.62733
510,-13.036595344543457,0.5587385892868042,68.3926010131836,6.791483382546168,-3.2689278918724107,-21.734051120799577,-14.48417,28.774025,10.457668,55.520855,-10.2684,-15.000033,-30.119473,-39.044266,13.997321,29.745316,14.480504,15.000033,-22.618656,1.4282063,29.793802,-101.30139,9.568999,-34.227535,-6.239778,24.500315,6.117766,-4.8774986,-33.16168,-41.802643,-4.490959,-35.679554,14.433809,0.4128518,10.718757
511,-13.124629974365234,1.1471444368362427,68.86186981201172,6.617385115610743,-2.693750130683602,-21.120884773919446,-15.528835,29.157406,10.785346,55.333652,-9.892837,-15.000033,-29.753403,-39.63787,13.055278,27.485466,17.943447,15.000033,-24.643635,1.5161235,29.793802,-105.29052,10.161759,-36.344402,0.27915823,22.996944,4.13748,-2.9943547,-29.65417,-36.011475,-3.5272603,-39.425472,14.1691475,0.2297886,10.924051
512,-13.207999229431152,1.759569764137268,69.27403259277344,6.375272098495688,-2.144883268248989,-20.94412064762973,-16.184216,29.909933,11.201059,55.2804,-9.756091,-15.000033,-29.638956,-39.884197,12.1259985,25.62423,20.364023,15.000033,-26.31419,1.5314918,29.793802,-108.66716,10.631508,-38.310043,6.62167,21.644632,2.11314,-1.0719575,-26.620441,-30.468851,-1.9730172,-42.92839,13.703817,0.07743375,11.363852
513,-13.25190258026123,2.373431921005249,69.61727905273438,5.992380583793141,-1.6259581743781826,-21.266951495121944,-16.421278,31.241741,11.70895,55.402775,-9.993435,-15.000033,-29.64878,-39.690594,11.117092,23.891575,21.458063,15.000033,-27.551416,1.6143233,29.793802,-111.51396,10.960725,-40.31069,13.47047,20.570148,-0.14232963,1.0893868,-24.247894,-25.403746,-0.04053986,-45.936035,13.101986,0.05341278,12.17481
514,-13.26464557647705,2.9595718383789062,69.88038635253906,5.4882442619903316,-1.1434519594833883,-22.005913095577313,-16.277771,33.05793,12.330339,55.65511,-10.58846,-15.000033,-29.753101,-39.138527,10.069912,22.216862,21.664764,15.000033,-28.389425,1.8638772,29.793802,-113.80888,11.155997,-42.27682,20.80564,19.710297,-2.6763387,3.5203173,-22.59096,-20.875967,2.051597,-48.16741,12.57412,0.08484103,13.148547
515,-13.268214225769043,3.538156032562256,70.05976867675781,4.962128595035012,-0.717251118738428,-23.08525756738077,-15.764277,35.02949,13.041338,55.998516,-11.282537,-15.000033,-30.113623,-38.376087,9.068385,21.052845,21.387934,15.000033,-28.837187,2.1264746,29.793802,-115.409424,11.234273,-43.66218,27.276726,18.869474,-4.998873,5.792706,-21.522453,-16.834347,4.194259,-49.66469,12.189057,0.034920536,13.890236
516,-13.263643264770508,4.1491618156433105,70.17816925048828,4.516275870648008,-0.3481781930147727,-24.42934662834698,-14.9117775,36.819244,13.812687,56.395493,-11.796051,-15.000033,-30.957458,-37.556335,8.222716,20.94577,20.995325,15.000033,-28.935507,2.2276404,29.793802,-116.225784,11.205178,-43.961464,31.626387,17.758337,-6.657268,7.4755445,-20.869814,-13.182465,6.4053683,-50.56516,11.970169,-0.23307261,14.040993
517,-13.263071060180664,4.829069137573242,70.24173736572266,4.1514405211279035,0.0042999570990935095,-26.163663882430406,-13.661418,38.49168,14.759324,56.903103,-12.097846,-15.000033,-32.563915,-36.672928,7.397916,22.184479,20.544403,15.000033,-28.618906,2.1192343,29.793802,-116.281944,11.072922,-42.86416,33.58737,16.036394,-7.4881997,8.481696,-20.602411,-9.829007,8.803763,-50.863613,11.9348755,-0.8753626,13.312874
518,-13.246994018554688,5.525516510009766,70.23853302001953,3.809949580204953,0.3247785808503306,-28.27587352538104,-11.993379,40.17205,15.872618,57.51679,-12.308775,-15.000033,-34.724747,-35.67908,6.5682974,24.462269,19.83474,15.000033,-27.92569,1.8756797,29.793802,-115.700035,10.843871,-40.73162,33.970104,13.8732605,-7.7706475,9.069655,-20.703491,-6.736033,11.290191,-50.63519,12.008051,-1.784686,11.945244
519,-13.225997924804688,6.218236923217773,70.16608428955078,3.510824748565173,0.5446208604455497,-30.47973712950083,-10.054063,41.615158,16.896399,58.114655,-12.374008,-15.000033,-36.98134,-34.63129,6.0349894,27.479443,18.799213,15.000033,-27.063515,1.500354,29.793802,-114.54867,10.51147,-38.07424,33.16219,11.721032,-7.714671,9.326805,-21.083607,-3.9103646,13.603453,-50.09222,12.109606,-2.7000055,10.407645
520,-13.213261604309082,6.890249252319336,70.0176773071289,3.2770812017768987,0.6101753351251159,-32.49200842252462,-8.043391,42.58895,17.54179,58.57187,-12.230577,-15.000033,-38.903736,-33.536385,6.109039,30.910109,17.404049,15.000033,-26.227161,1.0151304,29.793802,-112.877235,10.05394,-35.383053,31.52312,10.039352,-7.5215774,9.320548,-21.686695,-1.3882163,15.486598,-49.45505,12.182906,-3.3557572,9.160986
521,-13.186725616455078,7.542087078094482,69.80484771728516,3.1428580845725858,0.5435837608922379,-34.31684303973448,-6.023281,42.93834,17.639885,58.895344,-11.837728,-15.000033,-40.63148,-32.13471,7.2052712,35.313614,15.67075,15.000033,-25.395023,0.39444664,29.793802,-110.63272,9.419164,-32.51241,28.706644,8.958362,-7.1137557,8.974435,-22.629084,0.8014931,16.851885,-48.7764,12.18051,-3.628577,8.264506
522,-13.138392448425293,8.176539421081543,69.52831268310547,3.0783767243252926,0.3639956288678574,-36.081620136734934,-3.9314165,42.858204,17.346188,59.135414,-11.201606,-15.000033,-42.22562,-30.319628,8.960899,40.572124,13.683473,15.000033,-24.445942,-0.33043262,29.793802,-107.86671,8.565841,-29.231289,24.60114,8.248225,-6.3975887,8.326623,-23.859425,2.6614335,17.810282,-48.035,12.142158,-3.6768315,7.484066
523,-13.052797317504883,8.768654823303223,69.17980194091797,3.034807249775749,0.029631180841252464,-37.69253827515229,-1.7666414,42.581657,16.842318,59.213284,-10.400682,-15.000033,-43.259613,-28.482407,10.559376,45.386585,11.461623,15.000033,-23.437717,-1.0739528,29.793802,-104.736374,7.499996,-25.929169,19.944014,7.82267,-5.5673327,7.575306,-25.139236,4.1917686,18.415083,-47.311806,12.166563,-3.6539733,6.8507404
524,-12.99427318572998,9.321330070495605,68.77249145507812,2.9926534787244723,-0.4921067665574953,-39.04218626948231,0.45363665,42.310566,16.320871,59.062897,-9.491146,-15.000033,-43.486103,-27.216255,11.403491,48.590797,8.950274,15.000033,-22.456015,-1.767289,29.793802,-101.329956,6.2643423,-23.015816,15.45384,7.5761538,-4.825666,6.8919377,-26.220387,5.4086537,18.783257,-46.691914,12.303825,-3.7141721,6.3957453
525,-12.882802963256836,9.780152320861816,68.2500991821289,2.9428991611238673,-1.3161982945696022,-40.12111594222464,2.8190613,42.06352,15.65875,58.753197,-8.2894535,-15.000033,-42.5529,-26.897926,11.246399,49.59634,5.6768346,15.000033,-21.559116,-2.4206502,29.793802,-97.33009,4.8701053,-20.552374,10.999912,7.5424433,-4.1804895,6.2649446,-27.129454,6.3283725,19.016096,-46.070297,12.590173,-3.9342322,6.172645
526,-12.755912780761719,10.209277153015137,67.65715789794922,2.9105017247717857,-2.3759512713700772,-40.96479453256639,5.2716084,41.723007,14.785438,58.30477,-6.8231006,-15.000033,-40.762375,-27.285175,10.454355,49.17549,1.8103735,15.000033,-20.750929,-3.0811975,29.793802,-92.68174,3.3168738,-18.386671,6.199464,7.7511587,-3.5420034,5.6068172,-28.109406,6.9078684,18.934427,-45.358463,13.125531,-4.209933,6.1857224
527,-12.606109619140625,10.621909141540527,67.03865051269531,2.934416829499766,-3.428285805300698,-41.535959632528716,7.579396,41.279762,13.981842,57.58086,-5.4894323,-15.000033,-38.88936,-28.095675,9.467586,48.222763,-1.7428783,15.000033,-19.98346,-3.6596916,29.793802,-87.77798,1.6295187,-16.577229,1.3203508,8.057117,-2.9738817,4.9537106,-28.907238,7.168178,18.700483,-44.870884,13.571587,-4.4466734,6.315513
528,-12.464536666870117,11.076554298400879,66.45344543457031,3.073338802441188,-4.251666400357321,-41.81711239848204,9.57446,40.715126,13.572746,56.422,-4.702781,-15.000033,-37.722534,-29.008293,8.8770075,47.649357,-4.112341,15.000033,-19.21222,-4.12819,29.793802,-83.00307,-0.12243382,-15.1916,-3.3340237,8.319377,-2.53725,4.3371115,-29.334892,7.161711,18.42347,-44.84852,13.633156,-4.548287,6.4574156
529,-12.34557819366455,11.609062194824219,65.93452453613281,3.495438939793243,-4.6168017155162975,-41.73825056067729,11.008318,39.810276,13.637815,54.585567,-4.4604826,-15.000033,-37.8474,-30.089468,9.123776,47.700462,-4.922238,15.000033,-18.684874,-4.621426,29.027746,-77.666855,-1.8252299,-14.282748,-7.738885,8.488312,-2.302058,3.756982,-29.664972,6.8196435,17.614021,-44.603718,13.753028,-4.425014,6.773173
530,-12.235047340393066,12.116289138793945,65.41798400878906,4.142075328655839,-4.61876661797414,-41.347300847882245,11.936556,38.56745,13.957876,52.22983,-4.573038,-15.000033,-38.838898,-31.435534,9.894137,47.87722,-4.7133627,15.000033,-18.407614,-5.0398035,27.463295,-71.482025,-3.5049264,-13.771021,-12.14732,8.557594,-2.2384784,3.182669,-29.652445,6.294343,16.869347,-44.16045,13.520354,-4.1949368,7.1694775
531,-12.108712196350098,12.622014999389648,64.9049301147461,4.76803984663776,-4.504096044654746,-40.8051731508518,12.635187,37.263638,14.428048,49.787655,-5.185455,-15.000033,-40.049294,-32.803833,10.741608,47.998833,-3.9860594,15.000033,-18.188454,-5.3500867,25.908691,-65.30999,-5.1331015,-13.560325,-16.38725,8.5727215,-2.2689903,2.577308,-29.433466,5.623072,16.161089,-43.901104,13.208741,-3.9760075,7.4561877
532,-12.024662017822266,13.266240119934082,64.39418029785156,5.164143289220348,-4.401398833175636,-40.24661030102492,13.202049,36.198536,14.952591,47.763184,-6.4800243,-15.000033,-40.967327,-34.01112,11.244314,47.90181,-3.1879652,15.000033,-17.953058,-5.4865513,24.648455,-59.567196,-6.6597905,-13.481571,-20.331417,8.554274,-2.3445778,1.8880293,-29.160078,4.789578,15.332836,-43.81328,13.341689,-3.9057014,7.423281
533,-11.98031997680664,14.015175819396973,63.96042251586914,5.263851535183274,-4.253209278511805,-39.64769822456059,13.490299,35.483185,15.542381,46.45235,-8.884414,-15.000033,-41.62345,-35.04687,11.311218,47.60245,-2.2814708,15.000033,-17.696505,-5.3568234,23.724224,-54.17031,-8.066905,-13.5168,-24.038063,8.4834795,-2.462519,0.9950458,-28.77901,3.8408422,14.593121,-43.996048,13.842558,-4.096302,6.8260784
534,-11.96176815032959,14.755125045776367,63.64787673950195,5.191027382475511,-4.016793121538786,-38.945527596806386,13.472546,34.93139,16.206772,45.56079,-12.200154,-15.000033,-42.238728,-36.02345,11.154737,47.16802,-1.0554006,15.000033,-17.478642,-5.059981,22.981167,-48.979527,-9.317739,-13.728834,-27.472683,8.352693,-2.6388502,-0.04778494,-28.297565,2.79143,13.877133,-44.371098,14.5710945,-4.452936,5.8609834
535,-11.940966606140137,15.463691711425781,63.435447692871094,5.003654034283106,-3.853272586157578,-38.20982334018977,13.453885,34.474785,16.903656,44.70839,-15.684086,-15.000033,-42.531303,-36.933308,10.779188,46.521725,0.30708575,15.000033,-17.201355,-4.6821384,22.491062,-44.324352,-10.382649,-14.109891,-30.477587,8.157695,-2.8487084,-1.0068625,-27.510359,1.7123941,13.211887,-45.02595,15.286275,-4.838618,4.8449273
536,-11.915888786315918,16.10930633544922,63.326622009277344,4.744962755194549,-3.9297960120602737,-37.51272168692714,13.774157,34.068974,17.62544,43.48464,-18.582691,-15.000033,-42.20714,-37.754116,10.17386,45.593597,1.611571,15.000033,-16.788515,-4.326827,22.304764,-40.579697,-11.221146,-14.599983,-32.84269,7.9101567,-3.0685325,-1.6503948,-26.29827,0.6736607,12.498042,-45.958473,15.873659,-5.090924,4.11833
537,-11.913826942443848,16.735397338867188,63.29179382324219,4.307990850021317,-4.381028827579414,-36.87882864840933,14.789201,33.854923,18.640465,41.54498,-20.783758,-15.000033,-40.932312,-38.37738,9.156251,44.291466,2.7444875,15.000033,-16.181536,-3.9162066,22.575554,-37.929073,-11.785733,-15.164125,-34.44083,7.5402374,-3.3504193,-1.825332,-24.443684,-0.2180338,11.755124,-47.318375,16.12318,-5.1550026,3.7832227
538,-11.911486625671387,17.36606216430664,63.31511306762695,3.687473772342914,-5.088298346364645,-36.26202611689248,16.280241,33.837437,19.917334,39.156982,-22.657726,-15.000033,-38.920746,-38.802433,7.7624516,42.6917,3.8120458,15.000033,-15.4794445,-3.4531026,23.199923,-36.194294,-12.03716,-15.732983,-35.35424,7.074773,-3.6836882,-1.672581,-22.172579,-0.93659127,10.92037,-48.93938,16.239296,-5.1054263,3.690768
539,-11.93065357208252,17.99551773071289,63.36094284057617,3.077945173376568,-5.845796922294254,-35.63207749152405,17.72049,33.802105,21.008865,36.82825,-24.168457,-15.000033,-36.707977,-39.16843,6.3110065,40.976063,4.9486356,15.000033,-14.746444,-3.0657203,23.903242,-35.16444,-12.014904,-16.295418,-35.7978,6.6498837,-3.9532714,-1.3769323,-19.736706,-1.4343148,10.228151,-50.617134,16.20082,-5.0047436,3.696383
540,-11.980026245117188,18.601482391357422,63.439170837402344,2.685106430249497,-6.44860396842514,-34.96371151698595,18.533148,33.548664,21.422264,35.102005,-25.298267,-15.000033,-34.8307,-39.665745,5.115698,39.319595,6.301021,15.000033,-14.046976,-2.9292998,24.390478,-34.665962,-11.789869,-16.821634,-35.90352,6.41849,-4.042078,-1.1397865,-17.454308,-1.706112,9.796746,-52.075974,16.111193,-4.9014,3.691139
541,-12.072839736938477,19.162506103515625,63.57795715332031,2.6358152734686926,-6.881324447755916,-34.266907236865784,18.54358,32.947975,20.909948,34.179474,-25.986265,-15.000033,-33.422695,-40.40858,4.282041,37.73909,7.8738956,15.000033,-13.314162,-3.1514406,24.594025,-34.8732,-11.408794,-17.287771,-35.494057,6.5068803,-3.8521683,-1.0158325,-15.123725,-1.7099588,9.631189,-53.38689,15.990695,-4.7952476,3.5980828
542,-12.20859432220459,19.712848663330078,63.75873565673828,2.8049710413228355,-7.2518561027227735,-33.55476307796689,18.077637,32.14988,19.815493,33.776188,-26.26367,-15.000033,-32.214294,-41.27394,3.640474,36.14929,9.575991,15.000033,-12.520393,-3.6411276,24.668056,-35.848312,-10.884923,-17.712132,-34.50212,6.8236156,-3.4694662,-0.9069664,-12.675682,-1.4264115,9.723095,-54.62434,15.747269,-4.659289,3.5105247
543,-12.37413215637207,20.2452392578125,64.00211334228516,3.030983296194968,-7.536597374826912,-32.80893159497953,17.284016,31.348886,18.486887,33.69918,-26.235773,-15.000033,-31.149488,-42.13074,3.0980773,34.569458,11.4742,15.000033,-11.749383,-4.29408,24.650303,-37.263245,-10.244996,-18.163128,-33.196346,7.1896634,-3.0503206,-0.78522444,-10.605239,-0.97344875,10.034806,-55.548767,15.424474,-4.496849,3.5840328
544,-12.552562713623047,20.741043090820312,64.3253173828125,3.1535754519010357,-7.705396942074424,-32.006567546046604,16.28527,30.747068,17.254766,33.766277,-26.037819,-15.000033,-30.161085,-42.85476,2.5613475,33.03992,13.592728,15.000033,-11.068254,-4.967391,24.580803,-38.778435,-9.531745,-18.729467,-31.878216,7.419881,-2.7507274,-0.617423,-9.357348,-0.5516242,10.488359,-55.987408,15.073239,-4.321937,3.937818
545,-12.74014663696289,21.21526527404785,64.7091064453125,3.1697307854063173,-7.744051016965832,-31.157080324017624,15.055491,30.371634,16.179708,34.002007,-25.63703,-15.000033,-29.271786,-43.52597,1.9167997,31.56628,16.14876,15.000033,-10.441215,-5.6455703,24.45418,-40.459534,-8.781207,-19.47,-30.498613,7.4470096,-2.6197515,-0.37157595,-9.115632,-0.35330036,11.117785,-55.873856,14.782002,-4.1558843,4.6859975
546,-12.940764427185059,21.685617446899414,65.14118194580078,3.166698067137626,-7.670014801032758,-30.26445059071565,13.5448265,30.086176,15.09427,34.471004,-24.985077,-15.000033,-28.53034,-44.160824,1.2759415,30.1795,19.000965,15.000033,-9.850669,-6.3302593,24.283915,-42.383083,-8.023915,-20.360304,-29.031923,7.3645716,-2.5742426,-0.079712495,-9.539092,-0.42078745,11.937656,-55.435795,14.539646,-4.008874,5.6541023
547,-13.150917053222656,22.142559051513672,65.61693572998047,3.1131905833801925,-7.488199640187169,-29.302309111429757,11.821513,29.870346,13.974944,35.03162,-24.141058,-15.000033,-27.901333,-44.560993,0.8847456,28.94623,21.673399,15.000033,-9.371973,-6.8963532,24.110678,-44.260967,-7.293853,-21.33554,-27.77376,7.244714,-2.5708656,0.19238028,-10.2921095,-0.69629186,12.79466,-54.926437,14.25008,-3.874562,6.5487814
548,-13.364076614379883,22.57349967956543,66.14093017578125,2.9723271160955043,-7.1988736674748885,-28.252980323320386,9.945643,29.720928,12.795738,35.55097,-23.168016,-15.000033,-27.341248,-44.56209,0.9692471,27.889095,23.75859,15.000033,-9.038459,-7.2329454,23.956768,-45.86302,-6.6189218,-22.32764,-26.948498,7.172618,-2.5643682,0.38132033,-11.037213,-1.0695946,13.496886,-54.582916,13.805996,-3.7382016,7.11477
549,-13.565105438232422,22.98678970336914,66.70613861083984,2.747342573435138,-6.7607430382003555,-27.075253894078514,7.8957915,29.618471,11.563743,35.939213,-22.069878,-15.000033,-26.878153,-44.194305,1.726127,26.962658,25.272419,15.000033,-8.8778925,-7.3306904,23.764858,-47.221527,-6.01206,-23.337667,-26.554361,7.2029157,-2.555123,0.4582054,-11.784863,-1.477181,13.967022,-54.387527,12.909113,-3.5412571,7.350481
550,-13.76589584350586,23.38343048095703,67.29011535644531,2.468234045071816,-6.171784813614694,-25.80726164389352,5.6410685,29.552635,10.286374,36.28582,-20.820555,-15.000033,-26.55808,-43.573956,3.010961,26.170628,26.46027,15.000033,-8.830592,-7.2608414,23.508091,-48.49925,-5.4734545,-24.374302,-26.399881,7.303437,-2.563132,0.45634493,-12.707219,-1.9159192,14.281806,-54.188175,11.694006,-3.2973032,7.411951
551,-13.974807739257812,23.744977951049805,67.88859558105469,2.1239612319321726,-5.497873959729768,-24.543183791601002,3.229677,29.563608,8.942538,36.718735,-19.414753,-15.000033,-26.3132,-42.680485,4.505261,25.547806,27.295433,15.000033,-8.787719,-7.034294,23.262703,-49.67473,-5.003765,-25.385159,-26.40348,7.428439,-2.572007,0.4089581,-13.684982,-2.3559563,14.476815,-54.038876,10.687825,-3.094299,7.279404
552,-14.21518611907959,24.05535888671875,68.47594451904297,1.6868858540786056,-4.8234890281591145,-23.36067508241051,0.7095263,29.698364,7.475431,37.36442,-17.845066,-15.000033,-25.990416,-41.47049,5.847396,25.055168,27.724417,15.000033,-8.652789,-6.66554,23.11666,-50.716698,-4.60572,-26.327135,-26.484642,7.527951,-2.5650942,0.34886506,-14.607699,-2.753765,14.585995,-53.982685,10.414924,-3.0206568,6.9318786
553,-14.493393898010254,24.29889678955078,69.05464172363281,1.024171034576164,-4.142021354102169,-22.279355259895567,-2.016986,30.119692,5.745982,38.330902,-16.029125,-15.000033,-25.371723,-39.554104,7.1891007,24.477499,27.61679,15.000033,-8.390711,-6.036428,23.081245,-51.602367,-4.289202,-27.204365,-26.654142,7.598794,-2.5368,0.2626667,-15.476398,-3.0653315,14.615264,-53.99535,11.323135,-3.162905,6.224407
554,-14.798596382141113,24.499786376953125,69.63277435302734,0.19759869780614478,-3.4610829105043144,-21.21657856982246,-4.9406815,30.692024,3.7067344,39.498394,-13.985713,-15.000033,-24.478905,-37.106922,8.652735,23.805841,26.943317,15.000033,-8.088866,-5.2117696,23.130959,-52.366364,-4.0552154,-28.035353,-26.903957,7.6676188,-2.496529,0.1391581,-16.37029,-3.2774253,14.542898,-54.016617,13.013777,-3.474314,5.2336473
555,-15.11840534210205,24.698068618774414,70.21372985839844,-0.5427886227726249,-2.862434180642408,-20.119139997957916,-7.844522,31.049759,1.5214372,40.67613,-11.8787365,-15.000033,-23.581749,-34.875942,9.801547,23.345877,25.861214,15.000033,-7.8156877,-4.4664445,23.285162,-53.044773,-3.8888242,-28.802103,-27.146898,7.7220516,-2.450079,0.014949872,-17.292389,-3.4036934,14.356827,-54.04294,14.754092,-3.8300157,4.2615285
556,-15.450963020324707,24.909658432006836,70.77149200439453,-0.9762015000075351,-2.3770120076484798,-18.989672207269944,-10.512893,30.92444,-0.51155514,41.710377,-9.884035,-15.000033,-23.04667,-33.547337,10.111253,23.443357,24.723816,15.000033,-7.5997844,-4.0368137,23.529045,-53.6757,-3.7775707,-29.471354,-27.30026,7.74868,-2.4031303,-0.076872565,-18.238123,-3.469894,14.06392,-54.0835,15.813557,-4.065766,3.590748
557,-15.793559074401855,25.141483306884766,71.2988510131836,-1.045158681809631,-1.9948601230437493,-17.835344290106708,-12.955192,30.253311,-2.2562335,42.59632,-7.8638268,-15.000033,-23.03522,-33.36252,9.2026415,24.284708,23.673048,15.000033,-7.424969,-3.9892635,23.891048,-54.22056,-3.684515,-30.053896,-27.428574,7.721226,-2.349107,-0.11949326,-19.199902,-3.5069313,13.574875,-54.23986,15.871676,-4.079948,3.3384032
558,-16.13606071472168,25.380399703979492,71.79081726074219,-0.8852133620054954,-1.6970926833813946,-16.664579645014786,-15.230266,29.230938,-3.7933319,43.422325,-5.803127,-15.000033,-23.331594,-33.94884,7.4037623,25.689224,22.539883,15.000033,-7.294896,-4.1796236,24.363195,-54.669243,-3.618197,-30.527113,-27.558542,7.6461897,-2.2874966,-0.14099367,-20.182142,-3.5148327,12.952307,-54.475502,15.356066,-3.9680622,3.32263
559,-16.474700927734375,25.62638282775879,72.24190521240234,-0.5892705878887002,-1.4830773752697548,-15.498371765391953,-17.22018,28.050854,-5.114782,44.17276,-3.9945385,-15.000033,-23.725288,-35.06145,5.172124,27.397108,21.358797,15.000033,-7.177626,-4.5043664,24.904524,-55.004215,-3.5600073,-30.963892,-27.696808,7.558256,-2.2301974,-0.116455294,-21.13981,-3.510138,12.309369,-54.699062,14.72371,-3.8359718,3.3836203
560,-16.78061866760254,25.879243850708008,72.64277648925781,-0.2537129541313644,-1.3453753614987531,-14.365219393770447,-18.832481,26.89822,-6.259667,44.85223,-2.7787542,-15.000033,-24.045563,-36.396347,2.961645,29.16324,20.162664,15.000033,-7.086159,-4.8454943,25.453215,-55.24238,-3.5069962,-31.348845,-27.806498,7.487947,-2.19033,-0.051313423,-22.031902,-3.5117567,11.839431,-54.80296,14.407382,-3.796563,3.338709
561,-17.065998077392578,26.145139694213867,72.99165344238281,0.10992869035791744,-1.2931074413384283,-13.222196798285191,-20.087162,25.8257,-7.207037,45.46161,-2.397894,-15.000033,-24.216389,-38.0099,0.6268807,30.953009,18.93187,15.000033,-7.084163,-5.1885514,26.026194,-55.41177,-3.462264,-31.643343,-27.870506,7.4051695,-2.1732488,0.062905274,-22.904037,-3.5428498,11.621498,-54.75394,14.5594845,-3.9024603,3.0978088
562,-17.321502685546875,26.428661346435547,73.28248596191406,0.5407854585804974,-1.3457779947015678,-12.046601084228303,-21.026459,24.737825,-7.9921618,46.012268,-2.6501868,-15.000033,-24.232105,-40.0492,-2.02835,32.877438,17.620447,15.000033,-7.1599197,-5.582442,26.67006,-55.478264,-3.406737,-31.877577,-27.948648,7.3025885,-2.1711557,0.23161814,-23.734709,-3.615849,11.538893,-54.648552,14.945778,-4.091074,2.7607641
563,-17.539396286010742,26.724096298217773,73.50861358642578,1.0151218079789364,-1.4867225795279897,-10.920121890079875,-21.623077,23.616894,-8.737864,46.515903,-3.1610157,-15.000033,-24.123877,-42.262737,-4.6264644,34.89555,16.285763,15.000033,-7.245969,-5.9925976,27.32851,-55.413685,-3.334092,-32.050896,-28.052418,7.2413387,-2.1779335,0.41421357,-24.403593,-3.7324731,11.568403,-54.531063,15.394472,-4.3057714,2.413401
564,-17.722911834716797,27.034940719604492,73.67283630371094,1.5112796466234018,-1.6842522811906167,-9.942907685431313,-21.860409,22.449461,-9.56434,46.993095,-3.563266,-15.000033,-24.023857,-44.374367,-6.733606,36.96728,15.011475,15.000033,-7.2465487,-6.392344,27.929613,-55.20991,-3.2603285,-32.179195,-28.150108,7.29113,-2.186907,0.5725275,-24.801952,-3.8506525,11.668047,-54.42548,15.72527,-4.480796,2.16001
565,-17.865798950195312,27.360244750976562,73.77259826660156,2.0782033333954364,-1.942571064442129,-9.120761837858531,-21.711357,21.135462,-10.5594425,47.475468,-3.83854,-15.000033,-24.015106,-46.49033,-8.35295,39.12315,13.787968,15.000033,-7.138382,-6.8321085,28.466213,-54.892403,-3.1980455,-32.265003,-28.186476,7.519459,-2.1911237,0.68743914,-24.912485,-3.941787,11.8341255,-54.306404,15.961718,-4.606833,2.0403037
566,-17.977039337158203,27.676799774169922,73.80372619628906,2.705439745417802,-2.2714677838597215,-8.414286741352617,-21.206535,19.73454,-11.65966,47.94756,-4.149195,-15.000033,-24.054316,-48.681126,-9.640346,41.355698,12.591642,15.000033,-6.9694304,-7.307171,28.970486,-54.45861,-3.138312,-32.302925,-28.180931,7.8747244,-2.1955712,0.78289366,-24.800932,-4.0169077,12.0832815,-54.15728,16.17404,-4.7129345,2.00164
567,-18.057870864868164,27.98522186279297,73.76065063476562,3.289061671926994,-2.626517007185632,-7.874647784269802,-20.429457,18.474861,-12.740092,48.360176,-4.393813,-15.000033,-24.216568,-50.587532,-10.316127,43.569626,11.524268,15.000033,-6.71377,-7.723533,29.406384,-53.897015,-3.105711,-32.31088,-28.150885,8.257836,-2.211168,0.88364196,-24.49722,-4.0488253,12.366229,-53.989803,16.256445,-4.780478,2.0331776
568,-18.106164932250977,28.287982940673828,73.64598846435547,3.7311155641652474,-2.9499813009900833,-7.558015567556017,-19.47659,17.58274,-13.658278,48.6627,-4.4729757,-15.000033,-24.6317,-51.83603,-10.080137,45.684826,10.705096,15.000033,-6.3616767,-7.980991,29.729103,-53.161964,-3.0871766,-32.2932,-28.168837,8.560671,-2.2487013,1.0148904,-24.024221,-4.050675,12.658131,-53.828518,16.11468,-4.7977443,2.1052992
569,-18.133506774902344,28.585634231567383,73.4609603881836,4.016996587281312,-3.1986196645826657,-7.530441684249527,-18.44157,17.165565,-14.342495,49.069675,-4.0508575,-15.000033,-25.507023,-52.24071,-8.645315,47.76357,10.188109,15.000033,-5.90994,-8.061362,29.793802,-52.122078,-3.078003,-32.2122,-28.220732,8.752249,-2.3285286,1.2083741,-23.357262,-3.9782686,13.041352,-53.55038,15.521937,-4.7364845,2.2386382
570,-18.1417236328125,28.880075454711914,73.20286560058594,4.1956136740298735,-3.428740809231818,-7.76110025899815,-17.225136,17.101265,-14.866782,49.523056,-3.2901225,-15.000033,-26.720745,-51.95954,-6.257982,49.843605,9.923313,15.000033,-5.301505,-8.0422325,29.793802,-50.961304,-3.0921707,-32.113052,-28.2513,8.903807,-2.4326694,1.4449224,-22.505022,-3.8201911,13.417624,-53.27267,14.613318,-4.596953,2.4776103
571,-18.133365631103516,29.179895401000977,72.88044738769531,4.2730579801959445,-3.6386219751922324,-8.15503696056725,-15.737862,17.258236,-15.2862015,49.56353,-2.8220994,-15.000033,-28.013819,-51.14921,-3.4327185,51.827938,9.8804455,15.000033,-4.5972996,-7.921173,29.793802,-49.778282,-3.1313512,-32.022003,-28.328764,9.034575,-2.5329916,1.6637794,-21.513508,-3.6182191,13.795287,-53.118076,13.708889,-4.4520903,2.74301
572,-18.104421615600586,29.481098175048828,72.48738098144531,4.255955577033601,-3.8004003480453346,-8.611099615671884,-13.919772,17.493599,-15.6565275,48.741486,-3.2789173,-15.000033,-29.176876,-50.00157,-0.6657864,53.61371,10.019485,15.000033,-3.9091496,-7.6944885,29.72044,-48.57477,-3.1928644,-31.93336,-28.518265,9.149638,-2.607526,1.8028147,-20.480328,-3.4092014,14.178028,-53.0571,13.181751,-4.374759,2.94675
573,-18.045114517211914,29.781856536865234,72.03038024902344,4.071073000024286,-3.8454385281057535,-9.17414193619312,-11.558511,17.820967,-16.129913,46.57541,-5.015633,-15.000033,-30.275759,-48.1428,2.3558116,55.204445,10.533624,15.000033,-3.2810822,-7.2543845,29.326645,-47.145866,-3.2898412,-31.79334,-28.857763,9.206103,-2.6557636,1.819369,-19.404684,-3.1880133,14.676348,-52.91026,13.195498,-4.410756,2.9891424
574,-17.948028564453125,30.10312271118164,71.49278259277344,3.694212552302726,-3.8429890106508915,-9.87278115010379,-8.677089,18.337614,-16.67112,43.38056,-7.640431,-15.000033,-31.146212,-45.584335,5.482399,56.671562,11.285999,15.000033,-2.6371894,-6.597777,28.78233,-45.587025,-3.423942,-31.624464,-29.311796,9.218065,-2.6867986,1.7548571,-18.222422,-2.9615817,15.240105,-52.80013,13.529383,-4.5095854,2.9411855
575,-17.844932556152344,30.42723274230957,70.88872528076172,3.2509482458364825,-3.859386388093347,-10.568513056082725,-5.722825,18.956636,-17.047165,39.94308,-10.673063,-15.000033,-31.646315,-43.17363,7.8545055,57.983425,11.807484,15.000033,-2.049026,-5.892338,28.201893,-44.050037,-3.5863302,-31.451359,-29.81762,9.241713,-2.711308,1.6687758,-17.025047,-2.7458131,15.753026,-52.73944,13.99968,-4.618669,2.9255989
576,-17.74365997314453,30.722248077392578,70.26205444335938,2.9306126260044043,-3.9184569108557605,-11.137193765739797,-3.2279863,19.506937,-16.96072,37.09818,-13.597019,-15.000033,-31.934914,-41.799496,8.934551,59.10014,11.752664,15.000033,-1.5745776,-5.3560157,27.669884,-42.68123,-3.7607784,-31.301567,-30.324747,9.329959,-2.739634,1.6203837,-15.899407,-2.5542536,16.10799,-52.753647,14.418971,-4.685475,3.0587788
577,-17.634801864624023,30.99806022644043,69.62539672851562,2.778706867262797,-3.9694471575524366,-11.574074102259349,-1.4292507,19.943768,-16.137815,35.100468,-16.568062,-15.000033,-32.255657,-41.892075,8.4596405,60.013756,11.095095,15.000033,-1.2572207,-5.014851,27.117184,-41.426357,-3.9369068,-31.177479,-30.905361,9.547895,-2.7886379,1.6339132,-14.827812,-2.383907,16.276598,-52.88621,14.812458,-4.6980367,3.397407
578,-17.537029266357422,31.26886558532715,68.98271942138672,2.7330272339348602,-3.992151839173908,-11.943893031164132,-0.06547575,20.271976,-14.797635,33.53969,-19.776695,-15.000033,-32.60731,-42.958134,6.946768,60.740902,10.069919,15.000033,-1.0486276,-4.7914796,26.513454,-40.22618,-4.112746,-31.072718,-31.577438,9.848211,-2.8476784,1.6771348,-13.774435,-2.2310152,16.32052,-53.12401,15.256753,-4.682074,3.8667603
579,-17.456478118896484,31.49832534790039,68.3505859375,2.840724465933446,-4.0404456326419,-12.237693142695635,1.0347612,20.384172,-13.352656,32.294453,-22.780977,-15.000033,-32.843563,-44.486145,5.099415,61.27271,8.773349,15.000033,-0.8621322,-4.7639203,25.992138,-39.22206,-4.2808022,-30.998644,-32.197914,10.114022,-2.8860767,1.7227287,-12.805744,-2.110137,16.263462,-53.39317,15.647679,-4.643972,4.3837447
580,-17.422590255737305,31.66588592529297,67.78033447265625,3.1410287702387074,-4.173632677174905,-12.445964366865333,2.0518231,20.214521,-12.20374,31.217224,-25.120232,-15.000033,-32.852894,-45.945026,3.6241229,61.58735,7.289553,15.000033,-0.6117937,-4.999524,25.693409,-38.552895,-4.432533,-30.969196,-32.62895,10.230471,-2.8728669,1.7440636,-11.977315,-2.0466485,16.130411,-53.63715,15.879882,-4.5942054,4.86185
581,-17.433815002441406,31.758394241333008,67.30178833007812,3.768841357310743,-4.484775913116933,-12.530229293318236,3.0672772,19.627058,-11.404585,30.281977,-26.628649,-15.000033,-32.533306,-47.412678,2.6709769,61.59243,5.3987284,15.000033,-0.27895996,-5.679168,25.751202,-38.289684,-4.5326214,-31.015465,-32.856884,10.073398,-2.7873302,1.7419984,-11.329508,-2.0570846,15.841771,-53.89986,15.873754,-4.52886,5.3411946
582,-17.467018127441406,31.769859313964844,66.93340301513672,4.65146490361989,-4.922120761609719,-12.510057513790095,3.9641395,18.734838,-10.755645,29.546925,-27.554306,-15.000033,-31.937939,-49.08593,1.830789,61.308792,3.1396008,15.000033,0.12652218,-6.6868134,26.078701,-38.366974,-4.6276355,-31.15172,-32.924805,9.743237,-2.649701,1.7319198,-10.779122,-2.1499565,15.379887,-54.240826,15.712245,-4.449424,5.8442516
583,-17.49580192565918,31.714576721191406,66.6697769165039,5.526503905079767,-5.325957274180472,-12.460377142774076,4.6443386,17.848042,-10.259521,28.98524,-28.04365,-15.000033,-31.267723,-50.620544,1.044192,60.889885,0.97662115,15.000033,0.5432973,-7.680612,26.47274,-38.62692,-4.7031207,-31.281815,-32.903423,9.430758,-2.4900606,1.7043297,-10.278292,-2.3330631,14.9646635,-54.543186,15.523648,-4.3794794,6.245929
584,-17.534408569335938,31.62757110595703,66.49728393554688,6.14163594887679,-5.534702093038035,-12.448130416767222,5.0220466,17.26341,-9.91273,28.588383,-28.259415,-15.000033,-30.752699,-51.675858,0.30548048,60.502712,-0.63516974,15.000033,0.9158832,-8.328667,26.719254,-38.92438,-4.7625504,-31.32147,-32.846195,9.333599,-2.3387425,1.6486269,-9.7836895,-2.60391,14.800765,-54.683758,15.435436,-4.3377934,6.4240246
585,-17.587688446044922,31.520217895507812,66.40874481201172,6.431235025172195,-5.4825567133309185,-12.438826877437608,4.9506016,17.034084,-9.82619,28.512533,-28.19818,-15.000033,-30.379164,-52.18107,-0.45708713,60.09536,-1.6351413,15.000033,1.2381816,-8.5485525,26.756388,-39.29883,-4.8038783,-31.248745,-32.73255,9.569395,-2.2021348,1.5421726,-9.325403,-2.9842076,14.932711,-54.597088,15.5533495,-4.342368,6.2777762
586,-17.649641036987305,31.37914276123047,66.40379333496094,6.536252384448351,-5.265598257977031,-12.409522775922786,4.5283523,17.014189,-9.937744,28.717737,-27.780548,-15.000033,-30.06874,-52.316967,-1.1854159,59.610977,-2.2491906,15.000033,1.5283382,-8.519797,26.696121,-39.795353,-4.8214064,-31.100332,-32.557228,10.010516,-2.0657861,1.394004,-8.91638,-3.4815407,15.262533,-54.362244,15.784201,-4.38172,5.8870955
587,-17.722190856933594,31.202667236328125,66.4760971069336,6.518518905916821,-4.9643372100459136,-12.439727309163048,4.042395,17.173887,-10.027879,28.913473,-27.101105,-15.000033,-29.973413,-52.132225,-1.663108,59.22061,-2.4639854,15.000033,1.7668722,-8.312279,26.576124,-40.2903,-4.8196077,-30.879482,-32.370155,10.485746,-1.9273642,1.2399586,-8.500206,-4.062054,15.768134,-54.0574,15.959402,-4.425722,5.4070177
588,-17.796249389648438,31.001323699951172,66.61414337158203,6.441471489545079,-4.65983684656024,-12.610310351509012,3.786453,17.478916,-9.88585,28.803995,-26.260162,-15.000033,-30.240356,-51.68338,-1.682164,59.092808,-2.2667055,15.000033,1.9320841,-8.006624,26.430843,-40.67155,-4.8082175,-30.58479,-32.20243,10.823535,-1.7833481,1.1152456,-8.029298,-4.6653886,16.429771,-53.743835,15.903731,-4.437831,5.002485
589,-17.846172332763672,30.781593322753906,66.79931640625,6.296099855868561,-4.368424500666403,-12.96896660941549,3.902474,17.964508,-9.412091,28.20675,-25.246315,-15.000033,-30.988176,-50.947216,-1.1434786,59.356094,-1.5185112,15.000033,2.041156,-7.5801854,26.245075,-40.88613,-4.79827,-30.174234,-32.01808,10.947249,-1.6216494,1.0477811,-7.5142117,-5.253504,17.278728,-53.358814,15.470772,-4.385645,4.7112117
590,-17.887954711914062,30.544540405273438,67.03146362304688,6.050677496728065,-4.04873441217463,-13.468572687730198,4.2211246,18.635162,-8.731939,27.315332,-24.027267,-15.000033,-32.09012,-49.895676,-0.21051168,59.887848,-0.26787516,15.000033,2.0997236,-7.0173674,25.995739,-41.01983,-4.7924185,-29.657154,-31.778645,10.961234,-1.4473338,1.0119494,-7.002558,-5.820575,18.30955,-52.854034,14.777501,-4.286531,4.4677725
591,-17.93466567993164,30.281206130981445,67.30388641357422,5.735537242039824,-3.695065484398734,-14.047835865238724,4.558572,19.432234,-7.930324,26.403463,-22.637642,-15.000033,-33.32422,-48.58386,0.9349021,60.479103,1.2128534,15.000033,2.0714219,-6.4128017,25.709217,-41.171406,-4.787083,-29.113823,-31.5058,10.966086,-1.2819378,0.9637048,-6.497124,-6.3532047,19.445742,-52.318424,14.0440035,-4.177216,4.28586
592,-17.977439880371094,29.98691749572754,67.61260986328125,5.385071913976694,-3.3037783720563128,-14.64164430889293,4.724373,20.297039,-7.102116,25.749071,-21.116583,-15.000033,-34.4769,-47.080948,2.133348,60.926884,2.6434264,15.000033,1.9215972,-5.864493,25.416513,-41.43843,-4.774035,-28.629444,-31.221834,11.063821,-1.1469804,0.8594938,-6.0024223,-6.832343,20.6077,-51.83273,13.492379,-4.096633,4.178525
593,-18.03365707397461,29.658973693847656,67.95025634765625,5.009597407816113,-2.861385795268112,-15.28243227585068,4.7370777,21.20951,-6.25258,25.336988,-19.446463,-15.000033,-35.66788,-45.376144,3.477625,61.321484,4.1658535,15.000033,1.6537708,-5.3929834,25.10185,-41.80641,-4.756439,-28.21084,-30.93842,11.298683,-1.0475168,0.66651744,-5.5144877,-7.237887,21.837729,-51.376553,13.2233,-4.0692315,4.1660013
594,-18.09794044494629,29.29178237915039,68.30925750732422,4.577191181580706,-2.375972844493341,-15.99217124508351,4.6728497,22.223885,-5.3347807,25.055532,-17.614285,-15.000033,-36.91352,-43.429825,4.9685836,61.715996,5.8556643,15.000033,1.2869949,-4.9424114,24.756119,-42.243206,-4.735726,-27.819448,-30.630299,11.612181,-0.9735905,0.41533434,-5.043904,-7.563761,23.158186,-50.899975,13.100756,-4.069686,4.2430506
595,-18.187397003173828,28.88648223876953,68.68009948730469,4.073885595428686,-1.8835641184810368,-16.679485543087498,4.428836,23.360285,-4.4352765,25.043053,-15.699916,-15.000033,-37.880524,-41.30631,6.3773084,61.86488,7.317019,15.000033,0.8002794,-4.506778,24.429813,-42.81047,-4.693967,-27.477728,-30.271687,11.952697,-0.9238956,0.15874976,-4.6172476,-7.815739,24.464243,-50.44341,12.990659,-4.0632305,4.3801723
596,-18.282337188720703,28.447172164916992,69.06484985351562,3.499177203523157,-1.4231906828831111,-17.24395482851697,3.9043164,24.625956,-3.6554399,25.423927,-13.78005,-15.000033,-38.271454,-39.100166,7.540753,61.532658,8.144569,15.000033,0.16463897,-4.089444,24.181992,-43.55534,-4.6029954,-27.217505,-29.85807,12.2663555,-0.89547443,-0.046768803,-4.252973,-8.005304,25.649832,-50.06429,12.761871,-4.0157514,4.544104
597,-18.39316749572754,27.95958137512207,69.45162200927734,2.793480247312748,-0.9952693909400508,-17.683027868409386,3.0394094,26.09313,-3.1306396,26.291716,-11.79489,-15.000033,-37.976467,-36.533916,8.6489525,60.58832,8.040809,15.000033,-0.6463197,-3.6389217,24.042303,-44.53207,-4.436208,-27.0652,-29.424696,12.55765,-0.88069415,-0.20149091,-3.961171,-8.136441,26.74502,-49.77876,12.370077,-3.895251,4.756402
598,-18.50210952758789,27.427349090576172,69.83102416992188,1.9936452634605806,-0.6000468764786766,-18.01483581084594,1.9036406,27.701231,-2.858979,27.517725,-9.721929,-15.000033,-37.17854,-33.708595,9.843851,59.18719,7.2422695,15.000033,-1.645991,-3.1921966,24.00245,-45.674812,-4.185946,-27.009377,-29.004374,12.840283,-0.88229185,-0.32383364,-3.7337987,-8.207319,27.799341,-49.565098,11.890906,-3.72974,5.0215683
599,-18.615400314331055,26.869205474853516,70.20651245117188,1.250099134884085,-0.2494849056470861,-18.193695367869868,0.5655377,29.269049,-2.6799114,28.914713,-7.682896,-15.000033,-36.10436,-31.272617,10.875935,57.52846,6.220078,15.000033,-2.8191917,-2.8853087,24.036957,-46.84679,-3.857972,-27.026321,-28.58996,13.076104,-0.9115493,-0.38497213,-3.5612636,-8.222701,28.73106,-49.414433,11.374401,-3.5752146,5.2786727
600,-18.72657012939453,26.308753967285156,70.5617904663086,0.6947849413548833,0.07406233631120455,-18.214083667476274,-0.91521466,30.657558,-2.3677144,30.331455,-5.8155093,-15.000033,-35.023155,-29.816486,11.371637,55.81062,5.5190377,15.000033,-4.1094155,-2.8250544,24.083763,-47.914825,-3.4690711,-27.089785,-28.16819,13.231108,-0.97969687,-0.3578923,-3.4252794,-8.193141,29.44784,-49.32535,10.874835,-3.4862885,5.465492
601,-18.83506202697754,25.748384475708008,70.88102722167969,0.3864557330866697,0.39364824537835447,-18.045612071584138,-2.6484041,31.91149,-1.7286223,31.9085,-4.1171665,-15.000033,-34.102657,-29.68812,11.014096,54.16141,5.4030147,15.000033,-5.5678434,-3.0601625,24.13602,-48.938793,-3.017985,-27.219484,-27.705946,13.221435,-1.1182202,-0.2217577,-3.3147583,-8.123844,29.907393,-49.32875,10.285575,-3.49385,5.575808
602,-18.924121856689453,25.175498962402344,71.15233612060547,0.21935062709374137,0.6990284474317495,-17.727495290201627,-4.5900106,33.13032,-0.90612817,33.666183,-2.552589,-15.000033,-33.146282,-30.4245,9.913701,52.49025,5.4835067,15.000033,-7.1770864,-3.4895978,24.201958,-49.95811,-2.505861,-27.420023,-27.22238,13.0926285,-1.3117728,0.0045157713,-3.2308931,-8.0165,30.159273,-49.427307,9.621117,-3.562901,5.635795
603,-18.999109268188477,24.572553634643555,71.37821197509766,0.07604837080137633,0.9709811052578383,-17.362245719096173,-6.471878,34.267673,-0.12260218,35.299664,-1.1916167,-15.000033,-31.879456,-31.374401,8.308395,50.63311,5.3903084,15.000033,-8.768119,-3.982186,24.232527,-50.821823,-1.9653881,-27.631323,-26.75495,13.009698,-1.5007011,0.28397372,-3.1628594,-7.878783,30.245422,-49.578712,9.114741,-3.6481664,5.6305437
604,-19.054914474487305,23.92196273803711,71.56236267089844,-0.14087366185748051,1.2215685287538367,-17.056323603798933,-8.096184,35.25018,0.4370076,36.524014,-0.061765283,-15.000033,-30.113861,-31.907528,6.54199,48.345306,4.932468,15.000033,-10.158222,-4.419711,24.162485,-51.401325,-1.4505304,-27.792206,-26.312115,13.140887,-1.6244283,0.57589006,-3.0919716,-7.724096,30.199478,-49.746304,9.000288,-3.7046108,5.5468144
605,-19.118371963500977,23.238731384277344,71.69190979003906,-0.4944743134915643,1.4721367527017464,-16.832705501580712,-9.376391,36.041355,0.71051264,37.089745,0.86967176,-15.000033,-27.530825,-31.76421,4.6772428,45.116898,4.2209888,15.000033,-11.294593,-4.7474,23.944448,-51.740414,-1.0050124,-27.894821,-25.752611,13.6302595,-1.6406907,0.8954082,-2.910089,-7.5612454,29.993906,-49.94837,9.540602,-3.7357538,5.3369436
606,-19.1830997467041,22.50565528869629,71.74842071533203,-0.9246748802904002,1.7126307838988195,-16.607151004089303,-10.480668,36.688015,0.80341214,37.219994,1.6338935,-15.000033,-24.299074,-31.164923,2.6814618,41.10758,3.4314384,15.000033,-12.281912,-5.014929,23.63097,-51.934746,-0.6484488,-27.967155,-25.053595,14.365178,-1.5874687,1.2462338,-2.6356423,-7.396106,29.59932,-50.220875,10.546279,-3.7655876,5.0217805
607,-19.231000900268555,21.74112319946289,71.73558044433594,-1.3178218225947047,1.9232015529907587,-16.337139989420663,-11.605347,37.197803,0.797766,37.35427,2.1680818,-15.000033,-21.044226,-30.322094,0.82791173,37.086506,2.4831183,15.000033,-13.159016,-5.289583,23.295244,-51.931328,-0.39946464,-28.004887,-24.401875,15.129006,-1.5251617,1.571657,-2.4306707,-7.2367244,29.049582,-50.561855,11.570726,-3.7777057,4.688344
608,-19.2708740234375,20.981464385986328,71.66763305664062,-1.5455866295252743,2.0992217975761918,-16.0140902981588,-12.9275675,37.568726,0.82653934,37.92992,2.4297428,-15.000033,-18.430574,-29.61159,-0.77137935,33.925392,1.2124479,15.000033,-13.932376,-5.655419,22.988564,-51.6786,-0.2753905,-28.000103,-23.9822,15.705278,-1.5193398,1.8157728,-2.4547374,-7.096754,28.38209,-50.97323,12.168195,-3.7492652,4.421037
609,-19.317428588867188,20.22191047668457,71.5947036743164,-1.53617101431597,2.2745128801820744,-15.611226816015655,-14.546109,37.98668,1.317206,39.194187,2.418981,-15.000033,-16.582996,-29.256481,-2.322623,31.82287,-0.743122,15.000033,-14.604071,-6.1705823,22.613596,-51.068485,-0.28188866,-27.909473,-23.861528,16.114777,-1.6083298,1.932201,-2.65865,-6.9939594,27.623318,-51.532932,12.11669,-3.6503038,4.261116
610,-19.3853759765625,19.511566162109375,71.49728393554688,-1.3622385402645873,2.4317978272032366,-15.159530944909188,-16.296194,38.400112,2.094271,40.872467,2.136106,-15.000033,-15.183904,-29.126274,-3.882906,30.401966,-3.2395222,15.000033,-15.122166,-6.7953906,22.17982,-50.187145,-0.44639423,-27.784647,-23.899435,16.45427,-1.7530711,1.9686124,-2.9975889,-6.8866396,26.70809,-52.197956,11.695051,-3.4935074,4.172431
611,-19.46080780029297,18.896324157714844,71.35595703125,-1.1046513164105156,2.5120976468702625,-14.749048734601825,-17.981405,38.42226,2.4343507,42.616535,1.5692909,-15.000033,-14.273072,-29.166641,-5.2281137,29.764767,-5.7283354,15.000033,-15.475003,-7.4638577,21.87699,-49.221737,-0.7521869,-27.673336,-24.046822,16.611715,-1.9080591,1.9910069,-3.6039884,-6.8069553,25.658314,-52.851887,11.185869,-3.3322434,4.0763693
612,-19.575237274169922,18.391157150268555,71.21417236328125,-0.837806429511991,2.471917252378715,-14.456087530941305,-19.459122,37.617435,1.6372911,44.08821,0.7428706,-15.000033,-13.898461,-29.320955,-6.0997543,29.98859,-7.649921,15.000033,-15.634535,-8.121184,21.884886,-48.340874,-1.1682642,-27.66047,-24.265596,16.475573,-2.0241504,2.0780497,-4.6315665,-6.757142,24.450087,-53.345665,10.884473,-3.2128427,3.9125438
613,-19.72884750366211,17.992414474487305,71.10289764404297,-0.4672140315612931,2.2548068929449974,-14.193196528748137,-20.690725,35.38301,-0.89144826,45.300617,-0.48533285,-15.000033,-14.138892,-29.791645,-6.4774823,31.361898,-8.978757,15.000033,-15.654791,-8.862861,22.28008,-47.500942,-1.6864947,-27.763283,-24.650263,15.860111,-2.0727313,2.2572155,-6.159433,-6.742385,23.057814,-53.67343,10.937623,-3.1720345,3.676773
614,-19.906368255615234,17.67500877380371,71.03112030029297,0.0007783571124242183,1.8759192859855212,-13.980826711775515,-21.561693,32.084656,-4.4916325,46.45608,-2.12607,-15.000033,-14.923321,-30.496414,-6.4553022,33.70615,-9.937045,15.000033,-15.49908,-9.6882305,22.979887,-46.614494,-2.303086,-27.94084,-25.197138,14.876648,-2.0874481,2.4875531,-8.12124,-6.769697,21.50859,-53.8655,11.164543,-3.1775222,3.4017959
615,-20.109025955200195,17.394428253173828,70.9955062866211,0.337750687014498,1.424564697112277,-14.039480785113605,-21.975096,28.75455,-8.096034,47.478477,-3.9304044,-15.000033,-16.104145,-30.921751,-5.9282436,36.410255,-10.38409,15.000033,-15.046534,-10.382338,23.905443,-45.775204,-2.9716742,-28.164114,-25.736805,13.851247,-2.1107712,2.7403028,-10.472299,-6.8515725,19.883492,-53.808186,11.363679,-3.1705594,3.0823526
616,-20.33541488647461,17.13823127746582,71.00749969482422,0.3323938187891954,1.0284915090157418,-14.542624618688277,-22.103386,26.422596,-10.79101,48.22629,-5.563493,-15.000033,-17.564663,-30.630785,-4.8555727,38.943466,-10.22728,15.000033,-14.249425,-10.720076,24.94079,-45.059483,-3.615821,-28.398678,-26.144176,13.100877,-2.1807308,2.9883199,-13.162824,-7.0020623,18.276316,-53.401447,11.335382,-3.0910368,2.710653
617,-20.574901580810547,16.949134826660156,71.06332397460938,-0.1299500006557677,0.6845550535551256,-15.58794980817025,-22.0603,25.296354,-12.539321,48.459576,-6.9168763,-15.000033,-19.363384,-29.341324,-3.0153978,41.39539,-9.272255,15.000033,-13.108162,-10.592455,26.16469,-44.419777,-4.1682467,-28.628695,-26.531864,12.68481,-2.305176,3.2358875,-16.449516,-7.248642,16.696272,-52.54912,10.885783,-2.8762138,2.2131536
618,-20.780845642089844,16.823848724365234,71.11661529541016,-0.9267431197671843,0.3330877076164314,-17.045218567106147,-21.860237,24.878326,-13.87007,48.290203,-8.151455,-15.000033,-21.444632,-27.274403,-0.6305522,43.980095,-7.6384373,15.000033,-11.732199,-10.079018,27.58478,-43.770874,-4.5964923,-28.861967,-27.031855,12.422165,-2.4607086,3.501777,-20.285982,-7.607986,15.169979,-51.330784,10.164856,-2.5722513,1.6187416
619,-20.94625473022461,16.6955623626709,71.15493774414062,-1.8787581268976314,0.04675686055077899,-18.710439398757394,-21.658365,25.096176,-14.72258,48.034916,-9.216125,-15.000033,-23.57052,-24.918827,1.6661,46.396862,-5.707281,15.000033,-10.261732,-9.286055,28.947416,-43.13752,-4.880224,-29.115166,-27.553358,12.273846,-2.636051,3.7825112,-24.141552,-8.062902,13.786419,-49.946915,9.497582,-2.2838833,1.0657841
620,-21.09783363342285,16.53213882446289,71.16215515136719,-2.7861529060889767,-0.032375276894166964,-20.390343640202378,-21.655062,25.848995,-15.007894,48.028637,-10.070345,-15.000033,-25.681658,-22.855072,3.3669837,48.369076,-3.8623617,15.000033,-8.849949,-8.368417,29.793802,-42.42203,-5.0201364,-29.382444,-27.965685,12.176946,-2.8282447,4.079741,-27.50685,-8.545161,12.651812,-48.41422,9.220911,-2.1296759,0.6668183
621,-21.234201431274414,16.307050704956055,71.1409683227539,-3.740851543322052,0.23574904784823456,-22.16307326973738,-22.143728,27.462284,-14.628567,48.578285,-10.52642,-15.000033,-27.978064,-20.951492,4.485811,49.920555,-1.9874861,15.000033,-7.4821706,-7.3076644,29.793802,-41.522594,-5.025851,-29.658895,-28.143867,12.081949,-3.075275,4.4425044,-30.58951,-8.966835,11.718415,-46.292202,9.581618,-2.1684086,0.5469747
622,-21.36345100402832,16.049800872802734,71.06636047363281,-4.8200359773503605,0.5965157565021947,-24.109825663874243,-22.73501,29.90386,-13.696533,49.420063,-10.766769,-15.000033,-30.276066,-19.05652,5.2199163,51.164066,0.05236551,15.000033,-5.8639135,-6.108226,29.793802,-40.857513,-4.871741,-30.089632,-28.217548,12.082846,-3.3450255,4.859685,-33.310192,-9.338543,10.844563,-44.295883,10.152349,-2.3062186,0.6595755
623,-21.426223754882812,15.808063507080078,70.91688537597656,-5.737702410368486,0.9334088626384837,-26.04857207128341,-22.953108,32.47103,-12.318317,50.070374,-11.214163,-15.000033,-32.432755,-17.774063,5.5610547,51.999233,1.927681,15.000033,-4.2018614,-5.0551996,29.793802,-40.337994,-4.5501804,-30.532873,-28.221674,12.227085,-3.5779643,5.227514,-35.448116,-9.715705,9.992946,-42.60544,10.914646,-2.4742293,0.8198169
624,-21.41451072692871,15.600872039794922,70.67184448242188,-6.183711378647228,1.1915972106397847,-27.756496885285163,-22.404974,34.415825,-10.489384,50.05856,-12.170039,-15.000033,-34.370758,-17.69093,5.5954776,52.340687,3.2682092,15.000033,-2.6897154,-4.3414197,29.793802,-39.834904,-4.0933805,-30.896048,-28.271517,12.5412035,-3.7175295,5.444998,-36.574474,-10.056781,9.444099,-41.57385,11.465411,-2.6253908,0.75907946
625,-21.323152542114258,15.422977447509766,70.3511734008789,-5.908633508017563,1.424144921650029,-29.168419672453215,-20.807558,35.397175,-7.828456,49.070377,-13.733279,-15.000033,-36.27526,-19.506817,5.0684986,52.19311,3.9275062,15.000033,-1.3679599,-4.176917,29.793802,-39.405777,-3.5019433,-31.100725,-28.289698,13.11079,-3.7438974,5.4588866,-36.690243,-10.350851,9.211732,-41.145424,11.835128,-2.7598093,0.24930072
626,-21.19095802307129,15.241423606872559,69.97509002685547,-5.100371105559798,1.6619340918359968,-30.359257538421843,-18.412704,35.690826,-4.4498234,47.40007,-15.665907,-15.000033,-38.166924,-22.711813,4.1286297,51.577896,4.0293717,15.000033,-0.18435815,-4.4281187,29.793802,-39.032852,-2.7730863,-31.198751,-28.26812,13.888821,-3.6932979,5.3295407,-35.97986,-10.579704,9.241479,-41.159122,12.119612,-2.9063134,-0.5393497
627,-21.005239486694336,15.035539627075195,69.5560073852539,-4.123577312449229,1.833037326616261,-31.326861737756758,-15.729828,35.53925,-1.1082009,45.487198,-17.700674,-15.000033,-39.741535,-26.061522,3.4171038,50.415195,3.6957312,15.000033,0.76160455,-4.8099623,29.793802,-38.572735,-1.9278789,-31.227882,-28.32744,14.730407,-3.589616,5.1084256,-34.515034,-10.725897,9.47328,-41.652416,12.307374,-3.0426476,-1.1925787
628,-20.76969337463379,14.78985595703125,69.08003997802734,-3.3547580270100035,1.961354513368436,-32.12270889582182,-13.389666,35.353428,1.5308367,43.845272,-19.607632,-15.000033,-40.815342,-28.337723,3.5664017,48.651913,3.1863656,15.000033,1.3336071,-5.0153503,29.45349,-37.740906,-1.0222416,-31.173378,-28.528282,15.46795,-3.4659657,4.8468246,-32.454567,-10.754162,9.903468,-42.379417,12.459128,-3.1570168,-1.3046392
629,-20.493825912475586,14.494604110717773,68.54910278320312,-2.896553745479147,1.9957677045265712,-32.66865765725843,-11.442873,35.26616,3.280827,42.449997,-21.489588,-15.000033,-41.0496,-29.163267,5.0480237,45.946033,2.4276154,15.000033,1.500849,-4.9128556,28.93101,-36.5604,-0.10567795,-31.059423,-28.89803,16.146683,-3.315839,4.586124,-29.528324,-10.638293,10.551391,-43.753265,12.431464,-3.217471,-0.5700153
630,-20.204383850097656,14.156964302062988,67.97452545166016,-2.5340522206835656,1.9197826941089724,-32.97079759527658,-9.608786,35.085934,4.4688125,41.092373,-23.439962,-15.000033,-40.534798,-29.384848,7.46433,42.43993,1.3508769,15.000033,1.3489616,-4.696519,28.378786,-35.24711,0.8180876,-30.866333,-29.336218,16.852592,-3.1264176,4.275515,-25.746122,-10.415249,11.35962,-45.791492,12.269961,-3.2354314,0.7632231
631,-19.91668701171875,13.76064682006836,67.39088439941406,-2.173620851334294,1.7362453746102653,-33.228372955307485,-7.8780107,34.852417,5.3426075,40.05185,-25.254503,-15.000033,-39.684616,-29.56989,10.139673,38.84516,0.2534682,15.000033,1.0714127,-4.4916496,27.848139,-34.051605,1.7904949,-30.611393,-29.824518,17.508547,-2.9040792,3.8325155,-21.51949,-10.142835,12.27179,-48.11071,12.049987,-3.2458935,2.240227
632,-19.63102149963379,13.333974838256836,66.80421447753906,-1.7586400681211833,1.4751776781116595,-33.67122051444633,-6.25719,34.65525,6.186661,39.610836,-26.716423,-15.000033,-39.0414,-30.0417,12.293866,35.846684,-0.50210387,15.000033,0.87393457,-4.392112,27.354113,-33.185753,2.887819,-30.31692,-30.386341,18.031397,-2.6552548,3.1799328,-17.323381,-9.886839,13.21261,-50.271984,11.896451,-3.2757034,3.3966994
633,-19.34592628479004,12.900262832641602,66.21847534179688,-1.3147129812466274,1.138926716638734,-34.27986292959068,-4.9468293,34.599377,6.9173217,40.06293,-27.72214,-15.000033,-38.726757,-30.803003,13.673204,33.59815,-0.8851122,15.000033,0.7709737,-4.350129,26.916193,-32.5692,4.1607842,-30.040325,-31.172415,18.31036,-2.3915858,2.253469,-13.094433,-9.666627,14.264582,-52.303642,11.892128,-3.3381324,4.086998
634,-19.08695411682129,12.441003799438477,65.64302825927734,-0.8728533114333522,0.7220151717927088,-34.96961423423667,-3.864889,34.652252,7.489052,41.186275,-28.417545,-15.000033,-38.508873,-31.585798,14.66666,31.746267,-1.058911,15.000033,0.65525925,-4.312718,26.517832,-32.074715,5.628499,-29.749035,-32.230038,18.406822,-2.1030834,1.1182418,-8.683331,-9.488464,15.46032,-54.365955,11.972074,-3.4161747,4.5537953
635,-18.827327728271484,11.949602127075195,65.10275268554688,-0.40402789072194156,0.2581274546298043,-35.88626246736053,-2.6151717,34.728653,8.266514,42.481117,-28.876894,-15.000033,-38.44143,-32.153606,15.445825,30.226461,-1.0051343,15.000033,0.57056284,-4.336318,26.102938,-31.831394,7.3271704,-29.355991,-33.428772,18.478683,-1.7659367,-0.10726317,-4.4411407,-9.385468,16.639307,-56.21216,12.036844,-3.4893951,4.893166
636,-18.554656982421875,11.413725852966309,64.60699462890625,0.12573725760223842,-0.2204228695024825,-37.177220528074855,-0.80418825,34.724693,9.582541,43.448803,-29.17819,-15.000033,-38.568855,-32.299377,16.20009,28.9882,-0.6896236,15.000033,0.5691336,-4.474132,25.632757,-31.948826,9.297816,-28.805523,-34.66398,18.684395,-1.3619844,-1.3033279,-0.6792222,-9.392502,17.619577,-57.649353,11.993413,-3.5413795,5.1857743
637,-18.258020401000977,10.840375900268555,64.14665222167969,0.8088017575043773,-0.7463118495945731,-38.93582309784523,1.7799337,34.56799,11.666347,43.970535,-29.272871,-15.000033,-38.86325,-32.03259,16.81421,27.995691,-0.06580883,15.000033,0.72207934,-4.822777,25.146488,-32.28745,11.576014,-28.14411,-36.065826,19.324661,-0.87895286,-2.5502539,2.6283808,-9.52429,18.370356,-58.66344,11.726072,-3.5870128,5.4045534
638,-17.927780151367188,10.247872352600098,63.70598220825195,1.6073180180665152,-1.3059971768016594,-41.07271192001138,4.887973,34.26802,14.278339,44.291298,-29.125298,-15.000033,-39.315166,-31.436811,17.250639,27.31858,0.82147485,15.000033,1.0167278,-5.2978034,24.657064,-32.911354,14.20884,-27.358295,-37.63018,20.074331,-0.34341937,-3.8843002,5.6665745,-9.771523,18.932907,-59.39932,11.325736,-3.6355472,5.5010653
639,-17.570444107055664,9.649391174316406,63.267539978027344,2.3555254198194766,-1.8038891155315353,-43.45845790958767,8.212711,33.85512,17.025106,44.467537,-28.838402,-15.000033,-39.982185,-30.44267,17.807756,27.058678,1.8744247,15.000033,1.2493407,-5.7492228,24.117935,-33.861557,17.174948,-26.504799,-39.266006,20.58246,0.22316319,-5.0726676,8.280093,-10.121983,19.353634,-59.88459,11.004033,-3.6623452,5.5189095
640,-17.20938491821289,9.14299488067627,62.867034912109375,2.8828822660204056,-2.16427095400989,-45.95945958069591,11.469328,33.40519,19.535587,44.54748,-28.51062,-15.000033,-40.905674,-28.975964,18.76549,27.321981,2.9910803,15.000033,1.2375286,-6.014075,23.432716,-35.245224,20.419735,-25.620905,-40.775578,20.449804,0.82237136,-5.8845844,10.228201,-10.554279,19.653917,-60.000134,10.978944,-3.6604574,5.492233
641,-16.825153350830078,8.594090461730957,62.457252502441406,3.128036237552497,-2.348798636073888,-48.611110425617674,14.654183,32.981453,21.811369,44.489624,-28.113064,-15.000033,-42.13458,-26.898123,20.243534,28.201357,4.3894916,15.000033,1.1276054,-5.998137,22.501518,-37.30373,23.934975,-24.552757,-42.107914,19.414238,1.4756916,-6.363539,11.7761755,-11.097377,19.659233,-60.000134,11.441857,-3.5821433,5.4616623
642,-16.42709732055664,7.993636131286621,62.03336715698242,3.160838696222259,-2.42294917596725,-51.45030392329835,17.904558,32.557507,24.01807,44.281277,-27.599072,-15.000033,-43.564625,-24.286024,21.916912,29.645039,6.020871,15.000033,0.9884185,-5.802788,21.428442,-39.957863,27.728357,-23.469286,-43.30605,17.764128,2.1912997,-6.583347,13.08472,-11.752682,19.384508,-60.000134,12.228284,-3.434935,5.4048753
643,-16.028121948242188,7.357189655303955,61.58149719238281,3.009873723774126,-2.4823610095721422,-54.34565143931671,21.153652,32.115337,26.033602,44.029655,-27.056654,-15.000033,-45.019135,-21.378897,23.46725,31.527851,7.3990617,15.000033,0.69121003,-5.5287623,20.446873,-43.328087,31.776138,-22.902187,-44.04099,15.63387,2.9541113,-6.3695273,14.072396,-12.4886055,19.004978,-60.000134,13.023268,-3.2719455,5.2879896
644,-15.630473136901855,6.708065509796143,61.09123229980469,2.7246235501877365,-2.619700591024792,-57.17248803971093,24.331568,31.632769,27.730896,43.836357,-26.584738,-15.000033,-46.352634,-18.39557,24.725233,33.688858,8.06458,15.000033,0.12402192,-5.305957,19.782372,-47.746895,36.01286,-23.470858,-43.921898,13.113854,3.7256947,-5.545002,14.645817,-13.233723,18.701956,-60.000134,13.50371,-3.1341805,5.1004953
645,-15.24219799041748,6.143335819244385,60.586082458496094,2.3261416142789253,-2.863571303745095,-59.9934661134463,27.465597,31.070795,29.06537,43.73869,-26.244202,-15.000033,-47.66463,-15.223065,25.86416,36.313133,7.738386,15.000033,-0.68624413,-5.170468,19.466358,-53.98992,40.36434,-25.520813,-42.955948,9.603706,4.6211877,-3.7094238,14.758455,-13.910462,18.382978,-60.000134,13.455311,-3.0063527,4.8755026
646,-14.877276420593262,5.610942840576172,60.05988311767578,1.7907111310714374,-3.1809745887924015,-62.84391530393603,30.574678,30.48367,30.095806,43.676563,-25.982513,-15.000033,-48.96416,-11.761933,26.954828,39.374165,6.744837,15.000033,-1.7289569,-5.1296897,19.423763,-62.11025,44.721943,-29.069933,-41.36527,5.121213,5.461278,-1.0193268,14.418842,-14.488039,18.03055,-60.000134,13.075102,-2.8467255,4.658609
647,-14.51724624633789,5.07220458984375,59.5501823425293,1.118461760113826,-3.5577910709369167,-65.56089571848676,33.564,29.975977,30.851051,43.61313,-25.73683,-15.000033,-50.03907,-8.282505,27.782974,42.380016,5.530868,15.000033,-3.270451,-5.218877,19.67544,-70.82626,48.88177,-34.037476,-39.404022,1.0921594,5.8394237,1.7669809,13.350084,-15.003039,18.034153,-59.73526,12.641082,-2.6722085,4.4596095
648,-14.191521644592285,4.520565032958984,59.085655212402344,0.3055805918909628,-3.9759597436838936,-67.97651510295637,36.349163,29.64424,31.375854,43.51899,-25.449383,-15.000033,-50.724064,-5.0916324,28.154613,44.85622,4.528122,15.000033,-5.340411,-5.3761554,20.200363,-79.30541,52.69056,-40.133816,-36.98863,-1.420839,5.583588,3.775256,11.518779,-15.511697,18.580837,-59.077957,12.444457,-2.5169854,4.255778
649,-13.89454174041748,3.9699506759643555,58.67448425292969,-0.7217629716424405,-4.5003075740305345,-70.08585220382817,39.03464,29.513433,31.669502,43.359123,-25.080765,-15.000033,-50.919895,-2.2102425,27.980616,46.664745,3.7973177,15.000033,-7.9113994,-5.496093,21.132484,-87.57227,56.070732,-47.4045,-34.38205,-1.6982538,4.732603,4.503321,9.062701,-16.104204,19.585693,-58.210365,12.776465,-2.3987653,3.9023435
650,-13.620725631713867,3.431131362915039,58.314144134521484,-1.9291729143600989,-5.110376401018009,-71.95480145067647,41.608498,29.543354,31.72652,43.18193,-24.687366,-15.000033,-50.805824,0.46942863,27.435081,48.05754,3.1280475,15.000033,-10.8906975,-5.5449767,22.40316,-96.08705,58.96928,-55.658596,-31.709671,-0.46100846,3.4574168,4.455881,6.062668,-16.797155,20.8835,-57.213997,13.4069195,-2.3067546,3.421502
651,-13.389378547668457,2.9109721183776855,58.010990142822266,-3.1535706534748837,-5.653525722505488,-73.52699488541474,43.82928,29.723495,31.595552,43.07975,-24.34612,-15.000033,-50.638992,2.8280005,26.711193,49.16838,2.5280252,15.000033,-14.159549,-5.548633,23.723738,-104.189384,61.302734,-64.19655,-28.573627,1.679505,1.8818727,4.284035,2.6307912,-17.570662,22.511192,-56.09575,13.8535595,-2.205221,3.0347946
652,-13.203144073486328,2.418316602706909,57.76988220214844,-4.241625971088359,-5.975017987178757,-74.75968801904898,45.46769,30.04418,31.330729,43.144936,-24.125786,-15.000033,-50.65567,4.759977,25.985657,50.139835,1.9855156,15.000033,-17.550066,-5.517014,24.820547,-111.15043,63.034077,-72.379684,-24.307655,4.1169233,0.16547173,4.5827017,-1.0782312,-18.380281,24.486586,-54.902355,13.649272,-2.0555654,2.9659486
653,-13.060935020446777,1.951546549797058,57.591705322265625,-5.194097940285541,-6.00085527467585,-75.58606040681566,46.381542,30.55501,30.807577,43.43903,-24.072393,-15.000033,-50.908062,6.2005577,25.233627,50.983013,1.4912134,15.000033,-21.15193,-5.4510274,25.64864,-116.73213,64.17082,-80.83739,-17.501438,6.9841547,-1.7987633,5.6372337,-5.087773,-19.197628,27.07122,-53.611393,12.912189,-1.903615,3.3964853
654,-12.949776649475098,1.5072296857833862,57.45962905883789,-6.084508399846922,-5.812590500620853,-76.06342790824813,46.721317,31.24254,30.043938,43.90959,-24.141249,-15.000033,-51.273273,7.2283998,24.385757,51.647182,1.0390471,15.000033,-24.878569,-5.3794227,26.365314,-121.52813,64.70888,-89.90249,-8.473857,10.57047,-3.9403324,7.234314,-9.31349,-19.939152,30.088194,-52.38469,11.850565,-1.7798616,4.1439295
655,-12.84997272491455,1.1115596294403076,57.35880661010742,-6.884826957493033,-5.4908406357541315,-76.34106845678112,46.713192,31.99216,29.3065,44.46888,-24.270945,-15.000033,-51.71357,7.9630985,23.536562,52.18072,0.645293,15.000033,-28.293911,-5.337539,27.009342,-125.74529,64.673904,-98.260315,0.7609185,14.308564,-5.8239617,9.061486,-13.458415,-20.502405,32.87501,-51.468807,10.114267,-1.6102737,4.9471006
656,-12.748456001281738,0.7724480628967285,57.27445983886719,-7.559277278414966,-5.123397219432749,-76.56716545767404,46.59938,32.693302,28.877605,45.0252,-24.396715,-15.000033,-52.185734,8.529349,22.79443,52.632534,0.31684995,15.000033,-31.03704,-5.3250256,27.609928,-128.90001,64.21448,-103.929726,8.200576,17.737005,-7.1475368,10.576975,-17.358246,-20.865341,34.833874,-50.917873,7.3244724,-1.3014827,5.579677
657,-12.636038780212402,0.48311537504196167,57.20990753173828,-8.113110127267642,-4.660975763531631,-76.72230893265491,46.317047,33.3897,28.808992,45.623043,-24.551828,-15.000033,-52.727978,8.893267,22.147932,52.98553,0.06800745,15.000033,-33.09384,-5.2235885,28.167976,-130.7958,63.536915,-106.28049,14.039329,20.937265,-8.060007,11.407297,-21.002028,-21.086208,35.831207,-50.85358,2.6010804,-0.76451063,6.185749
658,-12.528486251831055,0.22090043127536774,57.171695709228516,-8.557586120445098,-4.083093689878841,-76.75422653398815,45.797264,34.1146,28.964266,46.280537,-24.748852,-15.000033,-53.339222,9.011954,21.551722,53.233253,-0.107500724,15.000033,-34.66517,-5.073921,28.69999,-131.33922,62.79077,-106.147026,19.201311,24.084358,-8.749429,11.7637005,-24.514532,-21.237793,36.20293,-51.13967,-3.6399207,-0.10703971,6.9024916
659,-12.41800308227539,-0.006388611625880003,57.15613555908203,-8.876525202196074,-3.520338323010643,-76.75615676029773,45.28041,34.74899,29.358149,46.871525,-24.893326,-15.000033,-53.906273,9.018926,21.084862,53.427982,-0.24943116,15.000033,-35.746616,-5.012362,29.219267,-130.7341,62.075256,-103.99946,22.842897,26.41447,-9.113502,11.823612,-28.036411,-21.377066,36.099625,-51.30674,-9.791446,0.55275095,7.4554234
660,-12.303655624389648,-0.19427631795406342,57.164161682128906,-9.055838683120033,-3.1036141777568638,-76.81961309878905,45.00242,35.17062,30.007444,47.2762,-24.89687,-15.000033,-54.332558,9.027674,20.794582,53.617634,-0.36916223,15.000033,-36.320854,-5.1078563,29.714897,-129.08327,61.42873,-100.11864,24.059761,27.235529,-9.024673,11.781855,-31.687193,-21.54538,35.734737,-50.862328,-14.312935,1.1915736,7.5050735
661,-12.19326400756836,-0.35545241832733154,57.19523620605469,-9.022671913823174,-2.79322862487767,-77.01079004541167,44.961067,35.265915,31.058672,47.441154,-24.745735,-15.000033,-54.665802,9.060016,20.7797,53.78938,-0.45147565,15.000033,-36.417343,-5.3835206,29.793802,-126.23185,60.840134,-93.98815,21.87978,25.688046,-8.268389,11.870933,-35.425976,-21.714418,35.237423,-49.706097,-16.382965,1.9312484,6.709764
662,-12.090034484863281,-0.4870973527431488,57.24549102783203,-8.839310222443297,-2.594339037449007,-77.25905328410614,45.134796,35.145638,32.491817,47.411915,-24.471807,-15.000033,-54.873398,9.078157,20.953821,53.920124,-0.49641812,15.000033,-36.015728,-5.773894,29.793802,-122.61339,60.271797,-85.812775,16.92706,22.391768,-6.9653277,12.032643,-39.325695,-21.925413,34.450256,-48.12968,-16.980404,2.7878215,5.3220325
663,-12.006726264953613,-0.588187575340271,57.308937072753906,-8.562330791390117,-2.475757515943756,-77.47401501113018,45.343426,34.93332,33.934875,47.34715,-24.113052,-15.000033,-54.997856,9.040753,21.220638,54.061222,-0.52802664,15.000033,-35.289215,-6.162469,29.793802,-118.17377,59.657375,-76.714775,10.728081,18.913435,-5.429796,12.10039,-43.42077,-22.214575,33.596626,-45.89096,-17.16264,3.6036692,3.7232528
664,-11.938892364501953,-0.6728118658065796,57.3803825378418,-8.225923045493925,-2.3841502026404306,-77.56926469955988,45.375195,34.747562,35.00528,47.416306,-23.712317,-15.000033,-55.113888,8.894765,21.498537,54.268944,-0.56157106,15.000033,-34.489468,-6.459345,29.793802,-112.62469,58.91412,-67.69046,4.757574,16.769289,-3.9603343,11.778362,-47.766415,-22.561853,32.972298,-42.72162,-17.969196,4.2588167,2.3119771
665,-11.893925666809082,-0.7276105284690857,57.451778411865234,-7.82572239727497,-2.334803798808017,-77.5739155415258,45.2896,34.57359,35.747837,47.606644,-23.27342,-15.000033,-55.23203,8.667391,21.803307,54.55997,-0.5890856,15.000033,-33.699482,-6.682491,29.793802,-105.57268,57.874813,-58.572918,-1.133665,16.445097,-2.4338214,10.809405,-52.580597,-22.90784,32.796474,-38.479836,-20.023811,4.807871,1.3017869
666,-11.878104209899902,-0.753137469291687,57.525001525878906,-7.339858334416794,-2.341233365205051,-77.51677796035497,45.149864,34.360012,36.312424,47.844624,-22.774456,-15.000033,-55.326103,8.365474,22.16888,54.901684,-0.6003965,15.000033,-32.86378,-6.904662,29.793802,-97.4215,56.309193,-49.13698,-7.7721086,17.03664,-0.75239766,9.416198,-57.81154,-23.1866,32.938023,-33.3778,-22.64193,5.288671,0.44752094
667,-11.88470458984375,-0.7538394331932068,57.606624603271484,-6.782409810419023,-2.3480791244742703,-77.31012189273709,44.761044,34.176197,36.48416,48.20905,-22.218204,-15.000033,-55.411453,7.9165106,22.562532,55.280285,-0.6279344,15.000033,-32.026104,-7.1727433,29.793802,-89.02586,54.043938,-40.298553,-14.563016,17.943228,0.7523326,7.928432,-63.08902,-23.335976,33.116688,-27.66425,-24.909407,5.5894694,-0.52597046
668,-11.929813385009766,-0.7201856374740601,57.7008056640625,-6.167864619014551,-2.310521470964472,-76.86317188982137,43.94233,34.091583,36.05395,48.77754,-21.60821,-15.000033,-55.505527,7.230526,22.924597,55.678024,-0.6825874,15.000033,-31.167303,-7.556349,29.793802,-81.259186,51.036446,-32.982754,-20.659271,18.602367,1.7807931,6.6834846,-68.017105,-23.328024,32.966393,-21.496046,-25.946226,5.5834365,-1.8785675
669,-12.00683879852295,-0.6670613884925842,57.81523513793945,-5.459148056997773,-2.2308875247654774,-76.15005684954627,42.65884,34.06542,34.958893,49.55809,-20.90335,-15.000033,-55.63443,6.2723746,23.285372,56.134205,-0.774725,15.000033,-30.238646,-8.126571,29.793802,-73.85392,47.240753,-27.278305,-25.922123,18.999699,2.1890776,5.686078,-72.66529,-23.157791,32.50915,-14.129259,-25.171856,5.035798,-3.8724012
670,-12.114086151123047,-0.5940610766410828,57.949275970458984,-4.660935256373245,-2.1420735849002503,-75.21533781138221,41.015545,34.055325,33.32954,50.510513,-20.113752,-15.000033,-55.78825,5.080537,23.661,56.63537,-0.88612133,15.000033,-29.166416,-8.84607,29.793802,-66.56135,42.61969,-22.972778,-30.653255,19.49945,2.1586142,4.787137,-77.13244,-22.87138,31.779871,-5.6322994,-23.281332,3.9763083,-6.2246313
671,-12.24935531616211,-0.5116559267044067,58.1036262512207,-3.8535904789789837,-2.0485579581844564,-74.07229592009998,39.041985,34.11899,31.242844,51.631725,-19.312078,-15.000033,-55.908104,3.7073655,24.002462,57.094055,-1.0275592,15.000033,-27.891806,-9.476228,29.793802,-59.824963,37.37913,-19.99723,-34.719482,20.137186,1.8685338,3.9856973,-81.21367,-22.608059,30.573147,2.7653105,-21.292366,2.743187,-8.437919
672,-12.410418510437012,-0.4094904661178589,58.27851104736328,-3.1180293862653916,-1.9436861591502885,-72.73634780261364,36.74747,34.30034,28.750769,52.91095,-18.57597,-15.000033,-55.950207,2.1867316,24.233656,57.426067,-1.1870608,15.000033,-26.460669,-9.790342,29.793802,-53.993465,31.90037,-18.067097,-38.036926,20.828798,1.4982448,3.2642577,-84.711266,-22.543951,28.75614,9.71478,-20.097332,1.7836227,-10.133746
673,-12.595248222351074,-0.29974204301834106,58.4758415222168,-2.4269371780919173,-1.8058106220521202,-71.17259515718523,33.99575,34.538315,25.660446,54.43336,-17.783352,-15.000033,-55.916584,0.4785075,24.379908,57.6161,-1.3763595,15.000033,-24.955462,-9.80795,29.793802,-48.556953,26.523016,-16.936224,-40.868603,21.432896,1.0628543,2.672865,-87.79728,-22.775393,26.21041,15.228874,-20.046364,1.2634573,-11.254051
674,-12.806720733642578,-0.17821967601776123,58.68727111816406,-1.7429927667405458,-1.6453649257928553,-69.38472511582646,30.81541,34.734524,22.006792,56.16051,-16.933702,-15.000033,-55.835228,-1.4283903,24.467625,57.70546,-1.5896536,15.000033,-23.57404,-9.674159,29.793802,-42.814964,21.424686,-16.455158,-43.578197,21.86578,0.4842597,2.208872,-90.19486,-23.377762,23.131374,19.405615,-20.511992,0.9977726,-12.060331
675,-13.037740707397461,-0.05588196963071823,58.910316467285156,-1.1232205070788135,-1.4503395687571474,-67.44633383745521,27.372852,34.902454,18.129604,57.925335,-16.293488,-15.000033,-55.737648,-3.4510953,24.437397,57.693035,-1.7934597,15.000033,-22.193586,-9.357911,29.793802,-37.21915,16.699081,-16.673304,-45.979836,22.048414,-0.17546079,1.8128237,-91.91702,-24.273876,19.75018,22.132729,-20.836712,0.90517485,-12.660432
676,-13.29465389251709,0.06935805827379227,59.13705062866211,-0.6334417475690651,-1.2352906994650805,-65.43198925559268,23.862713,35.109173,14.342377,59.546352,-16.124062,-15.000033,-55.61308,-5.4893193,24.219166,57.588238,-1.9667726,15.000033,-20.75833,-8.806571,29.793802,-32.282837,12.419539,-17.360693,-47.777508,21.962845,-0.84647244,1.3849505,-92.81823,-25.355757,16.314255,23.071617,-20.399826,0.8788542,-13.145582
677,-13.561290740966797,0.20602966845035553,59.36083221435547,-0.27205270160735373,-1.0142466655084303,-63.33383970416513,20.247114,35.216774,10.337827,61.02112,-16.618475,-15.000033,-55.436993,-7.545976,23.800276,57.414867,-2.1269774,15.000033,-19.225176,-8.000272,29.793802,-27.96144,8.671332,-18.220774,-48.740868,21.47497,-1.5093149,0.9373818,-92.94517,-26.529366,12.588011,21.824556,-18.736761,0.88082725,-13.575039
678,-13.845175743103027,0.3459867537021637,59.57620620727539,-0.017102392452385252,-0.7898742317355828,-61.12859531140962,16.497614,35.21405,6.067323,62.42361,-17.589922,-15.000033,-55.185894,-9.645503,23.202099,57.170536,-2.2825797,15.000033,-17.67096,-7.0277233,29.793802,-24.038425,5.5180764,-19.140036,-48.96406,20.632704,-2.150201,0.5291594,-92.39631,-27.727743,8.448382,18.706999,-16.287855,0.9423335,-13.872557
679,-14.149941444396973,0.4913659393787384,59.78639602661133,0.09475096430672313,-0.5449534041665655,-58.85816898068238,12.705457,35.442123,2.1278722,63.67203,-18.71734,-15.000033,-54.853188,-11.73153,22.3899,56.826405,-2.4011598,15.000033,-16.159996,-5.9479036,29.793802,-20.786434,2.9638536,-20.09321,-48.69154,19.712107,-2.7167416,0.12935837,-91.31811,-28.853064,4.3436913,14.660417,-13.783867,1.0745101,-13.937244
680,-14.472537994384766,0.631641149520874,59.996925354003906,0.026618777831809215,-0.25814037011153856,-56.55644255725835,8.849252,36.283176,-0.9691534,64.662315,-19.674192,-15.000033,-54.429733,-13.751265,21.331167,56.361217,-2.4556775,15.000033,-14.77797,-4.796455,29.793802,-18.483244,0.96052456,-21.079466,-48.177624,18.99708,-3.1769507,-0.31245902,-89.94256,-29.80331,0.7905979,10.714071,-11.950354,1.307716,-13.686618
681,-14.812326431274414,0.783115804195404,60.201812744140625,-0.3275482059439094,0.10958458822703891,-54.16630368807007,4.623533,38.32305,-3.064436,65.41431,-20.539917,-15.000033,-53.893078,-15.678642,19.871964,55.799103,-2.4628077,15.000033,-13.529044,-3.422184,29.793802,-17.342722,-0.5017854,-22.049082,-47.307316,18.612644,-3.5375211,-0.91335344,-88.55525,-30.477621,-2.0374806,7.177895,-11.295908,1.7595007,-12.984092
682,-15.156801223754883,0.9398177266120911,60.401390075683594,-0.9228932583758567,0.5228132618091744,-51.71094337193993,-0.022749228,41.221233,-4.6131406,65.902405,-21.468994,-15.000033,-53.19059,-17.503803,18.061792,55.165497,-2.4496577,15.000033,-12.463805,-1.8862537,29.793802,-17.107037,-1.423128,-22.846968,-46.100903,18.43577,-3.8175957,-1.608811,-86.934425,-30.874352,-4.4231753,3.4108644,-11.285015,2.3883479,-11.933251
683,-15.462621688842773,1.1008589267730713,60.607425689697266,-1.5521180425218717,0.9172732068436711,-49.32845034277256,-4.6859636,43.989162,-5.9287972,66.00131,-22.22903,-15.000033,-52.332676,-19.228775,16.177948,54.444214,-2.3983104,15.000033,-11.461836,-0.44536793,29.793802,-17.527111,-1.8963335,-23.582083,-44.840546,18.28517,-4.013987,-2.1836958,-85.13533,-30.962933,-6.4628773,-0.30346277,-11.465636,2.9805233,-10.810614
684,-15.739639282226562,1.2681382894515991,60.84598922729492,-2.0170451285173217,1.2451577979082429,-47.123610373276506,-8.837263,45.69484,-7.1742663,65.65204,-22.514053,-15.000033,-51.351444,-20.897654,14.477287,53.568054,-2.2596257,15.000033,-10.485459,0.653869,29.793802,-18.333712,-2.0808303,-24.372608,-43.79831,18.041828,-4.128878,-2.4498646,-83.14058,-30.727852,-8.210521,-3.7709532,-11.298613,3.339836,-9.909853
685,-15.966814994812012,1.4522994756698608,61.1102409362793,-2.290695767564537,1.5021081867523343,-45.0823466919246,-12.28633,45.97746,-8.450382,64.75595,-21.984625,-15.000033,-50.25598,-22.537207,12.978463,52.526054,-2.0395334,15.000033,-9.502727,1.3931421,29.793802,-19.826307,-2.08719,-25.323284,-42.855877,17.736216,-4.15282,-2.3520057,-80.8224,-30.159958,-9.523484,-6.9962883,-10.57174,3.3901427,-9.325543
686,-16.1497802734375,1.653183937072754,61.39737319946289,-2.4747825220059596,1.7307699805309833,-43.14062085435735,-15.197807,45.482334,-9.521739,63.412086,-20.867947,-15.000033,-49.04621,-24.135214,11.538322,51.32993,-1.7426732,15.000033,-8.566596,1.8955635,29.793802,-21.965345,-2.0103056,-26.527155,-41.919403,17.613207,-4.102203,-2.0018482,-78.174416,-29.244583,-10.385191,-10.1290655,-9.584143,3.2461038,-8.903005
687,-16.291465759277344,1.885218858718872,61.70563507080078,-2.5804915305748044,1.9454713962591867,-41.30120818084258,-17.548914,44.81915,-10.02761,61.883698,-19.678946,-15.000033,-47.747204,-25.704672,10.144199,49.95752,-1.3133018,15.000033,-7.689097,2.2630055,29.793802,-24.606092,-1.8041143,-27.371363,-40.893124,17.085278,-4.031778,-1.5993758,-75.37972,-28.045006,-10.979103,-13.1471815,-8.623877,3.0122645,-8.551972
688,-16.39507484436035,2.13620662689209,62.02519607543945,-2.6049996398934994,2.189772912163521,-39.570797545603554,-19.393398,44.528507,-9.602142,60.44011,-18.917154,-15.000033,-46.419945,-27.258356,8.802767,48.390255,-0.72100616,15.000033,-7.0161,2.445744,29.793802,-26.709522,-1.6202388,-28.230953,-40.261524,16.713657,-3.9727354,-1.1680593,-72.75597,-26.531267,-11.491149,-15.951556,-7.9089055,2.7885303,-8.201081
689,-16.449024200439453,2.433093547821045,62.352149963378906,-2.5429399896990272,2.4718862938987365,-37.94009474574066,-20.679491,44.882942,-7.7760615,59.251984,-18.765387,-15.000033,-45.062725,-28.807455,7.5022964,46.598667,0.026397573,15.000033,-6.52765,2.4725745,29.793802,-28.44757,-1.5170734,-28.928995,-39.896217,16.286644,-3.937427,-0.74435395,-70.29504,-24.697557,-11.909019,-18.513855,-7.5678515,2.577844,-7.7978234
690,-16.44902801513672,2.7578537464141846,62.705657958984375,-2.400150949604346,2.781413270067317,-36.396918018803696,-21.365349,45.527054,-4.817936,58.161133,-18.914942,-15.000033,-43.65566,-30.344627,6.223008,44.600132,0.9110522,15.000033,-6.1950336,2.349275,29.793802,-30.147882,-1.5136666,-29.494244,-39.636406,15.848835,-3.9083369,-0.30066663,-67.85012,-22.55274,-12.087638,-20.905457,-7.46585,2.3273923,-7.384666
691,-16.394624710083008,3.1284940242767334,63.05720138549805,-2.197127249311447,3.0938154727146667,-34.94979879435668,-21.519758,46.0255,-1.4972334,56.943054,-19.147503,-15.000033,-42.196,-31.857103,4.9451857,42.429386,2.0099292,15.000033,-6.0095487,2.1058557,29.793802,-31.774958,-1.5883776,-29.886591,-39.338665,15.537546,-3.8826709,0.08996323,-65.426025,-20.180332,-12.064071,-23.2193,-7.482939,2.0568087,-6.9975924
692,-16.28266143798828,3.5436301231384277,63.40469741821289,-1.952443238864354,3.3786302183572756,-33.61645795733466,-21.317694,45.956825,1.3229487,55.345623,-19.270678,-15.000033,-40.684673,-33.32876,3.6627767,40.125656,3.396155,15.000033,-5.928331,1.7738065,29.793802,-33.26514,-1.6991227,-30.121262,-38.887184,15.487674,-3.8510234,0.36822602,-63.038403,-17.70918,-11.912139,-25.512897,-7.4731083,1.7894146,-6.673135
693,-16.132186889648438,3.995049476623535,63.76525115966797,-1.6132701586345974,3.6266473254238867,-32.41919807749183,-20.63365,45.091278,3.4533458,52.9878,-19.310745,-15.000033,-39.12555,-34.800335,2.404552,37.63379,5.081182,15.000033,-5.8999786,1.3173877,29.793802,-34.562874,-1.8318987,-30.263205,-38.27756,15.817343,-3.8075485,0.5160092,-60.6846,-15.2158575,-11.680315,-27.714764,-7.372562,1.5290734,-6.4432077
694,-15.95109748840332,4.4621148109436035,64.15373992919922,-1.193435816791591,3.8451946686741865,-31.356196379503604,-19.516226,43.679752,5.1818566,50.068787,-19.382788,-15.000033,-37.5093,-36.252888,1.1580327,34.940784,7.040184,15.000033,-5.8973107,0.759705,29.793802,-35.705097,-1.9981165,-30.346146,-37.573757,16.413284,-3.754283,0.5811388,-58.348507,-12.729044,-11.338785,-29.781065,-7.2241344,1.2683983,-6.285771
695,-15.73913288116455,4.948070049285889,64.55081939697266,-0.8100735467997583,4.048762037917179,-30.407597543748793,-18.456583,42.09784,6.378959,47.21153,-19.431412,-15.000033,-35.854027,-37.578903,-0.1277563,32.169094,9.275735,15.000033,-5.9037538,0.21611251,29.713541,-36.726036,-2.1933308,-30.35965,-36.73444,17.046694,-3.6991901,0.61572015,-56.049824,-10.320354,-10.87411,-31.713966,-7.0219555,1.0124974,-6.1543365
696,-15.507011413574219,5.4436821937561035,64.95498657226562,-0.5698960775632728,4.280891399798509,-29.537250461267664,-17.937761,40.74747,7.0532513,45.079514,-19.376455,-15.000033,-34.220272,-38.689217,-1.4900904,29.456078,11.780725,15.000033,-5.9223475,-0.19725342,29.403204,-37.603252,-2.4239712,-30.305752,-35.726593,17.496538,-3.6531296,0.67400706,-53.83497,-8.076125,-10.28519,-33.449253,-6.7539167,0.7669191,-6.0071874
697,-15.260912895202637,5.956027030944824,65.36402893066406,-0.5504483137739619,4.465640225976668,-28.766358618634225,-17.986282,39.78326,7.1684823,43.905476,-19.215721,-15.000033,-32.457195,-39.529877,-3.0798442,26.736721,14.676624,15.000033,-5.936682,-0.39064145,29.12111,-38.427658,-2.6826694,-30.17159,-34.602146,17.715744,-3.6027393,0.74243176,-51.83338,-6.084269,-9.612301,-35.051266,-6.2894006,0.5472884,-5.877395
698,-15.014105796813965,6.490551471710205,65.78331756591797,-0.666687141938007,4.610451892045358,-28.096863034844635,-18.358648,39.00196,6.8110437,43.357956,-18.985027,-15.000033,-30.63162,-40.154774,-4.7856903,24.011349,17.898277,15.000033,-5.934255,-0.42159078,28.860836,-39.163307,-2.9715292,-29.987623,-33.399967,17.812565,-3.5489757,0.8062128,-50.06838,-4.3789616,-8.913426,-36.444416,-5.638632,0.35874733,-5.792519
699,-14.78112506866455,7.039365291595459,66.21504974365234,-0.7825450764960077,4.739918585906152,-27.45964923696831,-18.94984,38.270477,6.262025,43.2564,-18.626257,-15.000033,-28.989902,-40.664837,-6.2294683,21.552694,21.109634,15.000033,-5.912297,-0.3916888,28.646875,-39.91952,-3.2753491,-29.786303,-32.183937,17.865925,-3.5083451,0.8790902,-48.580242,-2.9707978,-8.269746,-37.680748,-5.032224,0.22051044,-5.6754017
700,-14.564956665039062,7.584867477416992,66.66658020019531,-0.7651615062799092,4.878105926098482,-26.7904602568181,-19.655775,37.46025,5.795758,43.403843,-18.079088,-15.000033,-27.789598,-41.191494,-7.0281453,19.649693,23.9603,15.000033,-5.8700476,-0.40818378,28.504208,-40.794434,-3.5645278,-29.597746,-31.033089,17.95581,-3.4964767,0.9760441,-47.39873,-1.855156,-7.7444386,-38.82687,-4.706097,0.14923775,-5.4458528
701,-14.349601745605469,8.124756813049316,67.13887023925781,-0.537969257704421,5.042354750255828,-26.06981195661543,-20.483553,36.50927,5.573115,43.847416,-17.340847,-15.000033,-27.269268,-41.909626,-6.9358926,18.501682,26.532135,15.000033,-5.822355,-0.5280487,28.426235,-41.782135,-3.8086803,-29.424194,-29.983494,18.077063,-3.5306075,1.1247861,-46.548313,-1.038932,-7.372068,-39.94316,-4.8356194,0.18292509,-5.011183
702,-14.1370267868042,8.67042350769043,67.63858032226562,-0.15597414881230076,5.221421933268203,-25.33922936462467,-21.465912,35.444202,5.4621997,44.64184,-16.40658,-15.000033,-27.388573,-42.737892,-6.0461106,18.048832,28.842316,15.000033,-5.769481,-0.70710087,28.398302,-42.801582,-3.9956174,-29.255314,-29.04198,18.19038,-3.5972657,1.3156753,-46.022385,-0.5193504,-7.1314354,-40.987408,-5.2532682,0.29546097,-4.449073
703,-13.922243118286133,9.21180248260498,68.1583023071289,0.28690859935232094,5.352132202180857,-24.590391569085863,-22.54082,34.296654,5.2005124,45.628525,-15.255551,-15.000033,-28.190042,-43.43612,-4.335646,18.73591,30.000067,15.000033,-5.718805,-0.8807941,28.471992,-43.836132,-4.125485,-29.103273,-28.236979,18.323568,-3.6638887,1.5052224,-45.786438,-0.24741705,-6.999846,-41.889797,-5.6853,0.41462246,-3.9373012
704,-13.730433464050293,9.724320411682129,68.6729965209961,0.6622824955682426,5.375525165226061,-23.817408700777467,-23.654106,33.12449,4.5073967,46.658634,-13.893008,-15.000033,-28.986427,-43.750397,-2.3804913,19.919727,30.000067,15.000033,-5.681686,-0.9654248,28.694487,-44.88572,-4.2053504,-28.971277,-27.571213,18.508133,-3.6983325,1.6473582,-45.795403,-0.14877254,-6.945386,-42.582005,-5.869935,0.472605,-3.64207
705,-13.583924293518066,10.211921691894531,69.1837158203125,0.9384410141182326,5.454757088769432,-23.159860226149313,-24.881065,31.98309,3.5370715,47.73878,-12.188951,-15.000033,-28.812557,-43.446068,-0.7302967,19.633575,30.000067,15.000033,-5.5310497,-0.94145745,28.934214,-45.986786,-4.212483,-28.848894,-27.049961,18.84193,-3.6897042,1.7221717,-46.04048,-0.18456243,-6.9648747,-43.12514,-5.7322545,0.4406533,-3.6004589
706,-13.457115173339844,10.662038803100586,69.6642074584961,1.1794262082761786,5.563360925286664,-22.568067526731454,-26.20638,30.801607,2.377599,48.92517,-10.193843,-15.000033,-27.927004,-42.78131,0.7929291,18.286932,30.000067,15.000033,-5.3257895,-0.85401064,29.209732,-47.15059,-4.16049,-28.700716,-26.646091,19.274137,-3.6594281,1.744016,-46.549126,-0.38474163,-7.062702,-43.52299,-5.420721,0.35847393,-3.7230403
707,-13.343148231506348,11.126665115356445,70.12823486328125,1.465624677618907,5.67651099110718,-22.009549386580694,-27.50055,29.473406,1.0757468,50.036526,-8.132662,-15.000033,-26.79093,-42.15482,2.0255442,16.604458,30.000067,15.000033,-5.128676,-0.7934978,29.524635,-48.279034,-4.0509863,-28.561562,-26.396025,19.662699,-3.621008,1.7645583,-47.210087,-0.6816701,-7.178431,-43.786945,-5.0450377,0.2485963,-3.9312568
708,-13.231195449829102,11.623400688171387,70.55018615722656,1.868732919764975,5.7586515956808135,-21.43539743613554,-28.646837,27.924622,-0.35352358,50.931446,-6.242688,-15.000033,-26.505013,-41.857136,3.1921718,16.41265,29.268011,15.000033,-5.0376325,-0.84469396,29.793802,-49.251564,-3.921615,-28.413973,-26.259367,19.838568,-3.5957336,1.818455,-47.939014,-0.99558955,-7.2487564,-43.802082,-4.7137456,0.13084033,-4.1553154
709,-13.12142562866211,12.16251277923584,70.9333267211914,2.504181292647174,5.910700614125373,-20.842605489927877,-29.70157,25.857262,-1.9914312,51.55288,-4.3848066,-15.000033,-26.948084,-42.028904,3.9647133,17.146357,28.569468,15.000033,-5.079808,-1.1277341,29.793802,-50.022903,-3.8091369,-28.22866,-26.150295,19.709621,-3.5988913,1.9151535,-48.74318,-1.2700253,-7.2658215,-43.45359,-4.4443545,-0.017455732,-4.3768544
710,-13.010735511779785,12.708857536315918,71.26899719238281,3.2905101846950733,6.064649063253768,-20.28175903132063,-30.586262,23.473324,-3.7383237,52.007183,-2.5300047,-15.000033,-27.763538,-42.42526,4.4549727,18.367952,27.841644,15.000033,-5.1660647,-1.5843645,29.793802,-50.80156,-3.7043319,-28.01026,-26.069908,19.412308,-3.6121974,2.0216942,-49.636066,-1.5070096,-7.2681713,-42.968784,-4.209855,-0.1966316,-4.599427
711,-12.900768280029297,13.258346557617188,71.54613494873047,4.0226963495020716,6.204403081220109,-19.85573854058335,-31.256012,21.427246,-5.276416,52.32774,-0.99173576,-15.000033,-28.816645,-42.793575,4.6968923,19.93547,26.932322,15.000033,-5.2088847,-2.0269084,29.793802,-51.507137,-3.6121104,-27.77331,-26.031954,19.071314,-3.6310697,2.133133,-50.481373,-1.6831721,-7.21601,-42.39192,-4.0365953,-0.3768856,-4.809445
712,-12.774316787719727,13.808274269104004,71.76628875732422,4.492256076509716,6.331665615039807,-19.638115105284108,-31.745274,20.312136,-6.4043655,52.529343,-0.054668926,-15.000033,-29.941824,-42.916862,4.668462,21.701479,25.688643,15.000033,-5.1281085,-2.2744553,29.793802,-52.106613,-3.562382,-27.550196,-26.003807,18.827156,-3.6481729,2.2463071,-51.122314,-1.7413962,-7.0935326,-41.80034,-3.9614882,-0.52939063,-4.9718237
713,-12.653878211975098,14.345979690551758,71.91963195800781,4.603547332390803,6.462050520000139,-19.6361783373556,-32.18492,20.413504,-7.0539,52.676968,-0.013634311,-15.000033,-31.110464,-42.763863,4.199579,23.694838,23.967157,15.000033,-4.9500175,-2.2217898,29.793802,-52.580315,-3.532833,-27.299593,-26.034897,18.670998,-3.6613693,2.3477876,-51.619923,-1.7111454,-6.8857803,-41.111313,-4.0463004,-0.6191045,-5.090243
714,-12.519979476928711,14.87607479095459,72.00405883789062,4.473136780578946,6.589326904703706,-19.79920372350324,-32.57401,21.34223,-7.4219394,52.73777,-0.696566,-15.000033,-32.34975,-42.47782,3.3030586,25.949755,21.88656,15.000033,-4.723815,-2.007086,29.793802,-52.993385,-3.5277429,-27.012718,-26.063553,18.556173,-3.6736248,2.4387262,-51.98807,-1.5257542,-6.6068196,-40.358295,-4.281436,-0.6744064,-5.149572
715,-12.368683815002441,15.395173072814941,72.02359771728516,4.211368748789981,6.697197033190857,-20.10307847583896,-32.776573,22.669813,-7.7004857,52.57336,-1.665644,-15.000033,-33.575794,-42.112198,2.2039402,28.324114,19.69621,15.000033,-4.419585,-1.7203428,29.793802,-53.325912,-3.554762,-26.7496,-26.074724,18.503485,-3.6879852,2.5409825,-52.139427,-1.2110329,-6.2606907,-39.65501,-4.5198274,-0.7463337,-5.1813912
716,-12.194517135620117,15.905007362365723,71.99120330810547,3.927450004103706,6.778543244909581,-20.51977020745467,-32.664185,23.968159,-8.078246,52.0525,-2.4144003,-15.000033,-34.73217,-41.69672,1.1384891,30.682253,17.647226,15.000033,-4.0481806,-1.445581,29.793802,-53.56103,-3.6024115,-26.514591,-26.068659,18.524052,-3.710746,2.66007,-52.005714,-0.78974915,-5.7938952,-39.103233,-4.627394,-0.88615817,-5.2303586
717,-12.006540298461914,16.402650833129883,71.89994049072266,3.468330429922691,6.853696650347941,-21.11261071871034,-32.387203,25.478167,-8.728774,51.284798,-2.7809966,-15.000033,-35.765896,-41.043774,-0.057438795,33.012054,15.849127,15.000033,-3.5337615,-1.0407258,29.793802,-53.698074,-3.6668527,-26.326199,-26.045898,18.64845,-3.7418857,2.79407,-51.554462,-0.2697259,-5.1892514,-38.70482,-4.5356035,-1.1321462,-5.3343196
718,-11.792046546936035,16.892215728759766,71.7330093383789,2.830456583709544,6.914605099962028,-21.874388798215367,-31.976936,27.333649,-9.4544935,50.31524,-3.0802891,-15.000033,-36.687862,-40.208607,-1.4653296,35.344852,14.165432,15.000033,-2.9027913,-0.5068161,29.793802,-53.741135,-3.7474966,-26.168388,-26.017756,18.858036,-3.778098,2.9401557,-50.828808,0.3463344,-4.457489,-38.407017,-4.327272,-1.4484781,-5.4658866
719,-11.532060623168945,17.390840530395508,71.50537109375,2.3565838129504746,6.933180045247683,-22.656608061081617,-31.100828,28.925043,-9.910303,48.889576,-3.3897324,-15.000033,-37.610016,-39.563057,-2.6768353,37.663624,12.465911,15.000033,-2.3275676,-0.1477988,29.793802,-53.671597,-3.8311143,-26.009457,-26.018467,19.090317,-3.8188906,3.1071067,-49.872887,1.0371183,-3.5928864,-38.241207,-4.091845,-1.7741959,-5.573631
720,-11.215886116027832,17.92305564880371,71.218017578125,2.3999978016475683,6.8928614839075335,-23.303118034029588,-29.39709,29.598896,-9.821262,46.72542,-3.6894174,-15.000033,-38.70881,-39.468903,-3.2203002,40.012146,10.603659,15.000033,-1.9877286,-0.27401435,29.793802,-53.45137,-3.8965297,-25.820532,-26.099033,19.279234,-3.8646886,3.30547,-48.734383,1.7709222,-2.5862212,-38.226067,-3.9139423,-2.047822,-5.6118355
721,-10.831454277038574,18.517108917236328,70.87760925292969,3.2083934185960867,6.755738689608468,-23.746733574006836,-26.395412,28.825722,-9.268234,43.25714,-3.6135068,-15.000033,-40.131363,-39.996605,-2.5100174,42.4758,8.491114,15.000033,-1.9546866,-1.0959481,29.793802,-53.003754,-3.9342566,-25.605696,-26.294544,19.384163,-3.933081,3.584262,-47.36681,2.537185,-1.3928194,-38.36293,-3.8221567,-2.2424078,-5.582916
722,-10.385828018188477,19.145484924316406,70.468505859375,4.528515141989185,6.495643682356966,-24.15802848640243,-22.345497,26.9639,-8.703808,38.707863,-3.2147536,-15.000033,-41.82788,-40.825947,-0.80083364,45.03129,6.2450886,15.000033,-2.0528998,-2.4053795,29.793802,-52.312046,-3.9493282,-25.385744,-26.58737,19.431728,-4.0208554,3.9291942,-45.729683,3.3339722,-0.018973524,-38.61261,-3.7651207,-2.3977072,-5.512848
723,-9.83713150024414,19.795101165771484,69.94290924072266,5.947951320725303,6.137514771090616,-24.699535808038487,-17.980753,24.720558,-8.379693,33.986637,-3.1111333,-15.000033,-43.642044,-41.78368,1.0616753,47.544014,4.0073457,15.000033,-2.125017,-3.8608525,29.793802,-51.44045,-3.9434536,-25.154781,-26.95617,19.460205,-4.096623,4.2552276,-43.907825,4.12988,1.462203,-38.928036,-3.700387,-2.5451286,-5.391286
724,-9.29286003112793,20.379615783691406,69.33737182617188,7.082361395175924,5.772585687915788,-25.407426085445177,-14.111426,22.84388,-8.209851,30.071423,-3.8964822,-15.000033,-45.401825,-42.886265,2.130138,49.890213,1.8632132,15.000033,-2.1215785,-5.118544,29.793802,-50.487656,-3.9120631,-24.909136,-27.405466,19.515379,-4.1259913,4.474414,-42.026176,4.874944,2.972301,-39.287796,-3.5826893,-2.7171664,-5.2147427
725,-8.766860961914062,20.943267822265625,68.7189712524414,7.902993614464041,5.445669875194457,-26.17973995108046,-10.903623,21.417715,-8.0040455,27.148651,-5.939986,-15.000033,-47.030407,-44.6543,1.6939275,52.110764,-0.4746353,15.000033,-2.1333663,-6.125542,29.793802,-49.439644,-3.8515499,-24.653008,-28.007042,19.598438,-4.087304,4.5502315,-40.093704,5.538144,4.5041785,-39.764313,-3.4216554,-2.9076586,-5.0001273
726,-8.2382173538208,21.467466354370117,68.08505249023438,8.553924406367235,5.102787522749813,-26.961552893859615,-7.977862,20.139776,-7.8338776,24.742287,-8.896623,-15.000033,-48.47143,-47.05182,0.25880447,54.25698,-3.0995226,15.000033,-2.211176,-6.9987397,29.793802,-48.23713,-3.7690716,-24.394863,-28.769096,19.684906,-4.0044107,4.536016,-38.06625,6.108097,6.093749,-40.339077,-3.222026,-3.1036468,-4.7528834
727,-7.7447099685668945,21.923967361450195,67.45597839355469,9.012794605543137,4.755051812546324,-27.792242997677086,-5.4034867,19.121601,-7.5875516,22.912477,-12.1750145,-15.000033,-49.71742,-49.34674,-1.2384974,56.19573,-5.5450234,15.000033,-2.2946758,-7.7320967,29.793802,-46.961803,-3.6692398,-24.143204,-29.613834,19.788937,-3.9081445,4.4723635,-36.01732,6.558978,7.713627,-40.90405,-2.932295,-3.3174462,-4.4546723
728,-7.359597682952881,22.30962562561035,66.86168670654297,9.244188851597114,4.52072510463543,-28.842778300377717,-3.2883317,18.512173,-6.982998,21.72916,-15.167003,-15.000033,-51.11877,-50.645283,-1.9078498,57.782078,-7.1563435,14.125193,-2.1756139,-8.308074,29.793802,-45.75802,-3.551054,-23.924118,-30.47312,19.934717,-3.824971,4.397265,-34.028027,6.849005,9.313897,-41.423096,-2.501022,-3.5550191,-4.0848517
729,-7.0566630363464355,22.661394119262695,66.31037902832031,9.384363223539808,4.463526085254222,-30.066737889859837,-1.8265208,18.189182,-5.690819,21.381851,-17.838423,-15.000033,-53.01015,-50.65352,-0.9038075,58.876118,-7.523312,13.285435,-1.9771601,-8.83909,29.456276,-44.409603,-3.4364471,-23.678698,-31.31604,20.114048,-3.7858388,4.340966,-32.156437,6.9926925,10.879088,-41.578114,-1.785628,-3.8544078,-3.611044
730,-6.791415691375732,22.98548126220703,65.814453125,9.541078247863759,4.3727483118332815,-31.328402780595187,-0.78334606,17.944603,-3.8468468,21.789797,-20.436214,-15.000033,-55.040863,-49.90582,1.3420259,59.6039,-6.9908237,13.219773,-1.7622535,-9.420564,29.221457,-43.11281,-3.3245182,-23.450926,-32.188576,20.347952,-3.759828,4.2630386,-30.364,6.982268,12.394312,-41.70181,-0.87803864,-4.1813025,-3.034099
731,-6.524969100952148,23.253093719482422,65.39253997802734,9.710761200300338,4.20871504648639,-32.611140744346145,0.058209684,17.707994,-1.8753575,22.667213,-22.751802,-15.000033,-56.946873,-48.65701,4.2385054,60.164482,-5.929698,13.769916,-1.5331206,-10.013819,29.126564,-41.91019,-3.213891,-23.25166,-33.03619,20.58387,-3.7155309,4.14028,-28.630491,6.810023,13.8907585,-41.81051,0.05742894,-4.47757,-2.500828
732,-6.238884449005127,23.48557472229004,65.06281280517578,9.890668707426746,3.943322250305165,-33.89459766445571,0.9039023,17.407263,-0.2559295,23.741596,-24.64248,-15.000033,-58.528973,-47.184795,7.2526855,60.743793,-4.7237883,14.772969,-1.3045532,-10.582196,29.170853,-40.832394,-3.102465,-23.079262,-33.797188,20.767263,-3.6230583,3.9464881,-26.939333,6.4738364,15.40148,-41.894222,0.8542651,-4.6953354,-2.1604161
733,-5.992018222808838,23.665355682373047,64.81459045410156,9.960679771184836,3.707528028711676,-35.376568815452195,1.6652075,17.251272,1.0601553,25.119759,-25.985628,-15.000033,-59.887486,-45.47305,9.80113,61.34324,-3.2725387,15.000033,-0.84459037,-11.016682,29.308924,-39.87202,-2.9988604,-22.92616,-34.481533,20.86668,-3.4498084,3.657586,-25.274994,5.962248,16.962751,-41.949364,1.4541599,-4.823434,-2.1343734
734,-5.805647850036621,23.784587860107422,64.62542724609375,9.993435016783213,3.4063486931139733,-36.93700905868622,2.3491757,17.20645,2.1942463,26.856918,-26.885763,-15.000033,-60.97132,-43.54018,12.262533,61.91504,-1.4791586,15.000033,-0.25722492,-11.35578,29.629068,-39.02604,-2.9158273,-22.814308,-35.128754,20.914541,-3.2192228,3.295337,-23.561306,5.31271,18.661858,-42.06168,1.7964269,-4.8992825,-2.3463666
735,-5.641199588775635,23.839265823364258,64.48687744140625,9.923993640437368,3.10140803486891,-38.474022010389014,3.003315,17.337757,3.179792,28.674253,-27.478378,-15.000033,-61.754593,-41.42332,14.583528,62.4906,0.35599563,15.000033,0.17045799,-11.597122,29.793802,-38.25368,-2.8003767,-22.666836,-35.600655,20.96636,-2.992726,2.8925004,-22.128344,4.4396644,20.047052,-41.908733,2.4206152,-4.9376693,-2.5442982
736,-5.469792366027832,23.834110260009766,64.39171600341797,9.686315618535255,2.821703250734798,-39.91072267085433,3.7082725,17.675215,4.0802755,30.289135,-27.904396,-15.000033,-62.182926,-39.12085,16.723015,63.071014,1.936984,15.000033,0.37585288,-11.575932,29.793802,-37.586887,-2.6417887,-22.59153,-35.99053,21.058283,-2.8234034,2.4978955,-20.629635,3.4783447,21.519966,-41.86885,2.8353138,-4.9705496,-2.626199
737,-5.248143672943115,23.786514282226562,64.33558654785156,9.244619660138174,2.486482796859369,-41.195135263572,4.533245,18.229534,4.8836513,31.658577,-28.177755,-15.000033,-62.16363,-36.478893,18.950869,63.802673,3.2119634,15.000033,0.31695452,-11.302364,29.793802,-37.12429,-2.3864844,-22.603514,-36.295578,21.256067,-2.7397408,2.1191633,-19.19801,2.4311748,22.927813,-41.9492,3.1411424,-4.976577,-2.452093
738,-4.994781494140625,23.69577407836914,64.31221771240234,8.638277469703867,2.103782451179253,-42.39275961278927,5.428737,18.976677,5.5968776,32.915,-28.22874,-15.000033,-61.748512,-33.48739,21.265295,64.60873,4.3539643,15.000033,0.07071469,-10.836399,29.793802,-36.798496,-2.0155792,-22.681408,-36.562557,21.51101,-2.7049606,1.7433962,-17.843191,1.3031732,24.300615,-42.08692,3.3415792,-4.9505844,-2.134542
739,-4.720672130584717,23.56095314025879,64.31766510009766,7.925561758390053,1.7460485622195798,-43.61729556217169,6.4126816,19.852316,6.332677,34.006214,-28.06105,-15.000033,-61.063034,-30.369453,23.304468,65.156166,5.3688774,15.000033,-0.23984283,-10.267086,29.793802,-36.655983,-1.5069263,-22.836424,-36.81972,21.751085,-2.6682198,1.3511062,-16.531536,0.11358143,25.60702,-42.392635,3.4401047,-4.912048,-1.7630286
740,-4.459213733673096,23.34832191467285,64.35690307617188,7.163704424844528,1.4670699300010064,-44.96675895868989,7.516606,20.785746,7.1767664,34.882298,-27.68167,-15.000033,-60.256218,-27.416075,24.723186,65.113434,6.2035108,15.000033,-0.52476925,-9.688583,29.793802,-36.742958,-0.8439459,-23.067978,-37.08154,21.907478,-2.5785215,0.9197227,-15.251633,-1.0988499,26.818285,-42.934814,3.4375703,-4.881091,-1.422363
741,-4.2159342765808105,23.08073616027832,64.41868591308594,6.315279950200757,1.3482636551947038,-46.499000981437064,8.76647,21.76974,8.18797,35.418793,-27.073313,-15.000033,-59.40804,-24.552813,25.50158,64.35925,6.792592,15.000033,-0.8329497,-9.063263,29.476046,-36.910225,-0.015692303,-23.31419,-37.308136,21.992487,-2.401965,0.4050851,-13.992984,-2.2910962,28.01478,-43.517647,3.2512903,-4.8651314,-1.1353786
742,-3.9712979793548584,22.765472412109375,64.50054168701172,5.378901456767297,1.296307599800654,-48.128878988064116,10.177941,22.802176,9.302968,35.674213,-26.233297,-15.000033,-58.469826,-21.718962,25.943117,63.072422,7.1109123,15.000033,-1.2121952,-8.396963,28.99507,-37.21127,0.98948133,-23.597624,-37.504066,22.03133,-2.1683452,-0.16309504,-12.795129,-3.4463017,29.176773,-44.146748,2.9007702,-4.852506,-0.84092313
743,-3.7376868724823,22.408050537109375,64.589111328125,4.4717026775180795,1.2454474780577094,-49.729330054487654,11.582804,23.830086,10.41149,35.925762,-25.201107,-15.000033,-57.54346,-19.217901,26.157673,61.352295,7.23209,15.000033,-1.7245406,-7.8324056,28.526815,-37.6554,2.1656518,-23.973913,-37.720573,21.924534,-1.9318016,-0.66925657,-11.652771,-4.5535526,30.25566,-44.88564,2.610126,-4.8531466,-0.55535907
744,-3.5247764587402344,22.018901824951172,64.6825942993164,3.703986183951957,1.1785132258932614,-51.19650578961199,12.764493,24.823265,11.402602,36.46671,-24.02532,-15.000033,-56.763237,-17.33897,26.166338,59.292282,7.324304,15.000033,-2.4222553,-7.5040936,28.162357,-38.24384,3.4865203,-24.492601,-37.974277,21.569527,-1.7458364,-0.9964343,-10.568796,-5.592244,31.204834,-45.74783,2.612701,-4.876113,-0.297742
745,-3.333125352859497,21.60129165649414,64.77429962158203,3.1154705068351043,1.164112398347799,-52.55703880708101,13.607316,25.780296,12.300949,37.42011,-22.660023,-15.000033,-56.275345,-16.230637,25.733084,56.769226,7.408991,15.000033,-3.2989838,-7.4661427,27.839901,-39.073696,4.9361587,-25.202316,-38.247086,20.861893,-1.594287,-1.102106,-9.550881,-6.543215,32.03423,-46.75313,3.0483997,-4.922897,-0.06579435
746,-3.1694271564483643,21.150279998779297,64.86669158935547,2.6259765601975906,1.214772240808474,-53.870341568409785,14.212491,26.729013,13.110627,38.645008,-21.135891,-15.000033,-55.959007,-15.676887,24.82978,53.7451,7.4923396,15.000033,-4.3128552,-7.633805,27.505245,-40.148018,6.5062814,-26.082897,-38.518665,19.880898,-1.4601539,-1.0520056,-8.61339,-7.3996086,32.76147,-47.852356,3.7620137,-4.9856873,0.15426342
747,-3.026610851287842,20.65582275390625,64.9660415649414,2.176112397197547,1.243125387544827,-55.09389131016351,14.697858,27.679426,13.705113,39.998497,-19.596891,-15.000033,-55.564312,-15.416,23.744202,50.466774,7.7319436,15.000033,-5.451021,-7.934183,27.249063,-41.33054,8.173328,-27.072344,-38.785164,18.801805,-1.402798,-0.8947631,-7.767375,-8.160991,33.352318,-48.971195,4.5469465,-5.05921,0.35762358
748,-2.9150404930114746,20.12836265563965,65.06694793701172,1.7124153530928683,1.1638856404428106,-56.177971810149906,15.165908,28.641668,13.977368,41.34718,-18.174555,-15.000033,-54.873795,-15.193833,22.813797,47.189262,8.278732,15.000033,-6.7018404,-8.292168,27.160393,-42.48494,9.904995,-28.102478,-39.030388,17.806078,-1.4809166,-0.68533355,-7.017257,-8.831026,33.769817,-50.03484,5.1981196,-5.139296,0.53771025
749,-2.8338258266448975,19.572158813476562,65.15433502197266,1.219793983338515,0.9624783443257997,-57.10734785731024,15.531935,29.644154,13.805627,42.825356,-16.840593,-15.000033,-53.845524,-15.060464,21.964663,43.76336,9.282768,15.000033,-8.087449,-8.714023,27.287199,-43.712696,11.69811,-29.284298,-39.185535,16.909473,-1.7840103,-0.42652628,-6.3568926,-9.408032,33.958107,-51.084106,5.653664,-5.226641,0.71495694
750,-2.756436347961426,18.983081817626953,65.22660064697266,0.7253293646693431,0.6885564740240154,-57.90427461445817,15.757611,30.65911,13.254015,44.436428,-15.534952,-15.000033,-52.567455,-15.073793,21.022142,40.121674,10.605453,15.000033,-9.602713,-9.23284,27.560743,-45.068836,13.543914,-30.626625,-39.279465,16.023739,-2.2604444,-0.09951336,-5.7833457,-9.888347,33.95364,-52.134148,6.029181,-5.3229513,0.8838086
751,-2.6976611614227295,18.370553970336914,65.27019500732422,0.2536545606725356,0.3589927745420847,-58.575813139703435,16.007826,31.62081,12.535808,45.8687,-14.3365135,-15.000033,-51.097584,-15.038901,20.254194,36.66595,12.019438,15.000033,-11.196259,-9.809941,27.891745,-46.321907,15.390917,-31.884851,-39.41294,15.210014,-2.7560797,0.26621336,-5.2914867,-10.271819,33.859837,-53.09737,6.380906,-5.427019,0.9950772
752,-2.6480650901794434,17.73485565185547,65.291015625,-0.16767513086922842,-0.007597546211859905,-59.13500335783421,16.45574,32.48956,11.903371,46.825565,-13.328148,-15.000033,-49.541748,-14.793031,19.989044,33.84232,13.278251,15.000033,-12.80047,-10.3943405,28.187109,-47.249268,17.171427,-32.787243,-39.625004,14.535897,-3.1158075,0.634294,-4.8665586,-10.563061,33.769135,-53.878433,6.763181,-5.537825,1.0007735
753,-2.593108654022217,17.073759078979492,65.27299499511719,-0.4974156696387363,-0.4650144401437704,-59.572437786740736,17.236181,33.205227,11.395614,47.219334,-12.560038,-15.000033,-47.86473,-14.230003,20.740023,31.918108,14.537471,15.000033,-14.393549,-11.042383,28.476446,-47.95546,18.862417,-33.3173,-39.73191,14.067991,-3.2722063,0.9373059,-4.4402747,-10.767124,33.620552,-54.507706,7.1340322,-5.6542807,0.85831374
754,-2.53444504737854,16.393943786621094,65.19796752929688,-0.7572446547139908,-0.9873171254329763,-59.89729993675202,18.215351,33.82938,10.9318695,47.232735,-11.977064,-15.000033,-46.09978,-13.491396,22.232698,30.681458,15.847699,15.000033,-15.983625,-11.743708,28.769701,-48.538113,20.456858,-33.581753,-39.680626,13.756559,-3.3135333,1.2051693,-4.0092607,-10.886271,33.372814,-55.035618,7.482785,-5.779301,0.6026187
755,-2.465035915374756,15.692901611328125,65.06060028076172,-1.0196751060041218,-1.4498689966938796,-60.14250896531559,19.18403,34.520912,10.592197,46.980137,-11.5297365,-15.000033,-44.420364,-12.795132,23.630756,29.826078,16.754354,15.000033,-17.554058,-12.336225,28.973684,-48.744537,21.894054,-33.489094,-39.681797,13.528089,-3.3173974,1.5482999,-3.6550393,-10.92058,33.146175,-55.40812,7.914102,-5.9189167,0.30297562
756,-2.391601800918579,14.943589210510254,64.85441589355469,-1.3606810008001005,-1.7412320830922505,-60.32998894069547,19.945326,35.433544,10.440998,46.566402,-11.167142,-15.000033,-42.98517,-12.349375,24.089186,29.005243,16.81382,15.000033,-19.084957,-12.655918,29.023436,-48.35607,23.081505,-32.951317,-39.908474,13.297865,-3.3633142,2.0715666,-3.4538414,-10.866888,33.05995,-55.575104,8.529606,-6.080032,0.028760247
757,-2.326521158218384,14.140987396240234,64.58490753173828,-1.8640740421796775,-1.7951749010951767,-60.45004058117725,20.504501,36.747635,10.614315,45.72962,-10.907308,-15.000033,-41.65421,-12.264844,23.061441,27.815477,15.647565,15.000033,-20.587055,-12.568977,28.882809,-47.335655,23.916195,-31.93758,-40.245476,13.014479,-3.4519491,2.8684807,-3.3411803,-10.71859,33.15918,-55.55946,9.508417,-6.286687,-0.22257279
758,-2.2900967597961426,13.335270881652832,64.28661346435547,-2.4669039193850786,-1.687818363323547,-60.49724091310331,20.972391,38.328884,11.07773,44.498013,-10.763152,-15.000033,-40.363026,-12.33119,21.152489,26.514622,13.598632,15.000033,-22.016825,-12.186995,28.639814,-45.926743,24.331278,-30.585882,-40.50088,12.728178,-3.5440257,3.8605473,-3.2555268,-10.471931,33.350914,-55.41383,10.744831,-6.5330772,-0.4761772
759,-2.3135569095611572,12.676151275634766,64.02397155761719,-3.031065268686964,-1.5169552662454309,-60.50390054466429,21.290913,39.862385,11.6013975,43.420174,-10.681963,-15.000033,-39.44132,-12.3245,19.207357,25.790054,11.265749,15.000033,-23.258022,-11.718433,28.406044,-44.34864,24.287361,-29.091799,-40.743797,12.5143795,-3.6587126,4.900451,-3.2758832,-10.129263,33.53581,-55.138374,11.920411,-6.777258,-0.69811785
760,-2.340507745742798,12.126832008361816,63.77632141113281,-3.430462007034809,-1.3834771791990013,-60.4965041123292,21.373108,41.05577,11.885375,43.058907,-10.618607,-15.000033,-39.256348,-12.134972,17.9592,26.345646,9.219563,15.000033,-24.207119,-11.366855,28.271725,-42.78256,23.775068,-27.631681,-41.078953,12.469333,-3.81146,5.8393173,-3.492237,-9.696024,33.61702,-54.72666,12.71312,-6.9723926,-0.86082995
761,-2.3411624431610107,11.597944259643555,63.50696563720703,-3.5753780134337565,-1.2718067097378267,-60.47788230667052,20.982412,41.735977,11.585696,43.845848,-10.677842,-15.000033,-40.249115,-11.759012,17.63592,28.864487,7.531644,15.000033,-24.810905,-11.202119,28.213789,-41.238636,22.742075,-26.19412,-41.575653,12.63882,-4.034577,6.691654,-3.9137003,-9.15523,33.57535,-54.212357,12.98776,-7.1096344,-0.9110823
762,-2.379000186920166,11.15937328338623,63.24104690551758,-3.5397675967754965,-1.1677823869459765,-60.41335150666063,20.23316,42.07716,10.883333,45.384956,-10.847056,-15.000033,-42.032772,-11.296369,17.76446,32.719296,5.9608417,15.000033,-25.108467,-11.138903,28.1886,-39.745358,21.141829,-24.814968,-42.069347,12.978899,-4.300985,7.5215344,-4.4686484,-8.496974,33.424713,-53.58934,12.93411,-7.207624,-0.8813707
763,-2.4128901958465576,10.79311752319336,62.99203109741211,-3.4650450536188537,-1.1662973153119904,-60.27820116782316,19.554659,42.345764,10.259087,47.00107,-10.904205,-15.000033,-43.760757,-10.827981,17.989897,36.665695,4.584234,15.000033,-25.15919,-11.114841,28.25034,-38.405777,19.033453,-23.644915,-42.395226,13.464713,-4.548727,8.244219,-5.155552,-7.7541895,33.12043,-52.783386,12.716491,-7.259748,-0.87617844
764,-2.4327993392944336,10.476457595825195,62.806575775146484,-3.5094306075648563,-1.3305683135753645,-60.0757508516559,19.349691,42.842854,10.220319,48.038124,-10.632099,-15.000033,-44.718906,-10.456967,17.975096,39.60701,3.4087777,15.000033,-25.035238,-11.037273,28.453104,-37.207413,16.564173,-22.743958,-42.526215,14.050732,-4.7243433,8.776882,-5.9989753,-6.997028,32.634552,-51.729553,12.504707,-7.260915,-1.0006139
765,-2.43864107131958,10.176721572875977,62.71611022949219,-3.78989972894519,-1.7556882043970647,-59.850558369002165,19.953724,43.728676,11.088122,48.27092,-9.903816,-15.000033,-44.654724,-10.157563,17.622993,41.29572,2.4221349,15.000033,-24.79117,-10.886897,28.966578,-35.874496,13.830632,-21.954992,-42.7975,14.803744,-4.79632,9.109124,-7.173694,-6.2929077,32.018883,-50.320282,12.25949,-7.1906266,-1.3704208
766,-2.4109432697296143,9.860678672790527,62.69173049926758,-4.207169579321153,-2.370065029198047,-59.59363387783095,21.107851,44.822723,12.5887575,48.07813,-8.851118,-15.000033,-44.01089,-9.884546,17.132908,42.348347,1.6075282,15.000033,-24.436142,-10.697076,29.718172,-34.33098,10.866627,-21.219872,-43.31278,15.702937,-4.8064194,9.287734,-8.643233,-5.6501403,31.328543,-48.646355,11.912945,-7.0606856,-1.9117374
767,-2.354609966278076,9.558389663696289,62.720211029052734,-4.5511826032477005,-2.8346719200464428,-59.24274939180587,22.060568,45.880936,14.253526,47.79419,-7.675338,-15.000033,-43.34376,-9.793697,16.653929,43.033596,0.9515881,15.000033,-24.149122,-10.454247,29.793802,-32.52498,7.749126,-20.629557,-43.582825,16.508198,-4.8236923,9.378417,-9.987476,-5.0261307,30.70057,-46.65769,11.6871195,-6.9546027,-2.4887516
768,-2.2947568893432617,9.265074729919434,62.792015075683594,-4.725256569532958,-3.149766724017382,-58.7291801575298,22.560913,46.787743,15.708686,47.576553,-6.53257,-15.000033,-42.795223,-9.955982,16.225418,43.626446,0.38371056,15.000033,-23.657383,-10.163992,29.793802,-31.06514,4.6978683,-20.425468,-43.590687,17.107302,-4.8820405,9.3604,-11.056254,-4.497395,29.834541,-45.120567,11.611315,-6.8750095,-2.839556
769,-2.263948678970337,9.007075309753418,62.91515350341797,-4.6588727419597,-3.2855688147969087,-58.0488920516672,22.590275,47.49287,17.021797,47.351574,-5.419772,-15.000033,-42.414505,-10.428107,15.916773,44.139454,-0.13703753,15.000033,-22.9506,-9.913747,29.793802,-29.65698,1.8619047,-20.666836,-43.666737,17.394762,-4.9746413,9.347355,-11.7264,-4.146889,28.732573,-44.341244,11.825991,-6.8634615,-2.9176755
770,-2.2839810848236084,8.805810928344727,63.09326934814453,-4.432812633004845,-3.3071264266171068,-57.23242556072888,22.334993,48.087376,18.344746,47.045242,-4.2587094,-15.000033,-42.061028,-11.156065,15.670542,44.451405,-0.57786393,15.000033,-22.119492,-9.715095,29.793802,-28.074059,-0.7056107,-21.26057,-43.973854,17.442558,-5.071343,9.34488,-12.076389,-4.001267,27.519272,-44.163654,12.256719,-6.897654,-2.849607
771,-2.3602354526519775,8.653356552124023,63.31447982788086,-4.1421766758602026,-3.250976731893232,-56.26103256657313,21.644953,48.637737,19.347065,46.8521,-3.112461,-15.000033,-41.715237,-12.076992,15.383938,44.626778,-0.8791453,15.000033,-21.226679,-9.484208,29.793802,-26.73523,-2.9169211,-22.096016,-44.17147,17.368397,-5.1762166,9.215435,-12.1386795,-4.0563927,26.264828,-44.452667,12.669818,-6.9164505,-2.6887963
772,-2.479386568069458,8.54105281829834,63.55713653564453,-3.862706476708274,-3.0903353947809555,-55.117290749986104,20.258959,49.18757,19.654697,46.99217,-2.0567107,-15.000033,-41.428955,-13.145754,14.969422,44.731148,-0.97197706,15.000033,-20.4087,-9.141009,29.50469,-25.945908,-4.6933727,-22.970926,-43.848293,17.257841,-5.288636,8.859333,-11.957905,-4.251466,25.103844,-44.840725,12.8599,-6.8765135,-2.511486
773,-2.6151697635650635,8.459334373474121,63.81737518310547,-3.6063145940540164,-2.809965381587485,-53.75731051547592,18.021156,49.828346,19.19404,47.563766,-1.0024413,-15.000033,-41.17525,-14.3935795,14.360608,44.72473,-0.8935291,15.000033,-19.664066,-8.678259,28.924252,-25.889149,-5.9433994,-23.86378,-42.89007,17.072145,-5.4501777,8.145293,-11.552476,-4.525865,24.023493,-45.324615,12.610047,-6.7237144,-2.256887
774,-2.7456467151641846,8.392227172851562,64.12757873535156,-3.3305368821260877,-2.448127236399267,-52.20748017916393,15.094658,50.462715,18.119093,48.400024,0.05852288,-15.000033,-40.918858,-15.817447,13.618796,44.601414,-0.67033684,15.000033,-18.917614,-8.18755,28.227142,-26.314426,-6.6323547,-24.896358,-41.626945,16.768068,-5.6240015,7.214356,-10.913681,-4.8656836,22.966208,-46.079124,12.080734,-6.497068,-1.900407
775,-2.87943434715271,8.366898536682129,64.4874267578125,-3.052603992623481,-2.1203506276624595,-50.55413230747803,11.817346,50.86222,16.44788,49.296467,0.9430947,-15.000033,-40.617092,-17.30424,12.833258,44.47755,-0.22668493,15.000033,-18.16693,-7.7288437,27.63776,-27.0409,-6.826994,-26.027405,-40.354084,16.466928,-5.708969,6.3043537,-10.20058,-5.244246,21.975304,-47.00683,11.557219,-6.275086,-1.5521803
776,-3.017939805984497,8.379196166992188,64.89192199707031,-2.7889095354627864,-1.9305362529495411,-48.878181820594385,8.542353,50.826492,14.24184,50.08577,1.4656142,-15.000033,-40.245808,-18.756266,12.096868,44.467224,0.5185004,15.000033,-17.433155,-7.3356347,27.350388,-27.941683,-6.6529775,-27.154205,-39.289707,16.304625,-5.621943,5.616224,-9.6103525,-5.6286955,21.101189,-47.945923,11.315659,-6.1273594,-1.3238981
777,-3.162496566772461,8.441262245178223,65.3169174194336,-2.563457592682735,-1.936605325565882,-47.15241158980149,5.34493,50.275898,11.369534,50.75255,1.542924,-15.000033,-39.738216,-20.201792,11.341522,44.585304,1.6537405,15.000033,-16.702837,-6.9845424,27.424534,-29.211946,-6.1763334,-28.228596,-38.27622,16.50821,-5.292998,5.1001697,-9.183856,-6.003545,20.319094,-48.803284,11.5117445,-6.08211,-1.2456311
778,-3.3089547157287598,8.539266586303711,65.7485580444336,-2.3628968780867545,-2.074547976685305,-45.35696652800589,2.160122,49.2953,7.96926,51.4032,1.2904454,-15.000033,-39.135166,-21.683292,10.560112,44.773792,3.1210551,15.000033,-15.949567,-6.6506233,27.737421,-30.930107,-5.419267,-29.32372,-37.16281,16.957596,-4.7978377,4.6539354,-8.836382,-6.363159,19.59163,-49.63674,11.960985,-6.0939245,-1.2515595
779,-3.453151226043701,8.690107345581055,66.16009521484375,-2.137686345418561,-2.2562532065462184,-43.57663636577288,-0.860058,47.96079,4.5285225,52.04987,0.8174787,-15.000033,-38.60275,-23.137232,9.953204,45.05403,4.772478,15.000033,-15.198905,-6.3601894,28.185709,-32.800457,-4.458102,-30.465641,-36.152897,17.285559,-4.2801485,4.382664,-8.617551,-6.6913686,18.961414,-50.44981,12.422489,-6.1225157,-1.3087234
780,-3.5881896018981934,8.870426177978516,66.55550384521484,-1.833104595461568,-2.3931068749673696,-41.89176110089168,-3.6192384,46.367146,1.483744,52.692223,0.22287372,-15.000033,-38.311787,-24.503613,9.722335,45.442486,6.459091,15.000033,-14.479459,-6.1343718,28.652939,-34.55201,-3.395001,-31.637602,-35.400272,17.126795,-3.8805137,4.3839793,-8.5935,-6.967495,18.473724,-51.20874,12.649831,-6.125265,-1.3819098
781,-3.7254464626312256,9.064679145812988,66.93293762207031,-1.4352102633467216,-2.4698095286782054,-40.308917313066274,-6.1525292,44.42681,-1.2071635,53.34038,-0.5508691,-15.000033,-38.333736,-25.771921,9.913547,45.939064,8.398763,15.000033,-13.779389,-5.957646,29.132387,-36.30407,-2.3001447,-32.822277,-34.804916,16.200838,-3.6469357,4.765237,-8.805299,-7.179116,18.13943,-51.89744,12.517441,-6.0691967,-1.4561175
782,-3.8515658378601074,9.283695220947266,67.2798843383789,-0.9742091515857023,-2.5359524889188028,-38.79279420864306,-8.445784,42.149124,-3.688716,53.998753,-1.563862,-15.000033,-38.57668,-26.966944,10.433228,46.520092,10.595837,15.000033,-13.06609,-5.8060083,29.668667,-38.215622,-1.2008829,-34.017025,-34.212883,14.778568,-3.5178463,5.4274216,-9.216904,-7.326776,17.916502,-52.50223,12.168215,-5.979802,-1.5425284
783,-3.975623369216919,9.508574485778809,67.58326721191406,-0.4422690670215743,-2.498868274199677,-37.35127884374782,-10.559466,39.769444,-5.7757163,54.652233,-2.699431,-15.000033,-39.07995,-28.079834,11.286899,47.158997,12.595319,15.000033,-12.46464,-5.6781507,29.793802,-39.79778,-0.1449348,-35.132847,-33.65537,13.287742,-3.4780872,6.1655645,-9.871588,-7.3737216,17.883406,-52.595055,11.800527,-5.9176373,-1.6855023
784,-4.079654693603516,9.723321914672852,67.8310546875,0.13472648458310196,-2.438144957420586,-35.98529407539898,-12.383618,37.573833,-7.3088636,55.233955,-3.8099322,-15.000033,-39.65026,-29.070097,12.445449,47.838985,13.881807,15.000033,-11.887339,-5.5909033,29.793802,-41.077454,0.8437292,-36.18559,-33.206352,12.231384,-3.463593,6.7457347,-10.673277,-7.314737,17.908918,-52.42836,11.53205,-5.910924,-1.8496013
785,-4.173697471618652,9.91718578338623,68.01322174072266,0.7775627352292076,-2.3673661743606127,-34.6796880343157,-14.031134,35.60889,-8.246415,55.82251,-4.951969,-15.000033,-40.242,-29.850958,14.117577,48.568123,14.262258,15.000033,-11.264064,-5.558287,29.793802,-42.205444,1.7537432,-37.223476,-32.844704,11.836097,-3.4456244,7.0624833,-11.608142,-7.1821656,17.90894,-52.154922,11.326129,-5.968106,-2.012786
786,-4.2552103996276855,10.09395980834961,68.13074493408203,1.484133047924331,-2.2802505879347255,-33.43360150748014,-15.540889,33.761784,-8.724336,56.396797,-6.1508617,-15.000033,-40.888397,-30.448036,16.220362,49.34928,14.024642,15.000033,-10.594008,-5.5570335,29.793802,-43.263596,2.5736578,-38.24685,-32.525604,11.826389,-3.4455845,7.2442203,-12.657198,-6.99262,17.902348,-51.799286,11.128238,-6.067679,-2.1833227
787,-4.323028087615967,10.257426261901855,68.18920135498047,2.202045740682855,-2.1963010185071976,-32.26484604074524,-16.759974,32.073032,-8.8893585,56.74596,-7.1823463,-15.000033,-41.56516,-31.02129,18.286701,50.15975,13.405861,15.000033,-9.899071,-5.5447106,29.793802,-44.116577,3.2923756,-39.21667,-32.294247,11.938816,-3.4649913,7.437378,-13.683959,-6.7476063,17.896118,-51.395325,11.064175,-6.200504,-2.3844893
788,-4.387639045715332,10.406171798706055,68.18402099609375,2.873990958241893,-2.1371328202769115,-31.188361583076084,-17.533709,30.583065,-8.907924,56.665035,-7.8284245,-15.000033,-42.263493,-31.739002,19.866646,50.976757,12.62595,15.000033,-9.199235,-5.4833274,29.793802,-44.640583,3.902293,-40.088646,-32.178886,11.905019,-3.5075214,7.787858,-14.557585,-6.4396496,17.898436,-50.968464,11.255714,-6.3576555,-2.6358633
789,-4.432711601257324,10.543744087219238,68.12211608886719,3.498186047397446,-2.0887142993621284,-30.17351894053034,-17.9393,29.323671,-8.8208,56.182526,-7.673272,-15.000033,-43.060314,-32.751816,20.794884,51.85863,11.598841,15.000033,-8.493478,-5.3694415,29.793802,-44.864464,4.397396,-40.917362,-32.129654,11.607098,-3.5977511,8.415042,-15.338326,-6.055062,17.901697,-50.45846,11.893315,-6.5714197,-2.96281
790,-4.436125755310059,10.664972305297852,67.99854278564453,4.100418654227553,-2.045619383472562,-29.216130961275077,-18.046024,28.264027,-8.573876,55.385338,-6.9541817,-15.000033,-43.953537,-33.95454,21.336832,52.805035,10.244775,15.000033,-7.767236,-5.2340374,29.793802,-44.865738,4.7729516,-41.699383,-32.113525,11.2057295,-3.7289236,9.213524,-16.060148,-5.592211,17.893236,-49.87693,12.857851,-6.8396673,-3.3403015
791,-4.3888115882873535,10.782665252685547,67.8044662475586,4.661951846234131,-2.0392095035517808,-28.374904369878255,-17.687113,27.350494,-8.202868,54.154926,-6.431696,-15.000033,-44.812508,-35.131397,21.687681,53.704586,8.787722,15.000033,-7.023087,-5.0910163,29.793802,-44.585667,5.025211,-42.30937,-32.1808,10.854838,-3.8557103,9.9936075,-16.557999,-5.065518,17.8858,-49.347065,13.805458,-7.099533,-3.7183805
792,-4.278226375579834,10.886245727539062,67.5469741821289,5.167646795212465,-2.0956977090796594,-27.716045359232524,-16.692438,26.52262,-7.7487717,52.358513,-6.853132,-15.000033,-45.50321,-36.05101,22.033329,54.455738,7.4592934,15.000033,-6.2625356,-4.9539084,29.793802,-43.952644,5.15249,-42.62352,-32.38937,10.705663,-3.9272783,10.567027,-16.665106,-4.501779,17.903309,-48.99787,14.395204,-7.283091,-4.057797
793,-4.091365814208984,10.992107391357422,67.238525390625,5.63608849277061,-2.221927377090304,-27.248686811513963,-14.787053,25.66045,-7.3289948,49.64532,-8.63062,-15.000033,-45.95883,-36.71296,22.37673,55.0247,6.1962414,15.000033,-5.466159,-4.8152847,29.793802,-42.797314,5.1376853,-42.619247,-32.795143,10.805641,-3.9545312,10.960845,-16.256227,-3.9001594,17.927776,-48.90306,14.3856735,-7.3582983,-4.4853525
794,-3.859586715698242,11.086462020874023,66.86830139160156,6.071273435084386,-2.4016534255167166,-26.96404804368855,-12.107022,24.74925,-6.998289,46.147182,-11.313274,-15.000033,-46.25182,-37.18937,22.633524,55.488457,4.8940444,15.000033,-4.618548,-4.678149,29.793802,-41.191658,4.968962,-42.38201,-33.354713,11.068689,-3.9550998,11.251247,-15.436314,-3.2599096,17.975595,-48.98963,14.01202,-7.362013,-4.9832163
795,-3.582382917404175,11.164440155029297,66.45592498779297,6.435511675204097,-2.622282298566014,-26.89379593699396,-9.106747,23.909616,-6.66632,42.452724,-14.34639,-15.000033,-46.44662,-37.36367,22.841959,55.901466,3.731271,15.000033,-3.7395258,-4.5613337,29.793802,-39.416355,4.664417,-41.939404,-34.002495,11.4381,-3.8868282,11.323801,-14.385566,-2.6266916,18.120037,-49.17637,13.653786,-7.3323426,-5.3009
796,-3.269179105758667,11.23031234741211,65.99800872802734,6.696409633983945,-2.8620029216921044,-27.041467672807965,-6.2882924,23.315346,-6.114015,39.1917,-17.141073,-15.000033,-46.61921,-37.168358,23.036098,56.298977,2.916724,15.000033,-2.8794591,-4.4754066,29.793802,-37.74716,4.268813,-41.29638,-34.712566,11.855113,-3.7092745,11.062574,-13.27855,-2.0779452,18.4297,-49.402157,13.69178,-7.315537,-5.198717
797,-2.9286839962005615,11.290865898132324,65.5033950805664,6.802897715878292,-3.085196460022819,-27.364212294478513,-3.7433648,23.113092,-5.1045585,36.359097,-19.726906,-15.000033,-46.759686,-36.47093,23.18599,56.638844,2.7289803,15.000033,-2.0782857,-4.3470616,29.793802,-35.97611,3.8047204,-40.382404,-35.72443,12.271501,-3.4147327,10.412307,-11.964529,-1.6603483,18.945396,-49.84095,14.522151,-7.3557906,-4.502387
798,-2.5920822620391846,11.32608413696289,64.99662780761719,6.79474576235937,-3.281154729642368,-27.85641709428897,-1.2542163,23.166014,-3.7325501,33.68416,-22.335724,-15.000033,-46.891335,-35.373844,23.300247,56.90007,3.000188,15.000033,-1.358362,-4.1814265,29.704819,-33.91449,3.276012,-39.214504,-37.101963,12.711931,-3.0360963,9.448905,-10.414569,-1.3850282,19.659365,-50.418926,15.869028,-7.4044633,-3.4025097
799,-2.2635414600372314,11.32501220703125,64.51475524902344,6.784897403426292,-3.371495052181887,-28.55226538246721,0.9713231,23.260508,-2.1970382,31.48829,-24.665337,-15.000033,-47.232445,-34.17613,23.459217,57.13595,3.3250458,15.000033,-0.85426337,-4.1168723,28.99409,-31.658611,2.681357,-37.827213,-38.44213,13.190247,-2.603675,8.257202,-9.03692,-1.2095861,20.629313,-50.345196,17.117943,-7.4079723,-2.2492101
800,-1.9743547439575195,11.314726829528809,64.12891387939453,6.879982430837142,-3.591687516222329,-29.53160325701772,3.1255524,23.217016,-0.6935444,30.024626,-26.450874,-15.000033,-47.594673,-33.179253,23.70181,57.436855,3.2097383,15.000033,-0.36161265,-4.279446,28.423275,-30.169258,2.1158006,-36.39025,-39.42104,13.872292,-2.1043348,6.8768,-8.112692,-1.211345,21.63833,-49.926834,17.53942,-7.282941,-1.2796122
801,-1.71256422996521,11.280414581298828,63.77336502075195,7.13141257146053,-4.066810117848732,-30.8896893233025,5.191579,23.030718,0.7240217,29.703526,-27.52025,-15.000033,-47.914036,-32.57402,23.92072,57.88928,2.3762553,15.000033,0.186252,-4.7346387,28.152927,-29.384644,1.6765451,-34.888577,-40.107487,14.880318,-1.6634413,5.2097816,-7.784756,-1.4776609,22.679996,-49.059586,16.706142,-7.0112247,-0.474145
802,-1.463711142539978,11.206560134887695,63.475502014160156,7.482601589491371,-4.719094157390987,-32.58016264051812,7.1862626,22.836575,2.2061534,30.271847,-28.053438,-15.000033,-48.18151,-32.164413,24.116722,58.431084,1.099159,15.000033,0.74119717,-5.363371,28.108763,-29.004133,1.4240913,-33.264862,-40.779068,16.135832,-1.2606812,3.2593093,-7.8208427,-2.0324607,23.82526,-47.947742,15.069606,-6.664219,0.27435464
803,-1.2087446451187134,11.116813659667969,63.2718620300293,7.877786993111112,-5.319110582045774,-34.44727265022786,9.125899,22.652794,3.8290534,31.020744,-28.236279,-15.000033,-48.48381,-31.654629,24.490128,58.927788,-0.19135126,15.000033,1.1929036,-6.0056186,28.06483,-29.199839,1.4071115,-31.56281,-41.38376,17.453049,-0.6773968,1.2310839,-7.9516616,-2.8316145,25.076021,-46.87444,13.284633,-6.3286195,0.7931218
804,-0.9661634564399719,11.021924018859863,63.16012191772461,8.255193649780953,-5.639023281559109,-36.323456303412165,11.01458,22.446638,5.6559515,31.268888,-28.312624,-15.000033,-48.912052,-30.736082,25.240763,59.252502,-1.0423989,15.000033,1.4354001,-6.546897,27.775972,-30.172705,1.6562977,-29.848568,-41.807922,18.663591,0.32725924,-0.6713453,-7.926877,-3.793753,26.389706,-46.09215,11.999104,-6.0561337,0.9177949
805,-0.7384294867515564,10.909289360046387,63.09174728393555,8.663394796887012,-5.595637224088672,-38.20727361593139,12.848745,22.11446,7.8147135,30.814766,-28.21448,-15.000033,-49.552082,-29.28511,26.584036,59.355843,-1.2183357,15.000033,1.4632444,-7.0489707,27.150034,-31.987375,2.1844308,-28.011873,-42.15639,20.051899,2.025749,-2.6116924,-7.7592807,-4.859715,27.803839,-45.57471,11.337854,-5.843144,0.40539867
806,-0.5167311429977417,10.780674934387207,63.041378021240234,9.094975991606413,-5.3138825247422306,-40.15728734777772,14.624684,21.676315,10.22495,30.035141,-27.872622,-15.000033,-50.291264,-27.474636,28.323961,59.317623,-0.99276775,15.000033,1.3169008,-7.5760326,26.321602,-34.522987,3.01714,-26.11854,-42.413242,21.661297,4.2029734,-4.6584,-7.606081,-6.019157,29.301527,-45.154694,10.958163,-5.6444554,-0.5710228
807,-0.28318583965301514,10.629547119140625,63.001529693603516,9.407271525949337,-4.889728512222664,-42.092046003039506,16.319098,21.263634,12.6306305,29.122812,-27.45146,-15.000033,-50.949306,-25.452967,30.06433,59.202785,-0.64520186,15.000033,0.9744245,-8.041924,25.379051,-37.716305,4.1946883,-24.540277,-42.283173,22.927015,6.4381094,-6.4101434,-7.4241505,-7.2708826,30.72062,-44.88916,10.809313,-5.447774,-1.5524619
808,-0.026288744062185287,10.45030689239502,62.96160125732422,9.466727929046574,-4.424821394674391,-43.941371867467794,17.912306,21.024885,14.784184,28.271402,-27.099459,-15.000033,-51.39784,-23.376451,31.444407,59.06656,-0.433041,15.000033,0.43764308,-8.37173,24.410841,-41.52976,5.7480555,-23.67993,-41.477516,23.201372,8.370319,-7.382725,-7.1407824,-8.620189,31.890442,-44.869587,10.846843,-5.2454386,-2.080273
809,0.25201520323753357,10.25375747680664,62.91415023803711,9.220723164932053,-3.9334991987418353,-45.70948615613106,19.441359,21.003824,16.647213,27.43045,-26.840307,-15.000033,-51.63055,-21.205923,32.483173,58.913063,-0.38064772,15.000033,-0.30215296,-8.528504,23.366154,-46.143867,7.6772056,-23.64798,-40.053288,21.843752,10.014738,-7.0756245,-6.619717,-10.066242,32.71842,-45.249195,11.226866,-5.0756006,-1.9304824
810,0.5437099933624268,10.019235610961914,62.86100769042969,8.74629798892025,-3.384675364207447,-47.42901353665632,20.916927,21.12796,18.362053,26.518799,-26.582771,-15.000033,-51.73464,-18.907034,33.38494,58.706436,-0.3817159,15.000033,-1.2614807,-8.609694,22.257765,-51.568108,9.935194,-24.377945,-38.159695,19.224722,11.519869,-5.735042,-5.9245763,-11.606325,33.311775,-45.994064,11.923079,-4.92999,-1.3821654
811,0.830102264881134,9.760485649108887,62.79579544067383,8.114673996289914,-2.812996142000996,-49.08458902725015,22.278118,21.390686,19.963615,25.710867,-26.333668,-15.000033,-51.762665,-16.62692,34.080345,58.441063,-0.48326313,15.000033,-2.4740047,-8.738527,21.255407,-57.54812,12.441121,-25.98548,-35.65351,16.206474,12.756606,-4.013365,-5.3110604,-13.243447,33.83701,-46.89765,12.6181555,-4.7335367,-0.7363554
812,1.0794994831085205,9.484807014465332,62.71910858154297,7.398501501053366,-2.246831214284084,-50.66478387659247,23.457489,21.798792,21.498634,25.195759,-26.091068,-15.000033,-51.759262,-14.4920845,34.484425,58.1133,-0.7347643,15.000033,-3.974273,-9.010004,20.50282,-63.83029,15.093071,-28.555552,-32.415436,13.70603,13.686849,-2.6404345,-5.072767,-14.9877825,34.470585,-47.707474,12.989963,-4.4208813,-0.29320365
813,1.30535089969635,9.199135780334473,62.63256072998047,6.540867185233107,-1.6610397096625584,-52.22112421343107,24.43228,22.430971,23.012983,25.060905,-25.906008,-15.000033,-51.74702,-12.449189,34.510086,57.667053,-1.1342936,15.000033,-5.7964387,-9.354846,19.988602,-70.734406,17.834843,-32.16959,-28.52157,12.110859,14.361949,-1.9609995,-5.285733,-16.852211,35.21034,-48.399117,12.8100195,-3.8847322,-0.10635792
814,1.5042812824249268,8.898611068725586,62.54821014404297,5.528516038348406,-1.0577184628797558,-53.7539815164033,25.248516,23.279333,24.4911,25.202906,-25.75816,-15.000033,-51.725307,-10.446435,34.232437,57.112072,-1.65095,15.000033,-8.019405,-9.680281,19.623444,-78.15061,20.595884,-36.758396,-24.324875,10.869764,14.786208,-1.6160364,-5.9484787,-18.839668,36.070152,-48.958878,12.285844,-3.1886957,-0.026803331
815,1.669407606124878,8.585004806518555,62.46708679199219,4.506312497790779,-0.4929157075285687,-55.17203957902618,25.931702,24.21341,25.860954,25.529207,-25.563173,-15.000033,-51.711,-8.613881,33.77862,56.563965,-2.2724018,15.000033,-10.655892,-9.988135,19.379688,-85.20911,23.263145,-42.058167,-20.020971,9.584292,14.914069,-1.3395673,-7.208531,-20.946766,37.214764,-49.13253,11.746337,-2.5242996,-0.05197283
816,1.7900235652923584,8.24533462524414,62.38413619995117,3.618666381966042,-0.012417581006797754,-56.38079957134026,26.495756,25.107594,27.04895,25.953232,-25.24079,-15.000033,-51.705765,-7.0784874,33.270283,56.130634,-2.9802847,15.000033,-13.590974,-10.285289,19.222652,-91.22553,25.74776,-47.757843,-15.548846,7.886822,14.683897,-0.8764003,-9.099018,-23.158817,38.736588,-48.75179,11.525473,-2.0846303,-0.18637814
817,1.868034839630127,7.889323711395264,62.31551742553711,2.8788871105698175,0.39472909511664855,-57.361129069167326,26.924212,25.982145,28.055779,26.478935,-24.756353,-15.000033,-51.70544,-5.864501,32.665432,55.818714,-3.8293495,15.000033,-16.768755,-10.627265,19.153694,-96.43874,28.047304,-54.19881,-10.418637,5.122599,14.025756,-0.3469354,-11.597893,-25.473967,40.686687,-47.753704,12.111183,-2.0157585,-0.53660554
818,1.9126225709915161,7.524660110473633,62.26667022705078,2.2218133361324703,0.7579734874662286,-58.16246287570839,27.20313,26.899467,28.901876,27.152748,-24.167295,-15.000033,-51.71733,-4.9075723,31.901749,55.581253,-4.7969413,15.000033,-20.120975,-10.954008,19.133484,-101.34426,30.183044,-61.341824,-4.7731085,1.8007951,12.970998,0.08051282,-14.626178,-27.873474,43.000206,-46.305817,13.201513,-2.1909564,-1.0714525
819,1.9300475120544434,7.150820732116699,62.25123596191406,1.6730142912706791,1.0638561763953214,-58.786424691619914,27.358402,27.803253,29.564287,27.922785,-23.495481,-15.000033,-51.739674,-4.1863837,31.085695,55.45856,-5.7868495,15.000033,-23.461428,-11.196644,19.128105,-105.77069,32.134674,-68.39436,0.8903641,-0.709405,11.634157,0.66501075,-18.034487,-30.304024,45.54431,-44.722404,13.950338,-2.3878214,-1.585063
820,1.9297137260437012,6.777735233306885,62.257057189941406,1.256705408616232,1.2987703537510034,-59.23349989349025,27.41068,28.637331,30.01309,28.74293,-22.763372,-15.000033,-51.76824,-3.678483,30.332302,55.49073,-6.705958,15.000033,-26.60127,-11.3330145,19.147867,-109.43632,33.864376,-74.596245,6.3064175,-1.1079462,10.149719,1.7713029,-21.66054,-32.704105,48.138897,-43.32483,13.515726,-2.3628924,-1.8654631
821,1.9104998111724854,6.403090000152588,62.28373718261719,1.0022076072034414,1.4576173169202422,-59.42781004971752,27.297941,29.403727,30.146154,29.638876,-21.974274,-15.000033,-51.784836,-3.4666603,29.613121,55.706955,-7.5840573,15.000033,-29.625862,-11.434109,19.260622,-112.16717,35.344734,-80.61393,12.614407,1.938919,8.322424,3.93249,-25.55734,-35.03526,50.80591,-42.18092,11.329095,-1.9956117,-1.6785853
822,1.8992600440979004,6.033585071563721,62.318580627441406,0.8879351316482708,1.5538993030518402,-59.38865441686053,27.013319,30.13035,29.983662,30.621294,-21.128145,-15.000033,-51.784466,-3.5306902,28.880976,56.084053,-8.4562845,15.000033,-32.52531,-11.594834,19.47905,-114.261475,36.5693,-86.75418,19.910486,7.4529595,6.4251366,7.0595264,-29.7164,-37.275707,53.54798,-41.221622,7.9455056,-1.451137,-1.1416463
823,1.8743213415145874,5.6711835861206055,62.35406494140625,0.8611217858725275,1.600814412820784,-59.259532880019314,26.669556,30.795944,29.691858,31.61788,-20.237661,-15.000033,-51.779522,-3.684396,28.229362,56.574524,-9.234595,15.000033,-35.01163,-11.808805,19.748137,-115.76219,37.540775,-91.515366,26.356155,13.101695,5.1464386,10.375073,-33.943,-39.413155,56.1777,-40.464733,4.2174582,-0.8897872,-0.5856514
824,1.8644258975982666,5.324917793273926,62.389522552490234,0.8705631228950328,1.6121880419141275,-59.18693511122781,26.394154,31.379042,29.45399,32.55511,-19.320755,-15.000033,-51.789288,-3.7404535,27.75801,57.127506,-9.829666,15.000033,-36.854137,-12.032574,20.023407,-116.479416,38.286392,-93.223656,30.133434,16.452675,4.7392,12.84151,-38.058323,-41.470547,58.58197,-39.903133,0.9676674,-0.4194061,-0.38393727
825,1.8528153896331787,4.986420154571533,62.4305305480957,0.9156866382558608,1.5728114772463007,-59.185723220775536,26.227411,31.870808,29.299389,33.427086,-18.36258,-15.000033,-51.802242,-3.6665978,27.518723,57.753433,-10.200878,15.000033,-37.99626,-12.253507,20.329329,-116.20572,38.83761,-90.69982,30.661066,16.06835,5.0330176,14.169263,-42.065464,-43.475494,60.678154,-39.708424,-1.7966436,0.007037553,-0.604871
826,1.8332961797714233,4.6577253341674805,62.483238220214844,1.0186638148298148,1.4832998314385837,-59.18746559480498,26.1062,32.281013,29.139744,34.267338,-17.358723,-15.000033,-51.80725,-3.550673,27.44808,58.466675,-10.404837,15.000033,-38.591675,-12.477043,20.691668,-114.905266,39.201283,-84.96734,29.06302,13.437821,5.7400136,14.857425,-46.066254,-45.46289,62.57858,-39.79225,-4.4556346,0.45238122,-1.0811346
827,1.8037186861038208,4.339744567871094,62.545101165771484,1.1657572926618316,1.3826607719835193,-59.21486659504571,26.002289,32.622223,28.998556,35.07815,-16.340294,-15.000033,-51.835606,-3.3967266,27.48141,59.221966,-10.495719,15.000033,-38.73284,-12.668846,21.0922,-112.67711,39.361748,-77.66092,26.064423,10.54144,6.761142,15.044207,-50.05775,-47.463398,64.49735,-39.754593,-6.7941747,0.8665457,-1.8659276
828,1.7723437547683716,4.033880710601807,62.61612319946289,1.345342211681349,1.3099155167310703,-59.28895827482089,25.886665,32.90142,28.897785,35.85633,-15.334409,-15.000033,-51.920826,-3.2126985,27.559654,59.97459,-10.524334,15.000033,-38.559376,-12.801569,21.491482,-109.53657,39.293842,-70.353065,22.314556,9.373903,8.041812,14.766875,-54.176434,-49.503777,66.69143,-39.239258,-8.488469,1.1945571,-3.0107327
829,1.7398042678833008,3.7388954162597656,62.689788818359375,1.555616346577911,1.2645487563925342,-59.482531876064115,25.856295,33.08202,28.956295,36.540222,-14.336708,-15.000033,-52.089417,-2.9321632,27.701788,60.74845,-10.470997,15.000033,-38.037632,-12.86231,21.878805,-105.31629,38.906338,-62.757668,17.299438,10.7938595,9.840103,13.768724,-58.540962,-51.574474,69.20845,-38.318367,-9.14177,1.4258623,-4.773185
830,1.7057090997695923,3.448050022125244,62.77154541015625,1.8062403942083802,1.2312061372230063,-59.76152215405544,25.89032,33.164387,29.129038,37.151333,-13.33037,-15.000033,-52.31728,-2.5778818,27.93416,61.554188,-10.31766,15.000033,-37.190617,-12.852189,22.241707,-100.22752,38.06703,-54.3156,10.693088,13.64724,12.05485,12.036192,-63.304745,-53.650333,72.02335,-37.183342,-8.916232,1.5568242,-7.0556226
831,1.6561565399169922,3.168205976486206,62.857723236083984,2.1020868619584228,1.2269516181427027,-59.98625270886429,25.780403,33.216766,29.194033,37.812454,-12.318972,-15.000033,-52.56786,-2.286373,28.209814,62.33341,-10.120361,15.000033,-36.137875,-12.757718,22.64189,-94.75471,36.688213,-46.08821,3.4457972,16.885254,14.102371,9.936488,-68.20508,-55.676575,75.25113,-35.652412,-8.831991,1.5443511,-9.381336
832,1.5962657928466797,2.897783041000366,62.95597457885742,2.448487977158059,1.2641732480956158,-60.01704556674528,25.320738,33.304268,28.91931,38.64874,-11.3172245,-15.000033,-52.803127,-2.1965714,28.481266,63.027084,-9.93455,15.000033,-35.065487,-12.638492,23.056137,-89.21394,34.77661,-39.13517,-3.3004785,19.435776,15.510766,7.9810705,-73.44378,-57.620327,79.001396,-33.534115,-9.350957,1.411916,-11.252259
833,1.5187559127807617,2.6396255493164062,63.06361389160156,2.8358325046626662,1.3294823598810281,-59.81801227963653,24.461906,33.4638,28.233498,39.727425,-10.335937,-15.000033,-53.009678,-2.3256035,28.732708,63.642845,-9.755549,15.000033,-33.975082,-12.50676,23.500193,-83.09879,32.312553,-33.57953,-9.681804,20.90389,16.199945,6.322981,-79.01606,-59.44297,83.37706,-30.759659,-10.994418,1.1975508,-12.606891
834,1.4341189861297607,2.402750253677368,63.188541412353516,3.2668074766838058,1.4191362080567418,-59.463284456338314,23.31295,33.645016,27.272532,40.959778,-9.345973,-15.000033,-53.211243,-2.6077826,28.996044,64.20543,-9.563532,15.000033,-32.751354,-12.3616705,23.954443,-76.29778,29.24272,-29.028828,-16.235529,21.903841,16.453642,4.811382,-84.92694,-61.100555,88.30499,-27.413877,-13.327035,0.9000422,-13.703688
835,1.3489444255828857,2.2001986503601074,63.33339309692383,3.7635474249958945,1.557110576192189,-58.978945781496606,21.910645,33.75096,26.074928,42.22886,-8.352613,-15.000033,-53.43304,-3.0541468,29.284048,64.68643,-9.3837185,15.000033,-31.292141,-12.146986,24.409151,-69.60913,25.660152,-25.568233,-22.394323,22.926195,16.404934,3.4527714,-90.91173,-62.553627,93.624245,-23.408413,-15.793253,0.48969424,-14.533008
836,1.2534856796264648,2.023545980453491,63.48848342895508,4.346198314172775,1.76594217231734,-58.39061190616856,20.301311,33.702377,24.709957,43.425625,-7.3376946,-15.000033,-53.694725,-3.673042,29.613235,65.05429,-9.244979,15.000033,-29.541386,-11.7871275,24.841684,-63.76877,21.81223,-23.130657,-27.613722,24.44637,16.150824,2.1500337,-96.75258,-63.77574,99.22538,-18.64221,-17.778765,-0.08201871,-15.056934
837,1.144313931465149,1.857364535331726,63.66004943847656,5.057916726947757,2.076536149274286,-57.593200727106364,18.313498,33.474415,23.041986,44.613094,-6.251841,-15.000033,-54.034534,-4.571037,29.991684,65.31123,-9.160858,15.000033,-27.586092,-11.27032,25.210312,-58.28097,17.987175,-21.772354,-32.039963,26.707853,15.581971,0.7939581,-102.38791,-64.73809,105.53783,-12.846849,-19.176704,-0.9992767,-15.218352
838,1.032774806022644,1.7041637897491455,63.83877944946289,5.880959982086326,2.454669759135556,-56.61067262808611,16.019705,33.070885,21.120842,45.811687,-5.1119413,-15.000033,-54.436573,-5.7021794,30.418608,65.47628,-9.116663,15.000033,-25.527,-10.79031,25.506044,-52.618557,14.370683,-21.474442,-35.956253,29.353651,14.636816,-0.6096858,-107.564285,-65.36426,111.93226,-6.1212263,-20.369843,-2.2653735,-14.906006
839,0.9280335903167725,1.5670249462127686,64.01431274414062,6.741091016190707,2.8295993798860306,-55.66438805438149,13.834925,32.488438,19.293322,46.86013,-4.0260406,-15.000033,-54.834274,-6.842591,30.894106,65.53958,-9.094023,15.000033,-23.306458,-10.644358,25.737604,-47.738304,11.091457,-21.869751,-38.730167,31.933847,13.521758,-1.9920323,-110.67611,-65.57605,115.93199,1.5518273,-22.02595,-3.6511204,-14.066649
840,0.8399204611778259,1.459048867225647,64.19731140136719,7.548701792771697,3.153612974051769,-54.97162740556311,12.131305,31.785824,17.882164,47.612972,-3.0989568,-15.000033,-55.16288,-7.7728095,31.401295,65.47886,-9.071242,15.000033,-21.011877,-10.47106,26.009987,-44.021812,8.199054,-22.106686,-40.666122,33.962624,12.522723,-3.2179651,-112.52872,-65.407616,117.793465,9.725739,-23.970709,-4.6341414,-13.2151575
841,0.7594315409660339,1.3773982524871826,64.38262176513672,8.315727520912919,3.4328924491412156,-54.562417536898145,10.937336,31.022383,16.999481,48.050537,-2.3025148,-15.000033,-55.40871,-8.488645,31.952484,65.267044,-9.059437,15.000033,-18.60452,-9.992867,26.442764,-41.240326,5.7292595,-21.802881,-42.175335,35.22234,11.719026,-4.2912645,-113.95176,-64.95955,118.77231,19.007421,-26.368532,-4.9040527,-12.244133
842,0.6853127479553223,1.296430230140686,64.57198333740234,9.071505785684797,3.697421530874618,-54.32681669354124,10.059265,30.190496,16.451939,48.256454,-1.6057541,-15.000033,-55.606335,-9.08794,32.542534,64.91691,-9.062699,15.000033,-16.205011,-9.237135,26.98146,-38.94159,3.7292874,-21.176939,-43.451973,35.960106,11.024341,-5.2516184,-115.28187,-64.32588,119.33079,29.152164,-28.795652,-4.670006,-11.035573
843,0.6303132772445679,1.2200480699539185,64.76164245605469,9.752451700570886,3.9454302422179324,-54.269111211199345,9.496561,29.279343,16.077208,48.25356,-1.0979519,-15.000033,-55.75914,-9.519507,33.12503,64.47218,-9.056089,15.000033,-14.1745205,-8.10586,27.60296,-37.024303,2.1800346,-20.229473,-44.905186,36.399174,10.472825,-6.0703497,-117.43969,-63.619247,119.34919,37.972916,-29.942314,-4.2811065,-9.784379
844,0.5976990461349487,1.1576335430145264,64.9400863647461,10.293401470882541,4.175034898537779,-54.39456260467963,9.24441,28.280155,15.711774,48.063187,-0.8621137,-15.000033,-55.864727,-9.736301,33.65151,63.974792,-9.013433,15.000033,-12.726542,-6.479829,28.339828,-35.55966,0.97898376,-19.069073,-46.798412,36.740025,10.093967,-6.692461,-121.02854,-62.96515,118.52251,43.55209,-28.63946,-4.1432333,-8.754907
845,0.5855296850204468,1.1058225631713867,65.10103607177734,10.674164183036641,4.364459604435659,-54.801918393718466,9.423839,27.114796,15.332978,47.593952,-0.9594768,-15.000033,-55.884052,-9.6577015,34.141575,63.418133,-8.930789,15.000033,-11.554349,-4.220964,29.35556,-34.881706,-0.05215746,-17.873045,-48.956715,37.05154,9.970323,-7.0197477,-126.117645,-62.51333,115.86485,46.070774,-23.871958,-4.497474,-8.314993
846,0.5967629551887512,1.077333688735962,65.2552261352539,10.96009429547049,4.675898576458784,-55.42463967963624,9.765797,25.801891,14.979883,46.909264,-1.3357928,-15.000033,-55.999046,-9.351786,34.63186,62.761833,-8.781263,15.000033,-10.068772,-1.9265884,29.793802,-35.72619,-1.0853146,-16.929434,-49.588467,37.35573,10.06402,-7.087413,-129.09737,-62.30454,109.07098,47.85708,-17.414057,-5.137188,-8.404219
847,0.6008973121643066,1.0764740705490112,65.38604736328125,11.139865712334533,4.994273223876886,-56.10641801541004,10.223886,24.527458,14.633925,46.13004,-1.8810165,-15.000033,-56.08864,-8.948928,35.03594,62.06323,-8.607098,15.000033,-8.584341,-0.29529873,29.793802,-38.487614,-1.91706,-15.983783,-48.22511,37.87518,10.155785,-7.2134666,-128.33661,-62.182693,97.751625,49.156258,-11.90785,-5.747576,-8.6694565
848,0.5955370664596558,1.087449312210083,65.49324035644531,11.211092378903478,5.286044496647388,-56.67151636566506,10.647686,23.475784,14.285523,45.42002,-2.4882312,-15.000033,-56.13003,-8.596298,35.279716,61.36131,-8.425935,15.000033,-7.4025135,1.0592021,29.793802,-42.374466,-2.2810879,-15.07204,-46.19277,38.285057,10.203884,-7.370777,-125.90141,-61.98731,85.92662,48.979332,-8.175392,-5.925349,-8.650185
849,0.5889033079147339,1.1096357107162476,65.59086608886719,11.169213669594242,5.59081023567113,-57.104983880612615,10.978213,22.606054,13.883426,44.801643,-3.1604774,-15.000033,-56.174473,-8.296311,35.368763,60.650192,-8.220779,15.000033,-6.426548,2.3796353,29.793802,-47.324493,-2.1586907,-14.444707,-43.887386,38.475037,10.224926,-7.498729,-122.5779,-61.647896,74.17659,46.2482,-6.303706,-5.4751267,-8.1707535
850,0.5857932567596436,1.149955153465271,65.68533325195312,11.01263718371888,5.910556973683775,-57.4914705797068,11.303128,21.858227,13.452407,44.203506,-3.9497526,-15.000033,-56.218906,-7.985448,35.33505,59.9132,-7.987821,15.000033,-5.57611,3.6448474,29.793802,-53.295044,-1.6214286,-14.16262,-41.258087,38.485554,10.279283,-7.5185804,-118.8739,-61.04861,61.91083,41.18583,-5.3488765,-4.601429,-7.5194325
851,0.5670433640480042,1.193633794784546,65.77352905273438,10.773657883221293,6.24789782294608,-57.77837655536586,11.571784,21.365051,13.109718,43.67989,-4.801624,-15.000033,-56.2677,-7.7276063,35.1675,59.150444,-7.73737,15.000033,-4.9770145,4.667159,29.793802,-59.70819,-0.6948622,-14.214659,-38.301414,38.295605,10.38533,-7.379248,-115.01535,-60.125843,50.169746,35.123913,-4.8638535,-3.4874492,-6.8668923
852,0.536537230014801,1.2427761554718018,65.86244201660156,10.487590776025915,6.608003888464605,-57.911580339319194,11.733702,21.25219,12.980834,43.28099,-5.6553364,-15.000033,-56.324997,-7.587668,34.85691,58.3608,-7.4729257,15.000033,-4.7491746,5.3392425,29.793802,-65.99408,0.58454144,-14.553533,-35.03093,37.88489,10.561497,-7.0328536,-110.96937,-58.89829,40.02668,29.44275,-4.377021,-2.3275952,-6.3559937
853,0.5011178255081177,1.2936407327651978,65.95829772949219,10.159137964972553,6.995999693514277,-57.82847662149333,11.761995,21.622183,13.17243,43.032333,-6.5000005,-15.000033,-56.38185,-7.6258903,34.37221,57.54201,-7.243143,15.000033,-4.960003,5.67816,29.793802,-72.37268,2.2038693,-15.144226,-31.431463,37.236023,10.89177,-6.6097393,-106.21642,-57.366066,31.664482,24.123465,-3.8962057,-1.0002818,-6.005447
854,0.4637871980667114,1.3523091077804565,66.0672378540039,9.778999895124986,7.411850857837832,-57.57356104231607,11.693933,22.366552,13.603143,42.896725,-7.3779683,-15.000033,-56.44482,-7.801329,33.727512,56.691135,-7.0043387,15.000033,-5.544949,5.7995186,29.793802,-78.97438,4.0866766,-16.036373,-27.609888,36.343693,11.328694,-6.0765824,-100.77715,-55.420273,24.468464,18.464514,-3.5514052,0.56013113,-5.750426
855,0.4191548526287079,1.410084843635559,66.18778991699219,9.360930949348294,7.8375831307324315,-57.25352034307718,11.5896635,23.303278,14.128017,42.82062,-8.266465,-15.000033,-56.494907,-8.020058,33.005116,55.817593,-6.7387996,15.000033,-6.4244385,5.791854,29.793802,-85.21036,6.0913877,-17.195227,-23.618052,35.246292,11.664507,-5.1904054,-95.243355,-52.98146,18.346088,12.884016,-3.1283958,2.0489013,-5.5929937
856,0.3775447607040405,1.4797344207763672,66.3150863647461,8.915204741446194,8.247141974221178,-56.976602502604486,11.512971,24.255875,14.59829,42.755733,-9.144326,-15.000033,-56.513676,-8.18737,32.2818,54.930534,-6.4168196,15.000033,-7.511896,5.7603855,29.793802,-90.5632,8.060809,-18.535316,-19.393198,34.027637,11.668453,-3.760596,-90.36628,-50.06125,13.386534,7.9642997,-2.4642293,3.1417403,-5.518371
857,0.3361268937587738,1.5537830591201782,66.44883728027344,8.431201827108834,8.643810827334075,-56.72263771832128,11.437907,25.27065,14.987947,42.73187,-10.021353,-15.000033,-56.498,-8.310192,31.536774,54.02245,-6.026599,15.000033,-8.842899,5.683078,29.793802,-95.3399,9.928286,-20.221876,-14.018117,32.706684,11.178218,-1.4618336,-85.909035,-46.76165,9.641969,3.7731063,-1.4288512,3.705623,-5.547831
858,0.2974245548248291,1.6296380758285522,66.5749282836914,7.907947825172178,9.022447388771266,-56.453949707990944,11.365723,26.403994,15.373937,42.750404,-10.920577,-15.000033,-56.442123,-8.426546,30.739103,53.09489,-5.5793314,15.000033,-10.396291,5.5401235,29.793802,-99.76503,11.708997,-22.214697,-7.728543,31.325907,10.282891,1.4245201,-81.21827,-43.182896,6.9922295,-0.13338785,-0.19016728,3.909986,-5.650117
859,0.2678379416465759,1.713916301727295,66.69647979736328,7.367808495528193,9.352882183760414,-56.24876136883098,11.386501,27.511473,15.77241,42.727646,-11.802655,-15.000033,-56.323765,-8.48299,29.971098,52.170403,-5.1270328,15.000033,-12.021925,5.384049,29.793802,-103.40104,13.374007,-24.1349,-1.9069567,30.052038,9.172405,4.1875343,-76.51128,-39.40449,5.2420964,-3.8145547,0.9426099,3.8765092,-5.6934576
860,0.23919154703617096,1.7980828285217285,66.80598449707031,6.829223300392132,9.607068819033067,-56.184579587187066,11.586319,28.450445,16.18985,42.597343,-12.643125,-15.000033,-56.14223,-8.428287,29.294874,51.265877,-4.6608753,15.000033,-13.537762,5.2657275,29.793802,-105.83553,14.887071,-25.579075,2.1366053,29.00926,8.083815,6.145908,-72.13236,-35.50207,4.158134,-7.201153,1.653664,3.734387,-5.5484037
861,0.22579678893089294,1.890037178993225,66.90482330322266,6.254923369634667,9.800036140370045,-56.31344452398439,11.987399,29.243118,16.633492,42.381756,-13.473259,-15.000033,-55.906116,-8.195543,28.710506,50.362484,-4.1708784,15.000033,-14.836984,5.241365,29.793802,-107.016174,16.221563,-26.44202,4.3160334,28.380617,7.024369,7.0892286,-67.972694,-31.546894,3.667098,-10.218502,1.7858771,3.4635384,-5.055463
862,0.23007678985595703,1.9858894348144531,66.98884582519531,5.646723609743297,9.95026525203669,-56.57977075168261,12.52643,29.95132,17.097712,42.118095,-14.292327,-15.000033,-55.63387,-7.8296666,28.187208,49.452225,-3.647948,15.000033,-15.968801,5.249375,29.793802,-107.258125,17.366913,-26.940573,5.409215,28.02333,5.930584,7.4247346,-63.740147,-27.618711,3.8034027,-12.932554,1.5689243,3.011399,-4.286789
863,0.24643763899803162,2.0866191387176514,67.0617904663086,5.080311672450164,10.035677364826025,-56.898700369456364,13.158215,30.497675,17.566635,41.761112,-15.001614,-15.000033,-55.32902,-7.445377,27.74943,48.573254,-3.130033,15.000033,-16.98472,5.177355,29.793802,-106.722626,18.302805,-27.12435,5.466797,27.537434,4.938144,7.424996,-59.597134,-23.794037,4.431612,-15.423915,1.2693381,2.4684377,-3.4703085
864,0.2621349096298218,2.19809889793396,67.12540435791016,4.631300626344282,10.031375289565055,-57.18631885444337,13.840396,30.80201,18.015793,41.261066,-15.500943,-15.000033,-54.990234,-7.1548004,27.423634,47.773273,-2.6624284,15.000033,-17.93771,4.9215083,29.793802,-105.558685,19.004158,-27.03763,4.511964,26.537146,4.180485,7.3498654,-55.723648,-20.148973,5.3691077,-17.76713,1.1555209,1.9330488,-2.8337667
865,0.28357645869255066,2.321528196334839,67.1827621459961,4.311823971068206,9.925014762938376,-57.473061194879854,14.621368,30.80115,18.45771,40.561275,-15.72966,-15.000033,-54.606884,-6.946653,27.230383,47.04758,-2.2415826,15.000033,-18.787779,4.4697556,29.793802,-103.652145,19.425667,-26.563307,2.1021905,24.579979,3.747673,7.263068,-52.13659,-16.75435,6.542746,-19.903131,1.2478318,1.4391975,-2.4294157
866,0.32167860865592957,2.462430477142334,67.23735809326172,4.080498025060854,9.729597847493695,-57.78633192157932,15.502044,30.551126,18.87977,39.694164,-15.746657,-15.000033,-54.1767,-6.7705884,27.151964,46.383118,-1.867822,15.000033,-19.472878,3.912003,29.793802,-100.97522,19.53177,-25.669039,-1.6506289,21.978333,3.567614,7.072724,-48.75833,-13.654726,7.94276,-21.742569,1.4594219,0.94201225,-2.1413276
867,0.35278621315956116,2.6140058040618896,67.28550720214844,3.9328836698931666,9.458865438225297,-58.03878654660318,16.371523,30.148422,19.214312,38.74337,-15.641562,-15.000033,-53.71807,-6.6815653,27.135157,45.809593,-1.5440696,15.000033,-20.02891,3.2946653,29.793802,-97.8019,19.318089,-24.548532,-5.9006033,19.493786,3.5213797,6.7914405,-45.60863,-10.855176,9.4564905,-23.372635,1.8817801,0.4260959,-1.9451675
868,0.3763052523136139,2.773592472076416,67.32661437988281,3.8651832564017097,9.128310164834296,-58.1442316510445,17.11944,29.691486,19.400415,37.80082,-15.510063,-15.000033,-53.258556,-6.737523,27.12441,45.35999,-1.2533354,15.000033,-20.51327,2.645745,29.793802,-94.41312,18.800621,-23.423983,-9.778292,17.892176,3.4821465,6.3917913,-42.68689,-8.328098,10.983607,-24.909985,2.594455,-0.12579708,-1.80877
869,0.3894234299659729,2.9427385330200195,67.36337280273438,3.897742036740132,8.733350303632626,-58.0943921076643,17.753391,29.168522,19.454227,36.84375,-15.357986,-15.000033,-52.80616,-6.9543166,27.133362,45.058346,-0.9968821,15.000033,-20.975992,1.9373126,29.793802,-90.66182,17.951687,-22.309683,-13.299775,17.563467,3.453764,5.762049,-39.989613,-6.029351,12.509536,-26.366947,3.7171254,-0.7523431,-1.7549064
870,0.39137351512908936,3.136395215988159,67.39674377441406,4.022614841722795,8.267946836310266,-57.932975997612495,18.325743,28.54352,19.393173,35.834667,-15.146565,-15.000033,-52.345135,-7.298712,27.177635,44.88301,-0.7779949,15.000033,-21.385597,1.1552776,29.793802,-86.46017,16.740644,-21.16519,-16.88288,18.051758,3.4768386,4.9521923,-37.499596,-3.9441433,14.013274,-27.706747,5.1587305,-1.4326954,-1.7819717
871,0.38601112365722656,3.3408899307250977,67.4253158569336,4.194482532806409,7.746657351935476,-57.65030510696768,18.79428,27.88272,19.170717,34.850292,-14.896663,-15.000033,-51.855335,-7.7626615,27.211535,44.787086,-0.6087455,15.000033,-21.680807,0.35915524,29.793802,-82.160164,15.214753,-20.115795,-20.265879,18.845968,3.4761496,4.1315265,-35.189022,-2.0873384,15.398205,-28.998331,6.6839256,-2.0939634,-1.8266283
872,0.3705543875694275,3.5563747882843018,67.44091033935547,4.384347161934133,7.2318406235341515,-57.230649329055794,19.04874,27.238644,18.736423,33.994305,-14.636008,-15.000033,-51.37129,-8.350562,27.205559,44.71587,-0.48975757,15.000033,-21.828365,-0.3542621,29.6081,-77.918396,13.470731,-19.23074,-23.232521,19.390871,3.3842416,3.4798057,-32.994312,-0.46386465,16.634287,-30.210085,8.058009,-2.6713529,-1.8529491
873,0.3509427309036255,3.7776854038238525,67.45004272460938,4.622352496746277,6.752097472228668,-56.648937526891345,19.027899,26.568295,18.026546,33.275097,-14.372993,-15.000033,-50.935913,-9.094647,27.182926,44.683018,-0.42534834,15.000033,-21.918125,-0.9900124,29.088411,-73.48967,11.56731,-18.480627,-25.811905,19.545021,3.173208,3.0282302,-30.970251,0.9611888,17.729162,-31.212282,9.331431,-3.1539536,-1.8746696
874,0.32958126068115234,4.014545440673828,67.45211029052734,4.892556630789484,6.222724204204386,-55.928689888365234,18.876633,25.876007,17.103903,32.63154,-14.097014,-15.000033,-50.465714,-9.974096,27.134727,44.714134,-0.42335877,15.000033,-21.954325,-1.6066315,28.566486,-68.99139,9.527009,-17.88418,-28.134508,19.576496,2.8974206,2.6709008,-29.161552,2.2168272,18.699017,-32.202034,10.531096,-3.5669258,-1.9136133
875,0.3052464723587036,4.266039848327637,67.4378890991211,5.139385726628056,5.654658537467102,-55.109649156546155,18.62026,25.248026,16.08688,32.116627,-13.814165,-15.000033,-49.937626,-10.930637,27.015553,44.74906,-0.4613553,15.000033,-21.899017,-2.154782,28.050299,-64.62783,7.4038477,-17.456333,-30.15637,19.535074,2.5888627,2.373307,-27.55986,3.2970018,19.530262,-33.17219,11.576239,-3.9256885,-1.9568075
876,0.2737137973308563,4.529571056365967,67.40629577636719,5.310138620053246,5.06026512271437,-54.229514271385035,18.276384,24.7678,15.092872,31.77886,-13.520299,-15.000033,-49.329727,-11.911357,26.782576,44.73009,-0.5188816,15.000033,-21.746681,-2.6122358,27.520899,-60.607166,5.2864513,-17.157894,-31.792305,19.47464,2.280001,2.0940259,-26.339117,4.1292224,20.050638,-33.967464,12.591012,-4.240232,-1.9651045
877,0.24231071770191193,4.807145118713379,67.3650894165039,5.41122561390071,4.431186101997233,-53.270493445983455,17.78847,24.386446,14.026323,31.608074,-13.056986,-15.000033,-48.638794,-12.934717,26.429874,44.682987,-0.62366027,15.000033,-21.47981,-2.9582694,26.998117,-56.85445,3.2219748,-16.921408,-33.0843,19.346596,1.9824237,1.8620267,-25.386686,4.714483,20.394537,-34.750122,13.473539,-4.5162463,-1.9808886
878,0.20347820222377777,5.0970282554626465,67.30986785888672,5.462991127137707,3.765876079784403,-52.22031286386965,17.16521,24.075792,12.8743,31.585958,-12.471595,-15.000033,-47.871017,-14.017206,25.98168,44.625755,-0.77863175,15.000033,-21.152788,-3.2283313,26.480429,-53.25053,1.2406317,-16.73056,-34.085075,19.121443,1.686933,1.6894052,-24.732359,5.051618,20.55707,-35.50611,14.296308,-4.7499495,-2.0095987
879,0.15291807055473328,5.410956859588623,67.24208068847656,5.431945197624766,3.0939378410839646,-51.121420694638424,16.503592,23.953215,11.865578,31.744297,-12.061368,-15.000033,-47.02555,-15.104802,25.42371,44.487576,-0.9130799,15.000033,-20.779064,-3.3943589,25.97559,-49.958176,-0.6226427,-16.614405,-34.810585,18.86027,1.4018607,1.5303417,-24.2827,5.1469045,20.561037,-36.233475,14.973509,-4.951409,-2.0381444
880,0.09840194880962372,5.72036600112915,67.18133544921875,5.284598089837085,2.4464487716495245,-50.01517545885497,15.889845,24.142704,11.22031,32.116627,-12.120377,-15.000033,-46.10207,-16.136795,24.74614,44.204674,-0.96504134,15.000033,-20.37078,-3.4290776,25.4863,-47.15097,-2.3263464,-16.588625,-35.265507,18.626524,1.1358105,1.3385663,-23.955664,5.0053735,20.40659,-36.917137,15.439288,-5.129577,-2.0494773
881,0.03099861554801464,6.059828758239746,67.10266876220703,4.96876739040415,1.8199630364253356,-48.87448912077089,15.282043,24.832651,11.054906,32.924545,-12.851979,-15.000033,-45.072212,-17.083471,23.895483,43.79056,-0.9599775,15.000033,-19.946787,-3.296916,25.005743,-44.819622,-3.8319578,-16.57577,-35.383087,18.45717,0.88604766,1.0895845,-23.845737,4.6068206,20.06094,-37.509003,15.538784,-5.28013,-2.020808
882,-0.030371496453881264,6.429202079772949,67.01316833496094,4.51143323536085,1.2065853318238313,-47.687446178741794,14.650271,25.919128,11.217211,34.065067,-14.046727,-15.000033,-43.937218,-17.96325,22.894102,43.27502,-0.9242653,15.000033,-19.506184,-3.0250788,24.53417,-42.872997,-5.1209803,-16.538752,-35.21058,18.305635,0.65753627,0.824906,-23.920275,3.9502125,19.571108,-38.062366,15.346771,-5.405056,-1.9720762
883,-0.09088141471147537,6.811237335205078,66.9390640258789,4.002716341720548,0.6301750391759519,-46.51825554806831,14.094881,27.083328,11.533351,35.101288,-15.386551,-15.000033,-42.749077,-18.804134,21.832617,42.613064,-0.77854687,15.000033,-19.025454,-2.6922307,24.078823,-41.384743,-6.1841063,-16.559612,-34.875065,18.111525,0.46883515,0.593384,-23.94256,3.0813985,19.0148,-38.67548,15.160584,-5.519108,-1.943808
884,-0.13774824142456055,7.220650672912598,66.87812805175781,3.5391633843375288,0.11343457226292611,-45.430000036789046,13.703982,27.990292,11.843298,35.619484,-16.55492,-15.000033,-41.563618,-19.640528,20.806328,41.760788,-0.44977316,15.000033,-18.474699,-2.387507,23.643791,-40.43854,-7.0190015,-16.740593,-34.486332,17.814253,0.33751547,0.44176686,-23.69262,2.0830588,18.456324,-39.427715,15.255198,-5.633704,-1.9726284
885,-0.17782002687454224,7.665518760681152,66.84214782714844,3.138764692909972,-0.3462788960008976,-44.385579942693454,13.501666,28.58387,12.172612,35.49214,-17.544033,-15.000033,-40.362747,-20.522827,19.795305,40.706993,0.031081792,15.000033,-17.859926,-2.1435273,23.205276,-40.202885,-7.592391,-17.128304,-33.931644,17.282618,0.26748493,0.41175666,-23.169224,0.9929669,17.814526,-40.27486,15.736181,-5.748058,-2.0482562
886,-0.20896068215370178,8.131875038146973,66.85159301757812,2.754933446128593,-0.7569374693090782,-43.36833528762456,13.442407,29.027985,12.584209,34.955723,-18.506119,-15.000033,-39.12477,-21.41436,18.75749,39.47563,0.6404574,15.000033,-17.192123,-1.9384966,22.768682,-40.5835,-7.892897,-17.668901,-33.194935,16.58151,0.25203353,0.4807669,-22.490873,-0.17456236,17.061869,-41.166065,16.43449,-5.8567953,-2.145603
887,-0.23099058866500854,8.601472854614258,66.91289520263672,2.3926041710221098,-1.1074789521386958,-42.47307339649595,13.5048485,29.309614,12.9789915,34.1463,-19.364758,-15.000033,-37.906494,-22.237139,17.759266,38.06831,1.4686867,15.000033,-16.461185,-1.7802761,22.371847,-41.285454,-7.972565,-18.302769,-32.4988,15.950563,0.287937,0.58601195,-21.670126,-1.3524275,16.32312,-42.11851,17.214613,-5.957956,-2.2762222
888,-0.2429913729429245,9.077874183654785,67.01070404052734,2.060865665776797,-1.3915472300109464,-41.79546557278102,13.666538,29.41804,13.265566,33.19837,-20.033987,-15.000033,-36.765358,-22.909706,16.891218,36.488007,2.5915592,15.000033,-15.667358,-1.673297,22.034431,-42.032875,-7.9123297,-18.94221,-32.023987,15.646315,0.3695807,0.64675957,-20.776163,-2.4454596,15.72777,-43.075867,17.926914,-6.046878,-2.4435215
889,-0.2484770268201828,9.564918518066406,67.1463394165039,1.7700285212610534,-1.623889323893284,-41.392622232651284,14.051268,29.283571,13.423317,31.940186,-20.48104,-15.000033,-35.70102,-23.414085,16.179518,34.685337,4.0645485,15.000033,-14.785952,-1.6332115,21.753304,-42.916374,-7.753854,-19.546265,-31.717901,15.890048,0.5034779,0.60537606,-19.86805,-3.385001,15.290209,-43.913742,18.648687,-6.1342597,-2.6616569
890,-0.2563832104206085,10.068796157836914,67.31961059570312,1.5164930200642794,-1.8100303509699787,-41.203590753653195,14.635915,28.941757,13.488459,30.355429,-20.753864,-15.000033,-34.690742,-23.793686,15.580574,32.672073,5.830891,15.000033,-13.836372,-1.6666664,21.499838,-44.075703,-7.499428,-20.140326,-31.434769,16.517046,0.68384075,0.49597245,-18.980314,-4.153941,14.945914,-44.586422,19.391464,-6.210838,-2.899511
891,-0.26140350103378296,10.58596420288086,67.52674865722656,1.2939346129417229,-1.9290015224999466,-41.14547061932073,15.1717415,28.532024,13.472853,28.817007,-20.8804,-15.000033,-33.771782,-24.086721,15.064771,30.542053,7.823318,15.000033,-12.883911,-1.761431,21.24725,-45.309963,-7.1689277,-20.724775,-31.208397,17.206114,0.8869043,0.36972916,-18.148876,-4.745402,14.71077,-45.13852,19.90502,-6.238866,-3.0947087
892,-0.2844003736972809,11.111387252807617,67.7718734741211,1.0996086366173226,-1.9595798704819214,-41.135463099503006,15.401162,28.182693,13.403266,27.71592,-20.890593,-15.000033,-32.981747,-24.329,14.607175,28.39219,9.96517,15.000033,-11.989035,-1.905917,20.96491,-46.42762,-6.788684,-21.294043,-31.061516,17.636593,1.0906637,0.27698132,-17.398027,-5.1607966,14.600939,-45.625393,19.937012,-6.1780972,-3.1877186
893,-0.31633612513542175,11.62618350982666,68.04362487792969,0.9569115615367475,-1.8743341463194951,-41.20972812732716,15.2973175,27.851143,13.308001,27.080614,-20.766125,-15.000033,-32.376076,-24.535227,14.283742,26.16025,12.44809,15.000033,-11.133131,-2.123393,20.631033,-47.43235,-6.3779254,-21.849321,-30.981821,17.718079,1.2913083,0.23955847,-16.691793,-5.3898263,14.609525,-46.08533,19.28103,-5.9815598,-3.1302407
894,-0.3557130992412567,12.129657745361328,68.33810424804688,0.8655076983601081,-1.6953294449822323,-41.39262666856567,14.982424,27.481392,13.17825,26.732601,-20.495377,-15.000033,-31.930084,-24.687847,14.085756,23.839222,15.22717,15.000033,-10.287477,-2.422072,20.267038,-48.429752,-5.942444,-22.39621,-30.929312,17.630404,1.4991276,0.22398603,-16.024714,-5.43156,14.733692,-46.48062,18.113306,-5.679874,-2.9543521
895,-0.40784355998039246,12.612278938293457,68.65473175048828,0.7870159898740582,-1.4723699074178496,-41.586658627820405,14.415924,27.1765,12.996775,26.766266,-20.122547,-15.000033,-31.561943,-24.787931,13.862295,21.606531,17.880114,15.000033,-9.491149,-2.7602046,19.902992,-49.378452,-5.486185,-22.934216,-30.889713,17.457567,1.7147272,0.19992894,-15.45698,-5.31759,14.987645,-46.7622,16.76392,-5.3508453,-2.726868
896,-0.48754581809043884,13.073531150817871,68.9922103881836,0.681786057029273,-1.252453144729236,-41.695030295999764,13.55603,27.0402,12.73993,27.269924,-19.690035,-15.000033,-31.181068,-24.839548,13.470633,19.62332,19.996607,15.000033,-8.77841,-3.0816605,19.567337,-50.232533,-5.011255,-23.46296,-30.861607,17.283451,1.9391071,0.13711357,-15.035098,-5.100329,15.381756,-46.902973,15.568509,-5.0716977,-2.527762
897,-0.5830209851264954,13.514598846435547,69.33865356445312,0.536498409604156,-1.0139536958303876,-41.723672777517955,12.372165,27.1073,12.456653,28.282991,-19.215378,-15.000033,-30.763952,-24.845964,12.818703,17.772264,21.550182,15.000033,-8.131521,-3.3399122,19.234858,-50.97426,-4.518612,-23.97681,-30.870428,17.076635,2.183682,0.016996972,-14.693655,-4.8020067,15.956218,-46.969902,14.595843,-4.865218,-2.403094
898,-0.6933556795120239,13.93272590637207,69.69483184814453,0.37157655719488003,-0.7409998181454781,-41.7128811893399,10.897986,27.308752,12.131953,29.728485,-18.66278,-15.000033,-30.351183,-24.812277,11.996842,15.999861,22.749432,15.000033,-7.534276,-3.558853,18.902798,-51.629234,-4.0094643,-24.47859,-30.920176,16.810051,2.444684,-0.14021294,-14.400232,-4.4306316,16.692417,-46.99021,13.6823435,-4.691946,-2.3136725
899,-0.8310372233390808,14.340041160583496,70.05841064453125,0.1961799812248554,-0.4839778460336861,-41.619785845904595,9.178094,27.591047,11.637829,31.523186,-17.996344,-15.000033,-29.944218,-24.743948,11.13681,14.545744,23.54417,15.000033,-7.0159492,-3.769036,18.63051,-52.210953,-3.488471,-24.979933,-30.985691,16.573553,2.7001977,-0.30732635,-14.246225,-4.025532,17.49996,-46.888073,12.821906,-4.535114,-2.223645
900,-0.9844970703125,14.715498924255371,70.42072296142578,0.017846800793263392,-0.2897877946667318,-41.403769134283664,7.2515416,27.896936,10.852347,33.587425,-17.1784,-15.000033,-29.554749,-24.638578,10.37339,13.665884,23.87426,15.000033,-6.597801,-3.989183,18.478159,-52.731743,-2.9652586,-25.49397,-31.052776,16.456156,2.9272385,-0.4582804,-14.313334,-3.6445718,18.285122,-46.605362,12.0119,-4.3811088,-2.1037154
901,-1.1574208736419678,15.076658248901367,70.77760314941406,-0.1959114048311513,-0.17040602140685499,-41.057198247254455,5.013953,28.281136,9.688185,36.1037,-16.135992,-15.000033,-29.121733,-24.440935,9.696823,13.336913,23.679533,15.000033,-6.26456,-4.1758175,18.473392,-53.20308,-2.4499297,-26.026285,-31.12754,16.494528,3.1209219,-0.6054116,-14.636252,-3.3329356,19.0731,-46.130302,11.349331,-4.26735,-1.9700514
902,-1.3514747619628906,15.45380687713623,71.13694763183594,-0.43839775349639176,-0.09856602984620848,-40.60116571083917,2.4859414,28.692766,8.189216,38.999634,-14.889002,-15.000033,-28.65658,-24.172892,9.05637,13.437646,23.014866,15.000033,-5.993709,-4.3084793,18.58702,-53.62075,-1.949086,-26.566952,-31.23015,16.637783,3.291826,-0.7588941,-15.1210165,-3.101929,19.889317,-45.556942,10.817034,-4.1924148,-1.8507468
903,-1.556491494178772,15.842845916748047,71.50080871582031,-0.6440934328207262,-0.06372944253472802,-40.03944829047263,-0.110319704,28.939144,6.4691787,41.857883,-13.552304,-15.000033,-28.283167,-23.955809,8.525311,14.090343,21.98805,15.000033,-5.7953753,-4.444636,18.794441,-53.97542,-1.4696237,-27.108088,-31.359247,16.845594,3.440127,-0.8899362,-15.666728,-2.953888,20.640781,-44.97852,10.238028,-4.085381,-1.7301091
904,-1.7729685306549072,16.235368728637695,71.84144592285156,-0.7444968163317968,-0.06283128919242507,-39.36966554321246,-2.545105,28.870743,4.6889105,44.306618,-12.261473,-15.000033,-28.105145,-23.92088,8.166336,15.403365,20.704033,15.000033,-5.683846,-4.653428,19.075647,-54.261578,-1.0216839,-27.645647,-31.505754,17.079006,3.5664306,-0.9692658,-16.18261,-2.88733,21.229084,-44.472645,9.434578,-3.8752122,-1.585879
905,-1.9772238731384277,16.625627517700195,72.15765380859375,-0.6857328102395611,-0.12411003504454458,-38.50977371230633,-4.9002357,28.42951,2.7978222,46.42559,-10.917024,-15.000033,-28.101744,-24.128973,8.163099,17.466982,19.124094,15.000033,-5.7071886,-5.014268,19.489105,-54.52214,-0.6200409,-28.208382,-31.649736,17.374796,3.6706324,-0.9875259,-16.711683,-2.9123027,21.608374,-44.05209,8.244702,-3.4990654,-1.3783071
906,-2.1884069442749023,17.02317237854004,72.43728637695312,-0.49448555903091584,-0.26951126380228774,-37.465803353555614,-7.203551,27.679703,0.79354,48.384094,-9.5008,-15.000033,-28.147137,-24.55727,8.419014,20.098183,17.25587,15.000033,-5.845976,-5.505682,20.04705,-54.769325,-0.2751625,-28.792114,-31.776003,17.74061,3.7532382,-0.9633119,-17.267242,-3.0335836,21.829147,-43.693935,6.800347,-3.0136216,-1.123524
907,-2.3800101280212402,17.42924690246582,72.67100524902344,-0.23087358859582777,-0.4832978463301731,-36.36787292749656,-9.162936,26.725601,-1.0882118,49.974308,-8.284081,-15.000033,-28.19294,-25.207716,8.575098,23.008732,15.269165,15.000033,-6.0206327,-6.0391483,20.654633,-54.94933,0.013348015,-29.34361,-31.874674,18.093948,3.8161905,-0.90784085,-17.729076,-3.235219,21.938604,-43.402374,5.363331,-2.5233867,-0.8824778
908,-2.5582196712493896,17.83258056640625,72.84969329833984,0.02857764974985884,-0.7354801271948674,-35.3535667267406,-10.522133,25.71751,-2.6501274,50.98272,-7.53289,-15.000033,-28.227667,-26.062014,8.269509,25.96988,13.309299,15.000033,-6.153659,-6.5034385,21.209166,-55.001507,0.25509316,-29.80595,-31.940866,18.350325,3.8609102,-0.8310731,-17.98354,-3.4866173,21.985949,-43.17045,4.1918936,-2.1271915,-0.72220945
909,-2.697234630584717,18.238454818725586,72.96202850341797,0.27156914383394215,-1.0410706732809525,-34.38938149880446,-11.236156,24.6512,-3.9781353,51.325226,-7.282779,-15.000033,-28.256512,-27.22583,7.251906,29.12982,11.231797,15.000033,-6.280171,-6.8806286,21.727617,-54.92878,0.45869595,-30.164118,-31.986294,18.464516,3.8747554,-0.7164266,-18.098639,-3.7730672,21.962173,-42.95276,3.3238297,-1.8597641,-0.6986048
910,-2.817272186279297,18.64165496826172,73.00476837158203,0.5251686887038748,-1.4145327647652972,-33.413431304988315,-11.453039,23.507936,-5.173779,51.135048,-7.4088674,-15.000033,-28.233755,-28.697973,5.76227,32.5332,9.00879,15.000033,-6.4446473,-7.2238717,22.252743,-54.75051,0.62805915,-30.444101,-32.010696,18.487295,3.8611822,-0.563627,-18.120737,-4.0901833,21.852102,-42.73968,2.6258476,-1.659951,-0.7637811
911,-2.8755135536193848,19.036945343017578,72.97684478759766,0.7652549551499331,-1.8074933741592694,-32.5349901953904,-11.242799,22.439684,-6.0865836,50.5218,-7.9411626,-15.000033,-28.147594,-30.254755,4.1821866,35.89333,6.927462,15.000033,-6.581176,-7.512288,22.706127,-54.4211,0.76995504,-30.651981,-31.994576,18.48088,3.8451982,-0.40606266,-17.926792,-4.4179273,21.69009,-42.552055,2.1092365,-1.4810563,-0.8296519
912,-2.8884823322296143,19.409067153930664,72.8851318359375,0.9710357323782725,-2.1599676039003293,-31.877597548266404,-10.683579,21.595554,-6.5513687,49.592686,-8.914443,-15.000033,-28.050966,-31.635365,2.9075017,38.948654,5.279005,15.000033,-6.616104,-7.7243314,22.996723,-53.89124,0.8956349,-30.792807,-31.916075,18.505655,3.852089,-0.2777577,-17.406162,-4.7262616,21.515627,-42.398464,1.7813652,-1.2775377,-0.8047393
913,-2.859090566635132,19.777259826660156,72.72882080078125,1.1728715493540471,-2.464213058876054,-31.459533862455835,-9.623658,20.955648,-6.497197,48.132854,-10.506296,-15.000033,-28.075027,-32.806828,2.145191,41.922485,4.1966157,15.000033,-6.5642276,-7.879011,23.075085,-53.10953,1.0154257,-30.83355,-31.804064,18.567389,3.8818178,-0.18104433,-16.554222,-4.9850373,21.333166,-42.22688,1.8462421,-1.0856417,-0.6944615
914,-2.7879104614257812,20.133634567260742,72.51986694335938,1.3696190501774088,-2.739270706718547,-31.229758789469383,-8.096285,20.452877,-6.0423007,46.146606,-12.6360655,-15.000033,-28.196835,-33.848167,1.666996,44.87948,3.511017,15.000033,-6.4633155,-7.981332,22.983849,-52.093403,1.1366646,-30.778473,-31.670876,18.63485,3.923017,-0.09878667,-15.457528,-5.181204,21.13645,-42.009785,2.225742,-0.9105333,-0.53271997
915,-2.6892874240875244,20.47694206237793,72.2771987915039,1.4976097114506026,-2.9546748358577375,-31.220339689939365,-6.4552836,20.166422,-5.2576785,44.07529,-14.951384,-15.000033,-28.30563,-34.660103,1.2072538,47.36624,3.0440633,15.000033,-6.261286,-7.9881005,22.7629,-50.895737,1.2672725,-30.687246,-31.478144,18.714315,3.9845474,-0.035374854,-14.141381,-5.3139763,20.948475,-41.790768,2.503107,-0.6671354,-0.2707061
916,-2.5841403007507324,20.7952823638916,72.00432586669922,1.4964796371389533,-3.078078647689779,-31.466161005106915,-5.0549297,20.185585,-4.1809516,42.386604,-17.114586,-15.000033,-28.302881,-35.178043,0.4857808,48.956043,2.6004481,15.000033,-5.89815,-7.8575788,22.45091,-49.573048,1.4160095,-30.619186,-31.189968,18.812016,4.07536,0.00485229,-12.620217,-5.3936768,20.787174,-41.627766,2.261407,-0.27255163,0.14218386
917,-2.485968828201294,21.087553024291992,71.71973419189453,1.3072730319083559,-3.064376670196802,-32.03154384154542,-3.9721918,20.653456,-2.6274786,41.210556,-19.180086,-15.000033,-28.13944,-35.377148,-0.8056428,49.412323,2.1355095,15.000033,-5.3054934,-7.5185685,21.987478,-48.1007,1.5849714,-30.567875,-30.80588,18.931446,4.1960216,0.04551748,-10.711167,-5.407649,20.600712,-41.63693,1.3223553,0.37680888,0.7930655
918,-2.395987033843994,21.345918655395508,71.41935729980469,0.9817439348858333,-2.9346758512807227,-32.89168393794185,-3.015451,21.465702,-0.5844154,40.322315,-21.286963,-15.000033,-27.911777,-35.276566,-2.4332688,49.02531,1.7625041,15.000033,-4.5245743,-7.025123,21.363865,-46.45122,1.7745497,-30.497742,-30.36342,19.069561,4.3426647,0.08273906,-8.467635,-5.349883,20.399118,-41.764145,-0.0811404,1.1936848,1.6486849
919,-2.332449197769165,21.5726318359375,71.13116455078125,0.6245512022622752,-2.7635401592697835,-33.94199030935939,-2.1351063,22.361677,1.6425745,39.66345,-23.233557,-15.000033,-27.729565,-34.89753,-3.8679304,48.151676,1.5111063,15.000033,-3.6612165,-6.5171475,20.705276,-44.678043,1.9953079,-30.425667,-29.87942,19.223846,4.517661,0.07111594,-6.2508087,-5.2621202,20.285864,-41.814922,-1.7433382,1.9747866,2.5729234
920,-2.308047294616699,21.82286834716797,70.87616729736328,0.3365568377414778,-2.6311288020702657,-35.06933093612325,-1.2833933,23.095642,3.7186458,39.15346,-24.816013,-15.000033,-27.690817,-34.307236,-4.6024013,47.15839,1.3788784,15.000033,-2.8258266,-6.11803,20.15214,-42.827045,2.2671244,-30.372873,-29.38366,19.388702,4.723648,-0.034131333,-4.4102006,-5.2208195,20.361652,-41.61056,-3.4419696,2.5302572,3.4066076
921,-2.3051090240478516,22.07997703552246,70.67742156982422,0.12409099551788444,-2.566609484391068,-36.30287678920609,-0.44029877,23.668102,5.6091585,38.814114,-25.98977,-15.000033,-27.836683,-33.43522,-4.372653,46.024178,1.3401365,15.000033,-1.991805,-5.821003,19.76567,-40.89539,2.6211371,-30.32914,-28.87799,19.575788,4.963116,-0.25845635,-3.015062,-5.297897,20.669292,-41.10259,-5.207987,2.7763953,4.1020384
922,-2.3130087852478027,22.323850631713867,70.54737854003906,-0.06237380745709825,-2.5311583720454034,-37.67792340325964,0.3774091,24.200125,7.4591126,38.666683,-26.864836,-15.000033,-28.075514,-32.28708,-3.5097682,44.58183,1.3986026,15.000033,-1.1371561,-5.5449705,19.486841,-38.815495,3.0744176,-30.265114,-28.429699,19.778313,5.2342315,-0.5710349,-1.853941,-5.515902,21.163448,-40.446114,-7.10552,2.82564,4.7116823
923,-2.3219947814941406,22.52811050415039,70.47962188720703,-0.20641888167105732,-2.5002681823212907,-39.088382617226614,1.14444,24.636639,9.183941,38.621006,-27.46873,-15.000033,-28.320364,-31.066639,-2.4115431,43.004826,1.571933,15.000033,-0.37180647,-5.300058,19.27592,-36.554615,3.6195605,-30.182253,-28.136383,19.959898,5.532731,-0.9345946,-0.86203575,-5.8712845,21.806986,-39.749557,-8.960035,2.7988074,5.2209115
924,-2.33024263381958,22.73584747314453,70.48279571533203,-0.2922381194528478,-2.446595430033801,-40.428832045757574,1.8281696,24.921932,10.694651,38.586525,-27.82861,-15.000033,-28.51181,-29.977034,-1.4585476,41.466267,1.8777469,15.000033,0.20583777,-5.1080103,19.089054,-34.105835,4.2307715,-30.09483,-28.057838,20.087214,5.8542485,-1.31417,0.023787193,-6.342196,22.550304,-39.11138,-10.604211,2.8199666,5.629462
925,-2.3335354328155518,22.926816940307617,70.53593444824219,-0.282093406097533,-2.3570626247003443,-41.66048389686224,2.364747,24.981674,11.872615,38.578396,-27.877007,-15.000033,-28.656685,-29.113085,-0.66596323,39.959248,2.3644137,15.000033,0.5779806,-5.0153646,18.91988,-31.445875,4.898425,-30.018728,-28.13915,20.123074,6.2008443,-1.7448975,0.7443626,-6.9273806,23.394981,-38.468735,-11.953013,2.9242156,5.9001617
926,-2.330855131149292,23.105106353759766,70.61445617675781,-0.19905604487669631,-2.243877146635288,-42.84363534553692,2.781378,24.88371,12.7856245,38.633633,-27.627508,-15.000033,-28.786938,-28.360626,0.1438102,38.414482,3.003333,15.000033,0.798324,-4.9970336,18.789328,-28.604977,5.6233344,-29.941519,-28.341106,20.104387,6.5734167,-2.2335331,1.2737088,-7.6294155,24.35736,-37.784176,-13.109716,3.055916,6.0471287
927,-2.321195363998413,23.272001266479492,70.71406555175781,-0.11850284405173181,-2.118636313549916,-44.02049647322369,3.1769762,24.77678,13.6262045,38.692474,-27.220173,-15.000033,-28.89894,-27.61317,0.895596,36.904724,3.6979692,15.000033,0.8920977,-4.9807224,18.691101,-25.68007,6.379831,-29.856398,-28.71324,20.111393,6.9643035,-2.7037985,1.7393293,-8.418624,25.392899,-37.206142,-14.197057,3.199288,6.160782
928,-2.3164875507354736,23.423824310302734,70.82699584960938,-0.1122059880049302,-1.9959975799437415,-45.232810001013036,3.6502173,24.797535,14.592335,38.690273,-26.797297,-15.000033,-28.99322,-26.774977,1.5218458,35.50215,4.3515487,15.000033,0.91325796,-4.8990674,18.610855,-22.824905,7.1255927,-29.761189,-29.242228,20.194527,7.364709,-3.0832393,2.2878926,-9.247102,26.428457,-36.877174,-15.344747,3.332621,6.341177
929,-2.3115386962890625,23.5458927154541,70.95378112792969,-0.17471114205927224,-1.8829375685950454,-46.45375035822695,4.187927,24.945803,15.708379,38.643677,-26.387444,-15.000033,-29.121576,-25.838078,2.1169508,34.250908,4.950896,15.000033,0.8528998,-4.7611785,18.53856,-20.008085,7.8014536,-29.724537,-29.859396,20.441044,7.8200545,-3.338503,2.970376,-10.079262,27.441439,-36.827526,-16.73613,3.4617298,6.640772
930,-2.302853584289551,23.639080047607422,71.09184265136719,-0.27442833339753686,-1.7736681933561393,-47.67594984888547,4.750353,25.154257,16.884182,38.574787,-25.91747,-15.000033,-29.297617,-24.875525,2.7008011,33.113075,5.5495286,15.000033,0.74047387,-4.596276,18.461294,-17.271996,8.383162,-29.761164,-30.451853,20.801924,8.318465,-3.5224557,3.7157662,-10.907082,28.4227,-36.953804,-18.26606,3.586834,7.013757
931,-2.3030736446380615,23.69886016845703,71.24163818359375,-0.4401229176414935,-1.66800363856723,-48.96768419356325,5.3982716,25.444155,18.145458,38.42569,-25.372644,-15.000033,-29.449986,-23.886175,3.0881414,32.01317,6.140965,15.000033,0.6351181,-4.3898277,18.37677,-14.72622,8.861373,-29.850592,-31.063343,21.254942,8.764765,-3.6754036,4.4543877,-11.7261505,29.366049,-37.190163,-19.630556,3.67922,7.409428
932,-2.324634313583374,23.70991325378418,71.40715026855469,-0.6979178208274563,-1.568347626061981,-50.394109435776116,6.1948447,25.831434,19.517649,38.13839,-24.736217,-15.000033,-29.47481,-22.849566,3.0837796,30.848822,6.700717,15.000033,0.5813984,-4.13195,18.289667,-12.462139,9.234609,-29.968365,-31.759066,21.775093,9.064035,-3.8325863,5.1115713,-12.532312,30.28024,-37.47469,-20.522215,3.7174826,7.7719717
933,-2.3726086616516113,23.694904327392578,71.5877456665039,-1.1337102934296834,-1.4822065236406754,-52.046873321086586,7.2228127,26.41716,21.087574,37.668797,-24.000296,-15.000033,-29.20603,-21.57407,2.5109556,29.292467,7.326205,15.000033,0.6336638,-3.7418356,18.205303,-10.452405,9.489927,-30.117765,-32.60265,22.499182,9.174581,-4.008144,5.661077,-13.320621,31.193531,-37.798836,-20.799124,3.693192,8.118309
934,-2.4443459510803223,23.670108795166016,71.78455352783203,-1.6886401056592772,-1.419366548975468,-53.858936830483714,8.443345,27.121143,22.828444,37.057987,-23.173811,-15.000033,-28.72273,-20.105206,1.539302,27.441095,8.006933,15.000033,0.74857044,-3.266112,18.118559,-8.680167,9.618723,-30.329569,-33.51394,23.393568,9.152748,-4.1809087,6.1448593,-14.08661,32.096405,-38.180397,-20.646423,3.6260917,8.465916
935,-2.5231423377990723,23.63633918762207,71.99034881591797,-2.1872174081457207,-1.3711989830161682,-55.66787212522636,9.722916,27.712086,24.59198,36.372864,-22.26494,-15.000033,-28.306923,-18.761246,0.45527807,25.89961,8.534237,15.000033,0.8225353,-2.8716362,18.014317,-7.237794,9.63636,-30.607264,-34.36967,24.170614,9.051283,-4.3284955,6.5848823,-14.825294,32.95104,-38.59996,-20.243992,3.5394232,8.757927
936,-2.604222297668457,23.577136993408203,72.19832611083984,-2.485439238666966,-1.3102734904213347,-57.3250353919852,10.897708,28.013216,26.215036,35.690765,-21.287394,-15.000033,-28.256765,-17.858278,-0.510781,25.33778,8.664257,15.000033,0.7549241,-2.6969142,17.869429,-6.198753,9.574033,-30.940155,-35.074432,24.539818,8.9247055,-4.4282746,6.992068,-15.532099,33.727207,-39.031208,-19.771626,3.4532907,8.937967
937,-2.670307159423828,23.507949829101562,72.39974975585938,-2.5365794569087194,-1.2278378909848604,-58.84335485119671,11.974359,27.95221,27.69485,34.963352,-20.207438,-15.000033,-28.718645,-17.55945,-1.4097097,26.103333,8.308242,15.000033,0.5279253,-2.799279,17.681,-5.5419903,9.448004,-31.325325,-35.7022,24.29434,8.769381,-4.4524903,7.334454,-16.203978,34.44495,-39.46407,-19.218723,3.3577838,8.986756
938,-2.7268083095550537,23.420637130737305,72.59738159179688,-2.4335581017697723,-1.1357874773667302,-60.28296378161342,13.010429,27.651972,29.07929,34.16503,-19.029451,-15.000033,-29.486782,-17.690046,-2.34305,27.813421,7.575668,15.000033,0.17712386,-3.0886097,17.46226,-5.213471,9.263069,-31.758251,-36.30662,23.625181,8.564416,-4.4183397,7.6057105,-16.83762,35.12649,-39.904167,-18.509405,3.2461572,8.936905
939,-2.7982704639434814,23.31817054748535,72.78763580322266,-2.253293628840792,-1.029826682839517,-61.5701533362622,13.912976,27.262917,30.281233,33.404346,-17.816797,-15.000033,-30.339552,-18.062973,-3.192455,30.035435,6.5659986,15.000033,-0.31886333,-3.4690135,17.212584,-5.2253575,9.039277,-32.21655,-36.78763,22.837124,8.338395,-4.3694906,7.8561225,-17.426308,35.74813,-40.353558,-17.725243,3.139956,8.808129
940,-2.8830249309539795,23.19919776916504,72.97699737548828,-2.082610355225065,-0.8951889299019788,-62.64376763401687,14.580561,26.952845,31.235685,32.813526,-16.641626,-15.000033,-31.095745,-18.463898,-3.8609927,32.35455,5.4038954,15.000033,-0.96990836,-3.8409767,16.92244,-5.5846095,8.806012,-32.677124,-37.0546,22.230928,8.121964,-4.3449616,8.1316,-17.962467,36.285004,-40.812256,-16.947489,3.060931,8.620628
941,-2.9971907138824463,23.045368194580078,73.15930938720703,-1.9104464837133581,-0.7069367220207493,-63.46861527645329,14.954595,26.730316,31.911749,32.41446,-15.495729,-15.000033,-31.784887,-18.95008,-4.40046,34.824486,4.0165443,15.000033,-1.8259368,-4.2241106,16.567472,-6.3203597,8.585369,-33.147152,-37.130444,21.87294,7.9295845,-4.3470507,8.417828,-18.43676,36.751038,-41.275837,-16.180141,3.0122755,8.353338
942,-3.117037057876587,22.88101577758789,73.33543395996094,-1.700619639596558,-0.4835469307899984,-64.07821964499514,15.103318,26.528093,32.348766,32.14635,-14.351,-15.000033,-32.45352,-19.607023,-4.8217025,37.573616,2.3833535,15.000033,-2.879214,-4.6648655,16.163437,-7.387977,8.384392,-33.628235,-37.09899,21.597656,7.743642,-4.3504305,8.685373,-18.843096,37.163685,-41.73985,-15.386331,2.9800913,8.004822
943,-3.2534077167510986,22.69746971130371,73.49541473388672,-1.502765210925322,-0.25876992256371517,-64.53382094931035,15.103364,26.412148,32.611618,32.034885,-13.258607,-15.000033,-33.008286,-20.217806,-5.0005035,40.347927,0.72107875,15.000033,-4.0351615,-5.093962,15.751198,-8.687201,8.209388,-34.09059,-36.95364,21.357182,7.547608,-4.350834,8.963713,-19.18053,37.50233,-42.205513,-14.585626,2.9621217,7.622885
944,-3.4059338569641113,22.499046325683594,73.6335678100586,-1.3664654851586706,-0.058433517275053574,-64.90489607802489,15.023149,26.453178,32.771606,32.11025,-12.268811,-15.000033,-33.384865,-20.544489,-4.8286824,42.920284,-0.74973613,15.000033,-5.1905117,-5.4400597,15.371118,-10.119548,8.066842,-34.507027,-36.688457,21.105217,7.3246474,-4.34482,9.287814,-19.453465,37.743576,-42.678318,-13.796652,2.957616,7.2548456
945,-3.5761966705322266,22.282285690307617,73.74853515625,-1.312869972665805,0.13428980060561593,-65.17130259335853,14.827966,26.690523,32.82133,32.38546,-11.385865,-15.000033,-33.60383,-20.529377,-4.2861447,45.34578,-2.0483637,15.000033,-6.357672,-5.6812563,15.019292,-11.743625,7.9667416,-34.899326,-36.28136,20.86714,7.069823,-4.327628,9.679353,-19.664576,37.88305,-43.175312,-13.005973,2.9719534,6.858112
946,-3.762606143951416,22.048973083496094,73.83731842041016,-1.3148797290521061,0.3336342013312845,-65.31698200499135,14.488955,27.08507,32.735558,32.84549,-10.586942,-15.000033,-33.70633,-20.264475,-3.4543068,47.723682,-3.256908,15.000033,-7.5735917,-5.853866,14.684317,-13.570381,7.913293,-35.280502,-35.76844,20.653172,6.7913103,-4.2995834,10.118363,-19.814041,37.93486,-43.69875,-12.208181,3.0024576,6.424162
947,-3.967763900756836,21.80365562438965,73.8922119140625,-1.356904021743094,0.5125825011347473,-65.42009311633562,14.0869255,27.59349,32.565563,33.47019,-9.874707,-15.000033,-33.666405,-19.729385,-2.3914814,49.907993,-4.249402,15.000033,-8.774925,-5.9740815,14.392374,-15.433737,7.906914,-35.59705,-35.218693,20.393446,6.491751,-4.2691636,10.565739,-19.894165,37.912632,-44.211056,-11.435485,3.0406046,6.0512705
948,-4.185852527618408,21.546493530273438,73.9115982055664,-1.4222153288460402,0.642416194487875,-65.55751207515004,13.705293,28.172623,32.358994,34.24052,-9.255769,-15.000033,-33.455036,-18.91145,-1.1499096,51.752476,-4.9020777,15.000033,-9.896238,-6.0543246,14.166969,-17.186367,7.9322057,-35.791374,-34.668617,20.024256,6.173643,-4.250283,11.001463,-19.917944,37.82616,-44.697117,-10.718074,3.0809789,5.833746
949,-4.405523777008057,21.28480339050293,73.90230560302734,-1.5170541107413222,0.7234947057732438,-65.72831083460966,13.352762,28.828754,32.12015,35.131725,-8.7036705,-15.000033,-33.103134,-17.657991,0.46172065,53.410027,-4.8624053,15.000033,-10.909403,-6.0826817,14.015719,-18.884792,7.9836445,-35.87775,-34.076103,19.516865,5.819344,-4.26357,11.497763,-19.909988,37.617256,-45.221718,-10.068125,3.1238136,5.8574066
950,-4.636825084686279,21.003887176513672,73.86216735839844,-1.6562305317510937,0.7638667029273525,-65.89440307236383,12.995529,29.593006,31.820528,36.148067,-8.211875,-15.000033,-32.57036,-16.014366,2.3572788,54.89895,-4.317881,15.000033,-11.837806,-6.049407,13.943083,-20.581697,8.080904,-35.89798,-33.44197,18.909445,5.4349537,-4.2940288,12.065775,-19.863848,37.27527,-45.797543,-9.463527,3.1747432,6.057791
951,-4.880593776702881,20.697067260742188,73.78726196289062,-1.82501853397245,0.7470946646265448,-66.07536008036105,12.652005,30.4409,31.449953,37.31637,-7.838294,-15.000033,-31.768406,-14.305515,4.130877,55.893677,-3.9530532,15.000033,-12.694133,-5.9805,13.955652,-22.131504,8.236853,-35.834755,-32.855377,18.245358,5.0602446,-4.3002124,12.600496,-19.761063,36.888733,-46.336628,-8.886154,3.2373247,6.2949977
952,-5.122668266296387,20.38227653503418,73.6766586303711,-1.9962150536074776,0.6630613665769431,-66.29525162754781,12.334649,31.325756,30.99724,38.660767,-7.63921,-15.000033,-30.67054,-12.879002,5.4499683,56.07781,-4.442505,15.000033,-13.473834,-5.907111,14.04552,-23.444715,8.405323,-35.66835,-32.324436,17.573656,4.7335563,-4.24899,13.034698,-19.619589,36.528572,-46.78946,-8.313782,3.3116436,6.4244213
953,-5.356610298156738,20.030662536621094,73.5160140991211,-2.1434433822074674,0.5086139924863562,-66.55735231147717,12.072764,32.22942,30.493944,40.167873,-7.6227913,-15.000033,-29.15744,-11.827804,6.3223586,55.011147,-6.158238,15.000033,-14.160649,-5.8578653,14.195806,-24.536629,8.575842,-35.420273,-31.807205,16.799568,4.457564,-4.0859327,13.410802,-19.444366,36.16996,-47.17319,-7.72067,3.4003057,6.4229665
954,-5.593555927276611,19.673288345336914,73.32353210449219,-2.2783933519971953,0.29127843562108147,-66.84955823721081,11.848929,33.157814,29.918894,41.81876,-7.7705255,-15.000033,-27.31989,-10.98506,6.97124,52.973225,-8.661248,15.000033,-14.757058,-5.8164268,14.406074,-25.468855,8.745203,-35.087082,-31.269892,15.937933,4.2116055,-3.8495421,13.759727,-19.237556,35.78512,-47.51607,-7.12399,3.50098,6.3592677
955,-5.831735610961914,19.34750747680664,73.11536407470703,-2.426613182210956,0.025564618668598424,-67.1815711797159,11.602709,34.101974,29.199108,43.617744,-8.064502,-15.000033,-25.476715,-10.290894,7.37482,50.727463,-11.401212,15.000033,-15.248468,-5.7478437,14.693212,-26.213886,8.89751,-34.652897,-30.763922,15.2004795,4.00533,-3.6280282,14.017048,-18.997854,35.395836,-47.79449,-6.561869,3.6013558,6.24325
956,-6.055446624755859,19.011825561523438,72.88021087646484,-2.6184075811355076,-0.2712722864229691,-67.56552414021493,11.264407,35.039997,28.238726,45.57872,-8.532413,-15.000033,-23.957607,-9.69709,7.463217,49.07099,-13.838649,15.000033,-15.618804,-5.6129117,15.07164,-26.750008,9.008179,-34.09912,-30.332043,14.799124,3.8518322,-3.509397,14.114193,-18.719807,35.02564,-47.979443,-6.074051,3.68994,6.085008
957,-6.265456199645996,18.675344467163086,72.61284637451172,-2.872568438762195,-0.612881672309814,-67.99877343405007,10.793703,36.049202,26.967964,47.839046,-9.17401,-15.000033,-22.835863,-9.265189,6.9808307,48.20563,-15.969931,15.000033,-15.836817,-5.394566,15.54944,-27.094023,9.058576,-33.452408,-29.918911,14.7138405,3.7511635,-3.4883153,14.108673,-18.397346,34.64992,-48.097908,-5.6685495,3.7734709,5.8766303
958,-6.467144012451172,18.3626708984375,72.32414245605469,-3.186188733935303,-0.9980064192569446,-68.47561048961744,10.2035675,37.10118,25.392103,50.34219,-9.988706,-15.000033,-21.935984,-8.980749,5.978813,47.706326,-18.033436,15.000033,-15.913732,-5.0978456,16.113869,-27.274275,9.036382,-32.715702,-29.487478,14.859557,3.6997318,-3.527174,14.015908,-18.02829,34.258217,-48.148186,-5.3253317,3.854515,5.6179643
959,-6.658499717712402,18.095197677612305,72.03009796142578,-3.549441533587339,-1.3858489668652625,-69.00388169467303,9.509885,38.031967,23.578539,52.823914,-10.960868,-15.000033,-21.223104,-8.69149,4.855626,47.445705,-19.876326,15.000033,-15.898174,-4.7246685,16.74452,-27.292517,8.923816,-31.831589,-29.092451,15.346097,3.7060673,-3.6658413,13.701792,-17.61185,33.894684,-48.052986,-5.044034,3.9159393,5.330535
960,-6.823591232299805,17.889305114746094,71.74614715576172,-3.9349514954486224,-1.7346308516544493,-69.59800817889204,8.75741,38.685062,21.659443,55.033646,-12.083896,-15.000033,-20.690975,-8.24969,4.0502577,47.307205,-21.340439,15.000033,-15.836663,-4.291715,17.41507,-27.145018,8.699891,-30.742489,-28.794369,16.28959,3.776037,-3.9461517,13.028346,-17.146824,33.604496,-47.73285,-4.8253965,3.9408739,5.0351663
961,-6.955484390258789,17.73787498474121,71.48411560058594,-4.350420286116735,-2.02160137019473,-70.26339567639641,7.931006,39.012436,19.607222,56.947086,-13.434709,-15.000033,-20.399935,-7.616242,3.6553621,47.315464,-22.350199,15.000033,-15.728289,-3.765912,18.13342,-26.818592,8.341001,-29.375084,-28.61519,17.938616,3.9126074,-4.496546,11.948943,-16.628286,33.376804,-47.15998,-4.5798573,3.9074092,4.7047596
962,-7.059841632843018,17.628576278686523,71.25205993652344,-4.796928914326315,-2.2771425083428336,-70.99261679171092,7.042441,39.10325,17.430792,58.708336,-14.995678,-15.000033,-20.339434,-6.8732057,3.4616125,47.51939,-23.006098,15.000033,-15.547905,-3.1586425,18.903128,-26.34879,7.831858,-27.784765,-28.482697,20.161894,4.0909867,-5.2639303,10.54711,-16.052774,33.17992,-46.37986,-4.339433,3.8296492,4.339812
963,-7.1457295417785645,17.54274559020996,71.05875396728516,-5.226912365738709,-2.5388812976950432,-71.7870063831615,6.1911035,39.02638,15.350182,60.334652,-16.61372,-15.000033,-20.405342,-6.060745,3.476045,47.84126,-23.411114,15.000033,-15.292325,-2.557461,19.688553,-25.815733,7.170847,-26.106098,-28.31954,22.494717,4.2882433,-6.017111,8.886068,-15.4233465,33.018295,-45.42893,-4.2857127,3.7472,4.0025425
964,-7.215644359588623,17.460193634033203,70.89424133300781,-5.5985928417375055,-2.840209698382114,-72.64809368242122,5.4705663,38.85567,13.573019,61.830967,-18.13231,-15.000033,-20.492037,-5.218956,3.7033045,48.20536,-23.667309,15.000033,-14.958701,-2.0447838,20.45289,-25.291908,6.3709335,-24.467321,-28.057047,24.468273,4.508787,-6.5224023,7.0279474,-14.747595,32.89597,-44.344612,-4.5991883,3.7020576,3.7541583
965,-7.2634711265563965,17.3967342376709,70.75169372558594,-5.912055181070826,-3.214086528669105,-73.6330062299787,4.961272,38.57666,12.132824,63.19966,-19.540632,-15.000033,-20.608315,-4.2829704,4.244565,48.67397,-23.722193,15.000033,-14.518552,-1.6376406,21.246374,-24.676628,5.4142184,-22.78527,-27.798063,26.08927,4.775253,-6.8276987,4.8904824,-14.033807,32.832603,-43.09747,-5.3486404,3.6885555,3.6088207
966,-7.286258697509766,17.3367919921875,70.63591766357422,-6.182096111126586,-3.6360396079186668,-74.72295520156851,4.6064854,38.174904,10.936937,64.44116,-20.91383,-15.000033,-20.783531,-3.2539508,5.059474,49.264748,-23.55187,15.000033,-13.974878,-1.2845826,22.068922,-23.996084,4.2910776,-21.033373,-27.529587,27.55938,5.0906067,-7.0252743,2.4912841,-13.284819,32.796974,-41.702705,-6.430376,3.6906242,3.532839
967,-7.282678127288818,17.286373138427734,70.55322265625,-6.387150590887914,-4.051050727933887,-75.8065232001663,4.2829022,37.723774,9.991032,65.546745,-22.219934,-15.000033,-20.949732,-2.2746418,5.945917,49.834633,-23.296238,15.000033,-13.381425,-0.9644869,22.810776,-23.455074,3.0593476,-19.420732,-27.073013,28.720243,5.4527063,-6.9424963,0.01610041,-12.503595,32.727703,-40.233322,-7.766909,3.7355475,3.5204954
968,-7.27157735824585,17.235607147216797,70.50401306152344,-6.50811463012166,-4.4025854116075,-76.77405728083771,3.8667855,37.292698,9.301729,66.50417,-23.4267,-15.000033,-21.044481,-1.490614,6.7098117,50.227898,-23.094112,15.000033,-12.806217,-0.6659155,23.372902,-23.177511,1.8258941,-18.157808,-26.332155,29.421068,5.8653836,-6.391946,-2.368585,-11.694777,32.581932,-38.756817,-9.28102,3.8492856,3.5694034
969,-7.250378131866455,17.182315826416016,70.48335266113281,-6.513900681530641,-4.682884870134883,-77.63402397843369,3.377763,36.89534,8.997427,67.310905,-24.519188,-15.000033,-21.06848,-0.95134455,7.349511,50.424538,-22.974134,15.000033,-12.26397,-0.43496758,23.750729,-23.08506,0.67923576,-17.330008,-25.387527,29.695356,6.36728,-5.092156,-4.6968756,-10.862872,32.398323,-37.285637,-11.136946,4.064457,3.7117057
970,-7.219933032989502,17.12098503112793,70.490478515625,-6.424039306239153,-4.918166096161233,-78.43471749812555,2.8652408,36.49554,9.0411415,67.96929,-25.51636,-14.960192,-21.05083,-0.581257,7.9592643,50.499714,-22.866503,15.000033,-11.745958,-0.2936965,24.019503,-23.019186,-0.35642752,-16.828756,-24.405094,29.577497,6.948648,-3.1855502,-7.049919,-10.0111065,32.206276,-35.805103,-13.313061,4.3498783,3.9449718
971,-7.181027412414551,17.057714462280273,70.5199966430664,-6.286834364372369,-5.103354504532769,-79.1237990255565,2.2486155,36.07631,9.19593,68.47257,-26.434198,-14.808639,-20.987324,-0.34583354,8.49506,50.454315,-22.765148,15.000033,-11.273923,-0.18833365,24.184912,-23.050964,-1.245674,-16.51961,-23.35751,28.85468,7.5158405,-1.1238585,-9.335699,-9.146891,31.94721,-34.33385,-15.455167,4.640027,4.2131557
972,-7.1395792961120605,17.00029754638672,70.57305908203125,-6.140284652336742,-5.2306179832183055,-79.6437003308979,1.4426291,35.605278,9.196523,68.814255,-27.286007,-14.689144,-20.88479,-0.22554193,8.916635,50.304817,-22.67347,15.000033,-10.885554,-0.08930255,24.251858,-23.199255,-1.9660906,-16.299576,-22.267944,27.37429,7.9725327,0.65082425,-11.464011,-8.280942,31.581055,-32.89494,-17.206343,4.8756075,4.4514627
973,-7.103442192077637,16.946191787719727,70.64105987548828,-6.027837451112863,-5.300263078572141,-79.97056955781935,0.41071436,35.140694,9.010493,69.01118,-28.087894,-14.615165,-20.715809,-0.1893474,9.181224,50.00537,-22.600435,15.000033,-10.569393,0.070274755,24.204739,-23.572737,-2.4603395,-16.166952,-21.020449,24.589441,8.257899,2.1299772,-13.395589,-7.414894,31.087086,-31.490171,-18.521328,5.02173,4.559795
974,-7.071470260620117,16.90216827392578,70.73011779785156,-5.9289259979880855,-5.31811587505853,-80.13952335963332,-0.79144084,34.68469,8.76021,69.0584,-28.82547,-14.601482,-20.486958,-0.24899264,9.318512,49.563103,-22.540485,15.000033,-10.318898,0.23780516,24.062662,-24.091366,-2.711154,-16.180681,-19.687906,20.739271,8.384982,3.5299294,-15.183307,-6.54817,30.513065,-30.133738,-19.568638,5.12096,4.592816
975,-7.042890548706055,16.87032127380371,70.83464813232422,-5.8435693034821625,-5.3004386302708175,-80.2004627236599,-2.0867505,34.19801,8.431918,68.922424,-29.472507,-14.636626,-20.220942,-0.36937955,9.370522,49.018784,-22.444792,15.000033,-10.129191,0.37255135,23.881407,-24.628716,-2.755862,-16.252275,-18.442846,16.768372,8.414838,4.7120624,-16.864202,-5.699057,29.894846,-28.844925,-20.315746,5.231716,4.717598
976,-7.014502048492432,16.847259521484375,70.95490264892578,-5.777248549474655,-5.2626770815204065,-80.20309055539518,-3.3984466,33.643024,8.010139,68.57293,-30.004503,-14.709684,-19.94383,-0.5141737,9.378334,48.42161,-22.263937,15.000033,-9.992828,0.45432782,23.707354,-25.088024,-2.6621895,-16.273825,-17.418915,13.618896,8.460781,5.5336566,-18.4687,-4.9024973,29.26377,-27.63736,-20.728138,5.410229,5.100065
977,-6.969395160675049,16.830469131469727,71.09452056884766,-5.740630093045266,-5.193034361436486,-80.13062214307173,-4.7706137,33.01707,7.4555106,68.01062,-30.414494,-14.805751,-19.660995,-0.6805677,9.324425,47.75714,-21.98667,15.000033,-9.907035,0.5108679,23.52498,-25.516645,-2.4714582,-16.21606,-16.593626,11.43094,8.601437,5.845312,-19.953484,-4.189945,28.590372,-26.56926,-20.725039,5.6894445,5.8817368
978,-6.908954620361328,16.817989349365234,71.25588989257812,-5.728913533499597,-5.088899803310774,-79.96689987690331,-6.213983,32.337177,6.79045,67.24659,-30.71607,-14.932972,-19.35805,-0.8815013,9.194217,47.007797,-21.638199,15.000033,-9.861619,0.5646095,23.312002,-25.979967,-2.197527,-16.14003,-15.864565,9.758541,8.8162365,5.751901,-21.290716,-3.5765164,27.870268,-25.641422,-20.342583,6.044478,6.933347
979,-6.833428859710693,16.81948471069336,71.43709564208984,-5.70886736557859,-4.975929625644423,-79.7559682787904,-7.607269,31.567371,6.1044874,66.26261,-30.914742,-15.000033,-19.036446,-1.1290098,9.039313,46.219337,-21.229778,15.000033,-9.836224,0.58473176,23.097544,-26.427458,-1.8679096,-16.062103,-15.235559,8.642001,9.078325,5.494087,-22.506393,-3.0684583,27.177341,-24.801521,-19.740845,6.443185,8.011853
980,-6.732720375061035,16.829259872436523,71.63442993164062,-5.648326713780236,-4.8808417687162065,-79.54274670928235,-8.829267,30.685165,5.474021,65.04093,-31.016373,-15.000033,-18.696867,-1.4317002,8.909773,45.437687,-20.773056,15.000033,-9.807121,0.54868317,22.904171,-26.840168,-1.5052165,-15.976685,-14.679795,8.100263,9.342855,5.302703,-23.642117,-2.6678033,26.576519,-23.97065,-19.071514,6.8436227,8.8773985
981,-6.615893363952637,16.835426330566406,71.84466552734375,-5.567713636480402,-4.808583243411375,-79.3190729229371,-9.869458,29.720545,4.893328,63.538017,-31.029097,-15.000033,-18.311909,-1.7754867,8.791143,44.62392,-20.247412,15.000033,-9.787678,0.46764478,22.748152,-27.18481,-1.1396291,-15.8870125,-14.23652,8.433678,9.606051,5.1805634,-24.701221,-2.3772583,26.094816,-23.140831,-18.285192,7.267141,9.4609995
982,-6.478418350219727,16.83880615234375,72.06265258789062,-5.478561619045205,-4.746996452747228,-79.06909849662118,-10.777239,28.684822,4.3167806,61.771442,-30.950212,-15.000033,-17.888489,-2.1565547,8.663236,43.76984,-19.65386,15.000033,-9.773587,0.3627839,22.608828,-27.507938,-0.7823091,-15.790123,-13.871163,9.54468,9.883592,5.009065,-25.661272,-2.1992595,25.692707,-22.343473,-17.322557,7.7269936,9.887142
983,-6.325317859649658,16.844091415405273,72.28780364990234,-5.369684539421972,-4.706367129975681,-78.83964294024572,-11.516351,27.586555,3.742341,59.819168,-30.773546,-15.000033,-17.46488,-2.5571952,8.557996,42.951244,-19.025892,15.000033,-9.721296,0.24237005,22.480087,-27.836393,-0.4378394,-15.698816,-13.506207,10.907351,10.158603,4.8513193,-26.525023,-2.1236994,25.355455,-21.567717,-16.319784,8.158124,10.209481
984,-6.149160861968994,16.850618362426758,72.5118637084961,-5.230228476502926,-4.696603253211518,-78.67743835952447,-12.054281,26.434937,3.1681895,57.76066,-30.493563,-15.000033,-17.079945,-2.9616473,8.508546,42.243652,-18.39675,15.000033,-9.591608,0.11030824,22.354902,-28.188345,-0.106389806,-15.626392,-13.078117,11.99472,10.419472,4.7774014,-27.303438,-2.1308448,25.066422,-20.795334,-15.413585,8.494562,10.487508
985,-5.955931663513184,16.862369537353516,72.72803497314453,-5.0422412608009655,-4.7148830863621045,-78.57432340645143,-12.366259,25.152561,2.5426068,55.46677,-30.08453,-15.000033,-16.745308,-3.39535,8.518948,41.66924,-17.75907,15.000033,-9.395389,-0.059105318,22.226954,-28.54652,0.20393156,-15.579152,-12.595063,12.751025,10.672659,4.8183417,-28.004313,-2.2059271,24.82571,-20.010727,-14.652561,8.719354,10.741098
986,-5.7516188621521,16.857383728027344,72.94119262695312,-4.820654184558043,-4.760536461684055,-78.5153050984154,-12.468045,23.779118,1.8606642,52.937946,-29.562622,-15.000033,-16.43759,-3.852632,8.573973,41.18681,-17.100063,15.000033,-9.143125,-0.25604844,22.097918,-28.921011,0.49389026,-15.542191,-12.06609,13.423082,10.923559,4.9323487,-28.639208,-2.3448691,24.63551,-19.196772,-13.959477,8.863436,10.944756
987,-5.53256893157959,16.850536346435547,73.14142608642578,-4.599894572598829,-4.842633592086572,-78.53365561883054,-12.405179,22.487682,1.2077274,50.45421,-28.980679,-15.000033,-16.144224,-4.278399,8.679526,40.771297,-16.44276,15.000033,-8.82685,-0.44970384,21.985277,-29.266417,0.74732065,-15.531693,-11.51804,14.022503,11.165053,5.096792,-29.227812,-2.5342307,24.509516,-18.351627,-13.282134,8.932703,11.090473
988,-5.301796913146973,16.843841552734375,73.32299041748047,-4.407800998183522,-4.966125862363452,-78.65824881848303,-12.246232,21.434422,0.69003266,48.315235,-28.384048,-15.000033,-15.858476,-4.6246843,8.841057,40.402122,-15.812647,15.000033,-8.400186,-0.5841568,21.87712,-29.695763,1.002284,-15.513626,-10.830226,14.4241295,11.382981,5.271161,-29.787512,-2.7674975,24.424389,-17.438807,-12.581245,8.933099,11.174497
989,-5.068828105926514,16.829030990600586,73.48533630371094,-4.240537786884917,-5.13031071135794,-78.89843154400299,-12.033922,20.626604,0.3115109,46.551167,-27.667381,-15.000033,-15.574596,-4.890351,9.066456,40.063213,-15.19836,15.000033,-7.911593,-0.70904404,21.802761,-29.986534,1.197427,-15.570259,-10.202018,14.782951,11.596214,5.508604,-30.327848,-3.0225089,24.435238,-16.485607,-11.863199,8.859999,11.208979
990,-4.825155258178711,16.809473037719727,73.63297271728516,-4.078777056247174,-5.328415178804249,-79.23432096974177,-11.749995,19.975742,0.04042804,45.0383,-26.844189,-15.000033,-15.302621,-5.106276,9.351466,39.772,-14.594339,15.000033,-7.3433375,-0.8187735,21.731419,-30.268684,1.3372188,-15.655149,-9.508195,15.042622,11.799367,5.7974963,-30.851625,-3.2981696,24.507383,-15.452693,-11.155893,8.70981,11.199494
991,-4.578040599822998,16.79470443725586,73.77362823486328,-3.9331611812472254,-5.553349392274331,-79.64982403977082,-11.376783,19.479546,-0.05712525,43.84264,-26.137941,-15.000033,-15.06205,-5.2728357,9.683779,39.55804,-14.033074,15.000033,-6.629987,-0.8394506,21.613045,-30.889751,1.576032,-15.636117,-8.451625,14.911382,11.953367,6.038792,-31.356215,-3.6164613,24.55365,-14.291423,-10.423929,8.490189,11.122506
992,-4.315260887145996,16.774457931518555,73.8853988647461,-3.8020832454579057,-5.7989149003070075,-80.13034859292037,-10.887916,19.129963,0.08771114,43.014946,-25.765358,-15.000033,-14.875624,-5.3952384,10.055466,39.45542,-13.549638,15.000033,-5.9833794,-0.89173037,21.547592,-31.229156,1.7716374,-15.621103,-7.636361,14.911421,12.059693,6.238802,-31.881353,-3.932409,24.72575,-13.137653,-9.57217,8.205644,10.934885
993,-4.031291961669922,16.75179672241211,73.95579528808594,-3.7067016533614066,-6.064593264496389,-80.69881913324126,-10.255001,18.980947,0.54734117,42.72221,-25.867891,-15.000033,-14.747821,-5.446089,10.468601,39.461357,-13.15213,15.000033,-5.3194184,-0.8948164,21.473122,-31.528643,1.9219173,-15.528392,-6.793407,14.883243,12.081556,6.3154864,-32.4532,-4.2391562,24.98225,-11.868076,-8.612433,7.835923,10.6152725
994,-3.7447993755340576,16.732736587524414,73.98628234863281,-3.6348759912586805,-6.35448550468296,-81.35594058485178,-9.493103,19.00731,1.2742511,42.881992,-26.301483,-15.000033,-14.665195,-5.4348116,10.9287405,39.56145,-12.822458,15.000033,-4.64769,-0.874585,21.399038,-31.736456,1.9982089,-15.388943,-5.965287,14.871904,12.041258,6.3177185,-33.07618,-4.530408,25.328571,-10.486376,-7.56485,7.379163,10.192851
995,-3.4506287574768066,16.726240158081055,73.9833984375,-3.5551905087084266,-6.671247024212137,-82.05189591943164,-8.643572,19.09357,2.14809,43.17986,-26.85889,-15.000033,-14.619922,-5.405355,11.426799,39.76845,-12.554171,15.000033,-3.9387538,-0.83444726,21.320059,-32.089237,2.0727358,-15.193114,-4.960685,14.742279,11.968353,6.3037896,-33.704742,-4.8139577,25.670347,-9.027939,-6.467689,6.87082,9.727345
996,-3.1572585105895996,16.72333335876465,73.96015167236328,-3.4363724301376823,-7.015302395397151,-82.73640535571329,-7.758528,19.118267,3.0482144,43.303146,-27.329735,-15.000033,-14.605179,-5.408741,11.954585,40.09322,-12.340231,15.000033,-3.266985,-0.8512133,21.288176,-32.48719,2.1480808,-14.992879,-3.9151213,14.614782,11.908716,6.368227,-34.312893,-5.079482,25.988508,-7.600832,-5.3238473,6.3466215,9.271759
997,-2.86102557182312,16.734235763549805,73.9202880859375,-3.253318062611036,-7.381850983135569,-83.4153821177386,-6.809143,19.04169,4.00254,43.101902,-27.666544,-15.000033,-14.638259,-5.4664903,12.527327,40.551743,-12.1901245,15.000033,-2.668115,-0.96566105,21.312271,-32.839054,2.1885617,-14.78471,-2.9072177,14.546979,11.87575,6.5591865,-34.94625,-5.319635,26.31183,-6.1966863,-4.075946,5.7900586,8.811726
998,-2.559535264968872,16.748008728027344,73.87039184570312,-3.030984069308224,-7.7708698505926606,-84.1094311306419,-5.7871428,18.92109,5.0526876,42.763714,-27.976585,-15.000033,-14.715212,-5.548314,13.142692,41.130516,-12.10218,15.000033,-2.0837982,-1.1208721,21.366642,-33.24906,2.2157955,-14.550174,-1.8258696,14.440043,11.843297,6.816936,-35.58154,-5.5334644,26.632298,-4.7730274,-2.7647436,5.1883473,8.332085
999,-2.2532005310058594,16.75786018371582,73.79568481445312,-2.797997675536008,-8.19033796890083,-84.79021867162601,-4.780174,18.781944,6.0993314,42.481396,-28.278349,-15.000033,-14.800884,-5.629427,13.767405,41.79955,-12.055042,15.000033,-1.5401486,-1.3032793,21.471157,-33.689507,2.227962,-14.318833,-0.70654416,14.390298,11.807024,7.092214,-36.206722,-5.7182117,26.917068,-3.3496382,-1.4517393,4.58447,7.885173
1000,-1.9507997035980225,16.76818084716797,73.69383239746094,-2.584454878486889,-8.649229156791398,-85.42978376179136,-3.87202,18.656755,7.0461373,42.449707,-28.591515,-15.000033,-14.861198,-5.6887035,14.366974,42.53148,-12.02609,15.000033,-1.0351256,-1.4802561,21.632244,-34.207264,2.2401352,-14.116198,0.48698536,14.434263,11.760259,7.3295975,-36.793613,-5.8752546,27.114153,-1.9377295,-0.21005803,4.0270834,7.5199037
1001,-1.652488112449646,16.78065299987793,73.5678939819336,-2.402624187321462,-9.168820193450246,-86.04786337020323,-3.0766783,18.575945,7.8910103,42.77519,-28.924698,-15.000033,-14.891943,-5.6922526,14.980434,43.35449,-12.016916,15.000033,-0.5710019,-1.6381788,21.86162,-34.77166,2.253135,-13.937192,1.7081411,14.6180315,11.720446,7.5403748,-37.3592,-6.0052023,27.228106,-0.5350389,0.9817433,3.5248222,7.2344794
1002,-1.3500796556472778,16.8035888671875,73.43063354492188,-2.2321216788551332,-9.739027514438549,-86.65121220980141,-2.348828,18.51716,8.679075,43.334164,-29.265942,-15.000033,-14.908278,-5.6636686,15.609787,44.269447,-12.035436,15.000033,-0.14099468,-1.7924072,22.15324,-35.37664,2.2644715,-13.776319,2.957476,14.902705,11.686064,7.746628,-37.887432,-6.098329,27.277502,0.84822416,2.1291022,3.0575457,7.0037723
1003,-1.0554567575454712,16.83437156677246,73.28887939453125,-2.0622004145297406,-10.321604305113881,-87.18986505397352,-1.6802073,18.438572,9.386826,43.97446,-29.602152,-15.000033,-14.909093,-5.668855,16.168348,45.215282,-12.07403,15.000033,0.24129345,-1.9715424,22.48377,-36.040165,2.280219,-13.65841,4.2894783,15.234201,11.62522,7.9191003,-38.37583,-6.13719,27.242445,2.242127,3.1822326,2.62913,6.840412
1004,-0.771240234375,16.8773136138916,73.1522445678711,-1.8814429573358205,-10.878931199435378,-87.61394001211204,-1.0668623,18.299282,9.989141,44.54894,-29.922815,-15.000033,-14.895011,-5.773801,16.570818,46.129932,-12.124327,15.000033,0.5318635,-2.2102468,22.838957,-36.782463,2.308321,-13.55718,5.7549534,15.576059,11.499605,8.008339,-38.863617,-6.1771927,27.124973,3.6633337,4.1775823,2.2447507,6.7586765
1005,-0.5064038634300232,16.922225952148438,73.01731872558594,-1.6573545128866873,-11.421185502204933,-87.91519525475417,-0.481221,18.058887,10.49419,45.01168,-30.219023,-15.000033,-14.866251,-5.9982986,16.866953,47.032642,-12.187205,15.000033,0.7862638,-2.5366826,23.262194,-37.627346,2.348298,-13.525226,7.312637,15.941451,11.300582,7.9782214,-39.15525,-6.1929398,26.86888,4.9187016,4.985288,1.9291962,6.8044925
1006,-0.2544765770435333,16.97551918029785,72.88687896728516,-1.4060649931571783,-11.962766411073552,-88.11858710758486,0.064107805,17.750406,10.909458,45.44433,-30.499044,-15.000033,-14.824754,-6.312908,17.081957,47.944736,-12.265628,15.000033,0.95263267,-2.9548109,23.71863,-38.52843,2.4192328,-13.513699,8.956435,16.350885,11.048459,7.8668203,-39.53995,-6.2188544,26.488302,6.2595625,5.8274617,1.671027,6.974315
1007,-0.01797463372349739,17.023494720458984,72.76290893554688,-1.1928430546326074,-12.470202549465933,-88.22294293319743,0.5105638,17.451937,11.208917,45.89191,-30.778193,-15.000033,-14.77538,-6.6971087,17.091497,48.80128,-12.353398,15.000033,1.0752869,-3.3714917,24.190994,-39.469563,2.5092354,-13.58512,10.710801,16.717617,10.756569,7.75926,-39.770985,-6.228356,26.055748,7.532684,6.491653,1.4401982,7.1320257
1008,0.2071930170059204,17.075050354003906,72.63818359375,-1.0779025852322668,-12.910486008830835,-88.22566791147702,0.8016231,17.240051,11.368696,46.40102,-31.072485,-15.000033,-14.721589,-7.137888,16.770517,49.539413,-12.44079,15.000033,1.1174896,-3.7246428,24.609707,-40.408947,2.6035588,-13.734906,12.640645,16.986475,10.438635,7.7406845,-39.97413,-6.2283163,25.65241,8.91863,7.0250096,1.1939222,7.1697087
1009,0.4218313694000244,17.122936248779297,72.51734924316406,-1.098491106450915,-13.270444764330662,-88.10357722229078,0.9005939,17.156263,11.359651,47.005333,-31.396868,-15.000033,-14.655374,-7.6196246,16.062218,50.137142,-12.513949,15.000033,1.066048,-3.9835312,24.963558,-41.360455,2.6921406,-13.961341,14.767053,17.119572,10.061353,7.835674,-40.11696,-6.220852,25.264687,10.38844,7.333155,0.92960846,7.0463595
1010,0.6262107491493225,17.165950775146484,72.40001678466797,-1.216384040309583,-13.568811697407249,-87.86295366024746,0.8468767,17.154535,11.203981,47.674503,-31.739887,-15.000033,-14.570844,-8.156329,15.04104,50.6341,-12.58155,15.000033,0.931936,-4.18653,25.278404,-42.33733,2.7731292,-14.253113,17.059172,17.16395,9.630118,7.9956856,-40.198425,-6.2086735,24.863539,11.912303,7.4572387,0.66453546,6.8239026
1011,0.8030085563659668,17.21015167236328,72.28740692138672,-1.3829132769080101,-13.821205389074098,-87.54593096279102,0.70063,17.180166,10.95575,48.355537,-32.07671,-15.000033,-14.470974,-8.773531,13.779585,51.06552,-12.677549,15.000033,0.7470143,-4.358691,25.559898,-43.317436,2.8385508,-14.617294,19.502337,17.1797,9.215101,8.192894,-40.246094,-6.1977425,24.506338,13.538449,7.5553737,0.38798037,6.538252
1012,0.9746789932250977,17.250783920288086,72.17924499511719,-1.544739573927547,-14.044597026519911,-87.19437833740321,0.5210263,17.179003,10.666755,48.99842,-32.384193,-15.000033,-14.357819,-9.495854,12.348924,51.465393,-12.837062,15.000033,0.56061214,-4.538068,25.820015,-44.27786,2.8925724,-15.098436,22.07887,17.214405,8.890728,8.409492,-40.268307,-6.1868205,24.219032,15.294702,7.770978,0.08952452,6.2382326
1013,1.1320523023605347,17.29581642150879,72.07963562011719,-1.7256319030541805,-14.234529173386704,-86.78388717426516,0.28158543,17.165043,10.30375,49.625504,-32.670044,-15.000033,-14.212949,-10.378882,10.609615,51.8166,-13.055496,15.000033,0.33377746,-4.708356,26.050898,-45.235874,2.925271,-15.686285,24.8637,17.229576,8.640833,8.701003,-40.278114,-6.1802163,24.0283,17.217718,8.119383,-0.25393775,5.897579
1014,1.2843444347381592,17.336118698120117,71.99140167236328,-1.9393353874072001,-14.386668118767867,-86.30069032927764,-0.033301815,17.157442,9.850437,50.252975,-32.94302,-15.000033,-14.010222,-11.39352,8.568251,52.114803,-13.330794,15.000033,0.072965175,-4.8628,26.256042,-46.1949,2.935811,-16.396328,27.83694,17.208998,8.4408455,9.062208,-40.24681,-6.1774354,23.888222,19.263649,8.520038,-0.63067573,5.512491
1015,1.4279307126998901,17.37338638305664,71.91167449951172,-2.1339100878473314,-14.520616836191584,-85.79963939217538,-0.34594285,17.114023,9.383344,50.818806,-33.179665,-15.000033,-13.747099,-12.440732,6.5139666,52.39891,-13.699597,15.000033,-0.17682895,-5.026891,26.451056,-47.09826,2.922596,-17.198372,30.843979,17.266151,8.340287,9.354652,-40.186455,-6.1835546,23.82432,21.40313,9.02275,-1.0044744,5.1320014
1016,1.5508955717086792,17.403554916381836,71.84663391113281,-2.2488933468647345,-14.65455218115161,-85.33419024693846,-0.5798171,16.980383,8.98127,51.25625,-33.3532,-15.000033,-13.450097,-13.434984,4.7429314,52.70881,-14.198094,15.000033,-0.37432924,-5.2389855,26.65021,-47.892365,2.8915136,-18.061275,33.732307,17.511793,8.389001,9.441013,-40.107494,-6.2052336,23.863956,23.603895,9.678686,-1.3388337,4.8053393
1017,1.673088788986206,17.427400588989258,71.79499053955078,-2.243591932748907,-14.804183620771587,-84.89890757017925,-0.7078877,16.686348,8.651344,51.53909,-33.45136,-14.882464,-13.133685,-14.4226885,3.3118122,53.06748,-14.902629,15.000033,-0.5235632,-5.5425806,26.869936,-48.577682,2.8512058,-18.984575,36.50104,18.028902,8.68042,9.245063,-40.009274,-6.2429037,24.007679,25.879732,10.672092,-1.6230932,4.5683637
1018,1.794847846031189,17.455795288085938,71.75495910644531,-2.1677876154361044,-14.961176481862372,-84.47205431256766,-0.7685287,16.29856,8.356117,51.709187,-33.492332,-14.726558,-12.785376,-15.419638,2.055996,53.443596,-15.778747,15.000033,-0.6415702,-5.901508,27.102972,-49.173836,2.8030574,-19.987286,39.218647,18.740255,9.156747,8.847826,-39.883858,-6.296894,24.243193,28.235188,11.922184,-1.877481,4.3901405
1019,1.8913066387176514,17.481821060180664,71.73828125,-2.070845347038025,-15.100937013236138,-84.082339743822,-0.7956819,15.904385,8.100001,51.795444,-33.489807,-14.573051,-12.423456,-16.31611,0.9578502,53.794434,-16.682632,15.000033,-0.71509033,-6.249457,27.323393,-49.65663,2.7523599,-21.057123,41.834324,19.515676,9.641085,8.348498,-39.731743,-6.367991,24.586397,30.625895,13.080826,-2.111342,4.214432
1020,1.9754528999328613,17.507604598999023,71.73786163330078,-2.0064964676916177,-15.195168925971371,-83.76088760449795,-0.8276203,15.587084,7.8896627,51.82751,-33.458412,-14.436111,-12.077396,-16.996292,0.0138539495,54.08243,-17.462807,15.000033,-0.7302429,-6.520188,27.501947,-50.004765,2.70858,-22.179634,44.297573,20.21845,9.961076,7.8531613,-39.554893,-6.45685,25.055252,33.00836,13.800429,-2.3333538,3.9811954
1021,2.038304328918457,17.530216217041016,71.75912475585938,-2.0567366313263578,-15.218880240531757,-83.55537009492306,-0.90067893,15.481179,7.728616,51.84605,-33.41973,-14.345962,-11.780366,-17.300388,-0.8176744,54.25996,-18.036768,14.705733,-0.65393686,-6.619489,27.618376,-50.22512,2.6805677,-23.389261,46.635414,20.803043,10.066073,7.4137006,-39.365616,-6.5649257,25.668564,35.394753,13.970341,-2.5518217,3.6593509
1022,2.08966326713562,17.550209045410156,71.79915618896484,-2.1255930254814515,-15.193072255860491,-83.42536272625593,-0.98032033,15.440761,7.6201906,51.80336,-33.348118,-14.270071,-11.534066,-17.384192,-1.4797397,54.38004,-18.502373,14.256366,-0.5157668,-6.659318,27.690773,-50.328205,2.6735518,-24.681469,48.86836,21.341091,10.049715,6.96915,-39.165127,-6.6936803,26.414661,37.80563,13.785144,-2.7554724,3.2809343
1023,2.131073474884033,17.573760986328125,71.84970092773438,-2.1819431946917547,-15.138990704083715,-83.34074406772132,-1.0436091,15.408339,7.556554,51.68917,-33.24044,-14.198831,-11.3140545,-17.340635,-1.9618609,54.46833,-18.904955,13.929505,-0.33599174,-6.6768064,27.732756,-50.301826,2.6906288,-25.979542,50.92986,21.866623,9.958972,6.462648,-38.929188,-6.8401346,27.260582,40.199474,13.345325,-2.9213579,2.8787694
1024,2.1613223552703857,17.59886932373047,71.91354370117188,-2.2287495225954297,-15.07445054902795,-83.28572038966912,-1.0780483,15.386561,7.525007,51.51204,-33.10301,-14.139599,-11.092867,-17.20115,-2.3166127,54.53507,-19.27779,13.683838,-0.1261545,-6.6703906,27.753632,-50.131584,2.7339942,-27.203625,52.752556,22.416025,9.839136,5.836694,-38.639675,-6.9990444,28.178864,42.542942,12.751556,-3.028892,2.4873705
1025,2.1850697994232178,17.61842155456543,71.99046325683594,-2.268473267730745,-14.996943850618976,-83.26831940347608,-1.0816028,15.378969,7.5356927,51.27078,-32.936943,-14.094672,-10.882878,-16.941006,-2.5072234,54.584118,-19.635319,13.518216,0.11965323,-6.636081,27.746235,-49.79997,2.8059685,-28.361885,54.304874,23.035238,9.650487,5.019514,-38.311047,-7.167895,29.21364,44.85815,11.868285,-3.0698078,2.0661986
1026,2.193695545196533,17.62724494934082,72.0830078125,-2.296978638917013,-14.899610274050394,-83.29296066982208,-1.0612454,15.382562,7.590843,50.962955,-32.7394,-14.060008,-10.695823,-16.55763,-2.5231082,54.611023,-19.954319,13.448665,0.40019512,-6.578912,27.70647,-49.321167,2.910404,-29.482903,55.634586,23.690731,9.380841,4.063354,-37.956776,-7.34588,30.366463,47.16586,10.696022,-3.049866,1.6134331
1027,2.1990344524383545,17.638574600219727,72.18546295166016,-2.3168862249057978,-14.793013043823935,-83.33749559744685,-1.0146904,15.390041,7.6669517,50.590687,-32.509506,-14.033262,-10.498489,-16.111195,-2.4565368,54.605583,-20.217726,13.461701,0.6942127,-6.5092397,27.650364,-48.726562,3.0497437,-30.51831,56.787804,24.300709,9.11778,3.0946653,-37.551342,-7.5276937,31.542091,49.424057,9.542189,-2.977544,1.2236744
1028,2.188671350479126,17.64640235900879,72.30142974853516,-2.334847921102421,-14.687258050223159,-83.3791330467105,-0.9402583,15.394301,7.7400093,50.157455,-32.246723,-14.012127,-10.256128,-15.663796,-2.399869,54.55535,-20.407711,13.544488,0.9793084,-6.437233,27.593344,-48.045204,3.2233748,-31.418493,57.809277,24.788927,8.954652,2.2370133,-37.07252,-7.705445,32.646088,51.5968,8.712092,-2.8701406,0.9908125
1029,2.1712231636047363,17.652908325195312,72.42733001708984,-2.347814196502182,-14.584486736772323,-83.41845232256784,-0.8322687,15.392461,7.810024,49.65435,-31.946384,-13.995651,-9.965832,-15.206871,-2.3363488,54.457314,-20.515972,13.727553,1.2593905,-6.3621907,27.539621,-47.260906,3.4276538,-32.148773,58.662956,25.212118,8.932344,1.4644988,-36.52204,-7.871982,33.687912,53.704212,8.287755,-2.735601,0.9656266
1030,2.143017292022705,17.65355110168457,72.5637435913086,-2.3550647577460135,-14.47955541197633,-83.4652595714562,-0.69334984,15.3884325,7.887486,49.0832,-31.61053,-13.985324,-9.643926,-14.715603,-2.2305896,54.31745,-20.554306,14.005979,1.5392895,-6.2802534,27.479431,-46.363422,3.6612177,-32.73854,59.342632,25.589783,8.998409,0.72903967,-35.917656,-8.023926,34.706802,55.772137,8.101123,-2.5702102,1.0892091
1031,2.099270820617676,17.64776039123535,72.7120590209961,-2.360609122202804,-14.371538952619506,-83.51078031631138,-0.5337443,15.38516,7.9645023,48.46131,-31.24788,-13.981653,-9.285766,-14.227948,-2.1446414,54.13794,-20.534832,14.314923,1.7988256,-6.19693,27.407557,-45.390106,3.9254572,-33.234146,59.935093,25.792797,9.113537,0.12014281,-35.261784,-8.160835,35.65959,57.77068,8.090596,-2.3761163,1.2903091
1032,2.0566749572753906,17.6375732421875,72.86901092529297,-2.369605443537512,-14.260062027823805,-83.54688213829078,-0.36372107,15.38559,8.033145,47.806076,-30.867085,-13.985543,-8.886023,-13.776653,-2.141615,53.916706,-20.465868,14.589265,2.023179,-6.1164784,27.321192,-44.382244,4.221798,-33.68841,60.527103,25.68718,9.240441,-0.27108818,-34.545982,-8.282691,36.489025,59.658108,8.184322,-2.153929,1.4985728
1033,2.0017287731170654,17.625240325927734,73.02662658691406,-2.382579690016261,-14.147108528370117,-83.57348085126753,-0.17667468,15.39036,8.095374,47.10854,-30.463379,-13.99746,-8.443579,-13.374411,-2.2373986,53.664963,-20.320223,14.814493,2.214657,-6.035685,27.22616,-43.346848,4.5488124,-34.118477,61.14159,25.159548,9.384247,-0.3751328,-33.764687,-8.388348,37.180103,61.43315,8.426411,-1.88554,1.7373682
1034,1.9380632638931274,17.610170364379883,73.19288635253906,-2.399243581648015,-14.032159345456893,-83.5944749372344,0.030213827,15.398393,8.1540985,46.363033,-30.034122,-14.017448,-7.9628057,-12.998065,-2.400393,53.380867,-20.100437,15.000033,2.3830314,-5.9520597,27.124884,-42.263634,4.9033184,-34.49543,61.729908,24.306747,9.559716,-0.25303733,-32.912987,-8.47432,37.746586,63.10858,8.816383,-1.5741081,2.0293617
1035,1.8630311489105225,17.590980529785156,73.36544799804688,-2.4462998116276045,-13.907937528561813,-83.61624157766282,0.23152965,15.4524,8.199876,45.610146,-29.600447,-14.055878,-7.443762,-12.590545,-2.6442475,53.022438,-19.85364,15.000033,2.527576,-5.8456526,26.999184,-41.133293,5.2854686,-34.803528,62.27779,23.305035,9.744876,-0.008794593,-32.01704,-8.546814,38.23499,64.68814,9.28255,-1.2564665,2.3032763
1036,1.7808247804641724,17.561826705932617,73.53639221191406,-2.504111059313489,-13.771802831734625,-83.62918152345455,0.4145582,15.523484,8.228049,44.866497,-29.171381,-14.104111,-6.8883657,-12.173776,-2.9279723,52.575134,-19.64635,15.000033,2.639029,-5.7412696,26.842113,-39.9566,5.697281,-35.03072,62.7646,22.33198,9.921076,0.25016284,-31.078005,-8.611577,38.646206,66.15587,9.707936,-0.9720743,2.490882
1037,1.6916950941085815,17.53162384033203,73.70541381835938,-2.58314612375291,-13.62126192232828,-83.63475257140283,0.5800352,15.623832,8.236636,44.125305,-28.742613,-14.166135,-6.285261,-11.712638,-3.247957,52.02429,-19.458374,15.000033,2.7188108,-5.6311083,26.648985,-38.718742,6.140108,-35.15953,63.17174,21.415684,10.097652,0.5178842,-30.097267,-8.675384,39.012268,67.51697,10.119639,-0.72701335,2.5873477
1038,1.594882607460022,17.491111755371094,73.87104797363281,-2.6750852962220204,-13.45935014220801,-83.63268604824853,0.73652864,15.743048,8.22964,43.37497,-28.308113,-14.239272,-5.6385818,-11.226848,-3.6066654,51.386063,-19.271332,15.000033,2.767266,-5.5180526,26.42935,-37.419525,6.613695,-35.195267,63.505028,20.472101,10.277092,0.8424037,-29.064062,-8.738794,39.31791,68.76473,10.55558,-0.50239915,2.6259322
1039,1.4886540174484253,17.45106315612793,74.03207397460938,-2.7416400893678974,-13.290745124110366,-83.61210825896062,0.88216233,15.829075,8.2094755,42.625317,-27.87432,-14.30784,-4.970877,-10.807408,-3.9986615,50.68795,-19.150414,15.000033,2.7746272,-5.4409027,26.191149,-36.087414,7.1183805,-35.17493,63.79242,19.495245,10.434335,1.1976519,-27.98213,-8.802545,39.532265,69.87731,10.961981,-0.29879203,2.5951166
1040,1.3738338947296143,17.40388298034668,74.18356323242188,-2.7484961791428804,-13.120509114737366,-83.5627205670348,1.0171349,15.831006,8.178483,41.881916,-27.445349,-14.357091,-4.3049765,-10.541528,-4.425395,49.961376,-19.161749,15.000033,2.7293549,-5.4379325,25.944681,-34.74313,7.6510887,-35.11442,64.055046,18.502407,10.546558,1.5557218,-26.845446,-8.86596,39.594044,70.81682,11.251241,-0.11044017,2.4829044
1041,1.2692424058914185,17.352754592895508,74.32036590576172,-2.66512395009718,-12.949795420337017,-83.46947288748824,1.1473067,15.702654,8.13292,41.126507,-27.011433,-14.374836,-3.6421936,-10.494351,-4.8915396,49.271152,-19.358404,15.000033,2.6181607,-5.546461,25.67966,-33.393604,8.20683,-35.021713,64.32412,17.464903,10.594203,1.9197248,-25.72588,-8.953297,39.751698,71.62984,11.702594,0.044413194,2.2564385
1042,1.1617177724838257,17.30408477783203,74.44642639160156,-2.5392281451785004,-12.775285041020277,-83.34880647728518,1.2659739,15.516168,8.06959,40.373066,-26.5798,-14.380397,-2.9694762,-10.574143,-5.4230247,48.577854,-19.688015,14.9393215,2.4625177,-5.7008095,25.410282,-32.02735,8.788608,-34.878525,64.557365,16.395044,10.592754,2.29587,-24.474163,-9.03986,39.601555,72.20663,11.890106,0.18674982,1.9359028
1043,1.0356059074401855,17.243450164794922,74.56481170654297,-2.543534005135431,-12.5834197310593,-83.26971590259096,1.3223766,15.534547,7.989091,39.735596,-26.210028,-14.442601,-2.2918994,-10.467885,-6.112285,47.6988,-20.018118,14.047364,2.319947,-5.7369175,25.099148,-30.649479,9.387326,-34.712524,64.76768,15.317298,10.573783,2.676661,-23.266397,-9.15465,39.58486,72.701775,12.269727,0.30234382,1.5782783
1044,0.8967048525810242,17.191490173339844,74.6660385131836,-2.553233084286217,-12.393431717741853,-83.19803185506953,1.3608471,15.573411,7.907068,39.149284,-25.869123,-14.513214,-1.6106181,-10.376763,-6.838456,46.63322,-20.350399,13.303962,2.1572971,-5.7698574,24.788574,-29.24902,10.000402,-34.496143,64.91417,14.30906,10.569903,3.0457785,-22.03623,-9.292939,39.461735,73.05838,12.555421,0.41480058,1.2457621
1045,0.7551518082618713,17.12572479248047,74.75607299804688,-2.570461786520534,-12.198334337931755,-83.12998490469178,1.3707004,15.633595,7.8190217,38.618813,-25.558605,-14.593486,-0.90696007,-10.325578,-7.651677,45.27304,-20.68694,12.753864,1.966835,-5.8059306,24.479227,-27.76676,10.604568,-34.086353,64.9427,13.521664,10.5942,3.3941708,-20.781048,-9.453588,39.197014,73.254684,12.712178,0.53501797,0.94241685
1046,0.6012586951255798,17.06817054748535,74.83517456054688,-2.593915257331219,-11.998545812869502,-83.06179323857849,1.353078,15.712424,7.7218266,38.139122,-25.27595,-14.68201,-0.18094304,-10.306077,-8.548377,43.68476,-21.051693,12.283719,1.7824637,-5.8263745,24.139204,-26.411657,11.24745,-33.94474,65.05249,12.447593,10.604729,3.7512,-19.473646,-9.635356,38.805195,73.309074,12.796467,0.6536382,0.6392799
1047,0.44935861229896545,17.010845184326172,74.90937805175781,-2.6197240124630277,-11.808533935278659,-83.00481963073865,1.3315778,15.808677,7.6285834,37.701458,-25.018236,-14.776635,0.5340673,-10.267951,-9.422646,42.049328,-21.417044,11.884083,1.6013573,-5.8447313,23.808397,-25.070135,11.91625,-33.84499,65.133995,11.357434,10.620582,4.1065526,-18.151648,-9.842898,38.378178,73.24194,12.883756,0.75311273,0.35176933
1048,0.30310994386672974,16.950183868408203,74.97249603271484,-2.6470205892671212,-11.64324933100764,-82.96965954367039,1.3289976,15.921689,7.551926,37.298397,-24.783184,-14.875378,1.2032297,-10.166337,-10.166119,40.545807,-21.75255,11.540641,1.4210911,-5.8627396,23.512926,-23.690163,12.586606,-33.660667,65.15152,10.404274,10.651222,4.460537,-16.842245,-10.077596,37.984264,73.08619,13.021976,0.81615,0.092958026
1049,0.1430802047252655,16.886734008789062,75.02172088623047,-2.6701616177657193,-11.500912115894186,-82.94995730186176,1.3369827,16.0456,7.4857316,36.938793,-24.57746,-14.978894,1.8219944,-10.001564,-10.763455,39.19131,-22.07246,11.258239,1.2413523,-5.8847127,23.241743,-22.29936,13.249564,-33.43664,65.144936,9.554713,10.701461,4.8164964,-15.540951,-10.342573,37.635963,72.83659,13.254811,0.83916396,-0.13755299
1050,-0.018995217978954315,16.836790084838867,75.06348419189453,-2.6821305034548337,-11.374288829784186,-82.94068628491526,1.3477775,16.157497,7.4224796,36.614994,-24.394772,-15.000033,2.4040875,-9.813584,-11.266182,37.901623,-22.383669,11.039888,1.062819,-5.912893,22.983295,-20.931295,13.908518,-33.234524,65.14158,8.730408,10.764725,5.1766768,-14.229715,-10.638198,37.28627,72.47795,13.536049,0.8312675,-0.34553432
1051,-0.18146473169326782,16.781930923461914,75.09640502929688,-2.6905539145918405,-11.27073546808319,-82.9556938851352,1.3825976,16.271654,7.381094,36.313793,-24.225119,-15.000033,2.932392,-9.608146,-11.664067,36.72188,-22.655836,10.862617,0.89477015,-5.939397,22.755722,-19.568905,14.557961,-33.01173,65.11945,7.9604597,10.828279,5.543303,-12.932895,-10.96328,36.959564,72.05451,13.834195,0.79078287,-0.5272289
1052,-0.34497886896133423,16.73184585571289,75.13085174560547,-2.7135853450221057,-11.200648126133492,-83.01557431685565,1.462964,16.422144,7.380025,36.030952,-24.06452,-15.000033,3.400521,-9.36385,-11.947823,35.676575,-22.847738,10.701801,0.74784005,-5.9356556,22.576305,-18.202532,15.191967,-32.743507,65.062805,7.2505026,10.880663,5.918721,-11.676986,-11.31328,36.681015,71.616745,14.113007,0.7157855,-0.6792809
1053,-0.5021096467971802,16.68993377685547,75.15957641601562,-2.756748153354748,-11.17442893355358,-83.13030931801579,1.6027858,16.61678,7.42837,35.770752,-23.91485,-15.000033,3.808669,-9.071781,-12.095726,34.777153,-22.941217,10.5690775,0.62955385,-5.8936787,22.454105,-16.837242,15.807663,-32.42711,64.981064,6.598254,10.915226,6.299765,-10.466754,-11.686005,36.44042,71.171585,14.387443,0.58490175,-0.7791079
1054,-0.6493686437606812,16.64608383178711,75.18710327148438,-2.8141809117447054,-11.185059827077936,-83.28950739108384,1.7884163,16.846556,7.5164194,35.536827,-23.779333,-15.000033,4.163235,-8.739373,-12.12053,34.00297,-22.957602,10.471507,0.53352946,-5.8243947,22.377361,-15.475796,16.403225,-32.07476,64.882835,6.0033584,10.940235,6.686375,-9.291945,-12.081276,36.22825,70.701775,14.66565,0.40590394,-0.8357377
1055,-0.815499484539032,16.6071834564209,75.21385192871094,-2.8809282493103403,-11.214635534061513,-83.47802039953906,1.9958535,17.100452,7.6314297,35.322598,-23.653345,-15.000033,4.4600196,-8.38554,-12.064449,33.344955,-22.922564,10.383559,0.44539452,-5.7389226,22.330475,-14.112597,16.974722,-31.700941,64.76086,5.458239,10.963969,7.0861955,-8.161195,-12.4955435,36.08179,70.225945,14.911953,0.22054525,-0.8944596
1056,-0.9703831076622009,16.572649002075195,75.24129486083984,-2.9548473711190217,-11.245009428910532,-83.68058433797279,2.2019062,17.366735,7.7608643,35.120296,-23.531715,-15.000033,4.693823,-8.028675,-11.969296,32.79543,-22.862623,10.279723,0.3484132,-5.649866,22.297289,-12.734248,17.515675,-31.300207,64.60324,4.9738355,10.995206,7.506767,-7.0880213,-12.922985,36.038822,69.76916,15.087916,0.069704734,-1.0019071
1057,-1.1151018142700195,16.549259185791016,75.26742553710938,-3.0442622801630614,-11.277769170078438,-83.90705902405148,2.4068477,17.657299,7.912784,34.93747,-23.41675,-15.000033,4.844694,-7.659133,-11.81702,32.387638,-22.769505,10.153041,0.24954477,-5.549287,22.279503,-11.345877,18.024195,-30.866354,64.41081,4.574758,11.043521,7.956147,-6.089228,-13.360366,36.125565,69.34394,15.174025,-0.010502693,-1.178441
1058,-1.273988127708435,16.530942916870117,75.29251861572266,-3.145270762833974,-11.320624475700622,-84.1611829698335,2.6211755,17.97316,8.090435,34.774895,-23.309557,-15.000033,4.922457,-7.2721567,-11.59655,32.115784,-22.635265,10.0178995,0.15150082,-5.4356484,22.281218,-9.948904,18.499168,-30.39518,64.19152,4.2580385,11.103032,8.428426,-5.1634574,-13.80734,36.322117,68.94884,15.194935,-0.05148504,-1.3984897
1059,-1.4125360250473022,16.512537002563477,75.31556701660156,-3.2478048766382543,-11.364895734933032,-84.41744716027567,2.8359408,18.287748,8.273108,34.615803,-23.20488,-15.000033,4.9682097,-6.8927293,-11.361726,31.908876,-22.48412,9.880232,0.032495216,-5.326497,22.288248,-8.54967,18.938623,-29.927517,63.96623,3.9471679,11.155986,8.912787,-4.291016,-14.260115,36.589336,68.58438,15.1731,-0.112594366,-1.6398965
1060,-1.5556312799453735,16.49237060546875,75.34407043457031,-3.3347476951397166,-11.401666589987679,-84.6512630251287,3.0404427,18.574377,8.44032,34.445877,-23.098757,-15.000033,5.0177712,-6.545998,-11.164051,31.703236,-22.344011,9.745415,-0.12638757,-5.2399783,22.285578,-7.154897,19.338678,-29.499405,63.75676,3.5746346,11.183879,9.398752,-3.454636,-14.714136,36.888298,68.256454,15.133079,-0.254272,-1.8803965
1061,-1.6925801038742065,16.47344207763672,75.37045288085938,-3.4108858217898343,-11.433411782121643,-84.86107141437569,3.2361786,18.83351,8.589747,34.26979,-22.995396,-15.000033,5.0772214,-6.2345324,-11.013837,31.493355,-22.212675,9.610992,-0.333145,-5.178635,22.27523,-5.7688437,19.698399,-29.136656,63.591454,3.0667255,11.150113,9.95088,-2.6641288,-15.167888,37.221962,67.98238,15.048856,-0.5029574,-2.1059926
1062,-1.8264827728271484,16.45724105834961,75.39883422851562,-3.4793350093658595,-11.463152032875518,-85.05871215203132,3.426118,19.077269,8.731376,34.094257,-22.896524,-15.000033,5.1247854,-5.94644,-10.883794,31.31502,-22.081198,9.474744,-0.5730916,-5.1315055,22.262144,-4.3945637,20.017923,-28.820078,63.45895,2.480152,11.072409,10.552787,-1.9253162,-15.621378,37.603374,67.75846,14.917119,-0.8231725,-2.332499
1063,-1.9535101652145386,16.438709259033203,75.42862701416016,-3.5351461831969804,-11.482352164162204,-85.23826863158314,3.606332,19.294636,8.862288,33.900112,-22.790956,-15.000033,5.1664314,-5.6850395,-10.773078,31.140894,-21.953543,9.34436,-0.8329211,-5.0972466,22.233727,-3.0403566,20.294935,-28.522448,63.325542,1.9341213,11.016697,11.07382,-1.2153289,-16.07264,38.00627,67.562256,14.790853,-1.1824745,-2.5824783
1064,-2.078357458114624,16.423879623413086,75.45619201660156,-3.5735163845551643,-11.481941349695347,-85.39381725725765,3.771254,19.475317,8.979063,33.671764,-22.66872,-15.000033,5.2068405,-5.453761,-10.680557,30.945992,-21.835226,9.227146,-1.0982833,-5.0733624,22.177982,-1.7177128,20.524914,-28.219715,63.16082,1.5442742,11.052821,11.385013,-0.50755763,-16.5173,38.40106,67.36762,14.721509,-1.5484241,-2.8775303
1065,-2.202216625213623,16.40402603149414,75.4859390258789,-3.5872301187694187,-11.45913679498961,-85.5167129311424,3.91793,19.60662,9.075325,33.402435,-22.527288,-15.000033,5.246688,-5.264657,-10.611674,30.730185,-21.733553,9.130243,-1.3732835,-5.070274,22.090857,-0.42222568,20.701502,-27.878176,62.961662,1.3463302,11.23611,11.457197,0.20008117,-16.953674,38.798084,67.1799,14.720578,-1.9422452,-3.2356195
1066,-2.3234424591064453,16.38578224182129,75.5208740234375,-3.580881264017931,-11.418557987564565,-85.61262521203719,4.048733,19.697163,9.154311,33.10357,-22.373419,-15.000033,5.280484,-5.1129994,-10.564859,30.510101,-21.64673,9.047495,-1.6656063,-5.0843067,21.977459,0.84633636,20.82376,-27.518103,62.74844,1.2788602,11.519915,11.358699,0.89061046,-17.381716,39.2097,67.01509,14.759896,-2.3720508,-3.6411567
1067,-2.442042112350464,16.365215301513672,75.55919647216797,-3.5676862407546803,-11.363103260793803,-85.69660328208415,4.1705146,19.768385,9.228153,32.77862,-22.205389,-15.000033,5.3117137,-4.9755373,-10.527822,30.2703,-21.55738,8.9665365,-1.9633229,-5.092451,21.839428,2.0684323,20.89716,-27.203257,62.52596,1.3083223,11.822137,11.107531,1.5627543,-17.798698,39.609272,66.8649,14.834557,-2.7868721,-4.0645757
1068,-2.5547702312469482,16.345727920532227,75.59828186035156,-3.5588730836043125,-11.295709578518535,-85.78397197723648,4.2882915,19.841745,9.308451,32.434013,-22.02336,-15.000033,5.3407626,-4.8294168,-10.488876,30.002,-21.452818,8.875066,-2.2514372,-5.0726647,21.679136,3.2247248,20.93191,-27.000664,62.297497,1.3997234,12.060669,10.721753,2.2166731,-18.201372,39.966526,66.72187,14.939399,-3.1359067,-4.4765687
1069,-2.6670305728912354,16.327739715576172,75.63892364501953,-3.5573792359320704,-11.216592943432897,-85.87420049196525,4.4035425,19.921133,9.391962,32.06673,-21.82622,-15.000033,5.370144,-4.669583,-10.449591,29.701782,-21.333757,8.768296,-2.5289555,-5.0224333,21.495844,4.3215575,20.935593,-26.920456,62.055325,1.5225198,12.243503,10.17608,2.8535442,-18.586483,40.280846,66.58267,15.08097,-3.3934555,-4.8914943
1070,-2.7684919834136963,16.304553985595703,75.6877670288086,-3.556858435651269,-11.124504722049911,-85.96079354817255,4.5129766,19.99589,9.474056,31.67613,-21.614878,-15.000033,5.3988056,-4.507514,-10.415023,29.37473,-21.206102,8.653348,-2.800683,-4.953716,21.290207,5.369574,20.911413,-26.932411,61.792793,1.7018559,12.403391,9.469696,3.4735384,-18.952627,40.563232,66.452324,15.258275,-3.5918756,-5.317394
1071,-2.884383201599121,16.280729293823242,75.73916625976562,-3.5563684768002193,-11.01985789912694,-86.04958363533282,4.617062,20.067017,9.565209,31.268253,-21.390736,-15.000033,5.421492,-4.3456297,-10.377714,29.026411,-21.064476,8.536531,-3.0603554,-4.866468,21.06771,6.358361,20.864458,-27.042536,61.513214,1.9841664,12.492964,8.658257,4.077175,-19.299662,40.80339,66.33294,15.459101,-3.766403,-5.7155914
1072,-2.993288993835449,16.27250862121582,75.79022216796875,-3.5560926536960324,-10.903216345254874,-86.14621144158325,4.7149253,20.135244,9.675577,30.852076,-21.1567,-15.000033,5.4317627,-4.1861987,-10.330176,28.664537,-20.90455,8.424102,-3.2992156,-4.759777,20.833967,7.274543,20.800964,-27.261755,61.220486,2.411102,12.465393,7.798265,4.6683455,-19.628405,40.98635,66.223465,15.669058,-3.9516582,-6.046877
1073,-3.0858821868896484,16.264156341552734,75.84644317626953,-3.5598580285803174,-10.772579323647301,-86.2540889282305,4.8045454,20.210697,9.809463,30.429092,-20.911646,-15.000033,5.429348,-4.0195155,-10.270148,28.278938,-20.71763,8.3153,-3.5170643,-4.62627,20.587166,8.110647,20.729717,-27.657303,60.91775,3.004808,12.27271,6.858283,5.2507243,-19.939442,41.10475,66.1166,15.907047,-4.1676116,-6.293781
1074,-3.1742024421691895,16.254165649414062,75.90428924560547,-3.5675483102517545,-10.628456224564731,-86.36980308594755,4.8860116,20.29047,9.960282,29.997257,-20.655958,-15.000033,5.416825,-3.8473873,-10.20221,27.870861,-20.509405,8.207885,-3.7136624,-4.469596,20.327662,8.876488,20.654783,-28.207193,60.59943,3.7302337,11.94283,5.8274,5.826138,-20.232231,41.16321,66.012924,16.17285,-4.3944254,-6.4779725
1075,-3.266335964202881,16.24037742614746,75.9649887084961,-3.5668272865323214,-10.474941119366171,-86.48809030838854,4.966545,20.355211,10.123506,29.550495,-20.390162,-15.000033,5.396311,-3.6892483,-10.128671,27.455528,-20.292358,8.105953,-3.8850303,-4.306699,20.062855,9.59346,20.57228,-28.779058,60.24473,4.550948,11.548416,4.7919106,6.3962355,-20.50638,41.16852,65.91175,16.423384,-4.597621,-6.6221704
1076,-3.3465404510498047,16.223600387573242,76.0309829711914,-3.546364625467911,-10.316089430614674,-86.60384801935116,5.051767,20.385456,10.294237,29.084597,-20.115887,-15.000033,5.369853,-3.5644844,-10.051099,27.047745,-20.079073,8.013374,-4.0323524,-4.1545687,19.800425,10.282146,20.472506,-29.234953,59.838623,5.4359746,11.161117,3.8360248,6.9573503,-20.761017,41.13617,65.816795,16.620018,-4.7444887,-6.7493725
1077,-3.4164741039276123,16.198589324951172,76.09830474853516,-3.5008080401497574,-10.149339147773315,-86.72209177760637,5.1445627,20.373652,10.480796,28.594753,-19.830229,-15.000033,5.3316584,-3.4814014,-9.963142,26.653389,-19.872213,7.930195,-4.1544867,-4.0194407,19.535467,10.954807,20.345673,-29.534372,59.36786,6.479575,10.772535,2.9550238,7.509568,-20.994812,41.067024,65.7314,16.749363,-4.8238077,-6.8697243
1078,-3.480290651321411,16.186580657958984,76.16703033447266,-3.4369575059409976,-9.97369431337647,-86.84348721283224,5.241333,20.33144,10.682484,28.084137,-19.53343,-15.000033,5.282668,-3.428204,-9.86593,26.263891,-19.665218,7.8547897,-4.2582173,-3.8922381,19.264818,11.597852,20.19004,-29.745386,58.849598,7.6664987,10.34883,2.1173997,8.047116,-21.2076,40.964752,65.66032,16.837254,-4.853769,-6.9705005
1079,-3.52553653717041,16.177003860473633,76.23567199707031,-3.3632503616220655,-9.795479373964149,-86.95570770680932,5.337629,20.267387,10.88073,27.5618,-19.231968,-15.000033,5.234499,-3.3954365,-9.773219,25.873575,-19.457258,7.7881465,-4.3557143,-3.766292,18.999496,12.194532,20.00766,-29.89461,58.308674,8.80618,9.932209,1.3607147,8.562429,-21.399147,40.839836,65.60303,16.896381,-4.84511,-7.039988
1080,-3.5671451091766357,16.165287017822266,76.30204772949219,-3.2909660847818154,-9.621066057742668,-87.04675074931782,5.4308968,20.189991,11.057674,27.033613,-18.929373,-15.000033,5.2003717,-3.3737838,-9.699201,25.473497,-19.245152,7.7314715,-4.460655,-3.6364498,18.751028,12.731084,19.803469,-30.006296,57.766766,9.7096615,9.571806,0.7177447,9.044069,-21.569958,40.707397,65.56169,16.941748,-4.808949,-7.066672
1081,-3.609581708908081,16.156265258789062,76.37112426757812,-3.217416112520597,-9.451987410305934,-87.11442467624019,5.52523,20.09381,11.212057,26.49159,-18.62425,-15.000033,5.1790566,-3.3684053,-9.645193,25.070835,-19.031334,7.6874423,-4.5737643,-3.5057151,18.524765,13.206923,19.578527,-30.07521,57.214207,10.311438,9.290503,0.19639409,9.493006,-21.719694,40.54954,65.53554,16.96638,-4.7339897,-7.036533
1082,-3.646144390106201,16.152196884155273,76.43972778320312,-3.135660664715545,-9.284936890302225,-87.16492064169621,5.6204348,19.977465,11.352111,25.93556,-18.314108,-15.000033,5.167931,-3.3814762,-9.604387,24.660963,-18.815538,7.654783,-4.6874547,-3.3758495,18.314405,13.628295,19.331915,-30.093763,56.64229,10.720172,9.067662,-0.22589967,9.914286,-21.848291,40.36429,65.523125,16.965666,-4.6191106,-6.95947
1083,-3.6700551509857178,16.14063262939453,76.50634002685547,-3.0594421668266976,-9.119288704568955,-87.19844602921565,5.7096972,19.854254,11.474747,25.378496,-18.007061,-15.000033,5.1668563,-3.4008944,-9.578283,24.2417,-18.595842,7.62813,-4.8040557,-3.2402878,18.115086,13.995458,19.066875,-30.079432,56.06989,11.010009,8.889688,-0.56498444,10.303592,-21.956652,40.19074,65.52358,16.956951,-4.4905343,-6.859253
1084,-3.683072328567505,16.12725067138672,76.57127380371094,-2.9965441429538116,-8.954551016514516,-87.21555936076035,5.7857037,19.738184,11.576771,24.834946,-17.711634,-15.000033,5.176201,-3.4142451,-9.568497,23.809816,-18.371595,7.602409,-4.926087,-3.093328,17.92209,14.310888,18.789324,-30.047516,55.512882,11.255543,8.741405,-0.83606887,10.655508,-22.046375,40.06833,65.53623,16.957777,-4.374603,-6.759679
1085,-3.699279308319092,16.123065948486328,76.63426971435547,-2.9476749234964323,-8.787490271689112,-87.2140641213204,5.845052,19.630943,11.655212,24.302158,-17.42712,-15.000033,5.195344,-3.4193082,-9.578872,23.36016,-18.13999,7.577822,-5.055818,-2.9337523,17.734516,14.579845,18.501453,-29.997585,54.955677,11.3871355,8.632978,-1.0168059,10.968195,-22.11961,40.01348,65.56152,16.985304,-4.278207,-6.6704164
1086,-3.706826686859131,16.118247985839844,76.69642639160156,-2.909409505580579,-8.619400860742793,-87.1944636389952,5.8909707,19.526764,11.71192,23.77769,-17.151756,-15.000033,5.2233133,-3.421926,-9.607489,22.897724,-17.903265,7.5567236,-5.1923547,-2.7651129,17.555922,14.803145,18.203043,-29.920595,54.39041,11.395947,8.56975,-1.1100152,11.245138,-22.176296,40.004887,65.595825,17.026697,-4.187015,-6.5775886
1087,-3.708308458328247,16.111793518066406,76.75285339355469,-2.879356057070083,-8.456509413869062,-87.16185424343507,5.9318914,19.425636,11.753197,23.263582,-16.885298,-15.000033,5.264648,-3.4216964,-9.647666,22.424868,-17.663193,7.5375214,-5.3314414,-2.5911133,17.38718,14.976201,17.898325,-29.819895,53.844856,11.446599,8.528122,-1.1668385,11.486074,-22.216515,40.023678,65.64062,17.052921,-4.096324,-6.469881
1088,-3.710153341293335,16.10762596130371,76.80921936035156,-2.8544026789299384,-8.304813086342406,-87.12139556436426,5.9744253,19.328377,11.784589,22.765394,-16.629517,-15.000033,5.3234234,-3.418458,-9.692697,21.945293,-17.422146,7.518729,-5.4687314,-2.4154773,17.22993,15.095544,17.594358,-29.700281,53.344,11.701769,8.483358,-1.2384312,11.692156,-22.239208,40.048733,65.69689,17.033333,-4.003023,-6.3350873
1089,-3.711864709854126,16.104053497314453,76.86338806152344,-2.835270805694436,-8.166033194641729,-87.07393022013898,6.0227504,19.235424,11.808824,22.279917,-16.383846,-15.000033,5.4006615,-3.4104471,-9.740735,21.45968,-17.180117,7.4974837,-5.599804,-2.2377484,17.088783,15.173783,17.293919,-29.53137,52.845345,12.103533,8.367653,-1.3470422,11.864877,-22.242981,40.076138,65.76193,16.948557,-3.8992336,-6.161986
1090,-3.7064340114593506,16.104286193847656,76.91297149658203,-2.8220883029752835,-8.036968145845002,-87.01712590230602,6.071945,19.146767,11.822123,21.806974,-16.148382,-15.000033,5.49379,-3.3982015,-9.795502,20.967157,-16.936415,7.4756517,-5.7275896,-2.0578103,16.962175,15.211373,16.997974,-29.320362,52.345978,12.5979805,8.214012,-1.462376,12.002972,-22.227184,40.116535,65.837006,16.818254,-3.7906225,-5.958981
1091,-3.6946654319763184,16.103824615478516,76.9589614868164,-2.8151351821704003,-7.915906459848424,-86.95070367168881,6.118442,19.06062,11.821921,21.350517,-15.922695,-15.000033,5.602248,-3.3843238,-9.858443,20.466272,-16.691896,7.4582863,-5.856323,-1.8802524,16.84191,15.186716,16.712576,-29.130339,51.930077,13.35435,8.148757,-1.5578309,12.106954,-22.19293,40.16941,65.91791,16.67073,-3.6858795,-5.7464366
1092,-3.6796092987060547,16.102745056152344,77.00594329833984,-2.809582927307197,-7.801316072798188,-86.87497616244444,6.1569815,18.975504,11.8049555,20.917889,-15.707871,-15.000033,5.724646,-3.3720527,-9.930935,19.95849,-16.448994,7.450491,-5.9875383,-1.7086424,16.720785,15.078903,16.446825,-29.027168,51.678707,14.5423975,8.298913,-1.6106905,12.1823225,-22.141413,40.230328,65.99386,16.533709,-3.5928795,-5.544741
1093,-3.6599960327148438,16.098894119262695,77.04955291748047,-2.806075198903975,-7.690376404058204,-86.78779578619378,6.1844645,18.88802,11.768451,20.50734,-15.502663,-15.000033,5.85778,-3.3635836,-10.014371,19.445337,-16.209953,7.4567995,-6.116589,-1.5461458,16.594864,14.876836,16.204994,-29.028599,51.607006,16.31579,8.774361,-1.6004262,12.23438,-22.073072,40.300823,66.06238,16.40203,-3.5114112,-5.3527427
1094,-3.6445980072021484,16.098703384399414,77.08905029296875,-2.8024466008957014,-7.584943195332992,-86.69003545149802,6.203709,18.799568,11.714732,20.117361,-15.307544,-15.000033,6.0035334,-3.356668,-10.107824,18.92522,-15.972769,7.473525,-6.240485,-1.3899039,16.469322,14.597504,15.987633,-29.103205,51.66765,18.549171,9.484778,-1.5662632,12.264192,-21.987005,40.377766,66.12325,16.264423,-3.4376674,-5.161522
1095,-3.6259233951568604,16.10042953491211,77.1266098022461,-2.804268794121825,-7.489450855960232,-86.58524038484119,6.221856,18.714737,11.649727,19.748402,-15.12283,-15.000033,6.1670027,-3.347941,-10.2083,18.396242,-15.733732,7.4935675,-6.3623123,-1.236601,16.349222,14.263157,15.80009,-29.242405,51.847603,20.995531,10.25491,-1.571851,12.267217,-21.884703,40.44886,66.17606,16.13866,-3.3747513,-4.9799685
1096,-3.602039337158203,16.10259437561035,77.16068267822266,-2.8123567692514677,-7.408474324179912,-86.47755756387434,6.244204,18.638548,11.579262,19.405214,-14.950232,-15.000033,6.352884,-3.3337605,-10.31289,17.856539,-15.489376,7.5096474,-6.484218,-1.0825655,16.241446,13.896902,15.650792,-29.438202,52.12948,23.407433,10.905723,-1.6623832,12.242245,-21.7684,40.500084,66.213715,16.04269,-3.3250148,-4.8167124
1097,-3.573051929473877,16.101932525634766,77.19488525390625,-2.829880236210399,-7.3426784607400295,-86.36360400520425,6.269468,18.573906,11.498943,19.087917,-14.791963,-15.000033,6.5640593,-3.3115263,-10.425234,17.303478,-15.238787,7.5180254,-6.61135,-0.9248186,16.14759,13.495835,15.548462,-29.712587,52.537907,25.973444,11.424098,-1.8957274,12.189425,-21.639982,40.528797,66.2307,15.987102,-3.2881873,-4.6733375
1098,-3.5456531047821045,16.101512908935547,77.22708892822266,-2.854603420526657,-7.289638093708693,-86.24275839334858,6.2924767,18.517656,11.407074,18.801138,-14.647683,-15.000033,6.797215,-3.2836075,-10.545154,16.73885,-14.983664,7.5229883,-6.7385926,-0.7675304,16.065706,13.057164,15.496166,-30.062937,53.060497,28.744009,11.883738,-2.2339203,12.1135025,-21.499924,40.53858,66.22505,15.959873,-3.2627316,-4.545072
1099,-3.5091545581817627,16.102624893188477,77.25474548339844,-2.880989617240003,-7.249826084771636,-86.12264587363202,6.3253984,18.462858,11.316625,18.52924,-14.510303,-15.000033,7.0479617,-3.2557127,-10.664514,16.169912,-14.725909,7.529244,-6.8550987,-0.6185964,15.998213,12.600418,15.491722,-30.444252,53.626904,31.256058,12.244436,-2.5525618,12.01742,-21.34792,40.52819,66.19599,15.946092,-3.249127,-4.431263
1100,-3.476189374923706,16.100709915161133,77.28208923339844,-2.9014593547281513,-7.22431649049419,-86.01100154413531,6.386232,18.401583,11.242557,18.2446,-14.371682,-15.000033,7.317124,-3.2326572,-10.77522,15.592363,-14.464798,7.5416417,-6.9515862,-0.4865199,15.947776,12.142094,15.5291,-30.81019,54.17126,33.041965,12.480258,-2.7169845,11.900306,-21.18472,40.498577,66.14819,15.931414,-3.2486622,-4.33155
1101,-3.4384920597076416,16.09918975830078,77.30982208251953,-2.918753969903174,-7.213907367790705,-85.90402109535346,6.4674315,18.335428,11.178738,17.962187,-14.23331,-15.000033,7.607489,-3.214382,-10.880703,15.005025,-14.196689,7.561462,-7.032099,-0.36953667,15.91453,11.662414,15.605536,-31.196081,54.72989,33.978546,12.5717125,-2.6586177,11.760784,-21.010277,40.459938,66.08438,15.937583,-3.2717245,-4.2413855
1102,-3.3957056999206543,16.097854614257812,77.33709716796875,-2.934885540586404,-7.217966403815709,-85.79953986326362,6.565683,18.266777,11.121461,17.68442,-14.097697,-15.000033,7.9197125,-3.1985703,-10.983441,14.406144,-13.922023,7.5860243,-7.100405,-0.26428112,15.897593,11.155976,15.719559,-31.61105,55.324024,34.312428,12.546117,-2.4464047,11.598309,-20.824701,40.40848,66.00313,15.963664,-3.3145506,-4.162712
1103,-3.346933126449585,16.099102020263672,77.36479187011719,-2.9467099809577526,-7.234815874413527,-85.70757880423058,6.6883287,18.193499,11.083,17.400986,-13.963373,-15.000033,8.238624,-3.1887174,-11.073266,13.81808,-13.651918,7.613871,-7.150137,-0.17511725,15.897468,10.661084,15.864997,-31.966295,55.866898,34.13064,12.45121,-2.1517282,11.414279,-20.629684,40.327633,65.89708,15.961793,-3.354691,-4.105134
1104,-3.29541015625,16.09650421142578,77.39144897460938,-2.9504752014641413,-7.262831700937808,-85.63837750620966,6.841154,18.114382,11.075427,17.10527,-13.830584,-15.000033,8.547859,-3.1882775,-11.139866,13.266089,-13.398554,7.643568,-7.178608,-0.10538398,15.914343,10.2185755,16.033655,-32.167572,56.27246,33.52265,12.332577,-1.8473567,11.207246,-20.42777,40.203663,65.76568,15.884308,-3.3742833,-4.0765777
1105,-3.248103380203247,16.101524353027344,77.41309356689453,-2.9472029620864753,-7.302558406181378,-85.59524196437955,7.026994,18.02987,11.104005,16.794834,-13.699757,-15.000033,8.846945,-3.1964648,-11.179746,12.749416,-13.16179,7.6726594,-7.188157,-0.05428663,15.950284,9.835652,16.22231,-32.181908,56.528,32.372932,12.178405,-1.526875,10.972769,-20.22194,40.03336,65.603516,15.699269,-3.360193,-4.0823755
1106,-3.1956820487976074,16.100393295288086,77.43375396728516,-2.93750103739553,-7.354873007093942,-85.57260498775247,7.2420516,17.940676,11.161444,16.47398,-13.570828,-15.000033,9.147346,-3.2115042,-11.198694,12.24888,-12.9344425,7.702592,-7.1832232,-0.019277347,16.003626,9.492692,16.431786,-32.057163,56.68044,30.684996,11.96312,-1.1647183,10.711943,-20.014297,39.827347,65.413345,15.439139,-3.3251894,-4.1166334
1107,-3.1324357986450195,16.094385147094727,77.45516967773438,-2.922510563975127,-7.417925352501688,-85.56683720381605,7.485102,17.844418,11.241586,16.139418,-13.440047,-15.000033,9.4397335,-3.2369483,-11.20088,11.784973,-12.722424,7.7373276,-7.16316,-0.00074993423,16.068634,9.188594,16.659418,-31.824335,56.73612,28.723396,11.716396,-0.80314016,10.433853,-19.805956,39.59442,65.19769,15.155714,-3.2840595,-4.172481
1108,-3.072141408920288,16.089677810668945,77.47406005859375,-2.8988022726381906,-7.490299657053162,-85.57413562421969,7.750894,17.739267,11.3371525,15.79648,-13.30823,-15.000033,9.719811,-3.2762327,-11.190518,11.367836,-12.531882,7.781114,-7.128227,0.00061761204,16.13941,8.921146,16.899652,-31.512062,56.702965,26.751425,11.47374,-0.480066,10.1465845,-19.597097,39.343918,64.96013,14.900388,-3.2517867,-4.243337
1109,-3.0104167461395264,16.0819149017334,77.4913101196289,-2.8646896626188347,-7.573528359884221,-85.59367328696403,8.045582,17.622007,11.448561,15.4349375,-13.169828,-15.000033,9.98913,-3.3318005,-11.169633,10.999209,-12.364678,7.8363104,-7.075151,-0.01748735,16.21779,8.69199,17.14811,-31.092075,56.576805,24.726667,11.241024,-0.2146823,9.851649,-19.38738,39.06858,64.70141,14.676399,-3.225181,-4.327329
1110,-2.949688196182251,16.080280303955078,77.50431060791016,-2.8232824975082567,-7.667723883336595,-85.62726944929304,8.367266,17.494892,11.578111,15.0602045,-13.026689,-15.000033,10.250078,-3.4015856,-11.135614,10.672601,-12.217537,7.900074,-7.005183,-0.052837912,16.304455,8.499533,17.403818,-30.560495,56.36179,22.545767,11.001335,0.014759932,9.544581,-19.177284,38.7672,64.421265,14.460631,-3.1985426,-4.4280624
1111,-2.8808581829071045,16.069185256958008,77.5186538696289,-2.777415811523864,-7.7697221058962835,-85.67583358027734,8.711255,17.361336,11.724616,14.674213,-12.883601,-15.000033,10.501172,-3.480406,-11.086272,10.382341,-12.085478,7.968447,-6.924452,-0.099133305,16.39316,8.334211,17.665459,-29.985752,56.08157,20.37683,10.759834,0.2384112,9.225617,-18.968851,38.454388,64.12192,14.260618,-3.1832325,-4.547304
1112,-2.8142011165618896,16.051984786987305,77.52989196777344,-2.7308500656262145,-7.876157309357148,-85.7403478685086,9.071993,17.225206,11.886931,14.281049,-12.745763,-15.000033,10.739646,-3.5632398,-11.019021,10.123218,-11.963577,8.037769,-6.837429,-0.1490864,16.477907,8.184355,17.930527,-29.438766,55.760136,18.387598,10.520996,0.48870102,8.897531,-18.764431,38.14311,63.80259,14.08449,-3.190699,-4.6868935
1113,-2.742748737335205,16.035228729248047,77.54215240478516,-2.682325428918695,-7.986838005617842,-85.82418685231741,9.454681,17.085613,12.069292,13.872959,-12.611378,-15.000033,10.965412,-3.649381,-10.929334,9.893178,-11.848922,8.107644,-6.7428646,-0.19949138,16.556643,8.050842,18.196566,-28.915615,55.39263,16.553713,10.275175,0.7569119,8.56502,-18.565868,37.82254,63.454872,13.943712,-3.2359705,-4.8555803
1114,-2.669555187225342,16.013242721557617,77.55237579345703,-2.6307395330655488,-8.103126098366362,-85.92582287308946,9.860623,16.9401,12.270902,13.449088,-12.477952,-15.000033,11.178575,-3.7415702,-10.819718,9.69662,-11.745375,8.180066,-6.6376977,-0.2532744,16.632524,7.935714,18.462126,-28.388575,54.973557,14.806803,10.023867,1.0334175,8.228199,-18.374151,37.487366,63.078884,13.829812,-3.308744,-5.049625
1115,-2.588940143585205,15.997174263000488,77.56070709228516,-2.5779787173565065,-8.224854386661068,-86.03889630108029,10.280223,16.791132,12.4833555,13.02079,-12.347853,-15.000033,11.38136,-3.8386972,-10.698689,9.529927,-11.653951,8.255026,-6.523845,-0.31164098,16.707342,7.826335,18.72635,-27.894049,54.529102,13.247983,9.785436,1.3527279,7.8817987,-18.190096,37.161327,62.687294,13.722286,-3.3820984,-5.251949
1116,-2.5122110843658447,15.987187385559082,77.56658935546875,-2.5253465259953076,-8.351327546998125,-86.15716751449854,10.703524,16.640944,12.698798,12.599438,-12.222986,-15.000033,11.573942,-3.9403372,-10.574416,9.3940115,-11.577797,8.332422,-6.4017196,-0.37627175,16.782549,7.708053,18.988235,-27.470427,54.086517,11.979132,9.578625,1.7511636,7.5204973,-18.01474,36.866207,62.293793,13.600078,-3.428527,-5.445755
1117,-2.4291253089904785,15.968368530273438,77.57380676269531,-2.4697955272585985,-8.48406520220291,-86.28230858876445,11.137499,16.48602,12.919835,12.176671,-12.101,-15.000033,11.753625,-4.050209,-10.44595,9.298483,-11.522947,8.413969,-6.2670503,-0.4490022,16.856833,7.5749483,19.246927,-27.136326,53.651203,11.0539665,9.410186,2.2679696,7.1427073,-17.847843,36.60194,61.901566,13.447749,-3.4284377,-5.6273456
1118,-2.3446640968322754,15.949175834655762,77.58013916015625,-2.411075079317103,-8.622876881782409,-86.41690463720425,11.584448,16.326284,13.149436,11.749648,-11.9812355,-15.000033,11.921734,-4.1668987,-10.309896,9.240093,-11.486522,8.498907,-6.1202245,-0.5280368,16.92978,7.4317045,19.501524,-26.870789,53.2122,10.407957,9.271046,2.8786876,6.7518454,-17.689844,36.35813,61.501663,13.279699,-3.3983731,-5.8059545
1119,-2.2618753910064697,15.934343338012695,77.58403778076172,-2.354124967897288,-8.764598034927824,-86.55506656522067,12.028481,16.168114,13.379584,11.336499,-11.868719,-15.000033,12.084707,-4.283704,-10.171169,9.196139,-11.455568,8.584105,-5.9699707,-0.6085676,17.004736,7.2802677,19.751,-26.650421,52.77051,9.9662695,9.156728,3.5242913,6.3496532,-17.540808,36.140285,61.097137,13.119414,-3.3743923,-5.981206
1120,-2.17934513092041,15.917280197143555,77.58680725097656,-2.304214175699533,-8.90648246961984,-86.69110069446349,12.454654,16.018312,13.602586,10.953517,-11.767268,-15.000033,12.249988,-4.393316,-10.034807,9.142824,-11.416577,8.666213,-5.825727,-0.6865486,17.08476,7.1226807,19.994259,-26.451729,52.328075,9.653338,9.0628605,4.1448226,5.9369345,-17.401985,35.954365,60.689915,12.988968,-3.3895903,-6.154046
1121,-2.092717170715332,15.90860652923584,77.58926391601562,-2.2624860063475993,-9.046750199974152,-86.82382546887183,12.854869,15.880713,13.816263,10.6108885,-11.681068,-15.000033,12.41534,-4.4933653,-9.901409,9.077975,-11.366738,8.743708,-5.691642,-0.75924426,17.171268,6.9598775,20.230167,-26.265444,51.872177,9.496621,8.996735,4.7364907,5.512961,-17.273687,35.806194,60.27792,12.913138,-3.4733434,-6.334355
1122,-2.0057127475738525,15.89940357208252,77.59193420410156,-2.2279530443478466,-9.187238213742672,-86.95595959755339,13.238712,15.751162,14.024887,10.29711,-11.606329,-15.000033,12.577923,-4.587596,-9.768748,9.013238,-11.313231,8.818549,-5.5640345,-0.8295003,17.262318,6.7906256,20.458277,-26.102835,51.40633,9.520316,8.962898,5.328431,5.0762215,-17.156256,35.69323,59.861706,12.87369,-3.6009097,-6.5186696
1123,-1.9195219278335571,15.891350746154785,77.59319305419922,-2.1965400666135486,-9.330352887420617,-87.08795518859462,13.614614,15.626355,14.229927,10.004702,-11.540362,-15.000033,12.744075,-4.678711,-9.636829,8.945672,-11.2575245,8.89276,-5.4399843,-0.8999191,17.35608,6.613413,20.67889,-25.973043,50.956535,9.643598,8.950098,5.9091682,4.6307273,-17.04951,35.608532,59.442226,12.829407,-3.7256656,-6.6870747
1124,-1.8291964530944824,15.87820053100586,77.5911636352539,-2.165182031668808,-9.478653181282965,-87.21998720532308,13.991283,15.502795,14.432975,9.724015,-11.478686,-15.000033,12.91987,-4.769305,-9.505947,8.872492,-11.201393,8.968431,-5.3162675,-0.9730428,17.451235,6.4276576,20.892603,-25.884903,50.54738,9.785992,8.945794,6.467013,4.1814656,-16.95238,35.544426,59.01883,12.739665,-3.8007658,-6.8194327
1125,-1.7384250164031982,15.875898361206055,77.59065246582031,-2.13362157012407,-9.635548405526398,-87.35120811330569,14.371253,15.376081,14.630604,9.454902,-11.420427,-14.981205,13.108493,-4.861228,-9.376804,8.796353,-11.146843,9.046796,-5.1930413,-1.0518104,17.550179,6.2298565,21.100464,-25.84987,50.184715,9.975154,8.952983,7.017912,3.726676,-16.864824,35.495895,58.587105,12.608724,-3.8168974,-6.8996897
1126,-1.6441857814788818,15.861383438110352,77.5901107788086,-2.099267981613382,-9.797598107573084,-87.47919069611008,14.75039,15.242125,14.819187,9.194412,-11.363714,-14.933347,13.301534,-4.9580564,-9.251238,8.726668,-11.097446,9.127827,-5.072874,-1.1370215,17.651823,6.02036,21.302216,-25.861681,49.85541,10.236848,8.977892,7.561775,3.266131,-16.786585,35.466988,58.14709,12.453556,-3.79786,-6.9418106
1127,-1.5557198524475098,15.85073184967041,77.58818054199219,-2.066766439461022,-9.959902626962654,-87.60696509581544,15.13118,15.107304,15.007617,8.930784,-11.306287,-14.883705,13.49738,-5.054394,-9.1271515,8.65385,-11.047968,9.208998,-4.9525714,-1.2233564,17.750881,5.803574,21.49703,-25.902544,49.55777,10.488078,9.010463,8.062649,2.8030398,-16.717182,35.463318,57.7125,12.250014,-3.7470164,-6.9714603
1128,-1.4684809446334839,15.831584930419922,77.58656311035156,-2.033527919267994,-10.115502710187334,-87.73393532653239,15.498645,14.972764,15.194067,8.68007,-11.254964,-14.831182,13.687091,-5.1513247,-9.005008,8.58027,-10.999416,9.289511,-4.8329206,-1.3088263,17.840261,5.5839767,21.683838,-25.954262,49.29012,10.645562,9.038866,8.484731,2.3400648,-16.655674,35.492405,57.29704,11.975669,-3.6675801,-7.014268
1129,-1.3809822797775269,15.814799308776855,77.5855484008789,-1.9975854514508977,-10.264026116575472,-87.86001497905815,15.858599,14.83534,15.381166,8.429318,-11.204612,-14.773608,13.867416,-5.251336,-8.886573,8.512336,-10.95548,9.368561,-4.7153544,-1.3949789,17.918968,5.360482,21.863186,-26.017921,49.051502,10.682821,9.064715,8.827333,1.8746221,-16.60127,35.562103,56.903446,11.600861,-3.5428255,-7.081454
1130,-1.2872300148010254,15.800979614257812,77.5828857421875,-1.9609646110395655,-10.408294003421958,-87.9850371094654,16.211384,14.696903,15.567491,8.183607,-11.156636,-14.712095,14.043549,-5.3527517,-8.771233,8.445455,-10.913496,9.4467535,-4.6002254,-1.4826285,17.990026,5.13242,22.03541,-26.099773,48.84248,10.645939,9.091205,9.106735,1.4045825,-16.553583,35.668713,56.527115,11.146415,-3.376764,-7.157194
1131,-1.1964949369430542,15.780301094055176,77.58097076416016,-1.9263198898830118,-10.547822465582628,-88.11026647113324,16.559402,14.5590105,15.753243,7.9370995,-11.109057,-14.65093,14.219146,-5.45175,-8.655209,8.369409,-10.867687,9.525471,-4.4859953,-1.5688916,18.053785,4.9054003,22.198317,-26.188671,48.663754,10.562735,9.107953,9.31235,0.9359973,-16.511417,35.799026,56.166615,10.662477,-3.20339,-7.226606
1132,-1.1044508218765259,15.761552810668945,77.5786361694336,-1.8959857283782535,-10.68206603331814,-88.23720003287204,16.915827,14.420041,15.941296,7.661952,-11.048261,-14.594383,14.397847,-5.5447216,-8.534941,8.274168,-10.812188,9.606085,-4.371405,-1.6494573,18.10949,4.6802244,22.343424,-26.274471,48.524166,10.461541,9.104456,9.434841,0.4734816,-16.475515,35.94061,55.8243,10.198957,-3.0570455,-7.2761064
1133,-1.0123082399368286,15.741793632507324,77.57395935058594,-1.8772539632408776,-10.804140129753232,-88.36058575926094,17.15626,14.322807,16.09766,7.6035624,-11.102823,-14.546396,14.580729,-5.6212716,-8.414423,8.140903,-10.73767,9.690337,-4.261802,-1.7185243,18.15083,4.4620647,22.474785,-26.348663,48.42054,10.331723,9.072234,9.446601,0.014234602,-16.443663,36.096607,55.50436,9.769839,-2.9568918,-7.304279
1134,-0.9226853251457214,15.721352577209473,77.56844329833984,-1.862782194451773,-10.91936112906144,-88.48461262756732,17.388805,14.228858,16.252748,7.5479674,-11.160973,-14.502507,14.762041,-5.6928806,-8.290496,7.994217,-10.654841,9.777519,-4.1524734,-1.7799739,18.180264,4.2352204,22.578997,-26.422113,48.370068,10.166847,9.018411,9.363665,-0.44217643,-16.419777,36.27113,55.20618,9.348264,-2.8812542,-7.318521
1135,-0.8261897563934326,15.700693130493164,77.56261444091797,-1.8489140281040801,-11.031801154156877,-88.61015387887599,17.614388,14.138078,16.40699,7.5026097,-11.225149,-14.460549,14.944756,-5.761897,-8.164036,7.8374743,-10.567728,9.863358,-4.045223,-1.8422906,18.206596,4.021999,22.680635,-26.497295,48.33641,9.9927,8.95903,9.231769,-0.8943732,-16.395866,36.45648,54.92344,8.922236,-2.8052454,-7.3177466
1136,-0.7305411100387573,15.677727699279785,77.55607604980469,-1.8355785085730112,-11.146170354113456,-88.73802652647865,17.844723,14.047457,16.563543,7.453743,-11.287113,-14.418388,15.130861,-5.830258,-8.035652,7.67759,-10.480649,9.943502,-3.9357815,-1.8964515,18.232212,3.7995658,22.755093,-26.593458,48.345947,9.843171,8.907805,9.105131,-1.3318064,-16.378702,36.63534,54.649204,8.477343,-2.7027378,-7.300074
1137,-0.6376063227653503,15.65565299987793,77.54869079589844,-1.82257170612772,-11.261968372301185,-88.86816760060726,18.074718,13.957923,16.72201,7.412423,-11.351307,-14.37516,15.318744,-5.8988986,-7.9050274,7.5169206,-10.395526,10.015371,-3.8253176,-1.9486467,18.25803,3.5814142,22.82106,-26.712097,48.379803,9.7116785,8.865287,8.98062,-1.7572443,-16.363192,36.809658,54.381844,7.9912434,-2.5659008,-7.256374
1138,-0.5425756573677063,15.634003639221191,77.54339599609375,-1.8088010807817316,-11.377807251872563,-89.00052598265637,18.307098,13.869063,16.882673,7.367794,-11.412617,-14.332066,15.511671,-5.9659333,-7.772124,7.344859,-10.306136,10.081866,-3.7116146,-1.9891381,18.28626,3.3466697,22.850266,-26.839605,48.464657,9.602999,8.823227,8.8360405,-2.1702302,-16.359072,36.965405,54.119606,7.4645014,-2.4078822,-7.184584
1139,-0.44565698504447937,15.60843276977539,77.53715515136719,-1.7971954332217428,-11.495154209877077,-89.13452368807985,18.543612,13.780546,17.044075,7.3203716,-11.474558,-14.290064,15.71668,-6.0303993,-7.6388617,7.150087,-10.205587,10.146702,-3.598018,-2.0348792,18.306355,3.1308029,22.890057,-26.997452,48.559692,9.489587,8.790807,8.694029,-2.5701573,-16.350397,37.148365,53.87557,6.9727073,-2.2404444,-7.11665
1140,-0.3533235192298889,15.584081649780273,77.52836608886719,-1.7814177497450903,-11.614364055362891,-89.27415543780344,18.783907,13.685983,17.207762,7.270005,-11.539765,-14.249489,15.830839,-6.1123233,-7.4921937,7.150096,-10.207631,10.214809,-3.4809248,-2.083119,18.340406,2.927677,22.913202,-27.133963,48.65898,9.43285,8.769811,8.560957,-2.9577103,-16.344625,37.30716,53.6385,6.5176606,-2.068944,-7.054651
1141,-0.2599599063396454,15.55936336517334,77.51947021484375,-1.763867874559789,-11.738058398571287,-89.42237334899036,19.033978,13.589802,17.377665,7.213916,-11.608647,-14.211071,15.925402,-6.1964593,-7.336029,7.1970143,-10.233926,10.285419,-3.361272,-2.1343248,18.375599,2.743366,22.935051,-27.283278,48.76856,9.411587,8.765766,8.447143,-3.3376505,-16.332624,37.48916,53.430347,6.146481,-1.9111475,-7.041813
1142,-0.1688619703054428,15.535238265991211,77.50884246826172,-1.7480769176914723,-11.865987772518256,-89.576311472471,19.29138,13.493801,17.55172,7.1558123,-11.681717,-14.174553,16.025234,-6.278156,-7.1749325,7.237848,-10.256855,10.356726,-3.2397923,-2.1835814,18.423855,2.572278,22.944008,-27.420824,48.887497,9.443654,8.772917,8.336716,-3.710211,-16.320845,37.66272,53.236668,5.8115706,-1.7557757,-7.0501337
1143,-0.0740443766117096,15.514362335205078,77.4971923828125,-1.7332104340095698,-11.994118615508858,-89.72515328217717,19.548609,13.398358,17.718,7.094637,-11.754653,-14.139922,16.127398,-6.358761,-7.0194592,7.278136,-10.280274,10.429944,-3.1273694,-2.2348833,18.469492,2.4165523,22.94242,-27.557837,49.017067,9.487885,8.788027,8.240072,-4.0715933,-16.30452,37.834644,53.06103,5.509798,-1.5765525,-7.0332727
1144,0.018771329894661903,15.489620208740234,77.48534393310547,-1.720230756130803,-12.119467613772247,-89.85816635626256,19.796505,13.305218,17.864185,7.036442,-11.827646,-14.106907,16.234646,-6.4378176,-6.881086,7.312243,-10.302064,10.506036,-3.030948,-2.2901983,18.50896,2.2775729,22.92893,-27.687258,49.149776,9.524423,8.8070135,8.161166,-4.414901,-16.281973,37.985226,52.894905,5.2187057,-1.346186,-6.936737
1145,0.10429747402667999,15.464502334594727,77.47188568115234,-1.7088610270209512,-12.240741168307707,-89.9656322427835,20.029024,13.2137375,17.978455,6.9820433,-11.8989935,-14.071867,16.350647,-6.5173945,-6.7700143,7.3368435,-10.321516,10.588695,-2.9560707,-2.3530087,18.541721,2.1548212,22.90501,-27.810215,49.283493,9.556067,8.836278,8.108118,-4.7399073,-16.254524,38.10548,52.728683,4.930923,-1.0333364,-6.731062
1146,0.19187012314796448,15.436922073364258,77.4583969116211,-1.6966862548370294,-12.359679718766502,-90.0562976472239,20.252205,13.12113,18.070478,6.9301467,-11.970503,-14.035933,16.472168,-6.5994725,-6.6771927,7.3572035,-10.34062,10.676137,-2.8942456,-2.4228566,18.566656,2.0389774,22.865368,-27.935686,49.435013,9.5897665,8.875088,8.077457,-5.0526576,-16.216557,38.20468,52.579807,4.6568766,-0.6625732,-6.4501014
1147,0.280434250831604,15.411700248718262,77.44398498535156,-1.6870242068482681,-12.478166793765409,-90.14462220707344,20.47412,13.033359,18.159708,6.879632,-12.043297,-14.006799,16.595821,-6.6771407,-6.5867367,7.3743243,-10.3584175,10.761662,-2.8357997,-2.4890513,18.582653,1.9256718,22.798492,-28.060764,49.615463,9.616095,8.909462,8.056029,-5.355824,-16.15714,38.287834,52.47462,4.3959823,-0.2882887,-6.134015
1148,0.3656863272190094,15.379552841186523,77.4275894165039,-1.6839062583785331,-12.597883709653127,-90.24499381723801,20.68192,12.963844,18.260271,6.8750997,-12.142958,-13.9922905,16.716316,-6.7427735,-6.4829025,7.393143,-10.375708,10.838346,-2.7739844,-2.548607,18.608587,1.8549899,22.748129,-28.16407,49.75531,9.61848,8.926708,8.019326,-5.6236305,-16.113852,38.363796,52.364468,4.159253,0.0383466,-5.8180456
1149,0.4423976540565491,15.353202819824219,77.41112518310547,-1.6921399624270876,-12.717465370464966,-90.36410844138639,20.89897,12.912038,18.386093,6.869561,-12.2477045,-14.001429,16.831476,-6.789939,-6.3585415,7.411186,-10.39047,10.901862,-2.706111,-2.5875447,18.616316,1.7814739,22.655447,-28.266382,49.94544,9.590117,8.917225,7.972833,-5.892179,-16.032236,38.43528,52.347427,3.9367607,0.29600212,-5.4911156
1150,0.5275448560714722,15.322269439697266,77.39359283447266,-1.707969910437027,-12.836503003802104,-90.49304356107454,21.120983,12.873473,18.525534,6.8631606,-12.355766,-14.027633,16.94411,-6.823355,-6.2233996,7.427666,-10.403353,10.956523,-2.6382937,-2.6202292,18.630974,1.7543,22.580711,-28.345926,50.09317,9.5377655,8.891752,7.9127727,-6.1283183,-15.963746,38.494675,52.328003,3.7331614,0.518366,-5.1350436
1151,0.6067355275154114,15.287213325500488,77.3770523071289,-1.7239544967646843,-12.958491620970602,-90.62337159562627,21.347347,12.8360405,18.667788,6.856392,-12.461985,-14.054919,17.059633,-6.854856,-6.086452,7.4440966,-10.416385,11.008732,-2.5707033,-2.651457,18.64288,1.7331766,22.487106,-28.422886,50.26025,9.4755,8.859915,7.8570933,-6.3538494,-15.874888,38.554066,52.351673,3.5581725,0.7196616,-4.8063474
1152,0.682586133480072,15.252910614013672,77.36028289794922,-1.734190535691007,-13.086675949593424,-90.74642655325793,21.576033,12.789251,18.801441,6.8510804,-12.561352,-14.0678215,17.182571,-6.8958273,-5.9567733,7.464371,-10.432948,11.064765,-2.5011625,-2.6931076,18.668867,1.7294477,22.401136,-28.496908,50.410133,9.413764,8.833269,7.8107066,-6.5468273,-15.79246,38.61732,52.361855,3.4287946,0.91923904,-4.5540414
1153,0.7636815905570984,15.220279693603516,77.34436798095703,-1.7335358306434847,-13.225301811033225,-90.85651209169745,21.810656,12.726891,18.919489,6.8440695,-12.650069,-14.061345,17.319767,-6.9518533,-5.8400106,7.4879622,-10.454166,11.127141,-2.4334314,-2.747373,18.703995,1.716173,22.291348,-28.577179,50.58911,9.353147,8.81163,7.787801,-6.7298894,-15.687128,38.691437,52.39898,3.3614218,1.1335987,-4.410873
1154,0.840589702129364,15.190799713134766,77.32828521728516,-1.72612188402476,-13.371615415439136,-90.959519187254,22.049421,12.656009,19.028828,6.8385696,-12.733143,-14.044143,17.465286,-7.0170126,-5.7300816,7.516942,-10.480031,11.192295,-2.3652124,-2.8111532,18.750599,1.7128689,22.176353,-28.655344,50.767815,9.287864,8.790531,7.7775674,-6.8912325,-15.577543,38.769352,52.442665,3.346031,1.3509231,-4.342381
1155,0.9133184552192688,15.15683650970459,77.31249237060547,-1.718007202824852,-13.517990861420746,-91.0644751695728,22.2891,12.5844755,19.140963,6.8327694,-12.812622,-14.020988,17.61107,-7.082065,-5.619399,7.545139,-10.505258,11.257134,-2.294463,-2.8738132,18.796207,1.7218095,22.055487,-28.730883,50.9491,9.225895,8.771858,7.7670875,-7.026672,-15.463199,38.848103,52.50344,3.3488076,1.5408362,-4.30761
1156,0.9866179823875427,15.12748908996582,77.2978515625,-1.7118464205697754,-13.656887133570214,-91.18019959747394,22.525347,12.518842,19.267231,6.827498,-12.891861,-13.996166,17.745134,-7.140211,-5.499168,7.5736694,-10.527802,11.318793,-2.2149386,-2.9297607,18.838861,1.7648318,21.956224,-28.798603,51.096027,9.173033,8.758557,7.738464,-7.114681,-15.371402,38.922806,52.550583,3.3419771,1.6746022,-4.262539
1157,1.0519417524337769,15.089149475097656,77.2812271118164,-1.709113626188604,-13.784915701221728,-91.315172215045,22.757797,12.460975,19.41635,6.8216376,-12.97073,-13.966305,17.861687,-7.188866,-5.361769,7.6020985,-10.54555,11.375967,-2.1301033,-2.967565,18.847876,1.8049833,21.815765,-28.860245,51.29323,9.149266,8.75163,7.6880407,-7.1970077,-15.244201,39.007412,52.685646,3.3046033,1.728493,-4.2067695
1158,1.1200438737869263,15.05611801147461,77.26556396484375,-1.707205415202947,-13.906794777441958,-91.4622369535192,22.988667,12.406868,19.58035,6.8155713,-13.048092,-13.930585,17.967157,-7.2324595,-5.213471,7.631732,-10.560925,11.4304085,-2.0379653,-2.9970698,18.84644,1.8648981,21.672853,-28.913677,51.48638,9.141228,8.750452,7.6194444,-7.248305,-15.117061,39.094517,52.84149,3.2598574,1.7250582,-4.156659
1159,1.188088059425354,15.022058486938477,77.25096893310547,-1.7055647232550233,-14.026890291822722,-91.60901317699603,23.217882,12.355687,19.746256,6.80964,-13.124204,-13.897274,18.071795,-7.2728996,-5.0669127,7.6595216,-10.575473,11.483941,-1.9472747,-3.0237482,18.841652,1.9362053,21.527052,-28.968832,51.684917,9.129965,8.7495775,7.558414,-7.2734895,-14.988368,39.179085,53.016636,3.2244713,1.6935593,-4.113177
1160,1.2545305490493774,14.986942291259766,77.23665618896484,-1.7044756440914886,-14.149834625623377,-91.74292757847685,23.445513,12.306099,19.900915,6.8030314,-13.197971,-13.874559,18.186684,-7.31238,-4.935082,7.6820927,-10.590885,11.538248,-1.8665105,-3.0535924,18.841301,2.010251,21.378695,-29.036085,51.898296,9.095715,8.743767,7.530669,-7.2763433,-14.855537,39.25252,53.2096,3.2118974,1.6633327,-4.0770907
1161,1.3156267404556274,14.954225540161133,77.22217559814453,-1.7060763974694921,-14.276283767150387,-91.86100171924548,23.671228,12.259492,20.043,6.794876,-13.26868,-13.868213,18.314394,-7.349966,-4.8217173,7.6972795,-10.6071005,11.594618,-1.7990848,-3.0869412,18.846592,2.0859966,21.22816,-29.120485,52.127487,9.025967,8.73416,7.5531898,-7.258076,-14.716226,39.30926,53.420834,3.2175736,1.6389431,-4.049271
1162,1.3725972175598145,14.920918464660645,77.20803833007812,-1.7079415854258613,-14.404154001773117,-91.96994281910598,23.894762,12.215943,20.178564,6.787067,-13.337457,-13.87244,18.44875,-7.385588,-4.719701,7.708538,-10.623558,11.65195,-1.7394787,-3.1218476,18.853216,2.1675162,21.07518,-29.216307,52.36891,8.933835,8.722858,7.608971,-7.218607,-14.570177,39.35455,53.655754,3.2360368,1.6055306,-4.029208
1163,1.426460862159729,14.882990837097168,77.19290924072266,-1.7095051919929403,-14.533494758665938,-92.0706748425517,24.117214,12.173447,20.3063,6.7786593,-13.404544,-13.878793,18.588926,-7.419517,-4.626443,7.716771,-10.640821,11.707936,-1.6833941,-3.1584532,18.860159,2.2522771,20.91961,-29.319162,52.625347,8.836099,8.705743,7.6726522,-7.1583166,-14.416584,39.397392,53.913902,3.2825985,1.5636141,-4.015542
1164,1.4802513122558594,14.844608306884766,77.17879486083984,-1.7100868092272918,-14.665098261506069,-92.16379998334708,24.338968,12.130281,20.424982,6.7707477,-13.470472,-13.879015,18.73336,-7.4546037,-4.5384884,7.726067,-10.660699,11.760473,-1.6263238,-3.1982431,18.866545,2.339813,20.761108,-29.42251,52.89896,8.752135,8.6791,7.7186913,-7.0825186,-14.2561455,39.45145,54.201244,3.3763225,1.5131353,-4.006952
1165,1.530714750289917,14.806299209594727,77.16392517089844,-1.7088685835821016,-14.802532112150105,-92.2477142984319,24.56379,12.084281,20.532225,6.763139,-13.53588,-13.869506,18.884813,-7.492576,-4.4566593,7.740057,-10.685438,11.810138,-1.5664219,-3.2424703,18.876085,2.4298987,20.599203,-29.525171,53.191273,8.686201,8.635174,7.7398334,-6.988188,-14.088294,39.521286,54.516384,3.5336924,1.4486516,-4.0153995
1166,1.5755627155303955,14.770478248596191,77.1485595703125,-1.7053594621749086,-14.944546611192866,-92.32280400781565,24.78986,12.037387,20.629377,6.755729,-13.600007,-13.855195,19.045036,-7.53227,-4.3822837,7.7519107,-10.711255,11.857865,-1.5072265,-3.290217,18.887852,2.5234456,20.433903,-29.62943,53.501587,8.62855,8.578124,7.749797,-6.876022,-13.912809,39.60145,54.860004,3.7412813,1.3717732,-4.037424
1167,1.6258984804153442,14.739094734191895,77.1323013305664,-1.7028099362608002,-15.083662421467443,-92.39229381701173,25.011292,11.993138,20.720438,6.7481484,-13.662777,-13.840156,19.20323,-7.5703874,-4.312443,7.76608,-10.740179,11.901424,-1.451752,-3.3387659,18.893751,2.622315,20.265411,-29.733793,53.825165,8.578024,8.522778,7.754572,-6.749152,-13.72994,39.684696,55.230133,3.9696045,1.2939522,-4.048373
1168,1.6721429824829102,14.70645809173584,77.11688995361328,-1.7038938804976287,-15.212300057098393,-92.45901639318676,25.219898,11.95575,20.809195,6.7423697,-13.72493,-13.828466,19.35374,-7.6008406,-4.245438,7.7741075,-10.767194,11.938766,-1.4034803,-3.3847861,18.886307,2.7261722,20.094511,-29.839472,54.159027,8.5301695,8.483499,7.760094,-6.6095924,-13.539717,39.76319,55.623024,4.189021,1.2270024,-4.02373
1169,1.7082370519638062,14.675405502319336,77.10322570800781,-1.707598865275532,-15.327527048085908,-92.52104953794462,25.412796,11.926709,20.893518,6.7361717,-13.785048,-13.819772,19.489683,-7.624529,-4.182292,7.785792,-10.797032,11.966807,-1.3648784,-3.4286578,18.862907,2.8385208,19.921162,-29.940546,54.50043,8.493706,8.467609,7.7709756,-6.4527855,-13.341463,39.82753,56.034615,4.3889313,1.1752384,-3.948498
1170,1.7391377687454224,14.638251304626465,77.08867645263672,-1.7154699648094867,-15.43360592433415,-92.57699994453415,25.593508,11.904339,20.972218,6.7303286,-13.843585,-13.812535,19.618334,-7.642632,-4.1241574,7.795993,-10.827804,11.987311,-1.3337159,-3.471839,18.827293,2.9574351,19.745686,-30.039707,54.852608,8.466342,8.466276,7.783123,-6.280189,-13.135682,39.884747,56.46984,4.585859,1.1321577,-3.8386238
1171,1.777376413345337,14.596406936645508,77.07335662841797,-1.7236393043241112,-15.534530209159776,-92.63401263279214,25.76965,11.884515,21.052036,6.724214,-13.90095,-13.8080435,19.7439,-7.656202,-4.0656676,7.8003554,-10.856634,12.006442,-1.304729,-3.512857,18.78317,3.0792582,19.568693,-30.146736,55.215702,8.43322,8.469816,7.789009,-6.0985446,-12.923012,39.94944,56.931095,4.7907505,1.093834,-3.7158093
1172,1.8129825592041016,14.555461883544922,77.0575942993164,-1.7304445974377836,-15.633732608468945,-92.69884807236298,25.947256,11.864649,21.138937,6.717838,-13.957563,-13.808226,19.86567,-7.6704464,-4.000306,7.806186,-10.887303,12.0304165,-1.2727718,-3.550395,18.73336,3.2004135,19.39113,-30.270178,55.590042,8.380339,8.468571,7.7812014,-5.916174,-12.705133,40.037327,57.42312,5.01484,1.0561267,-3.6016853
1173,1.8393734693527222,14.515881538391113,77.04398345947266,-1.7351433185863914,-15.733624039933956,-92.77706943889604,26.131992,11.843569,21.23911,6.7098775,-14.013353,-13.813855,19.986057,-7.684507,-3.922877,7.808877,-10.916205,12.06194,-1.2339071,-3.5829062,18.679592,3.3208983,19.21387,-30.415077,55.975445,8.299973,8.462553,7.7555385,-5.7361636,-12.483405,40.15621,57.95536,5.279772,1.0071119,-3.5043533
1174,1.8694192171096802,14.473594665527344,77.02886962890625,-1.739560989975802,-15.831522943890944,-92.86365633649521,26.318687,11.823426,21.347662,6.6999474,-14.067186,-13.824389,20.103775,-7.6962047,-3.8380153,7.808755,-10.944294,12.097195,-1.1919651,-3.6112735,18.619843,3.442325,19.0371,-30.576105,56.37094,8.200176,8.456143,7.7165775,-5.5530214,-12.258194,40.297092,58.52077,5.5739675,0.95276535,-3.41124
1175,1.9053623676300049,14.429804801940918,77.01280975341797,-1.7435936749368857,-15.924672747168605,-92.94966679348157,26.499716,11.80428,21.454727,6.6918936,-14.12158,-13.837436,20.217987,-7.7063518,-3.754963,7.806302,-10.973092,12.132778,-1.1531141,-3.638575,18.552986,3.5653913,18.860163,-30.745422,56.774506,8.092044,8.445918,7.6697345,-5.360849,-12.029921,40.448048,59.09879,5.857262,0.91579086,-3.3132935
1176,1.929089069366455,14.389371871948242,76.99921417236328,-1.7478991418700915,-16.009839602208775,-93.02528554713939,26.668692,11.786731,21.550465,6.683099,-14.173604,-13.851512,20.328646,-7.717163,-3.683017,7.8013887,-11.004074,12.165547,-1.1241966,-3.667808,18.47652,3.688774,18.682344,-30.917236,57.186848,7.9844933,8.428303,7.620429,-5.1566296,-11.800426,40.59864,59.67335,6.090257,0.9185273,-3.2016263
1177,1.9505739212036133,14.349169731140137,76.98483276367188,-1.7523978836886767,-16.088873640114034,-93.08368427242891,26.824348,11.771368,21.627531,6.675561,-14.223717,-13.867645,20.439001,-7.727365,-3.6307423,7.795992,-11.040841,12.1939125,-1.1084764,-3.7004447,18.391644,3.8112125,18.503616,-31.095592,57.612648,7.8764567,8.39506,7.5668254,-4.934371,-11.570226,40.754314,60.234806,6.1965427,0.9918705,-3.0625176
1178,1.9729957580566406,14.30350399017334,76.97142028808594,-1.7582649567786048,-16.162575939373635,-93.13106897749735,26.970442,11.757594,21.69275,6.668389,-14.27211,-13.88624,20.549864,-7.736793,-3.5913577,7.786522,-11.0802965,12.219785,-1.1018655,-3.7344906,18.298725,3.9328341,18.3241,-31.282131,58.05093,7.7638917,8.350606,7.507057,-4.6974564,-11.340005,40.91814,60.794014,6.218903,1.1153017,-2.9044583
1179,1.9960250854492188,14.25733757019043,76.95728302001953,-1.764899976849255,-16.226208933067714,-93.17910223044564,27.10547,11.74555,21.757772,6.6610155,-14.319503,-13.904691,20.648691,-7.7450533,-3.550613,7.7781405,-11.119542,12.245194,-1.0988663,-3.7664773,18.1961,4.0566926,18.14238,-31.467066,58.49085,7.6533604,8.309988,7.446783,-4.4508934,-11.110819,41.074944,61.354042,6.2975116,1.2360352,-2.7523646
1180,2.0163683891296387,14.216720581054688,76.94447326660156,-1.7714034726504937,-16.274985727184603,-93.23925175628729,27.227158,11.734749,21.833944,6.653751,-14.367265,-13.9202795,20.726671,-7.7497907,-3.4950893,7.768602,-11.152824,12.271809,-1.0936468,-3.7927668,18.08182,4.1831822,17.956585,-31.642488,58.92389,7.550008,8.288025,7.391952,-4.2015433,-10.883894,41.20871,61.924137,6.572572,1.2976576,-2.630898
1181,2.035642385482788,14.174739837646484,76.93350219726562,-1.77884172672564,-16.30082275734701,-93.31656588884113,27.32778,11.725983,21.926155,6.648091,-14.416585,-13.931137,20.77124,-7.750654,-3.417392,7.761647,-11.179006,12.301598,-1.0811121,-3.811156,17.945219,4.3120193,17.764671,-31.812078,59.35681,7.457037,8.290502,7.3474874,-3.9516766,-10.659866,41.370102,62.520542,6.977654,1.3110601,-2.5058355
1182,2.05515718460083,14.129792213439941,76.9236831665039,-1.7882434762049835,-16.30877391697418,-93.40429760786589,27.412046,11.718619,22.027958,6.6412787,-14.465623,-13.9389715,20.79161,-7.748101,-3.3262494,7.7549033,-11.199985,12.333034,-1.0667477,-3.8235726,17.790653,4.4430485,17.565746,-31.975843,59.792217,7.3728952,8.308866,7.3092403,-3.6980977,-10.438509,41.5505,63.13623,7.473081,1.2961955,-2.3772547
1183,2.080176830291748,14.084031105041504,76.91360473632812,-1.7972429856367467,-16.312870152631678,-93.49579462191407,27.492016,11.712242,22.133059,6.634642,-14.513275,-13.947097,20.806122,-7.7424474,-3.2311893,7.7466207,-11.218983,12.363079,-1.0586424,-3.832245,17.637653,4.5743594,17.360722,-32.125546,60.218422,7.292063,8.336186,7.2702365,-3.4355736,-10.221611,41.645042,63.729397,8.240134,1.2222446,-2.3219435
1184,2.0978119373321533,14.044252395629883,76.90300750732422,-1.805390581624401,-16.327680010157117,-93.58474760323776,27.581287,11.706371,22.23565,6.627947,-14.558278,-13.958735,20.83095,-7.737505,-3.1406984,7.740723,-11.241723,12.388944,-1.0609459,-3.8386838,17.507137,4.7046485,17.151339,-32.253677,60.6205,7.211899,8.366029,7.2231526,-3.1561687,-10.012588,41.545387,64.25488,9.460906,1.0545214,-2.4143174
1185,2.1110188961029053,14.0047607421875,76.89122772216797,-1.8127991348339296,-16.357168871648007,-93.67259534844617,27.685617,11.700789,22.337208,6.619359,-14.598824,-13.976626,20.869108,-7.732948,-3.0542753,7.739712,-11.271472,12.409424,-1.0695857,-3.839577,17.407557,4.833636,16.93857,-32.357056,60.991795,7.1480722,8.403073,7.1457877,-2.8428068,-9.813204,41.200817,64.711494,11.4559355,0.71746993,-2.7020037
1186,2.1275575160980225,13.971095085144043,76.88002014160156,-1.8216568369844048,-16.393928749309264,-93.76127296116519,27.796019,11.696318,22.439804,6.611345,-14.636498,-13.998586,20.914297,-7.72709,-2.9687743,7.737252,-11.302767,12.426039,-1.0796723,-3.8346105,17.327473,4.9600286,16.722687,-32.44549,61.340675,7.0954714,8.448743,7.0486116,-2.4972436,-9.62418,40.671726,65.11067,14.034582,0.23608233,-3.1201105
1187,2.144089698791504,13.935193061828613,76.86874389648438,-1.8291004491997733,-16.433978829753563,-93.84652384446277,27.908133,11.691692,22.5386,6.602371,-14.6726675,-14.020071,20.962505,-7.7205477,-2.8876433,7.7358446,-11.333832,12.440354,-1.0960513,-3.829919,17.257397,5.0808907,16.505396,-32.53027,61.674576,7.0180054,8.493065,6.973411,-2.1424098,-9.448353,40.019222,65.42669,16.612358,-0.26793382,-3.5833364
1188,2.1608831882476807,13.90119743347168,76.85742950439453,-1.835502137174436,-16.473745987110686,-93.9229779402477,28.015512,11.686733,22.628798,6.5937057,-14.709056,-14.036967,21.010809,-7.7158294,-2.8141248,7.7358565,-11.362035,12.454155,-1.1229492,-3.831555,17.189854,5.1911635,16.288782,-32.62326,62.004845,6.8791137,8.522185,6.9623113,-1.8028979,-9.289882,39.30281,65.63127,18.609236,-0.6578414,-4.025604
1189,2.1799304485321045,13.866769790649414,76.84638214111328,-1.8442197059119396,-16.515365832656784,-93.9881120770607,28.119827,11.681674,22.708183,6.5856137,-14.747078,-14.047673,21.063486,-7.711791,-2.7508357,7.7344084,-11.385099,12.466873,-1.167602,-3.840554,17.129818,5.294873,16.073883,-32.735813,62.325546,6.7219577,8.527308,6.9952188,-1.4721491,-9.151444,38.436657,65.67983,19.871273,-0.88853806,-4.4846396
1190,2.1927335262298584,13.842119216918945,76.83740234375,-1.8539795637268184,-16.559760665284937,-94.04480757563549,28.22173,11.6772,22.779678,6.5803065,-14.7865925,-14.054934,21.119825,-7.708978,-2.6952093,7.7336445,-11.405759,12.478127,-1.2227662,-3.8529296,17.080715,5.3913064,15.860942,-32.862072,62.63265,6.54727,8.516868,7.059981,-1.1384242,-9.034243,37.417744,65.59191,20.709297,-1.0289832,-4.988494
1191,2.2079598903656006,13.814042091369629,76.82861328125,-1.8611923132956774,-16.601496929078873,-94.09694037658217,28.31848,11.6720295,22.845627,6.5738816,-14.82423,-14.059698,21.172186,-7.707313,-2.643922,7.735784,-11.425649,12.488858,-1.276425,-3.8676782,17.033014,5.4755564,15.6517105,-32.98106,62.92804,6.2571473,8.508313,7.2097554,-0.82356006,-8.940782,36.4359,65.44188,21.24528,-1.102595,-5.4675326
1192,2.2228620052337646,13.785982131958008,76.82064056396484,-1.8697622170317691,-16.63597379253012,-94.14676843945435,28.40476,11.666604,22.908089,6.5676455,-14.858823,-14.063543,21.217323,-7.706167,-2.5943675,7.7363753,-11.443521,12.499796,-1.3241323,-3.8854861,16.97816,5.5475616,15.448564,-33.061066,63.212967,5.756355,8.514011,7.4974847,-0.55271846,-8.873729,35.689262,65.306496,21.601528,-1.1335683,-5.849917
1193,2.233541250228882,13.762725830078125,76.81306457519531,-1.8766799397751026,-16.65933005719868,-94.1936781216337,28.476122,11.65926,22.964981,6.5619326,-14.890071,-14.065578,21.251583,-7.706075,-2.548092,7.7348228,-11.45931,12.511688,-1.3742747,-3.9115279,16.91153,5.6130404,15.253035,-33.09172,63.480766,4.8978543,8.533087,7.9960165,-0.33853748,-8.836304,35.237812,65.18818,21.747139,-1.1041728,-6.1259427
1194,2.2421467304229736,13.736574172973633,76.8071060180664,-1.8822752169336934,-16.67504546651686,-94.23644397520832,28.535656,11.651052,23.015987,6.5574627,-14.919286,-14.0655,21.277325,-7.7090907,-2.5050437,7.734446,-11.474033,12.52419,-1.4344692,-3.945538,16.839138,5.677376,15.066034,-33.080338,63.727623,3.7744062,8.549068,8.657296,-0.16940117,-8.830086,34.984283,65.054085,21.642557,-1.004767,-6.3320312
1195,2.2611284255981445,13.707582473754883,76.80158233642578,-1.8877188740074067,-16.688520399280147,-94.27871554578188,28.591312,11.644186,23.06618,6.553386,-14.946713,-14.065389,21.299154,-7.710293,-2.4623578,7.735552,-11.487636,12.53584,-1.4958088,-3.9794383,16.767284,5.742814,14.8892,-33.02035,63.9471,2.6555355,8.56496,9.352546,-0.031949993,-8.852701,34.88705,64.92575,21.395342,-0.87393624,-6.464003
1196,2.27713942527771,13.682047843933105,76.79576110839844,-1.8963118984286174,-16.70532811812579,-94.32355949314466,28.651016,11.641071,23.120405,6.548592,-14.972245,-14.067283,21.324493,-7.706946,-2.4173245,7.7333155,-11.497656,12.54543,-1.5524246,-4.0067177,16.702242,5.8113356,14.724808,-32.903942,64.13352,1.8084853,8.594102,9.953046,0.083237156,-8.899039,34.9092,64.82981,21.114466,-0.75190604,-6.5184956
1197,2.2873711585998535,13.6598539352417,76.78988647460938,-1.9070115769442568,-16.72717312818155,-94.37137217288377,28.71825,11.642979,23.179901,6.541947,-14.996661,-14.07198,21.353287,-7.69664,-2.3691182,7.7302694,-11.503799,12.552147,-1.6004663,-4.029618,16.64626,5.8944573,14.578917,-32.69591,64.26909,1.3122234,8.656079,10.460743,0.16594619,-8.963669,35.07352,64.78802,20.731321,-0.6292638,-6.466956
1198,2.295079469680786,13.635664939880371,76.78424835205078,-1.9199423881307094,-16.751302170325683,-94.42063078234663,28.78668,11.649081,23.241795,6.5380216,-15.021301,-14.078365,21.38335,-7.6827664,-2.3192303,7.72706,-11.507455,12.556882,-1.6493685,-4.0504193,16.594658,5.984249,14.439911,-32.403473,64.37111,1.0246761,8.7440195,10.933575,0.21158916,-9.051033,35.39614,64.786064,20.221916,-0.4926406,-6.3199124
1199,2.3034048080444336,13.614185333251953,76.77896118164062,-1.9324295036701264,-16.77512088784006,-94.47214162573607,28.855055,11.655887,23.305801,6.5326395,-15.043278,-14.085308,21.41117,-7.6676836,-2.2677195,7.7245765,-11.510324,12.560954,-1.6980872,-4.0662804,16.545433,6.066772,14.316391,-32.106136,64.452675,0.8684707,8.840901,11.322676,0.23715416,-9.15423,35.808178,64.800095,19.754234,-0.3778151,-6.1341996
1200,2.3119468688964844,13.595183372497559,76.77393341064453,-1.9437933040610258,-16.796516462963385,-94.52598887868292,28.920238,11.660797,23.370691,6.5268407,-15.062812,-14.091605,21.434664,-7.654644,-2.214757,7.7219715,-11.513353,12.565743,-1.7367203,-4.0772243,16.49562,6.124348,14.221438,-31.892239,64.53117,0.7647564,8.928559,11.579268,0.25751007,-9.25659,36.228348,64.8157,19.491467,-0.31996584,-5.9673705
1201,2.3216712474823,13.578279495239258,76.77044677734375,-1.9519521163389097,-16.814332680405975,-94.5844533504175,28.981813,11.662224,23.437386,6.5213428,-15.08063,-14.096404,21.452078,-7.6437907,-2.1594267,7.719077,-11.516797,12.571873,-1.7841027,-4.0757813,16.443213,6.1513166,14.130561,-31.744215,64.623116,0.7377206,9.007557,11.674265,0.27609864,-9.384328,36.696518,64.82142,19.535378,-0.3437925,-5.8150854
1202,2.330183506011963,13.562278747558594,76.76657104492188,-1.9598460438958918,-16.830375162738058,-94.64594507922862,29.040726,11.66241,23.505651,6.5155683,-15.095851,-14.100695,21.463242,-7.635393,-2.1017363,7.7209225,-11.522166,12.578769,-1.8147097,-4.065836,16.390823,6.1499777,14.0595255,-31.658,64.71501,0.80498713,9.088363,11.638117,0.28777662,-9.520418,37.204388,64.83504,19.769066,-0.4258441,-5.6525946
1203,2.3386030197143555,13.54359245300293,76.7620849609375,-1.9667250621682923,-16.8449066808352,-94.70823553570152,29.098253,11.661796,23.574764,6.5086985,-15.109472,-14.10508,21.472986,-7.6268067,-2.0437138,7.720348,-11.526601,12.585107,-1.8415276,-4.0503798,16.339756,6.1274834,14.008043,-31.63281,64.804855,0.9172098,9.159654,11.516663,0.2941022,-9.662617,37.7163,64.84052,20.070183,-0.5200275,-5.5094686
1204,2.34515380859375,13.521339416503906,76.75772094726562,-1.973101050830151,-16.858573324656252,-94.76848131710177,29.1539,11.662287,23.64332,6.502088,-15.121958,-14.110319,21.48326,-7.616482,-1.9870989,7.7187486,-11.531702,12.589577,-1.8671777,-4.0299716,16.292326,6.0837655,13.975664,-31.681797,64.89653,1.0202776,9.209961,11.356492,0.3026258,-9.806744,38.185246,64.81785,20.313732,-0.58129054,-5.4153666
1205,2.350710868835449,13.50106430053711,76.75379180908203,-1.9796099431862175,-16.870973045642803,-94.82817579416674,29.207415,11.663342,23.71404,6.4967804,-15.134482,-14.116127,21.49124,-7.606667,-1.9296675,7.7199397,-11.539407,12.591986,-1.8889816,-4.00319,16.24698,6.0142307,13.962542,-31.8203,64.99637,1.0990713,9.231594,11.150721,0.31439906,-9.950362,38.596115,64.76359,20.499865,-0.60378855,-5.394424
1206,2.3569395542144775,13.482046127319336,76.7498550415039,-1.9864135230456963,-16.88175485493676,-94.88778841657378,29.2589,11.66483,23.786562,6.491223,-15.145199,-14.12256,21.497383,-7.5967717,-1.87162,7.721383,-11.548139,12.5928335,-1.904326,-3.9701176,16.202984,5.918485,13.968623,-32.041027,65.10272,1.181277,9.231892,10.881166,0.32552204,-10.09263,38.972664,64.68973,20.68363,-0.61033833,-5.4257765
1207,2.363516330718994,13.466608047485352,76.74469757080078,-1.993815470893257,-16.89274813150159,-94.94363132707149,29.310225,11.666524,23.85537,6.484343,-15.155582,-14.129423,21.504622,-7.5864086,-1.816461,7.7236013,-11.558318,12.592754,-1.9168081,-3.936348,16.161592,5.803586,13.99193,-32.3196,65.208755,1.2791498,9.222839,10.57768,0.33082896,-10.2272415,39.32237,64.61166,20.817297,-0.5999647,-5.472423
1208,2.3682520389556885,13.451552391052246,76.7413101196289,-2.0000547618340647,-16.905932499424168,-94.99199220282827,29.360878,11.669778,23.914564,6.4780064,-15.16638,-14.137277,21.517939,-7.5752316,-1.7679594,7.722389,-11.567709,12.5923,-1.9303787,-3.9054735,16.126308,5.676654,14.030942,-32.631756,65.30463,1.4050044,9.216653,10.269596,0.3322442,-10.358613,39.65568,64.53042,20.856604,-0.5700706,-5.496729
1209,2.372976303100586,13.433406829833984,76.73696899414062,-2.0073503971509785,-16.9231508351427,-95.03014195185703,29.411644,11.675799,23.96025,6.474556,-15.180231,-14.147024,21.54066,-7.5625157,-1.7287419,7.718225,-11.578029,12.590931,-1.9480612,-3.8795455,16.099163,5.535123,14.085983,-32.977566,65.39277,1.583581,9.213907,9.942838,0.32914495,-10.484571,39.96474,64.444565,20.74366,-0.5027858,-5.4995446
1210,2.3739445209503174,13.418745994567871,76.73196411132812,-2.014565796163597,-16.943034750023077,-95.06052989641971,29.463432,11.6834955,23.99653,6.469428,-15.193543,-14.158384,21.569857,-7.549393,-1.6960766,7.71179,-11.588896,12.588727,-1.9670942,-3.8559823,16.07892,5.378104,14.159434,-33.367786,65.47274,1.801054,9.208728,9.5882845,0.323877,-10.6083355,40.24819,64.34803,20.518496,-0.40466866,-5.4965534
1211,2.3681859970092773,13.404033660888672,76.72785186767578,-2.0212031864649482,-16.962152129472173,-95.08739412052405,29.512444,11.690736,24.028896,6.4665265,-15.208344,-14.168746,21.598574,-7.536548,-1.6659573,7.706019,-11.599684,12.586789,-1.9847536,-3.8344305,16.06015,5.2118173,14.245254,-33.79204,65.543495,2.0132196,9.202593,9.245426,0.30962488,-10.72403,40.52604,64.26094,20.279629,-0.31214997,-5.47487
1212,2.36742901802063,13.390591621398926,76.7236328125,-2.026848774039627,-16.976878627009125,-95.11574942967914,29.556337,11.6957035,24.062746,6.4624887,-15.219563,-14.176013,21.620735,-7.526683,-1.6336491,7.702269,-11.608855,12.586546,-1.9986198,-3.8132772,16.039324,5.0441275,14.337652,-34.23884,65.60115,2.176705,9.197754,8.953594,0.2837144,-10.832738,40.81827,64.19465,20.126066,-0.26092574,-5.421777
1213,2.3718528747558594,13.374924659729004,76.72064208984375,-2.031857901699341,-16.986151236695566,-95.1484646226798,29.594442,11.696608,24.101751,6.4592037,-15.228567,-14.178449,21.63436,-7.519653,-1.5955228,7.6996546,-11.614369,12.58876,-2.0080934,-3.7904513,16.012924,4.870522,14.432405,-34.723305,65.65474,2.2735617,9.198099,8.731789,0.24206045,-10.936348,41.134148,64.16128,20.094719,-0.27421406,-5.319442
1214,2.3750436305999756,13.359271049499512,76.7186279296875,-2.0347593446313135,-16.991866308309536,-95.18307253365226,29.628721,11.695197,24.142372,6.455859,-15.235497,-14.177779,21.641253,-7.5157323,-1.5542481,7.7017293,-11.619803,12.592695,-2.0151248,-3.7655556,15.983634,4.686344,14.527834,-35.24431,65.70764,2.330719,9.201678,8.556943,0.18859157,-11.035089,41.461327,64.14989,20.128916,-0.32801276,-5.1795774
1215,2.381019353866577,13.343819618225098,76.7157211303711,-2.037263548465064,-16.99495499264484,-95.21388709928453,29.658773,11.692759,24.179276,6.4515305,-15.241168,-14.176047,21.647615,-7.5118785,-1.5172992,7.7002172,-11.623033,12.596869,-2.0243099,-3.7416675,15.951891,4.4947352,14.616327,-35.765377,65.75874,2.3695316,9.202032,8.406132,0.12102358,-11.122311,41.79568,64.157265,20.19059,-0.3886107,-5.035197
1216,2.3837835788726807,13.329134941101074,76.71257019042969,-2.038833840747746,-16.99627870549778,-95.23633214921087,29.681719,11.692262,24.206686,6.449911,-15.247985,-14.175625,21.654833,-7.508496,-1.4906934,7.6985655,-11.628483,12.600053,-2.0326407,-3.7215471,15.925746,4.308494,14.711341,-36.257435,65.7795,2.4077392,9.19426,8.25365,0.057123896,-11.211931,42.125126,64.14161,20.241816,-0.4199062,-4.9177475
1217,2.384098529815674,13.313977241516113,76.7098617553711,-2.041151803171406,-16.994708367351574,-95.24825409922491,29.697815,11.6926775,24.223434,6.4481277,-15.255597,-14.176664,21.662624,-7.5063014,-1.4769754,7.6956453,-11.636531,12.60243,-2.0481904,-3.7066026,15.900326,4.125791,14.804548,-36.709587,65.77916,2.457332,9.173233,8.093803,-0.014288028,-11.294701,42.461002,64.11785,20.290314,-0.41564962,-4.8321457
1218,2.38309907913208,13.300277709960938,76.70730590820312,-2.0423886649935623,-16.990161744189134,-95.2527897966707,29.707087,11.693483,24.232077,6.4471745,-15.263693,-14.178025,21.670732,-7.50363,-1.4728959,7.689841,-11.645085,12.604318,-2.068173,-3.6952739,15.874715,3.9437737,14.896355,-37.13903,65.76243,2.5064397,9.143236,7.9396744,-0.093651004,-11.370259,42.803986,64.0927,20.351025,-0.39356,-4.762513
1219,2.382279396057129,13.287138938903809,76.70519256591797,-2.043508953637609,-16.985494901841324,-95.25155463215135,29.713026,11.6958065,24.23449,6.446789,-15.271074,-14.180252,21.680647,-7.5014997,-1.4750059,7.684229,-11.65482,12.605187,-2.091761,-3.686249,15.852192,3.7615917,14.98299,-37.540665,65.73357,2.542973,9.110522,7.7971864,-0.1822158,-11.436,43.14341,64.073784,20.395031,-0.35759747,-4.7118955
1220,2.3813869953155518,13.276142120361328,76.70278930664062,-2.0461822069596454,-16.984953406682532,-95.24533521018311,29.721127,11.699426,24.232292,6.447562,-15.27876,-14.183299,21.69671,-7.49938,-1.4803767,7.6762786,-11.663166,12.604373,-2.1191094,-3.6774278,15.835138,3.5735784,15.051789,-37.907566,65.707245,2.5564451,9.080986,7.6732926,-0.2838433,-11.483114,43.469215,64.0747,20.393108,-0.31184328,-4.68335
1221,2.378140449523926,13.264398574829102,76.70014953613281,-2.049501412994127,-16.989485359641243,-95.23352135998977,29.734015,11.704906,24.225409,6.4465566,-15.285344,-14.187535,21.718443,-7.494704,-1.4888966,7.670965,-11.673725,12.601107,-2.1453545,-3.6701756,15.832647,3.394907,15.133217,-38.248837,65.6426,2.528276,9.061912,7.5631995,-0.38338384,-11.532989,43.779545,64.05923,20.33059,-0.24674895,-4.6864014
1222,2.3739302158355713,13.254387855529785,76.69886779785156,-2.054418720446824,-16.997837319021514,-95.21607314067747,29.747726,11.712414,24.21282,6.447294,-15.292316,-14.192859,21.74765,-7.4886293,-1.5021406,7.6614723,-11.682918,12.596061,-2.1769633,-3.6627092,15.835883,3.2075295,15.195734,-38.556168,65.580925,2.4760602,9.046349,7.468075,-0.49832487,-11.5655365,44.079895,64.062614,20.221224,-0.16502178,-4.7165666
1223,2.369420051574707,13.245195388793945,76.6971435546875,-2.0577992326671275,-17.00630196500295,-95.1949681917884,29.760181,11.719853,24.196156,6.4485817,-15.29922,-14.198198,21.776834,-7.483026,-1.519208,7.654868,-11.693413,12.589804,-2.207338,-3.6570022,15.842145,3.0216577,15.251175,-38.832047,65.51311,2.4169543,9.027289,7.3918386,-0.6156862,-11.589899,44.36495,64.07235,20.095057,-0.08255977,-4.754132
1224,2.364640951156616,13.236671447753906,76.69554901123047,-2.0611905200926315,-17.01210625571721,-95.17140232274528,29.767763,11.727042,24.176651,6.4499054,-15.303685,-14.203432,21.802818,-7.479282,-1.5398442,7.6490192,-11.7027025,12.583009,-2.233975,-3.653196,15.84782,2.8403757,15.29895,-39.07148,65.44357,2.3732922,8.996812,7.338954,-0.72900975,-11.607749,44.628487,64.08642,19.97852,-0.015520249,-4.7792716
1225,2.356959581375122,13.226892471313477,76.69471740722656,-2.0613616261613017,-17.01313149379778,-95.14644710403317,29.7695,11.73219,24.154303,6.4514885,-15.307217,-14.207817,21.82302,-7.4787188,-1.5647662,7.6469436,-11.712381,12.574743,-2.2561934,-3.6539137,15.850485,2.6715038,15.347953,-39.27763,65.36579,2.3456957,8.9483595,7.3240805,-0.8346672,-11.623512,44.878418,64.10069,19.890293,0.023712846,-4.7869377
1226,2.3517518043518066,13.2174654006958,76.69416809082031,-2.0615231873954865,-17.011427072530225,-95.11837567802024,29.76677,11.736697,24.128456,6.4528403,-15.30912,-14.212038,21.841612,-7.4784565,-1.5945051,7.643642,-11.720103,12.564932,-2.2763593,-3.6573253,15.854308,2.5084212,15.393416,-39.447685,65.28182,2.3269715,8.887316,7.3397985,-0.9373622,-11.635638,45.11019,64.11649,19.807425,0.047149077,-4.7865834
1227,2.3467273712158203,13.207322120666504,76.69322204589844,-2.060028203685363,-17.010085690911364,-95.08839564161225,29.762972,11.740881,24.099985,6.4551463,-15.310414,-14.215899,21.859959,-7.480276,-1.6261564,7.64314,-11.728942,12.555582,-2.2935734,-3.6616848,15.861471,2.349548,15.431835,-39.579643,65.18988,2.3172328,8.82489,7.3585143,-1.0377358,-11.643835,45.320183,64.13419,19.7156,0.07298926,-4.7840385
1228,2.3399341106414795,13.199235916137695,76.69171905517578,-2.059178233097725,-17.012554887407333,-95.05670710715121,29.763725,11.743538,24.069794,6.455831,-15.310943,-14.218527,21.88444,-7.4825864,-1.6582353,7.639404,-11.7374525,12.548161,-2.311306,-3.6665418,15.874545,2.2013104,15.468006,-39.670433,65.07584,2.312443,8.773209,7.352773,-1.1360664,-11.649562,45.510326,64.15113,19.601608,0.11972163,-4.7862725
1229,2.334475040435791,13.19111442565918,76.69070434570312,-2.05663373285465,-17.019417611939136,-95.02603260337685,29.768269,11.745695,24.03949,6.458907,-15.311745,-14.220029,21.913311,-7.4850903,-1.6876469,7.636163,-11.747198,12.544133,-2.3185854,-3.6675045,15.895431,2.05329,15.49245,-39.70884,64.94696,2.324337,8.733203,7.297037,-1.2288107,-11.6521,45.657555,64.16538,19.445635,0.19901915,-4.7911997
1230,2.3295083045959473,13.182973861694336,76.68909454345703,-2.053748095170979,-17.0293718702828,-94.99488008450444,29.776884,11.746013,24.00833,6.4608364,-15.311898,-14.22014,21.946589,-7.489233,-1.7163491,7.632053,-11.757609,12.54224,-2.3227785,-3.6669824,15.921105,1.914402,15.510928,-39.69919,64.79816,2.346861,8.700373,7.213121,-1.3173859,-11.652656,45.779682,64.178116,19.26621,0.29865965,-4.797968
1231,2.3241779804229736,13.173630714416504,76.68736267089844,-2.052366982972145,-17.04145607723841,-94.95983149705758,29.786173,11.746136,23.973326,6.4623504,-15.311684,-14.220073,21.983303,-7.4938374,-1.7487683,7.626459,-11.767446,12.540428,-2.3315568,-3.6709208,15.951515,1.7789922,15.526297,-39.665184,64.64499,2.3662884,8.67249,7.140023,-1.4037127,-11.651426,45.893715,64.18986,19.082376,0.40219548,-4.8081126
1232,2.3193798065185547,13.165974617004395,76.68589782714844,-2.05023240562418,-17.05516219769273,-94.91597281084128,29.793003,11.747224,23.929583,6.4647055,-15.311931,-14.220178,22.023241,-7.4988704,-1.7908111,7.622081,-11.778713,12.536479,-2.3434467,-3.6754475,15.987585,1.6410289,15.533419,-39.65159,64.49608,2.3632095,8.652676,7.1214767,-1.4867693,-11.649459,45.99486,64.201996,18.908615,0.4942539,-4.8212204
1233,2.3087735176086426,13.160430908203125,76.6842041015625,-2.0480093325673683,-17.072252134381877,-94.86040242024164,29.797586,11.749829,23.874174,6.4674673,-15.31301,-14.220939,22.06866,-7.5032115,-1.8456312,7.617821,-11.790862,12.528109,-2.3859534,-3.6917293,16.026793,1.5109419,15.53864,-39.64107,64.355034,2.332127,8.637588,7.1783457,-1.5758017,-11.643747,46.135387,64.2196,18.755836,0.5715365,-4.850624
1234,2.2976863384246826,13.153393745422363,76.68257141113281,-2.0462661711077286,-17.092753276900133,-94.79590939258672,29.801622,11.753289,23.80976,6.470476,-15.314432,-14.22189,22.119009,-7.5091224,-1.9097102,7.615062,-11.804641,12.517173,-2.4206474,-3.7098503,16.07575,1.3670547,15.537752,-39.65227,64.22437,2.2799463,8.629486,7.284469,-1.6543907,-11.637247,46.247627,64.22925,18.593058,0.64359707,-4.886969
1235,2.2942261695861816,13.151905059814453,76.68152618408203,-2.0454787696766834,-17.112161961557963,-94.72885461497783,29.802485,11.756711,23.743042,6.475936,-15.317015,-14.222681,22.169157,-7.5138025,-1.9770417,7.610886,-11.817721,12.507101,-2.4681227,-3.7316241,16.119364,1.2328897,15.528677,-39.65537,64.097015,2.2124064,8.624784,7.4114933,-1.7363642,-11.625574,46.372955,64.25158,18.464111,0.706157,-4.92034
1236,2.2848961353302,13.148985862731934,76.6806640625,-2.041833018601019,-17.1266952273375,-94.6672814600228,29.800322,11.759712,23.681757,6.480126,-15.316471,-14.223596,22.214424,-7.5201883,-2.03984,7.60464,-11.828786,12.501864,-2.507648,-3.7526367,16.157238,1.0990264,15.508342,-39.64829,63.97786,2.1423008,8.620214,7.5262218,-1.8156036,-11.609157,46.4788,64.28166,18.374763,0.758125,-4.9324484
1237,2.2753889560699463,13.142561912536621,76.68004608154297,-2.0352770802478517,-17.133552594594242,-94.61443932511088,29.794039,11.760117,23.629532,6.483054,-15.312892,-14.224049,22.251047,-7.527951,-2.0955107,7.5961246,-11.836696,12.5044775,-2.527226,-3.7724094,16.189873,0.9678604,15.486644,-39.63577,63.852894,2.0401046,8.6156645,7.6279063,-1.8835185,-11.596863,46.552734,64.30689,18.343967,0.79557246,-4.914426
1238,2.2653818130493164,13.136285781860352,76.67913818359375,-2.027784136939804,-17.13548632374136,-94.56576133660273,29.783123,11.759804,23.581545,6.486364,-15.307343,-14.224388,22.282633,-7.5372634,-2.1482375,7.5855904,-11.842292,12.512271,-2.5473351,-3.7924855,16.215765,0.84273785,15.454877,-39.606503,63.731213,1.9148059,8.61103,7.731344,-1.9508784,-11.583087,46.6217,64.3399,18.364658,0.8196637,-4.8768854
1239,2.2552108764648438,13.131673812866211,76.67813873291016,-2.0200635645176197,-17.136535683439018,-94.51684531367756,29.772085,11.759434,23.533737,6.4891586,-15.301433,-14.224752,22.31426,-7.5451117,-2.2013583,7.573327,-11.84759,12.520169,-2.5764291,-3.8105063,16.233976,0.7091777,15.390374,-39.569256,63.646343,1.8190048,8.606837,7.8296785,-2.023084,-11.559736,46.692,64.392715,18.402143,0.839315,-4.833281
1240,2.2461419105529785,13.12655258178711,76.67626953125,-2.014338065744774,-17.141150153286574,-94.46299890818301,29.762783,11.761941,23.481073,6.492647,-15.296468,-14.225867,22.350464,-7.5520153,-2.2579296,7.5633073,-11.85702,12.523231,-2.5993674,-3.8287294,16.258118,0.577767,15.333212,-39.559277,63.560284,1.793583,8.608064,7.9092765,-2.0796354,-11.541971,46.74043,64.426384,18.416906,0.8650093,-4.793418
1241,2.2344565391540527,13.120070457458496,76.67445373535156,-2.0103255092245798,-17.15160958600575,-94.40170367203362,29.757952,11.766798,23.4219,6.4964423,-15.293788,-14.227296,22.394855,-7.5554395,-2.3201532,7.553572,-11.871099,12.519398,-2.6283875,-3.8490257,16.288107,0.45146236,15.277244,-39.564472,63.47446,1.8595072,8.614913,7.9597526,-2.1278822,-11.526582,46.77582,64.448586,18.400019,0.90382,-4.7561274
1242,2.2224974632263184,13.114665031433105,76.672607421875,-2.008948081207305,-17.165104271417945,-94.33574849100647,29.754953,11.773829,23.358696,6.499857,-15.291498,-14.229284,22.443863,-7.5575533,-2.3857164,7.5446334,-11.888381,12.511726,-2.6608536,-3.8718247,16.323767,0.33862984,15.230974,-39.577335,63.372875,1.9899552,8.628085,7.988323,-2.1665273,-11.515065,46.796894,64.455536,18.36908,0.94979805,-4.716894
1243,2.20973539352417,13.1085205078125,76.67143249511719,-2.0060600318534223,-17.178846505693684,-94.26895141077316,29.751822,11.7817955,23.294264,6.5044374,-15.289988,-14.231613,22.49396,-7.5590706,-2.4520147,7.534994,-11.906216,12.5022545,-2.6929674,-3.8865178,16.347069,0.18996604,15.129354,-39.611767,63.35715,2.1646852,8.63888,8.020088,-2.205536,-11.491757,46.81767,64.48899,18.3414,0.9880357,-4.6839385
1244,2.198057174682617,13.102470397949219,76.67036437988281,-2.0040713940087227,-17.190168137908497,-94.2041740190563,29.74745,11.788089,23.230827,6.5072365,-15.286755,-14.234185,22.540266,-7.561224,-2.5167778,7.5263634,-11.923021,12.493135,-2.7217078,-3.9009552,16.368229,0.044570517,15.033529,-39.669846,63.351887,2.3597264,8.653536,8.067858,-2.2387917,-11.472601,46.84753,64.51953,18.329905,1.0086923,-4.665405
1245,2.1851296424865723,13.0949068069458,76.67071533203125,-1.9996301526116804,-17.19851193684793,-94.14095591949966,29.738785,11.792655,23.166546,6.512562,-15.283272,-14.237003,22.581718,-7.566083,-2.5805414,7.5206747,-11.939999,12.4839735,-2.7486918,-3.9152153,16.385876,-0.101647615,14.936385,-39.74914,63.36369,2.5769029,8.674045,8.140153,-2.265597,-11.45628,46.895866,64.55189,18.331568,1.008348,-4.674634
1246,2.1706433296203613,13.08917236328125,76.66999053955078,-1.9938596877178993,-17.205524030301206,-94.07762768992391,29.730045,11.795452,23.101349,6.514937,-15.277401,-14.24003,22.62252,-7.572691,-2.6444519,7.5146675,-11.956775,12.473862,-2.777715,-3.934188,16.406158,-0.23286746,14.861562,-39.84301,63.360996,2.8238761,8.701409,8.222838,-2.2860494,-11.446009,46.957108,64.57503,18.341164,0.99381155,-4.702708
1247,2.158224582672119,13.081587791442871,76.66972351074219,-1.989322274813417,-17.21089648638924,-94.01747784680362,29.719835,11.799199,23.038929,6.5197678,-15.273565,-14.243595,22.65939,-7.5768385,-2.7060103,7.509969,-11.972761,12.464341,-2.8004012,-3.9434278,16.415024,-0.39123157,14.746461,-39.967693,63.432278,3.0937698,8.724298,8.313647,-2.3025322,-11.433383,47.01532,64.60895,18.371756,0.9662925,-4.727099
1248,2.146512269973755,13.077166557312012,76.66816711425781,-1.9872511769872692,-17.214523945875367,-93.96210660695935,29.709908,11.806651,22.983202,6.5226793,-15.269385,-14.248728,22.694004,-7.5774055,-2.7634683,7.501377,-11.984905,12.456904,-2.8243732,-3.9535623,16.424904,-0.5321666,14.661657,-40.111595,63.4995,3.3760653,8.739732,8.393154,-2.3179345,-11.426306,47.06555,64.62463,18.434803,0.9289904,-4.7218685
1249,2.133941650390625,13.07087230682373,76.66722869873047,-1.987806664795168,-17.216053960019682,-93.9129454379289,29.700079,11.818917,22.935625,6.526671,-15.268153,-14.25585,22.724403,-7.572567,-2.8161705,7.491471,-11.994117,12.453188,-2.8455634,-3.9602923,16.430553,-0.6728868,14.585604,-40.298416,63.59739,3.7024806,8.746331,8.467277,-2.3311267,-11.421777,47.098255,64.62458,18.558998,0.8709535,-4.667461
1250,2.1211297512054443,13.066014289855957,76.66641235351562,-1.9919319241997389,-17.215824191435143,-93.86846505877536,29.690321,11.834512,22.894354,6.5294,-15.267273,-14.264631,22.752972,-7.5637836,-2.8653653,7.475943,-11.9978075,12.452091,-2.849288,-3.9566617,16.426647,-0.84250534,14.483026,-40.544582,63.76809,4.0607886,8.745593,8.544562,-2.3339744,-11.419145,47.10361,64.61938,18.726206,0.7945367,-4.5813317
1251,2.1066176891326904,13.060750007629395,76.66552734375,-1.9964037673729789,-17.2143852395473,-93.82758978295735,29.681097,11.851228,22.857346,6.531755,-15.266937,-14.273713,22.778358,-7.5528107,-2.9109232,7.4615674,-12.001745,12.450443,-2.8520417,-3.9496272,16.420815,-1.0057331,14.383969,-40.787174,63.95407,4.3949523,8.73683,8.610903,-2.3348172,-11.420252,47.10883,64.609344,18.886745,0.7226677,-4.495292
1252,2.0942606925964355,13.053788185119629,76.66510772705078,-2.0009526504922355,-17.212761769580318,-93.78942370134972,29.67201,11.867627,22.822695,6.535003,-15.266165,-14.2826395,22.802052,-7.541681,-2.9530406,7.44821,-12.007025,12.445308,-2.8550844,-3.9411576,16.415848,-1.1495695,14.299381,-40.989967,64.12996,4.6389384,8.71783,8.655851,-2.335783,-11.424076,47.12576,64.60113,18.989305,0.6770673,-4.441686
1253,2.082045555114746,13.046893119812012,76.66464233398438,-2.004937951225398,-17.210697702785446,-93.75384209784185,29.662792,11.883864,22.790882,6.538559,-15.264419,-14.291992,22.822168,-7.5307426,-2.9905684,7.4400086,-12.016905,12.434721,-2.8630207,-3.9327343,16.4133,-1.2633137,14.245176,-41.142696,64.280754,4.7849994,8.682501,8.67304,-2.3405092,-11.428074,47.16262,64.59848,19.012419,0.66642714,-4.4348254
1254,2.0706095695495605,13.041986465454102,76.66322326660156,-2.0079109764830094,-17.207649965972106,-93.72165263238401,29.65474,11.9001465,22.762768,6.540374,-15.261635,-14.301761,22.839457,-7.518321,-3.0241232,7.433293,-12.028363,12.420621,-2.8743565,-3.9239054,16.412258,-1.3553987,14.215108,-41.26374,64.41895,4.8652234,8.63389,8.668436,-2.3495686,-11.431196,47.210346,64.59963,18.984976,0.67804533,-4.4552445
1255,2.0568532943725586,13.034917831420898,76.66246795654297,-2.0116448577502446,-17.205107689427887,-93.69163548693844,29.647158,11.916322,22.736263,6.5423336,-15.257998,-14.310581,22.856455,-7.507269,-3.0552006,7.4264183,-12.039445,12.406097,-2.8755407,-3.913008,16.409475,-1.4400842,14.185751,-41.36963,64.564514,4.87017,8.581354,8.652731,-2.3520575,-11.435175,47.254284,64.59959,18.932781,0.7005448,-4.486818
1256,2.0403473377227783,13.030767440795898,76.66183471679688,-2.0129614387638024,-17.204771692723178,-93.66245360462496,29.64253,11.930409,22.70971,6.543147,-15.253657,-14.316456,22.875666,-7.496718,-3.0862744,7.41907,-12.04984,12.393418,-2.8797505,-3.9067852,16.41548,-1.4960834,14.17058,-41.42418,64.672424,4.814068,8.542223,8.626668,-2.3612847,-11.438271,47.29213,64.59768,18.872381,0.7239772,-4.508839
1257,2.0244839191436768,13.024194717407227,76.66088104248047,-2.0135838552280534,-17.206445318937995,-93.63450939533864,29.638323,11.942383,22.681984,6.546962,-15.250363,-14.317189,22.895792,-7.4895864,-3.1167145,7.413309,-12.060059,12.383872,-2.8763845,-3.9055207,16.420359,-1.5366942,14.153809,-41.443012,64.774925,4.66942,8.523197,8.589594,-2.3620102,-11.443335,47.329506,64.58589,18.81122,0.7490063,-4.5252986
1258,2.0091304779052734,13.020057678222656,76.6605224609375,-2.010709431833483,-17.209802761203758,-93.60828833422336,29.636627,11.9520235,22.654383,6.5492797,-15.246058,-14.314239,22.91795,-7.482698,-3.1466777,7.4051876,-12.068673,12.375747,-2.8683484,-3.9073765,16.43273,-1.5553929,14.147857,-41.41552,64.85323,4.455993,8.517407,8.535954,-2.3644454,-11.447,47.354053,64.569984,18.724754,0.78105986,-4.539534
1259,1.9920138120651245,13.015299797058105,76.66082763671875,-2.007749215050114,-17.214422154947414,-93.58326162598797,29.636398,11.962149,22.628304,6.551243,-15.24068,-14.311984,22.94074,-7.476643,-3.1751697,7.3977346,-12.0766,12.368207,-2.868929,-3.9101772,16.446243,-1.5548359,14.146166,-41.354385,64.91622,4.1868277,8.507149,8.482954,-2.3723595,-11.452874,47.39212,64.55754,18.648188,0.81184185,-4.549804
1260,1.9787040948867798,13.01381778717041,76.66097259521484,-2.0080520582195986,-17.219812209073613,-93.55829040568017,29.63808,11.974359,22.604424,6.5532966,-15.236078,-14.313976,22.964521,-7.4675536,-3.2031186,7.3897862,-12.083419,12.35994,-2.8699133,-3.910961,16.459133,-1.543826,14.150598,-41.297028,64.96634,3.8723316,8.475479,8.445947,-2.3809104,-11.45869,47.431763,64.551094,18.600487,0.8333128,-4.5519333
1261,1.9650459289550781,13.008763313293457,76.66081237792969,-2.010281000861587,-17.225226536266977,-93.53579443695034,29.641708,11.990278,22.58573,6.554578,-15.230939,-14.322712,22.988026,-7.455703,-3.2283173,7.379599,-12.086541,12.351148,-2.8827536,-3.9070444,16.469145,-1.5064465,14.162747,-41.23169,64.988945,3.4900887,8.409976,8.436929,-2.396262,-11.466173,47.489544,64.55288,18.598392,0.84517324,-4.541282
1262,1.951601505279541,13.003772735595703,76.66048431396484,-2.0153324576902385,-17.23107396567821,-93.51675755256218,29.647766,12.008312,22.57249,6.555499,-15.225816,-14.33561,23.009571,-7.4413695,-3.249588,7.371975,-12.08929,12.341868,-2.8758154,-3.8997023,16.476702,-1.4720392,14.178499,-41.182865,65.01596,3.0290434,8.3201885,8.443861,-2.4022415,-11.473091,47.530655,64.557785,18.61583,0.84853965,-4.520085
1263,1.9363971948623657,13.000388145446777,76.6600570678711,-2.0197581865231893,-17.23870027223432,-93.49330369119679,29.654562,12.026179,22.555264,6.5559793,-15.220411,-14.3496,23.035677,-7.4273233,-3.275074,7.36138,-12.090504,12.332782,-2.8991497,-3.8966906,16.489737,-1.394992,14.217567,-41.10227,64.98541,2.5638356,8.232206,8.44905,-2.4208534,-11.486512,47.60655,64.56143,18.659609,0.84800154,-4.50008
1264,1.9232134819030762,12.99566650390625,76.65878295898438,-2.023381040342409,-17.249709041980157,-93.46142072562631,29.660109,12.043244,22.528374,6.556744,-15.212902,-14.36228,23.067251,-7.414468,-3.3084433,7.3513384,-12.093469,12.323753,-2.910068,-3.8974555,16.508821,-1.3362724,14.257417,-41.047413,64.963295,2.1376328,8.163413,8.435341,-2.433381,-11.497702,47.662968,64.565956,18.70005,0.84121466,-4.4877043
1265,1.9078222513198853,13.000295639038086,76.6590347290039,-2.0259685689334925,-17.266902609029476,-93.41482903138959,29.665289,12.057682,22.484514,6.5577564,-15.2035,-14.373077,23.109922,-7.4063487,-3.355957,7.341052,-12.098611,12.316161,-2.938753,-3.9109926,16.542751,-1.2649348,14.323795,-40.981094,64.90255,1.7524575,8.121461,8.384709,-2.4514143,-11.512743,47.73344,64.56819,18.742352,0.830651,-4.495101
1266,1.8922351598739624,13.000690460205078,76.65867614746094,-2.0257822560065377,-17.288813939909893,-93.35813191657762,29.66913,12.071094,22.428846,6.5617614,-15.193786,-14.383347,23.161951,-7.3990197,-3.4138522,7.3273735,-12.103415,12.309293,-2.9721382,-3.9325182,16.587223,-1.1846435,14.410771,-40.91474,64.81127,1.3825195,8.096285,8.311367,-2.4706578,-11.52786,47.80441,64.56965,18.78969,0.8153122,-4.514105
1267,1.8772104978561401,12.997278213500977,76.65686798095703,-2.026585789477642,-17.309719597569448,-93.30090941523875,29.672485,12.084679,22.373106,6.564274,-15.183691,-14.392972,23.21205,-7.391777,-3.4714894,7.315129,-12.108982,12.301266,-2.9993563,-3.9524229,16.62826,-1.1142099,14.486661,-40.86861,64.73768,1.0558295,8.078129,8.245064,-2.4905114,-11.538478,47.867847,64.578575,18.84574,0.7923139,-4.526338
1268,1.861444354057312,12.994617462158203,76.65633392333984,-2.029066727941123,-17.324175728570257,-93.25303914806692,29.672235,12.101693,22.328272,6.5679755,-15.175527,-14.402088,23.251316,-7.380473,-3.5193138,7.305067,-12.114705,12.289706,-3.018408,-3.9666398,16.659094,-1.0486014,14.552303,-40.850338,64.68703,0.8010669,8.05784,8.211546,-2.5096319,-11.546511,47.92519,64.585335,18.916662,0.76004267,-4.5131097
1269,1.8454303741455078,12.99150276184082,76.65584564208984,-2.035309137497352,-17.3303754917816,-93.21923489574652,29.671091,12.1223345,22.30027,6.5697193,-15.169651,-14.409763,23.276886,-7.3639894,-3.5526218,7.2971416,-12.12025,12.272494,-3.0253983,-3.9717317,16.67598,-0.9909716,14.600615,-40.86914,64.669304,0.6417287,8.036105,8.225433,-2.527832,-11.552368,47.974987,64.58927,19.02361,0.70766616,-4.459559
1270,1.8304762840270996,12.989686012268066,76.65563201904297,-2.0421363242201767,-17.331171696118794,-93.19344142824043,29.667353,12.146104,22.281828,6.5727673,-15.166007,-14.4164295,23.292961,-7.344072,-3.5774686,7.2915926,-12.126099,12.251369,-3.0281503,-3.975595,16.686953,-0.9246451,14.658914,-40.913593,64.648384,0.5542831,8.016478,8.268172,-2.5466158,-11.560018,48.02548,64.58662,19.160118,0.6399165,-4.3790827
1271,1.8128302097320557,12.986801147460938,76.65583038330078,-2.0507648654404163,-17.32839548134,-93.16979404985075,29.661192,12.169966,22.265707,6.5742383,-15.161713,-14.423491,23.304129,-7.3236437,-3.5997448,7.2866282,-12.132036,12.229982,-3.02622,-3.9805255,16.696638,-0.84876454,14.732143,-40.970715,64.612274,0.50680995,7.998333,8.319591,-2.5612237,-11.570463,48.069798,64.57139,19.282915,0.5783018,-4.2942986
1272,1.797136902809143,12.983036041259766,76.65646362304688,-2.056965553049824,-17.32316472538848,-93.14398837565443,29.650566,12.191589,22.244633,6.57622,-15.156951,-14.432184,23.313465,-7.305838,-3.6250536,7.2808504,-12.137399,12.212279,-3.0243838,-3.9828718,16.701536,-0.7899245,14.779471,-41.022938,64.60763,0.47173184,7.975773,8.363359,-2.573177,-11.57737,48.10725,64.558075,19.349962,0.54312164,-4.228136
1273,1.7838798761367798,12.98072338104248,76.65716552734375,-2.061445280582771,-17.31469369925244,-93.11319577058222,29.632519,12.20991,22.215252,6.579017,-15.150251,-14.444121,23.321438,-7.291884,-3.656067,7.2733307,-12.142515,12.199556,-3.023939,-3.990349,16.707521,-0.71155655,14.850965,-41.071537,64.56355,0.44651884,7.95025,8.398689,-2.5769727,-11.587689,48.13957,64.5262,19.335278,0.54685915,-4.1891356
1274,1.769970178604126,12.97814655303955,76.65786743164062,-2.0646614532371785,-17.302744857437776,-93.08099756225069,29.609709,12.226127,22.182323,6.5806623,-15.141956,-14.45808,23.326527,-7.279826,-3.6891131,7.264282,-12.147146,12.189647,-3.0259888,-3.9945023,16.705637,-0.65369207,14.889911,-41.115387,64.56208,0.45451608,7.9155664,8.435717,-2.580706,-11.59287,48.167374,64.49867,19.26428,0.5751591,-4.1624274
1275,1.754188895225525,12.974764823913574,76.65863800048828,-2.0674476941873485,-17.28930471693177,-93.04896577102014,29.585014,12.241831,22.148952,6.5825605,-15.133936,-14.471724,23.329502,-7.26818,-3.7217858,7.2558923,-12.15135,12.181004,-3.0250008,-4.0001116,16.70517,-0.58277094,14.944058,-41.164253,64.53702,0.46392143,7.891105,8.464233,-2.5808094,-11.599678,48.193436,64.46404,19.183596,0.6123048,-4.1452127
1276,1.7399139404296875,12.972299575805664,76.65937042236328,-2.0723078547568496,-17.27685287745032,-93.01939876881586,29.561954,12.259216,22.11891,6.586049,-15.128361,-14.482654,23.332422,-7.254394,-3.7514799,7.2469907,-12.153622,12.171839,-3.0231562,-4.002264,16.704514,-0.52510816,14.978922,-41.207176,64.541595,0.46362787,7.8813105,8.474969,-2.587079,-11.603978,48.222748,64.44444,19.13638,0.6407917,-4.129002
1277,1.7248386144638062,12.968751907348633,76.66024780273438,-2.077865975840247,-17.265978455427437,-92.99276588770488,29.543322,12.278407,22.093174,6.5878325,-15.124403,-14.489021,23.337101,-7.2374363,-3.7774136,7.236215,-12.153064,12.162714,-3.0171592,-4.0015483,16.705832,-0.47274548,15.005532,-41.243507,64.56209,0.4602719,7.8978806,8.446548,-2.5956542,-11.607091,48.251644,64.433365,19.137707,0.6589689,-4.114521
1278,1.7112241983413696,12.96696949005127,76.6613998413086,-2.0851646477767183,-17.255640294355395,-92.9679854859283,29.525206,12.298995,22.069496,6.5918717,-15.123182,-14.492518,23.341875,-7.218945,-3.8008661,7.224991,-12.150921,12.154194,-3.0086935,-3.9990597,16.708979,-0.42431527,15.024624,-41.273685,64.59337,0.46042874,7.932966,8.38964,-2.606927,-11.609233,48.27846,64.42874,19.160828,0.67488635,-4.1038604
1279,1.698726773262024,12.964381217956543,76.6628189086914,-2.0933212522415534,-17.244544149767307,-92.94460807322527,29.507078,12.319592,22.04754,6.5944457,-15.120829,-14.496096,23.343346,-7.1999598,-3.8228664,7.216924,-12.149399,12.1445675,-3.0008965,-3.9962785,16.710241,-0.36873978,15.048637,-41.314377,64.616066,0.4283868,7.9730945,8.346093,-2.6177216,-11.611818,48.317894,64.42668,19.200762,0.6870258,-4.099111
1280,1.6866098642349243,12.961912155151367,76.66412353515625,-2.1014295776190517,-17.23176208396437,-92.92217912407632,29.487003,12.340099,22.026424,6.5954423,-15.11497,-14.502595,23.341578,-7.181093,-3.8446245,7.2091813,-12.147128,12.132157,-2.9948766,-3.9921613,16.714582,-0.32692626,15.064531,-41.35511,64.65367,0.36181435,7.997802,8.350065,-2.636431,-11.6133375,48.357105,64.433136,19.22474,0.6950903,-4.092249
1281,1.67352294921875,12.960216522216797,76.66482543945312,-2.108428574575086,-17.217887400106477,-92.90154900623484,29.464144,12.361441,22.006098,6.5985413,-15.1068,-14.514225,23.335138,-7.1622224,-3.8661554,7.205834,-12.146292,12.11438,-2.9916441,-3.9896832,16.715792,-0.28138694,15.090237,-41.432426,64.68475,0.20463623,8.00211,8.43803,-2.6552827,-11.614642,48.42323,64.443825,19.26093,0.6900714,-4.0910535
1282,1.661257028579712,12.959835052490234,76.66651916503906,-2.115977484952617,-17.20306245173228,-92.88242104812088,29.440016,12.383236,21.98695,6.601205,-15.095875,-14.528927,23.32467,-7.14299,-3.8868098,7.2057714,-12.145731,12.09298,-2.9889643,-3.9857934,16.720404,-0.24253805,15.113601,-41.52241,64.7212,-0.0039274,7.9955335,8.579589,-2.6811361,-11.6149,48.492664,64.4641,19.295313,0.67659503,-4.091389
1283,1.6470495462417603,12.95981216430664,76.66883850097656,-2.1226923704408676,-17.18593192018844,-92.86382716611176,29.41343,12.403613,21.968557,6.603596,-15.084419,-14.543249,23.311834,-7.1247053,-3.9069917,7.2046113,-12.144701,12.072098,-2.9852843,-3.9810631,16.724194,-0.21250565,15.129073,-41.601036,64.76624,-0.21151191,7.9849596,8.722758,-2.7087436,-11.61423,48.55792,64.487114,19.312626,0.6683518,-4.089907
1284,1.632285475730896,12.960779190063477,76.67098999023438,-2.128003861944198,-17.1646487986315,-92.84512316168296,29.382212,12.421136,21.94989,6.6050715,-15.072839,-14.553877,23.29446,-7.109361,-3.9267793,7.2040596,-12.1446905,12.056223,-2.9767215,-3.9787006,16.719147,-0.18233567,15.1460705,-41.661446,64.80677,-0.38119817,7.980577,8.818209,-2.7312367,-11.612214,48.621635,64.50929,19.30643,0.6777822,-4.0871615
1285,1.6180078983306885,12.960383415222168,76.67359924316406,-2.127649837362428,-17.138025686003296,-92.8267272697278,29.344168,12.434606,21.930925,6.607765,-15.06225,-14.558812,23.274412,-7.0984206,-3.9460583,7.1977825,-12.142713,12.048501,-2.963077,-3.9775672,16.709593,-0.15729342,15.157241,-41.67779,64.84437,-0.48657447,7.986755,8.845272,-2.7515643,-11.610024,48.66621,64.52787,19.248705,0.71647954,-4.0786457
1286,1.6052682399749756,12.961265563964844,76.67678833007812,-2.1266484415612386,-17.10705082000065,-92.8079277013897,29.301899,12.44394,21.911795,6.6101975,-15.052442,-14.559663,23.249811,-7.09122,-3.9650357,7.1919217,-12.142011,12.04603,-2.9535882,-3.9782438,16.691658,-0.12480161,15.166413,-41.665962,64.8712,-0.5640482,7.998963,8.835564,-2.7719483,-11.607243,48.716793,64.5473,19.167604,0.77372843,-4.069553
1287,1.5920934677124023,12.96103286743164,76.68047332763672,-2.1256725119043787,-17.07363183773785,-92.78929409949423,29.255123,12.453751,21.892488,6.6137705,-15.042291,-14.56062,23.222694,-7.0843253,-3.983779,7.185123,-12.140517,12.043748,-2.9514427,-3.9811556,16.672024,-0.09020003,15.176591,-41.627598,64.89362,-0.611754,8.011491,8.806422,-2.7981727,-11.6026945,48.776886,64.572334,19.080303,0.83452654,-4.0586314
1288,1.5819683074951172,12.960639953613281,76.68453979492188,-2.125472508379635,-17.039230724205105,-92.77061433179038,29.208473,12.465763,21.873365,6.615636,-15.031823,-14.5647,23.192905,-7.0746026,-4.0026464,7.180836,-12.139393,12.036546,-2.952764,-3.9834723,16.65353,-0.05842766,15.186928,-41.583393,64.91688,-0.64065003,8.020219,8.778346,-2.8277502,-11.595984,48.843784,64.60184,19.01064,0.88345623,-4.046891
1289,1.5660911798477173,12.960152626037598,76.68838500976562,-2.128136026225108,-17.00360632689692,-92.75151848989483,29.160706,12.481963,21.854551,6.6166596,-15.021908,-14.573886,23.161375,-7.0603433,-4.022369,7.1757793,-12.135928,12.021727,-2.9209492,-3.9754956,16.639488,-0.054342166,15.188502,-41.57617,64.96068,-0.6551836,8.023536,8.756896,-2.8408537,-11.594766,48.865242,64.62382,18.935667,0.9247646,-4.0342474
1290,1.5525743961334229,12.95977783203125,76.69241333007812,-2.1344305876533527,-16.964366259217726,-92.73177938439494,29.107393,12.501257,21.835407,6.6210966,-15.014346,-14.585844,23.122389,-7.043812,-4.042178,7.177123,-12.134381,12.002391,-2.928689,-3.9732249,16.616108,-0.026496593,15.193673,-41.524498,64.99134,-0.6463887,8.02402,8.731469,-2.875541,-11.586897,48.95463,64.66738,18.890903,0.96215314,-4.0278597
1291,1.5409613847732544,12.958995819091797,76.69580078125,-2.1386552810082464,-16.925659591367452,-92.71280041925422,29.055624,12.519584,21.816132,6.623911,-15.005754,-14.59815,23.084145,-7.027347,-4.061763,7.1778183,-12.132672,11.982593,-2.9162953,-3.9675086,16.59716,-0.01657474,15.195833,-41.491337,65.028984,-0.6247826,8.023872,8.700291,-2.9005914,-11.580879,49.01256,64.704506,18.853859,0.9848493,-4.013586
1292,1.5293240547180176,12.958878517150879,76.69869995117188,-2.141750510435102,-16.88912686667681,-92.69425401148769,29.005333,12.535547,21.795523,6.6267004,-14.995212,-14.608488,23.04904,-7.013625,-4.080773,7.1764975,-12.130838,11.9664955,-2.9139175,-3.9640174,16.578655,-0.0075046965,15.197,-41.45628,65.06299,-0.6000878,8.023617,8.663295,-2.933028,-11.572586,49.08429,64.748474,18.861423,0.97935134,-3.9881063
1293,1.5171761512756348,12.9605712890625,76.70088195800781,-2.14192526171262,-16.85656828564662,-92.67825140218197,28.96001,12.54672,21.774155,6.62707,-14.98057,-14.615967,23.01921,-7.003833,-4.0975094,7.172778,-12.129565,11.95559,-2.8892722,-3.959846,16.566833,-0.017863449,15.197069,-41.445786,65.10147,-0.57466626,8.023519,8.613392,-2.9529111,-11.568828,49.123695,64.78175,18.92689,0.92612475,-3.9436767
1294,1.5046238899230957,12.96054744720459,76.70465850830078,-2.139833692194734,-16.82584960582023,-92.66271769253835,28.91448,12.555983,21.750679,6.631121,-14.966013,-14.621737,22.989801,-6.996653,-4.113387,7.1719775,-12.131034,11.947688,-2.8915546,-3.9599872,16.549887,-0.015981209,15.195686,-41.415436,65.133064,-0.5446732,8.021198,8.555328,-2.991407,-11.559906,49.209976,64.83779,19.068773,0.83390045,-3.8896272
1295,1.4955739974975586,12.963128089904785,76.70809173583984,-2.1377925802159483,-16.795050516535586,-92.64689507719156,28.868984,12.564119,21.726793,6.6333613,-14.94994,-14.627102,22.961945,-6.9903555,-4.130152,7.1680408,-12.130647,11.940808,-2.8882236,-3.9592187,16.536009,-0.026401808,15.193803,-41.400223,65.16559,-0.5085309,8.020325,8.498805,-3.0268419,-11.5519705,49.280678,64.886505,19.195324,0.74495083,-3.8296857
1296,1.4826875925064087,12.964625358581543,76.71223449707031,-2.1355633991183485,-16.76120226481827,-92.62820648935825,28.820097,12.572908,21.702261,6.6354938,-14.935236,-14.632807,22.93115,-6.983818,-4.1500106,7.1647987,-12.129184,11.933274,-2.8830242,-3.9554346,16.524025,-0.047904763,15.192332,-41.405167,65.194954,-0.4651645,8.022674,8.4556465,-3.0597074,-11.54727,49.33245,64.92152,19.244837,0.6976651,-3.7710848
1297,1.47467041015625,12.964881896972656,76.71581268310547,-2.136086688301111,-16.720845008381243,-92.60352023864974,28.761686,12.582487,21.674868,6.638906,-14.922222,-14.639487,22.8942,-6.977575,-4.176169,7.1625304,-12.126082,11.925343,-2.9062777,-3.952443,16.500937,-0.064458914,15.189079,-41.422695,65.2203,-0.4295978,8.026807,8.441672,-3.1062586,-11.539683,49.412193,64.961,19.212044,0.7114297,-3.7182524
1298,1.4642634391784668,12.964498519897461,76.7199478149414,-2.135589570585411,-16.6769229597561,-92.57547109434343,28.69891,12.592184,21.6458,6.641477,-14.909382,-14.646558,22.85499,-6.9714,-4.206387,7.158753,-12.120838,11.917622,-2.9292028,-3.9469023,16.48353,-0.09225103,15.187405,-41.45129,65.23912,-0.38092768,8.033545,8.441493,-3.153041,-11.536229,49.46214,64.98512,19.098341,0.7654151,-3.6600156
1299,1.451604962348938,12.965337753295898,76.72327423095703,-2.136950921385224,-16.633926595412813,-92.54748683400818,28.637102,12.602176,21.617535,6.6446247,-14.8974695,-14.653311,22.816559,-6.9650187,-4.2362723,7.155079,-12.115422,11.90907,-2.9559264,-3.9404316,16.460518,-0.12428173,15.184218,-41.501785,65.26066,-0.33778614,8.042694,8.442003,-3.200482,-11.531105,49.534813,65.01395,18.984612,0.8237761,-3.6095502
1300,1.4422320127487183,12.969342231750488,76.72687530517578,-2.1375744961473204,-16.59759033613496,-92.52340848456446,28.583984,12.61277,21.592583,6.6472373,-14.885884,-14.658736,22.783255,-6.9574137,-4.261473,7.15296,-12.111648,11.89863,-2.972944,-3.9310324,16.442646,-0.1643668,15.180023,-41.559486,65.28285,-0.28053045,8.055272,8.420877,-3.2456543,-11.525638,49.613663,65.04729,18.905558,0.8559148,-3.568071
1301,1.4318642616271973,12.972667694091797,76.72989654541016,-2.1393835291020173,-16.570307929740753,-92.50362538325565,28.54271,12.623951,21.571726,6.6493764,-14.875212,-14.662119,22.756481,-6.948845,-4.2808027,7.154671,-12.11134,11.885154,-2.9799519,-3.9180691,16.4337,-0.21595931,15.174783,-41.625973,65.305595,-0.20945616,8.071855,8.37189,-3.28991,-11.519962,49.704838,65.08698,18.873596,0.8492922,-3.5405376
1302,1.4194166660308838,12.974609375,76.73246002197266,-2.1407080288811358,-16.548627198066846,-92.4864108537138,28.508379,12.635638,21.553226,6.651771,-14.865659,-14.663864,22.735783,-6.939027,-4.2971926,7.1549525,-12.111331,11.869348,-2.984021,-3.902355,16.4269,-0.27421603,15.168333,-41.702465,65.329475,-0.13134135,8.090821,8.306834,-3.334579,-11.514053,49.812347,65.133675,18.870953,0.82104075,-3.5239558
1303,1.4082664251327515,12.97636604309082,76.73531341552734,-2.1436466852046894,-16.529588324417038,-92.47150590416686,28.477848,12.647983,21.537237,6.6538105,-14.855842,-14.6658325,22.716364,-6.928462,-4.310533,7.155757,-12.11128,11.853443,-2.9850483,-3.8853738,16.423174,-0.33632407,15.16217,-41.777805,65.351135,-0.03683304,8.112566,8.22911,-3.3785863,-11.509165,49.918766,65.179245,18.876064,0.7881807,-3.5084276
1304,1.3993849754333496,12.979409217834473,76.73799133300781,-2.145121643973282,-16.510222611625185,-92.45974435136677,28.4483,12.660479,21.52376,6.6560473,-14.846413,-14.669642,22.695438,-6.91698,-4.3210692,7.1571636,-12.111007,11.839195,-2.9822066,-3.868079,16.421358,-0.39759094,15.15666,-41.84389,65.36696,0.080920726,8.137181,8.142585,-3.419989,-11.505337,50.011593,65.21609,18.8729,0.7667077,-3.4845288
1305,1.390576958656311,12.981040954589844,76.7398681640625,-2.147925790586833,-16.4894398975277,-92.45188119901457,28.419188,12.672958,21.51384,6.6569457,-14.835837,-14.676108,22.672544,-6.9045634,-4.327816,7.156468,-12.108938,11.827131,-2.978636,-3.8504424,16.41201,-0.45329887,15.1477,-41.90369,65.38065,0.223534,8.168513,8.044105,-3.4569707,-11.499983,50.10517,65.24958,18.879549,0.75615466,-3.447743
1306,1.3805294036865234,12.982830047607422,76.7422103881836,-2.1511107716786313,-16.469019142672717,-92.44739579496016,28.391598,12.685755,21.506788,6.658028,-14.825272,-14.684131,22.649446,-6.8912563,-4.331079,7.154368,-12.105753,11.81628,-2.9689887,-3.8316703,16.407024,-0.5107958,15.140658,-41.95088,65.38674,0.3998683,8.204469,7.928376,-3.492585,-11.496284,50.1792,65.27565,18.882,0.7507999,-3.3985455
1307,1.369144320487976,12.984951972961426,76.74544525146484,-2.153977547300505,-16.449206424421877,-92.44435914098793,28.364704,12.699346,21.500893,6.659691,-14.8145075,-14.692953,22.62726,-6.8771496,-4.333328,7.151407,-12.101693,11.806288,-2.957838,-3.8136108,16.40406,-0.56983364,15.134864,-41.99814,65.39298,0.57664376,8.236836,7.814017,-3.5272512,-11.493716,50.248596,65.29798,18.876814,0.7527433,-3.3543777
1308,1.3578777313232422,12.98851203918457,76.7474365234375,-2.156734904361092,-16.429697054033394,-92.43993362674667,28.33826,12.713102,21.494349,6.660915,-14.803934,-14.7011,22.605675,-6.8627214,-4.3372555,7.148538,-12.09704,11.797042,-2.9483042,-3.7977319,16.405262,-0.63279206,15.13167,-42.0484,65.405914,0.7288546,8.255185,7.7162905,-3.5632277,-11.492421,50.312893,65.31759,18.852243,0.7641629,-3.32762
1309,1.3477246761322021,12.99390983581543,76.75038146972656,-2.160408868543,-16.410529232304295,-92.43390745705138,28.31164,12.728687,21.486809,6.6623096,-14.79277,-14.709069,22.585846,-6.847142,-4.343129,7.144072,-12.0896225,11.789458,-2.9450922,-3.784641,16.400057,-0.6981927,15.126797,-42.12386,65.43963,0.82504,8.25079,7.648553,-3.5963914,-11.490119,50.403,65.339424,18.81173,0.7928623,-3.33694
1310,1.3345941305160522,12.993626594543457,76.7524642944336,-2.1644251937046755,-16.391648425188407,-92.4276046745172,28.285486,12.744931,21.479387,6.663047,-14.780865,-14.717197,22.567442,-6.8310633,-4.3496943,7.1378403,-12.080028,11.783413,-2.9422467,-3.7740085,16.399279,-0.76848173,15.122967,-42.197556,65.482025,0.9039882,8.230388,7.595158,-3.6316388,-11.487829,50.48346,65.35995,18.741503,0.8365273,-3.3646247
1311,1.3207017183303833,12.995870590209961,76.75530242919922,-2.167615311590872,-16.37279869115057,-92.4207140221532,28.258907,12.760874,21.471407,6.6644287,-14.769619,-14.724617,22.549646,-6.815049,-4.35729,7.131712,-12.071437,11.776679,-2.9397438,-3.7639015,16.391766,-0.8396776,15.117903,-42.291523,65.53208,0.95806426,8.210247,7.5512075,-3.6641364,-11.484283,50.57814,65.385155,18.694508,0.8745124,-3.398084
1312,1.3090382814407349,12.997142791748047,76.75804901123047,-2.170610164707848,-16.35414890189203,-92.41263877546027,28.23139,12.77595,21.462006,6.66615,-14.758725,-14.730588,22.530973,-6.800865,-4.365978,7.1271176,-12.065048,11.767501,-2.9382098,-3.7532582,16.393984,-0.91166264,15.115474,-42.369167,65.56628,1.033676,8.205402,7.498008,-3.7026346,-11.482313,50.65282,65.40779,18.670942,0.8914316,-3.4088469
1313,1.298893690109253,12.998601913452148,76.76022338867188,-2.1714043719074465,-16.334588344408566,-92.40364489351913,28.20202,12.788319,21.450521,6.667704,-14.748439,-14.733714,22.509289,-6.789567,-4.376287,7.1272335,-12.064342,11.754008,-2.9366717,-3.7418625,16.386034,-0.9825662,15.111147,-42.478394,65.59661,1.1045445,8.225667,7.441705,-3.7386239,-11.479396,50.74675,65.440094,18.730526,0.8681806,-3.3981037
1314,1.2889783382415771,13.0032377243042,76.76294708251953,-2.171771185007857,-16.315101999546187,-92.39354978848395,28.171738,12.799132,21.437292,6.6693854,-14.73884,-14.73461,22.485739,-6.780332,-4.387954,7.1312943,-12.067609,11.737654,-2.9366705,-3.730265,16.382624,-1.0561291,15.10714,-42.5869,65.61919,1.1874428,8.260865,7.381502,-3.779412,-11.477419,50.832417,65.474434,18.826124,0.82112616,-3.370104
1315,1.27622652053833,13.006904602050781,76.76542663574219,-2.1723596327839876,-16.296249951329305,-92.38295024300577,28.142326,12.809759,21.424507,6.671005,-14.729715,-14.735907,22.464067,-6.77092,-4.4000077,7.133351,-12.070575,11.721239,-2.9364665,-3.7185333,16.381313,-1.1273606,15.1039295,-42.68647,65.63684,1.2623973,8.296756,7.320424,-3.8205557,-11.476606,50.912437,65.50663,18.922258,0.77359575,-3.3372993
1316,1.2630428075790405,13.011619567871094,76.76670837402344,-2.174261886367553,-16.278426416097112,-92.37314803236714,28.114798,12.822321,21.413593,6.672456,-14.719545,-14.739948,22.444376,-6.7598863,-4.411195,7.1335435,-12.071485,11.707625,-2.9313288,-3.705757,16.375605,-1.1935271,15.099654,-42.780544,65.658134,1.3014216,8.319717,7.2633924,-3.8545692,-11.476312,50.993256,65.53396,18.988674,0.74872214,-3.3140602
1317,1.2512630224227905,13.017696380615234,76.76945495605469,-2.177279351316,-16.263542200516408,-92.36418058789904,28.091032,12.837298,21.406199,6.6736183,-14.708339,-14.748107,22.43039,-6.74679,-4.42111,7.128079,-12.068859,11.698813,-2.9238136,-3.6922271,16.381107,-1.2530664,15.097842,-42.8298,65.66988,1.316407,8.324369,7.2067184,-3.8907146,-11.47667,51.049046,65.549965,18.978958,0.76056457,-3.296305
1318,1.2388712167739868,13.01992416381836,76.77104187011719,-2.1798260553327555,-16.249510526773264,-92.35592632140778,28.069223,12.853291,21.400976,6.6746583,-14.697125,-14.758419,22.417099,-6.7325954,-4.4302654,7.1221128,-12.065432,11.692988,-2.9170961,-3.6795018,16.374292,-1.3053745,15.094439,-42.886467,65.69108,1.2698841,8.3172,7.160014,-3.9201024,-11.47746,51.13354,65.565704,18.969973,0.7891974,-3.2908945
1319,1.226712942123413,13.019636154174805,76.77283477783203,-2.1853798284091885,-16.236091717638207,-92.34716230013981,28.04838,12.870354,21.39573,6.675765,-14.685621,-14.769897,22.405218,-6.7171297,-4.4394016,7.1160855,-12.06158,11.68671,-2.9094198,-3.6660676,16.374283,-1.355138,15.091963,-42.919975,65.705124,1.2392337,8.306917,7.1068006,-3.9515908,-11.478417,51.19722,65.57901,18.935728,0.82525444,-3.2826064
1320,1.2145195007324219,13.022248268127441,76.77526092529297,-2.190242309280229,-16.221390159086763,-92.33779175474382,28.02586,12.888451,21.387924,6.67641,-14.6730795,-14.781426,22.3917,-6.7003593,-4.449261,7.1109247,-12.057098,11.6767845,-2.9068499,-3.6527824,16.368944,-1.3996475,15.089075,-42.95261,65.71912,1.2353224,8.299723,7.0461783,-3.979598,-11.4794445,51.266876,65.59351,18.924372,0.8523481,-3.274728
1321,1.2015835046768188,13.024171829223633,76.77754211425781,-2.1965910360930265,-16.205257303843357,-92.32802517914511,28.001417,12.908067,21.377275,6.677472,-14.659974,-14.793538,22.37545,-6.6818795,-4.4592195,7.1091805,-12.052788,11.661301,-2.9011877,-3.6385841,16.366152,-1.4439912,15.087834,-42.978268,65.72836,1.2929425,8.301058,6.966013,-4.0051827,-11.48004,51.310425,65.60886,18.919872,0.8688917,-3.2598941
1322,1.1876115798950195,13.026565551757812,76.77984619140625,-2.203488306794985,-16.187561059569955,-92.31764739621833,27.975462,12.929269,21.36457,6.679038,-14.64675,-14.806529,22.357487,-6.6615806,-4.469525,7.107736,-12.046819,11.6424465,-2.9041753,-3.6260247,16.349663,-1.4848249,15.08453,-43.0204,65.74903,1.350288,8.304151,6.8799534,-4.0268927,-11.480692,51.39011,65.62927,18.962132,0.8777946,-3.2520444
1323,1.171182632446289,13.027782440185547,76.78199768066406,-2.2112910090552864,-16.170042757374684,-92.30625768748644,27.94918,12.950469,21.350582,6.6805425,-14.633139,-14.818709,22.340586,-6.640742,-4.4809504,7.1055546,-12.040615,11.622815,-2.9018507,-3.6123776,16.339893,-1.52523,15.082449,-43.046307,65.76247,1.4281291,8.30381,6.793028,-4.0478234,-11.480907,51.438915,65.64822,18.983238,0.8859867,-3.2398183
1324,1.1596167087554932,13.030797004699707,76.78425598144531,-2.217688223054241,-16.1525433118145,-92.29302976250678,27.921415,12.971286,21.33552,6.6824775,-14.618802,-14.828605,22.323092,-6.6211143,-4.4942193,7.1043878,-12.035226,11.605465,-2.8995357,-3.5991104,16.329977,-1.563373,15.080249,-43.067745,65.77337,1.4833033,8.292348,6.7225437,-4.0677533,-11.480875,51.4849,65.66924,18.993036,0.89343363,-3.2299864
1325,1.1459535360336304,13.034379959106445,76.78723907470703,-2.2238273078268813,-16.136617715369248,-92.27536881778589,27.893097,12.990935,21.317284,6.6841493,-14.604032,-14.834351,22.31107,-6.602672,-4.5126233,7.097307,-12.02834,11.5919075,-2.8967316,-3.586714,16.322237,-1.5987828,15.078814,-43.078556,65.782616,1.5067455,8.260096,6.674565,-4.0866857,-11.480739,51.52203,65.69295,18.988611,0.8992149,-3.2256706
1326,1.1319392919540405,13.039944648742676,76.79023742675781,-2.2286400818580745,-16.121616344536974,-92.2548080432079,27.864193,13.010115,21.296576,6.686718,-14.589287,-14.837252,22.299257,-6.5852757,-4.534066,7.0929933,-12.023522,11.580401,-2.897269,-3.575681,16.314777,-1.6319276,15.0771675,-43.08263,65.79186,1.5090957,8.213203,6.6411653,-4.106646,-11.480418,51.562344,65.72197,18.979374,0.9022721,-3.2258406
1327,1.115706205368042,13.044034957885742,76.79329681396484,-2.23232863960187,-16.104664204266363,-92.23560689226359,27.833452,13.029335,21.277508,6.688919,-14.573592,-14.840226,22.286276,-6.5675764,-4.554178,7.0851383,-12.01639,11.56857,-2.9192162,-3.5665867,16.300045,-1.6523409,15.071623,-43.066235,65.79781,1.5057367,8.168296,6.616727,-4.133681,-11.47823,51.63817,65.75631,18.982464,0.9051792,-3.2278636
1328,1.0997248888015747,13.04784107208252,76.79698181152344,-2.237130764973349,-16.08328008255964,-92.22135134182157,27.799946,13.049125,21.263699,6.6904755,-14.556762,-14.846009,22.26545,-6.54855,-4.56816,7.07993,-12.0088625,11.554144,-2.931366,-3.5539534,16.284113,-1.6732526,15.066128,-43.05334,65.79443,1.5194411,8.143375,6.5907173,-4.1580486,-11.475369,51.68545,65.78635,18.965672,0.91253626,-3.2182062
1329,1.084235429763794,13.052389144897461,76.80133819580078,-2.2427840639240575,-16.055869884546244,-92.2162634118406,27.763193,13.070745,21.25956,6.691387,-14.538192,-14.857008,22.233084,-6.527493,-4.571008,7.0794253,-12.001292,11.535604,-2.9312866,-3.5371659,16.262556,-1.6954588,15.061263,-43.057823,65.78322,1.5443287,8.145685,6.5650187,-4.1757007,-11.472761,51.710384,65.80708,18.932438,0.9263937,-3.196295
1330,1.0686919689178467,13.055020332336426,76.80531311035156,-2.2483373957544424,-16.024580928056597,-92.21716258933631,27.724241,13.093351,21.261862,6.6928225,-14.519069,-14.871025,22.194122,-6.505002,-4.5666995,7.079829,-11.992633,11.514545,-2.9247904,-3.5178442,16.237535,-1.7151539,15.058021,-43.06889,65.76284,1.5761702,8.165385,6.542558,-4.1882725,-11.471257,51.719746,65.81973,18.884724,0.94484293,-3.1662695
1331,1.0509306192398071,13.059117317199707,76.80970764160156,-2.2528578059002227,-15.990730902633908,-92.21808723160581,27.682302,13.115189,21.263573,6.693648,-14.498865,-14.884672,22.151886,-6.4828086,-4.562835,7.080938,-11.984095,11.492891,-2.9155142,-3.4986262,16.209417,-1.7364875,15.054796,-43.0849,65.74079,1.6066155,8.193265,6.520312,-4.1989846,-11.469937,51.726276,65.83229,18.839075,0.9625296,-3.1332288
1332,1.0354124307632446,13.062125205993652,76.81419372558594,-2.256965258098586,-15.956653874285676,-92.21246989657526,27.635412,13.13656,21.256868,6.6964197,-14.478126,-14.89478,22.1108,-6.462253,-4.567014,7.0816674,-11.976657,11.472539,-2.9045506,-3.4817448,16.181005,-1.7634132,15.050324,-43.10376,65.72064,1.630924,8.221332,6.494591,-4.2061005,-11.468062,51.733025,65.84548,18.802586,0.9749546,-3.101828
1333,1.0161312818527222,13.068115234375,76.81790924072266,-2.2592183850626744,-15.922975748855121,-92.19653526157066,27.584507,13.154289,21.236818,6.698685,-14.456187,-14.897948,22.07392,-6.4454336,-4.584459,7.080824,-11.970978,11.454417,-2.8959208,-3.46988,16.15308,-1.7945595,15.044862,-43.11513,65.7018,1.6535546,8.25054,6.4608793,-4.209274,-11.465558,51.741962,65.85907,18.774164,0.98156923,-3.0739794
1334,0.9951967000961304,13.070394515991211,76.8228759765625,-2.259989965690776,-15.888150375317963,-92.17437021200419,27.528341,13.170864,21.208096,6.7012615,-14.432911,-14.897143,22.038044,-6.4304013,-4.6103034,7.0782638,-11.965745,11.437316,-2.8939078,-3.4613488,16.12377,-1.8273163,15.036677,-43.11584,65.68317,1.677126,8.284106,6.421873,-4.2127414,-11.461178,51.755882,65.875534,18.750029,0.9845147,-3.046942
1335,0.9771954417228699,13.078989028930664,76.827880859375,-2.2607455069581013,-15.853549574106424,-92.15186951018809,27.472023,13.1873665,21.179317,6.703591,-14.408644,-14.896862,22.00222,-6.415216,-4.6364455,7.07533,-11.960153,11.4201355,-2.8926334,-3.453838,16.096754,-1.8587612,15.031529,-43.114372,65.658485,1.702557,8.317194,6.384983,-4.2187624,-11.457851,51.77324,65.893684,18.733883,0.98520106,-3.0182278
1336,0.9634157419204712,13.088300704956055,76.83346557617188,-2.2625098109144792,-15.819175133076218,-92.13435479962041,27.417574,13.206595,21.158268,6.707435,-14.384937,-14.902016,21.964167,-6.397418,-4.6556635,7.0727234,-11.952456,11.401852,-2.8924563,-3.4449816,16.0703,-1.8903651,15.026654,-43.12047,65.63436,1.724329,8.343827,6.358656,-4.233638,-11.453822,51.805965,65.919685,18.738789,0.9840137,-2.98716
1337,0.9440129399299622,13.095551490783691,76.83829498291016,-2.266742010489047,-15.785534881176819,-92.12700064837499,27.369287,13.229289,21.152111,6.7085357,-14.359206,-14.917136,21.922619,-6.3752856,-4.6618757,7.0719132,-11.942607,11.380858,-2.8889387,-3.43255,16.041134,-1.9195187,15.021248,-43.145664,65.60897,1.7373918,8.368138,6.3513937,-4.257266,-11.447694,51.861847,65.95871,18.778969,0.9797099,-2.9535496
1338,0.9239706993103027,13.101712226867676,76.84284210205078,-2.271195673274271,-15.752326588819662,-92.12531889007859,27.323923,13.254839,21.154648,6.7098413,-14.333429,-14.93848,21.878916,-6.349726,-4.660589,7.0724325,-11.931719,11.357978,-2.8786283,-3.4177155,16.0132,-1.9501075,15.017526,-43.184765,65.58033,1.7470267,8.391461,6.3555255,-4.284898,-11.441276,51.92417,66.0022,18.839779,0.97307193,-2.9169567
1339,0.9039480090141296,13.10999870300293,76.84854888916016,-2.2754365396976675,-15.720031139459522,-92.12307318816164,27.278637,13.280153,21.156168,6.7102895,-14.305875,-14.959032,21.83592,-6.3247256,-4.66022,7.0712605,-11.918857,11.336258,-2.867071,-3.4040425,15.991821,-1.98426,15.015989,-43.223278,65.55038,1.7605958,8.405991,6.359494,-4.3139315,-11.436499,51.977215,66.042366,18.890543,0.9676036,-2.8792784
1340,0.8859406113624573,13.119438171386719,76.85498046875,-2.2793839340869533,-15.688351421788976,-92.11292917402479,27.228683,13.3025255,21.146393,6.71186,-14.277167,-14.9714155,21.795853,-6.303141,-4.6696014,7.0687556,-11.907008,11.318,-2.8667805,-3.3960478,15.966,-2.0160265,15.014097,-43.268322,65.52844,1.7559537,8.403614,6.3597045,-4.3424654,-11.42599,52.044556,66.08748,18.935257,0.96268535,-2.8504198
1341,0.8686864972114563,13.132675170898438,76.86029815673828,-2.278333716986224,-15.658521148948681,-92.09226809366065,27.172678,13.320037,21.119751,6.7150335,-14.245852,-14.969446,21.760439,-6.287829,-4.6931915,7.0634885,-11.895121,11.306613,-2.8727221,-3.3946297,15.9589205,-2.0569117,15.013909,-43.28895,65.50633,1.7667468,8.375681,6.346511,-4.3709316,-11.420409,52.072086,66.11539,18.921734,0.9629327,-2.8191164
1342,0.8502506017684937,13.14577579498291,76.86640167236328,-2.2756693914622668,-15.629971401371504,-92.06445736545903,27.113373,13.334137,21.082966,6.718281,-14.212191,-14.958397,21.728355,-6.276451,-4.7256913,7.055232,-11.882354,11.299857,-2.8851125,-3.3986027,15.957441,-2.1001678,15.014384,-43.30589,65.48699,1.7755765,8.328959,6.3293233,-4.3987336,-11.4144945,52.091843,66.13804,18.884611,0.9651333,-2.7897844
1343,0.8304635286331177,13.161966323852539,76.87264251708984,-2.2734918344017006,-15.6019626143181,-92.03485011989532,27.052252,13.348881,21.04328,6.722824,-14.179248,-14.948514,21.695917,-6.2648673,-4.7604423,7.0485644,-11.870338,11.292187,-2.8980167,-3.4039996,15.956721,-2.1465056,15.0161,-43.325863,65.47214,1.7809647,8.277813,6.3059926,-4.4290323,-11.401689,52.111298,66.16649,18.842314,0.96925116,-2.7668898
1344,0.8101893663406372,13.179108619689941,76.8781967163086,-2.2741312227005723,-15.57472023832391,-92.00818666389141,26.995539,13.366803,21.009947,6.723744,-14.147788,-14.950211,21.662855,-6.248885,-4.79038,7.0426674,-11.857597,11.27822,-2.9045806,-3.403497,15.958687,-2.1910915,15.017888,-43.33652,65.45244,1.80732,8.237631,6.2704587,-4.453986,-11.394201,52.121902,66.18462,18.792135,0.9797966,-2.7498722
1345,0.791596531867981,13.192235946655273,76.88368225097656,-2.278945078125459,-15.54811662942394,-91.98744139747254,26.942347,13.390133,20.985792,6.7248335,-14.1210165,-14.970321,21.625866,-6.22735,-4.812475,7.0427217,-11.846395,11.254276,-2.902622,-3.395427,15.956479,-2.229119,15.019092,-43.342915,65.42819,1.8573056,8.211675,6.216416,-4.469327,-11.390873,52.12933,66.19575,18.737265,0.99786603,-2.745058
1346,0.7697280645370483,13.206302642822266,76.88931274414062,-2.2870247482922346,-15.520915875740204,-91.96873390028459,26.889013,13.41741,20.965298,6.7272105,-14.097773,-15.000033,21.586685,-6.2014728,-4.831381,7.0444636,-11.8348675,11.223879,-2.895911,-3.3869598,15.9560175,-2.2756293,15.024617,-43.351242,65.40863,1.9154528,8.190419,6.1452384,-4.489109,-11.377195,52.13989,66.21178,18.682087,1.0203397,-2.7515237
1347,0.7515142560005188,13.2238130569458,76.89434814453125,-2.2955463706061443,-15.49519113900601,-91.94975498363519,26.837177,13.440259,20.940647,6.7253957,-14.073185,-15.000033,21.548153,-6.1758637,-4.8499184,7.0465083,-11.822992,11.193275,-2.888125,-3.3761885,15.95688,-2.316721,15.028678,-43.35503,65.38484,1.9768722,8.176021,6.0773196,-4.5057297,-11.368952,52.14688,66.22288,18.62496,1.0465778,-2.7596912
1348,0.7310090661048889,13.243322372436523,76.90013122558594,-2.301782805848744,-15.470983907662049,-91.9278215933485,26.783619,13.463072,20.912403,6.7262435,-14.048428,-15.000033,21.512514,-6.1518326,-4.8717203,7.045344,-11.81037,11.167675,-2.8816535,-3.3692229,15.963536,-2.3626316,15.033039,-43.361614,65.3644,2.0196567,8.167801,6.0288014,-4.527072,-11.361303,52.157032,66.23263,18.580425,1.0740746,-2.7647305
1349,0.7106757164001465,13.26279354095459,76.90552520751953,-2.3061813394953874,-15.448751212619499,-91.90099567106536,26.729055,13.485743,20.878645,6.72832,-14.0218725,-15.000033,21.48095,-6.130326,-4.898685,7.0410557,-11.797319,11.149268,-2.8778503,-3.3697674,15.976158,-2.4108346,15.040276,-43.37454,65.345085,2.0347626,8.168102,6.0104804,-4.55379,-11.349505,52.173077,66.24046,18.554678,1.1070507,-2.7675333
1350,0.6928680539131165,13.284272193908691,76.91020965576172,-2.3094180682556935,-15.428233418057557,-91.87081311851868,26.674084,13.508231,20.84131,6.7309027,-13.994438,-15.000033,21.452814,-6.1101074,-4.928913,7.03332,-11.783366,11.134812,-2.875325,-3.376316,15.99076,-2.456367,15.0528755,-43.3935,65.32218,2.0295227,8.176537,6.0111365,-4.5881834,-11.330137,52.194904,66.25841,18.54301,1.1436267,-2.771371
1351,0.6713671088218689,13.305441856384277,76.91442108154297,-2.3121728762495226,-15.408251334192776,-91.84084479376853,26.618979,13.5306,20.804134,6.7328744,-13.965919,-15.000033,21.42457,-6.089903,-4.9588437,7.02487,-11.768412,11.121926,-2.8713272,-3.3801973,16.011162,-2.5085223,15.060859,-43.41087,65.304504,2.0207942,8.188549,6.016464,-4.6221166,-11.318959,52.215458,66.26768,18.533768,1.1770914,-2.7716868
1352,0.6500039100646973,13.32737922668457,76.9198226928711,-2.3159609200604776,-15.388371334328196,-91.81397022333974,26.563194,13.553524,20.770414,6.734871,-13.9357,-15.000033,21.393686,-6.0688567,-4.9851556,7.0163026,-11.75114,11.108145,-2.8620775,-3.384999,16.034214,-2.5677729,15.071013,-43.429398,65.29361,2.0144506,8.199144,6.0119,-4.654949,-11.305877,52.238884,66.27665,18.522163,1.1997479,-2.7708983
1353,0.6270904541015625,13.353079795837402,76.92559051513672,-2.3196130909667696,-15.368414604027116,-91.7920422375868,26.50773,13.576009,20.742289,6.7370005,-13.904813,-15.000033,21.357386,-6.0473385,-5.00566,7.0122037,-11.733803,11.094307,-2.8474016,-3.3863542,16.059887,-2.634736,15.079687,-43.451073,65.286705,2.009093,8.212159,5.989514,-4.6931047,-11.295771,52.270176,66.29587,18.516882,1.2021276,-2.766044
1354,0.6081066727638245,13.383142471313477,76.93128204345703,-2.3236644844096217,-15.348649482527065,-91.77323308566567,26.450914,13.599579,20.717142,6.739843,-13.872349,-15.000033,21.319908,-6.0248985,-5.0229306,7.0057964,-11.713461,11.081224,-2.8321981,-3.390064,16.08651,-2.7021356,15.097348,-43.475082,65.27962,1.9988868,8.226089,5.958621,-4.7386503,-11.275664,52.317398,66.328575,18.522736,1.1901418,-2.7598968
1355,0.5891827940940857,13.40942668914795,76.93777465820312,-2.327224285805958,-15.328648295317096,-91.75467694383956,26.393288,13.622418,20.692163,6.7419887,-13.838712,-15.000033,21.279318,-6.0026855,-5.0396624,7.002559,-11.693386,11.066515,-2.8149207,-3.3935676,16.118174,-2.77601,15.112093,-43.494457,65.279495,1.9896033,8.236788,5.930495,-4.7820673,-11.260067,52.35797,66.35238,18.518236,1.1778477,-2.7528834
1356,0.5697675943374634,13.439443588256836,76.94454956054688,-2.3301612570900825,-15.307135771136407,-91.73282173704573,26.332302,13.643487,20.663404,6.743501,-13.803837,-15.000033,21.23697,-5.98219,-5.0597324,7.0007615,-11.673373,11.048001,-2.80418,-3.3973894,16.149483,-2.8418555,15.129281,-43.51391,65.2735,1.9651833,8.240586,5.9202695,-4.828246,-11.242465,52.39981,66.37795,18.504951,1.1727153,-2.7491422
1357,0.5509170889854431,13.467528343200684,76.95263671875,-2.330578796599025,-15.282196446200269,-91.70503705355615,26.263994,13.662958,20.627361,6.74618,-13.768188,-15.000033,21.189991,-5.963755,-5.0862164,7.0037937,-11.654796,11.023732,-2.8002548,-3.400376,16.180958,-2.9085855,15.139269,-43.53614,65.27471,1.9240044,8.232475,5.9412737,-4.869377,-11.232774,52.43242,66.38873,18.475145,1.1791145,-2.75007
1358,0.5300018191337585,13.495719909667969,76.96031951904297,-2.3313860133376036,-15.255273734988915,-91.6732513010666,26.19124,13.68076,20.58665,6.7477355,-13.730454,-15.000033,21.139513,-5.947266,-5.116619,7.0108533,-11.637215,10.995401,-2.8014293,-3.403051,16.212532,-2.9724789,15.14587,-43.557194,65.27797,1.8737234,8.216134,5.9827256,-4.9065638,-11.226783,52.457825,66.39123,18.43018,1.1915175,-2.753747
1359,0.5098259449005127,13.527541160583496,76.968017578125,-2.330851266041785,-15.22876980809055,-91.64260455256107,26.117508,13.6973095,20.54603,6.751077,-13.6935005,-15.000033,21.087326,-5.931872,-5.1460066,7.0199018,-11.619994,10.966415,-2.7990224,-3.405618,16.246578,-3.040306,15.151864,-43.58273,65.28518,1.810152,8.198026,6.023398,-4.9474936,-11.221411,52.489597,66.39606,18.389185,1.2062705,-2.7581391
1360,0.48852232098579407,13.563543319702148,76.97583770751953,-2.3308997255751245,-15.206644598968936,-91.61956568152303,26.051561,13.713188,20.513634,6.752129,-13.656305,-15.000033,21.03598,-5.916192,-5.1672335,7.0279684,-11.601076,10.939899,-2.7844386,-3.4055324,16.284266,-3.1074166,15.160036,-43.602104,65.29021,1.7530799,8.185509,6.0395703,-4.9924874,-11.213798,52.530544,66.40753,18.349977,1.2233154,-2.7579558
1361,0.47032806277275085,13.598648071289062,76.98209381103516,-2.3299940757979645,-15.192760877888276,-91.60898559822995,25.997366,13.72922,20.493237,6.7542305,-13.621194,-15.000033,20.9874,-5.8996367,-5.175588,7.036828,-11.581189,10.916746,-2.7624705,-3.4014988,16.333326,-3.1657624,15.173042,-43.58318,65.28234,1.717156,8.177994,6.012263,-5.051638,-11.200937,52.584393,66.43357,18.313347,1.2436872,-2.75119
1362,0.45268818736076355,13.634881019592285,76.9891586303711,-2.3299774712075467,-15.184526261390914,-91.60643950684074,25.951567,13.744845,20.481066,6.7552085,-13.586145,-15.000033,20.940424,-5.882887,-5.1752048,7.046388,-11.560366,10.895174,-2.7124746,-3.3894222,16.392084,-3.238611,15.176905,-43.563328,65.285965,1.6897858,8.172509,5.9584885,-5.103876,-11.197641,52.613033,66.45144,18.263243,1.2690905,-2.7381892
1363,0.4330354332923889,13.672527313232422,76.99629974365234,-2.3304885661453714,-15.174640128613081,-91.60476054024247,25.903402,13.760375,20.469751,6.7563286,-13.550696,-15.000033,20.89054,-5.866384,-5.1739182,7.0553207,-11.538462,10.874591,-2.6902688,-3.3813295,16.452011,-3.2966125,15.184138,-43.505825,65.27843,1.6757647,8.170912,5.9036036,-5.177473,-11.190862,52.68646,66.48001,18.220303,1.2956139,-2.721539
1364,0.42141062021255493,13.713227272033691,77.00300598144531,-2.329691057602893,-15.155571113212472,-91.59704530370901,25.841913,13.777094,20.45187,6.759402,-13.514387,-15.000033,20.83517,-5.8494253,-5.1797504,7.0602264,-11.515234,10.854047,-2.6780846,-3.375148,16.500584,-3.349131,15.19085,-43.465645,65.269554,1.6611663,8.176488,5.8772006,-5.250653,-11.18469,52.77219,66.50747,18.16724,1.3209003,-2.7000825
1365,0.4054458737373352,13.748772621154785,77.01078796386719,-2.3293481864973513,-15.123781761394184,-91.58092732330421,25.764067,13.794584,20.425928,6.7601137,-13.473492,-15.000033,20.7708,-5.8327065,-5.1951675,7.0625205,-11.491513,10.834319,-2.645887,-3.36821,16.536545,-3.4134119,15.192804,-43.474617,65.266975,1.6495132,8.196926,5.890839,-5.3026843,-11.183674,52.817398,66.518005,18.0627,1.3491786,-2.6666179
1366,0.3838033378124237,13.783245086669922,77.01912689208984,-2.3303566203623913,-15.081819902502703,-91.55901124938926,25.670492,13.813989,20.39377,6.7649155,-13.432255,-15.000033,20.697067,-5.816178,-5.216859,7.064229,-11.46751,10.815604,-2.654256,-3.3706436,16.559061,-3.4731865,15.197197,-43.495132,65.26871,1.6020596,8.226054,5.93593,-5.3804164,-11.180339,52.958324,66.54237,18.001497,1.3748833,-2.6361964
1367,0.3614161014556885,13.822993278503418,77.02769470214844,-2.3285000927980444,-15.037615559918983,-91.53583605391333,25.574106,13.832935,20.359741,6.768582,-13.389917,-15.000033,20.621346,-5.7995806,-5.2400346,7.0667005,-11.4441395,10.796152,-2.6653047,-3.3720088,16.577158,-3.5196698,15.201731,-43.50975,65.26108,1.57676,8.256272,5.9846373,-5.4531384,-11.176521,53.08671,66.56501,17.926113,1.398019,-2.6017551
1368,0.3452475070953369,13.860602378845215,77.03759765625,-2.3289648043885203,-14.997330263190465,-91.51435068358747,25.481647,13.851228,20.326382,6.771647,-13.34762,-15.000033,20.547337,-5.7829156,-5.260274,7.069638,-11.419605,10.774679,-2.6576598,-3.3698995,16.60679,-3.5775502,15.204122,-43.528625,65.25622,1.5744325,8.280122,6.0150766,-5.519841,-11.174971,53.167336,66.58024,17.846416,1.4133258,-2.5661957
1369,0.323548823595047,13.901598930358887,77.04638671875,-2.327947251893774,-14.963103546935502,-91.49509833383142,25.396257,13.868786,20.293455,6.7742467,-13.306227,-15.000033,20.477135,-5.7656636,-5.276492,7.075731,-11.395886,10.749453,-2.6597621,-3.3665156,16.639957,-3.623202,15.20655,-43.537453,65.24393,1.5960333,8.296261,6.0266232,-5.58858,-11.17337,53.253223,66.59868,17.809029,1.4134902,-2.5381875
1370,0.3048988878726959,13.945873260498047,77.05482482910156,-2.326289570610062,-14.931847137016096,-91.47684498853603,25.314224,13.88567,20.26041,6.776261,-13.265118,-15.000033,20.407661,-5.748055,-5.2904463,7.0845723,-11.372865,10.721792,-2.6571403,-3.3618495,16.680521,-3.6704333,15.208338,-43.54288,65.22974,1.6450949,8.308746,6.0258284,-5.6567516,-11.172557,53.31645,66.61526,17.780722,1.4037374,-2.5103004
1371,0.28318092226982117,13.984153747558594,77.06428527832031,-2.3258415875998253,-14.899412268173537,-91.45874380887518,25.23052,13.9019575,20.227228,6.7772965,-13.223137,-15.000033,20.335606,-5.7309036,-5.3043094,7.093984,-11.349425,10.694143,-2.6556673,-3.3565192,16.72105,-3.7152781,15.20983,-43.545177,65.21326,1.6927952,8.316715,6.0195694,-5.725094,-11.172355,53.37346,66.629745,17.744875,1.3935083,-2.4817739
1372,0.26276811957359314,14.023944854736328,77.0737075805664,-2.323259406294227,-14.862017528815347,-91.44035652873083,25.139614,13.9178505,20.19395,6.779887,-13.181232,-15.000033,20.258913,-5.7150736,-5.3201227,7.100765,-11.325029,10.668928,-2.6511667,-3.3500805,16.75833,-3.7611434,15.210805,-43.546516,65.19672,1.7172837,8.319784,6.0123386,-5.791059,-11.172724,53.420288,66.63726,17.673796,1.3931485,-2.449159
1373,0.2412339150905609,14.06512451171875,77.08287811279297,-2.320718355866008,-14.817403093936555,-91.42136796309691,25.03906,13.932457,20.160957,6.7838216,-13.1392355,-15.000033,20.174253,-5.7017903,-5.338864,7.1067915,-11.300844,10.64757,-2.67042,-3.3466759,16.785965,-3.7960553,15.213317,-43.52337,65.17468,1.6933887,8.309491,6.0064597,-5.8661866,-11.173761,53.508587,66.64358,17.573048,1.4049184,-2.4128108
1374,0.22166433930397034,14.10660171508789,77.09217071533203,-2.3160900688298933,-14.768101229342363,-91.40191844969638,24.932224,13.945561,20.127375,6.78752,-13.096498,-15.000033,20.085169,-5.690537,-5.3601575,7.10979,-11.2754545,10.628699,-2.69208,-3.3419685,16.810781,-3.82531,15.217,-43.489204,65.14402,1.6476496,8.289984,5.9981656,-5.942811,-11.175317,53.589138,66.64718,17.43583,1.4245561,-2.37027
1375,0.20513787865638733,14.150001525878906,77.10140991210938,-2.312151477135939,-14.717275545549057,-91.38314758367532,24.823595,13.959002,20.094866,6.7908454,-13.053,-15.000033,19.993694,-5.6787252,-5.3802204,7.1125546,-11.249046,10.6099,-2.698042,-3.336044,16.838198,-3.8652072,15.219445,-43.47133,65.1219,1.60524,8.275493,5.9859414,-6.0131273,-11.176621,53.641945,66.642845,17.281055,1.4479915,-2.3280997
1376,0.18767398595809937,14.195784568786621,77.11141204833984,-2.309692305224207,-14.667748437221112,-91.36747371846633,24.716707,13.974671,20.06508,6.794105,-13.008672,-15.000033,19.901062,-5.663893,-5.3949842,7.1167808,-11.220767,10.589103,-2.7084603,-3.331719,16.870546,-3.9044194,15.222515,-43.448765,65.1065,1.6033399,8.280019,5.968932,-6.086812,-11.178528,53.70385,66.63455,17.147839,1.4709524,-2.2944593
1377,0.16351275146007538,14.241674423217773,77.12152099609375,-2.310536145966052,-14.619887803420179,-91.35383489933955,24.612358,13.99248,20.037502,6.7957864,-12.96217,-15.000033,19.80813,-5.6453853,-5.4039354,7.1216908,-11.189951,10.56659,-2.7217536,-3.3300786,16.910208,-3.9411287,15.226442,-43.419876,65.09701,1.6695218,8.319696,5.9411864,-6.1639314,-11.181451,53.76913,66.617004,17.041317,1.497182,-2.2686117
1378,0.14430132508277893,14.288629531860352,77.1310806274414,-2.310728781287017,-14.572581867753087,-91.34219506705556,24.508152,14.011702,20.011503,6.7982774,-12.91513,-15.000033,19.712807,-5.624707,-5.4088144,7.1295066,-11.158256,10.543299,-2.7152936,-3.3276725,16.955578,-3.988999,15.228205,-43.410393,65.099525,1.7758375,8.383671,5.905328,-6.2353525,-11.183564,53.803623,66.5916,16.934547,1.5271887,-2.2461622
1379,0.1278662383556366,14.333708763122559,77.14033508300781,-2.312667523956291,-14.525397900445759,-91.33295760712335,24.404833,14.032462,19.987776,6.8001804,-12.86788,-15.000033,19.616335,-5.60194,-5.411006,7.1372714,-11.125093,10.5176735,-2.7182965,-3.3241625,17.003546,-4.0346427,15.229989,-43.39604,65.10513,1.8844327,8.443035,5.872971,-6.310311,-11.187626,53.85082,66.564896,16.839645,1.5536401,-2.2316818
1380,0.10912004858255386,14.380497932434082,77.15043640136719,-2.3155619996928585,-14.478628293362783,-91.32622858398172,24.302158,14.054961,19.966274,6.802405,-12.820986,-15.000033,19.518246,-5.577906,-5.4124956,7.146666,-11.092279,10.488212,-2.7179165,-3.313943,17.052862,-4.08623,15.231121,-43.4012,65.11552,1.9504436,8.471128,5.8566895,-6.38297,-11.1906595,53.88777,66.54635,16.741434,1.5691782,-2.2260458
1381,0.08870334178209305,14.431466102600098,77.1608657836914,-2.319857984957236,-14.43184989501571,-91.32162455169258,24.200197,14.079097,19.947495,6.8042445,-12.774247,-15.000033,19.418467,-5.5524955,-5.4141273,7.156614,-11.058942,10.452258,-2.7305949,-3.2966442,17.101757,-4.1356945,15.232723,-43.41975,65.12721,1.9642361,8.451909,5.8664126,-6.459183,-11.193448,53.937542,66.5412,16.65046,1.5688305,-2.2395272
1382,0.07145209610462189,14.481412887573242,77.171142578125,-2.3252632924193626,-14.385328498616863,-91.31954364589171,24.098064,14.105332,19.931057,6.808577,-12.729135,-15.000033,19.315683,-5.5257134,-5.4145856,7.170684,-11.026833,10.411343,-2.7490711,-3.2741303,17.152624,-4.185017,15.234842,-43.44742,65.140976,1.9524338,8.403314,5.8923163,-6.5375786,-11.195622,53.988865,66.54514,16.560812,1.5576051,-2.266606
1383,0.05211516469717026,14.529451370239258,77.18111419677734,-2.3321862472708688,-14.339218221152718,-91.31923174716195,23.997313,14.1326885,19.916176,6.8111167,-12.683649,-15.000033,19.213287,-5.497099,-5.4134274,7.1825147,-10.992809,10.370393,-2.7691183,-3.2491536,17.20361,-4.234634,15.237376,-43.477715,65.15596,1.9131664,8.346797,5.921527,-6.615449,-11.197418,54.043003,66.549995,16.478079,1.5429392,-2.2926252
1384,0.03068862482905388,14.5795316696167,77.1913833618164,-2.339758757091022,-14.293422198394994,-91.32138966140569,23.897642,14.160831,19.901913,6.8142304,-12.639967,-15.000033,19.111082,-5.467006,-5.409135,7.192638,-10.957298,10.334352,-2.7843053,-3.2246766,17.253998,-4.2848444,15.241136,-43.502335,65.16965,1.853192,8.304061,5.9387455,-6.689408,-11.19965,54.100487,66.547966,16.39872,1.5321574,-2.3008835
1385,0.010773973539471626,14.627805709838867,77.20113372802734,-2.3479022803095733,-14.25017682872468,-91.32366767502796,23.800638,14.189411,19.885431,6.8171697,-12.598775,-15.000033,19.012375,-5.436161,-5.402725,7.1998506,-10.919949,10.306906,-2.8029878,-3.2017908,17.307436,-4.3274627,15.25134,-43.49938,65.169876,1.7639197,8.282101,5.9357224,-6.759313,-11.205414,54.162914,66.5291,16.322132,1.5272766,-2.281649
1386,-0.008278335444629192,14.67754077911377,77.21022033691406,-2.3570281553668555,-14.208843485050007,-91.32721946861996,23.706621,14.218387,19.868343,6.818648,-12.558969,-15.000033,18.917292,-5.404155,-5.394348,7.2027636,-10.8799,10.284622,-2.8051822,-3.176076,17.368176,-4.3830814,15.258077,-43.489773,65.175674,1.6548775,8.268764,5.919209,-6.823978,-11.209555,54.18958,66.50355,16.227156,1.5247108,-2.2408214
1387,-0.02820225991308689,14.72822380065918,77.22028350830078,-2.3662684675027865,-14.165859962531043,-91.33499670971474,23.611881,14.249331,19.855812,6.8201995,-12.518474,-15.000033,18.818148,-5.3698444,-5.38173,7.2061915,-10.83895,10.261971,-2.8043945,-3.1497526,17.428848,-4.4379935,15.265277,-43.475636,65.180374,1.5496637,8.257634,5.9006324,-6.8883014,-11.214265,54.216633,66.47679,16.13063,1.523941,-2.1951199
1388,-0.04992268607020378,14.77996826171875,77.22907257080078,-2.3776199866827334,-14.117655592162976,-91.34989797327188,23.513325,14.283009,19.852545,6.821367,-12.474223,-15.000033,18.709023,-5.3321557,-5.3630495,7.2118955,-10.796877,10.233408,-2.8030593,-3.1233826,17.486147,-4.488814,15.274027,-43.463543,65.18298,1.4785143,8.242853,5.8900204,-6.9572415,-11.219804,54.252853,66.457504,16.033579,1.5256555,-2.157983
1389,-0.07335122674703598,14.833765029907227,77.2389144897461,-2.3900373489113753,-14.062856199532682,-91.37344457726269,23.409616,14.321351,19.861557,6.822888,-12.425048,-15.000033,18.587152,-5.289138,-5.3369374,7.2228017,-10.755513,10.194804,-2.7973294,-3.0967689,17.540491,-4.5352983,15.282281,-43.457508,65.18315,1.4589713,8.223537,5.8937335,-7.0321927,-11.224366,54.297,66.4488,15.927145,1.5326912,-2.128402
1390,-0.09515881538391113,14.884586334228516,77.24961853027344,-2.4036257975936373,-14.003612160633661,-91.4041770803508,23.302946,14.363232,19.879986,6.8237715,-12.3723,-15.000033,18.455523,-5.2419147,-5.3044434,7.236404,-10.713023,10.150111,-2.792571,-3.0706606,17.59274,-4.5759907,15.293792,-43.448925,65.178825,1.4705186,8.201963,5.9050217,-7.1122375,-11.229375,54.356007,66.44578,15.818287,1.5434237,-2.1013906
1391,-0.12033353745937347,14.936108589172363,77.25948333740234,-2.417264242369581,-13.941129860199915,-91.43956768395304,23.194185,14.405614,19.903032,6.824544,-12.318414,-15.000033,18.318758,-5.194,-5.2682304,7.250237,-10.669392,10.105482,-2.793062,-3.045164,17.640333,-4.6075497,15.309467,-43.435005,65.16746,1.490276,8.179573,5.915542,-7.194393,-11.234467,54.42517,66.44675,15.721123,1.5527825,-2.0832696
1392,-0.14598147571086884,14.988909721374512,77.26927185058594,-2.4295701704053156,-13.877174260213492,-91.47756416408677,23.07975,14.448154,19.925745,6.8382034,-12.272953,-15.000033,18.181952,-5.147579,-5.2300744,7.261229,-10.6244545,10.066842,-2.7808263,-3.0164878,17.681847,-4.651306,15.318727,-43.433662,65.173,1.4939451,8.155437,5.9157944,-7.266381,-11.23696,54.47081,66.44836,15.636987,1.5547651,-2.0783794
1393,-0.16882328689098358,15.04207706451416,77.27951049804688,-2.437275582364322,-13.811140391452579,-91.51851782450434,22.960789,14.487109,19.947548,6.858929,-12.232786,-15.000033,18.045418,-5.105879,-5.190345,7.2663536,-10.575465,10.039384,-2.7729173,-2.9881678,17.7129,-4.6918974,15.329563,-43.430603,65.18368,1.4705043,8.127709,5.9037313,-7.33192,-11.239671,54.524197,66.4506,15.592977,1.5448467,-2.1011395
1394,-0.1951436698436737,15.093525886535645,77.29019165039062,-2.4434356148451455,-13.742474340027716,-91.56313895803586,22.841087,14.523075,19.971603,6.8787274,-12.192802,-15.000033,17.90672,-5.0663114,-5.147981,7.2690115,-10.52426,10.018558,-2.7734056,-2.9610136,17.736006,-4.7237916,15.344545,-43.42045,65.19106,1.4341737,8.09737,5.8840895,-7.3959417,-11.243326,54.593323,66.454285,15.581291,1.5269012,-2.1450248
1395,-0.21540778875350952,15.140753746032715,77.3007583618164,-2.4498592551230627,-13.672581330482064,-91.6098814001803,22.721817,14.560266,19.997875,6.8983784,-12.153995,-15.000033,17.767214,-5.0250196,-5.1036706,7.270164,-10.473032,9.996578,-2.7823627,-2.933288,17.755772,-4.7442656,15.364421,-43.402493,65.18635,1.3986009,8.069736,5.8597045,-7.4603043,-11.24786,54.66696,66.45711,15.576485,1.5092273,-2.1876328
1396,-0.24249400198459625,15.189984321594238,77.31085968017578,-2.4608670017231344,-13.602748519744969,-91.6590231101732,22.603533,14.60396,20.027605,6.9189305,-12.116186,-15.000033,17.626041,-4.977377,-5.056548,7.274197,-10.425395,9.965284,-2.784065,-2.9034834,17.776781,-4.7732654,15.383115,-43.393387,65.185394,1.3711936,8.047354,5.831831,-7.5229354,-11.251642,54.720947,66.45982,15.548265,1.4975286,-2.205087
1397,-0.2710578143596649,15.237516403198242,77.32077026367188,-2.4770623511302823,-13.532320041094776,-91.70680157056289,22.488245,14.654525,20.05898,6.9347477,-12.0778265,-15.000033,17.484539,-4.9213114,-5.0100064,7.2803187,-10.383329,9.919244,-2.7802906,-2.869642,17.79692,-4.8117056,15.392377,-43.396492,65.19268,1.3544167,8.033031,5.8023233,-7.581071,-11.253302,54.747967,66.46298,15.482385,1.4901388,-2.1835334
1398,-0.3027767241001129,15.287810325622559,77.3318099975586,-2.4960574603857584,-13.459382955384724,-91.75526853045695,22.370474,14.71103,20.091455,6.9526176,-12.041406,-15.000033,17.33728,-4.859708,-4.962732,7.2945895,-10.348438,9.863724,-2.7842257,-2.8373027,17.81556,-4.8483324,15.410911,-43.400993,65.19309,1.3364631,8.02295,5.7682776,-7.644289,-11.255323,54.78201,66.4676,15.410923,1.4832029,-2.13846
1399,-0.33412787318229675,15.334850311279297,77.3415298461914,-2.5176717627219523,-13.388493407355394,-91.80920042639023,22.2572,14.770461,20.129723,6.970936,-12.006053,-15.000033,17.191227,-4.794729,-4.9098816,7.30669,-10.311624,9.807162,-2.7936482,-2.8046894,17.837803,-4.85846,15.4507,-43.396465,65.14983,1.3251427,8.020512,5.7317305,-7.7103686,-11.257749,54.81911,66.46744,15.342036,1.4863834,-2.092879
1400,-0.3606484532356262,15.379788398742676,77.34972381591797,-2.5380133578957835,-13.323846805388811,-91.87586141061664,22.158749,14.8293085,20.181017,6.982385,-11.9676895,-15.000033,17.051384,-4.7278295,-4.8446956,7.3121014,-10.267608,9.757543,-2.7787426,-2.764053,17.856043,-4.8916316,15.459854,-43.40075,65.15134,1.3301523,8.014329,5.6933966,-7.761686,-11.258246,54.830147,66.46707,15.274187,1.5056194,-2.065283
1401,-0.38906824588775635,15.431870460510254,77.35830688476562,-2.5568035280279835,-13.263211993003281,-91.9619140681874,22.065779,14.889641,20.249268,7.005035,-11.935501,-15.000033,16.906803,-4.65998,-4.7598286,7.3213015,-10.217763,9.718855,-2.7515461,-2.7200925,17.888176,-4.9312944,15.478636,-43.399597,65.14045,1.340819,8.006828,5.645091,-7.830737,-11.258657,54.847168,66.46556,15.246037,1.5551059,-2.065644
1402,-0.41791045665740967,15.482236862182617,77.3662338256836,-2.575800717390794,-13.208161903166044,-92.0612270436712,21.985327,14.950071,20.330744,7.024401,-11.902241,-15.000033,16.765703,-4.5900855,-4.6616607,7.3272753,-10.162194,9.686323,-2.7206793,-2.6736798,17.922478,-4.9521713,15.5044775,-43.3845,65.10562,1.3697866,8.00277,5.5903697,-7.898549,-11.259189,54.86564,66.459175,15.233425,1.6280124,-2.0833347
1403,-0.44578874111175537,15.532119750976562,77.37406158447266,-2.595975056847871,-13.156140686513632,-92.1640690550689,21.911312,15.012162,20.41627,7.041324,-11.868343,-15.000033,16.628534,-4.5175223,-4.560547,7.3308535,-10.10577,9.654431,-2.6877518,-2.6249366,17.9563,-4.975863,15.525125,-43.371723,65.07937,1.3995963,7.998414,5.540238,-7.962583,-11.259454,54.880825,66.45217,15.217132,1.6970221,-2.1047611
1404,-0.4773182272911072,15.576725006103516,77.38018798828125,-2.6166809682269414,-13.105050314873367,-92.26000365040174,21.83802,15.076866,20.495382,7.058152,-11.835207,-15.000033,16.497297,-4.442956,-4.4677596,7.3334,-10.054586,9.618097,-2.6665156,-2.5791132,17.988216,-4.997622,15.545549,-43.363647,65.05811,1.4154463,7.9931865,5.504308,-8.022283,-11.259366,54.900818,66.44557,15.180179,1.7354848,-2.118269
1405,-0.5133317112922668,15.621882438659668,77.38615417480469,-2.6402172818753806,-13.053604757588294,-92.34630141721539,21.765476,15.144096,20.566608,7.069956,-11.800535,-15.000033,16.371342,-4.365684,-4.3865066,7.33626,-10.011635,9.575767,-2.659796,-2.5372636,18.015944,-5.0203023,15.5633745,-43.36786,65.04906,1.4089829,7.981891,5.48762,-8.077587,-11.258887,54.93103,66.44054,15.112042,1.7265358,-2.117343
1406,-0.552408754825592,15.66434097290039,77.39237213134766,-2.6657122675520353,-13.003030650034097,-92.42854621828859,21.694225,15.214104,20.634375,7.082031,-11.76715,-15.000033,16.249744,-4.285892,-4.3108463,7.3393736,-9.974081,9.53027,-2.6707153,-2.501335,18.041782,-5.0236497,15.600402,-43.373646,65.01927,1.3851094,7.9686875,5.4837074,-8.133205,-11.256413,54.983757,66.43626,15.031615,1.6873987,-2.1114297
1407,-0.5873394012451172,15.706244468688965,77.39847564697266,-2.69145273407332,-12.955595503281934,-92.50826329051894,21.626926,15.285668,20.699982,7.0932198,-11.733348,-15.000033,16.133543,-4.2047434,-4.237847,7.3423777,-9.9386,9.482607,-2.6829386,-2.4674137,18.07032,-5.027957,15.637208,-43.377625,64.99156,1.3605759,7.9596777,5.484412,-8.184008,-11.252528,55.025806,66.4285,14.944695,1.6424978,-2.106448
1408,-0.6180412173271179,15.749404907226562,77.40406036376953,-2.716462610054479,-12.913701439389255,-92.58637184393214,21.564384,15.358313,20.764475,7.1076427,-11.700499,-15.000033,16.02445,-4.1231136,-4.164728,7.3452625,-9.903041,9.433712,-2.690571,-2.4341955,18.103384,-5.040978,15.662087,-43.372807,64.976,1.3456228,7.9612765,5.482946,-8.225934,-11.249059,55.044598,66.41293,14.867044,1.6162174,-2.1109648
1409,-0.6533451080322266,15.79015064239502,77.4092788696289,-2.7402072376790465,-12.876993396581067,-92.66185674100379,21.507013,15.430667,20.826431,7.123276,-11.667166,-15.000033,15.921855,-4.041915,-4.092403,7.3497047,-9.867999,9.38312,-2.7002442,-2.405418,18.142763,-5.0454283,15.688276,-43.343082,64.94596,1.3501915,7.9826045,5.470293,-8.260148,-11.244459,55.041004,66.38681,14.7986765,1.6194378,-2.128204
1410,-0.7016139626502991,15.831457138061523,77.4136962890625,-2.763261665470592,-12.844614560034056,-92.73427451739954,21.453596,15.50359,20.885542,7.140685,-11.634178,-15.000033,15.8254175,-3.9606006,-4.0219254,7.355483,-9.834535,9.33059,-2.71748,-2.381514,18.189726,-5.032887,15.729243,-43.288033,64.885925,1.3699512,8.0212555,5.4514966,-8.294136,-11.23602,55.022034,66.35759,14.729922,1.6377832,-2.1523616
1411,-0.7461332082748413,15.870277404785156,77.41817474365234,-2.786887497298348,-12.817662696909029,-92.80702770489667,21.404907,15.578974,20.945513,7.162528,-11.603542,-15.000033,15.735049,-3.8774738,-3.950372,7.3619328,-9.801944,9.277178,-2.7314544,-2.3599606,18.241432,-5.0267215,15.766639,-43.23591,64.83578,1.383825,8.058134,5.440906,-8.323058,-11.22719,54.995026,66.322655,14.674842,1.6569166,-2.182081
1412,-0.782819390296936,15.911139488220215,77.42233276367188,-2.811387333379811,-12.798082266818874,-92.88371056877057,21.368658,15.6565075,21.011543,7.1790814,-11.571227,-15.000033,15.651944,-3.7907095,-3.874898,7.368116,-9.769736,9.223853,-2.7398598,-2.3366413,18.299643,-5.0321307,15.79551,-43.20121,64.80307,1.3770561,8.080468,5.4526606,-8.350654,-11.219539,54.970173,66.28441,14.644432,1.6628674,-2.2148824
1413,-0.8249188661575317,15.952057838439941,77.42550659179688,-2.8399165826938004,-12.789689443604312,-92.9659038171271,21.34787,15.738386,21.085777,7.195533,-11.540672,-15.000033,15.580139,-3.6988606,-3.792908,7.372873,-9.736499,9.170545,-2.7404528,-2.31218,18.361166,-5.051901,15.810962,-43.192364,64.802315,1.3340088,8.081582,5.502163,-8.370436,-11.214924,54.958817,66.23857,14.656427,1.6486992,-2.251996
1414,-0.8715745210647583,15.996389389038086,77.42793273925781,-2.869789264083337,-12.791555955410061,-93.05200215310151,21.341778,15.822912,21.166258,7.2094946,-11.5101595,-15.000033,15.517682,-3.6033156,-3.706224,7.3800864,-9.705041,9.116755,-2.7316418,-2.292116,18.450058,-5.07209,15.848703,-43.18786,64.77183,1.2756552,8.075073,5.5707226,-8.405418,-11.20334,54.92913,66.19203,14.682119,1.6228049,-2.289869
1415,-0.9177959561347961,16.036407470703125,77.42868041992188,-2.899343378378926,-12.793905221511412,-93.13880395077902,21.334948,15.908895,21.24697,7.227609,-11.481781,-15.000033,15.456121,-3.5069816,-3.6198268,7.3863873,-9.673459,9.063263,-2.7242541,-2.2757256,18.535395,-5.0826707,15.902397,-43.194054,64.73157,1.2099243,8.062983,5.6410446,-8.436335,-11.185311,54.901375,66.14761,14.71815,1.5934576,-2.3324165
1416,-0.9601688981056213,16.076662063598633,77.4311294555664,-2.9284358722885617,-12.788874806230238,-93.22354377810701,21.319546,15.992783,21.324203,7.2435646,-11.450986,-15.000033,15.386698,-3.4129026,-3.5377638,7.393858,-9.643371,9.01076,-2.728351,-2.2569852,18.613117,-5.1010866,15.940644,-43.19116,64.71137,1.1686523,8.047746,5.6901865,-8.466101,-11.170808,54.872463,66.10463,14.741697,1.5712982,-2.3775523
1417,-1.0005531311035156,16.12177848815918,77.43479919433594,-2.9536017926217863,-12.77176059593569,-93.30621660325072,21.287619,16.073685,21.395647,7.261177,-11.418799,-15.000033,15.306409,-3.3233445,-3.4625251,7.3969936,-9.611418,8.961019,-2.7514923,-2.2340264,18.675163,-5.1275434,15.955922,-43.175713,64.72153,1.1614027,8.023333,5.7078876,-8.488293,-11.163961,54.84501,66.05815,14.746716,1.5594379,-2.4230006
1418,-1.0441062450408936,16.16431427001953,77.43746948242188,-2.9768208993448195,-12.748956485354606,-93.3876369960329,21.249695,16.151516,21.464808,7.2749043,-11.38332,-15.000033,15.219385,-3.236704,-3.391381,7.401505,-9.580939,8.913046,-2.7787027,-2.212251,18.747747,-5.1524982,15.983436,-43.14153,64.70919,1.1908469,7.994316,5.6977177,-8.523387,-11.1498575,54.781292,66.02078,14.714808,1.551743,-2.4621794
1419,-1.0941786766052246,16.20733642578125,77.43970489501953,-3.0011954084235217,-12.724756030363304,-93.46833802964223,21.210257,16.230701,21.532984,7.2895317,-11.348133,-15.000033,15.131817,-3.1490002,-3.32083,7.4053283,-9.550848,8.863953,-2.8125424,-2.1882613,18.805706,-5.1826096,15.993627,-43.124565,64.726425,1.206516,7.968141,5.692576,-8.546339,-11.143719,54.749607,65.97723,14.710927,1.546521,-2.5153742
1420,-1.1395336389541626,16.24339485168457,77.44217681884766,-3.0271696008559483,-12.704712338791316,-93.54830911252864,21.174404,16.31467,21.601213,7.3095675,-11.315584,-15.000033,15.050623,-3.0563903,-3.248034,7.4080434,-9.520812,8.810641,-2.831244,-2.1684964,18.87191,-5.2242513,16.01022,-43.12178,64.74847,1.208411,7.9579196,5.700941,-8.571513,-11.132259,54.712666,65.93438,14.721496,1.5419471,-2.5825455
1421,-1.186846375465393,16.282438278198242,77.44387817382812,-3.057908764222316,-12.693686484886943,-93.62975876764337,21.154606,16.403667,21.674759,7.32378,-11.280881,-15.000033,14.976688,-2.9562714,-3.168484,7.4170027,-9.494037,8.750489,-2.8329918,-2.1487486,18.937988,-5.275316,16.022755,-43.161,64.78693,1.1635705,7.9742975,5.7444324,-8.588612,-11.122185,54.70903,65.88624,14.78204,1.5377901,-2.6830199
1422,-1.2350082397460938,16.32278823852539,77.44554901123047,-3.091104219969051,-12.68733279897892,-93.7114779217532,21.138815,16.498175,21.749533,7.3451457,-11.250164,-15.000033,14.908237,-2.8506052,-3.0856297,7.4263744,-9.46759,8.68568,-2.8190494,-2.1307278,19.0015,-5.3374352,16.036226,-43.240433,64.84239,1.0840646,8.007827,5.809252,-8.59743,-11.109006,54.722878,65.83574,14.876369,1.5347959,-2.8086348
1423,-1.2813997268676758,16.361440658569336,77.44717407226562,-3.122343265914351,-12.678746461663813,-93.79014493999826,21.12384,16.591076,21.821869,7.3586745,-11.214924,-15.000033,14.839803,-2.7452934,-3.005598,7.435235,-9.4427185,8.620613,-2.798248,-2.1151543,19.057589,-5.4020195,16.049824,-43.338047,64.90091,0.99768686,8.044126,5.870163,-8.602076,-11.091364,54.735214,65.79247,14.979004,1.5297993,-2.9333951
1424,-1.3385003805160522,16.39356231689453,77.44799041748047,-3.152065887299929,-12.660970492318206,-93.86214115095494,21.094221,16.680706,21.884892,7.3763103,-11.181637,-15.000033,14.765098,-2.6452754,-2.9344091,7.4421744,-9.419837,8.559572,-2.7866483,-2.1014555,19.104223,-5.4622207,16.061438,-43.41677,64.95364,0.939863,8.068149,5.900001,-8.610568,-11.068494,54.729748,65.766655,15.062308,1.5189425,-3.0294895
1425,-1.387033462524414,16.42776870727539,77.44762420654297,-3.1744776954004377,-12.635082533875222,-93.92261822978048,21.059177,16.757092,21.934694,7.37464,-11.138195,-15.000033,14.688422,-2.5572407,-2.8782923,7.446375,-9.401257,8.505511,-2.818452,-2.0900896,19.13473,-5.47951,16.062185,-43.421215,64.98011,0.94929636,8.075642,5.8799443,-8.615615,-11.066471,54.727432,65.74184,15.112223,1.5051559,-3.0780945
1426,-1.445911169052124,16.461977005004883,77.44988250732422,-3.1987969303748334,-12.58942703041365,-93.98787122111263,20.987871,16.84498,21.983631,7.408377,-11.112456,-15.000033,14.592705,-2.4634793,-2.8191965,7.442118,-9.377372,8.45171,-2.8246355,-2.0815191,19.169088,-5.554415,16.064442,-43.4335,65.03962,0.971717,8.070426,5.8131957,-8.638903,-11.043992,54.693363,65.73113,15.158649,1.4863497,-3.1182804
1427,-1.500537633895874,16.49374008178711,77.45250701904297,-3.220321865464844,-12.546599921595917,-94.04141108973782,20.922379,16.925003,22.021276,7.427511,-11.078287,-15.000033,14.504961,-2.3770394,-2.7723804,7.438009,-9.357321,8.400976,-2.857635,-2.075059,19.19264,-5.5946217,16.06346,-43.429867,65.07755,1.0072306,8.061455,5.7558413,-8.657251,-11.025554,54.66668,65.72924,15.198963,1.4661051,-3.139341
1428,-1.5511348247528076,16.52618980407715,77.45488739013672,-3.2412861918592624,-12.50738505237001,-94.08703824578896,20.858154,17.005869,22.050621,7.448231,-11.043106,-15.000033,14.425056,-2.2915094,-2.7333586,7.432796,-9.338058,8.3504,-2.9001222,-2.069751,19.219095,-5.63689,16.0598,-43.443333,65.11807,1.0275768,8.048106,5.7408557,-8.675289,-11.007789,54.6383,65.72484,15.248919,1.4472138,-3.1605988
1429,-1.6086965799331665,16.557416915893555,77.45781707763672,-3.262783213575608,-12.472389616766593,-94.12358195309778,20.793314,17.089708,22.069418,7.476976,-11.009735,-15.000033,14.354842,-2.206132,-2.7039812,7.4245467,-9.317605,8.300369,-2.9469254,-2.0654838,19.245518,-5.687347,16.050955,-43.5061,65.17175,1.0079153,8.021426,5.7921853,-8.689513,-10.980736,54.59779,65.72311,15.3142395,1.4314275,-3.1812396
1430,-1.6696341037750244,16.58896255493164,77.46060943603516,-3.285145798171037,-12.438473746608324,-94.15170461794224,20.724367,17.175846,22.078413,7.513457,-10.97835,-15.000033,14.290691,-2.1218414,-2.6833081,7.413644,-9.296881,8.251397,-2.9999692,-2.0623136,19.270376,-5.7424784,16.038826,-43.59887,65.23305,0.9655759,7.983164,5.884185,-8.698864,-10.953861,54.54881,65.718925,15.389593,1.4165713,-3.1960573
1431,-1.7195161581039429,16.617374420166016,77.46197509765625,-3.3065579506562712,-12.406665483294658,-94.17351830252565,20.653112,17.26224,22.080217,7.5552387,-10.949167,-15.000033,14.231639,-2.0389974,-2.6681607,7.4014726,-9.277276,8.20225,-3.042769,-2.057729,19.294094,-5.810264,16.017324,-43.709995,65.30447,0.92405516,7.9525714,5.9864893,-8.704776,-10.920067,54.48432,65.72244,15.4612255,1.3993038,-3.2127557
1432,-1.7692091464996338,16.64673614501953,77.46376037597656,-3.3276759430182246,-12.378613664696559,-94.1915160621845,20.588593,17.34384,22.080477,7.5867596,-10.915995,-15.000033,14.175902,-1.9586517,-2.6544456,7.3929996,-9.2623005,8.151753,-3.08862,-2.0528867,19.323723,-5.874696,15.9950075,-43.784462,65.36043,0.9188078,7.948452,6.0657835,-8.712394,-10.894578,54.434746,65.7197,15.5263405,1.3774188,-3.238933
1433,-1.820249080657959,16.680461883544922,77.46440887451172,-3.346544179662467,-12.3554568019044,-94.20426201340214,20.529459,17.421362,22.07739,7.6110415,-10.880556,-15.000033,14.124817,-1.8806936,-2.6429663,7.388315,-9.252587,8.099286,-3.1269531,-2.04671,19.359467,-5.9427867,15.97065,-43.826424,65.40253,0.957026,7.9818516,6.1125646,-8.720664,-10.874737,54.39258,65.71591,15.578761,1.3479189,-3.2781663
1434,-1.8734045028686523,16.71106719970703,77.46431732177734,-3.365320992119957,-12.336231966594221,-94.21122085183438,20.473637,17.495327,22.069925,7.6318517,-10.844262,-15.000033,14.0783205,-1.8053747,-2.634802,7.3863034,-9.247152,8.04559,-3.157884,-2.0390165,19.398375,-6.0201545,15.936965,-43.85342,65.445496,1.0232599,8.039779,6.1444283,-8.728256,-10.854989,54.349815,65.714905,15.622416,1.312563,-3.3255794
1435,-1.92875075340271,16.73970603942871,77.46380615234375,-3.385626831843582,-12.318891016556798,-94.21579006834318,20.420908,17.567507,22.061293,7.648057,-10.80588,-15.000033,14.034224,-1.73103,-2.6279614,7.385034,-9.24328,7.991415,-3.1846867,-2.0277736,19.43487,-6.114386,15.878396,-43.876915,65.51567,1.1014363,8.10597,6.1721125,-8.737032,-10.829199,54.30463,65.726494,15.661358,1.2744083,-3.3762395
