Frame,root_translateX,root_translateY,root_translateZ,root_rotateX,root_rotateY,root_rotateZ,left_hip_pitch_joint_dof,left_hip_roll_joint_dof,left_hip_yaw_joint_dof,left_knee_joint_dof,left_ankle_pitch_joint_dof,left_ankle_roll_joint_dof,right_hip_pitch_joint_dof,right_hip_roll_joint_dof,right_hip_yaw_joint_dof,right_knee_joint_dof,right_ankle_pitch_joint_dof,right_ankle_roll_joint_dof,waist_yaw_joint_dof,waist_roll_joint_dof,waist_pitch_joint_dof,left_shoulder_pitch_joint_dof,left_shoulder_roll_joint_dof,left_shoulder_yaw_joint_dof,left_elbow_joint_dof,left_wrist_roll_joint_dof,left_wrist_pitch_joint_dof,left_wrist_yaw_joint_dof,right_shoulder_pitch_joint_dof,right_shoulder_roll_joint_dof,right_shoulder_yaw_joint_dof,right_elbow_joint_dof,right_wrist_roll_joint_dof,right_wrist_pitch_joint_dof,right_wrist_yaw_joint_dof
0,-0.28886333107948303,1.0378397703170776,77.89163208007812,0.22226661080683363,-4.56163852380439,-89.99469044605652,10.376213,6.9944696,13.037977,7.0459456,-12.520322,-7.6348124,9.2334585,-4.710166,0.3190952,8.961553,-12.83425,6.727685,-3.4354389,0.6983306,13.52534,7.650327,14.696206,-34.567936,66.703674,-8.349294,-0.4962021,3.5846853,5.616722,-12.817249,26.796455,60.155323,-4.9041147,-1.791178,-10.115613
1,-0.2879880666732788,1.026979684829712,77.89431762695312,0.2075737861126973,-4.460730446504422,-89.9863198210378,10.268668,7.005957,13.016579,7.0470543,-12.537935,-7.6209874,9.139047,-4.6965294,0.30733028,8.943568,-12.823886,6.7124157,-3.431508,0.722697,13.498768,7.663248,14.705494,-34.554943,66.6573,-8.296894,-0.48517537,3.575264,5.642652,-12.820633,26.785994,60.189808,-4.8657727,-1.7799789,-10.073839
2,-0.28841543197631836,1.009848952293396,77.89712524414062,0.19101390101399754,-4.362309135470362,-89.97900099111786,10.164552,7.0183835,12.995435,7.048552,-12.558667,-7.608284,9.04707,-4.68181,0.29699266,8.927136,-12.815846,6.6955614,-3.4292114,0.74706745,13.471007,7.6706657,14.713482,-34.5392,66.62368,-8.236484,-0.47471413,3.563544,5.6674905,-12.825005,26.772112,60.22645,-4.827616,-1.7678444,-10.027561
3,-0.28077933192253113,0.9960558414459229,77.89823150634766,0.17501683695552978,-4.2588696878985175,-89.96921122951113,10.053413,7.0305057,12.973114,7.0496864,-12.573532,-7.592938,8.951157,-4.667965,0.2833406,8.906159,-12.80281,6.68195,-3.4236963,0.7723854,13.44379,7.671452,14.718999,-34.52359,66.592766,-8.187032,-0.4687573,3.5531952,5.6895456,-12.82965,26.761103,60.267597,-4.7915645,-1.7597036,-9.987525
4,-0.274814248085022,0.9811444878578186,77.90081024169922,0.1637558355974983,-4.143103881708995,-89.95452119393477,9.924486,7.0343213,12.949239,7.05047,-12.574019,-7.5710177,8.840228,-4.6630316,0.26340452,8.88487,-12.783196,6.6761622,-3.4105048,0.7925704,13.420426,7.661808,14.722354,-34.505245,66.55746,-8.1623125,-0.47256172,3.5464573,5.7068663,-12.834351,26.756767,60.31371,-4.764757,-1.7607535,-9.962342
5,-0.2672966718673706,0.9704043865203857,77.90168762207031,0.15856922316578798,-4.010220893030924,-89.93134638158273,9.712356,7.043677,12.914863,7.179008,-12.624054,-7.53791,8.713282,-4.667594,0.2325139,8.855376,-12.75201,6.6839557,-3.3916736,0.806562,13.398719,7.6403704,14.724885,-34.479744,66.515915,-8.176442,-0.4940854,3.5440583,5.7167053,-12.84126,26.769608,60.369793,-4.7490973,-1.777636,-9.959974
6,-0.2573854923248291,0.9673277139663696,77.90205383300781,0.15799932757148186,-3.8659125889790413,-89.90311201877896,9.410799,7.0619426,12.870249,7.4659967,-12.745355,-7.4955654,8.574133,-4.6808014,0.19503817,8.822748,-12.713902,6.701787,-3.3886468,0.8132531,13.37949,7.626524,14.726639,-34.426193,66.4576,-8.213995,-0.5283425,3.5442393,5.714606,-12.860081,26.824667,60.430855,-4.7296357,-1.8047084,-9.974503
7,-0.24843113124370575,0.9636697173118591,77.90306091308594,0.1566831288888464,-3.7135290562116943,-89.87231906705058,9.087935,7.082479,12.822499,7.7735863,-12.868763,-7.455455,8.426473,-4.6939073,0.15373316,8.786471,-12.669182,6.7195187,-3.3691368,0.82363594,13.361472,7.594645,14.724678,-34.3871,66.41032,-8.260972,-0.5619764,3.5470464,5.711427,-12.873056,26.86161,60.4982,-4.7170644,-1.8328929,-9.993272
8,-0.23762492835521698,0.9585154056549072,77.90348815917969,0.14614759178688239,-3.5556995277206718,-89.84012737322924,8.738043,7.117296,12.768953,8.120968,-13.007651,-7.427559,8.269229,-4.6974726,0.11074907,8.7549305,-12.623256,6.7268853,-3.3618877,0.84487987,13.351462,7.564839,14.718638,-34.32608,66.36031,-8.278955,-0.58200693,3.5476298,5.6965065,-12.888209,26.891619,60.563156,-4.69772,-1.8500894,-10.0014715
9,-0.2276925891637802,0.9530843496322632,77.90186309814453,0.13781822564460022,-3.392019356259743,-89.81156268540549,8.365078,7.156971,12.715946,8.503769,-13.160552,-7.4164205,7.9944944,-4.7010937,0.07883192,8.955384,-12.697857,6.721789,-3.3483272,0.8705468,13.341434,7.5369487,14.712237,-34.263336,66.31082,-8.259792,-0.5847629,3.5496655,5.6814847,-12.897647,26.88847,60.62334,-4.6796303,-1.8453181,-9.9942255
10,-0.2160039246082306,0.9560601115226746,77.89362335205078,0.13229005931278498,-3.2214148225657477,-89.78564620448999,7.9716353,7.1954103,12.663857,8.912485,-13.322951,-7.41543,7.6168346,-4.710008,0.056166843,9.354278,-12.874218,6.709957,-3.349236,0.8952484,13.340059,7.5115857,14.695211,-34.156223,66.260216,-8.198946,-0.57830524,3.5492148,5.6541395,-12.914554,26.876232,60.678394,-4.6669283,-1.8273532,-9.974423
11,-0.20464512705802917,0.9578995704650879,77.88668060302734,0.1244286263622832,-3.0417828872894024,-89.7570916380763,7.541428,7.2421765,12.603686,9.369237,-13.503055,-7.4161944,7.2172923,-4.714961,0.033310875,9.772636,-13.053453,6.6939793,-3.3435144,0.92739224,13.344251,7.4659724,14.671583,-34.05761,66.22095,-8.144587,-0.56401837,3.54694,5.6176405,-12.932203,26.855877,60.73684,-4.646653,-1.815355,-9.954513
12,-0.19978587329387665,0.9596627950668335,77.87940979003906,0.11675978525533366,-2.8475960632616895,-89.72497924917718,7.060356,7.2931585,12.5315895,9.884294,-13.704371,-7.4088483,6.7664547,-4.7189317,0.014524513,10.255126,-13.253179,6.677937,-3.3245203,0.95960045,13.356617,7.389787,14.65083,-33.977066,66.18815,-8.123859,-0.54250586,3.5375798,5.558731,-12.945846,26.835619,60.81075,-4.6135225,-1.8295299,-9.942329
13,-0.19345785677433014,0.9726482629776001,77.86800384521484,0.10633775416399813,-2.639529832883047,-89.68661600113535,6.5270424,7.3524632,12.441393,10.461122,-13.930347,-7.3917994,6.278782,-4.717237,-0.0029533987,10.77474,-13.461762,6.6640334,-3.3077006,0.9983865,13.379588,7.2817216,14.616984,-33.897667,66.171135,-8.17966,-0.51474845,3.5045538,5.473526,-12.966644,26.8438,60.90899,-4.5421457,-1.87603,-9.927025
14,-0.18708175420761108,0.9923221468925476,77.85650634765625,0.09324974008109757,-2.420105209175181,-89.64340170283371,5.9495854,7.4197645,12.33666,11.091357,-14.176881,-7.369424,5.755256,-4.7102966,-0.019332739,11.337189,-13.682993,6.649228,-3.2831957,1.0418307,13.411325,7.1510935,14.584695,-33.831783,66.158066,-8.291413,-0.47883373,3.4549797,5.370866,-12.986112,26.861351,61.024323,-4.4438615,-1.9444555,-9.909598
15,-0.18157488107681274,1.0149251222610474,77.84038543701172,0.08231385169601224,-2.1872485136002955,-89.59975053551695,5.3245974,7.487925,12.226571,11.778099,-14.44254,-7.340726,5.170163,-4.706558,-0.029181318,11.9862795,-13.937784,6.6299963,-3.2545,1.0823808,13.453732,6.996542,14.554352,-33.76238,66.1458,-8.356688,-0.4360648,3.4202178,5.241606,-13.005741,26.864376,61.13905,-4.3640842,-2.027257,-9.909751
16,-0.17764146625995636,1.0428646802902222,77.81858825683594,0.08346072606020273,-1.9390177405696138,-89.56019121050636,4.6567016,7.548033,12.121743,12.508023,-14.716511,-7.3043346,4.508281,-4.7148557,-0.027701212,12.744928,-14.236046,6.603355,-3.221692,1.1141126,13.508607,6.816051,14.526514,-33.678463,66.130875,-8.275187,-0.38802984,3.4316983,5.0816603,-13.02609,26.826664,61.23063,-4.3470364,-2.1169176,-9.947485
17,-0.1696770042181015,1.0817724466323853,77.79387664794922,0.08953141837944108,-1.6702734669875197,-89.52147768375154,3.9350617,7.605504,12.020075,13.292926,-15.00458,-7.2581916,3.761981,-4.730406,-0.016527845,13.620294,-14.587649,6.5638804,-3.1887667,1.142338,13.568275,6.607863,14.495139,-33.59736,66.135635,-8.040413,-0.34955657,3.4574137,4.8967824,-13.05269,26.747831,61.31999,-4.373862,-2.2389967,-9.991733
18,-0.17005550861358643,1.1209529638290405,77.76095581054688,0.10165780058236143,-1.3840652634821196,-89.4824570923392,3.1596897,7.6630006,11.916922,14.140031,-15.311719,-7.20215,2.9391067,-4.750171,0.0032042358,14.604055,-14.987442,6.514593,-3.1519341,1.1646602,13.634012,6.3831453,14.475359,-33.52484,66.139404,-7.705181,-0.31323418,3.4935036,4.684211,-13.073755,26.641075,61.41608,-4.4291277,-2.3888316,-10.04623
19,-0.16827070713043213,1.1696088314056396,77.72496795654297,0.12783680712827128,-1.0909080674288771,-89.45088220692772,2.3567257,7.7068334,11.819509,15.017673,-15.624253,-7.138385,2.0499196,-4.786124,0.03757446,15.691206,-15.418901,6.465969,-3.099574,1.1779226,13.726188,6.1147776,14.450678,-33.41734,66.13317,-7.2371016,-0.25253084,3.613554,4.445025,-13.105453,26.48157,61.447037,-4.5748014,-2.5112216,-10.173085
20,-0.16145049035549164,1.2311151027679443,77.6784439086914,0.1749186162730745,-0.8004973104284796,-89.43425948483633,1.5410331,7.724462,11.73451,15.918052,-15.936186,-7.068805,1.1030072,-4.850321,0.0927951,16.879221,-15.8701725,6.428898,-3.0311453,1.1699023,13.857492,5.8080983,14.427959,-33.233524,66.07393,-6.618267,-0.13527723,3.892412,4.1608386,-13.143587,26.273497,61.37013,-4.8587346,-2.5515218,-10.442463
21,-0.14486102759838104,1.314695119857788,77.62073516845703,0.2570548002773924,-0.5030557894356055,-89.4423697878187,0.69503945,7.705923,11.669089,16.855032,-16.24716,-6.988454,0.057701275,-4.952936,0.18421902,18.220415,-16.357523,6.410984,-2.9412627,1.1398818,14.028564,5.4551153,14.39214,-32.968994,65.98521,-5.791489,0.09894546,4.385926,3.8421123,-13.208105,26.012535,61.174477,-5.3294015,-2.465997,-10.903673
22,-0.13978122174739838,1.3918607234954834,77.55613708496094,0.3642473698773611,-0.19742417816324126,-89.46828113475495,-0.17985661,7.659582,11.61899,17.82474,-16.560843,-6.896912,-1.067206,-5.083611,0.3044246,19.679766,-16.876427,6.406738,-2.835754,1.0874482,14.22893,5.065017,14.354091,-32.644276,65.872055,-4.791339,0.42490667,5.0389037,3.480598,-13.279531,25.709929,60.902668,-5.943966,-2.2892897,-11.511781
23,-0.13037103414535522,1.475042700767517,77.4858627319336,0.48128251037388475,0.09368211174854583,-89.4949622722909,-1.0505327,7.6034565,11.572352,18.814493,-16.881857,-6.803652,-2.208717,-5.224865,0.4284295,21.194433,-17.399136,6.406692,-2.7271094,1.0241228,14.471575,4.6325336,14.32063,-32.23744,65.694084,-3.7113786,0.7408434,5.7579923,3.07374,-13.361772,25.36464,60.514023,-6.6224666,-2.0812974,-12.177123
24,-0.12526893615722656,1.5549412965774536,77.41087341308594,0.5941702021986639,0.34757965869651125,-89.50562831394105,-1.8781247,7.5541162,11.51799,19.796253,-17.210348,-6.7195735,-3.294536,-5.3608027,0.529743,22.681892,-17.893639,6.4008694,-2.6298969,0.96063316,14.76944,4.159553,14.306081,-31.726685,65.39992,-2.6442182,0.9407341,6.454077,2.6215792,-13.45863,24.978691,59.96277,-7.285507,-1.905022,-12.81159
25,-0.11951456218957901,1.6424907445907593,77.32736206054688,0.7073732953759005,0.5547131115813527,-89.50153195673661,-2.64325,7.5029144,11.462062,20.75382,-17.543728,-6.6445208,-4.3242426,-5.500153,0.6095005,24.160288,-18.35764,6.3873005,-2.541371,0.88809985,15.133412,3.641517,14.322123,-31.109116,65.034485,-1.4745573,1.0386958,7.1341043,2.110574,-13.576511,24.581696,59.30533,-7.960826,-1.758717,-13.4594965
26,-0.12288349866867065,1.7327923774719238,77.23432159423828,0.8279052722776978,0.7289608883027173,-89.48993491346971,-3.3696227,7.4449306,11.407934,21.70312,-17.881964,-6.5744305,-5.3289633,-5.6483026,0.67932135,25.656836,-18.804783,6.3716464,-2.4574766,0.8026042,15.555246,3.0882277,14.372551,-30.393995,64.58821,-0.19856358,1.0822495,7.835971,1.5482053,-13.716915,24.166693,58.534744,-8.673073,-1.6125406,-14.143207
27,-0.12279674410820007,1.824522614479065,77.13603973388672,0.9378699922347636,0.8828804135749523,-89.46331454802637,-4.0835967,7.401312,11.33972,22.66319,-18.226936,-6.5151253,-6.2871447,-5.785501,0.7274477,27.107504,-19.22922,6.353399,-2.3882298,0.7221001,16.018085,2.524113,14.461964,-29.578129,63.92735,0.9299953,1.0060209,8.52307,0.9654363,-13.8732,23.67938,57.51178,-9.33885,-1.4940021,-14.744737
28,-0.1331416815519333,1.9290497303009033,77.03690338134766,1.0228427878472717,1.0288728145505037,-89.41415732818311,-4.809381,7.392187,11.241475,23.648527,-18.577871,-6.4726777,-7.179766,-5.892732,0.7418664,28.45416,-19.623203,6.331111,-2.342503,0.6637514,16.504253,1.9765258,14.59673,-28.658813,62.91496,1.658941,0.737439,9.159992,0.3932799,-14.034441,23.061878,56.09867,-9.877957,-1.4346788,-15.14775
29,-0.15093602240085602,2.025437116622925,76.93717956542969,1.0802623921950902,1.1639240813585237,-89.3477842837064,-5.546735,7.4247327,11.11677,24.666098,-18.937187,-6.4559507,-8.008751,-5.965215,0.7261502,29.702742,-19.978468,6.303287,-2.3182037,0.62477535,17.019232,1.4750872,14.78806,-27.579649,61.517338,1.793256,0.20342389,9.745222,-0.14559619,-14.194763,22.243921,54.246895,-10.198024,-1.4475294,-15.289145
30,-0.18341612815856934,2.1194305419921875,76.8294448852539,1.1177149918242297,1.2836238455652422,-89.26605862995874,-6.2821927,7.4857655,10.971588,25.699064,-19.301718,-6.4608774,-8.783484,-6.014603,0.6837494,30.880274,-20.30152,6.2697134,-2.3103878,0.59413624,17.565884,1.0114652,15.043535,-26.361744,59.79297,1.5137577,-0.5503275,10.2889,-0.67230004,-14.355612,21.271326,52.035847,-10.368486,-1.5178809,-15.242971
31,-0.22378386557102203,2.2313132286071777,76.71727752685547,1.1354857570917771,1.398548250725452,-89.15605151386279,-7.0292172,7.5658803,10.7925415,26.7441,-19.665745,-6.4737725,-9.496176,-6.047745,0.6022208,31.959648,-20.611563,6.230382,-2.324328,0.5763424,18.120203,0.5558568,15.360269,-25.117666,57.744,1.1319963,-1.41523,10.775007,-1.2250348,-14.518669,20.264719,49.52011,-10.547502,-1.6367061,-15.099916
32,-0.2666705548763275,2.337048053741455,76.60557556152344,1.133962190834443,1.5190354364170582,-89.00489940403386,-7.7958364,7.654888,10.566655,27.787077,-20.022879,-6.480421,-10.13789,-6.0709457,0.4690271,32.911263,-20.926655,6.1854596,-2.3648312,0.5783194,18.657284,0.06902703,15.726578,-23.962368,55.382233,0.95693654,-2.278202,11.197652,-1.8374435,-14.683929,19.344053,46.74854,-10.894468,-1.7949544,-14.951251
33,-0.31423455476760864,2.4415411949157715,76.49284362792969,1.105633992812737,1.6439772645409818,-88.80474580354264,-8.588328,7.7594333,10.283204,28.840406,-20.380388,-6.477629,-10.685709,-6.079428,0.2700481,33.70215,-21.253057,6.1329746,-2.4476469,0.6098183,19.166899,-0.45112094,16.138826,-22.932364,52.706676,1.0934157,-3.1120179,11.6293,-2.4893186,-14.8547945,18.53802,43.678764,-11.495032,-2.035416,-14.8269825
34,-0.3617919385433197,2.5516300201416016,76.37589263916016,1.0528990819955057,1.7693748612817246,-88.5640248117122,-9.401135,7.8800426,9.950801,29.904858,-20.738226,-6.472978,-11.151859,-6.0727353,0.01523329,34.3576,-21.58109,6.0730233,-2.5662475,0.665864,19.657417,-0.98424995,16.597507,-21.967047,49.716125,1.3696116,-3.972019,12.053002,-3.1606588,-15.0352335,17.785393,40.292896,-12.249716,-2.3472857,-14.678076
35,-0.4219553768634796,2.6485626697540283,76.2633056640625,0.9904868995159092,1.9010469449746243,-88.2947076033114,-10.22281,7.9965944,9.586604,30.945038,-21.07698,-6.4679375,-11.578761,-6.063972,-0.27141204,34.93407,-21.90439,6.008936,-2.6921608,0.73372394,20.130886,-1.5467397,17.091602,-21.0388,46.427723,1.6718838,-4.867511,12.335609,-3.8857563,-15.221364,17.072968,36.671917,-13.039661,-2.6418147,-14.476326
36,-0.48481300473213196,2.7437262535095215,76.1493148803711,0.9334385998359018,2.0444656796710463,-88.00891183612512,-11.044484,8.08999,9.207857,31.932262,-21.379799,-6.464109,-12.0093,-6.0660386,-0.5658305,35.48904,-22.217257,5.943924,-2.7975223,0.80077004,20.585247,-2.1627185,17.601942,-20.119324,42.86624,1.8829708,-5.8109164,12.343218,-4.7082195,-15.404381,16.388657,32.905613,-13.747572,-2.8306117,-14.192335
37,-0.5473551750183105,2.851026773452759,76.03728485107422,0.8835692245799956,2.20508813501047,-87.70271047825753,-11.863492,8.154627,8.812279,32.847443,-21.639889,-6.467473,-12.438437,-6.08125,-0.8691924,36.00406,-22.522095,5.8768635,-2.880368,0.8713014,21.000895,-2.8197393,18.119429,-19.195091,38.97774,2.0428472,-6.859864,11.965864,-5.604434,-15.579505,15.732018,28.928577,-14.460254,-2.8773096,-13.784681
38,-0.6185967326164246,2.956810474395752,75.93047332763672,0.8338679644591792,2.378439491913279,-87.37212842765317,-12.6852045,8.199918,8.39367,33.71164,-21.867563,-6.475924,-12.848815,-6.1034303,-1.1916647,36.46108,-22.821413,5.8066945,-2.9555414,0.9514712,21.375158,-3.5127628,18.64435,-18.284807,34.775703,2.1773407,-7.99052,11.299917,-6.556846,-15.748444,15.112136,24.718872,-15.204863,-2.8352375,-13.278614
39,-0.6782031059265137,3.0797057151794434,75.82715606689453,0.7862640048382599,2.554942450238411,-87.02888417784916,-13.507837,8.228904,7.9645643,34.548046,-22.068373,-6.4788218,-13.262097,-6.1323485,-1.5225712,36.912563,-23.106894,5.736206,-3.0190852,1.0326048,21.729074,-4.288979,19.167862,-17.411396,30.393589,2.1472871,-9.0920725,10.517644,-7.6308203,-15.91038,14.532502,20.44382,-15.772248,-2.7478156,-12.746107
40,-0.744124174118042,3.1899261474609375,75.72651672363281,0.7421956576961533,2.7251116305438483,-86.6846235179138,-14.330884,8.245308,7.5370426,35.381542,-22.24841,-6.4652147,-13.701965,-6.1685247,-1.8510405,37.41484,-23.37236,5.6679115,-3.0671022,1.1086636,22.080982,-5.2056613,19.67352,-16.600773,25.972729,1.8239468,-10.050767,9.791451,-8.9028015,-16.060295,13.997296,16.28295,-15.952991,-2.6526637,-12.263324
41,-0.8135111331939697,3.322176933288574,75.6270980834961,0.7025083317697915,2.891073236868761,-86.33581213197697,-15.16373,8.246397,7.1078176,36.216724,-22.39665,-6.429634,-14.181921,-6.2153563,-2.180316,37.98483,-23.609102,5.602419,-3.0947835,1.1861322,22.421452,-6.2736216,20.147896,-15.878718,21.453098,1.1112559,-10.815077,9.116282,-10.391018,-16.19128,13.517619,12.239544,-15.598703,-2.5473719,-11.87118
42,-0.8840401768684387,3.4582324028015137,75.52781677246094,0.6659932335008083,3.0560655637977057,-85.97830302457717,-16.003155,8.231133,6.673054,37.040966,-22.513779,-6.378601,-14.686442,-6.272059,-2.5139914,38.591995,-23.823053,5.537061,-3.1052623,1.2717732,22.733004,-7.4734993,20.587282,-15.234186,16.802235,0.102875344,-11.444449,8.417646,-12.06922,-16.300472,13.093305,8.252384,-14.854604,-2.4099023,-11.530085
43,-0.9604195952415466,3.599749803543091,75.42583465576172,0.6308982105709637,3.21192324799725,-85.62326232602457,-16.828194,8.207343,6.243504,37.85165,-22.623335,-6.3193364,-15.194442,-6.3322477,-2.8415723,39.22049,-24.029104,5.4700027,-3.107399,1.3584913,23.021267,-8.828632,20.989124,-14.637216,12.2135105,-1.036105,-11.996467,7.767648,-13.96412,-16.389713,12.7155905,4.422162,-13.949899,-2.2490187,-11.196816
44,-1.0402226448059082,3.7326979637145996,75.32600402832031,0.5952293892116233,3.3505684553547104,-85.28179765227853,-17.617836,8.18311,5.829596,38.64524,-22.748251,-6.259126,-15.684367,-6.3889284,-3.1529787,39.85253,-24.241186,5.40047,-3.1096673,1.4398555,23.295671,-10.373069,21.34949,-14.058156,7.890453,-2.1392748,-12.537325,7.238715,-16.099184,-16.460821,12.372715,0.8468791,-13.11358,-2.0761936,-10.825101
45,-1.1148427724838257,3.864530086517334,75.22779083251953,0.5573507482849035,3.4653999578286743,-84.95450663215004,-18.356358,8.160347,5.4334207,39.40421,-22.889322,-6.1992226,-16.15335,-6.439183,-3.4467216,40.49405,-24.449411,5.323302,-3.1138942,1.5173075,23.564253,-12.139452,21.657587,-13.49462,3.849508,-3.206612,-13.100386,6.853422,-18.49339,-16.505152,12.052961,-2.487337,-12.295639,-1.8946351,-10.375844
46,-1.1955702304840088,4.002155303955078,75.12303924560547,0.51847599533455,3.5618628777225143,-84.63626318351206,-19.059072,8.135891,5.0493155,40.13778,-23.036877,-6.136143,-16.612186,-6.4866304,-3.7279503,41.1513,-24.651041,5.2414207,-3.1148646,1.5958683,23.817461,-14.125096,21.908054,-12.966653,0.011211482,-4.302492,-13.654746,6.5763164,-21.141384,-16.517805,11.766428,-5.6087728,-11.414873,-1.6995853,-9.886059
47,-1.2715059518814087,4.138017177581787,75.00788116455078,0.4799580375664295,3.650223634237239,-84.32937968183037,-19.74824,8.110504,4.6761155,40.876118,-23.19501,-6.0700665,-17.057575,-6.5329056,-3.9973752,41.801334,-24.867102,5.1666303,-3.1103,1.67452,24.045713,-16.316072,22.109575,-12.476934,-3.5624263,-5.358892,-14.174482,6.3903623,-24.025734,-16.510721,11.531191,-8.449829,-10.648931,-1.4950228,-9.417352
48,-1.3599333763122559,4.2659711837768555,74.88430786132812,0.4433740408674111,3.7408918389589614,-84.0361962924929,-20.4479,8.085068,4.312572,41.65278,-23.36895,-6.0012546,-17.488556,-6.5799294,-4.255336,42.42557,-25.120403,5.1104436,-3.0976076,1.7528046,24.246813,-18.688053,22.278534,-12.024549,-6.8231773,-6.311412,-14.632438,6.277499,-27.119541,-16.50429,11.365906,-10.959777,-10.169645,-1.2873381,-9.028125
49,-1.4390374422073364,4.387092113494873,74.75444793701172,0.40837506286919684,3.8337382870355188,-83.75525031099191,-21.166746,8.060134,3.9541354,42.484554,-23.551874,-5.937769,-17.889898,-6.626505,-4.505778,42.996235,-25.421339,5.0806556,-3.0761538,1.831878,24.434235,-21.25734,22.421099,-11.60964,-9.794209,-7.166018,-14.98658,6.251564,-30.440584,-16.505678,11.276538,-13.168054,-10.06019,-1.0626189,-8.730803
50,-1.5184385776519775,4.504982948303223,74.62110137939453,0.37421201266104087,3.9244108347877757,-83.48591761197572,-21.891264,8.035638,3.602733,43.350384,-23.743402,-5.8769164,-18.268562,-6.672059,-4.747369,43.532806,-25.75727,5.0699735,-3.041528,1.9135873,24.622576,-24.02684,22.535664,-11.23069,-12.52138,-7.949059,-15.267649,6.317911,-33.97163,-16.511776,11.243739,-15.137249,-10.208528,-0.8274413,-8.4920225
51,-1.6011053323745728,4.619673728942871,74.47908782958984,0.34151626292774717,4.017158093121719,-83.23206159000809,-22.613012,8.010825,3.266781,44.228348,-23.959467,-5.8024993,-18.652054,-6.71787,-4.973178,44.079433,-26.112091,5.066625,-2.984446,1.998514,24.816118,-26.947252,22.628117,-10.884446,-14.993395,-8.6277275,-15.5561,6.443589,-37.630672,-16.527754,11.253947,-16.860563,-10.496619,-0.62101513,-8.30149
52,-1.6783902645111084,4.733219623565674,74.33165740966797,0.3109643190783166,4.116238857417247,-82.99782845760265,-23.322496,7.9849586,2.9548788,45.09367,-24.214823,-5.6983414,-19.06875,-6.7658153,-5.1758432,44.680683,-26.470228,5.058873,-2.896172,2.088024,25.020006,-29.969912,22.709383,-10.565809,-17.19648,-9.175534,-15.928943,6.593809,-41.344513,-16.56371,11.295089,-18.328003,-10.797618,-0.48069397,-8.15132
53,-1.7547379732131958,4.8377685546875,74.17568969726562,0.281372719153642,4.230469100367849,-82.77970900877783,-24.033068,7.9560165,2.6619947,45.94593,-24.518295,-5.543737,-19.534403,-6.815778,-5.3572707,45.346962,-26.831268,5.044506,-2.7738783,2.183475,25.246689,-33.140335,22.78458,-10.285766,-19.131327,-9.575817,-16.435457,6.795766,-45.156456,-16.622597,11.368724,-19.53963,-11.129373,-0.41751224,-8.082394
54,-1.8254820108413696,4.935962200164795,74.01350402832031,0.25298913805439627,4.355499972431411,-82.57692313731808,-24.744757,7.9248385,2.3853953,46.79601,-24.860289,-5.3526244,-20.031609,-6.866946,-5.5201497,46.054436,-27.201862,5.0297155,-2.6074328,2.2811177,25.49959,-36.487286,22.841343,-10.056257,-20.803677,-9.841476,-17.02348,7.058558,-49.061024,-16.687515,11.462059,-20.53938,-11.548313,-0.40967047,-8.081214
55,-1.88601815700531,5.029616832733154,73.84391784667969,0.22797043618187282,4.47582440648956,-82.39810901282486,-25.4277,7.897177,2.1373408,47.63472,-25.227015,-5.161266,-20.538376,-6.918783,-5.658136,46.79503,-27.57697,5.014969,-2.418906,2.3818777,25.786556,-39.84856,22.90174,-9.809505,-22.298141,-10.013138,-17.615194,7.3141365,-52.97677,-16.78424,11.593539,-21.342981,-11.933686,-0.43984443,-8.083712
56,-1.939344048500061,5.10915994644165,73.67377471923828,0.20884516578090412,4.575699415066316,-82.25167804241717,-26.053679,7.879038,1.9299861,48.457054,-25.606829,-5.00576,-21.031923,-6.971108,-5.764936,47.560604,-27.951582,5.000563,-2.1805089,2.4802651,26.091063,-43.18171,22.957905,-9.558605,-23.571413,-10.121705,-18.134672,7.500335,-56.773808,-16.89986,11.730609,-21.969631,-12.204097,-0.4987422,-7.9968805
57,-1.9885082244873047,5.183026313781738,73.49288940429688,0.20189595674097413,4.654512174639927,-82.143020258205,-26.619322,7.869653,1.7800795,49.264065,-26.007084,-4.881556,-21.528309,-7.0316186,-5.8310976,48.375473,-28.32413,4.9867477,-1.8989915,2.5734026,26.432714,-46.482296,22.998098,-9.296828,-24.643845,-10.171169,-18.581549,7.6344633,-60.488945,-17.020937,11.885443,-22.392258,-12.323444,-0.6025393,-7.789734
58,-2.0211822986602783,5.24897575378418,73.31012725830078,0.20356370344605088,4.719532514987965,-82.06650084292221,-27.140007,7.868337,1.6756265,50.06073,-26.432156,-4.7739086,-22.031754,-7.096918,-5.862846,49.233963,-28.69665,4.9733195,-1.5535855,2.6773067,26.798819,-49.869022,23.04528,-9.021878,-25.44254,-10.214181,-18.98803,7.725537,-64.16525,-17.145748,12.052929,-22.59469,-12.348965,-0.7509393,-7.5076847
59,-2.0590240955352783,5.2889251708984375,73.12335205078125,0.20235061584853703,4.766995149219829,-82.01419786045601,-27.610046,7.881478,1.5881245,50.837696,-26.860697,-4.7040353,-22.50448,-7.151353,-5.876184,50.086803,-29.071875,4.959601,-1.1687082,2.7734184,27.175922,-53.199253,23.09068,-8.766014,-26.052551,-10.131732,-19.326271,7.7434297,-67.73331,-17.27394,12.241157,-22.644598,-12.299813,-0.9044264,-7.2038307
60,-2.0843825340270996,5.316174030303955,72.93818664550781,0.18683222211475464,4.793013695731274,-81.97819557386643,-28.025785,7.9160366,1.4896905,51.589977,-27.273989,-4.6937823,-22.908426,-7.178985,-5.8875394,50.885067,-29.452665,4.944668,-0.7503534,2.8642654,27.533548,-56.39974,23.137154,-8.544203,-26.486414,-9.877183,-19.569298,7.638871,-71.123665,-17.423939,12.461542,-22.588629,-12.20535,-1.0234473,-6.926155
61,-2.11140775680542,5.322188854217529,72.74944305419922,0.14842148320447895,4.795226553234559,-81.97218073555102,-28.388391,7.9869523,1.3778093,52.330883,-27.677761,-4.753586,-23.24033,-7.1629496,-5.889816,51.623634,-29.843414,4.9291186,-0.27787802,2.9540262,27.874517,-59.49204,23.17722,-8.347746,-26.705414,-9.445006,-19.683056,7.342279,-74.34338,-17.613132,12.71196,-22.412878,-12.021058,-1.0870448,-6.671536
62,-2.1274352073669434,5.313356399536133,72.56770324707031,0.09493789297030542,4.776107510609934,-81.99508923024412,-28.698742,8.087046,1.266458,53.05753,-28.08079,-4.870649,-23.516315,-7.115783,-5.878581,52.32257,-30.24259,4.9130177,0.24907067,3.0455308,28.207449,-62.52297,23.202946,-8.180625,-26.698906,-8.862127,-19.694288,6.8970265,-77.429695,-17.844694,12.996562,-22.09842,-11.742494,-1.1175207,-6.421109
63,-2.1391336917877197,5.278535842895508,72.39325714111328,0.03934860859376527,4.739205316561393,-82.01666573541084,-28.953758,8.188225,1.1503236,53.74193,-28.460249,-5.031107,-23.733156,-7.0674095,-5.8734207,52.98193,-30.639784,4.8948092,0.7942295,3.1383238,28.511463,-65.44145,23.229109,-8.069314,-26.533474,-8.144738,-19.66785,6.4246244,-80.35319,-18.119453,13.336063,-21.683397,-11.46152,-1.1402311,-6.2000537
64,-2.1617178916931152,5.220451354980469,72.22767639160156,-0.004933593190338776,4.68810551345104,-82.0066551655387,-29.15188,8.261572,1.0241412,54.358963,-28.796118,-5.220806,-23.887285,-7.0480847,-5.8937626,53.601177,-31.025908,4.8728166,1.31476,3.2237544,28.768728,-68.180885,23.283916,-8.037932,-26.29311,-7.3107004,-19.665314,6.053042,-83.08467,-18.434933,13.748689,-21.208206,-11.267567,-1.1818235,-6.0334616
65,-2.169727325439453,5.153509616851807,72.069580078125,-0.04716434484970553,4.621442434863344,-81.97469519516461,-29.306984,8.324047,0.8899504,54.94111,-29.081646,-5.4537616,-23.984545,-7.045123,-5.937531,54.192837,-31.408527,4.838528,1.7990869,3.3100848,28.972263,-70.726845,23.400223,-8.07451,-25.963411,-6.279405,-19.693146,5.8266993,-85.65878,-18.79073,14.275018,-20.608826,-11.199505,-1.2487901,-5.9768944
66,-2.1666650772094727,5.057277202606201,71.92817687988281,-0.08992879785520352,4.538098213749466,-81.9309187273065,-29.415861,8.38214,0.7497435,55.490555,-29.32895,-5.7314906,-24.024603,-7.0502996,-5.9960394,54.75337,-31.78956,4.7954936,2.2569368,3.384895,29.135078,-73.10007,23.583721,-8.170094,-25.528511,-5.080178,-19.72073,5.683574,-88.0887,-19.179438,14.895797,-19.89106,-11.200532,-1.3279201,-6.0026674
67,-2.1641762256622314,4.947803974151611,71.8056869506836,-0.11033685955432206,4.441841938812855,-81.84619312267533,-29.447187,8.393272,0.60053533,55.929043,-29.542759,-6.0224423,-23.99323,-7.0996723,-6.078717,55.254375,-32.149235,4.7605224,2.6750228,3.4109058,29.265177,-75.2806,23.81551,-8.349861,-25.069681,-3.8944144,-19.750526,5.5888534,-90.31353,-19.588947,15.537752,-19.188253,-11.220179,-1.4169177,-6.006794
68,-2.1571319103240967,4.818305969238281,71.70089721679688,-0.08568951454195245,4.336404125453546,-81.69124485420541,-29.36959,8.315044,0.43856722,56.179253,-29.727919,-6.294827,-23.876522,-7.2288055,-6.195875,55.66806,-32.4678,4.750741,3.0396984,3.3568928,29.36662,-77.24443,24.063086,-8.635976,-24.663485,-2.8956876,-19.78536,5.5031495,-92.28028,-20.01301,16.136353,-18.61391,-11.211617,-1.5137463,-5.88154
69,-2.1430740356445312,4.664256572723389,71.62642669677734,0.005135062156447008,4.217099925112835,-81.46473101246461,-29.158434,8.122256,0.2722714,56.213055,-29.908611,-6.554144,-23.673973,-7.4625525,-6.3307705,56.006924,-32.765778,4.7801104,3.35534,3.2053928,29.434853,-78.98073,24.307695,-9.063793,-24.310305,-2.1031084,-19.844458,5.4622455,-93.989296,-20.46624,16.697485,-18.140701,-11.173878,-1.6226571,-5.5780764
70,-2.118614912033081,4.49574089050293,71.58224487304688,0.14439181789071762,4.0829870886909685,-81.18045447601489,-28.834469,7.8437343,0.09982348,56.072502,-30.073984,-6.8124413,-23.39128,-7.775702,-6.4864054,56.278717,-33.044704,4.8371115,3.6343558,2.988621,29.461786,-80.498375,24.547518,-9.608292,-23.969997,-1.425858,-19.918217,5.465252,-95.47546,-20.963573,17.263557,-17.69973,-11.135494,-1.7425289,-5.156937
71,-2.0941686630249023,4.304807662963867,71.56966400146484,0.2962218910685447,3.943500736625071,-80.83164180267708,-28.439497,7.5160975,-0.10082938,55.793823,-30.17935,-7.0464087,-23.022112,-8.128008,-6.7031407,56.4474,-33.255505,4.9002805,3.86941,2.751703,29.445787,-81.793236,24.775486,-10.191289,-23.668898,-0.86973816,-19.96875,5.4139013,-96.733696,-21.498737,17.815289,-17.342054,-11.092873,-1.863174,-4.6736608
72,-2.070404052734375,4.091629981994629,71.60348510742188,0.4253921307245537,3.8083469356942685,-80.41124328806369,-28.015072,7.1763864,-0.35079128,55.414845,-30.181116,-7.233641,-22.560038,-8.478845,-7.0207644,56.47698,-33.349613,4.94832,4.0423822,2.5356607,29.381802,-82.86338,24.987495,-10.727061,-23.42793,-0.43851903,-19.960266,5.2063293,-97.760025,-22.057034,18.32593,-17.125408,-11.035934,-1.9753393,-4.17991
73,-2.0508673191070557,3.8569536209106445,71.6622085571289,0.5261516294782604,3.675088192042418,-79.90635813407314,-27.57011,6.8240857,-0.6560962,54.961117,-30.087917,-7.3568783,-21.961802,-8.829855,-7.4760523,56.31769,-33.36625,4.974038,4.1435275,2.3533885,29.255154,-83.70163,25.195784,-11.180863,-23.244886,-0.2033905,-19.860018,4.7317595,-98.56762,-22.627913,18.807888,-17.012424,-10.983802,-2.0831885,-3.6720765
74,-2.0409159660339355,3.611538887023926,71.7737045288086,0.6156601826711648,3.539881740156189,-79.32433116209847,-27.082104,6.444169,-1.0073129,54.408417,-29.916866,-7.4315996,-21.242216,-9.194442,-8.041503,56.001633,-33.31346,4.9904366,4.17325,2.1833017,29.069628,-84.3036,25.410788,-11.586826,-23.11392,-0.13678966,-19.694517,4.0692577,-99.17015,-23.211905,19.268782,-16.975342,-10.936394,-2.189579,-3.126478
75,-2.0244507789611816,3.3511295318603516,71.92951202392578,0.6923916102624378,3.41088154163578,-78.68846717808073,-26.544003,6.052615,-1.4006315,53.715378,-29.635029,-7.4847283,-20.485104,-9.549911,-8.65838,55.620438,-33.0982,5.0048733,4.1427093,2.012675,28.851503,-84.68905,25.615469,-11.975179,-23.042143,-0.095337726,-19.517982,3.4038038,-99.565346,-23.801659,19.672285,-17.068342,-10.878526,-2.283761,-2.566958
76,-2.008718729019165,3.083148717880249,72.13970184326172,0.7553367467524051,3.2965436921600504,-78.02184659923837,-25.949877,5.6654153,-1.83311,52.84194,-29.210249,-7.542818,-19.776726,-9.876744,-9.2660055,55.26639,-32.6275,5.022542,4.110263,1.8298035,28.640415,-84.92602,25.75721,-12.408898,-23.011646,0.061708122,-19.387802,2.923639,-99.8024,-24.349733,19.998705,-17.262918,-10.86597,-2.3555007,-2.0259492
77,-1.995005488395691,2.8033087253570557,72.39593505859375,0.8071536725850057,3.1981809534228254,-77.31178721440307,-25.283676,5.276342,-2.3165443,51.753593,-28.64375,-7.6100693,-19.083925,-10.175452,-9.874431,54.89246,-31.908298,5.0528226,4.032658,1.6364965,28.40646,-84.944305,25.815403,-12.862339,-23.02637,0.4987756,-19.315382,2.6754699,-99.81351,-24.871563,20.223333,-17.628242,-10.846157,-2.3963559,-1.478397
78,-1.993587851524353,2.5126984119415283,72.69501495361328,0.8475489039983676,3.1118693896892013,-76.55173362657521,-24.55071,4.884016,-2.850504,50.477634,-27.951317,-7.6724176,-18.380732,-10.453528,-10.506264,54.475163,-30.980528,5.087737,3.9353614,1.4428513,28.146145,-84.77429,25.782198,-13.337771,-23.064405,1.1054583,-19.271666,2.5578845,-99.63052,-25.366499,20.372366,-18.095032,-10.855784,-2.413996,-0.9213246
79,-1.9887930154800415,2.2208504676818848,73.03897094726562,0.8717391291540018,3.0378613928341553,-75.7746231514281,-23.781046,4.5096664,-3.4151423,49.07506,-27.120857,-7.727683,-17.765587,-10.706707,-11.117265,54.14399,-29.80074,5.103929,3.8291986,1.2628402,27.877756,-84.47944,25.66664,-13.822768,-23.112583,1.6421895,-19.254381,2.4982536,-99.30133,-25.833136,20.444164,-18.6302,-10.89619,-2.424613,-0.37827834
80,-1.9744455814361572,1.9264575242996216,73.42731475830078,0.8746226016314684,2.9768326000433802,-75.01291273560712,-23.001324,4.174419,-3.98993,47.59714,-26.14037,-7.7735367,-17.336622,-10.93467,-11.663157,54.025787,-28.323202,5.078176,3.7325292,1.1057065,27.626352,-84.13542,25.483912,-14.314443,-23.15623,1.8628219,-19.26237,2.4293544,-98.89565,-26.256422,20.44665,-19.182455,-10.984966,-2.4449415,0.12374258
81,-1.9689693450927734,1.633277177810669,73.85557556152344,0.8619087514248442,2.9346630673667677,-74.26926870857903,-22.1974,3.8801901,-4.570684,46.007816,-25.002625,-7.7921066,-17.095419,-11.141124,-12.141451,54.132202,-26.52929,5.008169,3.6379647,0.9642524,27.38433,-83.70973,25.245243,-14.833128,-23.203661,1.6003175,-19.31211,2.368772,-98.39351,-26.612356,20.379423,-19.752693,-11.149359,-2.4716399,0.59749216
82,-1.964861512184143,1.343537449836731,74.3071517944336,0.8349997830841787,2.9097806203537737,-73.52782609281819,-21.362982,3.6215084,-5.169424,44.296635,-23.716814,-7.7890005,-17.00086,-11.331452,-12.572583,54.40307,-24.444145,4.906607,3.527694,0.83384234,27.143663,-83.17059,24.95798,-15.370795,-23.263765,1.01741,-19.397665,2.3415406,-97.78769,-26.891949,20.245447,-20.346218,-11.378608,-2.5003204,1.0520773
83,-1.960988163948059,1.0735869407653809,74.78130340576172,0.7827010654155069,2.892035479789006,-72.79454256649949,-20.543512,3.4068027,-5.7911897,42.565376,-22.300169,-7.798047,-17.086748,-11.511044,-12.946905,54.856503,-22.082428,4.7742147,3.3948386,0.7282056,26.924795,-82.58557,24.636164,-15.872421,-23.331669,0.36171415,-19.483784,2.2899854,-97.15161,-27.113373,20.046368,-20.936565,-11.615893,-2.5457406,1.4559519
84,-1.9541231393814087,0.8163478970527649,75.2807846069336,0.6943794027665091,2.871718873044626,-72.07475666123693,-19.784227,3.2431648,-6.4420347,40.914253,-20.768816,-7.8548675,-17.387293,-11.686116,-13.2552185,55.5107,-19.454748,4.610599,3.2673738,0.6577512,26.763702,-82.04942,24.280104,-16.306284,-23.400726,-0.12442144,-19.534578,2.1662884,-96.585396,-27.283672,19.801449,-21.457588,-11.84694,-2.6208353,1.7662097
85,-1.952701210975647,0.5684483647346497,75.79363250732422,0.5601755432572905,2.8502174579371347,-71.37497009283949,-19.086767,3.1343172,-7.1524067,39.341873,-19.074078,-7.9323335,-17.941208,-11.880148,-13.539792,56.432446,-16.391434,4.4005346,3.1496515,0.62720054,26.6614,-81.53496,23.884125,-16.654757,-23.49948,-0.42523938,-19.52817,1.9063572,-96.07145,-27.41286,19.494034,-21.9242,-12.0776,-2.7370584,1.9721993
86,-1.9627269506454468,0.3426055610179901,76.31948852539062,0.3898847480711752,2.832598365387791,-70.69004984600492,-18.430832,3.079539,-7.9133534,37.80652,-17.226734,-8.029776,-18.721474,-12.093041,-13.793368,57.583252,-12.930009,4.1513844,3.0230396,0.6275203,26.60024,-81.0032,23.450401,-16.936266,-23.621126,-0.6522898,-19.487288,1.5527724,-95.558655,-27.51531,19.112568,-22.383144,-12.2880125,-2.8836493,2.0966952
87,-1.972923994064331,0.1254034787416458,76.84424591064453,0.20239311368989085,2.814415908303918,-70.00903989026321,-17.826864,3.07335,-8.674469,36.34332,-15.332395,-8.224191,-19.663618,-12.285713,-13.929145,58.823593,-9.390909,3.9010131,2.936955,0.65139914,26.606722,-80.5774,22.967955,-17.202478,-23.706661,-0.7674666,-19.444244,1.2271947,-95.11782,-27.548836,18.723257,-22.754814,-12.541538,-3.0369258,2.1315143
88,-1.9783861637115479,-0.06488233804702759,77.34774017333984,0.01323892892968018,2.7904271607753097,-69.32185081646786,-17.285664,3.1051297,-9.387546,34.987988,-13.4993515,-8.591144,-20.703848,-12.4059,-13.856813,60.019886,-6.100935,3.6952155,2.7725732,0.69611585,26.642729,-80.24791,22.484667,-17.390461,-23.696457,-0.7018917,-19.43112,1.0149127,-94.74472,-27.575478,18.289145,-23.120386,-12.620942,-3.1801808,2.1213396
89,-1.9976956844329834,-0.24726058542728424,77.83412170410156,-0.186216909343859,2.7563620668406523,-68.63547388987146,-16.781906,3.1279786,-10.172036,33.63199,-11.628108,-9.238342,-21.890242,-12.414248,-13.517351,61.243244,-2.9058325,3.525908,2.5873773,0.7649859,26.7497,-80.05113,22.007727,-17.522562,-23.612991,-0.35862604,-19.458532,1.0108869,-94.4403,-27.580877,17.818783,-23.470913,-12.53789,-3.3062,2.04499
90,-2.0069661140441895,-0.4108737111091614,78.29119873046875,-0.40279011210418597,2.715946369188492,-67.95359959935288,-16.310535,3.1625037,-11.0256605,32.286236,-9.714782,-10.10746,-23.232151,-12.320698,-12.96618,62.518883,0.30145824,3.3994734,2.3845904,0.85767156,26.923489,-79.94989,21.534704,-17.59751,-23.486639,0.20170078,-19.50795,1.1438229,-94.1979,-27.551731,17.31289,-23.79918,-12.344928,-3.4260752,1.8971609
91,-2.0124428272247314,-0.5685790777206421,78.71450805664062,-0.6211432919626964,2.6769226110056894,-67.26143669718228,-15.917706,3.2857342,-11.698961,31.159912,-7.993999,-11.014985,-24.606934,-12.135206,-12.277611,63.652058,3.1103427,3.3839762,2.1401186,0.96223646,27.13124,-79.945854,21.072893,-17.631485,-23.302776,0.7605014,-19.569233,1.2960826,-94.045715,-27.50298,16.812948,-24.075,-12.138444,-3.5411716,1.6831298
92,-2.012815475463867,-0.724145233631134,79.08850860595703,-0.8243073510547418,2.647414437850021,-66.54365789292004,-15.662384,3.559768,-11.921605,30.472095,-6.682488,-11.7651415,-25.892916,-11.881124,-11.526013,64.46194,5.0908833,3.530736,1.845476,1.0665128,27.346888,-80.048355,20.627584,-17.65114,-23.050154,1.0947825,-19.635313,1.3538082,-94.00069,-27.456417,16.363577,-24.27954,-12.034012,-3.6506429,1.4002453
93,-2.020484685897827,-0.8816012144088745,79.41725158691406,-1.0128487572655376,2.6251720788510218,-65.78801008017344,-15.54692,4.0500755,-11.505521,30.198818,-5.7640395,-12.376278,-27.062714,-11.453548,-10.608651,64.91907,5.910078,3.9249463,1.4889866,1.170954,27.57411,-80.25648,20.19989,-17.650967,-22.726376,1.1018012,-19.70381,1.2679245,-94.06284,-27.432276,15.97281,-24.424067,-12.047079,-3.7496312,0.98635197
94,-2.0200624465942383,-1.0266778469085693,79.68831634521484,-1.1935038999851515,2.6063618960255117,-65.0035527200317,-15.548165,4.695073,-10.619949,30.258919,-5.128473,-12.911489,-28.16788,-10.889757,-9.536847,65.1325,5.8472,4.4890285,1.0880953,1.2808301,27.829784,-80.56948,19.785654,-17.624395,-22.343523,0.9104723,-19.778877,1.1075732,-94.20876,-27.432386,15.61684,-24.529362,-12.1251135,-3.837824,0.45706
95,-2.0148754119873047,-1.1582125425338745,79.89569091796875,-1.3573047825755933,2.59728264422048,-64.20666292600687,-15.692147,5.3744464,-9.522128,30.786762,-4.8491445,-13.236818,-29.218386,-10.443133,-8.549662,65.12992,5.395769,5.016817,0.6526037,1.3872243,28.096992,-80.979996,19.388437,-17.585796,-21.913445,0.65418684,-19.864666,0.9315481,-94.4291,-27.467896,15.280356,-24.59705,-12.228925,-3.9236531,-0.06302142
96,-2.005976915359497,-1.27732515335083,80.04071807861328,-1.4983521203476724,2.6055881391210494,-63.41660437346392,-16.005602,5.9801836,-8.472135,31.903904,-5.006745,-13.225876,-30.2377,-10.349,-7.8687387,64.92541,5.0682096,5.326052,0.20495793,1.4853677,28.36172,-81.48582,19.011627,-17.556446,-21.450243,0.46309048,-19.9663,0.80232394,-94.70854,-27.545599,14.9532795,-24.625748,-12.338962,-4.0154634,-0.45411667
97,-1.9896764755249023,-1.3893492221832275,80.12487030029297,-1.6103017122944214,2.645423374110423,-62.61869025886851,-16.57583,6.5463686,-7.4009995,33.82886,-5.824459,-12.672747,-31.263454,-10.812225,-7.6895375,64.5699,4.9135528,5.20825,-0.28326678,1.5719147,28.61132,-82.099,18.660652,-17.533178,-20.942354,0.36780253,-20.098406,0.7559789,-95.06939,-27.684168,14.623115,-24.618004,-12.484855,-4.112047,-0.6520649
98,-1.9773685932159424,-1.4803762435913086,80.15038299560547,-1.7020507074904117,2.707885930011649,-61.8106201890936,-17.343773,7.151598,-6.24169,36.406734,-7.202552,-11.695736,-32.27962,-11.649966,-7.847571,64.03161,4.6935873,4.81651,-0.7978537,1.655562,28.86212,-82.822334,18.330559,-17.515762,-20.393635,0.29517186,-20.254293,0.75705695,-95.49834,-27.88213,14.303898,-24.582039,-12.680274,-4.2086844,-0.7378015
99,-1.9666180610656738,-1.5590720176696777,80.11181640625,-1.7906510382888794,2.7674127035668894,-61.03109279632068,-18.130451,7.7273273,-5.241871,39.20535,-8.7290945,-10.667108,-33.237144,-12.506151,-8.016476,63.20234,4.4981346,4.526939,-1.2986535,1.7446055,29.124605,-83.611275,18.02176,-17.503307,-19.830694,0.23353744,-20.407637,0.7506775,-95.93789,-28.138496,13.989975,-24.536682,-12.791497,-4.3129473,-0.7907195
100,-1.961113691329956,-1.6314795017242432,80.0018310546875,-1.8897558452377579,2.7995795036853037,-60.31798544205631,-18.776762,8.171251,-4.6122756,41.815468,-9.975506,-9.963335,-34.08928,-13.042776,-7.8669662,61.97254,4.4284124,4.7028685,-1.7329504,1.8441986,29.41279,-84.42893,17.733168,-17.502195,-19.287073,0.16611633,-20.531794,0.6853258,-96.33078,-28.438847,13.685588,-24.493906,-12.715471,-4.431314,-0.8944479
101,-1.9549486637115479,-1.706060528755188,79.83709716796875,-1.9979688314055264,2.813107932262292,-59.68150082209326,-19.304258,8.394722,-4.4448724,44.262825,-10.887539,-9.705231,-34.830746,-13.248349,-7.3634214,60.24544,4.4523964,5.3525753,-2.096463,1.9495263,29.722206,-85.293175,17.462748,-17.508715,-18.755516,0.072772875,-20.620419,0.515246,-96.69368,-28.771637,13.396874,-24.432718,-12.338147,-4.589291,-1.0584576
102,-1.9492956399917603,-1.7793316841125488,79.61695098876953,-2.1026702161416453,2.887017426841122,-59.10136625639418,-19.867004,8.430911,-4.590017,46.73212,-11.655421,-9.698101,-35.55474,-13.301009,-6.66143,58.08958,4.5506115,6.295239,-2.4150968,2.050999,29.793802,-86.00819,17.190567,-17.529493,-18.240824,-0.0430014,-20.704594,0.28625554,-96.81202,-29.118723,13.101263,-24.393301,-11.738349,-4.7909436,-1.2548038
103,-1.933307409286499,-1.859771490097046,79.33296203613281,-2.2046371559781055,2.9495362000845775,-58.564144438622215,-20.331694,8.359681,-4.8747,49.05338,-12.231445,-9.845928,-36.177097,-13.164598,-5.715659,55.644356,4.81412,7.600245,-2.695869,2.1541348,29.793802,-86.64782,16.92304,-17.56211,-17.74936,-0.12854767,-20.77768,0.06287128,-96.796196,-29.4811,12.801612,-24.376106,-11.124612,-4.983206,-1.4725404
104,-1.924978256225586,-1.9619494676589966,78.99018096923828,-2.3056609266971893,2.9586205705140523,-58.057408854226296,-20.601995,8.274791,-5.1376843,51.055782,-12.562212,-10.044192,-36.646904,-12.805341,-4.4736114,53.054153,5.32611,9.3389635,-2.9300559,2.2657938,29.793802,-87.20471,16.668785,-17.617226,-17.30638,-0.1466746,-20.840473,-0.07885822,-96.66727,-29.847416,12.511539,-24.387302,-10.729044,-5.1151347,-1.7216947
105,-1.908776879310608,-2.0721805095672607,78.59331512451172,-2.404175876765241,2.8903702446016757,-57.58534028900866,-20.633305,8.113739,-5.453283,52.692608,-12.249165,-10.423212,-36.862377,-12.132705,-2.7583044,50.118885,6.181317,11.753023,-3.0941758,2.3891618,29.793802,-87.65983,16.422556,-17.706675,-16.91651,-0.039708346,-20.889368,-0.08322418,-96.41335,-30.179008,12.260383,-24.3946,-10.666861,-5.1651154,-2.006691
106,-1.8810402154922485,-2.191690683364868,78.14433288574219,-2.496118345104518,2.7508688315276806,-57.146379663883266,-20.456991,7.8384776,-5.870928,54.05473,-11.45446,-10.996479,-36.807095,-11.253155,-0.618293,46.821346,7.249587,14.710794,-3.2893577,2.498099,29.793802,-88.02143,16.228252,-17.785025,-16.551666,0.17500278,-20.919724,-0.018171115,-96.033714,-30.545778,11.951457,-24.467846,-10.64454,-5.162824,-2.2897806
107,-1.8865809440612793,-2.3388586044311523,77.64289855957031,-2.898447411078899,2.6185141450479157,-56.86273323490161,-20.243134,8.017014,-6.340078,55.31422,-11.045157,-11.585776,-36.559685,-10.438425,0.3701094,43.345844,8.496972,15.000033,-3.303402,2.8979003,29.793802,-88.33647,16.06308,-17.898314,-16.271324,0.35167632,-20.945421,0.06656384,-95.61507,-30.908554,11.685515,-24.541687,-10.779996,-5.127201,-2.6227589
108,-1.888339638710022,-2.507429361343384,77.08648681640625,-3.3705009557370884,2.502909178115857,-56.60013785993191,-19.988438,8.506234,-6.5471516,56.399708,-11.716545,-11.761662,-36.375145,-9.682432,1.1137271,40.317093,9.657487,15.000033,-3.2847211,3.3706598,29.793802,-88.61609,15.9278755,-18.030128,-16.069696,0.38443413,-20.978102,0.084375,-95.19893,-31.273266,11.444829,-24.622513,-10.978058,-5.0876617,-3.0077283
109,-1.8883626461029053,-2.693821430206299,76.4718017578125,-3.8045114385990813,2.401350699612006,-56.31410250201011,-19.59049,9.295332,-6.276515,57.094376,-13.885985,-11.2129965,-36.3212,-9.07174,1.7556306,37.86643,10.657646,15.000033,-3.282135,3.8119779,29.793802,-88.852264,15.822583,-18.181171,-15.960953,0.14235418,-21.032547,-0.006570527,-94.76892,-31.638327,11.233283,-24.722313,-11.277256,-5.050127,-3.4952176
110,-1.8890678882598877,-2.8731842041015625,75.81197357177734,-4.2233428685345435,2.2982500920167785,-56.02588702939951,-19.04909,10.279069,-5.708427,57.45654,-17.07607,-10.206332,-36.32241,-8.515748,2.342714,35.786545,11.592883,15.000033,-3.2765102,4.243438,29.793802,-89.04231,15.748334,-18.352884,-15.932249,-0.2806732,-21.097483,-0.15985343,-94.31152,-32.002804,11.046488,-24.835382,-11.685031,-4.9982867,-4.0619407
111,-1.8846349716186523,-3.0570411682128906,75.11005401611328,-4.596074662257632,2.206668553644428,-55.72846602951324,-18.554832,11.237882,-5.1099486,57.837658,-20.627949,-9.178701,-36.482803,-8.016471,2.9149802,34.293774,12.398731,15.000033,-3.2673,4.6349983,29.793802,-89.21975,15.707136,-18.546206,-15.951028,-0.6607187,-21.146452,-0.31948596,-93.87491,-32.37342,10.8757925,-24.95229,-12.102658,-4.924319,-4.613678
112,-1.8822904825210571,-3.231887102127075,74.3687744140625,-4.899347317275483,2.1416149515666465,-55.41840142423405,-18.311262,12.008019,-4.7171392,58.583042,-23.872509,-8.528632,-36.913006,-7.5664396,3.5029745,33.61679,13.004924,15.000033,-3.248277,4.9655576,29.793802,-89.41892,15.70074,-18.761541,-15.990026,-0.77426577,-21.154303,-0.4276047,-93.503716,-32.761806,10.710211,-25.0655,-12.429605,-4.823308,-5.0570464
113,-1.8808175325393677,-3.413612127304077,73.59007263183594,-5.175527358121806,2.1178389927960057,-55.113995278397866,-18.401537,12.665218,-4.5659776,59.79594,-26.785648,-8.388975,-37.658436,-7.0889497,4.054755,33.810246,13.6321945,15.000033,-3.1967034,5.2772684,29.793802,-89.670975,15.730594,-19.003267,-16.05661,-0.4798248,-21.1136,-0.46972612,-93.219025,-33.177383,10.572221,-25.178318,-12.613221,-4.6860204,-5.408561
114,-1.8925769329071045,-3.5821609497070312,72.78018951416016,-5.430057322311758,2.1300762566365425,-54.822701838120786,-18.726194,13.300863,-4.5269723,61.296844,-29.675735,-8.533504,-38.68104,-6.592111,4.5273633,34.78083,14.23635,15.000033,-3.1085575,5.577511,29.793802,-89.9575,15.795725,-19.270445,-16.162834,0.07598231,-21.03795,-0.47518185,-92.994545,-33.622505,10.4568,-25.30007,-12.71116,-4.5186334,-5.7059984
115,-1.9058799743652344,-3.7393429279327393,71.94853973388672,-5.5852545736392525,2.1626561609842576,-54.52226427606379,-19.22043,13.794216,-4.568973,63.01306,-32.377495,-8.790044,-39.95345,-6.1772447,4.998594,36.52054,14.346623,15.000033,-3.0079925,5.791293,29.793802,-90.23907,15.892406,-19.556765,-16.286564,0.68531203,-20.93501,-0.45061466,-92.80418,-34.096905,10.313121,-25.42921,-12.787967,-4.341348,-5.887591
116,-1.9202148914337158,-3.894239664077759,71.0957260131836,-5.558916838893382,2.197952701246161,-54.18541121788993,-19.808702,14.001339,-4.663264,64.8683,-34.725643,-8.979304,-41.43202,-5.932529,5.5938473,39.0051,13.490477,15.000033,-2.925548,5.836575,29.793802,-90.4758,16.014421,-19.858059,-16.39966,1.1435435,-20.813086,-0.40272442,-92.616005,-34.59758,10.087115,-25.567415,-12.908864,-4.1744013,-5.890919
117,-1.9539461135864258,-4.008420944213867,70.24515533447266,-5.246201280513589,2.236780466298454,-53.73789714605011,-20.534767,13.7482,-4.816097,66.933044,-36.665962,-9.037542,-43.20802,-5.9330387,6.4924603,42.592213,11.17782,15.000033,-2.926634,5.600441,29.793802,-90.67957,16.155153,-20.188347,-16.465239,1.3512378,-20.706728,-0.3162864,-92.44739,-35.13122,9.738534,-25.715794,-13.1647415,-3.992981,-5.6044497
118,-1.9567724466323853,-4.14191198348999,69.37835693359375,-4.695664915826082,2.2785390705107065,-53.201403764307635,-21.40688,13.120184,-5.013606,69.224434,-38.294907,-9.045571,-45.216164,-6.092166,7.638691,47.075825,7.8545036,15.000033,-2.9883106,5.130481,29.793802,-90.86813,16.311361,-20.549679,-16.496702,1.4343631,-20.601145,-0.1940521,-92.28816,-35.698265,9.293037,-25.883219,-13.494905,-3.7987316,-5.093311
119,-1.9344247579574585,-4.327354431152344,68.51152038574219,-4.0694746542628755,2.309345177387831,-52.701560793747,-22.297941,12.373501,-5.2074113,71.58148,-39.674156,-9.046651,-47.21755,-6.272007,8.794473,51.64465,4.4406343,15.000033,-3.003672,4.6008406,29.793802,-91.01202,16.48568,-20.914574,-16.543398,1.5240381,-20.430025,-0.07063928,-92.08116,-36.27935,8.805648,-26.06733,-13.739717,-3.6492662,-4.559054
120,-1.9211183786392212,-4.531176567077637,67.67675018310547,-3.5539936578112776,2.3236963127042656,-52.37687315913346,-23.090881,11.796349,-5.3784227,73.84745,-40.8678,-9.094437,-49.012856,-6.3414884,9.692824,55.56787,1.7756658,15.000033,-2.858589,4.2097836,29.793802,-91.081955,16.688375,-21.253199,-16.65834,1.7510402,-20.12626,0.018530553,-91.78252,-36.844242,8.338294,-26.261593,-13.744234,-3.5991724,-4.2014866
121,-1.9141346216201782,-4.72580623626709,66.8925552368164,-3.17586833257006,2.341057755661474,-52.22790036427835,-23.81722,11.410215,-5.579045,76.02991,-41.848423,-9.203518,-50.631996,-6.3959846,10.176708,58.788002,0.0075150062,15.000033,-2.5380094,3.9896793,29.793802,-91.06861,16.931057,-21.557968,-16.844307,1.988764,-19.697985,-0.0072355345,-91.42589,-37.39078,7.903712,-26.431976,-13.417251,-3.7115161,-4.1029434
122,-1.8999032974243164,-4.938798904418945,66.17166137695312,-2.8526123200980376,2.3614602685745387,-52.19773207227398,-24.518427,11.090029,-5.8092933,78.19477,-42.5963,-9.34844,-52.184532,-6.495517,10.410763,61.70549,-1.3350945,15.000033,-2.1017978,3.8489215,29.793802,-90.97987,17.220354,-21.84098,-17.088018,2.2204964,-19.172394,-0.10567335,-91.031136,-37.919132,7.4780555,-26.585165,-12.863645,-3.9409323,-4.1454024
123,-1.8819262981414795,-5.157549858093262,65.51741790771484,-2.6181579407657023,2.355881803399885,-52.34589565059343,-25.09412,10.920851,-5.9928985,80.26641,-43.190857,-9.528451,-53.60605,-6.452094,10.572299,64.31636,-2.3676894,15.000033,-1.5445161,3.8115733,29.793802,-90.81509,17.562712,-22.103333,-17.41649,2.7383804,-18.50995,-0.13476555,-90.548294,-38.388668,7.072942,-26.763447,-12.228447,-4.1790786,-4.225499
124,-1.8440959453582764,-5.379619598388672,64.93294525146484,-2.507411765410402,2.2934367550994397,-52.73286102851256,-25.44354,10.991013,-6.05436,82.16801,-43.712517,-9.743032,-54.820446,-6.053525,10.8282175,66.60553,-3.198207,15.000033,-0.8698587,3.9037414,29.793802,-90.57445,17.97097,-22.344967,-17.849644,3.8281085,-17.668047,0.034711167,-89.94275,-38.73329,6.705255,-26.987965,-11.667879,-4.317123,-4.238327
125,-1.7852904796600342,-5.608051776885986,64.40267944335938,-2.5789229056356957,2.1572870805247777,-53.44906250336086,-25.517492,11.404711,-5.9810715,83.9009,-44.168995,-10.031467,-55.804356,-5.128462,11.206048,68.53614,-3.7413712,15.000033,-0.0073736105,4.2038717,29.793802,-90.20064,18.4608,-22.566473,-18.410666,5.722479,-16.622082,0.529741,-89.229706,-38.888092,6.3892107,-27.240572,-11.147704,-4.305337,-4.1521206
126,-1.6924830675125122,-5.83988094329834,63.929073333740234,-2.7987097204006646,1.960491794192621,-54.438987607200445,-25.367033,12.090721,-5.8144197,85.493355,-44.521065,-10.384512,-56.593575,-3.8292732,11.590059,70.13924,-3.9755857,15.000033,1.0159067,4.681472,29.793802,-89.70359,19.042156,-22.775494,-19.088713,8.188275,-15.376599,1.210161,-88.4587,-38.81021,6.162943,-27.473667,-10.701601,-4.210072,-4.022131
127,-1.5813062191009521,-6.087493419647217,63.51096725463867,-3.0583643805947127,1.71013847908734,-55.5446068372744,-25.035574,12.872992,-5.5523615,86.91133,-44.771965,-10.726613,-57.188347,-2.412707,11.953758,71.49446,-4.1148562,15.000033,1.9358594,5.1399407,29.793802,-89.16964,19.766062,-22.974154,-19.794939,10.85505,-13.941045,1.7883525,-87.61189,-38.575974,5.9065385,-27.739996,-10.304579,-4.1040773,-3.8314102
128,-1.4660835266113281,-6.3363871574401855,63.15198516845703,-3.2559561475696137,1.4377533303874406,-56.611012097535905,-24.59987,13.580405,-5.1995068,88.13021,-44.927326,-10.981279,-57.61499,-1.1350063,12.270939,72.664604,-4.3498077,15.000033,2.6601772,5.478524,29.793802,-88.66935,20.618916,-23.168207,-20.559515,13.321394,-12.354709,2.037578,-86.69368,-38.166916,5.754363,-28.01122,-10.297377,-4.044736,-3.640755
129,-1.3322685956954956,-6.560772895812988,62.84952926635742,-3.3715800563885354,1.1174462807265033,-57.66398058874928,-24.010332,14.209756,-4.7095532,89.1415,-44.973305,-11.129,-57.843468,0.0011129329,12.54594,73.63959,-4.736834,15.000033,3.1225755,5.635675,29.793802,-88.174805,21.637808,-23.29189,-21.328493,15.525087,-10.691199,1.8936204,-85.673996,-37.59848,5.663842,-28.300434,-10.637644,-4.0620794,-3.440168
130,-1.1924375295639038,-6.779203414916992,62.6030387878418,-3.4546870247752497,0.7495949608838014,-58.76550987310965,-23.254381,14.833344,-4.0913186,89.96084,-44.910656,-11.2099,-57.88229,1.1109054,12.797304,74.390236,-5.166653,15.000033,3.4173868,5.7009773,29.793802,-87.606865,22.827547,-23.351404,-22.167845,17.662731,-8.930834,1.4897516,-84.56871,-36.84803,5.6958995,-28.591316,-11.288298,-4.1157937,-3.2312694
131,-1.0522099733352661,-6.99830436706543,62.42973327636719,-3.503337831640863,0.393034481221766,-59.81699632399796,-22.44833,15.3901005,-3.4281576,90.59638,-44.76192,-11.233075,-57.804085,2.1214504,13.036871,74.96079,-5.597762,15.000033,3.4895449,5.6682544,29.793802,-87.0391,24.164078,-23.444176,-23.081686,19.819138,-6.9840827,0.8503253,-83.45952,-35.972336,5.8107953,-28.876936,-12.117082,-4.1828547,-2.988705
132,-0.8960040211677551,-7.210414886474609,62.33209991455078,-3.5210990891639478,0.11084044344680766,-60.71892317920477,-21.719429,15.825566,-2.809872,91.05863,-44.55058,-11.20849,-57.681137,2.96113,13.274439,75.393036,-5.9968057,15.000033,3.3373742,5.555339,29.793802,-86.60176,25.582737,-23.684336,-24.07394,22.081602,-4.759748,-0.009627163,-82.39994,-35.06441,5.953101,-29.181374,-13.0126,-4.237212,-2.7011797
133,-0.7283803224563599,-7.418139934539795,62.291568756103516,-3.508552265320902,-0.08452517490244171,-61.435212498917515,-21.085989,16.118519,-2.2542,91.324554,-44.281525,-11.127477,-57.499386,3.5875175,13.50464,75.66891,-6.395959,15.000033,2.987519,5.3547144,29.793802,-86.35111,27.010279,-24.087372,-25.223804,24.65318,-2.141477,-1.2501988,-81.366325,-34.2286,6.0607157,-29.559889,-14.046476,-4.2706814,-2.3445165
134,-0.567528486251831,-7.623132228851318,62.304298400878906,-3.4691408520885663,-0.2220250572268716,-62.02153007726308,-20.4973,16.305422,-1.7223196,91.40226,-43.942173,-10.989722,-57.2342,4.0466266,13.721686,75.77373,-6.8021517,15.000033,2.5183408,5.097215,29.793802,-86.30655,28.402376,-24.616234,-26.464924,27.488422,0.74693036,-2.8827894,-80.28529,-33.500996,6.136127,-30.036732,-15.2183485,-4.2947893,-1.9491024
135,-0.3887332081794739,-7.80465841293335,62.36893081665039,-3.4211070572328324,-0.2978265776192109,-62.51588670430368,-19.979456,16.41702,-1.2206291,91.34205,-43.530308,-10.81694,-56.950096,4.3938513,13.922543,75.75028,-7.117666,15.000033,1.9646052,4.8411493,29.793802,-86.54727,29.727781,-25.332897,-27.554874,30.331697,3.6579704,-4.641351,-79.17806,-32.860237,6.1984,-30.5632,-16.26012,-4.3144345,-1.5767437
136,-0.20699599385261536,-7.974537372589111,62.480247497558594,-3.3798855686610434,-0.3156106702383904,-62.95579393328503,-19.547546,16.486044,-0.7531848,91.192055,-43.048977,-10.632198,-56.70222,4.68692,14.107685,75.64418,-7.254072,15.000033,1.3801575,4.6432943,29.793802,-87.16984,30.99891,-26.276041,-28.270554,32.80877,6.3916326,-6.221942,-78.03886,-32.254677,6.261271,-31.097784,-16.949888,-4.3311744,-1.2754407
137,-0.01778060756623745,-8.12032699584961,62.64155578613281,-3.3460942956235713,-0.25977669236834716,-63.31592106955864,-19.227955,16.511827,-0.31875905,90.944145,-42.5084,-10.414088,-56.489445,4.881918,14.257556,75.43422,-7.2362094,15.000033,0.69304353,4.487279,29.793802,-88.20052,32.217793,-27.481339,-28.596766,34.70206,8.976582,-7.461588,-76.92252,-31.660175,6.3371363,-31.613081,-17.112331,-4.3521776,-1.0497115
138,0.17638331651687622,-8.25776195526123,62.85010528564453,-3.340047077057789,-0.1398441719393209,-63.59163947296704,-19.004183,16.513077,0.06598801,90.5873,-41.90921,-10.170827,-56.279213,4.9757714,14.344418,75.094574,-7.090424,15.000033,-0.09266418,4.3787007,29.793802,-89.592476,33.38009,-28.92548,-28.658348,36.213055,11.538434,-8.510726,-75.79145,-31.077063,6.407247,-32.144253,-16.928007,-4.372179,-0.86798465
139,0.37712013721466064,-8.378829956054688,63.10713195800781,-3.348635968067615,0.019024629040773993,-63.84350539293317,-18.83583,16.482346,0.40853313,90.14488,-41.227245,-9.947594,-56.104343,5.0616016,14.426966,74.68775,-6.730278,15.000033,-0.9119382,4.330566,29.793802,-91.27104,34.473186,-30.594858,-28.419567,37.704166,14.049905,-9.497505,-74.595665,-30.456055,6.4996214,-32.69908,-16.670858,-4.3752913,-0.7362124
140,0.5826124548912048,-8.492426872253418,63.39685821533203,-3.358227195970927,0.18912656308971917,-64.13223214777932,-18.680052,16.412363,0.7149413,89.6416,-40.43708,-9.790223,-55.996166,5.235576,14.562852,74.278725,-6.067177,15.000033,-1.708907,4.341548,29.793802,-93.16544,35.492897,-32.47846,-27.83394,39.557194,16.457817,-10.585992,-73.30062,-29.72268,6.6387625,-33.271133,-16.617659,-4.3513145,-0.64879775
141,0.7880027294158936,-8.603649139404297,63.72532653808594,-3.364865921747228,0.36437978827412004,-64.45886564620095,-18.499228,16.300829,1.0048575,89.02659,-39.539852,-9.707381,-55.928673,5.4953074,14.770642,73.854485,-5.08735,15.000033,-2.5286624,4.399643,29.793802,-95.30245,36.4476,-34.56748,-26.931082,42.02827,18.822163,-12.057209,-71.91021,-28.79957,6.882494,-33.836277,-16.803682,-4.3158855,-0.6341402
142,0.9839908480644226,-8.70471477508545,64.08687591552734,-3.368712642290687,0.5568014425751894,-64.794730094574,-18.321669,16.14566,1.269548,88.3034,-38.545094,-9.675255,-55.89373,5.7966423,15.026847,73.3936,-3.836584,15.000033,-3.4241278,4.4749184,29.793802,-97.703926,37.3506,-36.882687,-25.712431,44.900635,21.115166,-13.7861,-70.46432,-27.665258,7.233556,-34.386,-17.12435,-4.275598,-0.6656721
143,1.1888878345489502,-8.7971830368042,64.48402404785156,-3.379952660793511,0.7663301731704091,-65.15835582953866,-18.207968,15.950371,1.4635339,87.58015,-37.44413,-9.696628,-55.94979,6.168603,15.312771,72.942406,-2.3155332,15.000033,-4.341562,4.559966,29.793802,-100.2937,38.198936,-39.45226,-24.089113,47.807068,23.175695,-15.29769,-68.98987,-26.342644,7.655764,-34.93775,-17.650728,-4.2051816,-0.66018647
144,1.389183759689331,-8.874069213867188,64.89408874511719,-3.4050717547923344,0.9930214321888469,-65.56795296363313,-18.217764,15.716635,1.5425867,86.96386,-36.226204,-9.775874,-56.155857,6.6407285,15.610197,72.5472,-0.5231305,15.000033,-5.208534,4.6670747,29.793802,-102.98639,38.971535,-42.28572,-21.991846,50.31916,24.902184,-16.056532,-67.51603,-24.88379,8.105718,-35.50468,-18.445807,-4.0792623,-0.5395919
145,1.5799731016159058,-8.941689491271973,65.30925750732422,-3.4518687021457297,1.2294605667503304,-66.03716360490948,-18.368822,15.433723,1.4833043,86.46563,-34.78745,-9.965854,-56.56543,7.347648,16.00818,72.27542,1.8092419,15.000033,-5.985299,4.832088,29.793802,-105.73198,39.62945,-45.335514,-19.519018,52.259098,26.40393,-15.734388,-66.03192,-23.329086,8.585681,-36.07662,-19.622826,-3.881283,-0.30769518
146,1.7609844207763672,-8.991129875183105,65.72676086425781,-3.515029463054454,1.4761470270191972,-66.55273272373223,-18.624807,15.10083,1.3052219,86.03352,-33.171043,-10.260852,-57.13254,8.230684,16.476978,72.08152,4.598696,15.000033,-6.6921196,5.0711117,29.793802,-108.55289,40.14767,-48.558018,-16.72057,53.80565,27.764072,-14.607141,-64.52819,-21.692724,9.123935,-36.640514,-21.106375,-3.6315777,0.00015563026
147,1.9291678667068481,-9.030936241149902,66.1381607055664,-3.5804392477482376,1.7463391070715237,-67.09437882892388,-18.96367,14.731785,1.0387322,85.67621,-31.581219,-10.572022,-57.778973,9.002698,16.79218,71.841515,7.3141785,14.9115095,-7.347567,5.362034,29.793802,-111.474144,40.526833,-51.97257,-13.464364,55.05329,28.85976,-13.021887,-63.060543,-19.994383,9.70648,-37.183586,-22.660385,-3.3644283,0.41367272
148,2.0934736728668213,-9.062212944030762,66.5406494140625,-3.629686048369216,2.0557781683353697,-67.64120889846238,-19.367447,14.340374,0.72494966,85.39834,-30.211138,-10.796561,-58.437878,9.345477,16.70307,71.42656,9.431936,14.564324,-7.9758325,5.6764064,29.793802,-114.52857,40.782154,-55.609623,-9.598373,56.119396,29.551472,-11.338754,-61.67655,-18.249262,10.321701,-37.70716,-24.054804,-3.1105428,0.954742
149,2.26416277885437,-9.08366870880127,66.91847229003906,-3.6336826039731056,2.4112044623142763,-68.21115785634461,-19.855745,13.746073,0.27009603,85.196175,-29.038992,-11.017978,-59.16881,8.98283,15.968241,70.876526,10.766305,13.792931,-8.564156,5.9958067,29.793802,-117.78782,40.916023,-59.334217,-5.0391426,57.142197,29.855824,-9.423095,-60.35877,-16.450428,10.9466915,-38.251835,-25.191366,-2.836592,1.7407609
150,2.4323155879974365,-9.111915588378906,67.26055145263672,-3.6073583371718514,2.8013583275276353,-68.80609999452605,-20.420822,12.997248,-0.3042431,85.06575,-27.983873,-11.253549,-59.959106,8.147622,14.776533,70.243805,11.583442,12.717358,-9.113868,6.344381,29.793802,-121.17722,40.918663,-63.126694,0.06309161,58.047596,29.852167,-7.162637,-59.10279,-14.597597,11.601981,-38.788807,-26.209345,-2.545719,2.7193668
151,2.613981246948242,-9.138937950134277,67.5663070678711,-3.5993602891689136,3.21927186565879,-69.38562393321125,-21.020304,12.462538,-0.7735488,85.02224,-27.14333,-11.2768545,-60.625645,7.409317,13.682131,69.42738,12.051793,11.948298,-9.671384,6.751388,29.793802,-124.55146,40.79017,-67.2237,5.550587,58.664368,29.470629,-4.9654264,-57.980415,-12.723374,12.310324,-39.21221,-27.203327,-2.3166463,3.6535716
152,2.787975549697876,-9.171882629394531,67.81982421875,-3.6573565285718646,3.6634644447198967,-69.91275520659454,-21.629646,12.517135,-0.9108155,85.083725,-26.610514,-10.846853,-61.035133,7.330295,13.239324,68.31287,12.39477,12.083861,-10.273349,7.247597,29.793802,-127.81711,40.531986,-71.88842,11.323646,58.825882,28.620642,-3.2356162,-57.057278,-10.873863,13.090286,-39.423862,-28.259382,-2.2201934,4.3001657
153,2.958526611328125,-9.202662467956543,67.99884796142578,-3.80847868425562,4.160640472150894,-70.37091274942395,-22.305414,13.380102,-0.58113825,85.34598,-26.475946,-9.760166,-61.114857,8.275914,13.8722725,66.70888,12.518941,13.641004,-10.904278,7.8990264,29.793802,-131.20474,40.13208,-77.082565,17.647861,58.99816,27.34164,-2.347819,-56.311844,-9.071992,13.938373,-39.421116,-29.423384,-2.269146,4.538612
154,3.12170672416687,-9.249067306518555,68.1139144897461,-4.025164394267071,4.697246251708857,-70.78006632891874,-23.027586,14.818139,0.056873508,85.76195,-26.703678,-8.187968,-61.025906,9.462987,14.717655,64.69825,12.350689,15.000033,-11.532348,8.682594,29.793802,-134.74828,39.57067,-82.62928,24.46876,59.123768,25.696648,-2.026681,-55.706127,-7.3224063,14.820731,-39.250774,-30.63284,-2.4134529,4.5057945
155,3.270400285720825,-9.305432319641113,68.18555450439453,-4.361259278392889,5.211330093472519,-71.17367206725778,-23.686188,16.61274,0.72626233,86.17288,-27.212717,-6.481047,-60.909683,10.241944,14.871691,62.534943,12.224828,15.000033,-12.144123,9.59671,29.793802,-138.1189,38.83019,-88.69217,31.30533,58.278374,23.591894,-1.7212772,-55.25493,-5.648152,15.702829,-38.898727,-31.811949,-2.62684,4.3399734
156,3.420459032058716,-9.368318557739258,68.18663024902344,-4.76454822814021,5.660758631508533,-71.57619984425219,-24.19764,18.426598,1.2623113,86.40916,-27.86245,-4.934089,-60.757717,10.727279,14.662011,60.575523,12.416587,15.000033,-12.76501,10.536735,29.793802,-141.05624,37.88644,-95.60156,37.805176,55.578743,20.855822,-0.94241816,-54.98824,-4.0702515,16.569738,-38.37934,-32.87309,-2.8825111,4.1737785
157,3.5814080238342285,-9.438335418701172,68.1219253540039,-5.074747834809513,6.0860422155097424,-71.96946608840594,-24.611797,20.26866,1.9168874,86.40347,-28.613417,-3.232215,-60.664604,10.793603,14.1385765,58.954323,13.38281,15.000033,-13.482405,11.378054,29.793802,-143.7936,36.658554,-105.38643,44.372566,50.36305,16.597736,0.3607493,-54.949448,-2.6323755,17.516445,-37.680626,-33.785748,-3.2137501,3.9032202
158,3.75506591796875,-9.52176570892334,67.99968719482422,-5.393607452883337,6.421385081243237,-72.34486004186869,-24.864698,22.284863,2.6749983,86.25761,-29.585464,-1.3836346,-60.480297,10.64408,13.355553,57.49371,14.829125,15.000033,-13.883965,12.899143,29.793802,-145.9822,34.976948,-115.632416,51.619347,44.308083,10.862336,1.3757389,-55.604107,-1.4452596,18.358572,-36.063698,-34.92911,-3.6806533,3.6858563
159,3.9592373371124268,-9.626568794250488,67.82112121582031,-5.735363165618731,6.541300209779769,-72.70838886538384,-24.726213,24.035751,3.2502365,85.95733,-30.69873,-0.02934928,-60.032375,10.495299,12.571104,56.28183,15.8315935,15.000033,-13.23663,15.788979,29.793802,-146.90706,32.895466,-120.65806,59.373665,39.36575,5.157524,1.7189918,-57.37937,-0.95307547,18.621893,-33.050205,-36.566746,-4.204215,3.8703034
160,4.162759304046631,-9.745088577270508,67.60224151611328,-5.919412305690175,6.608348201415791,-73.08574380146233,-24.264652,24.92701,3.5079997,85.45977,-31.739214,0.2925624,-59.488075,10.469815,12.2475815,55.438736,15.5015545,15.000033,-12.594912,17.743813,29.793802,-147.57794,30.821747,-122.3139,66.009926,33.65225,1.3152388,1.9635222,-58.432274,-0.8669812,18.738846,-31.364655,-37.660645,-4.477416,4.1040545
161,4.386468887329102,-9.889179229736328,67.33063507080078,-5.837022968622049,6.747942780057973,-73.48639212255597,-23.526289,24.573574,3.2810042,84.687775,-32.558323,-0.8161937,-58.881966,10.583079,12.681234,55.026035,13.125273,15.000033,-12.741383,17.571188,29.793802,-147.9753,29.095713,-121.882614,70.898705,26.142462,-0.07541687,2.6250336,-58.121334,-0.4591207,18.9952,-31.911352,-37.877693,-4.4652095,4.5314217
162,4.638190269470215,-10.07747745513916,67.01969146728516,-5.551037656666106,6.9430393194314215,-73.91463339425923,-22.56136,23.370844,2.7410016,83.695076,-33.30548,-2.9033346,-58.267677,10.7074995,13.574689,55.00813,9.340766,15.000033,-13.549087,16.081165,29.793802,-147.86992,28.33603,-119.84472,74.489944,17.230795,-0.17287533,3.5883896,-57.23586,0.22238007,19.495522,-33.568596,-37.52929,-4.2750835,5.1117134
163,4.900487899780273,-10.256404876708984,66.67171478271484,-5.157849941770049,7.0695193391238815,-74.37063345822479,-21.381561,21.910017,2.232849,82.62398,-34.175777,-5.2230687,-57.74805,10.7677,14.501265,55.327602,5.2983403,15.000033,-14.739206,13.7852745,29.793802,-146.84573,27.663445,-115.97779,78.03585,8.074223,-0.37399265,3.9453843,-56.865448,1.8387654,19.938871,-34.83353,-37.292233,-4.1200094,5.7643023
164,5.143008708953857,-10.425460815429688,66.30098724365234,-4.87192280252542,7.089399896081926,-74.8631942570646,-20.157776,20.876945,1.9856176,81.65797,-35.29635,-7.1113596,-57.475792,10.775954,14.949938,55.81574,2.192147,15.000033,-15.657349,12.002722,29.793802,-145.39795,27.616173,-109.530594,80.35667,-0.31746057,-1.5016185,3.1226563,-57.598072,3.4818482,19.849825,-34.893932,-37.195736,-4.1016355,6.2664146
165,5.367282867431641,-10.560128211975098,65.93372344970703,-4.600697486821394,7.044973333552481,-75.36884903380334,-18.94195,20.231821,2.122756,80.81883,-36.73303,-8.465962,-57.665405,10.628848,14.797189,56.65892,0.24867906,14.71291,-16.390606,10.511804,29.793802,-143.45312,28.120861,-98.92215,80.4059,-8.946251,-3.6642358,0.39368615,-59.178318,4.914814,19.24295,-34.164234,-37.248985,-4.1891384,6.3845267
166,5.5506205558776855,-10.642702102661133,65.5699462890625,-4.24313627889191,7.004202966161583,-75.89027991364901,-17.723024,19.63023,2.5146537,80.012474,-38.37188,-9.620402,-58.254692,10.294204,14.216754,57.870625,-1.1364416,13.670657,-17.34752,8.852973,29.793802,-141.00348,28.915222,-84.5013,78.47029,-18.36904,-5.9853992,-3.7013779,-61.14472,6.146718,18.51204,-33.29812,-37.15546,-4.268575,6.141652
167,5.709493160247803,-10.66284465789795,65.23503875732422,-3.8598386858439757,6.971517713238171,-76.46433389112994,-16.531431,19.110872,3.1379645,79.20659,-39.98329,-10.544674,-58.94787,10.065866,13.778403,59.109043,-2.0848174,12.832656,-18.482258,7.2989993,29.793802,-138.5433,29.705742,-70.27434,75.39938,-27.479282,-7.8382735,-7.9331636,-63.387726,7.1317005,17.817274,-32.26646,-36.63159,-4.3109517,5.643335
168,5.854599952697754,-10.663154602050781,64.94843292236328,-3.5564598019502935,6.925279210380637,-77.12805316993317,-15.362233,18.76278,3.9362173,78.36467,-41.343227,-11.233129,-59.451664,10.144488,13.709731,60.01131,-2.6963677,12.321718,-19.41564,6.145873,29.793802,-136.5889,30.422604,-60.387283,72.57816,-34.875454,-9.080682,-11.033308,-65.698006,7.7488885,17.06945,-31.14036,-35.468998,-4.3133965,5.0713696
169,6.0045881271362305,-10.654655456542969,64.75302124023438,-3.3803827029551234,6.877263843535666,-77.94785764530306,-14.208818,18.644238,4.9566555,77.49442,-42.430927,-11.673573,-59.74459,10.702425,14.168261,60.49447,-2.8650615,12.297813,-19.884958,5.3180947,29.793802,-135.37799,31.211555,-56.645584,70.86458,-39.61253,-10.031045,-12.4984665,-67.948456,7.9112453,16.075836,-30.162748,-33.46042,-4.274655,4.4208126
170,6.14780855178833,-10.670732498168945,64.6610107421875,-3.2784361568218334,6.827393535871472,-78.88434590575241,-13.055147,18.684046,6.2017965,76.6074,-43.351635,-11.897049,-59.95106,11.596004,14.979177,60.74733,-2.5801322,12.647702,-20.028616,4.5871034,29.793802,-134.51581,32.142017,-56.674183,69.67783,-42.671165,-11.021584,-13.092648,-70.12776,7.723189,14.858292,-29.389664,-30.78652,-4.2286816,3.6346107
171,6.27457857131958,-10.71495532989502,64.65017700195312,-3.21119842934297,6.7530708483584485,-79.81791693642195,-11.902985,18.79042,7.546569,75.68078,-44.06784,-11.957057,-60.015003,12.558509,15.871479,60.805645,-2.0804408,13.091755,-19.985538,3.9484618,29.793802,-133.53868,33.160694,-58.008747,68.54343,-45.48965,-12.14265,-13.484032,-72.114685,7.3226957,13.570912,-28.73096,-27.800716,-4.2123756,2.8312442
172,6.379843711853027,-10.785861015319824,64.71719360351562,-3.1372049511185445,6.631761438198146,-80.62963364167149,-10.758606,18.876406,8.864901,74.68691,-44.54398,-11.900529,-59.892513,13.317817,16.570862,60.698807,-1.5995083,13.344611,-19.896742,3.3865986,29.793802,-132.09714,34.136955,-58.196213,67.01774,-49.506104,-13.395947,-14.349394,-73.81297,6.862927,12.353902,-28.086838,-24.855703,-4.243109,2.132475
173,6.468494892120361,-10.840632438659668,64.85313415527344,-3.058683548649292,6.431308171089238,-81.34580804288181,-9.5691185,18.98588,10.265132,73.63938,-44.775185,-11.652609,-59.57389,13.858737,16.996819,60.44888,-1.1494184,13.305985,-19.729387,2.9172254,29.793802,-130.18304,34.980648,-56.932716,65.19497,-55.66466,-14.871698,-15.992614,-75.27278,6.3487625,11.154427,-27.34792,-21.934568,-4.3235397,1.5848634
174,6.544718265533447,-10.883877754211426,65.04478454589844,-2.9932943757119483,6.167672046035225,-82.01109378928486,-8.335294,19.137108,11.77405,72.54713,-44.78908,-11.219935,-59.082138,14.304486,17.296728,60.034626,-0.6229048,13.132949,-19.412313,2.5438511,29.793802,-127.98489,35.68597,-55.388145,63.29958,-63.090405,-16.399221,-18.11258,-76.52508,5.704962,9.920021,-26.571125,-18.890005,-4.437973,1.1324079
175,6.606218338012695,-10.92800235748291,65.3115005493164,-2.923518889421152,5.891869150555743,-82.53448865515281,-7.1627207,19.221548,13.133579,71.375435,-44.58949,-10.762,-58.43639,14.589495,17.53074,59.419556,-0.07135736,12.923471,-19.042307,2.2155235,29.793802,-125.51316,36.233334,-53.292492,61.074516,-70.40534,-17.597418,-20.371962,-77.48948,4.99353,8.765476,-25.88914,-15.869913,-4.5631576,0.74130386
176,6.650226593017578,-10.962671279907227,65.65869140625,-2.8337795561101156,5.655575220378522,-82.82508210500676,-6.1710978,19.143875,14.0763235,70.09149,-44.175762,-10.433951,-57.659,14.649774,17.75824,58.57128,0.45334226,12.776762,-18.732908,1.8882802,29.793802,-122.74352,36.61829,-50.348904,58.22286,-76.13809,-18.27746,-22.30733,-78.134834,4.3263373,7.790311,-25.39118,-13.037345,-4.6826878,0.38131568
177,6.667670726776123,-10.992984771728516,66.0667724609375,-2.7077806261280886,5.455203610826499,-82.8171868047754,-5.3773637,18.857521,14.489074,68.62639,-43.547733,-10.271808,-56.70128,14.408765,17.984404,57.45268,0.8592755,12.704003,-18.58582,1.5173339,29.793802,-119.52445,36.821857,-46.178234,54.420116,-79.660446,-18.479034,-23.671501,-78.47364,3.8149993,6.9909773,-25.039879,-10.567521,-4.755058,0.05822467
178,6.652769565582275,-11.020912170410156,66.53085327148438,-2.557581268881544,5.262737178664274,-82.57356720360848,-4.7212267,18.435335,14.522334,67.01806,-42.704582,-10.18657,-55.570198,13.920791,18.175821,56.096085,1.1971594,12.658781,-18.57915,1.1202812,29.793802,-115.88735,36.81954,-41.04462,49.811428,-81.79748,-18.43674,-24.645708,-78.5907,3.4808707,6.32764,-24.734148,-8.357113,-4.8007035,-0.20824045
179,6.612764358520508,-11.054479598999023,67.03765106201172,-2.409354855833303,5.095987237273347,-82.1946112269952,-4.2111387,17.964466,14.30046,65.38842,-41.642723,-10.143609,-54.36703,13.315868,18.339174,54.56291,1.633453,12.655084,-18.641434,0.7462767,29.793802,-112.06177,36.601192,-35.630493,44.80783,-83.266975,-18.345455,-25.405207,-78.56439,3.2996302,5.837436,-24.47901,-6.1421595,-4.9004555,-0.4267833
180,6.565178871154785,-11.070300102233887,67.58780670166016,-2.2881769399043064,4.975987065644746,-81.7811348927445,-3.862197,17.529627,13.949636,63.863426,-40.355217,-10.109738,-53.19535,12.723876,18.485727,52.91585,2.334292,12.705716,-18.681225,0.43308514,29.793802,-108.28777,36.17938,-30.628643,39.87262,-84.78588,-18.353992,-26.147299,-78.44792,3.2243013,5.5447307,-24.30612,-3.6542501,-5.137102,-0.59867656
181,6.501358985900879,-11.094891548156738,68.17810821533203,-2.207025032906529,4.919315769209721,-81.3272692611219,-3.690153,17.129711,13.396372,62.412113,-38.795624,-10.153261,-52.048363,12.139895,18.599726,51.11122,3.3130696,12.806701,-18.688519,0.19660984,29.793802,-104.53282,35.544296,-26.11617,34.96721,-86.54147,-18.483328,-26.928928,-78.19718,3.258428,5.4881315,-24.267986,-0.5619478,-5.5894556,-0.709372
182,6.41694974899292,-11.110586166381836,68.80287170410156,-2.1477306254869104,4.910971106373419,-80.7895059185997,-3.6784754,16.726158,12.604254,60.992165,-36.983627,-10.267217,-50.88091,11.506085,18.682392,49.13605,4.4911323,12.953314,-18.70868,0.001715849,29.793802,-100.688484,34.66632,-21.823854,29.861902,-88.180626,-18.676369,-27.651176,-77.78659,3.423144,5.6439753,-24.355488,2.9111786,-6.1912866,-0.7412999
183,6.313976764678955,-11.120938301086426,69.45851135253906,-2.0876193380003674,4.93035222040715,-80.21032573050995,-3.804457,16.34608,11.762782,59.70526,-35.009518,-10.307784,-49.7398,10.869023,18.779938,47.087814,5.901348,13.158632,-18.731218,-0.18704186,29.793802,-96.898125,33.542183,-17.852676,24.813251,-89.537834,-18.931337,-28.294825,-77.29267,3.6896868,5.937621,-24.51313,6.207026,-6.804212,-0.70640683
184,6.185863971710205,-11.11972713470459,70.13921356201172,-2.008912387053913,4.954540555132231,-79.63339452322916,-4.0519333,16.02762,11.067921,58.658295,-32.960506,-10.132553,-48.67273,10.277033,18.936789,45.06873,7.578572,13.435284,-18.690495,-0.3923011,29.793802,-93.31587,32.224045,-14.336125,20.065994,-90.51237,-19.252813,-28.846455,-76.77794,3.98565,6.261801,-24.697763,8.764083,-7.2861543,-0.6343611
185,6.054367542266846,-11.0968017578125,70.83171844482422,-1.9062632138652258,4.995413752961856,-79.05978955790181,-4.5026455,15.772091,10.515786,57.923866,-30.689135,-9.630852,-47.691525,9.734092,19.169266,43.05381,9.623318,13.769348,-18.5734,-0.6143147,29.793802,-89.91495,30.74087,-11.251181,15.631641,-90.916985,-19.663986,-29.2751,-76.22091,4.2776585,6.6405325,-24.948318,10.422461,-7.604313,-0.5632955
186,5.908226490020752,-11.073424339294434,71.52497863769531,-1.7877222341934045,5.061993747345883,-78.46903718079683,-5.1491175,15.575134,10.036599,57.43533,-28.195965,-8.911618,-46.775723,9.210975,19.462826,41.01069,11.983732,14.167336,-18.39254,-0.8313876,29.793802,-86.608635,29.099476,-8.548057,11.36325,-90.87703,-20.154572,-29.603893,-75.58926,4.5640764,7.112787,-25.28546,11.501731,-7.8304844,-0.49399805
187,5.758387088775635,-11.024442672729492,72.21133422851562,-1.656910443687868,5.13161943218073,-77.87298107664894,-5.85061,15.4643,9.724516,57.088074,-25.792158,-8.151761,-45.925392,8.711108,19.821358,39.01993,14.467426,14.676655,-18.147827,-1.024637,29.793802,-83.4384,27.331377,-6.2421064,7.290208,-90.700165,-20.65615,-29.90363,-74.95395,4.8195853,7.6070185,-25.617022,12.174475,-7.983772,-0.4206007
188,5.586280822753906,-10.9780912399292,72.87030792236328,-1.521207420952076,5.181314327583825,-77.28369467970003,-6.461203,15.460753,9.6558895,56.772224,-23.7952,-7.52256,-45.158268,8.201323,20.105066,37.16154,16.889225,15.000033,-17.83454,-1.1711534,29.793802,-80.44549,25.48559,-4.3456903,3.4568028,-90.70316,-21.095154,-30.257973,-74.38844,5.0090513,8.051118,-25.850111,12.618641,-8.08261,-0.33723995
189,5.410712242126465,-10.91434097290039,73.49598693847656,-1.3831578902398307,5.206311522173417,-76.70568219358039,-6.935263,15.635177,9.957484,56.446434,-22.29577,-6.982639,-44.449497,7.6238976,20.177292,35.272842,19.416082,15.000033,-17.442513,-1.2717435,29.793802,-77.56706,23.60197,-2.8741412,-0.13035299,-91.08453,-21.438013,-30.742352,-73.888885,5.117031,8.436864,-25.977524,12.728293,-8.107049,-0.24245743
190,5.228854179382324,-10.862751007080078,74.07572174072266,-1.264953525785245,5.216976902638564,-76.13128866091425,-7.3581967,15.9811735,10.531765,56.187023,-21.133966,-6.4665284,-43.782803,7.0412035,20.152868,33.339188,22.095238,15.000033,-16.97586,-1.3138256,29.793802,-74.767845,21.700287,-1.8132128,-3.478615,-91.65815,-21.71616,-31.310816,-73.40507,5.1501856,8.797102,-26.054052,12.47471,-8.059756,-0.14866897
191,5.044048309326172,-10.802248001098633,74.60397338867188,-1.2303265560506285,5.2092114822068,-75.55632471239821,-7.7811737,16.427418,11.088262,56.067608,-20.25702,-6.1228247,-43.199333,6.556062,20.052687,31.635714,24.585114,15.000033,-16.445595,-1.2288449,29.793802,-72.13464,19.80557,-1.1197554,-6.5520015,-92.160324,-21.952414,-31.858486,-72.93891,5.104998,9.12008,-26.081453,12.1522255,-7.9918127,-0.06744406
192,4.8667426109313965,-10.743828773498535,75.07255554199219,-1.1411377521146113,5.209239015465511,-74.97781324309216,-8.231748,16.651266,11.457011,56.050735,-19.55118,-6.037086,-42.847572,6.2256346,20.237473,30.668406,26.418371,15.000033,-15.877093,-1.1292783,29.793802,-69.81598,17.964476,-0.7151011,-9.343311,-92.30903,-22.172535,-32.263042,-72.578514,4.9646583,9.404856,-26.06604,12.046958,-7.946538,-0.016851926
193,4.699535369873047,-10.676770210266113,75.4751968383789,-0.9793861364959962,5.23361966647016,-74.39605274443512,-8.7443285,16.595158,11.5943165,56.18122,-19.127186,-6.224215,-42.796394,6.084941,20.856577,30.567736,27.447231,15.000033,-15.265185,-1.0198883,29.793802,-67.837585,16.229729,-0.6018331,-11.813367,-91.992096,-22.390297,-32.484516,-72.34306,4.712544,9.647713,-26.005932,12.286012,-7.9322977,0.020580782
194,4.544620513916016,-10.591522216796875,75.81916809082031,-0.7671164685485768,5.272729564658903,-73.8135153749129,-9.289747,16.359112,11.619239,56.434048,-18.988144,-6.629231,-42.974064,6.0970774,21.791313,31.108696,27.905233,15.000033,-14.605369,-0.89886874,29.793802,-66.143974,14.629983,-0.7784407,-13.947645,-91.37965,-22.592817,-32.579918,-72.19632,4.353731,9.854617,-25.917269,12.708151,-7.927077,0.039636794
195,4.3937273025512695,-10.51150894165039,76.09210968017578,-0.5300054034296466,5.29787382389619,-73.22983008147243,-9.815236,15.984423,11.542433,56.72028,-18.891161,-7.271956,-43.269123,6.2353177,22.84434,32.160824,27.945406,15.000033,-13.920622,-0.77674764,29.793802,-64.730736,13.162091,-1.1651286,-15.764221,-90.61896,-22.770376,-32.57665,-72.10538,3.9108462,10.038515,-25.82208,13.169738,-7.931737,-0.007933871
196,4.233175277709961,-10.44101619720459,76.28577423095703,-0.2961764419722519,5.278699269286482,-72.64276971164728,-10.267508,15.511513,11.366453,56.949738,-18.595886,-8.175632,-43.57195,6.4613795,23.808388,33.597122,27.716782,15.000033,-13.235084,-0.65852284,29.793802,-63.588997,11.800754,-1.6834137,-17.292112,-89.84829,-22.911926,-32.50081,-72.03855,3.4147675,10.2095175,-25.73706,13.521193,-7.947213,-0.16643
197,4.069009780883789,-10.374444007873535,76.4053726196289,-0.08719254784835372,5.20919480610245,-72.06501483063877,-10.668078,14.860387,10.955123,57.126163,-18.027065,-9.559246,-43.90536,6.8229303,24.666927,35.554077,27.18269,15.000033,-12.527798,-0.52267396,29.793802,-62.745872,10.534923,-2.3761716,-18.498814,-89.041916,-23.002743,-32.31065,-72.004196,2.8802905,10.377372,-25.651686,13.681214,-7.983398,-0.50910825
198,3.9006710052490234,-10.302041053771973,76.4539794921875,0.13744018054161253,5.101192231081541,-71.48910357386909,-11.022534,13.998563,10.3591385,57.280025,-17.343182,-11.346128,-44.297028,7.3017263,25.545591,38.04382,26.286934,15.000033,-11.800539,-0.39400345,29.793802,-62.20697,9.376757,-3.2375135,-19.366795,-88.132385,-23.048197,-32.004856,-72.025856,2.3048875,10.531148,-25.550348,13.733295,-8.0348215,-0.9852288
199,3.726577043533325,-10.224687576293945,76.42008972167969,0.3785233269031491,4.9439861696929945,-70.88341139988837,-11.271274,13.121207,9.813056,57.394314,-16.649927,-13.12924,-44.64551,7.7662296,26.341312,40.719364,25.166197,15.000033,-11.107315,-0.2872636,29.793802,-61.9134,8.324751,-4.1253905,-19.950354,-87.20774,-23.07038,-31.681076,-72.072586,1.6940659,10.652556,-25.438805,13.772399,-8.081127,-1.4512929
200,3.5588293075561523,-10.153633117675781,76.31305694580078,0.6263585898722678,4.727762483143702,-70.21859080504959,-11.362723,12.448075,9.546774,57.45093,-16.01264,-14.490985,-44.858604,8.0938635,26.939655,43.234848,23.959381,15.000033,-10.501185,-0.20798491,29.793802,-61.801346,7.369189,-4.897011,-20.31002,-86.35299,-23.092318,-31.43729,-72.11889,1.0579327,10.722587,-25.313585,13.893153,-8.102718,-1.7616978
201,3.4085652828216553,-10.078725814819336,76.14371490478516,0.9491963984285045,4.440035772540666,-69.46803771412621,-11.270571,11.986394,9.762753,57.39653,-15.1607,-15.000033,-44.91216,8.257277,27.405914,45.66475,22.663874,15.000033,-10.011519,-0.21557134,29.793802,-61.8828,6.504488,-5.4936986,-20.428421,-85.505775,-23.127565,-31.299337,-72.165695,0.4083065,10.729265,-25.165276,14.153023,-8.090633,-1.8154582
202,3.2555923461914062,-10.0274019241333,75.91263580322266,1.338612436843932,4.090410256264357,-68.64799266186328,-11.027812,11.632675,10.296756,57.24489,-14.12057,-15.000033,-44.861614,8.301096,27.774649,48.144722,21.212162,15.000033,-9.618684,-0.30338538,29.793802,-62.176712,5.732419,-5.9798384,-20.29713,-84.64585,-23.162273,-31.213984,-72.23441,-0.25083664,10.687656,-24.988173,14.485425,-8.055153,-1.708268
203,3.101351022720337,-9.999053001403809,75.61795806884766,1.6480409797542566,3.702954884577331,-67.80626524764935,-10.674206,11.463039,10.85429,57.088253,-13.393991,-15.000033,-44.740543,8.236929,27.87831,50.412052,19.654934,15.000033,-9.284981,-0.35530147,29.793802,-62.627007,5.0468473,-6.402594,-19.983397,-83.925285,-23.181643,-31.161524,-72.320885,-0.9240667,10.616021,-24.798733,14.798577,-8.006413,-1.5900286
204,2.9608888626098633,-9.980273246765137,75.26715087890625,1.8396943426279362,3.314751154379931,-66.94687671427256,-10.244982,11.430535,11.268891,56.95769,-13.44482,-15.000033,-44.623882,7.9705954,27.632545,52.28377,17.98905,15.000033,-9.019358,-0.3460926,29.793802,-63.18971,4.4446993,-6.8038383,-19.574797,-83.486465,-23.166214,-31.117739,-72.448906,-1.6233445,10.54051,-24.611994,14.999042,-7.954952,-1.6144394
205,2.813281536102295,-9.966395378112793,74.86121368408203,1.8538101537293319,2.923350133996767,-66.06356315354527,-9.699471,11.619328,11.510471,56.870346,-14.541776,-15.000033,-44.52669,7.4466014,26.883003,53.62845,16.212399,15.000033,-8.8195095,-0.2229851,29.793802,-63.890385,3.9205685,-7.2010765,-19.049686,-83.47957,-23.096008,-31.103878,-72.62189,-2.3584406,10.462622,-24.416761,15.045557,-7.908276,-1.8614773
206,2.6691713333129883,-9.930057525634766,74.42137908935547,1.9002035678125104,2.53487664890295,-65.07629312413606,-9.029448,11.827327,11.886904,56.712074,-16.32446,-14.1066,-44.45209,6.535859,25.845604,54.6754,14.24116,15.000033,-8.767575,-0.1665704,29.793802,-64.754524,3.4792037,-7.556839,-18.411758,-83.77893,-22.983189,-31.115778,-72.86681,-3.1330144,10.380822,-24.219563,14.995061,-7.857034,-2.242347
207,2.542891263961792,-9.895623207092285,73.94303131103516,1.976525007175685,2.1575538974461086,-64.04223321063395,-8.334047,11.973959,12.256313,56.52669,-18.464375,-12.793089,-44.36869,5.425239,24.723108,55.59334,12.104161,15.000033,-8.813238,-0.17388944,29.793802,-65.70704,3.1213522,-7.864784,-17.713541,-84.141815,-22.866001,-31.1083,-73.14882,-3.9483051,10.298565,-24.053251,14.907939,-7.793083,-2.6487887
208,2.412515640258789,-9.903648376464844,73.43255615234375,2.0323155789379097,1.7934111835329076,-63.04370353295698,-7.7020955,12.0804,12.435899,56.373558,-20.636976,-11.921457,-44.282623,4.278627,23.51222,56.525944,9.861961,14.583167,-8.879645,-0.20216933,29.793802,-66.66745,2.8399012,-8.121533,-17.002613,-84.32784,-22.783617,-31.040173,-73.42461,-4.8057585,10.215746,-23.94856,14.844017,-7.709186,-2.9707253
209,2.2934248447418213,-9.910319328308105,72.90972137451172,2.0608603093301854,1.4246576397935151,-62.04054371171424,-7.143607,12.158115,12.354295,56.287445,-22.944101,-11.668692,-44.10963,3.2290921,22.499916,57.554886,7.3393564,14.4769745,-9.007797,-0.2505908,29.793802,-67.674225,2.6394105,-8.302623,-16.229916,-84.22025,-22.757072,-30.867727,-73.72634,-5.720873,10.128211,-23.870155,14.766766,-7.5979342,-3.207783
210,2.1887869834899902,-9.904614448547363,72.391845703125,2.058992903444154,1.054974247972617,-61.021620854074875,-6.6193867,12.250123,12.094356,56.244965,-25.500654,-11.766629,-43.87595,2.1830587,21.551325,58.57363,4.588879,14.605403,-9.200436,-0.31067646,29.793802,-68.746994,2.5172322,-8.42536,-15.389109,-83.96936,-22.76283,-30.626734,-74.047325,-6.6970854,10.034513,-23.82287,14.66494,-7.4655194,-3.4106479
211,2.0843682289123535,-9.888484001159668,71.89777374267578,2.059075733419637,0.7291462439239267,-60.088112234586234,-6.147925,12.345633,11.833158,56.186424,-27.974966,-11.995404,-43.648064,1.216145,20.730165,59.49611,1.9617264,14.829422,-9.349333,-0.38149583,29.793802,-69.79545,2.455352,-8.544383,-14.587741,-83.72287,-22.768814,-30.39164,-74.31285,-7.711956,9.935152,-23.883812,14.634556,-7.3239474,-3.544531
212,1.991977572441101,-9.858417510986328,71.46458435058594,2.0960299723984104,0.49021402265571584,-59.34266902291328,-5.742345,12.414715,11.734331,56.04825,-30.039013,-12.131496,-43.492325,0.41137788,20.110003,60.239937,-0.19804604,15.000033,-9.348571,-0.4654001,29.793802,-70.73337,2.430543,-8.709077,-13.927345,-83.62314,-22.741858,-30.236624,-74.45792,-8.729553,9.831136,-24.125032,14.762606,-7.184663,-3.5708013
213,1.9032623767852783,-9.835949897766113,71.12098693847656,2.2083161754739,0.3793880478152242,-58.825764337104495,-5.42739,12.418419,11.86583,55.80138,-31.62566,-12.117002,-43.448483,-0.22300616,19.72512,60.761665,-1.8677006,15.000033,-9.1543455,-0.60769403,29.793802,-71.5953,2.432681,-8.945035,-13.420197,-83.772194,-22.657516,-30.223238,-74.48486,-9.741854,9.699089,-24.607037,15.140269,-7.042496,-3.413843
214,1.8266544342041016,-9.829859733581543,70.86241149902344,2.3730858071326115,0.3628824254427743,-58.4797092214166,-5.182537,12.373537,12.135267,55.479267,-32.90535,-12.067921,-43.478607,-0.7075702,19.555958,61.11751,-3.2133224,15.000033,-8.8284445,-0.80058986,29.793802,-72.41792,2.464568,-9.221671,-13.005815,-84.062805,-22.535717,-30.296614,-74.4242,-10.754294,9.538415,-25.274393,15.68851,-6.8901014,-3.1114395
215,1.7646031379699707,-9.833497047424316,70.66844177246094,2.5307395328413578,0.37094436768403655,-58.26047260941313,-4.951634,12.329475,12.454057,55.111485,-33.908794,-12.018163,-43.542824,-1.0335956,19.505379,61.375263,-4.176228,15.000033,-8.4274435,-0.9656235,29.793802,-73.11599,2.525885,-9.497317,-12.680638,-84.32258,-22.41024,-30.358076,-74.25896,-11.7408,9.377554,-26.01515,16.239193,-6.7383676,-2.7939308
216,1.6981128454208374,-9.833772659301758,70.53845977783203,2.6204277407969396,0.3331044964825005,-58.12417328141534,-4.679032,12.339049,12.733644,54.728397,-34.66499,-11.99952,-43.597042,-1.1950313,19.47708,61.60297,-4.697608,15.000033,-8.013806,-1.0199963,29.793802,-73.60289,2.6204007,-9.722841,-12.443645,-84.37618,-22.314528,-30.308832,-73.99452,-12.654552,9.256652,-26.699608,16.612196,-6.6022987,-2.5871997
217,1.6402190923690796,-9.812956809997559,70.47371673583984,2.6271705787832587,0.22127000364477106,-58.09402371027163,-4.325227,12.421606,12.988174,54.32962,-35.17223,-12.002565,-43.633076,-1.160069,19.461481,61.831608,-4.725945,15.000033,-7.5734687,-0.93000555,29.793802,-73.86161,2.7683263,-9.887538,-12.298355,-84.24165,-22.249489,-30.134663,-73.63449,-13.454971,9.176324,-27.279423,16.724203,-6.4898725,-2.5367334
218,1.5778439044952393,-9.779446601867676,70.47160339355469,2.582787959959862,0.07510403828959042,-58.18196231829011,-3.926222,12.547897,13.253896,53.903038,-35.41863,-12.011227,-43.670357,-0.9407102,19.50262,62.020752,-4.305979,15.000033,-7.1044626,-0.7515065,29.793802,-73.927956,2.9873266,-10.0111,-12.252183,-83.9892,-22.198236,-29.88234,-73.20656,-14.129278,9.130447,-27.804085,16.66407,-6.392409,-2.5625906
219,1.5149295330047607,-9.746957778930664,70.53910827636719,2.494588924788769,-0.07513958126999108,-58.32757659666948,-3.5403454,12.702586,13.47347,53.462215,-35.4196,-12.045535,-43.70427,-0.5957233,19.582447,62.131393,-3.5231225,15.000033,-6.685216,-0.529175,29.793802,-73.799774,3.2771254,-10.088019,-12.297451,-83.51636,-22.1644,-29.54584,-72.76158,-14.680231,9.149009,-28.286366,16.517563,-6.3009124,-2.600921
220,1.450789213180542,-9.718883514404297,70.67417907714844,2.3458845254122047,-0.20054602613078482,-58.47291106388481,-3.2301555,12.9024725,13.580961,53.035313,-35.200645,-12.132918,-43.722908,-0.1720551,19.65376,62.109844,-2.4545724,15.000033,-6.3816876,-0.27873293,29.793802,-73.47635,3.6226118,-10.1106205,-12.42113,-82.719444,-22.14829,-29.121452,-72.332535,-15.12109,9.258596,-28.746418,16.370407,-6.2073045,-2.5898485
221,1.3755465745925903,-9.698721885681152,70.86677551269531,2.131554405560101,-0.3017007925119633,-58.63878048177807,-2.9778345,13.147598,13.578984,52.593975,-34.742428,-12.284635,-43.755577,0.35773534,19.72431,61.98059,-1.0001771,15.000033,-6.180983,0.021554159,29.793802,-72.937706,4.0036182,-10.037034,-12.639352,-81.73187,-22.132132,-28.662334,-71.84542,-15.432281,9.4954,-29.226982,16.45601,-6.17197,-2.527766
222,1.303741693496704,-9.685513496398926,71.10855865478516,1.8552794790628417,-0.394121511632981,-58.84327817610524,-2.7601178,13.439077,13.490202,52.139393,-34.04451,-12.485934,-43.79588,1.0003678,19.801504,61.750885,0.8413238,15.000033,-6.0582657,0.3793083,29.793802,-72.1905,4.4200788,-9.877408,-12.942519,-80.54971,-22.112564,-28.154108,-71.31056,-15.610009,9.84084,-29.699833,16.651394,-6.1771407,-2.4400086
223,1.2274231910705566,-9.684662818908691,71.38502502441406,1.539088870105165,-0.4679211516570347,-59.022157102240655,-2.6266642,13.760203,13.285967,51.721626,-33.144287,-12.7184105,-43.788826,1.6598183,19.872019,61.36143,2.8296447,15.000033,-6.0589023,0.73395926,29.793802,-71.27359,4.8843374,-9.697903,-13.296308,-78.866585,-22.104475,-27.488005,-70.887115,-15.716372,10.230504,-30.0899,16.52625,-6.099452,-2.3107405
224,1.155584692955017,-9.710667610168457,71.70793151855469,1.2076334718527029,-0.5091544717462897,-59.11137694706599,-2.6340837,14.091508,12.936336,51.397594,-32.075764,-12.964431,-43.68114,2.2412083,19.929152,60.75527,4.726877,15.000033,-6.211912,1.0320973,29.793802,-70.22778,5.405771,-9.568106,-13.666683,-76.381905,-22.110537,-26.554876,-70.72309,-15.851188,10.600111,-30.337263,15.666302,-5.819319,-2.1319745
225,1.0629626512527466,-9.748342514038086,72.06037139892578,0.843012162298413,-0.5032925838918731,-59.11439022175564,-2.7980516,14.469268,12.451213,51.1806,-30.81245,-13.237766,-43.475647,2.7375045,19.94069,59.884747,6.5896306,15.000033,-6.4963408,1.3060244,29.793802,-69.05594,5.984208,-9.448892,-14.037399,-72.89194,-22.11985,-25.289598,-70.73043,-16.072002,10.933132,-30.639685,14.084772,-5.3229294,-1.7475363
226,0.9560139775276184,-9.80495548248291,72.4291763305664,0.4429046759196352,-0.4561906974198124,-59.05753795996237,-3.0905442,14.884713,11.829792,51.03672,-29.347084,-13.555946,-43.198826,3.18176,19.928362,58.789497,8.498,15.000033,-6.8797736,1.5813502,29.793802,-67.72876,6.5990176,-9.317212,-14.447938,-68.616905,-22.070013,-23.766628,-70.838005,-16.387644,11.258571,-30.997145,11.99004,-4.687747,-1.216466
227,0.8447966575622559,-9.882536888122559,72.81353759765625,0.05595551035082509,-0.38355798200045166,-58.910797825109924,-3.4999185,15.246289,11.030273,50.94601,-27.744766,-13.906625,-42.830997,3.5475426,19.97899,57.552284,10.247579,15.000033,-7.36071,1.8039345,29.793802,-66.252556,7.2208943,-9.272277,-14.9480715,-63.878773,-21.880527,-22.09361,-71.214134,-16.833694,11.575141,-31.050222,9.256616,-3.9211242,-0.8426138
228,0.731644332408905,-9.966684341430664,73.20466613769531,-0.2702840054614888,-0.3015976789930558,-58.6432529175786,-4.016147,15.459874,10.014284,50.89184,-26.068815,-14.270572,-42.348843,3.8164043,20.179869,56.25295,11.643345,15.000033,-7.927271,1.9303733,29.793802,-64.64096,7.8125687,-9.425486,-15.585924,-58.987846,-21.497433,-20.384306,-72.019745,-17.464495,11.887807,-30.44799,5.756851,-2.9997747,-0.92735904
229,0.6172395944595337,-10.062870979309082,73.60032653808594,-0.5530431153892588,-0.22455487116209855,-58.217323989905374,-4.6493874,15.514878,8.706158,50.88552,-24.274576,-14.655315,-41.64417,4.11161,20.71021,54.812447,12.660067,15.000033,-8.587672,1.9737511,29.793802,-62.880604,8.35209,-9.851705,-16.344646,-54.108925,-20.86898,-18.708706,-73.23765,-18.353373,12.10926,-29.229012,1.1581391,-1.8700602,-1.6218121
230,0.5042977929115295,-10.163968086242676,73.98770141601562,-0.80126889403685,-0.14014282936563005,-57.655777333224876,-5.3902225,15.4277725,7.1521635,50.925533,-22.34781,-15.000033,-40.755146,4.3911076,21.497417,53.227024,13.386764,15.000033,-9.3053255,1.979163,29.793802,-60.972973,8.8235235,-10.493731,-17.218105,-49.070587,-20.007557,-17.049751,-74.75348,-19.533998,12.279948,-27.582193,-4.3456707,-0.47478488,-2.6976073
231,0.40222615003585815,-10.26253604888916,74.3665771484375,-0.8976982602467768,-0.01794897586155506,-57.00259525223962,-6.200716,15.072531,5.5482774,50.95196,-20.374588,-15.000033,-39.905003,4.3418593,22.272041,51.72606,13.794159,15.000033,-10.023978,1.8999636,29.793802,-58.95898,9.202222,-11.2630415,-18.278254,-43.62709,-18.953907,-15.37935,-76.62981,-20.978615,12.614852,-25.355986,-10.112139,1.2230238,-3.8901362
232,0.3177932798862457,-10.355669021606445,74.72709655761719,-0.8521345503843593,0.1601523530251638,-56.3512717411146,-7.0490427,14.5462,4.0254383,50.97685,-18.487213,-15.000033,-39.29678,3.8088126,22.64423,50.472736,13.917741,15.000033,-10.644774,1.7988508,29.793802,-56.871117,9.455702,-12.079917,-19.574238,-37.4961,-17.718151,-13.664801,-78.95738,-22.611967,13.345793,-22.348902,-15.532842,3.2062907,-4.951294
233,0.23021535575389862,-10.444379806518555,75.0581283569336,-0.6146691784366475,0.40603869993297226,-55.665713679086444,-7.966143,13.761823,2.589184,50.964424,-16.565117,-15.000033,-39.00757,2.5775058,22.389322,49.511986,13.63949,15.000033,-11.20241,1.636601,29.793802,-54.68996,9.5685835,-12.961459,-21.185682,-30.186514,-16.104609,-11.857499,-81.85631,-24.368515,14.526508,-18.45102,-20.454063,5.4379234,-6.0347614
234,0.1474214643239975,-10.52048110961914,75.3537826538086,-0.23137945925239198,0.6962302476328971,-54.92318071079116,-8.946212,12.766071,1.1807204,50.942093,-14.596221,-15.000033,-38.902958,0.83492535,21.693537,48.7336,12.991311,15.000033,-11.7223835,1.4460145,29.793802,-52.38295,9.547054,-13.966072,-23.088694,-21.979439,-14.060506,-10.136766,-85.330284,-26.22183,16.143526,-13.723827,-25.200914,7.9591274,-7.153618
235,0.07189012318849564,-10.591653823852539,75.61563110351562,0.17366601207076854,1.0089221901632783,-54.226428059383956,-9.934212,11.778663,-0.16391455,51.002846,-12.860428,-15.000033,-38.891678,-0.9999278,20.811935,48.08895,12.233336,15.000033,-12.0805025,1.3512979,29.793802,-50.012966,9.389252,-15.107138,-25.127972,-13.688036,-11.8717,-8.71093,-89.21926,-28.126076,18.313776,-8.30088,-29.989433,10.790156,-7.858613
236,-0.007477391976863146,-10.66883659362793,75.82119750976562,0.47912200803267246,1.3338996386152324,-53.68737772469723,-10.893729,11.008192,-1.4224652,51.240566,-11.6384325,-15.000033,-38.907013,-2.4976797,20.024813,47.53934,11.650129,15.000033,-12.145117,1.4551027,29.793802,-47.690727,9.092523,-16.389277,-27.095663,-6.0415044,-9.899311,-7.6300707,-93.32957,-30.022327,21.121721,-2.3324249,-35.12017,13.881629,-7.664637
237,-0.09308739751577377,-10.7592191696167,75.97996520996094,0.651429511771759,1.6932031895478052,-53.29476938122529,-11.864715,10.449727,-2.7108939,51.64626,-11.029443,-15.000033,-38.94879,-3.6124697,19.337032,47.031822,11.307526,15.000033,-11.914726,1.7471498,29.793802,-45.475964,8.645561,-17.858236,-28.901278,1.2496067,-8.273718,-6.7663136,-97.71138,-31.84565,24.29854,4.000944,-41.597973,17.523867,-5.8532567
238,-0.18850883841514587,-10.865778923034668,76.08085632324219,0.7537452170014728,2.089582497914116,-53.00062170556367,-12.865819,9.995993,-4.021174,52.181572,-10.87611,-15.000033,-39.051117,-4.548236,18.631294,46.604305,11.060405,15.000033,-11.426115,2.1461377,29.793802,-43.40022,8.059402,-19.548847,-30.557459,8.556698,-6.828309,-6.0405803,-102.21961,-33.55858,27.816195,10.613836,-49.354744,21.29977,-2.5515318
239,-0.29610446095466614,-10.963129997253418,76.11774444580078,0.8111025768847434,2.4817187248237667,-52.87145093764093,-13.824644,9.710188,-5.147498,52.88186,-11.073302,-15.000033,-39.21007,-5.243817,18.022757,46.354214,10.900615,15.000033,-10.691482,2.6187568,29.793802,-41.4826,7.39213,-21.348618,-32.02857,15.285713,-5.5319805,-5.4600353,-106.60989,-35.19564,32.174465,17.661114,-56.64045,24.265978,1.0763657
240,-0.3965861201286316,-11.048583984375,76.09142303466797,0.9481072646303206,2.8204690669020387,-52.95451969176116,-14.644099,9.570191,-5.7892747,53.73238,-11.481929,-14.813525,-39.449497,-5.7335734,17.709524,46.432262,10.786561,15.000033,-9.694866,3.0086865,29.793802,-39.788403,6.7085834,-23.176388,-33.248787,20.769682,-4.382445,-5.008745,-110.62718,-36.779144,37.843285,25.276943,-61.45115,26.013193,3.4085388
241,-0.49242162704467773,-11.127467155456543,76.00057220458984,1.106747661698668,3.108860109309564,-53.31485873885553,-15.356238,9.868019,-5.6079173,54.847153,-12.346769,-13.639291,-39.799767,-5.928445,17.661993,46.92785,10.952955,15.000033,-8.42039,3.3214245,29.793802,-38.243626,6.034577,-25.043415,-34.196312,24.61086,-3.4537,-4.501476,-115.02473,-38.349392,45.402756,34.147507,-63.412975,27.149092,3.2957594
242,-0.5900773406028748,-11.198371887207031,75.8359603881836,1.2238857903576794,3.3524884785285973,-53.91738913943302,-15.971413,10.559059,-4.977596,56.199238,-13.699198,-12.236261,-40.220833,-5.819942,17.78442,47.739212,11.347415,15.000033,-6.8289022,3.548184,29.793802,-36.939568,5.3503447,-27.01983,-34.77205,27.277342,-2.7432423,-3.8897643,-119.7959,-39.8457,54.410103,43.74945,-63.45399,28.045942,1.641981
243,-0.6758665442466736,-11.274575233459473,75.60835266113281,1.3401612911443814,3.526426012465738,-54.68152411616641,-16.42718,11.2510805,-4.3330703,57.64299,-15.067113,-11.02847,-40.61652,-5.4983974,18.124157,48.65469,11.541008,15.000033,-4.933992,3.665404,29.793802,-36.068436,4.66529,-29.000477,-34.926582,29.327414,-2.1576426,-3.3744092,-123.886375,-41.1771,63.944164,52.79447,-61.417297,28.132086,-0.29318655
244,-0.7634559869766235,-11.34995174407959,75.30662536621094,1.5058363341973298,3.6324690488028715,-55.52582871861395,-16.705017,11.537674,-4.05788,59.030823,-15.920769,-10.412986,-40.91942,-5.0523176,18.737627,49.464863,11.10415,15.000033,-2.8313024,3.7143147,29.793802,-35.672485,4.02627,-30.81133,-34.811348,31.292395,-1.6107984,-3.1769521,-126.51443,-42.32822,73.45743,60.450073,-57.112793,26.706379,-1.2823731
245,-0.8381420969963074,-11.437121391296387,74.93096923828125,1.7572355873035823,3.6758447077166383,-56.488366750037486,-16.83591,11.153137,-4.3810825,60.41071,-15.9198265,-10.694614,-41.08928,-4.421527,19.78911,50.08724,9.813149,15.000033,-0.54977614,3.671262,29.793802,-35.72245,3.5340648,-32.36646,-34.545033,33.18863,-1.1024116,-3.4251463,-127.40178,-43.414154,84.75178,67.41089,-48.463562,22.507347,-0.8294869
246,-0.9202471971511841,-11.5382661819458,74.49445343017578,2.074205880978063,3.6538897830194066,-57.59254051865202,-16.802492,10.326727,-5.0199027,61.82775,-15.396738,-11.609589,-41.15671,-3.59431,21.2085,50.660984,7.9208803,15.000033,1.7466315,3.514282,29.793802,-36.02713,3.2366202,-33.58985,-34.212868,34.779938,-0.68654656,-3.9544454,-128.17862,-44.54841,98.51952,74.5571,-36.13977,16.388424,1.3136913
247,-1.0116138458251953,-11.62767505645752,73.99769592285156,2.4244360586868936,3.561377300488903,-58.73668996125176,-16.533504,9.401133,-5.5696154,63.120876,-14.803405,-12.676681,-41.175438,-2.7210286,22.706156,51.309002,5.7139325,15.000033,3.8591468,3.0912285,29.793802,-36.58004,3.1087742,-34.406002,-33.650867,36.23404,-0.35463056,-4.5817733,-129.83922,-45.720005,111.30802,81.15588,-24.310518,11.0943365,4.918194
248,-1.109987735748291,-11.693997383117676,73.45045471191406,2.7784337010346754,3.395215918286659,-59.821501291542276,-15.983856,8.758625,-5.6277637,64.125,-14.557292,-13.36913,-41.223034,-1.9495927,23.993685,52.15616,3.4808903,15.000033,5.651224,1.7169307,29.793802,-37.83381,3.153731,-34.801918,-32.017178,37.80021,-0.074530736,-5.1523476,-131.09065,-46.72972,117.13749,86.43343,-17.663986,8.692376,7.801813
249,-1.1943241357803345,-11.780577659606934,72.86341094970703,3.125176346058979,3.3065914866376307,-60.83341923942418,-15.339876,8.47615,-5.124605,64.8517,-14.566428,-13.512593,-41.52406,-1.2914873,24.997158,53.236935,1.248481,15.000033,7.5699606,1.1971477,29.793802,-38.424755,3.2668843,-35.066814,-31.571516,39.103985,0.013051779,-5.4662704,-132.67229,-47.488873,118.27543,90.01861,-16.415873,9.272156,10.269699
250,-1.2731132507324219,-11.896400451660156,72.24482727050781,3.466356887221167,3.2815527148068324,-61.815460013851094,-14.614794,8.374041,-4.280111,65.38126,-14.668003,-13.39116,-42.014133,-0.6678599,25.85274,54.477448,-1.1095161,15.000033,9.593273,1.9348776,29.793802,-38.28858,3.278823,-35.05836,-32.533318,40.015984,-0.08025349,-5.6258736,-134.47084,-47.641293,117.779884,92.90234,-17.858458,11.1758375,13.288394
251,-1.3377642631530762,-12.015605926513672,71.58744049072266,3.7302771006589497,3.2971524457334125,-62.75136590073623,-13.809163,8.533725,-3.1685097,65.72927,-15.160297,-13.151736,-42.572647,-0.044426057,26.537868,55.747124,-3.4537134,15.000033,11.658345,3.3827815,29.793802,-37.687366,3.2814808,-34.988384,-34.458866,40.66122,-0.10476057,-5.759431,-136.5182,-47.863926,116.42716,94.35758,-20.099478,12.942741,16.061277
252,-1.3761248588562012,-12.120767593383789,70.93716430664062,3.9144172112466364,3.2299992569152063,-63.61541491070357,-12.77974,8.960037,-1.8293352,65.854935,-16.322388,-12.9314165,-42.977634,0.55326736,27.082584,56.955673,-5.691309,15.000033,13.098078,4.0775456,29.793802,-37.247787,3.5052416,-34.416965,-35.95115,41.418705,0.0024446198,-6.2886977,-137.75859,-48.62664,112.91616,93.44455,-21.47861,14.087536,16.839048
253,-1.372900128364563,-12.219182968139648,70.31066131591797,3.950415271796033,3.130635294374865,-64.42628601067739,-11.484099,9.847387,-0.10355587,65.71348,-18.585846,-12.778157,-43.280144,1.1899055,27.443888,58.08579,-7.841233,15.000033,14.187161,4.8410482,29.793802,-36.68239,3.8856966,-33.552074,-37.796886,41.75897,0.4257262,-6.843883,-139.22325,-49.286545,109.07818,90.70184,-19.91713,13.485347,15.01247
254,-1.3388170003890991,-12.312829971313477,69.72500610351562,3.898156777629797,2.9926369214100452,-65.18973515126476,-9.897605,11.058217,2.006268,65.30352,-21.669048,-12.671544,-43.527927,1.8250201,27.650496,59.197273,-9.954515,15.000033,14.809796,5.3906713,29.793802,-35.955956,4.4743896,-32.242786,-39.83962,41.904682,0.9994012,-7.5233703,-140.48749,-49.82828,103.35761,86.54282,-17.475075,11.716978,11.099425
255,-1.28905189037323,-12.424239158630371,69.205322265625,3.7827520266792667,2.817540709120412,-65.85529731717976,-8.238893,12.292438,4.110473,64.78756,-24.826141,-12.651628,-43.679043,2.3810594,27.705101,60.187363,-11.888327,15.000033,14.917634,5.7879295,29.793802,-35.23281,5.3518147,-30.564768,-42.003265,42.066906,1.7866781,-8.403529,-141.34825,-50.244614,97.09664,81.59528,-15.008485,9.552924,6.765374
256,-1.2219936847686768,-12.536510467529297,68.77538299560547,3.6189453126860545,2.6131781374582292,-66.37223150872663,-6.780005,13.303779,5.799404,64.34642,-27.32795,-12.687289,-43.695847,2.7887511,27.604279,60.950653,-13.495638,15.000033,14.591551,6.1480446,29.793802,-34.740604,6.5564256,-28.718294,-44.169655,42.46311,2.8589387,-9.5411825,-141.4875,-50.555344,91.637665,76.49446,-13.0637455,7.943432,3.5479336
257,-1.1374050378799438,-12.648608207702637,68.45015716552734,3.373070375027232,2.3618369939722177,-66.66940847112923,-5.6183105,14.099725,6.924036,64.036575,-29.070274,-12.740361,-43.528263,2.9716864,27.233004,61.42872,-14.799389,15.000033,13.767913,6.491355,29.793802,-34.49918,8.093532,-26.801588,-46.331646,43.30927,4.250882,-10.977929,-140.72427,-50.75703,87.389694,71.003,-11.531248,7.2874093,1.7376561
258,-1.0320440530776978,-12.730587005615234,68.23149871826172,3.043814594717862,2.04426137704251,-66.79239639562195,-4.6030006,14.821919,7.709218,63.76375,-30.423084,-12.805458,-43.186584,2.9902394,26.626444,61.68688,-15.860867,15.000033,12.565656,6.9550376,29.793802,-34.623566,10.067121,-24.333055,-48.517838,43.91386,5.8815255,-12.736994,-139.37367,-50.858593,83.87474,64.85956,-10.01421,7.135868,0.5735697
259,-0.9064868092536926,-12.806129455566406,68.1076431274414,2.6889250983529,1.728597247687636,-66.86328690395706,-3.7285566,15.45086,8.286379,63.496353,-31.37828,-12.853622,-42.785694,2.9963286,26.00602,61.794167,-16.573586,15.000033,11.045722,7.3839984,29.793802,-34.58278,12.318939,-21.922611,-50.9228,44.89115,7.7386065,-14.618142,-137.40909,-50.857468,80.19108,58.4782,-8.564804,7.270972,-0.20783308
260,-0.7698856592178345,-12.868034362792969,68.0721435546875,2.3696885443867663,1.4408144672040806,-67.01127754595635,-2.9299076,15.955721,8.794174,63.194443,-31.928185,-12.858376,-42.399677,3.1359427,25.602299,61.826614,-16.840801,15.000033,9.54524,7.807558,29.793802,-34.70029,14.709704,-19.548563,-53.18836,45.916718,9.783276,-16.572178,-134.93575,-50.786182,75.808846,52.316566,-7.270165,7.437863,-0.8416163
261,-0.6368818879127502,-12.92396354675293,68.12704467773438,2.1035261342882423,1.1615583303693233,-67.20483287384494,-2.2228317,16.297674,9.167928,62.865883,-31.999954,-12.798474,-41.98232,3.3930247,25.460823,61.760662,-16.641075,15.000033,8.174912,8.202518,29.793802,-35.35192,17.120478,-17.270636,-55.029125,47.016945,12.170122,-18.848902,-131.81212,-50.66472,70.40429,46.106915,-6.4897084,7.783216,-1.5116619
262,-0.5160816311836243,-12.990741729736328,68.28106689453125,1.8555941251413925,0.8574252626408866,-67.40019004595302,-1.601227,16.509996,9.365389,62.522736,-31.625868,-12.680715,-41.48383,3.7081578,25.466494,61.572212,-16.031626,15.000033,6.87541,8.551545,29.793802,-36.74643,19.485884,-15.255731,-56.21097,48.445377,14.844255,-21.474936,-127.87071,-50.480484,64.21034,39.485565,-6.090212,8.419225,-2.0984411
263,-0.4006049931049347,-13.066024780273438,68.50980377197266,1.603390547478575,0.6083345962838681,-67.70455873700548,-1.0626284,16.67152,9.552551,62.159138,-30.957237,-12.525973,-41.05588,4.170828,25.603647,61.32283,-15.014372,15.000033,5.817615,8.88839,29.527794,-38.99714,21.804874,-13.638395,-56.310215,49.950764,17.482069,-24.027414,-123.0445,-50.216663,57.62597,32.828033,-5.42589,8.985311,-2.3943048
264,-0.27384135127067566,-13.147732734680176,68.80087280273438,1.3366781340721476,0.415729691313897,-68.23036413548971,-0.4954597,16.842587,9.909554,61.73445,-30.137642,-12.357638,-40.767097,4.863421,25.868689,61.089794,-13.609508,15.000033,4.9583397,9.1941185,29.15183,-41.789665,24.039497,-12.70106,-55.50055,51.733948,19.775827,-26.031977,-117.64577,-49.848938,50.992245,26.546152,-3.8353443,9.08863,-2.1300035
265,-0.12373143434524536,-13.22186279296875,69.13988494873047,1.0643806848040784,0.27813911380929507,-69.04948896780245,0.13689601,17.008656,10.489504,61.223003,-29.089378,-12.182698,-40.62752,5.8989654,26.401106,60.92605,-11.730676,15.000033,4.3675065,9.500797,28.720623,-45.104897,26.124825,-12.450221,-53.89589,53.748615,21.651834,-27.285645,-111.573616,-49.323223,44.058212,20.696892,-0.74220395,8.517314,-0.90553397
266,0.03968989849090576,-13.287994384765625,69.51416015625,0.7839916739264601,0.1765709323464774,-70.0876410571922,0.7918402,17.151237,11.192604,60.646782,-27.772064,-11.994338,-40.577152,7.1984205,27.152082,60.774254,-9.395749,15.000033,4.077999,9.79754,28.240211,-49.119907,28.02642,-12.926122,-51.504993,55.93746,23.27894,-28.064049,-104.65839,-48.538525,36.648575,14.833811,3.4298916,7.583199,1.0635072
267,0.21678511798381805,-13.346033096313477,69.91344451904297,0.47056319358509907,0.09032461847830064,-71.23727281391857,1.4582171,17.32019,11.970845,60.038834,-26.385818,-11.792542,-40.595413,8.553333,27.832882,60.54682,-6.780144,15.000033,3.9779727,10.075712,27.785187,-53.762836,29.782064,-14.161409,-48.439632,58.16312,24.743053,-28.575455,-97.258026,-47.424496,29.359566,8.861877,7.8590484,6.6081195,3.1257603
268,0.3894759714603424,-13.395150184631348,70.33365631103516,0.10519014390937499,0.0008190555755054451,-72.3915696222617,2.1273758,17.557749,12.782321,59.430927,-25.131062,-11.570443,-40.679108,9.745689,28.15484,60.15962,-4.061386,15.000033,3.890922,10.342591,27.449629,-58.865627,31.45788,-16.08565,-44.89437,60.26955,26.123734,-29.020441,-89.84063,-45.96747,22.882435,2.8749042,11.644568,5.7803383,4.6066203
269,0.5568273067474365,-13.438990592956543,70.76233673095703,-0.347023489994671,-0.10598889628043076,-73.57538361853864,2.8288767,17.907122,13.656845,58.801155,-23.970253,-11.366282,-40.84365,10.854837,28.084976,59.627754,-0.9767535,15.000033,3.7470927,10.657639,27.325855,-64.24792,33.039043,-18.532084,-41.249718,62.296364,27.42762,-29.537695,-82.408264,-44.14451,17.477978,-3.0459142,14.619708,4.963289,5.351936
270,0.7218721508979797,-13.472278594970703,71.18667602539062,-0.8627322313396025,-0.21614723612547915,-74.8273289687442,3.5554543,18.330074,14.60802,58.144207,-22.82542,-11.167846,-41.109837,11.917071,27.732803,58.975872,2.471622,15.000033,3.5638883,11.085104,27.428558,-69.718605,34.471672,-21.339533,-37.682297,64.239815,28.622547,-29.953564,-74.97076,-41.8773,13.063323,-8.918152,17.21946,4.0269985,5.6968575
271,0.8911559581756592,-13.501712799072266,71.58842468261719,-1.3636847690095208,-0.29929180042631937,-76.0684296225503,4.243788,18.736727,15.58069,57.51241,-21.835949,-10.885078,-41.480812,12.683533,27.064459,58.15282,5.701789,15.000033,3.250496,11.552194,27.692585,-75.22985,35.808052,-24.520126,-33.899277,65.88563,29.740995,-29.99353,-67.96461,-39.184372,9.701331,-14.605191,19.340084,3.092321,5.7340546
272,1.0719335079193115,-13.523743629455566,71.94463348388672,-1.7689420149851391,-0.32288546450810424,-77.2225186313159,4.8308625,19.035152,16.520432,56.955704,-21.143068,-10.426012,-41.931606,12.948437,26.09321,57.117756,8.127848,15.000033,2.7258022,11.908188,28.04389,-80.8521,37.160385,-28.221422,-29.538416,66.96585,30.858046,-29.34664,-61.658245,-36.170216,7.2395067,-20.029997,20.8907,2.3135433,5.58119
273,1.26454758644104,-13.524839401245117,72.24855041503906,-2.0200606667255787,-0.259822798566372,-78.29653451890401,5.316639,19.12145,17.461067,56.419464,-20.798395,-9.697799,-42.50984,12.461314,24.5758,55.84515,9.371539,15.000033,1.9629833,12.038491,28.475954,-86.858406,38.60541,-32.535225,-24.594069,67.25066,32.246758,-27.722334,-55.794178,-32.957424,5.6237936,-25.334436,21.762526,1.7567716,5.2164764
274,1.4554082155227661,-13.521769523620605,72.51244354248047,-2.1762119230763326,-0.14141394155365364,-79.31381570959516,5.737483,19.06932,18.400019,55.89361,-20.725958,-8.772141,-43.13248,11.427442,22.589848,54.374596,9.784363,15.000033,0.9715537,12.012958,29.058687,-93.202156,40.109962,-37.45302,-19.320742,66.783646,33.815826,-25.250204,-50.05996,-29.611307,4.923891,-30.672787,21.927717,1.3421661,4.6274304
275,1.6390985250473022,-13.511103630065918,72.72157287597656,-2.331647781354935,-0.01937033332014724,-80.22946625791202,6.08473,19.054543,19.23406,55.49592,-20.87844,-7.805906,-43.608738,10.3442955,20.650991,52.763523,9.894838,15.000033,-0.3125902,11.807318,29.749249,-99.53735,41.645054,-43.155785,-13.641582,65.75007,35.089687,-22.280672,-45.21504,-26.37082,4.776034,-35.294945,22.00478,1.0502957,4.0960307
276,1.797251582145691,-13.50369930267334,72.8681640625,-2.56707191792964,0.27194477157498226,-81.01720342576473,6.072424,19.25545,19.86623,55.417446,-21.21448,-6.940244,-44.042847,9.706836,19.319551,51.01168,10.341244,15.000033,-1.620248,11.768138,29.793802,-104.750305,43.07518,-49.366245,-7.8096805,64.37204,35.59921,-19.096169,-40.629234,-23.166584,5.187357,-39.24305,21.667427,0.81085014,3.6409261
277,1.9324002265930176,-13.482562065124512,72.95003509521484,-2.913346142893864,0.5647224940262312,-81.6661665108929,5.9142528,19.799139,20.39481,55.7055,-21.839642,-6.1123934,-44.205437,9.708384,18.858902,48.934982,11.261607,15.000033,-3.0277073,11.778612,29.793802,-109.98702,44.391838,-56.27433,-1.1862873,63.141804,35.271862,-15.917391,-36.665264,-20.09896,5.68651,-42.42516,21.002388,0.7140709,3.28318
278,2.0476739406585693,-13.478018760681152,72.96086120605469,-3.308088703844672,0.8626629499689772,-82.19342258910294,5.643375,20.544718,20.82576,56.252083,-22.74015,-5.2806115,-44.169716,10.038712,18.973675,46.564327,12.357906,15.000033,-4.5803194,11.800799,29.793802,-115.38115,45.54914,-63.823154,5.9869146,61.97109,34.35056,-12.64003,-33.238422,-17.252323,6.29196,-44.88211,20.058907,0.7720185,2.9512572
279,2.149202346801758,-13.455147743225098,72.90283203125,-3.6835711701438916,1.1524536630960949,-82.6294708240025,5.286072,21.242722,20.995178,56.855663,-23.65777,-4.6354923,-44.07865,10.471155,19.415543,44.347088,13.5182,15.000033,-6.2724204,11.861148,29.793802,-120.28576,46.480595,-71.97483,13.100608,60.604073,32.80399,-9.462794,-30.279034,-14.615044,7.2261457,-46.82742,18.975113,0.86531323,2.699736
280,2.2402024269104004,-13.440937042236328,72.77623748779297,-3.9836352521964513,1.4176535541016266,-83.01325380316561,4.8711886,21.66181,20.75582,57.323925,-24.327715,-4.3645124,-44.08374,10.815304,19.899448,42.755203,14.622127,15.000033,-8.120355,11.877254,29.793802,-124.35103,47.15093,-81.04903,19.899313,58.771145,30.558384,-6.579702,-27.995203,-12.2058115,8.474043,-48.235844,18.179924,0.8844048,2.6557107
281,2.3366949558258057,-13.420621871948242,72.588623046875,-4.208267382786623,1.6663561065345402,-83.35118593386895,4.3208,21.73265,19.941496,57.605335,-24.553616,-4.5706105,-44.285072,11.065401,20.389662,42.00721,15.996213,15.000033,-10.10539,11.826086,29.793802,-128.01749,47.54145,-92.125084,27.063028,56.753147,27.331398,-4.0982385,-26.282778,-10.031564,9.944433,-49.160694,17.817873,0.73347664,2.8193183
282,2.4260671138763428,-13.411092758178711,72.34329223632812,-4.386886548672383,1.8959859984827123,-83.62912717071734,3.6643963,21.584059,18.687986,57.80734,-24.516586,-5.1353765,-44.588886,11.326849,21.017403,41.85602,17.565952,15.000033,-12.2155285,11.727699,29.793802,-131.96292,47.558956,-105.11352,34.818462,54.734108,23.319729,-2.022819,-25.044884,-8.056234,11.549278,-49.61296,17.642054,0.49202466,3.1225135
283,2.5121490955352783,-13.415029525756836,72.0359115600586,-4.555868577446827,2.0086960904578492,-83.85684674823867,3.1705945,21.345325,17.304113,57.984375,-24.523184,-5.9257107,-44.776283,11.6213455,21.698664,42.04931,18.6214,15.000033,-14.072666,12.349165,29.793802,-134.78784,47.030293,-116.207756,42.700836,53.39264,18.746668,-0.5074049,-24.618294,-6.397369,12.972202,-49.245827,17.043911,0.4365982,3.758775
284,2.601874351501465,-13.4448823928833,71.67704772949219,-4.772331112332804,1.9247933910759052,-84.04102563638298,3.069198,21.18351,16.086529,58.206806,-24.884281,-6.806349,-44.63847,11.967332,22.324183,42.307076,18.4717,15.000033,-15.075663,14.686557,29.793802,-134.5209,45.748886,-121.286705,50.89746,53.19912,14.081893,0.59949917,-25.209345,-5.5691466,13.684149,-47.92112,15.511709,0.77329177,4.754817
285,2.7081809043884277,-13.51440715789795,71.25867462158203,-5.012577322370309,1.7176255679593777,-84.14941421845067,3.309438,21.059713,14.997847,58.498825,-25.711443,-7.854343,-44.157692,12.369576,23.013645,42.612373,16.568378,15.000033,-15.920706,18.202732,29.793802,-131.03117,43.828087,-124.53783,60.24228,52.018314,9.323577,1.503566,-26.761263,-5.726065,14.551601,-45.802094,13.374644,1.3115169,5.695466
286,2.830016613006592,-13.579818725585938,70.79373931884766,-5.226443219019241,1.481928173695943,-84.19380137925425,3.7128732,20.885206,13.948222,58.827816,-26.83375,-9.078937,-43.52722,12.777055,23.78272,43.08481,13.432245,15.000033,-17.965847,22.564577,29.793802,-123.333145,41.926155,-126.9793,72.39149,49.56197,4.86465,2.6664886,-30.493528,-6.465244,16.90046,-41.254494,11.002962,1.8407252,6.2182045
287,2.952777862548828,-13.646430969238281,70.30038452148438,-5.292976285041827,1.5045395038436815,-84.26488750547809,3.883162,20.6035,13.14148,59.231792,-28.10369,-10.203659,-43.255974,13.041142,24.476162,43.721592,9.964413,15.000033,-21.2605,26.143974,29.793802,-114.12814,40.8756,-128.33513,84.592545,44.826637,1.3481205,4.3587832,-34.830585,-6.8050056,20.808836,-36.118446,9.158725,2.2090838,6.2220163
288,3.070349931716919,-13.706742286682129,69.78333282470703,-5.257376826267869,1.648510734588108,-84.42650144417766,3.930101,20.345104,12.741142,59.710556,-29.401316,-11.027016,-43.38311,13.155387,24.822384,44.513744,7.0100565,15.000033,-22.884699,27.537657,29.793802,-111.36418,40.39682,-128.69807,90.04492,38.895702,-1.7604862,5.2278495,-36.48958,-6.4626675,23.167562,-34.841423,7.529651,2.5824172,6.6464243
289,3.2008004188537598,-13.74985408782959,69.26077270507812,-5.221125987628678,1.738115906758833,-84.66521324371072,4.0510626,20.26405,12.804462,60.29677,-30.806213,-11.5045805,-43.796062,13.105471,24.521833,45.48068,4.662671,15.000033,-20.658587,25.8315,29.793802,-120.33436,39.5245,-127.91751,84.92981,31.966888,-4.2227573,4.3526,-33.89418,-5.809963,21.979359,-40.2446,5.2858644,3.1328056,8.104895
290,3.3183529376983643,-13.795815467834473,68.74617767333984,-4.98209312511628,2.2014732542338225,-84.96964887890647,3.758039,20.063086,13.237103,60.978554,-32.28974,-11.692586,-44.846577,12.782047,23.932507,46.633053,2.5331857,15.000033,-18.584423,21.016573,29.793802,-131.041,38.730476,-125.54378,77.72024,21.74145,-5.361456,3.4369733,-28.94603,-4.363647,21.420559,-49.270763,3.4838467,3.5008798,9.457742
291,3.4253056049346924,-13.822728157043457,68.25749969482422,-4.602580361037832,2.8057277112571413,-85.34453083641714,3.3382745,19.747452,13.917235,61.625153,-33.67763,-11.705689,-46.13645,12.38705,23.401878,47.828087,0.68630195,15.000033,-19.440767,15.304569,29.793802,-136.75734,38.90104,-121.10888,74.19871,10.585338,-5.632528,3.44648,-26.302357,-1.7911967,23.975845,-55.294353,2.0894573,3.6193802,9.981727
292,3.518007278442383,-13.83523941040039,67.8128433227539,-4.277262775799252,3.0711675806071743,-85.78984003346041,3.3645973,19.492828,14.700174,62.12716,-34.845985,-11.713855,-47.011883,12.239899,23.145498,48.928703,-0.8509702,15.000033,-20.864023,11.486294,29.793802,-138.6,39.74349,-114.03039,72.59535,1.9815615,-6.4723687,2.896417,-26.9273,1.0691363,26.383223,-56.887985,1.0083414,3.6952755,10.466997
293,3.5852768421173096,-13.841483116149902,67.43019104003906,-4.022703668136646,2.983459373689406,-86.34394919563238,3.8647287,19.333132,15.624329,62.501774,-35.78544,-11.719166,-47.46539,12.439267,23.249128,49.946037,-2.013746,15.000033,-21.35702,9.749665,29.793802,-137.92957,40.753445,-103.96989,70.28534,-5.116655,-8.382015,0.052519444,-29.821444,3.5346472,26.844406,-55.43196,1.2093692,3.6459777,10.836361
294,3.6423757076263428,-13.8370943069458,67.10890197753906,-3.7495000528334503,2.7724473918887496,-86.99796155375174,4.5608573,19.18041,16.730818,62.803642,-36.560474,-11.65295,-47.801723,12.82932,23.587305,50.944077,-2.8411963,15.000033,-21.365114,8.548104,29.793802,-136.25844,41.66708,-92.31099,66.56951,-12.638003,-10.405746,-4.642663,-33.353962,5.466795,26.308346,-53.26504,2.6618052,3.4192727,10.835411
295,3.6893210411071777,-13.834959030151367,66.83528137207031,-3.471786554940733,2.505845209089288,-87.69561084441492,5.32762,19.013906,17.867039,63.034966,-37.160088,-11.56839,-48.039818,13.323736,24.056614,51.852757,-3.4212878,15.000033,-21.244896,7.546896,29.793802,-134.14789,42.382397,-81.3942,62.078827,-20.015762,-11.985866,-9.602588,-36.917473,6.9179516,25.397646,-51.045826,4.5048466,3.0631852,10.48192
296,3.7119946479797363,-13.831130981445312,66.59968566894531,-3.239400485695491,2.1990022971935237,-88.37802303126455,6.0983143,18.858997,18.879007,63.1987,-37.580315,-11.527294,-48.140106,13.851798,24.524084,52.58748,-3.8416252,15.000033,-21.026772,6.852025,29.793802,-132.01463,42.920414,-72.73141,57.650208,-25.823925,-13.178734,-12.996815,-40.304333,7.9849005,24.270079,-48.915,5.7424207,2.6798694,9.926966
297,3.726532220840454,-13.823413848876953,66.4144287109375,-3.077475088312772,1.7998679268279068,-89.12942994828886,6.9619026,18.744282,19.821924,63.296978,-37.80582,-11.561284,-48.07,14.52513,25.027824,53.168877,-4.0560627,15.000033,-20.538185,6.45006,29.793802,-130.06015,43.392082,-67.41731,53.571938,-29.294458,-14.46001,-14.107361,-43.52334,8.748236,22.789804,-46.81105,5.88604,2.2947633,9.107056
298,3.7263851165771484,-13.805603981018066,66.28829956054688,-2.956687949721743,1.307762296837683,-89.94787984175943,7.93182,18.65285,20.74746,63.325905,-37.844563,-11.633017,-47.84104,15.336938,25.615894,53.63125,-4.0445123,15.000033,-19.816765,6.174815,29.793802,-128.01338,43.860188,-64.44188,49.502136,-31.289293,-15.988639,-13.963587,-46.69328,9.2935095,20.957836,-44.631603,5.4976554,1.8621494,8.017939
299,3.7114181518554688,-13.780583381652832,66.23553466796875,-2.8547825586989233,0.8158417293774887,-90.64447289961014,8.822171,18.560171,21.49681,63.28493,-37.725204,-11.700899,-47.4902,16.040363,26.164066,53.90081,-3.9280517,15.000033,-19.105555,5.969518,29.793802,-125.7763,44.31745,-62.39105,45.36291,-32.90835,-17.642414,-13.366718,-49.80564,9.682703,18.996593,-42.44664,5.1773014,1.3952044,6.894547
300,3.667943239212036,-13.762853622436523,66.2662353515625,-2.7513837274166,0.4180038090044803,-91.03026853395063,9.444834,18.449533,21.912008,63.17553,-37.480232,-11.723659,-47.064457,16.392193,26.54236,53.900795,-3.826862,15.000033,-18.637245,5.7883735,29.793802,-123.30316,44.69997,-59.87959,41.059933,-35.25493,-19.242764,-13.160067,-52.825623,9.953741,17.13335,-40.362907,5.537447,0.87901026,5.9671454
301,3.615025520324707,-13.744497299194336,66.36920928955078,-2.664459644003837,0.13488483096594317,-91.06960602857094,9.76153,18.337194,21.945406,62.988834,-37.10257,-11.708895,-46.54923,16.337679,26.701078,53.559193,-3.8002863,15.000033,-18.43498,5.677676,29.793802,-120.533035,44.955765,-56.721573,36.47244,-38.798367,-20.877142,-13.473306,-55.773815,10.104093,15.372469,-38.390625,6.8875103,0.30014047,5.290588
302,3.5625994205474854,-13.708279609680176,66.53966522216797,-2.604002082063566,-0.08574854352114816,-90.85749940418786,9.870716,18.235304,21.684597,62.730484,-36.582424,-11.673035,-45.93177,16.007156,26.705627,52.931896,-3.7752721,15.000033,-18.369957,5.6591406,29.793802,-117.45691,45.076195,-53.54332,31.631584,-42.904903,-22.583523,-13.911635,-58.67451,10.111883,13.615955,-36.460182,8.854981,-0.3448794,4.757582
303,3.5160064697265625,-13.669793128967285,66.7646713256836,-2.5380179280250728,-0.2566983698705776,-90.40088530071633,9.787884,18.121054,21.175592,62.42128,-35.946156,-11.588068,-45.265335,15.436505,26.596846,52.12793,-3.6713598,15.000033,-18.44417,5.6457114,29.793802,-114.18532,45.030483,-50.24413,26.679394,-47.031868,-24.072361,-14.533105,-61.477634,9.985467,11.936158,-34.587284,11.042167,-1.062533,4.349309
304,3.461458206176758,-13.590889930725098,67.04595184326172,-2.4363702679659034,-0.39067912346603006,-89.70759313854649,9.527755,17.968918,20.465298,62.08387,-35.22098,-11.42547,-44.605972,14.661404,26.417181,51.260487,-3.4088383,15.000033,-18.659004,5.555263,29.793802,-110.84566,44.785107,-46.722416,21.782383,-50.60272,-25.056826,-15.346667,-64.14003,9.729387,10.400239,-32.785843,13.053349,-1.8516858,4.0392923
305,3.389349937438965,-13.48730182647705,67.38447570800781,-2.283521272380205,-0.48330683425938026,-88.69474332780355,9.051218,17.749887,19.46903,61.703175,-34.41692,-11.180528,-43.96222,13.607687,26.140226,50.356606,-3.0099938,15.000033,-19.092,5.3462925,29.793802,-107.414116,44.291916,-42.88109,16.852736,-53.325672,-25.348015,-16.383419,-66.69684,9.336682,8.991102,-31.038044,14.990272,-2.7528546,3.860225
306,3.300142765045166,-13.363364219665527,67.7729263305664,-2.0967872647313843,-0.5321512284006306,-87.386118943409,8.367503,17.472303,18.200205,61.275265,-33.51814,-10.86797,-43.30388,12.287,25.750134,49.35993,-2.5038164,15.000033,-19.71301,5.0666337,29.793802,-103.894966,43.506676,-38.87433,11.866433,-55.524902,-25.150497,-17.560938,-69.16025,8.806387,7.6936555,-29.349184,17.010616,-3.742529,3.8164666
307,3.2030999660491943,-13.214866638183594,68.20957946777344,-1.8993080950534482,-0.5531305779230713,-85.94968433805728,7.5665436,17.171097,16.853796,60.834087,-32.510086,-10.488867,-42.63287,10.859497,25.30889,48.260616,-1.8224815,15.000033,-20.360405,4.7631645,29.793802,-100.492004,42.41209,-34.98852,7.1425886,-57.54164,-24.775665,-18.725088,-71.45738,8.164568,6.563171,-27.766075,18.797348,-4.723852,3.8205934
308,3.0881991386413574,-13.065360069274902,68.68562316894531,-1.7125586644820459,-0.5610341836361771,-84.55348643231166,6.736034,16.892141,15.62127,60.414482,-31.378134,-10.044529,-41.95531,9.488048,24.879843,47.05215,-0.89583474,15.000033,-20.876087,4.4783945,29.793802,-97.419395,41.025784,-31.489393,3.0287652,-59.725178,-24.51966,-19.749067,-73.529144,7.4552712,5.645738,-26.315283,20.019228,-5.602605,3.775216
309,2.970933198928833,-12.886865615844727,69.20317077636719,-1.5464962410803822,-0.5536039675768838,-83.18438512242813,5.8441486,16.655674,14.473499,60.038597,-30.073137,-9.498061,-41.249477,8.164085,24.445335,45.67909,0.3089683,15.000033,-21.279827,4.2171683,29.793802,-94.69863,39.366417,-28.411674,-0.41186187,-62.211353,-24.412071,-20.639236,-75.38818,6.724674,4.9287753,-24.956564,20.299385,-6.334921,3.604388
310,2.837116003036499,-12.692893981933594,69.74177551269531,-1.3859443239551505,-0.5282698937448654,-81.77225861605676,4.8667088,16.438686,13.33908,59.68397,-28.61525,-8.864487,-40.518898,6.8217435,23.980429,44.17033,1.7479992,15.000033,-21.642967,3.943889,29.793802,-92.26958,37.451332,-25.657244,-3.3219824,-64.80095,-24.303677,-21.47223,-77.09067,5.9863153,4.368963,-23.657986,19.891764,-6.9676437,3.36479
311,2.700981855392456,-12.49198055267334,70.3044204711914,-1.2170302549628556,-0.4957370466183522,-80.39957370972252,3.8955884,16.234728,12.340251,59.319767,-27.09465,-8.221193,-39.811726,5.5335827,23.53952,42.634296,3.3776503,15.000033,-21.895372,3.6558099,29.793802,-90.16959,35.32221,-23.216091,-5.670543,-67.324135,-24.21022,-22.245783,-78.64604,5.2303605,3.9784248,-22.442122,19.41566,-7.5509367,3.1570072
312,2.5665602684020996,-12.285903930664062,70.87725067138672,-1.0249929994879028,-0.4679101179957943,-79.14825572294978,3.021571,16.04046,11.594823,58.91526,-25.604456,-7.6433277,-39.17866,4.3684826,23.180428,41.17868,5.153685,15.000033,-21.957973,3.355759,29.793802,-88.4058,33.044533,-21.059734,-7.4515705,-69.629036,-24.150877,-22.95493,-80.053085,4.430594,3.7729309,-21.34226,19.49769,-8.138749,3.0931141
313,2.429217576980591,-12.074823379516602,71.4577407836914,-0.7962533835257364,-0.45294190502928805,-78.0357146808413,2.2338297,15.822983,11.079049,58.47154,-24.065937,-7.116075,-38.611794,3.3168168,22.901033,39.76973,7.1798587,15.000033,-21.819736,3.0306478,29.793802,-86.88626,30.660501,-19.115044,-8.608291,-71.66521,-24.151796,-23.576296,-81.30121,3.5807147,3.8164353,-20.33023,20.453829,-8.791975,3.2420218
314,2.2761528491973877,-11.84510326385498,72.02806091308594,-0.539032142119791,-0.44189397851021966,-77.0192506197438,1.4903944,15.6052685,10.744568,58.000946,-22.461456,-6.612244,-38.10171,2.3497627,22.6785,38.377243,9.438888,15.000033,-21.532356,2.697393,29.793802,-85.54344,28.199385,-17.347166,-9.226228,-73.541985,-24.19562,-24.128344,-82.408226,2.686415,4.094795,-19.38136,21.91588,-9.462684,3.540626
315,2.1192843914031982,-11.609378814697266,72.56773376464844,-0.2767102786116172,-0.41923058520535245,-76.090670239666,0.8304668,15.46266,10.667144,57.49336,-20.984629,-6.1808243,-37.700115,1.5030541,22.5446,37.115078,11.705625,15.000033,-21.11566,2.4052424,29.793802,-84.39239,25.72028,-15.7693,-9.53051,-75.34436,-24.236769,-24.665571,-83.426506,1.733816,4.5178475,-18.515076,23.484507,-10.050235,3.9012656
316,1.9663158655166626,-11.365577697753906,73.07412719726562,-0.032416326104456335,-0.3675741452985161,-75.24176632481164,0.2953795,15.4622135,10.923413,56.935352,-19.831846,-5.864619,-37.45482,0.8126009,22.535717,36.088665,13.758441,15.000033,-20.588442,2.2044575,29.793802,-83.43171,23.301003,-14.391515,-9.764627,-77.1664,-24.227764,-25.23784,-84.40942,0.7020852,4.998241,-17.750978,24.761297,-10.463733,4.2184024
317,1.8154762983322144,-11.11406421661377,73.5427017211914,0.20854384090573452,-0.2618703462325862,-74.49415988176847,-0.07165976,15.672754,11.711355,56.262886,-19.085396,-5.6466675,-37.43895,0.21320006,22.586592,35.26648,15.709504,15.000033,-19.942965,2.0881324,29.793802,-82.61172,21.005756,-13.2227335,-9.944489,-79.24274,-24.15223,-25.879812,-85.37498,-0.42079952,5.5625815,-17.12437,25.59629,-10.627529,4.4797187
318,1.6758034229278564,-10.865297317504883,73.95824432373047,0.4589761284302064,-0.11364762705802085,-73.84398009572575,-0.2958814,16.022522,12.937032,55.50102,-18.631483,-5.512902,-37.61226,-0.28629276,22.71775,34.613663,17.616226,15.000033,-19.193846,2.0251958,29.793802,-81.86693,18.855654,-12.228698,-10.013198,-81.485954,-24.03729,-26.547333,-86.307304,-1.6152728,6.2545958,-16.613937,26.232801,-10.614558,4.718233
319,1.5477752685546875,-10.61197566986084,74.32124328613281,0.6795943957929635,0.04160866788768717,-73.24592461225478,-0.44158942,16.372057,14.233299,54.76566,-18.375402,-5.508862,-37.83869,-0.54843765,23.087742,34.20456,19.198408,15.000033,-18.39612,2.0275617,29.793802,-81.184204,16.855625,-11.361582,-10.094911,-83.49417,-23.903225,-27.171576,-87.20128,-2.846273,7.0070543,-16.163874,26.854177,-10.56232,4.8963404
320,1.4138519763946533,-10.377793312072754,74.62023162841797,0.831372526490293,0.1651917647218371,-72.65416285998863,-0.5919842,16.602842,15.2194805,54.181522,-18.223635,-5.6727586,-37.973145,-0.4407952,23.85159,34.110954,20.172085,15.000033,-17.604603,2.1092505,29.793802,-80.56285,15.002339,-10.577242,-10.308114,-84.859535,-23.78093,-27.688301,-88.0513,-4.072939,7.7497244,-15.71174,27.639416,-10.606093,4.983386
321,1.2650104761123657,-10.167049407958984,74.85298919677734,0.8791343640259657,0.25096211342339864,-72.06538695852561,-0.75901145,16.718033,15.81424,53.746876,-18.259966,-6.020987,-37.914158,0.18403268,25.249788,34.28851,20.339426,15.000033,-16.827597,2.3040328,29.793802,-79.98236,13.308267,-9.863812,-10.68443,-85.35859,-23.688963,-28.085722,-88.84738,-5.266738,8.4638405,-15.234324,28.621923,-10.780205,4.9666405
322,1.1273337602615356,-9.970357894897461,75.02212524414062,0.8502413379330602,0.31268548496938714,-71.49368661771935,-0.90747255,16.777815,16.201365,53.408455,-18.498571,-6.527238,-37.723526,1.2092389,27.125319,34.7331,19.862146,15.000033,-16.062737,2.582322,29.793802,-79.440125,11.789161,-9.238981,-11.14769,-85.24706,-23.619982,-28.396858,-89.59419,-6.4168606,9.180836,-14.767423,29.698195,-11.0141,4.8745975
323,0.9930839538574219,-9.775057792663574,75.1182861328125,0.7945766750545744,0.3424267208974929,-70.92161784701945,-1.0606018,16.75979,16.389067,53.212498,-18.740202,-7.1615725,-37.507618,2.362406,29.005695,35.54185,19.046124,15.000033,-15.343464,2.8675,29.793802,-78.972404,10.437659,-8.703339,-11.65189,-84.83212,-23.568127,-28.62728,-90.30237,-7.517287,9.900844,-14.338016,30.839102,-11.284863,4.7404895
324,0.8527815341949463,-9.58298110961914,75.14534759521484,0.7592595468343756,0.3358652453718957,-70.33979987723876,-1.2418458,16.64245,16.389812,53.205566,-18.78695,-7.900143,-37.401604,3.381974,30.409903,36.781994,18.242756,15.000033,-14.688316,3.0881948,29.793802,-78.62902,9.232372,-8.25618,-12.137745,-84.41433,-23.523035,-28.78293,-90.98524,-8.569871,10.621412,-13.973583,32.013733,-11.567961,4.5966315
325,0.7058181762695312,-9.39143180847168,75.10877990722656,0.7293416876087362,0.29521010701273703,-69.76651314927079,-1.5139568,16.348162,16.05791,53.472137,-18.442596,-8.901105,-37.47899,4.31397,31.260115,38.614147,17.59723,15.000033,-14.07625,3.2530494,29.793802,-78.44153,8.16415,-7.9057736,-12.61777,-83.96829,-23.477533,-28.84326,-91.64428,-9.578876,11.346449,-13.67846,33.351154,-11.907197,4.4299617
326,0.559608519077301,-9.206223487854004,75.00369262695312,0.6878763096869834,0.22138763896799035,-69.2014482742846,-1.8436899,15.896634,15.434398,53.96539,-17.879839,-10.138612,-37.678352,5.2496734,31.767065,40.956467,16.91895,15.000033,-13.49823,3.3918674,29.793802,-78.38678,7.2343917,-7.641792,-13.097758,-83.36255,-23.437288,-28.812687,-92.269,-10.548788,12.068219,-13.440674,34.818756,-12.300972,4.2342567
327,0.40347781777381897,-9.028779983520508,74.82811737060547,0.6792767015281926,0.1124648652541416,-68.61589111521225,-2.1142259,15.423782,14.823876,54.537014,-17.438238,-11.30209,-37.954388,5.9933457,31.915815,43.479065,16.09428,15.000033,-12.979262,3.4660747,29.793802,-78.44288,6.4337573,-7.4367905,-13.500701,-82.7336,-23.409643,-28.735023,-92.86567,-11.48997,12.766317,-13.252897,36.145138,-12.652387,4.0450797
328,0.2536197900772095,-8.8396577835083,74.57665252685547,0.7472978970104915,-0.032128502473369555,-67.98344278644358,-2.215526,15.091814,14.5379,55.04066,-17.429937,-12.05587,-38.2552,6.360748,31.728422,45.8454,15.012071,15.000033,-12.5396385,3.4394898,29.793802,-78.59153,5.743207,-7.263426,-13.750454,-82.21666,-23.403383,-28.653915,-93.44366,-12.415958,13.420936,-13.108287,37.057076,-12.86161,3.8902934
329,0.10164955258369446,-8.663885116577148,74.24653625488281,0.9210253702881346,-0.2088801854318706,-67.31633908199848,-2.0937295,15.004183,14.800268,55.481323,-17.87707,-12.146259,-38.638264,6.24697,31.10835,48.06317,13.666073,15.000033,-12.16313,3.287702,29.793802,-78.863815,5.1554303,-7.1105375,-13.8135,-81.771454,-23.438408,-28.550161,-94.035904,-13.347753,14.028148,-13.015121,37.344868,-12.83917,3.7670465
330,-0.040642447769641876,-8.4882230758667,73.8575210571289,1.1755807072697473,-0.4190256772902383,-66.62159894708988,-1.8114295,15.0535,15.395604,55.91844,-18.619976,-11.798972,-39.10643,5.734946,30.132238,50.26517,12.109444,15.000033,-11.836359,3.0341396,29.793802,-79.26646,4.6658797,-6.9929028,-13.727202,-81.34796,-23.504642,-28.410612,-94.627625,-14.294889,14.599264,-12.973248,37.20425,-12.65646,3.6563694
331,-0.18471723794937134,-8.324112892150879,73.4073715209961,1.4667491519112228,-0.6703473733242412,-65.86590709527052,-1.4360474,15.103135,15.976355,56.279324,-19.689203,-11.391764,-39.51489,4.9463243,29.076452,52.299976,10.316634,15.000033,-11.584837,2.720943,29.793802,-79.74684,4.255403,-6.9208956,-13.510722,-81.063126,-23.564558,-28.290632,-95.1632,-15.251413,15.135633,-12.944572,36.966885,-12.453385,3.5617957
332,-0.32850179076194763,-8.190092086791992,72.91236114501953,1.7436051361896965,-0.9693670809043231,-65.02042665369946,-1.0463147,15.032895,16.20475,56.49727,-21.108553,-11.300672,-39.721947,4.040749,28.180439,54.009716,8.276816,15.000033,-11.43179,2.3986886,29.793802,-80.25406,3.8982623,-6.90014,-13.184867,-81.03033,-23.579277,-28.245052,-95.591774,-16.204927,15.631331,-12.885988,36.959934,-12.369788,3.4855018
333,-0.4707128405570984,-8.047528266906738,72.39163208007812,1.9815769274338122,-1.3434548574890548,-64.05331839338906,-0.5969822,14.832544,15.967892,56.48918,-23.088518,-11.699312,-39.647232,3.0170875,27.4377,55.29069,5.842604,15.000033,-11.410197,2.0859752,29.793802,-80.80377,3.5762665,-6.9383636,-12.702466,-81.38637,-23.519848,-28.326986,-95.90905,-17.154184,16.09068,-12.742458,37.262123,-12.455383,3.4436126
334,-0.598318338394165,-7.923443794250488,71.84136962890625,2.1995254982871986,-1.7829927069316756,-62.98801178988129,-0.07012422,14.5891485,15.4684,56.321545,-25.550064,-12.358001,-39.371624,1.824972,26.712246,56.240246,3.0718505,15.000033,-11.494,1.7685208,29.793802,-81.41858,3.2860594,-7.0249023,-12.064917,-82.02625,-23.408554,-28.494627,-96.143845,-18.107494,16.512033,-12.539991,37.695267,-12.630039,3.4311063
335,-0.7029220461845398,-7.821946620941162,71.27777862548828,2.413331541692284,-2.2356271960963348,-61.88476082937038,0.4055522,14.330846,14.846346,56.16123,-28.081514,-13.047763,-39.017128,0.5738171,26.040285,57.020695,0.27227378,15.000033,-11.614196,1.4462035,29.793802,-82.057365,3.026009,-7.1388006,-11.361498,-82.701065,-23.284964,-28.661116,-96.30039,-19.063261,16.880316,-12.3503685,38.199444,-12.84046,3.417702
336,-0.8005754947662354,-7.74176549911499,70.71623229980469,2.6477327323074573,-2.649523094156273,-60.80494712767508,0.7027675,14.056078,14.222267,56.165195,-30.26805,-13.550691,-38.71114,-0.6268981,25.477457,57.802425,-2.2540648,15.000033,-11.703941,1.1133982,29.793802,-82.68043,2.7996342,-7.2586226,-10.682873,-83.161674,-23.191162,-28.741718,-96.389595,-20.015108,17.179789,-12.242532,38.714817,-13.0332365,3.3730536
337,-0.8942681550979614,-7.6820068359375,70.1811752319336,2.9554806095722035,-3.0379061897916153,-59.72107354858279,0.7793189,13.671426,13.525007,56.39367,-32.052498,-13.819768,-38.430786,-1.8056262,25.104767,58.622856,-4.579077,15.000033,-11.787131,0.7146492,29.793802,-83.30874,2.6137989,-7.367196,-9.999452,-83.3105,-23.141066,-28.707083,-96.41871,-20.963802,17.419876,-12.193665,39.2463,-13.213596,3.2604597
338,-0.99527508020401,-7.594550609588623,69.7075424194336,3.312157913239328,-3.422217764860226,-58.61866540309277,0.71225226,13.195097,12.718462,56.753483,-33.640034,-13.973131,-38.13186,-2.984434,24.872383,59.39893,-6.81506,15.000033,-11.887654,0.26709974,29.793802,-83.952705,2.4700375,-7.481192,-9.2838,-83.29173,-23.112455,-28.604925,-96.38414,-21.910587,17.598375,-12.179304,39.819668,-13.404353,3.105936
339,-1.1056238412857056,-7.493682384490967,69.31932830810547,3.6301582331996225,-3.7555995682002266,-57.577532189758145,0.54941404,12.772685,11.964981,57.161865,-35.007343,-14.042067,-37.9133,-4.0619645,24.650549,60.127342,-8.721463,15.000033,-11.940268,-0.13250725,29.793802,-84.55619,2.3591413,-7.630207,-8.624404,-83.22153,-23.096567,-28.46699,-96.26556,-22.840065,17.678959,-12.274611,40.39583,-13.577763,2.9721081
340,-1.2311575412750244,-7.397892951965332,69.0298843383789,3.827863242018197,-3.9883790238744607,-56.674356308111975,0.33063778,12.549391,11.426013,57.533665,-36.12806,-14.054627,-37.87118,-4.9461274,24.306578,60.80172,-10.050959,15.000033,-11.883357,-0.38786796,29.793802,-85.062584,2.2707393,-7.8397837,-8.111271,-83.21088,-23.082596,-28.324873,-96.05134,-23.730616,17.629152,-12.539077,40.93786,-13.703542,2.9229472
341,-1.3482915163040161,-7.326289176940918,68.81963348388672,3.8890699818693397,-4.063618045498708,-55.918144901538234,0.011725071,12.589216,11.227404,57.873596,-36.992027,-13.951658,-38.06866,-5.6481576,23.751669,61.423786,-10.772267,15.000033,-11.705012,-0.46327335,29.793802,-85.49589,2.2126105,-8.11616,-7.778334,-83.28408,-23.073736,-28.166943,-95.77351,-24.572414,17.417004,-12.996238,41.422226,-13.742013,3.013196
342,-1.4407649040222168,-7.259681224822998,68.68547058105469,3.8624274137663916,-4.018142365042526,-55.26769311945003,-0.41197821,12.798283,11.250412,58.212074,-37.61317,-13.735127,-38.439167,-6.216972,23.069466,61.995586,-10.999344,15.000033,-11.446066,-0.42312127,29.793802,-85.86968,2.1925528,-8.443904,-7.5772834,-83.381165,-23.073744,-27.982428,-95.42723,-25.365541,17.064241,-13.603028,41.873688,-13.716921,3.1976933
343,-1.5252480506896973,-7.205527305603027,68.6187744140625,3.7624460689392203,-3.9417977098711576,-54.72534767262187,-0.8433941,13.091202,11.293032,58.503674,-38.001793,-13.526566,-38.874626,-6.5818067,22.41935,62.533737,-10.754166,15.000033,-11.111333,-0.31289217,29.793802,-86.118614,2.1900816,-8.8163595,-7.460779,-83.48661,-23.071777,-27.805481,-94.93937,-26.092665,16.633627,-14.3271265,42.303833,-13.695331,3.389134
344,-1.6367117166519165,-7.157638072967529,68.6113052368164,3.5966415561982776,-3.9231637732205504,-54.29585552167395,-1.1889958,13.384862,11.1569805,58.706387,-38.16757,-13.449349,-39.273113,-6.6681547,21.951717,63.050934,-10.0513525,15.000033,-10.704537,-0.16535288,29.793802,-86.181946,2.1712632,-9.218618,-7.3765297,-83.57582,-23.053278,-27.670542,-94.26643,-26.732502,16.192043,-15.107087,42.728516,-13.744118,3.5013556
345,-1.750058889389038,-7.1066484451293945,68.66741180419922,3.333195294723011,-3.996523479889352,-54.019455606233606,-1.4053373,13.684075,10.760628,58.791138,-38.086365,-13.578896,-39.6624,-6.367689,21.699663,63.62355,-8.701401,15.000033,-10.1796255,0.05821916,29.793802,-86.01318,2.1050034,-9.641907,-7.3237424,-83.64015,-22.9995,-27.625235,-93.34721,-27.260708,15.73663,-15.963331,43.154476,-13.899381,3.506163
346,-1.8779518604278564,-7.067697525024414,68.78076171875,2.9723168017659702,-4.113696099195185,-53.88186818963884,-1.5461736,14.032299,10.217682,58.786835,-37.761158,-13.837758,-40.083008,-5.7465024,21.566202,64.21386,-6.755268,15.000033,-9.5434885,0.38292876,29.793802,-85.66727,1.9902635,-10.085743,-7.314386,-83.676956,-22.917751,-27.639389,-92.26041,-27.67585,15.255089,-16.87112,43.56222,-14.118595,3.4534237
347,-2.01460599899292,-7.0349626541137695,68.94818115234375,2.572197096228878,-4.239217555458048,-53.807479660846674,-1.6642663,14.400319,9.62512,58.73445,-37.24549,-14.120482,-40.4504,-4.9925,21.508501,64.660034,-4.5906157,15.000033,-8.872736,0.7572182,29.793802,-85.23302,1.8398095,-10.550812,-7.3230057,-83.680824,-22.834213,-27.631945,-91.14262,-27.993101,14.794681,-17.726383,43.91396,-14.353065,3.3707252
348,-2.1450889110565186,-7.017611503601074,69.16276550292969,2.196334404405023,-4.336446671523299,-53.72074447725063,-1.8148034,14.754128,9.081926,58.674915,-36.588696,-14.319848,-40.67951,-4.2944484,21.499819,64.80662,-2.589679,15.000033,-8.246017,1.1193964,29.793802,-84.79457,1.6738299,-11.037694,-7.324357,-83.64949,-22.775581,-27.521217,-90.11906,-28.237154,14.396901,-18.43744,44.176395,-14.554728,3.2835093
349,-2.2758188247680664,-7.021728992462158,69.41008758544922,1.8423437155742255,-4.397703605925216,-53.64494919127931,-1.961903,15.1163845,8.656199,58.559456,-35.79273,-14.422263,-40.76402,-3.6111286,21.589334,64.613525,-0.6654567,15.000033,-7.6477437,1.4717133,29.793802,-84.33426,1.4958696,-11.546582,-7.333922,-83.61447,-22.757679,-27.31092,-89.17381,-28.413572,14.075373,-19.009623,44.364456,-14.719501,3.1915889
350,-2.4015414714813232,-7.030203819274902,69.69346618652344,1.4833325753161455,-4.443313004836516,-53.60393505192171,-2.0933828,15.493812,8.279005,58.387424,-34.834053,-14.479636,-40.740505,-2.884224,21.775198,64.162865,1.3167433,15.000033,-7.0499315,1.8415279,29.793802,-83.81641,1.3042591,-12.079478,-7.3606086,-83.570724,-22.764238,-27.035858,-88.25432,-28.521797,13.809411,-19.492962,44.493797,-14.870386,3.0803912
351,-2.528834819793701,-7.065410137176514,70.00030517578125,1.1529617166783894,-4.474028991138648,-53.524748557044326,-2.3018577,15.821198,7.848797,58.267952,-33.723995,-14.4828415,-40.591637,-2.2675424,21.983473,63.49386,3.0406733,15.000033,-6.509984,2.190766,29.793802,-83.29172,1.1133267,-12.641239,-7.3758993,-83.46626,-22.774063,-26.66117,-87.40986,-28.5805,13.581761,-19.870293,44.52989,-15.003939,2.9555266
352,-2.655813217163086,-7.110206127166748,70.31954193115234,0.8868089201915137,-4.48602555429975,-53.336722803470586,-2.682499,16.029406,7.2665467,58.311943,-32.4739,-14.425778,-40.305824,-1.9025452,22.14724,62.648884,4.203037,15.000033,-6.0823555,2.4760792,29.793802,-82.80831,0.944278,-13.2393875,-7.3580565,-83.25475,-22.76649,-26.151447,-86.680046,-28.616596,13.375231,-20.140995,44.44038,-15.115849,2.8181062
353,-2.783704996109009,-7.172798156738281,70.64165496826172,0.6961124751530312,-4.484045384066382,-53.00795055629101,-3.2497509,16.086164,6.491595,58.535976,-31.039133,-14.285196,-39.782116,-1.7745754,22.334234,61.52005,4.593176,15.000033,-5.8014708,2.6786895,29.793802,-82.32192,0.79702467,-13.888908,-7.320879,-83.05443,-22.74324,-25.528625,-86.06416,-28.640387,13.185617,-20.304108,44.18002,-15.173577,2.7171237
354,-2.9154598712921143,-7.249930381774902,70.9625244140625,0.5676002473448492,-4.464292233580255,-52.58074083876966,-3.9556227,16.02192,5.5893865,58.883728,-29.42435,-14.083494,-39.063316,-1.8244377,22.56892,60.129757,4.422998,15.000033,-5.6278124,2.816936,29.793802,-81.81814,0.6675841,-14.585402,-7.2769446,-82.85152,-22.713512,-24.801418,-85.530426,-28.651905,13.020646,-20.375956,43.782284,-15.191008,2.6328228
355,-3.0553557872772217,-7.339531898498535,71.2754135131836,0.49958491430077884,-4.411394134139254,-52.09725758202479,-4.797999,15.862741,4.6207356,59.3499,-27.710428,-13.885568,-38.348362,-2.1064322,22.706797,58.714695,4.0100536,15.000033,-5.511191,2.9005125,29.793802,-81.38597,0.57870084,-15.305124,-7.2061257,-82.40535,-22.663855,-23.914904,-85.07924,-28.669939,12.870067,-20.381136,43.354218,-15.233273,2.464513
356,-3.196056604385376,-7.436399936676025,71.57148742675781,0.48499103377132785,-4.309075005292003,-51.600679426190396,-5.7791576,15.640186,3.6411788,59.933514,-25.982983,-13.752254,-37.84221,-2.6730604,22.580297,57.51145,3.689216,15.000033,-5.399276,2.9429905,29.793802,-81.11056,0.56523585,-16.029333,-7.092119,-81.48615,-22.574293,-22.814919,-84.699005,-28.719444,12.725073,-20.357388,43.001404,-15.36754,2.10848
357,-3.33864688873291,-7.526030540466309,71.84037780761719,0.563801695741586,-4.125232969658173,-51.07289264077513,-7.0206604,15.233566,2.5408454,60.683838,-24.099596,-13.759087,-37.649387,-3.7347267,22.008644,56.565453,3.4237502,15.000033,-5.3171,2.8957553,29.793802,-80.9628,0.63728815,-16.76294,-6.930386,-80.19577,-22.460964,-21.482119,-84.43648,-28.810423,12.583669,-20.289768,42.844254,-15.649317,1.4931731
358,-3.482438564300537,-7.622967720031738,72.08081817626953,0.7230816360999607,-3.8819052044491476,-50.493023582991036,-8.467027,14.655095,1.3320395,61.579712,-22.067722,-13.87778,-37.622013,-5.199235,21.09313,55.758163,3.0469215,15.000033,-5.2852116,2.7699747,29.793802,-80.89453,0.7907232,-17.518183,-6.7454724,-78.61949,-22.30558,-19.95286,-84.259254,-28.939678,12.448741,-20.182428,42.793827,-16.03449,0.68424267
359,-3.6209027767181396,-7.726253509521484,72.27539825439453,0.8769946509010779,-3.6417208149615763,-49.90689911544607,-9.874237,14.153308,0.24812262,62.523956,-20.203686,-13.9768,-37.59913,-6.6557918,20.111347,55.078415,2.7239292,15.000033,-5.246788,2.6631947,29.793802,-80.970184,1.0468293,-18.286894,-6.5604677,-76.50736,-22.018093,-18.260223,-84.05876,-29.118969,12.311201,-20.095596,42.667477,-16.435747,-0.215535
360,-3.757282018661499,-7.836841583251953,72.42012786865234,0.938731487650309,-3.4569006262335917,-49.37262995845268,-11.025325,14.002301,-0.47694868,63.425877,-18.822777,-13.881213,-37.45151,-7.672424,19.369926,54.51481,2.656823,15.000033,-5.135593,2.6702461,29.793802,-81.2594,1.440704,-19.065102,-6.4083776,-73.62088,-21.492964,-16.444607,-83.72844,-29.368214,12.152232,-20.09507,42.29772,-16.76254,-1.1052508
361,-3.8800783157348633,-7.968554496765137,72.51519775390625,0.870278564747163,-3.327184785794144,-48.87306776287682,-11.999951,14.369833,-0.77978134,64.40761,-17.999294,-13.340497,-37.149136,-8.075365,19.002024,54.06445,3.1498246,15.000033,-4.9541774,2.813434,29.793802,-81.748566,1.9925214,-19.872622,-6.311583,-70.088715,-20.630756,-14.568345,-83.306564,-29.710724,11.9546585,-20.146818,41.81987,-17.043175,-1.9196562
362,-3.9960124492645264,-8.116677284240723,72.54375457763672,0.7209787294946608,-3.225444273876867,-48.39382170974663,-12.886861,15.105947,-0.7935272,65.47083,-17.58097,-12.470614,-36.776794,-8.109741,18.846256,53.73176,4.029441,15.000033,-4.722387,3.0426533,29.793802,-82.404625,2.7005181,-20.718307,-6.271392,-66.03766,-19.454065,-12.656076,-82.810585,-30.148176,11.722032,-20.256536,41.275433,-17.308128,-2.7288435
363,-4.092329978942871,-8.261137008666992,72.50054931640625,0.5381905898370662,-3.161249065626264,-48.003164104848345,-13.487012,16.010706,-0.5772437,66.34987,-17.538044,-11.648807,-36.39243,-7.966964,18.777647,53.512936,4.802592,15.000033,-4.3984222,3.3379042,29.793802,-83.275345,3.566867,-21.585867,-6.281245,-61.198513,-18.001268,-10.695481,-82.10674,-30.656626,11.456487,-20.54132,40.360584,-17.45696,-3.63458
364,-4.158979415893555,-8.409648895263672,72.386962890625,0.3730601991243537,-3.144305046813155,-47.7693074944134,-13.592572,16.866873,-0.17531873,66.779076,-17.816383,-11.276512,-36.052765,-7.838189,18.678503,53.40859,4.9750504,15.000033,-3.9363189,3.6743317,29.793802,-84.40935,4.5912294,-22.466413,-6.344552,-55.25951,-16.267086,-8.671151,-81.00003,-31.175732,11.15796,-21.170948,38.722446,-17.375397,-4.7387185
365,-4.193168640136719,-8.548666954040527,72.20687103271484,0.23969783760442068,-3.1818625754253063,-47.66850705149208,-13.083884,17.596537,0.41614807,66.62408,-18.36861,-11.551287,-35.76583,-7.8037024,18.47094,53.44104,4.354382,15.000033,-3.3287373,4.048706,29.793802,-85.885925,5.7943506,-23.294348,-6.4925194,-47.55374,-14.102654,-6.6248474,-79.47601,-31.671719,10.847895,-22.191362,36.156998,-16.94211,-6.204402
366,-4.198011875152588,-8.683289527893066,71.9605712890625,0.11548664588607194,-3.2719450282758626,-47.67754270284149,-12.0741625,18.305304,1.2380134,66.043106,-19.212467,-12.25396,-35.50216,-7.7553864,18.237429,53.606686,3.2220109,15.000033,-2.6251254,4.445235,29.793802,-87.6534,7.187444,-24.131742,-6.736184,-38.46632,-11.405074,-4.7612753,-77.64283,-32.143402,10.488987,-23.49192,32.941013,-16.183153,-7.878084
367,-4.166232109069824,-8.831300735473633,71.6488265991211,-0.0009047262419014426,-3.4083207646338582,-47.865010923767976,-10.703971,19.044386,2.3152132,65.20559,-20.37686,-13.1652355,-35.264656,-7.5992475,18.105555,53.866924,1.7977828,15.000033,-1.8437272,4.8351007,29.793802,-89.57088,8.731772,-25.159,-7.0399475,-29.195618,-8.296506,-3.2395513,-75.35502,-32.534676,10.006474,-25.127724,29.333746,-15.227677,-9.406907
368,-4.088127136230469,-8.97702693939209,71.28858947753906,-0.11054614615431695,-3.5827968560723793,-48.299193954628365,-9.113138,19.864416,3.6713972,64.28428,-21.901917,-14.064714,-35.057827,-7.2402024,18.206724,54.18578,0.2965515,15.000033,-1.0401667,5.169069,29.793802,-91.533226,10.376372,-26.530674,-7.3096075,-20.810835,-4.9653835,-2.063228,-72.693016,-32.805336,9.332204,-26.962393,25.689241,-14.252271,-10.445014
369,-3.978895425796509,-9.118738174438477,70.89311218261719,-0.23655189562571474,-3.8159852225508852,-49.01747614609828,-7.186734,20.83406,5.400883,63.209743,-24.032633,-15.000033,-34.88353,-6.6055293,18.60656,54.63219,-1.3336358,15.000033,-0.1934705,5.4658184,29.793802,-93.58484,12.078641,-28.298786,-7.539733,-13.186357,-1.3682562,-1.0691347,-69.59659,-32.928223,8.403478,-29.029087,21.626223,-13.247383,-10.8693
370,-3.8388571739196777,-9.224449157714844,70.47581481933594,-0.15686717255314458,-4.070170489923571,-49.89929774911929,-4.9201593,21.540243,7.65957,61.851196,-26.597645,-15.000033,-34.810284,-6.0098658,19.369944,55.26554,-3.2244227,15.000033,0.6434688,5.532344,29.793802,-95.82337,13.816648,-30.397509,-7.7665806,-5.7272973,2.5450222,-0.3474338,-66.04093,-32.873814,7.28927,-31.424603,17.08112,-12.188471,-10.846624
371,-3.70060396194458,-9.320544242858887,70.04441833496094,-0.019327687931595873,-4.3148655986804885,-50.96120814465657,-2.5659783,22.078432,10.047703,60.464207,-29.169264,-15.000033,-34.7817,-5.3412037,20.272516,55.891106,-5.1592436,15.000033,1.4740955,5.523293,29.793802,-98.15509,15.570704,-32.762486,-7.9611287,1.2735417,6.527445,-0.084308565,-62.21535,-32.614235,6.1702538,-33.99661,12.869982,-11.269055,-10.538037
372,-3.5571775436401367,-9.408976554870605,69.61405944824219,0.1727616593575567,-4.5063155534461785,-52.171626024648695,-0.38382494,22.41312,12.3867235,59.262905,-31.300167,-15.000033,-34.782505,-4.658814,21.195738,56.3438,-6.9444027,15.000033,2.254563,5.453906,29.793802,-100.50844,17.334036,-35.327118,-8.079298,7.4914384,10.27255,-0.36275393,-58.255787,-32.114807,5.2489705,-36.653347,9.734626,-10.65297,-10.167566
373,-3.4191067218780518,-9.495281219482422,69.21126556396484,0.44727892350471316,-4.663144793775018,-53.58293779929888,1.6355417,22.5503,14.710113,58.306004,-32.96413,-15.000033,-34.74482,-3.997547,22.154001,56.52513,-8.720064,15.000033,2.9952383,5.2663746,29.793802,-102.9545,19.124044,-38.134193,-8.065753,12.834878,13.764739,-1.1557202,-54.17997,-31.360859,4.54951,-39.388306,8.091921,-10.4514,-9.732934
374,-3.275487184524536,-9.578338623046875,68.8582992553711,0.7827351896686121,-4.79388328710603,-55.19900445196484,3.5986881,22.542267,17.093992,57.48469,-34.389797,-15.000033,-34.69305,-3.3080041,23.188225,56.53566,-10.518441,15.000033,3.6924198,4.9785237,29.793802,-105.50464,20.948534,-41.219555,-7.988105,17.58539,17.104906,-2.3002446,-49.930748,-30.355917,4.055307,-42.247105,7.41727,-10.560192,-9.182832
375,-3.109269380569458,-9.652970314025879,68.5836410522461,1.105086674168335,-4.843710947660012,-56.91314475980531,5.3981724,22.45808,19.44008,56.769222,-35.522186,-15.000033,-34.752655,-2.5328627,24.226498,56.509254,-11.983744,15.000033,4.263192,4.6911044,29.793802,-108.040985,22.790792,-44.50853,-7.900258,21.90691,20.153894,-3.5907724,-45.598362,-29.123224,3.8914728,-45.15262,7.0844636,-10.788755,-8.657641
376,-2.9349663257598877,-9.717336654663086,68.39826965332031,1.3367333069788154,-4.744026526336319,-58.61530607756492,6.9035516,22.380398,21.647223,56.142654,-36.305046,-15.000033,-35.067177,-1.6091067,25.196796,56.578526,-12.764451,15.000033,4.6536093,4.5164437,29.705679,-110.39276,24.63201,-47.89999,-7.840891,25.891687,22.76986,-4.7996235,-41.25705,-27.70625,4.1815395,-47.973003,6.480848,-10.952753,-8.292556
377,-2.761906385421753,-9.793011665344238,68.3076171875,1.475797923535977,-4.429744873572418,-60.32248069254902,8.059726,22.329664,23.774202,55.590096,-36.68569,-15.000033,-35.76487,-0.5060751,26.086836,56.801426,-12.708549,15.000033,4.9260726,4.486103,29.417353,-112.56832,26.45825,-51.395813,-7.772952,29.421328,24.948639,-5.699185,-36.76516,-26.134644,5.044679,-50.75886,5.596998,-11.047508,-8.206144
378,-2.5752267837524414,-9.8624267578125,68.29350280761719,1.5474058236229409,-4.007628109925456,-62.081866720939935,9.015348,22.289137,25.862736,55.114407,-36.712303,-15.000033,-36.675476,0.75158703,26.928778,57.095463,-12.030293,15.000033,5.098284,4.517087,29.18302,-114.87648,28.266085,-55.09162,-7.607122,32.439697,26.834036,-6.364238,-32.108364,-24.4695,6.384927,-53.68963,4.6956124,-11.147191,-8.273334
379,-2.3855783939361572,-9.918573379516602,68.33383178710938,1.506337939353196,-3.568104893278607,-63.82181488276519,9.804517,22.315573,27.768322,54.777477,-36.48866,-15.000033,-37.61832,2.141327,27.70326,57.368202,-10.887037,15.000033,5.075791,4.6200175,29.049967,-117.21071,30.043293,-58.92439,-7.3780904,35.105785,28.457314,-6.971914,-27.629847,-22.809341,8.076831,-56.451607,3.6189919,-11.200656,-8.281414
380,-2.189497947692871,-9.961823463439941,68.42465209960938,1.3130667971514016,-3.2029566545104458,-65.46873318110678,10.459844,22.467192,29.34361,54.63963,-36.116558,-15.000033,-38.41463,3.629039,28.39322,57.52849,-9.447351,15.000033,4.7742567,4.835024,29.05548,-119.4441,31.785656,-62.78542,-7.132268,37.59215,29.813324,-7.712777,-23.718115,-21.244926,9.935217,-58.680275,2.2323692,-11.159903,-8.057567
381,-1.9864283800125122,-9.997407913208008,68.55078125,0.9198389671659949,-2.943528632568054,-66.99373436653457,10.972247,22.799433,30.519653,54.71248,-35.571766,-15.000033,-39.026413,5.3421717,29.101976,57.595814,-7.503257,15.000033,4.350151,5.462162,29.16189,-121.546036,33.04411,-66.2626,-6.6913834,40.088676,30.834497,-8.817902,-20.59846,-20.160587,11.673018,-60.000134,0.450814,-11.032362,-7.670343
382,-1.787507176399231,-10.027193069458008,68.71729278564453,0.36220307663423,-2.7545536761762133,-68.43417769158758,11.339166,23.29099,31.381332,54.965847,-34.816753,-15.000033,-39.54567,7.223779,29.786886,57.596127,-5.060525,15.000033,3.4303992,6.1139183,29.299099,-123.4564,34.56089,-69.95551,-6.3254914,42.258633,31.66316,-9.934344,-18.705153,-18.809732,13.843432,-60.000134,-1.7077413,-10.868941,-7.049027
383,-1.5993183851242065,-10.061606407165527,68.9029541015625,-0.2809068191423574,-2.6187332463512676,-69.81754531629826,11.584477,23.898472,32.007885,55.41643,-33.941277,-15.000033,-40.008553,8.973732,30.20568,57.439724,-2.5814312,15.000033,2.3277283,6.800952,29.593855,-125.3821,36.09183,-73.751816,-5.8052526,44.087017,32.202644,-10.828594,-16.944262,-17.492332,16.008604,-60.000134,-3.8747456,-10.655913,-6.411124
384,-1.4162960052490234,-10.115070343017578,69.09766387939453,-0.9194826848064818,-2.451720598194661,-71.17931517125095,11.651623,24.564804,32.478695,56.096333,-33.04026,-15.000033,-40.523396,10.31298,30.143854,57.03803,-0.49948674,15.000033,1.0900925,7.4083285,29.793802,-127.19647,37.60685,-77.82304,-4.906576,45.421284,32.495434,-11.073858,-15.257148,-16.247898,18.196291,-60.000134,-5.6511645,-10.442691,-6.0392723
385,-1.2358272075653076,-10.183915138244629,69.28279113769531,-1.5607638408071038,-2.220222611058981,-72.52869928003915,11.46668,25.321865,32.782936,57.082306,-32.055977,-15.000033,-41.105686,11.15484,29.45756,56.275177,1.079276,15.000033,-0.30803198,7.8822618,29.793802,-128.92964,39.13374,-82.26617,-3.7495356,46.0267,32.588436,-10.396061,-13.580839,-15.063874,20.437159,-60.000134,-6.9159284,-10.183291,-6.0992637
386,-1.0619592666625977,-10.268516540527344,69.45625305175781,-2.2243480192705225,-2.021723242826694,-73.85486218365989,11.139984,26.152199,32.88596,58.298393,-30.953777,-15.000033,-41.633007,11.665643,28.316961,55.2436,2.3642108,15.000033,-2.0211153,8.308078,29.793802,-130.65192,40.76015,-87.02229,-2.3698366,46.033028,32.506752,-9.032152,-12.788793,-13.867005,22.780544,-59.073387,-7.8255754,-9.9642515,-6.5532312
387,-0.9014012217521667,-10.367033958435059,69.60823822021484,-2.8442244142985365,-1.8536394326444532,-75.1661088387434,10.745099,26.933014,32.81943,59.59512,-29.878466,-15.000033,-42.130936,11.9537,26.97204,54.1515,3.475347,15.000033,-3.9377866,8.744717,29.793802,-132.18965,42.282158,-91.86794,-0.37704036,45.94801,32.160572,-7.419063,-12.926645,-12.59366,25.08703,-57.20945,-8.492622,-9.814002,-7.1453037
388,-0.754076361656189,-10.463157653808594,69.73704528808594,-3.34928402884823,-1.6721347837574125,-76.46906207163127,10.306308,27.54638,32.61558,60.84044,-28.97704,-15.000033,-42.679203,12.117591,25.677708,53.214657,4.5044603,15.000033,-5.9489837,9.064885,29.793802,-133.56677,43.65826,-96.94752,2.4537144,46.13358,31.568634,-5.9107823,-13.205177,-11.219895,27.363623,-55.363743,-9.125062,-9.710024,-7.476157
389,-0.6125606298446655,-10.565152168273926,69.82694244384766,-3.7250154847891257,-1.461335096377305,-77.79849182655192,9.796644,27.989628,32.28609,62.07747,-28.257868,-15.000033,-43.371735,12.028289,24.256142,52.455185,5.457897,15.000033,-8.042811,9.240086,29.793802,-134.86876,44.855576,-102.320694,6.3101487,46.692505,30.82791,-4.5779095,-13.484314,-9.69421,29.548763,-53.64186,-9.74251,-9.653272,-7.395705
390,-0.48336857557296753,-10.681224822998047,69.88711547851562,-3.975158038995759,-1.2334069533529655,-79.11703161257596,9.179712,28.253233,31.795216,63.33612,-27.632105,-14.886654,-44.12664,11.65512,22.67437,51.806526,6.2249236,15.000033,-10.244247,9.277263,29.793802,-136.0725,45.842297,-107.87535,11.034521,47.483345,29.905851,-3.2722356,-13.876934,-8.002433,31.612238,-51.887775,-10.282248,-9.63715,-7.0645804
391,-0.34451520442962646,-10.785541534423828,69.92000579833984,-3.8950455084249724,-0.9614857749549446,-80.23309584152261,8.399568,27.943483,31.217241,64.393585,-27.077753,-13.340697,-44.849403,11.037426,21.523222,51.44079,6.696584,15.000033,-12.530322,9.1913185,29.793802,-136.82806,46.581482,-112.96018,16.527538,48.757534,28.51868,-2.104646,-14.64484,-6.219281,33.49448,-49.959488,-10.8179035,-9.671686,-6.635798
392,-0.2185143232345581,-10.894913673400879,69.90633392333984,-3.8253781729249234,-0.7762213328980697,-81.24025507938771,7.7777553,27.553303,30.505795,65.25901,-26.689564,-12.0565,-45.268486,10.843145,21.038485,51.223553,7.0210843,15.000033,-14.586829,9.596031,29.793802,-136.42285,46.998722,-116.70004,22.88458,50.81155,26.44188,-1.0570114,-15.97538,-4.4692454,35.063015,-47.56188,-11.364195,-9.760508,-6.3096595
393,-0.10150699317455292,-11.01867961883545,69.84304809570312,-3.7626767232040246,-0.6703517311102983,-82.14518346881276,7.291491,27.03695,29.556164,65.90019,-26.48537,-11.057294,-45.315144,11.304948,21.599314,51.156326,7.3875785,15.000033,-16.44108,10.540744,29.793802,-134.79663,47.01137,-119.44816,30.701914,54.411304,23.603756,0.16648574,-17.854631,-2.8455224,36.452675,-44.75083,-11.821408,-9.974118,-6.2203226
394,0.013497669249773026,-11.163869857788086,69.72056579589844,-3.6732499323066534,-0.6059354951855154,-82.96830160639618,6.880682,26.378866,28.408499,66.38429,-26.446415,-10.207643,-45.10801,12.181201,22.909569,51.230495,7.7466764,15.000033,-18.232597,11.865184,29.793802,-132.25706,46.616776,-121.56064,39.979046,59.090168,20.521698,1.7746336,-20.124174,-1.3511473,37.771374,-41.678154,-12.172192,-10.28639,-6.3115177
395,0.13864213228225708,-11.325350761413574,69.54837799072266,-3.5766020788582646,-0.5332842356858836,-83.69913104848418,6.5455513,25.670681,27.248642,66.76445,-26.573921,-9.533908,-44.84199,13.10918,24.359896,51.419353,7.838398,15.000033,-19.967556,13.351708,29.793802,-129.28867,45.91906,-123.11016,49.71684,62.843906,17.892328,3.550635,-22.250599,0.13642725,39.38767,-38.74398,-12.97803,-10.576518,-6.548571
396,0.26855602860450745,-11.514785766601562,69.31292724609375,-3.497654831871364,-0.4552279914991742,-84.32596845143742,6.34316,25.006998,26.260935,67.07768,-26.86922,-9.068036,-44.691887,13.737634,25.327799,51.704777,7.386938,15.000033,-21.851746,14.614184,29.793802,-126.12058,45.157387,-124.204895,59.035706,63.74126,15.946983,5.050494,-24.993752,1.5075587,40.425365,-35.621548,-13.231948,-10.704783,-6.728076
397,0.39995989203453064,-11.709339141845703,69.02398681640625,-3.4269643232837614,-0.3323100681780817,-84.79761014984253,6.206422,24.361437,25.365067,67.33327,-27.359991,-8.880517,-44.743023,13.911296,25.626282,52.078426,6.1286407,15.000033,-23.879185,15.925093,29.793802,-122.10156,44.502003,-125.0916,68.39204,60.455276,14.266814,6.0807643,-27.827644,2.8164043,41.623707,-32.53602,-13.903863,-10.618041,-6.9144635
398,0.5318572521209717,-11.898567199707031,68.69033813476562,-3.341360174336295,-0.1587091360582641,-85.1356662124196,6.112161,23.688251,24.502892,67.50976,-28.04061,-8.924859,-44.922573,13.829949,25.601137,52.56091,4.2670956,15.000033,-26.110119,17.316763,29.793802,-117.40988,44.06715,-125.85288,77.97563,54.108364,12.624171,6.8043118,-30.724703,4.1246057,43.10344,-29.42855,-14.846192,-10.395676,-7.141731
399,0.677981436252594,-12.080564498901367,68.33486938476562,-3.2590161224483367,0.05063048104634582,-85.4390145508751,6.1160173,23.082256,23.876637,67.615875,-28.869125,-9.061201,-45.226517,13.678897,25.408213,53.150387,2.2458115,15.000033,-28.145231,18.228458,29.793802,-114.02346,43.853886,-126.29355,85.865715,46.594395,11.079095,7.1593103,-33.219242,5.4538026,44.445866,-27.01775,-15.754295,-10.120909,-7.309979
400,0.8209717273712158,-12.2747220993042,67.96851348876953,-3.222954237902384,0.25131408135229333,-85.80497402136125,6.297788,22.665585,23.675978,67.6646,-29.80907,-9.160308,-45.616062,13.657179,25.175468,53.830025,0.51825905,15.000033,-29.367073,18.078463,29.793802,-113.93739,43.71577,-126.22715,90.00372,40.043087,9.690729,6.8826585,-34.837772,6.7529984,45.09859,-26.156395,-16.5619,-9.8730755,-7.3194675
401,0.9714523553848267,-12.449775695800781,67.60372161865234,-3.2558231933247477,0.4805262098522235,-86.24040573268155,6.64019,22.500734,23.991884,67.68009,-30.923157,-9.2162,-46.17721,13.779816,24.842093,54.65145,-0.8456128,15.000033,-29.664152,16.125309,29.793802,-118.09296,43.53954,-125.31929,89.58761,35.128872,9.023746,5.715773,-35.183784,7.957696,44.956264,-27.802607,-17.321579,-9.650943,-7.1258693
402,1.1035618782043457,-12.626016616821289,67.25209045410156,-3.2916480403141044,0.7983511880728468,-86.70097573965782,7.0532713,22.454214,24.716406,67.62998,-32.190865,-9.279926,-46.959045,13.919873,24.407545,55.609936,-2.064006,15.000033,-29.9982,12.5901785,29.793802,-123.75394,43.517654,-123.36517,87.34713,30.464458,9.07939,4.014928,-34.433125,9.144849,44.953392,-31.40737,-17.901892,-9.425244,-6.8357625
403,1.2185232639312744,-12.791898727416992,66.91505432128906,-3.2866518988504336,1.1576119502223237,-87.20603313549744,7.544562,22.412333,25.72488,67.46176,-33.467632,-9.32408,-47.816147,14.100067,24.049475,56.57962,-3.120376,15.000033,-30.610935,8.692726,29.793802,-128.5287,43.58817,-120.63535,85.61154,25.062128,9.082079,2.3246076,-33.18291,9.53053,45.237514,-36.034126,-17.621634,-9.18809,-6.7218866
404,1.3091717958450317,-12.945834159851074,66.60968780517578,-3.2731507365699013,1.3417477065014,-87.7692435065586,8.32171,22.348217,26.879923,67.12197,-34.63013,-9.353893,-48.421906,14.401202,23.876753,57.44859,-4.0292916,15.000033,-31.648079,6.0562105,29.793802,-130.74799,44.283386,-115.93803,84.71966,20.108536,8.280616,0.6912827,-32.753204,11.03141,46.07856,-37.874443,-17.972376,-9.011632,-6.339187
405,1.3855009078979492,-13.100894927978516,66.34591674804688,-3.2672380693560354,1.3736440210682213,-88.4462389685382,9.401361,22.283514,28.265596,66.59407,-35.699062,-9.372382,-48.79071,14.901778,23.942581,58.17785,-4.722753,15.000033,-32.207336,4.6276107,29.793802,-131.17397,45.155136,-110.403046,83.80225,13.334011,5.9043226,-1.5322111,-33.452274,12.459389,45.916065,-37.965847,-17.345947,-8.900655,-5.856014
406,1.4546808004379272,-13.254359245300293,66.12470245361328,-3.27349322037589,1.3083796979025337,-89.21072910644327,10.730255,22.230911,29.912157,65.90945,-36.728127,-9.395238,-49.021328,15.559836,24.160398,58.830833,-5.225158,15.000033,-32.340992,3.980097,29.793802,-130.52246,46.057125,-103.3147,82.18882,5.55927,2.7632005,-4.523717,-34.580524,13.772788,45.171116,-37.11113,-16.297127,-8.842727,-5.2167473
407,1.50702702999115,-13.409919738769531,65.93616485595703,-3.240984366052131,1.185613239907913,-89.96105995782088,12.134959,22.106777,31.594318,65.128555,-37.63473,-9.407823,-49.138977,16.230833,24.4764,59.426323,-5.6395507,15.000033,-32.278706,3.6297126,29.793802,-129.3075,46.89029,-96.14617,80.04637,-2.3663738,-0.33711302,-7.5829535,-35.880394,14.952236,44.140884,-35.922443,-15.128147,-8.795255,-4.563826
408,1.5287779569625854,-13.572591781616211,65.77396392822266,-3.139316990866463,1.0248865958682118,-90.59552961690964,13.460916,21.869522,33.080227,64.31599,-38.34256,-9.394398,-49.14515,16.779377,24.818798,59.970253,-6.0641255,15.000033,-32.153236,3.3859098,29.793802,-127.88257,47.621807,-89.96928,77.78123,-9.271241,-2.9240735,-9.601535,-37.25174,16.004713,43.00548,-34.682392,-14.227866,-8.715752,-4.035699
409,1.542780876159668,-13.725815773010254,65.6450424194336,-2.9480011765359153,0.8006867953471658,-91.16886040896733,14.759787,21.485308,34.414974,63.453903,-38.844173,-9.337872,-49.022514,17.250427,25.24002,60.49234,-6.5094748,15.000033,-31.843546,3.2414563,29.793802,-126.463844,48.27375,-85.50535,75.669075,-14.579428,-5.3007026,-9.886612,-38.711254,16.928028,41.718,-33.365356,-13.791758,-8.550333,-3.6814783
410,1.521606206893921,-13.866827964782715,65.56523132324219,-2.6888338454665166,0.5118810044381474,-91.70901100420862,16.080425,20.989815,35.680275,62.516525,-39.177814,-9.247825,-48.77053,17.687298,25.755455,60.980328,-6.9285936,15.000033,-31.327856,3.1427577,29.793802,-124.99572,48.87668,-82.406334,73.543785,-19.116526,-7.8871155,-9.167982,-40.19279,17.732048,40.27329,-32.01334,-13.582795,-8.343816,-3.4301317
411,1.481835126876831,-14.007245063781738,65.54113006591797,-2.4098344623126,0.20440917017915722,-92.07479352080462,17.273762,20.483366,36.703255,61.568237,-39.337322,-9.142054,-48.410164,17.959093,26.226406,61.365025,-7.3292313,15.000033,-30.798117,3.0257127,29.793802,-123.27066,49.42918,-79.55554,71.171295,-23.429678,-10.578549,-8.234851,-41.606533,18.446743,38.77169,-30.792646,-13.369606,-8.198528,-3.225289
412,1.426514744758606,-14.142857551574707,65.57260131835938,-2.162318255775085,-0.07837865613052425,-92.12454632871112,18.19568,20.076654,37.319775,60.678543,-39.32022,-9.035564,-47.966324,17.938593,26.512152,61.577553,-7.7193666,15.000033,-30.451506,2.8544722,29.793802,-121.07069,49.89494,-75.78587,68.270096,-28.101614,-13.1438,-7.8928604,-42.893932,19.106394,37.297398,-29.818638,-12.915818,-8.217595,-3.0087621
413,1.3543236255645752,-14.268975257873535,65.67150115966797,-1.9513273286423056,-0.3478168721145631,-91.7964197435443,18.837927,19.800888,37.484978,59.848846,-39.129086,-8.926319,-47.41259,17.558826,26.566978,61.60042,-8.15214,15.000033,-30.35224,2.649969,29.793802,-118.35514,50.215797,-70.6831,64.655045,-33.576115,-15.611174,-8.252456,-44.072464,19.727392,35.832844,-29.05204,-12.32297,-8.437578,-2.8099554
414,1.2667847871780396,-14.384865760803223,65.8353500366211,-1.7580928609201414,-0.6276770189195288,-91.17397652953908,19.277952,19.615273,37.294872,59.055035,-38.767094,-8.802016,-46.7418,16.901812,26.462276,61.467007,-8.607259,15.000033,-30.390406,2.4639874,29.793802,-115.24732,50.351345,-64.80947,60.454887,-39.498856,-18.02146,-8.919407,-45.21755,20.298073,34.313927,-28.368357,-11.659392,-8.800334,-2.6350884
415,1.1637885570526123,-14.48548698425293,66.04873657226562,-1.5970520832160893,-0.8930194604840138,-90.33226224139216,19.49985,19.523775,36.798943,58.331978,-38.24176,-8.663057,-46.011555,16.065554,26.23005,61.188274,-8.979267,15.000033,-30.517479,2.303102,29.793802,-111.81427,50.267776,-58.548534,55.810608,-45.31336,-20.05733,-9.878946,-46.34169,20.81147,32.77592,-27.76518,-10.633688,-9.260817,-2.388837
416,1.046364665031433,-14.575653076171875,66.31890869140625,-1.4756032372751258,-1.1166853865389583,-89.34649430958686,19.485909,19.526125,36.045418,57.713783,-37.55585,-8.509963,-45.27807,15.148955,25.908916,60.77414,-9.165559,15.000033,-30.681072,2.1686132,29.793802,-108.0683,49.945206,-52.248196,50.817787,-50.393513,-21.42511,-11.011296,-47.454296,21.261032,31.259096,-27.25829,-8.949474,-9.766811,-1.9713272
417,0.9163582921028137,-14.658390045166016,66.64197540283203,-1.4097582080244067,-1.2891741849805003,-88.17649076251976,19.199602,19.640163,34.962463,57.20921,-36.69948,-8.362172,-44.54185,14.133514,25.477135,60.21586,-9.14996,15.000033,-30.91732,2.0501976,29.793802,-103.843285,49.329124,-45.715454,45.15057,-54.274296,-21.88824,-12.190347,-48.43794,21.669327,29.803707,-26.950983,-6.2374053,-10.350087,-1.2216965
418,0.7639809250831604,-14.72944450378418,67.01264953613281,-1.3870623622580294,-1.4265334101059428,-86.80144533475999,18.663748,19.84797,33.547203,56.798122,-35.67164,-8.216357,-43.768696,12.986083,24.923319,59.512356,-8.983417,15.000033,-31.257605,1.9366486,29.793802,-99.216446,48.34207,-38.90566,38.75373,-57.339314,-21.698154,-13.305984,-49.319088,22.051445,28.401642,-26.807016,-2.7336519,-10.979457,-0.21054134
419,0.5971386432647705,-14.793255805969238,67.43138122558594,-1.385970370925634,-1.537003278055426,-85.32587227299776,17.948128,20.094957,31.952229,56.46905,-34.492443,-8.04187,-42.970406,11.7824135,24.303623,58.68981,-8.665032,15.000033,-31.622335,1.8155284,29.793802,-94.53184,46.955597,-32.384056,32.18573,-60.209965,-21.317806,-14.285241,-50.304726,22.378954,27.01379,-26.675747,0.93663764,-11.528796,0.79566604
420,0.4276663661003113,-14.8402099609375,67.88859558105469,-1.382513297691118,-1.6289253803828507,-83.85394593568776,17.120089,20.335375,30.333265,56.216797,-33.183247,-7.807594,-42.16258,10.596303,23.674006,57.771805,-8.192106,15.000033,-31.904512,1.6753423,29.793802,-90.13806,45.201664,-26.709751,26.07736,-63.518623,-21.187134,-15.1237955,-51.57532,22.595953,25.599264,-26.445047,4.1321764,-11.925399,1.5029076
421,0.248005211353302,-14.875723838806152,68.38430786132812,-1.3747938532658637,-1.6945804678449272,-82.38252897140093,16.140696,20.569042,28.651976,56.06556,-31.67085,-7.491987,-41.335514,9.421946,23.03452,56.72531,-7.5524592,15.000033,-32.064705,1.5365013,29.793802,-85.95315,43.099342,-21.907787,20.458395,-67.55576,-21.377707,-15.867747,-53.048504,22.679796,24.23604,-26.231707,6.971461,-12.25549,1.8251731
422,0.04343869537115097,-14.90175724029541,68.90316772460938,-1.3713969739354814,-1.7326969510829133,-80.86499462400036,14.994898,20.80633,26.848505,56.004787,-29.96147,-7.1288958,-40.48297,8.230196,22.35697,55.551067,-6.7507977,15.000033,-32.132675,1.4114674,29.793802,-81.783844,40.64469,-17.736914,14.989783,-71.935905,-21.693409,-16.541672,-54.632595,22.62337,22.927158,-26.094883,9.696511,-12.557422,1.9045328
423,-0.15815582871437073,-14.915351867675781,69.4435806274414,-1.3676781191660794,-1.7613611707295722,-79.34067359500912,13.784707,21.032383,25.051632,55.980347,-28.198723,-6.7639155,-39.630253,7.056361,21.658464,54.324306,-5.813367,15.000033,-32.08131,1.300948,29.793802,-77.678505,37.911385,-14.240509,9.705328,-76.26933,-22.138283,-17.172483,-56.50246,22.362593,21.512804,-25.811882,11.836425,-12.725451,1.768617
424,-0.3621026575565338,-14.910231590270996,69.9957046508789,-1.3616066929285622,-1.7939640676321065,-77.84949965986888,12.605538,21.23703,23.391071,55.938633,-26.52948,-6.4321966,-38.81016,5.9305882,20.958267,53.11843,-4.761018,15.000033,-31.901165,1.2015196,29.793802,-73.643654,35.019707,-11.441379,4.631021,-80.191666,-22.699675,-17.791931,-58.797085,21.808577,19.880884,-25.19615,12.9262085,-12.645619,1.4305544
425,-0.5723116397857666,-14.889007568359375,70.54973602294922,-1.3345620299553398,-1.8288845175891972,-76.38674662031568,11.416312,21.338541,21.772503,55.87216,-24.842724,-6.142883,-38.030674,4.838793,20.260792,51.937214,-3.5623436,15.000033,-31.634218,1.1001705,29.793802,-69.414894,32.048508,-9.27302,-0.363028,-83.98208,-23.41432,-18.497526,-61.47762,20.919584,18.1022,-24.369814,12.906555,-12.338197,0.87476003
426,-0.7820777893066406,-14.853360176086426,71.09866333007812,-1.2856208403660168,-1.8507864016108437,-74.9357266385668,10.178353,21.363068,20.169619,55.8084,-23.105457,-5.879391,-37.29049,3.7650194,19.561762,50.752655,-2.2199485,15.000033,-31.306208,1.013623,29.793802,-64.75928,29.023756,-7.711978,-5.464335,-87.78083,-24.240488,-19.30744,-64.4237,19.698072,16.340836,-23.408928,12.032688,-11.85129,0.08140882
427,-0.996829092502594,-14.80420970916748,71.63414001464844,-1.2370642335246762,-1.8486426136236118,-73.52067506502954,8.9767065,21.473917,18.8162,55.741936,-21.593182,-5.612209,-36.614918,2.7401457,18.87044,49.588093,-0.80518955,15.000033,-30.895866,0.9851529,29.793802,-59.774677,26.015087,-6.826412,-10.652796,-90.998955,-25.048717,-20.097471,-67.633575,18.115656,14.6742935,-22.052443,10.311721,-11.099714,-0.9406827
428,-1.2179850339889526,-14.733404159545898,72.14448547363281,-1.2099145428010107,-1.8099393785273823,-72.16696218057271,7.879818,21.841936,17.944838,55.673096,-20.586256,-5.2918034,-36.03436,1.7982802,18.195827,48.470024,0.61527276,15.000033,-30.383013,1.0605336,29.793802,-54.63462,23.123713,-6.653566,-15.828064,-93.018524,-25.72998,-20.693539,-71.10575,16.133493,13.199895,-20.046484,7.760744,-9.989052,-2.182715
429,-1.4401443004608154,-14.636617660522461,72.62174224853516,-1.2358674129938794,-1.716448444101749,-70.87173176322172,6.938519,22.702408,17.895788,55.597733,-20.342072,-4.8034997,-35.573284,0.8988614,17.401974,47.324368,2.1744933,15.000033,-29.787693,1.263248,29.793802,-49.314438,20.465092,-7.272259,-20.913584,-93.40334,-26.30662,-20.963017,-74.90449,13.722392,11.907788,-17.420094,4.2495837,-8.428308,-3.7296648
430,-1.680495023727417,-14.529540061950684,73.06444549560547,-1.292074315473752,-1.5696845824280472,-69.62663155994161,6.089988,23.896698,18.461113,55.51725,-20.664038,-4.199973,-35.22568,0.040904485,16.529877,46.165886,3.8697639,15.000033,-29.132387,1.5640798,29.793802,-43.796703,18.102568,-8.655301,-25.865042,-92.57893,-26.827623,-20.98099,-79.02309,10.914494,10.907442,-14.270184,-0.10077789,-6.407645,-5.498089
431,-1.9172053337097168,-14.409642219543457,73.46440887451172,-1.3173442173529248,-1.3959271568717033,-68.44629148988784,5.2277546,25.014103,19.042002,55.44849,-21.148672,-3.6747847,-34.97318,-0.689448,15.858708,45.149868,5.4189696,15.000033,-28.384525,1.9306564,29.793802,-38.37364,16.05064,-10.630722,-30.52923,-91.21553,-27.23047,-20.863413,-83.376724,7.7917957,10.458422,-10.431555,-4.92605,-3.9566967,-7.230345
432,-2.148761749267578,-14.294002532958984,73.8127212524414,-1.258422128420161,-1.226349947553653,-67.34347305749843,4.2321196,25.66262,19.024155,55.410168,-21.37473,-3.398657,-34.795326,-1.2064446,15.672998,44.42603,6.5297494,15.000033,-27.494577,2.3299632,29.793802,-33.289406,14.283465,-13.025335,-34.797863,-89.96877,-27.462013,-20.736658,-87.89619,4.46672,10.791029,-5.720258,-9.918468,-1.1360322,-8.681932
433,-2.3727190494537354,-14.163679122924805,74.09615325927734,-1.1110311334898455,-1.081270821645164,-66.30914963252906,3.0985262,25.815313,18.341507,55.40715,-21.33296,-3.3013937,-34.647984,-1.4984846,16.083393,43.94602,7.1368012,15.000033,-26.427376,2.7642994,29.793802,-28.79745,12.850937,-15.794738,-38.366932,-89.0962,-27.45549,-20.597683,-92.68508,0.9981062,11.885253,-0.12758842,-15.488676,2.2588897,-9.720746
434,-2.5836644172668457,-14.039216995239258,74.32186889648438,-0.9051232173893579,-0.9478929248500259,-65.33958094147816,1.8971287,25.656446,17.293951,55.432507,-21.207571,-3.3287559,-34.547947,-1.6101191,16.93076,43.652187,7.3870463,15.000033,-25.163395,3.2055457,29.793802,-24.800941,11.743991,-19.072186,-41.292423,-88.09447,-27.29388,-20.364164,-97.78,-2.5370178,13.725979,6.2286205,-21.649107,6.190975,-10.290722
435,-2.8012518882751465,-13.921493530273438,74.4875717163086,-0.6534747714376034,-0.8235987622098182,-64.45453865869128,0.638936,25.132282,15.813388,55.496353,-20.866425,-3.6667874,-34.537777,-1.5359083,18.092373,43.670624,7.29944,15.000033,-23.61419,3.654653,29.793802,-21.52517,10.910413,-22.614086,-43.547977,-86.95983,-27.064838,-20.063707,-102.95345,-6.025006,16.53307,13.373174,-27.603676,10.155129,-10.366001
436,-3.0137784481048584,-13.801338195800781,74.5870132446289,-0.36814623175030237,-0.7087587539193118,-63.67255478884415,-0.64780945,24.182995,13.833665,55.607082,-20.18636,-4.5110903,-34.652454,-1.2686179,19.442358,44.122967,6.902745,15.000033,-21.761713,4.064872,29.793802,-19.001265,10.262919,-26.157782,-45.2457,-85.6134,-26.838673,-19.727823,-107.86337,-9.332409,20.45496,21.23233,-32.597237,13.619276,-10.077226
437,-3.208700656890869,-13.681544303894043,74.61703491210938,-0.040091040455988734,-0.6117679553446879,-63.00176250547227,-1.9633958,22.546738,11.009945,55.71911,-18.999754,-6.2367435,-34.87486,-0.69035167,21.180136,45.12422,5.9711328,15.000033,-19.673784,4.3562026,29.793802,-17.225876,9.759523,-29.581568,-46.32981,-83.892685,-26.574564,-19.294542,-112.77763,-12.406302,25.063824,29.834558,-37.388474,16.923676,-9.593379
438,-3.4068877696990967,-13.567219734191895,74.57510375976562,0.33128157149224313,-0.5484046500335763,-62.431607150552956,-3.1834624,20.285538,7.523877,55.860023,-17.51276,-8.699533,-35.13778,0.16634981,23.285936,46.579716,4.569395,15.000033,-17.44325,4.447578,29.793802,-16.079012,9.384827,-32.850075,-46.783276,-81.858765,-26.23373,-18.765018,-117.40074,-15.228976,30.311937,38.767853,-42.29259,20.113272,-8.755693
439,-3.6027870178222656,-13.4400053024292,74.45382690429688,0.7148285885819046,-0.5299103784150226,-61.94892746070884,-4.1622787,17.864252,4.0680766,56.14723,-16.121828,-11.288061,-35.41918,1.0873342,25.309906,48.304726,3.1398644,15.000033,-15.194274,4.292383,29.793802,-15.29301,9.091262,-35.747757,-46.855503,-79.761345,-25.86455,-18.262518,-120.67725,-17.773584,36.70114,47.30432,-45.939697,22.261303,-7.6032705
440,-3.794823169708252,-13.299356460571289,74.2617416381836,1.0735643744556584,-0.554720436098947,-61.53735437871957,-4.8916206,15.804056,1.2992543,56.67474,-15.101728,-13.32854,-35.749687,1.8430808,26.802862,50.10758,2.132689,15.000033,-13.106547,3.9308107,29.793802,-14.558495,8.818465,-38.02774,-46.87122,-77.847694,-25.509993,-17.908882,-122.06916,-20.09217,44.89188,55.06709,-46.765793,22.572624,-6.4873962
441,-3.9877712726593018,-13.159905433654785,74.00225830078125,1.3792306918424149,-0.6126408445837455,-61.22575839386906,-5.5083423,14.197909,-0.765343,57.572453,-14.298314,-14.656629,-36.23413,2.4092073,27.579605,52.070717,1.8589734,15.000033,-11.287846,3.3921902,29.793802,-13.723507,8.535628,-39.446774,-47.00502,-76.074486,-25.129705,-17.777498,-122.15311,-22.391296,56.831776,63.084957,-43.308907,20.440138,-6.1406374
442,-4.170400142669678,-13.026416778564453,73.6918716430664,1.7149383103523916,-0.6969241657267529,-60.99475840949497,-6.0440683,12.757912,-2.2948906,58.72041,-13.557985,-15.000033,-36.87652,2.7955143,27.927946,54.27061,2.005153,15.000033,-9.660231,2.6053665,29.793802,-12.972828,8.216887,-40.157383,-47.063988,-74.31678,-24.712498,-17.785639,-122.59752,-24.852133,72.11472,71.52101,-36.774937,16.697926,-6.126214
443,-4.3472490310668945,-12.892837524414062,73.31946563720703,2.081464860642809,-0.7951383316598583,-60.78833541680209,-6.450575,11.58312,-3.2888744,59.876343,-13.104859,-15.000033,-37.58454,2.9798057,28.039263,56.47585,2.1243193,15.000033,-7.9649744,1.700091,29.793802,-12.530869,7.8026257,-40.653503,-46.848278,-72.72572,-24.357904,-17.822344,-124.09648,-27.420105,87.49492,78.88146,-29.359634,12.821856,-5.247719
444,-4.517133712768555,-12.7716703414917,72.88934326171875,2.423681239467107,-0.8866431969166173,-60.55972599293971,-6.700021,10.825053,-3.752266,60.831272,-13.195578,-15.000033,-38.23477,3.0303001,28.092953,58.41013,1.7792835,15.000033,-6.0643425,0.97964704,29.793802,-12.452963,7.2310424,-41.34159,-46.335415,-71.48694,-24.15952,-17.787739,-125.951485,-29.919594,99.647896,84.03634,-22.973982,10.20117,-2.8023348
445,-4.672874450683594,-12.645303726196289,72.40521240234375,2.7589152281941853,-0.9610261347937162,-60.32617594474105,-6.782206,10.615276,-3.5025496,61.52075,-13.917856,-15.000033,-38.83159,2.9557745,28.121315,60.002827,0.8629908,15.000033,-4.112221,0.4270659,29.793802,-12.596021,6.4797645,-42.053535,-45.671333,-70.74418,-24.149942,-17.666794,-126.3811,-32.32375,108.50866,87.430016,-17.236578,8.973245,2.417512
446,-4.827999114990234,-12.531614303588867,71.87869262695312,3.1279617415420207,-1.0727663501897498,-60.10632739498206,-6.6642437,10.828321,-2.6378388,62.02777,-15.115913,-15.000033,-39.378014,2.7246618,28.069542,61.413506,-0.41775602,15.000033,-2.4773436,-0.5746191,29.793802,-13.098647,5.6043,-42.19806,-44.50712,-70.24885,-24.22236,-17.455072,-125.378235,-34.690052,114.76334,90.30729,-11.814007,8.816983,9.446641
447,-4.964818000793457,-12.427400588989258,71.32141876220703,3.6328515388877642,-1.2351492181625567,-59.812684767987925,-6.3562427,11.118951,-1.2854489,62.333553,-16.640419,-14.0544615,-39.81237,2.2298465,28.085762,62.732697,-2.0626075,15.000033,-1.1986191,-2.0236387,29.793802,-14.035289,4.679252,-41.90314,-42.7991,-69.78632,-24.312435,-17.153568,-124.003174,-36.938675,117.87208,92.9036,-7.9180593,9.5412855,15.613434
448,-5.07877254486084,-12.357954978942871,70.73896789550781,4.033296083358139,-1.3874356538117538,-59.42811068813228,-6.008432,11.419558,-0.2249388,62.580196,-18.440012,-13.5776825,-40.13673,1.7043653,28.034502,63.94373,-3.9490364,15.000033,0.034471713,-2.8207078,29.793802,-15.039032,3.718546,-41.824806,-41.22241,-69.305244,-24.420551,-16.84445,-123.8481,-38.908688,118.88263,94.71201,-5.916551,10.234682,18.770006
449,-5.184825897216797,-12.321885108947754,70.134521484375,4.3033860016503205,-1.4991006145959336,-58.93193496389792,-5.632187,11.794517,0.53009564,62.764805,-20.672907,-13.831776,-40.350224,1.1618826,27.927422,65.04712,-6.24,15.000033,1.3052434,-2.251709,29.793802,-15.674351,2.6750739,-42.30579,-40.3925,-68.76533,-24.577456,-16.571041,-125.74336,-40.518414,117.82976,95.14475,-7.212728,10.689923,18.091835
450,-5.283192157745361,-12.29629898071289,69.5167236328125,4.500691553672228,-1.611432683592371,-58.35379491664899,-5.160881,12.314432,1.2473615,62.846577,-23.313501,-14.512261,-40.449024,0.55267215,27.768839,66.03541,-8.915036,15.000033,2.3914301,-0.87741804,29.793802,-16.103243,1.5564965,-42.929478,-39.99271,-68.21807,-24.767763,-16.291204,-128.48854,-41.885582,114.50968,94.44284,-11.040139,11.471099,15.097944
451,-5.362882614135742,-12.286218643188477,68.92115783691406,4.688731002634974,-1.747178210194098,-57.705341329387885,-4.678874,12.763463,1.8608819,62.855762,-25.962816,-15.000033,-40.470737,-0.1633778,27.56322,66.939476,-11.632585,15.000033,2.9774375,0.12704186,29.793802,-16.846495,0.46806675,-43.062622,-39.219837,-67.68544,-24.905567,-15.947681,-130.8416,-43.090637,108.88766,93.24931,-14.997331,12.192194,11.089135
452,-5.418476581573486,-12.27202033996582,68.363037109375,4.911378945407996,-1.8584037113401326,-56.98965345989646,-4.3669586,12.921039,2.1930523,62.855694,-28.244389,-15.000033,-40.525196,-1.0156934,27.294943,67.77519,-14.036155,15.000033,2.9779034,0.412263,29.793802,-17.957977,-0.4547179,-42.49544,-38.112835,-67.422905,-24.949656,-15.5820875,-132.1484,-44.15596,102.90554,91.51416,-15.775921,11.884292,7.716675
453,-5.44945764541626,-12.26541519165039,67.85655975341797,5.001870833772721,-1.8859102674872008,-56.17398731284218,-4.3763976,12.927547,1.9480432,62.94603,-30.195478,-15.000033,-40.645172,-1.9144622,26.764236,68.491486,-16.085705,15.000033,2.6007314,0.4738635,29.793802,-19.301775,-1.1203773,-41.565777,-37.06831,-67.75952,-24.947527,-15.231827,-132.59647,-45.101124,97.65907,88.65049,-10.86479,9.3221245,5.720135
454,-5.4458746910095215,-12.261554718017578,67.42285919189453,4.992491712280324,-1.8458463618505854,-55.264412096089586,-4.609832,12.832824,1.281801,63.07898,-31.983854,-15.000033,-40.781506,-2.8729591,26.036314,69.093025,-17.951956,15.000033,1.955088,0.53453267,29.793802,-20.711412,-1.504549,-40.48992,-36.261436,-68.53254,-24.940458,-14.8915415,-132.62033,-45.94338,92.33602,84.68382,-2.4114296,5.0032544,4.711234
455,-5.420928955078125,-12.262284278869629,67.0710220336914,4.9209980590857825,-1.784432802149322,-54.40569040887953,-4.9073534,12.727438,0.51696545,63.22343,-33.535915,-15.000033,-40.91554,-3.7722135,25.244545,69.60222,-19.510448,15.000033,1.2335058,0.64197814,29.793802,-22.027838,-1.6308588,-39.31707,-35.7472,-69.411995,-24.907907,-14.595323,-132.14204,-46.68985,86.921005,80.10101,6.263331,0.473509,4.5370235
456,-5.376707553863525,-12.239624977111816,66.79551696777344,4.827340869982843,-1.7556206404454613,-53.74135185527991,-5.102853,12.703738,-0.023190502,63.338825,-34.77063,-15.000033,-41.026173,-4.4872484,24.533003,70.04549,-20.647396,15.000033,0.6055409,0.80696267,29.793802,-23.13505,-1.5691851,-38.05761,-35.50722,-70.05788,-24.822554,-14.376139,-131.11398,-47.347816,81.43802,75.38858,11.833866,-2.7997901,4.122615
457,-5.326669216156006,-12.214345932006836,66.61534118652344,4.7045827247364125,-1.7718095736992625,-53.284532312902584,-5.1949167,12.798843,-0.28549182,63.452393,-35.64617,-15.000033,-41.14332,-5.0161033,23.863579,70.45727,-21.271582,15.000033,0.07255731,1.0144525,29.793802,-24.069834,-1.3877861,-36.610752,-35.472828,-70.34717,-24.653395,-14.290045,-129.47775,-47.9249,75.756935,70.40184,12.853278,-4.41403,2.3574953
458,-5.25748872756958,-12.187448501586914,66.5198974609375,4.535853767045033,-1.8161991385817262,-52.96546888609823,-5.243426,12.964882,-0.4275732,63.567425,-36.214413,-15.000033,-41.252888,-5.40954,23.185753,70.82004,-21.474304,15.000033,-0.4194295,1.2369549,29.793802,-24.96823,-1.1217278,-35.001408,-35.516888,-70.462425,-24.415462,-14.299766,-127.23075,-48.402473,69.78855,64.84947,11.328704,-5.0108824,-0.34254634
459,-5.181013584136963,-12.173202514648438,66.50929260253906,4.3496235150925715,-1.902563786892717,-52.80602434532674,-5.166859,13.168152,-0.43877697,63.59484,-36.52589,-15.000033,-41.283176,-5.633815,22.616581,71.06918,-21.384596,15.000033,-0.8277609,1.4540933,29.793802,-25.852407,-0.79929584,-33.3897,-35.547,-70.51203,-24.148338,-14.299993,-124.47373,-48.751514,63.736584,58.99334,9.144307,-4.986028,-3.1283438
460,-5.101529598236084,-12.184245109558105,66.5749740600586,4.17574711672608,-2.039800195112143,-52.829756465794034,-4.8878183,13.373205,-0.30620715,63.44599,-36.62732,-15.000033,-41.17157,-5.655188,22.272745,71.138695,-21.127438,15.000033,-1.1144898,1.6670551,29.793802,-26.727976,-0.44312283,-31.936323,-35.509098,-70.609505,-23.893337,-14.185976,-121.31437,-48.94652,57.864403,53.117294,8.171203,-4.9512687,-5.065053
461,-5.008123397827148,-12.183843612670898,66.69698333740234,4.01493721736564,-2.2664418212794937,-53.09473857903284,-4.310004,13.59829,0.03144223,63.081867,-36.519413,-15.000033,-40.85046,-5.4051256,22.225172,70.984146,-20.719955,15.000033,-1.2443875,1.8917072,29.793802,-27.59258,-0.08268903,-30.653791,-35.38133,-70.77799,-23.633152,-13.897724,-117.66066,-48.962383,52.191986,47.10711,8.843165,-5.0308466,-5.9023476
462,-4.911511421203613,-12.183794975280762,66.8836898803711,3.856108039415129,-2.5721059859809414,-53.574033522319056,-3.4867318,13.849933,0.55530757,62.552742,-36.17963,-15.000033,-40.36747,-4.9166346,22.40204,70.64999,-20.100145,15.000033,-1.2406508,2.1331108,29.793802,-28.494677,0.25881162,-29.468197,-35.137756,-70.953926,-23.353981,-13.502405,-113.45138,-48.768803,46.59124,40.79195,10.211836,-4.947167,-6.113987
463,-4.808740139007568,-12.184324264526367,67.1282730102539,3.71165268215396,-2.885767749128986,-54.163925122172984,-2.5762885,14.072004,1.1550109,61.908054,-35.62872,-15.000033,-39.84088,-4.314162,22.701273,70.19978,-19.265158,15.000033,-1.1598436,2.3862917,29.793802,-29.47634,0.5787191,-28.419502,-34.7694,-71.11387,-23.103088,-13.086502,-108.879135,-48.338665,41.149475,34.418972,12.055837,-4.847834,-5.85387
464,-4.698317527770996,-12.188251495361328,67.43324279785156,3.5906353248673613,-3.1309054332204393,-54.75993233081863,-1.7471447,14.21391,1.7159194,61.198082,-34.883453,-15.000033,-39.395233,-3.7193038,23.018892,69.69817,-18.214481,15.000033,-1.0474378,2.6566954,29.793802,-30.562288,0.885871,-27.555098,-34.30065,-71.248314,-22.931646,-12.737144,-104.18501,-47.643898,35.98197,28.316069,14.131699,-4.882757,-5.2722807
465,-4.575619220733643,-12.189000129699707,67.79254913330078,3.509614485893108,-3.3087281231827235,-55.37658260556152,-0.9629595,14.249109,2.2545052,60.359848,-33.927494,-15.000033,-39.00805,-3.1571171,23.36836,69.10913,-16.969639,15.000033,-0.8792487,2.9589581,29.793802,-31.728262,1.1815367,-26.924757,-33.73921,-71.31028,-22.863073,-12.401204,-99.353455,-46.63862,31.121328,22.508907,16.592474,-5.038957,-4.154625
466,-4.459248065948486,-12.187182426452637,68.19232940673828,3.457815608919668,-3.4486960690355533,-56.05483249249904,-0.16922827,14.208093,2.811885,59.393894,-32.75847,-15.000033,-38.634045,-2.56866,23.791977,68.41522,-15.523257,15.000033,-0.6436185,3.3010948,29.793802,-32.933895,1.452826,-26.50989,-33.118504,-71.311646,-22.870047,-12.06012,-94.3836,-45.26665,26.58324,16.850307,19.5028,-5.2135262,-2.5207796
467,-4.350947380065918,-12.18128776550293,68.63617706298828,3.4019805108770664,-3.5182104682647513,-56.73065224933398,0.4908394,14.132611,3.3085425,58.446266,-31.412243,-15.000033,-38.366905,-1.9447716,24.226797,67.70991,-13.829884,15.000033,-0.44354674,3.6766505,29.793802,-34.185177,1.7077528,-26.182554,-32.5019,-71.365486,-22.920311,-11.851242,-89.61117,-43.5211,22.536808,11.509383,22.515873,-5.467249,-0.8506119
468,-4.248660087585449,-12.180224418640137,69.11022186279297,3.3041876860639827,-3.480950466880355,-57.34016614850537,0.87088907,14.071197,3.6646738,57.66409,-29.922752,-15.000033,-38.305996,-1.2699076,24.611773,67.08809,-11.843763,15.000033,-0.38854,4.063304,29.793802,-35.438755,1.9562627,-25.85157,-31.98351,-71.53331,-22.987947,-11.910024,-85.29943,-41.43835,19.109821,6.662379,25.25924,-5.915376,0.4074184
469,-4.148191452026367,-12.16245174407959,69.61344146728516,3.159515236296162,-3.300301689757828,-57.86173304418529,0.89949137,14.029352,3.8508382,57.067844,-28.239101,-15.000033,-38.542496,-0.47660384,25.005688,66.63216,-9.371077,15.000033,-0.49216264,4.458123,29.793802,-36.727955,2.2221682,-25.515385,-31.560516,-71.8227,-23.060188,-12.316749,-81.45677,-39.071735,16.43553,2.4090567,27.746798,-6.7041903,1.1882857
470,-4.055037021636963,-12.131270408630371,70.1354751586914,2.97719293060815,-3.0017430056129673,-58.330996421746455,0.6600346,13.998907,3.9027882,56.58667,-26.360405,-15.000033,-39.006397,0.414174,25.420017,66.26916,-6.487393,15.000033,-0.6978119,4.8749843,29.793802,-38.03992,2.510028,-25.218555,-31.217419,-72.2107,-23.153137,-12.984101,-77.79613,-36.434853,14.397505,-1.4801787,30.083956,-7.7689443,1.7522295
471,-3.980928659439087,-12.100961685180664,70.66690826416016,2.7544510482114384,-2.6436391430298887,-58.76963156471626,0.23452169,13.997919,3.8391094,56.231205,-24.395786,-15.000033,-39.5654,1.2720909,25.711895,65.85033,-3.53284,15.000033,-1.0366305,5.2790427,29.793802,-39.298573,2.811398,-24.90153,-30.982016,-72.7065,-23.27368,-13.792088,-74.51874,-33.592167,12.835919,-4.931961,32.22295,-8.933329,2.1985698
472,-3.9174530506134033,-12.06002426147461,71.20433044433594,2.4938168474684392,-2.287629763755513,-59.19921288231712,-0.2901316,14.033555,3.6831589,56.011925,-22.453741,-15.000033,-40.087837,1.9553692,25.739058,65.23666,-0.86706555,15.000033,-1.4899967,5.655243,29.793802,-40.497166,3.1058693,-24.50986,-30.831558,-73.37059,-23.428194,-14.624307,-71.61592,-30.601421,11.4854965,-8.033905,34.007027,-10.00476,2.6001983
473,-3.8711719512939453,-12.013467788696289,71.7342758178711,2.1980947102759676,-1.9302444395779792,-59.61332531054549,-0.9876375,14.057031,3.360539,55.993202,-20.389542,-15.000033,-40.623775,2.378908,25.380774,64.45717,1.536972,15.000033,-2.037455,6.015408,29.793802,-41.75366,3.4017322,-23.982151,-30.69283,-74.39546,-23.62142,-15.503502,-69.0911,-27.539925,10.210628,-10.698975,35.191833,-10.89622,2.9366992
474,-3.8185105323791504,-11.985033988952637,72.25475311279297,1.8765037844504158,-1.5371448653322761,-60.00338249649136,-1.8765188,14.061844,2.8852658,56.139427,-18.192755,-15.000033,-41.227516,2.613131,24.747112,63.566654,3.8244596,15.000033,-2.678159,6.341578,29.793802,-42.875595,3.6467419,-23.516901,-30.709665,-75.53055,-23.860699,-16.475231,-66.81091,-24.43051,9.085931,-13.000652,35.94338,-11.721722,3.1842806
475,-3.755586624145508,-11.955538749694824,72.75057220458984,1.5386064119226914,-1.1472193273316584,-60.39046290589488,-2.7598736,14.122809,2.420684,56.312042,-16.180948,-15.000033,-41.745598,2.7577734,24.038326,62.468266,5.8029075,15.000033,-3.3673964,6.6158075,29.793802,-44.010555,3.8385665,-23.037544,-30.704247,-76.67625,-24.093542,-17.463566,-64.8022,-21.331415,8.148673,-14.9995985,36.812057,-12.563293,3.4513392
476,-3.6754257678985596,-11.936989784240723,73.21395111083984,1.1858364864002178,-0.7982395132337529,-60.7964024783789,-3.449277,14.329511,2.1278453,56.384945,-14.679042,-15.000033,-42.021984,2.9255364,23.451237,61.057262,7.2826195,15.000033,-4.0562344,6.830694,29.793802,-45.287308,4.0066695,-22.467209,-30.526087,-77.75345,-24.279003,-18.389229,-63.062466,-18.31234,7.425251,-16.777735,38.35021,-13.496677,3.859055
477,-3.6004691123962402,-11.93344783782959,73.63186645507812,0.8373207772583803,-0.4881097746208853,-61.20770606534228,-3.9190779,14.678143,2.0503411,56.322437,-13.766206,-15.000033,-41.97492,3.1382072,23.087769,59.202312,7.9939904,15.000033,-4.7875195,6.9515405,29.793802,-46.509068,4.1170077,-21.914816,-30.321934,-78.56362,-24.442572,-19.251884,-61.57138,-15.408383,6.9032993,-18.298868,41.09427,-14.600757,4.5142612
478,-3.510152816772461,-11.93425464630127,73.98947143554688,0.5048485577149107,-0.2036083196635486,-61.613848237644106,-4.259887,15.114255,2.156203,56.19253,-13.269487,-14.782429,-41.68745,3.3330982,22.864061,56.987923,8.109124,15.000033,-5.5471582,6.996055,29.793802,-47.745,4.1596317,-21.354584,-30.066856,-79.251175,-24.593992,-20.087652,-60.291393,-12.650588,6.510642,-19.532099,44.66852,-15.776677,5.3737817
479,-3.420708656311035,-11.936335563659668,74.28633880615234,0.1820486082799649,0.05185140265004276,-62.03920394463763,-4.480848,15.641895,2.4190416,56.02764,-13.136531,-14.393824,-41.276054,3.4968078,22.690208,54.638386,8.100541,15.000033,-6.3011627,6.979684,29.793802,-49.022343,4.1383634,-20.779568,-29.740625,-79.85133,-24.727777,-20.863152,-59.229595,-10.058548,6.243627,-20.57109,48.277885,-16.860443,6.297854
480,-3.3235278129577637,-11.937698364257812,74.51729583740234,-0.12532374769856983,0.27696389108424657,-62.504241161089645,-4.5907755,16.245546,2.7966611,55.852,-13.30962,-13.9668,-40.86462,3.6055436,22.462461,52.393867,8.43522,15.000033,-7.019466,6.906682,29.793802,-50.37744,4.0745373,-20.170267,-29.331928,-80.41971,-24.836191,-21.544615,-58.398434,-7.6443624,6.1074038,-21.509254,51.09125,-17.733503,7.089755
481,-3.2284762859344482,-11.960201263427734,74.68421936035156,-0.46213407218388425,0.47605211946937703,-63.01859705107959,-4.580196,17.086504,3.409402,55.698757,-13.95083,-13.416386,-40.449726,3.6179578,22.009457,50.124554,9.460686,15.000033,-7.705627,6.814153,29.793802,-51.806297,3.9824877,-19.519455,-28.848341,-80.95414,-24.906725,-22.127928,-57.802025,-5.421027,6.0982614,-22.315903,52.743153,-18.396008,7.5576234
482,-3.1335692405700684,-11.988914489746094,74.7853775024414,-0.8141237805887516,0.6488506397600936,-63.569285363204266,-4.440789,18.101719,4.2268806,55.544178,-15.039517,-12.776902,-39.967308,3.578599,21.416945,47.761875,10.873076,15.000033,-8.376659,6.6933413,29.793802,-53.27226,3.8648303,-18.829216,-28.32247,-81.43788,-24.952168,-22.629356,-57.428596,-3.3953407,6.193243,-22.940649,53.706146,-18.941238,7.798298
483,-3.0219311714172363,-12.023194313049316,74.80524444580078,-1.0926528557092032,0.7886287545125387,-64.14330364078982,-4.189857,18.958708,4.999721,55.323742,-16.23957,-12.250924,-39.46536,3.57566,20.954268,45.649063,12.136539,15.000033,-9.029725,6.482837,29.793802,-54.74808,3.7299392,-18.103498,-27.787462,-81.88797,-25.005089,-23.043888,-57.279636,-1.5616786,6.384218,-23.43574,54.395992,-19.407345,8.033362
484,-2.9082093238830566,-12.055715560913086,74.74918365478516,-1.2180007730974511,0.8884268264761599,-64.72942970375027,-3.8609264,19.348593,5.476453,54.98443,-17.204685,-12.012451,-39.008175,3.6829224,20.897083,44.147747,12.6842,15.000033,-9.666385,6.1263876,29.793802,-56.207813,3.5912952,-17.346373,-27.275726,-82.321045,-25.097849,-23.366795,-57.3572,0.0934045,6.6669803,-23.857323,55.23279,-19.816431,8.498314
485,-2.772871494293213,-12.095353126525879,74.61971282958984,-1.1412978545642116,0.9473582542843065,-65.33958039230141,-3.4520903,19.096153,5.5211997,54.43914,-17.815569,-12.121064,-38.60703,3.956918,21.456543,43.45837,12.309229,15.000033,-10.295219,5.5776515,29.793802,-57.651615,3.4625218,-16.558899,-26.818655,-82.76311,-25.266006,-23.57273,-57.668247,1.5860726,7.051165,-24.208313,56.388958,-20.156496,9.399843
486,-2.646362543106079,-12.131282806396484,74.42620849609375,-0.9188924451634116,0.9737108769464591,-65.98286693406092,-2.9587677,18.416832,5.2912126,53.743248,-18.262285,-12.4598,-38.255184,4.334746,22.421303,43.383156,11.329782,15.000033,-10.91648,4.8828616,29.793802,-59.09154,3.3536727,-15.732388,-26.405516,-83.199326,-25.486769,-23.670687,-58.212013,2.9226017,7.5260987,-24.45787,57.6134,-20.407732,10.559567
487,-2.4942517280578613,-12.177901268005371,74.16783905029297,-0.632729391411178,0.9735428719718526,-66.64098252312905,-2.412461,17.596203,4.975457,53.054314,-18.657589,-12.926397,-37.98927,4.7088094,23.438898,43.681576,9.950918,15.000033,-11.516915,4.1285195,29.793802,-60.524788,3.2710218,-14.861054,-25.99814,-83.58911,-25.705091,-23.705431,-58.977486,4.10166,8.056785,-24.615253,58.697712,-20.586878,11.640344
488,-2.345892906188965,-12.242846488952637,73.84780883789062,-0.36606040910777254,0.948739024620107,-67.28737977636374,-1.8453904,16.913078,4.760941,52.533566,-19.1139,-13.427907,-37.838516,4.966935,24.167648,44.099167,8.361786,15.000033,-12.089362,3.4003408,29.793802,-61.94419,3.2145689,-13.943737,-25.553581,-83.89157,-25.866081,-23.7225,-59.951694,5.117421,8.610538,-24.686943,59.43379,-20.731197,12.304792
489,-2.2137677669525146,-12.310267448425293,73.4665298461914,-0.1099809554387503,0.9053480185581007,-67.9227798813387,-1.2421695,16.382036,4.665432,52.178333,-19.57704,-14.020952,-37.83517,5.039814,24.498556,44.635098,6.413584,15.000033,-12.631978,2.692767,29.793802,-63.373306,3.1733086,-12.957179,-25.044456,-84.0355,-25.950165,-23.696568,-61.166943,5.9707704,9.243837,-24.70688,59.682434,-20.867273,12.326898
490,-2.094611883163452,-12.361623764038086,73.04415130615234,0.16896797457049753,0.8395563536608732,-68.5549463965025,-0.59501857,15.873871,4.5985456,51.92138,-20.018024,-14.7300825,-37.95424,4.996234,24.611797,45.39578,4.067348,15.000033,-13.146794,1.9759376,29.793802,-64.82333,3.1408074,-11.914685,-24.485357,-84.06436,-25.988873,-23.615028,-62.61436,6.6691465,9.950679,-24.660488,59.580585,-20.987125,11.9263735
491,-1.9664970636367798,-12.393869400024414,72.58274841308594,0.49351667628574203,0.737732704594557,-69.14323380550559,0.05514909,15.337636,4.640553,51.792397,-20.55698,-15.000033,-38.14986,4.8691936,24.667645,46.327213,1.6256597,15.000033,-13.655147,1.234809,29.793802,-66.26232,3.1278384,-10.870868,-23.913937,-84.10589,-26.004564,-23.541113,-64.22287,7.216398,10.607714,-24.492964,59.33404,-21.081432,11.436059
492,-1.85379958152771,-12.407353401184082,72.09070587158203,0.7927086303098815,0.5827630275543397,-69.67709406238168,0.6653198,14.875613,4.7776265,51.867096,-21.347301,-15.000033,-38.35506,4.796293,24.770634,47.326218,-0.5693352,15.000033,-14.150811,0.53107226,29.793802,-67.632,3.1507573,-9.886195,-23.366617,-84.29579,-26.024208,-23.541939,-65.90776,7.6141,11.090007,-24.147463,59.15662,-21.14335,11.193846
493,-1.7646312713623047,-12.415966987609863,71.5784683227539,0.9907641526603223,0.3371240162019935,-70.18141571311877,1.239092,14.6010895,4.961771,52.295692,-22.579826,-15.000033,-38.573772,4.908511,24.915499,48.458324,-2.471677,15.000033,-14.615411,-0.08929618,29.793802,-68.95758,3.2210796,-8.958102,-22.79351,-84.79462,-26.064415,-23.675562,-67.73132,7.855739,11.331746,-23.542063,59.08263,-21.170792,11.360092
494,-1.6913235187530518,-12.404271125793457,71.06570434570312,1.123418169609399,0.02146462770709541,-70.65952351116387,1.7914928,14.466364,5.196836,53.010628,-24.13322,-15.000033,-38.827087,5.133378,25.04968,49.736866,-4.245015,15.000033,-15.049966,-0.65649205,29.793802,-70.241936,3.3360457,-8.070261,-22.200056,-85.49468,-26.110336,-23.894695,-69.693954,7.945475,11.423679,-22.747398,59.01127,-21.169516,11.735124
495,-1.627170443534851,-12.385396957397461,70.57635498046875,1.1770908139991156,-0.2973777189988034,-71.0987742738065,2.296883,14.485273,5.5156565,53.80512,-25.724718,-15.000033,-39.046165,5.4111767,25.136415,50.91031,-5.8113184,15.000033,-15.450823,-1.1247923,29.793802,-71.37333,3.4870238,-7.2553315,-21.694242,-86.13656,-26.142492,-24.111032,-71.610954,7.900813,11.475373,-21.90552,58.953243,-21.144361,12.121648
496,-1.5646110773086548,-12.360844612121582,70.16043853759766,1.1371616600028633,-0.5540884249953834,-71.48606979731552,2.7352786,14.672006,5.9512587,54.46339,-27.07101,-15.000033,-39.160275,5.682614,25.141363,51.72092,-7.090241,15.000033,-15.819131,-1.4493469,29.793802,-72.240135,3.6621974,-6.541169,-21.383635,-86.45829,-26.144224,-24.234907,-73.30986,7.7466116,11.591413,-21.148321,58.916042,-21.097668,12.321148
497,-1.5169613361358643,-12.343320846557617,69.84368896484375,0.9622544174538684,-0.734911296276057,-71.84780527541257,3.1313946,15.114076,6.615707,54.945133,-28.153769,-15.000033,-39.128258,5.968361,25.04256,52.050797,-8.0688505,15.000033,-16.159344,-1.5880119,29.793802,-72.7991,3.8642309,-5.8987145,-21.324865,-86.400085,-26.093163,-24.276201,-74.80389,7.4868193,11.801971,-20.458052,58.923805,-21.008226,12.269759
498,-1.4621127843856812,-12.326058387756348,69.62968444824219,0.6722287987582074,-0.8757021880348114,-72.18127466774743,3.4997134,15.777055,7.464798,55.35421,-29.104845,-15.000033,-38.994675,6.289072,24.867828,52.05209,-8.786979,15.000033,-16.474852,-1.5790673,29.793802,-73.108345,4.0958023,-5.318436,-21.451715,-86.09845,-26.003796,-24.270813,-76.17093,7.1203575,12.061531,-19.775108,58.960205,-20.880857,12.077975
499,-1.4100537300109863,-12.31517219543457,69.49874877929688,0.3424307235815788,-0.985234078048419,-72.43003616999295,3.7947407,16.494581,8.291027,55.701077,-29.864998,-15.000033,-38.8188,6.5817943,24.65845,51.87514,-9.238064,15.000033,-16.76656,-1.4972757,29.793802,-73.217476,4.340686,-4.8544474,-21.673296,-85.581055,-25.914804,-24.166779,-77.34019,6.670262,12.335288,-19.155323,58.9709,-20.752792,11.809842
500,-1.3618892431259155,-12.30632209777832,69.43502044677734,0.048510399070673664,-1.0718428822722337,-72.53675907773693,3.9604304,17.10147,8.878785,55.994347,-30.373201,-15.000033,-38.65891,6.786918,24.452538,51.67249,-9.417112,15.000033,-17.041193,-1.4192162,29.793802,-73.181786,4.5776296,-4.5564127,-21.893919,-84.86812,-25.859924,-23.91171,-78.26036,6.166228,12.582839,-18.633854,58.892895,-20.656239,11.532265
501,-1.3251363039016724,-12.288741111755371,69.43505859375,-0.19206427628165015,-1.1374599560652172,-72.46464268378055,3.9897025,17.565777,9.195434,56.20153,-30.616707,-15.000033,-38.532673,6.873858,24.241018,51.498074,-9.297346,15.000033,-17.333162,-1.3726716,29.793802,-72.9878,4.794507,-4.4428406,-22.128595,-83.945885,-25.866114,-23.47025,-78.939865,5.62161,12.78266,-18.18263,58.691463,-20.595549,11.230064
502,-1.3149068355560303,-12.262240409851074,69.4952621459961,-0.4183487872616007,-1.177953668015335,-72.25144491471536,3.9036236,17.972788,9.343086,56.330437,-30.6287,-15.000033,-38.406242,6.8795767,24.00825,51.266598,-8.890722,15.000033,-17.634155,-1.3155584,29.793802,-72.61626,4.9959774,-4.477412,-22.411922,-82.79946,-25.896341,-22.876749,-79.42242,5.0302463,12.949143,-17.767015,58.39343,-20.547476,10.882192
503,-1.3178733587265015,-12.214751243591309,69.61851501464844,-0.6002926114040036,-1.186939254767466,-71.93620121995997,3.6741066,18.246834,9.305975,56.42639,-30.3975,-14.812779,-38.271255,6.795909,23.811987,50.946793,-8.267708,15.000033,-17.905575,-1.2628103,29.793802,-72.12243,5.1926794,-4.6274805,-22.6891,-81.4437,-25.886326,-22.181559,-79.72322,4.391056,13.09149,-17.414078,58.028328,-20.503403,10.54333
504,-1.3401405811309814,-12.144732475280762,69.80040740966797,-0.7889161402145526,-1.1631607417980006,-71.5840910026371,3.2847145,18.455845,9.066822,56.568245,-29.935163,-14.520023,-38.102394,6.6994205,23.65459,50.460915,-7.4645057,15.000033,-18.08271,-1.1558626,29.793802,-71.54432,5.392822,-4.86188,-22.893734,-79.90508,-25.777372,-21.442413,-79.83107,3.7101445,13.216606,-17.146484,57.631016,-20.456825,10.272634
505,-1.3767728805541992,-12.072949409484863,70.03974914550781,-1.0130232610897567,-1.1050662034860121,-71.17750966641056,2.6956592,18.624792,8.530039,56.782322,-29.191534,-14.258893,-37.885044,6.612676,23.533987,49.78101,-6.4519134,15.000033,-18.176128,-0.98595154,29.793802,-70.83737,5.5912843,-5.1942935,-22.99158,-78.39563,-25.578066,-20.810326,-79.70172,2.9997082,13.305335,-16.977934,57.345215,-20.409855,10.175611
506,-1.4196257591247559,-11.997626304626465,70.32095336914062,-1.2585961089214153,-1.0150466621154355,-70.69949694405369,1.9294034,18.741192,7.7352476,57.030926,-28.18102,-14.015646,-37.630375,6.5128384,23.435238,48.938286,-5.216524,15.000033,-18.209673,-0.7664061,29.793802,-69.99093,5.7903905,-5.630962,-23.02568,-76.838394,-25.309523,-20.217258,-79.349945,2.2612832,13.348309,-16.890295,57.104973,-20.364912,10.192254
507,-1.4737211465835571,-11.918246269226074,70.6416015625,-1.5064079310298466,-0.8958378690107647,-70.21337712301066,1.0645858,18.821737,6.863428,57.29682,-27.01118,-13.755774,-37.353893,6.3942947,23.347567,47.949177,-3.8182156,15.000033,-18.140394,-0.48135734,29.793802,-69.10023,6.017373,-6.1319175,-23.040401,-74.83178,-24.916504,-19.40157,-78.852394,1.4833103,13.3695755,-16.86968,56.633003,-20.315268,10.134483
508,-1.5299384593963623,-11.839041709899902,70.99600219726562,-1.7389547452029237,-0.7511287957402394,-69.78259518756306,0.17940676,18.89098,6.0948906,57.565117,-25.791065,-13.445832,-37.06857,6.2526827,23.261448,46.825718,-2.3183897,15.000033,-17.929031,-0.11917384,29.793802,-68.25769,6.3113294,-6.655852,-23.080662,-71.989456,-24.316357,-18.114883,-78.2823,0.6505295,13.398007,-16.90847,55.656937,-20.252384,9.81443
509,-1.5819333791732788,-11.747174263000488,71.3743667602539,-1.9557676257692778,-0.5724125087005856,-69.38785754418856,-0.79612744,18.939096,5.379773,57.88246,-24.41963,-13.057967,-36.760574,6.0708375,23.17234,45.518425,-0.66422755,15.000033,-17.602995,0.3119526,29.793802,-67.38974,6.678738,-7.2224627,-23.140247,-68.56136,-23.486902,-16.315453,-77.63933,-0.24009088,13.444977,-17.03093,53.99717,-20.153427,9.113552
510,-1.6334125995635986,-11.658541679382324,71.76590728759766,-2.1631218241992705,-0.3628363890341978,-69.00686968170156,-1.8711556,18.958187,4.656537,58.239033,-22.877914,-12.621006,-36.425106,5.84942,23.085701,44.03414,1.1543286,15.000033,-17.17604,0.8050234,29.793802,-66.4649,7.1188483,-7.837855,-23.218782,-64.70559,-22.395033,-14.192574,-76.88426,-1.184573,13.49003,-17.248606,51.84366,-20.00598,8.158889
511,-1.674137830734253,-11.547037124633789,72.15579986572266,-2.352938342486856,-0.14559664069059822,-68.69841320701269,-2.8741004,18.987608,4.0859804,58.532715,-21.400526,-12.182485,-36.085392,5.613854,23.006943,42.465633,3.0177357,15.000033,-16.592588,1.3668127,29.793802,-65.64134,7.669106,-8.441286,-23.37859,-59.89287,-20.875353,-11.875947,-76.03952,-2.1867948,13.519318,-17.527613,49.479908,-19.820932,7.130642
512,-1.6957262754440308,-11.424946784973145,72.53514099121094,-2.5188860686546892,0.05520229887669176,-68.52124253350574,-3.6341283,19.070803,3.8262632,58.664616,-20.22701,-11.783732,-35.765114,5.3970556,22.94336,40.91142,4.800044,15.000033,-15.800956,1.9976486,29.793802,-65.075745,8.386772,-8.976836,-23.683928,-53.566006,-18.709642,-9.535739,-75.11906,-3.2490263,13.518626,-17.84632,47.18962,-19.6315,6.204003
513,-1.722705602645874,-11.306196212768555,72.88504028320312,-2.6807621144026337,0.2248493997353943,-68.47446201435183,-4.1188545,19.249777,3.8871436,58.581745,-19.401018,-11.434785,-35.375923,5.2204905,22.918713,39.221306,6.6328487,15.000033,-14.790289,2.7204912,29.793802,-64.65141,9.323518,-9.319935,-24.25873,-44.94141,-15.5746765,-7.384278,-74.11295,-4.3950377,13.489578,-18.173162,44.94678,-19.445158,5.4465027
514,-1.7262611389160156,-11.19287109375,73.2049560546875,-2.8329634130435806,0.3709849672670712,-68.5297265033471,-4.407532,19.492714,4.1930394,58.349285,-18.805727,-11.110919,-34.92635,5.056489,22.92347,37.398903,8.52867,15.000033,-13.6061945,3.5253017,29.793802,-64.26798,10.479481,-9.534748,-25.12629,-34.640152,-11.50771,-5.7271366,-73.01808,-5.6176963,13.447063,-18.534655,42.642776,-19.252176,4.7557755
515,-1.7131166458129883,-11.097463607788086,73.47750091552734,-2.9345485124572193,0.5064016246482803,-68.70714441497185,-4.495571,19.736982,4.776506,58.042557,-18.440723,-10.801279,-34.59245,4.8776603,22.908432,35.772293,10.206664,15.000033,-12.279872,4.3603706,29.793802,-64.15169,11.826074,-9.861023,-26.159176,-24.040491,-6.902612,-4.7361145,-71.85925,-6.852316,13.384701,-18.997578,40.421803,-19.0703,4.047821
516,-1.6723893880844116,-10.996827125549316,73.68697357177734,-2.9494181398303727,0.6492291307022636,-69.0302984580717,-4.380154,19.922806,5.6719365,57.73529,-18.306238,-10.496988,-34.55759,4.6775546,22.832176,34.686417,11.35276,15.000033,-10.837652,5.1615834,29.793802,-64.59438,13.328881,-10.553524,-27.15371,-14.287971,-2.1602848,-4.2534738,-70.66425,-8.004113,13.283537,-19.616846,38.418068,-18.909388,3.2427213
517,-1.6057676076889038,-10.885607719421387,73.83427429199219,-2.82138685274029,0.8094108070929845,-69.55103289959695,-3.9784575,20.007166,7.02967,57.337883,-18.489706,-10.181136,-34.92524,4.3700786,22.62298,34.30269,11.755698,15.000033,-9.211698,5.8954797,29.793802,-65.71129,14.994739,-11.713956,-28.32657,-4.69239,3.1403244,-4.327011,-69.47335,-9.038008,13.165675,-20.37619,36.6293,-18.779442,2.2769344
518,-1.519758939743042,-10.762423515319824,73.91854095458984,-2.5840793611802417,0.9788060001465869,-70.24197103480465,-3.3064418,20.006355,8.7845335,56.835266,-18.959549,-9.871371,-35.586166,3.9966645,22.33192,34.433647,11.590469,15.000033,-7.43383,6.571644,29.793802,-67.41623,16.830946,-13.239868,-29.616276,5.468106,8.961851,-5.233006,-68.2807,-9.9451475,13.032784,-21.232716,34.97713,-18.665627,1.2119286
519,-1.4237339496612549,-10.635576248168945,73.9279556274414,-2.3427195336465316,1.1544160645793162,-71.0120315268524,-2.5248156,19.96741,10.645469,56.42114,-19.537697,-9.607097,-36.42004,3.743401,22.085941,34.88634,11.198655,15.000033,-5.6726136,7.1855397,29.793802,-69.729645,18.795168,-15.091357,-30.38539,14.98726,14.338043,-6.5269966,-67.054,-10.651865,12.83326,-22.200022,33.47491,-18.543346,0.15622045
520,-1.33038330078125,-10.52050495147705,73.85983276367188,-2.2100788062151038,1.3299995338641843,-71.77481752781499,-1.8029534,19.97035,12.326438,56.303707,-20.050097,-9.420092,-37.3019,3.8058362,22.00618,35.4534,10.957531,15.000033,-4.0988727,7.756439,29.793802,-72.61193,20.817396,-17.210272,-30.07411,22.25684,18.498875,-7.20725,-65.81424,-11.050728,12.532132,-23.234932,32.11675,-18.389051,-0.7750064
521,-1.244266152381897,-10.406255722045898,73.71739959716797,-2.1927065313582585,1.5109717015146211,-72.57994790869112,-1.1577694,19.986109,13.805469,56.56857,-20.405008,-9.285609,-38.235085,4.231662,22.117315,36.092724,10.892887,15.000033,-2.6988823,8.317893,29.793802,-76.03768,22.840212,-19.533636,-28.711761,25.861006,21.43179,-6.031877,-64.667786,-11.0520525,12.127082,-24.205664,30.726236,-18.142708,-1.5931813
522,-1.170759677886963,-10.278090476989746,73.49322509765625,-2.2439662089531,1.693120473637013,-73.4512400050021,-0.5096549,19.99915,15.2164345,57.09886,-20.711067,-9.193262,-39.26574,4.925503,22.348768,36.90616,10.836834,15.000033,-1.4438148,8.860359,29.793802,-79.96425,24.8452,-22.102455,-26.648594,26.758625,23.709578,-3.239536,-63.71375,-10.6295,11.711342,-25.0369,29.323513,-17.832499,-2.3293467
523,-1.1105064153671265,-10.118617057800293,73.19050598144531,-2.400956631932621,1.8533611619946133,-74.26468327607517,0.11796794,20.137054,16.513046,57.809753,-21.098038,-9.193037,-40.33205,5.8703737,22.664282,37.89402,10.903289,15.000033,-0.4806345,9.372574,29.793802,-84.26456,26.826946,-25.0025,-23.89222,26.749329,25.540531,0.06793524,-62.98029,-9.793246,11.4005575,-25.738405,28.194696,-17.57978,-2.905298
524,-1.063982367515564,-9.940924644470215,72.8082504272461,-2.69911854593493,1.9705535554830003,-74.89486092431333,0.705801,20.533379,17.650059,58.620117,-21.69713,-9.335216,-41.374958,7.0495253,23.026062,39.059692,11.196307,15.000033,0.049136877,9.84775,29.793802,-88.82749,28.784843,-28.353266,-20.43489,27.750374,27.214123,2.5758579,-62.446415,-8.581264,11.289404,-26.353764,27.627008,-17.516739,-3.253287
525,-1.037092924118042,-9.777082443237305,72.34578704833984,-3.207410804161584,2.029922835358398,-75.33000959942058,1.3044521,21.35064,18.70081,59.578773,-22.437832,-9.639757,-42.34771,8.640167,23.52237,40.38368,11.998869,15.000033,0.12100653,10.371422,29.793802,-93.71357,30.714447,-32.043358,-16.43099,30.520039,28.938814,3.7858207,-62.027077,-6.984494,11.39104,-26.941107,28.048988,-17.770481,-3.2866414
526,-1.0367015600204468,-9.612475395202637,71.80756378173828,-3.8871098319093873,2.045913676934561,-75.62029495065492,1.9137286,22.494186,19.656643,60.706356,-23.278257,-10.075988,-43.298138,10.5665245,24.078133,41.881622,13.151708,15.000033,-0.24007943,10.941715,29.793802,-98.85872,32.585995,-36.068676,-11.9571495,34.02058,30.498343,4.4373293,-61.754402,-4.99682,11.699296,-27.434145,29.187984,-18.251886,-3.0547483
527,-1.0527726411819458,-9.445795059204102,71.1953353881836,-4.605539561298114,2.0353464910641264,-75.7426556470987,2.4425082,23.710014,20.362097,61.87346,-24.391495,-10.624824,-44.299633,12.438741,24.460321,43.590294,14.128968,15.000033,-1.0113399,11.427163,29.793802,-103.890656,34.377335,-40.692924,-7.05123,37.517845,31.646242,4.973626,-61.69353,-2.7189856,12.176928,-27.751118,30.284124,-18.76112,-2.6993687
528,-1.0748759508132935,-9.270803451538086,70.5158462524414,-5.2227405301876395,2.0223968318488588,-75.68660335247552,2.7804122,24.73522,20.675024,62.9583,-25.961746,-11.273843,-45.422413,13.90468,24.528038,45.5464,14.398228,15.000033,-2.1329439,11.717713,29.793802,-108.52404,36.05887,-46.14644,-1.7116209,40.253048,32.163857,5.8841085,-61.895763,-0.31389397,12.759678,-27.835993,30.59018,-19.110094,-2.4038694
529,-1.1039024591445923,-9.079499244689941,69.78837585449219,-5.717326549662174,2.0021844619312303,-75.48583323880476,2.9333835,25.517134,20.56458,63.859028,-28.25462,-12.12667,-46.78999,14.940406,24.267618,47.912743,13.85336,15.000033,-3.5286162,11.81161,29.793802,-113.12392,37.615284,-52.476044,4.325151,42.152958,32.09958,7.5941157,-62.29583,2.1169,13.408389,-27.803215,29.691767,-19.253008,-2.3144493
530,-1.134351134300232,-8.896815299987793,69.01078796386719,-6.140038853013981,1.9639629705919692,-75.13832520780811,2.9334555,26.19233,20.131407,64.67157,-31.103348,-13.159383,-48.310226,15.70793,23.839586,50.615166,12.754139,15.000033,-5.202273,11.801117,29.793802,-117.81268,39.00459,-59.446136,10.858409,43.63925,31.581387,9.775932,-62.797318,4.551117,14.128164,-27.70488,28.090563,-19.299496,-2.3401005
531,-1.1942788362503052,-8.719842910766602,68.20404052734375,-6.465941270300392,1.9285458585062654,-74.58655665785744,2.7019222,26.76974,19.41657,65.56898,-34.047714,-14.166688,-49.749935,16.136848,23.361814,53.329945,11.196256,15.000033,-7.1674013,11.714108,29.793802,-122.1308,40.167683,-66.925354,17.392975,44.751263,30.486753,11.766527,-63.418255,6.9241204,14.880881,-27.424292,26.411955,-19.305618,-2.326352
532,-1.292746663093567,-8.565801620483398,67.3922119140625,-6.680689910461073,1.9217463751317339,-73.7733390613033,2.1598172,27.24403,18.431395,66.71668,-36.631474,-14.943723,-50.896667,16.15932,22.90218,55.7327,9.293846,15.000033,-9.391519,11.574213,29.793802,-125.74177,41.05464,-74.91131,23.638702,45.517223,28.64841,12.915452,-64.17592,9.136147,15.606811,-26.882803,25.291191,-19.339788,-2.1223543
533,-1.395100712776184,-8.424271583557129,66.60755920410156,-6.751761187750024,1.947889333252812,-72.5677597153162,1.1843399,27.487383,17.006815,68.1961,-38.832245,-15.000033,-51.645874,15.630235,22.456314,57.73573,6.829992,15.000033,-11.970263,11.337152,29.793802,-128.75081,41.63213,-84.15079,30.065641,46.49655,25.864613,12.963024,-65.07341,11.077867,16.324701,-26.12023,25.04476,-19.4467,-1.6304584
534,-1.4987645149230957,-8.303387641906738,65.86377716064453,-6.682799994379064,1.982003467562935,-71.02904160025932,-0.119248256,27.53202,15.164538,69.898254,-40.863834,-15.000033,-52.1289,14.606646,21.99404,59.536488,3.819111,15.000033,-14.8151045,10.969003,29.793802,-131.81215,41.850986,-94.664474,36.907356,47.47809,22.33114,12.3369665,-66.04028,12.722758,17.048006,-25.305267,25.311012,-19.58513,-0.9788277
535,-1.5879526138305664,-8.19404411315918,65.18054962158203,-6.572577819085974,2.0129981570328384,-69.4059313738611,-1.5460963,27.502123,13.222627,71.69626,-42.635437,-15.000033,-52.481365,13.375152,21.483023,61.16746,0.768371,15.000033,-17.583782,10.624813,29.793802,-135.03593,41.650192,-105.2245,43.57918,47.32651,18.393518,11.32084,-67.0081,14.101877,17.70751,-24.49458,25.68948,-19.694183,-0.3510529
536,-1.6317092180252075,-8.09902286529541,64.5665283203125,-6.465763248153416,2.0433916629588627,-67.91546621908316,-2.9198806,27.45603,11.475425,73.450775,-44.048737,-15.000033,-52.844685,12.168959,20.928623,62.695538,-1.8460075,15.000033,-19.835247,10.776315,29.793802,-137.71185,41.005993,-113.474785,49.62558,45.396763,14.214529,9.970228,-68.181175,15.185164,18.18544,-23.323277,25.616127,-19.688913,0.10317712
537,-1.6438798904418945,-8.028620719909668,64.02642059326172,-6.408702035680006,2.134170119517327,-66.49272502637514,-4.3629007,27.456646,9.875703,75.21015,-45.065044,-15.000033,-53.266987,10.916709,20.206198,64.0986,-3.9746325,15.000033,-21.12592,12.447823,29.793802,-138.95573,39.851913,-118.77048,55.875782,41.307632,9.208109,7.4520707,-70.161194,15.563077,18.368357,-20.884317,24.581917,-19.497053,0.28820783
538,-1.6603065729141235,-7.999087810516357,63.56768798828125,-6.349870537379522,2.293113625957541,-65.04807658272382,-5.9544325,27.426262,8.286293,77.02102,-45.74103,-15.000033,-53.687138,9.5191965,19.357183,65.35608,-5.851722,15.000033,-21.607817,15.320422,29.793802,-139.18222,38.141155,-122.03986,62.664223,35.11859,4.018843,3.7062786,-72.63925,14.994018,18.563702,-17.651766,23.032051,-19.242943,0.14770582
539,-1.6522890329360962,-7.964883804321289,63.193275451660156,-6.196118954419903,2.4445390081782716,-63.7649710125845,-7.4540505,27.20414,6.8845854,78.74559,-46.117588,-14.761694,-54.091026,8.172539,18.64109,66.53028,-7.425889,15.000033,-21.721928,17.587858,29.793802,-139.3461,36.12445,-123.61918,68.415405,27.22281,-0.107808724,-0.042627178,-74.425545,13.888485,18.868517,-15.501465,21.860565,-19.026604,-0.2117039
540,-1.6338610649108887,-7.92612361907959,62.89038848876953,-5.996803029164415,2.49171268666603,-62.88180906708707,-8.581918,26.88127,5.8507524,80.274796,-46.25746,-14.288764,-54.454006,7.19539,18.19756,67.61694,-8.595158,15.000033,-21.930462,17.534895,29.793802,-139.85146,34.26099,-123.58004,71.41055,18.724585,-2.8929315,-2.5916712,-74.40384,12.948622,18.893978,-16.147228,21.812756,-18.849121,-0.43227896
541,-1.6145011186599731,-7.906252861022949,62.65285110473633,-5.68951459935065,2.5551345524385467,-62.519022938416846,-9.436757,26.440435,5.262481,81.6242,-46.065628,-13.864539,-54.9895,6.6829925,18.143448,68.6584,-9.196156,15.000033,-23.093557,14.067052,29.793802,-140.74593,34.035492,-121.15281,70.03123,9.303673,-4.352022,-2.5848522,-72.68263,13.014714,18.625837,-19.813036,23.361355,-18.977715,-0.75615114
542,-1.5876892805099487,-7.9105048179626465,62.46752166748047,-5.447547404103301,2.30975469505649,-62.53491716971173,-9.693089,26.09022,4.994595,82.79405,-45.57881,-13.492735,-55.256844,6.5902057,18.213537,69.612755,-9.366615,15.000033,-24.229172,9.912418,29.793802,-139.25145,33.46262,-111.01512,68.976654,1.6509355,-5.095155,-0.73603404,-69.824974,14.3268585,18.396152,-24.215626,24.638226,-18.861433,-0.4445067
543,-1.552013635635376,-7.913585662841797,62.323421478271484,-5.329064409772908,1.8226514852122422,-62.76652499883748,-9.499242,25.917719,4.91383,83.789116,-44.987095,-13.204027,-55.222515,6.782284,18.287127,70.40046,-9.351822,15.000033,-24.373026,8.329349,29.793802,-136.12733,33.345474,-93.23746,67.92648,-2.346903,-5.71747,1.7547616,-70.004265,15.598732,17.744843,-24.443165,24.941202,-18.648363,-0.04206576
544,-1.5358760356903076,-7.936766147613525,62.21592330932617,-5.14100989169227,1.2255328769407348,-63.07766480811665,-8.995575,25.72859,5.0572925,84.52528,-44.409695,-12.962706,-54.973335,7.031564,18.497448,71.050835,-9.433241,15.000033,-24.323456,7.029619,29.793802,-133.4862,33.342686,-79.45948,66.50712,-6.7380323,-6.735725,2.540472,-70.593956,16.294989,17.074486,-24.244955,25.496367,-18.399654,0.3752333
545,-1.537061333656311,-7.969353199005127,62.13933181762695,-4.821350482325125,0.42784185339195285,-63.520941796609065,-8.038254,25.486694,5.52313,84.991615,-43.846302,-12.7507105,-54.439804,7.391832,18.958246,71.61541,-9.642909,15.000033,-24.258846,5.5320415,29.793802,-130.64552,33.40259,-70.910355,64.607796,-12.66686,-8.008802,0.074575305,-71.228386,16.507168,16.582993,-24.031069,26.683044,-18.238462,0.7521736
546,-1.5456185340881348,-7.97559928894043,62.09931182861328,-4.404514646036295,-0.555922703243678,-64.15010014094196,-6.652883,25.20022,6.292853,85.21223,-43.222122,-12.571051,-53.657394,7.9131517,19.640074,72.091866,-9.851733,15.000033,-24.156765,3.8189497,29.793802,-127.261375,33.451706,-64.38345,62.00272,-19.562363,-8.913021,-4.364074,-71.85666,16.467909,16.241182,-23.814339,28.343214,-18.135208,1.1249766
547,-1.550808072090149,-7.979968070983887,62.09994125366211,-3.947733907756318,-1.5307671096401814,-64.81775109679663,-5.1446657,24.858364,7.1748924,85.170395,-42.582123,-12.446267,-52.759415,8.395578,20.361992,72.39585,-10.094399,15.000033,-24.02417,2.1560261,29.793802,-123.81335,33.456963,-59.462955,59.159966,-26.686113,-9.385406,-9.015913,-72.61037,16.220322,15.955142,-23.541445,29.83686,-17.918093,1.5172805
548,-1.5417759418487549,-8.010119438171387,62.160648345947266,-3.5172121766644033,-2.2890696806535673,-65.37340047976687,-3.8337772,24.469604,7.9775386,84.85585,-41.968708,-12.396784,-51.904766,8.649828,20.93424,72.43895,-10.401077,15.000033,-23.833883,0.7969583,29.793802,-121.0054,33.445114,-56.057022,56.562923,-33.291954,-9.892119,-12.121367,-73.55084,15.740385,15.631423,-23.247086,30.52838,-17.423218,1.9337716
549,-1.5058438777923584,-8.052388191223145,62.3029899597168,-3.106677414601778,-2.7633859342309237,-65.82820334518048,-2.747653,24.033077,8.740055,84.20319,-41.414,-12.44757,-51.137405,8.625325,21.31116,72.1707,-10.860414,15.000033,-23.47708,-0.18077992,29.793802,-119.13285,33.528767,-55.005398,54.485172,-39.19316,-11.084844,-13.04329,-74.6906,14.933132,15.234854,-22.977247,30.14681,-16.533903,2.4616637
550,-1.4531593322753906,-8.111050605773926,62.517784118652344,-2.695000756651743,-3.064696702719099,-66.24411352700209,-1.7424129,23.554277,9.526467,83.24026,-40.89101,-12.579308,-50.38424,8.42407,21.573757,71.64509,-11.430697,15.000033,-22.959564,-0.92762107,29.793802,-117.55509,33.772175,-56.00342,52.63525,-44.81242,-12.887055,-12.893908,-75.948265,13.791939,14.796716,-22.7365,29.070274,-15.373295,3.088434
551,-1.397521734237671,-8.166440963745117,62.796897888183594,-2.330919649139477,-3.2497553681892026,-66.54229970913826,-0.8821125,23.067614,10.1872225,82.10041,-40.357265,-12.746003,-49.63884,8.088209,21.722837,70.92664,-11.943047,15.000033,-22.432486,-1.5105277,29.793802,-115.77793,34.13649,-57.377888,50.600895,-50.354607,-14.905613,-12.57439,-77.26785,12.415183,14.321944,-22.466358,27.640388,-14.136755,3.6659634
552,-1.3469021320343018,-8.224875450134277,63.1236572265625,-2.0668369250549787,-3.3780166829822855,-66.64316573627805,-0.2277547,22.614513,10.574709,80.92432,-39.77152,-12.903095,-48.88939,7.666728,21.76603,70.07857,-12.222719,15.000033,-22.035955,-1.9864482,29.793802,-113.47395,34.526684,-57.478523,47.990387,-56.018097,-16.584908,-12.889448,-78.62899,10.921045,13.794113,-22.090572,26.187569,-13.00064,4.036171
553,-1.3046146631240845,-8.282620429992676,63.49562454223633,-1.923408437778751,-3.4413541358873667,-66.50538339268505,0.22561237,22.216099,10.662715,79.676735,-39.203503,-13.056322,-48.12675,7.139932,21.682169,69.082504,-12.277417,15.000033,-21.823536,-2.3362062,29.793802,-110.685844,34.875256,-55.95225,44.645794,-62.042458,-17.758493,-14.077187,-80.0603,9.359623,13.1568575,-21.679665,25.062273,-11.989261,4.312713
554,-1.2536089420318604,-8.324100494384766,63.91284942626953,-1.8729363853470469,-3.4223649825484275,-66.17418694362621,0.5176917,21.85716,10.527162,78.31211,-38.650005,-13.222658,-47.3493,6.497363,21.471882,67.915085,-12.18005,15.000033,-21.73049,-2.537449,29.793802,-107.57306,35.177547,-53.64944,40.76046,-68.26455,-18.640238,-15.636112,-81.599174,7.7060614,12.441202,-21.193262,23.988983,-11.009423,4.5369697
555,-1.2179949283599854,-8.352387428283691,64.37918853759766,-1.8914077998512544,-3.363863808331906,-65.70162222088943,0.63993484,21.523256,10.177955,76.94725,-37.9732,-13.376688,-46.558987,5.8129454,21.187132,66.63394,-11.851379,15.000033,-21.715336,-2.644861,29.793802,-104.061195,35.409023,-50.75573,36.451923,-74.25833,-19.197664,-17.167988,-83.241394,5.965771,11.763992,-20.407278,22.366257,-10.042465,4.4421344
556,-1.1937528848648071,-8.353583335876465,64.88864135742188,-1.9516574376475424,-3.3076694363837604,-65.140357523445,0.5804727,21.19618,9.624405,75.70028,-37.02951,-13.494073,-45.762383,5.155781,20.884237,65.297676,-11.212397,15.000033,-21.738907,-2.712686,29.793802,-100.042206,35.53995,-47.437893,31.845753,-79.57246,-19.489153,-18.2858,-84.98404,4.1502824,11.250464,-19.097752,19.59228,-9.044535,3.7804394
557,-1.1873679161071777,-8.345840454101562,65.44464874267578,-2.067569383061487,-3.2640201534571767,-64.46592086799086,0.34340346,20.890697,8.843508,74.564026,-35.803883,-13.570906,-44.94401,4.524438,20.555588,63.902817,-10.224511,15.000033,-21.85383,-2.7661903,29.793802,-95.37778,35.513172,-43.507484,26.828152,-84.2456,-19.516481,-18.855337,-86.80689,2.2962022,10.871671,-17.359276,15.398338,-7.9778476,2.3641622
558,-1.1918613910675049,-8.318899154663086,66.04960632324219,-2.2426739764023975,-3.206995117306431,-63.66332217712816,-0.06347641,20.601858,7.839864,73.488846,-34.36378,-13.623361,-44.108334,3.890186,20.185165,62.426403,-8.934785,15.000033,-22.092875,-2.7908876,29.793802,-90.11186,35.26317,-39.00852,21.324097,-88.49027,-19.354738,-19.071436,-88.723236,0.42816538,10.611275,-15.278297,10.175089,-6.734474,0.42047745
559,-1.2137764692306519,-8.28482723236084,66.69100189208984,-2.435150824204083,-3.122105609707358,-62.80075425353447,-0.6505571,20.278631,6.664011,72.52854,-32.688557,-13.662136,-43.298367,3.2747192,19.821098,60.901817,-7.3946133,15.000033,-22.382929,-2.7929676,29.793802,-84.4452,34.744083,-34.480896,15.599374,-92.106804,-19.207785,-19.088402,-90.77113,-1.4611193,10.614953,-12.650606,4.2848086,-5.1594405,-1.6621515
560,-1.237772822380066,-8.247333526611328,67.3653564453125,-2.6039535636080786,-2.9973674957709204,-61.94577349791958,-1.4274069,19.869843,5.366407,71.7354,-30.754427,-13.701402,-42.55585,2.698062,19.509834,59.35955,-5.6534452,15.000033,-22.607464,-2.7718978,29.793802,-78.61246,33.94903,-30.480267,9.955774,-94.87445,-19.255114,-19.081167,-92.98439,-3.405224,11.018425,-9.263189,-1.9716585,-3.1739118,-3.4996474
561,-1.268226981163025,-8.198442459106445,68.06253814697266,-2.7644684510035207,-2.8280351190865503,-61.085858306505,-2.4629455,19.363161,3.8905609,71.17396,-28.36691,-13.781797,-41.89057,2.1412878,19.192574,57.78438,-3.5843558,15.000033,-22.75581,-2.7346413,29.793802,-72.60042,32.85685,-27.114326,4.448076,-96.82619,-19.5403,-19.161179,-95.34805,-5.4195795,11.810634,-5.1169195,-9.090324,-0.7284531,-5.1331706
562,-1.3128581047058105,-8.13884449005127,68.76995849609375,-2.924713532096662,-2.617643078648154,-60.19582454581776,-3.723151,18.762215,2.2339253,70.79467,-25.593092,-13.909477,-41.28771,1.5936238,18.871252,56.168705,-1.2066631,15.000033,-22.830616,-2.6981788,29.793802,-66.403534,31.430029,-24.28116,-1.0109671,-98.05097,-19.984201,-19.249058,-97.82275,-7.4954596,12.942742,-0.36319712,-17.064095,2.19545,-6.5619116
563,-1.3631302118301392,-8.06376838684082,69.47914123535156,-3.039760582714659,-2.361515917885198,-59.32209664694557,-5.074049,18.052069,0.5302192,70.48995,-22.8072,-14.036264,-40.7605,1.086337,18.684542,54.560402,1.2068062,15.000033,-22.726942,-2.6384234,29.793802,-60.269703,29.690042,-22.163376,-6.2963376,-98.34534,-20.547993,-19.205067,-100.44106,-9.633489,14.539469,5.045864,-24.900183,5.4461117,-7.42285
564,-1.4123626947402954,-7.966100215911865,70.17786407470703,-3.0677250672310508,-2.057399460845358,-58.50990314615007,-6.3894796,17.239288,-1.0823089,70.1579,-20.385633,-14.091377,-40.32206,0.6542958,18.771807,53.006866,3.3844564,15.000033,-22.348886,-2.5181077,29.793802,-54.434395,27.713217,-20.905369,-11.273753,-97.50645,-21.171783,-18.87864,-103.22798,-11.836184,16.756065,11.182426,-31.636745,8.760817,-7.4896803
565,-1.4665993452072144,-7.85693883895874,70.8553466796875,-2.9894721182613915,-1.7019863366465982,-57.75177146368526,-7.699712,16.261461,-2.6427965,69.80437,-18.292583,-14.037196,-39.97246,0.34231225,19.258554,51.48052,5.424513,15.000033,-21.66964,-2.356999,29.793802,-48.92641,25.592808,-20.718046,-15.873895,-94.98217,-21.857767,-18.007792,-106.317665,-14.092214,19.257841,17.995611,-37.691647,12.41522,-6.5539255
566,-1.5286126136779785,-7.741959571838379,71.49970245361328,-2.835148956718442,-1.3005367852712695,-57.029788050838015,-9.043934,15.148642,-4.1879683,69.47227,-16.366026,-13.912611,-39.70704,0.113940544,20.045704,49.97491,7.4198127,15.000033,-20.720129,-2.1587653,29.793802,-43.695816,23.411358,-21.527256,-20.069963,-91.00003,-22.525614,-16.683794,-109.540924,-16.383274,22.159363,25.350582,-43.545925,16.25581,-4.711114
567,-1.581101655960083,-7.620697498321533,72.10450744628906,-2.6397285152686405,-0.8698514529382941,-56.37222991655061,-10.318693,14.069014,-5.579359,69.11711,-14.797404,-13.731432,-39.51668,-0.114934005,20.92949,48.551453,9.089231,15.000033,-19.523935,-1.8785143,29.793802,-38.84928,21.253828,-22.957367,-23.790735,-86.586754,-23.012905,-15.297868,-112.48933,-18.685925,26.28274,33.19147,-48.228176,19.431421,-2.5392325
568,-1.627464771270752,-7.513918876647949,72.6563491821289,-2.438005726449265,-0.4332066519699873,-55.80611646185547,-11.426066,13.192099,-6.6844306,68.695244,-13.785803,-13.493925,-39.381645,-0.4146033,21.69643,47.26289,10.147581,15.000033,-18.166029,-1.5175356,29.793802,-34.369625,19.175001,-24.569641,-27.061842,-82.74958,-23.26258,-14.282347,-114.85771,-20.981354,32.473343,41.477028,-50.538578,21.256142,-0.9080071
569,-1.6626778841018677,-7.408535480499268,73.14727020263672,-2.2192453963293164,-0.004283872925357989,-55.334490133350926,-12.327297,12.50707,-7.502673,68.18098,-13.519126,-13.204578,-39.273808,-0.8995571,22.220776,46.083225,10.27947,15.000033,-16.736732,-1.1339651,29.793802,-30.198635,17.253576,-26.110937,-29.827984,-79.95553,-23.3419,-13.8657875,-117.263115,-23.328945,41.95316,50.97511,-50.02426,21.790754,-0.8445161
570,-1.700479507446289,-7.298666954040527,73.57080841064453,-1.987807301861352,0.40498108490049406,-54.94155982258385,-13.064735,11.957098,-8.10549,67.60276,-13.855824,-12.8529825,-39.174217,-1.4802775,22.615353,44.97448,9.720928,15.000033,-15.206669,-0.8924895,29.793802,-26.342224,15.484412,-27.822826,-32.00738,-77.506195,-23.311516,-13.78117,-119.87088,-25.686848,54.00763,61.043144,-47.39206,21.539635,-1.803178
571,-1.7288178205490112,-7.181125640869141,73.92227172851562,-1.794956112324457,0.7892605119071736,-54.62653568078924,-13.68807,11.634261,-8.469602,67.00369,-14.505699,-12.416666,-39.091045,-1.9219313,23.036268,43.97251,9.012298,15.000033,-13.44421,-0.74185985,29.793802,-23.214142,13.848451,-29.712244,-33.438934,-75.149315,-23.120844,-13.752473,-121.98512,-27.936111,66.38349,70.09832,-43.17854,20.5758,-2.4254885
572,-1.7646161317825317,-7.056736946105957,74.20083618164062,-1.664960780459818,1.174009762275834,-54.39033247893745,-14.2763815,11.604889,-8.553372,66.42008,-15.170522,-11.866547,-39.076195,-2.013888,23.676937,43.141586,8.68576,15.000033,-11.469141,-0.52902204,29.793802,-20.857294,12.332903,-31.67454,-34.346115,-72.55423,-22.71656,-13.518187,-122.97702,-30.0315,77.15453,77.18603,-37.718506,18.926529,-1.373559
573,-1.818638801574707,-6.933633804321289,74.40535736083984,-1.5956505545152049,1.5985050417429423,-54.24634911023631,-14.982287,11.96222,-8.294709,65.97837,-15.921916,-10.999752,-39.19229,-1.6456829,24.720407,42.564354,8.844501,15.000033,-9.328348,-0.22108562,29.793802,-19.165483,11.015709,-33.536716,-34.865337,-69.836235,-21.99034,-13.139268,-122.05226,-32.096775,87.612724,82.92924,-28.900755,15.866004,2.8258188
574,-1.8730372190475464,-6.808005332946777,74.53511810302734,-1.55573473262747,2.0198535170372973,-54.18463701544715,-15.682418,12.608585,-7.7265034,65.60263,-16.884039,-9.913915,-39.36802,-0.9700916,26.038256,42.207813,9.193327,15.000033,-7.335049,0.055183157,29.793802,-17.793713,9.954347,-35.007427,-35.19117,-67.09568,-21.010418,-12.736192,-120.5299,-34.350643,98.86029,88.56881,-16.778175,12.516085,9.702217
575,-1.92760169506073,-6.6923322677612305,74.59050750732422,-1.524699743224057,2.36993179165955,-54.174906279826764,-16.080917,13.340848,-6.9372416,65.0365,-17.81604,-9.014626,-39.494305,-0.17085211,27.36431,41.969276,9.670535,15.000033,-5.644013,0.20463313,29.793802,-16.70881,9.1227255,-35.99028,-35.425953,-64.07633,-19.935556,-12.138287,-119.98486,-36.865494,108.33219,93.664856,-5.611162,10.896029,16.723251
576,-1.9859707355499268,-6.576633453369141,74.57097625732422,-1.4894360402372473,2.64789494126832,-54.19260967260156,-15.979454,13.979183,-6.0093226,64.04351,-18.442951,-8.690563,-39.542732,0.57993615,28.435104,41.71919,10.249657,15.000033,-3.9624043,0.2552346,29.793802,-16.135962,8.444266,-36.79386,-35.50195,-60.553463,-18.90634,-11.173581,-120.82261,-39.38164,112.83562,97.20307,0.096621834,10.914339,20.591143
577,-2.0330088138580322,-6.4947896003723145,74.48626708984375,-1.468181712699863,2.9334826391977264,-54.251378329589386,-15.375131,14.480526,-4.9647512,62.513016,-18.365843,-9.177335,-39.566124,1.4012554,29.32753,41.334972,11.282423,15.000033,-1.9725549,1.0822743,29.793802,-15.693402,7.778441,-37.81955,-36.083305,-56.25857,-17.920681,-9.749135,-123.04357,-41.54186,111.99091,98.823845,-1.986951,12.101908,20.459305
578,-2.0609352588653564,-6.474057674407959,74.3488540649414,-1.450965234179096,3.1823340404989167,-54.35882385172792,-14.334476,14.927769,-3.746969,60.577667,-17.815567,-10.205669,-39.54779,2.3199937,30.139353,40.92013,12.655001,15.000033,-0.18533099,2.343909,29.793802,-15.292686,7.121897,-38.544304,-37.007137,-51.350685,-16.783888,-8.02256,-125.83443,-43.342876,106.999985,98.38896,-9.344739,15.028787,18.385384
579,-2.0479276180267334,-6.47269868850708,74.14674377441406,-1.4103207296783267,3.3679578108298807,-54.49037240660834,-12.978308,15.363719,-2.3338077,58.41319,-17.45312,-11.404346,-39.5336,3.0561376,30.6291,40.633476,13.718499,15.000033,1.1731206,3.292843,29.793802,-15.31503,6.5863085,-38.704323,-37.779766,-46.5579,-15.496705,-6.2602487,-128.37903,-44.83607,99.8703,98.21284,-17.03619,17.225304,15.65685
580,-2.017991065979004,-6.483341217041016,73.88260650634766,-1.3189982970065113,3.485615395789104,-54.62584747598685,-11.445252,15.842709,-0.6791849,56.194992,-17.9339,-12.411149,-39.594463,3.3524058,30.563019,40.64145,13.830959,15.000033,1.8507447,3.8411577,29.793802,-15.629511,6.295714,-38.15504,-38.69255,-42.764317,-14.212561,-4.737688,-130.36389,-46.17178,93.4359,96.47685,-20.09308,18.432226,13.557053
581,-1.9595593214035034,-6.478776931762695,73.58296203613281,-1.1576772945280032,3.5531146743152817,-54.775517427134126,-9.589093,16.457415,1.5085744,53.754368,-19.730474,-13.186151,-39.81844,2.981412,29.58148,41.081703,12.498934,15.000033,2.1024756,4.015565,29.793802,-16.335667,6.3131814,-37.194614,-39.80552,-40.7237,-13.20805,-3.5044875,-131.57263,-47.43184,87.887474,92.9916,-15.814737,16.891375,11.881114
582,-1.8609358072280884,-6.498353004455566,73.26498413085938,-0.9572213705073039,3.5769594901030746,-54.929737764317046,-7.3859134,17.113981,4.123703,51.05549,-22.377584,-13.931991,-40.13678,2.0921037,27.86637,41.82464,10.14975,15.000033,2.144682,4.0443187,29.793802,-17.37836,6.6131897,-36.023815,-41.14823,-39.799053,-12.429502,-2.3474271,-132.16777,-48.61105,81.38928,88.1395,-7.8447337,13.166319,10.392577
583,-1.7359532117843628,-6.5358757972717285,72.93386840820312,-0.7771834534632254,3.552849329866459,-55.04930537363781,-5.199465,17.653467,6.6050634,48.483105,-25.135859,-14.648893,-40.40519,1.0337303,26.01411,42.622902,7.555269,15.000033,2.0508864,3.970276,29.793802,-18.816742,7.1827188,-34.62122,-42.52719,-38.746265,-11.536702,-1.1156242,-131.85413,-49.682293,74.82229,82.41567,0.94108135,8.860818,9.551718
584,-1.613223910331726,-6.573453426361084,72.62403106689453,-0.6374353463137383,3.5004912940976154,-55.115346719024004,-3.4561007,17.905508,8.388766,46.43413,-27.27705,-15.000033,-40.547268,0.2135358,24.705732,43.24371,5.5435276,15.000033,1.9184554,3.8586707,29.793802,-20.7036,7.972625,-33.019127,-43.77654,-36.324005,-10.143688,0.28141776,-130.75114,-50.6202,68.841866,76.561676,7.237906,5.598218,8.919813
585,-1.526462435722351,-6.600424766540527,72.34834289550781,-0.5117174156798797,3.4119549514335397,-55.065237826297434,-2.3713436,17.78579,9.079685,45.103,-28.684652,-15.000033,-40.519142,-0.3167552,24.147984,43.603855,4.1968665,15.000033,1.6419561,3.6763341,29.793802,-23.170465,8.954237,-31.096842,-44.839066,-31.965628,-8.110189,1.8708553,-129.07304,-51.41528,63.99977,70.57683,10.206584,3.799252,7.807977
586,-1.4611014127731323,-6.609346866607666,72.11717987060547,-0.46024456732130914,3.259563936844267,-54.963369008545804,-1.6847752,17.569866,9.044885,44.30398,-29.768196,-15.000033,-40.34843,-0.6477081,23.952347,43.80954,3.1616719,15.000033,1.2304504,3.5022855,29.793802,-26.178032,10.099982,-28.917889,-45.74378,-26.447748,-5.5534134,3.4230196,-126.88597,-52.05214,59.84151,64.1545,11.674323,2.7053144,6.3606477
587,-1.4034539461135864,-6.5964860916137695,71.93997192382812,-0.46512711902773235,3.0682153446840545,-54.943381757084985,-1.1369337,17.382523,8.834966,43.773113,-30.53947,-15.000033,-40.171947,-0.71034217,24.046629,44.007614,2.5758893,15.000033,0.82448983,3.3602965,29.793802,-29.501984,11.356925,-26.723015,-46.45192,-20.470652,-2.4745343,4.6027427,-124.20884,-52.514595,55.714886,57.545193,12.620544,2.0356936,4.8898907
588,-1.3299338817596436,-6.571850299835205,71.85090637207031,-0.5055478082435357,2.866753390335136,-55.13402536098268,-0.4782987,17.329191,8.991366,43.240273,-31.002117,-15.000033,-40.125626,-0.44445902,24.348381,44.343773,2.5731344,15.000033,0.5922462,3.269083,29.793802,-33.026764,12.671134,-24.688486,-46.851517,-14.725823,1.0642352,5.153044,-121.030014,-52.783203,51.0286,50.947403,13.98101,1.4804335,3.7847168
589,-1.2519524097442627,-6.563772201538086,71.85716247558594,-0.567920509862899,2.730112879574401,-55.56795865942741,0.23794559,17.43993,9.671378,42.694836,-31.098337,-15.000033,-40.32118,0.22515467,24.967789,44.865166,3.3197467,15.000033,0.60859436,3.1677864,29.574537,-36.806118,13.962737,-22.841751,-46.8547,-8.940947,5.26843,4.8835354,-117.07436,-52.830666,45.514828,44.125416,15.840789,1.0937473,3.0436125
590,-1.1942613124847412,-6.619653701782227,71.94544982910156,-0.6683412710622272,2.5782423073115543,-56.17453032871108,0.97531724,17.659985,10.592638,42.259026,-30.85547,-15.000033,-40.60416,1.2487285,25.883732,45.497322,4.6856365,15.000033,0.7847896,3.0684197,29.332815,-41.10234,15.233739,-21.095516,-46.40053,-2.706274,9.999589,3.7499013,-112.43888,-52.631805,39.526978,36.880375,17.759882,1.0154651,2.4688811
591,-1.1332749128341675,-6.715958595275879,72.09039306640625,-0.8278366928327339,2.3610694568222765,-56.92499295654475,1.8063458,17.958538,11.617313,41.89198,-30.392475,-15.000033,-40.87127,2.4775438,26.821281,46.149193,6.4134483,15.000033,1.0654124,2.99896,29.20014,-45.782024,16.483164,-19.76572,-45.352455,3.721077,14.617154,2.0043688,-107.1838,-52.109577,33.286488,29.437592,19.876022,1.0087683,2.1542363
592,-1.0574764013290405,-6.827797889709473,72.27049255371094,-1.0641066529059213,2.06548662651823,-57.789861606220214,2.75023,18.30339,12.603096,41.557682,-29.82001,-15.000033,-41.07532,3.7584958,27.518066,46.725277,8.252998,15.000033,1.4105262,2.9991376,29.182121,-50.696186,17.678461,-19.120865,-43.547283,9.848203,18.571636,0.10986625,-101.39137,-51.143055,27.05677,22.130222,22.335806,0.8221292,2.2000198
593,-0.9696561694145203,-6.938012599945068,72.4737548828125,-1.3957610390914876,1.64492649074044,-58.82947899331229,3.9324381,18.687454,13.5895405,41.153214,-29.123724,-15.000033,-41.242603,5.173854,27.963758,47.290417,10.424598,15.000033,1.8578578,3.1497366,29.357494,-55.73567,18.732851,-19.12536,-41.175354,15.433901,21.85022,-1.8249782,-95.268265,-49.52874,20.914719,15.043883,25.546154,0.37793604,2.8153799
594,-0.8627752065658569,-7.046744346618652,72.690673828125,-1.8091243749543686,1.112323185099562,-60.03111305144194,5.308577,19.124985,14.628504,40.72636,-28.255688,-15.000033,-41.39241,6.7622786,28.261593,47.84233,12.971209,15.000033,2.346776,3.494546,29.718319,-60.88043,19.581566,-19.532686,-38.41026,20.78783,24.721798,-3.9338062,-89.33183,-47.08969,15.213017,8.216928,29.322123,-0.18572198,3.8478065
595,-0.7563425302505493,-7.1777238845825195,72.91450500488281,-2.27013286325708,0.65182851613923,-61.26094966669573,6.4999466,19.622044,15.586274,40.501373,-27.278152,-15.000033,-41.597183,8.288871,28.34632,48.17543,15.409593,15.000033,2.691511,3.9879696,29.793802,-65.82554,20.223326,-20.335932,-35.109398,26.035412,27.172886,-5.910107,-83.83088,-43.79097,10.565372,1.9790094,32.868126,-0.8574066,4.8928065
596,-0.6543094515800476,-7.337222099304199,73.14678192138672,-2.7330244175411447,0.2666771449620606,-62.39303386570403,7.38132,20.166292,16.355356,40.619244,-26.23461,-15.000033,-41.73255,9.535416,28.196331,48.15987,17.196802,15.000033,2.6883433,4.5095544,29.793802,-70.68435,20.789045,-21.5087,-31.187159,31.342323,29.23066,-7.5060034,-79.06894,-39.830833,7.260395,-3.539754,35.35076,-1.5932461,5.6098065
597,-0.5468963384628296,-7.522115230560303,73.37721252441406,-3.1997170645683184,-0.04588870177644899,-63.45851628252826,7.9674177,20.756536,16.941637,41.08206,-25.068403,-15.000033,-41.746006,10.4701,27.783396,47.733353,18.063828,15.000033,2.3715034,5.0084662,29.793802,-75.40329,21.335615,-23.130964,-26.750242,36.798363,31.052528,-8.465225,-74.53821,-35.357765,5.2094746,-8.666051,36.47238,-2.404638,5.903599
598,-0.4447776675224304,-7.721973419189453,73.61759185791016,-3.679078662218894,-0.3066687737860027,-64.5071833620506,8.344281,21.381376,17.396132,41.799385,-23.766739,-15.000033,-41.68763,11.205702,27.16664,46.99131,18.337446,15.000033,1.8361475,5.5201697,29.793802,-79.91111,21.85789,-25.190388,-21.95093,42.188915,32.705753,-8.874724,-69.90621,-30.435862,4.2500715,-13.672779,36.677753,-3.3105104,5.9961452
599,-0.3464193642139435,-7.929869651794434,73.85404968261719,-4.139491264622977,-0.4958294312421631,-65.44357567283124,8.436057,22.021555,17.66398,42.784977,-22.437885,-15.000033,-41.620136,11.745844,26.460686,46.053677,18.376608,15.000033,1.0590866,5.950638,29.793802,-84.38825,22.419672,-27.781012,-16.642025,47.096806,34.095043,-8.878637,-65.19764,-25.259,4.1982956,-18.56027,36.34842,-4.2580194,6.065204
600,-0.26517239212989807,-8.140989303588867,74.08491516113281,-4.554467593723717,-0.5880080011460304,-66.17332343164696,8.158433,22.664757,17.680683,44.053993,-21.18906,-15.000033,-41.606228,12.092719,25.770386,45.03836,18.534485,15.000033,0.03801428,6.221524,29.793802,-88.98545,23.089916,-31.033983,-10.734776,51.03143,35.10436,-8.555986,-60.528408,-20.083132,4.806498,-23.220808,35.945564,-5.182341,6.3059974
601,-0.20015913248062134,-8.36072063446045,74.30296325683594,-4.919878457891984,-0.5318683246812248,-66.6678498340153,7.3612633,23.330479,17.373606,45.717354,-19.941889,-15.000033,-41.68157,12.177267,25.044918,43.87858,18.843992,15.000033,-1.1989148,6.3870044,29.793802,-93.80798,23.841877,-34.875458,-4.2666636,53.821613,35.8599,-7.6195974,-55.73497,-15.094673,6.1806207,-27.596199,35.703224,-6.1075425,6.8513412
602,-0.12381450831890106,-8.57136344909668,74.50094604492188,-5.140957563804662,-0.3293113899542126,-66.9428764673999,6.0889163,23.826185,16.802107,47.663254,-18.631409,-14.491389,-41.831455,11.9169,24.316744,42.62387,19.080395,15.000033,-2.6345255,6.4298625,29.793802,-98.66808,24.60526,-39.282467,2.5181386,55.664265,36.429478,-6.0469685,-50.823578,-10.405938,8.450329,-31.581732,35.444183,-7.022507,7.598124
603,-0.0433320626616478,-8.781184196472168,74.66681671142578,-5.280406763527905,-0.0876541851813008,-67.04517084333852,4.628498,24.205276,16.087402,49.693295,-17.460371,-13.617988,-41.965214,11.505465,23.666193,41.415623,19.32263,15.000033,-4.2152658,6.412904,29.793802,-103.25934,25.36143,-44.42971,9.400243,56.610535,36.557865,-4.279416,-46.3044,-6.1216106,11.188257,-34.838913,35.077847,-7.8168755,8.367955
604,0.033521994948387146,-8.989325523376465,74.78951263427734,-5.396953830620934,0.09150949043572482,-67.02361999481016,3.2592905,24.51941,15.301578,51.618626,-16.639044,-12.738721,-42.012405,11.134216,23.186493,40.403587,19.653473,15.000033,-5.8906894,6.3982816,29.793802,-107.36901,26.125946,-50.46921,16.216635,56.73196,35.97597,-2.7630615,-42.584057,-2.288571,13.820101,-37.18791,34.52192,-8.406843,8.929811
605,0.11118614673614502,-9.197016716003418,74.85652160644531,-5.4751663558730685,0.19269634821652792,-66.83503942506911,2.0049148,24.792406,14.488941,53.46556,-16.243515,-11.743723,-41.941452,10.792195,22.941221,39.55683,20.115139,15.000033,-7.6899714,6.3883634,29.793802,-111.53247,26.926676,-57.371155,23.370283,55.946697,34.524643,-1.6076672,-39.591557,1.0879828,15.997873,-38.64003,33.568336,-8.772921,9.041271
606,0.18571655452251434,-9.401657104492188,74.8633804321289,-5.506408400137451,0.25637776360243664,-66.47855374113645,0.7457737,25.016247,13.59202,55.322037,-16.170883,-10.615852,-41.79253,10.412737,22.864025,38.82327,20.658566,15.000033,-9.635914,6.412627,29.793802,-115.86484,27.736773,-64.92847,30.71245,54.389427,32.39556,-0.68897027,-37.126236,4.031355,17.839361,-39.31122,32.34427,-8.989302,8.810147
607,0.2634173333644867,-9.606795310974121,74.8024673461914,-5.523561498578743,0.28712921164660543,-66.05732877952202,-0.4839865,25.122295,12.537217,57.084106,-16.35189,-9.597296,-41.63598,10.064861,22.886879,38.34101,21.221722,15.000033,-11.655766,6.4979153,29.793802,-119.82896,28.510983,-73.20446,37.510204,52.417408,29.85095,-0.055050306,-35.222824,6.582487,19.450525,-39.42134,31.240847,-9.126835,8.524779
608,0.3523481488227844,-9.79742431640625,74.67253112792969,-5.562206269909789,0.29747671823210864,-65.6744055416116,-1.6598985,25.038498,11.254242,58.660183,-16.710794,-8.942298,-41.54717,9.819065,22.94034,38.242832,21.745966,15.000033,-13.645452,6.6503096,29.793802,-123.073586,29.21211,-82.52728,43.24825,50.308956,27.125969,0.34945345,-33.931915,8.788819,20.932793,-39.193153,30.653805,-9.252186,8.48945
609,0.46097031235694885,-9.983575820922852,74.47026062011719,-5.640939039879458,0.29713700639735147,-65.30891764582896,-2.8479183,24.65599,9.5597,60.02957,-17.347557,-8.825425,-41.591213,9.702315,23.02758,38.631447,22.522675,15.000033,-15.5921545,6.857778,29.793802,-125.844315,29.839241,-94.973724,48.10766,48.377625,23.864952,0.382359,-33.30621,10.623637,22.201756,-38.64355,30.975866,-9.361558,8.816189
610,0.5710439682006836,-10.175271034240723,74.19328308105469,-5.742035743932286,0.27662390402502446,-64.92140632671791,-4.016826,24.030346,7.563921,61.26219,-18.273397,-9.083826,-41.707127,9.673096,23.182192,39.40553,23.482445,15.000033,-17.538834,7.1708717,29.793802,-129.1019,30.299849,-110.01103,52.64852,46.526707,20.142939,0.07874657,-33.286106,12.109585,23.185223,-37.7056,31.83167,-9.4066105,9.34035
611,0.6939814686775208,-10.368280410766602,73.85369110107422,-5.926206811192327,0.11361257175101355,-64.57703901624602,-4.884698,23.44755,5.599055,62.395184,-19.298738,-9.49113,-41.640656,9.751736,23.305676,40.334522,24.046232,15.000033,-18.796574,9.383589,29.793802,-131.66193,30.350788,-119.50198,57.405434,46.69312,16.379398,-0.45183417,-35.017666,12.970563,23.013504,-34.95315,31.815836,-9.183598,10.059124
612,0.8257534503936768,-10.593040466308594,73.44791412353516,-6.126588809891216,-0.09005642672905444,-64.35736828748696,-5.4510803,23.055061,4.0115676,63.449146,-20.179789,-9.7862835,-41.412193,9.873214,23.400385,41.245743,23.634779,15.000033,-19.405975,12.327067,29.793802,-133.42851,29.889418,-122.77733,62.345245,46.151867,13.796393,-0.4550559,-37.27954,13.086788,22.291044,-32.10454,30.945358,-8.957575,10.673628
613,0.966471254825592,-10.828969955444336,72.99214935302734,-6.280482822125372,-0.19091280196637367,-64.27082532909752,-5.9019923,22.846054,2.8576927,64.41629,-20.732891,-9.834663,-41.127914,9.997764,23.541744,42.167576,21.92973,15.000033,-19.98675,14.274835,29.793802,-134.61528,29.140406,-123.970375,67.23799,41.52146,12.744533,0.52437276,-38.68103,12.957255,22.059908,-30.887196,29.271334,-8.837095,11.264621
614,1.1362652778625488,-11.112645149230957,72.48270416259766,-6.401806054729261,-0.22044041494818714,-64.2826415176594,-6.2611012,22.729305,1.9619688,65.28536,-21.112919,-9.785731,-40.825214,10.140155,23.723442,43.1905,19.293383,15.000033,-20.68686,15.3616295,29.793802,-135.07861,28.366749,-124.390854,72.07723,33.833275,12.237005,2.159435,-39.75495,12.883094,22.143982,-30.562958,27.102442,-8.755945,11.942423
615,1.302846908569336,-11.398635864257812,71.93869018554688,-6.436598629340892,-0.21510314294141672,-64.42459552563845,-6.430883,22.615742,1.3569266,66.05744,-21.54976,-9.78138,-40.59193,10.256545,23.904062,44.3048,16.151659,15.000033,-21.56852,15.210835,29.793802,-135.21425,27.82314,-124.04064,75.965996,24.818148,11.379791,3.5716786,-40.392834,13.140498,22.5829,-31.10282,25.450565,-8.839918,12.467544
616,1.4557485580444336,-11.692728042602539,71.35444641113281,-6.408135110773809,-0.1246718793903443,-64.75054136629326,-6.4446807,22.516138,1.0371134,66.78543,-22.289955,-9.982237,-40.58106,10.349923,23.974884,45.385967,13.000535,15.000033,-22.238403,13.6147995,29.793802,-135.95518,27.813751,-122.73962,77.44225,16.490673,9.934849,3.7781715,-40.631927,13.289383,22.784159,-32.78542,25.911934,-9.258129,12.562355
617,1.5987048149108887,-11.988702774047852,70.7314682006836,-6.0135563315328815,-0.1983474378294996,-65.2250121189922,-5.8322306,22.068077,1.1698738,67.319885,-23.43832,-10.43185,-40.63258,10.20285,24.081518,46.805264,9.426915,15.000033,-24.22852,9.882743,29.793802,-135.63394,28.304121,-117.90515,77.912094,8.8293085,7.942218,2.3183272,-39.3953,15.166043,25.39378,-35.39594,27.388205,-10.068807,11.964136
618,1.735533356666565,-12.269771575927734,70.0891342163086,-5.6712743100268925,-0.36708511145280914,-65.87527159705598,-4.827494,21.776058,1.5606283,67.799675,-24.918844,-11.122791,-40.655334,10.075395,23.939423,48.163094,5.541032,15.000033,-25.705488,6.982603,29.793802,-134.51225,29.232433,-103.78109,76.895,5.0304966,6.1182227,0.66233796,-40.278328,17.343613,26.831581,-35.908592,29.674448,-10.989324,11.232076
619,1.8647664785385132,-12.538142204284668,69.44313049316406,-5.361274199069184,-0.6424546818232748,-66.62922715192805,-3.5648742,21.60465,2.1888368,68.22262,-26.520903,-11.835912,-40.64523,10.045906,23.762753,49.518543,1.7484457,15.000033,-26.527037,5.5476274,29.793802,-133.00166,30.09947,-85.018555,74.997246,3.4100575,4.2935457,-0.8184261,-42.84838,19.225077,26.994452,-34.635395,31.632097,-11.761042,10.513821
620,1.9816972017288208,-12.787357330322266,68.8055648803711,-5.06682101267985,-0.9239860700994675,-67.44055658214437,-2.3173292,21.522184,3.0231116,68.60362,-28.01701,-12.363491,-40.70417,10.19769,23.77339,50.86625,-1.494606,15.000033,-27.00274,4.4670296,29.793802,-131.75288,30.765448,-70.243195,73.03407,0.51800823,2.367769,-2.4460979,-45.848373,20.612234,26.358622,-33.192516,32.932518,-12.314537,9.929435
621,2.0778958797454834,-13.017487525939941,68.19131469726562,-4.770941252821651,-1.2475421330794454,-68.36360736069723,-1.007122,21.532564,4.153421,68.92319,-29.432528,-12.674034,-40.81612,10.60701,24.069233,52.23357,-4.1334057,15.000033,-27.12439,3.5476522,29.793802,-130.26646,31.271172,-59.843895,71.61648,-4.1662903,0.32370475,-5.1730375,-49.052006,21.500198,25.093206,-31.803713,33.118244,-12.585617,9.538077
622,2.1477465629577637,-13.221301078796387,67.61914825439453,-4.444552271031528,-1.6105443658180003,-69.40551068013727,0.43454367,21.586628,5.573283,69.16996,-30.843292,-12.869095,-40.974957,11.197692,24.555151,53.634457,-6.4043083,15.000033,-27.026102,2.6576827,29.793802,-128.41924,31.558731,-51.126053,70.31562,-9.948415,-1.6026777,-8.85949,-52.326534,21.999413,23.545086,-30.53353,32.70849,-12.719224,9.198442
623,2.201143503189087,-13.403118133544922,67.10883331298828,-4.144210313287495,-1.9620467090147622,-70.43872177194793,1.8475761,21.679321,7.070889,69.3732,-32.120228,-12.966243,-41.159447,11.881166,25.098663,54.994896,-8.266832,15.000033,-26.775284,1.9526817,29.793802,-126.42863,31.593092,-44.116634,68.919174,-16.555534,-3.2722404,-12.21256,-55.504425,22.15796,21.86757,-29.383858,32.14318,-12.772113,8.866323
624,2.255528211593628,-13.566628456115723,66.68731689453125,-3.928943573530683,-2.2531616354640804,-71.33385700154,3.064202,21.826742,8.433387,69.56865,-33.13849,-12.980813,-41.355324,12.568282,25.56611,56.23573,-9.67653,15.000033,-26.38598,1.5483391,29.793802,-124.71224,31.420036,-39.26086,67.21341,-23.70294,-4.9008803,-13.959628,-58.363144,22.027786,20.197596,-28.430305,31.84988,-12.800184,8.494018
625,2.31168794631958,-13.743741989135742,66.36577606201172,-3.8422292030953495,-2.4564130770468524,-72.13035979248608,4.0751486,22.113401,9.7428665,69.75897,-33.876915,-12.880015,-41.620167,13.34597,25.962725,57.361908,-10.46774,15.000033,-25.666445,1.5363193,29.793802,-123.37255,31.206013,-37.71434,65.17313,-31.938423,-7.109121,-13.347826,-60.884666,21.582375,18.402515,-27.689243,31.736837,-12.724244,8.061953
626,2.3691294193267822,-13.90838623046875,66.12654113769531,-3.8491943801520283,-2.611170365489801,-72.86996232773821,4.974078,22.515375,11.068306,69.929016,-34.403168,-12.6694355,-41.931633,14.22766,26.345663,58.402615,-10.718756,15.000033,-24.66223,1.7850645,29.793802,-121.91681,31.040998,-38.842854,62.829082,-41.21911,-10.107937,-11.435871,-63.140553,20.850739,16.491661,-27.119234,31.634743,-12.53932,7.6030555
627,2.4306111335754395,-14.064462661743164,65.95934295654297,-3.8881073200084195,-2.766068976046692,-73.42977508005038,5.7349343,22.90038,12.178768,70.08332,-34.72319,-12.417248,-42.16734,15.010554,26.65979,59.31492,-10.736349,15.000033,-23.692842,2.1009727,29.793802,-120.04903,30.879759,-40.56438,60.01359,-50.3459,-13.46412,-9.586723,-65.132515,19.975187,14.704864,-26.654495,31.849781,-12.408624,7.1496224
628,2.478943109512329,-14.21616268157959,65.84956359863281,-3.9036021620900283,-2.966816069644045,-73.68845914811881,6.3190417,23.144035,12.838277,70.22271,-34.838585,-12.190143,-42.20621,15.488035,26.854263,60.04878,-10.824235,15.000033,-23.027079,2.2794235,29.793802,-117.71784,30.619272,-40.82854,56.6506,-58.172718,-16.316038,-8.875113,-66.89502,19.115278,13.193687,-26.234211,32.676903,-12.490558,6.745675
629,2.5086309909820557,-14.354249954223633,65.79826354980469,-3.8979240143799077,-3.252923343674678,-73.5788619345449,6.7139025,23.227793,12.931188,70.354614,-34.728096,-12.0101,-41.98328,15.608474,26.921013,60.597485,-11.035417,15.000033,-22.741575,2.2594914,29.793802,-114.92689,30.190168,-39.06392,52.560326,-64.423965,-18.309172,-9.40421,-68.487816,18.350214,11.910929,-25.799248,34.633675,-12.89899,6.4831862
630,2.5217671394348145,-14.473323822021484,65.80496215820312,-3.9012375106231487,-3.596514087600974,-73.1774823812438,6.9372206,23.228529,12.598221,70.47542,-34.397552,-11.837367,-41.570194,15.481561,26.883661,60.981037,-11.214175,15.000033,-22.678673,2.1483479,29.793802,-111.7604,29.600748,-36.396896,47.8149,-69.758484,-19.800089,-10.44693,-69.94403,17.649284,10.74064,-25.335663,37.402077,-13.519502,6.3541317
631,2.5177876949310303,-14.587174415588379,65.87588500976562,-3.8993449247748484,-3.9377997385241823,-72.57917190524111,6.9861274,23.16183,11.985483,70.5754,-33.892204,-11.647361,-41.05544,15.148694,26.744682,61.195126,-11.356521,15.000033,-22.739817,1.9747645,29.793802,-108.40615,28.854294,-33.356133,42.747395,-74.47625,-20.836597,-11.608776,-71.24409,16.993958,9.710186,-24.893566,40.021614,-14.168266,6.2350583
632,2.5196242332458496,-14.685493469238281,66.00555419921875,-3.875476410302584,-4.214617783777416,-71.87851014110747,6.858183,23.038084,11.241003,70.64399,-33.255768,-11.41608,-40.528496,14.65115,26.508017,61.234814,-11.456348,15.000033,-22.829288,1.7727613,29.793802,-105.02864,27.968742,-30.443428,37.694363,-78.814804,-21.49785,-12.523234,-72.37004,16.355816,8.849949,-24.518135,41.51995,-14.667373,5.961064
633,2.501192569732666,-14.773537635803223,66.19005584716797,-3.8202635882067075,-4.420490645389768,-71.0154483169674,6.5135827,22.829475,10.291516,70.67947,-32.49407,-11.1294565,-39.97911,13.911271,26.118357,61.085663,-11.562941,15.000033,-23.018423,1.5202905,29.793802,-101.54685,26.941053,-27.622437,32.51103,-82.79932,-21.657362,-12.987953,-73.31681,15.734654,8.142235,-24.219866,41.350914,-14.948575,5.4232726
634,2.465627431869507,-14.845914840698242,66.42222595214844,-3.7455893387809387,-4.583917427236531,-69.96568970652646,5.9708166,22.529669,9.100785,70.687325,-31.582485,-10.805241,-39.366894,12.935572,25.588385,60.75685,-11.665627,15.000033,-23.339113,1.2104646,29.793802,-97.86356,25.751911,-24.71555,27.02153,-86.288055,-21.385405,-13.140541,-74.10599,15.143816,7.5743837,-23.967857,40.12727,-15.097011,4.708122
635,2.4121835231781006,-14.911683082580566,66.70452117919922,-3.654560258362969,-4.696156364628029,-68.87866642770976,5.3111506,22.183384,7.8714194,70.67094,-30.521347,-10.467405,-38.74362,11.884325,25.028267,60.281628,-11.670669,15.000033,-23.636436,0.8998405,29.793802,-94.1317,24.412334,-21.991594,21.56392,-89.25214,-21.048822,-13.185264,-74.755135,14.567513,7.1851273,-23.755499,38.61138,-15.173787,3.9302316
636,2.35378098487854,-14.960648536682129,67.0338363647461,-3.5490642726996993,-4.746504378483886,-67.90634388556444,4.6094556,21.842329,6.804063,70.63304,-29.311956,-10.139236,-38.169033,10.919064,24.553444,59.692886,-11.481153,15.000033,-23.755058,0.6464398,29.793802,-90.5204,22.949137,-19.696444,16.517164,-91.655556,-20.983517,-13.364663,-75.279015,13.98497,7.021344,-23.57978,37.57229,-15.265115,3.2028542
637,2.2950589656829834,-15.002457618713379,67.40254974365234,-3.431095782563623,-4.708965073080219,-67.07922548218005,3.8454463,21.519543,5.92472,70.56479,-27.894875,-9.829965,-37.66069,10.06081,24.171467,58.95135,-11.091085,15.000033,-23.665916,0.47766766,29.793802,-87.02089,21.37468,-17.903439,11.958514,-93.3644,-21.278135,-13.735631,-75.67535,13.391832,7.1610394,-23.450844,37.221992,-15.410684,2.5026908
638,2.2318501472473145,-15.03458309173584,67.8059310913086,-3.290582819976052,-4.595298785863437,-66.32055270229436,2.992097,21.186785,5.137086,70.46302,-26.284792,-9.5308695,-37.189926,9.229727,23.829786,58.0569,-10.548755,15.000033,-23.45572,0.356214,29.793802,-83.53743,19.68969,-16.49951,7.6799674,-94.45201,-21.748566,-14.191097,-75.9402,12.793706,7.5605307,-23.369415,37.154617,-15.569497,1.7848794
639,2.1620471477508545,-15.054445266723633,68.23356628417969,-3.1231454255562596,-4.450219904291304,-65.6200725282181,2.1007414,20.84502,4.4503026,70.35126,-24.601105,-9.235913,-36.758114,8.443654,23.553608,57.102657,-9.831912,15.000033,-23.132418,0.25230077,29.793802,-80.12452,17.924845,-15.426943,3.6644218,-95.19507,-22.295727,-14.748135,-76.08307,12.181959,8.076101,-23.322248,37.21065,-15.722618,1.1287442
640,2.081941843032837,-15.054914474487305,68.68331146240234,-2.9242638722243446,-4.317306745607506,-64.96782577168122,1.2213318,20.495043,3.8753703,70.252335,-22.963026,-8.9351225,-36.368027,7.7220006,23.3723,56.179253,-8.915085,15.000033,-22.704262,0.13876131,29.793802,-76.84282,16.128435,-14.609752,-0.08724912,-95.877495,-22.810314,-15.425075,-76.1169,11.544542,8.56518,-23.295614,37.237057,-15.8482685,0.61243564
641,1.9983751773834229,-15.03752326965332,69.14872741699219,-2.676672656200936,-4.201983349451535,-64.39207141411087,0.33379132,20.09406,3.3980646,70.205444,-21.265226,-8.586346,-36.01436,7.065834,23.326488,55.27802,-7.7778006,15.000033,-22.145733,-0.012327892,29.793802,-73.66291,14.33967,-14.042613,-3.5519962,-96.59797,-23.282675,-16.323982,-76.02191,10.883109,9.027697,-23.287022,37.243526,-15.942869,0.3332735
642,1.9030004739761353,-15.001233100891113,69.6211166381836,-2.384229031994366,-4.081952897015802,-63.88842085724547,-0.58380866,19.659727,3.0201864,70.185585,-19.485619,-8.209995,-35.707108,6.4675164,23.393557,54.363567,-6.4356313,15.000033,-21.472803,-0.18744752,29.793802,-70.55054,12.580227,-13.752657,-6.7299433,-97.21596,-23.752245,-17.401575,-75.80108,10.207536,9.525697,-23.308588,37.30287,-16.020178,0.22309852
643,1.7927563190460205,-14.938648223876953,70.10588073730469,-2.088184143088656,-3.9548100645029036,-63.39894905359527,-1.4856232,19.283638,2.7735152,70.12543,-17.877209,-7.880432,-35.473335,5.918002,23.508493,53.48588,-4.911634,15.000033,-20.755836,-0.34902242,29.793802,-67.58687,10.875015,-13.686988,-9.616437,-97.656136,-24.18162,-18.454485,-75.50843,9.515494,10.014585,-23.360285,37.357117,-16.08127,0.11186573
644,1.6872968673706055,-14.851694107055664,70.58853912353516,-1.8332275083044556,-3.819062118068612,-62.866351897067695,-2.3246956,19.0555,2.6855142,69.96247,-16.700714,-7.6641626,-35.33679,5.413398,23.605114,52.696156,-3.2289293,15.000033,-20.061684,-0.4567866,29.793802,-64.87018,9.245693,-13.782097,-12.199298,-97.84001,-24.541693,-19.272688,-75.197845,8.800491,10.446736,-23.441368,37.352,-16.127922,-0.17142388
645,1.5831371545791626,-14.732566833496094,71.06365966796875,-1.6269304347562583,-3.6786707923535813,-62.271037551638024,-3.064093,19.030434,2.8158805,69.654915,-16.05641,-7.6133766,-35.294193,4.952203,23.684883,51.997185,-1.3137703,15.000033,-19.400824,-0.51188016,29.793802,-62.426456,7.7059445,-14.022715,-14.432788,-97.682915,-24.859207,-19.753761,-74.851715,8.067105,10.807866,-23.580296,37.174446,-16.147058,-0.7723422
646,1.4690206050872803,-14.59468936920166,71.52188110351562,-1.4515645382687985,-3.533562034035724,-61.64570890558347,-3.7354763,19.149834,3.129103,69.24681,-15.7992935,-7.6767325,-35.33324,4.535932,23.77431,51.36226,0.82086325,15.000033,-18.74129,-0.53581953,29.793802,-60.24089,6.263632,-14.40068,-16.29404,-97.25217,-25.149555,-20.014845,-74.45048,7.322257,11.119661,-23.773046,36.889633,-16.139538,-1.5657417
647,1.3447011709213257,-14.438836097717285,71.95893859863281,-1.3121264533578654,-3.3773389199000006,-61.01077440006213,-4.3910995,19.332289,3.5096552,68.80086,-15.821909,-7.7646227,-35.46386,4.161771,23.844387,50.803783,3.0265987,15.000033,-18.082941,-0.5169082,29.793802,-58.356766,4.927558,-14.855334,-17.8038,-96.6962,-25.368324,-20.170567,-74.0519,6.557532,11.399225,-23.969889,36.7079,-16.13247,-2.3188207
648,1.2319583892822266,-14.267590522766113,72.37378692626953,-1.2119108798200509,-3.202651895061931,-60.386246256698165,-5.085756,19.497835,3.8401165,68.38078,-16.018614,-7.7858963,-35.693882,3.8289952,23.870413,50.330135,5.1524177,15.000033,-17.42282,-0.4425266,29.793802,-56.80534,3.7045655,-15.331754,-18.99896,-96.16512,-25.470936,-20.34113,-73.708496,5.7562428,11.665168,-24.124397,36.840076,-16.161081,-2.8009782
649,1.1244083642959595,-14.078839302062988,72.75345611572266,-1.1700449949176106,-3.004051446291608,-59.76608516021697,-5.8431764,19.70893,4.1566734,68.003525,-16.478785,-7.642956,-36.05228,3.5461757,23.81136,49.922894,7.352047,15.000033,-16.7574,-0.28740138,29.793802,-55.607567,2.6010401,-15.821316,-19.830887,-95.66179,-25.419743,-20.532297,-73.4162,4.8976583,11.914442,-24.22205,37.52378,-16.256304,-2.835902
650,1.0053558349609375,-13.883299827575684,73.0909194946289,-1.1837760695443966,-2.7847496939006144,-59.14326067637643,-6.6306186,19.979668,4.4952416,67.6348,-17.220654,-7.4152856,-36.522747,3.3089113,23.690283,49.57963,9.645032,15.000033,-16.078661,-0.060855813,29.793802,-54.744457,1.6139954,-16.32969,-20.302832,-95.123566,-25.254465,-20.6889,-73.1407,3.978421,12.140809,-24.304583,38.592896,-16.392324,-2.5870955
651,0.8864637613296509,-13.682563781738281,73.38216400146484,-1.2088165082726514,-2.5549837540012392,-58.53718439426364,-7.420246,20.159216,4.739999,67.25993,-18.029932,-7.2677407,-37.041004,3.1057906,23.585974,49.331352,11.679536,15.000033,-15.383594,0.19309202,29.793802,-54.181046,0.7344952,-16.825796,-20.544262,-94.60145,-25.042423,-20.847229,-72.90439,3.0093887,12.363575,-24.397615,39.649475,-16.524178,-2.3329432
652,0.7717871069908142,-13.485095024108887,73.62351989746094,-1.2029851862133325,-2.3238643017787832,-57.966134365545415,-8.185063,20.101366,4.7798333,66.86505,-18.690386,-7.3558292,-37.542484,2.929873,23.582815,49.211777,13.100452,15.000033,-14.675227,0.42651233,29.793802,-53.882626,-0.047458388,-17.278955,-20.681149,-94.140335,-24.848637,-21.03674,-72.73569,2.0120354,12.601809,-24.517174,40.29247,-16.61772,-2.3536804
653,0.6566793918609619,-13.291786193847656,73.79759979248047,-1.1423196877858364,-2.0871091130555803,-57.43014581227988,-8.931326,19.689848,4.529619,66.41492,-19.234453,-7.758825,-38.019684,2.7555642,23.722967,49.22126,13.707478,15.000033,-13.957042,0.62516314,29.793802,-53.87506,-0.7316539,-17.664165,-20.70533,-93.745895,-24.667936,-21.278679,-72.646965,0.99875927,12.867931,-24.662395,40.28882,-16.652842,-2.7864547
654,0.568406879901886,-13.101712226867676,73.91572570800781,-1.0526807147169877,-1.8423722291168825,-56.92082024740439,-9.663682,19.035404,4.0740256,65.927086,-19.750763,-8.370545,-38.50182,2.5990636,23.959944,49.344723,13.725102,15.000033,-13.234391,0.81074107,29.793802,-54.158707,-1.3146819,-17.99136,-20.572273,-93.38897,-24.472225,-21.550774,-72.63142,-0.028364794,13.150399,-24.81695,39.889534,-16.646791,-3.4590976
655,0.468017578125,-12.924817085266113,73.97132110595703,-0.9646783970091467,-1.6019026354715724,-56.443424267594104,-10.355778,18.32905,3.5552177,65.46791,-20.107203,-9.069518,-38.97962,2.5211267,24.243834,49.59355,13.4352255,15.000033,-12.511194,0.98839086,29.793802,-54.663765,-1.802226,-18.285402,-20.346579,-93.06882,-24.290577,-21.82581,-72.67975,-1.0588526,13.429505,-24.971167,39.41228,-16.630312,-4.189146
656,0.3650258183479309,-12.759523391723633,73.96009826660156,-0.9087350183172838,-1.3785372980599895,-56.0030484892101,-10.9859495,17.754679,3.1084278,65.10291,-20.166616,-9.743011,-39.443844,2.578066,24.52646,49.981052,13.117138,15.000033,-11.792747,1.1619745,29.793802,-55.324833,-2.2044535,-18.569958,-20.085659,-92.78314,-24.150202,-22.076674,-72.78424,-2.0788724,13.680515,-25.11518,39.174145,-16.642454,-4.793212
657,0.25457456707954407,-12.610344886779785,73.87715911865234,-0.9000113719843842,-1.1693289585933475,-55.610243455299944,-11.594173,17.30394,2.6942446,64.85374,-19.587545,-10.423718,-39.875927,2.8698418,24.890991,50.51954,12.781789,15.000033,-11.060829,1.3352252,29.793802,-56.171825,-2.5296118,-18.858698,-19.781843,-92.540054,-24.05336,-22.33098,-72.944084,-3.0796247,13.900955,-25.248919,39.290874,-16.709476,-5.2639713
658,0.13681985437870026,-12.473830223083496,73.72672271728516,-0.9188416946684089,-0.9702174079225457,-55.25798979439864,-12.178148,16.884512,2.253357,64.686264,-18.548088,-11.162719,-40.287136,3.3335807,25.324623,51.206585,12.2960205,15.000033,-10.323185,1.5019289,29.793802,-57.21989,-2.7779825,-19.135141,-19.413176,-92.33374,-23.985317,-22.592031,-73.16779,-4.0604877,14.102159,-25.367762,39.57858,-16.807444,-5.682628
659,0.018114058300852776,-12.346014976501465,73.51467895507812,-0.9447905840019099,-0.7917424454229374,-54.92506869504983,-12.65827,16.560144,1.8974847,64.58003,-17.680992,-11.867295,-40.710308,3.7952895,25.638906,52.030064,11.719818,15.000033,-9.62415,1.6488457,29.793802,-58.3837,-2.9467783,-19.378677,-19.018064,-92.14087,-23.948305,-22.792513,-73.46039,-5.020276,14.27979,-25.453547,39.90585,-16.904295,-5.9993052
660,-0.085776187479496,-12.224052429199219,73.22064971923828,-0.958300915790305,-0.6429489825074506,-54.59353647292446,-12.959443,16.411469,1.7535175,64.51847,-17.616077,-12.431214,-41.183533,4.077731,25.65182,52.97189,11.122293,15.000033,-9.00507,1.7619159,29.793802,-59.583164,-3.0298584,-19.569471,-18.625475,-91.94035,-23.944462,-22.8691,-73.82577,-5.9567523,14.427817,-25.48909,40.14137,-16.965687,-6.165321
661,-0.18930815160274506,-12.109599113464355,72.8497314453125,-0.9571386421344592,-0.5112905016902306,-54.27157650568327,-13.0147705,16.534578,1.9522272,64.46247,-18.62858,-12.776656,-41.765438,4.1378336,25.242937,54.0712,10.664667,15.000033,-8.468569,1.8287214,29.793802,-60.853165,-3.013862,-19.704117,-18.239851,-91.679955,-23.997501,-22.755117,-74.28585,-6.8663363,14.540767,-25.47733,40.248184,-16.96882,-6.073197
662,-0.2784086763858795,-12.0050687789917,72.41949462890625,-0.9467007401833734,-0.3952846204514923,-53.96510211876154,-12.883115,16.86201,2.4022605,64.433464,-20.340157,-12.983328,-42.424656,4.052015,24.545774,55.325245,10.264646,15.000033,-8.0005245,1.8480239,29.793802,-62.21367,-2.8941607,-19.798578,-17.84977,-91.38951,-24.098938,-22.50168,-74.83106,-7.744306,14.622005,-25.423864,40.29866,-16.935736,-5.7805724
663,-0.35387539863586426,-11.91706371307373,71.9355239868164,-0.9203808484744109,-0.320938400015054,-53.65282473052496,-12.673144,17.239218,2.904063,64.49371,-22.39339,-13.172917,-43.054974,3.831931,23.762096,56.63479,9.629607,15.000033,-7.614489,1.8257457,29.793802,-63.571243,-2.6831617,-19.861004,-17.454723,-91.164444,-24.203003,-22.213575,-75.42407,-8.586637,14.689326,-25.313473,40.32121,-16.898903,-5.485241
664,-0.4171319901943207,-11.836522102355957,71.39701843261719,-0.8772033232981088,-0.3153162731870992,-53.31461820427855,-12.49928,17.52518,3.2569218,64.71219,-24.43721,-13.450333,-43.551098,3.4991367,23.083715,57.898808,8.467797,15.000033,-7.3190646,1.7778605,29.793802,-64.83935,-2.4035213,-19.895826,-17.04539,-91.100426,-24.263199,-22.000822,-76.02639,-9.392678,14.758481,-25.127598,40.345272,-16.890194,-5.3844447
665,-0.47786781191825867,-11.76140308380127,70.81858825683594,-0.8287982281189948,-0.39067572582225807,-52.921979593762785,-12.381595,17.710438,3.3950105,65.12028,-26.537487,-13.870954,-43.890976,3.0032053,22.485018,59.12345,6.538691,15.000033,-7.135063,1.7188379,29.793802,-66.04716,-2.0735173,-19.888905,-16.57514,-91.29989,-24.25032,-21.932512,-76.65984,-10.168658,14.836939,-24.850153,40.323257,-16.918072,-5.602487
666,-0.5226877927780151,-11.690162658691406,70.2117919921875,-0.7760302073401539,-0.5327635461818994,-52.49145855132869,-12.2671995,17.873684,3.4289482,65.68407,-28.832857,-14.368052,-44.125404,2.344617,21.881996,60.345516,4.053873,15.000033,-7.0449204,1.6455616,29.793802,-67.24228,-1.698418,-19.843552,-16.040337,-91.68085,-24.191599,-21.937916,-77.32973,-10.919633,14.915341,-24.493797,40.256485,-16.964485,-6.0100503
667,-0.5380285978317261,-11.629385948181152,69.5887451171875,-0.7057779957238027,-0.7287184801593837,-52.07374708241816,-12.159721,18.010138,3.422013,66.37146,-31.083038,-14.848707,-44.258408,1.6473879,21.376545,61.50829,1.3931077,15.000033,-6.9981146,1.5512075,29.793802,-68.36361,-1.280458,-19.789057,-15.499242,-92.05962,-24.126757,-21.911371,-77.977135,-11.64351,14.98364,-24.082928,40.247437,-17.0212,-6.4245424
668,-0.5520447492599487,-11.58079719543457,68.96739959716797,-0.5784644454665744,-0.9624809869601124,-51.713352920560155,-12.060137,18.053099,3.458452,67.13684,-33.040787,-15.000033,-44.30446,1.0209959,21.095354,62.565533,-1.064679,15.000033,-6.953526,1.4047456,29.793802,-69.35114,-0.81622356,-19.751644,-15.019385,-92.25187,-24.096836,-21.747341,-78.548836,-12.333179,15.029782,-23.643692,40.395607,-17.08131,-6.6633654
669,-0.5675358176231384,-11.540416717529297,68.3656005859375,-0.37308961507731736,-1.2613665466529809,-51.38745882483815,-11.979927,17.964283,3.4682279,68.03007,-34.665123,-15.000033,-44.20103,0.481745,21.114092,63.490444,-3.3650708,15.000033,-6.9321737,1.1728736,29.793802,-70.195595,-0.29979438,-19.724245,-14.5855,-92.14404,-24.136015,-21.369823,-79.032295,-12.978546,15.028896,-23.135204,40.815002,-17.1441,-6.6136622
670,-0.5782021880149841,-11.51058292388916,67.8072738647461,-0.1457131391679898,-1.6263983126144113,-51.09799259795592,-11.9088545,17.828253,3.4208498,69.06127,-36.091694,-15.000033,-43.960155,0.023299249,21.327309,64.304436,-5.6534314,15.000033,-6.934501,0.9077874,29.793802,-70.921425,0.27001336,-19.699734,-14.1753,-91.85669,-24.213945,-20.851503,-79.454575,-13.577517,14.990031,-22.553875,41.42093,-17.210518,-6.3908634
671,-0.5752592086791992,-11.483541488647461,67.31207275390625,0.06567042320964284,-1.9975537779050982,-50.91440333956286,-11.813347,17.733974,3.4313552,70.11117,-37.32709,-15.000033,-43.72011,-0.3080445,21.615955,65.061165,-7.718158,15.000033,-6.905089,0.6669835,29.793802,-71.524086,0.8914861,-19.70073,-13.836781,-91.55502,-24.275652,-20.30749,-79.83103,-14.137093,14.960203,-21.991648,42.014896,-17.278156,-6.1572833
672,-0.5491898655891418,-11.467001914978027,66.88819885253906,0.22582041909734257,-2.313536914772495,-50.904217157809754,-11.660958,17.767246,3.615963,71.05917,-38.376625,-15.000033,-43.613472,-0.47153333,21.858803,65.808,-9.345537,15.000033,-6.78712,0.50791097,29.793802,-72.000015,1.5606064,-19.748743,-13.61963,-91.40621,-24.269627,-19.854214,-80.17657,-14.673064,14.983025,-21.538942,42.404556,-17.349245,-6.0766325
673,-0.49012693762779236,-11.459221839904785,66.52763366699219,0.3356668737311352,-2.542083553720092,-51.093668930215856,-11.466564,17.969248,4.0447717,71.90551,-39.212208,-15.000033,-43.705082,-0.46804008,22.003595,66.57171,-10.469723,15.000033,-6.545373,0.43854082,29.793802,-72.343765,2.2774138,-19.852169,-13.545209,-91.62757,-24.146074,-19.614641,-80.5124,-15.210818,15.083304,-21.216305,42.472687,-17.431736,-6.2295847
674,-0.41034960746765137,-11.457185745239258,66.22268676757812,0.41313939467235977,-2.7203891459098113,-51.44303012294594,-11.234496,18.283796,4.6468816,72.701584,-39.840313,-15.000033,-43.90918,-0.31502202,22.117807,67.32085,-11.209233,15.000033,-6.207756,0.43484345,29.793802,-72.55864,3.0394437,-19.997332,-13.58668,-92.075874,-23.94614,-19.495184,-80.81543,-15.759646,15.23111,-20.984587,42.35195,-17.524834,-6.5214252
675,-0.3154812753200531,-11.468754768371582,65.97168731689453,0.44850516158079917,-2.8902859868921933,-51.920913382773776,-10.918242,18.651346,5.327243,73.40383,-40.31333,-15.000033,-44.13322,-0.0058367625,22.260094,68.01098,-11.623855,15.000033,-5.8097043,0.50795114,29.793802,-72.65748,3.8332412,-20.171314,-13.70598,-92.37651,-23.755558,-19.289555,-81.0268,-16.3002,15.389046,-20.85021,42.213436,-17.618977,-6.851176
676,-0.21097804605960846,-11.47428035736084,65.76853942871094,0.4341591931116298,-3.0960396641664536,-52.4957673777065,-10.474526,19.013153,5.989221,73.971115,-40.683666,-15.000033,-44.285454,0.46568194,22.488243,68.60142,-11.776091,15.000033,-5.3943896,0.6667237,29.793802,-72.65901,4.641425,-20.357243,-13.863588,-92.14963,-23.658394,-18.791187,-81.098526,-16.797174,15.518131,-20.801271,42.221886,-17.703398,-7.1134663
677,-0.0827883705496788,-11.46850299835205,65.6148452758789,0.35367806634068244,-3.357516151976044,-53.18057648819737,-9.893675,19.352768,6.5709257,74.41115,-40.93514,-15.000033,-44.371674,1.1550062,22.82965,69.125084,-11.57847,15.000033,-4.9601088,0.9388759,29.793802,-72.51811,5.445755,-20.562754,-14.0774,-91.6078,-23.711605,-18.013533,-81.05309,-17.22329,15.610964,-20.82865,42.564114,-17.776102,-7.2203426
678,0.06477844715118408,-11.459634780883789,65.51786804199219,0.21621807530867754,-3.6537203544647827,-53.98314307153108,-9.194411,19.701849,7.136374,74.73865,-41.049187,-15.000033,-44.424736,2.0391552,23.244268,69.587524,-11.034295,15.000033,-4.496143,1.3104881,29.793802,-72.25642,6.246799,-20.780184,-14.340504,-90.83466,-23.84586,-17.041136,-80.92107,-17.57735,15.683551,-20.91638,43.091843,-17.838306,-7.241261
679,0.23252913355827332,-11.450272560119629,65.47183990478516,0.05171794621452018,-3.964387472674509,-54.863337753299234,-8.379681,20.072521,7.7770424,74.92273,-41.075077,-15.000033,-44.39297,3.0083654,23.693949,69.90652,-10.345454,15.000033,-4.034227,1.7256925,29.793802,-71.98907,7.0627756,-20.973473,-14.570405,-89.265205,-23.933508,-15.780064,-80.66588,-17.861872,15.733181,-21.05112,43.472424,-17.88634,-7.310224
680,0.4187627136707306,-11.445438385009766,65.47869110107422,-0.10842403593876221,-4.266517289767953,-55.78244031473791,-7.451049,20.472149,8.586969,74.9304,-41.05941,-15.000033,-44.229557,3.946932,24.148272,69.998795,-9.7067375,15.000033,-3.6075797,2.122935,29.793802,-71.82329,7.922991,-21.108955,-14.698498,-86.34252,-23.812748,-14.142798,-80.24618,-18.078682,15.756579,-21.222103,43.37362,-17.91787,-7.561248
681,0.6167678833007812,-11.450438499450684,65.53421783447266,-0.26803064727354664,-4.573642464188236,-56.741717375784255,-6.3559546,20.932356,9.63467,74.73528,-41.033012,-15.000033,-43.883675,4.8470516,24.624325,69.81499,-9.163249,15.000033,-3.2157676,2.4928193,29.793802,-71.6918,8.846275,-21.186726,-14.714677,-82.055336,-23.379253,-12.133016,-79.66109,-18.224712,15.742757,-21.438574,42.75981,-17.947872,-8.052439
682,0.8282567262649536,-11.471095085144043,65.63578033447266,-0.43678662273331914,-4.891432581994067,-57.75775175538785,-5.1037354,21.426292,10.864316,74.36074,-40.965057,-15.000033,-43.39376,5.7537503,25.144613,69.40932,-8.61385,15.000033,-2.8508337,2.8559475,29.793802,-71.548904,9.839794,-21.219288,-14.679392,-76.72888,-22.610744,-9.858337,-78.92311,-18.29335,15.695379,-21.712685,41.792107,-17.964825,-8.705226
683,1.0584946870803833,-11.501208305358887,65.78226470947266,-0.5778936723902618,-5.178885320902333,-58.80959070948803,-3.7986596,21.851759,12.181129,73.84683,-40.80589,-15.000033,-42.854485,6.625318,25.700315,68.86669,-8.041667,15.000033,-2.5418754,3.1753163,29.793802,-71.53136,10.919294,-21.194387,-14.628012,-70.26379,-21.408081,-7.3961477,-78.00107,-18.277674,15.627619,-22.055319,40.433853,-17.922352,-9.449435
684,1.3108549118041992,-11.535510063171387,65.97430419921875,-0.6760722428692085,-5.395827174158557,-59.88555875217862,-2.5483003,22.142248,13.480985,73.23743,-40.513233,-15.000033,-42.358517,7.441343,26.261599,68.2626,-7.4193,15.000033,-2.3062634,3.434822,29.793802,-71.76941,12.103403,-21.104136,-14.601952,-62.47359,-19.63388,-4.8296094,-76.857376,-18.168879,15.557473,-22.479725,38.647247,-17.77463,-10.210751
685,1.572161316871643,-11.578429222106934,66.20719146728516,-0.7378543407085225,-5.552076428413427,-60.97635594826262,-1.3306323,22.286604,14.764216,72.48938,-40.092377,-14.942993,-41.88506,8.173587,26.807684,67.585075,-6.789502,15.000033,-2.140576,3.638311,29.793802,-72.230354,13.4145,-20.80483,-14.649228,-52.504723,-17.059652,-2.3098564,-75.452736,-17.971102,15.460786,-22.994318,36.291534,-17.514887,-11.01525
686,1.8406914472579956,-11.616844177246094,66.46951293945312,-0.7736652686692692,-5.664945148422304,-62.093787304782424,-0.10519672,22.325296,16.071411,71.59566,-39.562702,-14.86524,-41.39983,8.844253,27.356012,66.80365,-6.14297,15.000033,-2.0300949,3.8015873,29.793802,-72.81752,14.857308,-20.356476,-14.808419,-40.807037,-13.589283,-0.1685741,-73.787994,-17.678566,15.346261,-23.61781,33.431335,-17.144457,-11.870943
687,2.10429310798645,-11.66343879699707,66.76119232177734,-0.8260242054632818,-5.714436841859756,-63.27723373881989,1.0506294,22.326323,17.357162,70.66826,-38.905094,-14.827532,-40.96987,9.55378,27.902142,65.94911,-5.3618116,15.000033,-1.9608324,3.9689927,29.793802,-73.591965,16.412016,-20.066565,-15.05938,-28.990343,-9.403223,1.3581806,-71.88182,-17.263418,15.276446,-24.374704,30.341068,-16.640324,-12.669834
688,2.3795740604400635,-11.708992958068848,67.08270263671875,-0.9340579783357175,-5.678833414406092,-64.56411320809556,2.0536036,22.358501,18.57734,69.8259,-38.104588,-14.851007,-40.663746,10.408201,28.442406,65.051926,-4.3297424,15.000033,-1.9265653,4.1749787,29.793802,-74.67028,18.044493,-20.245007,-15.317209,-18.415945,-4.7546115,2.32218,-69.75892,-16.68655,15.324835,-25.284939,27.281921,-15.995269,-13.305665
689,2.6415014266967773,-11.747900009155273,67.4217529296875,-1.1110852000828146,-5.52565327115427,-65.98601751005732,2.890796,22.430382,19.75941,69.036285,-37.15008,-14.968104,-40.530323,11.527248,29.096308,64.14841,-2.9410152,15.000033,-1.9146676,4.4399414,29.793802,-76.14881,19.725222,-20.95413,-15.751021,-8.597211,0.770068,2.8451347,-67.37531,-15.914552,15.512044,-26.400677,24.196938,-15.172675,-13.708006
690,2.9188599586486816,-11.80051326751709,67.78447723388672,-1.3423825413858026,-5.2754825145577575,-67.51523596603253,3.587727,22.499725,20.914751,68.26098,-36.054836,-15.000033,-40.53106,12.815241,29.830006,63.2097,-1.2760097,15.000033,-1.9519616,4.7297816,29.793802,-78.018555,21.443193,-22.071709,-16.264154,1.3345202,7.10125,2.6190336,-64.72,-14.942967,15.857151,-27.715864,20.96893,-14.202144,-13.913868
691,3.1909596920013428,-11.855803489685059,68.15037536621094,-1.6013396553419672,-4.974180107485406,-69.0852805964178,4.1202183,22.563667,21.95962,67.59887,-34.828495,-15.000033,-40.61454,14.020486,30.419626,62.173515,0.48682448,15.000033,-2.1048157,4.949694,29.793802,-80.28755,23.199759,-23.638287,-16.338923,10.651625,13.209504,1.6234254,-61.874344,-13.790765,16.428255,-29.163588,17.766039,-13.1859865,-13.998392
692,3.4421210289001465,-11.914010047912598,68.51555633544922,-1.9117211815505908,-4.682584040781062,-70.6566338335311,4.4889693,22.693552,22.821276,67.170425,-33.49633,-15.000033,-40.709843,14.96108,30.597076,60.94586,2.1843078,15.000033,-2.3919895,5.0716476,29.793802,-82.938515,24.994946,-25.704632,-15.503298,18.295317,18.072292,0.36351994,-58.912018,-12.491905,17.270714,-30.667128,14.759869,-12.2194805,-14.056569
693,3.681985378265381,-11.990578651428223,68.87142944335938,-2.3063065149232425,-4.414977375054294,-72.25397073844674,4.687937,22.946117,23.515789,67.01607,-31.956036,-15.000033,-40.772945,15.606543,30.22931,59.381626,3.8567622,15.000033,-2.7846391,5.156721,29.793802,-86.01499,26.806877,-28.241985,-13.85205,23.30553,21.590128,-0.3387307,-55.7742,-11.054614,18.47871,-32.243126,12.007166,-11.315981,-14.11373
694,3.915076732635498,-12.082477569580078,69.219970703125,-2.7645142561504676,-4.145435281144698,-73.89086559184403,4.7233996,23.282156,24.073997,67.07025,-30.231792,-15.000033,-40.833027,16.060686,29.468391,57.552967,5.5696764,15.000033,-3.2942953,5.214225,29.793802,-89.47295,28.605515,-31.251043,-11.667584,26.365587,24.44487,-0.40043104,-52.49013,-9.494156,20.086582,-33.875526,9.39386,-10.434957,-14.129133
695,4.139373302459717,-12.194304466247559,69.5541000366211,-3.2259400171750703,-3.882855941386075,-75.51434200919573,4.62759,23.61917,24.44681,67.28712,-28.53314,-15.000033,-40.91467,16.357992,28.469017,55.696663,7.1931767,15.000033,-3.948229,5.166427,29.793802,-93.119316,30.386145,-34.82272,-8.865545,28.62484,26.800009,-0.22125584,-49.278145,-7.8740015,21.978153,-35.39594,6.845659,-9.581636,-14.111446
696,4.341695308685303,-12.31902027130127,69.85589599609375,-3.6374423965778444,-3.6303781886675233,-77.07146974752166,4.426468,23.878838,24.577225,67.624084,-27.067093,-15.000033,-41.05343,16.533285,27.378933,54.058136,8.586241,15.000033,-4.777531,4.953828,29.793802,-96.798546,32.14526,-39.059063,-5.313838,31.293324,28.709982,-0.34432986,-46.347584,-6.269613,24.001413,-36.656303,4.321381,-8.763211,-14.083789
697,4.536811828613281,-12.440359115600586,70.12008666992188,-3.9926689978727876,-3.3914843746047207,-78.59339464693737,4.0991874,24.047909,24.426897,68.129265,-25.838383,-15.000033,-41.298355,16.452066,25.939613,52.628185,9.7501545,15.000033,-5.7196097,4.5787535,29.793802,-100.72552,33.88386,-43.965813,-0.97227514,34.856075,30.200762,-0.9209452,-43.702126,-4.7325506,26.097908,-37.620018,1.6810181,-7.948859,-14.116862
698,4.719602108001709,-12.560600280761719,70.34210968017578,-4.215884481084743,-3.1411160560894698,-80.03757719363891,3.5996137,24.01296,24.082026,68.76241,-24.712543,-14.550582,-41.614254,16.037079,24.224535,51.387142,10.661202,15.000033,-6.8286514,4.021068,29.793802,-104.90029,35.58039,-49.456825,3.9226317,38.592297,31.221712,-1.5793633,-41.31617,-3.2727277,28.324537,-38.33414,-0.9930513,-7.1424394,-14.20268
699,4.912606716156006,-12.668741226196289,70.51506805419922,-4.3319900675152345,-2.8935461470963912,-81.33498571449769,3.0127444,23.818869,23.62129,69.41772,-23.741425,-13.595277,-41.88509,15.612468,22.771084,50.443096,11.237272,15.000033,-8.172076,3.3804374,29.793802,-108.86257,37.20769,-55.503567,9.145811,41.929344,31.6611,-2.1303365,-39.269215,-1.8899434,30.624542,-38.785038,-3.3976152,-6.409007,-14.254727
700,5.094103813171387,-12.780776977539062,70.63178253173828,-4.453846305965385,-2.6797718329051836,-82.46771815897972,2.4494922,23.615992,23.005482,70.02392,-23.011633,-12.777955,-42.014618,15.599395,22.069134,49.831482,11.485935,15.000033,-9.746127,2.8171856,29.793802,-112.24942,38.748787,-62.1323,14.605553,44.300064,31.432283,-2.3747642,-37.57533,-0.5785894,32.911797,-38.986683,-5.2274933,-5.819344,-14.192521
701,5.264115333557129,-12.908284187316895,70.69093322753906,-4.583481596209663,-2.49272602904877,-83.41540134020588,1.8974764,23.454906,22.230669,70.59774,-22.582195,-12.109698,-41.971806,16.232462,22.535196,49.65041,11.393992,15.000033,-11.546857,2.3024,29.793802,-115.55484,40.23211,-69.648445,20.777258,45.624523,30.528635,-2.2007236,-36.151886,0.6529932,35.107338,-39.016598,-6.2648287,-5.410199,-14.034855
702,5.428064823150635,-13.034272193908691,70.68187713623047,-4.699249834555496,-2.3250745277417493,-84.2191385180169,1.3235528,23.289438,21.29571,71.18077,-22.412941,-11.477699,-41.813885,17.281343,23.809994,49.83583,11.00885,15.000033,-13.531984,1.804099,29.793802,-119.069275,41.655567,-78.02037,27.565279,46.2191,29.050406,-1.7155601,-34.970432,1.8059059,37.219402,-38.885216,-6.7173624,-5.1335325,-13.837017
703,5.593077182769775,-13.163262367248535,70.60352325439453,-4.79756036650145,-2.1820066723122618,-84.92121932958608,0.76995265,23.027378,20.214783,71.72018,-22.432255,-10.915701,-41.63118,18.394972,25.257912,50.21931,10.406457,15.000033,-15.631872,1.3806577,29.793802,-122.305565,42.977634,-86.95073,34.28842,46.146896,27.06152,-1.0824641,-34.07303,2.8947263,39.24489,-38.5949,-6.91456,-4.9348392,-13.56561
704,5.748545169830322,-13.292008399963379,70.4605941772461,-4.879309320680385,-2.068622926739891,-85.5534766530842,0.2839301,22.574545,18.996029,72.16341,-22.564642,-10.461552,-41.54245,19.213423,26.22772,50.626614,9.640922,15.000033,-17.754955,1.0690799,29.793802,-124.80539,44.15741,-96.29943,40.474716,45.46122,24.599686,-0.45193818,-33.471786,3.9360573,41.15272,-38.17351,-7.186693,-4.763922,-13.177467
705,5.898465156555176,-13.419961929321289,70.2572250366211,-4.94825260232241,-1.9836941931208427,-86.06361355556444,-0.21046273,21.828482,17.417358,72.534584,-22.772255,-10.162188,-41.59882,19.606218,26.527489,51.00848,8.672514,15.000033,-19.930117,0.9120383,29.793802,-126.32348,45.18519,-107.380356,46.486954,44.54549,21.150324,0.15462963,-33.186157,4.9154253,42.863373,-37.59924,-7.541753,-4.635483,-12.53346
706,6.039238929748535,-13.551260948181152,70.00243377685547,-5.053583546209968,-1.993690262982893,-86.44392858472592,-0.60483545,20.910557,15.538037,72.856186,-23.114342,-10.000769,-41.652954,19.801174,26.467583,51.425316,7.486856,15.000033,-21.863186,2.125696,29.793802,-125.99478,45.990177,-117.13233,53.39388,44.851498,16.780474,0.78327477,-33.908966,5.770192,43.94583,-35.514,-8.0543785,-4.512848,-11.687371
707,6.195503234863281,-13.683164596557617,69.70209503173828,-5.210798510838531,-2.109041143911138,-86.79452037312187,-0.7032474,20.01851,13.789539,73.06731,-23.642887,-9.898602,-41.653355,19.932325,26.181152,51.877342,6.1717324,15.000033,-23.520355,5.1750226,29.793802,-123.03905,46.410095,-121.56252,61.926823,46.114418,12.878833,1.7663804,-35.88796,6.481858,44.48653,-31.382866,-8.789997,-4.3409085,-10.956417
708,6.373015880584717,-13.832551002502441,69.36332702636719,-5.327668105461375,-2.208166912432695,-87.22613141780666,-0.49606392,19.24992,12.618186,73.098755,-24.381346,-9.749035,-41.715378,20.074928,25.876139,52.43851,4.798139,15.000033,-25.141092,7.7678475,29.793802,-120.2634,46.551914,-123.54187,70.251114,44.832207,10.462917,2.8621075,-37.53408,7.198492,45.2701,-27.892939,-9.530668,-4.1656957,-10.600562
709,6.562273025512695,-13.985751152038574,68.99851989746094,-5.3775225687182715,-2.2714343552691867,-87.74062720762397,0.01471796,18.591457,12.061417,72.9614,-25.395336,-9.547549,-41.904903,20.194483,25.494133,53.218002,3.2520978,15.000033,-26.60049,9.375453,29.793802,-118.1132,46.580402,-124.459656,77.5475,39.433582,9.432852,3.7010329,-38.511784,8.009658,46.20605,-25.678244,-10.362532,-3.980927,-10.638789
710,6.767120361328125,-14.136078834533691,68.62638854980469,-5.377197326145617,-2.317788798370638,-88.28930257155898,0.75494957,17.971611,11.896155,72.67553,-26.64315,-9.334557,-42.203773,20.240898,24.98045,54.17029,1.5322856,15.000033,-27.89528,10.254613,29.793802,-116.23524,46.607822,-124.8944,83.999535,30.917942,8.874934,4.3115635,-39.09959,8.925707,47.121174,-24.345623,-11.266583,-3.7960572,-10.891596
711,6.972931861877441,-14.286038398742676,68.27799987792969,-5.344975265480582,-2.3635842228025545,-88.90386005452508,1.7007002,17.451464,12.152653,72.19428,-28.007135,-9.094095,-42.51582,20.305685,24.507404,55.124947,-0.12292223,15.000033,-28.69906,10.116323,29.793802,-115.88744,46.716705,-124.79443,88.29584,21.119623,7.9715695,4.202181,-39.222954,9.87598,47.73703,-24.211279,-12.118871,-3.63314,-11.184536
712,7.156477928161621,-14.44228744506836,67.97296905517578,-5.3503049512449605,-2.4216661266922044,-89.6032048385423,2.8199658,17.152323,12.830575,71.49008,-29.381702,-8.8329935,-42.748165,20.494604,24.169277,55.869125,-1.4505172,15.000033,-28.838963,8.664414,29.793802,-118.02391,46.98677,-123.94404,89.34918,11.794407,6.4199905,2.6878593,-38.701546,10.745618,47.942886,-25.69935,-12.736696,-3.5251098,-11.3613405
713,7.338897705078125,-14.604825019836426,67.72321319580078,-5.269440028771663,-2.3894205783756384,-90.4856430481869,4.1174827,16.970688,14.221643,70.44436,-30.803995,-8.480461,-42.97482,20.841738,24.218447,56.417713,-2.4212253,15.000033,-28.465736,4.864673,29.793802,-123.283775,47.068462,-121.53546,87.14523,1.9069718,4.5281835,-0.6640839,-37.01796,10.9019165,48.078552,-30.413513,-12.505062,-3.5122662,-11.622958
714,7.508069038391113,-14.779409408569336,67.53205108642578,-5.066739334752594,-2.2232859330627766,-91.53867773040918,5.5533185,16.784195,16.269215,69.08259,-32.295048,-8.061296,-43.280872,21.283033,24.587156,56.87242,-3.1578803,15.000033,-28.883879,0.36028647,29.793802,-128.88467,48.143612,-113.2681,83.389,-7.2165565,3.3539495,-4.328748,-34.61937,11.806897,49.832508,-35.491413,-12.868642,-3.5305007,-11.752142
715,7.678678512573242,-14.942732810974121,67.3856430053711,-4.947461094094155,-2.192381680768803,-92.57932015360285,7.2222023,16.69102,18.482979,67.580826,-33.732826,-7.697382,-43.38417,21.822283,24.998219,57.198563,-3.6839392,15.000033,-29.251444,-1.1013796,29.793802,-130.26166,49.165066,-96.60415,81.167854,-13.131179,1.9222718,-6.0478005,-34.72032,12.714491,50.803318,-36.532417,-13.115143,-3.450527,-12.108472
716,7.829512119293213,-15.089533805847168,67.27203369140625,-4.808827481116246,-2.25908307306061,-93.48792886174932,8.858434,16.494421,20.475372,66.08532,-34.92189,-7.417579,-43.379707,22.33015,25.43846,57.547367,-4.0629616,15.000033,-29.146639,-1.5999675,29.793802,-130.41425,49.92034,-82.51172,79.112785,-17.83097,0.3184167,-7.3775244,-35.676453,13.499253,50.753735,-36.347927,-13.142748,-3.3437278,-12.259303
717,7.946742534637451,-15.219220161437988,67.19034576416016,-4.598540837604734,-2.4320670379932974,-94.30629199811976,10.474486,16.149927,22.307882,64.58327,-35.84854,-7.20972,-43.299164,22.85142,25.996038,58.017365,-4.267341,15.000033,-28.824823,-1.9710585,29.793802,-129.45789,50.564068,-73.27665,77.062965,-21.815647,-1.3080627,-9.258146,-36.959595,14.11852,50.14899,-35.849945,-12.88945,-3.2311716,-12.208206
718,8.041546821594238,-15.335853576660156,67.14152526855469,-4.3187573583686625,-2.6711631706338124,-95.08323495456682,12.120469,15.698639,24.147163,63.002216,-36.587807,-7.049853,-43.148335,23.402834,26.695787,58.544353,-4.2882833,15.000033,-28.426613,-2.4013097,29.793802,-127.73054,51.133682,-66.24292,74.61052,-25.258068,-2.940744,-11.6235695,-38.37533,14.597513,49.339954,-35.306965,-12.42341,-3.1226308,-12.044741
719,8.116345405578613,-15.441344261169434,67.1407470703125,-4.02814603537387,-2.9356206134681777,-95.69471299121896,13.655908,15.19145,25.73661,61.409878,-37.094078,-6.945545,-42.903873,23.838839,27.369701,58.988373,-4.2066503,15.000033,-28.02336,-2.7379248,29.793802,-125.44224,51.623253,-60.71173,71.77308,-29.00537,-4.6348763,-13.723791,-39.887287,14.953703,48.360348,-34.702312,-11.723181,-3.0281045,-11.780634
720,8.179862022399902,-15.54093074798584,67.19963836669922,-3.7893794940499026,-3.183263190320659,-96.0166197239431,14.937152,14.698454,26.825699,59.88306,-37.32541,-6.8964334,-42.556477,24.012896,27.851557,59.21053,-4.1013975,15.000033,-27.704275,-2.9211228,29.793802,-122.89467,51.998066,-55.85901,68.58663,-33.36508,-6.524519,-14.840373,-41.402424,15.222119,47.292233,-34.121838,-10.7731905,-2.956692,-11.429862
721,8.2103271484375,-15.636094093322754,67.33000183105469,-3.6244189316910833,-3.433941003145646,-96.01083516646855,15.959626,14.259861,27.338432,58.42902,-37.251762,-6.913329,-42.068012,23.884789,28.093077,59.16244,-3.9994726,15.000033,-27.369688,-2.8136723,29.793802,-120.151955,52.27511,-52.294533,65.01399,-38.87548,-9.00118,-14.429269,-42.904976,15.409917,46.0617,-33.466892,-9.308101,-2.9647675,-10.979989
722,8.22269058227539,-15.719866752624512,67.53231048583984,-3.5041090433416024,-3.7076490709502514,-95.74522203121123,16.798248,13.867973,27.418161,57.022953,-36.908733,-6.982019,-41.455914,23.536037,28.177586,58.919846,-3.8554235,15.000033,-26.980736,-2.5051863,29.793802,-117.04821,52.481613,-50.23819,61.12665,-45.282974,-12.096761,-13.135813,-44.45754,15.5137615,44.632633,-32.72563,-7.4296346,-3.015887,-10.421057
723,8.219212532043457,-15.80312728881836,67.79827880859375,-3.415443006211458,-3.9642701372738562,-95.2536642545173,17.432102,13.52904,27.146618,55.6992,-36.35686,-7.0611644,-40.79331,23.00502,28.136578,58.528557,-3.6374683,15.000033,-26.68163,-2.2140336,29.793802,-113.611565,52.583775,-48.437874,57.00711,-51.743225,-15.327053,-11.950651,-46.137386,15.548034,43.0755,-32.03304,-5.6675744,-2.9846704,-9.769113
724,8.205461502075195,-15.885090827941895,68.117919921875,-3.339971700288215,-4.166242496309104,-94.56986326387333,17.84205,13.247903,26.604319,54.492462,-35.65696,-7.1111507,-40.147488,22.329903,28.00069,58.03121,-3.3126433,15.000033,-26.587551,-2.0856113,29.793802,-109.88804,52.51903,-45.63109,52.64301,-57.516193,-17.99075,-11.692951,-48.06975,15.522176,41.399323,-31.441668,-4.5492945,-2.7584388,-9.041937
725,8.183307647705078,-15.955124855041504,68.48204803466797,-3.2792998766293744,-4.30989963227251,-93.63666512594831,18.014952,13.026018,25.725422,53.393234,-34.800087,-7.122657,-39.500614,21.446598,27.733826,57.408146,-2.9204752,15.000033,-26.77752,-2.1247044,29.793802,-105.81142,52.211533,-41.25551,47.75451,-62.403862,-19.838701,-12.544344,-50.267128,15.440722,39.563812,-31.04709,-3.990227,-2.341014,-8.06267
726,8.1485595703125,-16.0133056640625,68.88134002685547,-3.238567971667652,-4.416472836101936,-92.45774243227179,17.972061,12.863153,24.495518,52.396824,-33.76658,-7.1165514,-38.819077,20.362534,27.33126,56.64693,-2.4625275,15.000033,-27.165956,-2.198158,29.793802,-101.310104,51.6253,-35.949173,42.26253,-66.79505,-21.173342,-13.913277,-52.72862,15.293306,37.550846,-30.698778,-3.7913861,-1.790171,-6.88074
727,8.098769187927246,-16.050922393798828,69.31486511230469,-3.220398403838208,-4.483518868441683,-91.15743790359694,17.745754,12.755818,23.073627,51.534676,-32.59674,-7.1003747,-38.152664,19.221437,26.873562,55.804882,-1.8510087,15.000033,-27.628769,-2.2742128,29.793802,-96.523895,50.74068,-30.345436,36.484547,-70.85389,-22.055828,-15.3487015,-55.538074,15.064052,35.425682,-30.115494,-4.305047,-1.1054927,-5.8451495
728,8.031766891479492,-16.084949493408203,69.7760009765625,-3.220627442839463,-4.507535517525543,-89.86032479686837,17.362942,12.702238,21.6175,50.84176,-31.325861,-7.0828953,-37.556717,18.164736,26.443554,54.938164,-0.9970829,15.000033,-28.0265,-2.3259826,29.793802,-91.55152,49.572235,-25.037308,30.749708,-74.71146,-22.586756,-16.426323,-58.773132,14.728296,33.251884,-29.03453,-5.8828063,-0.28736183,-5.289679
729,7.947545528411865,-16.106689453125,70.25950622558594,-3.1947964327193623,-4.41560903411273,-88.56805525441655,16.727253,12.649093,20.11188,50.322254,-29.909502,-7.0140257,-37.125885,17.177736,26.075853,54.077564,0.14579035,15.000033,-28.410742,-2.402673,29.515018,-86.15163,48.07037,-20.017769,25.035383,-78.4927,-22.669264,-16.998667,-62.221634,14.304045,31.091969,-27.583984,-8.815301,0.57949704,-5.4244184
730,7.856217861175537,-16.10624122619629,70.76197052001953,-3.1539408008899357,-4.230968136429208,-87.22418778806917,15.861031,12.603563,18.488588,49.954666,-28.339296,-6.9204164,-36.810448,16.196926,25.722807,53.193672,1.5198532,15.000033,-28.821695,-2.5294986,29.04701,-80.46259,46.158157,-15.180248,19.202599,-82.08606,-22.367397,-17.253416,-65.88009,13.804505,28.93405,-25.890816,-12.858116,1.5584576,-5.9859924
731,7.745867729187012,-16.08768653869629,71.2701416015625,-3.1234790779291557,-3.985927075340491,-85.87083702897631,14.8301325,12.5950365,16.819746,49.740105,-26.703949,-6.9048524,-36.57477,15.254757,25.388577,52.2701,3.0617287,15.000033,-29.151505,-2.6427104,28.553057,-74.80847,43.854664,-10.904624,13.445862,-85.27511,-22.027895,-17.339437,-69.8465,13.179174,26.811556,-23.694614,-17.488453,2.833389,-6.594219
732,7.617247104644775,-16.05584716796875,71.78352355957031,-3.1573331504785704,-3.6925808270824287,-84.54476448903304,13.662346,12.688603,15.1600685,49.704655,-25.106518,-7.071462,-36.408432,14.386579,25.025124,51.267536,4.724197,15.000033,-29.301407,-2.6413846,28.098219,-69.32384,41.25262,-7.542253,7.9405966,-87.8733,-21.970137,-17.446133,-74.069626,12.347294,24.8237,-20.772427,-22.195269,4.523107,-6.8737717
733,7.468655109405518,-16.017986297607422,72.28933715820312,-3.301907487109876,-3.3168180650831918,-83.24254627404368,12.247603,12.850379,13.326764,49.8781,-23.434566,-7.535898,-36.334526,13.608723,24.548983,50.07201,6.7063336,15.000033,-29.277458,-2.4570513,27.70591,-63.75268,38.440784,-5.1753964,2.559288,-89.95755,-22.257156,-17.660591,-78.529915,11.246446,23.046059,-17.210732,-27.086056,6.6691003,-6.814441
734,7.30455207824707,-15.978458404541016,72.78511810302734,-3.5036275472283336,-2.855665706711168,-81.95383651327884,10.608907,13.018208,11.339766,50.216583,-21.677729,-8.224599,-36.36318,12.893691,24.005201,48.741413,8.973114,15.000033,-29.105783,-2.1513693,27.384346,-57.963284,35.46209,-3.6712132,-2.889354,-91.621315,-22.711918,-17.901524,-83.18802,9.855751,21.559809,-13.18181,-32.371193,9.1866865,-6.526316
735,7.137172698974609,-15.920136451721191,73.25636291503906,-3.683610598922326,-2.372980343732653,-80.70234126644274,8.953742,13.248994,9.5661335,50.65064,-20.09279,-8.928527,-36.45317,12.224077,23.543056,47.476246,11.125669,15.000033,-28.731289,-1.7936108,27.19092,-52.186127,32.381714,-2.9440958,-8.323229,-92.65388,-23.25715,-18.109077,-87.97564,8.164152,20.509487,-8.554067,-37.731785,11.95052,-5.85181
736,6.964221000671387,-15.847352027893066,73.68739318847656,-3.7688578143066627,-1.9385737274826111,-79.5067578477534,7.470812,13.641952,8.389533,51.128414,-18.927675,-9.4077,-36.557716,11.592917,23.325788,46.47972,12.753246,15.000033,-28.120792,-1.4825155,27.18163,-46.580517,29.234325,-2.8763335,-13.701343,-92.73974,-23.828642,-18.190424,-92.816216,6.1809387,20.027174,-3.2052958,-42.846714,14.824442,-4.663996
737,6.793477535247803,-15.77017879486084,74.06620025634766,-3.758111914509506,-1.554064491018478,-78.35938006311488,6.184082,14.372481,8.09816,51.660942,-18.273762,-9.569604,-36.669205,11.013573,23.436117,45.77907,13.7586975,15.000033,-27.236301,-1.1995668,27.33859,-41.16483,26.109224,-3.5513387,-18.871216,-91.55144,-24.417429,-18.083641,-97.75437,3.89122,20.015299,2.869412,-48.054028,18.047762,-2.4545953
738,6.635448455810547,-15.68591022491455,74.3851547241211,-3.6900395523248855,-1.1924323518988604,-77.2510382251886,4.9882684,15.375645,8.439318,52.284065,-17.9928,-9.515531,-36.811348,10.495176,23.779676,45.273567,14.346163,15.000033,-26.090408,-0.88182294,27.671423,-35.842194,23.096594,-5.049301,-23.842798,-89.27909,-25.01437,-17.816122,-102.84085,1.3238382,20.577707,9.610032,-53.497063,21.480715,0.69063604
739,6.47098445892334,-15.59783935546875,74.64395904541016,-3.5614291925737405,-0.882220770030286,-76.19666030798756,3.8767204,16.407103,8.993661,52.98362,-17.986555,-9.297281,-36.977135,10.026264,24.265545,44.971256,14.545208,15.000033,-24.689528,-0.51591724,28.213305,-30.91141,20.292097,-7.199451,-28.4497,-86.59609,-25.514893,-17.458893,-107.976105,-1.4061525,22.104807,17.134295,-58.429165,24.521204,3.8328168
740,6.300466537475586,-15.504648208618164,74.84852600097656,-3.365921027895752,-0.6526762060404989,-75.21002540878737,2.834046,17.213121,9.334516,53.743423,-18.151224,-8.97818,-37.15957,9.590337,24.804214,44.88101,14.392674,15.000033,-23.078413,-0.15668692,28.942522,-26.672415,17.782507,-9.737592,-32.464424,-84.2068,-25.83152,-17.098673,-112.94666,-4.1195893,24.891006,25.503344,-61.931232,26.735704,5.821036
741,6.130566596984863,-15.38866901397705,74.98342895507812,-3.0728733905732777,-0.5166251481314148,-74.29442506612813,1.8741409,17.856758,9.58916,54.640823,-18.643646,-8.340037,-37.37737,9.132828,25.41781,45.092697,13.661448,15.000033,-21.333155,0.050542455,29.793802,-23.164537,15.634408,-12.525176,-35.697422,-82.26088,-25.973192,-16.701824,-118.03787,-6.7091517,28.51094,35.095703,-64.62688,28.502766,5.8618393
742,5.959331035614014,-15.26214599609375,75.05331420898438,-2.6356765868630396,-0.26737889709922286,-73.44667070614395,0.7711837,18.363346,9.90635,55.684032,-19.460674,-7.41818,-37.846607,8.618777,26.186829,45.569046,12.431747,15.000033,-19.489815,-0.09939275,29.793802,-20.435904,13.817193,-15.578508,-37.22399,-80.54167,-26.020195,-16.249264,-121.963554,-9.153357,32.627514,45.105175,-66.72716,30.060198,4.5676684
743,5.777815341949463,-15.119993209838867,75.05467987060547,-2.199368192205287,-0.09447204671343554,-72.65555949908737,-0.2690672,18.605665,9.875692,56.68733,-20.257418,-6.714761,-38.286602,8.197593,26.98275,46.102047,11.170573,15.000033,-17.694086,-0.4361675,29.793802,-18.25228,12.283333,-18.393158,-38.011147,-78.926674,-25.967245,-15.778079,-124.73579,-11.445147,37.994534,54.586723,-66.65883,30.802725,2.911004
744,5.588973522186279,-14.970165252685547,74.98469543457031,-1.8327483414919212,0.02130359299943191,-71.91868090299202,-1.2993851,18.36747,9.114409,57.496838,-20.65167,-6.7003508,-38.653133,7.975449,27.74243,46.517323,10.365541,15.000033,-15.944133,-0.87065077,29.793802,-16.541782,10.94931,-20.771826,-38.271233,-77.35753,-25.793413,-15.374417,-125.85852,-13.568773,45.10609,62.792282,-63.048462,30.013636,1.7045789
745,5.385237693786621,-14.823209762573242,74.85610961914062,-1.5517283896960434,0.0893299781987267,-71.23824998847837,-2.42725,17.306385,7.1097765,58.094326,-20.380762,-7.8247275,-38.906227,8.021788,28.527374,46.72846,10.183669,15.000033,-14.287912,-1.3896368,29.793802,-15.125239,9.774179,-22.47692,-38.12812,-75.59474,-25.382181,-15.038221,-125.40804,-15.638812,56.000343,70.64916,-53.28675,26.614273,1.2975043
746,5.172110080718994,-14.686393737792969,74.65491485595703,-1.3203385757059256,0.11999373870555734,-70.61255404353666,-3.538416,15.587296,4.235425,58.579353,-19.763046,-9.766111,-39.096245,8.25975,29.33574,46.858925,10.339269,15.000033,-12.772383,-1.9703519,29.793802,-13.929662,8.704222,-23.553886,-37.677437,-73.7183,-24.775726,-14.753331,-125.135765,-17.865509,70.0925,78.86478,-38.947407,21.45791,2.1385899
747,4.9756550788879395,-14.547560691833496,74.38648986816406,-1.1286207682718516,0.13111223272046046,-70.03714985268913,-4.40854,13.79518,1.4256455,58.96818,-19.233418,-11.801972,-39.31349,8.576346,30.016253,47.048622,10.65108,15.000033,-11.244582,-2.4568765,29.793802,-13.151463,7.641313,-24.396168,-36.978077,-72.166176,-24.1971,-14.572125,-126.19954,-20.249477,83.62994,86.08356,-24.722704,16.893131,4.2013764
748,4.796895503997803,-14.399787902832031,74.04946899414062,-0.9613765517668749,0.1465319446261159,-69.5123100570178,-4.9523745,12.566685,-0.4167099,59.252026,-19.09824,-13.151988,-39.660976,8.870919,30.436121,47.43098,10.966791,15.000033,-9.531054,-2.6799731,29.793802,-12.980152,6.4932547,-25.424051,-36.06788,-71.391975,-23.876389,-14.527318,-128.01192,-22.582573,92.67495,90.82785,-15.022081,14.527926,6.008523
749,4.633638381958008,-14.278305053710938,73.6620101928711,-0.7981635757496528,0.1946626969954803,-69.0604422526012,-5.235463,12.074316,-1.0356134,59.373936,-19.199127,-13.450738,-40.21952,9.189756,30.601265,48.002155,11.575167,15.000033,-7.686941,-2.5841537,29.793802,-13.31905,5.222585,-26.609211,-35.096703,-71.74855,-23.917904,-14.659385,-129.24515,-24.720743,96.38598,93.26795,-11.190866,14.328841,7.0740957
750,4.4783220291137695,-14.181730270385742,73.22310638427734,-0.6414975023910111,0.2647003236249307,-68.67555147643671,-5.3381557,11.991681,-0.9365766,59.33952,-19.401287,-13.144859,-40.92634,9.560529,30.580723,48.697933,12.458924,15.000033,-5.847164,-2.2867239,29.793802,-14.0586815,3.8813,-27.681992,-34.064823,-72.92186,-24.162254,-14.942021,-129.62083,-26.634483,96.919586,94.78348,-10.612358,14.909594,7.755354
751,4.321988582611084,-14.112822532653809,72.73361206054688,-0.48837965652427445,0.3255235621456736,-68.31609790363547,-5.256552,12.19625,-0.36154157,59.208443,-19.969664,-12.6509075,-41.681755,9.8531475,30.370964,49.57994,13.014095,15.000033,-4.275522,-1.8704433,29.793802,-15.035878,2.5387728,-28.469074,-33.11374,-74.37766,-24.453485,-15.308872,-129.5229,-28.367722,95.17049,94.558914,-11.400677,16.183228,7.8386817
752,4.164865016937256,-14.057281494140625,72.2127685546875,-0.3370119656600814,0.35329634620893247,-67.9410329555015,-4.9916444,12.563041,0.44783354,59.044796,-21.170162,-12.391152,-42.39486,9.933476,29.969448,50.714813,12.632534,15.000033,-3.0892699,-1.4576201,29.793802,-16.212114,1.2953248,-28.914549,-32.25347,-75.57235,-24.64948,-15.669976,-129.38979,-29.962475,91.89651,92.38594,-11.657276,17.495663,6.8912573
753,4.031647682189941,-14.03972053527832,71.64945983886719,-0.18358892605900626,0.34949022128796703,-67.54878770996945,-4.4055223,13.21981,1.7374789,58.757675,-23.35414,-12.486329,-43.091923,9.691425,29.265432,52.25844,10.87469,15.000033,-2.109617,-1.1077873,29.793802,-17.771551,0.21068844,-29.225937,-31.342981,-76.3783,-24.75439,-16.003523,-129.35155,-31.372171,86.157364,89.40356,-11.115441,17.321318,3.709659
754,3.928563117980957,-14.05959415435791,71.05516815185547,-0.017742413448478683,0.3263384691775933,-67.15139206141572,-3.5154471,14.146416,3.5519242,58.340664,-26.274603,-12.753335,-43.80696,9.1685095,28.312601,54.12871,8.138791,15.000033,-1.4043373,-0.7795202,29.793802,-19.558292,-0.68862975,-29.338846,-30.567646,-77.09892,-24.842213,-16.35403,-129.29643,-32.584595,77.85109,85.26018,-10.780214,16.521704,-1.1420517
755,3.831019163131714,-14.088010787963867,70.45761108398438,0.14716068888471742,0.29556669616934356,-66.73080250180105,-2.616542,15.05096,5.3278537,58.002556,-29.300192,-13.131417,-44.478985,8.491121,27.33018,56.02093,5.099627,15.000033,-0.99230796,-0.5171887,29.793802,-21.438545,-1.3616196,-29.148945,-29.980211,-77.79521,-24.893692,-16.701653,-129.11736,-33.61798,69.06339,80.48862,-10.382487,15.449298,-6.0139294
756,3.7378954887390137,-14.111608505249023,69.87284088134766,0.29054644211190656,0.2718436047313736,-66.27856786797035,-2.0499468,15.680712,6.476229,57.965115,-31.8216,-13.503838,-45.053047,7.847928,26.53355,57.637108,2.4501512,15.000033,-0.80200166,-0.3414572,29.793802,-23.335524,-1.7962466,-28.641788,-29.559824,-78.5125,-24.899244,-17.025972,-128.47386,-34.504738,61.791393,75.588,-9.557559,14.3522415,-9.190584
757,3.6544926166534424,-14.1444091796875,69.32332611083984,0.40830739548564976,0.2606712922518732,-65.74889202656699,-1.9711863,15.960013,6.7279654,58.319668,-33.76809,-13.824173,-45.50754,7.276503,25.977423,58.913467,0.27691227,15.000033,-0.8115451,-0.24538253,29.793802,-25.30751,-2.0054004,-27.855246,-29.262434,-79.25444,-24.85617,-17.384283,-127.07935,-35.24116,56.413605,70.28587,-8.230056,13.229888,-9.79243
758,3.582200050354004,-14.172506332397461,68.81358337402344,0.5036097512760951,0.2474457042435026,-65.16676356846023,-2.1921577,16.05203,6.4231462,58.9462,-35.448776,-14.131513,-45.871128,6.7132087,25.53953,60.00624,-1.7465631,15.000033,-0.98589283,-0.18625277,29.793802,-27.423166,-2.0223153,-26.872028,-29.047167,-79.99193,-24.776342,-17.768242,-125.10198,-35.79032,51.84088,64.32301,-6.4916105,12.050031,-8.823135
759,3.537134885787964,-14.195521354675293,68.35208129882812,0.5672823544482396,0.22199802158629603,-64.6351561811254,-2.5527697,16.06669,5.873797,59.739727,-36.83301,-14.403736,-46.168568,6.2280884,25.167713,60.953568,-3.5445356,15.000033,-1.2183743,-0.14346163,29.793802,-29.628178,-1.8839083,-25.768576,-28.86685,-80.69216,-24.675676,-18.057941,-122.71985,-36.130325,47.71064,58.19145,-4.1952286,10.956051,-7.3568716
760,3.509697437286377,-14.214465141296387,67.95511627197266,0.5908945847518986,0.1778576216784708,-64.25456452855165,-2.8958194,16.1147,5.3895764,60.59315,-37.886578,-14.622384,-46.42552,5.875716,24.810856,61.791584,-5.044333,15.000033,-1.3925279,-0.07919922,29.793802,-31.89846,-1.633241,-24.605434,-28.65506,-81.34915,-24.57197,-18.133368,-120.1612,-36.25726,43.76725,52.425713,-1.2462914,10.015502,-6.4683123
761,3.5015933513641357,-14.234094619750977,67.63111114501953,0.5636761430622115,0.12400163580794271,-64.02464673832903,-3.266315,16.19207,4.9289665,61.56339,-38.537163,-14.774602,-46.6553,5.6570315,24.428295,62.524086,-6.2134705,15.000033,-1.5077226,0.016668143,29.793802,-34.28547,-1.2935504,-23.361696,-28.399784,-82.04267,-24.496523,-17.946947,-117.43985,-36.172104,40.129303,47.04699,2.5747414,9.253727,-6.4553523
762,3.4868967533111572,-14.267951011657715,67.37464141845703,0.4947669223266521,0.06409659279626896,-63.90042779025808,-3.7200913,16.241558,4.367172,62.675976,-38.826916,-14.865636,-46.843258,5.5484104,24.054316,63.135063,-7.0984955,15.000033,-1.6564064,0.10289865,29.793802,-36.6302,-0.9222963,-22.14272,-28.211725,-82.551994,-24.446264,-17.569069,-114.41215,-35.855854,36.86251,41.752136,7.1531124,8.5908985,-6.7393713
763,3.4695041179656982,-14.312545776367188,67.17992401123047,0.39805591791654193,-0.034555308218108254,-63.91494445800845,-4.094384,16.310799,3.8864005,63.772346,-38.88379,-14.909453,-46.951138,5.575398,23.74383,63.629677,-7.748231,15.000033,-1.6906018,0.31802154,29.793802,-39.341805,-0.40866718,-20.676239,-27.699152,-83.19801,-24.304459,-17.061337,-111.22401,-35.339146,33.887306,36.781143,12.029604,7.8654227,-7.0757785
764,3.4666359424591064,-14.361302375793457,67.03373718261719,0.2993638914874876,-0.17262675947360082,-64.10130423775159,-4.266396,16.43922,3.6693354,64.69765,-38.832542,-14.918312,-46.978653,5.7573066,23.561447,64.01134,-8.20196,15.000033,-1.6716095,0.52454174,29.793802,-41.860172,0.1708488,-19.35283,-27.148254,-83.34474,-24.06753,-16.477243,-107.87074,-34.59569,30.818567,32.14137,16.764124,6.951534,-7.1892204
765,3.4765775203704834,-14.406638145446777,66.93570709228516,0.1901131408087814,-0.37909841455523763,-64.51647708306443,-4.1552076,16.669407,3.8097444,65.424995,-38.67693,-14.889561,-46.911327,6.162878,23.530022,64.289925,-8.414169,15.000033,-1.4796348,0.7826028,29.793802,-44.382015,0.819821,-18.089088,-26.372198,-83.408005,-23.713789,-15.964146,-104.34898,-33.612103,27.596548,27.915188,21.5438,5.7930994,-6.961265
766,3.509572982788086,-14.441893577575684,66.88304901123047,0.06525649859124202,-0.6386466250015139,-65.12729893670593,-3.8466685,16.966753,4.1990724,66.03296,-38.358013,-14.820123,-46.7627,6.763489,23.61514,64.45885,-8.378042,15.000033,-1.1518096,1.08378,29.793802,-46.917732,1.5390317,-16.875435,-25.419836,-83.36303,-23.271141,-15.451735,-100.656555,-32.368076,24.385471,24.008844,26.509123,4.482526,-6.503212
767,3.5500760078430176,-14.493854522705078,66.87824249267578,-0.0536208232167004,-0.9150026193133857,-65.83208261541999,-3.4292245,17.26579,4.715601,66.51487,-37.912018,-14.723833,-46.53979,7.4430337,23.786797,64.498856,-8.196619,15.000033,-0.8212325,1.4006997,29.793802,-49.441822,2.3543336,-15.664455,-24.347218,-82.67054,-22.696121,-14.683012,-96.94968,-30.888988,21.39592,20.392496,31.159704,3.1386554,-5.9082537
768,3.5968098640441895,-14.558704376220703,66.92198944091797,-0.1462986836777117,-1.1685639052272307,-66.52852957007005,-2.9984484,17.503721,5.2336817,66.86591,-37.374413,-14.612984,-46.250652,8.078036,24.015602,64.3884,-7.9724917,15.000033,-0.6101044,1.6860929,29.793802,-51.933167,3.3003669,-14.435706,-23.200834,-80.797646,-21.925539,-13.418493,-93.308685,-29.232733,18.770212,16.995703,34.961224,1.8630706,-5.3034425
769,3.648554563522339,-14.609641075134277,67.00366973876953,-0.1978636884741491,-1.402044816956212,-67.23504502238258,-2.5196369,17.663452,5.775957,67.04159,-36.743374,-14.497851,-45.867817,8.666621,24.33617,64.10091,-7.7383223,15.000033,-0.47776008,1.9061685,29.793802,-54.383327,4.3976297,-13.166933,-21.969988,-77.809166,-20.796621,-11.704877,-89.61006,-27.43222,16.436787,13.760267,37.83476,0.6111498,-4.6842723
770,3.7028472423553467,-14.670957565307617,67.1281967163086,-0.22078613968821498,-1.6290751121125875,-67.99039700048017,-1.9671676,17.775507,6.389675,67.05962,-36.001713,-14.368986,-45.39572,9.25723,24.754763,63.65258,-7.4385185,15.000033,-0.36072174,2.0736258,29.793802,-56.81068,5.643396,-11.91611,-20.634653,-74.004135,-19.313639,-9.725654,-85.776054,-25.48506,14.326362,10.643943,40.069782,-0.6548343,-4.0095577
771,3.767517566680908,-14.732040405273438,67.28172302246094,-0.2416076139139886,-1.825024162320022,-68.72225726539968,-1.4543488,17.853409,6.9829245,67.011894,-35.167324,-14.208344,-44.895794,9.809197,25.194881,63.09393,-7.0456333,15.000033,-0.34632403,2.2013445,29.793802,-59.25519,7.038246,-10.784307,-19.207277,-69.18277,-17.58539,-7.4485207,-81.92127,-23.426886,12.561565,7.5890083,41.67141,-1.8407525,-3.3813298
772,3.8314576148986816,-14.791379928588867,67.47319793701172,-0.28118611246235553,-1.9655579721026402,-69.35888252348359,-1.0956808,17.916565,7.465101,66.98972,-34.257374,-13.998685,-44.43127,10.286714,25.582388,62.476044,-6.5402107,15.000033,-0.510224,2.3044596,29.793802,-61.7702,8.57656,-9.884127,-17.697922,-63.088936,-15.651268,-4.816989,-78.131386,-21.324352,11.240131,4.523401,42.634663,-2.8511617,-2.907328
773,3.895129919052124,-14.851127624511719,67.69312286376953,-0.3391411228495144,-2.039090963258875,-69.88149801837945,-0.9149735,17.953968,7.8170257,66.991196,-33.262276,-13.731594,-44.011265,10.655136,25.895369,61.78812,-5.9199357,15.000033,-0.8521823,2.3790495,29.793802,-64.383385,10.228662,-9.203849,-16.14771,-55.235435,-13.297503,-1.690455,-74.308044,-19.239567,10.419769,1.346888,42.647438,-3.6379416,-2.6787765
774,3.972309112548828,-14.890864372253418,67.94497680664062,-0.4088305874614564,-2.0576676438201917,-70.32844009924908,-0.85830957,17.968487,8.085964,66.97797,-32.177883,-13.417896,-43.608807,10.942089,26.174568,61.010155,-5.196313,15.000033,-1.2854958,2.4382792,29.793802,-67.11861,11.953732,-8.749567,-14.525858,-46.02147,-10.2445345,1.5999916,-70.35163,-17.197357,10.033305,-1.9389915,41.828358,-4.2698603,-2.6441672
775,4.049246788024902,-14.924508094787598,68.22281646728516,-0.5098685414419423,-2.03040070092029,-70.71265672070753,-0.928947,18.001242,8.278133,66.99356,-31.03121,-13.068208,-43.24071,11.197393,26.42543,60.171635,-4.347018,15.000033,-1.7707632,2.5177813,29.793802,-70.02419,13.723914,-8.670077,-12.730342,-36.32625,-6.5263476,4.5043364,-66.35191,-15.216515,9.97047,-5.227363,40.808983,-4.8171177,-2.682847
776,4.127297878265381,-14.948307037353516,68.52006530761719,-0.666219402689438,-1.961831936639226,-71.04706228722542,-1.1328936,18.09078,8.399263,67.07946,-29.847101,-12.692872,-42.925854,11.470549,26.65415,59.299255,-3.3479412,15.000033,-2.2905192,2.6447365,29.793802,-73.136894,15.519447,-9.113918,-10.661046,-26.768286,-2.3450415,6.6532936,-62.42146,-13.309175,10.115432,-8.387786,40.233505,-5.3514457,-2.6616893
777,4.2115583419799805,-14.966856002807617,68.82991790771484,-0.88795496686135,-1.8435212289125522,-71.3123111308947,-1.4958,18.249153,8.4370775,67.232056,-28.578812,-12.29229,-42.667305,11.7624035,26.861465,58.378326,-2.1509905,15.000033,-2.893978,2.8382268,29.793802,-76.45453,17.307407,-10.10107,-8.408349,-16.535885,2.4776807,7.9676366,-58.550354,-11.499148,10.477702,-11.347158,40.414673,-5.907062,-2.541907
778,4.291687965393066,-14.97342300415039,69.14967346191406,-1.162626600022047,-1.6682967454939044,-71.50909801352351,-2.017472,18.456257,8.391822,67.43596,-27.229479,-11.861124,-42.464455,12.043595,27.045456,57.397705,-0.7825178,15.000033,-3.6028469,3.0961702,29.793802,-79.948784,19.038485,-11.587882,-6.015912,-5.2491355,7.884325,8.321195,-54.716522,-9.800468,11.129469,-14.127468,40.97028,-6.4388647,-2.3849688
779,4.383569717407227,-14.957006454467773,69.46800994873047,-1.4725377143354612,-1.4440404745219724,-71.67999939218824,-2.665977,18.699158,8.287121,67.713776,-25.898418,-11.399469,-42.334072,12.320677,27.206438,56.39555,0.6669974,15.000033,-4.373506,3.3987536,29.793802,-83.58634,20.688475,-13.606018,-3.3256814,5.911309,13.127869,7.716703,-51.039143,-8.20394,12.024305,-16.731108,41.506817,-6.9011884,-2.2070742
780,4.47617244720459,-14.931917190551758,69.77843475341797,-1.7953253582278168,-1.1852717230844563,-71.86762024650537,-3.3995018,18.962866,8.147896,68.08278,-24.683939,-10.906051,-42.28384,12.60422,27.34366,55.409054,2.106963,15.000033,-5.152342,3.713022,29.793802,-87.32494,22.260677,-16.170565,-0.20254175,15.548574,17.523129,6.6326904,-47.632954,-6.688326,13.087241,-19.167048,41.619892,-7.2475286,-2.0292807
781,4.553475379943848,-14.916984558105469,70.06938171386719,-2.170625714335128,-0.9038461678824481,-72.0682609947966,-4.2260976,19.281017,7.946654,68.55276,-23.519892,-10.414767,-42.26064,12.973369,27.510117,54.33235,3.6714475,15.000033,-5.975309,4.061774,29.793802,-91.126274,23.75275,-19.252432,3.2815752,23.35873,21.169878,5.577907,-44.57782,-5.2624097,14.286725,-21.297602,41.17118,-7.43941,-1.8198112
782,4.63877010345459,-14.889225006103516,70.34211730957031,-2.588297468038558,-0.5978926426890856,-72.26338768174116,-5.151507,19.640903,7.6796603,69.104385,-22.381052,-9.910775,-42.26893,13.386054,27.687157,53.18136,5.349593,15.000033,-6.876521,4.4632897,29.793802,-94.88765,25.150558,-22.791199,6.9454246,30.177174,24.417797,4.533715,-41.84785,-3.9433045,15.618594,-23.07466,40.378307,-7.5058064,-1.5839251
783,4.7159504890441895,-14.859114646911621,70.57764434814453,-2.970532807513036,-0.2653376707448924,-72.4766088640056,-6.119518,19.962357,7.414981,69.714485,-21.432426,-9.320265,-42.39426,13.697866,27.762169,52.18375,6.844963,15.000033,-7.786399,4.8719974,29.793802,-98.54912,26.455544,-26.747938,10.802473,36.06179,27.10026,3.5364325,-39.388973,-2.7134933,17.044119,-24.665167,39.365314,-7.502049,-1.3992094
784,4.799383163452148,-14.824527740478516,70.76972961425781,-3.241036136424997,0.09325459196520483,-72.73439475739565,-7.0671735,20.173779,7.2273726,70.36151,-20.84164,-8.5722885,-42.72238,13.785351,27.620296,51.575935,7.8707175,15.000033,-8.608012,5.230029,29.793802,-102.120026,27.699041,-31.122425,14.882009,40.89405,28.99271,2.677527,-37.12305,-1.5336264,18.522818,-26.273031,38.23958,-7.478973,-1.337599
785,4.886681079864502,-14.780900955200195,70.90887451171875,-3.353852846283406,0.47945580203171184,-73.06380426021758,-7.9637604,20.237925,7.1935735,71.03559,-20.668245,-7.5414257,-43.314228,13.517939,27.126495,51.415447,8.226115,15.000033,-9.3377,5.4854155,29.793802,-105.8804,28.909262,-35.87394,19.306335,44.5505,30.137323,2.2421274,-35.073483,-0.36874324,20.062218,-27.893894,36.921875,-7.4235845,-1.4846092
786,4.975452899932861,-14.73383903503418,70.99126434326172,-3.3582199817585883,0.8776104047361795,-73.44201194903196,-8.823815,20.197094,7.2576623,71.74513,-20.822763,-6.3033447,-44.08652,13.003468,26.384392,51.58928,8.084449,15.000033,-10.040568,5.6857247,29.793802,-109.78705,30.085909,-40.99186,23.956274,47.018246,30.760668,2.3135087,-33.290802,0.79309934,21.668085,-29.400265,35.36096,-7.3063803,-1.7743833
787,5.058817386627197,-14.69284725189209,71.01551055908203,-3.3205849779624974,1.2707625356860242,-73.82235351903877,-9.667129,20.094797,7.293344,72.505104,-21.249748,-5.091953,-44.9281,12.484466,25.637426,52.078484,7.7461667,15.000033,-10.7626705,5.8966603,29.793802,-113.50943,31.212402,-46.541348,28.651089,48.309406,30.837038,2.6964028,-31.81343,1.949973,23.295843,-30.764614,33.7736,-7.1577764,-2.0469859
788,5.1220598220825195,-14.664128303527832,70.97431945800781,-3.305319246848841,1.65145787101342,-74.16486154535585,-10.52499,19.974619,7.1785917,73.33248,-21.889595,-4.140917,-45.74983,12.216799,25.132376,52.86476,7.5356245,15.000033,-11.523167,6.172942,29.793802,-116.820694,32.27606,-52.624355,33.288677,48.45564,30.29844,3.1736734,-30.676857,3.0861437,24.872612,-31.991936,32.394653,-7.017837,-2.1447175
789,5.174910545349121,-14.636185646057129,70.8727798461914,-3.3200236638980867,2.029882464293497,-74.49016083597014,-11.407843,19.83212,6.8825407,74.26973,-22.844067,-3.5246818,-46.604717,12.371181,25.012777,54.157887,7.704943,15.000033,-12.2604685,6.5118523,29.793802,-120.18479,33.291195,-59.340538,38.1756,46.93655,28.994875,3.9243767,-29.842175,4.1875954,26.349468,-33.193184,31.2878,-6.876909,-1.9579161
790,5.223201274871826,-14.600786209106445,70.69878387451172,-3.329518834858435,2.4083997944594517,-74.81096939813959,-12.300718,19.639399,6.4690514,75.29743,-24.10348,-3.1175787,-47.51828,12.777508,25.133951,55.89165,8.037253,15.000033,-12.98376,6.8880625,29.793802,-123.811066,34.249153,-66.61939,43.29214,44.005024,27.002625,4.88598,-29.307302,5.2583385,27.746738,-34.349377,30.335218,-6.7318473,-1.5967977
791,5.251644134521484,-14.563983917236328,70.4586181640625,-3.3389105717120815,2.7776769049303764,-75.07896136088276,-13.209941,19.414604,5.962141,76.346634,-25.440668,-2.8514235,-48.37981,13.19029,25.291521,57.63378,8.17528,15.000033,-13.761585,7.321215,29.793802,-127.24819,35.111935,-74.45661,48.193493,40.80744,24.613022,5.5464163,-29.066957,6.313353,29.096308,-35.376087,29.45426,-6.631947,-1.2421161
792,5.2759294509887695,-14.527360916137695,70.15023040771484,-3.3565112997508186,3.1334116299172874,-75.24629301266998,-14.147632,19.181164,5.384702,77.34606,-26.627686,-2.6579359,-49.092564,13.3559065,25.271793,58.957603,7.755605,15.000033,-14.620047,7.831859,29.793802,-130.1149,35.835537,-83.00247,52.552406,38.378384,22.165527,5.5528746,-29.035751,7.3841095,30.459152,-36.25473,28.504555,-6.6256466,-1.0780464
793,5.30696439743042,-14.50349235534668,69.77559661865234,-3.397741831965827,3.490942632803054,-75.27752703310017,-15.190092,18.960573,4.699659,78.30408,-27.608488,-2.5150647,-49.595245,13.173473,24.99061,59.647034,6.5869756,15.000033,-15.545697,8.43226,29.793802,-132.4533,36.39919,-93.5405,56.50847,37.611485,19.50037,4.605913,-29.238993,8.469804,31.777225,-37.067924,27.481613,-6.7251377,-1.2076842
794,5.321895122528076,-14.494267463684082,69.35386657714844,-3.463706195851018,3.837295722007865,-75.2053573876302,-16.293474,18.74536,3.906684,79.24848,-28.504108,-2.4631593,-49.93989,12.796454,24.551662,59.961163,4.8990703,15.000033,-16.47293,9.119817,29.793802,-134.93661,36.75373,-105.95736,60.49535,37.64744,16.567543,3.1055574,-29.681545,9.58218,33.00306,-37.81807,26.410036,-6.8952436,-1.5140146
795,5.336059093475342,-14.471901893615723,68.8892593383789,-3.5830497989188883,4.073508748207161,-75.08114344994291,-17.239702,18.561674,3.0555642,80.15163,-29.369354,-2.538656,-50.148094,12.361073,23.981108,60.180172,2.9532814,15.000033,-17.012781,10.712297,29.793802,-136.98802,36.800526,-115.98587,64.732895,37.95555,13.824315,1.7060567,-30.890348,10.638739,33.636787,-37.550907,25.003292,-7.028568,-1.81777
796,5.377951145172119,-14.436538696289062,68.38643646240234,-3.7595642591789433,4.159460810780852,-74.95707699057333,-17.87918,18.414598,2.2083976,80.98482,-30.253689,-2.7683353,-50.3094,11.980711,23.325119,60.589054,1.0084761,15.000033,-16.856607,13.594675,29.793802,-137.8886,36.435585,-120.32074,69.40994,37.33752,11.85718,1.0666742,-33.13867,11.386888,33.29327,-35.859543,23.285677,-7.0795584,-1.9685923
797,5.441497325897217,-14.415518760681152,67.86113739013672,-3.9009868894700466,4.205142818561389,-74.80031441317938,-18.309322,18.20617,1.4103751,81.723816,-31.091354,-3.1696448,-50.577568,11.548756,22.613815,61.293827,-1.061231,15.000033,-16.540146,16.535349,29.793802,-138.0035,35.69872,-122.53816,74.61626,32.42478,10.747923,1.4010333,-35.36572,11.852999,32.93953,-34.160328,21.609547,-7.225543,-1.9671102
798,5.530596733093262,-14.391641616821289,67.31851959228516,-4.0119082650436795,4.23421804917344,-74.59727856879239,-18.611977,17.949013,0.63460624,82.38957,-31.875395,-3.7148395,-50.908806,11.024083,21.8327,62.14051,-3.3324862,15.000033,-16.22416,19.344284,29.793802,-137.50253,34.724453,-123.998215,80.18123,24.24934,9.891655,2.4252772,-37.4659,12.1501875,32.78451,-32.60575,19.996862,-7.482914,-1.9174072
799,5.630134105682373,-14.368165969848633,66.79032135009766,-4.102995926409459,4.284157974196534,-74.43914548285251,-18.84176,17.674555,-0.07932144,83.01339,-32.689552,-4.3247685,-51.34799,10.539203,21.091833,63.07534,-5.4670167,15.000033,-16.126122,21.191109,29.793802,-137.23889,33.70817,-124.67183,84.861824,15.356452,8.77928,3.4987512,-38.87443,12.4847765,33.10047,-31.806875,18.770452,-7.821331,-1.9090501
800,5.734576225280762,-14.344369888305664,66.279296875,-4.1858983942193735,4.395344682260053,-74.42070442015314,-19.055944,17.4148,-0.69003886,83.62298,-33.61913,-4.921393,-51.94656,10.239846,20.508268,64.043915,-7.123212,15.000033,-16.458347,21.2124,29.793802,-137.89943,32.85807,-124.38429,87.61328,8.424428,7.308261,3.7115633,-39.009983,13.100806,34.106117,-32.410233,18.227026,-8.197689,-2.0087917
801,5.829835414886475,-14.310882568359375,65.79885864257812,-4.257590842726742,4.639174633595583,-74.56546156244444,-19.315676,17.139883,-1.2219431,84.225555,-34.754726,-5.526912,-52.820736,10.152491,20.094715,65.07514,-8.183954,15.000033,-17.58218,18.703104,29.793802,-139.72272,32.51804,-122.41686,87.09881,4.1032844,6.4741774,2.8345153,-37.341312,14.073918,36.319504,-35.065685,18.77514,-8.6868305,-2.3797526
802,5.924373149871826,-14.26995849609375,65.34519958496094,-4.302761036008855,4.893288147237825,-74.82252532260529,-19.47136,16.84323,-1.6642522,84.7871,-36.034588,-6.164277,-53.82592,10.213028,19.811235,66.19953,-8.859645,15.000033,-19.780607,14.618291,29.793802,-141.19904,32.67142,-117.64449,85.23063,1.6460023,6.3566523,1.8465909,-34.964615,16.014023,39.98098,-37.870975,19.625648,-9.276329,-2.9199033
803,6.032115459442139,-14.216473579406738,64.9210433959961,-4.428903725705176,4.930967169675321,-75.175495892044,-19.332453,16.700428,-2.01928,85.328636,-37.3322,-6.7875366,-54.630116,10.488201,19.583654,67.29349,-9.261332,15.000033,-21.441456,12.069308,29.793802,-141.50722,33.26834,-107.589035,83.74644,1.9083185,6.0101857,1.5629581,-34.241264,18.071362,42.594757,-38.19305,19.87872,-9.619462,-3.2812455
804,6.1371235847473145,-14.154869079589844,64.5318832397461,-4.5972095765303695,4.765087302836765,-75.62015064545925,-18.967583,16.729898,-2.2000177,85.85502,-38.46427,-7.313703,-55.184883,10.967798,19.475277,68.28326,-9.486783,15.000033,-22.16364,11.110946,29.793802,-140.97647,34.039932,-96.86451,82.54901,2.2251477,5.1912246,1.4004308,-34.925488,19.791162,43.524284,-36.68045,19.453775,-9.6500225,-3.2427397
805,6.219913005828857,-14.080095291137695,64.1820068359375,-4.706663095931844,4.460856603791377,-76.22019127068967,-18.42319,16.858046,-2.0757875,86.3522,-39.36308,-7.6957264,-55.594563,11.706666,19.66261,69.220024,-9.460263,15.000033,-22.61594,10.292655,29.793802,-139.96263,34.885483,-89.20104,81.412254,0.5026933,3.8579237,0.31010896,-35.797222,21.067633,43.80318,-34.868717,18.61435,-9.446976,-2.6504486
806,6.275084018707275,-14.018045425415039,63.86792755126953,-4.768408174281807,4.05352570297567,-76.95706872076464,-17.717276,17.051798,-1.7097552,86.81493,-40.116665,-7.978679,-55.914307,12.667893,20.084461,70.13534,-9.162775,15.000033,-23.04168,9.350575,29.793802,-138.51047,35.75614,-82.82735,80.02688,-2.2686076,2.2679298,-1.5060284,-36.44564,21.9597,44.032997,-33.087852,17.502365,-9.122745,-1.706859
807,6.312161445617676,-13.953282356262207,63.59110641479492,-4.800742515421419,3.598694290642261,-77.7106085588005,-16.955524,17.27258,-1.2263956,87.23494,-40.73638,-8.187163,-56.130383,13.656063,20.566742,70.96494,-8.779415,15.000033,-23.435022,8.444673,29.793802,-136.79391,36.597496,-77.51761,78.42936,-5.9385552,0.58038443,-3.3082523,-36.91332,22.505898,44.23804,-31.44134,16.37819,-8.77514,-0.7509083
808,6.345455169677734,-13.891984939575195,63.35188293457031,-4.8266219545098945,3.154773052236654,-78.36438757788811,-16.249805,17.491343,-0.7499131,87.60599,-41.23781,-8.346419,-56.23917,14.483002,20.94479,71.6409,-8.493034,15.000033,-23.75647,7.7059627,29.793802,-135.11823,37.37341,-73.27521,76.73266,-10.336152,-1.1650552,-4.345173,-37.229187,22.757683,44.417576,-30.063267,15.502483,-8.477095,-0.12565188
809,6.367800235748291,-13.833539009094238,63.15741729736328,-4.864860285690776,2.7195438864597445,-78.95084734747829,-15.593342,17.771105,-0.2247193,87.9513,-41.60538,-8.430938,-56.236057,15.180812,21.197582,72.14207,-8.320766,15.000033,-23.8805,7.1823335,29.793802,-133.68987,38.0921,-70.75921,75.19152,-15.799431,-3.20755,-4.147667,-37.473343,22.722631,44.446884,-28.94025,14.921932,-8.187851,0.049277253
810,6.394745349884033,-13.766987800598145,63.01115798950195,-4.903977048397681,2.2658960989623154,-79.51314317451147,-14.933837,18.105803,0.38523003,88.2661,-41.83814,-8.439876,-56.12244,15.826497,21.411032,72.50344,-8.174867,15.000033,-23.828642,6.750443,29.793802,-132.33977,38.769943,-69.796295,73.80901,-22.283506,-5.6403437,-3.3566582,-37.610966,22.410894,44.33946,-28.036955,14.4961195,-7.871158,-0.029131522
811,6.433975696563721,-13.681988716125488,62.915618896484375,-4.922378225708057,1.8161307819528327,-79.95178697405612,-14.32424,18.3725,0.923689,88.50582,-41.973797,-8.4338455,-55.910213,16.309343,21.580397,72.7335,-8.074089,15.000033,-23.76105,6.3132277,29.793802,-130.87463,39.399567,-69.20114,72.27962,-29.047506,-8.191347,-2.8021731,-37.528797,21.882992,44.243633,-27.427599,14.213108,-7.593116,-0.22915168
812,6.477569103240967,-13.587059020996094,62.86508560180664,-4.905285326216709,1.390569436244181,-80.16662241980826,-13.819826,18.453878,1.2293984,88.62669,-42.05023,-8.473393,-55.60846,16.516558,21.697031,72.83857,-8.0373125,15.000033,-23.830687,5.8065896,29.793802,-129.1254,39.958637,-67.7528,70.276794,-35.40799,-10.411656,-3.1795778,-37.17222,21.216412,44.253803,-27.121864,14.061763,-7.4190526,-0.41390893
813,6.522324085235596,-13.459207534790039,62.86018371582031,-4.830634039887005,0.9799857570632904,-80.09115762191388,-13.449959,18.284609,1.2226197,88.6347,-42.042675,-8.577696,-55.198673,16.368147,21.750252,72.83552,-8.108719,15.000033,-24.093544,5.2216425,29.793802,-127.05359,40.42321,-65.00307,67.610405,-41.415867,-12.109525,-4.6630125,-36.591465,20.459314,44.32543,-27.075893,14.161958,-7.3809137,-0.62224245
814,6.5519280433654785,-13.322070121765137,62.897117614746094,-4.72249889375305,0.5719060376025478,-79.79254488263288,-13.175289,17.946619,0.9966334,88.54843,-41.945625,-8.714316,-54.67798,15.942311,21.74095,72.713524,-8.265694,15.000033,-24.453394,4.6248097,29.793802,-124.760925,40.788643,-61.568073,64.42753,-47.4109,-13.387396,-6.790808,-35.881516,19.612085,44.34539,-27.193851,14.475984,-7.4343657,-0.8913755
815,6.578344345092773,-13.162114143371582,62.97356414794922,-4.621382840873577,0.18161645234864376,-79.36880001617605,-12.950652,17.543911,0.6485087,88.344124,-41.822514,-8.86571,-54.079994,15.362358,21.675665,72.438194,-8.425505,15.000033,-24.84426,4.053313,29.793802,-122.318535,41.0541,-57.8548,60.89814,-53.15105,-14.201057,-9.168283,-35.04065,18.679806,44.318977,-27.433218,14.756078,-7.530244,-1.0830202
816,6.604590892791748,-12.982940673828125,63.09926986694336,-4.5692971531083675,-0.17246261303674165,-78.91800845241363,-12.734523,17.179152,0.27562878,87.996666,-41.735542,-9.013507,-53.439613,14.751802,21.563515,71.97487,-8.505343,15.000033,-25.197504,3.5400825,29.793802,-119.756134,41.234047,-54.257614,57.18051,-58.346027,-14.596863,-11.393891,-34.0597,17.665457,44.24888,-27.7589,14.755719,-7.6169786,-1.0588104
817,6.635232448577881,-12.793590545654297,63.26481628417969,-4.585829097403772,-0.47912645747784355,-78.40686774753334,-12.560435,16.85557,-0.18192622,87.51752,-41.704205,-9.160021,-52.75715,14.086962,21.36402,71.31185,-8.532392,15.000033,-25.554358,3.0746515,29.793802,-116.998405,41.342133,-50.754955,53.116253,-62.79903,-14.496205,-13.40285,-32.891674,16.578598,44.14148,-28.21539,14.39672,-7.716958,-0.67551744
818,6.662306308746338,-12.582802772521973,63.476051330566406,-4.647333796147484,-0.7488157144141193,-77.80147392796323,-12.433149,16.528297,-0.74915713,86.91527,-41.697823,-9.310427,-52.01487,13.323455,21.080734,70.46738,-8.534543,15.000033,-25.933962,2.6445432,29.793802,-113.99721,41.375923,-47.14956,48.58213,-66.66173,-13.973343,-15.282078,-31.532927,15.432695,43.9965,-28.806362,13.795865,-7.851969,-0.041449327
819,6.696114540100098,-12.363117218017578,63.72902297973633,-4.724770125567414,-0.9968790998956899,-77.19944321802355,-12.270364,16.228289,-1.2758999,86.158745,-41.699196,-9.449777,-51.221817,12.552544,20.794973,69.45685,-8.431562,15.000033,-26.254698,2.2588575,29.793802,-110.80333,41.335667,-43.594624,43.83157,-70.17759,-13.365575,-16.921131,-30.09444,14.221783,43.755535,-29.435593,13.075983,-7.964535,0.609639
820,6.724788188934326,-12.133979797363281,64.02265167236328,-4.791504491958548,-1.2345788358379743,-76.69985711492205,-11.998443,15.983861,-1.609905,85.215385,-41.694096,-9.563428,-50.39504,11.862711,20.593761,68.2954,-8.142044,15.000033,-26.41943,1.9322844,29.793802,-107.49292,41.209354,-40.264477,39.156864,-73.61919,-13.003778,-18.259602,-28.590603,12.953427,43.459473,-30.050304,12.261112,-7.995583,1.0364848
821,6.767932415008545,-11.894838333129883,64.3576889038086,-4.83790934583038,-1.4629454715265207,-76.3178264204832,-11.590669,15.811457,-1.7058312,84.054115,-41.706215,-9.659486,-49.53761,11.265163,20.491598,66.987724,-7.6664867,15.000033,-26.415558,1.6580764,29.793802,-104.07219,40.983006,-37.270905,34.603825,-77.140884,-13.034321,-19.321997,-27.0441,11.621463,43.075577,-30.653536,11.345033,-7.903646,1.1905483
822,6.82291841506958,-11.637382507324219,64.73128509521484,-4.878926462648285,-1.6739045673768873,-76.00510280639945,-11.093901,15.691329,-1.6454802,82.69925,-41.73322,-9.738962,-48.644268,10.717079,20.449123,65.52371,-7.0384383,15.000033,-26.282938,1.4296602,29.793802,-100.4909,40.63956,-34.52023,30.02274,-80.603676,-13.314351,-20.181576,-25.380068,10.233386,42.63474,-31.305094,10.275044,-7.7278266,1.196396
823,6.8861284255981445,-11.363394737243652,65.14476776123047,-4.906773946596386,-1.8727250575496024,-75.76564294694298,-10.539305,15.594827,-1.4642266,81.20009,-41.722805,-9.780083,-47.718647,10.220111,20.477982,63.906094,-6.234212,15.000033,-26.040056,1.2250036,29.793802,-96.78187,40.1754,-31.929293,25.489084,-83.83179,-13.735507,-20.874945,-23.636774,8.799225,42.12089,-31.967989,9.192858,-7.5149784,1.0839946
824,6.96187686920166,-11.068107604980469,65.59073638916016,-4.921481808723242,-2.063001101906583,-75.60333646302497,-9.95532,15.491275,-1.1958852,79.600044,-41.62544,-9.763879,-46.763634,9.779151,20.589691,62.135204,-5.229962,15.000033,-25.709154,1.0305074,29.793802,-92.96516,39.593388,-29.405743,21.075043,-86.63921,-14.181901,-21.423988,-21.845613,7.3386436,41.541634,-32.59499,8.219689,-7.3133254,0.8776574
825,7.032626152038574,-10.764012336730957,66.07288360595703,-4.898570164504193,-2.258187864546878,-75.52078277197542,-9.321568,15.357727,-0.81032157,77.88882,-41.43556,-9.667008,-45.769985,9.370712,20.80298,60.21985,-4.036982,15.000033,-25.303888,0.8283614,29.793802,-88.97082,38.88629,-26.919487,16.738007,-88.94434,-14.694747,-21.752178,-20.006977,5.87265,40.915993,-33.15509,7.364177,-7.1152544,0.51421016
826,7.104780673980713,-10.442496299743652,66.592529296875,-4.846307643253706,-2.4515950604150016,-75.51530216100404,-8.627923,15.206664,-0.2972724,76.04484,-41.18262,-9.510258,-44.740772,8.995881,21.111824,58.159412,-2.664386,15.000033,-24.821772,0.63541156,29.793802,-84.77534,38.049793,-24.537918,12.434682,-90.85249,-15.33581,-21.898455,-18.121037,4.4136863,40.23989,-33.64531,6.5653796,-6.8958697,0.0023881106
827,7.190728187561035,-10.09024715423584,67.14157104492188,-4.79986607362802,-2.6190634301204545,-75.5828566571022,-7.926192,15.060831,0.27690417,74.11207,-40.84482,-9.339801,-43.698204,8.677629,21.49232,55.934166,-1.0810379,15.000033,-24.2629,0.49583665,29.793802,-80.458954,37.107643,-22.307394,8.234304,-92.46361,-15.999008,-22.03885,-16.230122,2.969345,39.485657,-34.033363,5.842899,-6.681516,-0.5299297
828,7.287331581115723,-9.71047306060791,67.72126770019531,-4.79544467822428,-2.7337461442321103,-75.71942074283889,-7.268287,14.944374,0.8460804,72.12871,-40.40284,-9.20036,-42.666145,8.441441,21.921131,53.522945,0.74589074,15.000033,-23.654762,0.4523983,29.793802,-76.06414,36.098145,-20.234854,4.195433,-93.86439,-16.55838,-22.344397,-14.386453,1.5488293,38.650703,-34.28019,5.2174478,-6.502944,-0.95885426
829,7.394020080566406,-9.322196006774902,68.33074951171875,-4.858778736958901,-2.7769077259485675,-75.92613821144573,-6.690036,14.882445,1.4067479,70.09756,-39.82785,-9.096613,-41.65217,8.299262,22.419428,50.851254,2.972817,15.000033,-23.044064,0.533078,29.793802,-71.47518,35.05237,-18.280191,0.26054403,-95.091644,-16.9692,-22.89928,-12.621774,0.16890839,37.754795,-34.329,4.676857,-6.3790207,-1.251577
830,7.504801273345947,-8.923745155334473,68.96007537841797,-4.962004128554459,-2.7642812020978007,-76.20344790058874,-6.1561236,14.849674,1.9933362,67.9971,-39.135967,-9.009217,-40.646732,8.215353,22.999413,47.94726,5.5347924,15.000033,-22.459385,0.70272356,29.793802,-66.59134,33.98492,-16.428314,-3.6671748,-96.108574,-17.282604,-23.600187,-10.950408,-1.1535193,36.841103,-34.16085,4.2145076,-6.289171,-1.4804025
831,7.62190055847168,-8.517435073852539,69.5948715209961,-5.066098291943241,-2.7195518159810126,-76.5462927441203,-5.6167593,14.796743,2.592992,65.83391,-38.38063,-8.945179,-39.65467,8.144056,23.622444,44.953526,8.133898,15.000033,-21.896841,0.9064051,29.793802,-61.464527,32.91518,-14.709037,-7.5925965,-96.889915,-17.512615,-24.330431,-9.402019,-2.4123492,35.939682,-33.782322,3.8608313,-6.212757,-1.6779562
832,7.7455854415893555,-8.09778118133545,70.22980499267578,-5.122574763416651,-2.633937491054994,-76.95366036942707,-5.062549,14.663502,3.192429,63.615845,-37.61062,-8.907218,-38.718506,8.03839,24.25466,42.012455,10.475555,15.000033,-21.358122,1.0880814,29.660583,-56.1014,31.850912,-13.1627445,-11.450162,-97.42091,-17.67976,-24.986923,-7.957666,-3.59188,35.099766,-33.1489,3.665559,-6.132275,-1.8833616
833,7.872068881988525,-7.681469440460205,70.84898376464844,-5.100877826201579,-2.4494721237382957,-77.43323590857965,-4.5489917,14.397573,3.7692137,61.310112,-36.799484,-8.899293,-37.845646,7.9104095,25.0536,38.956036,12.691187,15.000033,-20.88178,1.2101343,29.151167,-50.40265,30.77966,-11.842636,-15.107522,-97.700134,-17.790546,-25.567698,-6.598947,-4.6528177,34.371063,-32.085785,3.7315826,-6.0356107,-2.0895228
834,8.013386726379395,-7.280514240264893,71.44305419921875,-5.055263015684817,-2.2471132779989995,-77.9826921889562,-3.99064,14.065877,4.3280077,58.91066,-35.937275,-8.925587,-36.96867,7.770541,25.960081,35.785946,14.870461,15.000033,-20.434093,1.2808398,28.652998,-44.549545,29.728178,-10.7235565,-18.662363,-97.705124,-17.833227,-26.093355,-5.4545717,-5.6088715,33.699326,-30.745565,3.9569657,-5.927403,-2.2621748
835,8.15850830078125,-6.897669315338135,72.0082015991211,-4.994161456940931,-2.029235015534889,-78.59775343554813,-3.4086661,13.712139,4.9063983,56.489025,-35.078472,-8.967303,-36.234215,7.554924,26.65513,32.912678,16.665585,15.000033,-19.996174,1.3165746,28.157051,-38.63471,28.717323,-9.795138,-22.066711,-97.5052,-17.809137,-26.571148,-4.4824996,-6.473954,33.107952,-29.210833,4.2337694,-5.839197,-2.4459248
836,8.288907051086426,-6.552819728851318,72.53668975830078,-4.999265834885937,-1.8282470446072696,-79.25651083449269,-2.8073514,13.4715,5.4998803,54.148182,-34.299137,-9.028192,-35.700905,7.2642875,26.71122,30.64996,17.753992,15.000033,-19.560055,1.3945583,27.702574,-32.75452,27.763477,-9.038296,-25.260893,-97.162895,-17.720165,-27.01303,-3.6357043,-7.261878,32.613728,-27.566132,4.454526,-5.8021884,-2.6851926
837,8.404959678649902,-6.213050842285156,73.02042388916016,-5.028944510826288,-1.6291162735477438,-79.97525846598964,-2.1678321,13.287616,6.126747,51.83042,-33.585995,-9.111401,-35.375214,6.826212,25.959326,29.010046,17.893658,15.000033,-19.11045,1.4687905,27.236967,-26.900244,26.888308,-8.445096,-28.180548,-96.699646,-17.544859,-27.438648,-2.9067893,-7.9822197,32.24165,-25.782042,4.5933013,-5.8554263,-3.049099
838,8.503246307373047,-5.883626937866211,73.46353912353516,-5.044702984817342,-1.4199843960033711,-80.75791624678706,-1.492832,13.107208,6.786338,49.496502,-32.900352,-9.210801,-35.219383,6.256838,24.454782,27.848417,17.288404,14.431487,-18.655266,1.485209,26.743294,-21.06233,26.104496,-8.008998,-30.815268,-96.08771,-17.294836,-27.837343,-2.3010316,-8.641233,31.988888,-23.853546,4.7115083,-5.9744906,-3.495395
839,8.584866523742676,-5.548953533172607,73.8601303100586,-5.058016213895631,-1.2030473927574374,-81.57965098041839,-0.8480193,12.953225,7.5066147,47.260826,-32.26968,-9.277842,-35.225628,5.7731066,22.754007,27.302036,16.244293,13.772201,-18.185505,1.4606586,26.243004,-15.377384,25.408506,-7.715099,-33.148125,-95.3222,-17.016819,-28.170937,-1.7758366,-9.246975,31.805792,-21.894846,4.834335,-6.094507,-3.901761
840,8.653948783874512,-5.2072296142578125,74.21297454833984,-5.079386353435613,-0.9776802167003017,-82.41895529985801,-0.29864994,12.851671,8.323087,45.236874,-31.718805,-9.270821,-35.44796,5.5318174,21.239712,27.527477,15.073325,13.063097,-17.6742,1.426778,25.746422,-9.996581,24.787893,-7.553964,-35.14989,-94.390816,-16.754791,-28.396606,-1.2782453,-9.809059,31.624563,-20.018541,4.9873857,-6.1502166,-4.147178
841,8.708032608032227,-4.855222702026367,74.52204132080078,-5.1114549950509645,-0.7145130479540263,-83.30252124128528,0.11844074,12.813172,9.2717905,43.44487,-31.25115,-9.183614,-35.990513,5.606262,20.010191,28.671356,13.739999,12.217403,-17.06887,1.4154803,25.193506,-4.979635,24.246857,-7.520463,-36.71609,-93.23168,-16.513517,-28.474075,-0.7913752,-10.334345,31.412073,-18.218987,5.2047133,-6.124396,-4.16914
842,8.75509262084961,-4.503106117248535,74.79097747802734,-5.1409396125528755,-0.4238393698159307,-84.22980461872191,0.44516766,12.812583,10.332219,41.828613,-30.853985,-9.038061,-36.80961,5.873908,18.892345,30.609497,12.125822,11.28974,-16.370577,1.4112158,24.56727,-0.3064751,23.791853,-7.610648,-37.798218,-91.86678,-16.27251,-28.431078,-0.3154653,-10.826047,31.184528,-16.443604,5.467554,-6.0509233,-4.0430107
843,8.80994987487793,-4.147210597991943,75.01837921142578,-5.1608253564990765,-0.1634422504861739,-85.13790669114657,0.73581886,12.8198,11.457086,40.385754,-30.528683,-8.8357725,-37.752876,6.1782956,17.794142,33.09059,10.4247675,10.371985,-15.629319,1.3876114,23.941956,4.0035586,23.410772,-7.8129754,-38.471466,-90.405945,-16.032793,-28.325727,0.17375682,-11.288999,30.938688,-14.724939,5.720694,-5.9408083,-3.8558576
844,8.858091354370117,-3.776461362838745,75.19903564453125,-5.157194312238541,0.00951725961447858,-85.96490059970372,1.0428723,12.807567,12.597155,39.114697,-30.276144,-8.577738,-38.663445,6.3592834,16.62168,35.867397,8.825846,9.550255,-14.89451,1.3301799,23.395813,7.9381266,23.08319,-8.119588,-38.824814,-88.95077,-15.791847,-28.214596,0.6959248,-11.732854,30.669365,-13.098567,5.906327,-5.80524,-3.6941972
845,8.903120040893555,-3.3995397090911865,75.3402328491211,-5.118186107096034,0.07802143377845595,-86.70755058455352,1.373098,12.779953,13.806339,38.05463,-30.098719,-8.232747,-39.556324,6.360866,15.29985,39.047646,7.332936,8.815209,-14.168154,1.248307,22.951286,11.53052,22.807175,-8.509723,-38.90266,-87.65564,-15.537067,-28.108362,1.2511586,-12.169566,30.374546,-11.581164,6.033648,-5.6321597,-3.550116
846,8.95106315612793,-3.032776355743408,75.45464324951172,-5.045435677248225,0.07132584380457241,-87.3894952399752,1.7052197,12.736275,15.085563,37.189915,-29.995392,-7.8081627,-40.475037,6.228661,13.902367,42.674885,5.8732033,8.111998,-13.435257,1.1546582,22.571472,14.818848,22.592297,-8.944299,-38.686592,-86.415985,-15.270432,-27.975426,1.828347,-12.606788,30.055853,-10.155088,6.1240435,-5.4200754,-3.3900864
847,9.007560729980469,-2.665842294692993,75.52953338623047,-4.944767815220488,0.003992374869687085,-87.99317262817438,2.0445607,12.65317,16.305395,36.43769,-29.961384,-7.3634524,-41.312626,5.9726996,12.553994,46.425068,4.511648,7.4571924,-12.716572,1.0527769,22.248833,17.80106,22.432215,-9.393078,-38.177982,-84.94159,-15.008835,-27.808207,2.433553,-13.04667,29.71145,-8.803958,6.1360116,-5.1954813,-3.262967
848,9.056163787841797,-2.301797389984131,75.57098388671875,-4.831085923392809,-0.10767222862183184,-88.50314487510337,2.3889425,12.515298,17.335672,35.72495,-29.99528,-6.959591,-41.97598,5.634914,11.371007,49.999218,3.3053737,6.8800473,-12.0308895,0.9527374,21.971586,20.464884,22.310087,-9.835302,-37.371284,-82.93927,-14.763318,-27.603342,3.0676584,-13.487518,29.33869,-7.5001526,6.0281115,-4.986576,-3.2164862
849,9.109167098999023,-1.9327434301376343,75.58594512939453,-4.711140952542658,-0.2758770845267421,-88.91845838969907,2.7534976,12.330374,18.170923,35.04225,-30.111946,-6.598676,-42.465534,5.232934,10.346622,53.42914,2.3258371,6.3874555,-11.39351,0.86615515,21.763039,22.850801,22.22293,-10.230916,-36.291664,-80.431984,-14.477921,-27.436216,3.7144113,-13.930818,28.945742,-6.243218,5.7652283,-4.7751284,-3.2532423
850,9.156235694885254,-1.5724999904632568,75.58058166503906,-4.578135107258971,-0.5024160897062782,-89.24843224674224,3.1311018,12.109007,18.868517,34.42456,-30.305262,-6.252033,-42.821266,4.752995,9.426128,56.839832,1.5235649,5.959322,-10.798849,0.7903825,21.628946,25.004936,22.172945,-10.5627575,-34.984737,-77.54395,-14.162697,-27.29025,4.3660893,-14.379387,28.538616,-5.0440707,5.3767853,-4.5539947,-3.350834
851,9.20953369140625,-1.2222304344177246,75.55644226074219,-4.434405724995041,-0.7550375964249267,-89.49560889782505,3.4863396,11.849313,19.394749,33.863235,-30.541393,-5.936141,-43.022785,4.223901,8.641656,60.093826,0.7738407,5.602314,-10.2292595,0.7228565,21.52766,26.908852,22.14436,-10.858133,-33.460537,-74.119385,-13.911413,-27.017155,5.0414357,-14.829528,28.109133,-3.8907552,4.9174447,-4.3664365,-3.5198991
852,9.261731147766113,-0.8745012879371643,75.51229858398438,-4.277615464323769,-1.0013990292118033,-89.66340395188355,3.7835174,11.551836,19.717894,33.35311,-30.7884,-5.668842,-43.052357,3.6885407,8.0218725,63.054546,-0.050062254,5.334512,-9.667856,0.6636024,21.414248,28.53113,22.112516,-11.149549,-31.711939,-69.982956,-13.79113,-26.457565,5.753436,-15.273761,27.650381,-2.7596292,4.4400606,-4.255156,-3.7714581
853,9.31550407409668,-0.5372607111930847,75.45584869384766,-4.118508028275203,-1.2484547873322458,-89.72668728076333,4.03316,11.208151,19.755663,32.8627,-31.064627,-5.478604,-42.8819,3.173733,7.5788407,65.701195,-0.9653971,5.20876,-9.125749,0.62035024,21.295774,29.878365,22.061874,-11.394607,-29.73433,-64.72943,-13.755435,-25.526438,6.514589,-15.709147,27.152834,-1.6627649,3.858334,-4.2386756,-4.1486635
854,9.35944652557373,-0.21610136330127716,75.39241027832031,-3.955130769637149,-1.5081451382652142,-89.6937855811632,4.248564,10.829836,19.550728,32.40742,-31.377829,-5.34977,-42.533974,2.6815753,7.2776146,68.11192,-1.9123143,5.215158,-8.618452,0.59235245,21.1932,30.996098,21.993414,-11.562733,-27.558786,-58.55141,-13.696122,-24.311274,7.2999606,-16.13483,26.635014,-0.5958039,3.176333,-4.287554,-4.634321
855,9.3936767578125,0.09638790786266327,75.3292465209961,-3.7842540539451925,-1.7548665207595813,-89.6147586257251,4.394389,10.447195,19.255442,32.050323,-31.675896,-5.2306986,-42.06399,2.2141922,7.0756607,70.28296,-2.892027,5.280004,-8.138114,0.56709385,21.080467,31.904331,21.909512,-11.71131,-25.225296,-52.15941,-13.588075,-22.900753,8.063052,-16.54421,26.132795,0.49876305,2.5806983,-4.3759513,-5.148155
856,9.429254531860352,0.40646833181381226,75.26497650146484,-3.597447579451879,-1.9628999785784391,-89.53945896553259,4.434574,10.086972,19.022285,31.851164,-31.906553,-5.067667,-41.529984,1.7668493,6.9393687,72.210815,-3.9054883,5.3284802,-7.67369,0.5333965,20.92976,32.609837,21.812551,-11.910908,-22.762005,-46.246685,-13.452603,-21.375235,8.757331,-16.926893,25.679081,1.6826559,2.2569113,-4.483056,-5.607785
857,9.460997581481934,0.7026059031486511,75.20912170410156,-3.371532726525145,-2.1231055863399964,-89.46722333971493,4.326898,9.730359,18.87613,31.877909,-32.05898,-4.8121815,-40.948593,1.3200212,6.89607,73.91905,-4.985958,5.352927,-7.2235436,0.46603686,20.726706,33.097157,21.706188,-12.171908,-20.161594,-40.79355,-13.310827,-19.718517,9.360219,-17.281454,25.298937,2.986659,2.3533556,-4.6634893,-6.004539
858,9.485261917114258,0.9928344488143921,75.1628646850586,-3.1165703777266143,-2.2499612429400395,-89.37639817217182,4.1002874,9.372183,18.742367,32.08567,-32.163475,-4.500756,-40.294132,0.88364214,6.9481287,75.40795,-6.123187,5.3900113,-6.7953362,0.37411788,20.491505,33.386497,21.5925,-12.452245,-17.435228,-35.473743,-13.110481,-17.888433,9.893486,-17.608131,24.974556,4.378769,2.7346058,-4.9139347,-6.3750978
859,9.496254920959473,1.2621409893035889,75.12687683105469,-2.8804287107179447,-2.353552808019083,-89.28493389638558,3.8249795,9.057727,18.62407,32.358982,-32.22542,-4.207009,-39.56397,0.48986974,7.031308,76.638885,-7.2516737,5.425591,-6.389068,0.29735228,20.244616,33.52334,21.468855,-12.755521,-14.620106,-30.506754,-12.820501,-15.921307,10.370585,-17.896708,24.671764,5.837199,3.1592531,-5.126673,-6.7042727
860,9.509713172912598,1.5382052659988403,75.10164642333984,-2.704734619458997,-2.4434555373006552,-89.21080180971819,3.568212,8.832094,18.523426,32.584545,-32.249332,-4.006452,-38.756767,0.17087825,7.0844545,77.57368,-8.305681,5.445032,-6.0032463,0.27644014,20.00312,33.545326,21.330582,-13.089794,-11.743223,-26.125998,-12.433937,-13.858656,10.799244,-18.129667,24.354778,7.3511596,3.384698,-5.190609,-6.9791293
861,9.519190788269043,1.803022861480713,75.08918762207031,-2.6080251677528787,-2.5117195938365935,-89.16469944506191,3.3178327,8.72598,18.445908,32.770622,-32.232178,-3.9343808,-37.881123,-0.041809764,7.104961,78.203,-9.274896,5.442624,-5.635006,0.32853812,19.765394,33.427387,21.176115,-13.477921,-8.7790785,-22.328651,-11.939474,-11.57229,11.1673975,-18.289333,24.01376,8.930392,3.3732002,-5.011907,-7.152676
862,9.510259628295898,2.0556230545043945,75.10006713867188,-2.565087667176559,-2.5565230814264344,-89.1349484952905,3.046856,8.70882,18.38855,32.962444,-32.170322,-3.9464962,-36.940487,-0.17398156,7.1250663,78.55158,-10.191103,5.425472,-5.284124,0.42645484,19.521212,33.159756,21.006632,-13.909578,-5.720444,-19.002884,-11.352413,-9.07994,11.458754,-18.371105,23.668743,10.6000595,3.2389805,-4.670144,-7.2443533
863,9.498083114624023,2.2978575229644775,75.12789154052734,-2.555792365047835,-2.5966374377308616,-89.10575528104786,2.7970128,8.73532,18.339588,33.109013,-32.070423,-4.0002294,-35.924625,-0.27871224,7.1374254,78.63212,-11.052282,5.3992596,-4.953761,0.54559255,19.273825,32.797424,20.82014,-14.3430195,-2.6121335,-16.225815,-10.759115,-6.6400313,11.67599,-18.380491,23.330597,12.369294,2.9708917,-4.3123765,-7.342693
864,9.476373672485352,2.5296003818511963,75.16442108154297,-2.559188702404645,-2.65084643037953,-89.06159465189349,2.6105273,8.760027,18.287188,33.158905,-31.938963,-4.0519543,-34.821766,-0.40904784,7.1326404,78.45581,-11.855613,5.369907,-4.648542,0.66328156,19.027206,32.394547,20.612911,-14.7373495,0.5053815,-14.067772,-10.280366,-4.507319,11.829345,-18.329273,23.010927,14.237262,2.5605152,-4.0844727,-7.538405
865,9.461588859558105,2.772308349609375,75.20729064941406,-2.597316733902441,-2.7343733888896873,-89.00174399129415,2.5062177,8.810085,18.233692,33.112877,-31.788658,-4.106202,-33.596294,-0.5405846,7.1050444,77.984634,-12.584458,5.357597,-4.3702025,0.79889715,18.796999,31.935425,20.379406,-15.097445,3.676405,-12.703079,-10.087031,-2.709188,11.92883,-18.222736,22.707783,16.201044,1.8575217,-4.0116725,-7.879253
866,9.455506324768066,2.9918925762176514,75.26592254638672,-2.670790258997669,-2.8339745244455576,-88.93333940228209,2.459696,8.89787,18.182629,32.99445,-31.613775,-4.179343,-32.26581,-0.6568004,7.0613675,77.22658,-13.244853,5.3542776,-4.117781,0.95780474,18.576752,31.401554,20.11876,-15.437582,6.9092727,-12.008921,-10.144746,-1.0955105,11.973887,-18.0623,22.418608,18.250284,0.91759694,-4.015062,-8.311149
867,9.446386337280273,3.1891353130340576,75.33879089355469,-2.734357332616013,-2.9249249925352556,-88.85272884886754,2.4454072,8.957955,18.124748,32.79036,-31.393234,-4.2491355,-30.899088,-0.8202806,7.0084314,76.26352,-13.870127,5.326084,-3.8915281,1.096582,18.338297,30.840641,19.835943,-15.73228,10.113149,-11.618599,-10.2644415,0.3353691,11.963772,-17.858437,22.151777,20.367073,0.04088904,-4.08676,-8.774793
868,9.436043739318848,3.379467010498047,75.42133331298828,-2.7405912207962024,-2.982879546693079,-88.7561226904367,2.4369836,8.924308,18.051302,32.48683,-31.105558,-4.2926927,-29.564291,-1.0939213,6.950655,75.17813,-14.494897,5.2390866,-3.6920245,1.1718385,18.055496,30.297258,19.537811,-15.957071,13.197257,-11.1817,-10.235089,1.5765103,11.903224,-17.627357,21.915947,22.525843,-0.4689813,-4.224872,-9.210892
869,9.423880577087402,3.5544698238372803,75.51056671142578,-2.66516169163977,-3.0070194565465616,-88.6400249598168,2.4447641,8.756672,17.960472,32.053524,-30.733965,-4.3006916,-28.264463,-1.5088409,6.9067936,73.97061,-15.136977,5.0661826,-3.5119913,1.1597352,17.724733,29.77086,19.222012,-16.089788,16.15718,-10.734738,-10.017035,2.5442393,11.80674,-17.37938,21.71315,24.722792,-0.45556122,-4.479724,-9.619053
870,9.411376953125,3.727895498275757,75.60343170166016,-2.535895720229703,-3.0085770706033017,-88.50739202004132,2.4767017,8.498619,17.856813,31.50673,-30.293278,-4.2861743,-26.968441,-2.0245438,6.8632913,72.60682,-15.777793,4.834385,-3.3551383,1.0901897,17.361967,29.236845,18.885412,-16.149729,19.040802,-10.423358,-9.729007,3.2672098,11.682486,-17.117693,21.538363,26.949644,-0.10256138,-4.8397837,-10.024004
871,9.400300979614258,3.898355007171631,75.7051773071289,-2.3898856996267543,-2.981435355537331,-88.36433661631982,2.5029833,8.209309,17.741663,30.900757,-29.807959,-4.2606134,-25.69213,-2.5957673,6.7757154,71.115814,-16.395498,4.5906496,-3.2350073,1.0022962,16.971394,28.698889,18.536472,-16.177942,21.83772,-10.07269,-9.379031,3.9035604,11.526567,-16.846577,21.386177,29.177515,0.3858855,-5.2175994,-10.403281
872,9.378520011901855,4.064743995666504,75.81053161621094,-2.2620330289645074,-2.91944428828003,-88.21665994769184,2.4922228,7.9478364,17.616682,30.292953,-29.304235,-4.235647,-24.452017,-3.1772175,6.6007433,69.52806,-16.968716,4.3790812,-3.16076,0.9346806,16.557768,28.163315,18.190948,-16.217316,24.530148,-9.513309,-8.968642,4.610348,11.337316,-16.570784,21.247316,31.375162,0.80766004,-5.5224614,-10.737795
873,9.355005264282227,4.217805862426758,75.92504119873047,-2.149962368528615,-2.8054010818918775,-88.05781257374622,2.4211128,7.711723,17.476316,29.686354,-28.77101,-4.210473,-23.262978,-3.7959082,6.305654,67.8337,-17.511223,4.192586,-3.137179,0.89026904,16.107716,27.626709,17.859688,-16.271904,27.098427,-8.639782,-8.455581,5.4478626,11.1183195,-16.289957,21.111933,33.538517,1.1776721,-5.740845,-11.011261
874,9.321948051452637,4.365635871887207,76.04188537597656,-2.039822253006302,-2.6475427231121613,-87.88736654304262,2.3120148,7.4745464,17.322838,29.053823,-28.20002,-4.180676,-22.11029,-4.457498,5.917458,66.02422,-18.029171,4.016754,-3.1509964,0.85166574,15.6256275,27.084673,17.543814,-16.32619,29.555029,-7.573013,-7.8444557,6.3200555,10.877023,-16.003078,20.979849,35.674774,1.5833666,-5.9172597,-11.237093
875,9.277238845825195,4.5097222328186035,76.16117858886719,-1.9450137290865015,-2.4779448255613232,-87.72074167034917,2.1997678,7.2600794,17.168888,28.412268,-27.624077,-4.152189,-20.964203,-5.0869336,5.486555,64.125656,-18.486574,3.8828638,-3.1839209,0.82713246,15.143159,26.543682,17.244493,-16.394627,31.927263,-6.482597,-7.208153,7.151631,10.619871,-15.713941,20.855064,37.76581,1.9322083,-6.0457125,-11.444554
876,9.233064651489258,4.642973899841309,76.28428649902344,-1.881675877176866,-2.3279136858504983,-87.57329177171573,2.1213865,7.0922003,17.026302,27.771387,-27.071766,-4.1301813,-19.795599,-5.61343,5.0656595,62.158688,-18.84384,3.817273,-3.2177415,0.8269485,14.692337,26.010534,16.962687,-16.493597,34.239983,-5.534165,-6.626956,7.8733797,10.35879,-15.427677,20.74178,39.787464,2.1335175,-6.1196923,-11.663092
877,9.178752899169922,4.7739763259887695,76.40593719482422,-1.8610483901095938,-2.199693628482297,-87.44608728977643,2.0777564,6.9893584,16.889189,27.134163,-26.550219,-4.1132474,-18.593569,-6.0133576,4.6575174,60.095947,-19.064293,3.8271916,-3.2560806,0.864236,14.277996,25.476929,16.69886,-16.63699,36.519863,-4.7128096,-6.1326838,8.492849,10.08753,-15.14554,20.628418,41.74748,2.102503,-6.1134677,-11.902605
878,9.12096118927002,4.900577068328857,76.52006530761719,-1.8753738102470017,-2.078029689679966,-87.33198903223523,2.0513184,6.9350214,16.7539,26.495787,-26.04443,-4.0991454,-17.375774,-6.329323,4.2421,57.93579,-19.177263,3.8914816,-3.3039818,0.931978,13.88506,24.940924,16.45283,-16.81602,38.748814,-3.9468408,-5.6840296,9.041473,9.807229,-14.866139,20.515102,43.649925,1.9099578,-6.0366864,-12.146875
879,9.054911613464355,5.018586158752441,76.63721466064453,-1.8988513161287022,-1.9689113875021278,-87.2342277544839,2.05046,6.9009676,16.634615,25.856472,-25.551746,-4.0917406,-16.157495,-6.5932207,3.8398874,55.738655,-19.243523,3.991172,-3.3457043,1.005925,13.5148735,24.420195,16.22494,-17.012163,40.88574,-3.3130195,-5.258226,9.491507,9.532311,-14.596657,20.424736,45.474182,1.6973186,-5.937045,-12.386443
880,8.98564338684082,5.133178234100342,76.74984741210938,-1.9070560260864984,-1.8786860959355216,-87.15571786909675,2.080455,6.860429,16.545492,25.224798,-25.07252,-4.0951986,-14.954306,-6.8369555,3.4696438,53.564552,-19.324907,4.1085567,-3.3675718,1.0636772,13.1696205,23.932697,16.014675,-17.206245,42.887672,-2.8883417,-4.834308,9.81499,9.282674,-14.347925,20.382313,47.19019,1.6086081,-5.8630915,-12.611591
881,8.911457061767578,5.242156982421875,76.85575103759766,-1.8965776952740925,-1.8228318352932364,-87.09635319172723,2.1728294,6.805585,16.496494,24.575245,-24.59851,-4.11468,-13.736775,-7.0681825,3.1301603,51.38438,-19.426699,4.256722,-3.367328,1.0996661,12.863856,23.480755,15.821413,-17.394077,44.756073,-2.7183378,-4.4273157,9.97526,9.061863,-14.130329,20.404694,48.796783,1.6944581,-5.8359795,-12.82437
882,8.838367462158203,5.35491943359375,76.95372009277344,-1.8795426061359382,-1.7935306657070453,-87.05475289948792,2.3130383,6.751586,16.477345,23.916145,-24.132591,-4.1465545,-12.5084505,-7.2742314,2.8159568,49.17969,-19.52102,4.4341645,-3.3544083,1.128169,12.593191,23.055012,15.642841,-17.58544,46.511333,-2.7504692,-4.046612,10.000134,8.866394,-13.944699,20.47813,50.297653,1.8786736,-5.827469,-13.026499
883,8.75047492980957,5.463086128234863,77.04393005371094,-1.8565642873838528,-1.761815724873341,-87.03191642435262,2.4516912,6.700208,16.474472,23.27369,-23.684742,-4.181122,-11.336626,-7.456041,2.538215,47.031635,-19.612423,4.603849,-3.3316948,1.1544383,12.329974,22.652409,15.476289,-17.782227,48.142193,-2.9152007,-3.662004,9.958728,8.696564,-13.788438,20.580828,51.680588,2.1119142,-5.8131185,-13.2097645
884,8.675179481506348,5.5631890296936035,77.11610412597656,-1.8296442615490582,-1.698773471102479,-87.0284051093057,2.532425,6.656526,16.474825,22.689009,-23.272408,-4.21057,-10.29149,-7.6134567,2.30877,45.027046,-19.707851,4.732036,-3.302138,1.1841323,12.046571,22.269789,15.318858,-17.985874,49.636757,-3.144122,-3.2431993,9.918978,8.554621,-13.654735,20.691061,52.932278,2.3448863,-5.768022,-13.365906
885,8.587143898010254,5.665195465087891,77.18431854248047,-1.7967642157764243,-1.5933818782273539,-87.04389654242937,2.5478003,6.612547,16.471704,22.148434,-22.893284,-4.2335896,-9.397908,-7.736684,2.1576726,43.18979,-19.816444,4.8114457,-3.2637014,1.2170019,11.73162,21.899069,15.170219,-18.204803,50.996582,-3.4975727,-2.777648,9.882462,8.432977,-13.540808,20.814552,54.061226,2.5917876,-5.679371,-13.498457
886,8.495335578918457,5.766826629638672,77.24335479736328,-1.7582463872015444,-1.4621219805973107,-87.07815296100027,2.523426,6.569014,16.474005,21.642029,-22.54214,-4.2549863,-8.618219,-7.831748,2.0720527,41.474197,-19.932798,4.8604383,-3.2152696,1.2500833,11.400383,21.540812,15.030561,-18.435593,52.232243,-3.9848185,-2.2832174,9.821809,8.328974,-13.446073,20.958675,55.077663,2.8684347,-5.563168,-13.610562
887,8.401224136352539,5.8674516677856445,77.30133819580078,-1.7167985923186095,-1.3173486938332497,-87.13236336667414,2.4691186,6.535422,16.49116,21.180517,-22.21348,-4.2726145,-7.9221797,-7.92038,1.9963982,39.851387,-20.034767,4.8873043,-3.1611476,1.2831336,11.064273,21.203165,14.898132,-18.662184,53.345573,-4.4618497,-1.7753253,9.760162,8.244973,-13.3678465,21.104858,55.977493,3.126912,-5.437304,-13.693978
888,8.309708595275879,5.9737749099731445,77.3525619506836,-1.6789572499698509,-1.1715094160804214,-87.20794588213838,2.3926194,6.5230913,16.532139,20.779663,-21.904163,-4.284128,-7.2786403,-8.022015,1.874089,38.291477,-20.09934,4.9022236,-3.1054673,1.3161016,10.734422,20.89424,14.770107,-18.869072,54.339123,-4.7855415,-1.2699078,9.71817,8.182731,-13.301736,21.233541,56.75705,3.3186328,-5.319362,-13.740418
889,8.214138984680176,6.081800937652588,77.39594268798828,-1.6421544675655377,-1.0118280328609082,-87.30848856205202,2.2717068,6.5351152,16.598188,20.455704,-21.616314,-4.28201,-6.714575,-8.133395,1.7105955,36.8155,-20.131214,4.895377,-3.043755,1.3474574,10.397841,20.61258,14.6436,-19.041842,55.198456,-4.86308,-0.7214193,9.701328,8.144731,-13.245996,21.349102,57.409054,3.4281814,-5.219768,-13.737611
890,8.111028671264648,6.183971405029297,77.43482971191406,-1.6068892139919013,-0.8369766500271232,-87.43224469217974,2.108857,6.5665236,16.684809,20.199558,-21.35233,-4.269736,-6.2342253,-8.244857,1.5283796,35.427895,-20.13809,4.869721,-2.9768107,1.3772731,10.052874,20.353079,14.517911,-19.191566,55.931465,-4.7886686,-0.1384443,9.6962595,8.124742,-13.200501,21.459988,57.943756,3.4815302,-5.1271634,-13.693863
891,7.99583625793457,6.27463436126709,77.4736099243164,-1.5741199290624708,-0.6767849817221979,-87.57244108066206,1.9538522,6.6142983,16.792551,19.97796,-21.103998,-4.261356,-5.771679,-8.364078,1.2950085,34.073044,-20.101767,4.8546534,-2.9155178,1.4079784,9.727953,20.11867,14.395167,-19.340258,56.573864,-4.698563,0.38134497,9.694533,8.112025,-13.162797,21.55204,58.385014,3.4909163,-5.0269933,-13.631529
892,7.874755382537842,6.3651018142700195,77.50702667236328,-1.5438388932674818,-0.5610162314249705,-87.7223982058552,1.8547463,6.676481,16.92163,19.761261,-20.865017,-4.271088,-5.262477,-8.498751,0.9782558,32.69957,-20.00574,4.878752,-2.8692675,1.4423875,9.451732,19.911985,14.279472,-19.512701,57.159935,-4.730185,0.7405219,9.690275,8.097654,-13.1279955,21.609562,58.75517,3.4690142,-4.9047933,-13.572506
893,7.756129741668701,6.461178302764893,77.54096221923828,-1.518962824783049,-0.497401233834772,-87.8871958197639,1.8220708,6.75723,17.082947,19.549852,-20.636099,-4.303775,-4.6884856,-8.660988,0.54042923,31.286318,-19.809946,4.9721866,-2.8376756,1.479906,9.234352,19.744335,14.17514,-19.719515,57.677032,-4.9203157,0.88084614,9.710781,8.076384,-13.092495,21.621412,59.05023,3.3994029,-4.7399383,-13.509012
894,7.6300153732299805,6.55185079574585,77.56900787353516,-1.497773328555707,-0.47030459539807035,-88.06808233321601,1.8314991,6.856434,17.27242,19.356361,-20.419445,-4.351547,-4.0826793,-8.839677,0.007283969,29.861616,-19.534052,5.1137695,-2.8139005,1.5179678,9.059572,19.610956,14.083568,-19.949312,58.11253,-5.197051,0.8651781,9.749107,8.053448,-13.055425,21.594866,59.263943,3.2803338,-4.546385,-13.433824
895,7.491511821746826,6.635252475738525,77.59565734863281,-1.477459079179731,-0.4744693549161459,-88.2525632690178,1.8773775,6.9660215,17.468035,19.172901,-20.213398,-4.4097567,-3.4584384,-9.008673,-0.55767924,28.450619,-19.250982,5.2536325,-2.8009765,1.5543603,8.918321,19.499735,14.011279,-20.18783,58.488182,-5.5352736,0.7793042,9.746944,8.03769,-13.019508,21.548044,59.409466,3.1496108,-4.3607693,-13.369518
896,7.353764533996582,6.718179702758789,77.62123107910156,-1.4573444006388616,-0.5049031727152051,-88.42830353059645,1.9558327,7.077604,17.647612,18.987398,-20.013979,-4.473569,-2.8267643,-9.144011,-1.0910397,27.071953,-19.035505,5.341241,-2.7940404,1.5944057,8.794577,19.368612,13.940043,-20.435799,58.868843,-5.9088974,0.7066465,9.656148,8.028066,-12.977785,21.48459,59.523758,3.0359588,-4.2206364,-13.343387
897,7.214026927947998,6.794125556945801,77.6452407836914,-1.4363640565734983,-0.574310090681529,-88.59064676683353,2.0894678,7.1846995,17.808025,18.782259,-19.816885,-4.5434175,-2.164167,-9.265085,-1.6400616,25.721058,-18.93696,5.354592,-2.8068395,1.6344326,8.703064,19.227753,13.878504,-20.697498,59.24915,-6.3631396,0.6305002,9.43965,8.026381,-12.935616,21.417105,59.600506,2.9534726,-4.146161,-13.372791
898,7.062848091125488,6.8708815574646,77.66837310791016,-1.4142844894671123,-0.6810185244619542,-88.74654209351611,2.2731776,7.293319,17.960115,18.567957,-19.625,-4.6213,-1.4719751,-9.374943,-2.2175257,24.388128,-18.905508,5.3231053,-2.8375494,1.6748933,8.646426,19.09089,13.829477,-20.971195,59.60434,-6.8943677,0.5213894,9.130811,8.032968,-12.89545,21.339642,59.624577,2.8852,-4.1137304,-13.439883
899,6.910623073577881,6.949172019958496,77.68983459472656,-1.3968341780505893,-0.7978302036862416,-88.90089490104151,2.4587288,7.4138308,18.102936,18.37837,-19.446632,-4.704977,-0.81089586,-9.430115,-2.7045653,23.105314,-18.871372,5.272155,-2.8800879,1.7167944,8.599077,18.966059,13.792506,-21.216003,59.91271,-7.400308,0.44626114,8.776696,8.046815,-12.859794,21.260635,59.596935,2.8272808,-4.0932837,-13.514563
900,6.7444891929626465,7.023261547088623,77.70936584472656,-1.3872756358088254,-0.8972994026399681,-89.05888271598191,2.5984194,7.555775,18.235907,18.245296,-19.288425,-4.791933,-0.24031699,-9.390708,-2.9812787,21.899895,-18.762148,5.2262793,-2.8987558,1.7689581,8.524446,18.814783,13.746646,-21.432514,60.210354,-7.7847075,0.46656406,8.43808,8.066019,-12.811378,21.149565,59.544506,2.759192,-4.057078,-13.572848
901,6.576910495758057,7.089511394500732,77.72775268554688,-1.385743166090622,-0.9728926867721226,-89.21200532866332,2.675266,7.7197485,18.345724,18.18005,-19.14958,-4.8804955,0.22536902,-9.249283,-3.0278897,20.780458,-18.607967,5.1406145,-2.927379,1.8243481,8.419099,18.67306,13.703027,-21.569511,60.44883,-7.9931,0.6322986,8.094503,8.087781,-12.762571,21.037346,59.443584,2.6958885,-3.98479,-13.60186
902,6.404593467712402,7.173439979553223,77.74069213867188,-1.3906745628186372,-1.038784093328199,-89.36098132092415,2.7152731,7.901434,18.437029,18.165169,-19.027264,-4.9720297,0.6170904,-9.030284,-2.9026546,19.730999,-18.430729,5.0183954,-2.9554477,1.8862604,8.293934,18.517353,13.653049,-21.665844,60.667286,-8.088114,0.89319026,7.733565,8.111309,-12.704517,20.906757,59.30728,2.6317616,-3.8968954,-13.620346
903,6.219450950622559,7.245782852172852,77.75155639648438,-1.3997206903863404,-1.0987813242030067,-89.52448015513626,2.737096,8.100499,18.536654,18.18505,-18.923315,-5.068635,0.94474405,-8.74584,-2.6017056,18.738207,-18.142752,4.95482,-2.9717064,1.9522357,8.155516,18.344671,13.582979,-21.727951,60.887733,-8.120256,1.1742271,7.4017477,8.10865,-12.621289,20.772577,59.191296,2.5571194,-3.8230305,-13.642616
904,6.03407621383667,7.326258659362793,77.76222229003906,-1.4085177594800813,-1.1561927321450474,-89.72138218021202,2.757938,8.31606,18.67163,18.22715,-18.841562,-5.172412,1.2174195,-8.41062,-2.1196105,17.790552,-17.657055,5.0443935,-2.9833245,2.015298,8.024385,18.1981,13.509562,-21.738308,61.06554,-8.143518,1.4040644,7.131354,8.078027,-12.533974,20.680544,59.092266,2.4853601,-3.7884877,-13.673406
905,5.840695858001709,7.408527851104736,77.76962280273438,-1.419361067650124,-1.2051294655646987,-89.96508864239321,2.77866,8.551364,18.857212,18.285532,-18.782915,-5.2839475,1.4118707,-7.979903,-1.3103745,16.87081,-16.830418,5.338306,-2.974106,2.0778632,7.897048,18.084293,13.435407,-21.688774,61.182495,-8.121717,1.5831485,6.9341187,8.0288105,-12.449253,20.624979,58.999363,2.4287739,-3.8138783,-13.702484
906,5.6427693367004395,7.48670768737793,77.77299499511719,-1.4284280305024346,-1.2458139723518566,-90.24327370020345,2.7925496,8.802686,19.077402,18.365072,-18.744116,-5.4015503,1.5380857,-7.469171,-0.21917956,15.988432,-15.749881,5.7802553,-2.949624,2.1395361,7.767945,17.991098,13.357686,-21.584986,61.25079,-8.04408,1.743382,6.78869,7.9649034,-12.365076,20.593508,58.90417,2.382076,-3.8800383,-13.728845
907,5.439544677734375,7.573824405670166,77.77460479736328,-1.4322795740476573,-1.2902886060738568,-90.5363501543333,2.8070095,9.058021,19.313114,18.467485,-18.721361,-5.524226,1.6584677,-6.9811788,0.87035173,15.155595,-14.671695,6.3017497,-2.9257548,2.1950507,7.6505604,17.905928,13.278659,-21.460213,61.30117,-8.007196,1.8598516,6.6832376,7.887069,-12.280587,20.588358,58.808178,2.3193471,-3.9538584,-13.771798
908,5.228370189666748,7.651085376739502,77.76708221435547,-1.4215941670248757,-1.3506692359525447,-90.82445090170448,2.829609,9.305487,19.544737,18.593344,-18.710833,-5.651145,1.8258322,-6.6148844,1.6696724,14.388382,-13.84801,6.8282986,-2.9175935,2.2389104,7.559086,17.817263,13.203574,-21.349,61.361267,-8.109036,1.9082187,6.6058116,7.7976117,-12.195787,20.609962,58.711044,2.2142422,-4.0021205,-13.850197
909,5.012160301208496,7.737412452697754,77.74649047851562,-1.377794693460639,-1.430829190864039,-91.11753656716685,2.870068,9.523279,19.786922,18.737638,-18.712173,-5.7811933,2.0528064,-6.436606,2.0605984,13.693396,-13.373226,7.408957,-2.9176652,2.2493129,7.4994097,17.728588,13.137741,-21.252214,61.420704,-8.388551,1.8723375,6.56954,7.694597,-12.108828,20.660582,58.602837,2.0543041,-4.00871,-13.977437
910,4.793188571929932,7.827528476715088,77.72136688232422,-1.3084024613840282,-1.5236057304539738,-91.42156697882241,2.9229383,9.721909,20.044552,18.899559,-18.726257,-5.9149537,2.3047097,-6.3768654,2.206059,13.065375,-13.098806,8.060435,-2.9193552,2.2329867,7.4632654,17.646608,13.082006,-21.155455,61.46586,-8.790028,1.7688168,6.573855,7.5784426,-12.018633,20.73682,58.486156,1.8548088,-3.993441,-14.140581
911,4.5749430656433105,7.907067775726318,77.69813537597656,-1.2514635559430465,-1.6248830153185398,-91.710202596687,2.9719677,9.940535,20.282421,19.088362,-18.752203,-6.054341,2.56139,-6.329134,2.2374544,12.501542,-12.91224,8.655975,-2.9393141,2.2298107,7.443885,17.562702,13.03442,-21.072376,61.521103,-9.271451,1.6229957,6.586407,7.456581,-11.9275055,20.831863,58.377617,1.6322888,-3.9770012,-14.317998
912,4.349246978759766,7.986078262329102,77.68492889404297,-1.2446770844810542,-1.7316740320840593,-91.95681985171262,3.0025125,10.218797,20.464796,19.309412,-18.78659,-6.201286,2.8075066,-6.187521,2.2897043,11.992137,-12.706109,9.066647,-2.9926527,2.2821074,7.4358497,17.467672,12.992056,-21.017315,61.60954,-9.789574,1.4605083,6.5748687,7.3418193,-11.842844,20.93632,58.286488,1.403699,-3.9798763,-14.486665
913,4.126272201538086,8.060415267944336,77.6757583618164,-1.3148366640460483,-1.8529903576308204,-92.1540812548728,3.012097,10.588303,20.574375,19.587135,-18.84387,-6.360377,3.0444195,-5.908201,2.3876715,11.551196,-12.471992,9.2298565,-3.088548,2.4183383,7.4494605,17.352654,12.95326,-21.013262,61.75124,-10.391278,1.2580683,6.528947,7.2355886,-11.768038,21.05296,58.209835,1.1596968,-4.0081186,-14.654239
914,3.9074010848999023,8.135239601135254,77.6708755493164,-1.4369004578112035,-1.9879397954823321,-92.31559436031345,3.0080447,11.024382,20.631208,19.910593,-18.92058,-6.5299716,3.2773147,-5.550488,2.4632356,11.175826,-12.2615795,9.222393,-3.2165637,2.6154232,7.4852996,17.223122,12.917217,-21.047447,61.929676,-11.080516,1.0126971,6.464981,7.136629,-11.702761,21.183334,58.138123,0.89638275,-4.050046,-14.827457
915,3.6807007789611816,8.21220874786377,77.67144775390625,-1.5800058264655352,-2.117926625531318,-92.44585051528686,2.9892673,11.481202,20.655926,20.235537,-18.988047,-6.7024393,3.4963264,-5.163791,2.5143192,10.834078,-12.062737,9.123334,-3.3652658,2.836529,7.52254,17.089712,12.880934,-21.078848,62.118988,-11.749554,0.7791816,6.393206,7.045947,-11.647402,21.319056,58.079445,0.6379336,-4.100277,-14.983476
916,3.4460294246673584,8.273422241210938,77.677001953125,-1.7092802919457715,-2.2240085787067945,-92.5494263523783,2.9551387,11.911724,20.669556,20.51669,-19.017147,-6.869901,3.6953614,-4.798697,2.5383365,10.492699,-11.863833,9.01279,-3.5333953,3.0428,7.5337553,16.95709,12.825299,-21.056065,62.312195,-12.2853985,0.6110267,6.33138,6.940585,-11.582603,21.462158,58.07749,0.40544564,-4.1553016,-15.105437
917,3.219402313232422,8.335403442382812,77.68685150146484,-1.8241163986433429,-2.3008698627364343,-92.6191048278275,2.9018874,12.311658,20.672312,20.746147,-18.9989,-7.030179,3.8765612,-4.4593596,2.5228002,10.1473,-11.665592,8.884464,-3.7229674,3.2341788,7.5182323,16.835276,12.753469,-20.954237,62.49284,-12.648326,0.5294528,6.2789516,6.835086,-11.522808,21.60923,58.11303,0.21228231,-4.2278805,-15.173327
918,2.995511293411255,8.410296440124512,77.6986083984375,-1.9390236267191892,-2.358361546537217,-92.6551067486099,2.8319242,12.703298,20.654255,20.943808,-18.947828,-7.1877007,4.0446234,-4.120715,2.4716804,9.811765,-11.471839,8.705527,-3.9386938,3.4293258,7.486976,16.7165,12.665539,-20.800337,62.677116,-12.899691,0.50260824,6.2316604,6.7275434,-11.468686,21.765219,58.18263,0.044517647,-4.3159637,-15.203015
919,2.765850067138672,8.481305122375488,77.71331787109375,-2.046838143365611,-2.4008264166499913,-92.67410969077096,2.7465987,13.080282,20.620792,21.123507,-18.879145,-7.3439503,4.195174,-3.7910032,2.4078517,9.490608,-11.283584,8.516377,-4.166805,3.6210592,7.440323,16.586212,12.559932,-20.635689,62.87753,-13.08381,0.5061645,6.1940126,6.6137342,-11.41481,21.928349,58.28997,-0.111959144,-4.3911624,-15.220059
920,2.5342602729797363,8.541984558105469,77.72691345214844,-2.138872308140114,-2.4324108234902764,-92.69277114972147,2.650239,13.434707,20.578732,21.292517,-18.80464,-7.5003543,4.324495,-3.4794867,2.3547018,9.18446,-11.099156,8.35726,-4.3818836,3.7998965,7.381525,16.435696,12.452167,-20.51394,63.088802,-13.250701,0.5184098,6.1664543,6.507374,-11.362099,22.084385,58.416542,-0.27136502,-4.424478,-15.246013
921,2.306161403656006,8.610597610473633,77.73926544189453,-2.2141694647293475,-2.444419564176286,-92.7111148011756,2.537195,13.758751,20.524046,21.440609,-18.724024,-7.658175,4.4262605,-3.1916966,2.316067,8.883239,-10.909502,8.239641,-4.5768433,3.9593067,7.295352,16.262362,12.350178,-20.456173,63.313076,-13.399352,0.54884756,6.164264,6.4159017,-11.306654,22.226284,58.56507,-0.43947712,-4.401672,-15.287936
922,2.0759220123291016,8.682586669921875,77.74622344970703,-2.273858758703094,-2.4378151460235906,-92.72192954985874,2.4088225,14.057757,20.45557,21.564348,-18.630281,-7.8163066,4.5047307,-2.9221911,2.2801385,8.5883,-10.717337,8.1417465,-4.759221,4.1024065,7.1859965,16.074268,12.2555065,-20.437662,63.543064,-13.510928,0.605288,6.180294,6.335079,-11.246953,22.356323,58.73862,-0.60906607,-4.3405952,-15.332851
923,1.8491653203964233,8.750222206115723,77.75518798828125,-2.325059250498788,-2.431366567562091,-92.73034926899624,2.272851,14.3457155,20.382421,21.698578,-18.534613,-7.9728827,4.566082,-2.664327,2.2474284,8.327807,-10.542942,8.053885,-4.9324856,4.234602,7.085408,15.879059,12.168777,-20.43637,63.763096,-13.607149,0.66265875,6.1819763,6.2546444,-11.184932,22.483425,58.9254,-0.7733144,-4.260317,-15.373048
924,1.6315497159957886,8.817350387573242,77.76014709472656,-2.3751571027068814,-2.443789643086919,-92.74152441507397,2.1402364,14.635701,20.314716,21.870838,-18.444065,-8.126138,4.6211033,-2.411039,2.218277,8.120469,-10.4014435,7.9663496,-5.100723,4.362126,7.025787,15.683609,12.090173,-20.431242,63.95815,-13.710306,0.69609696,6.1366396,6.1652236,-11.12505,22.616661,59.111847,-0.9251039,-4.179828,-15.400445
925,1.410176157951355,8.888242721557617,77.76203155517578,-2.41921707008151,-2.477222896656066,-92.75433062206922,2.015846,14.926121,20.254192,22.075958,-18.353054,-8.284738,4.671454,-2.164425,2.1911738,7.96779,-10.296003,7.886382,-5.2662153,4.482935,7.015476,15.49444,12.023503,-20.411001,64.117256,-13.816815,0.6960739,6.017589,6.0745444,-11.0721655,22.747719,59.281803,-1.0638353,-4.101544,-15.408428
926,1.1977524757385254,8.967619895935059,77.76350402832031,-2.459134835038714,-2.5226584326059283,-92.76659233675447,1.89399,15.211293,20.196144,22.301523,-18.259329,-8.446773,4.7125525,-1.9266443,2.1663294,7.860704,-10.219266,7.815839,-5.4318175,4.5955634,7.035473,15.303588,11.958997,-20.383345,64.25939,-13.914811,0.6758551,5.8501854,5.976128,-11.019196,22.880768,59.45784,-1.1932662,-4.0164766,-15.404614
927,0.9882500171661377,9.049128532409668,77.76290893554688,-2.4996649139187856,-2.5822939972892303,-92.78243746841835,1.7678561,15.501376,20.139524,22.5702,-18.178068,-8.594732,4.7441936,-1.6891569,2.146433,7.8031135,-10.168784,7.7368774,-5.5867767,4.7082777,7.086201,15.108531,11.905176,-20.372992,64.37901,-14.025071,0.6491759,5.670938,5.876893,-10.97509,23.027914,59.63058,-1.3081757,-3.9251225,-15.393319
928,0.7854374051094055,9.1325101852417,77.76143646240234,-2.546084500312173,-2.658153934197177,-92.80563742097387,1.6311452,15.805588,20.08345,22.902313,-18.123072,-8.710775,4.762973,-1.4435679,2.134366,7.8053885,-10.145957,7.631624,-5.7226467,4.8287687,7.167033,14.905727,11.866284,-20.401533,64.47459,-14.166337,0.62915426,5.517786,5.778605,-10.946119,23.202478,59.79768,-1.4053569,-3.828074,-15.380079
929,0.5884411334991455,9.211589813232422,77.75480651855469,-2.604943332771641,-2.754093070365493,-92.84145332097488,1.4889951,16.131636,20.036594,23.301563,-18.10322,-8.792133,4.7643504,-1.1832166,2.1343272,7.883048,-10.158153,7.490581,-5.8496027,4.9629774,7.2770896,14.688481,11.82521,-20.466177,64.56467,-14.362394,0.61788964,5.4007983,5.65851,-10.922505,23.4318,59.987976,-1.478958,-3.7173233,-15.37339
930,0.3958621025085449,9.295249938964844,77.74198913574219,-2.6718435341031466,-2.868100069471017,-92.8864129202067,1.3436167,16.473316,19.996275,23.755035,-18.1079,-8.847407,4.751347,-0.913464,2.1434386,8.027157,-10.202842,7.3246603,-5.9481587,5.10531,7.4230576,14.4576025,11.802509,-20.57398,64.63032,-14.5991,0.61169946,5.294541,5.5462427,-10.914533,23.670538,60.162296,-1.5409528,-3.595091,-15.3601055
931,0.20362266898155212,9.379083633422852,77.73352813720703,-2.739749143769037,-2.992962020592577,-92.93114342146801,1.1798753,16.819696,19.943996,24.265213,-18.125122,-8.875497,4.7317104,-0.64482576,2.1539762,8.207995,-10.263726,7.1470647,-6.0579457,5.251946,7.586697,14.228907,11.771914,-20.688587,64.68527,-14.82657,0.6009757,5.20896,5.4168506,-10.912399,23.960978,60.35896,-1.576642,-3.4780712,-15.34928
932,0.024632740765810013,9.471412658691406,77.7209701538086,-2.8067273240059873,-3.1219355537982847,-92.96604575565917,0.9811923,17.160587,19.860697,24.839117,-18.145763,-8.875657,4.7116566,-0.38728887,2.1581163,8.399012,-10.326115,6.9710536,-6.1720905,5.3989882,7.767311,13.995823,11.734781,-20.79622,64.72917,-14.985714,0.5811608,5.141744,5.286137,-10.920115,24.259949,60.55894,-1.6048809,-3.3838327,-15.328839
933,-0.1485026776790619,9.564814567565918,77.70767974853516,-2.869245049516247,-3.255935994843837,-92.99135032678015,0.7429758,17.49623,19.7433,25.48488,-18.162409,-8.856734,4.6883216,-0.14154954,2.155793,8.605437,-10.392022,6.796078,-6.2714915,5.541756,7.9685535,13.755447,11.710435,-20.917,64.74977,-15.045067,0.5578947,5.092954,5.1629534,-10.932509,24.54267,60.758476,-1.631674,-3.3277347,-15.291172
934,-0.31476688385009766,9.655505180358887,77.69303131103516,-2.931287914693509,-3.3976053772162027,-93.01111290662735,0.4740165,17.83119,19.600794,26.195738,-18.181267,-8.815986,4.660249,0.09765406,2.1503584,8.836588,-10.467347,6.616429,-6.374548,5.6844525,8.190317,13.514704,11.686,-21.039482,64.75121,-15.037238,0.5304938,5.063724,5.0325933,-10.952627,24.847536,60.96992,-1.6436634,-3.2966473,-15.244452
935,-0.4800419211387634,9.744935035705566,77.67778778076172,-2.9913714909206632,-3.542854203873259,-93.02228001031253,0.18059112,18.158133,19.433268,26.95044,-18.210352,-8.735185,4.634691,0.3275553,2.139279,9.071421,-10.540388,6.4382606,-6.4800863,5.826766,8.425231,13.274611,11.659986,-21.161621,64.740105,-15.023682,0.4903398,5.0488725,4.9068,-10.981452,25.165354,61.173294,-1.6464092,-3.2665114,-15.197002
936,-0.6324411630630493,9.840360641479492,77.66437530517578,-3.050171641981416,-3.6876210279733166,-93.02135242072508,-0.13090757,18.470377,19.24083,27.727497,-18.25743,-8.596748,4.6203356,0.5458661,2.1199336,9.286652,-10.598612,6.2674284,-6.5737157,5.9634566,8.6644945,13.032175,11.642202,-21.294207,64.72263,-15.069124,0.4298468,5.0424237,4.793755,-11.007244,25.46909,61.358707,-1.65298,-3.2148116,-15.157505
937,-0.7807548642158508,9.932292938232422,77.65196228027344,-3.10668021805879,-3.8323735070503093,-93.00386702835848,-0.46871796,18.768476,19.019257,28.536482,-18.314821,-8.392417,4.6128416,0.7530024,2.0893555,9.491168,-10.641625,6.10081,-6.683591,6.099696,8.912292,12.798781,11.618837,-21.414894,64.69727,-15.195676,0.32513094,5.054613,4.6891723,-11.044554,25.802788,61.517517,-1.641612,-3.124401,-15.136221
938,-0.9185643792152405,10.028493881225586,77.63970184326172,-3.1633644608535514,-3.978878193248159,-92.97274028507053,-0.831206,19.053972,18.770521,29.379114,-18.38059,-8.133334,4.6106586,0.95008034,2.0495746,9.6904745,-10.674153,5.936945,-6.8034244,6.2403417,9.174319,12.563532,11.583844,-21.525394,64.66776,-15.362531,0.18692333,5.0837545,4.5976305,-11.103785,26.154598,61.644714,-1.6173813,-3.0105875,-15.122271
939,-1.0486297607421875,10.118263244628906,77.62830352783203,-3.217053322121805,-4.124184030676415,-92.9361344795095,-1.2004688,19.321259,18.50345,30.229504,-18.468927,-7.8310847,4.6231894,1.1356692,2.0057075,9.862077,-10.694465,5.78421,-6.907301,6.374447,9.432233,12.329401,11.556355,-21.653273,64.63036,-15.552801,0.05848525,5.111721,4.517042,-11.15534,26.490059,61.769714,-1.6015419,-2.89852,-15.107772
940,-1.1734187602996826,10.208529472351074,77.61697387695312,-3.264724377490872,-4.265287462938466,-92.90198373112105,-1.5563879,19.564112,18.227793,31.056772,-18.595356,-7.497449,4.661731,1.3077981,1.9631952,9.979103,-10.698568,5.6509724,-7.007435,6.500862,9.673943,12.114097,11.530445,-21.784988,64.576195,-15.737438,-0.01895909,5.1207647,4.4455175,-11.205498,26.826538,61.900593,-1.5935619,-2.8099437,-15.083383
941,-1.2895427942276,10.288260459899902,77.60852813720703,-3.308658995136347,-4.403819230541685,-92.8734921178515,-1.9055494,19.803228,17.972857,31.89914,-18.779455,-7.051323,4.7300963,1.4672703,1.9237291,10.039027,-10.687875,5.540925,-7.1094246,6.6249204,9.900925,11.922328,11.496761,-21.907028,64.49519,-15.922978,-0.019425,5.1108675,4.3871193,-11.267592,27.175879,62.026535,-1.6005933,-2.7501109,-15.040906
942,-1.3968349695205688,10.367716789245605,77.60145568847656,-3.350861742201101,-4.5407254121074105,-92.84590431115753,-2.253396,20.033709,17.724731,32.755272,-19.006123,-6.5148263,4.822903,1.6146488,1.8845417,10.053077,-10.663051,5.448846,-7.1989565,6.7422576,10.116195,11.741876,11.466947,-22.036892,64.39636,-16.12196,0.030729266,5.0905604,4.336415,-11.32165,27.515621,62.15866,-1.626328,-2.7086225,-14.988202
943,-1.504709243774414,10.436213493347168,77.59593200683594,-3.3861884872670416,-4.671556940269947,-92.81594291729303,-2.5825884,20.210857,17.42769,33.543736,-19.242422,-6.0548506,4.9347153,1.7480788,1.844214,10.021696,-10.622552,5.369958,-7.302815,6.8600926,10.31966,11.575546,11.421854,-22.163336,64.30015,-16.3013,0.08966839,5.0559063,4.301879,-11.399706,27.877035,62.27738,-1.6314074,-2.6776493,-14.934515
944,-1.6014983654022217,10.502275466918945,77.59125518798828,-3.4153848616410745,-4.7925455118830325,-92.77985366232716,-2.8743272,20.288698,17.027893,34.18279,-19.455801,-5.8390584,5.0618014,1.8645908,1.8014687,9.944576,-10.564951,5.2994475,-7.400065,6.9686103,10.502937,11.409724,11.37846,-22.323027,64.23132,-16.440918,0.11909015,5.0017,4.2824183,-11.473556,28.222748,62.402943,-1.6086866,-2.6543024,-14.891628
945,-1.6929365396499634,10.566187858581543,77.59114074707031,-3.4406166228982076,-4.907153146056365,-92.73243013057012,-3.1206079,20.246725,16.48312,34.652813,-19.655153,-5.9570785,5.215265,1.9644327,1.7522184,9.809472,-10.486723,5.23218,-7.487654,7.056236,10.666491,11.245764,11.356159,-22.53167,64.18889,-16.519924,0.11296789,4.9270062,4.2598796,-11.515097,28.553633,62.569153,-1.5360045,-2.654349,-14.866485
946,-1.7728509902954102,10.628724098205566,77.59374237060547,-3.4591581659770347,-5.015297463072462,-92.67709120442932,-3.3332207,20.11215,15.834975,35.0041,-19.860237,-6.3050084,5.3934274,2.0483282,1.6986207,9.618965,-10.388583,5.172385,-7.5994678,7.144149,10.814709,11.096308,11.316662,-22.756413,64.16512,-16.55691,0.08689807,4.8382683,4.260451,-11.589359,28.929,62.718422,-1.3986542,-2.6695938,-14.851052
947,-1.8502672910690308,10.679389953613281,77.5969009399414,-3.4682563619366524,-5.1104373519038955,-92.62331963716255,-3.5213184,19.911495,15.155183,35.261475,-20.055088,-6.7603025,5.57161,2.1129074,1.6481342,9.404014,-10.281491,5.1287045,-7.6885214,7.211338,10.941658,10.954046,11.2947445,-22.993647,64.147095,-16.581188,0.049830988,4.724373,4.258473,-11.63043,29.249443,62.89437,-1.293158,-2.6781273,-14.839847
948,-1.9126323461532593,10.727340698242188,77.60852813720703,-3.4628043851802546,-5.184328114628791,-92.58064914489363,-3.6961021,19.67313,14.512804,35.447056,-20.219046,-7.200041,5.7267528,2.1561625,1.6083229,9.187446,-10.171393,5.109726,-7.780677,7.2759943,11.0400715,10.833677,11.253016,-23.206942,64.1341,-16.63125,0.00019848668,4.5882206,4.275806,-11.694528,29.550869,63.04862,-1.2383289,-2.6466968,-14.830052
949,-1.969277262687683,10.776326179504395,77.62128448486328,-3.4428308354990342,-5.230915319668923,-92.54467454346772,-3.8714228,19.380678,13.884687,35.55869,-20.348352,-7.625366,5.855821,2.1737034,1.5747807,8.962648,-10.054702,5.1246457,-7.8579373,7.3299356,11.103437,10.722163,11.205193,-23.40254,64.13495,-16.71241,-0.07313482,4.4061375,4.3002157,-11.750384,29.78701,63.20983,-1.2858751,-2.5637808,-14.8168
950,-2.019091844558716,10.819487571716309,77.63430786132812,-3.40904571485593,-5.255950034580397,-92.51274547645015,-4.036877,19.029026,13.247765,35.587555,-20.454836,-8.089275,5.969857,2.1683304,1.5454595,8.721712,-9.929874,5.1664433,-7.9249296,7.3633165,11.135436,10.633177,11.171734,-23.589878,64.133026,-16.810892,-0.16476321,4.1848593,4.318319,-11.777832,29.979233,63.399315,-1.4002458,-2.448197,-14.80636
951,-2.064194679260254,10.86320972442627,77.64854431152344,-3.366161097276163,-5.269216740566695,-92.49660671943104,-4.1656737,18.66297,12.669048,35.539207,-20.533493,-8.547228,6.0677586,2.1474185,1.5316504,8.485458,-9.805397,5.219702,-7.9809093,7.388287,11.148679,10.558731,11.127158,-23.757666,64.13552,-16.91214,-0.24982633,3.9666293,4.3417163,-11.80175,30.136845,63.58797,-1.5391172,-2.3176455,-14.801545
952,-2.101217031478882,10.907149314880371,77.6647720336914,-3.315671364741982,-5.281150690815275,-92.50806671388321,-4.231635,18.326443,12.213939,35.417557,-20.576662,-8.954479,6.1455116,2.1185448,1.5441198,8.280884,-9.692931,5.2688165,-8.019828,7.4029164,11.159652,10.502857,11.073451,-23.88926,64.12628,-16.99835,-0.29926693,3.7880578,4.364109,-11.819654,30.254557,63.768597,-1.672529,-2.1921513,-14.805356
953,-2.131474018096924,10.944506645202637,77.68291473388672,-3.2545961066222118,-5.291656811717449,-92.54961521871351,-4.2284555,18.023779,11.902686,35.212566,-20.58288,-9.297543,6.2011704,2.0776622,1.5866817,8.111325,-9.592365,5.312052,-8.04111,7.406728,11.167874,10.461473,10.998147,-23.972483,64.10933,-17.067793,-0.29881564,3.6633039,4.386621,-11.83231,30.323853,63.942307,-1.8141763,-2.0694094,-14.829986
954,-2.1549456119537354,10.975346565246582,77.70482635498047,-3.1825099215262576,-5.296221100332501,-92.61499688437529,-4.1683974,17.73415,11.6971035,34.91826,-20.549385,-9.600019,6.2348557,2.0229418,1.6525124,7.9691358,-9.50192,5.3569326,-8.046351,7.3906136,11.172051,10.455494,10.934692,-24.015299,64.05427,-17.130133,-0.26135948,3.5655422,4.411081,-11.8334055,30.34828,64.10622,-1.973878,-1.9417765,-14.86842
955,-2.170685052871704,11.00641918182373,77.7255630493164,-3.109332784960408,-5.297890263608358,-92.70306462643356,-4.065006,17.467293,11.57318,34.5658,-20.479147,-9.87391,6.2546034,1.965002,1.7394958,7.8441653,-9.418309,5.4009347,-8.0407505,7.3770905,11.164557,10.445684,10.839999,-24.039473,64.03282,-17.177034,-0.21770562,3.4923184,4.425976,-11.827385,30.349363,64.28189,-2.1127393,-1.8200303,-14.901774
956,-2.1854047775268555,11.036081314086914,77.74432373046875,-3.0428007367142964,-5.299615999233064,-92.81252868383305,-3.9283028,17.231985,11.508264,34.18085,-20.37242,-10.131435,6.2660513,1.9145333,1.8449695,7.732002,-9.341368,5.4414263,-8.026776,7.3657336,11.154694,10.450551,10.748405,-24.062504,64.017365,-17.209164,-0.1859326,3.4257746,4.4337296,-11.819292,30.349438,64.451996,-2.1891248,-1.715353,-14.905734
957,-2.192697763442993,11.059191703796387,77.76045227050781,-2.9798884315266876,-5.302193739950584,-92.94855933465877,-3.7554214,17.030468,11.51135,33.76318,-20.245636,-10.368081,6.270642,1.870115,1.9733367,7.630155,-9.270248,5.476579,-7.999494,7.355361,11.144634,10.471581,10.660552,-24.086107,64.005745,-17.210772,-0.16831556,3.3706734,4.4390974,-11.812381,30.34408,64.609604,-2.1740086,-1.6330274,-14.8619375
958,-2.195460081100464,11.077679634094238,77.77621459960938,-2.9191051996810695,-5.303970704905812,-93.10987907010072,-3.5427997,16.857164,11.589019,33.300224,-20.091875,-10.580306,6.2627854,1.8273382,2.1242473,7.5460906,-9.207326,5.508173,-7.958341,7.3431683,11.133411,10.51058,10.575319,-24.102322,63.991642,-17.188978,-0.15377866,3.3303375,4.4438906,-11.807787,30.323792,64.755486,-2.0953991,-1.5679697,-14.786169
959,-2.190340757369995,11.100454330444336,77.79072570800781,-2.864527522224942,-5.3041143723917425,-93.28613255272043,-3.302163,16.708426,11.714848,32.803955,-19.87876,-10.78148,6.2479343,1.7919474,2.2883844,7.4721327,-9.149667,5.53907,-7.9120164,7.334642,11.118905,10.565145,10.495734,-24.116587,63.977455,-17.175177,-0.14486484,3.2904327,4.4482656,-11.805821,30.304235,64.88398,-1.9950786,-1.5093781,-14.706133
960,-2.1824817657470703,11.118769645690918,77.8013687133789,-2.824941368173731,-5.301957791467907,-93.46657558501471,-3.043919,16.580404,11.862445,32.284046,-19.573383,-10.9848995,6.231012,1.7692955,2.4563513,7.4001927,-9.093217,5.572378,-7.8698606,7.337136,11.097306,10.627374,10.416559,-24.133512,63.975395,-17.198877,-0.1454053,3.2381508,4.449095,-11.806407,30.300333,64.9966,-1.9165788,-1.4479827,-14.650558
961,-2.171999216079712,11.128564834594727,77.80760192871094,-2.8014121040515114,-5.296264912318815,-93.6553207060022,-2.7696786,16.473682,12.023719,31.738768,-19.109144,-11.219181,6.2085314,1.7640978,2.632129,7.333466,-9.03933,5.609193,-7.8273435,7.3451858,11.073054,10.72186,10.372214,-24.159716,63.94756,-17.276407,-0.1594571,3.1585128,4.4470363,-11.808053,30.326544,65.083534,-1.8591117,-1.3792446,-14.629585
962,-2.1534481048583984,11.139008522033691,77.81319427490234,-2.791196540966304,-5.287885050737923,-93.85578557150691,-2.4741678,16.388699,12.211975,31.16429,-18.523111,-11.469066,6.1807284,1.7723522,2.818617,7.272335,-8.98849,5.6478477,-7.78782,7.3711066,11.037365,10.81307,10.307129,-24.18843,63.95676,-17.382841,-0.19114402,3.0707817,4.4349866,-11.812944,30.376926,65.16841,-1.8030173,-1.3084836,-14.630454
963,-2.129526138305664,11.145283699035645,77.81502532958984,-2.789642463236029,-5.279275608629759,-94.05631260459309,-2.1599798,16.322037,12.433463,30.57311,-17.940434,-11.681898,6.153001,1.7852814,3.0047138,7.2149973,-8.9402895,5.6873374,-7.7556896,7.4023795,10.996329,10.905403,10.232686,-24.20908,63.983807,-17.506071,-0.22056665,2.9850993,4.423299,-11.822356,30.421938,65.23526,-1.7637765,-1.2425613,-14.636007
964,-2.101566791534424,11.147629737854004,77.81283569335938,-2.78908256370886,-5.272607210602254,-94.24521875152686,-1.8287476,16.270273,12.696439,29.975891,-17.484926,-11.804705,6.1312313,1.7942141,3.179244,7.158667,-8.89424,5.726473,-7.729092,7.417332,10.958579,11.021445,10.189492,-24.21946,63.978302,-17.641083,-0.22371769,2.9076252,4.423817,-11.829151,30.427357,65.26469,-1.7575386,-1.1888553,-14.629506
965,-2.0744338035583496,11.146697044372559,77.80853271484375,-2.790280276682735,-5.268504336939545,-94.42595487932442,-1.4785204,16.249157,13.03082,29.383394,-17.192026,-11.803872,6.1126,1.8018568,3.3437762,7.1098213,-8.853752,5.767006,-7.7080345,7.435454,10.917609,11.12384,10.119603,-24.199759,64.00311,-17.786451,-0.20136975,2.850494,4.432508,-11.843191,30.39377,65.26525,-1.8089981,-1.1399504,-14.603463
966,-2.040224075317383,11.141374588012695,77.80510711669922,-2.7970193628991753,-5.265912075381063,-94.60254117624615,-1.10983,16.25408,13.424863,28.790442,-16.99633,-11.7144575,6.096101,1.8104821,3.5028949,7.065748,-8.816812,5.8089113,-7.6888256,7.445249,10.878564,11.245716,10.068038,-24.159819,64.00806,-17.95122,-0.15717757,2.7995787,4.4484015,-11.855407,30.333776,65.23163,-1.9027785,-1.0956383,-14.5666685
967,-2.000377655029297,11.136046409606934,77.80593872070312,-2.802326237148152,-5.264325105214027,-94.7646298881001,-0.72629964,16.252817,13.824643,28.178635,-16.867538,-11.586064,6.087602,1.8124245,3.6497817,7.018505,-8.780304,5.8483315,-7.687127,7.446244,10.834172,11.371235,10.021272,-24.12946,64.0193,-18.115255,-0.10383719,2.7575815,4.470895,-11.867218,30.246487,65.18188,-1.9934858,-1.0714133,-14.53328
968,-1.9571179151535034,11.124472618103027,77.80760192871094,-2.8032559922125997,-5.262846185258619,-94.90165364703958,-0.33375114,16.214607,14.174866,27.532436,-16.775526,-11.467812,6.095693,1.7999588,3.777947,6.95494,-8.740441,5.881376,-7.7128873,7.4382052,10.778309,11.485765,9.970994,-24.143398,64.057465,-18.258858,-0.053229265,2.7261467,4.5055876,-11.879349,30.12413,65.12572,-2.0370576,-1.0827876,-14.516431
969,-1.911176323890686,11.1141357421875,77.8096923828125,-2.8060538700289595,-5.261357977230617,-95.01507299704888,0.07467546,16.14158,14.467337,26.838844,-16.747343,-11.366947,6.0872264,1.7839812,3.8882864,6.9442983,-8.728099,5.8980107,-7.7746453,7.4216166,10.710834,11.603552,9.929043,-24.208412,64.10628,-18.3971,-0.001125362,2.7141123,4.5486145,-11.887946,29.968218,65.0667,-2.011253,-1.1477938,-14.522245
970,-1.8652431964874268,11.096349716186523,77.81436157226562,-2.809588887440253,-5.260027713123548,-95.10907150687565,0.49690628,16.047674,14.728102,26.11298,-16.78823,-11.258541,6.087486,1.7631481,3.9840302,6.931259,-8.715768,5.9034843,-7.848909,7.403567,10.630504,11.707492,9.885225,-24.327557,64.183075,-18.53759,0.05422742,2.7208679,4.6097693,-11.894593,29.759935,64.99448,-1.9494934,-1.2537788,-14.542156
971,-1.8131322860717773,11.070556640625,77.82376861572266,-2.801299732085084,-5.259315630032507,-95.17721344058059,0.92605716,15.917904,14.9555025,25.35552,-16.829918,-11.144343,6.096962,1.7190034,4.058573,6.9162264,-8.708254,5.9157367,-7.951344,7.361114,10.544427,11.817749,9.857132,-24.461914,64.25991,-18.641813,0.10786356,2.7200027,4.6750712,-11.894634,29.535795,64.918304,-1.869197,-1.369818,-14.57062
972,-1.7575170993804932,11.039497375488281,77.83719635009766,-2.7667201351739625,-5.25954806995729,-95.21312771392179,1.3549097,15.737223,15.148022,24.567307,-16.8051,-11.026748,6.1169004,1.6332465,4.1054606,6.8991528,-8.710362,5.9528027,-8.067288,7.2858186,10.45214,11.916884,9.840425,-24.612806,64.35233,-18.679789,0.15032354,2.6914217,4.7510796,-11.888117,29.290977,64.83799,-1.7992438,-1.465401,-14.600887
973,-1.6978731155395508,11.01254653930664,77.85911560058594,-2.699083157720002,-5.259448704515135,-95.21148620774218,1.7855849,15.493591,15.301556,23.732933,-16.696424,-10.90292,6.146511,1.496416,4.1196904,6.878631,-8.723731,6.027503,-8.168574,7.1778555,10.346355,11.976147,9.830329,-24.820272,64.491714,-18.626942,0.17203699,2.6219978,4.855819,-11.870482,28.972527,64.74493,-1.7617831,-1.5358247,-14.638049
974,-1.6359484195709229,10.986642837524414,77.88096618652344,-2.607775348267897,-5.259365382494396,-95.1767350358451,2.2219455,15.197187,15.417862,22.853737,-16.538158,-10.773471,6.186216,1.3197229,4.1060057,6.8538046,-8.745028,6.1277237,-8.280437,7.038089,10.230531,12.020877,9.832469,-25.05985,64.65364,-18.50309,0.18076277,2.5240786,4.9723077,-11.837662,28.612068,64.64959,-1.7334065,-1.5965444,-14.684161
975,-1.566998839378357,10.957472801208496,77.90144348144531,-2.497213067536917,-5.262290002146123,-95.11808125468816,2.6553502,14.865348,15.504047,21.966215,-16.345543,-10.646282,6.2297254,1.1137742,4.072904,6.8439317,-8.780721,6.2348146,-8.410133,6.869957,10.109128,12.063949,9.846273,-25.30378,64.81907,-18.35792,0.18964991,2.4227192,5.0886374,-11.795846,28.256014,64.563934,-1.6985344,-1.6473577,-14.726879
976,-1.5002363920211792,10.926772117614746,77.921875,-2.3765070995000115,-5.2709761848689975,-95.04416092285068,3.0802124,14.518703,15.567246,21.09945,-16.129602,-10.528732,6.2807317,0.8917536,4.0282984,6.8479133,-8.8271885,6.3296895,-8.538628,6.686499,9.98216,12.098577,9.868971,-25.558317,64.98686,-18.24938,0.21094449,2.3460064,5.208807,-11.746533,27.915894,64.49341,-1.6515803,-1.6888764,-14.753157
977,-1.4326633214950562,10.888152122497559,77.94891357421875,-2.243273856259298,-5.287479829216324,-94.94820081942144,3.4967725,14.153067,15.598444,20.252693,-15.880461,-10.420229,6.3498826,0.65005964,3.967334,6.854252,-8.880754,6.4065757,-8.662941,6.482934,9.844659,12.117828,9.905301,-25.851301,65.1685,-18.209484,0.24921633,2.3050997,5.3362126,-11.681357,27.575407,64.44554,-1.593437,-1.719717,-14.763698
978,-1.3639724254608154,10.849077224731445,77.97654724121094,-2.0908794392215992,-5.309962765693174,-94.82900278052666,3.9049783,13.760256,15.597108,19.419939,-15.599026,-10.317568,6.4313745,0.38147596,3.8887057,6.867356,-8.944213,6.4764724,-8.80166,6.253547,9.699163,12.130673,9.950744,-26.159018,65.35921,-18.19828,0.29726747,2.2834241,5.465079,-11.608503,27.246565,64.41383,-1.5226885,-1.7394211,-14.764085
979,-1.2933567762374878,10.807106018066406,78.00116729736328,-1.935421445630193,-5.335347780007382,-94.70224646399953,4.3098907,13.358988,15.584162,18.59498,-15.301501,-10.223665,6.520627,0.103763804,3.8035555,6.876801,-9.006612,6.544095,-8.949243,6.020169,9.554824,12.142009,9.991019,-26.436832,65.54269,-18.173542,0.34967247,2.2690341,5.5940075,-11.545985,26.957853,64.3819,-1.4370831,-1.75097,-14.747517
980,-1.2182539701461792,10.767393112182617,78.02616882324219,-1.7850522329009184,-5.360207302158205,-94.58374150170603,4.7145724,12.969307,15.579211,17.775038,-15.003543,-10.140857,6.606204,-0.16520657,3.7228801,6.8865,-9.064791,6.6139016,-9.028368,5.793431,9.408202,12.1326065,10.050513,-26.724613,65.71233,-18.119743,0.4040614,2.2532983,5.7277203,-11.459844,26.647064,64.3646,-1.3677804,-1.7625107,-14.712638
981,-1.1379635334014893,10.728983879089355,78.04940795898438,-1.6400266313680432,-5.381778564586169,-94.469102833896,5.1101656,12.591827,15.579416,16.967953,-14.704872,-10.071563,6.6862955,-0.4272037,3.6407642,6.8954606,-9.11984,6.691478,-9.095626,5.5720778,9.266788,12.125356,10.110659,-26.951588,65.85443,-17.995684,0.46100616,2.229082,5.849612,-11.376889,26.384354,64.35475,-1.284704,-1.7716428,-14.648865
982,-1.0659093856811523,10.688660621643066,78.07329559326172,-1.4977133684297086,-5.402298107474706,-94.35267723599188,5.498664,12.219685,15.576454,16.170187,-14.397252,-10.01286,6.7552137,-0.6875234,3.5541232,6.926252,-9.185514,6.772862,-9.145447,5.354258,9.126891,12.109533,10.170638,-27.149548,65.98494,-17.82908,0.52128744,2.2040389,5.972739,-11.296587,26.146553,64.34618,-1.1927373,-1.7761962,-14.560324
983,-0.99211585521698,10.649829864501953,78.09368896484375,-1.3623765225095419,-5.425707919291408,-94.24799356260057,5.8883758,11.862139,15.579828,15.384892,-14.092946,-9.958916,6.7855678,-0.9340216,3.4786332,7.0385604,-9.287976,6.8480444,-9.168806,5.150534,8.993822,12.090624,10.229582,-27.316282,66.096405,-17.650385,0.58010083,2.182409,6.093155,-11.220407,25.93729,64.34139,-1.1073561,-1.7766995,-14.464332
984,-0.9131110906600952,10.607998847961426,78.1112289428711,-1.243140119022836,-5.45615710516822,-94.16883578188303,6.2912354,11.526888,15.600259,14.60766,-13.802054,-9.904427,6.8131485,-1.1586529,3.4287307,7.158337,-9.382836,6.907525,-9.1585655,4.9711456,8.873573,12.075956,10.286105,-27.445349,66.17988,-17.487415,0.6326177,2.168149,6.206362,-11.150991,25.762844,64.34269,-1.0431061,-1.7737979,-14.3785305
985,-0.8291865587234497,10.567084312438965,78.12596893310547,-1.1409694750002135,-5.495252754081697,-94.12131364425976,6.7076583,11.219561,15.641515,13.848496,-13.531473,-9.851441,6.8359904,-1.355704,3.4136088,7.2911863,-9.466649,6.9401274,-9.109898,4.8235917,8.768361,12.065593,10.337,-27.533304,66.23294,-17.336226,0.6804911,2.1627407,6.3177104,-11.091852,25.620275,64.339714,-1.0229282,-1.759081,-14.303403
986,-0.746458113193512,10.525431632995605,78.13945007324219,-1.0537945411984904,-5.540427828347231,-94.09723515948768,7.1336985,10.93403,15.698276,13.101989,-13.273211,-9.801537,6.855581,-1.5321103,3.422395,7.4337316,-9.542646,6.954588,-9.028645,4.7021284,8.67493,12.053824,10.379206,-27.582706,66.26506,-17.18494,0.7246564,2.1645286,6.4294147,-11.047024,25.509363,64.329926,-1.0317892,-1.7327168,-14.230557
987,-0.6634854078292847,10.48402214050293,78.14844512939453,-0.9753312619228396,-5.5894317738647015,-94.0892943044448,7.5603004,10.663889,15.764597,12.374425,-13.02591,-9.748864,6.877795,-1.6960887,3.4450803,7.5719543,-9.614362,6.9658775,-8.928511,4.602546,8.592528,12.038745,10.404722,-27.593685,66.28502,-17.04935,0.75903076,2.1729774,6.53739,-11.022086,25.445557,64.32412,-1.0240602,-1.7143131,-14.162647
988,-0.5772708654403687,10.442811012268066,78.15787506103516,-0.9007540363503742,-5.640071335528793,-94.08951178882117,7.981226,10.402488,15.834768,11.666231,-12.785178,-9.688169,6.9079943,-1.8553828,3.4709294,7.693674,-9.686817,6.9893155,-8.801062,4.508198,8.519245,12.022631,10.437313,-27.58944,66.28507,-16.95416,0.7813723,2.1852958,6.6302648,-10.993805,25.414211,64.35127,-0.96796966,-1.7248256,-14.1045885
989,-0.49023473262786865,10.408000946044922,78.16006469726562,-0.8324014618931231,-5.692412991133786,-94.10060039025618,8.395567,10.152205,15.910378,10.981114,-12.554873,-9.618097,6.946813,-2.0080662,3.501063,7.797165,-9.763091,7.0286474,-8.655244,4.421527,8.456769,12.013042,10.4707365,-27.544592,66.25598,-16.901505,0.7916944,2.2021418,6.7033205,-10.9687395,25.447134,64.4147,-0.8377027,-1.7714279,-14.07063
990,-0.4030686020851135,10.361862182617188,78.16552734375,-0.7729392357357687,-5.747357756033171,-94.12500665577656,8.807222,9.914585,15.993871,10.316043,-12.334788,-9.542295,6.9931293,-2.1513116,3.539607,7.886849,-9.839386,7.075481,-8.488521,4.3474917,8.405061,12.006393,10.500172,-27.46077,66.203354,-16.881014,0.7913088,2.2245102,6.760609,-10.951259,25.535177,64.50529,-0.6584474,-1.8428208,-14.054188
991,-0.320329874753952,10.318046569824219,78.16950225830078,-0.7162703772856558,-5.804025180337318,-94.154956957674,9.210736,9.683838,16.079973,9.674638,-12.121366,-9.463157,7.0423107,-2.290526,3.5805829,7.9713373,-9.91521,7.1272125,-8.320216,4.2793283,8.362768,12.006187,10.5290165,-27.350857,66.13592,-16.884092,0.77819705,2.2498045,6.7994795,-10.938054,25.665382,64.62026,-0.45052752,-1.92818,-14.028453
992,-0.2317563146352768,10.283751487731934,78.16937255859375,-0.6595288909305663,-5.861333750213254,-94.18248593135341,9.60061,9.4543295,16.162983,9.059753,-11.911003,-9.382643,7.094256,-2.4317455,3.6178153,8.05107,-9.986207,7.1814046,-8.156995,4.2152033,8.326201,12.002737,10.553946,-27.244286,66.07626,-16.906265,0.74888927,2.2777193,6.8213215,-10.928846,25.80779,64.76039,-0.23839793,-2.020441,-13.9660015
993,-0.13794641196727753,10.242698669433594,78.17367553710938,-0.5978585285067136,-5.919366492123957,-94.2105154466517,9.97616,9.2224,16.24645,8.473431,-11.701453,-9.297713,7.14522,-2.5788898,3.6523738,8.131431,-10.056062,7.240035,-8.000069,4.150141,8.296208,12.0020075,10.578318,-27.129469,66.01728,-16.957806,0.69516426,2.3062642,6.8196774,-10.921331,25.971296,64.934166,-0.003157299,-2.1315439,-13.852651
994,-0.05258116126060486,10.20067310333252,78.17222595214844,-0.5369584791177703,-5.978522801849671,-94.24158799141526,10.346379,8.989317,16.3329,7.8999476,-11.490694,-9.20797,7.1975274,-2.7279756,3.6865926,8.209145,-10.125195,7.303531,-7.834546,4.0896754,8.272239,11.996545,10.5992775,-27.011982,65.96102,-17.041136,0.6204703,2.3376696,6.8010864,-10.916489,26.151018,65.13784,0.25548372,-2.2610767,-13.7044735
995,0.036258067935705185,10.162225723266602,78.17359924316406,-0.4797698061385088,-6.038320453578946,-94.26710057486322,10.705332,8.764078,16.412632,7.347984,-11.282782,-9.1226635,7.2544894,-2.8721187,3.7159574,8.27993,-10.187281,7.3669586,-7.676265,4.036053,8.253025,11.986794,10.617769,-26.903677,65.91435,-17.128555,0.541711,2.3732142,6.7703404,-10.912556,26.340843,65.35729,0.49678147,-2.3786824,-13.543282
996,0.12021741271018982,10.131898880004883,78.17138671875,-0.4380137098728058,-6.097524325664025,-94.27649079529549,10.980704,8.5806,16.464746,6.966515,-11.160029,-9.051698,7.3176327,-2.9994056,3.733789,8.342392,-10.238022,7.4250784,-7.5507584,3.9932115,8.237371,11.983162,10.638957,-26.80664,65.87424,-17.190222,0.47651452,2.4135876,6.723371,-10.906096,26.545858,65.58637,0.6833296,-2.4547205,-13.392168
997,0.2063421756029129,10.089977264404297,78.16947174072266,-0.41406800327687215,-6.156748461814506,-94.26234841543516,11.075912,8.471287,16.469893,6.9644146,-11.230247,-9.001984,7.390957,-3.1086419,3.7351673,8.391879,-10.272281,7.4789643,-7.4393,3.9684362,8.223325,11.959867,10.658848,-26.760696,65.866066,-17.220707,0.42861655,2.470024,6.6737466,-10.896993,26.733557,65.82139,0.7708964,-2.4727533,-13.253963
998,0.2875668704509735,10.051102638244629,78.1631851196289,-0.39720099991312796,-6.2187809876823446,-94.23470277171992,11.169431,8.3712225,16.464193,6.9637065,-11.294543,-8.964765,7.472218,-3.2106888,3.7277937,8.436033,-10.296477,7.5311055,-7.3266315,3.9544215,8.213867,11.912778,10.673921,-26.758585,65.889725,-17.235342,0.3884814,2.5385458,6.6239576,-10.88785,26.901777,66.06283,0.7866213,-2.4530659,-13.116728
999,0.3709578514099121,10.018987655639648,78.15784454345703,-0.38679604555571195,-6.27896801699207,-94.20106083524142,11.259351,8.280654,16.45187,6.9626455,-11.356693,-8.930588,7.5531216,-3.3031816,3.7149801,8.480059,-10.318266,7.5778418,-7.240157,3.9427264,8.203697,11.881628,10.69327,-26.755846,65.9085,-17.247766,0.35383943,2.6013527,6.554989,-10.872702,27.090534,66.316185,0.7998705,-2.4182725,-12.984281
1000,0.45885196328163147,9.984694480895996,78.1558837890625,-0.3810490968700288,-6.333184110166076,-94.1703606157863,11.342794,8.19835,16.43826,6.96292,-11.422563,-8.890486,7.6281104,-3.386202,3.7017176,8.521468,-10.339944,7.615686,-7.1506968,3.934676,8.188191,11.846124,10.71244,-26.76063,65.93868,-17.276684,0.3191157,2.6397934,6.492647,-10.854757,27.259512,66.546974,0.8499371,-2.3913205,-12.852829
1001,0.53795325756073,9.949572563171387,78.14990234375,-0.3821976115727274,-6.380384592092137,-94.14436302398295,11.419911,8.126882,16.423672,6.964414,-11.495753,-8.842783,7.696284,-3.4556699,3.6886759,8.560844,-10.362927,7.6407785,-7.072911,3.9316385,8.1658535,11.825232,10.735338,-26.768301,65.96467,-17.336664,0.28081363,2.6458688,6.4178057,-10.830419,27.430067,66.7737,0.955771,-2.368578,-12.719082
1002,0.6078523993492126,9.905186653137207,78.14231872558594,-0.3892451221342723,-6.423023607417857,-94.11939056794526,11.491603,8.065602,16.406054,6.966993,-11.572562,-8.792286,7.7596016,-3.514017,3.6743798,8.59968,-10.385529,7.655986,-6.9924603,3.935169,8.1406355,11.794124,10.757055,-26.794003,66.0093,-17.414183,0.2407839,2.6290777,6.348312,-10.805524,27.582096,66.98076,1.0814143,-2.339455,-12.582837
1003,0.6768506765365601,9.869129180908203,78.13680267333984,-0.39616267540234107,-6.46098387171205,-94.09338611565822,11.557735,8.005671,16.385925,6.9694557,-11.646757,-8.739085,7.8176584,-3.5704567,3.6578841,8.639372,-10.409077,7.667811,-6.93619,3.9249735,8.10835,11.798281,10.796388,-26.797686,66.024826,-17.488714,0.21108246,2.6026516,6.251229,-10.754721,27.752756,67.21065,1.2376982,-2.3246934,-12.460783
1004,0.7453814148902893,9.83160400390625,78.13125610351562,-0.39608779692759755,-6.494262119096301,-94.06605620877751,11.617754,7.938832,16.364979,6.9719925,-11.713004,-8.683534,7.870804,-3.6342018,3.6395233,8.679024,-10.433028,7.682769,-6.873085,3.9071503,8.071268,11.800989,10.831805,-26.78977,66.04087,-17.536627,0.19685125,2.5806975,6.1678314,-10.7032795,27.891682,67.41672,1.4029199,-2.3393931,-12.3551035
1005,0.8128081560134888,9.789443016052246,78.1240005493164,-0.3898031894578038,-6.520848302372899,-94.0373802289994,11.669941,7.8629527,16.34405,6.9737253,-11.769985,-8.626198,7.9146094,-3.7068753,3.6192894,8.722432,-10.458087,7.701284,-6.811055,3.8837101,8.026613,11.812247,10.855832,-26.752577,66.04909,-17.539864,0.2071133,2.5653605,6.099511,-10.661314,28.01106,67.59515,1.6025897,-2.3974807,-12.271774
1006,0.8807215094566345,9.748068809509277,78.11754608154297,-0.3788643108196754,-6.541519443573745,-94.00800240821724,11.715307,7.782638,16.322382,6.9740233,-11.820075,-8.567067,7.952351,-3.783504,3.5970144,8.765287,-10.48249,7.7202854,-6.7628694,3.8522491,7.9752717,11.840415,10.876182,-26.68287,66.045395,-17.511896,0.23576865,2.5492737,6.027688,-10.615078,28.128706,67.76622,1.8356869,-2.4872723,-12.206768
1007,0.9484575390815735,9.710672378540039,78.11459350585938,-0.36376559148751725,-6.559831501853545,-93.97646317526049,11.75692,7.69985,16.298098,6.9757347,-11.86492,-8.505355,7.9880023,-3.8628056,3.5724382,8.80929,-10.510138,7.7411532,-6.7258096,3.8137336,7.9210854,11.87369,10.893847,-26.601522,66.0428,-17.48049,0.2664022,2.5350199,5.9537535,-10.562805,28.241558,67.92841,2.0635555,-2.5856574,-12.151309
1008,1.0052640438079834,9.680841445922852,78.10936737060547,-0.3478957502075604,-6.579733271905783,-93.9414526505542,11.79827,7.616432,16.269648,6.9770975,-11.902487,-8.440365,8.028926,-3.9437313,3.5450768,8.848332,-10.539943,7.765291,-6.6949,3.770993,7.8688273,11.8986845,10.910033,-26.533815,66.05381,-17.474848,0.282659,2.5249138,5.8848367,-10.507656,28.34426,68.07233,2.2479646,-2.6692226,-12.0958395
1009,1.0601105690002441,9.64950942993164,78.10369873046875,-0.3253222159393517,-6.601831267863921,-93.90188899231944,11.838941,7.5295086,16.23672,6.978869,-11.929271,-8.368417,8.074511,-4.0294147,3.5138083,8.886592,-10.576796,7.794055,-6.6672163,3.7240508,7.819617,11.911477,10.9244995,-26.488499,66.08075,-17.511013,0.2773155,2.5259898,5.829958,-10.459268,28.44031,68.18107,2.374656,-2.7304223,-12.034216
1010,1.1103439331054688,9.610097885131836,78.09850311279297,-0.3003043296692383,-6.624434953704673,-93.85844734371415,11.878643,7.439112,16.200089,6.979528,-11.946175,-8.291111,8.123104,-4.1192355,3.4790232,8.922296,-10.617717,7.826294,-6.651466,3.6670115,7.770342,11.9260845,10.942397,-26.444494,66.11151,-17.569647,0.26068875,2.5343556,5.7713475,-10.4035425,28.538422,68.279076,2.4667242,-2.7832303,-11.974866
1011,1.1639643907546997,9.57365894317627,78.09428405761719,-0.274989723484574,-6.647077918610348,-93.81350855125027,11.917648,7.3520436,16.159935,6.9809203,-11.9622135,-8.215381,8.174209,-4.2064605,3.4431233,8.954156,-10.658346,7.8599935,-6.636794,3.6113389,7.724263,11.935429,10.960061,-26.411451,66.14745,-17.632616,0.24157035,2.536571,5.7271214,-10.351459,28.610893,68.350426,2.5376492,-2.8322523,-11.921041
1012,1.212597131729126,9.533851623535156,78.09265899658203,-0.25482541279438153,-6.669380872134654,-93.76899133033386,11.957371,7.275302,16.116468,6.9822373,-11.984799,-8.1483965,8.228546,-4.283685,3.4081733,8.978728,-10.693037,7.8929157,-6.624798,3.5609148,7.6823173,11.944765,10.979843,-26.382566,66.18265,-17.67772,0.22965384,2.5185728,5.691179,-10.2924185,28.645304,68.41165,2.6028092,-2.883903,-11.88023
1013,1.2580299377441406,9.497125625610352,78.08938598632812,-0.24366809334686043,-6.693048561613626,-93.72264380967881,11.99908,7.2130237,16.064363,6.9844613,-12.01697,-8.090119,8.286912,-4.3473463,3.3739464,8.9988985,-10.721264,7.924846,-6.6158648,3.5262563,7.650823,11.947946,10.992801,-26.36457,66.22168,-17.691383,0.22632656,2.469711,5.6905303,-10.250763,28.616175,68.422516,2.666829,-2.941604,-11.851193
1014,1.3007097244262695,9.459166526794434,78.08523559570312,-0.2390907007018698,-6.717950833545547,-93.67415254118376,12.0421915,7.160974,16.00494,6.987147,-12.054245,-8.037492,8.351098,-4.4013925,3.3391068,9.011655,-10.744005,7.956627,-6.60495,3.487396,7.620497,11.948556,11.017099,-26.35995,66.2658,-17.6892,0.22840893,2.4001381,5.6816683,-10.171012,28.528238,68.45141,2.7116416,-3.0061228,-11.839119
1015,1.3359686136245728,9.42082405090332,78.07781219482422,-0.23447744793610048,-6.740282469302849,-93.62898137238817,12.083749,7.1126776,15.949616,6.9889855,-12.093265,-7.992708,8.412985,-4.4518614,3.3060281,9.02132,-10.766002,7.988318,-6.5874186,3.4473898,7.5873723,11.946591,11.045227,-26.363707,66.3119,-17.692415,0.23328425,2.3274307,5.6695404,-10.078441,28.430632,68.488945,2.744673,-3.0660503,-11.837035
1016,1.3768171072006226,9.386834144592285,78.06787872314453,-0.22690904011123086,-6.755962014934574,-93.59240958669511,12.120558,7.0624166,15.90932,6.9900637,-12.131605,-7.9580374,8.466011,-4.5038686,3.2767603,9.029696,-10.7908535,8.019786,-6.5628204,3.4094558,7.5488467,11.942365,11.068424,-26.362751,66.3564,-17.718426,0.23845996,2.2687135,5.6549807,-10.001004,28.373997,68.52805,2.7724423,-3.1097484,-11.837394
1017,1.4177619218826294,9.349994659423828,78.05984497070312,-0.21457416265529092,-6.76386621677837,-93.56632048030343,12.151551,7.00761,15.888441,6.989534,-12.169273,-7.9376893,8.509363,-4.559665,3.2502093,9.034478,-10.819321,8.052101,-6.5273876,3.365484,7.499203,11.93772,11.093323,-26.35555,66.40036,-17.787867,0.24696837,2.2280314,5.6190224,-9.91466,28.363667,68.60068,2.7838798,-3.1335547,-11.849221
1018,1.4545131921768188,9.313257217407227,78.05408477783203,-0.20140277880975044,-6.7660436750338535,-93.54780896629028,12.178031,6.952274,15.880628,6.988621,-12.208054,-7.929242,8.546101,-4.6159453,3.225926,9.034738,-10.848859,8.085003,-6.4865904,3.3301697,7.4483185,11.927459,11.10717,-26.344206,66.44529,-17.8831,0.25780413,2.1956606,5.599088,-9.86164,28.381018,68.64534,2.7861469,-3.1395493,-11.865306
1019,1.4873204231262207,9.280827522277832,78.04805755615234,-0.1853462190136395,-6.7639027387473805,-93.53482123825438,12.201786,6.8983183,15.881041,6.9869614,-12.245665,-7.9247837,8.577786,-4.6704645,3.2064033,9.033347,-10.878463,8.116372,-6.4408073,3.2977087,7.394838,11.914257,11.117738,-26.335293,66.48979,-17.9738,0.26589692,2.1705973,5.5777307,-9.815386,28.421574,68.692154,2.7918828,-3.13878,-11.878462
1020,1.516578197479248,9.247457504272461,78.04320526123047,-0.17159832265976402,-6.758954470264244,-93.52516640089591,12.223083,6.8489323,15.884212,6.98642,-12.280389,-7.916778,8.603591,-4.720573,3.1942153,9.035038,-10.907227,8.144051,-6.396501,3.2626278,7.337754,11.904082,11.130167,-26.327265,66.531,-18.026833,0.2661527,2.1517994,5.5362797,-9.757048,28.490395,68.76927,2.817675,-3.1418223,-11.881728
1021,1.5440949201583862,9.214488983154297,78.03753662109375,-0.1589210097499633,-6.749700860749083,-93.52125908454289,12.243136,6.8036876,15.894066,6.9846883,-12.312157,-7.904726,8.62142,-4.7662396,3.1935415,9.040965,-10.936041,8.167427,-6.342746,3.2316108,7.2784004,11.890956,11.140096,-26.329945,66.572235,-18.023705,0.25030026,2.1424322,5.4949327,-9.708127,28.589529,68.84667,2.8798666,-3.1479928,-11.865724
1022,1.5749695301055908,9.182841300964355,78.03218078613281,-0.14543429674597666,-6.735933054529351,-93.52309171645678,12.259189,6.7623687,15.911089,6.9850526,-12.342946,-7.8923163,8.632237,-4.808297,3.201686,9.047688,-10.964109,8.187667,-6.285938,3.2003267,7.214667,11.878915,11.149726,-26.334675,66.61248,-17.98517,0.2234927,2.1421328,5.442164,-9.659309,28.724085,68.94032,2.9670267,-3.1539671,-11.839611
1023,1.6020841598510742,9.144207954406738,78.03053283691406,-0.13253774529955473,-6.721387246809685,-93.52570440787954,12.275095,6.7242208,15.927353,6.983848,-12.369594,-7.877657,8.641695,-4.8467393,3.2115917,9.05392,-10.9902525,8.205339,-6.235623,3.1696057,7.152239,11.870275,11.160359,-26.337498,66.642845,-17.937555,0.20015343,2.1427002,5.3792334,-9.60391,28.871386,69.04905,3.0505495,-3.1598172,-11.80906
1024,1.6240652799606323,9.111785888671875,78.02603912353516,-0.12371891957906753,-6.709863504854681,-93.52414680730189,12.289951,6.690299,15.933992,6.9841676,-12.391422,-7.8590865,8.653173,-4.8812037,3.216387,9.062298,-11.014769,8.221177,-6.186221,3.1479864,7.099154,11.854201,11.168978,-26.352966,66.66185,-17.911457,0.1941418,2.1358676,5.331293,-9.560906,28.989868,69.13923,3.0987835,-3.1638997,-11.775635
1025,1.6467984914779663,9.083879470825195,78.02178955078125,-0.11782022042798444,-6.700392141590649,-93.51845390076147,12.303525,6.661236,15.927921,6.984334,-12.40782,-7.8333473,8.6673975,-4.9108133,3.2156847,9.067215,-11.033188,8.2363825,-6.1404676,3.137778,7.056176,11.830002,11.175365,-26.378605,66.6656,-17.917477,0.2172473,2.1187744,5.304301,-9.531528,29.065695,69.20126,3.0954332,-3.165248,-11.738979
1026,1.6703505516052246,9.051032066345215,78.02141571044922,-0.11559145694622783,-6.691647636759313,-93.51071693895882,12.314468,6.6371317,15.91361,6.9852777,-12.419299,-7.8024654,8.682306,-4.9355707,3.2124884,9.070704,-11.047662,8.250114,-6.104276,3.134317,7.016578,11.810406,11.18276,-26.408607,66.650795,-17.9412,0.2597681,2.0966132,5.271853,-9.49894,29.127869,69.2736,3.063222,-3.1676128,-11.699201
1027,1.6884777545928955,9.020340919494629,78.01819610595703,-0.11274198141051871,-6.686748687355723,-93.49944700329799,12.327746,6.615026,15.895446,6.9867687,-12.426822,-7.7717576,8.6989355,-4.958334,3.2055962,9.080152,-11.064527,8.260487,-6.0686636,3.1307688,6.984572,11.785576,11.191065,-26.445808,66.6315,-17.965723,0.30227742,2.0715673,5.2405543,-9.466803,29.187992,69.347305,3.0191236,-3.1689308,-11.659348
1028,1.7015706300735474,8.99026107788086,78.01747131347656,-0.10952342449103486,-6.689265658664209,-93.4828319857118,12.348426,6.5922427,15.877396,6.987008,-12.430301,-7.7467165,8.726267,-4.981389,3.1926765,9.087976,-11.082741,8.265455,-6.0344725,3.1222174,6.9627085,11.756964,11.200171,-26.48756,66.613174,-17.975372,0.3257301,2.0461156,5.2042856,-9.438228,29.269613,69.429955,2.9853451,-3.169674,-11.621746
1029,1.7168173789978027,8.961165428161621,78.02008056640625,-0.10336078611850003,-6.702184105549544,-93.45892982869866,12.378781,6.5686665,15.85961,6.986815,-12.428709,-7.729631,8.762848,-5.005205,3.1720777,9.104181,-11.108002,8.262974,-6.0015163,3.107374,6.956428,11.721359,11.208688,-26.533312,66.5971,-17.961763,0.32213452,2.019568,5.164443,-9.417698,29.378685,69.51871,2.964791,-3.1690974,-11.586381
1030,1.728521466255188,8.933059692382812,78.0190200805664,-0.09609252434913176,-6.7225751094325235,-93.429113408474,12.414995,6.545612,15.840158,6.987702,-12.422853,-7.717386,8.806065,-5.028521,3.145138,9.127085,-11.138291,8.254593,-5.985349,3.0831382,6.957788,11.696875,11.223075,-26.574879,66.569466,-17.93868,0.3028568,1.9924192,5.10733,-9.390351,29.533068,69.633804,2.960094,-3.1683593,-11.557226
1031,1.7335238456726074,8.908071517944336,78.0147933959961,-0.08733438685896971,-6.7462401120527025,-93.39692164131516,12.454497,6.5226164,15.82002,6.987345,-12.41427,-7.707032,8.85413,-5.051539,3.1154792,9.148829,-11.168557,8.243835,-5.970831,3.0572073,6.9661384,11.6710205,11.2391,-26.614641,66.538216,-17.90798,0.2776976,1.9633826,5.0490932,-9.365817,29.691954,69.74883,2.9544644,-3.167165,-11.527294
